event_index	pair_index	fold	layer	pixel	half_bar	ecal_time_ns	cdet_time_master_ns	cdet_time_candidate_ns	tot_ns
0	0	0	1	440	27	19.7270819669	28.1107301165	31.7197439621	14.756
0	0	0	2	1784	111	19.7270819669	27.4404455698	31.0494594154	7.527
0	1	0	1	439	27	19.7270819669	26.8920392011	30.5010530468	9.779
0	1	0	2	1785	111	19.7270819669	28.8872734063	32.4962872519	8.677
1	0	0	1	433	27	21.39563204	31.8262348325	35.7405051943	10.693
1	0	0	2	1780	111	21.39563204	31.1442068191	35.0584771809	17.842
2	0	0	1	487	30	20.2595528926	29.7193479711	33.4257758664	15.622
2	0	0	2	1832	114	20.2595528926	29.7905064357	33.496934331	10.472
3	0	0	1	580	36	19.7982929481	31.7040238217	35.326065515	11.118
3	0	0	2	1929	120	19.7982929481	33.2207415792	36.8427832725	5.464
4	0	0	1	902	56	27.2074124424	28.1886905806	33.1662097278	8.661
4	0	0	2	2244	140	27.2074124424	28.6723751575	33.6498943047	5.968
5	0	0	1	1244	77	21.5784517354	30.2565570472	34.2042737552	7.086
5	0	0	2	2594	162	21.5784517354	25.6747908624	29.6225075704	19.166
6	0	0	1	476	29	20.0188483117	33.3741748396	37.0365665128	7.181
6	0	0	2	1824	114	20.0188483117	28.5443421223	32.2067337955	6.221
7	0	0	1	478	29	21.3312401471	30.6784232683	34.5809133154	9.071
7	0	0	2	1826	114	21.3312401471	29.3786574449	33.2811474921	10.882
8	0	0	1	431	26	16.0095380137	30.0520178915	32.9809175864	10.095
8	0	0	2	1777	111	16.0095380137	30.955398247	33.8842979419	5.15
9	0	0	1	456	28	25.2688125726	28.983479912	33.6063376965	7.024
9	0	0	2	1802	112	25.2688125726	28.8249091582	33.4477669427	8.41
10	0	0	1	1229	76	21.2587750835	29.110449426	32.9996821948	11.905
10	0	0	2	2580	161	21.2587750835	27.1306957715	31.0199285402	4.063
11	0	0	1	440	27	25.0517575103	27.8584677989	32.4416159737	10.409
11	0	0	2	1784	111	25.0517575103	27.5986782418	32.1818264167	5.685
12	0	0	1	1211	75	20.1068951444	26.0388879391	29.7173875312	4.504
12	0	0	2	2561	160	20.1068951444	28.1898632322	31.8683628244	11.134
13	0	0	1	1211	75	19.761695608	32.0293075338	35.6446538472	9.134
13	0	0	2	2561	160	19.761695608	33.1999479876	36.815294301	12.283
14	0	0	1	440	27	19.0488840442	33.9409821519	37.4259216059	8.378
14	0	0	2	1787	111	19.0488840442	33.9259275952	37.4108670493	5.937
15	0	0	1	431	26	19.6695811152	34.8726869494	38.4711811769	9.055
15	0	0	2	1777	111	19.6695811152	35.350179295	38.9486735224	5.969
16	0	0	1	431	26	16.9880152085	29.762490882	32.8704002119	15.78
16	0	0	2	1779	111	16.9880152085	30.7743526724	33.8822620023	13.433
17	0	0	1	432	27	18.2814711074	29.0044056873	32.3489491153	9.465
17	0	0	2	1779	111	18.2814711074	31.134226904	34.478770332	12.189
18	0	0	1	429	26	21.5358492629	37.2945864708	41.234509177	8.378
18	0	0	2	1774	110	21.5358492629	33.5958109298	37.5357336359	11.023
19	0	0	1	1022	63	27.4544079091	26.726640503	31.7493467721	13.418
19	0	0	2	2368	148	27.4544079091	21.2616453432	26.2843516124	20.158
20	0	0	1	431	26	18.8970180409	30.3686453209	33.8258013192	9.197
20	0	0	2	1775	110	18.8970180409	31.6276087634	35.0847647617	12.645
21	0	0	1	1095	68	21.0056211796	32.4667656419	36.3096846201	5.181
21	0	0	2	2442	152	21.0056211796	34.4602091497	38.3031281278	6.85
23	0	0	1	431	26	15.5834474807	29.4537230367	32.3046706738	8.567
23	0	0	2	1779	111	15.5834474807	34.3335913884	37.1845390255	8.599
24	0	0	1	471	29	18.5285681212	27.5202024444	30.9099515721	5.748
24	0	0	2	1817	113	18.5285681212	30.6088706271	33.9986197548	8.567
25	0	0	1	308	19	25.5480777069	26.408104591	31.082053142	8.724
25	0	0	2	1651	103	25.5480777069	27.3600575165	32.0340060674	4.63
26	0	0	1	816	51	20.4308876407	29.4515004248	33.1892735277	16.063
26	0	0	2	2158	134	20.4308876407	31.1012560018	34.8390291047	10.157
27	0	0	1	431	26	17.8378851312	29.0856884165	32.3490790449	11.244
27	0	0	2	1779	111	17.8378851312	32.3234867977	35.5868774261	5.874
28	0	0	1	469	29	27.5230358431	29.3814308305	34.416692386	10
28	0	0	2	1816	113	27.5230358431	23.9609826332	28.9962441888	6.409
29	0	0	1	438	27	15.0201397484	30.2853885564	33.0332806373	4.819
29	0	0	2	1783	111	15.0201397484	32.3617685623	35.1096606432	8.284
30	0	0	1	433	27	18.0088591167	31.7660726342	35.0607424696	16.346
30	0	0	2	1779	111	18.0088591167	30.1047925805	33.3994624158	8.661
31	0	0	1	211	13	26.8572185929	25.3821552348	30.2956074078	7.716
31	0	0	2	1554	97	26.8572185929	26.2198779083	31.1333300813	8.095
32	0	0	1	530	33	20.0328581748	27.0913318371	30.756286575	14.393
32	0	0	2	1879	117	20.0328581748	27.874008111	31.538962849	11.102
33	0	0	1	1217	76	20.9903431677	30.9674732003	34.8075971094	7.134
33	0	0	2	2567	160	20.9903431677	32.1769970303	36.0171209394	8.819
34	0	0	1	430	26	22.922432904	31.1386824	35.3322766612	12.331
34	0	0	2	1776	111	22.922432904	29.2852907185	33.4788849797	4.157
35	0	0	1	437	27	18.7553477066	30.676118323	34.1073561343	11.26
35	0	0	2	1782	111	18.7553477066	30.4002547675	33.8314925789	14.095
36	0	0	1	440	27	19.6336865778	29.8811141068	33.4730415301	7.307
36	0	0	2	1785	111	19.6336865778	31.220529217	34.8124566404	4.252
37	0	0	1	440	27	15.9019834408	28.2804861208	31.1897090108	5.102
37	0	0	2	1784	111	15.9019834408	30.0198132943	32.9290361843	8.095
38	0	0	1	445	27	21.0061488187	29.3033938975	33.1464094057	5.496
38	0	0	2	1791	111	21.0061488187	29.2876594138	33.130674922	10.032
39	0	0	1	488	30	22.5829924006	27.2473365976	31.3788311788	11.843
39	0	0	2	1832	114	22.5829924006	29.6510921551	33.7825867364	11.087
40	0	0	1	430	26	17.6847278225	30.2286457422	33.4640166741	13.906
40	0	0	2	1776	111	17.6847278225	32.7607146821	35.9960856141	7.212
41	0	0	1	433	27	21.3090951139	28.3939054034	32.2923440794	9.779
41	0	0	2	1780	111	21.3090951139	28.2073191539	32.1057578299	8.472
42	0	0	1	528	33	19.3466012823	26.7073134108	30.2467193914	12.536
42	0	0	2	1876	117	19.3466012823	29.4314529018	32.9708588824	11.795
43	0	0	1	444	27	16.711532681	30.4433941687	33.5007218023	5.559
43	0	0	2	1791	111	16.711532681	30.9753787991	34.0327064327	9.323
44	0	0	1	588	36	20.2802035464	0.91720924611	4.62741512016	12
44	0	0	2	1948	121	20.2802035464	-1.04512358691	2.66508228713	17.307
45	0	0	1	430	26	17.4092844389	31.4658221936	34.6508015377	11.685
45	0	0	2	1776	111	17.4092844389	29.7344031972	32.9193825412	7.685
46	0	0	1	439	27	23.0670341592	29.1775932621	33.3976419139	8
46	0	0	2	1784	111	23.0670341592	29.0101790159	33.2302276678	6.315
47	0	0	1	485	30	24.512773128	28.9412317009	33.4257742076	10.787
47	0	0	2	1830	114	24.512773128	31.1283232501	35.6128657569	9.748
48	0	0	1	442	27	17.0666952942	30.5942470444	33.7165506735	6
48	0	0	2	1788	111	17.0666952942	29.2607152516	32.3830188806	18.126
49	0	0	1	433	27	18.9466524391	31.6419778172	35.1082142882	4.756
49	0	0	2	1781	111	18.9466524391	31.0464472028	34.5126836739	14
50	0	0	1	438	27	17.5066794113	28.4134764022	31.6162738809	10.315
50	0	0	2	1784	111	17.5066794113	30.1606967659	33.3634942446	7.591
51	0	0	1	485	30	27.8265002857	27.9026977985	32.9934773155	12.536
51	0	0	2	1830	114	27.8265002857	27.1930888731	32.2838683901	7.906
52	0	0	1	920	57	26.3646392857	25.6854173195	30.5087535015	20.504
52	0	0	2	2263	141	26.3646392857	28.6350751315	33.4584113136	14.063
53	0	0	1	439	27	24.7840375238	29.902862138	34.4370316986	7.969
53	0	0	2	1784	111	24.7840375238	28.2412608461	32.7754304068	12.094
54	0	0	1	1223	76	20.3360438318	30.5795621019	34.2999837982	7.449
54	0	0	2	2572	160	20.3360438318	31.5794011755	35.2998228718	8
55	0	0	1	443	27	18.8739487222	29.2229067635	32.6758422952	13.717
55	0	0	2	1788	111	18.8739487222	28.9377140482	32.3906495799	7.748
56	0	0	1	430	26	15.8123414662	28.0763434456	30.9691665899	5.181
56	0	0	2	1776	111	15.8123414662	28.416130507	31.3089536513	12
57	0	0	1	1103	68	23.5737822478	31.6211568028	35.933913584	13.591
57	0	0	2	2452	153	23.5737822478	32.626241096	36.9389978772	9.968
58	0	0	1	529	33	20.3506722593	29.7368600775	33.4599580033	9.102
58	0	0	2	1879	117	20.3506722593	30.4705744264	34.1936723522	8.126
59	0	0	1	538	33	19.0300094213	31.6208090822	35.1022954773	5.165
59	0	0	2	1888	118	19.0300094213	30.2439727589	33.725459154	14.221
59	1	0	1	526	32	19.0300094213	10.3800865013	13.8615728965	6.756
59	1	0	2	1874	117	19.0300094213	12.1008949354	15.5823813306	10.693
60	0	0	1	1094	68	22.8339416608	31.6210572673	35.7984623058	6.378
60	0	0	2	2441	152	22.8339416608	30.2837399757	34.4611450142	9.653
61	0	0	1	1092	68	19.2874763142	36.8761769849	40.4047662199	6.788
61	0	0	2	2437	152	19.2874763142	36.3699869964	39.8985762314	5.654
62	0	0	1	567	35	21.1510021535	35.5299209099	39.399436926	5.292
62	0	0	2	1917	119	21.1510021535	34.984818025	38.8543340411	12.929
63	0	0	1	457	28	20.8169275546	31.3064355065	35.1148335197	4.85
63	0	0	2	1802	112	20.8169275546	31.7029926967	35.5113907099	11.874
64	0	0	1	431	26	18.9551835805	28.4635621481	31.9313593674	7.339
64	0	0	2	1779	111	18.9551835805	31.7582968985	35.2260941177	7.842
65	0	0	1	440	27	20.5334581452	29.8699026221	33.6264407087	8.315
65	0	0	2	1787	111	20.5334581452	31.4599021009	35.2164401875	14.819
66	0	0	1	1234	77	20.745596553	29.4536379996	33.2489862078	6.347
66	0	0	2	2583	161	20.745596553	30.0808260465	33.8761742547	12.661
67	0	0	1	415	25	17.4828010307	31.6905754474	34.889004444	11.228
67	0	0	2	1763	110	17.4828010307	32.4970149295	35.6954439261	16
68	0	0	1	138	8	26.0566389957	28.6805867396	33.4475751398	6.992
68	0	0	2	1479	92	26.0566389957	26.8128353768	31.579823777	10.157
69	0	0	1	931	58	23.960067127	27.1333167335	31.5167432408	12
69	0	0	2	2273	142	23.960067127	26.1846493921	30.5680758993	10.693
70	0	0	1	422	26	18.1102042856	29.0222150038	32.3354256511	22.504
70	0	0	2	1768	110	18.1102042856	30.1393778589	33.4525885063	18.598
71	0	0	1	437	27	20.9548721198	33.6125707789	37.44620536	7.654
71	0	0	2	1783	111	20.9548721198	33.2283321901	37.0619667713	6.85
72	0	0	1	262	16	25.380906992	27.3564686561	31.9998337976	18.787
72	0	0	2	1605	100	25.380906992	28.7155130964	33.3588782379	9.008
73	0	0	1	438	27	18.0434406603	34.968343443	38.269339874	8.725
73	0	0	2	1783	111	18.0434406603	33.4306821224	36.7316785533	6.189
74	0	0	1	439	27	28.9419234816	24.6802567695	29.975099805	12
74	0	0	2	1782	111	28.9419234816	27.0275066927	32.3223497283	5.969
75	0	0	1	564	35	17.305918335	32.8829462392	36.0490150469	9.779
75	0	0	2	1912	119	17.305918335	33.0651730097	36.2312418174	7.166
76	0	0	1	432	27	19.9774070073	29.9679497649	33.6227598686	7.937
76	0	0	2	1779	111	19.9774070073	31.5736835151	35.2284936188	9.874
77	0	0	1	439	27	20.1450189905	32.7965131987	36.4819874406	12.977
77	0	0	2	1788	111	20.1450189905	29.3467287586	33.0322030006	15.496
78	0	0	1	430	26	19.3161008245	33.4879326687	37.0217586768	12.897
78	0	0	2	1776	111	19.3161008245	31.9446627827	35.4784887908	10.252
79	0	0	1	520	32	22.4779189658	32.0797854214	36.192057115	6.252
79	0	0	2	1867	116	22.4779189658	33.7536239504	37.8658956439	11.149
80	0	0	1	422	26	16.3558607867	32.6640891409	35.6563476075	5.103
80	0	0	2	1771	110	16.3558607867	33.1827779753	36.1750364419	9.339
81	0	0	1	433	27	19.6901083708	34.4552645019	38.0575141327	5.149
81	0	0	2	1779	111	19.6901083708	34.6760800194	38.2783296502	7.716
82	0	0	1	169	10	19.0997271137	26.6121052567	30.1063463065	11.244
82	0	0	2	1511	94	19.0997271137	28.2947284614	31.7889695112	13.685
83	0	0	1	488	30	23.7450690837	31.3623990046	35.7064922279	14.914
83	0	0	2	1833	114	23.7450690837	30.8108163456	35.154909569	11.165
84	0	0	1	440	27	16.9621833901	29.7004797456	32.8036632175	13.086
84	0	0	2	1787	111	16.9621833901	30.3982866668	33.5014701386	14.913
85	0	0	1	1220	76	19.3817692955	29.5050559192	33.0508957883	10.094
85	0	0	2	2569	160	19.3817692955	29.7643311444	33.3101710136	16
86	0	0	1	470	29	16.9049028693	28.5262538548	31.6189580173	10.33
86	0	0	2	1816	113	16.9049028693	30.5251832241	33.6178873866	9.496
87	0	0	1	452	28	25.0160772376	29.9373971192	34.5140176891	15.748
87	0	0	2	1797	112	25.0160772376	30.6070727636	35.1836933335	6.63
88	0	0	1	477	29	18.5732368421	28.0037793134	31.4017004573	5.37
88	0	0	2	1828	114	18.5732368421	26.5475198316	29.9454409754	5.716
89	0	0	1	440	27	20.3677600407	31.0721638043	34.7983878914	6.898
89	0	0	2	1787	111	20.3677600407	29.8238286111	33.5500526981	14.882
90	0	0	1	414	25	16.3422528809	30.5411212704	33.5308902091	10.315
90	0	0	2	1763	110	16.3422528809	32.1454084405	35.1351773792	11.338
91	0	0	1	1081	67	27.2583097178	-1.5378173803	3.44901327948	8.803
91	0	0	2	2428	151	27.2583097178	-1.48021107248	3.5066195873	11.527
92	0	0	1	439	27	16.4928643816	31.5260273502	34.543350237	8.473
92	0	0	2	1784	111	16.4928643816	29.7087806227	32.7261035094	10.346
93	0	0	1	529	33	23.5879654555	30.5766582389	34.8920097978	13.086
93	0	0	2	1876	117	23.5879654555	30.6972091847	35.0125607436	7.527
94	0	0	1	253	15	26.0864366703	28.6224649398	33.3949047403	8.063
94	0	0	2	1594	99	26.0864366703	23.946140682	28.7185804825	5.323
95	0	0	1	440	27	17.8057754411	11.6198221707	14.8773384221	14.378
95	0	0	2	1775	110	17.8057754411	9.64390073598	12.9014169874	10.126
96	0	0	1	437	27	15.1772638549	27.4403520943	30.216989586	6.252
96	0	0	2	1783	111	15.1772638549	27.2367113041	30.0133487958	9.653
97	0	0	1	431	26	19.0171693101	29.777997554	33.2571348871	13.559
97	0	0	2	1779	111	19.0171693101	31.0610801886	34.5402175217	6.504
98	0	0	1	103	6	26.7469848576	18.4050350007	23.2983202237	22.063
98	0	0	2	1444	90	26.7469848576	30.4790351751	35.372320398	12.771
99	0	0	1	1214	75	20.8417548071	27.0911060132	30.904046102	4.708
99	0	0	2	2564	160	20.8417548071	27.992626632	31.8055667208	13.197
100	0	0	1	430	26	18.8556337626	28.63923255	32.0888174116	12.945
100	0	0	2	1776	111	18.8556337626	31.0946781655	34.5442630272	11.339
101	0	0	1	902	56	21.4378508334	30.5691568505	34.4911510212	9.48
101	0	0	2	2245	140	21.4378508334	27.7201091921	31.6421033628	10.504
102	0	0	1	415	25	17.5252613285	30.3746475939	33.5808445819	8.457
102	0	0	2	1762	110	17.5252613285	30.8241529017	34.0303498896	10.882
103	0	0	1	440	27	25.1507585948	30.5087434196	35.1100035629	7.905
103	0	0	2	1787	111	25.1507585948	29.0625067633	33.6637669066	13.276
104	0	0	1	447	27	19.6002437941	29.9639363393	33.5497455	4.85
104	0	0	2	1793	112	19.6002437941	30.262337952	33.8481471127	6.094
105	0	0	1	821	51	23.9649169134	26.7731462142	31.1574599762	10.126
105	0	0	2	2165	135	23.9649169134	30.6490399988	35.0333537607	9.748
106	0	0	1	438	27	18.6648952705	30.4044994006	33.8191891947	7.874
106	0	0	2	1783	111	18.6648952705	31.3751978572	34.7898876512	12
107	0	0	1	413	25	18.4003910577	32.4080060527	35.7743055492	5.275
107	0	0	2	1762	110	18.4003910577	33.6485009997	37.0148004962	8.819
108	0	0	1	440	27	20.3482898212	28.1992743139	31.9219363793	6
108	0	0	2	1788	111	20.3482898212	30.7037202874	34.4263823528	14.095
109	0	0	1	938	58	23.5353257973	30.7199270108	35.0256482932	9.055
109	0	0	2	2284	142	23.5353257973	29.3946470099	33.7003682922	9.748
110	0	0	1	429	26	16.4190531797	28.4814240874	31.4852434235	17.102
110	0	0	2	1775	110	16.4190531797	31.1885911818	34.1924105179	13.969
111	0	0	1	433	27	18.2061141914	30.6010602637	33.931817357	6.173
111	0	0	2	1781	111	18.2061141914	29.7381494662	33.0689065596	14.63
112	0	0	1	264	16	24.2087608294	28.2041301053	32.633054422	6.094
112	0	0	2	1608	100	24.2087608294	29.6055349302	34.0344592468	12.158
113	0	0	1	437	27	22.4592316365	31.0235522721	35.1324051716	10.898
113	0	0	2	1783	111	22.4592316365	30.9492588652	35.0581117648	15.559
114	0	0	1	432	27	18.1183117461	29.1639788981	32.4786727824	6.866
114	0	0	2	1779	111	18.1183117461	29.4548096465	32.7695035309	5.528
115	0	0	1	430	26	21.2900943955	29.6572046335	33.5521671818	16.598
115	0	0	2	1776	111	21.2900943955	32.541125466	36.4360880143	9.654
116	0	0	1	430	26	23.8724344351	28.9488801279	33.3162744821	9.843
116	0	0	2	1777	111	23.8724344351	29.8390871058	34.2064814599	10.598
117	0	0	1	429	26	16.5771330941	34.2975944672	37.3303340765	8.52
117	0	0	2	1774	110	16.5771330941	33.640285366	36.6730249753	11.149
118	0	0	1	434	27	17.6424109796	29.9428080297	33.1704372149	8.441
118	0	0	2	1781	111	17.6424109796	33.5913473742	36.8189765595	9.905
119	0	0	1	1021	63	23.3319928895	25.5169044886	29.7854265907	11.496
119	0	0	2	2365	147	23.3319928895	30.6419096969	34.9104317989	5.685
120	0	0	1	1229	76	21.6330867911	27.7466150881	31.704327125	9.528
120	0	0	2	2580	161	21.6330867911	29.9969824593	33.9546944962	13.023
121	0	0	1	1021	63	23.3001399649	30.4327060692	34.6954007688	12.189
121	0	0	2	2368	148	23.3001399649	29.7058948368	33.9685895364	9.118
122	0	0	1	439	27	17.9434192062	30.5654710088	33.8481687977	5.937
122	0	0	2	1783	111	17.9434192062	31.8826295234	35.1653273123	5.937
123	0	0	1	1095	68	17.1162078818	31.4060673939	34.5374292108	5.59
123	0	0	2	2444	152	17.1162078818	33.4280746054	36.5594364223	15.496
124	0	0	1	433	27	16.0680195736	29.6876762131	32.6272749439	4.441
124	0	0	2	1781	111	16.0680195736	27.4323221184	30.3719208492	8.362
125	0	0	1	430	26	18.8499208608	32.4735778524	35.9221175548	10.378
125	0	0	2	1776	111	18.8499208608	33.4299675728	36.8785072752	8.504
126	0	0	1	487	30	20.7930460601	29.71522053	33.5192494912	6.646
126	0	0	2	1832	114	20.7930460601	31.4859583918	35.2899873531	8.031
127	0	0	1	430	26	19.535079664	32.8783359929	36.4522235603	11.969
127	0	0	2	1775	110	19.535079664	32.0095587192	35.5834462866	8.803
128	0	0	1	430	26	17.9636799316	28.9429127308	32.229317162	11.275
128	0	0	2	1776	111	17.9636799316	29.6087464718	32.8951509031	10
129	0	0	1	430	26	19.117971986	30.5574817629	34.0550606604	12.977
129	0	0	2	1776	111	19.117971986	31.5510502841	35.0486291816	14.961
130	0	0	1	430	26	17.1810356148	29.0487263732	32.1919482405	5.212
130	0	0	2	1776	111	17.1810356148	27.0153143385	30.1585362058	8.157
131	0	0	1	375	23	29.1276687584	27.7866277485	33.1154523571	12.598
131	0	0	2	1720	107	29.1276687584	25.0112537852	30.3400783937	19.842
132	0	0	1	438	27	18.4797835156	32.3876756653	35.7684997874	9.244
132	0	0	2	1783	111	18.4797835156	32.1856787778	35.5665028999	6.866
133	0	0	1	822	51	19.0896294672	30.6345991111	34.126992825	4.126
133	0	0	2	2166	135	19.0896294672	29.0892977701	32.581691484	13.181
134	0	0	1	488	30	23.5085523605	29.8652884676	34.1661116255	10.803
134	0	0	2	1835	114	23.5085523605	28.1155249125	32.4163480704	7.527
135	0	0	1	434	27	24.0491305387	30.30198438	34.7017047865	5.024
135	0	0	2	1781	111	24.0491305387	30.1154791931	34.5151995996	10.977
136	0	0	1	439	27	20.5945749612	28.8065457082	32.5742649433	6.914
136	0	0	2	1784	111	20.5945749612	30.4007549166	34.1684741517	12.063
137	0	0	1	429	26	16.1777711823	29.9518485337	32.9115260109	11.78
137	0	0	2	1775	110	16.1777711823	32.1473646576	35.1070421349	7.15
139	0	0	1	380	23	18.8464773612	32.0043217328	35.4522314567	4.567
139	0	0	2	1727	107	18.8464773612	33.5759337285	37.0238434524	7.071
140	0	0	1	1227	76	27.3833452731	29.7022094595	34.7119150205	9.559
140	0	0	2	2579	161	27.3833452731	29.6584501325	34.6681556934	11.118
141	0	0	1	438	27	19.6923598057	30.2676431605	33.870304685	7.055
141	0	0	2	1775	110	19.6923598057	30.0721377308	33.6747992553	7.229
142	0	0	1	932	58	28.3583611811	27.5301839391	32.7182659025	12.992
142	0	0	2	2276	142	28.3583611811	29.3927422857	34.5808242491	6.63
143	0	0	1	1006	62	31.599127969	30.2962907546	36.077261835	9.905
143	0	0	2	2351	146	31.599127969	30.4694010966	36.250372177	4.189
144	0	0	1	429	26	18.4523014981	32.506787517	35.8825838818	10.094
144	0	0	2	1776	111	18.4523014981	32.9455657845	36.3213621492	6.504
145	0	0	1	439	27	16.3050705115	30.405236746	33.3882032754	12.724
145	0	0	2	1784	111	16.3050705115	31.5249813281	34.5079478575	8.441
146	0	0	1	1093	68	21.8382660364	32.9373364575	36.932585457	7.59
146	0	0	2	2441	152	21.8382660364	32.8634994581	36.8587484576	10.662
147	0	0	1	238	14	25.6960666271	28.4730785071	33.1741012124	6.22
147	0	0	2	1580	98	25.6960666271	22.7015330424	27.4025557477	5.276
148	0	0	1	429	26	20.2236318747	29.0095570246	32.7094132713	12.472
148	0	0	2	1776	111	20.2236318747	31.3990487697	35.0989050164	6.992
149	0	0	1	438	27	15.5718266414	29.1449018725	31.9937235099	9.874
149	0	0	2	1784	111	15.5718266414	31.5791909342	34.4280125716	5.937
151	0	0	1	431	26	16.180552171	27.945435253	30.9056215043	13.748
151	0	0	2	1777	111	16.180552171	30.5173067088	33.47749296	9.717
152	0	0	1	513	32	23.3107889804	30.9455417535	35.2101846604	4.283
152	0	0	2	1860	116	23.3107889804	31.2761838093	35.5408267162	8.252
153	0	0	1	417	26	18.7563497619	33.9875956856	37.4190168202	11.197
153	0	0	2	1764	110	18.7563497619	31.7075982591	35.1390193937	4.409
154	0	0	1	562	35	28.6157579347	29.7137622252	34.9489341965	8.378
154	0	0	2	1913	119	28.6157579347	27.9126210538	33.1477930252	5.559
155	0	0	1	205	12	23.4699214378	20.8574747238	25.1512304636	5.591
155	0	0	2	1542	96	23.4699214378	29.2151003223	33.5088560621	6.221
156	0	0	1	1006	62	22.2618153303	30.658866003	34.7316021477	6.882
156	0	0	2	2353	147	22.2618153303	30.2632001765	34.3359363212	8.63
157	0	0	1	1082	67	25.1819232921	24.9507905273	29.5577521638	6.032
157	0	0	2	2429	151	25.1819232921	25.5561539307	30.1631155671	13.496
158	0	0	1	1224	76	20.8784516228	28.989120358	32.8087740254	13.181
158	0	0	2	2575	160	20.8784516228	28.2473134574	32.0669671248	6.378
159	0	0	1	439	27	20.447839028	30.8261791606	34.5670534718	4
159	0	0	2	1784	111	20.447839028	29.7958437548	33.536718066	5.622
160	0	0	1	121	7	23.8247848916	30.5468474778	34.9055244827	9.275
160	0	0	2	1460	91	23.8247848916	31.8612493797	36.2199263846	11.008
161	0	0	1	529	33	18.4331866741	26.6457522456	30.0180516073	11.465
161	0	0	2	1876	117	18.4331866741	29.1754939089	32.5477932707	11.307
162	0	0	1	431	26	16.1700915226	28.6896948056	31.6479673108	4.63
162	0	0	2	1779	111	16.1700915226	29.9697504114	32.9280229165	5.008
163	0	0	1	413	25	20.0279498158	33.4376443513	37.1017011188	5.118
163	0	0	2	1760	110	20.0279498158	32.5088943341	36.1729511017	9.212
164	0	0	1	434	27	20.8824221265	31.0095093102	34.82988937	4.488
164	0	0	2	1774	110	20.8824221265	32.24803896	36.0684190198	10.866
164	1	0	1	433	27	20.8824221265	34.1973614707	38.0177415305	10.032
164	1	0	2	1787	111	20.8824221265	31.8275354495	35.6479155093	17.874
165	0	0	1	1217	76	19.026799096	27.5364797361	31.0173788113	7.78
165	0	0	2	2566	160	19.026799096	28.2264496223	31.7073486975	11.149
166	0	0	1	438	27	18.4779596079	32.6212129549	36.0017033982	10.708
166	0	0	2	1783	111	18.4779596079	29.4349827343	32.8154731776	15.685
167	0	0	1	429	26	21.7141934958	33.7549991165	37.7275493956	7.401
167	0	0	2	1776	111	21.7141934958	32.8800510994	36.8526013785	11.37
168	0	0	1	1256	78	20.2558638037	32.5077644451	36.2135174321	10.157
168	0	0	2	2603	162	20.2558638037	29.2122538823	32.9180068692	17.874
169	0	0	1	1036	64	25.8714234406	14.7574395776	19.490543316	11.244
169	0	0	2	2379	148	25.8714234406	22.9957730309	27.7288767693	11.622
170	0	0	1	489	30	20.1585485046	29.3786671399	33.0666165682	17.622
170	0	0	2	1834	114	20.1585485046	30.3704210208	34.0583704491	12.567
171	0	0	1	879	54	25.5601178451	27.8202735154	32.4964247756	11.685
171	0	0	2	2220	138	25.5601178451	31.6087088416	36.2848601017	12
172	0	0	1	229	14	22.8691488257	28.130382581	32.3142286708	5.086
172	0	0	2	1571	98	22.8691488257	28.6014069752	32.785253065	9.26
173	0	0	1	863	53	23.3365978743	24.3252555819	28.5946201529	8.063
173	0	0	2	2184	136	23.3365978743	33.3840583919	37.6534229629	4.347
174	0	0	1	430	26	15.8075118421	28.9762256198	31.8681651981	10.41
174	0	0	2	1776	111	15.8075118421	29.1978988828	32.0898384611	14.535
175	0	0	1	997	62	18.1636065014	30.7515064057	34.0744868374	16.063
175	0	0	2	2342	146	18.1636065014	29.1958978623	32.518878294	5.968
176	0	0	1	377	23	21.9631391649	29.9291014303	33.9471956154	4.095
176	0	0	2	1724	107	21.9631391649	32.3615974868	36.3796916719	13.496
177	0	0	1	1224	76	23.9598483572	29.8909788722	34.2743653562	16.473
177	0	0	2	2574	160	23.9598483572	28.97511024	33.3584967239	12.347
178	0	0	1	170	10	25.195670562	26.5868798757	31.1963565363	7.244
178	0	0	2	1512	94	25.195670562	27.7480643523	32.3575410129	13.716
179	0	0	1	275	17	25.1771238113	28.1679269195	32.7740105045	13.528
179	0	0	2	1620	101	25.1771238113	29.5327749061	34.1388584911	12.284
180	0	0	1	431	26	23.8188262914	28.0948257184	32.4524126142	12.032
180	0	0	2	1779	111	23.8188262914	28.7814806713	33.1390675672	4.551
181	0	0	1	558	34	22.3455553196	27.9699465954	32.0580027343	8.488
181	0	0	2	1908	119	22.3455553196	26.7711979751	30.8592541139	5.323
182	0	0	1	473	29	21.2681497252	23.5287599314	27.4197077644	22.834
182	0	0	2	1818	113	21.2681497252	28.1308366133	32.0217844463	13.969
183	0	0	1	447	27	16.5313911516	30.413494525	33.4378657754	4.567
183	0	0	2	1792	112	16.5313911516	32.4954357868	35.5198070372	6.914
184	0	0	1	1010	63	25.9666757625	26.2097667019	30.960296583	9.748
184	0	0	2	2356	147	25.9666757625	29.6330705341	34.3836004152	9.118
186	0	0	1	430	26	18.2637391378	31.12534335	34.4666427643	13.527
186	0	0	2	1776	111	18.2637391378	30.923930364	34.2652297783	9.874
187	0	0	1	250	15	21.5614994822	31.068105281	35.0127206222	5.071
187	0	0	2	1592	99	21.5614994822	25.0867819894	29.0313973306	10.473
188	0	0	1	430	26	17.3802278019	29.714404063	32.8940675775	11.449
188	0	0	2	1777	111	17.3802278019	29.5384038178	32.7180673323	8.897
189	0	0	1	432	27	18.3687583399	33.8411062424	37.2016186227	4.645
189	0	0	2	1779	111	18.3687583399	32.9650628728	36.325575253	12.693
190	0	0	1	288	18	29.1238214771	32.4839795003	37.8121002596	9.905
190	0	0	2	1631	101	29.1238214771	31.2434583125	36.5715790718	5.874
191	0	0	1	438	27	18.8605972933	30.0778806054	33.5283735309	14.882
191	0	0	2	1784	111	18.8605972933	30.9110756053	34.3615685308	10.031
192	0	0	1	431	26	18.6371008026	28.954693581	32.3642984558	13.465
192	0	0	2	1777	111	18.6371008026	29.7378919694	33.1474968442	9.591
193	0	0	1	430	26	21.5000825951	30.3970925911	34.3304718866	8.252
193	0	0	2	1777	111	21.5000825951	28.8535611595	32.786940455	4.693
194	0	0	1	273	17	25.8685021045	31.5842085285	36.3167778166	16.441
194	0	0	2	1618	101	25.8685021045	32.385235076	37.1178043642	11.465
195	0	0	1	1211	75	21.3597613527	31.9661682438	35.8738761649	9.023
195	0	0	2	2561	160	21.3597613527	31.5032859271	35.4109938482	10.221
196	0	0	1	1081	67	26.1732295483	28.5437046523	33.3320229644	7.244
196	0	0	2	2426	151	26.1732295483	29.7755653427	34.5638836547	13.905
197	0	0	1	839	52	29.0021896509	32.6104576555	37.9163262163	6.189
197	0	0	2	2182	136	29.0021896509	24.6759599636	29.9818285243	11.464
198	0	0	1	490	30	21.7631798823	28.0928190909	32.0743312909	19.339
198	0	0	2	1834	114	21.7631798823	28.0185956526	32.0001078525	12.236
199	0	0	1	1090	68	19.6996604116	34.1585560651	37.7625532148	7.355
199	0	0	2	2438	152	19.6996604116	33.246663028	36.8506601777	9.04
200	0	0	1	1227	76	21.8651447235	28.6891464543	32.6893128335	9.748
200	0	0	2	2579	161	21.8651447235	28.5635957033	32.5637620825	9.685
202	0	0	1	429	26	27.2823494684	23.0231204236	28.0143490878	16.677
202	0	0	2	1775	110	27.2823494684	22.4128417671	27.4040704313	20.661
203	0	0	1	208	13	24.7409331114	32.8495082812	37.3757920115	9.654
203	0	0	2	1552	97	24.7409331114	33.5876079718	38.1138917021	4.094
204	0	0	1	489	30	23.1361571859	28.4647183026	32.6974128166	10.708
204	0	0	2	1834	114	23.1361571859	26.5220901568	30.7547846708	15.464
205	0	0	1	438	27	19.0524224742	30.6969034302	34.18249023	8.882
205	0	0	2	1782	111	19.0524224742	30.3687340298	33.8543208296	6.189
206	0	0	1	433	27	17.6294329459	31.9134167021	35.1386715928	10.677
206	0	0	2	1779	111	17.6294329459	30.8099948617	34.0352497524	11.071
207	0	0	1	430	26	17.7322029581	28.7840412714	32.0280976451	9.748
207	0	0	2	1777	111	17.7322029581	33.1993610798	36.4434174535	9.37
208	0	0	1	487	30	22.4012040417	31.9613502081	36.0595871233	15.149
208	0	0	2	1834	114	22.4012040417	33.0349248716	37.1331617868	6.63
209	0	0	1	429	26	18.5079342775	29.9984679422	33.3844421666	11.071
209	0	0	2	1776	111	18.5079342775	33.3627934117	36.7487676361	5.244
210	0	0	1	433	27	16.7693790698	28.7858765878	31.8537870546	10.929
210	0	0	2	1781	111	16.7693790698	28.7777197948	31.8456302616	11.464
211	0	0	1	1237	77	19.4423368818	30.0078419091	33.5647624469	9.055
211	0	0	2	2587	161	19.4423368818	29.8586344531	33.4155549909	13.748
212	0	0	1	434	27	17.9621611417	33.2776064225	36.5637329955	5.716
212	0	0	2	1781	111	17.9621611417	30.3496792316	33.6358058046	6.441
213	0	0	1	1021	63	21.898609324	27.8368777089	31.8431663421	7.228
213	0	0	2	2366	147	21.898609324	27.1836195258	31.1899081591	6.158
214	0	0	1	471	29	21.8184578947	30.167288889	34.1589140449	7.418
214	0	0	2	1818	113	21.8184578947	29.6720078529	33.6636330088	6
215	0	0	1	415	25	27.6446543427	30.0197220396	35.0772333557	4.032
215	0	0	2	1763	110	27.6446543427	31.2502549301	36.3077662462	11.086
217	0	0	1	486	30	20.8277803754	27.9289735737	31.7393570797	6.189
217	0	0	2	1831	114	20.8277803754	27.2240551793	31.0344386853	11.071
218	0	0	1	1214	75	21.2897130435	30.4870908765	34.3819836576	9.276
218	0	0	2	2565	160	21.2897130435	33.6236471014	37.5185398825	16.347
219	0	0	1	969	60	28.7058816203	27.6616445246	32.9133043693	5.244
219	0	0	2	2314	144	28.7058816203	27.2806888129	32.5323486576	8.283
220	0	0	1	1213	75	21.4024666667	31.0245899503	34.9401106878	7.843
220	0	0	2	2562	160	21.4024666667	32.1824086251	36.0979293626	10.189
221	0	0	1	433	27	22.0186815501	32.3833539925	36.4116094999	8.992
221	0	0	2	1781	111	22.0186815501	33.5831621958	37.6114177032	6.96
222	0	0	1	439	27	21.6545648343	30.7831287655	34.7447701497	11.874
222	0	0	2	1784	111	21.6545648343	32.3102499573	36.2718913415	5.213
223	0	0	1	439	27	18.2189832484	30.6672839247	34.0003953756	12.536
223	0	0	2	1784	111	18.2189832484	27.8913520239	31.2244634748	4.126
224	0	0	1	440	27	16.9729206266	31.3534215416	34.4585693605	7.244
224	0	0	2	1787	111	16.9729206266	29.422752268	32.5279000869	16.347
225	0	0	1	1056	66	25.2207998942	26.8713978995	31.4854719004	10.645
225	0	0	2	2401	150	25.2207998942	27.6468876604	32.2609616613	17.716
226	0	0	1	1218	76	17.5706457047	29.8547754485	33.0692753797	7.716
226	0	0	2	2568	160	17.5706457047	29.4680098173	32.6825097484	9.055
227	0	0	1	433	27	20.8188716567	46.9886852558	50.7974389369	5.874
227	0	0	2	1789	111	20.8188716567	43.4868073103	47.2955609914	12.756
228	0	0	1	1218	76	20.2237145786	28.4008689831	32.1007403603	7.134
228	0	0	2	2566	160	20.2237145786	25.7224142055	29.4222855827	19.244
229	0	0	1	432	27	17.4823667016	30.2684542571	33.4668037944	7.134
229	0	0	2	1779	111	17.4823667016	29.831867371	33.0302169083	5.307
230	0	0	1	443	27	15.5543064424	26.8324779523	29.6780943189	5.481
230	0	0	2	1788	111	15.5543064424	28.1717904294	31.017406796	9.842
230	1	0	1	433	27	15.5543064424	39.6896904207	42.5353067873	10.677
230	1	0	2	1780	111	15.5543064424	40.7025296593	43.5481460259	16.095
231	0	0	1	879	54	24.145118427	27.2353697884	31.6526509075	9.937
231	0	0	2	2222	138	24.145118427	27.4296254548	31.8469065739	16.834
231	1	0	1	864	54	24.145118427	34.6540094655	39.0712905847	14.378
231	1	0	2	2223	138	24.145118427	28.0251526669	32.442433786	11.307
232	0	0	1	240	15	27.7918918183	33.9597664583	39.044214454	6.693
232	0	0	2	1582	98	27.7918918183	32.4076865506	37.4921345464	7.685
234	0	0	1	488	30	23.8339971559	28.9710536741	33.3314160367	13.008
234	0	0	2	1832	114	23.8339971559	29.281855766	33.6422181286	9.622
235	0	0	1	431	26	23.0463527362	32.672982347	36.889247391	14.031
235	0	0	2	1779	111	23.0463527362	31.4289036863	35.6451687303	11.37
236	0	0	1	422	26	21.043624081	31.1345435074	34.9844150088	6.819
236	0	0	2	1769	110	21.043624081	33.1433373161	36.9932088175	18.819
237	0	0	1	163	10	22.4707962968	29.8132016976	33.924170319	8.834
237	0	0	2	1505	94	22.4707962968	30.3150622374	34.4260308588	4.803
238	0	0	1	433	27	16.8359497012	31.2222425877	34.3023319632	7.874
238	0	0	2	1781	111	16.8359497012	29.7515064671	32.8315958426	12.929
239	0	0	1	305	19	26.8249218037	28.6511886731	33.5587322399	8.425
239	0	0	2	1649	103	26.8249218037	29.1724794983	34.0800230651	7.04
240	0	0	1	487	30	21.760100526	30.6827050734	34.6636539138	14.488
240	0	0	2	1832	114	21.760100526	30.2372617628	34.2182106032	7.874
241	0	0	1	434	27	21.6028816332	32.9751499211	36.9273360098	9.229
241	0	0	2	1782	111	21.6028816332	31.9600320726	35.9122181613	12.158
242	0	0	1	432	27	19.0649081676	31.5129524436	35.0008234657	6.472
242	0	0	2	1780	111	19.0649081676	30.7720925045	34.2599635266	15.59
243	0	0	1	431	26	19.2829541266	29.0913798204	32.619141734	15.292
243	0	0	2	1777	111	19.2829541266	30.5205895416	34.0483514552	14.126
244	0	0	1	438	27	18.2125873205	30.3582440207	33.6901853547	9.528
244	0	0	2	1783	111	18.2125873205	30.4001042656	33.7320455996	10.976
245	0	0	1	431	26	19.0317209295	31.4427221458	34.9245216566	12.252
245	0	0	2	1777	111	19.0317209295	36.940582381	40.4223818918	4.031
246	0	0	1	438	27	25.2825494381	25.2423786372	29.8677495425	10
246	0	0	2	1784	111	25.2825494381	26.2522310688	30.877601974	12.645
247	0	0	1	431	26	17.6702174545	31.0956326985	34.3283489997	16.473
247	0	0	2	1777	111	17.6702174545	34.0020877982	37.2348040993	5.465
248	0	0	1	487	30	21.0826893625	30.8821664116	34.7391847958	10.315
248	0	0	2	1832	114	21.0826893625	30.175246435	34.0322648192	9.874
249	0	0	1	183	11	23.2778757113	26.6554579822	30.9140794996	17.402
249	0	0	2	1527	95	23.2778757113	28.1314281333	32.3900496506	13.275
250	0	0	1	1248	78	20.2084869065	30.5038902452	34.2009757629	7.685
250	0	0	2	2597	162	20.2084869065	33.378888969	37.0759744866	8.409
251	0	0	1	434	27	19.5676895499	33.8251244593	37.4049779132	6.472
251	0	0	2	1781	111	19.5676895499	32.9601721001	36.5400255539	11.055
252	0	0	1	438	27	18.2989825634	30.1013951986	33.4491422979	6.567
252	0	0	2	1783	111	18.2989825634	33.1244911387	36.472238238	8.583
254	0	0	1	491	30	18.0583311742	29.0851397017	32.38886031	9.102
254	0	0	2	1838	114	18.0583311742	29.4490874482	32.7528080565	4.599
255	0	0	1	439	27	20.4273692308	2.40868823355	6.14581765328	10.157
255	0	0	2	1783	111	20.4273692308	1.92746363935	5.66459305908	19.937
256	0	0	1	894	55	30.0413756718	31.0570809509	36.5530656547	6.787
256	0	0	2	2237	139	30.0413756718	30.8182097617	36.3141944656	13.906
257	0	0	1	429	26	18.3398440551	31.7195662596	35.0747888533	11.039
257	0	0	2	1775	110	18.3398440551	33.3636556711	36.7188782647	18.157
258	0	0	1	486	30	26.0053123545	29.6524020218	34.4100003582	14.756
258	0	0	2	1831	114	26.0053123545	29.9115467654	34.6691451018	4.866
259	0	0	1	438	27	17.0085519182	30.5147042877	33.6263707506	11.512
259	0	0	2	1783	111	17.0085519182	29.4612014955	32.5728679584	17.149
260	0	0	1	439	27	15.9272201444	31.609372247	34.5232121205	12.724
260	0	0	2	1787	111	15.9272201444	30.067021156	32.9808610296	10.393
261	0	0	1	433	27	19.6579931276	31.3982610547	34.9946352927	12.914
261	0	0	2	1781	111	19.6579931276	31.8734671999	35.4698414378	10.882
262	0	0	1	442	27	24.5677209879	31.9721717557	36.466766818	6.897
262	0	0	2	1791	111	24.5677209879	31.2601055958	35.7547006581	10
263	0	0	1	1237	77	26.7996950699	28.9243956828	33.82732409	10.787
263	0	0	2	2584	161	26.7996950699	29.6166536911	34.5195820983	8.819
264	0	0	1	893	55	24.8578500867	26.6704089988	31.218082359	15.465
264	0	0	2	2235	139	24.8578500867	28.4420881856	32.9897615458	14.882
265	0	0	1	1095	68	20.0971950881	34.4071472725	38.0838722667	11.008
265	0	0	2	2442	152	20.0971950881	35.0054946198	38.6822196141	8.441
266	0	0	1	469	29	23.3811105743	25.0290908804	29.3065989239	13.433
266	0	0	2	1815	113	23.3811105743	26.9390863131	31.2165943566	9.228
267	0	0	1	440	27	19.5289693756	32.0335828883	35.6063525957	4.756
267	0	0	2	1785	111	19.5289693756	31.3093194865	34.882089194	8.708
268	0	0	1	985	61	23.4649135504	20.4303548871	24.7231944481	11.811
268	0	0	2	2331	145	23.4649135504	26.3806219162	30.6734614772	6.661
268	1	0	1	1002	62	23.4649135504	39.5827991372	43.8756386981	8.157
268	1	0	2	2330	145	23.4649135504	29.9887592235	34.2815987845	9.748
269	0	0	1	430	26	21.1778245499	28.1590101889	32.0334332866	12.834
269	0	0	2	1777	111	21.1778245499	27.8997274438	31.7741505415	9.244
270	0	0	1	1255	78	20.5454253496	26.0242261219	29.7829535746	7.386
270	0	0	2	2601	162	20.5454253496	27.4431117294	31.2018391821	8.095
271	0	0	1	1251	78	24.1216377192	29.6454587963	34.0584441863	8.284
271	0	0	2	2600	162	24.1216377192	29.4897982768	33.9027836668	18
272	0	0	1	1059	66	23.9885769372	26.9078840835	31.2965263798	12.693
272	0	0	2	2406	150	23.9885769372	24.6760215458	29.0646638421	23.78
273	0	0	1	832	52	27.7215617161	30.6519474219	35.7235287244	10.409
273	0	0	2	2175	135	27.7215617161	30.0840856716	35.1556669741	6.803
273	1	0	1	833	52	27.7215617161	30.0118010256	35.0833823281	11.401
273	1	0	2	2174	135	27.7215617161	30.1031818389	35.1747631414	11.748
274	0	0	1	296	18	27.41907586	30.5510871922	35.567329563	9.37
274	0	0	2	1640	102	27.41907586	29.1670883283	34.183330699	10.284
275	0	0	1	931	58	26.4073963032	28.6937525872	33.5249110447	18.157
275	0	0	2	2274	142	26.4073963032	26.5786198591	31.4097783166	9.307
276	0	0	1	429	26	17.8084437885	31.757017452	35.01502187	13.78
276	0	0	2	1776	111	17.8084437885	30.6297217594	33.8877261774	8.945
277	0	0	1	439	27	16.7616404887	29.7352421301	32.8017368454	8
277	0	0	2	1784	111	16.7616404887	30.4839508783	33.5504455935	5.244
278	0	0	1	429	26	15.6086679907	32.3847472411	35.2403088992	7.307
278	0	0	2	1776	111	15.6086679907	31.3901502394	34.2457118975	12.914
279	0	0	1	430	26	16.2217277681	29.2776435367	32.245362747	10
279	0	0	2	1775	110	16.2217277681	30.6263656382	33.5940848485	14.409
280	0	0	1	443	27	19.2007775245	31.6410162457	35.1537441823	7.181
280	0	0	2	1791	111	19.2007775245	32.3660489417	35.8787768783	9.401
281	0	0	1	1217	76	17.6421727632	29.0158792944	32.2434648986	7.717
281	0	0	2	2566	160	17.6421727632	32.3251903404	35.5527759446	12.189
282	0	0	1	430	26	15.908665614	28.253730483	31.1641758576	4.41
282	0	0	2	1777	111	15.908665614	33.4237847653	36.33423014	8.441
283	0	0	1	1217	76	19.6215617887	30.2827983555	33.8725075831	5.779
283	0	0	2	2566	160	19.6215617887	30.0041980143	33.5939072419	16.126
284	0	0	1	430	26	18.2890126116	30.5502122088	33.8961353336	11.433
284	0	0	2	1777	111	18.2890126116	30.1264330887	33.4723562135	8.252
285	0	0	1	1096	68	19.6515370485	34.6611802312	38.2563733477	7.118
285	0	0	2	2444	152	19.6515370485	30.7494753416	34.3446684581	4.315
286	0	0	1	432	27	20.6291693673	30.4796921341	34.253740318	11.213
286	0	0	2	1779	111	20.6291693673	31.703898719	35.4779469029	5.527
287	0	0	1	272	17	29.0258056589	31.5892049485	36.8993939911	17.055
287	0	0	2	1614	100	29.0258056589	32.9619334975	38.2721225401	5.307
288	0	0	1	438	27	19.1464409529	30.5186142255	34.0214014401	5.685
288	0	0	2	1784	111	19.1464409529	31.3385797868	34.8413670013	8.409
289	0	0	1	1061	66	23.0453402256	34.0637991832	38.2798789912	6.473
289	0	0	2	2406	150	23.0453402256	30.663661223	34.879741031	6.031
290	0	0	1	1093	68	18.4861142946	32.2812527694	35.6632350896	5.905
290	0	0	2	2442	152	18.4861142946	32.3034449174	35.6854272377	11.591
291	0	0	1	439	27	15.1945013167	29.7694922864	32.549283323	10.393
291	0	0	2	1784	111	15.1945013167	30.9079010442	33.6876920808	5.937
293	0	0	1	951	59	23.1315529025	28.6196092971	32.8514614705	18.032
293	0	0	2	2293	143	23.1315529025	28.6029049397	32.8347571131	6.158
294	0	0	1	430	26	21.4050428472	27.7797172708	31.6957093132	16.252
294	0	0	2	1776	111	21.4050428472	29.9919461395	33.9079381819	6.897
295	0	0	1	433	27	16.9382259239	31.5289990872	34.6277996083	5.166
295	0	0	2	1782	111	16.9382259239	30.6754600982	33.7742606193	4.661
296	0	0	1	414	25	19.3827876025	34.4462225229	37.9922486884	5.574
296	0	0	2	1762	110	19.3827876025	34.2038223672	37.7498485327	12.315
297	0	0	1	444	27	17.0914788836	29.792913456	32.9197511727	5.748
297	0	0	2	1791	111	17.0914788836	29.5505580152	32.6773957319	16.457
298	0	0	1	961	60	28.9880051909	31.0788999388	36.3821734928	6.614
298	0	0	2	2305	144	28.9880051909	31.2628110498	36.5660846037	10.283
301	0	0	1	1211	75	24.137008647	30.3726532876	34.7884507454	10.283
301	0	0	2	2561	160	24.137008647	31.6499016793	36.0656991371	7.244
302	0	0	1	951	59	22.6031848772	29.6565700767	33.7917588144	12.771
302	0	0	2	2293	143	22.6031848772	30.8873103817	35.0224991194	4.488
303	0	0	1	440	27	19.4454828084	28.2875643215	31.8450603977	7.401
303	0	0	2	1787	111	19.4454828084	29.9637370565	33.5212331327	16.158
304	0	0	1	433	27	18.3683366962	31.0241236777	34.3845589194	8.519
304	0	0	2	1781	111	18.3683366962	30.1541911284	33.5146263701	4.157
305	0	0	1	309	19	26.5370619113	26.7276413325	31.5825217462	13.685
305	0	0	2	1653	103	26.5370619113	26.3563422017	31.2112226154	15.717
306	0	0	1	429	26	15.4902399265	34.414369496	37.2482650747	13.166
306	0	0	2	1774	110	15.4902399265	32.5453117637	35.3792073424	11.118
307	0	0	1	444	27	16.5926378029	31.0184469799	34.0540231319	6.284
307	0	0	2	1790	111	16.5926378029	31.0223736932	34.0579498451	10.252
308	0	0	1	1105	69	20.5796154975	28.0918729	31.8568553436	5.197
308	0	0	2	2455	153	20.5796154975	32.5575774182	36.3225598618	5.292
309	0	0	1	474	29	25.4390426736	26.2763911488	30.9303920488	16.961
309	0	0	2	1821	113	25.4390426736	28.6067038686	33.2607047687	8.535
310	0	0	1	1217	76	19.6845616765	29.9816386611	33.5828735399	6.693
310	0	0	2	2565	160	19.6845616765	32.0875746301	35.6888095089	12.992
311	0	0	1	510	31	16.0552646552	31.2739031662	34.2111684208	6.094
311	0	0	2	1860	116	16.0552646552	31.4419732507	34.3792385053	11.496
312	0	0	1	571	35	25.4413019947	27.4803062632	32.1347204996	4.756
312	0	0	2	1920	120	25.4413019947	30.7612967994	35.4157110358	4.347
313	0	0	1	1064	66	25.8311178665	32.2645914872	36.9903214347	8.158
313	0	0	2	2412	150	25.8311178665	27.5644664825	32.29019643	10.347
314	0	0	1	1257	78	20.9019177239	27.7638553552	31.5878020794	8.221
314	0	0	2	2600	162	20.9019177239	26.5597617214	30.3837084456	17.307
314	1	0	1	1256	78	20.9019177239	27.757405239	31.5813519632	4
314	1	0	2	2602	162	20.9019177239	28.5941842896	32.4181310139	14.504
315	0	0	1	438	27	19.2772911374	32.3820004793	35.908726365	13.527
315	0	0	2	1783	111	19.2772911374	34.9627524486	38.4894783342	8.535
316	0	0	1	485	30	21.924235619	27.8243793174	31.8353562088	9.543
316	0	0	2	1830	114	21.924235619	31.1830814367	35.1940583281	7.937
317	0	0	1	572	35	24.4271521062	31.3281200147	35.7969983977	11.039
317	0	0	2	1921	120	24.4271521062	30.5386540957	35.0075324786	4.504
318	0	0	1	437	27	18.3276368269	29.7402163446	33.0932056603	4
318	0	0	2	1783	111	18.3276368269	29.9406929999	33.2936823156	13.118
319	0	0	1	438	27	17.9989340287	30.5313163399	33.8241704085	7.433
319	0	0	2	1784	111	17.9989340287	31.4643016041	34.7571556727	9.591
320	0	0	1	438	27	17.878715826	28.3733017416	31.6441622301	14.662
320	0	0	2	1783	111	17.878715826	28.1335350983	31.4043955868	19.748
321	0	0	1	441	27	18.3630661593	34.055408191	37.4148792029	5.591
321	0	0	2	1788	111	18.3630661593	32.6777148558	36.0371858677	15.118
322	0	0	1	1021	63	26.5717477938	19.8376387247	24.6988648225	7.118
322	0	0	2	2366	147	26.5717477938	23.0230336666	27.8842597644	15.15
323	0	0	1	865	54	25.4569179894	28.9382204129	33.5954915514	6.961
323	0	0	2	2209	138	25.4569179894	30.2192107357	34.8764818742	7.654
324	0	0	1	429	26	20.4738414247	33.7886127249	37.534244101	11.748
324	0	0	2	1776	111	20.4738414247	34.4517622886	38.1973936648	8.378
325	0	0	1	1217	76	22.1142790789	29.1666240265	33.2123688314	12.221
325	0	0	2	2567	160	22.1142790789	30.3597634617	34.4055082665	11.78
326	0	0	1	457	28	20.5608397364	29.1048061813	32.8663536525	8.409
326	0	0	2	1802	112	20.5608397364	30.1051443761	33.8666918473	10.22
327	0	0	1	437	27	22.2580405547	32.715174222	36.7872197822	6.441
327	0	0	2	1783	111	22.2580405547	34.5988590561	38.6709046163	8.599
328	0	0	1	438	27	17.1883629227	31.3810497758	34.5256121534	8.677
328	0	0	2	1782	111	17.1883629227	30.8555766867	34.0001390643	7.716
329	0	0	1	519	32	21.2827313563	29.2064871349	33.100102636	8.803
329	0	0	2	1865	116	21.2827313563	29.524229753	33.4178452541	10.095
330	0	0	1	439	27	17.0423408958	29.8690536349	32.9869016956	4.645
330	0	0	2	1784	111	17.0423408958	30.1232663178	33.2411143785	8.74
331	0	0	1	1223	76	17.2956117637	29.879509135	33.0436923846	8.63
331	0	0	2	2573	160	17.2956117637	28.6965531334	31.8607363831	10.347
332	0	0	1	440	27	16.3773935915	32.5247022518	35.5209000841	13.008
332	0	0	2	1784	111	16.3773935915	32.3346084557	35.330806288	6.189
332	1	0	1	439	27	16.3773935915	30.9228123812	33.9190102135	9.166
332	1	0	2	1783	111	16.3773935915	30.6680347089	33.6642325412	11.244
333	0	0	1	430	26	15.4426228467	28.4299443955	31.2551285641	14.945
333	0	0	2	1775	110	15.4426228467	29.3289321828	32.1541163514	14.693
334	0	0	1	487	30	23.9936553044	28.7400664548	33.1296378241	13.716
334	0	0	2	1832	114	23.9936553044	31.8394299044	36.2290012737	10.22
335	0	0	1	438	27	21.6892585345	32.080151211	36.0481397095	7.874
335	0	0	2	1784	111	21.6892585345	34.1596115906	38.1276000891	9.023
336	0	0	1	1255	78	22.28218265	27.8652647446	31.9417270328	9.811
336	0	0	2	2603	162	22.28218265	27.3868592256	31.4633215138	13.906
337	0	0	1	443	27	17.1901780122	29.5859365777	32.7308310208	6.929
337	0	0	2	1789	111	17.1901780122	30.197935089	33.342829532	11.685
338	0	0	1	842	52	23.5344733094	29.9844042342	34.2899695563	4.157
338	0	0	2	2184	136	23.5344733094	21.3080050928	25.6135704149	5.181
339	0	0	1	429	26	21.3000454806	31.4766697114	35.3734527826	8.347
339	0	0	2	1776	111	21.3000454806	30.7424050587	34.6391881299	13.071
340	0	0	1	440	27	19.7835954727	30.7704172879	34.3897701195	8.031
340	0	0	2	1787	111	19.7835954727	28.7955359369	32.4148887686	13.968
341	0	0	1	549	34	19.4022898205	28.9253734642	32.4749675054	12.866
341	0	0	2	1894	118	19.4022898205	29.8579674571	33.4075614983	11.055
342	0	0	1	1004	62	26.6939051891	27.6584405359	32.5420149836	16.41
342	0	0	2	2350	146	26.6939051891	28.4759530558	33.3595275035	13.748
343	0	0	1	430	26	16.5309166279	31.2541982801	34.2784827177	10.032
343	0	0	2	1776	111	16.5309166279	33.3675755987	36.3918600363	10
344	0	0	1	561	35	29.3642825282	29.5194608215	34.8915732499	11.181
344	0	0	2	1910	119	29.3642825282	30.1733012779	35.5454137064	6.441
345	0	0	1	430	26	18.9709247843	29.1779535656	32.6486305935	14.819
345	0	0	2	1776	111	18.9709247843	31.0395735149	34.5102505428	14.283
346	0	0	1	487	30	21.2698974442	28.0697094437	31.9609770169	13.528
346	0	0	2	1831	114	21.2698974442	27.4421085222	31.3333760954	5.339
347	0	0	1	549	34	24.5610436667	28.7176177005	33.2109911657	7.685
347	0	0	2	1897	118	24.5610436667	28.212701587	32.7060750522	14
348	0	0	1	915	57	22.7402105611	27.2130989562	31.3733561552	19.842
348	0	0	2	2257	141	22.7402105611	30.1934271075	34.3536843065	7.748
349	0	0	1	433	27	18.6840220636	30.6169546068	34.0351435935	13.937
349	0	0	2	1781	111	18.6840220636	33.0694916901	36.4876806768	9.811
350	0	0	1	490	30	22.6119634535	26.6389841163	30.7757788697	13.622
350	0	0	2	1834	114	22.6119634535	30.185391602	34.3221863555	7.779
351	0	0	1	457	28	26.734442304	28.2075796043	33.0985702025	4.725
351	0	0	2	1802	112	26.734442304	26.4949685201	31.3859591184	17.008
352	0	0	1	561	35	29.7661178948	29.9181650246	35.3637920968	8.284
352	0	0	2	1910	119	29.7661178948	30.525390271	35.9710173431	8.599
353	0	0	1	429	26	19.5665847951	28.9125012538	32.4921525958	5.78
353	0	0	2	1776	111	19.5665847951	31.4686613402	35.0483126822	10.567
354	0	0	1	556	34	25.3795912571	26.6803389467	31.3234633783	4.032
354	0	0	2	1907	119	25.3795912571	25.4624525209	30.1055769525	13.543
355	0	0	1	430	26	17.7300771621	32.608389797	35.8520572624	8.897
355	0	0	2	1776	111	17.7300771621	32.8823221876	36.1259896529	6
356	0	0	1	442	27	19.1331061569	29.4579110042	32.9582586555	5.811
356	0	0	2	1789	111	19.1331061569	31.969461051	35.4698087023	13.212
357	0	0	1	583	36	27.9568670815	30.1977745244	35.3124042779	10.283
357	0	0	2	1929	120	27.9568670815	27.9461644951	33.0607942486	6.441
358	0	0	1	488	30	20.9563253723	25.7358879752	29.5697884248	16.787
358	0	0	2	1833	114	20.9563253723	27.6999052943	31.5338057439	5.559
359	0	0	1	1212	75	20.1226556495	28.4840352053	32.1654181373	13.559
359	0	0	2	2561	160	20.1226556495	28.8280140089	32.5093969409	13.481
360	0	0	1	920	57	28.6781587025	25.3545832606	30.6011712759	7.37
360	0	0	2	2272	142	28.6781587025	27.2455055431	32.4920935584	7.433
361	0	0	1	413	25	23.9936042757	30.9582210639	35.3477830976	10.063
361	0	0	2	1760	110	23.9936042757	29.3590563973	33.748618431	9.559
362	0	0	1	439	27	16.3352513688	31.7137222001	34.702210232	6.283
362	0	0	2	1783	111	16.3352513688	32.2074599598	35.1959479917	4.157
363	0	0	1	429	26	21.2355610639	27.7524482081	31.6374340377	10.567
363	0	0	2	1775	110	21.2355610639	29.7439169871	33.6289028167	12.708
364	0	0	1	457	28	21.6290699323	31.2223853425	35.1793625064	5.496
364	0	0	2	1802	112	21.6290699323	30.1313758337	34.0883529977	6.095
366	0	0	1	488	30	23.5192174917	29.1293016709	33.4320759844	11.811
366	0	0	2	1832	114	23.5192174917	32.0271709552	36.3299452686	8.898
367	0	0	1	572	35	24.261856755	24.940440048	29.3790781141	12.677
367	0	0	2	1921	120	24.261856755	24.0616712763	28.5003093423	7.843
368	0	0	1	438	27	17.7841366496	30.1261624649	33.3797199606	17.969
368	0	0	2	1783	111	17.7841366496	29.3775259348	32.6310834304	15.039
369	0	0	1	439	27	19.0434833998	32.0603750725	35.544326494	6.441
369	0	0	2	1783	111	19.0434833998	31.6833392066	35.167290628	6.835
370	0	0	1	440	27	16.7775580294	30.9678869754	34.0372937598	6.725
370	0	0	2	1792	112	16.7775580294	33.1702259548	36.2396327391	9.134
371	0	0	1	1021	63	20.4253622335	26.0173637456	29.7541259909	15.622
371	0	0	2	2366	147	20.4253622335	26.500949658	30.2377119033	10.126
372	0	0	1	430	26	17.9516186184	34.3485979657	37.6327958138	12.535
372	0	0	2	1776	111	17.9516186184	31.6489046487	34.9331024969	7.968
373	0	0	1	431	26	17.3808524361	30.6506904861	33.8304682757	15.449
373	0	0	2	1775	110	17.3808524361	31.1370337905	34.3168115801	9.748
374	0	0	1	1060	66	22.9711578547	26.908961541	31.1114698941	6.85
374	0	0	2	2407	150	22.9711578547	24.2889510364	28.4914593895	6.96
375	0	0	1	430	26	19.8547122949	34.4892262736	38.1215897267	7.071
375	0	0	2	1775	110	19.8547122949	42.5331601367	46.1655235898	5.402
376	0	0	1	434	27	16.7800163426	31.3354915722	34.405348098	10.535
376	0	0	2	1781	111	16.7800163426	30.9724521748	34.0423087005	12.535
377	0	0	1	486	30	22.7025776614	28.1159236167	32.2692959831	17.937
377	0	0	2	1830	114	22.7025776614	26.6411691795	30.7945415459	8.583
378	0	0	1	441	27	18.139481867	32.5080025251	35.8265694232	7.055
378	0	0	2	1787	111	18.139481867	30.3824222897	33.7009891877	11.622
379	0	0	1	429	26	17.8914381863	31.697430386	34.9706183943	11.78
379	0	0	2	1775	110	17.8914381863	30.9865380398	34.2597260482	15.181
380	0	0	1	489	30	23.1476469388	29.8665482862	34.101344818	11.78
380	0	0	2	1834	114	23.1476469388	28.4028166369	32.6376131687	8.063
381	0	0	1	1214	75	20.1521986093	26.7260850237	30.4128727566	4.189
381	0	0	2	2562	160	20.1521986093	29.153291965	32.8400796979	17.212
382	0	0	1	487	30	20.7050300657	28.5972446474	32.3851713315	10.898
382	0	0	2	1831	114	20.7050300657	30.7037768447	34.4917035288	7.811
383	0	0	1	440	27	17.2138094361	30.2176140815	33.3668318267	8.961
383	0	0	2	1784	111	17.2138094361	31.8185235729	34.9677413181	9.717
384	0	0	1	1229	76	19.3484725998	29.5207017507	33.0604500836	9.086
384	0	0	2	2580	161	19.3484725998	28.927638678	32.4673870108	10.441
385	0	0	1	1092	68	25.2307070661	29.5255580873	34.1414445772	6.787
385	0	0	2	2440	152	25.2307070661	28.4617020535	33.0775885434	12.661
386	0	0	1	810	50	22.7318659992	23.0358394892	27.1945700742	4.473
386	0	0	2	2151	134	22.7318659992	26.0899229521	30.2486535371	11.653
387	0	0	1	1213	75	21.2466620602	26.223071368	30.1100880934	4.535
387	0	0	2	2564	160	21.2466620602	28.4461842988	32.3332010242	10.992
388	0	0	1	439	27	25.6664414045	26.531783976	31.2273868307	9.969
388	0	0	2	1784	111	25.6664414045	25.2322499024	29.927852757	13.496
389	0	0	1	931	58	28.9256888817	29.2319047024	34.5237776639	19.779
389	0	0	2	2274	142	28.9256888817	27.012443007	32.3043159684	11.433
389	1	0	1	934	58	28.9256888817	28.2392982216	33.531171183	4.74
389	1	0	2	2272	142	28.9256888817	26.7870633374	32.0789362988	4.724
390	0	0	1	1092	68	22.0989822078	25.8018493475	29.8447956331	5.905
390	0	0	2	2461	153	22.0989822078	31.5158589904	35.5588052759	6.74
391	0	0	1	431	26	17.6648408852	32.6407126375	35.8724453106	6.189
391	0	0	2	1776	111	17.6648408852	29.8952197887	33.1269524617	6.913
392	0	0	1	437	27	18.7976275284	31.5434006816	34.9823734668	8.457
392	0	0	2	1783	111	18.7976275284	30.7253370634	34.1643098486	9.465
393	0	0	1	290	18	23.1698728874	29.2005019658	33.4393646721	10.567
393	0	0	2	1634	102	23.1698728874	29.7831682355	34.0220309417	5.48
394	0	0	1	429	26	18.1739118785	34.2835846133	37.6084503846	8
394	0	0	2	1776	111	18.1739118785	33.0438694002	36.3687351715	10.189
395	0	0	1	430	26	21.6023010495	29.6659281648	33.6180080373	9.685
395	0	0	2	1776	111	21.6023010495	27.1471169694	31.099196842	11.465
396	0	0	1	438	27	17.5821403993	28.4761646651	31.6927675181	12.756
396	0	0	2	1784	111	17.5821403993	29.3264839176	32.5430867706	12.472
397	0	0	1	492	30	23.7706052584	30.1456835898	34.4944485841	9.685
397	0	0	2	1840	115	23.7706052584	30.4591929024	34.8079578966	5.355
398	0	0	1	471	29	20.7195021913	29.8711010881	33.6616754066	5.748
398	0	0	2	1817	113	20.7195021913	32.8922165574	36.6827908759	8.756
399	0	0	1	437	27	18.9691490698	30.811188104	34.28154027	8.819
399	0	0	2	1781	111	18.9691490698	34.2542902799	37.7246424459	9.622
400	0	0	1	432	27	19.4103547314	33.320837292	36.8719067858	4.992
400	0	0	2	1779	111	19.4103547314	31.159789821	34.7108593149	13.842
401	0	0	1	1103	68	23.6427346038	-1.42979536138	2.89557605833	16.284
401	0	0	2	2450	153	23.6427346038	-2.09897116645	2.22640025326	5.433
402	0	0	1	1018	63	25.5541051897	31.1237580277	35.7988092896	7.653
402	0	0	2	2363	147	25.5541051897	25.0721371577	29.7471884196	5.874
403	0	0	1	430	26	16.389297859	28.7212589797	31.7196346641	8.126
403	0	0	2	1776	111	16.389297859	30.2083721115	33.2067477959	7.843
404	0	0	1	437	27	23.274550623	32.1812198197	36.4392330216	8.614
404	0	0	2	1783	111	23.274550623	31.6792429602	35.9372561621	10.393
405	0	0	1	434	27	17.8925871501	32.8943840194	36.1677822274	10.63
405	0	0	2	1781	111	17.8925871501	34.2203171642	37.4937153722	9.591
406	0	0	1	440	27	17.4648839145	27.7608846803	30.9560357911	10.756
406	0	0	2	1787	111	17.4648839145	27.8746013465	31.0697524573	14.315
407	0	0	1	1105	69	23.3912512563	30.3824610876	34.6618243403	5.905
407	0	0	2	2454	153	23.3912512563	30.6822860837	34.9616493363	11.464
408	0	0	1	1246	77	20.7195352176	29.5012222016	33.2918025622	4.189
408	0	0	2	2596	162	20.7195352176	31.1550009489	34.9455813095	17.433
409	0	0	1	489	30	21.4185016698	30.6181575753	34.5366118712	9.78
409	0	0	2	1834	114	21.4185016698	30.9897809531	34.9082352491	10.756
410	0	0	1	439	27	20.4238033966	30.2115959252	33.9480729857	6.614
410	0	0	2	1784	111	20.4238033966	30.9459080591	34.6823851196	6.409
411	0	0	1	431	26	17.9572318275	30.2145533556	33.4997781245	10.504
411	0	0	2	1777	111	17.9572318275	31.0182105506	34.3034353194	9.149
412	0	0	1	834	52	27.7575675372	29.1145909627	34.1927594283	10.504
412	0	0	2	2176	136	27.7575675372	22.8166780441	27.8948465097	11.228
413	0	0	1	486	30	26.1536450053	25.9163044065	30.7010397818	18.441
413	0	0	2	1830	114	26.1536450053	25.7942447371	30.5789801124	14.945
414	0	0	1	439	27	16.3065784342	30.8203629387	33.8036053383	4.504
414	0	0	2	1784	111	16.3065784342	32.6001880138	35.5834304134	8.362
415	0	0	1	211	13	23.4206169969	29.2251606853	33.5098963171	4.614
415	0	0	2	1553	97	23.4206169969	34.4867056109	38.7714412427	9.622
416	0	0	1	434	27	18.1556350668	31.2368987786	34.5584208589	6.22
416	0	0	2	1783	111	18.1556350668	29.1110058982	32.4325279784	8
417	0	0	1	432	27	22.6427273776	29.7738923624	33.9163152887	5.811
417	0	0	2	1781	111	22.6427273776	31.7998223303	35.9422452566	5.559
418	0	0	1	429	26	18.0081181833	32.9521841278	36.2467184115	13.685
418	0	0	2	1775	110	18.0081181833	35.791261867	39.0857961507	9.496
419	0	0	1	439	27	18.0190926978	29.9839854199	33.28052746	6.803
419	0	0	2	1788	111	18.0190926978	30.7269285924	34.0234706325	15.055
420	0	0	1	443	27	26.2065401594	31.8521070312	36.6465194253	13.968
420	0	0	2	1788	111	26.2065401594	31.765307178	36.5597195721	11.528
421	0	0	1	438	27	16.0912330798	31.0698349877	34.0136805639	6.378
421	0	0	2	1783	111	16.0912330798	31.8985019484	34.8423475246	8.661
422	0	0	1	442	27	17.1383448729	29.2921963408	32.4276080576	6
422	0	0	2	1789	111	17.1383448729	29.5637890893	32.6992008061	15.937
423	0	0	1	438	27	31.082197443	21.252601191	26.9390012938	5.354
423	0	0	2	1784	111	31.082197443	21.2083591853	26.8947592881	5.78
424	0	0	1	883	55	28.2070086141	26.5441646366	31.704557076	25.307
424	0	0	2	2228	139	28.2070086141	29.5448439758	34.7052364152	11.103
425	0	0	1	430	26	22.8502144578	32.6276071545	36.8079892553	12.315
425	0	0	2	1779	111	22.8502144578	34.9396995171	39.1200816179	6.866
426	0	0	1	430	26	16.0064168116	29.8578855174	32.7862141972	7.701
426	0	0	2	1777	111	16.0064168116	30.7742167749	33.7025454547	12.441
427	0	0	1	438	27	16.9310210424	30.1308100257	33.2282924341	15.842
427	0	0	2	1783	111	16.9310210424	29.5590479177	32.6565303262	6.708
428	0	0	1	439	27	22.6752670561	36.2488054025	40.397181371	8.094
428	0	0	2	1787	111	22.6752670561	31.9717359326	36.1201119011	6.819
429	0	0	1	438	27	17.6639714228	32.089366796	35.3209404033	16
429	0	0	2	1783	111	17.6639714228	29.3349174743	32.5664910817	9.37
430	0	0	1	160	10	28.5362832512	26.9449228905	32.1655551933	8.063
430	0	0	2	1501	93	28.5362832512	24.4211319203	29.6417642231	8.283
431	0	0	1	430	26	20.6903345295	31.0391066021	34.8243447794	14.772
431	0	0	2	1776	111	20.6903345295	34.1322517379	37.9174899152	5.874
432	0	0	1	472	29	22.1803243843	16.1938344839	20.2516620905	4.819
432	0	0	2	1821	113	22.1803243843	28.2179852675	32.2758128741	4.157
433	0	0	1	430	26	19.1092212011	32.1541958199	35.6501737861	12.456
433	0	0	2	1776	111	19.1092212011	31.8442765799	35.3402545462	7.748
434	0	0	1	432	27	15.9019070756	28.4517209829	31.3609299021	6.252
434	0	0	2	1779	111	15.9019070756	31.2393791651	34.1485880843	4.252
436	0	0	1	440	27	16.049296705	30.6334637889	33.5696372239	13.669
436	0	0	2	1787	111	16.049296705	29.7287326759	32.6649061109	10.866
437	0	0	1	820	51	22.9243953306	26.0062233194	30.200176601	8.063
437	0	0	2	2164	135	22.9243953306	26.6373043702	30.8312576518	16.126
438	0	0	1	446	27	23.963576552	28.3387371382	32.7228056848	4.409
438	0	0	2	1793	112	23.963576552	31.0908319601	35.4749005067	16.236
439	0	0	1	534	33	21.5291050596	27.7375720705	31.6762609437	12.441
439	0	0	2	1883	117	21.5291050596	26.3478793673	30.2865682405	5.811
440	0	0	1	430	26	20.9111674388	31.3119963754	35.1376353088	8.032
440	0	0	2	1777	111	20.9111674388	30.424492151	34.2501310844	11.779
441	0	0	1	437	27	17.6736032716	30.8131241666	34.0464598935	8.614
441	0	0	2	1783	111	17.6736032716	30.2288080386	33.4621437654	13.37
442	0	0	1	430	26	15.6984233113	34.832238877	37.7042210171	16.441
442	0	0	2	1775	110	15.6984233113	36.0413146828	38.9132968229	16.189
443	0	0	1	242	15	25.1955628368	29.8571594152	34.4666163678	8.41
443	0	0	2	1582	98	25.1955628368	25.9956687148	30.6051256674	5.276
444	0	0	1	1103	68	21.1139338879	31.6100383607	35.4727728425	5.181
444	0	0	2	2450	153	21.1139338879	31.9970401702	35.8597746519	13.402
445	0	0	1	489	30	23.6762135004	28.0138449075	32.3453411967	14.882
445	0	0	2	1833	114	23.6762135004	28.2829994123	32.6144957015	10.252
446	0	0	1	440	27	16.5114267062	28.0696593116	31.0903781232	12.599
446	0	0	2	1787	111	16.5114267062	30.0504800195	33.0711988311	12.645
447	0	0	1	234	14	22.620890159	26.8738462577	31.0122741266	9.653
447	0	0	2	1577	98	22.620890159	27.9806899305	32.1191177994	12
448	0	0	1	430	26	20.6099524485	26.781420315	30.551952818	11.181
448	0	0	2	1776	111	20.6099524485	26.7749744798	30.5455069827	7.307
449	0	0	1	209	13	25.4426109078	27.0078306193	31.6624843177	9.748
449	0	0	2	1552	97	25.4426109078	26.5363823861	31.1910360845	7.149
451	0	0	1	310	19	26.4986687308	26.2915559525	31.1394124424	15.591
451	0	0	2	1656	103	26.4986687308	25.7723892534	30.6202457434	5.591
452	0	0	1	431	26	19.8795456312	30.452787367	34.0896940087	12.725
452	0	0	2	1779	111	19.8795456312	29.7657040837	33.4026107255	14.661
453	0	0	1	428	26	17.3694889571	30.0339701443	33.2116690175	7.134
453	0	0	2	1774	110	17.3694889571	30.6111442445	33.7888431177	12.221
454	0	0	1	429	26	26.2465297992	31.0282903991	35.8300187847	9.04
454	0	0	2	1776	111	26.2465297992	30.0774691566	34.8791975422	14.866
455	0	0	1	434	27	15.8283381806	32.1319946731	35.027744371	7.244
455	0	0	2	1781	111	15.8283381806	31.1014120579	33.9971617558	9.118
456	0	0	1	76	4	27.0046891422	29.8895770407	34.8300085336	10.834
456	0	0	2	1415	88	27.0046891422	29.470390061	34.4108215539	7.212
457	0	0	1	1093	68	18.8720158588	32.7299967999	36.1825787197	7.024
457	0	0	2	2441	152	18.8720158588	32.6561274751	36.1087093949	13.118
458	0	0	1	433	27	19.1160495575	32.0344066247	35.5316338194	6.032
458	0	0	2	1780	111	19.1160495575	34.0859010205	37.5831282152	4.378
459	0	0	1	428	26	19.5345952429	34.1843880988	37.7581870427	6.567
459	0	0	2	1775	110	19.5345952429	32.866262435	36.440061379	8.567
460	0	0	1	933	58	22.753543808	26.5163446871	30.6790411659	14.22
460	0	0	2	2276	142	22.753543808	28.8368852662	32.999581745	4.378
461	0	0	1	443	27	17.9916182548	30.1906666318	33.4821823002	7.04
461	0	0	2	1791	111	17.9916182548	31.2249298481	34.5164455165	7.197
462	0	0	1	433	27	19.160737592	30.2850975698	33.790500314	8.74
462	0	0	2	1781	111	19.160737592	29.1791293751	32.6845321194	6.756
463	0	0	1	438	27	19.1089465713	28.6559917265	32.1519194499	7.622
463	0	0	2	1782	111	19.1089465713	29.1773255356	32.6732532591	4.189
464	0	0	1	430	26	17.8370946075	31.5941481296	34.8573941339	7.969
464	0	0	2	1776	111	17.8370946075	30.481495463	33.7447414673	11.464
465	0	0	1	431	26	19.3708520475	29.8399118167	33.3837544062	10.425
465	0	0	2	1779	111	19.3708520475	30.2485688492	33.7924114387	5.905
466	0	0	1	1218	76	21.0605136204	29.2402295236	33.0931909185	8.992
466	0	0	2	2567	160	21.0605136204	28.7075254128	32.5604868077	13.465
467	0	0	1	429	26	21.0628247171	32.5317197082	36.3851039117	5.591
467	0	0	2	1775	110	21.0628247171	32.0636795024	35.9170637059	13.023
469	0	0	1	440	27	17.8645697731	28.6420748305	31.9103473386	7.937
469	0	0	2	1787	111	17.8645697731	29.8738894372	33.1421619453	10.157
470	0	0	1	440	27	18.2386571336	31.4951177852	34.8318285178	9.654
470	0	0	2	1785	111	18.2386571336	29.7420202512	33.0787309838	9.78
471	0	0	1	430	26	16.8734568849	30.1756473566	33.2625985652	15.401
471	0	0	2	1777	111	16.8734568849	32.0325418401	35.1194930488	13.716
472	0	0	1	488	30	22.1361164942	31.6402748003	35.6900146985	10.126
472	0	0	2	1833	114	22.1361164942	30.3802409026	34.4299808008	9.276
473	0	0	1	994	62	24.7227146186	28.1625219919	32.6854727005	10.583
473	0	0	2	2337	146	24.7227146186	27.8364634518	32.3594141603	8.504
474	0	0	1	477	29	21.124992003	30.9072075784	34.7719651111	10.851
474	0	0	2	1826	114	21.124992003	27.202794793	31.0675523256	8.031
475	0	0	1	1218	76	21.3828637738	29.621341472	33.5332759157	10.709
475	0	0	2	2567	160	21.3828637738	31.2161943287	35.1281287724	13.654
476	0	0	1	430	26	24.1484244675	30.4482403521	34.8661263019	11.26
476	0	0	2	1775	110	24.1484244675	29.0899600346	33.5078459845	4.252
477	0	0	1	343	21	24.9271399266	24.657257909	29.2176076494	12.315
477	0	0	2	1686	105	24.9271399266	28.9804874405	33.540837181	5.465
478	0	0	1	438	27	24.7492764134	28.2995950823	32.8274051961	17.685
478	0	0	2	1783	111	24.7492764134	27.090257086	31.6180671998	16.032
479	0	0	1	490	30	23.9359092725	29.208498071	33.5875049671	15.26
479	0	0	2	1834	114	23.9359092725	30.8335158329	35.212522729	7.969
480	0	0	1	431	26	17.3445479232	28.331190103	31.5043260846	6.362
480	0	0	2	1779	111	17.3445479232	30.0328419828	33.2059779644	4.519
481	0	0	1	1104	69	22.56890027	15.5040194567	19.6329359225	7.402
481	0	0	2	2463	153	22.56890027	7.50469792365	11.6336143894	6.788
482	0	0	1	74	4	22.4441514289	29.9924867919	34.0985808101	15.212
482	0	0	2	1414	88	22.4441514289	27.437166369	31.5432603872	4.551
483	0	0	1	1234	77	20.0563371289	28.1186213077	31.7878714539	7.165
483	0	0	2	2583	161	20.0563371289	30.1012055916	33.7704557378	10.598
484	0	0	1	440	27	17.6007101167	29.8609667423	33.0809668726	14.472
484	0	0	2	1784	111	17.6007101167	31.5457850687	34.765785199	7.417
485	0	0	1	438	27	19.5236722986	28.642538987	32.2143396092	7.937
485	0	0	2	1783	111	19.5236722986	32.2809383294	35.8527389516	5.338
486	0	0	1	431	26	18.9910976166	30.4405133331	33.9148809237	8.913
486	0	0	2	1779	111	18.9910976166	32.4062335867	35.8806011773	11.717
487	0	0	1	429	26	21.0301500244	31.8211378904	35.6685443513	17.149
487	0	0	2	1775	110	21.0301500244	30.632983695	34.4803901559	16.709
488	0	0	1	438	27	15.8779062576	28.8749682791	31.7797863166	12.22
488	0	0	2	1783	111	15.8779062576	30.4713902572	33.3762082946	17.433
489	0	0	1	438	27	26.2411202969	27.6404135677	32.4411523002	7.276
489	0	0	2	1784	111	26.2411202969	25.9071282895	30.707867022	7.685
490	0	0	1	1210	75	23.0582983371	28.8776110688	33.0960615266	13.842
490	0	0	2	2561	160	23.0582983371	29.5252715897	33.7437220476	10.96
491	0	0	1	1198	74	22.9033196837	29.5729379004	33.7630354521	14.535
491	0	0	2	2549	159	22.9033196837	25.0202932334	29.210390785	4.032
492	0	0	1	438	27	18.3820026196	33.2025587834	36.5654941671	7.496
492	0	0	2	1783	111	18.3820026196	32.6653279363	36.02826332	9.874
493	0	0	1	438	27	19.3149096051	32.7894048454	36.3230129233	5.039
493	0	0	2	1781	111	19.3149096051	33.6521289339	37.1857370118	8.221
494	0	0	1	897	56	29.5917249833	37.1148385234	42.5285609057	5.512
494	0	0	2	2235	139	29.5917249833	28.2670989009	33.6808212831	6.725
495	0	0	1	558	34	24.1338012564	29.9291710611	34.3443817358	11.811
495	0	0	2	1907	119	24.1338012564	24.9047422496	29.3199529244	7.26
496	0	0	1	439	27	25.2524547405	26.7769385742	31.3968037397	11.402
496	0	0	2	1784	111	25.2524547405	29.8823314959	34.5021966614	9.008
497	0	0	1	1095	68	22.0568183505	32.5046954564	36.5399279835	4.913
497	0	0	2	2446	152	22.0568183505	34.0919009796	38.1271335067	7.355
498	0	0	1	430	26	18.6878518307	33.4373936114	36.8562832432	10.599
498	0	0	2	1776	111	18.6878518307	34.7828200884	38.2017097202	5.401
499	0	0	1	82	5	25.9836844744	32.5782425968	37.3318841737	9.244
499	0	0	2	1421	88	25.9836844744	31.6740054657	36.4276470426	6.929
500	0	0	1	1098	68	20.2169334673	33.9956396645	37.6942704565	5.102
500	0	0	2	2446	152	20.2169334673	35.7105810226	39.4092118147	5.654
501	0	0	1	430	26	28.7439191277	25.3452542923	30.6038729914	9.969
501	0	0	2	1775	110	28.7439191277	23.3777488316	28.6363675307	5.968
502	0	0	1	1233	77	20.8528735582	31.4422450351	35.257219268	7.339
502	0	0	2	2582	161	20.8528735582	31.2848828891	35.099857122	9.874
503	0	0	1	783	48	27.3321957076	27.5250592238	32.5254071164	15.968
503	0	0	2	2120	132	27.3321957076	32.0596367479	37.0599846405	13.654
504	0	0	1	456	28	24.9806687027	30.0405072061	34.6106498847	5.244
504	0	0	2	1801	112	24.9806687027	30.4914518483	35.0615945269	11.008
505	0	0	1	1108	69	22.3131486161	33.1911809447	37.2733083688	9.496
505	0	0	2	2456	153	22.3131486161	32.5656126119	36.6477400361	15.654
506	0	0	1	430	26	19.2707251745	31.8784196401	35.4039443015	10.221
506	0	0	2	1777	111	19.2707251745	28.5127206349	32.0382452962	4.252
507	0	0	1	439	27	22.7401617022	29.6860545996	33.84630286	4.315
507	0	0	2	1787	111	22.7401617022	29.031952782	33.1922010424	4.504
508	0	0	1	430	26	18.7407581601	33.1810539681	36.6096226633	7.496
508	0	0	2	1779	111	18.7407581601	32.5347927952	35.9633614904	5.622
509	0	0	1	1251	78	18.7565822852	29.3519498511	32.7834135251	8.693
509	0	0	2	2598	162	18.7565822852	29.9822122519	33.4136759259	17.78
510	0	0	1	485	30	23.5763990327	29.5315757971	33.8448113117	7.748
510	0	0	2	1829	114	23.5763990327	31.1651025486	35.4783380632	6.536
511	0	0	1	1213	75	21.723744186	28.0612747567	32.0355723076	4.63
511	0	0	2	2562	160	21.723744186	30.1372896353	34.1115871861	12.787
512	0	0	1	432	27	22.4941753745	31.1106454303	35.2258911879	6.252
512	0	0	2	1779	111	22.4941753745	31.0316822587	35.1469280162	8.063
513	0	0	1	433	27	17.383096085	31.1551101764	34.3352984352	5.04
513	0	0	2	1780	111	17.383096085	30.1768012486	33.3569895074	18.803
514	0	0	1	460	28	21.8199318352	29.4591356893	33.4510304985	4.032
514	0	0	2	1808	113	21.8199318352	29.933656468	33.9255512772	7.134
515	0	0	1	430	26	19.3265937641	30.5611048899	34.0968505516	13.512
515	0	0	2	1775	110	19.3265937641	30.8881305457	34.4238762075	12.22
516	0	0	1	429	26	15.2146967739	33.3666895868	36.1501753251	14.347
516	0	0	2	1774	110	15.2146967739	32.8011827744	35.5846685127	13.527
517	0	0	1	487	30	24.3773752814	27.5108999191	31.9706717728	13.685
517	0	0	2	1831	114	24.3773752814	28.1774709686	32.6372428222	9.685
518	0	0	1	561	35	27.6732863439	27.6217390641	32.6844885238	11.055
518	0	0	2	1910	119	27.6732863439	30.7265559241	35.7893053838	8.913
519	0	0	1	490	30	22.6844805002	29.215702271	33.365763813	7.103
519	0	0	2	1834	114	22.6844805002	29.5744553573	33.7245168993	6.456
520	0	0	1	1031	64	23.3577834758	27.0678018345	31.3410422513	5.937
520	0	0	2	2376	148	23.3577834758	40.1584103266	44.4316507435	5.071
521	0	0	1	903	56	26.2371840759	28.7374689383	33.5374875503	15.779
521	0	0	2	2245	140	26.2371840759	29.1407522394	33.9407708513	7.874
522	0	0	1	1246	77	23.788434567	29.2375176374	33.5895444532	5.496
522	0	0	2	2597	162	23.788434567	27.5335242513	31.8855510672	21.244
523	0	0	1	376	23	21.6407071783	32.2982374247	36.2573435899	6.378
523	0	0	2	1722	107	21.6407071783	31.4710554358	35.4301616009	6.473
524	0	0	1	577	36	22.3845220567	31.4736762007	35.5688611939	9.843
524	0	0	2	1926	120	22.3845220567	30.7915713433	34.8867563365	7.024
525	0	0	1	472	29	23.6454868453	14.0725340268	18.3984089613	8.944
525	0	0	2	1824	114	23.6454868453	27.9459784725	32.271853407	4.866
526	0	0	1	431	26	19.1449027734	31.7031664747	35.2056722836	8.189
526	0	0	2	1779	111	19.1449027734	31.839001754	35.341507563	10.126
527	0	0	1	439	27	19.5174886481	34.7780261566	38.3486954974	8.315
527	0	0	2	1784	111	19.5174886481	29.845718041	33.4163873819	8
528	0	0	1	438	27	19.1085718692	30.9872581688	34.4831173416	9.465
528	0	0	2	1783	111	19.1085718692	33.1749735273	36.6708327001	7.653
529	0	0	1	439	27	18.672615372	31.5990263889	35.0151285537	13.102
529	0	0	2	1785	111	18.672615372	32.8161858511	36.2322880159	10
530	0	0	1	429	26	22.8373657472	35.2806164937	39.4586479592	4.519
530	0	0	2	1775	110	22.8373657472	35.0415857522	39.2196172177	12.252
531	0	0	1	434	27	17.6300100404	30.850533069	34.0758935375	11.433
531	0	0	2	1781	111	17.6300100404	32.7533009177	35.9786613862	8.472
532	0	0	1	985	61	28.5571508939	20.8553101352	26.0797601142	10.866
532	0	0	2	2330	145	28.5571508939	29.5314327609	34.75588274	11.465
533	0	0	1	1096	68	18.8022728154	33.4493007016	36.8891233289	7.874
533	0	0	2	2456	153	18.8022728154	36.5697728143	40.0095954416	9.181
534	0	0	1	434	27	16.969340917	30.0139778996	33.1184708207	7.165
534	0	0	2	1781	111	16.969340917	30.8146521941	33.9191451152	9.37
535	0	0	1	1040	65	22.8368512914	27.6498366889	31.8277740362	10.803
535	0	0	2	2391	149	22.8368512914	26.5623799465	30.7403172938	15.717
535	1	0	1	1055	65	22.8368512914	24.9092496965	29.0871870437	12.347
535	1	0	2	2393	149	22.8368512914	27.2439970768	31.421934424	17.874
536	0	0	1	488	30	23.9239729295	27.8059268187	32.1827499946	18.472
536	0	0	2	1832	114	23.9239729295	30.6400449212	35.0168680971	7.527
537	0	0	1	879	54	23.0806495766	27.6031226704	31.8256622244	7.842
537	0	0	2	2222	138	23.0806495766	26.7993491484	31.0218887024	18.819
538	0	0	1	439	27	20.1567011005	30.0088950503	33.6965065012	7.244
538	0	0	2	1784	111	20.1567011005	31.2166222983	34.9042337492	12
539	0	0	1	485	30	22.8026094437	31.8420171613	36.0136900594	12.504
539	0	0	2	1829	114	22.8026094437	31.6735031542	35.8451760523	11.275
540	0	0	1	413	25	21.1515654476	32.4346752315	36.3042943007	5.811
540	0	0	2	1760	110	21.1515654476	35.2943346327	39.1639537018	10.22
541	0	0	1	1233	77	21.9339475399	30.5779395498	34.5906932096	6.661
541	0	0	2	2583	161	21.9339475399	30.8021491942	34.8149028541	6.315
542	0	0	1	432	27	17.3295528869	30.9206369796	34.0910296617	6.189
542	0	0	2	1779	111	17.3295528869	31.7579315319	34.9283242141	11.905
543	0	0	1	237	14	22.7801873165	28.1483341776	32.3159050109	9.685
543	0	0	2	1579	98	22.7801873165	26.9228440901	31.0904149234	9.968
544	0	0	1	443	27	21.2121035351	29.0035565447	32.8842508857	5.843
544	0	0	2	1789	111	21.2121035351	31.4184706842	35.2991650252	6.41
545	0	0	1	433	27	18.0702480713	29.9215640187	33.2274647897	4.063
545	0	0	2	1781	111	18.0702480713	30.6446416213	33.9505423923	10.283
546	0	0	1	1240	77	24.3581230214	25.6164615756	30.0727112828	5.748
546	0	0	2	2589	161	24.3581230214	26.3534488072	30.8096985143	14.441
547	0	0	1	485	30	21.2967607071	27.7323069451	31.6284890762	18.126
547	0	0	2	1830	114	21.2967607071	29.7124623741	33.6086445052	6.976
548	0	0	1	902	56	27.4226292835	29.2314145595	34.248307019	7.008
548	0	0	2	2244	140	27.4226292835	29.4648525072	34.4817449667	6.283
549	0	0	1	347	21	19.4735176915	28.6614492217	32.2240742004	8.158
549	0	0	2	1691	105	19.4735176915	28.5557568808	32.1183818595	8.189
550	0	0	1	473	29	20.6269266789	31.3742714923	35.1479093827	5.59
550	0	0	2	1817	113	20.6269266789	32.8283599246	36.601997815	15.276
551	0	0	1	1022	63	22.3651621645	33.5307726248	37.6224157805	6.504
551	0	0	2	2366	147	22.3651621645	29.2434126393	33.335055795	4.063
552	0	0	1	438	27	17.0844249456	34.4958676907	37.6214149094	7.654
552	0	0	2	1783	111	17.0844249456	30.6757863942	33.8013336129	13.78
553	0	0	1	417	26	18.5025940207	29.6899731813	33.0749704208	12.582
553	0	0	2	1764	110	18.5025940207	32.9935621911	36.3785594306	4.189
554	0	0	1	489	30	23.7541379876	30.1930953622	34.5388477158	9.133
554	0	0	2	1833	114	23.7541379876	30.2391245628	34.5848769165	12.929
555	0	0	1	488	30	22.531172818	29.0210654053	33.1430797405	15.023
555	0	0	2	1832	114	22.531172818	31.9738064131	36.0958207483	10.441
556	0	0	1	440	27	17.0841962469	29.7951656594	32.9206710383	13.449
556	0	0	2	1785	111	17.0841962469	28.6223660001	31.747871379	7.496
557	0	0	1	1224	76	21.4011399561	29.3246926692	33.2399706887	5.843
557	0	0	2	2575	160	21.4011399561	31.5454017502	35.4606797697	10.095
558	0	0	1	795	49	26.1710475382	31.2271159236	36.0150350431	7.055
558	0	0	2	2135	133	26.1710475382	28.0992791476	32.887198267	17.401
559	0	0	1	431	26	17.7629514531	31.5201289117	34.7698106356	10.346
559	0	0	2	1777	111	17.7629514531	29.6261002677	32.8757819916	14.126
560	0	0	1	439	27	17.6417900909	31.4830675951	34.7105831905	4.252
560	0	0	2	1784	111	17.6417900909	30.2397364041	33.4672519995	8.598
561	0	0	1	438	27	21.6199079918	31.0052003938	34.9605014067	6.614
561	0	0	2	1783	111	21.6199079918	28.1173972751	32.0726982879	6.63
562	0	0	1	490	30	22.2895577065	30.6482505924	34.7260621264	5.197
562	0	0	2	1833	114	22.2895577065	31.2465430673	35.3243546012	6.63
563	0	0	1	793	49	23.8054117827	32.7518308915	37.106963641	5.008
563	0	0	2	2133	133	23.8054117827	31.1171694534	35.4723022028	6.158
564	0	0	1	432	27	19.8597675523	31.0690123708	34.702300669	9.355
564	0	0	2	1779	111	19.8597675523	32.4009440194	36.0342323175	11.905
565	0	0	1	341	21	19.8754192384	30.4599398641	34.096091594	13.244
565	0	0	2	1684	105	19.8754192384	28.975691615	32.6118433449	7.968
566	0	0	1	430	26	20.2057674259	25.9432888309	29.6398768272	13.291
566	0	0	2	1776	111	20.2057674259	27.5745912704	31.2711792668	9.181
567	0	0	1	430	26	21.7092179294	31.250556909	35.2221969223	4.362
567	0	0	2	1780	111	21.7092179294	30.2311546447	34.202794658	6.803
568	0	0	1	439	27	17.1356385729	3.49028883386	6.62520544075	9.622
568	0	0	2	1785	111	17.1356385729	4.43886800678	7.57378461368	12.032
569	0	0	1	456	28	22.2942947756	27.4012323692	31.4799105366	6.96
569	0	0	2	1802	112	22.2942947756	27.8446474257	31.923325593	9.402
570	0	0	1	536	33	17.9204119857	28.4731238135	31.7516124964	14.567
570	0	0	2	1889	118	17.9204119857	23.8109191235	27.0894078064	10.063
571	0	0	1	1097	68	21.8934169068	34.3686629677	38.3740016629	10.252
571	0	0	2	2445	152	21.8934169068	33.8577043163	37.8630430115	4.189
572	0	0	1	470	29	23.3214940402	33.6261082369	37.8927096042	8.63
572	0	0	2	1817	113	23.3214940402	32.3924057071	36.6590070743	8.126
573	0	0	1	429	26	15.9520638961	28.5242522822	31.4426372499	15.165
573	0	0	2	1777	111	15.9520638961	29.684406163	32.6027911306	13.464
574	0	0	1	429	26	22.4760846199	26.237047137	30.3489832421	6.032
574	0	0	2	1775	110	22.4760846199	28.1767917484	32.2887278535	9.402
575	0	0	1	430	26	16.3650211143	29.6715527072	32.6654870298	13.874
575	0	0	2	1776	111	16.3650211143	30.9793543863	33.9732887089	11.937
576	0	0	1	234	14	25.4899714116	28.8582425853	33.5215607539	9.496
576	0	0	2	1578	98	25.4899714116	27.9450944245	32.6084125931	13.937
577	0	0	1	490	30	22.4009710937	28.9138954516	33.0120897496	16
577	0	0	2	1835	114	22.4009710937	28.4251485109	32.5233428089	14.252
578	0	0	1	438	27	17.8411355167	29.4508733177	32.7148585948	10.393
578	0	0	2	1783	111	17.8411355167	30.3062692839	33.570254561	9.134
579	0	0	1	477	29	20.3665511193	28.2732065183	31.9992094365	13.937
579	0	0	2	1824	114	20.3665511193	25.3468524797	29.072855398	4.787
580	0	0	1	1258	78	17.0643281102	28.9158942385	32.037764798	10.157
580	0	0	2	2608	163	17.0643281102	28.0789619872	31.2008325467	6.504
581	0	0	1	380	23	20.9594512366	23.686610234	27.5210825516	13.685
581	0	0	2	1723	107	20.9594512366	21.922533173	25.7570054906	12.677
582	0	0	1	488	30	24.8933789737	29.0487767261	33.6029499957	18.441
582	0	0	2	1833	114	24.8933789737	31.4858482943	36.0400215639	10.252
583	0	0	1	1253	78	22.9475446426	28.0891690387	32.2873574214	8.473
583	0	0	2	2600	162	22.9475446426	26.9409765741	31.1391649568	16.803
583	1	0	1	1250	78	22.9475446426	27.2361086391	31.4342970218	8.378
583	1	0	2	2598	162	22.9475446426	24.9056781665	29.1038665493	23.811
583	2	0	1	1248	78	22.9475446426	27.5856142046	31.7838025874	7.04
583	2	0	2	2604	162	22.9475446426	27.1779200722	31.3761084549	8.866
584	0	0	1	432	27	15.2063538564	29.9937772788	32.775736704	10.126
584	0	0	2	1779	111	15.2063538564	31.7836961262	34.5656555514	12.189
585	0	0	1	431	26	16.1583069815	32.1890935659	35.1452101226	14.504
585	0	0	2	1779	111	16.1583069815	30.110262494	33.0663790507	15.653
586	0	0	1	432	27	21.7506172973	32.7723718961	36.7515858067	14.409
586	0	0	2	1779	111	21.7506172973	28.9067554472	32.8859693578	13.181
587	0	0	1	429	26	16.4481049871	31.7510529984	34.7601872805	9.15
587	0	0	2	1776	111	16.4481049871	31.8029878425	34.8121221246	10.284
588	0	0	1	432	27	17.6789956123	31.8149606108	35.0492828511	9.496
588	0	0	2	1779	111	17.6789956123	31.8957893295	35.1301115699	13.811
589	0	0	1	920	57	26.6239323226	26.8183299644	31.6891030741	20.772
589	0	0	2	2264	141	26.6239323226	27.9236671439	32.7944402536	4.252
590	0	0	1	437	27	24.761565834	28.7188201908	33.2488786194	14.787
590	0	0	2	1782	111	24.761565834	30.7238083116	35.2538667401	9.779
591	0	0	1	434	27	18.7798204917	33.2918884791	36.7276035173	6.803
591	0	0	2	1782	111	18.7798204917	31.3184443119	34.7541593501	12.866
592	0	0	1	470	29	20.6184440436	29.5516532202	33.3237392365	9.701
592	0	0	2	1816	113	20.6184440436	31.390461024	35.1625470403	9.496
593	0	0	1	455	28	19.426001055	31.8993686522	35.4533005966	9.433
593	0	0	2	1801	112	19.426001055	31.5518602334	35.1057921779	9.307
594	0	0	1	471	29	21.1426552607	30.6532939945	34.5212829701	7.653
594	0	0	2	1818	113	21.1426552607	31.3223178397	35.1903068154	8.535
596	0	0	1	1229	76	19.5453407226	28.4018807018	31.9776455009	5.968
596	0	0	2	2580	161	19.5453407226	28.503764842	32.0795296411	15.339
597	0	0	1	440	27	17.0733959647	27.3210545337	30.4445840315	10.914
597	0	0	2	1787	111	17.0733959647	29.7689548243	32.8924843221	13.906
598	0	0	1	438	27	17.8049542556	32.0844774368	35.3418434546	11.843
598	0	0	2	1783	111	17.8049542556	33.2010878884	36.4584539062	5.339
600	0	0	1	1099	68	22.1282585508	12.0122805316	16.0605828413	12.74
600	0	0	2	2453	153	22.1282585508	14.2040806882	18.2523829978	18.347
601	0	0	1	430	26	17.2534349154	30.0568662211	33.2133333356	9.559
601	0	0	2	1776	111	17.2534349154	30.4083226817	33.5647897962	8.551
602	0	0	1	417	26	17.8746587247	32.8685680284	36.1386862817	8.378
602	0	0	2	1783	111	17.8746587247	33.0797861832	36.3499044365	12.221
603	0	0	1	430	26	16.7896066596	27.6254089344	30.6970199815	10.095
603	0	0	2	1776	111	16.7896066596	28.4051516428	31.47676269	6.819
604	0	0	1	478	29	21.0848147724	31.5547750562	35.4121822781	15.59
604	0	0	2	1827	114	21.0848147724	28.6700070004	32.5274142223	8.488
605	0	0	1	1067	66	27.6150896315	32.1039938145	37.1560963503	7.464
605	0	0	2	2413	150	27.6150896315	28.8778489401	33.9299514759	7.843
606	0	0	1	488	30	23.431284028	29.6382801961	33.9249673311	7.26
606	0	0	2	1832	114	23.431284028	29.6542632954	33.9409504304	4.126
607	0	0	1	440	27	17.2517687639	28.2174277315	31.3735900283	6.599
607	0	0	2	1787	111	17.2517687639	29.4987644749	32.6549267718	6.961
607	1	0	1	430	26	17.2517687639	19.96651569	23.1226779869	16.583
607	1	0	2	1776	111	17.2517687639	22.1091122637	25.2652745606	21.402
607	2	0	1	438	27	17.2517687639	30.149635204	33.3057975009	5.811
607	2	0	2	1775	110	17.2517687639	24.6632555321	27.8194178289	13.118
608	0	0	1	1218	76	19.8205032824	31.2759773444	34.9020823555	7.622
608	0	0	2	2567	160	19.8205032824	30.4502785557	34.0763835668	11.212
609	0	0	1	1096	68	20.5901432432	33.0637250982	36.8306335631	12.126
609	0	0	2	2442	152	20.5901432432	33.6541624359	37.4210709007	7.905
610	0	0	1	440	27	18.7650438162	31.9528352865	35.3858469737	5.559
610	0	0	2	1784	111	18.7650438162	33.2149247614	36.6479364486	4.661
611	0	0	1	993	62	23.3804332733	27.1922562683	31.4696404016	8.85
611	0	0	2	2337	146	23.3804332733	28.0380204253	32.3154045586	9.874
612	0	0	1	440	27	17.5387259993	27.972636198	31.1812965094	10.095
612	0	0	2	1785	111	17.5387259993	29.8425961524	33.0512564638	11.008
613	0	0	1	432	27	24.3664204515	28.6397803205	33.0975480191	8.834
613	0	0	2	1779	111	24.3664204515	30.2883688512	34.7461365497	5.78
614	0	0	1	1094	68	17.8485725107	31.8850000061	35.1503458603	12
614	0	0	2	2442	152	17.8485725107	31.6045417378	34.869887592	7.118
615	0	0	1	489	30	21.6320001168	30.8622669962	34.8197802291	6.457
615	0	0	2	1833	114	21.6320001168	29.8575174562	33.8150306891	8.284
616	0	0	1	438	27	18.31533225	30.0217057808	33.372444009	6.41
616	0	0	2	1783	111	18.31533225	30.6092734727	33.9600117009	9.937
617	0	0	1	439	27	16.6714002986	29.5687759527	32.6187614805	10.567
617	0	0	2	1783	111	16.6714002986	25.1436074543	28.1935929821	5.465
618	0	1	1	430	26	21.6048243377	28.6116428026	32.5641843036	13.228
618	0	1	2	1776	111	21.6048243377	31.436217826	35.388759327	7.811
619	0	1	1	441	27	19.2274161072	30.4601727996	33.9777741895	5.811
619	0	1	2	1787	111	19.2274161072	30.5134184439	34.0310198338	9.181
620	0	1	1	438	27	18.1511403396	31.103912719	34.4246125016	8.851
620	0	1	2	1783	111	18.1511403396	30.8986571971	34.2193569798	9.685
621	0	1	1	444	27	21.1929315611	30.1373253117	34.0145121943	8.284
621	0	1	2	1790	111	21.1929315611	30.4660024266	34.3431893092	4.709
622	0	1	1	216	13	21.5543697112	26.3956577081	30.3389686779	9.37
622	0	1	2	1558	97	21.5543697112	28.0574161463	32.000727116	12.284
623	0	1	1	246	15	19.0466244371	29.8221879057	33.306713971	10.914
623	0	1	2	1589	99	19.0466244371	31.0403086337	34.524834699	12.378
623	1	1	1	249	15	19.0466244371	26.8671167245	30.3516427898	5.717
623	1	1	2	1588	99	19.0466244371	28.9621770641	32.4467031294	11.071
624	0	1	1	432	27	22.7525859352	35.0871965266	39.2497177652	13.874
624	0	1	2	1781	111	22.7525859352	32.4875996162	36.6501208549	8.032
625	0	1	1	1110	69	21.6098136243	30.891269648	34.8447239249	7.37
625	0	1	2	2458	153	21.6098136243	32.0806503843	36.0341046611	16.283
626	0	1	1	431	26	17.4140753096	30.5109682867	33.6968241069	12.913
626	0	1	2	1777	111	17.4140753096	30.8425078261	34.0283636463	7.906
627	0	1	1	567	35	24.2072599851	32.6709809203	37.0996306617	9.04
627	0	1	2	1915	119	24.2072599851	34.6562829969	39.0849327383	10.693
628	0	1	1	490	30	21.0627497059	28.1854024466	32.038772927	12.41
628	0	1	2	1834	114	21.0627497059	27.3553303941	31.2087008745	13.717
629	0	1	1	443	27	19.0636840385	29.4324218531	32.9200689242	4.252
629	0	1	2	1789	111	19.0636840385	29.7505668132	33.2382138843	11.37
630	0	1	1	432	27	20.6247779221	28.47200365	32.2452484314	9.449
630	0	1	2	1783	111	20.6247779221	26.8874814164	30.6607261978	9.087
631	0	1	1	273	17	21.6602861962	25.7411697242	29.7038578153	10.315
631	0	1	2	1616	101	21.6602861962	29.8165216835	33.7792097746	4.599
632	0	1	1	437	27	18.1429223926	29.7748828488	33.0940791812	12
632	0	1	2	1781	111	18.1429223926	32.1112770556	35.4304733881	11.339
633	0	1	1	429	26	18.4185328375	38.1246080031	41.4942264869	14.221
633	0	1	2	1775	110	18.4185328375	39.5420488413	42.9116673251	16.095
634	0	1	1	558	34	23.7036715754	27.0391128876	31.3756325539	9.244
634	0	1	2	1907	119	23.7036715754	23.6998266261	28.0363462924	12.409
635	0	1	1	250	15	21.4618312295	30.2574325118	34.1838138281	14.284
635	0	1	2	1592	99	21.4618312295	28.5984622901	32.5248436064	5.433
636	0	1	1	434	27	17.3071314182	32.5946492483	35.7609399862	5.969
636	0	1	2	1782	111	17.3071314182	33.0680631743	36.2343539122	10.378
637	0	1	1	432	27	22.677206488	34.381431852	38.5301626341	6.221
637	0	1	2	1779	111	22.677206488	36.1954705506	40.3442013327	5.622
638	0	1	1	433	27	25.2365688486	-6.12181370939	-1.50485482293	5.559
638	0	1	2	1781	111	25.2365688486	-6.46333107951	-1.84637219304	20.929
639	0	1	1	432	27	19.1545336259	31.7652389214	35.2695066676	5.874
639	0	1	2	1779	111	19.1545336259	28.8078277389	32.312095485	5.748
640	0	1	1	432	27	19.9879621874	29.9691987152	33.6259398592	9.087
640	0	1	2	1779	111	19.9879621874	32.7311859548	36.3879270989	8.693
641	0	1	1	444	27	20.0296209748	31.8695949518	35.5339574532	5.78
641	0	1	2	1788	111	20.0296209748	32.6678710787	36.3322335801	18.094
642	0	1	1	873	54	23.947207206	27.7337513336	32.1148251547	6.441
642	0	1	2	2215	138	23.947207206	27.0737904538	31.4548642748	21.905
642	1	1	1	874	54	23.947207206	29.1046317877	33.4857056087	16.378
642	1	1	2	2214	138	23.947207206	26.134543388	30.515617209	11.181
643	0	1	1	486	30	24.0146240193	27.8971567003	32.2905642367	9.843
643	0	1	2	1831	114	24.0146240193	28.0601213741	32.4535289104	15.433
644	0	1	1	439	27	22.4078720318	30.9241028912	35.0235596963	7.654
644	0	1	2	1784	111	22.4078720318	29.7765796295	33.8760364346	4.031
645	0	1	1	440	27	17.2729103977	29.0782893731	32.2383194721	12.52
645	0	1	2	1788	111	17.2729103977	28.7719309922	31.9319610911	6.504
646	0	1	1	431	26	16.0712026731	30.3920101814	33.3321912513	8.221
646	0	1	2	1779	111	16.0712026731	31.9242832728	34.8644643427	4.22
647	0	1	1	1094	68	16.7816221999	32.2488783812	35.319028694	9.905
647	0	1	2	2442	152	16.7816221999	32.4355399031	35.5056902159	10.473
648	0	1	1	1035	64	25.0804848606	23.2621154493	27.8505192117	10.032
648	0	1	2	2379	148	25.0804848606	30.8510257616	35.4394295239	12.551
649	0	1	1	431	26	18.7416109412	32.3609487786	35.7896734877	9.291
649	0	1	2	1771	110	18.7416109412	23.0446643761	26.4733890851	12.032
650	0	1	1	1107	69	18.694008348	31.3764519356	34.7964678849	10.315
650	0	1	2	2456	153	18.694008348	31.5840482033	35.0040641525	14
651	0	1	1	1214	75	22.8871728519	30.0784990302	34.2656425646	8.189
651	0	1	2	2562	160	22.8871728519	26.6002088926	30.787352427	16.74
652	0	1	1	1224	76	22.6542179775	28.4780197738	32.6225448729	11.969
652	0	1	2	2574	160	22.6542179775	30.1045037093	34.2490288083	10.96
653	0	1	1	215	13	22.4619503981	26.8481270457	30.957477335	9.323
653	0	1	2	1558	97	22.4619503981	24.7455702503	28.8549205395	14.032
654	0	1	1	431	26	21.2263101518	29.4682670264	33.3515604277	16.567
654	0	1	2	1777	111	21.2263101518	29.5407725687	33.42406597	15.465
655	0	1	1	569	35	25.8587284449	24.4823843842	29.2131656089	15.559
655	0	1	2	1918	119	25.8587284449	26.4557568735	31.1865380983	11.527
656	0	1	1	980	61	25.2496064026	24.6015823849	29.220926455	9.039
656	0	1	2	2325	145	25.2496064026	28.988977849	33.6083219191	5.401
657	0	1	1	440	27	18.0322825857	31.0453731169	34.3443282096	16.897
657	0	1	2	1784	111	18.0322825857	32.754442129	36.0533972218	9.748
658	0	1	1	433	27	19.5011931083	33.5164361135	37.0841242314	6.677
658	0	1	2	1779	111	19.5011931083	34.2855215838	37.8532097018	4.519
659	0	1	1	441	27	21.4912804763	30.1108363153	34.0426052881	6.583
659	0	1	2	1788	111	21.4912804763	32.2661447032	36.1979136759	10.252
660	0	1	1	564	35	27.7005112227	31.6799528432	36.7476830175	13.512
660	0	1	2	1912	119	27.7005112227	32.0763780419	37.1441082161	6.488
661	0	1	1	1021	63	26.0184239244	19.716272882	24.476269943	17.212
661	0	1	2	2366	147	26.0184239244	27.3782438314	32.1382408924	10.158
662	0	1	1	469	29	21.3691543535	31.8633992099	35.7728255539	10.913
662	0	1	2	1815	113	21.3691543535	32.9903877779	36.8998141219	8.63
663	0	1	1	485	30	22.8813478004	27.8150200806	32.0010979383	15.465
663	0	1	2	1829	114	22.8813478004	28.0204158586	32.2064937163	14.819
664	0	1	1	282	17	26.2444763869	27.9051199709	32.7064726905	14.031
664	0	1	2	1626	101	26.2444763869	27.3886878139	32.1900405335	4.929
665	0	1	1	306	19	26.4445563046	29.0062890027	33.8442457773	7.937
665	0	1	2	1651	103	26.4445563046	29.9392577202	34.7772144948	4.473
666	0	1	1	1255	78	26.0839073354	29.8051678172	34.5771448831	9.591
666	0	1	2	2604	162	26.0839073354	27.8964561113	32.6684331772	16.803
667	0	1	1	429	26	17.7197066867	28.5937527568	31.835522973	6.677
667	0	1	2	1776	111	17.7197066867	29.7181999105	32.9599701267	5.149
668	0	1	1	430	26	16.007504006	26.0200746094	28.9486021883	16.189
668	0	1	2	1777	111	16.007504006	30.6170138339	33.5455414128	5.402
669	0	1	1	443	27	19.6062277432	30.0105041285	33.5974080357	7.024
669	0	1	2	1788	111	19.6062277432	30.8432785855	34.4301824928	13.748
670	0	1	1	490	30	22.7966890705	26.5713871566	30.7419769391	11.906
670	0	1	2	1833	114	22.7966890705	24.7221891179	28.8927789004	5.37
671	0	1	1	438	27	18.7655268587	29.8812279407	33.3143279992	10.693
671	0	1	2	1783	111	18.7655268587	31.4732526914	34.9063527499	14
672	0	1	1	1221	76	21.4880532322	30.8679794784	34.799158036	9.275
672	0	1	2	2569	160	21.4880532322	32.2031234524	36.13430201	4.992
673	0	1	1	489	30	21.4959864085	30.1082113916	34.0408413013	12.284
673	0	1	2	1833	114	21.4959864085	27.0122214607	30.9448513704	9.118
674	0	1	1	429	26	18.1168353377	28.0971208112	31.4115445908	14.677
674	0	1	2	1775	110	18.1168353377	30.5004531726	33.8148769521	17.37
675	0	1	1	433	27	18.793793123	29.3770319478	32.8153032393	4.473
675	0	1	2	1776	111	18.793793123	29.3265560186	32.7648273101	11.937
676	0	1	1	438	27	19.0302471056	33.0721495001	36.5536793789	13.323
676	0	1	2	1784	111	19.0302471056	31.9786580504	35.4601879293	5.748
677	0	1	1	429	26	17.3144781007	29.6980757133	32.8657105059	6.315
677	0	1	2	1775	110	17.3144781007	29.6771481268	32.8447829194	14.85
678	0	1	1	431	26	19.3802425969	29.5292725209	33.0748330849	13.212
678	0	1	2	1779	111	19.3802425969	33.6496822439	37.1952428079	8.157
679	0	1	1	439	27	16.1065767354	33.0836940015	36.0303466561	10.126
679	0	1	2	1784	111	16.1065767354	31.6380610463	34.5847137009	12.551
680	0	1	1	429	26	16.9109615609	29.6069110001	32.7007235831	12.724
680	0	1	2	1775	110	16.9109615609	30.9340943412	34.0279069243	8.788
681	0	1	1	432	27	23.7659898748	31.2156893539	35.5636099768	6.661
681	0	1	2	1779	111	23.7659898748	32.468282949	36.8162035719	9.496
682	0	1	1	447	27	22.4579410959	29.2905384675	33.3991552663	6.189
682	0	1	2	1793	112	22.4579410959	30.6040569284	34.7126737272	5.528
683	0	1	1	487	30	21.7658891409	27.8642491487	31.8462569999	8.536
683	0	1	2	1832	114	21.7658891409	30.1666959603	34.1487038114	10.992
684	0	1	1	918	57	27.7372386949	36.5634204954	41.6378698568	9.307
684	0	1	2	2274	142	27.7372386949	26.2145959064	31.2890452678	4.126
685	0	1	1	1238	77	19.7020979424	30.4712599343	34.0757030233	4.189
685	0	1	2	2587	161	19.7020979424	30.0181748491	33.6226179381	12.74
686	0	1	1	341	21	22.5454759171	26.498546586	30.6231776327	5.102
686	0	1	2	1684	105	22.5454759171	27.7577524436	31.8823834903	13.685
687	0	1	1	433	27	17.6821353184	30.8917200888	34.1266167294	5.323
687	0	1	2	1781	111	17.6821353184	30.9936059595	34.2285026001	10.567
688	0	1	1	459	28	23.1723784413	33.2925434007	37.531864491	5.244
688	0	1	2	1806	112	23.1723784413	30.8944630091	35.1337840993	5.496
689	0	1	1	443	27	19.7344712797	28.9284340201	32.5387997197	7.937
689	0	1	2	1789	111	19.7344712797	28.0951675705	31.7055332701	7.843
690	0	1	1	430	26	16.8511237261	30.2208269692	33.3036923897	11.354
690	0	1	2	1776	111	16.8511237261	28.7789864499	31.8618518704	6.85
691	0	1	1	1012	63	17.4645456713	29.8161550282	33.0112442584	10.614
691	0	1	2	2357	147	17.4645456713	31.3959445157	34.5910337459	11.37
692	0	1	1	1010	63	26.8606217689	24.9084621652	29.8225369396	13.685
692	0	1	2	2354	147	26.8606217689	28.5224779012	33.4365526756	16.126
693	0	1	1	431	26	23.0411156248	29.289897728	33.5052046572	4.599
693	0	1	2	1777	111	23.0411156248	29.5407376835	33.7560446128	8.409
694	0	1	1	462	28	21.5409433738	36.3957069017	40.336561561	5.071
694	0	1	2	1809	113	21.5409433738	33.2672458025	37.2081004618	8.457
695	0	1	1	438	27	16.5824174138	31.1965881158	34.2302944765	7.496
695	0	1	2	1783	111	16.5824174138	31.7890065109	34.8227128716	8.284
696	0	1	1	1021	63	22.5346809824	27.2541784827	31.3768346266	11.181
696	0	1	2	2366	147	22.5346809824	29.0388416762	33.1614978201	11.37
697	0	1	1	430	26	20.4991369661	29.2204101844	32.9706693083	7.496
697	0	1	2	1776	111	20.4991369661	29.4639956066	33.2142547305	5.811
698	0	1	1	432	27	24.4555319872	27.0673364663	31.5414068682	4.929
698	0	1	2	1781	111	24.4555319872	28.7092095146	33.1832799166	13.591
699	0	1	1	557	34	24.9287987219	25.6430765506	30.203729763	12.63
699	0	1	2	1908	119	24.9287987219	25.359419815	29.9200730273	10.189
700	0	1	1	487	30	20.5702196758	29.3003924455	33.0636559501	11.638
700	0	1	2	1832	114	20.5702196758	32.6635163464	36.426779851	9.433
701	0	1	1	485	30	23.432184784	27.5270967462	31.8139486719	20.157
701	0	1	2	1825	114	23.432184784	28.3750651622	32.6619170879	5.024
702	0	1	1	1015	63	27.3596576221	24.5419127295	29.5472847016	20.441
702	0	1	2	2360	147	27.3596576221	27.6684042102	32.6737761824	6
704	0	1	1	269	16	23.1890359493	29.6311161935	33.8734847277	7.433
704	0	1	2	1611	100	23.1890359493	25.2577958565	29.5001643907	5.213
705	0	1	1	432	27	18.2272285538	32.6113806196	35.9460005259	4.441
705	0	1	2	1779	111	18.2272285538	30.6549837849	33.9896036911	10.567
706	0	1	1	489	30	24.7421567633	30.7313849552	35.2578925492	12.945
706	0	1	2	1837	114	24.7421567633	30.1325636074	34.6590712013	9.496
707	0	1	1	438	27	17.3703121987	30.0528808532	33.2307303362	16.378
707	0	1	2	1784	111	17.3703121987	31.8222298306	35.0000793136	11.685
708	0	1	1	429	26	19.0693185388	31.6380220261	35.1266999132	14.787
708	0	1	2	1775	110	19.0693185388	31.8362795235	35.3249574105	13.811
709	0	1	1	440	27	16.8987300085	29.1927702627	32.2843451178	8.315
709	0	1	2	1785	111	16.8987300085	30.1650413067	33.2566161619	5.291
709	1	1	1	439	27	16.8987300085	32.7176570919	35.8092319471	4.819
709	1	1	2	1788	111	16.8987300085	29.6968614631	32.7884363182	16.283
710	0	1	1	429	26	19.4821805164	29.9111378991	33.4753477171	12
710	0	1	2	1772	110	19.4821805164	30.243727672	33.80793749	4
711	0	1	1	825	51	26.4956048966	16.2018193107	21.0491152808	7.811
711	0	1	2	2167	135	26.4956048966	26.1219481894	30.9692441595	13.559
712	0	1	1	1218	76	23.0490459862	26.909230729	31.1259884954	5.008
712	0	1	2	2567	160	23.0490459862	28.9167390564	33.1334968228	10.756
714	0	1	1	438	27	17.7258100389	29.9923964127	33.2352832199	9.78
714	0	1	2	1784	111	17.7258100389	31.0222478427	34.2651346499	11.969
715	0	1	1	432	27	18.4996155426	30.4349391141	33.8193914495	7.087
715	0	1	2	1779	111	18.4996155426	29.7577246015	33.1421769368	4.315
716	0	1	1	1021	63	30.7966243979	21.8494457124	27.4836010344	8.063
716	0	1	2	2366	147	30.7966243979	24.6811278947	30.3152832167	8.441
717	0	1	1	1105	69	20.3194089977	30.4286139131	34.1459923136	8.284
717	0	1	2	2454	153	20.3194089977	29.0892138743	32.8065922748	17.275
718	0	1	1	438	27	16.220694231	31.1344334512	34.1019635788	4.787
718	0	1	2	1784	111	16.220694231	29.1018427952	32.0693729228	5.969
719	0	1	1	430	26	18.1882776546	30.319529049	33.6470229984	16.22
719	0	1	2	1777	111	18.1882776546	31.1097518024	34.4372457518	9.023
720	0	1	1	439	27	18.8019495606	31.295156289	34.7349197777	10.063
720	0	1	2	1784	111	18.8019495606	30.4769728615	33.9167363503	7.103
721	0	1	1	286	17	21.5745378929	29.1086946253	33.0556953069	9.559
721	0	1	2	1631	101	21.5745378929	29.4481730983	33.3951737799	12.929
722	0	1	1	430	26	21.1690930496	33.3448074246	37.217633119	6.945
722	0	1	2	1774	110	21.1690930496	33.0038010279	36.8766267222	12.788
723	0	1	1	471	29	21.9459540758	28.647184394	32.6621346156	7.465
723	0	1	2	1817	113	21.9459540758	29.6852931539	33.7002433755	8.095
724	0	1	1	1229	76	21.8902533508	27.9969258067	32.0016857383	13.622
724	0	1	2	2580	161	21.8902533508	29.7273603047	33.7321202362	16.126
725	0	1	1	1245	77	21.5406951899	28.3457163632	32.286525618	10.599
725	0	1	2	2598	162	21.5406951899	25.4870509364	29.4278601912	7.103
726	0	1	1	429	26	17.7361106856	29.3336324728	32.5784037542	18.252
726	0	1	2	1775	110	17.7361106856	29.6315929142	32.8763641956	12
727	0	1	1	1243	77	25.1058355795	31.6783098109	36.2713514156	7.59
727	0	1	2	2593	162	25.1058355795	28.0878693005	32.6809109052	6.41
728	0	1	1	434	27	21.5404504672	30.5955349754	34.5362994589	7.622
728	0	1	2	1781	111	21.5404504672	30.5734109311	34.5141754145	5.843
729	0	1	1	430	26	18.4760593476	29.2475921731	32.6277349692	7.811
729	0	1	2	1776	111	18.4760593476	33.0544955812	36.4346383773	6.315
730	0	1	1	422	26	22.1294183123	35.2119996437	39.2605141285	9.165
730	0	1	2	1769	110	22.1294183123	35.894868337	39.9433828218	16.536
731	0	1	1	134	8	20.723822842	26.0551207977	29.8464855671	6.472
731	0	1	2	1473	92	20.723822842	27.1051951096	30.896559879	12.771
732	0	1	1	430	26	16.7204446793	31.691843045	34.7508011034	7.905
732	0	1	2	1776	111	16.7204446793	29.4730981379	32.5320561963	4.693
733	0	1	1	1056	66	24.0666000299	30.3427631369	34.7456795373	4.977
733	0	1	2	2401	150	24.0666000299	30.3981010535	34.8010174539	18.378
734	0	1	1	437	27	16.176271843	31.8648630636	34.8242662409	10
734	0	1	2	1783	111	16.176271843	30.1705919606	33.129995138	8.157
735	0	1	1	1213	75	20.3145393315	25.9018837026	29.6183712114	8.346
735	0	1	2	2562	160	20.3145393315	27.8759647081	31.5924522169	11.59
736	0	1	1	1062	66	25.8589655582	5.10862162004	9.83944622401	15.685
736	0	1	2	2410	150	25.8589655582	6.41224586752	11.1430704715	13.968
737	0	1	1	444	27	20.9458213082	28.620234382	32.4522131428	9.087
737	0	1	2	1787	111	20.9458213082	33.4797732622	37.311752023	8.897
738	0	1	1	433	27	20.5142430764	31.4474689456	35.2004916896	10.063
738	0	1	2	1781	111	20.5142430764	27.7558390486	31.5088617927	5.685
740	0	1	1	429	26	17.7284775571	32.5927507408	35.8361255629	6.772
740	0	1	2	1775	110	17.7284775571	34.82852316	38.0718979821	15.37
741	0	1	1	214	13	25.319929721	29.7777699214	34.4099794436	9.213
741	0	1	2	1558	97	25.319929721	31.5039790943	36.1361886166	10.031
742	0	1	1	1220	76	20.8974999398	27.3492573849	31.1723958881	5.874
742	0	1	2	2569	160	20.8974999398	26.6952013038	30.5183398069	12.409
743	0	1	1	379	23	27.1998699172	31.1478225301	36.1239617937	8.772
743	0	1	2	1723	107	27.1998699172	29.3295634992	34.3057027628	15.811
744	0	1	1	997	62	19.683715237	28.2676740067	31.8687540317	16.284
744	0	1	2	2342	146	19.683715237	27.4074628407	31.0085428658	9.78
745	0	1	1	582	36	26.8807622159	26.9475476654	31.8653070776	14.252
745	0	1	2	1931	120	26.8807622159	27.6047815617	32.522540974	11.338
746	0	1	1	1221	76	20.3829011811	22.6659894512	26.394983567	10.41
746	0	1	2	2562	160	20.3829011811	28.6196840188	32.3486781346	15.622
747	0	1	1	431	26	16.9847998656	32.8198264113	35.9271475034	4.063
747	0	1	2	1772	110	16.9847998656	30.1568899738	33.2642110658	4.788
748	0	1	1	430	26	18.1915854201	32.8356218519	36.1637209476	5.622
748	0	1	2	1776	111	18.1915854201	32.437917806	35.7660169017	14.803
749	0	1	1	1227	76	19.2249647248	26.9752196515	30.492372568	15.559
749	0	1	2	2581	161	19.2249647248	30.4073474648	33.9245003813	4.677
750	0	1	1	414	25	22.4563788898	27.8676216438	31.9759526414	8.063
750	0	1	2	1763	110	22.4563788898	29.8978717579	34.0062027555	11.716
751	0	1	1	468	29	22.9325080118	29.0231831566	33.2186206303	15.748
751	0	1	2	1815	113	22.9325080118	30.7821098189	34.9775472926	9.937
752	0	1	1	159	9	24.1685050556	27.544634823	31.9661944597	9.843
752	0	1	2	1499	93	24.1685050556	29.900721283	34.3222809197	17.496
753	0	1	1	430	26	16.8349645427	29.8071172891	32.8870264326	10.157
753	0	1	2	1776	111	16.8349645427	31.3566211309	34.4365302744	7.968
754	0	1	1	431	26	21.3977772912	33.7766235493	37.6912863788	6.409
754	0	1	2	1779	111	21.3977772912	33.204673117	37.1193359464	4.158
755	0	1	1	1211	75	22.1122043677	31.9797712715	36.0251365138	12.614
755	0	1	2	2561	160	22.1122043677	32.20865271	36.2540179523	11.464
756	0	1	1	429	26	18.1501780114	29.8140868288	33.1346105563	13.685
756	0	1	2	1775	110	18.1501780114	30.2078758318	33.5283995593	13.843
757	0	1	1	440	27	18.1780163613	30.7145024832	34.040119158	7.307
757	0	1	2	1788	111	18.1780163613	29.4517631028	32.7773797776	16.582
758	0	1	1	488	30	24.5409765998	26.7675696989	31.257271951	14.063
758	0	1	2	1832	114	24.5409765998	23.9067313405	28.3964335926	14.977
759	0	1	1	429	26	19.8099177376	34.189863417	37.8140318326	10.834
759	0	1	2	1775	110	19.8099177376	32.6886854243	36.3128538399	8.22
760	0	1	1	567	35	28.171819148	30.3593933741	35.5133480002	12.599
760	0	1	2	1915	119	28.171819148	31.3455509787	36.4995056047	8.96
761	0	1	1	414	25	19.3555088417	-3.58235390105	-0.0413183076293	9.229
761	0	1	2	1762	110	19.3555088417	-5.12553565258	-1.58450005916	7.685
762	0	1	1	438	27	19.5575249156	29.3359542314	32.9139480942	13.527
762	0	1	2	1784	111	19.5575249156	30.5030403742	34.0810342369	11.275
763	0	1	1	380	23	22.3585022659	32.3305117531	36.4209364991	4.488
763	0	1	2	1727	107	22.3585022659	31.0236727006	35.1140974466	5.276
764	0	1	1	493	30	17.6757115093	29.6195799905	32.8533014134	5.591
764	0	1	2	1841	115	17.6757115093	29.5507436285	32.7844650515	4.063
765	0	1	1	413	25	23.475245811	30.0693226539	34.3640524728	6.472
765	0	1	2	1760	110	23.475245811	28.8722568743	33.1669866931	15.244
766	0	1	1	488	30	22.5041077942	31.1864585598	35.3035214254	15.716
766	0	1	2	1833	114	22.5041077942	29.9850626037	34.1021254694	10.504
767	0	1	1	1221	76	18.8379203883	28.8365328411	32.2828770911	6.441
767	0	1	2	2573	160	18.8379203883	28.8723738483	32.3187180983	10.315
768	0	1	1	438	27	17.934373913	29.4358286828	32.7168716609	4.567
768	0	1	2	1784	111	17.934373913	32.8833395277	36.1643825058	6.441
769	0	1	1	438	27	17.6751548257	32.0515873443	35.2852069235	12.536
769	0	1	2	1783	111	17.6751548257	30.354789249	33.5884088283	11.78
770	0	1	1	459	28	23.3086777518	30.898938823	35.1631954865	11.244
770	0	1	2	1805	112	23.3086777518	28.2151612029	32.4794178665	10
771	0	1	1	438	27	19.7597075257	33.6518912225	37.2668738219	8
771	0	1	2	1784	111	19.7597075257	32.4486921688	36.0636747682	8.662
772	0	1	1	429	26	17.211924095	31.0453739602	34.1942467876	9.307
772	0	1	2	1775	110	17.211924095	32.6909936626	35.83986649	16.473
773	0	1	1	442	27	30.413631014	23.7179964807	29.2820842464	6.882
773	0	1	2	1788	111	30.413631014	20.4108640981	25.9749518638	13.213
774	0	1	1	429	26	21.64532986	31.0392613432	34.9992132149	11.197
774	0	1	2	1776	111	21.64532986	29.612970372	33.5729222438	7.527
775	0	1	1	440	27	19.0570008328	29.3024408369	32.7888652345	4.472
775	0	1	2	1787	111	19.0570008328	29.0787056331	32.5651300307	14.031
776	0	1	1	439	27	15.3115552341	31.8571510434	34.6583567631	9.197
776	0	1	2	1774	110	15.3115552341	33.5034186902	36.3046244098	10.063
777	0	1	1	431	26	21.0140566654	33.2508780652	37.0953402916	11.071
777	0	1	2	1781	111	21.0140566654	30.9435000112	34.7879622376	9.622
778	0	1	1	1009	63	23.4233058483	26.7633438826	31.0485714321	8.473
778	0	1	2	2354	147	23.4233058483	28.9603932396	33.2456207892	7.937
779	0	1	1	761	47	26.1536830348	29.2195071071	34.0042494398	14.063
779	0	1	2	2100	131	26.1536830348	26.3287619622	31.1135042949	9.811
780	0	1	1	431	26	17.793004327	30.6352645452	33.8904443573	8.898
780	0	1	2	1777	111	17.793004327	29.3504523892	32.6056322014	5.811
781	0	1	1	444	27	21.909957583	26.7058044082	30.7141691734	6
781	0	1	2	1791	111	21.909957583	24.3344158714	28.3427806365	9.779
782	0	1	1	778	48	27.9362290415	31.8812695583	36.9921236407	8.189
782	0	1	2	2119	132	27.9362290415	29.3507467072	34.4616007897	15.653
783	0	1	1	489	30	19.4583103608	27.8107546935	31.3705975341	16.882
783	0	1	2	1833	114	19.4583103608	29.0217253345	32.581568175	9.622
784	0	1	1	561	35	20.7741644703	26.0047689341	29.8053435619	7.716
784	0	1	2	1909	119	20.7741644703	29.3012069761	33.1017816039	4.945
785	0	1	1	431	26	18.1589823022	30.2882020867	33.6103365342	16.158
785	0	1	2	1779	111	18.1589823022	31.2945727815	34.616707229	5.086
786	0	1	1	440	27	20.2014342226	29.9832208339	33.6790160829	11.591
786	0	1	2	1788	111	20.2014342226	28.1139224752	31.8097177242	11.465
787	0	1	1	234	14	24.8568259023	27.5033917897	32.0508777783	15.464
787	0	1	2	1577	98	24.8568259023	26.8240470497	31.3715330383	9.291
788	0	1	1	762	47	24.6585693798	30.4697403265	34.9809558451	13.212
788	0	1	2	2113	132	24.6585693798	23.328026463	27.8392419816	16.22
789	0	1	1	1218	76	18.9225258476	31.5783440235	35.0401666029	6.063
789	0	1	2	2567	160	18.9225258476	30.6125808923	34.0744034716	17.717
790	0	1	1	1110	69	22.204712495	31.9013796967	35.9636690392	5.149
790	0	1	2	2457	153	22.204712495	32.1464406208	36.2087299633	10.835
791	0	1	1	1218	76	20.3724086812	28.4656781831	32.1927527258	4.96
791	0	1	2	2567	160	20.3724086812	30.6943332968	34.4214078394	13.244
792	0	1	1	438	27	18.3017090523	29.7779966231	33.1262425259	10.819
792	0	1	2	1784	111	18.3017090523	29.7658465048	33.1140924075	9.008
793	0	1	1	832	52	27.2524091583	30.2663369431	35.2520881122	9.134
793	0	1	2	2174	135	27.2524091583	30.5386967425	35.5244479116	14.535
794	0	1	1	441	27	19.5083484725	30.3213334583	33.8903306298	6.41
794	0	1	2	1787	111	19.5083484725	30.2899649058	33.8589620773	9.087
795	0	1	1	438	27	18.8676100448	29.8150464035	33.2668222921	11.622
795	0	1	2	1784	111	18.8676100448	30.4200979824	33.871873871	9.496
796	0	1	1	1104	69	22.4712390475	29.2064831617	33.3175327831	7.496
796	0	1	2	2453	153	22.4712390475	30.7843091872	34.8953588086	13.622
797	0	1	1	430	26	19.2540719129	28.678405312	32.2008833063	7.906
797	0	1	2	1777	111	19.2540719129	28.1756347761	31.6981127703	5.402
798	0	1	1	443	27	19.0942892434	30.8521275436	34.3453737504	5.212
798	0	1	2	1791	111	19.0942892434	30.2693760332	33.76262224	10.157
799	0	1	1	1224	76	22.358910369	27.952170956	32.0426703634	13.212
799	0	1	2	2574	160	22.358910369	27.2160197831	31.3065191905	10.567
800	0	1	1	432	27	15.8360099002	31.6343374766	34.531490694	7.134
800	0	1	2	1779	111	15.8360099002	33.0987189715	35.9958721889	7.134
801	0	1	1	888	55	27.9989941498	31.8446037741	36.9669405556	4.315
801	0	1	2	2229	139	27.9989941498	29.8704864145	34.992823196	4.158
802	0	1	1	429	26	16.4555396914	31.1226513645	34.1331458048	11.653
802	0	1	2	1775	110	16.4555396914	29.5226132741	32.5331077144	13.874
803	0	1	1	472	29	23.2297224998	15.2176089825	19.467421006	4.819
803	0	1	2	1818	113	23.2297224998	27.4444661193	31.6942781428	11.024
804	0	1	1	439	27	18.5903525782	33.4500686051	36.8511210244	7.654
804	0	1	2	1783	111	18.5903525782	32.9013332004	36.3023856197	11.842
805	0	1	1	430	26	18.3040556189	29.4139445324	32.7626197329	15.165
805	0	1	2	1777	111	18.3040556189	29.9393800502	33.2880552507	11.166
806	0	1	1	444	27	18.8468166305	30.5302343045	33.9782060968	7.228
806	0	1	2	1791	111	18.8468166305	29.7869330806	33.2349048729	13.906
807	0	1	1	437	27	18.2552502073	30.03730864	33.3770550284	11.496
807	0	1	2	1783	111	18.2552502073	31.3154802112	34.6552265997	12.441
808	0	1	1	430	26	21.4053386607	32.3804731933	36.296519354	10.126
808	0	1	2	1777	111	21.4053386607	33.3916626248	37.3077087855	10.441
809	0	1	1	469	29	17.8180894254	29.505979609	32.765748669	10.803
809	0	1	2	1815	113	17.8180894254	29.1163386405	32.3761077004	15.118
810	0	1	1	1222	76	19.1147451396	31.4947638356	34.9917523907	7.969
810	0	1	2	2571	160	19.1147451396	29.6630681862	33.1600567413	15.685
811	0	1	1	431	26	17.609783711	31.7691135006	34.9907736193	6.898
811	0	1	2	1779	111	17.609783711	31.5075423878	34.7292025066	5.559
812	0	1	1	439	27	20.1049777864	32.1441784734	35.8223272903	4.536
812	0	1	2	1784	111	20.1049777864	31.6697415202	35.3478903371	5.087
813	0	1	1	437	27	18.2579922414	29.9779850102	33.3182330461	10.693
813	0	1	2	1783	111	18.2579922414	31.6983262685	35.0385743044	16.378
814	0	1	1	413	25	18.769928016	29.0585605637	32.4924658014	4.662
814	0	1	2	1759	109	18.769928016	32.3586489195	35.7925541573	7.937
815	0	1	1	429	26	20.4680474799	31.9182883529	35.6628597432	13.118
815	0	1	2	1776	111	20.4680474799	29.6075614263	33.3521328167	13.874
816	0	1	1	737	46	21.5931301648	26.3586400145	30.3090420996	18.032
816	0	1	2	2077	129	21.5931301648	27.5523527442	31.5027548293	12.756
817	0	1	1	429	26	22.4247657893	30.196362172	34.2989096423	5.496
817	0	1	2	1776	111	22.4247657893	31.9025832188	36.0051306891	6.346
818	0	1	1	439	27	16.323529854	28.2449649821	31.231308596	8.992
818	0	1	2	1784	111	16.323529854	30.5806484878	33.5669921017	5.748
819	0	1	1	901	56	25.3337285161	27.4798853008	32.1146192736	17.937
819	0	1	2	2244	140	25.3337285161	26.1776831406	30.8124171134	6.992
820	0	1	1	430	26	15.9458581288	30.0562546744	32.9735043145	15.78
820	0	1	2	1776	111	15.9458581288	31.2202407512	34.1374903912	5.874
821	0	1	1	994	62	23.0691712915	29.0976744399	33.318114074	11.968
821	0	1	2	2337	146	23.0691712915	29.7263038683	33.9467435024	9.181
822	0	1	1	376	23	24.0174671312	30.3370035128	34.7309311884	9.717
822	0	1	2	1722	107	24.0174671312	28.6289298164	33.022857492	13.78
823	0	1	1	1103	68	17.7473806358	28.4739336725	31.7207667594	4.504
823	0	1	2	2446	152	17.7473806358	34.9119787093	38.1588117962	8.63
824	0	1	1	1229	76	23.6639598955	24.0404140841	28.3696686109	15.496
824	0	1	2	2579	161	23.6639598955	27.042343274	31.3715978008	11.008
825	0	1	1	487	30	23.566713478	28.85383527	33.1652988398	16.221
825	0	1	2	1832	114	23.566713478	30.3769745046	34.6884380744	9.15
826	0	1	1	430	26	16.5599472178	29.5602066991	32.589802201	13.086
826	0	1	2	1777	111	16.5599472178	30.1643728361	33.193968338	14.157
827	0	1	1	430	26	21.3765779972	32.2140168528	36.1248013314	7.37
827	0	1	2	1779	111	21.3765779972	31.4291683444	35.339952823	12.803
828	0	1	1	478	29	21.3891633469	29.9758955124	33.8889824451	6.725
828	0	1	2	1826	114	21.3891633469	29.1709001985	33.0839871313	10.314
829	0	1	1	488	30	22.2749115552	28.1526287142	32.2277607762	14.472
829	0	1	2	1832	114	22.2749115552	29.3774276976	33.4525597596	15.071
830	0	1	1	567	35	22.175389585	29.0774273298	33.1343521289	9.307
830	0	1	2	1892	118	22.175389585	39.4633297996	43.5202545986	12.803
831	0	1	1	519	32	23.3831500173	32.0643446223	36.3422257761	6.41
831	0	1	2	1865	116	23.3831500173	32.4948403676	36.7727215215	8.598
832	0	1	1	431	26	20.9431888491	32.9006397161	36.7321368759	8.378
832	0	1	2	1777	111	20.9431888491	33.2849661869	37.1164633468	7.717
833	0	1	1	432	27	18.5429989184	29.8765537985	33.2689429997	8.378
833	0	1	2	1779	111	18.5429989184	31.4010425552	34.7934317564	7.937
834	0	1	1	485	30	24.0559529831	30.0714348122	34.4724033656	11.307
834	0	1	2	1830	114	24.0559529831	31.494650062	35.8956186154	6.945
835	0	1	1	432	27	23.2904897736	32.4357749986	36.696704223	4
835	0	1	2	1775	110	23.2904897736	34.0430125191	38.3039417435	10.032
836	0	1	1	431	26	17.0905430272	28.5118448486	31.6385113529	9.527
836	0	1	2	1777	111	17.0905430272	29.1165953475	32.2432618519	15.496
837	0	1	1	429	26	18.0043175188	32.4350185798	35.7288575427	9.181
837	0	1	2	1776	111	18.0043175188	30.7244238203	34.0182627832	4.914
838	0	1	1	443	27	17.6532368803	29.5439202832	32.7735300363	12.599
838	0	1	2	1790	111	17.6532368803	27.9559360609	31.185545814	14.961
839	0	1	1	438	27	16.4679766383	30.041147742	33.0539174865	10.929
839	0	1	2	1784	111	16.4679766383	30.5880830442	33.6008527887	4.063
840	0	1	1	485	30	22.7848026685	29.2292149582	33.3976301571	16
840	0	1	2	1830	114	22.7848026685	28.4067481797	32.5751633786	9.181
841	0	1	1	487	30	19.9559332682	31.0406970102	34.691578554	5.811
841	0	1	2	1831	114	19.9559332682	34.2813560086	37.9322375525	12.913
842	0	1	1	1003	62	25.3298135467	26.7694462179	31.4034639582	15.874
842	0	1	2	2350	146	25.3298135467	26.1619173637	30.795935104	7.559
843	0	1	1	917	57	25.1495803589	29.9786395983	34.5796841866	15.37
843	0	1	2	2260	141	25.1495803589	28.852195	33.4532395883	13.842
844	0	1	1	431	26	20.1927649248	30.5579820809	34.2521913065	6.252
844	0	1	2	1779	111	20.1927649248	31.4465369551	35.1407461807	10.063
846	0	1	1	432	27	18.621170148	32.8209095851	36.2275999917	7.118
846	0	1	2	1779	111	18.621170148	29.4243659913	32.8310563979	4.126
847	0	1	1	519	32	22.7720480441	28.9992428599	33.1653246364	8.599
847	0	1	2	1865	116	22.7720480441	28.9622590128	33.1283407893	10.221
848	0	1	1	1240	77	23.8489403716	28.1154238432	32.4785200248	4.693
848	0	1	2	2589	161	23.8489403716	31.4449539108	35.8080500925	16.252
849	0	1	1	431	26	20.2599457774	31.348470196	35.0549699685	5.969
849	0	1	2	1777	111	20.2599457774	32.8344358056	36.5409355781	10.221
850	0	1	1	985	61	21.868207874	24.5506244995	28.5513512735	11.496
850	0	1	2	2330	145	21.868207874	32.4004721614	36.4011989353	7.622
851	0	1	1	1220	76	23.1455326567	26.6840367439	30.9184464738	7.071
851	0	1	2	2568	160	23.1455326567	27.2359236913	31.4703334212	10.661
852	0	1	1	1029	64	21.1967406895	27.311134332	31.1890180839	10.882
852	0	1	2	2374	148	21.1967406895	39.7856726568	43.6635564087	9.685
853	0	1	1	305	19	28.1076554732	27.1327530188	32.2749690821	10.63
853	0	1	2	1649	103	28.1076554732	27.9680133109	33.1102293742	8.835
854	0	1	1	432	27	19.0894222558	29.9212057214	33.4135615266	13.591
854	0	1	2	1779	111	19.0894222558	32.1821169695	35.6744727747	12.284
855	0	1	1	1220	76	19.7900887208	27.2661820417	30.8867227947	5.276
855	0	1	2	2569	160	19.7900887208	27.2473959532	30.8679367063	10.032
856	0	1	1	438	27	16.3897658124	30.1455658046	33.1440270997	5.433
856	0	1	2	1784	111	16.3897658124	30.459227839	33.4576891341	6.661
857	0	1	1	432	27	18.7078637745	35.6632850812	39.0858358415	9.717
857	0	1	2	1771	110	18.7078637745	34.4745882319	37.8971389922	18.693
858	0	1	1	981	61	23.3696311422	29.4628293887	33.7382373027	8.74
858	0	1	2	2326	145	23.3696311422	32.6622570315	36.9376649454	10.551
859	0	1	1	564	35	20.3602058824	35.4626687606	39.1875108357	12.031
859	0	1	2	1913	119	20.3602058824	30.2093010492	33.9341431243	9.402
860	0	1	1	490	30	22.0654088743	29.8347020968	33.8715062359	14.063
860	0	1	2	1833	114	22.0654088743	28.1943702745	32.2311744136	5.197
861	0	1	1	1213	75	20.7189766234	28.4867009047	32.2771790721	5.748
861	0	1	2	2562	160	20.7189766234	28.1472311046	31.9377092719	13.748
862	0	1	1	440	27	18.1996590939	27.0462531552	30.3758293067	4.662
862	0	1	2	1785	111	18.1996590939	28.9920223269	32.3215984784	12.898
863	0	1	1	430	26	25.065551921	25.966026346	30.5516981692	9.244
863	0	1	2	1777	111	25.065551921	25.6377743434	30.2234461667	14.284
864	0	1	1	338	21	21.6037955634	27.8495273475	31.8018806371	6.032
864	0	1	2	1682	105	21.6037955634	26.2168473103	30.1692005999	5.244
865	0	1	1	443	27	19.4307271025	29.6564844886	33.2112810501	6.96
865	0	1	2	1788	111	19.4307271025	30.5615461724	34.1163427339	12.346
866	0	1	1	557	34	20.6131017991	26.2281320208	29.9992406886	10.22
866	0	1	2	1907	119	20.6131017991	25.9236656589	29.6947743266	18.63
867	0	1	1	434	27	15.4697701189	30.7332920147	33.5634427	4.126
867	0	1	2	1781	111	15.4697701189	31.3437998259	34.1739505112	6.992
868	0	1	1	528	33	19.1478896309	24.4919850381	27.9950372842	16.787
868	0	1	2	1878	117	19.1478896309	26.7809582243	30.2840104703	8.284
869	0	1	1	437	27	19.3935640249	32.4588116249	36.0068093064	7.086
869	0	1	2	1782	111	19.3935640249	32.2133071409	35.7613048224	6
869	1	1	1	434	27	19.3935640249	30.6191919226	34.1671896041	10.536
869	1	1	2	1784	111	19.3935640249	29.2124318565	32.7604295381	6.709
870	0	1	1	432	27	20.5828286988	31.4067549072	35.1723251969	4.63
870	0	1	2	1779	111	20.5828286988	33.0532084134	36.8187787031	8.252
871	0	1	1	477	29	23.058117528	28.5039558087	32.722373188	4.331
871	0	1	2	1826	114	23.058117528	24.102444125	28.3208615043	4.063
872	0	1	1	249	15	23.0636220177	25.9516180205	30.1710424307	4.834
872	0	1	2	1590	99	23.0636220177	31.2442064876	35.4636308978	6.52
873	0	1	1	521	32	23.5290047347	27.8683290504	32.1728939122	6.677
873	0	1	2	1869	116	23.5290047347	24.5502197914	28.8547846533	8.992
874	0	1	1	432	27	20.1124391543	33.2529437702	36.9324576233	7.716
874	0	1	2	1779	111	20.1124391543	30.3250887248	34.0046025778	16.567
875	0	1	1	444	27	18.4407211353	27.3856125377	30.7592903078	11.496
875	0	1	2	1790	111	18.4407211353	26.6162797069	29.989957477	6.315
876	0	1	1	439	27	20.2860584383	30.3881690839	34.0994460939	10.567
876	0	1	2	1785	111	20.2860584383	29.2225543009	32.9338313108	15.811
877	0	1	1	224	14	22.8584852788	29.911155988	34.0930512121	4.882
877	0	1	2	1566	97	22.8584852788	31.822624434	36.0045196581	5.653
878	0	1	1	431	26	18.6660331944	30.6454864459	34.0603844199	15.15
878	0	1	2	1777	111	18.6660331944	31.2440712897	34.6589692637	7.275
879	0	1	1	1006	62	25.5929756205	23.5350797543	28.2172422515	6.803
879	0	1	2	2351	146	25.5929756205	26.9815910943	31.6637535915	9.512
880	0	1	1	432	27	18.8582167294	32.1525121494	35.6025695575	7.023
880	0	1	2	1775	110	18.8582167294	32.6799649746	36.1300223828	11.779
881	0	1	1	211	13	25.3800322605	30.5279922129	35.1711973248	8.157
881	0	1	2	1555	97	25.3800322605	32.7374843678	37.3806894796	4.992
882	0	1	1	1224	76	23.9625772411	28.5146651561	32.8985508816	9.843
882	0	1	2	2574	160	23.9625772411	29.0142018045	33.39808753	16
883	0	1	1	865	54	22.0781240274	29.8874021675	33.9265325079	10.567
883	0	1	2	2210	138	22.0781240274	29.4893331597	33.5284635001	10.645
884	0	1	1	116	7	18.7278000821	26.6119373348	30.0381353862	7.527
884	0	1	2	1456	91	18.7278000821	28.8666471117	32.2928451631	11.276
885	0	1	1	1220	76	19.4177715865	31.2247821194	34.7772085059	14.473
885	0	1	2	2569	160	19.4177715865	31.0910158268	34.6434422132	9.717
886	0	1	1	163	10	26.0878567254	28.6937885932	33.4664881887	6.913
886	0	1	2	1508	94	26.0878567254	29.7311643316	34.5038639272	10.031
887	0	1	1	929	58	25.8345856434	29.4352392395	34.1616036071	11.906
887	0	1	2	2272	142	25.8345856434	30.0601081312	34.7864724987	5.969
888	0	1	1	487	30	23.5743769335	27.9992764596	32.3121420368	5.149
888	0	1	2	1832	114	23.5743769335	28.281745774	32.5946113513	14.315
889	0	1	1	1094	68	25.065988971	32.5652830231	37.1510348035	7.905
889	0	1	2	2442	152	25.065988971	32.3442104339	36.9299622142	8
890	0	1	1	434	27	17.6032756761	31.3124339763	34.5329034685	12.158
890	0	1	2	1782	111	17.6032756761	31.5404440863	34.7609135784	14
891	0	1	1	430	26	21.3576865858	29.2139633488	33.1212916972	11.433
891	0	1	2	1779	111	21.3576865858	29.4077652909	33.3150936393	8.819
892	0	1	1	1218	76	21.5552818181	27.1249445173	31.0684223545	8.646
892	0	1	2	2567	160	21.5552818181	27.4451983272	31.3886761644	16.094
893	0	1	1	443	27	21.5240550788	30.9396482513	34.8774132448	14.599
893	0	1	2	1791	111	21.5240550788	31.4114776326	35.3492426261	8.063
894	0	1	1	439	27	18.9891242186	29.9423589397	33.4163655027	6.977
894	0	1	2	1783	111	18.9891242186	31.0863517112	34.5603582742	4.063
895	0	1	1	582	36	20.0193974415	30.8142822449	34.4767743797	13.496
895	0	1	2	1930	120	20.0193974415	29.75106016	33.4135522949	11.464
896	0	1	1	434	27	15.5586697639	30.7770675967	33.6234822206	9.716
896	0	1	2	1781	111	15.5586697639	30.450035787	33.2964504109	15.811
897	0	1	1	1104	69	21.1125313789	32.8000837617	36.6625616584	7.748
897	0	1	2	2453	153	21.1125313789	34.4915996076	38.3540775043	6.913
898	0	1	1	1006	62	25.9830582747	26.7104204648	31.4639474803	10.599
898	0	1	2	2351	146	25.9830582747	27.570017891	32.3235449064	10.221
899	0	1	1	994	62	21.7688823004	26.7892658898	30.771821331	10.645
899	0	1	2	2337	146	21.7688823004	27.7695360142	31.7520914554	12.646
901	0	1	1	1012	63	26.5989569897	25.1829989626	30.0492029058	15.465
901	0	1	2	2356	147	26.5989569897	28.1298109255	32.9960148687	10.536
902	0	1	1	819	51	26.1462730326	28.9022419906	33.6856286844	8.992
902	0	1	2	2161	135	26.1462730326	31.5236148721	36.3070015659	11.213
903	0	1	1	934	58	24.1190195376	28.9276260674	33.3401324685	15.37
903	0	1	2	2277	142	24.1190195376	26.2848956382	30.6974020393	4.157
904	0	1	1	437	27	18.3969434525	29.748339767	33.1140085339	7.559
904	0	1	2	1781	111	18.3969434525	28.6286365007	31.9943052676	13.023
905	0	1	1	434	27	18.7547785592	32.2434561729	35.6745898603	10.252
905	0	1	2	1782	111	18.7547785592	31.8587977881	35.2899314755	9.969
906	0	1	1	440	27	17.2443941381	30.1656955801	33.3205087101	7.78
906	0	1	2	1787	111	17.2443941381	30.6965035661	33.8513166961	13.37
907	0	1	1	430	26	21.0252417754	31.32989819	35.1764067007	7.055
907	0	1	2	1776	111	21.0252417754	33.3498895322	37.1963980428	9.401
908	0	1	1	1059	66	26.8722069944	28.7643769795	33.6805712382	15.575
908	0	1	2	2404	150	26.8722069944	27.9094677538	32.8256620125	13.622
909	0	1	1	438	27	18.1113187027	30.5514965147	33.8649110415	15.905
909	0	1	2	1783	111	18.1113187027	31.5043870623	34.8178015891	16.661
910	0	1	1	430	26	23.269119015	33.7936147923	38.0506342969	11.276
910	0	1	2	1776	111	23.269119015	33.7152058135	37.9722253181	8.284
911	0	1	1	440	27	15.6081463316	32.0831049775	34.9385711995	19.165
911	0	1	2	1785	111	15.6081463316	30.2003796991	33.0558459211	6.252
912	0	1	1	429	26	16.334897154	30.7342348652	33.7226580945	10.583
912	0	1	2	1777	111	16.334897154	31.45369848	34.4421217093	7.213
913	0	1	1	434	27	15.6298830655	32.5951613766	35.4546042726	10.598
913	0	1	2	1781	111	15.6298830655	30.504979624	33.36442252	4.031
914	0	1	1	486	30	23.8207682853	29.8036516324	34.1615938105	14.284
914	0	1	2	1831	114	23.8207682853	27.1717468312	31.5296890094	7.433
915	0	1	1	1256	78	21.6406712111	29.8494832013	33.8085827863	5.181
915	0	1	2	2604	162	21.6406712111	29.1466981036	33.1057976887	16.504
916	0	1	1	567	35	29.0586960038	30.5806829632	35.8968892014	5.307
916	0	1	2	1917	119	29.0586960038	33.2465794434	38.5627856816	13.748
917	0	1	1	457	28	22.5901371772	29.4894575327	33.6222592306	7.78
917	0	1	2	1802	112	22.5901371772	30.9024505318	35.0352522297	9.843
918	0	1	1	432	27	16.8649269004	30.1132381063	33.1986287785	7.37
918	0	1	2	1779	111	16.8649269004	31.6057081842	34.6910988563	9.685
919	0	1	1	1217	76	18.2585582966	27.4413468314	30.7816984255	8
919	0	1	2	2567	160	18.2585582966	28.8958748459	32.2362264399	15.055
920	0	1	1	1224	76	19.7849233776	29.6140220818	33.23361785	14.504
920	0	1	2	2573	160	19.7849233776	31.5083713015	35.1279670696	9.748
921	0	1	1	439	27	17.3072613282	30.6250208257	33.7913353303	4.441
921	0	1	2	1784	111	17.3072613282	29.1594212691	32.3257357736	7.811
922	0	1	1	413	25	18.9472030682	30.8864443251	34.3527815322	6.898
922	0	1	2	1760	110	18.9472030682	29.0845219328	32.5508591399	20
923	0	1	1	429	26	17.0788338493	30.9042332677	34.0287576111	15.181
923	0	1	2	1776	111	17.0788338493	31.2526135924	34.3771379357	4.504
924	0	1	1	415	25	16.9964191148	32.6108788626	35.7203256635	11.181
924	0	1	2	1762	110	16.9964191148	32.0492219318	35.1586687326	14.283
925	0	1	1	430	26	17.3901718871	29.9387609048	33.1202436615	14.188
925	0	1	2	1776	111	17.3901718871	32.6339714627	35.8154542195	8
926	0	1	1	429	26	17.9069062409	34.3040664039	37.5800842491	10.473
926	0	1	2	1775	110	17.9069062409	35.7358737402	39.0118915853	13.591
927	0	1	1	438	27	17.8446801838	32.8650086539	36.1296424179	7.008
927	0	1	2	1783	111	17.8446801838	32.7362938482	36.0009276122	7.024
928	0	1	1	433	27	18.5635430195	32.6426038963	36.0387515827	12.378
928	0	1	2	1782	111	18.5635430195	31.132363671	34.5285113574	11.433
929	0	1	1	1230	76	21.3629586115	27.2155886361	31.1238814867	9.591
929	0	1	2	2579	161	21.3629586115	28.0753587807	31.9836516313	8.157
930	0	1	1	429	26	17.3561398464	33.303100356	36.4783570472	8.803
930	0	1	2	1775	110	17.3561398464	32.7938670676	35.9691237588	12.189
931	0	1	1	1029	64	23.550856312	25.0235255313	29.3320880774	8.032
931	0	1	2	2374	148	23.550856312	36.316037158	40.6245997041	5.937
932	0	1	1	441	27	17.9805254681	32.357122242	35.6466085165	4.283
932	0	1	2	1788	111	17.9805254681	30.7867814628	34.0762677373	12.582
933	0	1	1	1094	68	18.5737403394	34.321137008	37.7191502652	7.055
933	0	1	2	2442	152	18.5737403394	33.3135910312	36.7116042885	7.464
934	0	1	1	432	27	21.0133386859	33.8266027268	37.6709336009	4.834
934	0	1	2	1779	111	21.0133386859	31.4758812107	35.3202120847	8.158
935	0	1	1	440	27	17.1908718053	32.039740184	35.1847615545	26.598
935	0	1	2	1787	111	17.1908718053	30.4955020756	33.6405234461	15.874
937	0	1	1	989	61	22.9869225788	27.9144301215	32.1198225863	6.094
937	0	1	2	2335	145	22.9869225788	26.8167300538	31.0221225185	14.283
938	0	1	1	375	23	28.7834583942	32.5603630343	37.8262153304	6.913
938	0	1	2	1720	107	28.7834583942	28.2602269282	33.5260792243	11.905
939	0	1	1	490	30	24.0865106607	29.8031775094	34.2097365035	15.464
939	0	1	2	1834	114	24.0865106607	32.2144098589	36.620968853	5.291
940	0	1	1	429	26	25.2283318177	29.4360003917	34.0514523367	9.716
940	0	1	2	1776	111	25.2283318177	29.1735359201	33.788987865	6.96
941	0	1	1	439	27	20.3397354622	30.6539393678	34.3750364374	11.528
941	0	1	2	1785	111	20.3397354622	30.9277407603	34.6488378299	10.583
942	0	1	1	439	27	19.4737374146	28.3005213567	31.8631865331	4.315
942	0	1	2	1784	111	19.4737374146	30.2985391231	33.8612042995	6.378
943	0	1	1	445	27	20.2953817199	28.5646815496	32.2776642276	4.22
943	0	1	2	1791	111	20.2953817199	31.9468418159	35.6598244938	5.181
944	0	1	1	487	30	21.9682851509	30.3920265053	34.411062134	10.977
944	0	1	2	1832	114	21.9682851509	29.78622448	33.8052601087	10.866
945	0	1	1	444	27	16.0122766952	31.4849892578	34.4143899868	7.307
945	0	1	2	1791	111	16.0122766952	31.8844318457	34.8138325746	10.157
946	0	1	1	520	32	23.1821494224	34.1641113159	38.4052199795	6.032
946	0	1	2	1867	116	23.1821494224	34.3151035012	38.5562121648	12.882
947	0	1	1	1221	76	19.8786553095	35.0672491156	38.7039928755	11.779
947	0	1	2	2573	160	19.8786553095	29.4990101369	33.1357538968	10.961
948	0	1	1	455	28	21.8869199329	31.0117187986	35.0158688908	16.756
948	0	1	2	1800	112	21.8869199329	31.2424345835	35.2465846757	10.094
949	0	1	1	1081	67	25.4572491028	39.306257417	43.9635891318	5.811
949	0	1	2	2415	150	25.4572491028	29.1403986538	33.7977303685	10.725
950	0	1	1	432	27	17.0507824147	29.0897187036	32.2091111164	6.567
950	0	1	2	1780	111	17.0507824147	31.6829783265	34.8023707392	8.756
951	0	1	1	562	35	25.2667632439	33.0191157093	37.641598575	5.024
951	0	1	2	1911	119	25.2667632439	32.722056634	37.3445394997	8.992
952	0	1	1	309	19	23.6370858811	29.3389804496	33.6633184514	11.717
952	0	1	2	1653	103	23.6370858811	33.0700732833	37.3944112851	7.464
953	0	1	1	1224	76	18.4661780039	29.0879831046	32.4663181368	5.748
953	0	1	2	2572	160	18.4661780039	29.1936143497	32.5719493819	17.307
954	0	1	1	474	29	20.5645891046	29.5827388437	33.3449722512	15.654
954	0	1	2	1821	113	20.5645891046	28.3831263341	32.1453597417	4.063
955	0	1	1	549	34	22.3082995524	3.16363599589	7.24487629755	14.535
955	0	1	2	1895	118	22.3082995524	4.31160861764	8.39284891931	21.654
956	0	1	1	440	27	19.8247691774	30.0668075272	33.6936929717	16.756
956	0	1	2	1785	111	19.8247691774	29.3560881835	32.982973628	4.992
957	0	1	1	430	26	15.3150713764	29.7445598995	32.5464088875	11.685
957	0	1	2	1775	110	15.3150713764	31.7651409774	34.5669899654	14.157
958	0	1	1	567	35	21.7042840431	35.345795568	39.3165329407	9.622
958	0	1	2	1915	119	21.7042840431	35.9118387137	39.8825760865	7.433
959	0	1	1	445	27	19.1269254726	29.1541923057	32.6534092183	10.897
959	0	1	2	1791	111	19.1269254726	29.1808121734	32.680029086	5.071
960	0	1	1	1223	76	19.9074410106	31.2048393051	34.8468493276	4.519
960	0	1	2	2573	160	19.9074410106	29.4419923439	33.0840023664	4
961	0	1	1	432	27	18.357965572	27.8930508808	31.2515887547	4.897
961	0	1	2	1779	111	18.357965572	31.4679205455	34.8264584194	10.189
962	0	1	1	486	30	23.909898076	29.4477313305	33.8219795518	13.354
962	0	1	2	1831	114	23.909898076	29.6456445768	34.019892798	13.496
963	0	1	1	489	30	23.1823524048	28.2415830796	32.4827288783	16.725
963	0	1	2	1834	114	23.1823524048	30.7492737527	34.9904195513	7.212
964	0	1	1	437	27	18.5301185292	32.181258471	35.5712912415	11.433
964	0	1	2	1781	111	18.5301185292	31.14579724	34.5358300104	9.275
965	0	1	1	437	27	22.3919077267	32.2872370385	36.3837732191	7.937
965	0	1	2	1782	111	22.3919077267	32.2806585365	36.3771947171	4.945
966	0	1	1	430	26	15.5418621065	30.5114050374	33.354744748	11.717
966	0	1	2	1776	111	15.5418621065	31.5795932351	34.4229329456	5.496
967	0	1	1	522	32	18.9567665066	14.6081671011	18.0762539122	6.488
967	0	1	2	1866	116	18.9567665066	14.4841262438	17.9522130549	5.433
967	1	1	1	521	32	18.9567665066	29.1374139319	32.605500743	10.252
967	1	1	2	1869	116	18.9567665066	28.9023571106	32.3704439217	14.977
968	0	1	1	439	27	21.1714579418	30.38522695	34.2584852947	5.496
968	0	1	2	1783	111	21.1714579418	30.3643359929	34.2375943375	7.118
969	0	1	1	485	30	23.942845034	26.002305987	30.382581761	13.653
969	0	1	2	1830	114	23.942845034	29.5887400956	33.9690158697	10.378
970	0	1	1	1107	69	17.7610103674	32.3752735529	35.6246001607	6.662
970	0	1	2	2454	153	17.7610103674	31.5081041012	34.757430709	8.095
971	0	1	1	431	26	18.3182062107	30.5539840965	33.9052481077	10.992
971	0	1	2	1779	111	18.3182062107	30.1376241141	33.4888881253	5.197
972	0	1	1	341	21	30.7816470003	28.2422000523	33.8736153017	12.85
972	0	1	2	1684	105	30.7816470003	26.2016592395	31.833074489	13.481
974	0	1	1	510	31	24.2712730735	26.9524260466	31.3927868015	9.748
974	0	1	2	1860	116	24.2712730735	26.8610496449	31.3014103997	14.771
975	0	1	1	1253	78	21.9723534639	27.539374245	31.5591541601	5.181
975	0	1	2	2601	162	21.9723534639	25.4989293137	29.5187092287	16.441
976	0	1	1	490	30	23.1804525987	27.157264612	31.3980628465	14.346
976	0	1	2	1834	114	23.1804525987	28.3361799186	32.5769781531	12.961
977	0	1	1	296	18	23.4962347902	31.6650839347	35.9636536279	14.378
977	0	1	2	1640	102	23.4962347902	30.2810510815	34.5796207747	4.221
979	0	1	1	440	27	15.8049851631	30.7639111125	33.6553884419	17.968
979	0	1	2	1784	111	15.8049851631	28.0482431884	30.9397205178	4.536
980	0	1	1	297	18	26.5412945387	31.9890566558	36.8447114167	7.59
980	0	1	2	1641	102	26.5412945387	30.157607101	35.0132618619	15.654
981	0	1	1	476	29	21.6531739038	29.4516667555	33.4130536729	5.842
981	0	1	2	1822	113	21.6531739038	29.2952191732	33.2566060905	8.063
982	0	1	1	429	26	16.8364663922	31.465222622	34.5454065247	14.189
982	0	1	2	1773	110	16.8364663922	32.2496486811	35.3298325838	10.756
983	0	1	1	486	30	21.2905523536	27.0911757367	30.9862220672	15.118
983	0	1	2	1831	114	21.2905523536	27.6973294051	31.5923757355	8.929
984	0	1	1	429	26	22.700584298	33.9437995815	38.0968072677	5.559
984	0	1	2	1775	110	22.700584298	36.0827419662	40.2357496525	13.653
985	0	1	1	438	27	20.8625616626	31.9594591912	35.7762058353	6.835
985	0	1	2	1784	111	20.8625616626	30.4827592147	34.2995058589	10.756
986	0	1	1	1107	69	18.1965270796	31.0790253277	34.408028486	4.346
986	0	1	2	2455	153	18.1965270796	29.9423379742	33.2713411326	12.095
987	0	1	1	438	27	17.4478729399	30.9039396495	34.0959786506	8.74
987	0	1	2	1783	111	17.4478729399	30.2567659803	33.4488049814	5.559
988	0	1	1	430	26	18.2275390294	29.2773470353	32.6120237422	16.645
988	0	1	2	1776	111	18.2275390294	29.5562477789	32.8909244858	12.756
989	0	1	1	547	34	21.8265851484	27.6842193803	31.6773313943	14.41
989	0	1	2	1895	118	21.8265851484	30.2302937122	34.2234057262	12.331
990	0	1	1	1222	76	21.2668398117	29.6335793735	33.5242875615	11.843
990	0	1	2	2569	160	21.2668398117	28.3693899812	32.2600981692	8.677
991	0	1	1	430	26	18.4659301951	32.0753481147	35.453637811	12.063
991	0	1	2	1776	111	18.4659301951	33.4769651302	36.8552548265	9.842
992	0	1	1	491	30	22.8223697063	29.5609862439	33.7362742262	12.031
992	0	1	2	1835	114	22.8223697063	31.3953464091	35.5706343913	11.37
993	0	1	1	431	26	20.1598923518	32.7093218502	36.3975171315	8.299
993	0	1	2	1777	111	20.1598923518	32.2112877983	35.8994830797	7.654
994	0	1	1	433	27	23.1014334973	31.8490775193	36.0754194327	12.992
994	0	1	2	1779	111	23.1014334973	29.5975608481	33.8239027615	4.473
995	0	1	1	235	14	23.1904117995	26.6002094359	30.842829678	12.031
995	0	1	2	1578	98	23.1904117995	25.9240910726	30.1667113147	16.724
996	0	1	1	443	27	16.2073851852	29.2625310257	32.227626301	5.685
996	0	1	2	1788	111	16.2073851852	33.2493845091	36.2144797844	12.599
997	0	1	1	429	26	21.6075752081	34.588170668	38.5412154329	12.126
997	0	1	2	1775	110	21.6075752081	35.6723786318	39.6254233967	14.803
998	0	1	1	489	30	22.5098266367	27.8790135695	31.9971226812	13.717
998	0	1	2	1833	114	22.5098266367	27.9807878144	32.0988969261	11.685
999	0	1	1	459	28	19.3100456569	30.7014969474	34.2342151797	6.819
999	0	1	2	1806	112	19.3100456569	27.9378651189	31.4705833512	10.74
1000	0	1	1	548	34	17.7668391603	29.7979213411	33.0483143101	11.291
1000	0	1	2	1894	118	17.7668391603	29.3000423552	32.5504353241	11.779
1001	0	1	1	443	27	23.1657744037	28.2216462374	32.4597591376	4.158
1001	0	1	2	1789	111	23.1657744037	30.6990888663	34.9372017665	7.622
1002	0	1	1	103	6	22.7415754943	19.4749253726	23.6354322823	22.756
1002	0	1	2	1445	90	22.7415754943	30.130904024	34.2914109337	11.78
1003	0	1	1	440	27	16.3250442495	25.9425059977	28.929126666	6.992
1003	0	1	2	1787	111	16.3250442495	30.3549053328	33.341526001	7.213
1004	0	1	1	430	26	18.1339845371	29.9246214893	33.2421826664	11.118
1004	0	1	2	1779	111	18.1339845371	29.8423695346	33.1599307117	4.472
1005	0	1	1	557	34	20.9744195672	27.3371494765	31.1743602079	8.662
1005	0	1	2	1906	119	20.9744195672	25.9698595974	29.8070703288	8.158
1006	0	1	1	431	26	24.0504997073	29.1700187951	33.5699896871	12.536
1006	0	1	2	1779	111	24.0504997073	29.2126069785	33.6125778705	5.37
1007	0	1	1	1218	76	21.4105491349	25.699445871	29.6164452732	8.315
1007	0	1	2	2567	160	21.4105491349	27.7549593818	31.671958784	11.811
1008	0	1	1	440	27	18.5732033055	27.7766687179	31.1745837263	6.094
1008	0	1	2	1785	111	18.5732033055	29.8011464832	33.1990614916	5.843
1009	0	1	1	430	26	20.2379344283	29.4904052353	33.1928780938	9.465
1009	0	1	2	1776	111	20.2379344283	28.8221255572	32.5245984157	8.85
1010	0	1	1	1095	68	20.4229852463	32.9138215039	36.6501488861	5.528
1010	0	1	2	2444	152	20.4229852463	34.4021716243	38.1384990065	8.913
1011	0	1	1	1044	65	22.808748469	23.5317586743	27.7045546897	13.496
1011	0	1	2	2397	149	22.808748469	26.7830693793	30.9558653946	6.504
1012	0	1	1	438	27	21.1875965057	31.6295050306	35.5057158798	14.409
1012	0	1	2	1783	111	21.1875965057	31.9179595817	35.794170431	13.181
1013	0	1	1	414	25	17.7318797674	32.4754031795	35.7194004264	8.929
1013	0	1	2	1760	110	17.7318797674	34.0949853528	37.3389825997	14.913
1014	0	1	1	430	26	18.1240185287	33.0718417403	36.3875796643	12.126
1014	0	1	2	1776	111	18.1240185287	33.7761497106	37.0918876346	6
1015	0	1	1	407	25	17.8999944836	24.8235158686	28.0982692273	8.866
1015	0	1	2	1755	109	17.8999944836	29.367182555	32.6419359136	7.622
1016	0	1	1	210	13	24.3985826969	28.2594937447	32.7231454351	5.307
1016	0	1	2	1553	97	24.3985826969	35.5039469542	39.9675986445	4.866
1017	0	1	1	434	27	16.7871091991	30.1705368813	33.2416910251	10.803
1017	0	1	2	1781	111	16.7871091991	31.6674914973	34.7386456411	7.118
1018	0	1	1	431	26	19.7855234248	33.2180669274	36.8377724725	8.929
1018	0	1	2	1777	111	19.7855234248	35.1526285851	38.7723341302	7.59
1019	0	1	1	1230	76	19.600976474	28.5210336463	32.1069768487	12.567
1019	0	1	2	2581	161	19.600976474	29.0601806086	32.646123811	13.055
1020	0	1	1	1026	64	27.8533893479	24.5349071885	29.6306059833	7.181
1020	0	1	2	2373	148	27.8533893479	29.3060573144	34.4017561092	17.653
1021	0	1	1	215	13	24.7493884301	22.652125105	27.179955712	9.402
1021	0	1	2	1558	97	24.7493884301	21.1901992289	25.7180298358	21.811
1022	0	1	1	1217	76	20.7086857317	31.116707854	34.9053033318	8.394
1022	0	1	2	2566	160	20.7086857317	32.4849920942	36.273587572	12.094
1023	0	1	1	1217	76	20.5053427353	28.6931496116	32.4445440634	13.26
1023	0	1	2	2567	160	20.5053427353	26.5552689943	30.3066634461	9.968
1024	0	1	1	429	26	19.6521582408	24.0093085732	27.604615335	8.189
1024	0	1	2	1784	111	19.6521582408	32.2853082107	35.8806149726	10.094
1025	0	1	1	433	27	18.5590582116	27.5787955867	30.9741227902	11.559
1025	0	1	2	1781	111	18.5590582116	33.4264076526	36.8217348561	6.315
1026	0	1	1	486	30	21.6797379719	31.1464303175	35.112677056	12.63
1026	0	1	2	1831	114	21.6797379719	28.5726822688	32.5389290073	6.22
1027	0	1	1	472	29	20.757722285	17.0268260656	20.8243926422	5.008
1027	0	1	2	1818	113	20.757722285	30.1377607505	33.935327327	10.252
1028	0	1	1	379	23	21.7658380371	33.8277409962	37.8097394981	4.803
1028	0	1	2	1727	107	21.7658380371	34.271337168	38.2533356699	9.843
1029	0	1	1	443	27	19.5823664182	29.8407026618	33.4232412071	4.977
1029	0	1	2	1789	111	19.5823664182	29.398321276	32.9808598214	7.339
1030	0	1	1	489	30	22.3085684395	29.0300550971	33.1113445909	11.842
1030	0	1	2	1834	114	22.3085684395	28.8634219255	32.9447114193	14.662
1031	0	1	1	431	26	15.4494411147	30.4107652324	33.2371967839	6
1031	0	1	2	1776	111	15.4494411147	29.3211707626	32.1476023141	17.086
1032	0	1	1	765	47	23.1040002132	30.576600955	34.8034124418	5.087
1032	0	1	2	2106	131	23.1040002132	30.4760053927	34.7028168795	7.685
1033	0	1	1	430	26	17.8532869667	31.6200588471	34.8862671977	11.134
1033	0	1	2	1776	111	17.8532869667	36.4167288312	39.6829371818	8.882
1034	0	1	1	429	26	16.7949763374	31.5881106138	34.6607040283	4.284
1034	0	1	2	1776	111	16.7949763374	30.9918961215	34.064489536	8.189
1035	0	1	1	430	26	17.1373495025	29.7351900455	32.8704196621	11.008
1035	0	1	2	1776	111	17.1373495025	31.5535346257	34.6887642423	9.874
1036	0	1	1	431	26	17.3385701504	27.7771075467	30.9491499116	10.693
1036	0	1	2	1779	111	17.3385701504	30.1753090679	33.3473514329	9.717
1037	0	1	1	412	25	24.9341815972	32.2685876357	36.8302256299	5.59
1037	0	1	2	1759	109	24.9341815972	31.1467500257	35.7083880199	7.433
1038	0	1	1	488	30	20.0658798394	31.0128754852	34.6838714433	5.874
1038	0	1	2	1833	114	20.0658798394	27.3947532841	31.0657492421	10.787
1039	0	1	1	434	27	25.2729391688	26.4644979493	31.088110683	4.472
1039	0	1	2	1781	111	25.2729391688	28.5492307612	33.1728434949	6
1040	0	1	1	440	27	17.0342236335	31.8179892641	34.9343522947	14.866
1040	0	1	2	1785	111	17.0342236335	32.1596111559	35.2759741865	4.724
1041	0	1	1	561	35	24.8162290171	26.0771658116	30.6172247148	8.252
1041	0	1	2	1909	119	24.8162290171	27.6421281478	32.182187051	5.748
1042	0	1	1	1089	68	17.4632960491	35.491290119	38.6861507343	8.032
1042	0	1	2	2438	152	17.4632960491	32.6837486403	35.8786092557	7.874
1043	0	1	1	1254	78	23.025512826	27.5469220734	31.7593745147	5.307
1043	0	1	2	2596	162	23.025512826	28.3549058981	32.5673583394	13.653
1043	1	1	1	1255	78	23.025512826	26.7235024206	30.9359548619	10.221
1043	1	1	2	2597	162	23.025512826	25.7159922356	29.9284446769	12.095
1044	0	1	1	383	23	21.9203792062	33.5220519951	37.5323233667	11.653
1044	0	1	2	1728	108	21.9203792062	30.0942739147	34.1045452863	4.126
1045	0	1	1	431	26	16.5659336898	32.1047933789	35.1354840889	9.607
1045	0	1	2	1777	111	16.5659336898	31.8689500808	34.8996407908	8.158
1046	0	1	1	429	26	15.5256601439	29.8183524784	32.6587280857	6.409
1046	0	1	2	1776	111	15.5256601439	30.5140243192	33.3543999265	8.85
1047	0	1	1	439	27	18.9060693297	29.8465481643	33.3053600703	9.276
1047	0	1	2	1783	111	18.9060693297	30.7675666778	34.2263785838	7.008
1048	0	1	1	1041	65	19.2610880764	30.8877630532	34.4115246347	6.536
1048	0	1	2	2394	149	19.2610880764	28.1585591532	31.6823207347	6.158
1049	0	1	1	865	54	26.1759543284	28.4348170676	33.2236338705	10.85
1049	0	1	2	2209	138	26.1759543284	29.8566509377	34.6454677405	21.307
1050	0	1	1	210	13	26.4212301494	25.1111684384	29.9448577589	12.189
1050	0	1	2	1553	97	26.4212301494	27.02285047	31.8565397905	14.677
1051	0	1	1	444	27	16.6707274829	28.551875016	31.6017374541	9.717
1051	0	1	2	1790	111	16.6707274829	27.9451024258	30.9949648639	5.874
1052	0	1	1	1245	77	22.5922231319	31.5944074859	35.7275908034	7.78
1052	0	1	2	2594	162	22.5922231319	26.1311442057	30.2643275232	17.465
1053	0	1	1	567	35	23.8477031882	33.8062762378	38.1691460802	6.409
1053	0	1	2	1915	119	23.8477031882	35.5877934706	39.9506633131	9.118
1054	0	1	1	439	27	15.8579876682	30.8757831599	33.7769571477	7.197
1054	0	1	2	1784	111	15.8579876682	29.9719270201	32.8731010079	6.898
1055	0	1	1	439	27	16.9316560768	30.5458536411	33.6434522273	8.063
1055	0	1	2	1784	111	16.9316560768	28.4745076203	31.5721062065	5.654
1056	0	1	1	441	27	17.232761388	29.0556639374	32.2083488886	5.023
1056	0	1	2	1788	111	17.232761388	32.3523798244	35.5050647756	12.945
1057	0	1	1	422	26	21.9482290962	28.2052847825	32.2206512127	4.819
1057	0	1	2	1769	110	21.9482290962	30.9061781382	34.9215445684	18.409
1058	0	1	1	1213	75	22.1392658673	24.3742620411	28.4245781082	11.622
1058	0	1	2	2562	160	22.1392658673	26.9327426619	30.983058729	13.149
1059	0	1	1	432	27	18.2413959946	30.5275636756	33.8647754751	16
1059	0	1	2	1780	111	18.2413959946	34.3786109607	37.7158227601	5.086
1060	0	1	1	428	26	16.9047251864	29.6331916623	32.7258633183	6.709
1060	0	1	2	1776	111	16.9047251864	33.1220905086	36.2147621646	8.473
1061	0	1	1	547	34	19.3994821885	27.5608624746	31.1099428674	16.347
1061	0	1	2	1895	118	19.3994821885	28.5646983623	32.1137787552	18.992
1062	0	1	1	1029	64	24.8069150471	18.8948264985	23.4331814373	8.157
1062	0	1	2	2374	148	24.8069150471	31.2110529984	35.7494079372	13.024
1063	0	1	1	452	28	20.961481566	33.1100266521	36.9448704128	13.591
1063	0	1	2	1798	112	20.961481566	31.5727524322	35.4075961928	6.252
1064	0	1	1	440	27	21.183989489	28.8275769574	32.7031279131	7.528
1064	0	1	2	1787	111	21.183989489	30.2943185036	34.1698694594	14.866
1065	0	1	1	210	13	20.8963163138	29.2376439983	33.0605659604	12.456
1065	0	1	2	1553	97	20.8963163138	28.0765327584	31.8994547205	7.748
1066	0	1	1	494	30	20.5614575651	30.1854550151	33.9471155163	11.181
1066	0	1	2	1840	115	20.5614575651	29.5991723643	33.3608328655	10.472
1067	0	1	1	811	50	23.6915375236	22.1118901548	26.4461899307	5.244
1067	0	1	2	2153	134	23.6915375236	25.6243678739	29.9586676498	5.26
1068	0	1	1	439	27	16.5276701735	31.9463447847	34.9700352926	13.622
1068	0	1	2	1784	111	16.5276701735	29.1712738732	32.1949643811	4.725
1070	0	1	1	210	13	26.4824443418	34.0965403715	38.9414286553	6.756
1070	0	1	2	1554	97	26.4824443418	31.0481519904	35.8930402742	10
1072	0	1	1	434	27	25.4009488921	25.3344149226	29.9814466731	4.283
1072	0	1	2	1782	111	25.4009488921	24.9692205385	29.6162522889	6.567
1073	0	1	1	376	23	20.0480418758	35.0487737816	38.7165063347	6.441
1073	0	1	2	1723	107	20.0480418758	31.0673172446	34.7350497977	14.898
1074	0	1	1	1238	77	20.7470843391	29.3839244905	33.1795448849	4.756
1074	0	1	2	2586	161	20.7470843391	31.4783126774	35.2739330718	5.26
1075	0	1	1	1019	63	28.3819206218	26.2980273673	31.4904194637	20.126
1075	0	1	2	2365	147	28.3819206218	23.1705017031	28.3628937995	8.157
1076	0	1	1	440	27	16.7600090088	28.2727004658	31.3388967064	5.969
1076	0	1	2	1784	111	16.7600090088	29.416444683	32.4826409236	7.905
1077	0	1	1	1079	67	24.4892433763	23.469639663	27.9498774682	14.882
1077	0	1	2	2425	151	24.4892433763	24.9730531334	29.4532909386	17.496
1078	0	1	1	429	26	19.0184185507	29.914362774	33.3937286521	8
1078	0	1	2	1776	111	19.0184185507	33.3990902148	36.878456093	5.559
1079	0	1	1	1227	76	21.0641980558	30.4789002573	34.3325357092	7.653
1079	0	1	2	2579	161	21.0641980558	30.1291145434	33.9827499954	14.662
1080	0	1	1	804	50	25.93022544	27.8991301463	32.6429915441	12.567
1080	0	1	2	2146	134	25.93022544	30.1718254604	34.9156868582	7.37
1081	0	1	1	433	27	16.8862325299	29.552530937	32.6418194138	10.284
1081	0	1	2	1780	111	16.8862325299	31.9850585827	35.0743470595	12.551
1082	0	1	1	434	27	17.1637875242	32.8573436198	35.9974099977	12.599
1082	0	1	2	1782	111	17.1637875242	31.6372513959	34.7773177738	5.496
1084	0	1	1	430	26	16.3314730332	26.1916528416	29.1794496376	16.724
1084	0	1	2	1775	110	16.3314730332	31.1468968394	34.1346936355	15.653
1085	0	1	1	441	27	18.1217649058	28.7958578652	32.1111834953	4.346
1085	0	1	2	1788	111	18.1217649058	29.3117318236	32.6270574537	10.662
1086	0	1	1	429	26	22.499887465	29.2277518172	33.3440425855	14.22
1086	0	1	2	1775	110	22.499887465	31.3951902393	35.5114810076	12.346
1087	0	1	1	488	30	24.3507981567	27.9588593059	32.4137689498	16.158
1087	0	1	2	1832	114	24.3507981567	30.0526596	34.5075692439	7.811
1088	0	1	1	429	26	25.2506594866	27.669018642	32.2885553709	19.527
1088	0	1	2	1774	110	25.2506594866	30.1669153283	34.7864520572	13.339
1089	0	1	1	440	27	17.794524603	31.8540269402	35.1094848826	6.788
1089	0	1	2	1787	111	17.794524603	31.3531866856	34.608644628	7.37
1090	0	1	1	1089	68	19.9994681119	17.0801503913	20.7389965117	10.504
1090	0	1	2	2433	152	19.9994681119	15.6215234734	19.2803695938	12.504
1091	0	1	1	430	26	17.5453755785	32.0699975301	35.2798743632	8.347
1091	0	1	2	1779	111	17.5453755785	27.9311372388	31.1410140719	5.654
1092	0	1	1	429	26	16.0142273925	31.9523263998	34.8820840033	7.37
1092	0	1	2	1775	110	16.0142273925	31.8488937531	34.7786513566	13.276
1093	0	1	1	805	50	25.0056735893	33.6499946002	38.2247118521	8.504
1093	0	1	2	2145	134	25.0056735893	34.4265950315	39.0013122833	7.023
1094	0	1	1	296	18	28.5515741931	28.8899567298	34.1133864672	13.323
1094	0	1	2	1640	102	28.5515741931	27.8838272739	33.1072570113	13.118
1095	0	1	1	438	27	19.6846902669	30.7991298685	34.4003882725	4.347
1095	0	1	2	1783	111	19.6846902669	33.0994393438	36.7006977478	4.819
1096	0	1	1	821	51	24.7471794038	22.8539419021	27.3813683739	11.338
1096	0	1	2	2164	135	24.7471794038	27.9738321096	32.5012585814	9.165
1097	0	1	1	217	13	21.6781775124	23.7291173719	27.6950786287	6.646
1097	0	1	2	1561	97	21.6781775124	25.8090037822	29.774965039	18.189
1098	0	1	1	76	4	21.9546448067	28.3488208496	32.3653610159	8.567
1098	0	1	2	1415	88	21.9546448067	27.8311636591	31.8477038254	14.095
1100	0	1	1	901	56	25.7946016508	32.4786971306	37.1977465398	6
1100	0	1	2	2241	140	25.7946016508	27.672360424	32.3914098332	6.851
1101	0	1	1	1269	79	21.5082517054	28.9370189661	32.8718927772	7.748
1101	0	1	2	2616	163	21.5082517054	29.6704231236	33.6052969347	6.095
1102	0	1	1	933	58	25.6039522601	29.3119034051	33.9960740475	14
1102	0	1	2	2277	142	25.6039522601	28.7274996283	33.4116702707	6.126
1103	0	1	1	431	26	15.6434659051	29.3456391759	32.207567014	15.968
1103	0	1	2	1774	110	15.6434659051	30.0187453235	32.8806731616	11.149
1104	0	1	1	214	13	23.1613313623	29.9942847015	34.2315847598	6.158
1104	0	1	2	1558	97	23.1613313623	30.1835732994	34.4208733578	7.401
1105	0	1	1	432	27	21.6632773453	31.5205301585	35.4837654719	6.441
1105	0	1	2	1780	111	21.6632773453	31.97570619	35.9389415033	5.779
1106	0	1	1	429	26	18.3456679539	33.0032799116	36.3595679711	5.685
1106	0	1	2	1775	110	18.3456679539	29.5058181126	32.862106172	10.189
1107	0	1	1	1256	78	25.4904559204	26.9495462257	31.6129530338	12.693
1107	0	1	2	2604	162	25.4904559204	27.5665950589	32.230001867	16.598
1108	0	1	1	429	26	16.4766669099	30.0139004868	33.0282600919	12.882
1108	0	1	2	1774	110	16.4766669099	30.7959254553	33.8102850604	10.126
1109	0	1	1	430	26	19.2229540919	33.2441554895	36.7609405664	6.347
1109	0	1	2	1777	111	19.2229540919	31.8307536147	35.3475386916	8.031
1110	0	1	1	1041	65	16.6911288713	27.3828966203	30.4364914347	10.724
1110	0	1	2	2396	149	16.6911288713	26.389365189	29.4429600034	5.811
1111	0	1	1	547	34	23.5302366098	24.723248636	29.0280388659	8.803
1111	0	1	2	1895	118	23.5302366098	29.451518674	33.756308904	13.165
1112	0	1	1	870	54	23.6850726795	32.9180808003	37.2511978512	12.504
1112	0	1	2	2212	138	23.6850726795	32.6096338501	36.9427509011	13.607
1113	0	1	1	488	30	20.8585983774	30.4572222102	34.2732437825	10.284
1113	0	1	2	1833	114	20.8585983774	29.388578675	33.2046002473	9.181
1114	0	1	1	452	28	19.6325817553	26.5277804478	30.1195057471	12.693
1114	0	1	2	1797	112	19.6325817553	29.354669571	32.9463948702	11.339
1115	0	1	1	491	30	23.5931788956	29.4963510012	33.8126563443	15.937
1115	0	1	2	1835	114	23.5931788956	31.0534195754	35.3697249185	8
1116	0	1	1	577	36	27.4166494445	30.1291506431	35.144949108	8.126
1116	0	1	2	1925	120	27.4166494445	28.5260449112	33.5418433761	10.63
1117	0	1	1	1092	68	22.2970124455	35.2353547999	39.3145301573	4.126
1117	0	1	2	2458	153	22.2970124455	28.5932973839	32.6724727413	7.433
1118	0	1	1	434	27	20.4906854385	31.8752117143	35.6239246552	5.874
1118	0	1	2	1782	111	20.4906854385	33.031117537	36.7798304778	9.528
1119	0	1	1	439	27	15.9361975589	28.9246230597	31.8401053259	4.74
1119	0	1	2	1784	111	15.9361975589	29.7926062254	32.7080884915	4.787
1120	0	1	1	1236	77	18.651740935	29.1103614183	32.5226446639	4.693
1120	0	1	2	2585	161	18.651740935	26.2492445817	29.6615278273	15.685
1121	0	1	1	432	27	19.265751663	31.4315029756	34.956117747	4.834
1121	0	1	2	1780	111	19.265751663	31.3907680176	34.9153827891	11.37
1122	0	1	1	564	35	24.9246367568	32.5556067235	37.1154985161	10.834
1122	0	1	2	1911	119	24.9246367568	25.9019988991	30.4618906917	15.717
1123	0	1	1	434	27	19.3890150349	31.5483168254	35.0954822821	10.441
1123	0	1	2	1781	111	19.3890150349	33.0183864563	36.565551913	9.874
1124	0	1	1	443	27	18.4707866999	30.8662005661	34.2453787462	8.929
1124	0	1	2	1788	111	18.4707866999	27.5227261241	30.9019043042	5.464
1125	0	1	1	456	28	19.8354243166	28.4580375614	32.0868723334	4.929
1125	0	1	2	1798	112	19.8354243166	31.5791804423	35.2080152144	6.662
1126	0	1	1	1030	64	25.4643821732	24.7002537615	29.3588904513	10.488
1126	0	1	2	2375	148	25.4643821732	30.6031084059	35.2617450957	11.527
1127	0	1	1	452	28	19.5355388705	27.6718840714	31.2458556494	19.401
1127	0	1	2	1798	112	19.5355388705	27.906480308	31.4804518859	5.118
1128	0	1	1	431	26	21.3405680648	29.9673674744	33.8715640378	13.622
1128	0	1	2	1779	111	21.3405680648	30.4297983638	34.3339949271	12.157
1129	0	1	1	438	27	18.4957851357	32.9930753268	36.3768269	5.244
1129	0	1	2	1783	111	18.4957851357	31.290809901	34.6745614743	10.772
1130	0	1	1	430	26	16.8161210936	30.3841881176	33.4606499054	12.725
1130	0	1	2	1776	111	16.8161210936	30.9086333546	33.9850951425	9.37
1131	0	1	1	778	48	23.2696382595	27.2247799197	31.4818944185	9.181
1131	0	1	2	2117	132	23.2696382595	26.1219474739	30.3790619727	18.22
1132	0	1	1	376	23	24.5387490095	27.3987816293	31.88807635	14.693
1132	0	1	2	1723	107	24.5387490095	26.5753411755	31.0646358962	9.338
1133	0	1	1	1227	76	21.1703790587	30.2783021753	34.1513631414	14.488
1133	0	1	2	2580	161	21.1703790587	30.4082269262	34.2812878923	13.055
1134	0	1	1	429	26	17.1731618616	27.5978613359	30.7396427223	18.22
1134	0	1	2	1774	110	17.1731618616	30.2578067876	33.399588174	11.843
1135	0	1	1	192	12	22.0725718933	28.6154277516	32.6535423448	10.976
1135	0	1	2	1535	95	22.0725718933	29.6416222853	33.6797368785	10.929
1136	0	1	1	247	15	25.25117235	29.9421915196	34.5618220753	8.598
1136	0	1	2	1589	99	25.25117235	30.5169864188	35.1366169745	16.221
1137	0	1	1	903	56	24.2590628147	28.3354286949	32.7735556174	10.914
1137	0	1	2	2245	140	24.2590628147	28.3944446914	32.832571614	8.725
1138	0	1	1	453	28	21.8767664551	27.9285643621	31.9308569042	4.126
1138	0	1	2	1798	112	21.8767664551	28.1092994666	32.1115920087	5.622
1139	0	1	1	529	33	18.1998077652	27.9194063387	31.2490096892	10.472
1139	0	1	2	1879	117	18.1998077652	29.718210066	33.0478134165	11.622
1140	0	1	1	434	27	18.0020265422	31.972540672	35.2659605072	9.968
1140	0	1	2	1781	111	18.0020265422	31.5765002695	34.8699201047	6.095
1141	0	1	1	432	27	19.6749631482	28.9620564728	32.561535328	4.677
1141	0	1	2	1779	111	19.6749631482	29.5309210593	33.1303999145	7.528
1142	0	1	1	809	50	26.1785946171	30.5506358519	35.3399356881	15.559
1142	0	1	2	2152	134	26.1785946171	27.8656369187	32.6549367549	12.126
1143	0	1	1	519	32	16.685318717	30.9640178255	34.0165496885	6.504
1143	0	1	2	1867	116	16.685318717	28.4047604397	31.4572923027	4.378
1144	0	1	1	224	14	24.3984718228	32.0338267273	36.4974581335	4.189
1144	0	1	2	1564	97	24.3984718228	33.5465602837	38.01019169	4.567
1145	0	1	1	437	27	19.4674146379	30.4255237707	33.987032213	4.094
1145	0	1	2	1783	111	19.4674146379	28.9007143157	32.4622227579	11.15
1146	0	1	1	430	26	23.683592301	27.3806470821	31.713493302	5.339
1146	0	1	2	1776	111	23.683592301	28.6663794171	32.999225637	10.158
1147	0	1	1	470	29	21.1985365291	26.4791515047	30.3573638003	10.031
1147	0	1	2	1813	113	21.1985365291	29.1921464417	33.0703587373	7.969
1148	0	1	1	519	32	16.3754802301	28.9308646969	31.9267124851	6.284
1148	0	1	2	1865	116	16.3754802301	28.9239044222	31.9197522104	12.63
1149	0	1	1	490	30	23.5819393624	27.0016919797	31.315941082	17.276
1149	0	1	2	1833	114	23.5819393624	28.2755842585	32.5898333608	10.362
1150	0	1	1	528	33	18.4759850515	24.9334845913	28.3136137951	15.544
1150	0	1	2	1876	117	18.4759850515	25.6066618797	28.9867910835	13.339
1151	0	1	1	433	27	22.5783818021	31.0638649799	35.1945160651	7.843
1151	0	1	2	1781	111	22.5783818021	32.1194403206	36.2500914058	6.535
1153	0	1	1	438	27	17.8986897056	29.8761846732	33.1506993265	11.449
1153	0	1	2	1783	111	17.8986897056	29.8525741096	33.1270887628	10.032
1154	0	1	1	555	34	23.5837973418	31.3261127913	35.6407018056	5.654
1154	0	1	2	1905	119	23.5837973418	24.3915141592	28.7061031735	9.906
1155	0	1	1	422	26	23.2549561842	28.5795705757	32.8339990304	4.819
1155	0	1	2	1769	110	23.2549561842	30.8842135837	35.1386420384	11.717
1156	0	1	1	438	27	17.5826135699	32.6720216308	35.888711049	9.496
1156	0	1	2	1783	111	17.5826135699	30.2716777897	33.4883672079	11.307
1157	0	1	1	291	18	24.5126082216	28.7982656728	33.2827780104	12.819
1157	0	1	2	1634	102	24.5126082216	29.0173977285	33.5019100661	12.409
1158	0	1	1	430	26	16.2796470795	31.7244271173	34.7027425018	12.473
1158	0	1	2	1776	111	16.2796470795	30.1901380944	33.1684534789	4.221
1159	0	1	1	429	26	17.4233348274	33.6976803163	36.8852301392	11.244
1159	0	1	2	1776	111	17.4233348274	34.9918827358	38.1794325587	8.693
1160	0	1	1	1097	68	18.5806898123	33.0239553105	36.4232399542	5.181
1160	0	1	2	2445	152	18.5806898123	31.0957517959	34.4950364395	6.834
1161	0	1	1	430	26	18.1432868787	30.8273537089	34.1466167231	14.095
1161	0	1	2	1777	111	18.1432868787	30.8163555521	34.1356185663	9.653
1162	0	1	1	444	27	19.9332956646	30.984283845	34.6310239033	10.85
1162	0	1	2	1791	111	19.9332956646	31.8611928388	35.5079328972	5.275
1163	0	1	1	429	26	16.3076307022	28.3375418352	31.3209767443	10.535
1163	0	1	2	1777	111	16.3076307022	28.3908974947	31.3743324038	11.086
1164	0	1	1	488	30	21.405797938	29.3055190312	33.2216492153	18.063
1164	0	1	2	1833	114	21.405797938	26.9843972668	30.900527451	13.166
1165	0	1	1	216	13	23.115949686	29.700756289	33.9297538981	7.291
1165	0	1	2	1560	97	23.115949686	31.6866201902	35.9156177992	8.252
1166	0	1	1	438	27	20.7670012384	33.3986808611	37.197944996	12.299
1166	0	1	2	1784	111	20.7670012384	31.1682671082	34.967531243	11.086
1167	0	1	1	438	27	19.9300926592	29.0664521688	32.7126062464	11.906
1167	0	1	2	1783	111	19.9300926592	28.3831371212	32.0292911987	8.095
1168	0	1	1	306	19	24.3233344577	27.9627441232	32.412629361	9.339
1168	0	1	2	1668	104	24.3233344577	29.6259488464	34.0758340842	13.717
1169	0	1	1	437	27	16.3515849882	32.8833058804	35.8747821017	6.898
1169	0	1	2	1783	111	16.3515849882	28.711969939	31.7034461604	8.614
1170	0	1	1	488	30	21.306111793	33.9004066954	37.7982995813	11.465
1170	0	1	2	1832	114	21.306111793	29.3128781539	33.2107710397	8.284
1171	0	1	1	433	27	19.5727519941	30.9415141797	34.5222937934	6.347
1171	0	1	2	1781	111	19.5727519941	35.5153489878	39.0961286015	8.441
1172	0	1	1	564	35	23.5593837125	32.3567017195	36.6668243294	5.559
1172	0	1	2	1912	119	23.5593837125	32.6805881944	36.9907108043	4.661
1173	0	1	1	431	26	18.7156717335	29.6016814263	33.0256606306	13.26
1173	0	1	2	1779	111	18.7156717335	31.1071875361	34.5311667405	11.276
1174	0	1	1	1230	76	20.9802027974	23.8447906794	27.6830594364	4.992
1174	0	1	2	2578	161	20.9802027974	25.9790559497	29.8173247067	5.338
1175	0	1	1	438	27	19.8117607109	36.3281026656	39.9526082479	4.661
1175	0	1	2	1783	111	19.8117607109	34.7507544525	38.3752600348	10.126
1176	0	1	1	286	17	21.6734141556	29.0365059479	33.001595762	17.103
1176	0	1	2	1632	102	21.6734141556	30.2048197456	34.1699095597	8.834
1176	1	1	1	288	18	21.6734141556	28.4620045675	32.4270943817	8.772
1176	1	1	2	1631	101	21.6734141556	31.8261631822	35.7912529963	9.528
1177	0	1	1	431	26	23.1279918971	30.0967435029	34.3279442005	5.748
1177	0	1	2	1779	111	23.1279918971	29.3670411844	33.598241882	4.583
1178	0	1	1	1097	68	17.7455740246	30.5281775811	33.7746801537	4.724
1178	0	1	2	2446	152	17.7455740246	34.3907173131	37.6372198857	4.157
1179	0	1	1	430	26	21.45032947	28.8231191354	32.7473962373	9.465
1179	0	1	2	1776	111	21.45032947	28.1670641044	32.0913412064	4.41
1180	0	1	1	439	27	16.2562616784	31.9681225082	34.9421595996	10.567
1180	0	1	2	1784	111	16.2562616784	32.2885204351	35.2625575265	10.126
1181	0	1	1	564	35	23.0642554054	37.0925760137	41.3121163003	8.567
1181	0	1	2	1911	119	23.0642554054	31.8822301802	36.1017704669	10.598
1182	0	1	1	1006	62	29.1693074866	29.6928379186	35.0292802147	13.087
1182	0	1	2	2351	146	29.1693074866	31.9557461686	37.2921884647	5.402
1183	0	1	1	429	26	14.6851922029	29.4978948369	32.1845092117	5.339
1183	0	1	2	1772	110	14.6851922029	30.3228880956	33.0095024704	5.811
1184	0	1	1	1107	69	19.569807282	31.2590812008	34.8393220877	4.834
1184	0	1	2	2455	153	19.569807282	32.4927315524	36.0729724393	11.654
1185	0	1	1	439	27	19.0983949637	30.2423620169	33.7363593536	10.771
1185	0	1	2	1785	111	19.0983949637	29.3481999174	32.8421972542	11.37
1186	0	1	1	522	32	21.1313775757	33.2645090403	37.1304347954	9.118
1186	0	1	2	1869	116	21.1313775757	32.8841229657	36.7500487208	8.52
1187	0	1	1	1022	63	27.4412876124	28.9784675133	33.9987734613	12.914
1187	0	1	2	2370	148	27.4412876124	25.9142510547	30.9345570027	5.402
1188	0	1	1	494	30	21.1062326883	31.4836606685	35.3449862376	9.37
1188	0	1	2	1843	115	21.1062326883	32.0837330226	35.9450585916	6.851
1189	0	1	1	415	25	20.0252603257	28.3755885123	32.0391532452	8.897
1189	0	1	2	1763	110	20.0252603257	27.4409858572	31.1045505902	14
1190	0	1	1	1097	68	20.6325271066	34.7551634951	38.5298259679	4.913
1190	0	1	2	2455	153	20.6325271066	30.9811549868	34.7558174596	5.748
1191	0	1	1	75	4	24.4858099015	27.4864470971	31.9660567578	10.189
1191	0	1	2	1415	88	24.4858099015	28.9983667708	33.4779764315	8.551
1192	0	1	1	431	26	16.2820086745	30.7528687376	33.7316161692	8.315
1192	0	1	2	1776	111	16.2820086745	29.0592592126	32.0380066441	8.519
1193	0	1	1	432	27	16.9239023977	30.9494766681	34.0456567406	11.402
1193	0	1	2	1779	111	16.9239023977	30.8173245575	33.9135046301	11.307
1194	0	1	1	1244	77	24.5418654762	28.6189809506	33.1088458201	9.433
1194	0	1	2	2598	162	24.5418654762	32.0364089861	36.5262738556	7.59
1195	0	1	1	431	26	15.9342017909	30.6607119659	33.5758291119	8.22
1195	0	1	2	1777	111	15.9342017909	32.0202851787	34.9354023247	6.677
1196	0	1	1	215	13	27.1640503237	25.0390050868	30.008591257	8.378
1196	0	1	2	1558	97	27.1640503237	26.0858317757	31.0554179459	11.496
1197	0	1	1	429	26	18.1930500114	29.9640491126	33.2924161512	13.433
1197	0	1	2	1775	110	18.1930500114	31.1626532921	34.4910203307	5.465
1199	0	1	1	440	27	16.391384528	29.8555838333	32.8543412679	7.244
1199	0	1	2	1783	111	16.391384528	29.3574593149	32.3562167495	15.528
1200	0	1	1	414	25	19.1434027842	33.385592538	36.8878239281	6.409
1200	0	1	2	1763	110	19.1434027842	35.7108892222	39.2131206124	11.937
1201	0	1	1	430	26	24.8560222094	31.7652126587	36.3125516139	19.591
1201	0	1	2	1776	111	24.8560222094	33.0116577985	37.5589967538	7.527
1202	0	1	1	1004	62	28.8635754756	28.0541468516	33.3346563411	14.977
1202	0	1	2	2350	146	28.8635754756	29.8354504749	35.1159599644	11.433
1203	0	1	1	519	32	21.5067468475	27.5132888892	31.4478873907	4.22
1203	0	1	2	1864	116	21.5067468475	29.5436433594	33.4782418609	7.464
1204	0	1	1	434	27	17.3862995935	31.2376345812	34.4184089128	9.339
1204	0	1	2	1782	111	17.3862995935	32.3124240847	35.4931984163	9.166
1205	0	1	1	439	27	17.4915721819	29.8581355618	33.0581692156	10.929
1205	0	1	2	1784	111	17.4915721819	29.4341214256	32.6341550794	4.772
1206	0	1	1	439	27	19.5647566317	32.4343140647	36.0136309494	9.04
1206	0	1	2	1784	111	19.5647566317	34.9491491665	38.5284660512	7.465
1207	0	1	1	439	27	19.0937097137	32.3025809372	35.7957211206	8.536
1207	0	1	2	1784	111	19.0937097137	30.7209580831	34.2140982666	5.15
1208	0	1	1	437	27	18.2980908664	31.7677589254	35.1153428913	10
1208	0	1	2	1783	111	18.2980908664	30.5215507698	33.8691347357	7.906
1209	0	1	1	520	32	19.3403704871	30.9154251695	34.4536912438	8.504
1209	0	1	2	1867	116	19.3403704871	31.4447998248	34.983065899	8.992
1210	0	1	1	1062	66	24.0731929359	29.8164824196	34.2206049736	5.401
1210	0	1	2	2410	150	24.0731929359	28.874125191	33.278247745	6.819
1211	0	1	1	564	35	25.3600191637	35.8070161627	40.4465599351	5.465
1211	0	1	2	1912	119	25.3600191637	35.1202484293	39.7597922017	8.819
1212	0	1	1	485	30	24.0189535873	27.5599733279	31.9541729465	10.315
1212	0	1	2	1829	114	24.0189535873	29.4136968307	33.8078964492	16.032
1213	0	1	1	444	27	17.4690842093	30.452699249	33.6486187919	4.976
1213	0	1	2	1789	111	17.4690842093	30.0659478099	33.2618673528	9.496
1214	0	1	1	429	26	17.5261026745	34.1109039405	37.3172548503	6.284
1214	0	1	2	1775	110	17.5261026745	33.6505750451	36.856925955	12.913
1215	0	1	1	430	26	18.4879477986	31.0672370447	34.4495547992	9.212
1215	0	1	2	1775	110	18.4879477986	30.0496437838	33.4319615384	12.992
1216	0	1	1	1230	76	20.9428707061	29.0016736866	32.8331126431	8.535
1216	0	1	2	2581	161	20.9428707061	29.2046178565	33.036056813	16.85
1217	0	1	1	429	26	20.7632066481	30.9012442422	34.6998141675	8.614
1217	0	1	2	1775	110	20.7632066481	29.5369613069	33.3355312322	11.118
1218	0	1	1	809	50	21.4039273931	26.405385379	30.3211733522	16.897
1218	0	1	2	2151	134	21.4039273931	25.6327206578	29.548508631	10
1219	0	1	1	985	61	23.2237366989	22.126335476	26.3750524142	10.347
1219	0	1	2	2330	145	23.2237366989	28.7152924856	32.9640094238	11.842
1220	0	1	1	174	10	22.9006047785	30.9019393311	35.0915401984	11.008
1220	0	1	2	1514	94	22.9006047785	34.3507139628	38.5403148302	9.181
1221	0	1	1	431	26	17.4653263904	31.583044712	34.7782767725	9.418
1221	0	1	2	1779	111	17.4653263904	31.0428055343	34.2380375948	8.441
1222	0	1	1	377	23	26.5182684904	29.9110875471	34.7625297576	6.063
1222	0	1	2	1721	107	26.5182684904	31.7075060555	36.558948266	14.567
1223	0	1	1	139	8	22.7743366469	28.0375782779	32.2040787477	7.055
1223	0	1	2	1480	92	22.7743366469	27.9241993011	32.090699771	7.464
1224	0	1	1	487	30	23.4023302408	26.3231441974	30.6045343189	14.567
1224	0	1	2	1831	114	23.4023302408	28.4257234635	32.707113585	12.157
1225	0	1	1	456	28	22.664060854	29.3360103713	33.4823361968	4.63
1225	0	1	2	1801	112	22.664060854	29.3272321549	33.4735579804	10.929
1226	0	1	1	530	33	26.811912983	24.8831826396	29.7883462794	9.811
1226	0	1	2	1879	117	26.811912983	23.7357709482	28.6409345881	6.961
1227	0	1	1	440	27	20.9463871256	30.013389478	33.8454717535	6.031
1227	0	1	2	1787	111	20.9463871256	31.4969685725	35.329050848	4.96
1228	0	1	1	485	30	21.0120363932	28.3393659811	32.1834586044	11.086
1228	0	1	2	1831	114	21.0120363932	29.9859838718	33.8300764951	8.929
1229	0	1	1	1217	76	19.679714433	31.2168056719	34.8171537612	12.913
1229	0	1	2	2567	160	19.679714433	31.1707266308	34.7710747201	11.716
1230	0	1	1	439	27	25.390652299	27.054051948	31.6991999658	9.622
1230	0	1	2	1784	111	25.390652299	27.9343773712	32.5795253891	8.819
1231	0	1	1	431	26	16.386963967	30.6884441209	33.6863928263	15.213
1231	0	1	2	1775	110	16.386963967	29.7880457803	32.7859944857	15.118
1232	0	2	1	438	27	17.4682724234	32.3242551243	35.5200261533	22.504
1232	0	2	2	1783	111	17.4682724234	33.1556742514	36.3514452803	8.252
1233	0	2	1	439	27	20.6780602678	30.0513000978	33.8342927337	10.473
1233	0	2	2	1784	111	20.6780602678	31.0271703841	34.81016302	10.284
1234	0	2	1	555	34	24.206821111	28.2569923672	32.6855618178	7.496
1234	0	2	2	1904	119	24.206821111	24.0750386642	28.5036081148	6.347
1235	0	2	1	434	27	19.8209368819	31.7579468939	35.3841312307	4.299
1235	0	2	2	1782	111	19.8209368819	33.3003150291	36.926499366	9.685
1236	0	2	1	1094	68	19.0333207171	33.4028154776	36.884907665	7.748
1236	0	2	2	2442	152	19.0333207171	31.7213157246	35.2034079119	6.661
1237	0	2	1	488	30	22.033550793	29.3439016382	33.3748774315	10.488
1237	0	2	2	1832	114	22.033550793	29.942953703	33.9739294963	9.181
1238	0	2	1	586	36	20.2502056063	21.3565734136	25.0612912493	15.559
1238	0	2	2	1933	120	20.2502056063	22.3860920672	26.090809903	12.094
1239	0	2	1	440	27	18.6542641644	30.2933945182	33.7061393814	9.59
1239	0	2	2	1788	111	18.6542641644	31.1039603866	34.5167052499	7.464
1240	0	2	1	840	52	25.6664971841	28.6438193737	33.3394324331	12.819
1240	0	2	2	2182	136	25.6664971841	19.8860732943	24.5816863537	12.834
1241	0	2	1	440	27	21.6846408213	29.6652191863	33.6323628872	5.527
1241	0	2	2	1787	111	21.6846408213	30.2248028843	34.1919465852	12.851
1242	0	2	1	430	26	19.073031526	31.5574519767	35.0468091442	14
1242	0	2	2	1776	111	19.073031526	32.934080049	36.4234372165	8.551
1243	0	2	1	1061	66	26.6679926739	33.8474803149	38.7263141413	5.717
1243	0	2	2	2407	150	26.6679926739	28.0919159713	32.9707497977	12.189
1244	0	2	1	1237	77	18.3089319298	30.4119511104	33.7615184182	7.433
1244	0	2	2	2587	161	18.3089319298	31.1714683661	34.5210356739	8.472
1245	0	2	1	518	32	19.9038522902	29.9263585257	33.567712002	8.929
1245	0	2	2	1864	116	19.9038522902	30.1227700904	33.7641235667	13.244
1246	0	2	1	773	48	25.7373184006	30.1488595764	34.857429177	12.063
1246	0	2	2	2114	132	25.7373184006	29.15974158	33.8683111806	17.244
1247	0	2	1	462	28	23.4152060569	28.3700852896	32.6538310052	5.591
1247	0	2	2	1809	113	23.4152060569	30.742697784	35.0264434996	9.78
1248	0	2	1	431	26	18.9075548154	30.0746982496	33.533781921	9.78
1248	0	2	2	1779	111	18.9075548154	28.9829179321	32.4420016035	9.307
1249	0	2	1	431	26	21.2225750746	28.5597455464	32.4423556259	14.032
1249	0	2	2	1779	111	21.2225750746	30.5834926044	34.4661026839	6.378
1250	0	2	1	430	26	20.6914564168	28.3554452414	32.1408886648	9.748
1250	0	2	2	1776	111	20.6914564168	27.7566899512	31.5421333746	8.992
1251	0	2	1	430	26	17.9210224404	31.1511395162	34.4297398801	10.945
1251	0	2	2	1777	111	17.9210224404	30.9637348912	34.2423352551	5.055
1253	0	2	1	430	26	21.9099959976	31.8627117152	35.8710835081	10.819
1253	0	2	2	1777	111	21.9099959976	33.8163388874	37.8247106804	8.425
1254	0	2	1	432	27	15.2242913369	29.6637294042	32.4489704407	7.023
1254	0	2	2	1779	111	15.2242913369	31.1384578266	33.9236988631	5.968
1255	0	2	1	1218	76	23.0923542337	29.771195092	33.9958759798	5.465
1255	0	2	2	2567	160	23.0923542337	28.9842851561	33.2089660439	13.181
1256	0	2	1	438	27	16.4572901226	32.7733717361	35.7841864128	7.622
1256	0	2	2	1783	111	16.4572901226	29.0142688909	32.0250835676	4.378
1257	0	2	1	430	26	20.4436596083	17.1468200868	20.886929785	9.008
1257	0	2	2	1788	111	20.4436596083	29.6345568037	33.374666502	12.284
1258	0	2	1	1094	68	16.5301054905	31.9354914843	34.9596275266	7.559
1258	0	2	2	2442	152	16.5301054905	30.5274479247	33.551583967	4.252
1259	0	2	1	805	50	24.9570435284	28.3996119908	32.9654325106	5.874
1259	0	2	2	2132	133	24.9570435284	29.9315804456	34.4974009654	4.252
1260	0	2	1	1220	76	18.0651063684	30.2849911289	33.5899512399	8.897
1260	0	2	2	2569	160	18.0651063684	30.1994308046	33.5043909156	10.819
1261	0	2	1	432	27	16.5411426926	31.641594846	34.6677501131	11.78
1261	0	2	2	1780	111	16.5411426926	29.3336346078	32.359789875	5.716
1262	0	2	1	1217	76	18.958815562	27.9452945283	31.4137562083	14.913
1262	0	2	2	2567	160	18.958815562	26.0665455224	29.5350072024	15.212
1263	0	2	1	582	36	23.8198727236	29.4603421537	33.8181204914	8.095
1263	0	2	2	1929	120	23.8198727236	29.4068102893	33.764588627	8.063
1264	0	2	1	434	27	20.2649006275	32.0606740839	35.7680803322	4.851
1264	0	2	2	1781	111	20.2649006275	30.1819235294	33.8893297777	11.086
1265	0	2	1	1211	75	18.7417268082	30.7121512322	34.1408971387	4.473
1265	0	2	2	2561	160	18.7417268082	33.3644074602	36.7931533667	14.095
1266	0	2	1	440	27	17.7699442443	30.5011686529	33.7521296882	11.843
1266	0	2	2	1775	110	17.7699442443	27.1412433303	30.3922043656	6.284
1267	0	2	1	432	27	17.0209983094	31.9734649904	35.0874084853	9.78
1267	0	2	2	1779	111	17.0209983094	30.911437986	34.0253814809	4.977
1268	0	2	1	889	55	24.7719561037	29.164437733	33.696397032	16.063
1268	0	2	2	2231	139	24.7719561037	29.723501786	34.255461085	8.188
1269	0	2	1	447	27	23.8556547095	28.0739699498	32.4382945005	7.685
1269	0	2	2	1792	112	23.8556547095	31.4256406221	35.7899651729	11.528
1270	0	2	1	440	27	18.6357285915	30.2351327425	33.6444865751	5.78
1270	0	2	2	1784	111	18.6357285915	28.9868297595	32.3961835921	5.181
1271	0	2	1	1093	68	20.5780334256	31.1042715185	34.8689645265	5.622
1271	0	2	2	2441	152	20.5780334256	32.0426812141	35.8073742221	8.063
1272	0	2	1	469	29	24.704630198	24.9536317021	29.4732739171	10.819
1272	0	2	2	1816	113	24.704630198	24.4968693286	29.0165115435	5.59
1273	0	2	1	441	27	15.7529059075	30.0672281722	32.9491777492	8.094
1273	0	2	2	1788	111	15.7529059075	29.7320298954	32.6139794724	15.937
1274	0	2	1	434	27	24.881854372	31.5908725113	36.1429373876	6.882
1274	0	2	2	1781	111	24.881854372	30.8596885365	35.4117534128	13.15
1275	0	2	1	446	27	15.7763196399	30.2817791182	33.1680121713	8.835
1275	0	2	2	1774	110	15.7763196399	32.2219111844	35.1081442375	10.425
1276	0	2	1	1090	68	21.5505175112	35.1940702098	39.1366764305	5.654
1276	0	2	2	2439	152	21.5505175112	32.9704141128	36.9130203334	7.496
1277	0	2	1	490	30	18.4055552512	29.243473469	32.6107177401	18.473
1277	0	2	2	1835	114	18.4055552512	28.2748239499	31.6420682209	12.315
1278	0	2	1	430	26	19.8571775543	32.0216525345	35.6544669998	11.103
1278	0	2	2	1776	111	19.8571775543	30.6801128514	34.3129273168	7.685
1278	1	2	1	429	26	19.8571775543	31.2778913108	34.9107057761	10.41
1278	1	2	2	1780	111	19.8571775543	31.5054695278	35.1382839932	5.102
1279	0	2	1	430	26	18.7038218489	28.2343873642	31.6561986656	14.992
1279	0	2	2	1779	111	18.7038218489	32.4973098314	35.9191211328	7.843
1280	0	2	1	430	26	21.8098257485	27.2374684722	31.2275144014	10.992
1280	0	2	2	1776	111	21.8098257485	29.9513841729	33.9414301022	6.834
1281	0	2	1	1213	75	22.9843586213	28.2885653565	32.4934887526	11.622
1281	0	2	2	2561	160	22.9843586213	29.9929684866	34.1978918826	11.638
1282	0	2	1	489	30	21.5376122604	25.9923321133	29.9325773548	16.504
1282	0	2	2	1834	114	21.5376122604	27.1033027982	31.0435480398	15.071
1283	0	2	1	518	32	21.8348684126	29.8473870416	33.8420144554	5.008
1283	0	2	2	1864	116	21.8348684126	28.0333026034	32.0279300172	6.158
1284	0	2	1	1100	68	22.5283599551	32.9326429702	37.0541427001	4.536
1284	0	2	2	2454	153	22.5283599551	33.2580252195	37.3795249494	10.74
1285	0	2	1	438	27	21.6553612557	29.7021204814	33.6639075685	10.41
1285	0	2	2	1782	111	21.6553612557	30.3476347032	34.3094217904	9.212
1286	0	2	1	1021	63	28.3475500909	22.0197475626	27.2058516676	15.181
1286	0	2	2	2371	148	28.3475500909	21.3131264569	26.4992305619	12.756
1287	0	2	1	489	30	19.9458669361	27.8280099765	31.4770499134	17.559
1287	0	2	2	1833	114	19.9458669361	28.8190841997	32.4681241366	7.26
1288	0	2	1	434	27	21.2023090299	32.9602507476	36.8391532116	4.74
1288	0	2	2	1783	111	21.2023090299	32.4009576481	36.2798601121	12.315
1289	0	2	1	1227	76	18.348525015	31.1456157856	34.5024265363	7.181
1289	0	2	2	2578	161	18.348525015	29.9802147613	33.337025512	6.536
1290	0	2	1	383	23	24.1072660229	26.7969679662	31.2073240951	9.464
1290	0	2	2	1728	108	24.1072660229	23.8264371569	28.2367932857	8.551
1291	0	2	1	491	30	22.0550539211	32.2498342581	36.2847439879	13.496
1291	0	2	2	1838	114	22.0550539211	30.4456379552	34.4805476849	13.071
1293	0	2	1	432	27	17.8714206397	31.7820061896	35.0515320444	10.63
1293	0	2	2	1779	111	17.8714206397	32.6410694529	35.9105953077	6.897
1294	0	2	1	424	26	24.6808230092	21.9601178878	26.475404645	29.669
1294	0	2	2	1763	110	24.6808230092	31.801583923	36.3168706802	16.409
1295	0	2	1	491	30	25.1720562598	32.702518035	37.3076745258	9.874
1295	0	2	2	1837	114	25.1720562598	31.4686363094	36.0737928002	13.071
1296	0	2	1	415	25	16.0512172688	32.7566576191	35.6931824158	6.331
1296	0	2	2	1762	110	16.0512172688	34.6038903564	37.5404151531	14.567
1297	0	2	1	1018	63	25.3129634509	32.5950562801	37.225991343	15.716
1297	0	2	2	2363	147	25.3129634509	26.5946331409	31.2255682037	18.032
1298	0	2	1	1213	75	19.4896845523	31.5575109588	35.1230936189	4.252
1298	0	2	2	2562	160	19.4896845523	30.8985320839	34.464114744	6.063
1299	0	2	1	429	26	21.0893337895	32.4787471665	36.3369811299	9.339
1299	0	2	2	1776	111	21.0893337895	33.5622712559	37.4205052192	5.717
1300	0	2	1	430	26	16.1573540604	28.2593030843	31.2152453068	10.519
1300	0	2	2	1777	111	16.1573540604	32.4776219982	35.4335642207	6.662
1301	0	2	1	491	30	23.5551209841	28.507614074	32.8169568298	11.212
1301	0	2	2	1837	114	23.5551209841	26.1676198866	30.4769626424	11.008
1302	0	2	1	422	26	25.7862337578	31.5533550955	36.2708736223	5.969
1302	0	2	2	1768	110	25.7862337578	32.4909492942	37.208467821	9.496
1303	0	2	1	918	57	22.1371060335	27.8191282612	31.8690491928	8.677
1303	0	2	2	2263	141	22.1371060335	27.2181319641	31.2680528957	7.465
1304	0	2	1	438	27	23.4543984472	32.8217278332	37.1126436857	10.929
1304	0	2	2	1784	111	23.4543984472	33.2437476195	37.5346634721	9.874
1305	0	2	1	438	27	20.9628387766	33.9753356983	37.8104277568	6.347
1305	0	2	2	1781	111	20.9628387766	34.3398037261	38.1748957846	4.095
1306	0	2	1	430	26	19.249309589	25.2748151456	28.7964218862	5.37
1306	0	2	2	1779	111	19.249309589	29.0384677276	32.5600744682	8.567
1307	0	2	1	438	27	20.2184683149	31.7418765487	35.4407881367	6.063
1307	0	2	2	1784	111	20.2184683149	33.3831693774	37.0820809655	8.708
1308	0	2	1	893	55	28.8844943934	30.7197045526	36.0040410989	6.347
1308	0	2	2	2220	138	28.8844943934	31.5491601347	36.8334966811	14.299
1309	0	2	1	472	29	21.107407096	18.3714215976	22.2329620212	5.654
1309	0	2	2	1817	113	21.107407096	29.7932420681	33.6547824917	9.717
1310	0	2	1	443	27	23.9999748738	31.5222848302	35.9130123469	14.031
1310	0	2	2	1790	111	23.9999748738	29.1502813408	33.5410088574	4.252
1311	0	2	1	139	8	23.3843180483	26.8637374181	31.14183226	15.37
1311	0	2	2	1480	92	23.3843180483	27.8905939054	32.1686887472	14.693
1312	0	2	1	893	55	29.062294917	27.3773666882	32.6942313374	4.063
1312	0	2	2	2235	139	29.062294917	28.0107584485	33.3276230977	6.063
1313	0	2	1	487	30	20.5041257974	31.5073615999	35.2585334164	14.457
1313	0	2	2	1831	114	20.5041257974	29.7397964063	33.4909682227	12.189
1314	0	2	1	545	34	21.7551782414	33.7041007582	37.6841490805	9.717
1314	0	2	2	1893	118	21.7551782414	28.7313195841	32.7113679065	4.96
1315	0	2	1	486	30	20.5530098383	32.6501832073	36.4102982208	7.543
1315	0	2	2	1831	114	20.5530098383	30.3723639751	34.1324789886	10.032
1316	0	2	1	429	26	22.6416108177	32.645061079	36.7872797338	8.693
1316	0	2	2	1775	110	22.6416108177	32.4491956002	36.591414255	17.59
1317	0	2	1	430	26	17.7808080857	30.5616344508	33.8145829951	13.685
1317	0	2	2	1788	111	17.7808080857	31.4830504322	34.7359989765	6.614
1318	0	2	1	438	27	17.3976592415	34.4431666565	37.6260192035	4.851
1318	0	2	2	1783	111	17.3976592415	31.0764410395	34.2592935866	14.582
1319	0	2	1	577	36	22.7116141118	30.9447808624	35.0998064219	7.339
1319	0	2	2	1925	120	22.7116141118	31.4031353916	35.5581609511	9.465
1320	0	2	1	215	13	24.1659350184	31.9645488723	36.385638328	4.032
1320	0	2	2	1556	97	24.1659350184	29.8374997358	34.2585891914	12.032
1321	0	2	1	486	30	20.7363563068	30.7142223747	34.5078801059	11.244
1321	0	2	2	1831	114	20.7363563068	30.4957193249	34.2893770561	9.102
1323	0	2	1	443	27	19.9720550432	31.630154531	35.283985508	14.85
1323	0	2	2	1788	111	19.9720550432	31.3977379012	35.0515688782	5.039
1324	0	2	1	211	13	26.2816548277	27.8857317949	32.6938862051	13.102
1324	0	2	2	1554	97	26.2816548277	27.9581157024	32.7662701126	7.559
1325	0	2	1	1064	66	27.5933530961	27.6606750744	32.7088009725	9.874
1325	0	2	2	2412	150	27.5933530961	26.1881982654	31.2363241635	12.788
1326	0	2	1	486	30	21.1002618149	27.9432373534	31.803470568	6.22
1326	0	2	2	1830	114	21.1002618149	29.1377794638	32.9980126784	4.914
1327	0	2	1	570	35	27.9386252679	25.5937145047	30.70500697	4.094
1327	0	2	2	1918	119	27.9386252679	26.5729972644	31.6842897297	6.677
1328	0	2	1	290	18	18.5688151088	25.4817615286	28.8788737288	12.032
1328	0	2	2	1633	102	18.5688151088	27.0950005184	30.4921127186	7.071
1329	0	2	1	438	27	19.024919021	31.9636240938	35.4441792147	14.284
1329	0	2	2	1784	111	19.024919021	31.0565686117	34.5371237326	10.96
1330	0	2	1	430	26	17.9320920183	31.4715457982	34.7521713101	10.094
1330	0	2	2	1777	111	17.9320920183	31.687144993	34.9677705049	8.63
1331	0	2	1	415	25	27.2980126951	31.0567191261	36.0508133333	6.284
1331	0	2	2	1763	110	27.2980126951	29.9445416432	34.9386358503	12.929
1332	0	2	1	250	15	29.8041597119	24.6062588098	30.0588455247	19.591
1332	0	2	2	1592	99	29.8041597119	29.1737547296	34.6263414446	5.968
1333	0	2	1	434	27	17.5269847654	31.1211841542	34.3276964401	9.591
1333	0	2	2	1779	111	17.5269847654	30.6754545365	33.8819668224	4.283
1334	0	2	1	444	27	16.7246004903	28.9740021818	32.0337205341	8.63
1334	0	2	2	1789	111	16.7246004903	31.1637234924	34.2234418447	4.252
1335	0	2	1	430	26	17.8126133123	33.8687458176	37.1275130382	10.473
1335	0	2	2	1776	111	17.8126133123	31.7955032898	35.0542705104	11.559
1336	0	2	1	432	27	23.2020409072	29.9663996889	34.2111474433	4.614
1336	0	2	2	1779	111	23.2020409072	31.7933054826	36.0380532371	9.386
1337	0	2	1	1019	63	23.7021417007	29.9941192745	34.3303590545	12.614
1337	0	2	2	2365	147	23.7021417007	26.1530949146	30.4893346946	7.528
1338	0	2	1	879	54	23.3372464847	28.6859088713	32.9553921037	9.433
1338	0	2	2	2220	138	23.3372464847	29.6206448718	33.8901281042	6.992
1339	0	2	1	430	26	23.5015872081	34.3003692878	38.5999181907	9.165
1339	0	2	2	1767	110	23.5015872081	29.4702076202	33.7697565232	6.221
1340	0	2	1	584	36	17.9843754018	27.3100038976	30.6001945066	6.252
1340	0	2	2	1933	120	17.9843754018	30.9687025191	34.2588931281	12.929
1341	0	2	1	1101	68	26.322331852	28.9525603477	33.7681565045	10.315
1341	0	2	2	2449	153	26.322331852	24.6504925152	29.466088672	6.347
1342	0	2	1	1094	68	19.1896057479	30.6718623141	34.1825464058	8.347
1342	0	2	2	2441	152	19.1896057479	31.3330684625	34.8437525542	12.599
1343	0	2	1	997	62	22.5947585155	25.3373421068	29.4709892655	11.811
1343	0	2	2	2342	146	22.5947585155	24.5603512333	28.6939983919	9.716
1345	0	2	1	1030	64	22.9765077336	34.5573360898	38.7608231881	6.693
1345	0	2	2	2373	148	22.9765077336	34.7963704825	38.9998575808	11.024
1346	0	2	1	433	27	17.9054981261	30.8457107333	34.1214709678	11.906
1346	0	2	2	1782	111	17.9054981261	29.9467708392	33.2225310737	4.346
1347	0	2	1	431	26	19.4747747598	30.0671205668	33.6299755226	12.898
1347	0	2	2	1774	110	19.4747747598	31.1930627986	34.7559177544	11.275
1348	0	2	1	444	27	17.827861205	30.8390270794	34.1005838588	9.37
1348	0	2	2	1790	111	17.827861205	29.2263781002	32.4879348796	13.937
1349	0	2	1	437	27	18.3520898097	28.5997291289	31.9571920487	6.977
1349	0	2	2	1783	111	18.3520898097	28.7938638208	32.1513267406	10.567
1350	0	2	1	282	17	26.4424578851	28.3794550949	33.2170279696	8.221
1350	0	2	2	1626	101	26.4424578851	26.8791128744	31.7166857491	9.086
1351	0	2	1	488	30	21.6438715609	28.1195955087	32.0792805887	15.307
1351	0	2	2	1832	114	21.6438715609	27.7060988118	31.6657838918	14.221
1352	0	2	1	439	27	16.5794768469	30.5642463262	33.5974147184	14.315
1352	0	2	2	1784	111	16.5794768469	28.8289230285	31.8620914208	7.968
1353	0	2	1	1090	68	21.9108771588	33.1701667182	37.1786997171	5.685
1353	0	2	2	2437	152	21.9108771588	33.8476578722	37.8561908711	5.622
1354	0	2	1	489	30	20.7241070715	31.6160676475	35.4074844159	12.189
1354	0	2	2	1833	114	20.7241070715	27.9831761756	31.774592944	13.591
1355	0	2	1	433	27	19.0400777301	32.3478404357	35.8311687995	9.874
1355	0	2	2	1780	111	19.0400777301	31.8135748196	35.2969031834	11.622
1356	0	2	1	1213	75	20.7333416084	27.164155988	30.9572621888	7.213
1356	0	2	2	2562	160	20.7333416084	29.5201059649	33.3132121657	12.504
1357	0	2	1	439	27	15.3258913966	30.7656433738	33.5694718539	10.473
1357	0	2	2	1784	111	15.3258913966	28.3354218901	31.1392503702	5.166
1358	0	2	1	764	47	22.0180934065	26.3906999392	30.4188478473	4.803
1358	0	2	2	2105	131	22.0180934065	28.2519771681	32.2801250763	7.78
1359	0	2	1	438	27	16.610306438	28.3239305218	31.3627391005	4.661
1359	0	2	2	1785	111	16.610306438	30.8529524473	33.8917610261	10.473
1360	0	2	1	439	27	19.2762709404	32.2573502933	35.7838895368	4.614
1360	0	2	2	1787	111	19.2762709404	32.0521056604	35.5786449039	8.22
1361	0	2	1	429	26	21.1558727731	33.2479955748	37.118402657	11.118
1361	0	2	2	1775	110	21.1558727731	33.241816932	37.1122240141	15.937
1363	0	2	1	430	26	21.5870117384	27.8745384508	31.8238211871	13.149
1363	0	2	2	1777	111	21.5870117384	30.8551717002	34.8044544366	8.441
1364	0	2	1	491	30	24.7809237487	27.8830731814	32.4166730857	15.748
1364	0	2	2	1834	114	24.7809237487	30.2150428466	34.7486427508	6.157
1365	0	2	1	430	26	22.3729333305	28.1367295251	32.2297943936	10.599
1365	0	2	2	1776	111	22.3729333305	28.7046830302	32.7977478988	11.275
1366	0	2	1	439	27	20.4089013817	33.4913864743	37.2251372533	9.134
1366	0	2	2	1783	111	20.4089013817	33.6404683818	37.3742191607	11.181
1367	0	2	1	429	26	19.112036729	31.3939339693	34.8904270284	4.756
1367	0	2	2	1775	110	19.112036729	32.181712894	35.6782059531	13.134
1368	0	2	1	456	28	23.5453428745	32.4049009584	36.7124548367	5.968
1368	0	2	2	1801	112	23.5453428745	30.7451628706	35.0527167489	11.716
1369	0	2	1	432	27	18.5041357901	31.2949664625	34.6802457643	9.591
1369	0	2	2	1779	111	18.5041357901	29.9984521664	33.3837314682	6.158
1370	0	2	1	935	58	29.2346798544	28.9615634841	34.30996547	10.63
1370	0	2	2	2278	142	29.2346798544	28.8041538837	34.1525558696	10.882
1371	0	2	1	431	26	14.9748453388	29.6101880708	32.3497936675	5.496
1371	0	2	2	1779	111	14.9748453388	30.189743717	32.9293493137	8.189
1372	0	2	1	1217	76	21.1209270166	31.8080515803	35.6720654351	5.811
1372	0	2	2	2566	160	21.1209270166	31.2258273137	35.0898411685	14.646
1373	0	2	1	901	56	30.7158008753	30.7647572123	36.3841260995	10.882
1373	0	2	2	2244	140	30.7158008753	31.1267597837	36.7461286709	5.78
1374	0	2	1	443	27	15.976117785	30.1856590536	33.1084446122	6.095
1374	0	2	2	1788	111	15.976117785	29.1603477681	32.0831333266	10.189
1376	0	2	1	432	27	17.9263199489	34.7710729315	38.0506424596	8.662
1376	0	2	2	1779	111	17.9263199489	33.9610455714	37.2406150995	4
1377	0	2	1	1243	77	21.1589369236	26.4646259076	30.3355935674	5.937
1377	0	2	2	2594	162	21.1589369236	26.0953079314	29.9662755912	19.355
1378	0	2	1	273	17	22.3777923	27.4072967704	31.5012505736	12.535
1378	0	2	2	1616	101	22.3777923	28.659744053	32.7536978563	11.181
1379	0	2	1	1234	77	20.0016676456	29.4628154674	33.1220639863	6.394
1379	0	2	2	2584	161	20.0016676456	31.9438980405	35.6031465594	9.842
1380	0	2	1	470	29	24.8413750069	26.0781753546	30.6228346455	9.48
1380	0	2	2	1815	113	24.8413750069	28.2298998876	32.7745591786	13.905
1381	0	2	1	1270	79	22.610264458	27.1735327114	31.3100166384	10.52
1381	0	2	2	2609	163	22.610264458	25.7837493621	29.9202332891	21.401
1381	1	2	1	1258	78	22.610264458	27.6437418398	31.7802257668	12.708
1381	1	2	2	2612	163	22.610264458	30.1128368296	34.2493207566	7.181
1382	0	2	1	552	34	24.5200009332	28.1480073281	32.6338721413	9.323
1382	0	2	2	1904	119	24.5200009332	23.548492363	28.0343571762	8.944
1383	0	2	1	431	26	22.2734264375	32.6875381416	36.7623985055	12.63
1383	0	2	2	1779	111	22.2734264375	34.0705071185	38.1453674824	9.433
1384	0	2	1	281	17	30.9439970411	32.5442766693	38.2053933995	6.409
1384	0	2	2	1625	101	30.9439970411	30.1837063629	35.8448230931	6.378
1385	0	2	1	444	27	19.4687553673	30.3589650834	33.9207188084	8.693
1385	0	2	2	1789	111	19.4687553673	31.7802300436	35.3419837685	7.276
1386	0	2	1	438	27	16.9655303703	30.7004865779	33.8042823703	13.559
1386	0	2	2	1785	111	16.9655303703	30.8670419817	33.9708377741	8.866
1387	0	2	1	136	8	26.6680296742	25.5848942916	30.4637348871	10.22
1387	0	2	2	1477	92	26.6680296742	24.6858609122	29.5647015076	13.433
1388	0	2	1	429	26	16.9193063009	30.8324845607	33.9278237903	10.378
1388	0	2	2	1775	110	16.9193063009	31.3165173988	34.4118566285	13.748
1389	0	2	1	1093	68	21.4332757188	32.5882784613	36.5094356278	9.165
1389	0	2	2	2441	152	21.4332757188	34.5533230111	38.4744801776	10.835
1390	0	2	1	370	23	25.1256219267	30.84319588	35.4398573409	11.969
1390	0	2	2	1716	107	25.1256219267	28.8697386615	33.4664001224	17.905
1391	0	2	1	433	27	21.216897547	31.1562585693	35.0378299612	9.622
1391	0	2	2	1783	111	21.216897547	33.7649913806	37.6465627725	6.834
1392	0	2	1	1021	63	25.3620870872	25.03585859	29.6757806832	19.134
1392	0	2	2	2366	147	25.3620870872	31.6674338386	36.3073559318	8.693
1393	0	2	1	431	26	16.2000626237	29.8139512141	32.7777068474	8.488
1393	0	2	2	1777	111	16.2000626237	30.1870583395	33.1508139729	7.685
1394	0	2	1	429	26	21.3007668415	33.2233343981	37.1202494402	8.913
1394	0	2	2	1775	110	21.3007668415	35.1617663068	39.0586813489	13.307
1395	0	2	1	443	27	16.442481496	29.0983490685	32.1064545488	6.409
1395	0	2	2	1789	111	16.442481496	29.5284390732	32.5365445535	4.126
1396	0	2	1	1224	76	22.0249724972	28.9328739446	32.9622803629	10.189
1396	0	2	2	2575	160	22.0249724972	29.8637056396	33.8931120579	4.74
1397	0	2	1	490	30	23.2106553079	28.4622420809	32.7085658156	7.607
1397	0	2	2	1834	114	23.2106553079	28.8522481801	33.0985719148	8.63
1398	0	2	1	433	27	17.8180840818	31.4343014872	34.6940695696	11.622
1398	0	2	2	1780	111	17.8180840818	31.6589366061	34.9187046885	7.307
1399	0	2	1	433	27	17.5398538328	35.2384429419	38.4473095872	10.41
1399	0	2	2	1779	111	17.5398538328	32.0377509419	35.2466175872	9.118
1400	0	2	1	488	30	23.5839514386	28.5749872976	32.8896045035	12.897
1400	0	2	2	1834	114	23.5839514386	29.4560066159	33.7706238218	10.346
1401	0	2	1	431	26	15.5287914033	28.8941528584	31.7351013208	5.087
1401	0	2	2	1779	111	15.5287914033	30.8469106706	33.687859133	7.496
1402	0	2	1	439	27	18.9509878892	30.362099927	33.8291295564	14.095
1402	0	2	2	1782	111	18.9509878892	31.1142474636	34.581277093	15.622
1402	1	2	1	438	27	18.9509878892	30.3607988176	33.827828447	11.528
1402	1	2	2	1783	111	18.9509878892	32.8923388065	36.3593684359	11.843
1403	0	2	1	444	27	18.4231283849	29.1944692025	32.5649284287	4.41
1403	0	2	2	1790	111	18.4231283849	28.2279476599	31.5984068861	5.906
1404	0	2	1	485	30	22.4910610007	25.8864545995	30.0011305912	15.528
1404	0	2	2	1830	114	22.4910610007	27.5631933561	31.6778693478	4.819
1405	0	2	1	1076	67	27.0326381372	30.1997837184	35.1453284008	5.433
1405	0	2	2	2419	151	27.0326381372	29.0097071151	33.9552517975	9.386
1406	0	2	1	437	27	21.4126396245	-4.41422200047	-0.496840149149	13.339
1406	0	2	2	1781	111	21.4126396245	-6.32081808245	-2.40343623113	4.788
1407	0	2	1	1224	76	20.1622807688	27.9221154887	31.6107477241	7.937
1407	0	2	2	2575	160	20.1622807688	27.4138036454	31.1024358808	9.653
1408	0	2	1	467	29	21.3121268514	40.9632604444	44.8622537682	5.401
1408	0	2	2	1812	113	21.3121268514	26.6774352934	30.5764286172	7.843
1409	0	2	1	430	26	16.8267835009	33.9116951876	36.9901076327	10.945
1409	0	2	2	1776	111	16.8267835009	33.5703451773	36.6487576224	5.26
1410	0	2	1	1246	77	17.5549833494	28.5481074379	31.7597419855	9.622
1410	0	2	2	2597	162	17.5549833494	28.4149042899	31.6265388375	23.181
1411	0	2	1	879	54	27.737124513	29.0252995919	34.0997280641	12.693
1411	0	2	2	2222	138	27.737124513	29.8625666825	34.9369951547	9.166
1412	0	2	1	439	27	16.7809181365	32.3136843956	35.383705902	9.622
1412	0	2	2	1784	111	16.7809181365	30.1230082441	33.1930297505	10.157
1413	0	2	1	1244	77	20.5585978393	29.7283389982	33.4894763206	9.087
1413	0	2	2	2594	162	20.5585978393	28.5491577232	32.3102950457	20.582
1414	0	2	1	430	26	16.480887496	27.1383134098	30.1534451592	12.787
1414	0	2	2	1776	111	16.480887496	28.2246042986	31.239736048	7.023
1415	0	2	1	491	30	22.9345773479	27.5918726001	31.7876886529	18.536
1415	0	2	2	1835	114	22.9345773479	33.99376609	38.1895821428	8.976
1416	0	2	1	432	27	17.4338820719	28.2107247273	31.4002041387	10.378
1416	0	2	2	1780	111	17.4338820719	31.4444672342	34.6339466456	7.023
1417	0	2	1	438	27	17.650995541	32.0925308366	35.3217305431	5.449
1417	0	2	2	1783	111	17.650995541	31.7375394365	34.966739143	9.78
1418	0	2	1	137	8	26.3530925729	28.8402502767	33.6614740203	5.181
1418	0	2	2	1478	92	26.3530925729	28.1832265544	33.004450298	15.748
1419	0	2	1	429	26	20.9483947539	31.0217355753	34.8541851407	10.709
1419	0	2	2	1775	110	20.9483947539	32.9565775741	36.7890271395	14
1420	0	2	1	1248	78	22.1011423729	30.0821340087	34.1254754903	4.961
1420	0	2	2	2596	162	22.1011423729	29.6772137843	33.720555266	15.968
1421	0	2	1	591	36	20.7587998921	26.2915260627	30.0892897845	8.315
1421	0	2	2	1940	121	20.7587998921	30.1448236695	33.9425873912	7.04
1422	0	2	1	794	49	26.0011125651	26.9582362428	31.7150662396	9.181
1422	0	2	2	2132	133	26.0011125651	26.6587296294	31.4155596262	19.685
1423	0	2	1	438	27	19.502505622	30.159284042	33.7272122806	9.575
1423	0	2	2	1783	111	19.502505622	30.8422252709	34.4101535095	13.181
1424	0	2	1	275	17	26.1891716815	24.8365186598	29.62775354	11.496
1424	0	2	2	1619	101	26.1891716815	25.7885747239	30.5798096041	13.464
1425	0	2	1	528	33	18.8481061812	29.8020570462	33.2502647581	11.669
1425	0	2	2	1878	117	18.8481061812	27.4437601847	30.8919678966	5.842
1426	0	2	1	439	27	18.2499330442	31.6325282913	34.9713019198	4.189
1426	0	2	2	1784	111	18.2499330442	28.8113908328	32.1501644613	8.189
1427	0	2	1	1108	69	22.447548236	33.1772899694	37.2840054239	9.496
1427	0	2	2	2456	153	22.447548236	33.1305808605	37.2372963149	13.04
1428	0	2	1	430	26	19.90050892	31.3652351676	35.0059769838	12.52
1428	0	2	2	1776	111	19.90050892	32.9981735905	36.6389154066	10.252
1429	0	2	1	1107	69	19.6461352239	32.5293122021	36.12351707	4.031
1429	0	2	2	2454	153	19.6461352239	30.0446636382	33.6388685062	8.189
1430	0	2	1	917	57	24.4403897941	25.301514543	29.7728147235	14.157
1430	0	2	2	2262	141	24.4403897941	25.3375372225	29.8088374031	14.378
1431	0	2	1	210	13	24.0704752641	27.9839711644	32.3875965281	9.717
1431	0	2	2	1553	97	24.0704752641	29.0121700827	33.4157954463	7.055
1432	0	2	1	431	26	20.8065264024	30.8761572621	34.6826524139	16.536
1432	0	2	2	1779	111	20.8065264024	29.9269678628	33.7334630146	8.252
1433	0	2	1	1213	75	25.2688423217	25.8704457142	30.4933089413	6.645
1433	0	2	2	2562	160	25.2688423217	25.7672870605	30.3901502875	11.433
1434	0	2	1	434	27	16.2572302631	33.6005785528	36.574792844	10.378
1434	0	2	2	1781	111	16.2572302631	33.2886968768	36.2629111681	9.937
1435	0	2	1	471	29	26.1443189495	28.2483267279	33.0313559277	6.929
1435	0	2	2	1817	113	26.1443189495	28.021575332	32.8046045318	11.024
1436	0	2	1	337	21	24.4337147024	28.5062577358	32.9763367272	5.496
1436	0	2	2	1681	105	24.4337147024	31.2477331045	35.7178120959	11.15
1437	0	2	1	432	27	19.167152278	30.4592682609	33.9658445538	12.252
1437	0	2	2	1781	111	19.167152278	30.502807941	34.0093842339	7.212
1438	0	2	1	1225	76	24.8469044531	30.2580619254	34.8037328129	10.504
1438	0	2	2	2578	161	24.8469044531	27.4309610213	31.9766319088	8.977
1439	0	2	1	432	27	18.712561407	30.8805067626	34.3039169415	7.055
1439	0	2	2	1783	111	18.712561407	29.6533635191	33.076773698	4.126
1440	0	2	1	1057	66	23.2749117261	27.8915993301	32.1496785948	6.126
1440	0	2	2	2403	150	23.2749117261	28.2550176973	32.5130969619	17.275
1441	0	2	1	1055	65	18.5354837445	26.5867420092	29.9777563306	8.393
1441	0	2	2	2393	149	18.5354837445	29.6738417988	33.0648561202	8.189
1442	0	2	1	437	27	17.7929988416	32.0687468651	35.3239256737	9.528
1442	0	2	2	1783	111	17.7929988416	32.1050895208	35.3602683295	6.126
1443	0	2	1	431	26	22.7703515751	28.9792455317	33.1450169439	5.496
1443	0	2	2	1777	111	22.7703515751	29.0702233953	33.2359948076	6.977
1444	0	2	1	444	27	18.4427060259	33.0680324786	36.4420733788	10.063
1444	0	2	2	1790	111	18.4427060259	31.541094174	34.9151350743	7.181
1445	0	2	1	431	26	19.5076903284	33.4073972794	36.9762740453	17.968
1445	0	2	2	1776	111	19.5076903284	35.3250972338	38.8939739998	8.976
1446	0	2	1	807	50	24.2033878075	6.70092656495	11.1288679024	4.347
1446	0	2	2	2151	134	24.2033878075	4.33548929497	8.76343063244	13.654
1447	0	2	1	1033	64	19.4695076138	35.0979176111	38.6598089574	8.693
1447	0	2	2	2377	148	19.4695076138	26.73078582	30.2926771663	4.284
1448	0	2	1	415	25	17.947060276	32.5499181962	35.8332821084	8.126
1448	0	2	2	1765	110	17.947060276	34.0264376998	37.3098016121	11.212
1449	0	2	1	431	26	22.5021491439	27.5503742196	31.6670787557	7.685
1449	0	2	2	1777	111	22.5021491439	25.6084928279	29.725197364	5.024
1450	0	2	1	839	52	26.217109345	23.4388135901	28.2351595869	6.063
1450	0	2	2	2182	136	26.217109345	21.7578582362	26.5542042329	14.031
1451	0	2	1	1211	75	20.4243383373	30.4093614823	34.1459364087	10.536
1451	0	2	2	2561	160	20.4243383373	32.6057346548	36.3423095811	14.032
1452	0	2	1	471	29	24.2620647325	31.1179390823	35.5566151972	7.653
1452	0	2	2	1817	113	24.2620647325	31.1425361346	35.5812122495	7.008
1453	0	2	1	438	27	17.8311717717	31.5444157239	34.8065781621	12.614
1453	0	2	2	1783	111	17.8311717717	31.8760873143	35.1382497526	11.591
1454	0	2	1	490	30	22.5294803497	30.9875635741	35.109268277	11.969
1454	0	2	2	1835	114	22.5294803497	30.9459452844	35.0676499873	11.874
1455	0	2	1	443	27	16.7177041942	31.6386200451	34.6970767396	8.189
1455	0	2	2	1789	111	16.7177041942	31.6742440369	34.7327007314	9.071
1456	0	2	1	440	27	15.4645522006	27.6141649524	30.4433610344	8
1456	0	2	2	1787	111	15.4645522006	29.7173755935	32.5465716754	6.095
1457	0	2	1	430	26	17.339483995	30.6870340885	33.8592436387	10
1457	0	2	2	1775	110	17.339483995	30.0174777367	33.189687287	14.283
1458	0	2	1	431	26	17.1599229676	30.9309725507	34.0703319189	10.095
1458	0	2	2	1779	111	17.1599229676	31.131048686	34.2704080542	4.662
1459	0	2	1	439	27	18.5434360325	30.1150373505	33.5075065205	7.937
1459	0	2	2	1783	111	18.5434360325	32.7115099291	36.1039790992	4.897
1460	0	2	1	444	27	20.2282405136	32.2443489764	35.9450483606	15.118
1460	0	2	2	1791	111	20.2282405136	30.0883082964	33.7890076806	10.614
1461	0	2	1	430	26	17.7313577537	30.1275991284	33.3715008744	9.906
1461	0	2	2	1777	111	17.7313577537	30.55306347	33.796965216	14.929
1462	0	2	1	429	26	19.4992865226	31.8644780266	35.4318173401	5.843
1462	0	2	2	1774	110	19.4992865226	33.7720197335	37.339359047	9.842
1463	0	2	1	1097	68	19.6598404599	33.468691086	37.0654032882	10.63
1463	0	2	2	2444	152	19.6598404599	33.2709265675	36.8676387696	8.599
1464	0	2	1	441	27	19.4691718395	32.9709888411	36.5328187585	8.126
1464	0	2	2	1788	111	19.4691718395	31.4439151984	35.0057451158	11.842
1465	0	2	1	433	27	22.0680434331	31.9043957236	35.9416818478	6.189
1465	0	2	2	1781	111	22.0680434331	31.021758614	35.0590447382	9.937
1466	0	2	1	429	26	16.2442573149	32.9418958164	35.9137367435	11.276
1466	0	2	2	1774	110	16.2442573149	33.6095242342	36.5813651613	9.496
1467	0	2	1	486	30	20.8641709677	28.8863555782	32.7033966402	15.811
1467	0	2	2	1830	114	20.8641709677	29.6230521303	33.4400931923	10.567
1468	0	2	1	530	33	20.4827710994	29.1751672219	32.9224322568	9.212
1468	0	2	2	1879	117	20.4827710994	30.0593012221	33.806566257	6.504
1469	0	2	1	439	27	17.642237416	31.9989049948	35.2265024271	8.158
1469	0	2	2	1783	111	17.642237416	31.2641316521	34.4917290843	7.969
1469	1	2	1	438	27	17.642237416	30.1753995152	33.4029969474	8.725
1469	1	2	2	1787	111	17.642237416	28.811189771	32.0387872032	4.819
1470	0	2	1	803	50	26.9353795806	19.7094436921	24.6371951968	10.551
1470	0	2	2	2148	134	26.9353795806	24.8755541975	29.8033057021	8.913
1471	0	2	1	417	26	17.3474912101	24.7801397352	27.9538141829	12.173
1471	0	2	2	1775	110	17.3474912101	32.4635237325	35.6371981801	11.906
1472	0	2	1	422	26	21.8117180532	29.5163187667	33.5067108877	9.354
1472	0	2	2	1769	110	21.8117180532	29.3290854449	33.3194775659	19.37
1473	0	2	1	920	57	24.8504039677	29.7089560881	34.255267202	5.622
1473	0	2	2	2264	141	24.8504039677	30.1533087203	34.6996198342	9.307
1474	0	2	1	545	34	21.8049897088	32.4007868411	36.3899480306	7.023
1474	0	2	2	1894	118	21.8049897088	29.2647025815	33.2538637709	10.693
1475	0	2	1	438	27	16.6947756432	29.9296121242	32.9838741051	16
1475	0	2	2	1784	111	16.6947756432	28.150395661	31.204657642	5.181
1476	0	2	1	429	26	22.6911966155	30.3608519878	34.512142224	7.213
1476	0	2	2	1775	110	22.6911966155	29.3572739207	33.5085641569	14.22
1477	0	2	1	488	30	20.9115224384	29.8082790341	33.6339829137	14.599
1477	0	2	2	1832	114	20.9115224384	30.6366672764	34.462371156	14.819
1478	0	2	1	1021	63	27.4191828215	25.0744256726	30.0906876116	4.252
1478	0	2	2	2366	147	27.4191828215	28.6471536694	33.6634156085	11.717
1479	0	2	1	558	34	23.0131723857	26.6629260705	30.8731208632	5.449
1479	0	2	2	1901	118	23.0131723857	27.3130664415	31.5232612342	13.402
1480	0	2	1	488	30	24.6647663331	31.0244514096	35.5368006432	11.307
1480	0	2	2	1833	114	24.6647663331	28.9316492306	33.4439984643	12.031
1481	0	2	1	438	27	18.1069000222	29.4251920874	32.7377982292	10.63
1481	0	2	2	1784	111	18.1069000222	30.4722680045	33.7848741462	6.772
1482	0	2	1	548	34	20.9584225701	34.0084474547	37.8427315807	4.456
1482	0	2	2	1895	118	20.9584225701	29.0178479918	32.8521321178	13.181
1483	0	2	1	1001	62	19.8294199398	26.8172551784	30.4449914667	15.386
1483	0	2	2	2346	146	19.8294199398	27.6296675982	31.2574038865	11.654
1484	0	2	1	430	26	15.7730440698	28.6091068045	31.4947406013	9.229
1484	0	2	2	1776	111	15.7730440698	29.552689433	32.4383232298	11.15
1485	0	2	1	727	45	29.3009740013	26.313245339	31.6737756516	27.653
1485	0	2	2	2075	129	29.3009740013	31.5730334848	36.9335637974	8.897
1486	0	2	1	431	26	20.0338231401	32.3370733904	36.0022046661	12
1486	0	2	2	1776	111	20.0338231401	32.2509974259	35.9161287015	5.055
1487	0	2	1	82	5	22.5857876718	33.8468462073	37.9788521755	8.189
1487	0	2	2	1422	88	22.5857876718	31.4648793982	35.5968853664	6.819
1488	0	2	1	430	26	16.4915919553	29.3418641865	32.3589542864	11.244
1488	0	2	2	1776	111	16.4915919553	28.2264409175	31.2435310174	9.968
1489	0	2	1	432	27	18.7722833739	33.4187635623	36.8530997061	6.819
1489	0	2	2	1777	111	18.7722833739	32.8105018366	36.2448379804	8.126
1490	0	2	1	1255	78	18.7272670904	28.5469670249	31.9730675669	6.897
1490	0	2	2	2602	162	18.7272670904	23.2918553714	26.7179559134	5.213
1491	0	2	1	1218	76	18.59705	31.3331700161	34.7354477098	6.189
1491	0	2	2	2567	160	18.59705	29.9281364761	33.3304141699	11.591
1492	0	2	1	529	33	19.3338821743	27.5565130054	31.0935920612	12.913
1492	0	2	2	1878	117	19.3338821743	27.679338471	31.2164175268	7.638
1493	0	2	1	485	30	21.2433266137	27.7421209544	31.6285274693	12.346
1493	0	2	2	1830	114	21.2433266137	28.1881251765	32.0745316914	11.244
1494	0	2	1	1220	76	17.4135289935	32.9380107713	36.1237666446	14.189
1494	0	2	2	2571	160	17.4135289935	31.2721665432	34.4579224165	5.15
1495	0	2	1	443	27	15.6433397499	31.668347494	34.5302522523	4.393
1495	0	2	2	1790	111	15.6433397499	29.9192308342	32.7811355926	8.063
1496	0	2	1	215	13	24.7329919606	32.3499278033	36.8747587225	5.275
1496	0	2	2	1558	97	24.7329919606	31.1676983866	35.6925293059	6.74
1497	0	2	1	439	27	24.8860206618	24.0207538342	28.5735809215	9.008
1497	0	2	2	1784	111	24.8860206618	24.4134015059	28.9662285931	9.165
1498	0	2	1	1104	69	20.8019743164	31.1826217585	34.9882841191	6.094
1498	0	2	2	2452	153	20.8019743164	30.492134764	34.2977971245	12.41
1499	0	2	1	431	26	22.6098747063	27.3205230793	31.4569357023	6.536
1499	0	2	2	1777	111	22.6098747063	29.0553955066	33.1918081296	10.346
1500	0	2	1	444	27	15.208188885	28.8374684581	31.6197635966	6.189
1500	0	2	2	1790	111	15.208188885	28.9158312745	31.698126413	6.567
1501	0	2	1	267	16	24.1555342682	30.8237656317	35.2429522995	7.685
1501	0	2	2	1611	100	24.1555342682	30.5250588661	34.9442455339	5.338
1502	0	2	1	432	27	16.7587715657	30.5521449136	33.6181147675	6.598
1502	0	2	2	1775	110	16.7587715657	30.9016376898	33.9676075437	14.315
1503	0	2	1	491	30	22.6966793137	31.878448898	36.0307421784	17.496
1503	0	2	2	1835	114	22.6966793137	30.5886813923	34.7409746727	14.425
1504	0	2	1	452	28	20.4928524966	28.1586083377	31.9077177357	13.874
1504	0	2	2	1798	112	20.4928524966	30.2159751008	33.9650844988	6.74
1505	0	2	1	438	27	17.8049163162	30.258543755	33.5159028319	11.937
1505	0	2	2	1784	111	17.8049163162	30.0420292688	33.2993883457	8.693
1506	0	2	1	920	57	22.367387881	27.6488626382	31.7409129824	18.567
1506	0	2	2	2263	141	22.367387881	28.8828690181	32.9749193623	7.653
1507	0	2	1	370	23	24.9359085769	32.0717870925	36.6337410327	5.905
1507	0	2	2	1716	107	24.9359085769	28.5926314858	33.154585426	6.425
1508	0	2	1	431	26	17.8186594807	36.2615787847	39.5214521347	7.15
1508	0	2	2	1777	111	17.8186594807	33.5906102348	36.8504835848	5.402
1509	0	2	1	431	26	16.4051134368	30.3424067906	33.3436758902	6.598
1509	0	2	2	1779	111	16.4051134368	31.9407983854	34.942067485	13.843
1510	0	2	1	489	30	24.1243795797	28.6201604205	33.0336474261	12.96
1510	0	2	2	1834	114	24.1243795797	28.6657381934	33.0792251991	13.197
1511	0	2	1	580	36	24.3687853333	26.5507011787	31.0089015256	7.402
1511	0	2	2	1925	120	24.3687853333	28.027224524	32.485424871	5.118
1512	0	2	1	1004	62	26.457722586	28.6781619184	33.5185274269	20.819
1512	0	2	2	2350	146	26.457722586	29.2355905949	34.0759561035	13.071
1513	0	2	1	879	54	23.9068147878	28.1307714072	32.5044555496	11.748
1513	0	2	2	2222	138	23.9068147878	27.8079601673	32.1816443097	15.386
1514	0	2	1	430	26	16.4296664322	30.4340391124	33.4398001131	7.527
1514	0	2	2	1776	111	16.4296664322	32.0907165283	35.096477529	7.527
1515	0	2	1	1211	75	21.7842491979	30.8093478361	34.7947146077	10.409
1515	0	2	2	2561	160	21.7842491979	31.3355319856	35.3208987572	9.433
1516	0	2	1	442	27	21.9975466644	30.6593439025	34.6837328423	4.173
1516	0	2	2	1788	111	21.9975466644	30.9232143877	34.9476033275	14.283
1517	0	2	1	431	26	21.2940780736	32.9129012545	36.8085926055	9.779
1517	0	2	2	1776	111	21.2940780736	31.2382477678	35.1339391187	5.401
1518	0	2	1	553	34	23.642120729	26.9103048358	31.2355639488	4.347
1518	0	2	2	1904	119	23.642120729	24.6768451868	29.0021042998	9.417
1519	0	2	1	520	32	22.9463865218	27.4553726635	31.6533491713	4.961
1519	0	2	2	1866	116	22.9463865218	28.3382423605	32.5362188683	8.346
1520	0	2	1	434	27	18.6344455113	30.5647228992	33.973841996	5.401
1520	0	2	2	1781	111	18.6344455113	32.5967661907	36.0058852874	10.284
1521	0	2	1	431	26	23.3491628664	31.122437427	35.3941007277	10.063
1521	0	2	2	1777	111	23.3491628664	31.1596990811	35.4313623818	8.693
1522	0	2	1	433	27	21.8210536126	30.6192592619	34.6113592971	4.551
1522	0	2	2	1781	111	21.8210536126	28.1536016326	32.1457016678	17.937
1523	0	2	1	534	33	19.1470454011	32.5521840668	36.0550818634	7.969
1523	0	2	2	1883	117	19.1470454011	29.1406719345	32.6435697311	8.346
1524	0	2	1	918	57	27.2912854266	30.7869125689	35.7797760413	17.087
1524	0	2	2	2263	141	27.2912854266	31.221116256	36.2139797284	4.536
1525	0	2	1	432	27	25.1798535506	28.3438050103	32.9503879934	11.338
1525	0	2	2	1779	111	25.1798535506	27.8838130985	32.4903960817	15.874
1526	0	2	1	440	27	22.4139463801	32.9167296799	37.0172977699	11.78
1526	0	2	2	1787	111	22.4139463801	31.6906012956	35.7911693855	6
1527	0	2	1	513	32	18.3196553322	31.7397252173	35.0912543412	4.992
1527	0	2	2	1859	116	18.3196553322	32.9200281937	36.2715573176	14.771
1528	0	2	1	1081	67	25.1021329816	26.8892675619	31.4816317867	8.252
1528	0	2	2	2427	151	25.1021329816	27.134457804	31.7268220289	13.008
1529	0	2	1	1223	76	17.7822633663	27.3137093626	30.5669241464	10.567
1529	0	2	2	2574	160	17.7822633663	28.7802582702	32.033473054	13.339
1530	0	2	1	265	16	19.3515171717	29.2855943422	32.8258996709	12.283
1530	0	2	2	1609	100	19.3515171717	29.1044040662	32.6447093948	7.969
1531	0	2	1	430	26	19.8792761008	34.6811494841	38.3180068161	10.095
1531	0	2	2	1776	111	19.8792761008	35.236838281	38.873695613	10.126
1532	0	2	1	439	27	17.8355371238	25.6590184286	28.9219794956	4.157
1532	0	2	2	1785	111	17.8355371238	31.4676688936	34.7306299606	6.929
1533	0	2	1	430	26	17.0517336449	29.2341395513	32.3537059889	13.59
1533	0	2	2	1776	111	17.0517336449	31.075822319	34.1953887566	14.347
1534	0	2	1	415	25	18.9156645333	32.558081337	36.0186486583	10.567
1534	0	2	2	1763	110	18.9156645333	35.9414470916	39.402014413	9.496
1535	0	2	1	1001	62	23.8578441907	26.0247110927	30.3894362029	7.355
1535	0	2	2	2345	146	23.8578441907	26.5884048826	30.9531299928	10.283
1538	0	2	1	1212	75	16.158160277	31.2815911336	34.2376808511	4.378
1538	0	2	2	2562	160	16.158160277	31.0114968983	33.9675866158	13.276
1539	0	2	1	348	21	26.29493284	30.722175146	35.532758731	6.851
1539	0	2	2	1691	105	26.29493284	28.8419873399	33.6525709249	10.724
1540	0	2	1	1095	68	18.7766058092	31.760404954	35.1955318751	7.716
1540	0	2	2	2444	152	18.7766058092	32.9337222727	36.3688491938	6.788
1541	0	2	1	438	27	19.5137613855	34.2452826601	37.8152701088	8.158
1541	0	2	2	1783	111	19.5137613855	31.2769632804	34.8469507291	4.787
1542	0	2	1	896	56	26.2686349191	26.9274505572	31.7332230119	9.906
1542	0	2	2	2238	139	26.2686349191	28.1578507439	32.9636231987	6.126
1543	0	2	1	216	13	27.6616107961	31.2218815092	36.2824949605	10.473
1543	0	2	2	1559	97	27.6616107961	34.9643874198	40.025000871	7.292
1544	0	2	1	1056	66	24.7349748216	31.1038905906	35.6290842686	6.536
1544	0	2	2	2402	150	24.7349748216	27.4508147407	31.9760084188	10.708
1545	0	2	1	438	27	18.844945098	30.7832693926	34.2308987933	10.725
1545	0	2	2	1784	111	18.844945098	29.6549261089	33.1025555096	4.913
1546	0	2	1	561	35	22.9783087595	26.8662082493	31.0700248401	9.213
1546	0	2	2	1910	119	22.9783087595	28.1631168418	32.3669334327	6.567
1547	0	2	1	429	26	17.8566777096	30.1479633554	33.4147920328	17.559
1547	0	2	2	1776	111	17.8566777096	31.2996639614	34.5664926388	10.724
1548	0	2	1	439	27	18.7953673168	31.9062655616	35.3448248474	10.094
1548	0	2	2	1783	111	18.7953673168	32.4161206546	35.8546799404	8.221
1549	0	2	1	434	27	21.5209372973	33.4086832142	37.3458778184	11.229
1549	0	2	2	1781	111	21.5209372973	33.8634662551	37.8006608593	15.748
1550	0	2	1	1223	76	22.1418231474	25.7835183496	29.8343022639	13.023
1550	0	2	2	2573	160	22.1418231474	28.3177719566	32.3685558709	7.244
1551	0	2	1	485	30	23.9006667017	29.7388274375	34.1113868049	13.779
1551	0	2	2	1830	114	23.9006667017	29.4550527004	33.8276120679	9.464
1552	0	2	1	430	26	15.6915244723	30.0932880117	32.9640080287	13.212
1552	0	2	2	1776	111	15.6915244723	31.3190836829	34.1898037	11.685
1553	0	2	1	438	27	21.4541577391	34.2717042777	38.1966817506	12.472
1553	0	2	2	1784	111	21.4541577391	32.5558266216	36.4808040945	8.866
1554	0	2	1	430	26	16.0033583245	30.7486033884	33.6763725267	12.551
1554	0	2	2	1776	111	16.0033583245	30.4496970743	33.3774662125	11.134
1555	0	2	1	440	27	19.181955647	29.4197887192	32.9290732466	14.898
1555	0	2	2	1787	111	19.181955647	28.7981235923	32.3074081197	4.583
1556	0	2	1	438	27	21.721215105	-4.05477639339	-0.0809415307588	14.599
1556	0	2	2	1787	111	21.721215105	-2.17271930848	1.80111555415	7.969
1557	0	2	1	1003	62	20.2521304921	29.1771589733	32.8822289615	7.937
1557	0	2	2	2350	146	20.2521304921	27.4974458919	31.20251588	4
1558	0	2	1	432	27	19.6010253257	34.6972907613	38.283242901	4.708
1558	0	2	2	1779	111	19.6010253257	34.8303444775	38.4162966172	4.347
1559	0	2	1	430	26	18.3481317758	29.3102305909	32.6669693996	12
1559	0	2	2	1775	110	18.3481317758	30.5719532966	33.9286921053	15.811
1560	0	2	1	112	7	23.7381774532	23.5656902646	27.9085226836	11.37
1560	0	2	2	1451	90	23.7381774532	28.8608327479	33.203665167	8.189
1561	0	2	1	994	62	22.076538808	28.6802565332	32.7190968622	12.897
1561	0	2	2	2338	146	22.076538808	31.6679777602	35.7068180893	13.937
1562	0	2	1	488	30	20.9152140953	31.1521367315	34.9785159893	16.457
1562	0	2	2	1834	114	20.9152140953	30.5826659161	34.4090451739	13.748
1563	0	2	1	1089	68	22.3682834712	35.0756575813	39.1678717712	5.78
1563	0	2	2	2438	152	22.3682834712	34.3890246011	38.481238791	5.15
1564	0	2	1	794	49	22.5291506134	29.8163511802	33.9379955588	18.914
1564	0	2	2	2134	133	22.5291506134	25.890142669	30.0117870476	20.662
1565	0	2	1	1224	76	18.71675232	29.3053388837	32.7295157783	8.661
1565	0	2	2	2574	160	18.71675232	30.6322107306	34.0563876251	6.157
1566	0	2	1	519	32	22.5816028041	27.7371446358	31.8683849943	6.519
1566	0	2	2	1866	116	22.5816028041	28.4401102452	32.5713506037	5.134
1567	0	2	1	438	27	19.7198185249	29.2964494904	32.9041345098	11.181
1567	0	2	2	1783	111	19.7198185249	30.7949678489	34.4026528683	6.063
1568	0	2	1	487	30	23.0327257952	30.0646859187	34.2784579524	12.409
1568	0	2	2	1832	114	23.0327257952	29.7296195917	33.9433916254	18.536
1569	0	2	1	1031	64	26.3300689674	23.4496000948	28.2666117349	7.685
1569	0	2	2	2375	148	26.3300689674	36.1006838907	40.9176955308	7.433
1570	0	2	1	1217	76	22.6213678702	27.9492294726	32.0877447375	6.693
1570	0	2	2	2568	160	22.6213678702	27.7412987984	31.8798140633	17.481
1571	0	2	1	439	27	18.6977843512	32.6824033743	36.1031101326	6.977
1571	0	2	2	1783	111	18.6977843512	32.5417253443	35.9624321026	7.811
1572	0	2	1	432	27	21.6384389931	34.2656457466	38.2243369537	5.008
1572	0	2	2	1779	111	21.6384389931	33.0845351043	37.0432263114	10.551
1573	0	2	1	781	48	22.2586972557	30.9791357689	35.0513014707	12.63
1573	0	2	2	2120	132	22.2586972557	31.4267843848	35.4989500866	7.685
1574	0	2	1	430	26	23.9549716612	29.9634940311	34.3459883372	8.567
1574	0	2	2	1776	111	23.9549716612	27.8439269709	32.226421277	6.189
1575	0	2	1	489	30	22.8508285919	27.641300797	31.8217952518	17.653
1575	0	2	2	1833	114	22.8508285919	31.1320252653	35.3125197201	8.126
1576	0	2	1	452	28	23.8903689613	29.8241539551	34.19482938	18.252
1576	0	2	2	1798	112	23.8903689613	29.6684280828	34.0391035078	10.661
1577	0	2	1	350	21	21.8343223968	30.2906023068	34.2851298285	13.401
1577	0	2	2	1694	105	21.8343223968	33.8102070248	37.8047345466	6.567
1578	0	2	1	1255	78	19.3918536335	28.6392256312	32.1869104015	10.347
1578	0	2	2	2599	162	19.3918536335	29.7965048997	33.34418967	4.299
1579	0	2	1	529	33	17.247357538	25.352474421	28.5078296966	11.811
1579	0	2	2	1879	117	17.247357538	27.3111812182	30.4665364938	9.638
1580	0	2	1	485	30	22.6721338645	26.9776402898	31.1254430497	10.677
1580	0	2	2	1830	114	22.6721338645	28.9493525873	33.0971553472	10.315
1581	0	2	1	440	27	18.8864144033	32.7519105492	36.207126642	11.874
1581	0	2	2	1787	111	18.8864144033	31.2483433143	34.7035594071	9.023
1582	0	2	1	478	29	25.9616210142	29.1930945215	33.9426996507	7.244
1582	0	2	2	1825	114	25.9616210142	23.9487167493	28.6983218785	5.559
1583	0	2	1	434	27	16.6238938077	34.6265690058	37.6678633554	4.677
1583	0	2	2	1781	111	16.6238938077	31.9603889064	35.001683256	10.63
1584	0	2	1	433	27	16.6915086686	30.328355835	33.3820201322	6.063
1584	0	2	2	1781	111	16.6915086686	29.7269082242	32.7805725214	7.717
1585	0	2	1	1213	75	20.9983005152	28.9542513239	32.7958310071	10.031
1585	0	2	2	2562	160	20.9983005152	28.2709985533	32.1125782365	16.866
1586	0	2	1	902	56	27.9785597367	31.8168562492	36.9354546127	10.378
1586	0	2	2	2244	140	27.9785597367	29.260869484	34.3794678474	6.599
1587	0	2	1	274	17	30.0935555014	32.4224576323	37.9279884884	6.221
1587	0	2	2	1618	101	30.0935555014	29.7525085341	35.2580393902	14.221
1588	0	2	1	585	36	21.6645880463	28.8148223514	32.7782974538	6.221
1588	0	2	2	1933	120	21.6645880463	27.2360540061	31.1995291086	9.779
1589	0	2	1	1218	76	19.1575423283	25.6462765979	29.1510947776	6.283
1589	0	2	2	2561	160	19.1575423283	25.4245634422	28.9293816219	13.701
1589	1	2	1	1220	76	19.1575423283	26.5827112154	30.0875293952	5.591
1589	1	2	2	2571	160	19.1575423283	25.3656774809	28.8704956607	13.402
1590	0	2	1	525	32	19.9242332692	29.3102103117	32.9552924304	4.693
1590	0	2	2	1872	117	19.9242332692	31.9387106585	35.5837927773	7.071
1591	0	2	1	439	27	15.9074128777	28.1101411614	31.0203573515	8.094
1591	0	2	2	1784	111	15.9074128777	26.8999841244	29.8102003145	5.717
1592	0	2	1	487	30	23.3896906748	30.8611431926	35.1402209413	15.559
1592	0	2	2	1832	114	23.3896906748	31.804968459	36.0840462077	6.22
1593	0	2	1	440	27	19.8812382909	29.6812874739	33.318503783	6.803
1593	0	2	2	1787	111	19.8812382909	30.8617178785	34.4989341876	12.032
1594	0	2	1	811	50	26.1781499672	25.7484839216	30.5377024103	14.284
1594	0	2	2	2153	134	26.1781499672	25.7339573207	30.5231758094	17.906
1595	0	2	1	438	27	19.2815221274	29.295750888	32.8232508213	14.63
1595	0	2	2	1783	111	19.2815221274	30.4441669484	33.9716668817	6.283
1596	0	2	1	490	30	23.017349436	29.6197000498	33.830659022	13.086
1596	0	2	2	1835	114	23.017349436	29.0282373679	33.2391963402	7.197
1597	0	2	1	485	30	22.5213496241	30.0479503297	34.1681675394	8.504
1597	0	2	2	1829	114	22.5213496241	31.8142429958	35.9344602055	11.464
1598	0	2	1	1221	76	24.3196328767	29.2388610406	33.6880690846	7.591
1598	0	2	2	2571	160	24.3196328767	29.2263802481	33.6755882921	9.622
1599	0	2	1	438	27	21.5795415583	30.6406753697	34.5885914577	8.283
1599	0	2	2	1784	111	21.5795415583	33.5268642132	37.4747803012	4.535
1600	0	2	1	447	27	17.8105514481	31.0793396395	34.3377296478	5.653
1600	0	2	2	1792	112	17.8105514481	30.3139392772	33.5723292855	14.22
1601	0	2	1	457	28	23.1680504265	29.4578515995	33.6963808917	7.213
1601	0	2	2	1802	112	23.1680504265	29.4879958014	33.7265250936	12.41
1602	0	2	1	433	27	17.6180519586	30.7999655736	34.0231383448	9.843
1602	0	2	2	1781	111	17.6180519586	32.224065216	35.4472379872	7.008
1603	0	2	1	477	29	21.3895615112	31.205621464	35.1187812398	11.937
1603	0	2	2	1825	114	21.3895615112	27.2456611701	31.1588209459	6.441
1604	0	2	1	1256	78	18.546395846	30.2633700241	33.6563806837	9.055
1604	0	2	2	2604	162	18.546395846	28.5587309068	31.9517415663	19.118
1605	0	2	1	438	27	19.6593848645	31.9730615148	35.569690367	13.496
1605	0	2	2	1783	111	19.6593848645	29.174842778	32.7714716302	15.717
1606	0	2	1	347	21	22.66519345	27.4749249559	31.6214579866	4
1606	0	2	2	1690	105	22.66519345	27.0999586457	31.2464916764	4.189
1607	0	2	1	444	27	19.3171562477	30.7257066503	34.2597257451	7.717
1607	0	2	2	1791	111	19.3171562477	29.2078210555	32.7418401504	11.134
1608	0	2	1	276	17	15.3176831641	31.2441696803	34.0464964874	9.874
1608	0	2	2	1620	101	15.3176831641	31.5854801246	34.3878069317	6.063
1609	0	2	1	439	27	15.9076696363	28.194943621	31.1052067844	11.779
1609	0	2	2	1784	111	15.9076696363	27.2209112299	30.1311743932	4.22
1610	0	2	1	429	26	20.9920686471	34.0347566798	37.8751962604	11.685
1610	0	2	2	1776	111	20.9920686471	33.7084798816	37.5489194622	6.189
1611	0	2	1	438	27	18.6495241487	31.2254635961	34.6373412869	8.252
1611	0	2	2	1783	111	18.6495241487	30.9481773059	34.3600549967	5.086
1612	0	2	1	561	35	27.9926386016	29.4446522562	34.5658263081	9.071
1612	0	2	2	1909	119	27.9926386016	28.6589626427	33.7801366947	10.126
1613	0	2	1	1225	76	21.3509352422	31.1466335925	35.0527268017	5.906
1613	0	2	2	2575	160	21.3509352422	29.7888275478	33.694920757	12.063
1614	0	2	1	456	28	23.2558295731	31.4651056926	35.7196939314	6.221
1614	0	2	2	1801	112	23.2558295731	29.7995728519	34.0541610906	13.606
1615	0	2	1	758	47	25.3028414287	24.7055401684	29.3346234359	10.819
1615	0	2	2	2097	131	25.3028414287	31.7752420881	36.4043253556	4.457
1616	0	2	1	454	28	22.1791154252	31.0919877909	35.1495942219	17.874
1616	0	2	2	1800	112	22.1791154252	29.4063770619	33.4639834929	11.622
1617	0	2	1	1064	66	23.0702230327	28.1661213065	32.3867533537	8.409
1617	0	2	2	2412	150	23.0702230327	27.15534521	31.3759772571	11.654
1618	0	2	1	1001	62	20.4924010045	28.0633518893	31.8123786881	13.229
1618	0	2	2	2346	146	20.4924010045	28.6593667181	32.4083935169	7.874
1619	0	2	1	432	27	17.1208277104	32.4089747872	35.5411817887	11.212
1619	0	2	2	1788	111	17.1208277104	32.5948329348	35.7270399363	7.968
1620	0	2	1	433	27	15.7859405978	27.5133094419	30.4013026221	4.646
1620	0	2	2	1781	111	15.7859405978	32.0429441159	34.930937296	10.708
1621	0	2	1	458	28	23.1025743873	34.9490469124	39.1755975484	10.221
1621	0	2	2	1802	112	23.1025743873	34.731464376	38.958015012	9.339
1622	0	2	1	1213	75	22.7291981438	28.4299932857	32.5882357941	7.26
1622	0	2	2	2564	160	22.7291981438	30.4975386298	34.6557811382	14.441
1623	0	2	1	1218	76	18.9970565584	26.7828007852	30.2582585473	12
1623	0	2	2	2567	160	18.9970565584	27.7510664249	31.226524187	12.189
1624	0	2	1	530	33	18.7292141471	27.2848167115	30.7112734621	11.59
1624	0	2	2	1879	117	18.7292141471	27.5894499261	31.0159066767	10.126
1625	0	2	1	1238	77	21.6943129873	29.5794400325	33.5483532288	9.307
1625	0	2	2	2585	161	21.6943129873	29.5278595275	33.4967727238	12.252
1626	0	2	1	932	58	26.8533539142	28.9711369413	33.8838820823	13.213
1626	0	2	2	2274	142	26.8533539142	28.612954744	33.5256998849	4.992
1627	0	2	1	1220	76	22.5662060175	31.477043452	35.605467012	5.716
1627	0	2	2	2569	160	22.5662060175	28.180583186	32.3090067459	12
1628	0	2	1	478	29	22.9068806992	30.30570814	34.4964571693	15.796
1628	0	2	2	1826	114	22.9068806992	29.7720632206	33.9628122499	7.465
1629	0	2	1	440	27	16.705509166	29.029200263	32.0854259115	6.284
1629	0	2	2	1785	111	16.705509166	29.402673936	32.4588995845	4.488
1631	0	2	1	437	27	16.3433476825	28.9863813868	31.9763506163	4.535
1631	0	2	2	1783	111	16.3433476825	29.5258860173	32.5158552469	13.968
1632	0	2	1	376	23	19.3435299815	31.9560875475	35.4949316423	6.882
1632	0	2	2	1721	107	19.3435299815	32.3096861214	35.8485302162	8.126
1633	0	2	1	429	26	17.4368002749	30.9098069048	34.0998201932	11.654
1633	0	2	2	1775	110	17.4368002749	32.8001698389	35.9901831273	13.937
1634	0	2	1	567	35	28.3200180006	31.2702765153	36.4513437023	8.22
1634	0	2	2	1917	119	28.3200180006	35.0781993806	40.2592665676	7.748
1635	0	2	1	438	27	17.1136877025	33.3753791151	36.5062798724	6.063
1635	0	2	2	1784	111	17.1136877025	31.3097476679	34.4406484251	7.622
1636	0	2	1	459	28	22.3612306591	29.4941302127	33.5850541106	7.386
1636	0	2	2	1803	112	22.3612306591	30.7263194583	34.8172433562	7.717
1637	0	2	1	1022	63	24.4031324497	30.3559554188	34.8204394736	8
1637	0	2	2	2370	148	24.4031324497	29.7658811833	34.2303652381	11.716
1638	0	2	1	1217	76	19.4151083997	26.4640940474	30.0160332114	6.346
1638	0	2	2	2566	160	19.4151083997	28.3401905369	31.8921297008	9.937
1639	0	2	1	1245	77	22.3765466171	28.7515918739	32.845317783	5.055
1639	0	2	2	2597	162	22.3765466171	25.8549049027	29.9486308118	20.441
1640	0	2	1	489	30	20.7031742456	28.1677294896	31.9553166567	16.536
1640	0	2	2	1833	114	20.7031742456	28.1793001278	31.9668872948	9.653
1641	0	2	1	572	35	27.0855311302	28.6165976588	33.5718189646	11.607
1641	0	2	2	1921	120	27.0855311302	28.907706983	33.8629282889	6.126
1642	0	2	1	438	27	17.3707981096	29.2043471872	32.3822855662	8.803
1642	0	2	2	1783	111	17.3707981096	29.8620509273	33.0399893063	13.685
1643	0	2	1	446	27	22.2714288422	30.0907632245	34.165258134	7.433
1643	0	2	2	1793	112	22.2714288422	31.7366930387	35.8111879482	7.842
1644	0	2	1	136	8	26.5591343345	27.4587354831	32.3176539842	7.181
1644	0	2	2	1478	92	26.5591343345	27.7607523231	32.6196708242	15.968
1645	0	2	1	937	58	22.3275399576	26.2913486018	30.3761088812	18.472
1645	0	2	2	2282	142	22.3275399576	29.6405513157	33.7253115951	9.842
1646	0	2	1	916	57	26.9953155415	32.8346638727	37.7733804918	12.772
1646	0	2	2	2257	141	26.9953155415	33.4959599017	38.4346765208	5.496
1647	0	2	1	432	27	16.5689838868	29.9027840154	32.9340327503	4.63
1647	0	2	2	1779	111	16.5689838868	30.9196820554	33.9509307903	5.118
1648	0	2	1	433	27	20.0515091673	32.4291599475	36.0975268318	7.401
1648	0	2	2	1781	111	20.0515091673	33.0159900429	36.6843569272	7.748
1649	0	2	1	1004	62	23.7697205235	31.2827294832	35.6313326177	11.103
1649	0	2	2	2350	146	23.7697205235	31.8548084595	36.203411594	6.945
1650	0	2	1	438	27	16.0756803924	30.5195889789	33.4605892349	8.347
1650	0	2	2	1783	111	16.0756803924	29.4825495396	32.4235497956	6.283
1651	0	2	1	444	27	15.9823783648	33.7505773306	36.6745082446	10.882
1651	0	2	2	1791	111	15.9823783648	28.834474342	31.7584052559	16.126
1652	0	2	1	438	27	20.4625290316	31.5141387476	35.2577005534	4.158
1652	0	2	2	1784	111	20.4625290316	31.2547240227	34.9982858285	4.74
1653	0	2	1	378	23	28.2274164119	27.5334528138	32.6975788021	8.126
1653	0	2	2	1723	107	28.2274164119	26.3947135448	31.558839533	8.504
1654	0	2	1	901	56	27.7338976547	27.6026618275	32.6764999551	13.874
1654	0	2	2	2242	140	27.7338976547	27.9211588956	32.9949970232	6.063
1655	0	2	1	892	55	28.8154697502	29.9448367611	35.2165454442	13.15
1655	0	2	2	2235	139	28.8154697502	29.1046245517	34.3763332348	6.63
1656	0	2	1	486	30	21.1315979172	29.8937164785	33.7596825445	15.354
1656	0	2	2	1830	114	21.1315979172	30.9438337142	34.8097997801	8.914
1657	0	2	1	491	30	21.3881558107	27.6666181369	31.5795207438	15.291
1657	0	2	2	1835	114	21.3881558107	28.3987034694	32.3116060763	8.52
1658	0	2	1	377	23	26.429512804	28.6649208503	33.500125459	8.346
1658	0	2	2	1723	107	26.429512804	26.7129835665	31.5481881753	11.244
1659	0	2	1	1217	76	17.8687614205	28.7335811022	32.0026204604	14.914
1659	0	2	2	2566	160	17.8687614205	29.7714389608	33.0404783189	11.417
1660	0	2	1	438	27	21.0142878438	29.2590889085	33.1035934283	7.685
1660	0	2	2	1783	111	21.0142878438	26.6580862793	30.5025907991	7.969
1661	0	2	1	433	27	17.3510375894	29.017110835	32.1914340827	7.559
1661	0	2	2	1780	111	17.3510375894	29.855361446	33.0296846937	6.393
1662	0	2	1	431	26	18.9869920059	32.7901025279	36.2637190086	8.914
1662	0	2	2	1779	111	18.9869920059	32.4319493733	35.905565854	6.725
1663	0	2	1	429	26	22.8299943064	28.4510776421	32.6277605234	14.803
1663	0	2	2	1776	111	22.8299943064	29.1437545837	33.3204374649	10.315
1664	0	2	1	432	27	17.3980193549	29.9135555757	33.0964740045	4.945
1664	0	2	2	1779	111	17.3980193549	28.7224840965	31.9054025252	4.473
1665	0	2	1	430	26	18.1232597479	30.6178807048	33.9334798121	13.149
1665	0	2	2	1776	111	18.1232597479	29.0332968383	32.3488959455	15.307
1666	0	2	1	763	47	27.5333139677	22.1874765293	27.2246184388	6.504
1666	0	2	2	2111	131	27.5333139677	23.1473350013	28.1844769107	6.929
1667	0	2	1	879	54	24.8231124584	24.5187741131	29.0600923225	18.347
1667	0	2	2	2218	138	24.8231124584	27.1853511801	31.7266693895	9.087
1668	0	2	1	490	30	23.506476118	27.2101770972	31.5106204124	14.362
1668	0	2	2	1834	114	23.506476118	27.6230734012	31.9235167164	12.914
1669	0	2	1	439	27	19.5784685611	31.3490406262	34.9308660696	9.338
1669	0	2	2	1784	111	19.5784685611	30.6860397201	34.2678651635	7.465
1670	0	2	1	555	34	18.9688796381	28.0061824973	31.4764853716	7.433
1670	0	2	2	1905	119	18.9688796381	27.5735071606	31.0438100348	4.567
1671	0	2	1	434	27	18.3283580774	32.1208759257	35.4739971922	9.842
1671	0	2	2	1779	111	18.3283580774	32.5963582363	35.9494795028	9.402
1672	0	2	1	438	27	16.7134331405	29.8953213641	32.9529966814	13.78
1672	0	2	2	1788	111	16.7134331405	30.2860112355	33.3436865528	17.087
1673	0	2	1	139	8	21.9174141813	28.5964977685	32.6062266972	8.157
1673	0	2	2	1480	92	21.9174141813	27.8887207673	31.8984496959	7.874
1674	0	2	1	444	27	17.3975734237	29.877884432	33.0607212789	9.622
1674	0	2	2	1789	111	17.3975734237	33.4907274605	36.6735643074	9.969
1675	0	2	1	1218	76	18.5841107135	26.2421474498	29.6420579376	12.929
1675	0	2	2	2568	160	18.5841107135	26.8110677831	30.2109782709	5.055
1676	0	2	1	430	26	17.4996175615	29.6290014303	32.8305069636	11.512
1676	0	2	2	1776	111	17.4996175615	29.2044617273	32.4059672606	4.189
1677	0	2	1	139	8	22.570398011	29.7019414323	33.8311319056	8.756
1677	0	2	2	1480	92	22.570398011	29.3412662865	33.4704567598	13.653
1678	0	2	1	414	25	17.628659144	34.488504786	37.7136181118	7.716
1678	0	2	2	1762	110	17.628659144	31.9645070777	35.1896204035	5.402
1679	0	2	1	431	26	19.6623399641	31.0989716428	34.6961411222	11.748
1679	0	2	2	1779	111	19.6623399641	32.1047836813	35.7019531607	13.843
1680	0	2	1	433	27	18.5990778901	32.5632052928	35.9658539833	9.024
1680	0	2	2	1781	111	18.5990778901	31.1886449008	34.5912935913	6.41
1681	0	2	1	585	36	20.143356099	33.5081037967	37.1932738173	14
1681	0	2	2	1936	121	20.143356099	32.0615993054	35.746769326	8.284
1682	0	2	1	430	26	20.0117882076	32.9750827781	36.6361828252	22.788
1682	0	2	2	1781	111	20.0117882076	30.5386522719	34.1997523189	9.37
1683	0	2	1	1021	63	24.1091274228	24.3319003618	28.7425970285	18.378
1683	0	2	2	2365	147	24.1091274228	29.941742189	34.3524388557	10.473
1684	0	2	1	920	57	28.2614585224	28.8176654407	33.9880193368	20.598
1684	0	2	2	2263	141	28.2614585224	28.5171537138	33.6875076099	4.598
1685	0	2	1	431	26	18.3074589185	20.0442584289	23.3935562534	5.086
1685	0	2	2	1788	111	18.3074589185	30.2211303845	33.570428209	11.811
1686	0	2	1	1218	76	21.13890487	-9.54551168837	-5.6782088361	10.504
1686	0	2	2	2567	160	21.13890487	-9.42373668136	-5.5564338291	8.976
1686	1	2	1	1224	76	21.13890487	25.6680185223	29.5353213746	7.024
1686	1	2	2	2575	160	21.13890487	27.6083527011	31.4756555533	10
1687	0	2	1	1001	62	23.6738347291	26.5327221619	30.8637832615	9.527
1687	0	2	2	2347	146	23.6738347291	26.7037467564	31.0348078561	10.536
1688	0	2	1	492	30	23.9051505867	31.3265108226	35.6998905041	7.874
1688	0	2	2	1837	114	23.9051505867	28.9652994736	33.3386791552	9.968
1689	0	2	1	440	27	15.7510989822	28.8198126617	31.7014316668	7.716
1689	0	2	2	1788	111	15.7510989822	29.4189227087	32.3005417138	12.536
1690	0	2	1	430	26	18.7515054878	30.765023671	34.1955585594	13.008
1690	0	2	2	1776	111	18.7515054878	31.7323961422	35.1629310305	8.126
1691	0	2	1	266	16	25.7688641844	29.2513739026	33.9657147151	5.212
1691	0	2	2	1610	100	25.7688641844	28.7685538544	33.4828946669	5.969
1692	0	2	1	547	34	21.5592180909	25.3421745254	29.2863724926	15.653
1692	0	2	2	1893	118	21.5592180909	32.6647331526	36.6089311197	10.787
1693	0	2	1	437	27	21.8201007908	31.0386850206	35.0306107398	8.709
1693	0	2	2	1781	111	21.8201007908	29.0425615036	33.0344872227	4.157
1694	0	2	1	932	58	27.4943265837	26.0390321113	31.0690413891	14.094
1694	0	2	2	2274	142	27.4943265837	26.13514478	31.1651540578	8.598
1695	0	2	1	544	34	19.8746177511	32.8480721949	36.4840772949	6.945
1695	0	2	2	1893	118	19.8746177511	32.4156724989	36.0516775989	7.512
1696	0	2	1	553	34	23.4675313713	26.7053133525	30.9986318364	5.213
1696	0	2	2	1904	119	23.4675313713	24.7961706901	29.089489174	6.031
1697	0	2	1	440	27	18.4601977517	29.8963391389	33.2735801009	18.063
1697	0	2	2	1787	111	18.4601977517	28.5379961359	31.9152370979	17.212
1698	0	2	1	439	27	15.0456369829	30.4902157419	33.2427724697	7.685
1698	0	2	2	1784	111	15.0456369829	29.3212018105	32.0737585383	12.315
1699	0	2	1	1012	63	28.4997616727	30.6579475935	35.8718983768	12
1699	0	2	2	2356	147	28.4997616727	28.7671467963	33.9810975796	6.898
1700	0	2	1	432	27	18.5324745469	33.894447437	37.2849112342	5.023
1700	0	2	2	1781	111	18.5324745469	30.3280046729	33.7184684701	17.181
1701	0	2	1	439	27	21.858735629	31.8716392528	35.8706331063	6.662
1701	0	2	2	1785	111	21.858735629	32.2709502391	36.2699440927	12.488
1702	0	2	1	935	58	26.2500588763	29.1494935178	33.9518675381	14.158
1702	0	2	2	2280	142	26.2500588763	29.705615628	34.5079896483	13.401
1703	0	2	1	429	26	25.1383610578	28.4425585708	33.0415506197	5.197
1703	0	2	2	1775	110	25.1383610578	30.2926919411	34.8916839901	8.662
1704	0	2	1	376	23	25.0180150231	27.7139860026	32.2909610849	8.536
1704	0	2	2	1721	107	25.0180150231	28.3118769466	32.8888520289	15.275
1705	0	2	1	547	34	25.4516259712	23.2725798731	27.9288828518	9.338
1705	0	2	2	1888	118	25.4516259712	25.9850536271	30.6413566058	15.591
1705	1	2	1	545	34	25.4516259712	32.0147564404	36.6710594192	4.346
1705	1	2	2	1894	118	25.4516259712	27.2817673294	31.9380703082	17.622
1706	0	2	1	469	29	21.7202092318	31.7074344316	35.6810852726	10.158
1706	0	2	2	1814	113	21.7202092318	29.9244453197	33.8980961607	12
1707	0	2	1	434	27	25.0316412715	28.0363288258	32.6157967917	8.283
1707	0	2	2	1781	111	25.0316412715	23.2661839777	27.8456519436	4.725
1708	0	2	1	431	26	16.7534379765	32.3083025672	35.373296656	8.882
1708	0	2	2	1777	111	16.7534379765	30.8156541593	33.8806482482	13.275
1708	1	2	1	430	26	16.7534379765	32.4153336005	35.4803276893	15.276
1708	1	2	2	1776	111	16.7534379765	30.2974314631	33.362425552	9.842
1709	0	2	1	1103	68	22.1848431188	32.143339658	36.2019939543	14.756
1709	0	2	2	2452	153	22.1848431188	30.6312470643	34.6899013607	17.37
1710	0	2	1	299	18	20.4465820478	27.4559240215	31.1965683718	8.189
1710	0	2	2	1642	102	20.4465820478	24.9495324635	28.6901768138	4.693
1711	0	2	1	489	30	22.1879959422	30.4419242219	34.5011553183	10.693
1711	0	2	2	1834	114	22.1879959422	29.9152149273	33.9744460238	12.095
1712	0	2	1	430	26	16.8743155456	28.8260054746	31.9131137728	16.913
1712	0	2	2	1776	111	16.8743155456	29.5111601189	32.5982684171	16.063
1713	0	2	1	454	28	19.4799298726	31.4100169735	34.9738150426	18.819
1713	0	2	2	1800	112	19.4799298726	30.9310288382	34.4948269073	10.315
1714	0	2	1	433	27	22.5866814296	31.740505119	35.8726745977	9.937
1714	0	2	2	1781	111	22.5866814296	31.531081319	35.6632507977	15.717
1715	0	2	1	437	27	18.3865056836	31.8149688636	35.1787280702	8.803
1715	0	2	2	1783	111	18.3865056836	31.0584292154	34.422188422	9.465
1716	0	2	1	1217	76	22.5153583212	28.590010596	32.7091317138	10.504
1716	0	2	2	2566	160	22.5153583212	28.4453496369	32.5644707547	12.567
1717	0	2	1	455	28	21.6938905929	26.7828462209	30.7516821413	10.866
1717	0	2	2	1800	112	21.6938905929	29.554692527	33.5235284474	7.008
1718	0	2	1	460	28	23.7230088899	27.0322128828	31.3722702561	5.653
1718	0	2	2	1806	112	23.7230088899	26.1996137291	30.5396711024	7.134
1719	0	2	1	430	26	18.6998701942	32.2328076811	35.6538960385	15.212
1719	0	2	2	1776	111	18.6998701942	30.9480166778	34.3691050352	12.724
1720	0	2	1	486	30	21.4525314067	23.9901801039	27.9148600439	16.599
1720	0	2	2	1830	114	21.4525314067	24.3287944059	28.2534743459	8.094
1721	0	2	1	170	10	23.0661036833	25.3758752979	29.5957537217	15.653
1721	0	2	2	1512	94	23.0661036833	25.6500505219	29.8699289458	15.401
1722	0	2	1	444	27	18.3920346391	30.2650361312	33.6298068445	6
1722	0	2	2	1790	111	18.3920346391	29.7478309003	33.1126016137	10.63
1723	0	2	1	430	26	20.9327424468	30.7547407631	34.5843267832	16.803
1723	0	2	2	1776	111	20.9327424468	37.1690967478	40.9986827679	6.598
1724	0	2	1	439	27	16.951447404	30.4606602602	33.5618796137	6.252
1724	0	2	2	1783	111	16.951447404	31.6839950125	34.785214366	10.599
1725	0	2	1	523	32	18.9673404785	29.42619834	32.8962196293	9.307
1725	0	2	2	1872	117	18.9673404785	28.2092421374	31.6792634267	7.339
1726	0	2	1	1062	66	22.566286526	27.5228573025	31.6512955912	4.221
1726	0	2	2	2408	150	22.566286526	26.7274844492	30.8559227379	8.882
1727	0	2	1	383	23	21.3931435479	32.5749032918	36.4887183911	6.929
1727	0	2	2	1730	108	21.3931435479	32.4101329326	36.3239480318	8.992
1728	0	2	1	431	26	21.3748907353	29.7966946344	33.7071704332	6.063
1728	0	2	2	1777	111	21.3748907353	30.5247549629	34.4352307617	6.126
1729	0	2	1	1033	64	26.1242967659	28.1482727862	32.9276389841	13.905
1729	0	2	2	2378	148	26.1242967659	21.3732435285	26.1526097264	14.409
1730	0	2	1	547	34	20.7298107523	26.1547956825	29.9472559231	7.874
1730	0	2	2	1892	118	20.7298107523	31.6422249593	35.4346851999	18.33
1731	0	2	1	1229	76	18.6018209614	28.0666292208	31.4697797484	12.189
1731	0	2	2	2580	161	18.6018209614	27.2877486428	30.6908991704	19.212
1732	0	2	1	582	36	19.7798636222	28.096072013	31.7147421131	9.402
1732	0	2	2	1928	120	19.7798636222	28.4176016498	32.03627175	7.244
1732	1	2	1	581	36	19.7798636222	27.3171223164	30.9357924165	20.504
1732	1	2	2	1929	120	19.7798636222	29.1900863071	32.8087564073	11.906
1733	0	2	1	492	30	20.8088561823	30.1241358504	33.9310572288	5.401
1733	0	2	2	1835	114	20.8088561823	30.9232633697	34.7301847481	6.441
1734	0	2	1	1238	77	21.6655172932	30.4325617063	34.3962068118	6.315
1734	0	2	2	2587	161	21.6655172932	29.730355056	33.6940001615	13.087
1735	0	2	1	301	18	23.5385003342	29.9369788434	34.2432808983	6.866
1735	0	2	2	1643	102	23.5385003342	28.7208062627	33.0271083176	11.717
1736	0	2	1	430	26	24.0632701288	31.4188152328	35.8211224373	14.472
1736	0	2	2	1776	111	24.0632701288	31.3897886501	35.7920958546	16.472
1738	0	2	1	439	27	20.3193208289	28.7327405233	32.4501027936	4.063
1738	0	2	2	1785	111	20.3193208289	31.0638057336	34.7811680039	5.149
1739	0	2	1	487	30	24.604458679	29.3684477768	33.8697638957	5.811
1739	0	2	2	1832	114	24.604458679	31.4339680301	35.935284149	4.646
1740	0	2	1	444	27	18.4085844513	29.9243616142	33.2921600688	7.685
1740	0	2	2	1788	111	18.4085844513	22.4761252647	25.8439237194	4.315
1741	0	2	1	444	27	15.5611838655	28.4608806941	31.3077552657	5.166
1741	0	2	2	1791	111	15.5611838655	28.3532034438	31.2000780155	7.339
1742	0	2	1	1245	77	22.6991397287	27.4920298333	31.6447732397	5.228
1742	0	2	2	2597	162	22.6991397287	28.493132091	32.6458754974	18.409
1743	0	2	1	440	27	17.1679692437	30.0924563743	33.2332877859	14.284
1743	0	2	2	1789	111	17.1679692437	32.3717933615	35.5126247732	5.906
1744	0	2	1	506	31	22.8052290672	31.2844110591	35.4565632099	10.457
1744	0	2	2	1857	116	22.8052290672	31.3398737578	35.5120259085	9.622
1745	0	2	1	440	27	20.4518109628	29.1509099655	32.8925109309	14.063
1745	0	2	2	1785	111	20.4518109628	29.7347594728	33.4763604382	14.52
1746	0	2	1	438	27	19.3033479039	29.7918752369	33.3233681343	11.181
1746	0	2	2	1783	111	19.3033479039	30.8459282064	34.3774211038	11.937
1747	0	2	1	1048	65	22.0695875036	32.3381247929	36.3756934005	8.094
1747	0	2	2	2400	150	22.0695875036	34.5459227155	38.583491323	5.086
1748	0	2	1	216	13	28.9316547548	29.8495047409	35.142469142	8.409
1748	0	2	2	1559	97	28.9316547548	33.6589539337	38.9519183347	4.771
1749	0	2	1	488	30	20.9774206929	26.0243901605	29.8621499393	14
1749	0	2	2	1832	114	20.9774206929	26.6764045223	30.5141643011	8.315
1750	0	2	1	1030	64	24.5785318823	33.707837773	38.2044106578	10
1750	0	2	2	2373	148	24.5785318823	37.324519338	41.8210922228	9.874
1751	0	2	1	434	27	20.0668339894	33.8381232209	37.509293738	4.771
1751	0	2	2	1781	111	20.0668339894	33.2842080943	36.9553786114	4.598
1753	0	2	1	413	25	21.2355657948	30.9784774736	34.8634641686	8.787
1753	0	2	2	1760	110	21.2355657948	31.865403436	35.750390131	18.221
1754	0	2	1	437	27	17.0005908046	29.4063037042	32.5165137039	5.118
1754	0	2	2	1787	111	17.0005908046	28.4013394414	31.511549441	9.37
1755	0	2	1	438	27	20.3351909995	30.8038581964	34.5241238695	9.559
1755	0	2	2	1784	111	20.3351909995	31.3989085805	35.1191742535	12.063
1756	0	2	1	438	27	17.7171834019	29.5375947183	32.7789033067	13.653
1756	0	2	2	1783	111	17.7171834019	30.7076560912	33.9489646796	9.779
1757	0	2	1	1218	76	18.9877699195	32.4350042776	35.9087630754	6.866
1757	0	2	2	2566	160	18.9877699195	31.946901663	35.4206604608	6.504
1758	0	2	1	488	30	22.986505555	28.2477312905	32.453047462	18.441
1758	0	2	2	1832	114	22.986505555	27.8135503363	32.0188665078	10.945
1759	0	2	1	984	61	25.4129735005	23.107706429	27.7569380475	11.654
1759	0	2	2	2332	145	25.4129735005	29.7967655553	34.4459971739	7.181
1760	0	2	1	808	50	25.762137421	31.766487987	36.4795981572	5.811
1760	0	2	2	2151	134	25.762137421	26.63989847	31.3530086402	12.567
1761	0	2	1	431	26	17.7934026136	30.4981786805	33.7534313581	14.598
1761	0	2	2	1777	111	17.7934026136	29.650105807	32.9053584846	15.874
1762	0	2	1	429	26	24.9642099207	27.3734760784	31.9406076694	14.346
1762	0	2	2	1774	110	24.9642099207	26.5809215758	31.1480531668	5.748
1763	0	2	1	434	27	15.6501704417	30.1759503268	33.0391047409	12.189
1763	0	2	2	1781	111	15.6501704417	28.8438815701	31.7070359842	19.276
1764	0	2	1	489	30	19.7344038645	27.4036187311	31.0139720972	15.748
1764	0	2	2	1833	114	19.7344038645	26.2559384052	29.8662917713	9.717
1765	0	2	1	441	27	18.1613098911	31.2192354781	34.5417957514	6.472
1765	0	2	2	1788	111	18.1613098911	29.6668623723	32.9894226456	21.275
1766	0	2	1	488	30	21.2037454733	30.9594165148	34.838581772	6.614
1766	0	2	2	1833	114	21.2037454733	25.1954960343	29.0746612915	7.779
1767	0	2	1	438	27	18.7796138015	28.7474962717	32.1831734965	15.465
1767	0	2	2	1783	111	18.7796138015	30.5797245363	34.0154017611	6.063
1768	0	2	1	1021	63	27.8914626718	20.9496095509	26.0522737527	9.685
1768	0	2	2	2376	148	27.8914626718	28.8806582523	33.9833224541	4.252
1769	0	2	1	997	62	23.2057522053	23.8874845086	28.1329112346	13.465
1769	0	2	2	2342	146	23.2057522053	26.3161232249	30.5615499508	5.622
1770	0	2	1	333	20	20.4709375581	28.7941336535	32.5392337755	8.158
1770	0	2	2	1678	104	20.4709375581	30.8017353961	34.5468355181	8.645
1771	0	2	1	135	8	27.4310058368	25.2045310836	30.2229560098	13.59
1771	0	2	2	1476	92	27.4310058368	26.943636644	31.9620615703	17.197
1772	0	2	1	1236	77	20.7227182669	30.6311030924	34.4222657829	9.134
1772	0	2	2	2584	161	20.7227182669	29.5610336078	33.3521962982	17.213
1773	0	2	1	431	26	19.5336142192	30.1814620853	33.7550815538	10.662
1773	0	2	2	1779	111	19.5336142192	30.8327696408	34.4063891093	14.221
1774	0	2	1	1238	77	20.9879244871	30.3178892583	34.1575706766	5.307
1774	0	2	2	2586	161	20.9879244871	31.0139487324	34.8536301507	10.662
1775	0	2	1	430	26	23.4652241838	32.9239575943	37.2168539848	15.086
1775	0	2	2	1774	110	23.4652241838	32.8937341093	37.1866304998	6.803
1776	0	2	1	431	26	18.0302769231	31.9444293444	35.2430175069	7.181
1776	0	2	2	1777	111	18.0302769231	31.2903580922	34.5889462547	10.708
1777	0	2	1	440	27	23.1658738796	28.3831590025	32.6212901016	4.473
1777	0	2	2	1788	111	23.1658738796	30.7116202434	34.9497513425	7.433
1778	0	2	1	297	18	26.2325965321	26.3748707021	31.1740500359	13.496
1778	0	2	2	1641	102	26.2325965321	27.9755096901	32.7746890239	11.402
1779	0	2	1	78	4	29.277831332	26.609295958	31.9655923846	8.772
1779	0	2	2	1418	88	29.277831332	28.0563955434	33.4126919701	16.094
1781	0	2	1	489	30	22.4739976618	31.3414680156	35.4530223177	13.055
1781	0	2	2	1834	114	22.4739976618	29.5788761233	33.6904304254	8.347
1782	0	2	1	1218	76	20.3345100153	28.9718946609	32.6920357499	8.283
1782	0	2	2	2567	160	20.3345100153	29.8144657893	33.5346068783	13.071
1783	0	2	1	987	61	26.6915944815	23.2405765668	28.1237282771	8.157
1783	0	2	2	2331	145	26.6915944815	28.0721841561	32.9553358664	13.401
1784	0	2	1	1237	77	23.8599471574	29.3549553169	33.7200651589	12.693
1784	0	2	2	2587	161	23.8599471574	27.9161384951	32.2812483371	7.905
1785	0	2	1	476	29	23.0643861205	32.8085596937	37.0281238943	13.071
1785	0	2	2	1821	113	23.0643861205	31.5346788023	35.7542430029	11.842
1786	0	2	1	443	27	19.3997921479	30.4983076219	34.0474447209	5.528
1786	0	2	2	1791	111	19.3997921479	29.0828876632	32.6320247622	10.315
1787	0	2	1	579	36	21.5767030298	30.7376620314	34.6850588186	7.591
1787	0	2	2	1927	120	21.5767030298	31.0569454364	35.0043422236	9.26
1788	0	2	1	488	30	20.9715689282	29.8527385281	33.6894277432	12.567
1788	0	2	2	1833	114	20.9715689282	30.8262763309	34.6629655459	8.756
1789	0	2	1	569	35	23.7312183318	29.9718750948	34.3134343622	8.645
1789	0	2	2	1918	119	23.7312183318	31.4039442308	35.7455034983	9.906
1790	0	2	1	1097	68	19.9900622695	33.8225327208	37.4796580689	8.709
1790	0	2	2	2444	152	19.9900622695	34.2615031387	37.9186284868	8.346
1791	0	2	1	73	4	24.2710417831	26.9512913075	31.3916097485	9.937
1791	0	2	2	1413	88	24.2710417831	27.9677625254	32.4080809664	8.756
1792	0	2	1	1246	77	21.2920324411	30.9520170554	34.8473341636	5.339
1792	0	2	2	2596	162	21.2920324411	32.370900214	36.2662173223	10.094
1793	0	2	1	422	26	18.8328580883	32.7154224354	36.1608405518	14.347
1793	0	2	2	1771	110	18.8328580883	34.3152083556	37.760626472	13.622
1794	0	2	1	430	26	21.4509460281	30.9046251953	34.8290150948	12.473
1794	0	2	2	1777	111	21.4509460281	31.676335455	35.6007253545	9.465
1796	0	2	1	443	27	23.8660172788	-3.28572069139	1.08049966214	6.504
1796	0	2	2	1772	110	23.8660172788	-5.87650901186	-1.51028865833	12.032
1797	0	2	1	438	27	20.9919818182	29.9990139965	33.839437692	5.307
1797	0	2	2	1784	111	20.9919818182	28.9573186927	32.7977423882	5.433
1798	0	2	1	488	30	21.7986799674	31.853458912	35.8414657521	11.071
1798	0	2	2	1832	114	21.7986799674	28.1198989035	32.1079057436	16.661
1799	0	2	1	1230	76	22.3486601341	29.128971397	33.2175955529	12.866
1799	0	2	2	2582	161	22.3486601341	28.4406425444	32.5292667003	12.315
1800	0	2	1	437	27	25.1793335326	31.0236634565	35.6301513038	7.748
1800	0	2	2	1783	111	25.1793335326	27.8056589952	32.4121468425	6.126
1801	0	2	1	1031	64	29.4610573984	19.5175537059	24.9073708231	8.425
1801	0	2	2	2375	148	29.4610573984	30.4338518194	35.8236689366	7.402
1803	0	2	1	439	27	18.6784379467	31.1769617414	34.5941291297	11.59
1803	0	2	2	1784	111	18.6784379467	30.2798103132	33.6969777016	4
1804	0	2	1	937	58	24.1604939831	27.9112334702	32.3313275038	19.244
1804	0	2	2	2281	142	24.1604939831	27.5620915806	31.9821856142	5.244
1805	0	2	1	1264	79	20.4347351089	30.6794333455	34.4179103318	7.654
1805	0	2	2	2614	163	20.4347351089	29.422164046	33.1606410323	10.677
1806	0	2	1	139	8	26.3995549524	30.2054440151	35.0351679197	10.645
1806	0	2	2	1481	92	26.3995549524	36.3217903032	41.1515142077	7.181
1807	0	2	1	490	30	24.8904621821	27.5358117779	32.0894514288	9.48
1807	0	2	2	1833	114	24.8904621821	27.0235074269	31.5771470778	13.433
1808	0	2	1	1029	64	20.3380331491	23.5139280922	27.2347137284	6.347
1808	0	2	2	2372	148	20.3380331491	26.0996600229	29.8204456592	9.401
1809	0	2	1	431	26	20.5557520648	30.7948640391	34.5554807351	5.905
1809	0	2	2	1777	111	20.5557520648	25.9403061842	29.7009228803	4.283
1810	0	2	1	439	27	17.0610843288	31.9125659664	35.0338430852	8.63
1810	0	2	2	1784	111	17.0610843288	29.0276719824	32.1489491012	8.031
1811	0	2	1	429	26	15.6365813139	30.9890000331	33.8496683547	12.347
1811	0	2	2	1775	110	15.6365813139	30.3446010405	33.2052693621	8.788
1812	0	2	1	430	26	18.1025870849	30.186061046	33.4978781481	12.095
1812	0	2	2	1777	111	18.1025870849	31.8990092051	35.2108263071	13.59
1813	0	2	1	430	26	18.8292616072	33.7401642158	37.1849243662	15.402
1813	0	2	2	1777	111	18.8292616072	33.879543771	37.3243039214	6.22
1814	0	2	1	1217	76	19.9796891772	30.6499799156	34.3052075358	12.961
1814	0	2	2	2566	160	19.9796891772	30.6982935845	34.3535212047	12.441
1815	0	2	1	415	25	15.2919682225	32.5044648393	35.3020871706	11.937
1815	0	2	2	1760	110	15.2919682225	33.052748177	35.8503705083	13.654
1816	0	2	1	437	27	17.1578125052	30.8143802039	33.953353469	11.937
1816	0	2	2	1783	111	17.1578125052	32.2215951922	35.3605684573	12.536
1817	0	2	1	453	28	19.6497193107	32.7179687387	36.3128293053	6.677
1817	0	2	2	1798	112	19.6497193107	30.7190399174	34.3139004839	4.819
1818	0	2	1	1062	66	25.610419235	28.8720756252	33.5574293824	6.945
1818	0	2	2	2408	150	25.610419235	26.9357206765	31.6210744337	9.842
1819	0	2	1	1248	78	23.0303916845	28.3087064392	32.5220514539	7.307
1819	0	2	2	2597	162	23.0303916845	28.6185118824	32.8318568971	9.527
1820	0	2	1	431	26	16.9819107121	31.6975632304	34.80435576	5.433
1820	0	2	2	1777	111	16.9819107121	31.8090650401	34.9158575697	4.425
1821	0	2	1	169	10	26.3165517788	31.3732558875	36.1877945962	8.693
1821	0	2	2	1511	94	26.3165517788	29.5803490478	34.3948877565	10.725
1822	0	2	1	444	27	19.6574166658	31.1954190727	34.7916878485	10.787
1822	0	2	2	1791	111	19.6574166658	29.4281913913	33.0244601671	5.748
1823	0	2	1	431	26	19.9286467464	28.3569462014	32.0028357533	10.315
1823	0	2	2	1779	111	19.9286467464	29.4833265051	33.129216057	11.685
1824	0	2	1	489	30	23.3991555458	28.2153693544	32.4961786744	14.441
1824	0	2	2	1834	114	23.3991555458	28.332829084	32.613638404	8.567
1825	0	2	1	1217	76	22.2154406842	29.3666753146	33.430927349	6.897
1825	0	2	2	2566	160	22.2154406842	29.8276570353	33.8919090697	14.158
1826	0	2	1	583	36	21.0037471926	30.1612162053	34.0037923428	9.779
1826	0	2	2	1931	120	21.0037471926	30.4732488655	34.315825003	11.874
1827	0	2	1	1236	77	21.1094294931	28.4954167695	32.357327185	7.307
1827	0	2	2	2584	161	21.1094294931	30.1239312435	33.9858416589	11.087
1828	0	2	1	438	27	18.00094139	30.5236287295	33.8168500392	12.41
1828	0	2	2	1783	111	18.00094139	30.2479746252	33.5411959348	8.945
1829	0	2	1	438	27	18.0322185868	27.2643502799	30.5632936643	4.441
1829	0	2	2	1783	111	18.0322185868	30.9219152783	34.2208586626	5.811
1830	0	2	1	1248	78	18.1039324814	30.5272678863	33.8393311248	7.149
1830	0	2	2	2597	162	18.1039324814	30.4708649586	33.7829281971	9.716
1831	0	2	1	1218	76	20.6361790745	39.4853709674	43.2607015574	7.402
1831	0	2	2	2568	160	20.6361790745	27.954179019	31.729509609	12.866
1832	0	2	1	422	26	19.3389249669	-4.85889290876	-1.32089128832	7.779
1832	0	2	2	1767	110	19.3389249669	-5.05862619778	-1.52062457734	16.819
1833	0	2	1	1101	68	23.3506801328	34.1171634997	38.3891043801	8.913
1833	0	2	2	2450	153	23.3506801328	34.5238685173	38.7958093977	4.315
1835	0	2	1	478	29	26.6865114775	26.7208754078	31.6030971969	10.157
1835	0	2	2	1825	114	26.6865114775	26.305759457	31.1879812461	10.662
1836	0	2	1	430	26	18.6936604589	31.7354462737	35.1553985776	11.528
1836	0	2	2	1777	111	18.6936604589	32.1552502297	35.5752025336	8.992
1837	0	2	1	1002	62	22.0644634952	26.8052793757	30.8419105604	5.15
1837	0	2	2	2349	146	22.0644634952	28.7734736109	32.8101047956	9.071
1838	0	2	1	438	27	18.9675235953	31.6333853357	35.1034401257	6.158
1838	0	2	2	1783	111	18.9675235953	31.3759100524	34.8459648424	4.473
1839	0	2	1	491	30	21.0011910341	29.1685013378	33.0106098333	16.346
1839	0	2	2	1837	114	21.0011910341	27.4776335121	31.3197420076	8.882
1840	0	2	1	564	35	24.4707728122	34.209573033	38.6864317007	9.055
1840	0	2	2	1913	119	24.4707728122	31.6023513382	36.079210006	8.693
1841	0	2	1	803	50	26.9004430231	24.3915178767	29.312877837	9.716
1841	0	2	2	2145	134	26.9004430231	32.2425583616	37.1639183218	6.693
1842	0	2	1	430	26	17.0891438569	30.4740022347	33.6004127649	14.252
1842	0	2	2	1775	110	17.0891438569	32.4375475517	35.5639580818	9.842
1843	0	2	1	1220	76	21.0314559066	28.2403467544	32.0879921227	14.536
1843	0	2	2	2568	160	21.0314559066	28.087805103	31.9354504714	16
1844	0	2	1	1211	75	19.0070248857	31.3114633055	34.7887447449	10.409
1844	0	2	2	2561	160	19.0070248857	31.455739232	34.9330206714	9.654
1845	0	2	1	491	30	23.7578701545	25.3297340915	29.6761692345	11.355
1845	0	2	2	1837	114	23.7578701545	24.9324059668	29.2788411099	12.189
1846	0	2	1	487	30	20.5653592441	27.1582061049	30.9205804072	17.779
1846	0	2	2	1831	114	20.5653592441	28.9659238761	32.7282981784	9.386
1847	0	2	1	440	27	20.8643113471	28.2377491946	32.0548159386	4.819
1847	0	2	2	1787	111	20.8643113471	26.7150759255	30.5321426695	4.473
1848	0	3	1	232	14	22.2126080646	28.4986694827	32.5624032974	10.913
1848	0	3	2	1576	98	22.2126080646	30.9426292004	35.006363015	4.22
1849	0	3	1	934	58	25.8652130426	32.710548844	37.4425164076	14.725
1849	0	3	2	2277	142	25.8652130426	31.5728613516	36.3048289151	10.473
1850	0	3	1	429	26	19.6220288632	28.5887199373	32.1785146148	17.528
1850	0	3	2	1776	111	19.6220288632	28.8277346	32.4175292775	10.929
1851	0	3	1	440	27	17.7864817748	28.2431451098	31.4971316395	9.15
1851	0	3	2	1785	111	17.7864817748	29.179080405	32.4330669347	10.835
1852	0	3	1	430	26	22.9032707237	29.6139670887	33.8040556832	12.158
1852	0	3	2	1776	111	22.9032707237	32.1849279444	36.3750165389	5.937
1853	0	3	1	429	26	21.5442278263	34.1002740172	38.0417295578	13.78
1853	0	3	2	1776	111	21.5442278263	34.2060091545	38.1474646952	10.535
1854	0	3	1	1217	76	20.4248800634	32.1244760499	35.8611500835	7.15
1854	0	3	2	2571	160	20.4248800634	33.4003711101	37.1370451437	16.283
1855	0	3	1	441	27	24.7777535422	31.8195149771	36.3525349011	4.567
1855	0	3	2	1787	111	24.7777535422	33.7123515586	38.2453714825	10.724
1856	0	3	1	154	9	19.2233551612	34.5325953376	38.049453789	11.527
1856	0	3	2	1495	93	19.2233551612	38.6596895665	42.1765480179	11.937
1857	0	3	1	438	27	17.1845701118	30.6767221935	33.820590687	7.496
1857	0	3	2	1783	111	17.1845701118	28.2814091598	31.4252776533	9.811
1858	0	3	1	487	30	22.836324427	30.7338245211	34.91166548	9.527
1858	0	3	2	1832	114	22.836324427	33.7049581264	37.8827990853	8.409
1859	0	3	1	259	16	22.5180386848	29.0489142957	33.1685257784	10.126
1859	0	3	2	1602	100	22.5180386848	31.1218967282	35.2415082109	6.724
1860	0	3	1	350	21	22.9971328825	28.2605699716	32.4678303826	11.008
1860	0	3	2	1694	105	22.9971328825	27.4602373654	31.6674977763	11.59
1861	0	3	1	537	33	17.9281449372	27.3938998345	30.6738032391	12.031
1861	0	3	2	1888	118	17.9281449372	25.8799609604	29.1598643649	16
1862	0	3	1	530	33	19.8365011953	26.1642473438	29.7932791278	10.898
1862	0	3	2	1879	117	19.8365011953	27.1682142425	30.7972460265	7.59
1863	0	3	1	429	26	19.432521485	34.4070148298	37.9621396685	10.551
1863	0	3	2	1774	110	19.432521485	33.3980653179	36.9531901565	11.811
1864	0	3	1	209	13	26.5883447443	34.7579162855	39.6221787485	7.685
1864	0	3	2	1552	97	26.5883447443	32.7971366599	37.6613991229	6.945
1866	0	3	1	431	26	16.8781942696	31.4602500172	34.548067917	8.74
1866	0	3	2	1773	110	16.8781942696	28.7493273626	31.8371452624	15.134
1867	0	3	1	1218	76	20.2241224343	30.5509110486	34.2508570418	6.189
1867	0	3	2	2566	160	20.2241224343	30.2352396646	33.9351856578	7.969
1868	0	3	1	1094	68	18.0472039358	34.8333767201	38.1350616316	8.157
1868	0	3	2	2441	152	18.0472039358	28.6831806728	31.9848655844	9.843
1869	0	3	1	235	14	24.6482615621	31.4440490027	35.9533787352	5.843
1869	0	3	2	1578	98	24.6482615621	30.8195597656	35.3288894981	7.779
1870	0	3	1	1055	65	19.9474446859	27.1592540616	30.8085826434	12.567
1870	0	3	2	2389	149	19.9474446859	28.5309325949	32.1802611767	13.748
1871	0	3	1	434	27	17.4108365726	31.5783798819	34.7636431844	9.528
1871	0	3	2	1783	111	17.4108365726	29.4010248851	32.5862881876	4.126
1872	0	3	1	238	14	24.4455675621	29.4665909395	33.938838378	7.59
1872	0	3	2	1580	98	24.4455675621	23.6876365975	28.159884036	4
1873	0	3	1	1210	75	24.4909587422	32.0280205234	36.5085721499	5.465
1873	0	3	2	2562	160	24.4909587422	32.7334333938	37.2139850204	12.189
1874	0	3	1	430	26	23.9486991097	31.3741299332	35.7554766938	11.654
1874	0	3	2	1777	111	23.9486991097	32.4142753599	36.7956221206	6.724
1875	0	3	1	1062	66	23.5848325083	27.6364892799	31.951267675	8.441
1875	0	3	2	2410	150	23.5848325083	27.9877732921	32.3025516872	16.189
1876	0	3	1	469	29	21.5224562161	33.4915797668	37.429052253	11.103
1876	0	3	2	1816	113	21.5224562161	29.3656370193	33.3031095054	4.315
1877	0	3	1	1254	78	20.2170401864	28.8500779125	32.5487282285	5.37
1877	0	3	2	2603	162	20.2170401864	27.6180734635	31.3167237795	18.457
1878	0	3	1	432	27	17.0971238443	29.496342021	32.6242124673	4.945
1878	0	3	2	1779	111	17.0971238443	30.2699922897	33.3978627359	5.307
1879	0	3	1	439	27	17.5229910257	33.3653586503	36.5711402928	6.85
1879	0	3	2	1784	111	17.5229910257	31.8678243727	35.0736060152	10.834
1880	0	3	1	1218	76	20.9950440695	31.622729222	35.4637131478	5.023
1880	0	3	2	2567	160	20.9950440695	30.959895431	34.8008793568	14.362
1881	0	3	1	433	27	18.913838715	32.559881213	36.0201145061	5.559
1881	0	3	2	1782	111	18.913838715	30.5777070546	34.0379403477	9.023
1882	0	3	1	432	27	27.4568527101	34.3722119401	39.3953654787	7.386
1882	0	3	2	1779	111	27.4568527101	37.4828141684	42.505967707	9.874
1883	0	3	1	1012	63	21.0421828883	26.9388361524	30.7884439917	14.252
1883	0	3	2	2356	147	21.0421828883	27.905846927	31.7554547663	8.063
1884	0	3	1	445	27	17.6750027792	30.6442944999	33.8778862627	6.22
1884	0	3	2	1790	111	17.6750027792	28.7450793279	31.9786710907	9.874
1885	0	3	1	488	30	24.7837317473	28.4250899183	32.959203538	15.166
1885	0	3	2	1833	114	24.7837317473	30.9375825504	35.4716961701	9.087
1886	0	3	1	561	35	25.8332641844	27.5724213594	32.2985439698	8.599
1886	0	3	2	1909	119	25.8332641844	25.9491367373	30.6752593476	4.977
1887	0	3	1	242	15	28.1495941112	32.7988601418	37.9487487603	6.724
1887	0	3	2	1582	98	28.1495941112	31.4941018631	36.6439904815	10.315
1887	1	3	1	241	15	28.1495941112	35.2746017985	40.424490417	10.031
1887	1	3	2	1581	98	28.1495941112	32.8606594012	38.0105480197	11.134
1888	0	3	1	794	49	23.8359562801	29.3682929403	33.7290137192	8.977
1888	0	3	2	2134	133	23.8359562801	31.5213389968	35.8820597756	6.961
1889	0	3	1	1237	77	21.4955703191	28.482722102	32.4152758893	4.897
1889	0	3	2	2585	161	21.4955703191	28.7823316399	32.7148854272	10.803
1890	0	3	1	224	14	26.3566705291	29.7269917777	34.5488700983	7.716
1890	0	3	2	1566	97	26.3566705291	31.1545654621	35.9764437827	5.212
1891	0	3	1	429	26	19.7779582876	31.9354931812	35.5538147058	4.771
1891	0	3	2	1773	110	19.7779582876	30.4073408687	34.0256623933	16.441
1892	0	3	1	486	30	23.973793503	27.2419841083	31.6279218172	10.598
1892	0	3	2	1830	114	23.973793503	27.570053596	31.9559913049	4.362
1893	0	3	1	430	26	18.4270941808	30.8081585208	34.1793432781	11.134
1893	0	3	2	1776	111	18.4270941808	29.9007247455	33.2719095029	13.937
1894	0	3	1	414	25	15.3489120411	31.407184484	34.2152245258	10.157
1894	0	3	2	1763	110	15.3489120411	33.0746447741	35.8826848159	16.378
1895	0	3	1	456	28	20.7454181755	31.7249117136	35.5202272881	6.094
1895	0	3	2	1802	112	20.7454181755	30.7725586593	34.5678742338	13.229
1896	0	3	1	216	13	24.4762100386	31.4999644817	35.9778178746	10.378
1896	0	3	2	1560	97	24.4762100386	32.2842322343	36.7620856272	13.291
1897	0	3	1	430	26	17.4288981546	33.2400923629	36.4286599808	12.708
1897	0	3	2	1775	110	17.4288981546	35.0699495082	38.2585171261	13.401
1898	0	3	1	1214	75	20.7803459887	30.7861633786	34.5878688977	10
1898	0	3	2	2564	160	20.7803459887	32.8882115658	36.689917085	7.528
1899	0	3	1	485	30	20.2799570851	29.5545637551	33.2647245397	13.118
1899	0	3	2	1829	114	20.2799570851	30.6934700832	34.4036308679	11.906
1900	0	3	1	429	26	21.0910506582	27.1169092008	30.9754572604	6.189
1900	0	3	2	1776	111	21.0910506582	29.4951940781	33.3537421377	5.937
1901	0	3	1	452	28	23.9094609143	32.3246367853	36.698805029	15.559
1901	0	3	2	1798	112	23.9094609143	29.3020465995	33.6762148432	7.527
1902	0	3	1	1255	78	21.4340004309	27.4661621179	31.3874518683	6.882
1902	0	3	2	2604	162	21.4340004309	25.7602459452	29.6815356956	13.339
1903	0	3	1	485	30	23.9280272116	30.86947186	35.2470367553	11.228
1903	0	3	2	1830	114	23.9280272116	28.4509744678	32.8285393631	13.874
1904	0	3	1	491	30	21.6430183785	27.8959028435	31.8554318362	14.724
1904	0	3	2	1837	114	21.6430183785	26.7020062001	30.6615351929	9.717
1905	0	3	1	456	28	24.2067758009	29.5997573177	34.028318479	7.969
1905	0	3	2	1802	112	24.2067758009	27.2814992203	31.7100603816	5.937
1906	0	3	1	489	30	24.0492654846	29.4685514782	33.8682965727	13.071
1906	0	3	2	1833	114	24.0492654846	30.0298463299	34.4295914244	15.717
1907	0	3	1	77	4	25.5259557882	31.9922142419	36.6621156504	7.842
1907	0	3	2	1417	88	25.5259557882	31.363578886	36.0334802945	10
1908	0	3	1	431	26	22.5745655847	32.7982118373	36.9281647564	5.338
1908	0	3	2	1779	111	22.5745655847	32.2277005431	36.3576534622	11.716
1909	0	3	1	431	26	22.6315525255	29.9889569998	34.1293355185	7.339
1909	0	3	2	1777	111	22.6315525255	30.3837224673	34.5241009861	7.212
1910	0	3	1	1218	76	20.3757765816	27.6253214759	31.3530121664	12.724
1910	0	3	2	2567	160	20.3757765816	26.1759893811	29.9036800716	12.441
1911	0	3	1	429	26	18.9811854918	30.7455350715	34.2180892669	10.267
1911	0	3	2	1776	111	18.9811854918	31.850622906	35.3231771014	8.189
1912	0	3	1	439	27	17.5371676698	29.6917995877	32.9001748072	11.591
1912	0	3	2	1787	111	17.5371676698	29.0514801419	32.2598553613	4.347
1913	0	3	1	430	26	17.8421838976	26.8796114573	30.1437885328	16.189
1913	0	3	2	1777	111	17.8421838976	32.8166996333	36.0808767088	9.685
1914	0	3	1	485	30	22.387063521	27.3913929343	31.4870428813	14.63
1914	0	3	2	1829	114	22.387063521	30.3668287221	34.462478669	13.402
1915	0	3	1	240	15	25.4144890553	30.2663997339	34.9159086189	8.252
1915	0	3	2	1581	98	25.4144890553	32.7178234664	37.3673323515	8.63
1916	0	3	1	296	18	27.9450362657	32.6838692649	37.7963346041	5.591
1916	0	3	2	1637	102	27.9450362657	31.3027716907	36.4152370299	7.968
1917	0	3	1	431	26	18.853107045	31.5245299097	34.9736525155	12.85
1917	0	3	2	1779	111	18.853107045	29.4467678266	32.8958904324	15.842
1918	0	3	1	431	26	21.0766862816	33.2504672313	37.1063873688	7.433
1918	0	3	2	1777	111	21.0766862816	32.1324583048	35.9883784423	5.717
1919	0	3	1	439	27	18.9429011494	29.7335221625	33.1990723458	7.118
1919	0	3	2	1784	111	18.9429011494	28.6003854752	32.0659356584	6.504
1920	0	3	1	477	29	24.5746995368	24.7965779894	29.2924497574	13.906
1920	0	3	2	1825	114	24.5746995368	22.5008776951	26.9967494632	8.095
1921	0	3	1	439	27	21.3412333689	29.4155578465	33.3198761254	17.937
1921	0	3	2	1785	111	21.3412333689	29.9381948138	33.8425130927	9.37
1922	0	3	1	437	27	15.5131608893	28.4367418107	31.2748307147	6.378
1922	0	3	2	1782	111	15.5131608893	29.8981572915	32.7362461955	7.307
1923	0	3	1	380	23	21.4827662547	31.3620541461	35.292265466	4.96
1923	0	3	2	1727	107	21.4827662547	30.9334924527	34.8637037726	4.063
1924	0	3	1	594	37	26.9396015667	19.9565743336	24.8850982386	11.717
1924	0	3	2	1944	121	26.9396015667	21.9010424691	26.8295663742	13.622
1925	0	3	1	455	28	20.2948013698	31.5083729107	35.2212494152	6.283
1925	0	3	2	1801	112	20.2948013698	32.6178449691	36.3307214736	5.969
1926	0	3	1	1220	76	18.1360080352	31.76954211	35.0874734804	10.599
1926	0	3	2	2569	160	18.1360080352	32.2398305404	35.5577619108	10.693
1927	0	3	1	1227	76	20.331760107	28.6346506399	32.3542886409	11.685
1927	0	3	2	2579	161	20.331760107	28.2543201089	31.9739581099	8.126
1928	0	3	1	1022	63	26.7377444789	26.5100592969	31.4016540187	11.307
1928	0	3	2	2368	148	26.7377444789	25.7554138482	30.64700857	15.968
1929	0	3	1	417	26	17.1913394572	34.2119412915	37.3570482176	11.433
1929	0	3	2	1772	110	17.1913394572	28.656645764	31.8017526901	9.307
1930	0	3	1	439	27	20.8876718397	30.2737241815	34.0950646615	6.882
1930	0	3	2	1784	111	20.8876718397	31.3146889792	35.1360294593	9.716
1931	0	3	1	431	26	16.9700896439	33.3286926964	36.433322595	12.032
1931	0	3	2	1779	111	16.9700896439	31.3893869572	34.4940168558	4.441
1932	0	3	1	212	13	23.5436901544	32.6053843777	36.9126358955	6
1932	0	3	2	1555	97	23.5436901544	30.617916893	34.9251684108	5.244
1933	0	3	1	491	30	23.9104846246	27.5970848316	31.9714403603	14.315
1933	0	3	2	1835	114	23.9104846246	26.1090177413	30.48337327	10.662
1934	0	3	1	439	27	20.8285088715	31.1026663157	34.9131830981	15.181
1934	0	3	2	1785	111	20.8285088715	31.7047369607	35.515253743	12.063
1935	0	3	1	582	36	21.3716212611	32.7725479165	36.6824255743	12.441
1935	0	3	2	1929	120	21.3716212611	31.5503969956	35.4602746533	9.181
1936	0	3	1	415	25	17.7894810022	4.66433923978	7.91887446965	7.779
1936	0	3	2	1775	110	17.7894810022	5.96960804684	9.2241432767	5.969
1937	0	3	1	1220	76	17.7502021878	30.9736338971	34.2209831789	14.63
1937	0	3	2	2566	160	17.7502021878	30.23961727	33.4869665519	7.969
1938	0	3	1	438	27	17.5570805767	31.2245825545	34.4366007839	13.874
1938	0	3	2	1783	111	17.5570805767	31.5631104279	34.7751286573	5.653
1939	0	3	1	433	27	18.4931253398	29.9585210119	33.341785983	5.307
1939	0	3	2	1781	111	18.4931253398	30.017246492	33.4005114631	11.654
1940	0	3	1	429	26	21.0596899679	28.144270291	31.997081001	9.685
1940	0	3	2	1776	111	21.0596899679	28.1098853125	31.9626960225	11.716
1941	0	3	1	440	27	17.5490103448	29.4974796493	32.7080214526	4.598
1941	0	3	2	1788	111	17.5490103448	33.1144281514	36.3249699547	5.559
1942	0	3	1	414	25	25.5640751178	30.5072397372	35.1841149692	5.024
1942	0	3	2	1760	110	25.5640751178	29.3663309425	34.0432061745	7.339
1943	0	3	1	432	27	21.8001205423	34.8509414611	38.8392118503	10.032
1943	0	3	2	1779	111	21.8001205423	33.8717265665	37.8599969557	11.842
1944	0	3	1	810	50	24.4179218701	24.6919456032	29.1591353405	18.945
1944	0	3	2	2151	134	24.4179218701	26.5007044374	30.9678941748	13.024
1945	0	3	1	430	26	19.4347064882	31.925659967	35.4811845459	9.103
1945	0	3	2	1776	111	19.4347064882	34.1543067607	37.7098313395	10.756
1946	0	3	1	141	8	25.5630891045	24.1785902353	28.855285079	17.402
1946	0	3	2	1482	92	25.5630891045	24.1387453196	28.8154401633	20.189
1947	0	3	1	438	27	15.9504605345	31.5365749562	34.4546665934	11.039
1947	0	3	2	1787	111	15.9504605345	32.4876566991	35.4057483362	10.063
1948	0	3	1	433	27	19.7496141047	33.9730110356	37.5861470721	6.63
1948	0	3	2	1781	111	19.7496141047	32.3658373983	35.9789734348	5.212
1949	0	3	1	433	27	22.392931568	27.4468181165	31.5435416061	7.496
1949	0	3	2	1780	111	22.392931568	29.2780234231	33.3747469126	7.433
1950	0	3	1	1233	77	21.1566556053	28.6981865356	32.5687368346	5.449
1950	0	3	2	2582	161	21.1566556053	29.5185629593	33.3891132584	15.039
1952	0	3	1	310	19	26.9017691048	26.3764816399	31.298084203	11.685
1952	0	3	2	1655	103	26.9017691048	24.5905265765	29.5121291396	6.157
1953	0	3	1	491	30	21.4501019167	28.1472339284	32.0714694001	11.37
1953	0	3	2	1835	114	21.4501019167	32.8713285659	36.7955640377	7.874
1954	0	3	1	103	6	24.9962623383	21.709922045	26.2829175351	20.472
1954	0	3	2	1446	90	24.9962623383	27.6105206162	32.1835161063	11.401
1955	0	3	1	486	30	21.5342780832	29.6759164522	33.6155517155	11.874
1955	0	3	2	1831	114	21.5342780832	28.2261363266	32.1657715899	8.378
1956	0	3	1	1223	76	24.6331726803	35.3481762364	39.8547455007	5.307
1956	0	3	2	2573	160	24.6331726803	31.919862479	36.4264317432	7.906
1957	0	3	1	1218	76	21.3331917415	26.5244731282	30.427320214	8.788
1957	0	3	2	2566	160	21.3331917415	26.7543508369	30.6571979228	12.032
1958	0	3	1	434	27	21.3734998508	31.3429079357	35.2531292762	6.126
1958	0	3	2	1784	111	21.3734998508	30.5490242237	34.4592455641	5.969
1959	0	3	1	438	27	20.319391298	30.3051460101	34.0225211724	6.834
1959	0	3	2	1784	111	20.319391298	30.1671282109	33.8845033732	8.032
1960	0	3	1	485	30	24.5271069499	30.9230125961	35.4101774349	10.599
1960	0	3	2	1830	114	24.5271069499	28.8735496739	33.3607145128	11.748
1961	0	3	1	438	27	25.37895555	30.9885870479	35.6315951787	5.212
1961	0	3	2	1783	111	25.37895555	28.820775119	33.4637832497	15.685
1962	0	3	1	488	30	21.2447335673	29.5300341282	33.4166980413	14.283
1962	0	3	2	1832	114	21.2447335673	29.5901384431	33.4768023562	11.969
1963	0	3	1	431	26	17.2303553281	28.1926210622	31.3448658315	13.717
1963	0	3	2	1779	111	17.2303553281	29.1653377472	32.3175825166	13.969
1964	0	3	1	428	26	16.0910978637	30.1923269881	33.1361478269	17.843
1964	0	3	2	1773	110	16.0910978637	31.9028901961	34.8467110348	17.906
1965	0	3	1	433	27	17.6062523762	31.2526582995	34.4736723705	4.189
1965	0	3	2	1781	111	17.6062523762	31.9229018379	35.1439159089	5.685
1966	0	3	1	429	26	15.8230239773	27.9169557193	30.8117331988	18.189
1966	0	3	2	1776	111	15.8230239773	29.8889909926	32.7837684721	16.851
1967	0	3	1	415	25	18.1020836866	33.7636176398	37.0753426466	5.654
1967	0	3	2	1762	110	18.1020836866	32.8104167592	36.1221417659	12.725
1968	0	3	1	547	34	18.374893135	26.7943627364	30.1559974601	12.221
1968	0	3	2	1893	118	18.374893135	35.3011851435	38.6628198671	8.409
1969	0	3	1	1002	62	27.1454403611	29.3265347569	34.2927162871	10.441
1969	0	3	2	2349	146	27.1454403611	30.174289535	35.1404710652	14.157
1970	0	3	1	430	26	16.1586402167	28.934161282	31.8903388032	12.63
1970	0	3	2	1775	110	16.1586402167	32.8836871287	35.8398646499	7.968
1971	0	3	1	439	27	18.0790858272	31.254473485	34.5619910985	8.22
1971	0	3	2	1784	111	18.0790858272	30.2078599259	33.5153775393	7.78
1972	0	3	1	1236	77	20.4402664984	30.23813538	33.9776243184	6.851
1972	0	3	2	2584	161	20.4402664984	30.1805460002	33.9200349385	15.355
1973	0	3	1	429	26	18.1024404904	29.8244942563	33.1362845393	17.244
1973	0	3	2	1776	111	18.1024404904	30.0756919956	33.3874822786	11.937
1974	0	3	1	431	26	20.1604366694	29.7256494776	33.4139443402	12.157
1974	0	3	2	1780	111	20.1604366694	30.5572092914	34.2455041541	9.559
1975	0	3	1	489	30	24.2376830113	27.4036860154	31.8379015634	13.685
1975	0	3	2	1833	114	24.2376830113	31.0179560572	35.4521716052	10.095
1976	0	3	1	433	27	15.7979894737	30.4201273582	33.3103248461	6.992
1976	0	3	2	1781	111	15.7979894737	33.2539052159	36.1441027037	6.252
1977	0	3	1	374	23	26.8553954302	28.803746486	33.7168651165	6.866
1977	0	3	2	1719	107	26.8553954302	31.227113392	36.1402320226	15.402
1978	0	3	1	474	29	22.8106627441	28.5389557398	32.7121019664	13.669
1978	0	3	2	1819	113	22.8106627441	28.0118527556	32.1849989822	8.126
1979	0	3	1	430	26	16.5989507023	30.8782412094	33.9149722884	15.071
1979	0	3	2	1777	111	16.5989507023	29.8407753359	32.8775064149	6.535
1980	0	3	1	491	30	20.4469055436	31.2244311627	34.9651346956	13.402
1980	0	3	2	1835	114	20.4469055436	28.640121504	32.3808250369	14.929
1981	0	3	1	444	27	16.8773479292	27.9154333035	31.0030963678	11.968
1981	0	3	2	1790	111	16.8773479292	27.2002749783	30.2879380425	7.37
1982	0	3	1	82	5	28.9884158579	31.0788551934	36.3822038777	7.433
1982	0	3	2	1422	88	28.9884158579	27.0725634383	32.3759121226	5.323
1983	0	3	1	440	27	18.7921131716	30.0193981198	33.457362069	8.819
1983	0	3	2	1787	111	18.7921131716	29.4208830542	32.8588470034	18.441
1984	0	3	1	440	27	17.1637318791	31.324119824	34.4641760218	9.78
1984	0	3	2	1788	111	17.1637318791	32.4442919406	35.5843481384	6.693
1985	0	3	1	439	27	17.0470773455	29.0945608052	32.213275386	8.315
1985	0	3	2	1784	111	17.0470773455	30.9749417973	34.0936563782	8.504
1986	0	3	1	440	27	17.9052916588	31.3055453513	34.5812678132	11.937
1986	0	3	2	1785	111	17.9052916588	33.7056086503	36.9813311122	13.685
1987	0	3	1	1031	64	21.468540099	25.6919814287	29.6195901137	7.748
1987	0	3	2	2375	148	21.468540099	38.705692657	42.6333013421	10.504
1988	0	3	1	440	27	15.7197038693	28.725938646	31.601814004	5.512
1988	0	3	2	1784	111	15.7197038693	29.5178088018	32.3936841598	8.819
1989	0	3	1	1210	75	18.8004536617	27.9811511356	31.4206409539	11.433
1989	0	3	2	2572	160	18.8004536617	34.5118923091	37.9513821274	7.024
1990	0	3	1	1251	78	19.4899886899	26.7904811693	30.3561194706	7.37
1990	0	3	2	2600	162	19.4899886899	27.5738863559	31.1395246572	21.307
1991	0	3	1	1237	77	20.1621333476	31.289798628	34.9784038931	7.575
1991	0	3	2	2587	161	20.1621333476	30.8783085693	34.5669138344	14.252
1992	0	3	1	519	32	24.0714409858	28.4909633592	32.8947653988	11.292
1992	0	3	2	1866	116	24.0714409858	26.4060769175	30.8098789571	7.04
1993	0	3	1	1217	76	18.6887267617	30.2582427229	33.6772924208	14.914
1993	0	3	2	2566	160	18.6887267617	31.1228757729	34.5419254709	10.756
1994	0	3	1	438	27	18.7719316476	29.4331155154	32.8673873119	4.252
1994	0	3	2	1779	111	18.7719316476	30.3171129431	33.7513847396	9.465
1995	0	3	1	486	30	21.20751745	26.587586001	30.4674413307	15.905
1995	0	3	2	1830	114	21.20751745	28.0488262922	31.9286816219	9.59
1996	0	3	1	1217	76	21.761202543	32.2540757732	36.2352262245	14.504
1996	0	3	2	2566	160	21.761202543	31.2511899066	35.2323403579	14.819
1997	0	3	1	432	27	18.3540604723	32.587237079	35.945060526	8.567
1997	0	3	2	1779	111	18.3540604723	29.7023764338	33.0601998807	5.905
1998	0	3	1	470	29	20.9590203394	30.8980815552	34.7324750414	9.37
1998	0	3	2	1817	113	20.9590203394	28.1452566848	31.979650171	16.504
1999	0	3	1	441	27	18.0424848726	30.5907212408	33.8915428131	8.756
1999	0	3	2	1788	111	18.0424848726	30.6655442202	33.9663657925	4.095
2000	0	3	1	487	30	23.1364320237	29.9493158693	34.1820606641	13.685
2000	0	3	2	1832	114	23.1364320237	29.9653120363	34.1980568311	10.347
2002	0	3	1	130	8	23.3925200667	29.0000502281	33.279645606	13.748
2002	0	3	2	1470	91	23.3925200667	30.5793967055	34.8589920834	9.969
2003	0	3	1	272	17	23.7920416978	29.0582325131	33.4109192433	5.055
2003	0	3	2	1614	100	23.7920416978	26.9533531476	31.3060398778	4.898
2004	0	3	1	1098	68	25.358660247	30.0766027728	34.7158979353	6.803
2004	0	3	2	2445	152	25.358660247	30.2412297296	34.8805248921	5.433
2005	0	3	1	444	27	17.5379531612	30.250195897	33.4587148199	7.402
2005	0	3	2	1791	111	17.5379531612	31.6146644986	34.8231834214	9.622
2006	0	3	1	1213	75	23.0702933447	30.8093636139	35.0300085245	11.401
2006	0	3	2	2562	160	23.0702933447	32.1531894607	36.3738343713	14.866
2007	0	3	1	522	32	22.8556014705	29.0282920896	33.2096597291	8.032
2007	0	3	2	1869	116	22.8556014705	28.7233408673	32.9047085068	14.772
2008	0	3	1	259	16	20.11591913	28.6975052828	32.3776557875	12.519
2008	0	3	2	1602	100	20.11591913	29.8386732427	33.5188237475	11.905
2009	0	3	1	1057	66	23.6323884899	27.55837486	31.8818534874	10.771
2009	0	3	2	2404	150	23.6323884899	25.5046806512	29.8281592787	13.292
2010	0	3	1	430	26	20.633080331	34.3673905457	38.1421542293	12.96
2010	0	3	2	1776	111	20.633080331	35.2054246744	38.980188358	9.213
2011	0	3	1	1067	66	26.6216946877	28.1293588673	32.999722608	6.567
2011	0	3	2	2413	150	26.6216946877	28.9709397349	33.8413034757	13.779
2012	0	3	1	437	27	20.4252319897	29.9756532551	33.7123916726	10.567
2012	0	3	2	1782	111	20.4252319897	30.8104466608	34.5471850783	6
2013	0	3	1	440	27	20.4467416917	29.2091733394	32.9498468961	7.181
2013	0	3	2	1785	111	20.4467416917	30.6557895245	34.3964630812	4.252
2014	0	3	1	438	27	17.7030709995	31.3976780492	34.6364048135	14.409
2014	0	3	2	1783	111	17.7030709995	30.7659428154	34.0046695797	7.276
2015	0	3	1	433	27	18.6105362402	28.2112746507	31.6160196139	5.229
2015	0	3	2	1781	111	18.6105362402	28.5286806053	31.9334255685	13.874
2016	0	3	1	907	56	24.1516227798	24.928970678	29.34744175	13.874
2016	0	3	2	2249	140	24.1516227798	27.1876937689	31.606164841	12
2017	0	3	1	1220	76	21.3370522892	31.5172232341	35.4207765962	8.252
2017	0	3	2	2569	160	21.3370522892	28.1054242101	32.0089775723	12.693
2018	0	3	1	434	27	16.9676420916	28.9171208554	32.0213029812	6.803
2018	0	3	2	1781	111	16.9676420916	31.3840524072	34.4882345331	15.181
2019	0	3	1	432	27	16.1123859802	28.1834484776	31.1311639171	8.567
2019	0	3	2	1779	111	16.1123859802	29.1059743087	32.0536897482	7.008
2020	0	3	1	1229	76	22.2161651596	32.2875213903	36.3519059654	4.945
2020	0	3	2	2581	161	22.2161651596	30.2441033336	34.3084879087	15.134
2021	0	3	1	1062	66	25.766870178	27.2403339793	31.954309994	13.181
2021	0	3	2	2410	150	25.766870178	25.8235760569	30.5375520716	18.63
2022	0	3	1	1093	68	23.484404988	33.3426430552	37.6390485195	6.866
2022	0	3	2	2441	152	23.484404988	33.8375498199	38.1339552843	9.968
2023	0	3	1	838	52	25.7954574244	26.9173575332	31.6365635037	10.032
2023	0	3	2	2167	135	25.7954574244	26.9403012593	31.6595072298	10.504
2023	1	3	1	824	51	25.7954574244	17.4437144433	22.1629204138	9.717
2023	1	3	2	2166	135	25.7954574244	27.0334911301	31.7526971006	11.654
2024	0	3	1	430	26	18.058402909	33.0467945399	36.350528272	7.244
2024	0	3	2	1779	111	18.058402909	30.6659382999	33.9696720319	6.456
2025	0	3	1	438	27	16.6208341747	28.7217713647	31.7625059631	8.851
2025	0	3	2	1783	111	16.6208341747	32.8824808937	35.9232154922	6.41
2026	0	3	1	376	23	22.7273155367	33.735557476	37.8934555668	4.504
2026	0	3	2	1722	107	22.7273155367	31.6516877204	35.8095858112	10.158
2027	0	3	1	434	27	18.5660150289	31.4350263773	34.8316263108	7.496
2027	0	3	2	1781	111	18.5660150289	33.7412715709	37.1378715044	4.992
2028	0	3	1	430	26	21.5164727088	27.2376037155	31.1739815359	6.441
2028	0	3	2	1776	111	21.5164727088	29.7400889821	33.6764668024	4.378
2029	0	3	1	918	57	27.8814346882	17.7793199851	22.8801495957	20.85
2029	0	3	2	2260	141	27.8814346882	18.0055408114	23.106370422	11.496
2030	0	3	1	562	35	20.8919715137	29.8752558828	33.697382976	4.693
2030	0	3	2	1911	119	20.8919715137	28.9294902218	32.751617315	7.212
2031	0	3	1	494	30	24.3400817677	27.276165836	31.7291149468	10.283
2031	0	3	2	1840	115	24.3400817677	29.5607368125	34.0136859234	6.221
2032	0	3	1	430	26	18.4408990457	32.0905197832	35.4642301015	8.818
2032	0	3	2	1776	111	18.4408990457	28.796581003	32.1702913214	15.465
2033	0	3	1	807	50	23.3379135933	25.480949711	29.7505549891	17.717
2033	0	3	2	2151	134	23.3379135933	26.13725789	30.406863168	4.441
2034	0	3	1	431	26	16.7651141453	34.918851757	37.9859819679	9.874
2034	0	3	2	1777	111	16.7651141453	33.1212630146	36.1883932256	7.023
2035	0	3	1	1012	63	26.4447357338	32.1327137575	36.9707033582	5.717
2035	0	3	2	2356	147	26.4447357338	30.8270281487	35.6650177494	4.189
2037	0	3	1	485	30	21.7064614202	30.6659499301	34.6370856479	15.685
2037	0	3	2	1830	114	21.7064614202	32.7943543235	36.7654900413	6.614
2038	0	3	1	434	27	18.2064831532	32.5181815571	35.849006151	4.284
2038	0	3	2	1782	111	18.2064831532	31.0216152911	34.352439885	6.126
2039	0	3	1	438	27	16.3993783574	32.9675010692	35.9677209523	9.622
2039	0	3	2	1783	111	16.3993783574	32.8569075318	35.8571274149	6.441
2040	0	3	1	429	26	18.6004507837	30.2459977666	33.648897624	13.197
2040	0	3	2	1775	110	18.6004507837	31.2400565407	34.6429563982	18.725
2041	0	3	1	1253	78	23.4740211365	29.0440411049	33.338546873	7.496
2041	0	3	2	2603	162	23.4740211365	29.8416098882	34.1361156563	20.473
2042	0	3	1	430	26	19.346245816	30.4494881044	33.9888290535	15.622
2042	0	3	2	1777	111	19.346245816	29.8372610562	33.3766020053	13.906
2043	0	3	1	238	14	24.1786052829	31.5038370577	35.9272445024	7.717
2043	0	3	2	1580	98	24.1786052829	24.2466400919	28.6700475366	5.527
2044	0	3	1	438	27	19.4867097314	31.3290214792	34.8940599043	13.748
2044	0	3	2	1784	111	19.4867097314	30.4233506505	33.9883890756	8.189
2045	0	3	1	1251	78	23.077000495	27.4773296401	31.6992016049	5.213
2045	0	3	2	2600	162	23.077000495	29.1019397514	33.3238117162	7.307
2046	0	3	1	1221	76	20.5934471698	30.7659232572	34.5334361661	12.708
2046	0	3	2	2572	160	20.5934471698	30.9442708637	34.7117837726	10.63
2047	0	3	1	431	26	18.3754698127	30.4703793197	33.8321195449	8.693
2047	0	3	2	1777	111	18.3754698127	30.7002636494	34.0620038746	9.811
2048	0	3	1	439	27	18.4334426791	29.1762662646	32.5486124618	6.725
2048	0	3	2	1784	111	18.4334426791	28.6529900457	32.0253362428	6.41
2049	0	3	1	997	62	23.5439707087	25.7620231604	30.0693260049	17.779
2049	0	3	2	2343	146	23.5439707087	27.7617162926	32.0690191371	12.252
2050	0	3	1	485	30	25.6992336175	-8.79548004906	-4.09387795182	7.087
2050	0	3	2	1831	114	25.6992336175	-9.2108168396	-4.50921474235	8.189
2051	0	3	1	446	27	21.6275069982	31.1687381096	35.1254293392	7.402
2051	0	3	2	1793	112	21.6275069982	30.3851525237	34.3418437532	5.512
2052	0	3	1	434	27	18.8062698051	32.5205964335	35.9611502988	6.661
2052	0	3	2	1781	111	18.8062698051	33.8513709594	37.2919248247	9.166
2053	0	3	1	431	26	19.98096353	32.516309909	36.1717706685	8.897
2053	0	3	2	1779	111	19.98096353	33.1383271221	36.7937878816	6.519
2054	0	3	1	414	25	22.1211718267	33.5200845781	37.5670903917	4.645
2054	0	3	2	1760	110	22.1211718267	33.334098882	37.3811046956	13.086
2055	0	3	1	529	33	20.2253151875	28.7241674057	32.4243316097	12.41
2055	0	3	2	1878	117	20.2253151875	30.145450118	33.845614322	7.213
2056	0	3	1	490	30	23.6094673959	30.1067581464	34.4260434245	12.315
2056	0	3	2	1834	114	23.6094673959	30.4267475614	34.7460328395	5.811
2057	0	3	1	252	15	26.4904910492	29.6955309637	34.5418913699	11.779
2057	0	3	2	1594	99	26.4904910492	26.6798266541	31.5261870603	8.252
2058	0	3	1	490	30	20.6267106407	27.1136766468	30.8872750136	13.968
2058	0	3	2	1834	114	20.6267106407	27.7453101515	31.5189085183	12.252
2059	0	3	1	1022	63	27.6864825522	28.886961929	33.9521255977	7.055
2059	0	3	2	2368	148	27.6864825522	22.6058305116	27.6709941803	22.158
2060	0	3	1	897	56	30.3553890176	30.5844693171	36.1379018743	7.622
2060	0	3	2	2241	140	30.3553890176	29.9363162686	35.4897488259	9.906
2061	0	3	1	430	26	19.2243533929	32.5324433199	36.0494843949	10.158
2061	0	3	2	1776	111	19.2243533929	30.8451157923	34.3621568673	8.866
2062	0	3	1	429	26	20.6719608668	28.2630890305	32.0449657982	11.166
2062	0	3	2	1775	110	20.6719608668	29.2450820545	33.0269588222	12.473
2063	0	3	1	430	26	18.148106246	32.4431297781	35.7632744819	11.086
2063	0	3	2	1777	111	18.148106246	29.6992436386	33.0193883424	13.559
2064	0	3	1	430	26	17.6652845621	32.6758852527	35.9076990952	8.221
2064	0	3	2	1777	111	17.6652845621	31.3146381063	34.5464519487	10.221
2065	0	3	1	430	26	19.5416325009	32.4768905346	36.051976925	13.26
2065	0	3	2	1776	111	19.5416325009	33.9093802455	37.4844666359	11.811
2066	0	3	1	434	27	18.6156912771	31.7169792504	35.122667313	5.323
2066	0	3	2	1781	111	18.6156912771	30.7053167846	34.1110048472	15.622
2067	0	3	1	430	26	21.1859325272	30.024354066	33.9002604951	13.244
2067	0	3	2	1776	111	21.1859325272	35.4958131993	39.3717196284	5.905
2068	0	3	1	429	26	18.2198725838	31.5557190584	34.8889932107	7.905
2068	0	3	2	1777	111	18.2198725838	29.7218744523	33.0551486046	4.977
2069	0	3	1	430	26	23.0906651608	30.2679175431	34.4922894198	16.977
2069	0	3	2	1779	111	23.0906651608	29.2274222997	33.4517941764	5.779
2070	0	3	1	439	27	18.9090319423	31.1750315278	34.6343854354	12.708
2070	0	3	2	1785	111	18.9090319423	30.6280008709	34.0873547784	5.386
2071	0	3	1	434	27	18.4959218954	31.2519927589	34.6357693519	6.031
2071	0	3	2	1781	111	18.4959218954	29.7928992042	33.1766757972	13.811
2072	0	3	1	1217	76	21.7758674343	32.3529172759	36.3367506276	13.905
2072	0	3	2	2566	160	21.7758674343	33.0633447003	37.047178052	10.346
2073	0	3	1	469	29	17.4542838442	26.2860042628	29.4792161208	10.031
2073	0	3	2	1815	113	17.4542838442	25.5600652215	28.7532770795	14.378
2074	0	3	1	1211	75	34.3373382541	17.3694301773	23.651349084	8.267
2074	0	3	2	2564	160	34.3373382541	25.0319020571	31.3138209638	11.811
2075	0	3	1	153	9	21.3851903958	29.7364166931	33.6487767857	14.756
2075	0	3	2	1497	93	21.3851903958	30.452979174	34.3653392665	11.937
2076	0	3	1	558	34	22.7202364404	26.6948118492	30.8514148393	12.267
2076	0	3	2	1906	119	22.7202364404	21.9575942587	26.1141972488	4.252
2077	0	3	1	438	27	19.603337478	30.6703961912	34.2567713326	10.252
2077	0	3	2	1784	111	19.603337478	31.1832258408	34.7696009823	10.063
2078	0	3	1	456	28	22.9153995241	31.520472336	35.7127798602	6.22
2078	0	3	2	1801	112	22.9153995241	31.1514472966	35.3437548208	4.756
2079	0	3	1	275	17	21.5575289997	31.8700294849	35.8139184376	10.535
2079	0	3	2	1618	101	21.5575289997	28.4588803034	32.402769256	5.181
2080	0	3	1	1062	66	23.7515543545	28.3267272086	32.6720068939	9.969
2080	0	3	2	2411	150	23.7515543545	27.9876251313	32.3329048166	14.158
2081	0	3	1	444	27	19.8977347443	29.9555675452	33.5958018338	16.63
2081	0	3	2	1791	111	19.8977347443	29.4241551129	33.0643894015	6.158
2082	0	3	1	1246	77	23.0196042398	31.3301174097	35.5414888919	6.725
2082	0	3	2	2598	162	23.0196042398	30.2159032967	34.4272747789	16.662
2083	0	3	1	1030	64	25.663166823	26.2236873497	30.9186911289	8.866
2083	0	3	2	2374	148	25.663166823	30.1526013734	34.8476051526	18.85
2084	0	3	1	431	26	19.7425220534	30.6263519478	34.2381905136	7.559
2084	0	3	2	1779	111	19.7425220534	30.0698271718	33.6816657376	7.008
2085	0	3	1	471	29	21.8702240053	30.3048494528	34.3059450723	7.575
2085	0	3	2	1817	113	21.8702240053	29.778412535	33.7795081545	11.528
2086	0	3	1	334	20	23.2609097018	27.126600738	31.3821183719	7.275
2086	0	3	2	1678	104	23.2609097018	28.7547499891	33.010267623	11.37
2087	0	3	1	430	26	16.1076258626	31.5477878064	34.4946323958	19.04
2087	0	3	2	1776	111	16.1076258626	33.0478438824	35.9946884718	9.055
2088	0	3	1	571	35	22.2643888889	29.0129841807	33.0861911507	11.37
2088	0	3	2	1921	120	22.2643888889	30.7120398007	34.7852467707	4.158
2089	0	3	1	469	29	22.1613015065	32.8813602251	36.93570765	10.472
2089	0	3	2	1816	113	22.1613015065	31.7625092625	35.8168566874	7.528
2090	0	3	1	429	26	21.1495515402	34.3938713284	38.2631219588	9.717
2090	0	3	2	1775	110	21.1495515402	36.462068679	40.3313193094	12.032
2091	0	3	1	441	27	18.3532703592	29.7846649077	33.1423438057	9.622
2091	0	3	2	1788	111	18.3532703592	29.1765805113	32.5342594093	15.748
2092	0	3	1	903	56	29.5521322236	27.5394276055	32.9459066044	11.843
2092	0	3	2	2245	140	29.5521322236	29.7020332341	35.108512233	9.811
2093	0	3	1	347	21	23.1380199076	27.8464428417	32.0794781354	9.433
2093	0	3	2	1691	105	23.1380199076	29.2014283785	33.4344636721	10.409
2094	0	3	1	428	26	17.1862365073	30.3674662969	33.5116396528	11.685
2094	0	3	2	1774	110	17.1862365073	28.7258908237	31.8700641796	18.22
2095	0	3	1	1032	64	20.4573708483	32.9811158767	36.7237340075	13.496
2095	0	3	2	2377	148	20.4573708483	28.0590888813	31.8017070121	8.851
2096	0	3	1	432	27	20.208727791	31.7566654245	35.4537950112	9.59
2096	0	3	2	1776	111	20.208727791	28.9474941164	32.6446237032	11.134
2097	0	3	1	1094	68	18.3283242262	31.7316296026	35.0847446761	4.441
2097	0	3	2	2442	152	18.3283242262	30.1130459681	33.4661610417	5.339
2098	0	3	1	773	48	24.202130123	27.2005314221	31.6282426698	15.591
2098	0	3	2	2114	132	24.202130123	24.5715782751	28.9992895228	17.055
2099	0	3	1	430	26	21.6536929421	29.5084603499	33.4699422238	8.441
2099	0	3	2	1776	111	21.6536929421	29.0431820715	33.0046639454	12.283
2100	0	3	1	491	30	23.5140445538	29.1638941528	33.4657220919	17.275
2100	0	3	2	1835	114	23.5140445538	26.8592505032	31.1610784423	11.968
2101	0	3	1	428	26	19.995165693	31.594421618	35.252480623	13.103
2101	0	3	2	1774	110	19.995165693	33.3175774455	36.9756364505	10.536
2102	0	3	1	438	27	21.0368882929	35.4712261677	39.3198653758	9.937
2102	0	3	2	1782	111	21.0368882929	32.3979834903	36.2466226984	6.158
2103	0	3	1	1021	63	29.5003845463	-5.00815155802	0.388860349667	7.118
2103	0	3	2	2365	147	29.5003845463	-4.05844470563	1.33856720206	14.378
2105	0	3	1	1015	63	22.2513928841	24.3399283768	28.4107577645	17.874
2105	0	3	2	2360	147	22.2513928841	30.6538049732	34.7246343609	13.26
2106	0	3	1	470	29	27.7816259159	24.3203411301	29.4029110081	9.591
2106	0	3	2	1817	113	27.7816259159	24.4593998596	29.5419697376	7.669
2108	0	3	1	433	27	19.397825974	30.1374958737	33.6862732668	9.275
2108	0	3	2	1776	111	19.397825974	30.1101552408	33.6589326339	9.433
2109	0	3	1	430	26	22.4827612426	29.7199308672	33.8330884416	10.851
2109	0	3	2	1776	111	22.4827612426	33.5086680767	37.6218256511	7.465
2110	0	3	1	438	27	19.0476932707	31.8671195622	35.3518411676	8.425
2110	0	3	2	1783	111	19.0476932707	31.3673227397	34.8520443451	10.378
2111	0	3	1	488	30	21.1522981348	30.2285677628	34.098320875	9.354
2111	0	3	2	1834	114	21.1522981348	27.5278532339	31.3976063461	12.189
2112	0	3	1	429	26	22.0601479181	30.8130975374	34.8489391995	10.473
2112	0	3	2	1775	110	22.0601479181	28.172979777	32.2088214391	15.039
2113	0	3	1	519	32	21.256562796	32.2849348543	36.1737628913	6.252
2113	0	3	2	1865	116	21.256562796	30.6121846249	34.5010126619	4.473
2114	0	3	1	281	17	20.5441863772	26.342584589	30.1010853753	11.008
2114	0	3	2	1625	101	20.5441863772	30.2316641622	33.9901649484	6.378
2115	0	3	1	975	60	21.5311200793	25.2127158952	29.1517734105	4.347
2115	0	3	2	2319	144	21.5311200793	28.401407682	32.3404651974	9.622
2116	0	3	1	1092	68	17.8806947015	29.6930152991	32.9642378173	6.535
2116	0	3	2	2441	152	17.8806947015	31.7547360422	35.0259585604	15.339
2117	0	3	1	267	16	22.2898423034	26.6408175722	30.7186811723	8.158
2117	0	3	2	1611	100	22.2898423034	29.2643817772	33.3422453774	11.04
2118	0	3	1	551	34	20.4218836993	28.1559586845	31.8920845418	12.347
2118	0	3	2	1897	118	20.4218836993	27.7511369912	31.4872628485	13.37
2119	0	3	1	376	23	27.0858327015	31.444116627	36.3993931045	6.599
2119	0	3	2	1721	107	27.0858327015	27.9669248677	32.9222013452	14.094
2120	0	3	1	433	27	28.9166794555	24.7646457124	30.0548704248	13.244
2120	0	3	2	1781	111	28.9166794555	25.1964819296	30.486706642	4.189
2121	0	3	1	263	16	22.1643270934	33.7078715503	37.7627724979	5.653
2121	0	3	2	1606	100	22.1643270934	27.954176511	32.0090774586	6.504
2122	0	3	1	1093	68	20.2373807781	31.6941729143	35.396544484	9.874
2122	0	3	2	2441	152	20.2373807781	32.9210376977	36.6234092675	9.527
2123	0	3	1	1251	78	23.610330123	29.9977440842	34.3171871959	6.803
2123	0	3	2	2600	162	23.610330123	28.9838839801	33.3033270917	18.882
2124	0	3	1	486	30	23.4288069007	28.674775998	32.9610099495	6.126
2124	0	3	2	1831	114	23.4288069007	29.1898771781	33.4761111297	9.654
2125	0	3	1	587	36	21.288080517	32.268747174	36.163341289	7.307
2125	0	3	2	1933	120	21.288080517	30.722268017	34.616862132	14.929
2126	0	3	1	522	32	22.0485702425	32.2874149198	36.3211384789	8.158
2126	0	3	2	1869	116	22.0485702425	31.0036243868	35.0373479458	8.126
2127	0	3	1	440	27	18.1935319659	30.8033248692	34.13178008	5.607
2127	0	3	2	1787	111	18.1935319659	30.9819833829	34.3104385937	9.559
2128	0	3	1	440	27	17.535184425	31.4144914491	34.6225038395	7.37
2128	0	3	2	1788	111	17.535184425	31.1061638582	34.3141762486	11.685
2129	0	3	1	429	26	18.386857425	29.5813019329	32.9451254896	15.087
2129	0	3	2	1775	110	18.386857425	30.2824306858	33.6462542425	13.937
2130	0	3	1	405	25	19.8607128283	31.8561970806	35.4896583144	8.725
2130	0	3	2	1751	109	19.8607128283	32.0919520432	35.7254132769	7.213
2131	0	3	1	1217	76	22.1582854472	30.6456978286	34.699493474	12.834
2131	0	3	2	2566	160	22.1582854472	31.051201397	35.1049970424	14.567
2132	0	3	1	487	30	23.9377813167	30.1973996984	34.5767490796	12.708
2132	0	3	2	1831	114	23.9377813167	30.3948600179	34.7742093992	8.158
2134	0	3	1	434	27	17.0811994557	31.3816799673	34.5066370917	8.252
2134	0	3	2	1781	111	17.0811994557	28.4831070306	31.608064155	14.347
2135	0	3	1	432	27	18.9797118427	32.6811123272	36.1533969226	9.969
2135	0	3	2	1780	111	18.9797118427	34.2451975991	37.7174821946	5.008
2136	0	3	1	433	27	18.8572811406	30.7349717767	34.1848580215	5.874
2136	0	3	2	1781	111	18.8572811406	31.5083194915	34.9582057363	9.496
2137	0	3	1	490	30	25.0199103077	30.5547050819	35.1320269012	14.031
2137	0	3	2	1835	114	25.0199103077	30.1999354423	34.7772572616	13.181
2138	0	3	1	491	30	22.045374852	27.5839422142	31.6170811857	15.103
2138	0	3	2	1834	114	22.045374852	27.2253794427	31.2585184141	16.031
2139	0	3	1	440	27	20.5141666978	27.0902066634	30.8432154342	4.378
2139	0	3	2	1785	111	20.5141666978	28.8270139559	32.5800227267	5.842
2140	0	3	1	434	27	18.2473586792	30.2513837734	33.5896864291	4.473
2140	0	3	2	1782	111	18.2473586792	32.4429178364	35.7812204921	9.086
2141	0	3	1	431	26	16.499843872	30.6733118192	33.6919115839	6.992
2141	0	3	2	1777	111	16.499843872	29.8316739926	32.8502737573	4.221
2142	0	3	1	434	27	19.2844279305	30.5901327243	34.1181642661	11.307
2142	0	3	2	1782	111	19.2844279305	32.8400103552	36.368041897	15.843
2143	0	3	1	1262	78	21.3231278203	32.6180015121	36.5190074321	5.307
2143	0	3	2	2612	163	21.3231278203	30.5326158474	34.4336217674	9.78
2144	0	3	1	429	26	18.4900125	30.9997169251	34.3824124109	5.37
2144	0	3	2	1774	110	18.4900125	33.1284930903	36.5111885762	14.283
2145	0	3	1	526	32	19.7489074497	28.3051203496	31.9181271055	8.914
2145	0	3	2	1876	117	19.7489074497	30.0638989293	33.6769056853	6.535
2146	0	3	1	490	30	24.1029077333	29.6183912033	34.0279499954	13.843
2146	0	3	2	1833	114	24.1029077333	30.1145275068	34.524086299	8.598
2148	0	3	1	430	26	20.6231764447	34.4074431078	38.1803949035	9.874
2148	0	3	2	1777	111	20.6231764447	33.1101093516	36.8830611473	11.212
2149	0	3	1	439	27	18.6722711455	31.1539622796	34.5700014691	7.086
2149	0	3	2	1785	111	18.6722711455	31.085322674	34.5013618636	4
2150	0	3	1	1021	63	27.3319382362	26.5566933449	31.5569941339	13.024
2150	0	3	2	2366	147	27.3319382362	30.1795062993	35.1798070883	8.536
2151	0	3	1	1237	77	20.7964218409	30.0111859099	33.8158324608	5.26
2151	0	3	2	2584	161	20.7964218409	31.0308675382	34.835514089	10.977
2152	0	3	1	1091	68	20.6457493737	30.9844206314	34.7615020806	9.37
2152	0	3	2	2438	152	20.6457493737	31.499054117	35.2761355662	5.338
2153	0	3	1	440	27	16.6540188377	26.6091964581	29.6560020968	5.591
2153	0	3	2	1785	111	16.6540188377	28.1959115702	31.2427172089	5.937
2154	0	3	1	431	26	18.7825932879	31.05604552	34.4922678334	8.472
2154	0	3	2	1779	111	18.7825932879	30.3798624553	33.8160847687	11.685
2156	0	3	1	439	27	16.1057648313	31.1418098302	34.0883139492	6.315
2156	0	3	2	1784	111	16.1057648313	30.1780916269	33.1245957459	12.661
2157	0	3	1	438	27	18.6094130603	30.6692800862	34.0738195668	5.118
2157	0	3	2	1783	111	18.6094130603	31.9851892272	35.3897287078	9.906
2158	0	3	1	430	26	20.645951488	29.7799680946	33.55708652	8.803
2158	0	3	2	1777	111	20.645951488	31.0710284078	34.8481468332	5.339
2159	0	3	1	431	26	17.5421723063	34.1881411648	37.3974319683	13.355
2159	0	3	2	1776	111	17.5421723063	33.9654165543	37.1747073578	8.488
2160	0	3	1	430	26	16.9268675246	33.8656459762	36.9623685104	13.118
2160	0	3	2	1776	111	16.9268675246	34.1244395178	37.2211620519	9.716
2161	0	3	1	281	17	23.2552128976	28.2439369422	32.4984123619	16.835
2161	0	3	2	1625	101	23.2552128976	30.5160467755	34.7705221952	10.236
2162	0	3	1	1217	76	22.9302490098	28.3666879629	32.5617121585	8.599
2162	0	3	2	2565	160	22.9302490098	31.2797921987	35.4748163943	4.756
2163	0	3	1	262	16	24.6132372813	27.1276848175	31.6306069569	7.118
2163	0	3	2	1605	100	24.6132372813	29.8858391483	34.3887612877	13.181
2164	0	3	1	1098	68	17.5190613021	31.7937062892	34.9987689998	10.835
2164	0	3	2	2446	152	17.5190613021	32.591099329	35.7961620396	7.055
2165	0	3	1	1230	76	21.6606229504	28.0652288472	32.0279785465	7.874
2165	0	3	2	2581	161	21.6606229504	27.9014953025	31.8642450018	16.74
2166	0	3	1	1224	76	23.8108033494	29.1910733828	33.5471925042	15.181
2166	0	3	2	2575	160	23.8108033494	29.1222046552	33.4783237765	9.26
2167	0	3	1	215	13	23.0283694477	29.7300820183	33.9430570705	8.898
2167	0	3	2	1558	97	23.0283694477	29.6183487268	33.831323779	13.78
2168	0	3	1	432	27	25.049666626	26.6865113161	31.2692769696	14.567
2168	0	3	2	1777	111	25.049666626	29.5743986558	34.1571643093	5.401
2169	0	3	1	415	25	17.4053902079	31.1102781881	34.2945450936	13.37
2169	0	3	2	1766	110	17.4053902079	31.227606928	34.4118738335	5.905
2170	0	3	1	1238	77	20.0716909531	29.1435508645	32.8156099494	5.024
2170	0	3	2	2587	161	20.0716909531	28.3934052797	32.0654643646	17.748
2171	0	3	1	490	30	24.3141089035	29.4627757091	33.9109731578	16.945
2171	0	3	2	1835	114	24.3141089035	30.885612153	35.3338096018	11.244
2172	0	3	1	430	26	16.2505610695	30.3402176985	33.3132118797	9.197
2172	0	3	2	1777	111	16.2505610695	31.4588865724	34.4318807536	7.37
2173	0	3	1	490	30	22.4079352331	27.559876274	31.6593446416	15.086
2173	0	3	2	1834	114	22.4079352331	28.2762019762	32.3756703438	10.189
2174	0	3	1	437	27	17.6610309502	30.6768123731	33.9078480293	6.63
2174	0	3	2	1782	111	17.6610309502	28.9443171089	32.1753527651	8.96
2175	0	3	1	438	27	24.9803240261	24.0899203142	28.6599999352	14.835
2175	0	3	2	1784	111	24.9803240261	23.487598859	28.05767848	10.189
2176	0	3	1	1021	63	24.4490143469	23.3861179828	27.8589960009	14.945
2176	0	3	2	2366	147	24.4490143469	25.4029302446	29.8758082627	14.346
2177	0	3	1	1236	77	18.3300961374	29.0310184797	32.3844577193	11.103
2177	0	3	2	2585	161	18.3300961374	28.8580970359	32.2115362756	11.622
2178	0	3	1	228	14	25.4763073381	33.3500568598	38.0108752247	8.095
2178	0	3	2	1571	98	25.4763073381	33.2610142619	37.9218326269	8
2179	0	3	1	916	57	27.4882458244	32.0222489743	37.0511457943	14.315
2179	0	3	2	2258	141	27.4882458244	29.6331497684	34.6620465884	12
2180	0	3	1	488	30	23.8734105838	28.4625846682	32.830157606	7.874
2180	0	3	2	1832	114	23.8734105838	29.8202877544	34.1878606922	8.063
2181	0	3	1	434	27	18.9983879574	31.9736108338	35.4493121716	7.244
2181	0	3	2	1782	111	18.9983879574	31.2924946414	34.7681959792	8.346
2182	0	3	1	433	27	15.638797036	29.9568457895	32.8179194712	4.378
2182	0	3	2	1781	111	15.638797036	30.5662127238	33.4272864055	8.032
2183	0	3	1	439	27	20.0473006711	31.3502812503	35.0178782021	6.536
2183	0	3	2	1782	111	20.0473006711	32.3366445256	36.0042414774	10.347
2184	0	3	1	458	28	21.3063399784	27.5050586803	31.402993312	4.788
2184	0	3	2	1802	112	21.3063399784	29.0112233536	32.9091579853	9.023
2185	0	3	1	438	27	18.2861240671	29.2809755375	32.6263702113	7.59
2185	0	3	2	1783	111	18.2861240671	30.5889381581	33.9343328319	6.346
2186	0	3	1	299	18	20.5434261747	26.777423035	30.5357847444	11.023
2186	0	3	2	1643	102	20.5434261747	25.6251761604	29.3835378698	7.685
2187	0	3	1	429	26	17.59648013	30.934868461	34.1540947272	7.496
2187	0	3	2	1776	111	17.59648013	32.5739132143	35.7931394805	8.22
2188	0	3	1	444	27	22.0735740653	30.2923196003	34.330617538	5.874
2188	0	3	2	1790	111	22.0735740653	28.0037658203	32.042063758	6.347
2189	0	3	1	472	29	20.848362996	14.1845320519	17.9986810901	4.456
2189	0	3	2	1818	113	20.848362996	28.3357330383	32.1498820766	6.961
2190	0	3	1	554	34	24.1496537178	27.3401922162	31.758303054	14.756
2190	0	3	2	1901	118	24.1496537178	27.4866731088	31.9047839466	12
2191	0	3	1	298	18	23.312821012	29.5049544056	33.7699690669	8.803
2191	0	3	2	1641	102	23.312821012	29.3316032631	33.5966179244	7.622
2192	0	3	1	1251	78	22.6808156556	30.4694912656	34.6188823346	7.055
2192	0	3	2	2599	162	22.6808156556	31.316455286	35.465846355	16.284
2193	0	3	1	212	13	25.2307145683	25.8857095056	30.501597368	14.22
2193	0	3	2	1555	97	25.2307145683	25.1363675511	29.7522554136	13.213
2194	0	3	1	491	30	24.2552577747	29.8489577924	34.2863885936	15.04
2194	0	3	2	1838	114	24.2552577747	30.7344561208	35.171886922	6.346
2195	0	3	1	413	25	19.1747670719	32.4718373835	35.9798067814	8.063
2195	0	3	2	1760	110	19.1747670719	34.2669973885	37.7749667864	9.968
2196	0	3	1	1003	62	23.0738034974	29.6230343909	33.844321474	14.315
2196	0	3	2	2349	146	23.0738034974	29.7079919056	33.9292789887	14.472
2198	0	3	1	1040	65	20.2901711965	27.5516190214	31.2636484489	8.913
2198	0	3	2	2394	149	20.2901711965	28.9150962669	32.6271256944	16.504
2199	0	3	1	795	49	25.8587260109	26.6242775064	31.3550582858	11.338
2199	0	3	2	2134	133	25.8587260109	23.1557842474	27.8865650268	14.536
2200	0	3	1	491	30	26.8639005378	25.5303117552	30.4449863711	13.465
2200	0	3	2	1837	114	26.8639005378	24.1990245063	29.1136991223	6.473
2201	0	3	1	1091	68	18.5422482423	42.1050596486	45.4973115157	6.252
2201	0	3	2	2456	153	18.5422482423	31.6095653827	35.0018172499	11.228
2202	0	3	1	1019	63	22.6365322204	32.9330539947	37.0743435346	15.276
2202	0	3	2	2364	147	22.6365322204	33.6675899395	37.8088794793	8.158
2203	0	3	1	488	30	22.4669849722	29.2479908092	33.3582621595	16
2203	0	3	2	1833	114	22.4669849722	29.3653516633	33.4756230136	7.559
2204	0	3	1	1062	66	25.1904656203	29.6434134858	34.251937917	6.378
2204	0	3	2	2408	150	25.1904656203	29.7592158392	34.3677402705	9.181
2205	0	3	1	431	26	16.8325887487	31.4544390213	34.53391352	8.362
2205	0	3	2	1779	111	16.8325887487	29.3883343205	32.4678088192	11.197
2206	0	3	1	1069	66	26.3138223965	26.0851643831	30.8992037591	4.567
2206	0	3	2	2415	150	26.3138223965	25.0248934411	29.838932817	20.708
2207	0	3	1	1002	62	30.3612747013	29.0455781654	34.6000874918	8.41
2207	0	3	2	2349	146	30.3612747013	28.9450840779	34.4995934044	7.748
2208	0	3	1	1040	65	24.2907353349	28.0860530983	32.5299744189	12.158
2208	0	3	2	2392	149	24.2907353349	30.032181687	34.4761030075	10.787
2209	0	3	1	529	33	18.3350202625	26.8951261419	30.2494662363	14.221
2209	0	3	2	1896	118	18.3350202625	27.9046319737	31.2589720681	27.338
2210	0	3	1	478	29	20.0679331494	28.0905661691	31.7619377744	5.102
2210	0	3	2	1826	114	20.0679331494	26.9592948754	30.6306664808	9.906
2211	0	3	1	470	29	25.5002438066	27.3280494612	31.9932469354	8.095
2211	0	3	2	1818	113	25.5002438066	29.6469663022	34.3121637764	8.189
2212	0	3	1	431	26	18.5722016993	33.3430260047	36.7407577721	12.252
2212	0	3	2	1782	111	18.5722016993	32.0940452564	35.4917770238	7.338
2213	0	3	1	383	23	23.2705989738	31.8320626169	36.0893528757	6.189
2213	0	3	2	1728	108	23.2705989738	34.3394478711	38.5967381299	5.181
2214	0	3	1	1096	68	19.3197542189	28.7649167401	32.2994111264	14.362
2214	0	3	2	2444	152	19.3197542189	29.1918365167	32.726330903	18.157
2215	0	3	1	441	27	21.7992997134	30.5817957881	34.569916009	6.315
2215	0	3	2	1788	111	21.7992997134	28.9063681277	32.8944883486	11.906
2216	0	3	1	577	36	19.7729614597	31.0828232563	34.7002306254	9.559
2216	0	3	2	1925	120	19.7729614597	32.8012978687	36.4187052378	9.559
2217	0	3	1	488	30	23.5527907867	26.4749719493	30.7838884021	17.023
2217	0	3	2	1832	114	23.5527907867	29.1461847873	33.4551012401	14.961
2218	0	3	1	521	32	22.7565734064	31.8417996391	36.0050503743	4.976
2218	0	3	2	1869	116	22.7565734064	32.1198735505	36.2831242857	9.732
2219	0	3	1	430	26	19.452711005	31.0120804903	34.5708989445	9.748
2219	0	3	2	1776	111	19.452711005	31.8274602987	35.3862787529	9.37
2220	0	3	1	1217	76	20.6098162717	31.7604774466	35.5309850364	5.528
2220	0	3	2	2565	160	20.6098162717	35.0279363049	38.7984438947	9.292
2221	0	3	1	344	21	22.2770671674	29.88023958	33.9557660052	4.567
2221	0	3	2	1687	105	22.2770671674	29.2144006998	33.2899271249	4.567
2222	0	3	1	469	29	21.0688508517	32.225536416	36.0800230838	9.968
2222	0	3	2	1814	113	21.0688508517	29.7128707759	33.5673574437	8.472
2223	0	3	1	1224	76	22.5417182475	26.5284536054	30.652397197	14.866
2223	0	3	2	2574	160	22.5417182475	28.0503214615	32.1742650532	16.346
2224	0	3	1	430	26	20.1045267259	34.8236666838	38.5017329805	13.37
2224	0	3	2	1776	111	20.1045267259	34.4049821655	38.0830484622	8.378
2225	0	3	1	264	16	23.3060295765	30.7259122872	34.9896844746	6.74
2225	0	3	2	1608	100	23.3060295765	29.3712619523	33.6350341397	11.559
2226	0	3	1	429	26	16.899175577	30.4277931593	33.5194495299	9.48
2226	0	3	2	1775	110	16.899175577	32.0091808583	35.100837229	12.599
2227	0	3	1	429	26	16.0108770637	31.3712954134	34.3004400837	11.213
2227	0	3	2	1776	111	16.0108770637	30.5008322621	33.4299769324	7.716
2228	0	3	1	431	26	19.0246633362	33.7588258117	37.2393341557	6.945
2228	0	3	2	1776	111	19.0246633362	32.5294155432	36.0099238872	11.874
2229	0	3	1	1211	75	20.8584982154	30.4995289387	34.3155321867	6.567
2229	0	3	2	2561	160	20.8584982154	33.2462419733	37.0622452212	9.134
2230	0	3	1	443	27	20.9754925962	25.1607556154	28.9981626544	9.087
2230	0	3	2	1789	111	20.9754925962	25.9067513438	29.7441583828	8.441
2231	0	3	1	1031	64	30.8300658415	18.1595317876	23.7998051271	12.851
2231	0	3	2	2372	148	30.8300658415	21.5042307752	27.1445041147	6.709
2232	0	3	1	485	30	22.4129344715	26.9406501645	31.0410331286	14.473
2232	0	3	2	1829	114	22.4129344715	26.7115732511	30.8119562152	8.032
2233	0	3	1	1255	78	21.2962042809	28.8803610383	32.7764413729	6.126
2233	0	3	2	2603	162	21.2962042809	30.6349151849	34.5309955194	17.118
2234	0	3	1	1004	62	18.4367905751	14.2614572726	17.6344159578	9.59
2234	0	3	2	2366	147	18.4367905751	26.5213639574	29.8943226426	6.535
2235	0	3	1	1029	64	25.2389345078	25.8082953382	30.4256870154	7.528
2235	0	3	2	2373	148	25.2389345078	37.2261083918	41.843500069	8.284
2236	0	3	1	489	30	23.7390463178	28.0640454015	32.4070367769	15.748
2236	0	3	2	1833	114	23.7390463178	27.2175901333	31.5605815087	9.905
2237	0	3	1	457	28	21.4160494191	27.4667906184	31.384796282	6.504
2237	0	3	2	1802	112	21.4160494191	28.306983131	32.2249887946	7.04
2238	0	3	1	433	27	16.798832731	30.8411170167	33.9144159476	7.969
2238	0	3	2	1780	111	16.798832731	31.6998568188	34.7731557496	14.252
2239	0	3	1	1218	76	19.2563019754	30.3331335236	33.8560195015	10.535
2239	0	3	2	2567	160	19.2563019754	25.2805670957	28.8034530735	9.024
2240	0	3	1	1022	63	23.9755471901	29.091150383	33.477408924	14.126
2240	0	3	2	2368	148	23.9755471901	26.1919963423	30.5782548832	18.96
2241	0	3	1	901	56	25.9442799953	27.4590382572	32.2054708962	13.622
2241	0	3	2	2242	140	25.9442799953	27.3329600544	32.0793926933	5.496
2243	0	3	1	430	26	19.3338769684	31.4671334906	35.004211594	15.212
2243	0	3	2	1777	111	19.3338769684	31.0593541326	34.596432236	8.158
2244	0	3	1	529	33	20.3657776302	26.6889683644	30.414829775	9.307
2244	0	3	2	1879	117	20.3657776302	28.4842460658	32.2101074764	10.803
2246	0	3	1	429	26	15.8316873733	30.1380736784	33.0344361017	11.779
2246	0	3	2	1776	111	15.8316873733	32.601221306	35.4975837293	8.41
2247	0	3	1	428	26	17.2252684863	31.6309631571	34.7822773031	11.103
2247	0	3	2	1775	110	17.2252684863	32.0867951254	35.2381092714	16.788
2248	0	3	1	438	27	19.8975621484	31.9170758238	35.5572785364	11.937
2248	0	3	2	1783	111	19.8975621484	31.221135806	34.8613385186	9.528
2249	0	3	1	1217	76	22.3864116205	27.2651411345	31.3606718181	10.221
2249	0	3	2	2566	160	22.3864116205	28.806339712	32.9018703956	9.307
2250	0	3	1	440	27	22.9062736619	36.8896045408	41.0802425143	13.559
2250	0	3	2	1788	111	22.9062736619	31.9032436971	36.0938816707	6.945
2251	0	3	1	430	26	21.8091789099	30.1894159445	34.1793435365	5.685
2251	0	3	2	1777	111	21.8091789099	28.9428850521	32.932812644	4.85
2252	0	3	1	1100	68	22.0315797141	32.4784235496	36.5090387395	5.874
2252	0	3	2	2447	152	22.0315797141	35.3446121019	39.3752272919	6.221
2253	0	3	1	430	26	16.6179489261	31.0532914826	34.0934982329	13.842
2253	0	3	2	1777	111	16.6179489261	31.6909513392	34.7311580896	10.22
2254	0	3	1	1236	77	19.5217082289	28.0151258472	31.5865671484	5.528
2254	0	3	2	2585	161	19.5217082289	28.502990435	32.0744317362	16.441
2255	0	3	1	1218	76	18.5938374678	32.1831739033	35.5848638733	6.252
2255	0	3	2	2567	160	18.5938374678	34.3290504426	37.7307404127	5.968
2256	0	3	1	430	26	19.049725481	31.8046527516	35.2897461441	7.905
2256	0	3	2	1766	110	19.049725481	27.109024598	30.5941179906	5.685
2257	0	3	1	486	30	23.5746688398	30.4570695422	34.769988523	14.63
2257	0	3	2	1830	114	23.5746688398	29.0706981867	33.3836171674	9.874
2258	0	3	1	935	58	27.2477402206	30.2568041617	35.2417011618	11.906
2258	0	3	2	2280	142	27.2477402206	32.1242184762	37.1091154764	5.748
2260	0	3	1	932	58	27.687586861	28.6509288582	33.7162945571	16.33
2260	0	3	2	2274	142	27.687586861	27.4253778776	32.4907435764	6.504
2261	0	3	1	438	27	16.5545404953	28.9032910711	31.9318974284	7.78
2261	0	3	2	1783	111	16.5545404953	29.9112704901	32.9398768474	15.716
2262	0	3	1	438	27	19.7497179889	30.0781600501	33.6913150919	6.315
2262	0	3	2	1784	111	19.7497179889	29.6494107322	33.262565774	6.158
2263	0	3	1	434	27	16.3121382363	31.7340808009	34.7183403505	8.189
2263	0	3	2	1781	111	16.3121382363	31.927823713	34.9120832626	7.276
2264	0	3	1	491	30	20.9322542304	26.3899550052	30.2194517075	16.504
2264	0	3	2	1835	114	20.9322542304	29.1811676939	33.0106643962	13.275
2265	0	3	1	491	30	18.6947177174	28.444829656	31.8649753823	13.78
2265	0	3	2	1834	114	18.6947177174	24.9572644636	28.37741019	6.409
2266	0	3	1	439	27	16.9796957815	30.5206943379	33.6270816522	13.15
2266	0	3	2	1785	111	16.9796957815	30.0586199688	33.1650072831	13.37
2267	0	3	1	440	27	19.2591635007	32.1186587177	35.6420682036	6.267
2267	0	3	2	1785	111	19.2591635007	29.9781710747	33.5015805605	4.063
2268	0	3	1	430	26	17.6415428336	33.0793651384	36.3068354988	12.583
2268	0	3	2	1776	111	17.6415428336	31.686821891	34.9142922514	10.283
2269	0	3	1	488	30	23.5753848926	28.9240297944	33.237079775	11.103
2269	0	3	2	1833	114	23.5753848926	28.2699863506	32.5830363312	11.622
2270	0	3	1	266	16	27.2196789415	30.6237006895	35.603463958	11.559
2270	0	3	2	1609	100	27.2196789415	30.5261623869	35.5059256554	7.181
2271	0	3	1	444	27	16.8243220985	31.5226217303	34.6005838688	17.654
2271	0	3	2	1790	111	16.8243220985	31.183887373	34.2618495115	6.709
2272	0	3	1	430	26	18.1877066991	31.0781600368	34.4055495315	14.362
2272	0	3	2	1775	110	18.1877066991	31.2894142826	34.6168037772	12.126
2272	1	3	1	429	26	18.1877066991	33.0372124812	36.3646019759	5.811
2272	1	3	2	1777	111	18.1877066991	31.3122353117	34.6396248064	6.409
2273	0	3	1	434	27	18.4007898511	27.65533611	31.0217085647	4.788
2273	0	3	2	1782	111	18.4007898511	30.118199353	33.4845718076	16.582
2274	0	3	1	417	26	18.1140513684	22.9859762617	26.299890722	7.748
2274	0	3	2	1781	111	18.1140513684	28.2158586663	31.5297731266	5.149
2275	0	3	1	306	19	25.3498706564	29.2497678692	33.8874550009	9.843
2275	0	3	2	1650	103	25.3498706564	28.2511969848	32.8888841165	16.126
2276	0	3	1	1089	68	17.8156341689	41.1565512929	44.4158711706	7.874
2276	0	3	2	2452	153	17.8156341689	33.9367673298	37.1960872075	9.086
2277	0	3	1	438	27	16.8551599185	28.5221233444	31.6057271748	7.37
2277	0	3	2	1784	111	16.8551599185	30.9126112505	33.9962150809	7.275
2278	0	3	1	1024	64	26.2375457582	19.7444795685	24.5445643492	7.937
2278	0	3	2	2368	148	26.2375457582	23.0871089169	27.8871936976	14.976
2279	0	3	1	998	62	23.4629869937	26.3181470166	30.6106341195	9.103
2279	0	3	2	2344	146	23.4629869937	25.515435026	29.8079221289	13.622
2280	0	3	1	931	58	23.2241087166	27.2819081343	31.5306931321	5.496
2280	0	3	2	2274	142	23.2241087166	26.088865267	30.3376502647	6.866
2281	0	3	1	470	29	21.6724784542	31.1343765209	35.0992951511	9.04
2281	0	3	2	1816	113	21.6724784542	29.4136032579	33.3785218881	7.811
2282	0	3	1	429	26	21.6558469478	33.604868839	37.5667447822	6.551
2282	0	3	2	1775	110	21.6558469478	33.1510682563	37.1129441994	10.646
2283	0	3	1	430	26	18.1847463801	30.7853685089	34.1122164215	6.221
2283	0	3	2	1777	111	18.1847463801	31.023623635	34.3504715477	14.284
2284	0	3	1	430	26	21.5173540045	31.1775021403	35.1140411913	12.346
2284	0	3	2	1777	111	21.5173540045	31.0646155732	35.0011546241	13.968
2285	0	3	1	1213	75	21.6645667549	31.5057686017	35.469239809	6.221
2285	0	3	2	2562	160	21.6645667549	33.0628633554	37.0263345626	12.063
2286	0	3	1	430	26	21.6255002385	28.926400408	32.8827245066	9.055
2286	0	3	2	1777	111	21.6255002385	28.0227654408	31.9790895393	6.157
2287	0	3	1	432	27	16.4970738176	31.4563108688	34.4744038599	5.086
2287	0	3	2	1779	111	16.4970738176	31.4624934325	34.4805864237	8.788
2288	0	3	1	440	27	19.9099557291	29.0129138441	32.6553839273	4.504
2288	0	3	2	1788	111	19.9099557291	30.9631130066	34.6055830897	13.275
2289	0	3	1	430	26	16.422709915	33.9252137149	36.9297020404	7.591
2289	0	3	2	1777	111	16.422709915	29.6120902961	32.6165786217	6.583
2290	0	3	1	487	30	23.4058507303	27.8869318953	32.1689660804	9.906
2290	0	3	2	1831	114	23.4058507303	28.4254020895	32.7074362746	8.473
2291	0	3	1	1221	76	19.1453845659	29.6697704344	33.1723643859	10.725
2291	0	3	2	2574	160	19.1453845659	31.3220459988	34.8246399503	16.221
2292	0	3	1	893	55	30.5824518139	28.4507067399	34.0456797934	19.464
2292	0	3	2	2235	139	30.5824518139	31.7616056403	37.3565786939	10.284
2293	0	3	1	136	8	22.6242815178	29.9702255796	34.109273888	14
2293	0	3	2	1477	92	22.6242815178	28.6936184901	32.8326667985	10.725
2294	0	3	1	477	29	22.642430036	32.0977939335	36.240162462	8.158
2294	0	3	2	1825	114	22.642430036	28.2003909389	32.3427594674	6.252
2295	0	3	1	433	27	15.5033693724	30.3571143416	33.1934119153	6.189
2295	0	3	2	1781	111	15.5033693724	29.2545364766	32.0908340503	11.874
2296	0	3	1	434	27	21.3260329825	33.3767458184	37.2782832295	5.291
2296	0	3	2	1783	111	21.3260329825	32.7924822135	36.6940196247	10.031
2297	0	3	1	1081	67	25.7933784314	26.8021419655	31.5209675902	8.473
2297	0	3	2	2425	151	25.7933784314	29.8092681146	34.5280937393	8.315
2298	0	3	1	430	26	15.9957039802	30.8977480315	33.8241168291	15.496
2298	0	3	2	1777	111	15.9957039802	29.561636556	32.4880053535	7.937
2299	0	3	1	865	54	30.1975918198	30.2158041335	35.7403681397	11.181
2299	0	3	2	2209	138	30.1975918198	31.742425495	37.2669895013	11.653
2300	0	3	1	1061	66	20.0852082524	29.890962647	33.5654946836	4.661
2300	0	3	2	2410	150	20.0852082524	25.5922780013	29.2668100379	15.417
2301	0	3	1	240	15	24.3707489763	30.4378315207	34.8963911106	6.441
2301	0	3	2	1580	98	24.3707489763	20.1256226438	24.5841822337	20.977
2302	0	3	1	430	26	21.7443955895	27.522570378	31.5006460447	4.283
2302	0	3	2	1776	111	21.7443955895	28.1435566653	32.121632332	10.032
2303	0	3	1	237	14	26.0537847366	28.5205422464	33.2870084679	9.969
2303	0	3	2	1579	98	26.0537847366	29.5612409061	34.3277071277	10.157
2304	0	3	1	438	27	19.0160123819	30.5290102301	34.0079359065	16.661
2304	0	3	2	1783	111	19.0160123819	31.6813647036	35.16029038	4.252
2306	0	3	1	431	26	19.8546466896	29.5089937684	33.1413452192	17.685
2306	0	3	2	1773	110	19.8546466896	30.704322205	34.3366736559	9.906
2307	0	3	1	438	27	18.2396931379	31.2203396725	34.5572399391	6
2307	0	3	2	1783	111	18.2396931379	29.6646969339	33.0015972005	11.559
2308	0	3	1	490	30	21.663596646	24.3433977338	28.3066914623	18.378
2308	0	3	2	1834	114	21.663596646	26.7607386261	30.7240323546	9.717
2309	0	3	1	443	27	22.0030327461	29.1739163136	33.1993089165	6.441
2309	0	3	2	1791	111	22.0030327461	28.6365075375	32.6619001404	7.685
2310	0	3	1	1211	75	20.8615110811	31.1902427188	35.0067971621	10.315
2310	0	3	2	2561	160	20.8615110811	29.8348622079	33.6514166511	14.52
2311	0	3	1	903	56	26.9876966365	26.6988445791	31.6361673411	16.535
2311	0	3	2	2246	140	26.9876966365	28.8722004279	33.8095231899	10.882
2312	0	3	1	1079	67	24.937719206	23.2335199266	27.7958051163	8.992
2312	0	3	2	2427	151	24.937719206	29.7657791246	34.3280643143	9.433
2313	0	3	1	1004	62	25.1449009388	30.9333346179	35.5335231196	8.425
2313	0	3	2	2350	146	25.1449009388	27.262475658	31.8626641597	13.181
2315	0	3	1	489	30	21.9227228889	26.9556966532	30.9663967949	15.354
2315	0	3	2	1833	114	21.9227228889	27.6864570155	31.6971571572	13.275
2316	0	3	1	434	27	21.4205706029	32.5766445932	36.4954773945	13.244
2316	0	3	2	1782	111	21.4205706029	32.6825824456	36.601415247	6.031
2317	0	3	1	492	30	23.6451173661	31.2081189747	35.533926314	12
2317	0	3	2	1837	114	23.6451173661	29.4801773168	33.8059846562	8.945
2318	0	3	1	433	27	15.3369341361	30.0316127511	32.8374614692	6.976
2318	0	3	2	1780	111	15.3369341361	30.6768509727	33.4826996907	6.283
2319	0	3	1	430	26	17.3095629516	32.6755496656	35.8422852456	9.307
2319	0	3	2	1775	110	17.3095629516	31.9715717785	35.1383073585	12.661
2320	0	3	1	439	27	18.2285251346	30.8207245469	34.1555816589	9.086
2320	0	3	2	1784	111	18.2285251346	31.3784550626	34.7133121746	11.37
2320	1	3	1	415	25	18.2285251346	8.10482043847	11.4396775505	9.291
2320	1	3	2	1774	110	18.2285251346	7.98217652115	11.3170336331	10.834
2321	0	3	1	214	13	22.8043735571	31.122881072	35.2948767097	9.213
2321	0	3	2	1556	97	22.8043735571	30.1222519165	34.2942475541	7.622
2322	0	3	1	429	26	21.38193967	28.4469221471	32.3586875285	12.662
2322	0	3	2	1775	110	21.38193967	28.9744417836	32.8862071651	19.26
2323	0	3	1	433	27	16.7285936506	30.0600718014	33.1205206912	14.063
2323	0	3	2	1781	111	16.7285936506	32.5652562372	35.6257051269	8.032
2324	0	3	1	430	26	20.3273829964	25.9581119632	29.6769491842	8.74
2324	0	3	2	1779	111	20.3273829964	23.8175696887	27.5364069096	4.189
2325	0	3	1	444	27	16.7758663597	29.0340465716	32.1031438697	6.992
2325	0	3	2	1790	111	16.7758663597	27.4135644315	30.4826617296	7.465
2326	0	3	1	429	26	18.7331944625	30.3857875121	33.8129724502	15.071
2326	0	3	2	1775	110	18.7331944625	32.7046704991	36.1318554372	11.874
2327	0	3	1	485	30	22.6534365518	30.8273409597	34.9717230991	11.464
2327	0	3	2	1830	114	22.6534365518	29.635631622	33.7800137614	11.055
2328	0	3	1	1218	76	19.9754363049	33.0980526145	36.7525021837	7.654
2328	0	3	2	2566	160	19.9754363049	32.3336770932	35.9881266625	17.37
2329	0	3	1	471	29	24.0654983229	25.0410736013	29.4437884476	8
2329	0	3	2	1817	113	24.0654983229	28.9489186147	33.351633461	11.165
2330	0	3	1	431	26	21.0017333014	30.987823179	34.8300308808	12.897
2330	0	3	2	1777	111	21.0017333014	34.8973872986	38.7395950004	4.157
2331	0	3	1	487	30	24.59365267	29.1097526483	33.6090918385	7.449
2331	0	3	2	1832	114	24.59365267	27.7542295692	32.2535687594	11.779
2332	0	3	1	430	26	17.9582352289	28.4596474038	31.7450557421	10.866
2332	0	3	2	1776	111	17.9582352289	28.864306659	32.1497149973	14.929
2333	0	3	1	438	27	17.2622544899	29.6501374405	32.8082180712	9.212
2333	0	3	2	1784	111	17.2622544899	29.0337715848	32.1918522156	6.708
2334	0	3	1	415	25	26.3328167855	29.6776880477	34.4952023934	7.134
2334	0	3	2	1763	110	26.3328167855	29.456620383	34.2741347286	10.63
2335	0	3	1	130	8	20.2408604423	31.2231027886	34.926110953	5.307
2335	0	3	2	1467	91	20.2408604423	31.301218231	35.0042263955	16.032
2336	0	3	1	457	28	22.7834411119	28.8281205364	32.9962866424	4.441
2336	0	3	2	1802	112	22.7834411119	29.2567533399	33.4249194459	9.055
2337	0	3	1	296	18	21.9886029428	31.2630187409	35.2857714521	13.433
2337	0	3	2	1640	102	21.9886029428	30.3261489708	34.348901682	10.567
2338	0	3	1	526	32	20.0921076436	28.8930337754	32.5688280361	11.622
2338	0	3	2	1874	117	20.0921076436	29.3333914447	33.0091857054	12.063
2339	0	3	1	1217	76	18.1231171129	27.9926352352	31.3082082478	4.41
2339	0	3	2	2566	160	18.1231171129	29.6241287754	32.939701788	8.063
2340	0	3	1	541	33	21.0758803063	31.0052874329	34.8610601195	7.811
2340	0	3	2	1890	118	21.0758803063	27.406426971	31.2621996576	12.929
2341	0	3	1	1251	78	18.5541543934	26.6279500913	30.0223801552	9.087
2341	0	3	2	2600	162	18.5541543934	26.6112019024	30.0056319662	6.756
2342	0	3	1	491	30	23.0086338405	26.9730824136	31.1824468923	12.441
2342	0	3	2	1837	114	23.0086338405	27.757634898	31.9669993767	7.654
2343	0	3	1	794	49	27.5941644971	27.960580772	33.0088551137	15.654
2343	0	3	2	2135	133	27.5941644971	22.7522761029	27.8005504445	15.024
2344	0	3	1	1092	68	18.7699232625	33.2052521006	36.6391564687	9.401
2344	0	3	2	2441	152	18.7699232625	29.2721524165	32.7060567846	10.599
2345	0	3	1	554	34	23.2591201797	27.3458717239	31.6010619698	9.339
2345	0	3	2	1901	118	23.2591201797	28.4909541661	32.746144412	9.37
2346	0	3	1	439	27	17.9294516661	28.2495257465	31.5296682134	5.26
2346	0	3	2	1784	111	17.9294516661	31.0229151066	34.3030575735	11.528
2347	0	3	1	414	25	18.1002319068	33.7000545142	37.011440743	4.504
2347	0	3	2	1762	110	18.1002319068	31.7865986375	35.0979848664	13.276
2348	0	3	1	430	26	21.1945417931	32.0250341033	35.9025155732	8.85
2348	0	3	2	1776	111	21.1945417931	33.6854350071	37.5629164771	11.401
2349	0	3	1	314	19	24.7965464429	26.4776738468	31.0141318788	10.914
2349	0	3	2	1659	103	24.7965464429	27.1396234029	31.6760814349	14.472
2350	0	3	1	430	26	17.1537181628	29.3154997134	32.4537239301	15.654
2350	0	3	2	1776	111	17.1537181628	34.1856097588	37.3238339756	10.063
2351	0	3	1	107	6	24.9276751096	29.153435444	33.7138830946	20.126
2351	0	3	2	1449	90	24.9276751096	29.9567156434	34.5171632941	5.78
2352	0	3	1	879	54	23.106971962	27.9972571056	32.2246122655	13.496
2352	0	3	2	2222	138	23.106971962	27.2480482702	31.47540343	18.472
2353	0	3	1	430	26	15.5716868506	29.0345153919	31.883311455	7.528
2353	0	3	2	1777	111	15.5716868506	32.8694161648	35.7182122279	9.307
2354	0	3	1	562	35	21.9170286851	26.6933327451	30.7029911483	10.41
2354	0	3	2	1910	119	21.9170286851	27.9430819272	31.9527403304	7.811
2355	0	3	1	574	35	22.6800145732	27.0075117316	31.1567562448	5.544
2355	0	3	2	1923	120	22.6800145732	31.3088556498	35.458100163	4.441
2356	0	3	1	375	23	26.090540994	28.2608607962	33.0340514711	13.102
2356	0	3	2	1720	107	26.090540994	24.07463993	28.8478306049	16.772
2357	0	3	1	930	58	27.0866573336	24.8295321207	29.7849594623	14.677
2357	0	3	2	2273	142	27.0866573336	25.5257753316	30.4812026732	9.087
2358	0	3	1	487	30	21.2556951633	28.6474793425	32.5361486486	17.969
2358	0	3	2	1832	114	21.2556951633	30.7238457413	34.6125150473	13.465
2359	0	3	1	489	30	20.4300585729	29.1107271658	32.848348593	10.771
2359	0	3	2	1834	114	20.4300585729	27.2031801029	30.9408015302	14
2360	0	3	1	433	27	25.5271639653	27.8345947173	32.5047171584	7.874
2360	0	3	2	1780	111	25.5271639653	26.7099381375	31.3800605786	17.402
2361	0	3	1	415	25	25.2405112612	31.2023800929	35.8200602326	5.858
2361	0	3	2	1763	110	25.2405112612	31.9316282491	36.5493083888	9.968
2362	0	3	1	490	30	21.5634859929	30.5594637003	34.5044424681	13.622
2362	0	3	2	1834	114	21.5634859929	30.6510194806	34.5959982484	11.811
2363	0	3	1	154	9	23.7251526369	33.2661609331	37.6066104989	11.905
2363	0	3	2	1495	93	23.7251526369	33.1296552218	37.4701047875	17.071
2364	0	3	1	1236	77	20.4437165119	28.9387236323	32.6788437409	5.559
2364	0	3	2	2585	161	20.4437165119	30.0368091016	33.7769292102	13.055
2365	0	3	1	415	25	20.9182566426	31.0623031912	34.8892390744	4.598
2365	0	3	2	1763	110	20.9182566426	32.464749321	36.2916852042	9.937
2366	0	3	1	1059	66	20.5328523919	28.5057142118	32.2621414775	10.929
2366	0	3	2	2404	150	20.5328523919	27.5435758893	31.300003155	21.969
2366	1	3	1	1057	66	20.5328523919	24.9243237383	28.6807510039	4.221
2366	1	3	2	2406	150	20.5328523919	30.7082266996	34.4646539653	11.748
2367	0	3	1	430	26	21.806367274	27.0403553736	31.0297685847	8.614
2367	0	3	2	1776	111	21.806367274	28.9689369137	32.9583501248	11.402
2368	0	3	1	428	26	23.1992755398	29.1620090926	33.4062509309	7.07
2368	0	3	2	1774	110	23.1992755398	30.2900645956	34.534306434	11.527
2369	0	3	1	807	50	27.0004499021	25.4484911313	30.3881470672	9.087
2369	0	3	2	2149	134	27.0004499021	24.7432963855	29.6829523214	13.386
2370	0	3	1	438	27	18.2112854707	31.1473550741	34.4790582383	8.725
2370	0	3	2	1784	111	18.2112854707	30.636544508	33.9682476723	11.842
2371	0	3	1	440	27	17.9724017114	29.923652834	33.2116528902	6.851
2371	0	3	2	1785	111	17.9724017114	32.5807938209	35.8687938771	9.874
2372	0	3	1	432	27	15.6901873945	31.0585483754	33.9290237778	8.126
2372	0	3	2	1779	111	15.6901873945	30.8993170952	33.7697924976	12.252
2373	0	3	1	431	26	19.7939421795	25.3480277091	28.9692734415	5.969
2373	0	3	2	1777	111	19.7939421795	26.3205585436	29.941804276	4.977
2374	0	3	1	490	30	20.2566125299	27.0180701683	30.7239601327	17.433
2374	0	3	2	1834	114	20.2566125299	29.9890596828	33.6949496471	7.181
2375	0	3	1	1060	66	26.0845732287	29.682004201	34.4541030901	4
2375	0	3	2	2408	150	26.0845732287	28.4259426319	33.198041521	17.685
2376	0	3	1	489	30	21.2514966955	27.5687082474	31.4566094556	17.512
2376	0	3	2	1833	114	21.2514966955	26.187404698	30.0753059063	6.441
2377	0	3	1	1236	77	19.2943230244	29.9585648377	33.4884066589	5.433
2377	0	3	2	2585	161	19.2943230244	31.5754543482	35.1052961694	14.772
2378	0	3	1	438	27	16.1330651338	29.4396873769	32.391186009	14.519
2378	0	3	2	1783	111	16.1330651338	31.1108697652	34.0623683972	10.771
2379	0	3	1	1090	68	20.7907934241	34.1951470305	37.9987638784	5.433
2379	0	3	2	2437	152	20.7907934241	33.4958259328	37.2994427807	4.346
2380	0	3	1	376	23	23.0483486303	33.3832814999	37.5999116871	4.22
2380	0	3	2	1723	107	23.0483486303	31.5431214226	35.7597516098	5.527
2381	0	3	1	489	30	23.3260491453	29.9906003794	34.2580350902	14.441
2381	0	3	2	1833	114	23.3260491453	29.8436816798	34.1111163907	10.063
2382	0	3	1	1248	78	19.8089869614	30.7923853946	34.4163835273	5.417
2382	0	3	2	2598	162	19.8089869614	28.9667674046	32.5907655373	18.032
2383	0	3	1	438	27	15.7801326572	29.7206711808	32.6076018146	12
2383	0	3	2	1783	111	15.7801326572	29.3353752281	32.2223058619	11.843
2384	0	3	1	437	27	18.6084017175	30.4135926047	33.817947063	8.599
2384	0	3	2	1782	111	18.6084017175	29.7362891747	33.140643633	7.149
2385	0	3	1	439	27	17.1012126518	32.1746589482	35.3032774301	13.622
2385	0	3	2	1783	111	17.1012126518	31.1268733433	34.2554918253	4.346
2386	0	3	1	492	30	21.4148361361	30.5345110334	34.4522947303	9.716
2386	0	3	2	1838	114	21.4148361361	30.724089837	34.6418735339	7.811
2387	0	3	1	489	30	22.1331673798	28.8049037994	32.8541041654	12.095
2387	0	3	2	1833	114	22.1331673798	29.6342022295	33.6834025955	11.496
2388	0	3	1	902	56	24.0706561788	27.6941311718	32.0977896333	12.977
2388	0	3	2	2244	140	24.0706561788	25.6187046425	30.0223631039	7.086
2389	0	3	1	1107	69	21.2572258683	28.2763419788	32.165291323	5.654
2389	0	3	2	2455	153	21.2572258683	29.7411985745	33.6301479188	13.527
2390	0	3	1	488	30	21.7580424233	32.8135419271	36.7941142434	11.842
2390	0	3	2	1835	114	21.7580424233	31.2144415551	35.1950138715	15.276
2391	0	3	1	490	30	21.1985516997	32.0963636358	35.9745787068	7.165
2391	0	3	2	1840	115	21.1985516997	31.3977034987	35.2759185697	6.252
2392	0	3	1	443	27	17.6930050847	31.5306554257	34.7675406594	18.583
2392	0	3	2	1789	111	17.6930050847	32.4770562324	35.713941466	12.315
2393	0	3	1	920	57	28.3025796435	27.0489086158	32.2267855047	13.37
2393	0	3	2	2274	142	28.3025796435	24.3760712452	29.553948134	6.095
2394	0	3	1	917	57	28.9247310934	29.4390749251	34.7307726619	4.315
2394	0	3	2	2255	140	28.9247310934	27.7641526406	33.0558503774	5.906
2395	0	3	1	1093	68	18.3958127648	36.0085396151	39.3740015259	9.748
2395	0	3	2	2442	152	18.3958127648	33.179838801	36.5453007118	7.086
2396	0	3	1	529	33	17.6302597647	28.2763397338	31.5017458886	14.646
2396	0	3	2	1879	117	17.6302597647	29.5171608965	32.7425670514	10.725
2397	0	3	1	429	26	15.3007941043	31.3275830267	34.1268200281	8.125
2397	0	3	2	1775	110	15.3007941043	31.7360040847	34.5352410861	7.102
2398	0	3	1	433	27	16.5906503956	29.7222582454	32.7574708068	8.032
2398	0	3	2	1781	111	16.5906503956	33.4201044549	36.4553170163	11.591
2399	0	3	1	1029	64	26.5453240127	20.6741253923	25.5305173341	7.874
2399	0	3	2	2372	148	26.5453240127	22.4627744432	27.319166385	13.15
2400	0	3	1	569	35	20.3879250513	28.5283216764	32.2582348951	4.457
2400	0	3	2	1918	119	20.3879250513	27.4136125193	31.143525738	8.346
2401	0	3	1	1067	66	28.9033164435	28.8565925099	34.1443724971	10.819
2401	0	3	2	2414	150	28.9033164435	30.3895442986	35.6773242857	6.362
2402	0	3	1	833	52	28.1956180349	26.6440582766	31.8023668417	8.913
2402	0	3	2	2175	135	28.1956180349	28.3710015045	33.5293100696	10.346
2403	0	3	1	434	27	16.240361616	22.0892590034	25.0603872234	4.504
2403	0	3	2	1782	111	16.240361616	23.7687335201	26.7398617401	11.197
2404	0	3	1	430	26	25.142347523	29.6224268018	34.2221481633	9.779
2404	0	3	2	1775	110	25.142347523	30.0691528732	34.6688742347	8.661
2405	0	3	1	441	27	17.6614872166	31.7890302895	35.0201494183	4.063
2405	0	3	2	1788	111	17.6614872166	31.7697685665	35.0008876954	14.252
2406	0	3	1	438	27	18.729276643	32.562847886	35.98931607	8.252
2406	0	3	2	1782	111	18.729276643	30.8752882761	34.3017564601	12.094
2407	0	3	1	529	33	20.4583155484	28.254495708	31.997286669	13.04
2407	0	3	2	1878	117	20.4583155484	27.3136863595	31.0564773205	6.535
2408	0	3	1	1004	62	25.2413687086	29.3048298768	33.9226668841	5.874
2408	0	3	2	2349	146	25.2413687086	28.8490340803	33.4668710875	13.937
2408	1	3	1	1003	62	25.2413687086	29.7190654351	34.3369024424	11.307
2408	1	3	2	2350	146	25.2413687086	30.265694865	34.8835318723	9.906
2409	0	3	1	530	33	20.9368949245	31.0842304142	34.9145761183	11.401
2409	0	3	2	1879	117	20.9368949245	30.3039049734	34.1342506775	7.496
2410	0	3	1	431	26	16.662115969	29.9415428718	32.9898298577	10.74
2410	0	3	2	1777	111	16.662115969	30.2015796889	33.2498666748	11.559
2411	0	3	1	997	62	22.4146732211	28.1359727237	32.2366737872	9.512
2411	0	3	2	2342	146	22.4146732211	30.8388184148	34.9395194783	7.37
2412	0	3	1	1230	76	18.7413513038	26.4645747727	29.8932519818	16.094
2412	0	3	2	2581	161	18.7413513038	26.8495971497	30.2782743588	16.473
2413	0	3	1	438	27	17.9203252328	35.8050731679	39.0835459796	9.008
2413	0	3	2	1783	111	17.9203252328	34.8514723651	38.1299451768	8.063
2414	0	3	1	1095	68	21.3299491614	32.8680884158	36.7703422808	10.74
2414	0	3	2	2442	152	21.3299491614	33.6972059835	37.5994598485	13.04
2415	0	3	1	1236	77	24.1460210108	29.7380828041	34.1555290484	5.843
2415	0	3	2	2585	161	24.1460210108	28.6317623815	33.0492086258	15.685
2416	0	3	1	216	13	22.3510938077	29.6573252828	33.7463946724	8
2416	0	3	2	1558	97	22.3510938077	29.8696295872	33.9586989768	10
2417	0	3	1	489	30	23.9025075663	29.3845146546	33.757410803	14.094
2417	0	3	2	1834	114	23.9025075663	30.2646832235	34.6375793719	6.126
2418	0	3	1	488	30	21.3724543815	31.4149944885	35.3250245633	17.937
2418	0	3	2	1833	114	21.3724543815	31.902477734	35.8125078088	8.756
2419	0	3	1	433	27	22.5152161834	27.1016370546	31.2207321686	7.244
2419	0	3	2	1781	111	22.5152161834	28.58637444	32.705469554	4.346
2420	0	3	1	440	27	15.1855300995	29.0045830531	31.7827328308	14.897
2420	0	3	2	1787	111	15.1855300995	28.0995189954	30.8776687731	8.74
2421	0	3	1	1250	78	21.7329554613	29.1125252896	33.0885080172	6.897
2421	0	3	2	2598	162	21.7329554613	28.09911686	32.0750995876	21.905
2422	0	3	1	443	27	19.76489008	29.4632293279	33.0791600609	7.622
2422	0	3	2	1790	111	19.76489008	28.2431206587	31.8590513917	8
2423	0	3	1	290	18	21.4015101807	27.9187420189	31.83408777	6
2423	0	3	2	1634	102	21.4015101807	28.5273799284	32.4427256795	6.252
2424	0	3	1	417	26	17.1608863013	27.4330895925	30.5726251999	12.063
2424	0	3	2	1775	110	17.1608863013	32.4952534879	35.6347890953	11.307
2425	0	3	1	1092	68	18.9705728532	40.0784310023	43.5490436454	10
2425	0	3	2	2444	152	18.9705728532	39.7375066515	43.2081192946	8.031
2426	0	3	1	1103	68	21.1021407208	32.9229471796	36.7835241348	8.457
2426	0	3	2	2453	153	21.1021407208	32.0183021154	35.8788790706	6.645
2427	0	3	1	378	23	21.492548261	30.280326695	34.2123276054	5.04
2427	0	3	2	1726	107	21.492548261	32.7141937703	36.6461946806	11.717
2428	0	3	1	234	14	23.6695113199	28.8392960163	33.1695661605	14.897
2428	0	3	2	1577	98	23.6695113199	31.3719090613	35.7021792054	14.409
2429	0	3	1	430	26	19.6225173387	29.8176183489	33.4075023916	11.355
2429	0	3	2	1776	111	19.6225173387	30.5295512898	34.1194353325	5.401
2430	0	3	1	1250	78	17.8548170898	29.5625066966	32.8289949789	15.842
2430	0	3	2	2600	162	17.8548170898	28.7004557766	31.9669440589	15.118
2431	0	3	1	439	27	21.8360544473	32.1925493358	36.1873937313	6.788
2431	0	3	2	1784	111	21.8360544473	28.6168502991	32.6116946946	4.063
2432	0	3	1	1221	76	19.7995819955	33.0470322385	36.6693097593	6.473
2432	0	3	2	2572	160	19.7995819955	32.7988040018	36.4210815226	11.275
2433	0	3	1	141	8	25.1604059392	28.9567500727	33.5597751703	10.725
2433	0	3	2	1481	92	25.1604059392	27.8596386521	32.4626637498	11.464
2434	0	3	1	438	27	19.3098942356	31.1148588748	34.6475494051	14.882
2434	0	3	2	1783	111	19.3098942356	32.5535274006	36.0862179308	10.992
2435	0	3	1	736	46	27.6279377045	29.9845771874	35.0390302418	7.842
2435	0	3	2	2077	129	27.6279377045	29.2052239664	34.2596770208	10.173
2436	0	3	1	429	26	17.3837982702	30.040922963	33.2212396846	14.031
2436	0	3	2	1775	110	17.3837982702	30.6351478037	33.8154645253	11.969
2437	0	3	1	215	13	24.4787805774	30.9272945098	35.4056181756	6.473
2437	0	3	2	1558	97	24.4787805774	30.5722186767	35.0505423424	9.118
2438	0	3	1	333	20	23.3446120769	31.1324897439	35.4033204906	5.591
2438	0	3	2	1675	104	23.3446120769	29.8379236319	34.1087543785	7.102
2439	0	3	1	439	27	18.1063098003	27.73178119	31.0442793523	4.535
2439	0	3	2	1784	111	18.1063098003	31.3841037001	34.6966018624	8.283
2440	0	3	1	430	26	15.8536225174	30.3058411056	33.2062165015	15.654
2440	0	3	2	1776	111	15.8536225174	31.7606835088	34.6610589047	11.559
2441	0	3	1	308	19	27.1167838431	27.1922199181	32.1531588194	15.15
2441	0	3	2	1651	103	27.1167838431	27.389757509	32.3506964103	16.882
2442	0	3	1	487	30	22.0448676553	27.1219800545	31.1550262357	13.716
2442	0	3	2	1832	114	22.0448676553	27.719097446	31.7521436272	14.378
2443	0	3	1	1220	76	22.0658046681	27.1637944068	31.2006709553	9.118
2443	0	3	2	2571	160	22.0658046681	28.3666892612	32.4035658097	14.677
2444	0	3	1	430	26	17.9824587043	31.4454960517	34.7353360063	8.284
2444	0	3	2	1776	111	17.9824587043	31.9605519311	35.2503918857	5.464
2445	0	3	1	429	26	19.3365942784	31.137088185	34.6746634125	4.693
2445	0	3	2	1775	110	19.3365942784	33.1262969455	36.6638721731	12.189
2446	0	3	1	431	26	18.1312512906	30.5033169524	33.8203780898	11.969
2446	0	3	2	1777	111	18.1312512906	31.2395258108	34.5565869482	6.693
2448	0	3	1	105	6	25.7594179845	31.5307855803	36.2433982373	12.519
2448	0	3	2	1448	90	25.7594179845	29.2939988649	34.0066115219	13.15
2450	0	3	1	1021	63	24.6016640104	26.6330713242	31.1338761664	7.716
2450	0	3	2	2366	147	24.6016640104	29.5245425321	34.0253473744	6.599
2451	0	3	1	434	27	16.0401305292	29.2929043879	32.227400897	10.708
2451	0	3	2	1781	111	16.0401305292	29.0913900456	32.0258865546	5.464
2452	0	3	1	429	26	23.3377538829	25.6925109289	29.9620869884	7.906
2452	0	3	2	1775	110	23.3377538829	27.3977087076	31.6672847671	11.622
2453	0	3	1	1097	68	20.8425850298	31.3561619332	35.1692539089	4.252
2453	0	3	2	2444	152	20.8425850298	31.6168430729	35.4299350485	6.535
2454	0	3	1	431	26	17.0642206194	28.4368455887	31.558696483	9.653
2454	0	3	2	1779	111	17.0642206194	30.31418668	33.4360375743	8.645
2455	0	3	1	592	37	20.0327618837	29.6100090492	33.274946171	11.276
2455	0	3	2	1941	121	20.0327618837	27.8667730059	31.5317101277	5.653
2456	0	3	1	241	15	22.971858665	34.1540469642	38.3566835286	4.834
2456	0	3	2	1582	98	22.971858665	29.4963486902	33.6989852545	7.244
2457	0	3	1	486	30	23.826290578	26.0798968334	30.4388492993	5.181
2457	0	3	2	1831	114	23.826290578	28.4851901489	32.8441426148	8.158
2458	0	3	1	430	26	23.572336195	30.7546618325	35.0671540625	13.937
2458	0	3	2	1777	111	23.572336195	29.2635929026	33.5760851325	7.843
2459	0	3	1	446	27	16.3957057217	32.9104183132	35.9099662979	8.882
2459	0	3	2	1792	112	16.3957057217	34.4780162949	37.4775642797	9.213
2460	0	3	1	431	26	18.9788882953	31.1760817923	34.6482157221	10.252
2460	0	3	2	1779	111	18.9788882953	31.0102546652	34.482388595	13.874
2461	0	3	1	489	30	19.1214266622	27.9131801609	31.4113910817	13.811
2461	0	3	2	1833	114	19.1214266622	28.4968510417	31.9950619625	8.599
2461	1	3	1	490	30	19.1214266622	26.3400346153	29.8382455361	13.339
2461	1	3	2	1835	114	19.1214266622	26.4443294925	29.9425404133	13.78
2462	0	3	1	1227	76	18.2876226451	27.6203166662	30.9659855006	10.031
2462	0	3	2	2578	161	18.2876226451	27.5835016939	30.9291705283	6.834
2463	0	3	1	1061	66	22.8874278382	35.0066484913	39.1938386747	9.291
2463	0	3	2	2412	150	22.8874278382	34.4076812248	38.5948714082	11.276
2464	0	3	1	429	26	22.4068809315	30.2643148319	34.363590318	5.717
2464	0	3	2	1776	111	22.4068809315	30.0357641605	34.1350396466	5.276
2465	0	4	1	417	26	17.3182998218	16.6788779415	19.8472119072	8.914
2465	0	4	2	1788	111	17.3182998218	30.3557326788	33.5240666445	12.284
2466	0	4	1	488	30	20.2667358406	29.5133060759	33.2210480713	14.236
2466	0	4	2	1832	114	20.2667358406	30.4349076433	34.1426496386	6.866
2467	0	4	1	434	27	17.2372155324	32.7057056322	35.8592054565	6.74
2467	0	4	2	1775	110	17.2372155324	32.8405438247	35.994043649	7.527
2468	0	4	1	1103	68	18.8643238318	31.9572528298	35.4084275151	12.945
2468	0	4	2	2452	153	18.8643238318	32.7401048971	36.1912795823	10.693
2469	0	4	1	217	13	24.4165484511	31.2128096552	35.6797481295	8.347
2469	0	4	2	1559	97	24.4165484511	35.6096547136	40.0765931879	6.599
2470	0	4	1	478	29	21.0253479867	30.9457964833	34.792324425	13.181
2470	0	4	2	1826	114	21.0253479867	27.9673398939	31.8138678355	4.126
2471	0	4	1	1057	66	22.5069368081	27.9388188257	32.0563992514	6.85
2471	0	4	2	2403	150	22.5069368081	27.8850879776	32.0026684033	20
2472	0	4	1	437	27	16.7340818468	30.3078664676	33.3693194073	11.575
2472	0	4	2	1783	111	16.7340818468	30.131254701	33.1927076407	14.346
2473	0	4	1	429	26	16.5637965895	30.6211957078	33.6514954413	6.536
2473	0	4	2	1776	111	16.5637965895	30.0964031366	33.1267028702	11.166
2474	0	4	1	417	26	17.6186071543	24.0397409175	27.2630152603	29.811
2474	0	4	2	1774	110	17.6186071543	36.0397349674	39.2630093102	13.968
2475	0	4	1	1224	76	19.1920666401	27.8752125007	31.3863468057	11.748
2475	0	4	2	2578	161	19.1920666401	24.9778522678	28.4889865728	11.527
2476	0	4	1	443	27	18.7563283213	28.4710083386	31.9024255506	12.662
2476	0	4	2	1789	111	18.7563283213	28.9898535179	32.42127073	5.37
2477	0	4	1	347	21	23.4789371787	30.0188559637	34.3142611078	6.378
2477	0	4	2	1691	105	23.4789371787	30.9592146112	35.2546197553	10.158
2478	0	4	1	490	30	23.8996446337	29.7534753983	34.1258477813	16.504
2478	0	4	2	1835	114	23.8996446337	29.3015751144	33.6739474974	12.299
2479	0	4	1	438	27	17.2766675692	29.7462368221	32.9069542849	7.04
2479	0	4	2	1784	111	17.2766675692	27.5956283105	30.7563457734	10.032
2480	0	4	1	210	13	23.5024712027	34.2117494056	38.5114600328	5.559
2480	0	4	2	1553	97	23.5024712027	33.39782065	37.6975312772	10.189
2481	0	4	1	430	26	20.9725412698	28.7914257281	32.6282928303	9.968
2481	0	4	2	1776	111	20.9725412698	28.7192928344	32.5561599366	8.031
2482	0	4	1	184	11	24.6684454312	31.0938369025	35.6068592168	10.031
2482	0	4	2	1528	95	24.6684454312	29.0242063196	33.5372286339	12.126
2483	0	4	1	431	26	15.7809271227	28.2971920064	31.1842679854	8.897
2483	0	4	2	1777	111	15.7809271227	30.2821320792	33.1692080582	9.748
2484	0	4	1	440	27	17.2930477066	29.172224748	32.3359389107	4.693
2484	0	4	2	1784	111	17.2930477066	28.3269674969	31.4906816595	5.527
2485	0	4	1	438	27	17.6589498932	29.5565449067	32.7871998394	11.307
2485	0	4	2	1784	111	17.6589498932	29.5895124476	32.8201673803	5.527
2486	0	4	1	431	26	19.2821956763	31.5449791154	35.0726022726	4.031
2486	0	4	2	1779	111	19.2821956763	31.8822851872	35.4099083444	10.378
2487	0	4	1	1099	68	17.8373123186	31.1320790594	34.3953648933	5.811
2487	0	4	2	2447	152	17.8373123186	31.398652838	34.6619386719	7.023
2488	0	4	1	522	32	22.8926174052	30.6414285494	34.8295681495	4.929
2488	0	4	2	1859	116	22.8926174052	32.9631971428	37.1513367429	13.905
2489	0	4	1	916	57	31.2774516901	29.4132995771	35.1354208921	11.449
2489	0	4	2	2264	141	31.2774516901	25.9242112604	31.6463325755	4.819
2490	0	4	1	444	27	14.8840402857	27.0734651819	29.796458251	6.677
2490	0	4	2	1790	111	14.8840402857	26.1014914054	28.8244844745	4.441
2491	0	4	1	1217	76	19.40271155	31.9510130174	35.5006842128	12.347
2491	0	4	2	2566	160	19.40271155	30.7461138701	34.2957850654	11.103
2492	0	4	1	439	27	18.9718851324	29.9056707794	33.3765235003	5.905
2492	0	4	2	1784	111	18.9718851324	29.8542620329	33.3251147538	6.961
2493	0	4	1	571	35	23.2404067338	29.5452438953	33.7970105692	7.055
2493	0	4	2	1921	120	23.2404067338	32.2495951862	36.5013618602	9.843
2494	0	4	1	1097	68	20.18143431	33.8298799106	37.5220162322	9.874
2494	0	4	2	2444	152	20.18143431	34.5022823906	38.1944187122	6.22
2495	0	4	1	262	16	28.1319715102	30.0102132591	35.1568778725	6.519
2495	0	4	2	1606	100	28.1319715102	30.9809551605	36.1276197739	5.811
2496	0	4	1	510	31	18.8474827252	29.7574483498	33.2055420022	10.031
2496	0	4	2	1859	116	18.8474827252	31.3200672045	34.7681608569	10.504
2497	0	4	1	433	27	18.2710398205	32.7855908657	36.1282259192	12.378
2497	0	4	2	1781	111	18.2710398205	31.8156572318	35.1582922853	5.118
2498	0	4	1	429	26	17.9911407918	31.179268486	34.470696804	19.229
2498	0	4	2	1776	111	17.9911407918	31.455927642	34.74735596	11.685
2499	0	4	1	429	26	21.5241518367	30.7662172139	34.703999909	9.575
2499	0	4	2	1775	110	21.5241518367	29.7643203548	33.70210305	14.095
2500	0	4	1	440	27	18.1690242817	30.6417123984	33.9656839977	7.086
2500	0	4	2	1787	111	18.1690242817	29.6161518708	32.9401234701	4.866
2501	0	4	1	1062	66	21.5366151829	28.0426833541	31.9827461832	6.693
2501	0	4	2	2408	150	21.5366151829	26.2794252598	30.2194880889	18.095
2502	0	4	1	430	26	17.7433554442	32.3718994681	35.6179961576	12.221
2502	0	4	2	1776	111	17.7433554442	35.4082839745	38.654380664	7.622
2503	0	4	1	431	26	22.0854869073	30.8682078719	34.9086852304	10.347
2503	0	4	2	1781	111	22.0854869073	30.6127048205	34.6531821789	14.756
2504	0	4	1	1220	76	19.0992924927	28.0509035398	31.5450650769	5.339
2504	0	4	2	2569	160	19.0992924927	30.4560236124	33.9501851495	14.283
2505	0	4	1	585	36	21.9451660585	36.8640124971	40.8788185532	7.307
2505	0	4	2	1933	120	21.9451660585	31.5117546234	35.5265606795	4.347
2506	0	4	1	438	27	18.5226237015	31.5823987317	34.9710603447	7.748
2506	0	4	2	1781	111	18.5226237015	29.5424780251	32.9311396381	4.929
2507	0	4	1	429	26	21.0494732374	31.5188913109	35.3698328989	10.536
2507	0	4	2	1775	110	21.0494732374	30.8344632008	34.6854047889	9.307
2508	0	4	1	1030	64	24.054189521	38.0035575602	42.4042034932	5.055
2508	0	4	2	2375	148	24.054189521	38.395042473	42.795688406	6.992
2509	0	4	1	432	27	17.3134264597	34.4415510481	37.6089934459	6.504
2509	0	4	2	1779	111	17.3134264597	34.3973956775	37.5648380754	10.677
2510	0	4	1	1254	78	19.6942383936	28.7655905521	32.3685957589	10.315
2510	0	4	2	2602	162	19.6942383936	27.6061765704	31.2091817772	22.346
2512	0	4	1	582	36	18.3322745359	32.798278793	36.1521165645	10.095
2512	0	4	2	1931	120	18.3322745359	31.1706412261	34.5244789976	7.496
2513	0	4	1	429	26	21.3010310262	30.4599165287	34.3568799027	5.465
2513	0	4	2	1775	110	21.3010310262	31.0441915632	34.9411549371	12.095
2514	0	4	1	429	26	20.0231254686	27.204783451	30.8679576178	11.905
2514	0	4	2	1776	111	20.0231254686	27.7100360329	31.3732101998	5.842
2515	0	4	1	440	27	15.4815233608	31.2236798411	34.0559807488	4.094
2515	0	4	2	1785	111	15.4815233608	29.4865060868	32.3188069945	7.433
2516	0	4	1	440	27	18.3107000818	28.6632982199	32.013189006	5.701
2516	0	4	2	1787	111	18.3107000818	28.9357736253	32.2856644114	9.622
2517	0	4	1	471	29	25.897967855	24.1099452525	28.8479052164	7.118
2517	0	4	2	1817	113	25.897967855	28.9301310248	33.6680909886	6.094
2518	0	4	1	310	19	26.3796054605	29.2160434451	34.0421176465	8.803
2518	0	4	2	1655	103	26.3796054605	29.326547646	34.1526218474	11.244
2520	0	4	1	820	51	27.9755730209	26.5878107517	31.7058627039	14.662
2520	0	4	2	2161	135	27.9755730209	26.3189146433	31.4369665955	14.897
2520	1	4	1	821	51	27.9755730209	26.1719339354	31.2899858876	11.496
2520	1	4	2	2164	135	27.9755730209	29.1384522901	34.2565042423	16.347
2521	0	4	1	432	27	16.0398877118	32.1911589227	35.125611009	10.157
2521	0	4	2	1775	110	16.0398877118	30.3581943173	33.2926464036	10.157
2522	0	4	1	489	30	24.0574333062	28.7330127699	33.1342521442	13.811
2522	0	4	2	1834	114	24.0574333062	30.7887106245	35.1899499988	10.756
2523	0	4	1	437	27	19.9641138459	30.2576728636	33.910051021	13.355
2523	0	4	2	1783	111	19.9641138459	32.1090631986	35.761441356	11.244
2524	0	4	1	309	19	26.4350140432	28.4215916241	33.257802669	9.59
2524	0	4	2	1653	103	26.4350140432	27.1657486308	32.0019596756	11.969
2525	0	4	1	735	45	20.730009758	22.2728424853	26.0653391334	10.315
2525	0	4	2	2076	129	20.730009758	30.2425930166	34.0350896648	7.386
2526	0	4	1	433	27	16.5500759483	32.6875127094	35.7153022904	9.496
2526	0	4	2	1780	111	16.5500759483	32.8114254726	35.8392150537	9.181
2527	0	4	1	431	26	20.9599909977	29.4028405862	33.2374116516	11.842
2527	0	4	2	1777	111	20.9599909977	29.0661222561	32.9006933215	6.409
2528	0	4	1	434	27	18.5524310681	32.1202657498	35.5143805361	11.528
2528	0	4	2	1781	111	18.5524310681	30.3886313594	33.7827461458	13.685
2529	0	4	1	430	26	21.6353761008	33.6736464572	37.6317773169	17.685
2529	0	4	2	1776	111	21.6353761008	33.86887679	37.8270076496	10.22
2530	0	4	1	438	27	18.6075738554	31.2714703466	34.6756733499	16.992
2530	0	4	2	1783	111	18.6075738554	32.6202559011	36.0244589044	7.654
2531	0	4	1	438	27	25.3166146822	28.3244201167	32.956023162	9.685
2531	0	4	2	1783	111	25.3166146822	28.5404172647	33.17202031	13.37
2532	0	4	1	567	35	26.2847772476	27.3479879226	32.1567135707	11.102
2532	0	4	2	1913	119	26.2847772476	23.5091651807	28.3178908288	8.173
2533	0	4	1	1254	78	22.7214910065	29.1333986104	33.2902311199	6.535
2533	0	4	2	2601	162	22.7214910065	30.6231603438	34.7799928533	18
2534	0	4	1	434	27	17.2801593102	32.686889771	35.848246038	4
2534	0	4	2	1782	111	17.2801593102	32.3350671005	35.4964233675	10.866
2535	0	4	1	433	27	15.976805697	32.3082407164	35.2311521266	12.851
2535	0	4	2	1781	111	15.976805697	32.4949627159	35.417874126	7.717
2536	0	4	1	430	26	17.9147028048	30.9919900831	34.2694342875	10
2536	0	4	2	1776	111	17.9147028048	29.050386215	32.3278304195	18.063
2537	0	4	1	1229	76	21.314289767	27.5446775128	31.4440665359	16.158
2537	0	4	2	2580	161	21.314289767	27.8496810101	31.7490700332	18.441
2538	0	4	1	415	25	18.3588873432	34.9914253602	38.3501318696	7.685
2538	0	4	2	1763	110	18.3588873432	33.8974067986	37.2561133079	14.677
2539	0	4	1	310	19	23.6675167657	27.8801470596	32.2100523057	17.937
2539	0	4	2	1653	103	23.6675167657	30.1932046084	34.5231098545	20.063
2540	0	4	1	1099	68	27.8762564525	27.4837870696	32.5836693366	10.536
2540	0	4	2	2447	152	27.8762564525	28.1642270124	33.2641092793	10.252
2541	0	4	1	440	27	28.9375995531	25.4708884536	30.7649404387	14.536
2541	0	4	2	1787	111	28.9375995531	28.1120876072	33.4061395923	6.929
2542	0	4	1	444	27	15.9809456845	29.756938365	32.6806071742	8.599
2542	0	4	2	1788	111	15.9809456845	28.8798037517	31.8034725608	14.803
2543	0	4	1	493	30	21.2272187859	26.998123667	30.8815833004	7.544
2543	0	4	2	1838	114	21.2272187859	26.5973166904	30.4807763238	8.378
2544	0	4	1	430	26	17.8978485603	29.2207323392	32.4950931073	12.803
2544	0	4	2	1777	111	17.8978485603	33.1620096724	36.4363704405	6.661
2545	0	4	1	437	27	20.3412837972	29.9541380934	33.6755184266	4.788
2545	0	4	2	1781	111	20.3412837972	31.4514074752	35.1727878084	12.157
2546	0	4	1	438	27	21.5941287889	28.2342612392	32.1848460197	6.031
2546	0	4	2	1783	111	21.5941287889	31.1165361247	35.0671209053	11.307
2547	0	4	1	1003	62	22.8058857944	28.3752127964	32.5474850935	7.811
2547	0	4	2	2349	146	22.8058857944	27.36332201	31.5355943071	8.835
2548	0	4	1	438	27	16.525260912	30.081833531	33.1050832714	9.307
2548	0	4	2	1783	111	16.525260912	29.0012443635	32.0244941039	11.149
2548	1	4	1	440	27	16.525260912	32.1929860821	35.2162358225	5.386
2548	1	4	2	1787	111	16.525260912	27.86906798	30.8923177204	16.252
2549	0	4	1	490	30	23.2614255756	27.7060880953	31.9617001069	15.244
2549	0	4	2	1834	114	23.2614255756	27.8483194653	32.1039314768	10.504
2550	0	4	1	430	26	21.6319164831	35.1247007292	39.0821986615	12.598
2550	0	4	2	1775	110	21.6319164831	33.7851386972	37.7426366295	10.787
2551	0	4	1	259	16	25.5141627693	26.8735780058	31.5413219149	7.465
2551	0	4	2	1602	100	25.5141627693	28.1559092095	32.8236531185	9.244
2552	0	4	1	433	27	18.0897144958	30.9902092358	34.299671334	8.063
2552	0	4	2	1780	111	18.0897144958	29.4747647235	32.7842268218	9.905
2553	0	4	1	309	19	29.2508051345	29.4462199014	34.7975719616	10.441
2553	0	4	2	1651	103	29.2508051345	28.6256701999	33.9770222602	6.677
2554	0	4	1	1024	64	24.8218817576	27.0286717656	31.5697648217	4.315
2554	0	4	2	2372	148	24.8218817576	30.4311631525	34.9722562086	7.212
2555	0	4	1	1218	76	19.9246233013	29.1023211181	32.7474745921	8.031
2555	0	4	2	2569	160	19.9246233013	28.3134444109	31.9585978849	4.252
2556	0	4	1	428	26	18.2249614595	31.6012350434	34.9354401911	11.401
2556	0	4	2	1774	110	18.2249614595	32.0409032393	35.3751083871	14.315
2557	0	4	1	1248	78	20.9984077145	25.4282199234	29.2698192185	4.929
2557	0	4	2	2597	162	20.9984077145	26.0965698681	29.9381691632	8.929
2558	0	4	1	282	17	25.2071137777	31.3824979215	35.9940680861	7.087
2558	0	4	2	1626	101	25.2071137777	28.7286185543	33.3401887188	7.433
2559	0	4	1	440	27	18.0574206247	28.231176219	31.5347302449	5.779
2559	0	4	2	1785	111	18.0574206247	28.3296219247	31.6331759507	5.244
2560	0	4	1	488	30	20.0976554917	31.4006013897	35.0774106135	15.275
2560	0	4	2	1837	114	20.0976554917	29.3285524711	33.0053616949	9.496
2561	0	4	1	489	30	27.3998198534	27.5450041993	32.5577237382	7.78
2561	0	4	2	1833	114	27.3998198534	26.8238403435	31.8365598823	11.937
2562	0	4	1	437	27	20.32619277	26.4268889227	30.1455083952	10.378
2562	0	4	2	1783	111	20.32619277	31.3937236335	35.112343106	15.134
2563	0	4	1	431	26	24.984558839	31.3176155095	35.8884698775	10.551
2563	0	4	2	1777	111	24.984558839	28.8089260286	33.3797803967	9.685
2564	0	4	1	1224	76	19.4328216191	29.0726359584	32.6278157057	8.441
2564	0	4	2	2575	160	19.4328216191	29.9663612938	33.5215410412	13.685
2565	0	4	1	548	34	21.5263037721	29.9562857402	33.8944621259	6.126
2565	0	4	2	1894	118	21.5263037721	30.1575436671	34.0957200528	9.559
2566	0	4	1	1060	66	25.6124794812	30.4621832756	35.147913949	10.221
2566	0	4	2	2407	150	25.6124794812	28.3680586603	33.0537893337	15.717
2567	0	4	1	1030	64	29.3807287212	25.8386875502	31.2138087632	11.275
2567	0	4	2	2374	148	29.3807287212	33.9434251343	39.3185463472	10.661
2568	0	4	1	488	30	22.6915813795	29.6188190488	33.7701796766	14.661
2568	0	4	2	1832	114	22.6915813795	30.2240012452	34.375361873	9.685
2569	0	4	1	336	21	26.5215145797	28.9459346972	33.7979707706	5.149
2569	0	4	2	1680	105	26.5215145797	31.5499723845	36.4020084579	8.708
2570	0	4	1	431	26	28.8670583329	22.8388954463	28.1200421147	14.772
2570	0	4	2	1777	111	28.8670583329	24.3038678505	29.5850145189	9.37
2571	0	4	1	430	26	18.3881521005	31.6313056358	34.9953660497	6.63
2571	0	4	2	1779	111	18.3881521005	30.7011584929	34.0652189068	7.874
2572	0	4	1	440	27	19.4041916371	29.6099213102	33.1598632834	8.787
2572	0	4	2	1787	111	19.4041916371	30.2822041761	33.8321461493	7.401
2573	0	4	1	985	61	22.2499605772	22.3684222192	26.4389895703	9.197
2573	0	4	2	2330	145	22.2499605772	31.6401669934	35.7107343445	9.134
2574	0	4	1	1103	68	25.8642213559	32.4762015437	37.207987681	11.78
2574	0	4	2	2452	153	25.8642213559	32.3360928184	37.0678789557	9.685
2576	0	4	1	438	27	18.2044279226	29.3161833109	32.6466319061	12.488
2576	0	4	2	1773	110	18.2044279226	31.0099428941	34.3403914893	16.221
2577	0	4	1	1021	63	26.9918903675	21.7159491865	26.6540391797	18.063
2577	0	4	2	2366	147	26.9918903675	25.5209801705	30.4590701638	11.213
2578	0	4	1	431	26	18.3456800675	28.4603492899	31.8166395655	17.811
2578	0	4	2	1779	111	18.3456800675	30.893052943	34.2493432186	10.378
2579	0	4	1	471	29	22.6985518847	33.3856690893	37.5383049513	5.748
2579	0	4	2	1817	113	22.6985518847	30.0704838465	34.2231197085	9.055
2580	0	4	1	429	26	15.5409547924	30.4455436148	33.2887173348	5.102
2580	0	4	2	1776	111	15.5409547924	31.376391095	34.2195648149	5.905
2582	0	4	1	443	27	18.6917994324	31.5852309847	35.0048428191	14.63
2582	0	4	2	1790	111	18.6917994324	30.0446069953	33.4642188296	10.378
2583	0	4	1	1093	68	20.0640382072	33.3629717615	37.0336307982	4.866
2583	0	4	2	2441	152	20.0640382072	33.2250950909	36.8957541276	9.433
2584	0	4	1	489	30	22.4433442467	30.7027062229	34.8086525694	12.63
2584	0	4	2	1834	114	22.4433442467	28.9974681541	33.1034145005	12.252
2585	0	4	1	998	62	22.4749211756	27.9681049039	32.0798281602	5.843
2585	0	4	2	2343	146	22.4749211756	29.8649191142	33.9766423705	10.536
2586	0	4	1	917	57	25.3389577034	29.5939033068	34.2295939447	14.252
2586	0	4	2	2258	141	25.3389577034	32.0340901925	36.6697808303	5.197
2587	0	4	1	1217	76	22.7377095921	27.9114467032	32.071246357	11.968
2587	0	4	2	2566	160	22.7377095921	32.7748683914	36.9346680451	11.433
2589	0	4	1	1019	63	21.3621762201	33.0336195283	36.9417692425	6.535
2589	0	4	2	2363	147	21.3621762201	31.4289770019	35.3371267161	7.905
2590	0	4	1	439	27	18.6374092869	30.4301449765	33.8398062876	5.15
2590	0	4	2	1784	111	18.6374092869	29.2223425728	32.6320038838	7.874
2591	0	4	1	434	27	25.132629158	25.8944510793	30.4923944934	9.355
2591	0	4	2	1781	111	25.132629158	27.7587436303	32.3566870444	9.842
2592	0	4	1	429	26	18.7038278327	31.4032221113	34.8250345075	9.874
2592	0	4	2	1772	110	18.7038278327	31.0817765213	34.5035889174	11.968
2593	0	4	1	470	29	21.9809459663	34.148310213	38.169662102	9.055
2593	0	4	2	1816	113	21.9809459663	32.4552290897	36.4765809787	6.756
2594	0	4	1	438	27	16.7320670941	31.996726733	35.0578110794	5.496
2594	0	4	2	1783	111	16.7320670941	32.2535610827	35.3146454291	8.74
2595	0	4	1	440	27	19.7900271912	30.8609904738	34.4815199702	10.33
2595	0	4	2	1787	111	19.7900271912	29.5900917598	33.2106212561	17.244
2596	0	4	1	432	27	23.7195519186	31.271657509	35.6110824392	6.63
2596	0	4	2	1779	111	23.7195519186	27.9484768741	32.2879018043	4.221
2597	0	4	1	431	26	15.2873583073	29.518149645	32.3149286054	14.96
2597	0	4	2	1775	110	15.2873583073	30.5906040017	33.387382962	16.158
2597	1	4	1	438	27	15.2873583073	27.0240065679	29.8207855283	4.74
2597	1	4	2	1774	110	15.2873583073	30.6318587162	33.4286376765	5.622
2598	0	4	1	439	27	18.1837193313	30.1567868389	33.4834468559	10.126
2598	0	4	2	1785	111	18.1837193313	31.8943865692	35.2210465862	11.811
2599	0	4	1	562	35	28.9953338549	30.1739886117	35.478602924	11.307
2599	0	4	2	1913	119	28.9953338549	31.2590875046	36.5637018169	5.559
2600	0	4	1	430	26	16.9350504489	28.6151244353	31.7133440123	14.882
2600	0	4	2	1776	111	16.9350504489	29.2108134422	32.3090330192	18.031
2601	0	4	1	431	26	17.8257513811	32.6211589452	35.8823297383	10.284
2601	0	4	2	1779	111	17.8257513811	31.3512851217	34.6124559147	8.96
2602	0	4	1	433	27	19.2477082625	31.7779586346	35.299272417	8.756
2602	0	4	2	1781	111	19.2477082625	33.5247833648	37.0460971471	8.945
2603	0	4	1	432	27	17.3405179509	32.2058755628	35.3782742724	10.599
2603	0	4	2	1776	111	17.3405179509	31.8447293889	35.0171280985	12.283
2603	1	4	1	431	26	17.3405179509	30.3101298379	33.4825285475	15.622
2603	1	4	2	1777	111	17.3405179509	31.5218910138	34.6942897234	9.055
2604	0	4	1	440	27	18.8274566712	29.6427299239	33.0871598663	6.252
2604	0	4	2	1785	111	18.8274566712	28.2483464198	31.6927763623	4.284
2605	0	4	1	439	27	19.2901298606	33.5011778013	37.030252495	7.811
2605	0	4	2	1785	111	19.2901298606	32.1013391954	35.6304138892	5.622
2606	0	4	1	440	27	19.382651903	31.0311672161	34.5771685559	8.567
2606	0	4	2	1787	111	19.382651903	30.1529174964	33.6989188361	15.748
2607	0	4	1	377	23	18.2615898352	29.0964196196	32.4373258251	10.567
2607	0	4	2	1724	107	18.2615898352	29.7680584566	33.1089646621	10.189
2608	0	4	1	438	27	19.7787231507	31.7953935995	35.4138550537	9.008
2608	0	4	2	1783	111	19.7787231507	33.1198214106	36.7382828647	9.496
2609	0	4	1	521	32	17.2052184209	30.1243242358	33.2719702791	10.519
2609	0	4	2	1867	116	17.2052184209	28.1995856211	31.3472316644	4.094
2610	0	4	1	486	30	18.2960310368	27.0764961618	30.4237032877	6.536
2610	0	4	2	1832	114	18.2960310368	28.1390474547	31.4862545805	8.031
2611	0	4	1	443	27	19.7327045651	29.3370082539	32.9470507379	8.031
2611	0	4	2	1790	111	19.7327045651	29.2520777001	32.8621201842	9.118
2612	0	4	1	964	60	24.1393912856	30.2901215858	34.7063549406	6.725
2612	0	4	2	2309	144	24.1393912856	29.8519891904	34.2682225452	12.819
2613	0	4	1	429	26	17.3997899983	29.8953375896	33.0785799526	11.024
2613	0	4	2	1776	111	17.3997899983	32.1539115929	35.3371539559	9.149
2615	0	4	1	433	27	19.96443456	31.2618364624	34.9142732935	12.032
2615	0	4	2	1775	110	19.96443456	33.064325134	36.7167619652	7.937
2616	0	4	1	434	27	16.7890393394	31.248114445	34.3196217025	7.212
2616	0	4	2	1781	111	16.7890393394	36.4917761383	39.5632833958	5.528
2617	0	4	1	1098	68	20.0049408571	35.9157918413	39.575639185	5.181
2617	0	4	2	2444	152	20.0049408571	34.9637882696	38.6236356133	9.716
2618	0	4	1	440	27	15.2636419839	28.4341809964	31.2266211224	5.37
2618	0	4	2	1788	111	15.2636419839	30.2535743587	33.0460144848	11.685
2619	0	4	1	567	35	30.0690430322	31.2048824855	36.7059288546	14.661
2619	0	4	2	1915	119	30.0690430322	32.8531926505	38.3542390197	4.535
2621	0	4	1	489	30	24.010390099	28.1906782539	32.5833112065	13.055
2621	0	4	2	1834	114	24.010390099	29.3368481541	33.7294811067	9.496
2622	0	4	1	414	25	15.8219024323	31.3736887447	34.2682610407	10.473
2622	0	4	2	1762	110	15.8219024323	31.8116824603	34.7062547564	13.023
2623	0	4	1	443	27	17.5632558391	28.7737550408	31.9869030169	6.095
2623	0	4	2	1789	111	17.5632558391	31.4132928342	34.6264408103	7.843
2624	0	4	1	485	30	21.2166283596	26.3788294282	30.260351573	14.441
2624	0	4	2	1829	114	21.2166283596	27.7301682665	31.6116904113	10.692
2625	0	4	1	478	29	23.3282495268	32.5910573301	36.8588945945	5.559
2625	0	4	2	1826	114	23.3282495268	28.9432992692	33.2111365336	6.283
2627	0	4	1	413	25	26.1233195152	26.306818963	31.0860063756	4.331
2627	0	4	2	1760	110	26.1233195152	29.6401354517	34.4193228643	6.315
2628	0	4	1	486	30	22.03680632	30.489776638	34.5213480207	10.882
2628	0	4	2	1831	114	22.03680632	31.759683735	35.7912551177	10.189
2629	0	4	1	415	25	18.7206948104	29.382277926	32.807176088	4.268
2629	0	4	2	1763	110	18.7206948104	32.8283480199	36.2532461819	15.464
2630	0	4	1	567	35	19.8338984098	35.5785027409	39.2070583526	4.519
2630	0	4	2	1936	121	19.8338984098	26.9200432229	30.5485988346	15.748
2631	0	4	1	582	36	24.6322805305	28.3490006462	32.8554066942	10.063
2631	0	4	2	1930	120	24.6322805305	26.9581510363	31.4645570843	10.252
2632	0	4	1	438	27	15.7896674309	31.1445382406	34.0332132343	7.402
2632	0	4	2	1783	111	15.7896674309	31.292277698	34.1809526916	9.717
2633	0	4	1	438	27	18.5880725156	30.197249208	33.5978844963	6.032
2633	0	4	2	1783	111	18.5880725156	29.1811788639	32.5818141523	11.653
2634	0	4	1	1107	69	21.0184921393	35.4952147295	39.3404884133	7.779
2634	0	4	2	2455	153	21.0184921393	33.8564329877	37.7017066715	4.189
2635	0	4	1	487	30	24.8898863022	30.0638802618	34.617414557	12.662
2635	0	4	2	1832	114	24.8898863022	29.2669839561	33.8205182514	11.181
2636	0	4	1	214	13	22.7782793108	29.7032493478	33.8704711168	6.221
2636	0	4	2	1556	97	22.7782793108	28.197371767	32.364593536	4.347
2637	0	4	1	429	26	23.9340829934	28.3022332293	32.6809060128	7.008
2637	0	4	2	1776	111	23.9340829934	31.7626215722	36.1412943557	10.126
2638	0	4	1	434	27	18.2865470758	31.9682282788	35.3137003408	4.787
2638	0	4	2	1783	111	18.2865470758	31.5852145761	34.9306866381	11.055
2639	0	4	1	430	26	15.718435657	28.9171503736	31.7927937157	10.693
2639	0	4	2	1776	111	15.718435657	28.7444433163	31.6200866584	10.567
2640	0	4	1	433	27	25.04037578	25.1377984443	29.7188643638	10.756
2640	0	4	2	1780	111	25.04037578	26.7042904805	31.2853564	13.212
2640	1	4	1	432	27	25.04037578	23.3222368894	27.9033028089	4.63
2640	1	4	2	1779	111	25.04037578	28.639091877	33.2201577965	13.906
2641	0	4	1	478	29	21.8628293141	27.8685853301	31.8683281117	10.063
2641	0	4	2	1826	114	21.8628293141	28.2293415623	32.2290843439	10.157
2642	0	4	1	457	28	22.3821340474	31.4264403992	35.5211885129	8.473
2642	0	4	2	1801	112	22.3821340474	31.6575527563	35.7523008699	7.937
2643	0	4	1	1057	66	24.0674655125	26.0456344137	30.4487091518	4.126
2643	0	4	2	2403	150	24.0674655125	25.3682236379	29.7712983759	19.559
2644	0	4	1	439	27	21.2350097419	29.844030078	33.7289150448	8.158
2644	0	4	2	1784	111	21.2350097419	29.2259074494	33.1107924162	11.843
2645	0	4	1	415	25	18.271510519	26.7454084879	30.0881296544	5.685
2645	0	4	2	1766	110	18.271510519	27.7350759213	31.0777970878	13.433
2646	0	4	1	1236	77	18.2821310699	30.3858885725	33.7305527387	8.315
2646	0	4	2	2585	161	18.2821310699	28.159897305	31.5045614712	12.835
2647	0	4	1	383	23	22.5880311698	29.8287310907	33.9611475005	6.614
2647	0	4	2	1728	108	22.5880311698	32.5654181554	36.6978345652	4.031
2648	0	4	1	433	27	18.3915993481	30.0926818586	33.4573729367	13.118
2648	0	4	2	1782	111	18.3915993481	30.340479547	33.7051706251	17.37
2649	0	4	1	429	26	25.3599259254	30.5935604097	35.2330871245	10.851
2649	0	4	2	1775	110	25.3599259254	29.7216840685	34.3612107832	14.599
2651	0	4	1	432	27	21.5938250955	33.6217613502	37.5722905709	7.465
2651	0	4	2	1779	111	21.5938250955	33.3615075924	37.3120368131	13.653
2652	0	4	1	1091	68	21.7230343176	33.4256987594	37.3998664418	8.441
2652	0	4	2	2438	152	21.7230343176	32.5679404676	36.5421081501	10.567
2653	0	4	1	1254	78	25.6408815692	26.8464333587	31.5373601137	5.874
2653	0	4	2	2602	162	25.6408815692	27.5301379794	32.2210647344	12.284
2654	0	4	1	439	27	17.4548863155	32.3882588806	35.5815809589	7.906
2654	0	4	2	1784	111	17.4548863155	32.48976142	35.6830834984	7.685
2655	0	4	1	439	27	18.7673825161	29.8426433601	33.2760829058	4.347
2655	0	4	2	1784	111	18.7673825161	31.7507716795	35.1842112253	4.787
2656	0	4	1	439	27	22.7469413526	33.7611978298	37.922686408	5.78
2656	0	4	2	1785	111	22.7469413526	32.6382503979	36.7997389761	11.811
2657	0	4	1	438	27	17.536125946	31.5698441379	34.7780287769	10.236
2657	0	4	2	1783	111	17.536125946	32.8473669936	36.0555516326	10
2658	0	4	1	478	29	21.7528695563	30.5889361496	34.5685621046	14.929
2658	0	4	2	1826	114	21.7528695563	31.1289898788	35.1086158337	7.496
2659	0	4	1	376	23	29.1438370803	29.6520189858	34.9838015431	9.464
2659	0	4	2	1720	107	29.1438370803	26.3476883054	31.6794708627	5.496
2660	0	4	1	430	26	21.1092102645	25.657893559	29.5197638672	11.213
2660	0	4	2	1777	111	21.1092102645	29.1392470944	33.0011174026	4.693
2661	0	4	1	443	27	16.3051727067	31.4715556515	34.4545408772	8.095
2661	0	4	2	1788	111	16.3051727067	29.2338032793	32.216788505	13.748
2662	0	4	1	429	26	23.8609395066	32.2598266825	36.625118072	6.441
2662	0	4	2	1775	110	23.8609395066	31.6122401565	35.9775315459	13.244
2663	0	4	1	565	35	27.0587975297	25.3054015108	30.2557319802	10.725
2663	0	4	2	1913	119	27.0587975297	26.7698529051	31.7201833744	11.496
2664	0	4	1	439	27	23.5108729859	29.5494790151	33.8507267249	4.819
2664	0	4	2	1785	111	23.5108729859	30.5491620909	34.8504098006	11.622
2665	0	4	1	432	27	18.7241819301	30.1124069869	33.5379431076	11.527
2665	0	4	2	1775	110	18.7241819301	30.3744490881	33.7999852088	19.118
2666	0	4	1	1103	68	19.9645838768	30.2785499723	33.9310141206	10.992
2666	0	4	2	2452	153	19.9645838768	31.7733674773	35.4258316255	7.779
2667	0	4	1	346	21	22.992322774	26.1751303139	30.3815107291	14.189
2667	0	4	2	1690	105	22.992322774	26.3427115677	30.5490919829	15.244
2668	0	4	1	488	30	21.1478459133	29.857001978	33.7259405688	13.559
2668	0	4	2	1831	114	21.1478459133	26.9536904051	30.822628996	9.937
2669	0	4	1	452	28	20.2116043653	30.8558992507	34.5535550986	13.622
2669	0	4	2	1797	112	20.2116043653	28.3653546881	32.063010536	10.819
2670	0	4	1	1248	78	21.7509595417	28.860512075	32.8397885982	9.165
2670	0	4	2	2598	162	21.7509595417	28.7402161104	32.7194926336	13.04
2671	0	4	1	807	50	26.4187227638	24.9133516361	29.7465822375	8.851
2671	0	4	2	2149	134	26.4187227638	25.6293060831	30.4625366846	11.811
2672	0	4	1	486	30	20.6329562933	29.7440008501	33.5187418413	10.22
2672	0	4	2	1831	114	20.6329562933	29.5325769434	33.3073179346	12.315
2673	0	4	1	434	27	16.1407579976	30.8789051127	33.8318111325	11.622
2673	0	4	2	1782	111	16.1407579976	29.9729210279	32.9258270477	15.496
2674	0	4	1	1064	66	23.2102757776	27.400527046	31.6467813467	10.158
2674	0	4	2	2412	150	23.2102757776	28.2720116663	32.518265967	13.937
2675	0	4	1	1090	68	20.6508303747	31.6333169491	35.411327953	4.095
2675	0	4	2	2438	152	20.6508303747	32.6064123187	36.3844233226	5.716
2676	0	4	1	429	26	19.2588501624	32.1635254572	35.6868776186	6.126
2676	0	4	2	1775	110	19.2588501624	32.2477826741	35.7711348355	11.874
2677	0	4	1	1262	78	20.3494730103	29.8937346106	33.6166131371	7.969
2677	0	4	2	2613	163	20.3494730103	28.9568327709	32.6797112974	11.874
2678	0	4	1	1030	64	26.1707510971	27.703288306	32.4911531924	14.504
2678	0	4	2	2374	148	26.1707510971	32.0762334714	36.8640983578	11.811
2679	0	4	1	489	30	24.6062073688	27.2292659314	31.7309019682	14.63
2679	0	4	2	1832	114	24.6062073688	25.4750641726	29.9767002094	4.094
2680	0	4	1	439	27	21.5654842012	28.7236596884	32.6690040227	4
2680	0	4	2	1783	111	21.5654842012	29.2517642501	33.1971085844	4.724
2681	0	4	1	432	27	16.3852312035	29.3439194522	32.3415511535	8.551
2681	0	4	2	1779	111	16.3852312035	29.5401671528	32.5377988541	8.063
2682	0	4	1	433	27	18.9951930506	30.6406180422	34.1157348808	7.543
2682	0	4	2	1777	111	18.9951930506	29.7155734041	33.1906902427	12.945
2682	1	4	1	431	26	18.9951930506	26.9975724286	30.4726892672	6.992
2682	1	4	2	1781	111	18.9951930506	30.8745775975	34.3496944362	12.252
2683	0	4	1	471	29	24.0552916053	30.9193995877	35.3202471439	8.41
2683	0	4	2	1817	113	24.0552916053	31.5076661842	35.9085137404	12.724
2684	0	4	1	265	16	25.3169620284	32.0291244259	36.6607910172	8.41
2684	0	4	2	1609	100	25.3169620284	29.4979412042	34.1296077955	7.023
2685	0	4	1	415	25	24.9672394643	25.0853929274	29.6530787648	12.992
2685	0	4	2	1760	110	24.9672394643	24.3369184849	28.9046043224	21.559
2686	0	4	1	810	50	21.2026824883	31.668629878	35.5476006651	4.614
2686	0	4	2	2153	134	21.2026824883	29.9280262561	33.8069970433	15.748
2687	0	4	1	1237	77	21.003050744	28.805431772	32.6478804962	8.095
2687	0	4	2	2586	161	21.003050744	29.7155418006	33.5579905248	11.811
2688	0	4	1	1104	69	20.2151547707	32.960428644	36.6587340285	4
2688	0	4	2	2453	153	20.2151547707	32.3429489272	36.0412543118	10.472
2689	0	4	1	444	27	28.3405385565	21.4333421921	26.6181635567	9.607
2689	0	4	2	1791	111	28.3405385565	20.867267882	26.0520892466	8.961
2690	0	4	1	431	26	18.3240301637	31.3972908242	34.7496203112	7.654
2690	0	4	2	1777	111	18.3240301637	31.135601799	34.487931286	6.031
2691	0	4	1	1029	64	26.7632174641	18.8423896128	23.7386445452	7.969
2691	0	4	2	2375	148	26.7632174641	32.3129192037	37.2091741361	6.961
2692	0	4	1	430	26	15.7885784198	29.8563772494	32.7448530115	12.788
2692	0	4	2	1776	111	15.7885784198	30.6758267871	33.5643025492	6.771
2693	0	4	1	584	36	22.2349855158	26.1562391824	30.2240668885	14.677
2693	0	4	2	1933	120	22.2349855158	26.5207799631	30.5886076692	7.197
2694	0	4	1	429	26	19.0697313314	30.9783663818	34.4671197881	6.41
2694	0	4	2	1777	111	19.0697313314	30.2384519433	33.7272053496	13.622
2695	0	4	1	771	48	27.6413929256	23.1388853041	28.1957999531	6.22
2695	0	4	2	2113	132	27.6413929256	21.5910069303	26.6479215794	7.15
2696	0	4	1	1227	76	22.7782850904	31.1322042371	35.2994270635	7.055
2696	0	4	2	2579	161	22.7782850904	29.3722720738	33.5394949003	18.41
2697	0	4	1	440	27	19.1051176256	29.8811974439	33.3764246726	8.22
2697	0	4	2	1787	111	19.1051176256	29.381335992	32.8765632207	9.937
2698	0	4	1	919	57	25.9470500053	28.7559268903	33.5028662947	18.315
2698	0	4	2	2262	141	25.9470500053	29.1574437449	33.9043831493	7.78
2699	0	4	1	976	61	23.9081328998	24.8166511735	29.1905764608	9.937
2699	0	4	2	2319	144	23.9081328998	26.8939581536	31.2678834409	11.906
2700	0	4	1	1097	68	19.0501532849	33.9805637949	37.465735453	10.41
2700	0	4	2	2445	152	19.0501532849	34.0826925313	37.5678641894	9.48
2701	0	4	1	431	26	17.496543383	29.5631182855	32.7640614065	7.465
2701	0	4	2	1779	111	17.496543383	29.4742290386	32.6751721597	6.063
2702	0	4	1	1040	65	22.0825373084	25.2799626136	29.3199003513	12.567
2702	0	4	2	2394	149	22.0825373084	25.7779661386	29.8179038763	21.008
2703	0	4	1	489	30	18.8421610176	28.3838252022	31.8309452632	13.307
2703	0	4	2	1834	114	18.8421610176	29.5786084852	33.0257285463	8.803
2705	0	4	1	438	27	19.5810211019	30.3801727779	33.9624652014	11.071
2705	0	4	2	1783	111	19.5810211019	30.517076868	34.0993692916	7.937
2706	0	4	1	821	51	25.969621941	23.6506369556	28.4017058318	7.275
2706	0	4	2	2164	135	25.969621941	29.7546181088	34.505686985	11.78
2707	0	4	1	434	27	24.7937537782	29.4711058457	34.0070529676	12.252
2707	0	4	2	1775	110	24.7937537782	26.9915879578	31.5275350797	5.26
2708	0	4	1	456	28	20.1067582985	31.575233684	35.2537082405	9.055
2708	0	4	2	1801	112	20.1067582985	31.7258458802	35.4043204367	10.094
2709	0	4	1	477	29	22.6293542933	29.4249252259	33.5649015843	7.685
2709	0	4	2	1826	114	22.6293542933	27.954104941	32.0940812994	7.685
2710	0	4	1	429	26	16.2620580436	28.0272031578	31.0023006779	17.118
2710	0	4	2	1774	110	16.2620580436	29.8271487612	32.8022462813	5.15
2711	0	4	1	429	26	21.1346900069	32.7233828118	36.5899145668	8.22
2711	0	4	2	1775	110	21.1346900069	32.5867595656	36.4532913206	12.126
2712	0	4	1	431	26	19.5692037054	30.3911034899	33.9712339542	10
2712	0	4	2	1779	111	19.5692037054	32.0829314012	35.6630618655	9.591
2713	0	4	1	1217	76	18.8353177579	25.9968958405	29.4427639465	13.355
2713	0	4	2	2568	160	18.8353177579	23.4759704035	26.9218385096	9.197
2714	0	4	1	438	27	22.6690932849	24.9646487369	29.1118952314	11.496
2714	0	4	2	1763	110	22.6690932849	28.2647992994	32.4120457939	8.409
2715	0	4	1	490	30	21.9034431333	29.4707646455	33.4779376105	10.96
2715	0	4	2	1833	114	21.9034431333	29.5289121141	33.536085079	10.583
2715	1	4	1	486	30	21.9034431333	-2.06143069117	1.94574227379	17.874
2715	1	4	2	1830	114	21.9034431333	-1.28458010189	2.72259286306	9.779
2716	0	4	1	485	30	22.7037220922	31.663818014	35.8173997509	11.355
2716	0	4	2	1830	114	22.7037220922	31.7254674735	35.8790492103	10.441
2717	0	4	1	429	26	22.1119985459	28.8816960236	32.9270236114	5.779
2717	0	4	2	1775	110	22.1119985459	30.0366020083	34.0819295961	9.307
2718	0	4	1	1021	63	21.1174412301	25.6742785137	29.5376546537	7.339
2718	0	4	2	2363	147	21.1174412301	31.635025173	35.4984013131	9.229
2719	0	4	1	431	26	23.2884496013	27.6563820081	31.9169379888	12.504
2719	0	4	2	1779	111	23.2884496013	26.9496629874	31.210218968	5.086
2720	0	4	1	489	30	23.1975321688	31.076318442	35.3202413355	5.338
2720	0	4	2	1833	114	23.1975321688	31.1649897952	35.4089126888	9.591
2721	0	4	1	487	30	22.0099490943	30.0354032724	34.0620612017	11.528
2721	0	4	2	1831	114	22.0099490943	29.9241036297	33.9507615589	10.126
2722	0	4	1	557	34	27.4110964146	28.3351666698	33.3499492236	8.409
2722	0	4	2	1907	119	27.4110964146	29.5737014953	34.5884840491	6.96
2723	0	4	1	430	26	20.4145357547	30.6186325639	34.3534141355	8.158
2723	0	4	2	1775	110	20.4145357547	33.3532882276	37.0880697992	13.968
2724	0	4	1	438	27	17.3928981907	29.3840310142	32.5660125404	9.59
2724	0	4	2	1783	111	17.3928981907	29.9072744002	33.0892559265	6.882
2725	0	4	1	415	25	16.8463262039	32.262837769	35.3448254963	7.181
2725	0	4	2	1764	110	16.8463262039	34.918823549	38.0008112763	4.693
2726	0	4	1	993	62	21.9860064844	26.710524139	30.7328018356	13.37
2726	0	4	2	2340	146	21.9860064844	29.8961627828	33.9184404793	9.968
2727	0	4	1	487	30	20.5421423505	28.4826193896	32.2407462269	12.157
2727	0	4	2	1826	114	20.5421423505	26.6526812819	30.4108081192	8.221
2728	0	4	1	1224	76	20.6827305189	30.0760362484	33.8598832935	12.756
2728	0	4	2	2575	160	20.6827305189	30.7328539537	34.5167009988	12.725
2729	0	4	1	1213	75	21.5287571429	32.3163714748	36.2549966976	10.693
2729	0	4	2	2562	160	21.5287571429	33.5333703712	37.471995594	16.929
2730	0	4	1	431	26	19.9198044082	31.3335157208	34.9777875919	8.315
2730	0	4	2	1779	111	19.9198044082	31.5099566889	35.15422856	5.559
2731	0	4	1	166	10	23.2353040695	27.6881204596	31.9389536155	5.37
2731	0	4	2	1508	94	23.2353040695	27.0461974427	31.2970305986	16.52
2732	0	4	1	439	27	18.4357169449	30.9433401023	34.3161023699	13.906
2732	0	4	2	1784	111	18.4357169449	29.3724778339	32.7452401015	6.031
2733	0	4	1	430	26	22.5957964028	28.3609607593	32.4947977965	10.126
2733	0	4	2	1776	111	22.5957964028	28.5933465212	32.7271835584	12.992
2734	0	4	1	433	27	20.1414649508	31.3035772851	34.9884013255	9.622
2734	0	4	2	1781	111	20.1414649508	32.2546691674	35.9394932078	12.567
2735	0	4	1	1100	68	18.5050127259	33.6484470476	37.0338867823	7.307
2735	0	4	2	2447	152	18.5050127259	32.5692119933	35.9546517281	9.543
2736	0	4	1	1224	76	20.6506132594	32.1481663587	35.926137642	9.937
2736	0	4	2	2573	160	20.6506132594	30.8165029746	34.5944742579	6.976
2737	0	4	1	440	27	18.2605522626	30.1394146909	33.4801310754	6.41
2737	0	4	2	1785	111	18.2605522626	29.9842511932	33.3249675777	9.811
2738	0	4	1	455	28	22.2356739846	30.298965018	34.3669186774	15.969
2738	0	4	2	1800	112	22.2356739846	28.1589817995	32.2269354589	8.473
2739	0	4	1	1092	68	27.3018396243	27.166045169	32.160839502	15.15
2739	0	4	2	2440	152	27.3018396243	27.9258648987	32.9206592318	12.708
2740	0	4	1	439	27	17.8733234596	31.2260726309	34.4959466011	4.283
2740	0	4	2	1784	111	17.8733234596	31.1155113076	34.3853852779	5.937
2741	0	4	1	934	58	27.3948836532	28.5389586426	33.5507751175	12.756
2741	0	4	2	2277	142	27.3948836532	32.3219233683	37.3337398432	7.559
2742	0	4	1	379	23	19.6194816392	34.9485520916	38.5378807617	9.811
2742	0	4	2	1724	107	19.6194816392	33.3206078786	36.9099365486	12.41
2743	0	4	1	1218	76	22.2865887176	27.3509451853	31.4282135511	7.465
2743	0	4	2	2567	160	22.2865887176	28.0648245584	32.1420929243	14.992
2744	0	4	1	429	26	15.5096869555	30.7412718143	33.5787251719	7.653
2744	0	4	2	1775	110	15.5096869555	34.1489362037	36.9863895614	9.165
2745	0	4	1	440	27	21.6398842495	29.7516867346	33.7106423472	7.307
2745	0	4	2	1788	111	21.6398842495	32.3618856687	36.3208412814	13.071
2746	0	4	1	439	27	16.7542963749	30.249867047	33.3150181774	6.063
2746	0	4	2	1784	111	16.7542963749	30.0604418893	33.1255930198	6.441
2747	0	4	1	1012	63	25.4189385629	25.385597876	30.0359207858	12.063
2747	0	4	2	2353	147	25.4189385629	28.4014235629	33.0517464728	10
2748	0	4	1	457	28	26.027832879	29.30374227	34.0654606726	4.662
2748	0	4	2	1802	112	26.027832879	28.4851903062	33.2469087088	11.937
2749	0	4	1	457	28	23.4969648829	31.3453856763	35.6440889379	6.157
2749	0	4	2	1802	112	23.4969648829	31.6596736383	35.9583768999	10.96
2750	0	4	1	432	27	16.6243461851	34.3049501298	37.3463272406	9.685
2750	0	4	2	1781	111	16.6243461851	34.3172826312	37.358659742	7.307
2751	0	4	1	438	27	20.2263461164	31.6080154396	35.3083682492	10.755
2751	0	4	2	1783	111	20.2263461164	32.9416908404	36.64204365	8.126
2752	0	4	1	490	30	23.9593593155	26.890281292	31.2735783071	18
2752	0	4	2	1833	114	23.9593593155	26.6642130082	31.0475100233	12.095
2753	0	4	1	430	26	18.4067235248	30.7579678062	34.1254258096	10.788
2753	0	4	2	1775	110	18.4067235248	32.704279325	36.0717373284	7.591
2754	0	4	1	432	27	17.0136774381	29.9729320234	33.0855361857	10.032
2754	0	4	2	1780	111	17.0136774381	31.2864816538	34.399085816	5.591
2755	0	4	1	1010	63	27.3580749214	23.6319387427	28.6370211642	6.346
2755	0	4	2	2356	147	27.3580749214	29.903802415	34.9088848366	7.023
2756	0	4	1	431	26	21.4395047443	30.5806020144	34.5028987634	8.788
2756	0	4	2	1777	111	21.4395047443	28.2890754837	32.2113722327	10.095
2757	0	4	1	440	27	22.5460101783	28.9013000049	33.0260287932	4.41
2757	0	4	2	1787	111	22.5460101783	30.4572410584	34.5819698467	8.126
2758	0	4	1	310	19	27.2303391705	25.7857668822	30.7674804095	12.189
2758	0	4	2	1655	103	27.2303391705	26.0867101504	31.0684236776	11.323
2758	1	4	1	309	19	27.2303391705	25.7792122553	30.7609257826	13.622
2758	1	4	2	1650	103	27.2303391705	25.9908817985	30.9725953257	13.149
2759	0	4	1	545	34	17.4878446285	32.9273840208	36.1267357293	14.189
2759	0	4	2	1891	118	17.4878446285	27.2695220799	30.4688737884	10.756
2760	0	4	1	430	26	20.7047662384	33.8126041723	37.6004825899	9.496
2760	0	4	2	1777	111	20.7047662384	34.710157657	38.4980360746	7.355
2761	0	4	1	442	27	17.6794628486	30.5061858707	33.7405935906	4.866
2761	0	4	2	1789	111	17.6794628486	30.9274177463	34.1618254661	17.496
2762	0	4	1	437	27	21.2685228645	31.7904867831	35.6815028808	12.662
2762	0	4	2	1771	110	21.2685228645	29.9078361574	33.7988522551	13.464
2763	0	4	1	1089	68	25.5715593088	31.5164226423	36.194667086	4.866
2763	0	4	2	2436	152	25.5715593088	30.0501413245	34.7283857681	8.756
2764	0	4	1	439	27	19.7871433924	27.5878832865	31.2078852001	6.756
2764	0	4	2	1784	111	19.7871433924	27.903338143	31.5233400566	6.221
2765	0	4	1	997	62	21.1196872934	24.7486453613	28.6124324123	14.567
2765	0	4	2	2345	146	21.1196872934	24.306355892	28.170142943	8
2766	0	4	1	489	30	22.3089152522	27.3923790576	31.4737319998	10.898
2766	0	4	2	1831	114	22.3089152522	29.2083434896	33.2896964318	9.685
2767	0	4	1	431	26	22.944159525	29.7865947101	33.9841637952	9.338
2767	0	4	2	1779	111	22.944159525	32.0252029943	36.2227720793	5.811
2768	0	4	1	431	26	18.5532694889	30.4403246164	33.8345927895	10.74
2768	0	4	2	1777	111	18.5532694889	31.9113892928	35.3056574658	12.378
2769	0	4	1	492	30	21.1692964939	29.3512585542	33.2241214681	5.559
2769	0	4	2	1838	114	21.1692964939	28.6276506338	32.5005135477	8.725
2770	0	4	1	562	35	21.4939149184	31.8155725361	35.7478234725	7.811
2770	0	4	2	1912	119	21.4939149184	37.0601492459	40.9924001823	5.937
2771	0	4	1	430	26	23.0955542507	29.5885588713	33.8138251932	5.842
2771	0	4	2	1776	111	23.0955542507	31.1111266362	35.3363929581	9.78
2772	0	4	1	413	25	20.7992158365	31.1399511713	34.9451088758	5.087
2772	0	4	2	1760	110	20.7992158365	31.1673505115	34.9725082159	15.496
2773	0	4	1	434	27	17.6368254917	30.7736203031	34.0002276391	11.559
2773	0	4	2	1781	111	17.6368254917	31.0803666581	34.3069739941	5.134
2774	0	4	1	439	27	21.3475040516	27.6998227874	31.6052882699	9.622
2774	0	4	2	1783	111	21.3475040516	29.3668868832	33.2723523657	12.74
2775	0	4	1	433	27	21.9755423061	32.9721217087	36.9924850134	8.315
2775	0	4	2	1781	111	21.9755423061	30.8593537067	34.8797170114	6.031
2776	0	4	1	439	27	18.6358088189	31.1212770605	34.5306455705	8.126
2776	0	4	2	1784	111	18.6358088189	33.6625620384	37.0719305484	10.504
2777	0	4	1	432	27	16.3263046903	29.664987883	32.6518391453	4.032
2777	0	4	2	1777	111	16.3263046903	30.5869299514	33.5737812138	5.465
2777	1	4	1	430	26	16.3263046903	30.3469469632	33.3337982255	14.708
2777	1	4	2	1779	111	16.3263046903	29.3800005074	32.3668517697	12.897
2778	0	4	1	380	23	25.3487521486	31.4148675107	36.0523500145	10.094
2778	0	4	2	1726	107	25.3487521486	29.7267606778	34.3642431817	15.559
2779	0	4	1	432	27	18.2667523548	29.8527560606	33.1946067344	11.181
2779	0	4	2	1775	110	18.2667523548	31.2563712551	34.5982219289	12.126
2780	0	4	1	452	28	24.3670115659	28.3621599787	32.82003582	14.378
2780	0	4	2	1798	112	24.3670115659	28.0380829024	32.4959587436	6.536
2781	0	4	1	429	26	16.5538686051	28.2728715336	31.3013549705	16.441
2781	0	4	2	1775	110	16.5538686051	29.1323668468	32.1608502837	11.874
2782	0	4	1	1101	68	22.7434957931	34.2383964493	38.3992546722	5.212
2782	0	4	2	2450	153	22.7434957931	33.1067366209	37.2675948438	8.126
2783	0	4	1	430	26	20.5308247067	32.9233849064	36.6794412128	10.536
2783	0	4	2	1776	111	20.5308247067	30.6374984352	34.3935547416	8.22
2784	0	4	1	1217	76	20.6462713375	32.4259096997	36.2030866407	10.536
2784	0	4	2	2566	160	20.6462713375	29.988596658	33.765773599	13.103
2785	0	4	1	452	28	22.4629598161	32.4149405134	36.5244754728	15.748
2785	0	4	2	1798	112	22.4629598161	30.6657049566	34.775239916	6.771
2786	0	4	1	506	31	21.5879222289	31.4802662093	35.4297155173	14.063
2786	0	4	2	1857	116	21.5879222289	31.7484272616	35.6978765696	17.339
2787	0	4	1	490	30	21.6357862357	31.5694952425	35.5277011351	11.874
2787	0	4	2	1835	114	21.6357862357	29.0301712379	32.9883771305	11.906
2788	0	4	1	439	27	15.9783722112	29.8798704502	32.8030684496	8.473
2788	0	4	2	1784	111	15.9783722112	31.0860409349	34.0092389343	5.055
2789	0	4	1	478	29	22.3089200194	28.265577096	32.3469309103	10.756
2789	0	4	2	1826	114	22.3089200194	28.9556965705	33.0370503849	4.441
2790	0	4	1	477	29	22.6674536577	31.3908964034	35.5378429327	11.527
2790	0	4	2	1825	114	22.6674536577	31.0668863017	35.213832831	6.725
2791	0	4	1	519	32	21.8685401578	29.148884622	33.1496721863	11.244
2791	0	4	2	1866	116	21.8685401578	28.7695767881	32.7703643524	8.063
2792	0	4	1	964	60	25.8490483494	32.366554569	37.0955648476	5.275
2792	0	4	2	2309	144	25.8490483494	29.5543367238	34.2833470025	9.228
2793	0	4	1	437	27	20.8344110109	28.9962312519	32.807827814	7.591
2793	0	4	2	1783	111	20.8344110109	28.4849289515	32.2965255136	15.307
2794	0	4	1	1077	67	25.6958571838	31.0101021011	35.7110864894	7.228
2794	0	4	2	2423	151	25.6958571838	29.2782989834	33.9792833717	6.126
2795	0	4	1	1061	66	26.7323263381	33.583078636	38.4736821243	6.63
2795	0	4	2	2407	150	26.7323263381	28.2892622786	33.1798657669	18.472
2796	0	4	1	437	27	18.9154922712	31.9943406399	35.4548764464	6.756
2796	0	4	2	1783	111	18.9154922712	31.5002381475	34.960773954	13.937
2797	0	4	1	1218	76	20.5800877204	26.9216666645	30.6867354999	7.37
2797	0	4	2	2567	160	20.5800877204	26.036024036	29.8010928714	10.284
2798	0	4	1	155	9	25.0598379587	29.0897950282	33.6744214983	5.748
2798	0	4	2	1495	93	25.0598379587	27.1484151525	31.7330416225	17.622
2798	1	4	1	154	9	25.0598379587	29.8465080373	34.4311345074	5.244
2798	1	4	2	1496	93	25.0598379587	35.3168307516	39.9014572217	4.992
2799	0	4	1	1224	76	21.5134448516	31.6409152128	35.5767390953	6
2799	0	4	2	2572	160	21.5134448516	31.6608177327	35.5966416152	10.551
2800	0	4	1	433	27	19.6912497202	32.8165738708	36.4190323083	9.103
2800	0	4	2	1781	111	19.6912497202	30.4184501235	34.020908561	14.472
2801	0	4	1	430	26	16.3291768113	31.9236741742	34.911050883	11.464
2801	0	4	2	1776	111	16.3291768113	33.0970292471	36.0844059559	5.244
2802	0	4	1	215	13	22.6470404883	27.9696476524	32.1128596501	8.094
2802	0	4	2	1558	97	22.6470404883	28.22504277	32.3682547677	8.834
2803	0	4	1	1222	76	22.6021308711	33.4197722153	37.5547681256	6.441
2803	0	4	2	2572	160	22.6021308711	28.7175003504	32.8524962607	13.338
2804	0	4	1	430	26	18.679824419	32.1034764344	35.5208974739	14.535
2804	0	4	2	1777	111	18.679824419	31.669506496	35.0869275356	9.465
2805	0	4	1	448	28	20.740421916	33.4127917346	37.2071932576	10.126
2805	0	4	2	1795	112	20.740421916	29.6208327416	33.4152342646	12.945
2806	0	4	1	413	25	26.7400988928	19.2856992016	24.1777246568	21.874
2806	0	4	2	1760	110	26.7400988928	31.7747288704	36.6667543256	12.866
2807	0	4	1	428	26	15.832600684	30.3211385644	33.2176680753	8.189
2807	0	4	2	1775	110	15.832600684	29.5126254289	32.4091549398	14.662
2808	0	4	1	958	59	29.810068888	24.4914394285	29.9451072106	13.008
2808	0	4	2	2301	143	29.810068888	26.3308141137	31.7844818957	5.842
2809	0	4	1	1218	76	22.0430179642	30.234192264	34.2669000495	10.094
2809	0	4	2	2567	160	22.0430179642	32.9729773209	37.0056851064	6.41
2810	0	4	1	549	34	22.185244268	28.5788803885	32.6376080739	10.709
2810	0	4	2	1897	118	22.185244268	28.1331563396	32.191884025	10.788
2811	0	4	1	992	62	18.6971559138	27.3848639573	30.8054557448	4.834
2811	0	4	2	2340	146	18.6971559138	31.823926822	35.2445186094	11.528
2812	0	4	1	1241	77	23.4768646983	31.7687710259	36.0637970156	5.433
2812	0	4	2	2590	161	23.4768646983	28.1709402516	32.4659662413	10.315
2813	0	4	1	429	26	18.306515384	31.6342402383	34.9833654458	5.748
2813	0	4	2	1775	110	18.306515384	33.727307924	37.0764331315	9.937
2814	0	4	1	1233	77	19.3174744603	28.8292686592	32.3633459702	5.528
2814	0	4	2	2582	161	19.3174744603	26.697169575	30.231246886	16.709
2815	0	4	1	438	27	16.6004048002	27.8252752038	30.862272306	9.811
2815	0	4	2	1783	111	16.6004048002	30.2688532629	33.3058503651	11.559
2816	0	4	1	476	29	24.6051450172	31.0164948721	35.5179365547	13.559
2816	0	4	2	1831	114	24.6051450172	31.3645845996	35.8660262822	12.031
2817	0	4	1	447	27	20.6543723329	27.5201217471	31.2987807422	4.126
2817	0	4	2	1792	112	20.6543723329	31.3647391773	35.1433981725	6.41
2818	0	4	1	1236	77	26.0571224796	28.3640667477	33.1311435999	4.662
2818	0	4	2	2602	162	26.0571224796	34.2789300902	39.0460069425	6
2819	0	4	1	1248	78	20.2273759587	29.7141951706	33.4147363869	5.653
2819	0	4	2	2598	162	20.2273759587	32.0725424317	35.773083648	17.685
2820	0	4	1	438	27	21.607803699	32.3260875897	36.2791741564	6.473
2820	0	4	2	1783	111	21.607803699	32.4955374621	36.4486240288	6.409
2821	0	4	1	430	26	16.1793699931	28.9986916324	31.9586616075	12.158
2821	0	4	2	1777	111	16.1793699931	30.9872587852	33.9472287604	7.716
2822	0	4	1	438	27	15.8111309945	29.5251382448	32.4177399367	8.252
2822	0	4	2	1783	111	15.8111309945	29.0213608639	31.9139625559	6.788
2823	0	4	1	793	49	24.2977293118	35.6328143009	40.0780151497	5.591
2823	0	4	2	2133	133	24.2977293118	29.4735360792	33.918736928	4.96
2824	0	4	1	434	27	17.2911585901	29.4122332661	32.5756018203	7.401
2824	0	4	2	1781	111	17.2911585901	31.0218789594	34.1852475135	11.811
2825	0	4	1	494	30	21.494784492	27.3816713399	31.3140813623	10.456
2825	0	4	2	1841	115	21.494784492	31.3192289749	35.2516389974	6.299
2826	0	4	1	584	36	24.4423826157	27.4960928335	31.9677575951	5.401
2826	0	4	2	1933	120	24.4423826157	28.7639320097	33.2355967713	13.937
2827	0	4	1	491	30	25.484349957	28.0927826695	32.7550724088	15.402
2827	0	4	2	1837	114	25.484349957	26.1100644813	30.7723542207	11.905
2828	0	4	1	433	27	17.5526291149	29.5563354736	32.7675393207	11.811
2828	0	4	2	1769	110	17.5526291149	35.5406086876	38.7518125347	6.756
2829	0	4	1	839	52	19.1728109734	26.8325297944	30.3401413296	7.968
2829	0	4	2	2182	136	19.1728109734	21.4318088144	24.9394203496	7.307
2830	0	4	1	433	27	17.9890344732	31.0182230999	34.3092660728	8.094
2830	0	4	2	1781	111	17.9890344732	31.9909381405	35.2819811134	5.087
2831	0	4	1	1097	68	23.1348202091	34.0554980371	38.287947955	11.905
2831	0	4	2	2444	152	23.1348202091	34.4204943826	38.6529443005	4.063
2832	0	4	1	1218	76	22.6280013235	27.3408847345	31.4806135709	13.338
2832	0	4	2	2566	160	22.6280013235	29.3866294761	33.5263583125	8.378
2833	0	4	1	431	26	18.5674389656	31.2733789432	34.670239382	15.528
2833	0	4	2	1774	110	18.5674389656	31.784753725	35.1816141638	13.622
2834	0	4	1	430	26	23.1432749864	32.0789447282	36.3129414237	8.488
2834	0	4	2	1776	111	23.1432749864	29.3205097983	33.5545064937	7.717
2835	0	4	1	440	27	21.3151716963	29.6284816308	33.5280320003	4
2835	0	4	2	1788	111	21.3151716963	30.6879452047	34.5874955742	12.347
2836	0	4	1	238	14	25.4341872726	27.5611352491	32.2142478673	5.937
2836	0	4	2	1579	98	25.4341872726	29.3188972465	33.9720098647	10.96
2837	0	4	1	571	35	21.1890546626	27.1285061202	31.0049837352	11.905
2837	0	4	2	1921	120	21.1890546626	32.0706901388	35.9471677538	8.929
2838	0	4	1	456	28	20.6198643842	30.3112927335	34.0836385971	6.189
2838	0	4	2	1801	112	20.6198643842	31.632972432	35.4053182956	10.126
2839	0	4	1	429	26	16.0570435292	29.791410902	32.7290015965	12.504
2839	0	4	2	1776	111	16.0570435292	29.649350038	32.5869407326	11.055
2840	0	4	1	230	14	27.0917734764	29.2090070274	34.1653703529	9.937
2840	0	4	2	1573	98	27.0917734764	29.3387481911	34.2951115166	12.598
2841	0	4	1	520	32	22.1458131819	33.2260864283	37.2776003081	4.504
2841	0	4	2	1866	116	22.1458131819	32.4913999983	36.5429138781	10.362
2842	0	4	1	529	33	19.2873809261	27.1443618045	30.6729335885	14.944
2842	0	4	2	1878	117	19.2873809261	30.9982685434	34.5268403273	6.236
2843	0	4	1	469	29	21.1231263655	27.312588991	31.1770052105	11.717
2843	0	4	2	1815	113	21.1231263655	33.7001412713	37.5645574908	7.717
2844	0	4	1	429	26	19.019168884	34.155850637	37.6353537865	6.032
2844	0	4	2	1775	110	19.019168884	32.3065369442	35.7860400938	12.157
2845	0	4	1	440	27	18.727829334	32.5428714164	35.9690748194	15.149
2845	0	4	2	1785	111	18.727829334	33.5949353641	37.021138767	5.811
2846	0	4	1	430	26	15.8105318213	28.8821923864	31.7746844613	13.024
2846	0	4	2	1779	111	15.8105318213	31.3808709656	34.2733630405	5.622
2847	0	4	1	883	55	28.8605557314	27.7496400156	33.0295970514	12.788
2847	0	4	2	2224	139	28.8605557314	27.0293916497	32.3093486855	5.779
2848	0	4	1	438	27	18.0635623971	27.9336295551	31.2383072009	12
2848	0	4	2	1784	111	18.0635623971	28.2483172095	31.5529948553	10.221
2849	0	4	1	1238	77	21.5715572242	29.7273123395	33.6737677161	6.189
2849	0	4	2	2586	161	21.5715572242	30.3099113952	34.2563667719	16
2850	0	4	1	438	27	16.1094542458	31.7113373807	34.6585164676	8
2850	0	4	2	1785	111	16.1094542458	29.9411740103	32.8883530973	5.654
2851	0	4	1	431	26	25.4299896302	25.3962761915	30.0486208629	5.937
2851	0	4	2	1775	110	25.4299896302	24.6000794375	29.2524241088	10.189
2852	0	4	1	489	30	21.5692061355	29.2087563466	33.1547815983	15.071
2852	0	4	2	1832	114	21.5692061355	31.8676606327	35.8136858843	8.614
2853	0	4	1	438	27	18.3965187226	30.4823017375	33.8478928013	10.031
2853	0	4	2	1784	111	18.3965187226	30.7201766474	34.0857677111	11.748
2855	0	4	1	430	26	16.6005305551	28.2524435192	31.2894636279	12.677
2855	0	4	2	1776	111	16.6005305551	29.8381565777	32.8751766863	9.779
2856	0	4	1	376	23	25.4195885043	28.7018427249	33.3522845397	9.338
2856	0	4	2	1722	107	25.4195885043	26.6508480232	31.301289838	14.473
2857	0	4	1	430	26	18.7704226673	34.177085285	37.6110810178	8.284
2857	0	4	2	1776	111	18.7704226673	33.5127856105	36.9467813433	9.716
2858	0	4	1	1230	76	22.8808400511	27.5319275404	31.7179125068	10.85
2858	0	4	2	2581	161	22.8808400511	28.6680114193	32.8539963857	10.347
2859	0	4	1	994	62	20.4626273289	27.6187368532	31.3623166422	11.086
2859	0	4	2	2338	146	20.4626273289	29.2500294267	32.9936092157	6.598
2860	0	4	1	429	26	18.9134958061	33.5755303923	37.0357009511	9.717
2860	0	4	2	1775	110	18.9134958061	33.3850761347	36.8452466936	11.591
2861	0	4	1	1217	76	21.8840763279	29.7841262661	33.7877561288	7.213
2861	0	4	2	2566	160	21.8840763279	29.9632235699	33.9668534326	15.716
2862	0	4	1	430	26	18.280327913	32.588597613	35.9329318968	12.96
2862	0	4	2	1775	110	18.280327913	34.3867619809	37.7310962647	4.441
2863	0	4	1	1104	69	22.3863344509	32.9670911815	37.0626077471	4.094
2863	0	4	2	2453	153	22.3863344509	36.9505725964	41.046089162	13.244
2864	0	4	1	430	26	18.6948915592	30.2312722087	33.6514497389	16
2864	0	4	2	1777	111	18.6948915592	32.168556423	35.5887339532	9.149
2865	0	4	1	438	27	20.2472098664	31.7130762829	35.4172460565	15.717
2865	0	4	2	1784	111	20.2472098664	31.7617118387	35.4658816123	10.866
2866	0	4	1	486	30	21.7299059129	32.0982455031	36.0736703245	11.244
2866	0	4	2	1830	114	21.7299059129	29.9370440231	33.9124688444	4.252
2867	0	4	1	839	52	30.026513663	27.9306473764	33.4239131177	11.276
2867	0	4	2	2182	136	30.026513663	22.5522787745	28.0455445158	10.441
2868	0	4	1	438	27	19.3291697213	29.4848248776	33.0210418035	9.937
2868	0	4	2	1783	111	19.3291697213	30.6500509478	34.1862678736	9.496
2869	0	4	1	330	20	22.3192808966	28.3026024702	32.3858517778	5.102
2869	0	4	2	1674	104	22.3192808966	27.5994603459	31.6827096534	8.409
2870	0	4	1	438	27	20.0877051538	28.1296903282	31.8046791659	9.59
2870	0	4	2	1784	111	20.0877051538	29.7566470568	33.4316358944	5.055
2871	0	4	1	438	27	16.6894740122	29.5849312011	32.6382232636	14.882
2871	0	4	2	1783	111	16.6894740122	29.2946187464	32.347910809	13.086
2872	0	4	1	438	27	20.6697639957	30.4043124834	34.1857873397	9.685
2872	0	4	2	1784	111	20.6697639957	30.9741802017	34.755655058	6.693
2873	0	4	1	433	27	16.1681436364	32.1269337332	35.0848498782	5.842
2873	0	4	2	1781	111	16.1681436364	31.2396053965	34.1975215414	6.787
2874	0	4	1	579	36	21.0789038114	27.4776977713	31.3340235996	12.725
2874	0	4	2	1927	120	21.0789038114	27.932142017	31.7884678453	13.748
2875	0	4	1	993	62	18.7811539752	28.1090494751	31.5450084703	5.465
2875	0	4	2	2340	146	18.7811539752	29.0545570624	32.4905160576	16.378
2876	0	4	1	430	26	19.1573932186	31.4750073224	34.979798223	20.472
2876	0	4	2	1775	110	19.1573932186	31.345585826	34.8503767266	16.031
2877	0	4	1	440	27	22.7160713755	28.7102777453	32.8661187486	4.032
2877	0	4	2	1787	111	22.7160713755	29.306840797	33.4626818002	8.252
2878	0	4	1	430	26	16.7399201894	30.6358878725	33.6984089204	6.866
2878	0	4	2	1776	111	16.7399201894	31.0299142829	34.0924353308	11.496
2879	0	4	1	433	27	19.0997975987	29.4968926485	32.9911465933	4.725
2879	0	4	2	1781	111	19.0997975987	29.947475091	33.4417290358	7.843
2880	0	4	1	440	27	17.4627054764	29.0626761237	32.2574286955	10.567
2880	0	4	2	1785	111	17.4627054764	29.566896367	32.7616489387	13.937
2881	0	4	1	135	8	22.9653382785	29.2123850199	33.413828698	11.653
2881	0	4	2	1477	92	22.9653382785	28.4239158037	32.6253594818	16
2881	1	4	1	136	8	22.9653382785	27.9215108859	32.122954564	6.158
2881	1	4	2	1476	92	22.9653382785	32.4017268459	36.603170524	6.504
2882	0	4	1	433	27	21.7948079456	34.3833875017	38.3706859663	10.378
2882	0	4	2	1781	111	21.7948079456	33.3889822336	37.3762806983	14.346
2883	0	4	1	865	54	30.8377412427	28.6790372037	34.3207147361	13.008
2883	0	4	2	2209	138	30.8377412427	27.6706571944	33.3123347268	21.307
2884	0	4	1	439	27	16.9313568369	31.6920751318	34.7896189729	5.433
2884	0	4	2	1787	111	16.9313568369	29.9240701552	33.0216139963	12.347
2885	0	4	1	429	26	17.405282511	28.866505475	32.0507526777	10.315
2885	0	4	2	1776	111	17.405282511	34.3600578736	37.5443050763	5.559
2886	0	4	1	458	28	22.4235961581	26.3623048739	30.4646383635	7.244
2886	0	4	2	1803	112	22.4235961581	26.3087279336	30.4110614232	10.724
2887	0	4	1	490	30	24.4017027797	29.9944355445	34.4586580452	11.717
2887	0	4	2	1835	114	24.4017027797	29.1979459026	33.6621684033	8.315
2888	0	4	1	909	56	28.1353410402	26.7112561067	31.8585371662	6.725
2888	0	4	2	2252	140	28.1353410402	26.019599428	31.1668804875	6.032
2889	0	4	1	293	18	20.6058075785	31.2805047368	35.0502789476	7.937
2889	0	4	2	1636	102	20.6058075785	29.5694383745	33.3392125852	6.914
2890	0	4	1	471	29	23.7397367906	32.8995952667	37.2427129621	5.527
2890	0	4	2	1819	113	23.7397367906	30.9456785792	35.2887962746	10.095
2891	0	4	1	299	18	17.2264821727	27.7168210163	30.8683572028	11.023
2891	0	4	2	1642	102	17.2264821727	22.4593289603	25.6108651469	7.244
2892	0	4	1	444	27	22.5815847817	32.7441362275	36.8753732888	4.725
2892	0	4	2	1790	111	22.5815847817	32.759924544	36.8911616053	5.622
2894	0	4	1	235	14	23.337408884	27.9710620983	32.2405750412	6.535
2894	0	4	2	1579	98	23.337408884	30.6842122872	34.9537252301	6.063
2895	0	4	1	936	58	26.0861783796	28.2705435775	33.0429361244	7.213
2895	0	4	2	2280	142	26.0861783796	30.1735251612	34.9459177082	8.126
2896	0	4	1	238	14	23.5330708722	27.9101435795	32.2154523297	7.842
2896	0	4	2	1579	98	23.5330708722	27.5357823705	31.8410911207	13.024
2897	0	4	1	438	27	19.1845306805	29.819326629	33.3290822515	14.662
2897	0	4	2	1784	111	19.1845306805	30.503724338	34.0134799605	10.898
2898	0	4	1	439	27	21.2457016665	27.7289170055	31.6157580296	6.063
2898	0	4	2	1785	111	21.2457016665	24.8611248459	28.74796587	5.008
2899	0	4	1	485	30	22.1359573069	28.3671874286	32.416898204	12.41
2899	0	4	2	1830	114	22.1359573069	28.7800874726	32.829798248	14.819
2900	0	4	1	443	27	23.7699385778	27.1146079057	31.4632509326	7.166
2900	0	4	2	1790	111	23.7699385778	24.9586574379	29.3073004648	4.252
2901	0	4	1	903	56	26.5597432104	27.9793499113	32.8383798045	14.032
2901	0	4	2	2246	140	26.5597432104	28.5177604848	33.376790378	9.37
2902	0	4	1	304	19	22.1022350798	25.4966594495	29.5402008388	5.103
2902	0	4	2	1649	103	22.1022350798	29.3026146253	33.3461560145	8.929
2903	0	4	1	443	27	20.2287076257	27.8916622049	31.5924470459	7.26
2903	0	4	2	1790	111	20.2287076257	27.5847492078	31.2855340488	11.37
2904	0	4	1	234	14	23.0907842558	27.1522576824	31.3766513472	11.15
2904	0	4	2	1576	98	23.0907842558	25.4118059342	29.636199599	12.661
2905	0	4	1	459	28	23.8161403485	30.0346637394	34.3917592496	10.693
2905	0	4	2	1805	112	23.8161403485	28.7486870116	33.1057825218	7.102
2906	0	4	1	439	27	16.2126222435	29.8336937041	32.7997470844	9.78
2906	0	4	2	1784	111	16.2126222435	29.2102476944	32.1763010747	5.811
2907	0	4	1	491	30	22.9493599002	28.2976891707	32.4962096497	17.433
2907	0	4	2	1835	114	22.9493599002	33.1137315075	37.3122519865	8.457
2908	0	4	1	444	27	18.8801178259	25.7477222419	29.2017863936	4.221
2908	0	4	2	1788	111	18.8801178259	32.2794982791	35.7335624308	7.275
2909	0	4	1	1264	79	22.2711313255	29.4447531041	33.5191935838	4.473
2909	0	4	2	2613	163	22.2711313255	29.1583682816	33.2328087613	12.441
2910	0	4	1	444	27	16.9714768491	30.2782244305	33.3831081143	17.748
2910	0	4	2	1790	111	16.9714768491	31.4132110093	34.5180946932	6.284
2911	0	4	1	430	26	16.239314563	32.1655912782	35.1365279429	9.606
2911	0	4	2	1776	111	16.239314563	32.2811252278	35.2520618924	9.874
2912	0	4	1	438	27	20.6488056209	32.7431208812	36.5207614622	8.709
2912	0	4	2	1783	111	20.6488056209	31.6365602621	35.414200843	11.811
2913	0	4	1	487	30	20.9864218728	28.3268761496	32.1662826688	13.496
2913	0	4	2	1832	114	20.9864218728	28.9643993855	32.8038059047	17.779
2914	0	4	1	415	25	15.476102	30.2595474136	33.0908564986	5.402
2914	0	4	2	1763	110	15.476102	33.4105829853	36.2418920704	8.158
2915	0	4	1	139	8	25.0178958912	30.4498018532	35.0267551407	11.874
2915	0	4	2	1483	92	25.0178958912	32.3788942136	36.955847501	6.599
2916	0	4	1	154	9	17.3988665119	37.0032727743	40.1863461881	10.095
2916	0	4	2	1495	93	17.3988665119	36.0991020585	39.2821754722	18.74
2917	0	4	1	534	33	17.6933908096	28.9755223047	32.2124781057	10.095
2917	0	4	2	1873	117	17.6933908096	31.3007881818	34.5377439828	6.158
2918	0	4	1	337	21	22.0079219934	25.4458903668	29.4721774437	12.724
2918	0	4	2	1681	105	22.0079219934	25.9574134143	29.9837004911	12.551
2919	0	4	1	1213	75	19.9190201006	27.7179573693	31.3620857536	5.842
2919	0	4	2	2562	160	19.9190201006	27.9745478592	31.6186762435	18.598
2920	0	4	1	1004	62	26.1679031179	27.0279973277	31.8153411844	14.992
2920	0	4	2	2350	146	26.1679031179	25.2685296574	30.055873514	7.024
2921	0	4	1	447	27	20.0257690142	28.4318670871	32.0955248832	9.464
2921	0	4	2	1792	112	20.0257690142	29.2528628513	32.9165206474	8.095
2922	0	4	1	1211	75	19.0935777778	30.5372507551	34.0303668013	4.409
2922	0	4	2	2561	160	19.0935777778	31.322055481	34.8151715272	13.622
2923	0	4	1	470	29	22.1682314622	29.7748877274	33.8305029681	8.929
2923	0	4	2	1816	113	22.1682314622	32.7772176707	36.8328329114	11.748
2924	0	4	1	557	34	24.9255419397	27.6277510681	32.1878084614	12.126
2924	0	4	2	1907	119	24.9255419397	26.9635488295	31.5236062227	10.425
2925	0	4	1	438	27	15.7983040357	31.5028435297	34.3930985659	7.937
2925	0	4	2	1783	111	15.7983040357	28.2982975222	31.1885525584	8.284
2926	0	4	1	530	33	17.9469285973	27.8501796899	31.1335195119	17.685
2926	0	4	2	1879	117	17.9469285973	26.1722296672	29.4555694892	11.15
2927	0	4	1	1248	78	21.7856541075	28.088343902	32.0739676979	4.063
2927	0	4	2	2598	162	21.7856541075	30.016210526	34.0018343219	16.504
2928	0	4	1	440	27	16.247338105	31.4211303325	34.3935348815	16.599
2928	0	4	2	1787	111	16.247338105	29.3783897347	32.3507942837	4.803
2929	0	4	1	901	56	27.0429125652	29.333721346	34.281145706	5.433
2929	0	4	2	2242	140	27.0429125652	29.1590198839	34.1064442439	4
2930	0	4	1	437	27	21.2457540002	34.5030309152	38.3898815136	7.874
2930	0	4	2	1783	111	21.2457540002	33.0366382344	36.9234888328	9.275
2931	0	4	1	536	33	16.7888994823	26.2984876636	29.3699693346	21.181
2931	0	4	2	1891	118	16.7888994823	24.5431625856	27.6146442566	14.788
2932	0	4	1	432	27	22.2812450936	32.820637538	36.8969283029	4.158
2932	0	4	2	1779	111	22.2812450936	33.5951764222	37.6714671871	5.716
2933	0	4	1	889	55	27.5360303473	31.0921159658	36.1297548292	8.535
2933	0	4	2	2231	139	27.5360303473	29.1884644614	34.2261033248	4.268
2934	0	4	1	440	27	16.7696102512	31.096914809	34.1648675698	19.008
2934	0	4	2	1787	111	16.7696102512	31.077070248	34.1450230088	5.653
2935	0	4	1	438	27	19.1836073058	30.4918492371	34.0014359308	12.488
2935	0	4	2	1784	111	19.1836073058	28.7601005472	32.2696872409	4.756
2936	0	4	1	1098	68	22.9251418914	35.7181399699	39.9122298327	4.504
2936	0	4	2	2446	152	22.9251418914	35.6294835961	39.8235734588	5.685
2937	0	4	1	74	4	23.8981197999	29.2851648017	33.6572582206	18.992
2937	0	4	2	1413	88	23.8981197999	26.0743124771	30.4464058961	13.181
2938	0	4	1	438	27	22.6580645003	30.2941398523	34.4393686618	4
2938	0	4	2	1785	111	22.6580645003	31.2159506529	35.3611794625	8.662
2939	0	4	1	430	26	16.0788224266	37.1011768014	40.0427518836	8.032
2939	0	4	2	1769	110	16.0788224266	32.1827330566	35.1243081389	18.582
2940	0	4	1	431	26	16.5318494016	32.2671282153	35.2915833012	12.52
2940	0	4	2	1777	111	16.5318494016	31.4501732627	34.4746283486	9.496
2941	0	4	1	1227	76	20.9099065327	28.2449769862	32.0703852404	10.221
2941	0	4	2	2580	161	20.9099065327	26.8993849821	30.7247932363	19.402
2943	0	4	1	413	25	17.3401625419	30.063464504	33.2357981925	15.023
2943	0	4	2	1762	110	17.3401625419	29.7602674249	32.9326011134	9.118
2944	0	4	1	440	27	17.4892297381	32.152297964	35.3519030744	14.567
2944	0	4	2	1785	111	17.4892297381	31.2094355352	34.4090406456	8.157
2945	0	4	1	487	30	21.1694462716	31.1149952061	34.9878855214	12.693
2945	0	4	2	1832	114	21.1694462716	30.2074302997	34.080320615	11.591
2946	0	4	1	430	26	18.0956149994	28.991214233	32.3017558117	10.85
2946	0	4	2	1776	111	18.0956149994	29.7857115695	33.0962531482	11.244
2947	0	4	1	440	27	21.257219379	31.7518107495	35.6407589065	4.85
2947	0	4	2	1788	111	21.257219379	28.6956545436	32.5846027006	15.244
2948	0	4	1	433	27	18.8922856726	31.5563145511	35.012604776	5.937
2948	0	4	2	1781	111	18.8922856726	29.0813308983	32.5376211233	5.149
2949	0	4	1	574	35	26.9249023534	26.2221057041	31.1479404296	14.567
2949	0	4	2	1926	120	26.9249023534	27.2417861693	32.1676208949	4.725
2950	0	4	1	453	28	21.3241762427	25.6053492369	29.5065469627	6.252
2950	0	4	2	1798	112	21.3241762427	25.3768568966	29.2780546225	8.976
2951	0	4	1	430	26	20.2463648345	31.9714347048	35.6754498822	6.063
2951	0	4	2	1776	111	20.2463648345	33.9977109569	37.7017261343	5.779
2952	0	4	1	489	30	24.1353119476	29.8876680336	34.303155085	16.504
2952	0	4	2	1834	114	24.1353119476	28.7446308468	33.1601178983	12.252
2953	0	4	1	414	25	27.5341508988	31.0219267037	36.0592217273	4.488
2953	0	4	2	1762	110	27.5341508988	31.2700701548	36.3073651784	9.654
2954	0	4	1	237	14	21.9583422335	29.6011828626	33.6183994627	5.339
2954	0	4	2	1579	98	21.9583422335	30.0284316219	34.0456482219	4.189
2955	0	4	1	1220	76	21.1881843442	35.2727990923	39.149117485	9.622
2955	0	4	2	2569	160	21.1881843442	31.4166284701	35.2929468628	13.024
2956	0	4	1	437	27	19.953302857	32.58056329	36.2309636076	9.843
2956	0	4	2	1783	111	19.953302857	31.818184773	35.4685850906	9.937
2957	0	4	1	567	35	19.725136275	33.9864214438	37.5950793306	5.905
2957	0	4	2	1915	119	19.725136275	39.3210335175	42.9296914044	4.851
2958	0	4	1	468	29	25.4488533263	23.1999298313	27.8557255625	16.284
2958	0	4	2	1814	113	25.4488533263	29.1373636654	33.7931593965	9.78
2959	0	4	1	234	14	25.2378851309	27.2474167826	31.8646164791	5.905
2959	0	4	2	1577	98	25.2378851309	28.1621131533	32.7793128499	12.094
2960	0	4	1	898	56	29.8763379786	27.9686910797	33.4344826044	7.071
2960	0	4	2	2248	140	29.8763379786	31.146946341	36.6127378657	6.693
2961	0	4	1	1213	75	22.5497923638	27.4113505114	31.5367712398	5.622
2961	0	4	2	2564	160	22.5497923638	29.6456401183	33.7710608467	17.433
2962	0	4	1	437	27	15.5474425637	30.2457829664	33.0901436058	7.511
2962	0	4	2	1782	111	15.5474425637	30.1685117426	33.012872382	4.567
2964	0	4	1	415	25	22.2623653604	32.7048310873	36.7776678584	4.393
2964	0	4	2	1763	110	22.2623653604	32.4938297222	36.5666664934	7.181
2965	0	4	1	437	27	19.4911671611	30.2806670355	33.8465209347	15.874
2965	0	4	2	1779	111	19.4911671611	31.1483736781	34.7142275773	7.622
2966	0	4	1	985	61	22.3544433588	22.720697052	26.8103792325	9.843
2966	0	4	2	2328	145	22.3544433588	31.153672532	35.2433547125	6.41
2968	0	4	1	491	30	22.2637513231	26.7053833846	30.7784737138	16.583
2968	0	4	2	1835	114	22.2637513231	29.7053169252	33.7784072543	9.433
2969	0	4	1	550	34	24.6407002306	29.9393336351	34.4472800434	16.063
2969	0	4	2	1896	118	24.6407002306	28.1049333357	32.612879744	17.496
2970	0	4	1	432	27	21.2963303817	34.7004570596	38.5965604639	6.992
2970	0	4	2	1779	111	21.2963303817	35.4771642197	39.373267624	8.095
2971	0	4	1	1251	78	20.7580296162	32.6830100433	36.4806328452	6.598
2971	0	4	2	2601	162	20.7580296162	33.1558782522	36.9535010541	14.362
2972	0	4	1	983	61	24.1806465314	27.6085915139	32.0323723993	4.441
2972	0	4	2	2328	145	24.1806465314	28.8054253104	33.2292061958	6.74
2973	0	4	1	444	27	17.9124980205	33.2809573525	36.5579981979	7.481
2973	0	4	2	1791	111	17.9124980205	29.2236712403	32.5007120857	5.811
2974	0	4	1	439	27	25.2342267797	29.3881300513	34.0046604629	13.338
2974	0	4	2	1784	111	25.2342267797	29.2630003884	33.8795307999	5.527
2975	0	4	1	249	15	26.373207761	24.3879077459	29.2128115063	4.189
2975	0	4	2	1591	99	26.373207761	25.4397208013	30.2646245617	14
2976	0	4	1	488	30	22.3153948303	29.8654968903	33.948035253	19.212
2976	0	4	2	1833	114	22.3153948303	29.6981894898	33.7807278525	10.787
2977	0	4	1	444	27	15.4233677158	29.4133238556	32.2349853525	8.74
2977	0	4	2	1791	111	15.4233677158	28.5771213786	31.3987828756	10.535
2978	0	4	1	433	27	20.1098462882	30.838428191	34.5174676866	5.717
2978	0	4	2	1781	111	20.1098462882	30.8036797576	34.4827192532	8.977
2979	0	4	1	432	27	19.1057470972	29.8379424996	33.3332848884	7.59
2979	0	4	2	1780	111	19.1057470972	30.5617219469	34.0570643356	9.559
2980	0	4	1	490	30	21.5388763246	27.786424192	31.7269006906	13.811
2980	0	4	2	1833	114	21.5388763246	30.3785842904	34.3190607889	12.204
2981	0	4	1	903	56	28.153071024	30.8985816686	36.0491063784	13.276
2981	0	4	2	2246	140	28.153071024	28.0045885593	33.1551132691	4.913
2982	0	4	1	429	26	15.5165273896	29.716740553	32.5554453487	7.717
2982	0	4	2	1775	110	15.5165273896	29.6789084532	32.517613249	14.252
2983	0	4	1	832	52	27.1836052131	28.0080265451	32.9811902271	10
2983	0	4	2	2179	136	27.1836052131	20.9736917457	25.9468554277	16.126
2984	0	4	1	824	51	23.7698221519	15.3120340568	19.660655784	12.771
2984	0	4	2	2166	135	23.7698221519	23.3474423327	27.6960640598	18.221
2985	0	4	1	471	29	25.3973294752	23.6060992306	28.252468819	7.968
2985	0	4	2	1817	113	25.3973294752	24.3553931069	29.0017626952	12.189
2986	0	4	1	988	61	20.7021480894	27.6649384294	31.452337864	4.283
2986	0	4	2	2333	145	20.7021480894	27.2036695219	30.9910689566	12.913
2987	0	4	1	437	27	18.5975337314	30.0389196496	33.4412858406	4.803
2987	0	4	2	1782	111	18.5975337314	31.4370138499	34.8393800409	4.158
2988	0	4	1	1250	78	20.862233691	29.2791838132	33.0958704558	8.189
2988	0	4	2	2597	162	20.862233691	24.7943786904	28.6110653331	4.504
2989	0	4	1	987	61	19.2960137007	25.4341938658	28.9643449915	19.496
2989	0	4	2	2330	145	19.2960137007	34.7655201522	38.2956712779	5.968
2990	0	4	1	961	60	25.308153291	27.6323677268	32.2624227846	8.85
2990	0	4	2	2305	144	25.308153291	30.7501577697	35.3802128274	7.086
2991	0	4	1	491	30	21.253764549	30.5640275702	34.4523436759	11.937
2991	0	4	2	1837	114	21.253764549	28.5018431672	32.3901592728	13.165
2992	0	4	1	1214	75	24.736459032	27.6395154751	32.1649806853	10.126
2992	0	4	2	2566	160	24.736459032	27.7644120393	32.2898772495	16.378
2993	0	4	1	982	61	20.3058735112	22.6171399989	26.3320421204	6.126
2993	0	4	2	2328	145	20.3058735112	22.7527755604	26.4676776819	5.338
2994	0	4	1	415	25	18.4779070856	30.9328863349	34.3133671695	4.41
2994	0	4	2	1762	110	18.4779070856	30.2997458188	33.6802266533	11.008
2995	0	4	1	528	33	22.6788245757	28.2530031474	32.402029954	14.252
2995	0	4	2	1878	117	22.6788245757	28.7353919695	32.8844187761	9.905
2997	0	4	1	263	16	24.1992442187	31.3491187395	35.7763020191	9.15
2997	0	4	2	1606	100	24.1992442187	29.4984987684	33.9256820481	11.229
2998	0	4	1	489	30	23.242672791	25.9779071524	30.2300883951	18.614
2998	0	4	2	1833	114	23.242672791	28.2267827546	32.4789639972	11.024
2999	0	4	1	443	27	16.3014491553	31.0219820516	34.0042860641	12.63
2999	0	4	2	1785	111	16.3014491553	29.1525743239	32.1348783364	12.063
3000	0	4	1	430	26	23.6113143198	31.8614476644	36.181070832	18.126
3000	0	4	2	1777	111	23.6113143198	29.1739643036	33.4935874713	4.347
3001	0	4	1	250	15	21.9241167842	27.8709520806	31.8819072315	13.276
3001	0	4	2	1593	99	21.9241167842	27.587208406	31.5981635569	15.023
3002	0	4	1	1220	76	24.2994882977	27.0950687275	31.5405913778	5.969
3002	0	4	2	2569	160	24.2994882977	28.221986856	32.6675095063	13.528
3003	0	4	1	530	33	20.8191666667	26.1738978203	29.9827054726	8.598
3003	0	4	2	1879	117	20.8191666667	26.9167707413	30.7255783937	11.229
3004	0	4	1	431	26	17.1686698812	25.8442316958	28.9851912871	14.032
3004	0	4	2	1777	111	17.1686698812	32.1290541491	35.2700137404	5.37
3005	0	4	1	431	26	18.7629241327	29.6684358801	33.1010597772	13.779
3005	0	4	2	1779	111	18.7629241327	32.5859362069	36.018560104	5.527
3006	0	4	1	438	27	17.2870797406	31.6514303599	34.8140527	11.559
3006	0	4	2	1784	111	17.2870797406	29.5710797645	32.7337021047	12.157
3007	0	4	1	470	29	23.8153090714	26.0303090942	30.3872525247	9.559
3007	0	4	2	1818	113	23.8153090714	24.2501688761	28.6071123065	7.118
3008	0	4	1	438	27	18.7407132726	30.8528861752	34.2814466583	13.338
3008	0	4	2	1784	111	18.7407132726	30.2580734381	33.6866339211	9.685
3009	0	4	1	487	30	23.1595173245	26.1148555851	30.3518237704	12
3009	0	4	2	1831	114	23.1595173245	27.9760397386	32.2130079239	11.906
3010	0	4	1	429	26	15.7541549125	32.407443665	35.2896217439	9.401
3010	0	4	2	1777	111	15.7541549125	29.7529408398	32.6351189187	5.354
3011	0	4	1	432	27	32.3411875889	20.9252839604	26.8420127493	9.354
3011	0	4	2	1779	111	32.3411875889	22.0672976114	27.9840264002	10.283
3012	0	4	1	417	26	18.8589495267	19.7951731894	23.2453646607	8.63
3012	0	4	2	1774	110	18.8589495267	29.236060162	32.6862516333	4.992
3013	0	4	1	432	27	16.1384337291	31.3486722864	34.3011530878	9.244
3013	0	4	2	1775	110	16.1384337291	31.5849850384	34.5374658398	8.976
3014	0	4	1	1095	68	24.9253371798	27.3117077298	31.8717276628	5.496
3014	0	4	2	2427	151	24.9253371798	28.5301973264	33.0902172594	13.149
3015	0	4	1	544	34	18.5830208878	32.5629566616	35.962667769	5.622
3015	0	4	2	1892	118	18.5830208878	30.8924667891	34.2921778965	7.654
3016	0	4	1	554	34	24.6879848552	28.212461291	32.7290582876	4
3016	0	4	2	1901	118	24.6879848552	31.0598519124	35.576448909	12.221
3018	0	4	1	982	61	22.4002463628	29.0742014323	33.1722631428	12.032
3018	0	4	2	2327	145	22.4002463628	29.9188859386	34.0169476492	8.63
3019	0	4	1	941	58	25.2426692152	30.8681428875	35.4862178188	13.212
3019	0	4	2	2285	142	25.2426692152	31.2072658919	35.8253408232	7.212
3020	0	4	1	431	26	18.0194636841	30.0252950561	33.3219049671	12.945
3020	0	4	2	1777	111	18.0194636841	33.4104323116	36.7070422226	8.284
3021	0	4	1	432	27	21.0593155758	28.6838566872	32.5365989032	12.913
3021	0	4	2	1779	111	21.0593155758	28.3089552668	32.1616974828	17.653
3022	0	4	1	486	30	19.81569865	29.3601932673	32.9854192845	11.212
3022	0	4	2	1831	114	19.81569865	30.1622684145	33.7874944316	7.937
3023	0	4	1	431	26	17.7553462478	29.9833318291	33.2316222022	9.842
3023	0	4	2	1779	111	17.7553462478	31.4331410889	34.681431462	11.685
3024	0	4	1	994	62	29.0855070379	27.1418361845	32.4629474255	12.992
3024	0	4	2	2335	145	29.0855070379	28.0246795389	33.34579078	6.378
3025	0	4	1	429	26	17.3239885663	29.9249045716	33.094279277	5.937
3025	0	4	2	1776	111	17.3239885663	32.1031761688	35.2725508742	9.905
3026	0	4	1	429	26	18.0612717969	33.5908419734	36.8951005603	5.086
3026	0	4	2	1775	110	18.0612717969	31.5716470147	34.8759056016	12.599
3027	0	4	1	431	26	23.4053650111	29.4351584977	33.7171038219	10.725
3027	0	4	2	1777	111	23.4053650111	28.7152483679	32.997193692	4.929
3028	0	4	1	1003	62	25.5350965691	28.0046387549	32.6762124434	9.134
3028	0	4	2	2346	146	25.5350965691	27.6038795874	32.2754532759	4.897
3029	0	4	1	521	32	22.5299489307	30.3040557224	34.4258461508	8.567
3029	0	4	2	1869	116	22.5299489307	30.3742251893	34.4960156178	7.15
3030	0	4	1	490	30	21.5525759649	30.4654676186	34.4084504275	15.024
3030	0	4	2	1835	114	21.5525759649	33.2091267511	37.15210956	13.842
3031	0	4	1	438	27	20.0023579504	30.9714057548	34.630780563	9.937
3031	0	4	2	1784	111	20.0023579504	30.2828459005	33.9422207086	7.811
3032	0	4	1	265	16	24.615603245	32.9527256876	37.4560806734	10.378
3032	0	4	2	1608	100	24.615603245	29.4143699839	33.9177249697	15.496
3033	0	4	1	447	27	18.6869512548	26.1763827667	29.5951076407	4.519
3033	0	4	2	1793	112	18.6869512548	29.6196399404	33.0383648144	7.937
3034	0	4	1	487	30	23.2829085016	28.594607302	32.8541495541	11.181
3034	0	4	2	1831	114	23.2829085016	27.6119317306	31.8714739828	11.843
3035	0	4	1	429	26	20.0145735355	32.2960300256	35.9576396405	10.094
3035	0	4	2	1775	110	20.0145735355	32.9866607265	36.6482703414	10.725
3036	0	4	1	438	27	17.4024498647	29.9568221948	33.1405511728	12.835
3036	0	4	2	1784	111	17.4024498647	31.0614925095	34.2452214875	14.992
3037	0	4	1	235	14	23.2648311524	30.4633586063	34.7195936585	9.134
3037	0	4	2	1578	98	23.2648311524	29.6991089963	33.9553440485	5.465
3038	0	4	1	440	27	19.2023227593	33.4960094298	37.0090200627	12.803
3038	0	4	2	1784	111	19.2023227593	31.3732298679	34.8862405009	4.189
3039	0	4	1	309	19	19.606156914	28.2859190232	31.8728099724	9.937
3039	0	4	2	1652	103	19.606156914	28.5696167865	32.1565077358	8.157
3040	0	4	1	478	29	23.5946399218	30.2558179862	34.5723906199	13.78
3040	0	4	2	1827	114	23.5946399218	30.7835351741	35.1001078078	10.41
3041	0	4	1	443	27	19.2259343484	30.3035696813	33.8208999877	6.74
3041	0	4	2	1789	111	19.2259343484	30.7115962497	34.2289265561	8.157
3042	0	4	1	443	27	19.2805086947	30.2668447823	33.794159311	6.567
3042	0	4	2	1789	111	19.2805086947	30.0708189305	33.5981334592	14.898
3043	0	4	1	474	29	22.5725257569	29.0017092833	33.1312890216	11.937
3043	0	4	2	1821	113	22.5725257569	28.6540002711	32.7835800095	9.197
3044	0	4	1	378	23	24.1010089014	31.9423103142	36.3515217204	9.071
3044	0	4	2	1723	107	24.1010089014	31.9539068927	36.3631182989	9.937
3045	0	4	1	1223	76	21.2329472324	30.2641780386	34.1486856751	6.693
3045	0	4	2	2566	160	21.2329472324	31.2335566331	35.1180642696	10.819
3046	0	4	1	433	27	19.3075879478	32.6098156863	36.1420842877	4.488
3046	0	4	2	1779	111	19.3075879478	32.3809741314	35.9132427328	4.803
3047	0	4	1	430	26	21.7946044836	28.4500181754	32.4372794173	10.158
3047	0	4	2	1776	111	21.7946044836	30.0299398272	34.0172010691	9.622
3048	0	4	1	839	52	29.4985460302	25.2531556225	30.6498311789	10.158
3048	0	4	2	2182	136	29.4985460302	20.1857234909	25.5823990473	11.653
3049	0	4	1	442	27	21.0115205251	32.0282298044	35.8722280511	6.567
3049	0	4	2	1787	111	21.0115205251	31.3504376465	35.1944358932	6.157
3050	0	4	1	486	30	21.4063814022	26.8880525311	30.8042894584	7.685
3050	0	4	2	1831	114	21.4063814022	28.5063530269	32.4225899541	11.544
3051	0	4	1	433	27	23.0810692849	34.2741043767	38.496720715	5.78
3051	0	4	2	1781	111	23.0810692849	35.5724779231	39.7950942615	7.842
3052	0	4	1	430	26	16.3525763858	31.1152439806	34.1069015754	10.788
3052	0	4	2	1781	111	16.3525763858	28.7737154623	31.7653730571	7.937
3053	0	4	1	571	35	21.1418426357	23.1236284984	26.9914688066	4.284
3053	0	4	2	1921	120	21.1418426357	28.6683012323	32.5361415405	6.126
3054	0	4	1	489	30	23.2146881354	26.1139752821	30.3610368112	9.276
3054	0	4	2	1833	114	23.2146881354	27.4538866728	31.7009482019	13.544
3055	0	4	1	555	34	24.8702178436	27.8235469749	32.3734829812	11.339
3055	0	4	2	1904	119	24.8702178436	25.7091698661	30.2591058724	8.252
3056	0	4	1	1107	69	18.962751453	31.9003448964	35.3695266365	5.811
3056	0	4	2	2454	153	18.962751453	34.0951592251	37.5643409652	5.968
3057	0	4	1	440	27	18.3076340865	30.5192283071	33.8685581781	4.851
3057	0	4	2	1787	111	18.3076340865	31.1764595478	34.5257894188	9.937
3058	0	4	1	430	26	18.7651655412	28.2745348766	31.707568833	5.276
3058	0	4	2	1773	110	18.7651655412	30.0829994201	33.5160333765	12.551
3059	0	4	1	413	25	19.4816870674	33.7724834813	37.3366030242	6.535
3059	0	4	2	1760	110	19.4816870674	32.0775816968	35.6417012398	8.504
3060	0	4	1	557	34	26.2611136655	27.5230951537	32.3274916164	10.063
3060	0	4	2	1907	119	26.2611136655	27.6948115378	32.4992080005	4.315
3061	0	4	1	438	27	19.5634976783	30.9192754529	34.4983620156	4.725
3061	0	4	2	1784	111	19.5634976783	29.0101964761	32.5892830388	6.992
3062	0	4	1	1248	78	24.3010153388	28.9318391613	33.3776411795	7.969
3062	0	4	2	2599	162	24.3010153388	30.6749909515	35.1207929697	14.221
3063	0	4	1	1062	66	26.5326667315	28.0376283852	32.8917047132	6.882
3063	0	4	2	2408	150	26.5326667315	26.4256619492	31.2797382771	14.599
3064	0	4	1	440	27	20.2280192936	29.8335716273	33.5342305399	7.559
3064	0	4	2	1787	111	20.2280192936	27.3298659683	31.0305248809	7.906
3066	0	4	1	441	27	16.4726627108	30.9625157764	33.9761428246	5.37
3066	0	4	2	1787	111	16.4726627108	30.8741242648	33.887751313	9.653
3067	0	4	1	805	50	27.1347779064	27.7706026722	32.7348335365	8.189
3067	0	4	2	2146	134	27.1347779064	26.8700098874	31.8342407517	11.401
3069	0	4	1	443	27	17.6660324509	30.6846448221	33.9165954887	12.709
3069	0	4	2	1788	111	17.6660324509	32.2665793783	35.4985300449	8.803
3070	0	4	1	889	55	31.5134515994	27.4159861285	33.1812829594	20.157
3070	0	4	2	2231	139	31.5134515994	28.9310798477	34.6963766786	5.811
3071	0	4	1	879	54	28.3709282925	26.4364092833	31.6267903641	18.393
3071	0	4	2	2220	138	28.3709282925	28.3276507554	33.5180318363	10.378
3072	0	4	1	452	28	19.9091582851	29.8011682055	33.4434923985	19.685
3072	0	4	2	1798	112	19.9091582851	29.2138834268	32.8562076198	5.338
3073	0	4	1	438	27	15.8707352703	31.8468228283	34.7503289539	12.063
3073	0	4	2	1783	111	15.8707352703	32.125070115	35.0285762406	9.843
3074	0	4	1	433	27	22.1141112543	34.9140610787	38.9597751805	8.504
3074	0	4	2	1781	111	22.1141112543	35.0257542109	39.0714683127	8.882
3075	0	4	1	1253	78	24.5002815664	29.3209140913	33.8031713021	6.189
3075	0	4	2	2601	162	24.5002815664	28.7680779398	33.2503351506	22.031
3076	0	4	1	438	27	16.6368670523	29.061445911	32.105113679	11.134
3076	0	4	2	1783	111	16.6368670523	28.3476329101	31.3913006782	19.181
3077	0	4	1	487	30	21.3471420339	30.1693128399	34.0747120923	14.504
3077	0	4	2	1833	114	21.3471420339	30.2711042016	34.176503454	4.63
3078	0	4	1	765	47	24.5292309092	20.6329440745	25.1204974858	21.874
3078	0	4	2	2107	131	24.5292309092	20.1818151517	24.6693685629	7.717
3079	0	4	1	1097	68	17.3742457211	34.3180416191	37.4966107289	9.842
3079	0	4	2	2444	152	17.3742457211	32.8205208374	35.9990899472	10
3080	0	4	1	493	30	23.3998002406	28.9995918515	33.2805191167	7.134
3080	0	4	2	1838	114	23.3998002406	27.1313308681	31.4122581332	11.197
3081	0	4	1	441	27	18.3413126979	32.0803042262	35.4357955039	11.654
3081	0	4	2	1787	111	18.3413126979	31.0422380502	34.3977293279	7.717
3082	0	4	1	413	25	19.7005244663	34.0932461089	37.697401335	8.662
3082	0	4	2	1760	110	19.7005244663	33.5499133261	37.1540685521	16.22
3083	0	4	1	1097	68	19.1070009014	32.2239560512	35.7195278199	7.118
3083	0	4	2	2446	152	19.1070009014	37.5753711401	41.0709429088	4.095
