-------[ 2024-10-01 00:00:00 ] # Start GEP

#earm.cdet.nchan = 2720

##Detector Map
earm.cdet.detmap =
## crate roc id,  slot,  start_ch,  end_ch,  ref ch
63	3	32	47	-1
63	3	48	63	-1
63	3	64	79	-1
63	3	80	95	-1
63	3	96	111	-1
63	3	112	127	-1
63	3	128	143	-1
63	3	144	159	-1
63	3	160	175	-1
63	3	176	191	-1
63	3	192	207	-1
63	3	208	223	-1
63	4	32	47	-1
63	4	48	63	-1
63	4	64	79	-1
63	4	80	95	-1
63	4	96	111	-1
63	4	112	127	-1
63	4	128	143	-1
63	4	144	159	-1
63	4	160	175	-1
63	4	176	191	-1
63	4	192	207	-1
63	4	208	223	-1
63	5	32	47	-1
63	5	48	63	-1
63	5	64	79	-1
63	5	80	95	-1
63	5	96	111	-1
63	5	112	127	-1
63	5	128	143	-1
63	5	144	159	-1
63	5	160	175	-1
63	5	176	191	-1
63	5	192	207	-1
63	5	208	223	-1
63	6	32	47	-1
63	6	48	63	-1
63	6	64	79	-1
63	6	80	95	-1
63	6	96	111	-1
63	6	112	127	-1
63	6	128	143	-1
63	6	144	159	-1
63	6	160	175	-1
63	6	176	191	-1
63	6	192	207	-1
63	6	208	223	-1
63	7	32	47	-1
63	7	48	63	-1
63	7	64	79	-1
63	7	80	95	-1
63	7	96	111	-1
63	7	112	127	-1
63	7	128	143	-1
63	7	144	159	-1
63	8	32	47	-1
63	8	48	63	-1
63	8	64	79	-1
63	8	80	95	-1
63	8	96	111	-1
63	8	112	127	-1
63	8	128	143	-1
63	8	144	159	-1
63	8	160	175	-1
63	8	176	191	-1
63	8	192	207	-1
63	8	208	223	-1
63	9	32	47	-1
63	9	48	63	-1
63	9	64	79	-1
63	9	80	95	-1
63	9	96	111	-1
63	9	112	127	-1
63	9	128	143	-1
63	9	144	159	-1
63	9	160	175	-1
63	9	176	191	-1
63	9	192	207	-1
63	9	208	223	-1
63	10	32	47	-1
63	10	48	63	-1
63	10	64	79	-1
63	10	80	95	-1
63	10	160	175	-1
63	10	176	191	-1
63	10	192	207	-1
63	10	208	223	-1
63	10	128	143	-1
63	10	144	159	-1
63	14	64	79	-1
63	14	80	95	-1
63	14	96	111	-1
63	14	112	127	-1
63	14	128	143	-1
63	14	144	159	-1
63	13	160	175	-1
63	13	176	191	-1
63	13	192	207	-1
63	13	208	223	-1
63	15	32	47	-1
63	15	48	63	-1
63	15	64	79	-1
63	15	80	95	-1
63	15	96	111	-1
63	15	112	127	-1
63	15	128	143	-1
63	15	144	159	-1
63	14	160	175	-1
63	14	176	191	-1
63	14	192	207	-1
63	14	208	223	-1
63	16	32	47	-1
63	16	48	63	-1
63	16	64	79	-1
63	16	80	95	-1
63	16	96	111	-1
63	16	112	127	-1
63	16	128	143	-1
63	16	144	159	-1
63	17	32	47	-1
63	17	48	63	-1
63	17	64	79	-1
63	17	80	95	-1
63	17	96	111	-1
63	17	112	127	-1
63	17	128	143	-1
63	17	144	159	-1
63	16	160	175	-1
63	16	176	191	-1
63	16	192	207	-1
63	16	208	223	-1
63	18	32	47	-1
63	18	48	63	-1
63	18	64	79	-1
63	18	80	95	-1
63	18	96	111	-1
63	18	112	127	-1
63	18	128	143	-1
63	18	144	159	-1
63	17	160	175	-1
63	17	176	191	-1
63	17	192	207	-1
63	17	208	223	-1
63	19	32	47	-1
63	19	48	63	-1
63	19	64	79	-1
63	19	80	95	-1
63	19	96	111	-1
63	19	112	127	-1
63	19	128	143	-1
63	19	144	159	-1
63	18	160	175	-1
63	18	176	191	-1
63	18	192	207	-1
63	18	208	223	-1
63	13	32	47	-1
63	13	48	63	-1
63	13	64	79	-1
63	13	80	95	-1
63	13	96	111	-1
63	13	112	127	-1
63	13	128	143	-1
63	13	144	159	-1
63	19	160	175	-1
63	19	176	191	-1
63	19	192	207	-1
63	19	208	223	-1
63	20	32	35	-1
63	20	36	39	-1
63	20	40	43	-1
63	20	44	47	-1

##Channel map from channel to logical channel
earm.cdet.start_chanmap=0
earm.cdet.chanmap =
0 1 2 3 4 5 6 7 8 9 10 11 12 13 14 15 
16 17 18 19 20 21 22 23 24 25 26 27 28 29 30 31 
32 33 34 35 36 37 38 39 40 41 42 43 44 45 46 47 
48 49 50 51 52 53 54 55 56 57 58 59 60 61 62 63 
64 65 66 67 68 69 70 71 72 73 74 75 76 77 78 79 
80 81 82 83 84 85 86 87 88 89 90 91 92 93 94 95 
96 97 98 99 100 101 102 103 104 105 106 107 108 109 110 111 
112 113 114 115 116 117 118 119 120 121 122 123 124 125 126 127 
128 129 130 131 132 133 134 135 136 137 138 139 140 141 142 143 
144 145 146 147 148 149 150 151 152 153 154 155 156 157 158 159 
160 161 162 163 164 165 166 167 168 169 170 171 172 173 174 175 
176 177 178 179 180 181 182 183 184 185 186 187 188 189 190 191 
192 193 194 195 196 197 198 199 200 201 202 203 204 205 206 207 
208 209 210 211 212 213 214 215 216 217 218 219 220 221 222 223 
224 225 226 227 228 229 230 231 232 233 234 235 236 237 238 239 
240 241 242 243 244 245 246 247 248 249 250 251 252 253 254 255 
256 257 258 259 260 261 262 263 264 265 266 267 268 269 270 271 
272 273 274 275 276 277 278 279 280 281 282 283 284 285 286 287 
288 289 290 291 292 293 294 295 296 297 298 299 300 301 302 303 
304 305 306 307 308 309 310 311 312 313 314 315 316 317 318 319 
320 321 322 323 324 325 326 327 328 329 330 331 332 333 334 335 
336 337 338 339 340 341 342 343 344 345 346 347 348 349 350 351 
352 353 354 355 356 357 358 359 360 361 362 363 364 365 366 367 
368 369 370 371 372 373 374 375 376 377 378 379 380 381 382 383 
384 385 386 387 388 389 390 391 392 393 394 395 396 397 398 399 
400 401 402 403 404 405 406 407 408 409 410 411 412 413 414 415 
416 417 418 419 420 421 422 423 424 425 426 427 428 429 430 431 
432 433 434 435 436 437 438 439 440 441 442 443 444 445 446 447 
448 449 450 451 452 453 454 455 456 457 458 459 460 461 462 463 
464 465 466 467 468 469 470 471 472 473 474 475 476 477 478 479 
480 481 482 483 484 485 486 487 488 489 490 491 492 493 494 495 
496 497 498 499 500 501 502 503 504 505 506 507 508 509 510 511 
512 513 514 515 516 517 518 519 520 521 522 523 524 525 526 527 
528 529 530 531 532 533 534 535 536 537 538 539 540 541 542 543 
544 545 546 547 548 549 550 551 552 553 554 555 556 557 558 559 
560 561 562 563 564 565 566 567 568 569 570 571 572 573 574 575 
576 577 578 579 580 581 582 583 584 585 586 587 588 589 590 591 
592 593 594 595 596 597 598 599 600 601 602 603 604 605 606 607 
608 609 610 611 612 613 614 615 616 617 618 619 620 621 622 623 
624 625 626 627 628 629 630 631 632 633 634 635 636 637 638 639 
640 641 642 643 644 645 646 647 648 649 650 651 652 653 654 655 
656 657 658 659 660 661 662 663 664 665 666 667 668 669 670 671 
687 686 685 684 683 682 681 680 679 678 677 676 675 674 673 672 
703 702 701 700 699 698 697 696 695 694 693 692 691 690 689 688 
719 718 717 716 715 714 713 712 711 710 709 708 707 706 705 704 
735 734 733 732 731 730 729 728 727 726 725 724 723 722 721 720 
751 750 749 748 747 746 745 744 743 742 741 740 739 738 737 736 
767 766 765 764 763 762 761 760 759 758 757 756 755 754 753 752 
783 782 781 780 779 778 777 776 775 774 773 772 771 770 769 768 
799 798 797 796 795 794 793 792 791 790 789 788 787 786 785 784 
815 814 813 812 811 810 809 808 807 806 805 804 803 802 801 800 
831 830 829 828 827 826 825 824 823 822 821 820 819 818 817 816 
847 846 845 844 843 842 841 840 839 838 837 836 835 834 833 832 
863 862 861 860 859 858 857 856 855 854 853 852 851 850 849 848 
879 878 877 876 875 874 873 872 871 870 869 868 867 866 865 864 
895 894 893 892 891 890 889 888 887 886 885 884 883 882 881 880 
911 910 909 908 907 906 905 904 903 902 901 900 899 898 897 896 
927 926 925 924 923 922 921 920 919 918 917 916 915 914 913 912 
943 942 941 940 939 938 937 936 935 934 933 932 931 930 929 928 
959 958 957 956 955 954 953 952 951 950 949 948 947 946 945 944 
975 974 973 972 971 970 969 968 967 966 965 964 963 962 961 960 
991 990 989 988 987 986 985 984 983 982 981 980 979 978 977 976 
1007 1006 1005 1004 1003 1002 1001 1000 999 998 997 996 995 994 993 992 
1023 1022 1021 1020 1019 1018 1017 1016 1015 1014 1013 1012 1011 1010 1009 1008 
1039 1038 1037 1036 1035 1034 1033 1032 1031 1030 1029 1028 1027 1026 1025 1024 
1055 1054 1053 1052 1051 1050 1049 1048 1047 1046 1045 1044 1043 1042 1041 1040 
1071 1070 1069 1068 1067 1066 1065 1064 1063 1062 1061 1060 1059 1058 1057 1056 
1087 1086 1085 1084 1083 1082 1081 1080 1079 1078 1077 1076 1075 1074 1073 1072 
1103 1102 1101 1100 1099 1098 1097 1096 1095 1094 1093 1092 1091 1090 1089 1088 
1119 1118 1117 1116 1115 1114 1113 1112 1111 1110 1109 1108 1107 1106 1105 1104 
1135 1134 1133 1132 1131 1130 1129 1128 1127 1126 1125 1124 1123 1122 1121 1120 
1151 1150 1149 1148 1147 1146 1145 1144 1143 1142 1141 1140 1139 1138 1137 1136 
1167 1166 1165 1164 1163 1162 1161 1160 1159 1158 1157 1156 1155 1154 1153 1152 
1183 1182 1181 1180 1179 1178 1177 1176 1175 1174 1173 1172 1171 1170 1169 1168 
1199 1198 1197 1196 1195 1194 1193 1192 1191 1190 1189 1188 1187 1186 1185 1184 
1215 1214 1213 1212 1211 1210 1209 1208 1207 1206 1205 1204 1203 1202 1201 1200 
1231 1230 1229 1228 1227 1226 1225 1224 1223 1222 1221 1220 1219 1218 1217 1216 
1247 1246 1245 1244 1243 1242 1241 1240 1239 1238 1237 1236 1235 1234 1233 1232 
1263 1262 1261 1260 1259 1258 1257 1256 1255 1254 1253 1252 1251 1250 1249 1248 
1279 1278 1277 1276 1275 1274 1273 1272 1271 1270 1269 1268 1267 1266 1265 1264 
1295 1294 1293 1292 1291 1290 1289 1288 1287 1286 1285 1284 1283 1282 1281 1280 
1311 1310 1309 1308 1307 1306 1305 1304 1303 1302 1301 1300 1299 1298 1297 1296 
1327 1326 1325 1324 1323 1322 1321 1320 1319 1318 1317 1316 1315 1314 1313 1312 
1343 1342 1341 1340 1339 1338 1337 1336 1335 1334 1333 1332 1331 1330 1329 1328 
1344 1345 1346 1347 1348 1349 1350 1351 1352 1353 1354 1355 1356 1357 1358 1359 
1360 1361 1362 1363 1364 1365 1366 1367 1368 1369 1370 1371 1372 1373 1374 1375 
1376 1377 1378 1379 1380 1381 1382 1383 1384 1385 1386 1387 1388 1389 1390 1391 
1392 1393 1394 1395 1396 1397 1398 1399 1400 1401 1402 1403 1404 1405 1406 1407 
1408 1409 1410 1411 1412 1413 1414 1415 1416 1417 1418 1419 1420 1421 1422 1423 
1424 1425 1426 1427 1428 1429 1430 1431 1432 1433 1434 1435 1436 1437 1438 1439 
1440 1441 1442 1443 1444 1445 1446 1447 1448 1449 1450 1451 1452 1453 1454 1455 
1456 1457 1458 1459 1460 1461 1462 1463 1464 1465 1466 1467 1468 1469 1470 1471 
1472 1473 1474 1475 1476 1477 1478 1479 1480 1481 1482 1483 1484 1485 1486 1487 
1488 1489 1490 1491 1492 1493 1494 1495 1496 1497 1498 1499 1500 1501 1502 1503 
1504 1505 1506 1507 1508 1509 1510 1511 1512 1513 1514 1515 1516 1517 1518 1519 
1520 1521 1522 1523 1524 1525 1526 1527 1528 1529 1530 1531 1532 1533 1534 1535 
1536 1537 1538 1539 1540 1541 1542 1543 1544 1545 1546 1547 1548 1549 1550 1551 
1552 1553 1554 1555 1556 1557 1558 1559 1560 1561 1562 1563 1564 1565 1566 1567 
1568 1569 1570 1571 1572 1573 1574 1575 1576 1577 1578 1579 1580 1581 1582 1583 
1584 1585 1586 1587 1588 1589 1590 1591 1592 1593 1594 1595 1596 1597 1598 1599 
1600 1601 1602 1603 1604 1605 1606 1607 1608 1609 1610 1611 1612 1613 1614 1615 
1616 1617 1618 1619 1620 1621 1622 1623 1624 1625 1626 1627 1628 1629 1630 1631 
1632 1633 1634 1635 1636 1637 1638 1639 1640 1641 1642 1643 1644 1645 1646 1647 
1648 1649 1650 1651 1652 1653 1654 1655 1656 1657 1658 1659 1660 1661 1662 1663 
1664 1665 1666 1667 1668 1669 1670 1671 1672 1673 1674 1675 1676 1677 1678 1679 
1680 1681 1682 1683 1684 1685 1686 1687 1688 1689 1690 1691 1692 1693 1694 1695 
1696 1697 1698 1699 1700 1701 1702 1703 1704 1705 1706 1707 1708 1709 1710 1711 
1712 1713 1714 1715 1716 1717 1718 1719 1720 1721 1722 1723 1724 1725 1726 1727 
1728 1729 1730 1731 1732 1733 1734 1735 1736 1737 1738 1739 1740 1741 1742 1743 
1744 1745 1746 1747 1748 1749 1750 1751 1752 1753 1754 1755 1756 1757 1758 1759 
1760 1761 1762 1763 1764 1765 1766 1767 1768 1769 1770 1771 1772 1773 1774 1775 
1776 1777 1778 1779 1780 1781 1782 1783 1784 1785 1786 1787 1788 1789 1790 1791 
1792 1793 1794 1795 1796 1797 1798 1799 1800 1801 1802 1803 1804 1805 1806 1807 
1808 1809 1810 1811 1812 1813 1814 1815 1816 1817 1818 1819 1820 1821 1822 1823 
1824 1825 1826 1827 1828 1829 1830 1831 1832 1833 1834 1835 1836 1837 1838 1839 
1840 1841 1842 1843 1844 1845 1846 1847 1848 1849 1850 1851 1852 1853 1854 1855 
1856 1857 1858 1859 1860 1861 1862 1863 1864 1865 1866 1867 1868 1869 1870 1871 
1872 1873 1874 1875 1876 1877 1878 1879 1880 1881 1882 1883 1884 1885 1886 1887 
1888 1889 1890 1891 1892 1893 1894 1895 1896 1897 1898 1899 1900 1901 1902 1903 
1904 1905 1906 1907 1908 1909 1910 1911 1912 1913 1914 1915 1916 1917 1918 1919 
1920 1921 1922 1923 1924 1925 1926 1927 1928 1929 1930 1931 1932 1933 1934 1935 
1936 1937 1938 1939 1940 1941 1942 1943 1944 1945 1946 1947 1948 1949 1950 1951 
1952 1953 1954 1955 1956 1957 1958 1959 1960 1961 1962 1963 1964 1965 1966 1967 
1968 1969 1970 1971 1972 1973 1974 1975 1976 1977 1978 1979 1980 1981 1982 1983 
1984 1985 1986 1987 1988 1989 1990 1991 1992 1993 1994 1995 1996 1997 1998 1999 
2000 2001 2002 2003 2004 2005 2006 2007 2008 2009 2010 2011 2012 2013 2014 2015 
2031 2030 2029 2028 2027 2026 2025 2024 2023 2022 2021 2020 2019 2018 2017 2016 
2047 2046 2045 2044 2043 2042 2041 2040 2039 2038 2037 2036 2035 2034 2033 2032 
2063 2062 2061 2060 2059 2058 2057 2056 2055 2054 2053 2052 2051 2050 2049 2048 
2079 2078 2077 2076 2075 2074 2073 2072 2071 2070 2069 2068 2067 2066 2065 2064 
2095 2094 2093 2092 2091 2090 2089 2088 2087 2086 2085 2084 2083 2082 2081 2080 
2111 2110 2109 2108 2107 2106 2105 2104 2103 2102 2101 2100 2099 2098 2097 2096 
2127 2126 2125 2124 2123 2122 2121 2120 2119 2118 2117 2116 2115 2114 2113 2112 
2143 2142 2141 2140 2139 2138 2137 2136 2135 2134 2133 2132 2131 2130 2129 2128 
2159 2158 2157 2156 2155 2154 2153 2152 2151 2150 2149 2148 2147 2146 2145 2144 
2175 2174 2173 2172 2171 2170 2169 2168 2167 2166 2165 2164 2163 2162 2161 2160 
2191 2190 2189 2188 2187 2186 2185 2184 2183 2182 2181 2180 2179 2178 2177 2176 
2207 2206 2205 2204 2203 2202 2201 2200 2199 2198 2197 2196 2195 2194 2193 2192 
2223 2222 2221 2220 2219 2218 2217 2216 2215 2214 2213 2212 2211 2210 2209 2208 
2239 2238 2237 2236 2235 2234 2233 2232 2231 2230 2229 2228 2227 2226 2225 2224 
2255 2254 2253 2252 2251 2250 2249 2248 2247 2246 2245 2244 2243 2242 2241 2240 
2271 2270 2269 2268 2267 2266 2265 2264 2263 2262 2261 2260 2259 2258 2257 2256 
2287 2286 2285 2284 2283 2282 2281 2280 2279 2278 2277 2276 2275 2274 2273 2272 
2303 2302 2301 2300 2299 2298 2297 2296 2295 2294 2293 2292 2291 2290 2289 2288 
2319 2318 2317 2316 2315 2314 2313 2312 2311 2310 2309 2308 2307 2306 2305 2304 
2335 2334 2333 2332 2331 2330 2329 2328 2327 2326 2325 2324 2323 2322 2321 2320 
2351 2350 2349 2348 2347 2346 2345 2344 2343 2342 2341 2340 2339 2338 2337 2336 
2367 2366 2365 2364 2363 2362 2361 2360 2359 2358 2357 2356 2355 2354 2353 2352 
2383 2382 2381 2380 2379 2378 2377 2376 2375 2374 2373 2372 2371 2370 2369 2368 
2399 2398 2397 2396 2395 2394 2393 2392 2391 2390 2389 2388 2387 2386 2385 2384 
2415 2414 2413 2412 2411 2410 2409 2408 2407 2406 2405 2404 2403 2402 2401 2400 
2431 2430 2429 2428 2427 2426 2425 2424 2423 2422 2421 2420 2419 2418 2417 2416 
2447 2446 2445 2444 2443 2442 2441 2440 2439 2438 2437 2436 2435 2434 2433 2432 
2463 2462 2461 2460 2459 2458 2457 2456 2455 2454 2453 2452 2451 2450 2449 2448 
2479 2478 2477 2476 2475 2474 2473 2472 2471 2470 2469 2468 2467 2466 2465 2464 
2495 2494 2493 2492 2491 2490 2489 2488 2487 2486 2485 2484 2483 2482 2481 2480 
2511 2510 2509 2508 2507 2506 2505 2504 2503 2502 2501 2500 2499 2498 2497 2496 
2527 2526 2525 2524 2523 2522 2521 2520 2519 2518 2517 2516 2515 2514 2513 2512 
2543 2542 2541 2540 2539 2538 2537 2536 2535 2534 2533 2532 2531 2530 2529 2528 
2559 2558 2557 2556 2555 2554 2553 2552 2551 2550 2549 2548 2547 2546 2545 2544 
2575 2574 2573 2572 2571 2570 2569 2568 2567 2566 2565 2564 2563 2562 2561 2560 
2591 2590 2589 2588 2587 2586 2585 2584 2583 2582 2581 2580 2579 2578 2577 2576 
2607 2606 2605 2604 2603 2602 2601 2600 2599 2598 2597 2596 2595 2594 2593 2592 
2623 2622 2621 2620 2619 2618 2617 2616 2615 2614 2613 2612 2611 2610 2609 2608 
2639 2638 2637 2636 2635 2634 2633 2632 2631 2630 2629 2628 2627 2626 2625 2624 
2655 2654 2653 2652 2651 2650 2649 2648 2647 2646 2645 2644 2643 2642 2641 2640 
2671 2670 2669 2668 2667 2666 2665 2664 2663 2662 2661 2660 2659 2658 2657 2656 
2687 2686 2685 2684 2683 2682 2681 2680 2679 2678 2677 2676 2675 2674 2673 2672 
2688 2689 2690 2691 2692 2693 2694 2695 2696 2697 2698 2699 2700 2701 2702 2703


earm.cdet.position = 0.0 0.0 9.3

earm.cdet.size = 2.9619 1.250811 0.25
#earm.cdet.xyz = 1.45074 -0.564624 0.0
#earm.cdet.dxdydz = 0.04293 0.04293 0.0

## CDet rows and columns
earm.cdet.nrows = 4 
## Nice! Now the number of columns for each row
##### Shouldn't ncols be 672?? --I think not because we need to account for reference channel, probably 673
earm.cdet.ncols = 676
earm.cdet.nlayers = 1 	
earm.cdet.xyz = 0.0 0.0 0.0 #Overridden by detailed ypos and xpos below
earm.cdet.dxdydz = 0.50 0.005 0.04 #Overridden by detailed ypos and xpos below

## adc channels to mV assume F250 set fot 2V for 4096
#earm.cdet.adc.conv = 0.2441
# Threshold for pulse finding in waveform (mV)
#earm.cdet.adc.thres = 5.0
# Number of bins (bin=4ns) at the beginning of waveform used to determing average Pedestal
#earm.cdet.adc.NPedBin = 4
# Number of bins (bin=4ns) before Threshold Bin to use in integrating
#earm.cdet.adc.NSB = 10 #3
# Number of bins (bin=4ns) before Threshold Bin to use in integrating pulse
#earm.cdet.adc.NSA = 55 #10
# Number of bin for fixed Threshold if no Threshold Crossing is found
#earm.cdet.adc.FixThresBin = 14

#Convert adc integral in pC to GeV
#earm.cdet.adc.gain = 1 # 0.001

## ** Parameters related to ECAL clustering **
## Maximum distance difference between cluster seed and additional clusters, set to 0.3 m
#earm.cdet.Rmax_dis = 0.0608
## Mininum energy  for a cluster center (not really used right now)
#earm.cdet.emin  = 0.005
#earm.cdet.emin_clSeed = 0.005
## Maximum time difference between cluster seed & additional clusters [Default = 1000ns]
#earm.cdet.tmax = 1000.0


earm.cdet.xpos = 
1.533 1.528 1.523 999.000 1.517 1.512 1.507 1.502 1.496 1.491 1.486 1.481 1.476 999.000 1.470 1.465 
1.460 1.455 1.450 1.444 1.439 1.434 1.429 1.423 1.418 1.413 1.408 1.403 999.000 1.397 1.392 999.000 
1.387 1.382 1.377 1.371 1.366 1.361 1.356 1.351 1.345 999.000 999.000 1.340 1.335 1.330 1.324 1.319 
1.314 1.309 1.304 1.298 1.293 1.288 1.283 1.278 1.272 999.000 1.267 999.000 1.262 1.257 1.251 1.246 
1.241 999.000 1.236 1.231 1.225 1.220 1.215 1.210 1.204 1.199 1.194 1.189 1.184 1.178 1.173 999.000 
1.168 1.163 1.158 999.000 1.152 1.147 1.142 1.137 1.131 1.126 1.121 1.116 1.111 1.105 1.100 999.000 
1.095 1.090 1.085 1.079 1.074 1.069 1.064 1.058 1.053 1.048 1.043 1.038 1.032 999.000 1.027 999.000 
1.022 1.017 1.012 999.000 1.006 1.001 0.996 0.991 0.985 0.980 0.975 0.970 0.965 0.959 0.954 999.000 
0.949 0.944 0.939 0.933 0.928 0.923 0.918 0.912 0.907 0.902 0.897 0.892 999.000 0.886 0.881 999.000 
0.876 999.000 0.871 0.866 0.860 0.855 0.850 0.845 0.840 0.834 0.829 0.824 999.000 0.819 0.813 0.808 
0.803 0.798 0.793 0.787 0.782 0.777 0.772 0.767 0.761 0.756 0.751 0.746 999.000 0.740 0.735 999.000 
999.000 0.730 0.725 0.720 0.714 0.709 0.704 0.699 0.694 0.688 0.683 0.678 999.000 0.673 0.667 0.662 
0.657 0.652 0.647 999.000 0.641 0.636 0.631 999.000 0.626 0.620 0.615 0.610 0.605 0.600 0.594 0.589 
0.584 0.579 0.574 0.568 0.563 999.000 0.558 0.553 0.548 0.542 0.537 0.532 999.000 0.527 0.521 0.516 
0.511 0.506 0.501 0.495 0.490 0.485 0.480 0.475 0.469 0.464 0.459 0.454 999.000 0.448 0.443 999.000 
0.438 0.433 0.428 0.422 999.000 0.417 0.412 0.407 0.402 0.396 0.391 0.386 0.381 0.375 0.370 999.000 
0.365 0.360 0.355 0.349 0.344 0.339 0.334 0.329 0.323 0.318 0.313 0.308 999.000 0.302 0.297 999.000 
0.292 0.287 0.282 0.276 0.271 0.266 0.261 0.256 0.250 0.245 0.240 0.235 999.000 0.229 0.224 999.000 
0.219 0.214 0.209 0.203 0.198 0.193 0.188 0.183 0.177 0.172 0.167 0.162 999.000 0.156 0.151 999.000 
0.146 0.141 0.136 999.000 0.130 0.125 0.120 0.115 0.109 0.104 0.099 0.094 0.089 0.083 0.078 999.000 
0.073 0.068 0.063 0.057 0.052 0.047 0.042 0.037 0.031 0.026 0.021 0.016 999.000 0.010 0.005 999.000 
0.000 -0.005 -0.010 999.000 -0.016 -0.021 -0.026 -0.031 -0.036 -0.042 -0.047 -0.052 -0.057 -0.063 -0.068 999.000 
-0.073 -0.078 999.000 -0.083 -0.089 -0.094 -0.099 -0.104 -0.109 -0.115 -0.120 -0.125 999.000 -0.130 -0.136 -0.141 
-0.146 -0.151 -0.156 999.000 -0.162 -0.167 -0.172 -0.177 -0.182 -0.188 -0.193 -0.198 -0.203 999.000 -0.209 -0.214 
999.000 -0.219 -0.224 -0.229 -0.235 -0.240 -0.245 -0.250 -0.256 -0.261 -0.266 -0.271 999.000 -0.276 -0.282 -0.287 
-0.292 999.000 -0.297 -0.302 -0.308 -0.313 -0.318 -0.323 -0.328 -0.334 999.000 -0.339 -0.344 -0.349 -0.355 -0.360 
-0.365 -0.370 -0.375 999.000 -0.381 -0.386 -0.391 999.000 -0.396 -0.402 -0.407 -0.412 -0.417 -0.422 -0.428 -0.433 
-0.438 -0.443 -0.448 999.000 999.000 -0.454 -0.459 -0.464 -0.469 -0.474 -0.480 -0.485 -0.490 -0.495 -0.501 -0.506 
-0.511 -0.516 -0.521 999.000 -0.527 -0.532 -0.537 -0.542 -0.548 -0.553 -0.558 -0.563 -0.568 999.000 -0.574 -0.579 
-0.584 999.000 -0.589 -0.594 -0.600 -0.605 -0.610 -0.615 -0.620 -0.626 -0.631 -0.636 -0.641 -0.647 -0.652 999.000 
999.000 -0.657 -0.662 999.000 -0.667 -0.673 -0.678 -0.683 -0.688 -0.694 -0.699 -0.704 -0.709 -0.714 -0.720 -0.725 
-0.730 -0.735 -0.740 -0.746 -0.751 -0.756 -0.761 -0.766 -0.772 -0.777 -0.782 -0.787 999.000 -0.793 -0.798 999.000 
999.000 -0.803 -0.808 999.000 -0.813 -0.819 -0.824 -0.829 -0.834 -0.839 -0.845 -0.850 -0.855 -0.860 -0.866 -0.871 
-0.876 -0.881 -0.886 -0.892 -0.897 -0.902 -0.907 -0.912 -0.918 -0.923 -0.928 -0.933 999.000 -0.939 -0.944 999.000 
-0.949 -0.954 999.000 -0.959 -0.965 -0.970 -0.975 -0.980 -0.985 -0.991 -0.996 -1.001 -1.006 -1.012 -1.017 999.000 
-1.022 -1.027 -1.032 999.000 -1.038 -1.043 -1.048 -1.053 -1.058 -1.064 -1.069 -1.074 -1.079 999.000 -1.085 -1.090 
999.000 -1.095 -1.100 -1.105 -1.111 -1.116 -1.121 -1.126 -1.131 -1.137 -1.142 -1.147 -1.152 999.000 -1.158 -1.163 
-1.168 -1.173 -1.178 -1.184 999.000 -1.189 -1.194 -1.199 -1.204 -1.210 -1.215 -1.220 -1.225 999.000 -1.231 -1.236 
-1.241 999.000 999.000 -1.246 -1.251 -1.257 -1.262 -1.267 -1.272 -1.277 -1.283 -1.288 -1.293 -1.298 -1.304 -1.309 
-1.314 -1.319 -1.324 999.000 -1.330 -1.335 -1.340 -1.345 -1.350 -1.356 -1.361 -1.366 -1.371 -1.377 999.000 -1.382 
-1.387 -1.392 -1.397 999.000 -1.403 -1.408 -1.413 -1.418 -1.423 -1.429 -1.434 -1.439 -1.444 -1.450 -1.455 999.000 
999.000 -1.460 -1.465 -1.470 -1.476 -1.481 -1.486 -1.491 -1.496 999.000 -1.502 -1.507 -1.512 -1.517 -1.523 -1.528 
1.533 1.528 999.000 999.000 1.523 1.517 1.512 1.507 1.502 1.496 1.491 1.486 1.481 1.476 1.470 1.465 
1.460 1.455 1.450 1.444 1.439 1.434 1.429 1.423 999.000 1.418 1.413 1.408 1.403 1.397 1.392 999.000 
1.387 1.382 1.377 999.000 1.371 999.000 1.366 1.361 1.356 1.351 1.345 1.340 1.335 1.330 1.324 1.319 
1.314 1.309 1.304 1.298 1.293 999.000 1.288 1.283 1.277 999.000 1.272 1.267 1.262 1.257 1.251 1.246 
1.241 1.236 999.000 1.231 1.225 1.220 1.215 1.210 1.204 1.199 1.194 1.189 999.000 1.184 1.178 1.173 
999.000 1.168 1.163 1.158 1.152 1.147 1.142 1.137 1.131 1.126 1.121 1.116 1.111 1.105 999.000 1.100 
1.095 1.090 1.085 1.079 1.074 1.069 1.064 1.058 1.053 999.000 1.048 1.043 999.000 1.038 1.032 1.027 
999.000 1.022 1.017 1.012 1.006 1.001 0.996 999.000 0.991 0.985 0.980 0.975 0.970 0.965 0.959 0.954 
999.000 0.949 0.944 0.939 0.933 0.928 0.923 0.918 0.912 0.907 0.902 0.897 999.000 0.892 0.886 0.881 
0.876 0.871 999.000 0.866 0.860 0.855 0.850 0.845 0.840 0.834 0.829 0.824 999.000 0.819 0.813 0.808 
0.803 0.798 0.793 0.787 0.782 0.777 0.772 0.767 0.761 0.756 0.751 0.746 999.000 0.740 0.735 999.000 
0.730 0.725 999.000 0.720 0.714 0.709 0.704 0.699 0.694 0.688 0.683 0.678 999.000 0.673 0.667 0.662 
0.657 0.652 0.647 999.000 999.000 0.641 0.636 0.631 0.626 0.620 0.615 0.610 0.605 0.600 0.594 0.589 
0.584 0.579 0.574 0.568 999.000 999.000 0.563 0.558 0.553 0.547 0.542 0.537 0.532 0.527 0.521 0.516 
0.511 0.506 0.501 0.495 999.000 0.490 0.485 0.480 999.000 0.474 0.469 0.464 0.459 0.454 0.448 0.443 
999.000 0.438 0.433 0.428 0.422 0.417 0.412 0.407 0.402 0.396 0.391 0.386 0.381 0.375 0.370 999.000 
0.365 0.360 0.355 0.349 0.344 0.339 0.334 0.329 0.323 0.318 0.313 0.308 999.000 0.302 0.297 999.000 
0.292 999.000 0.287 999.000 0.282 0.276 0.271 0.266 0.261 0.256 0.250 0.245 0.240 0.235 0.229 0.224 
0.219 0.214 0.209 0.203 0.198 0.193 0.188 999.000 0.182 0.177 0.172 999.000 0.167 0.162 0.156 0.151 
0.146 0.141 0.136 0.130 0.125 0.120 0.115 0.110 0.104 0.099 999.000 0.094 0.089 0.083 0.078 999.000 
0.073 0.068 0.063 0.057 0.052 0.047 0.042 0.037 0.031 0.026 0.021 0.016 0.010 999.000 0.005 999.000 
0.000 -0.005 -0.010 999.000 -0.016 -0.021 -0.026 -0.031 -0.036 -0.042 -0.047 -0.052 -0.057 -0.063 -0.068 999.000 
-0.073 -0.078 -0.083 999.000 999.000 -0.089 -0.094 -0.099 -0.104 -0.109 -0.115 -0.120 -0.125 -0.130 -0.136 -0.141 
-0.146 -0.151 -0.156 999.000 -0.162 -0.167 -0.172 -0.177 -0.182 -0.188 999.000 -0.193 -0.198 -0.203 -0.209 -0.214 
-0.219 -0.224 -0.229 -0.235 -0.240 -0.245 -0.250 -0.255 -0.261 -0.266 999.000 -0.271 999.000 -0.276 -0.282 -0.287 
999.000 -0.292 -0.297 999.000 -0.302 -0.308 -0.313 -0.318 -0.323 -0.328 -0.334 -0.339 -0.344 -0.349 -0.355 -0.360 
999.000 -0.365 -0.370 -0.375 -0.381 -0.386 -0.391 -0.396 -0.402 -0.407 -0.412 -0.417 -0.422 -0.428 999.000 -0.433 
-0.438 -0.443 999.000 -0.448 -0.454 -0.459 -0.464 -0.469 -0.474 -0.480 -0.485 -0.490 -0.495 -0.501 -0.506 999.000 
-0.511 999.000 -0.516 -0.521 -0.527 -0.532 -0.537 -0.542 -0.548 -0.553 -0.558 -0.563 -0.568 -0.574 -0.579 999.000 
-0.584 -0.589 -0.594 -0.600 -0.605 -0.610 -0.615 -0.620 -0.626 -0.631 -0.636 -0.641 999.000 -0.647 -0.652 999.000 
-0.657 -0.662 -0.667 -0.673 -0.678 -0.683 -0.688 -0.693 -0.699 -0.704 999.000 -0.709 -0.714 -0.720 999.000 -0.725 
-0.730 -0.735 -0.740 -0.746 -0.751 -0.756 -0.761 -0.766 -0.772 -0.777 999.000 -0.782 -0.787 -0.793 999.000 -0.798 
999.000 -0.803 999.000 -0.808 -0.813 -0.819 -0.824 -0.829 -0.834 -0.839 -0.845 -0.850 -0.855 -0.860 -0.866 -0.871 
-0.876 -0.881 -0.886 999.000 -0.892 -0.897 -0.902 -0.907 -0.912 -0.918 -0.923 -0.928 -0.933 -0.939 -0.944 999.000 
-0.949 -0.954 -0.959 -0.965 -0.970 -0.975 -0.980 -0.986 -0.991 -0.996 -1.001 -1.006 999.000 -1.012 -1.017 999.000 
-1.022 -1.027 -1.032 999.000 -1.038 -1.043 -1.048 -1.053 -1.058 -1.064 -1.069 -1.074 -1.079 -1.085 -1.090 999.000 
-1.095 999.000 -1.100 -1.105 999.000 -1.111 -1.116 -1.121 -1.126 -1.131 -1.137 -1.142 -1.147 -1.152 -1.158 -1.163 
-1.168 -1.173 -1.178 999.000 -1.184 -1.189 -1.194 -1.199 -1.204 -1.210 999.000 -1.215 -1.220 -1.225 -1.231 -1.236 
-1.241 -1.246 999.000 -1.251 -1.257 999.000 -1.262 -1.267 -1.272 -1.277 -1.283 -1.288 -1.293 -1.298 -1.304 -1.309 
-1.314 -1.319 -1.324 999.000 -1.330 -1.335 -1.340 -1.345 -1.350 -1.356 -1.361 -1.366 -1.371 -1.377 999.000 -1.382 
-1.387 -1.392 -1.397 -1.403 -1.408 999.000 -1.413 -1.418 -1.423 999.000 -1.429 -1.434 -1.439 -1.444 -1.450 -1.455 
-1.460 -1.465 -1.470 -1.476 -1.481 -1.486 -1.491 -1.496 -1.502 -1.507 -1.512 -1.517 999.000 999.000 -1.523 -1.528 
1.533 1.528 1.523 1.517 1.512 999.000 1.507 1.502 1.496 1.491 1.486 1.481 1.476 1.470 1.465 999.000 
1.460 1.455 1.450 1.444 1.439 1.434 1.429 1.423 1.418 1.413 1.408 1.403 999.000 1.397 1.392 999.000 
999.000 1.387 1.382 1.377 1.371 1.366 1.361 1.356 1.350 1.345 1.340 1.335 1.330 1.324 1.319 999.000 
999.000 1.314 1.309 1.304 1.298 1.293 1.288 1.283 1.277 1.272 1.267 1.262 1.257 999.000 1.251 1.246 
1.241 999.000 1.236 1.231 1.225 1.220 1.215 1.210 1.204 1.199 1.194 1.189 999.000 1.184 1.178 1.173 
1.168 1.163 1.158 1.152 999.000 1.147 1.142 1.137 1.131 1.126 1.121 1.116 1.111 1.105 1.100 999.000 
1.095 1.090 1.085 999.000 1.079 1.074 1.069 1.064 1.058 1.053 1.048 1.043 1.038 1.032 1.027 999.000 
1.022 1.017 1.012 1.006 1.001 0.996 0.991 0.985 0.980 0.975 0.970 0.965 999.000 0.959 0.954 999.000 
0.949 0.944 0.939 0.933 0.928 0.923 0.918 0.912 0.907 0.902 0.897 0.892 0.886 0.881 999.000 999.000 
0.876 0.871 0.866 0.860 0.855 0.850 0.845 0.840 0.834 0.829 0.824 0.819 999.000 0.813 0.808 999.000 
0.803 0.798 0.793 0.787 0.782 0.777 0.772 0.767 0.761 0.756 0.751 0.746 999.000 0.740 0.735 999.000 
999.000 0.730 0.725 999.000 0.720 0.714 0.709 0.704 0.699 0.694 0.688 0.683 0.678 0.673 0.667 0.662 
999.000 0.657 0.652 0.647 0.641 0.636 0.631 0.626 0.621 0.615 0.610 0.605 0.600 0.594 0.589 999.000 
0.584 0.579 0.574 0.568 0.563 999.000 0.558 0.553 0.548 0.542 0.537 0.532 0.527 0.521 0.516 999.000 
999.000 0.511 0.506 0.501 0.495 0.490 0.485 0.480 0.475 0.469 0.464 0.459 0.454 0.448 0.443 999.000 
999.000 0.438 0.433 0.428 0.422 0.417 0.412 0.407 0.402 0.396 0.391 0.386 0.381 999.000 0.375 0.370 
0.365 0.360 0.355 999.000 0.349 0.344 0.339 0.334 0.328 0.323 0.318 0.313 0.308 0.302 0.297 999.000 
0.292 999.000 0.287 0.282 0.276 0.271 0.266 0.261 0.255 0.250 0.245 0.240 0.235 999.000 0.229 0.224 
0.219 0.214 0.209 0.203 0.198 0.193 0.188 0.183 0.177 0.172 0.167 0.162 0.156 0.151 999.000 999.000 
999.000 0.146 0.141 0.136 0.130 0.125 999.000 0.120 0.115 0.110 0.104 0.099 0.094 0.089 0.083 0.078 
0.073 0.068 0.063 0.057 0.052 0.047 0.042 0.037 0.031 0.026 0.021 0.016 999.000 0.010 0.005 999.000 
0.000 -0.005 -0.010 -0.016 -0.021 -0.026 -0.031 -0.036 -0.042 -0.047 -0.052 -0.057 999.000 -0.063 -0.068 999.000 
-0.073 -0.078 -0.083 -0.089 -0.094 -0.099 -0.104 -0.109 -0.115 -0.120 -0.125 -0.130 999.000 -0.136 -0.141 999.000 
-0.146 -0.151 -0.156 999.000 -0.162 -0.167 -0.172 -0.177 -0.182 -0.188 -0.193 -0.198 -0.203 999.000 -0.209 -0.214 
-0.219 -0.224 -0.229 -0.235 999.000 -0.240 -0.245 -0.250 -0.256 -0.261 -0.266 -0.271 -0.276 -0.282 -0.287 999.000 
999.000 -0.292 -0.297 -0.302 -0.308 -0.313 -0.318 -0.323 -0.328 -0.334 -0.339 -0.344 -0.349 999.000 -0.355 -0.360 
-0.365 999.000 -0.370 -0.375 -0.381 -0.386 -0.391 -0.396 -0.402 -0.407 999.000 -0.412 -0.417 -0.422 -0.428 -0.433 
-0.438 -0.443 999.000 -0.448 -0.454 -0.459 -0.464 -0.469 -0.474 -0.480 999.000 -0.485 -0.490 -0.495 -0.501 -0.506 
-0.511 -0.516 -0.521 -0.527 -0.532 -0.537 -0.542 -0.547 -0.553 -0.558 -0.563 -0.568 999.000 -0.574 -0.579 999.000 
-0.584 -0.589 -0.594 -0.600 -0.605 -0.610 -0.615 -0.620 -0.626 -0.631 -0.636 -0.641 999.000 -0.647 -0.652 999.000 
-0.657 -0.662 -0.667 -0.673 -0.678 -0.683 -0.688 -0.693 -0.699 -0.704 -0.709 -0.714 999.000 -0.720 -0.725 999.000 
-0.730 -0.735 -0.740 -0.746 -0.751 -0.756 -0.761 -0.766 -0.772 -0.777 -0.782 -0.787 -0.793 -0.798 999.000 999.000 
999.000 -0.803 -0.808 -0.813 -0.819 -0.824 -0.829 -0.834 -0.839 -0.845 -0.850 -0.855 999.000 -0.860 -0.866 -0.871 
-0.876 -0.881 -0.886 -0.892 -0.897 999.000 -0.902 -0.907 -0.912 -0.918 -0.923 -0.928 -0.933 -0.939 -0.944 999.000 
-0.949 -0.954 -0.959 -0.965 -0.970 -0.975 -0.980 -0.986 -0.991 -0.996 -1.001 -1.006 -1.012 -1.017 999.000 999.000 
-1.022 -1.027 -1.032 -1.038 -1.043 -1.048 -1.053 -1.058 -1.064 -1.069 -1.074 -1.079 999.000 -1.085 -1.090 999.000 
-1.095 -1.100 -1.105 -1.111 -1.116 -1.121 -1.126 -1.131 -1.137 -1.142 -1.147 -1.152 -1.158 -1.163 999.000 999.000 
-1.168 -1.173 -1.178 -1.184 -1.189 -1.194 999.000 -1.199 -1.204 -1.210 -1.215 -1.220 -1.225 -1.231 -1.236 999.000 
-1.241 -1.246 -1.251 -1.257 -1.262 -1.267 -1.272 -1.277 -1.283 -1.288 -1.293 -1.298 999.000 -1.304 -1.309 999.000 
-1.314 -1.319 -1.324 -1.330 -1.335 999.000 -1.340 -1.345 -1.350 -1.356 -1.361 -1.366 -1.371 -1.377 -1.382 999.000 
-1.387 -1.392 -1.397 -1.403 999.000 -1.408 -1.413 -1.418 -1.423 -1.429 -1.434 -1.439 -1.444 -1.450 -1.455 999.000 
999.000 -1.460 -1.465 -1.470 -1.476 -1.481 -1.486 -1.491 -1.496 -1.502 -1.507 -1.512 -1.517 999.000 -1.523 -1.528 
1.533 1.528 1.523 1.517 1.512 1.507 1.502 1.496 1.491 1.486 1.481 1.476 999.000 1.470 1.465 999.000 
1.460 1.455 999.000 1.450 1.444 1.439 1.434 1.429 1.423 1.418 1.413 1.408 1.403 1.397 1.392 999.000 
999.000 1.387 1.382 999.000 1.377 1.371 1.366 1.361 1.356 1.351 1.345 1.340 1.335 1.330 1.324 1.319 
999.000 1.314 1.309 999.000 1.304 1.298 1.293 1.288 1.283 1.278 1.272 1.267 1.262 1.257 1.251 1.246 
999.000 1.241 1.236 1.231 1.225 999.000 1.220 1.215 1.210 1.204 1.199 1.194 1.189 1.184 1.178 1.173 
1.168 1.163 1.158 999.000 1.152 1.147 1.142 1.137 999.000 1.131 1.126 1.121 1.116 1.111 1.105 1.100 
999.000 1.095 1.090 1.085 1.079 1.074 1.069 1.064 1.058 1.053 999.000 1.048 1.043 1.038 1.032 1.027 
1.022 1.017 1.012 999.000 1.006 1.001 0.996 0.991 0.985 0.980 0.975 0.970 0.965 0.959 0.954 999.000 
999.000 0.949 0.944 999.000 0.939 0.933 0.928 0.923 0.918 0.912 0.907 0.902 0.897 0.892 0.886 0.881 
999.000 0.876 0.871 999.000 0.866 0.860 0.855 0.850 0.845 0.840 0.834 0.829 0.824 0.819 0.813 0.808 
0.803 999.000 0.798 0.793 0.787 0.782 0.777 0.772 0.766 0.761 0.756 0.751 999.000 0.746 0.740 0.735 
0.730 0.725 0.720 0.714 0.709 0.704 0.699 0.693 0.688 0.683 999.000 0.678 0.673 0.667 0.662 999.000 
999.000 0.657 0.652 0.647 0.641 0.636 0.631 0.626 0.621 0.615 0.610 0.605 0.600 999.000 0.594 0.589 
0.584 0.579 0.574 999.000 0.568 0.563 0.558 0.553 0.548 0.542 0.537 0.532 0.527 0.521 0.516 999.000 
0.511 0.506 0.501 999.000 0.495 0.490 0.485 0.480 0.475 0.469 0.464 0.459 0.454 0.448 999.000 0.443 
0.438 0.433 0.428 999.000 0.422 0.417 0.412 0.407 0.402 0.396 0.391 0.386 0.381 0.375 0.370 999.000 
0.365 0.360 0.355 0.349 0.344 0.339 0.334 999.000 0.328 0.323 0.318 999.000 0.313 0.308 0.302 0.297 
0.292 0.287 0.282 0.276 0.271 0.266 0.261 0.256 0.250 0.245 0.240 0.235 999.000 0.229 0.224 999.000 
0.219 0.214 0.209 999.000 0.203 0.198 0.193 0.188 0.182 0.177 0.172 0.167 999.000 0.162 0.156 0.151 
999.000 0.146 0.141 0.136 0.130 0.125 0.120 0.115 0.109 0.104 0.099 0.094 0.089 0.083 999.000 0.078 
0.073 0.068 0.063 999.000 0.057 0.052 0.047 0.042 0.037 0.031 0.026 0.021 999.000 0.016 0.010 0.005 
0.000 -0.005 -0.010 999.000 -0.016 -0.021 -0.026 -0.031 -0.036 -0.042 -0.047 -0.052 -0.057 -0.063 -0.068 999.000 
-0.073 999.000 -0.078 -0.083 -0.089 -0.094 -0.099 -0.104 -0.109 -0.115 -0.120 -0.125 -0.130 -0.136 -0.141 999.000 
999.000 -0.146 -0.151 -0.156 -0.162 -0.167 -0.172 -0.177 -0.182 -0.188 -0.193 999.000 -0.198 -0.203 -0.209 -0.214 
-0.219 -0.224 -0.229 -0.235 -0.240 999.000 -0.245 -0.250 -0.256 999.000 -0.261 -0.266 -0.271 -0.276 -0.282 -0.287 
999.000 -0.292 -0.297 -0.302 -0.308 -0.313 999.000 -0.318 -0.323 -0.328 -0.334 -0.339 -0.344 -0.349 -0.355 -0.360 
999.000 -0.365 -0.370 999.000 -0.375 -0.381 -0.386 -0.391 -0.396 -0.402 -0.407 -0.412 -0.417 -0.422 -0.428 -0.433 
999.000 -0.438 -0.443 999.000 -0.448 -0.454 -0.459 -0.464 -0.469 -0.474 -0.480 -0.485 -0.490 -0.495 -0.501 -0.506 
999.000 -0.511 -0.516 -0.521 -0.527 -0.532 -0.537 -0.542 -0.548 -0.553 -0.558 -0.563 -0.568 -0.574 -0.579 999.000 
-0.584 -0.589 -0.594 999.000 -0.600 -0.605 -0.610 -0.615 -0.620 -0.626 -0.631 -0.636 -0.641 999.000 -0.647 -0.652 
-0.657 -0.662 -0.667 999.000 -0.673 -0.678 -0.683 -0.688 -0.694 -0.699 -0.704 -0.709 999.000 -0.714 -0.720 -0.725 
999.000 999.000 -0.730 -0.735 -0.740 -0.746 -0.751 -0.756 -0.761 -0.766 -0.772 -0.777 -0.782 -0.787 -0.793 -0.798 
-0.803 -0.808 -0.813 999.000 -0.819 -0.824 -0.829 -0.834 -0.839 999.000 -0.845 -0.850 -0.855 -0.860 -0.866 -0.871 
999.000 -0.876 -0.881 999.000 -0.886 -0.892 -0.897 -0.902 -0.907 -0.913 -0.918 -0.923 -0.928 -0.933 -0.939 -0.944 
-0.949 -0.954 -0.959 999.000 -0.965 -0.970 -0.975 -0.980 -0.985 -0.991 999.000 -0.996 -1.001 -1.006 -1.012 -1.017 
999.000 -1.022 -1.027 -1.032 -1.038 -1.043 -1.048 -1.053 -1.058 -1.064 -1.069 -1.074 -1.079 -1.085 -1.090 999.000 
999.000 -1.095 -1.100 -1.105 -1.111 -1.116 -1.121 -1.126 -1.131 -1.137 -1.142 -1.147 -1.152 -1.158 -1.163 999.000 
-1.168 -1.173 -1.178 999.000 -1.184 -1.189 -1.194 -1.199 -1.204 -1.210 -1.215 -1.220 -1.225 999.000 -1.231 -1.236 
-1.241 -1.246 -1.251 -1.257 -1.262 -1.267 -1.272 -1.277 -1.283 999.000 -1.288 -1.293 999.000 -1.298 -1.304 -1.309 
-1.314 -1.319 -1.324 999.000 -1.330 -1.335 -1.340 -1.345 -1.350 -1.356 999.000 -1.361 -1.366 -1.371 -1.377 -1.382 
999.000 999.000 -1.387 -1.392 -1.397 -1.403 -1.408 -1.413 -1.418 -1.423 -1.429 -1.434 -1.439 -1.444 -1.450 -1.455 
-1.460 -1.465 -1.470 999.000 -1.476 -1.481 -1.486 999.000 -1.491 -1.496 -1.502 -1.507 -1.512 -1.517 -1.523 -1.528
999.000 999.000 999.000 999.000 999.000 999.000 999.000 999.000 999.000 999.000 999.000 999.000 999.000 999.00 999.00 999.00 

earm.cdet.ypos = 
0.183 0.183 0.183 -999.000 0.183 0.183 0.183 0.183 0.183 0.183 0.183 0.183 0.183 -999.000 0.183 0.183 
0.183 0.183 0.183 0.183 0.183 0.183 0.183 0.183 0.183 0.183 0.183 0.183 -999.000 0.183 0.183 -999.000 
0.183 0.183 0.183 0.183 0.183 0.183 0.183 0.183 0.183 -999.000 -999.000 0.183 0.183 0.183 0.183 0.183 
0.183 0.183 0.183 0.183 0.183 0.183 0.183 0.183 0.183 -999.000 0.183 -999.000 0.183 0.183 0.183 0.183 
0.183 -999.000 0.183 0.183 0.183 0.183 0.183 0.183 0.183 0.183 0.183 0.183 0.183 0.183 0.183 -999.000 
0.183 0.183 0.183 -999.000 0.183 0.183 0.183 0.183 0.183 0.183 0.183 0.183 0.183 0.183 0.183 -999.000 
0.183 0.183 0.183 0.183 0.183 0.183 0.183 0.183 0.183 0.183 0.183 0.183 0.183 -999.000 0.183 -999.000 
0.259 0.259 0.259 -999.000 0.259 0.259 0.259 0.259 0.259 0.259 0.259 0.259 0.259 0.259 0.259 -999.000
0.259 0.259 0.259 0.259 0.259 0.259 0.259 0.259 0.259 0.259 0.259 0.259 -999.000 0.259 0.259 -999.000 
0.259 -999.000 0.259 0.259 0.259 0.259 0.259 0.259 0.259 0.259 0.259 0.259 -999.000 0.259 0.259 0.259 
0.259 0.259 0.259 0.259 0.259 0.259 0.259 0.259 0.259 0.259 0.259 0.259 -999.000 0.259 0.259 -999.000 
-999.000 0.259 0.259 0.259 0.259 0.259 0.259 0.259 0.259 0.259 0.259 0.259 -999.000 0.259 0.259 0.259 
0.259 0.259 0.259 -999.000 0.259 0.259 0.259 -999.000 0.259 0.259 0.259 0.259 0.259 0.259 0.259 0.259 
0.259 0.259 0.259 0.259 0.259 -999.000 0.259 0.259 0.259 0.259 0.259 0.259 -999.000 0.259 0.259 0.259 
0.334 0.334 0.334 0.334 0.334 0.334 0.334 0.334 0.334 0.334 0.334 0.334 -999.000 0.334 0.334 -999.000 
0.334 0.334 0.334 0.334 -999.000 0.334 0.334 0.334 0.334 0.334 0.334 0.334 0.334 0.334 0.334 -999.000 
0.334 0.334 0.334 0.334 0.334 0.334 0.334 0.334 0.334 0.334 0.334 0.334 -999.000 0.334 0.334 -999.000 
0.334 0.334 0.334 0.334 0.334 0.334 0.334 0.334 0.334 0.334 0.334 0.334 -999.000 0.334 0.334 -999.000 
0.334 0.334 0.334 0.334 0.334 0.334 0.334 0.334 0.334 0.334 0.334 0.334 -999.000 0.334 0.334 -999.000 
0.334 0.334 0.334 -999.000 0.334 0.334 0.334 0.334 0.334 0.334 0.334 0.334 0.334 0.334 0.334 -999.000 
0.334 0.334 0.334 0.334 0.334 0.334 0.334 0.334 0.334 0.334 0.334 0.334 -999.000 0.334 0.334 -999.000 
0.334 0.334 0.334 -999.000 0.334 0.334 0.334 0.334 0.334 0.334 0.334 0.334 0.334 0.334 0.334 -999.000 
0.334 0.334 -999.000 0.334 0.334 0.334 0.334 0.334 0.334 0.334 0.334 0.334 -999.000 0.334 0.334 0.334 
0.334 0.334 0.334 -999.000 0.334 0.334 0.334 0.334 0.334 0.334 0.334 0.334 0.334 -999.000 0.334 0.334 
-999.000 0.334 0.334 0.334 0.334 0.334 0.334 0.334 0.334 0.334 0.334 0.334 -999.000 0.334 0.334 0.334 
0.334 -999.000 0.334 0.334 0.334 0.334 0.334 0.334 0.334 0.334 -999.000 0.334 0.334 0.334 0.334 0.334 
0.334 0.334 0.334 -999.000 0.334 0.334 0.334 -999.000 0.334 0.334 0.334 0.334 0.334 0.334 0.334 0.334 
0.334 0.334 0.334 -999.000 -999.000 0.334 0.334 0.334 0.334 0.334 0.334 0.334 0.334 0.334 0.334 0.334 
0.259 0.259 0.259 -999.000 0.259 0.259 0.259 0.259 0.259 0.259 0.259 0.259 0.259 -999.000 0.259 0.259 
0.259 -999.000 0.259 0.259 0.259 0.259 0.259 0.259 0.259 0.259 0.259 0.259 0.259 0.259 0.259 -999.000 
-999.000 0.259 0.259 -999.000 0.259 0.259 0.259 0.259 0.259 0.259 0.259 0.259 0.259 0.259 0.259 0.259 
0.259 0.259 0.259 0.259 0.259 0.259 0.259 0.259 0.259 0.259 0.259 0.259 -999.000 0.259 0.259 -999.000 
-999.000 0.259 0.259 -999.000 0.259 0.259 0.259 0.259 0.259 0.259 0.259 0.259 0.259 0.259 0.259 0.259 
0.259 0.259 0.259 0.259 0.259 0.259 0.259 0.259 0.259 0.259 0.259 0.259 -999.000 0.259 0.259 -999.000 
0.259 0.259 -999.000 0.259 0.259 0.259 0.259 0.259 0.259 0.259 0.259 0.259 0.259 0.259 0.259 -999.000 
0.183 0.183 0.183 -999.000 0.183 0.183 0.183 0.183 0.183 0.183 0.183 0.183 0.183 -999.000 0.183 0.183
-999.000 0.183 0.183 0.183 0.183 0.183 0.183 0.183 0.183 0.183 0.183 0.183 0.183 -999.000 0.183 0.183 
0.183 0.183 0.183 0.183 -999.000 0.183 0.183 0.183 0.183 0.183 0.183 0.183 0.183 -999.000 0.183 0.183 
0.183 -999.000 -999.000 0.183 0.183 0.183 0.183 0.183 0.183 0.183 0.183 0.183 0.183 0.183 0.183 0.183 
0.183 0.183 0.183 -999.000 0.183 0.183 0.183 0.183 0.183 0.183 0.183 0.183 0.183 0.183 -999.000 0.183 
0.183 0.183 0.183 -999.000 0.183 0.183 0.183 0.183 0.183 0.183 0.183 0.183 0.183 0.183 0.183 -999.000 
-999.000 0.183 0.183 0.183 0.183 0.183 0.183 0.183 0.183 -999.000 0.183 0.183 0.183 0.183 0.183 0.183 
-0.334 -0.334 -999.000 -999.000 -0.334 -0.334 -0.334 -0.334 -0.334 -0.334 -0.334 -0.334 -0.334 -0.334 -0.334 -0.334 
-0.334 -0.334 -0.334 -0.334 -0.334 -0.334 -0.334 -0.334 -999.000 -0.334 -0.334 -0.334 -0.334 -0.334 -0.334 -999.000 
-0.334 -0.334 -0.334 -999.000 -0.334 -999.000 -0.334 -0.334 -0.334 -0.334 -0.334 -0.334 -0.334 -0.334 -0.334 -0.334 
-0.334 -0.334 -0.334 -0.334 -0.334 -999.000 -0.334 -0.334 -0.334 -999.000 -0.334 -0.334 -0.334 -0.334 -0.334 -0.334 
-0.334 -0.334 -999.000 -0.334 -0.334 -0.334 -0.334 -0.334 -0.334 -0.334 -0.334 -0.334 -999.000 -0.334 -0.334 -0.334 
-999.000 -0.334 -0.334 -0.334 -0.334 -0.334 -0.334 -0.334 -0.334 -0.334 -0.334 -0.334 -0.334 -0.334 -999.000 -0.334 
-0.334 -0.334 -0.334 -0.334 -0.334 -0.334 -0.334 -0.334 -0.334 -999.000 -0.334 -0.334 -999.000 -0.334 -0.334 -0.334 
-999.000 -0.259 -0.259 -0.259 -0.259 -0.259 -0.259 -999.000 -0.259 -0.259 -0.259 -0.259 -0.259 -0.259 -0.259 -0.259
-999.000 -0.259 -0.259 -0.259 -0.259 -0.259 -0.259 -0.259 -0.259 -0.259 -0.259 -0.259 -999.000 -0.259 -0.259 -0.259 
-0.259 -0.259 -999.000 -0.259 -0.259 -0.259 -0.259 -0.259 -0.259 -0.259 -0.259 -0.259 -999.000 -0.259 -0.259 -0.259 
-0.259 -0.259 -0.259 -0.259 -0.259 -0.259 -0.259 -0.259 -0.259 -0.259 -0.259 -0.259 -999.000 -0.259 -0.259 -999.000 
-0.259 -0.259 -999.000 -0.259 -0.259 -0.259 -0.259 -0.259 -0.259 -0.259 -0.259 -0.259 -999.000 -0.259 -0.259 -0.259 
-0.259 -0.259 -0.259 -999.000 -999.000 -0.259 -0.259 -0.259 -0.259 -0.259 -0.259 -0.259 -0.259 -0.259 -0.259 -0.259 
-0.259 -0.259 -0.259 -0.259 -999.000 -999.000 -0.259 -0.259 -0.259 -0.259 -0.259 -0.259 -0.259 -0.259 -0.259 -0.259 
-0.183 -0.183 -0.183 -0.183 -999.000 -0.183 -0.183 -0.183 -999.000 -0.183 -0.183 -0.183 -0.183 -0.183 -0.183 -0.183 
-999.000 -0.183 -0.183 -0.183 -0.183 -0.183 -0.183 -0.183 -0.183 -0.183 -0.183 -0.183 -0.183 -0.183 -0.183 -999.000 
-0.183 -0.183 -0.183 -0.183 -0.183 -0.183 -0.183 -0.183 -0.183 -0.183 -0.183 -0.183 -999.000 -0.183 -0.183 -999.000 
-0.183 -999.000 -0.183 -999.000 -0.183 -0.183 -0.183 -0.183 -0.183 -0.183 -0.183 -0.183 -0.183 -0.183 -0.183 -0.183 
-0.183 -0.183 -0.183 -0.183 -0.183 -0.183 -0.183 -999.000 -0.183 -0.183 -0.183 -999.000 -0.183 -0.183 -0.183 -0.183 
-0.183 -0.183 -0.183 -0.183 -0.183 -0.183 -0.183 -0.183 -0.183 -0.183 -999.000 -0.183 -0.183 -0.183 -0.183 -999.000 
-0.183 -0.183 -0.183 -0.183 -0.183 -0.183 -0.183 -0.183 -0.183 -0.183 -0.183 -0.183 -0.183 -999.000 -0.183 -999.000 
-0.183 -0.183 -0.183 -999.000 -0.183 -0.183 -0.183 -0.183 -0.183 -0.183 -0.183 -0.183 -0.183 -0.183 -0.183 -999.000 
-0.183 -0.183 -0.183 -999.000 -999.000 -0.183 -0.183 -0.183 -0.183 -0.183 -0.183 -0.183 -0.183 -0.183 -0.183 -0.183 
-0.183 -0.183 -0.183 -999.000 -0.183 -0.183 -0.183 -0.183 -0.183 -0.183 -999.000 -0.183 -0.183 -0.183 -0.183 -0.183 
-0.183 -0.183 -0.183 -0.183 -0.183 -0.183 -0.183 -0.183 -0.183 -0.183 -999.000 -0.183 -999.000 -0.183 -0.183 -0.183 
-999.000 -0.183 -0.183 -999.000 -0.183 -0.183 -0.183 -0.183 -0.183 -0.183 -0.183 -0.183 -0.183 -0.183 -0.183 -0.183 
-999.000 -0.183 -0.183 -0.183 -0.183 -0.183 -0.183 -0.183 -0.183 -0.183 -0.183 -0.183 -0.183 -0.183 -999.000 -0.183 
-0.183 -0.183 -999.000 -0.183 -0.183 -0.183 -0.183 -0.183 -0.183 -0.183 -0.183 -0.183 -0.183 -0.183 -0.183 -999.000 
-0.259 -999.000 -0.259 -0.259 -0.259 -0.259 -0.259 -0.259 -0.259 -0.259 -0.259 -0.259 -0.259 -0.259 -0.259 -999.000 
-0.259 -0.259 -0.259 -0.259 -0.259 -0.259 -0.259 -0.259 -0.259 -0.259 -0.259 -0.259 -999.000 -0.259 -0.259 -999.000 
-0.259 -0.259 -0.259 -0.259 -0.259 -0.259 -0.259 -0.259 -0.259 -0.259 -999.000 -0.259 -0.259 -0.259 -999.000 -0.259 
-0.259 -0.259 -0.259 -0.259 -0.259 -0.259 -0.259 -0.259 -0.259 -0.259 -999.000 -0.259 -0.259 -0.259 -999.000 -0.259 
-999.000 -0.259 -999.000 -0.259 -0.259 -0.259 -0.259 -0.259 -0.259 -0.259 -0.259 -0.259 -0.259 -0.259 -0.259 -0.259 
-0.259 -0.259 -0.259 -999.000 -0.259 -0.259 -0.259 -0.259 -0.259 -0.259 -0.259 -0.259 -0.259 -0.259 -0.259 -999.000 
-0.259 -0.259 -0.259 -0.259 -0.259 -0.259 -0.259 -0.259 -0.259 -0.259 -0.259 -0.259 -999.000 -0.259 -0.259 -999.000 
-0.334 -0.334 -0.334 -999.000 -0.334 -0.334 -0.334 -0.334 -0.334 -0.334 -0.334 -0.334 -0.334 -0.334 -0.334 -999.000
-0.334 -999.000 -0.334 -0.334 -999.000 -0.334 -0.334 -0.334 -0.334 -0.334 -0.334 -0.334 -0.334 -0.334 -0.334 -0.334 
-0.334 -0.334 -0.334 -999.000 -0.334 -0.334 -0.334 -0.334 -0.334 -0.334 -999.000 -0.334 -0.334 -0.334 -0.334 -0.334 
-0.334 -0.334 -999.000 -0.334 -0.334 -999.000 -0.334 -0.334 -0.334 -0.334 -0.334 -0.334 -0.334 -0.334 -0.334 -0.334 
-0.334 -0.334 -0.334 -999.000 -0.334 -0.334 -0.334 -0.334 -0.334 -0.334 -0.334 -0.334 -0.334 -0.334 -999.000 -0.334 
-0.334 -0.334 -0.334 -0.334 -0.334 -999.000 -0.334 -0.334 -0.334 -999.000 -0.334 -0.334 -0.334 -0.334 -0.334 -0.334 
-0.334 -0.334 -0.334 -0.334 -0.334 -0.334 -0.334 -0.334 -0.334 -0.334 -0.334 -0.334 -999.000 -999.000 -0.334 -0.334 
0.183 0.183 0.183 0.183 0.183 -999.000 0.183 0.183 0.183 0.183 0.183 0.183 0.183 0.183 0.183 -999.000 
0.183 0.183 0.183 0.183 0.183 0.183 0.183 0.183 0.183 0.183 0.183 0.183 -999.000 0.183 0.183 -999.000 
-999.000 0.183 0.183 0.183 0.183 0.183 0.183 0.183 0.183 0.183 0.183 0.183 0.183 0.183 0.183 -999.000 
-999.000 0.183 0.183 0.183 0.183 0.183 0.183 0.183 0.183 0.183 0.183 0.183 0.183 -999.000 0.183 0.183 
0.183 -999.000 0.183 0.183 0.183 0.183 0.183 0.183 0.183 0.183 0.183 0.183 -999.000 0.183 0.183 0.183 
0.183 0.183 0.183 0.183 -999.000 0.183 0.183 0.183 0.183 0.183 0.183 0.183 0.183 0.183 0.183 -999.000 
0.183 0.183 0.183 -999.000 0.183 0.183 0.183 0.183 0.183 0.183 0.183 0.183 0.183 0.183 0.183 -999.000 
0.259 0.259 0.259 0.259 0.259 0.259 0.259 0.259 0.259 0.259 0.259 0.259 -999.000 0.259 0.259 -999.000
0.259 0.259 0.259 0.259 0.259 0.259 0.259 0.259 0.259 0.259 0.259 0.259 0.259 0.259 -999.000 -999.000 
0.259 0.259 0.259 0.259 0.259 0.259 0.259 0.259 0.259 0.259 0.259 0.259 -999.000 0.259 0.259 -999.000 
0.259 0.259 0.259 0.259 0.259 0.259 0.259 0.259 0.259 0.259 0.259 0.259 -999.000 0.259 0.259 -999.000 
-999.000 0.259 0.259 -999.000 0.259 0.259 0.259 0.259 0.259 0.259 0.259 0.259 0.259 0.259 0.259 0.259 
-999.000 0.259 0.259 0.259 0.259 0.259 0.259 0.259 0.259 0.259 0.259 0.259 0.259 0.259 0.259 -999.000 
0.259 0.259 0.259 0.259 0.259 -999.000 0.259 0.259 0.259 0.259 0.259 0.259 0.259 0.259 0.259 -999.000 
-999.000 0.334 0.334 0.334 0.334 0.334 0.334 0.334 0.334 0.334 0.334 0.334 0.334 0.334 0.334 -999.000 
-999.000 0.334 0.334 0.334 0.334 0.334 0.334 0.334 0.334 0.334 0.334 0.334 0.334 -999.000 0.334 0.334 
0.334 0.334 0.334 -999.000 0.334 0.334 0.334 0.334 0.334 0.334 0.334 0.334 0.334 0.334 0.334 -999.000 
0.334 -999.000 0.334 0.334 0.334 0.334 0.334 0.334 0.334 0.334 0.334 0.334 0.334 -999.000 0.334 0.334 
0.334 0.334 0.334 0.334 0.334 0.334 0.334 0.334 0.334 0.334 0.334 0.334 0.334 0.334 -999.000 -999.000 
-999.000 0.334 0.334 0.334 0.334 0.334 -999.000 0.334 0.334 0.334 0.334 0.334 0.334 0.334 0.334 0.334 
0.334 0.334 0.334 0.334 0.334 0.334 0.334 0.334 0.334 0.334 0.334 0.334 -999.000 0.334 0.334 -999.000 
0.334 0.334 0.334 0.334 0.334 0.334 0.334 0.334 0.334 0.334 0.334 0.334 -999.000 0.334 0.334 -999.000 
0.334 0.334 0.334 0.334 0.334 0.334 0.334 0.334 0.334 0.334 0.334 0.334 -999.000 0.334 0.334 -999.000 
0.334 0.334 0.334 -999.000 0.334 0.334 0.334 0.334 0.334 0.334 0.334 0.334 0.334 -999.000 0.334 0.334 
0.334 0.334 0.334 0.334 -999.000 0.334 0.334 0.334 0.334 0.334 0.334 0.334 0.334 0.334 0.334 -999.000 
-999.000 0.334 0.334 0.334 0.334 0.334 0.334 0.334 0.334 0.334 0.334 0.334 0.334 -999.000 0.334 0.334 
0.334 -999.000 0.334 0.334 0.334 0.334 0.334 0.334 0.334 0.334 -999.000 0.334 0.334 0.334 0.334 0.334 
0.334 0.334 -999.000 0.334 0.334 0.334 0.334 0.334 0.334 0.334 -999.000 0.334 0.334 0.334 0.334 0.334 
0.259 0.259 0.259 0.259 0.259 0.259 0.259 0.259 0.259 0.259 0.259 0.259 -999.000 0.259 0.259 -999.000 
0.259 0.259 0.259 0.259 0.259 0.259 0.259 0.259 0.259 0.259 0.259 0.259 -999.000 0.259 0.259 -999.000 
0.259 0.259 0.259 0.259 0.259 0.259 0.259 0.259 0.259 0.259 0.259 0.259 -999.000 0.259 0.259 -999.000 
0.259 0.259 0.259 0.259 0.259 0.259 0.259 0.259 0.259 0.259 0.259 0.259 0.259 0.259 -999.000 -999.000 
-999.000 0.259 0.259 0.259 0.259 0.259 0.259 0.259 0.259 0.259 0.259 0.259 -999.000 0.259 0.259 0.259 
0.259 0.259 0.259 0.259 0.259 -999.000 0.259 0.259 0.259 0.259 0.259 0.259 0.259 0.259 0.259 -999.000 
0.259 0.259 0.259 0.259 0.259 0.259 0.259 0.259 0.259 0.259 0.259 0.259 0.259 0.259 -999.000 -999.000 
0.183 0.183 0.183 0.183 0.183 0.183 0.183 0.183 0.183 0.183 0.183 0.183 -999.000 0.183 0.183 -999.000
0.183 0.183 0.183 0.183 0.183 0.183 0.183 0.183 0.183 0.183 0.183 0.183 0.183 0.183 -999.000 -999.000 
0.183 0.183 0.183 0.183 0.183 0.183 -999.000 0.183 0.183 0.183 0.183 0.183 0.183 0.183 0.183 -999.000 
0.183 0.183 0.183 0.183 0.183 0.183 0.183 0.183 0.183 0.183 0.183 0.183 -999.000 0.183 0.183 -999.000 
0.183 0.183 0.183 0.183 0.183 -999.000 0.183 0.183 0.183 0.183 0.183 0.183 0.183 0.183 0.183 -999.000 
0.183 0.183 0.183 0.183 -999.000 0.183 0.183 0.183 0.183 0.183 0.183 0.183 0.183 0.183 0.183 -999.000 
-999.000 0.183 0.183 0.183 0.183 0.183 0.183 0.183 0.183 0.183 0.183 0.183 0.183 -999.000 0.183 0.183 
-0.334 -0.334 -0.334 -0.334 -0.334 -0.334 -0.334 -0.334 -0.334 -0.334 -0.334 -0.334 -999.000 -0.334 -0.334 -999.000 
-0.334 -0.334 -999.000 -0.334 -0.334 -0.334 -0.334 -0.334 -0.334 -0.334 -0.334 -0.334 -0.334 -0.334 -0.334 -999.000 
-999.000 -0.334 -0.334 -999.000 -0.334 -0.334 -0.334 -0.334 -0.334 -0.334 -0.334 -0.334 -0.334 -0.334 -0.334 -0.334 
-999.000 -0.334 -0.334 -999.000 -0.334 -0.334 -0.334 -0.334 -0.334 -0.334 -0.334 -0.334 -0.334 -0.334 -0.334 -0.334 
-999.000 -0.334 -0.334 -0.334 -0.334 -999.000 -0.334 -0.334 -0.334 -0.334 -0.334 -0.334 -0.334 -0.334 -0.334 -0.334 
-0.334 -0.334 -0.334 -999.000 -0.334 -0.334 -0.334 -0.334 -999.000 -0.334 -0.334 -0.334 -0.334 -0.334 -0.334 -0.334 
-999.000 -0.334 -0.334 -0.334 -0.334 -0.334 -0.334 -0.334 -0.334 -0.334 -999.000 -0.334 -0.334 -0.334 -0.334 -0.334 
-0.259 -0.259 -0.259 -999.000 -0.259 -0.259 -0.259 -0.259 -0.259 -0.259 -0.259 -0.259 -0.259 -0.259 -0.259 -999.000
-999.000 -0.259 -0.259 -999.000 -0.259 -0.259 -0.259 -0.259 -0.259 -0.259 -0.259 -0.259 -0.259 -0.259 -0.259 -0.259 
-999.000 -0.259 -0.259 -999.000 -0.259 -0.259 -0.259 -0.259 -0.259 -0.259 -0.259 -0.259 -0.259 -0.259 -0.259 -0.259 
-0.259 -999.000 -0.259 -0.259 -0.259 -0.259 -0.259 -0.259 -0.259 -0.259 -0.259 -0.259 -999.000 -0.259 -0.259 -0.259 
-0.259 -0.259 -0.259 -0.259 -0.259 -0.259 -0.259 -0.259 -0.259 -0.259 -999.000 -0.259 -0.259 -0.259 -0.259 -999.000 
-999.000 -0.259 -0.259 -0.259 -0.259 -0.259 -0.259 -0.259 -0.259 -0.259 -0.259 -0.259 -0.259 -999.000 -0.259 -0.259 
-0.259 -0.259 -0.259 -999.000 -0.259 -0.259 -0.259 -0.259 -0.259 -0.259 -0.259 -0.259 -0.259 -0.259 -0.259 -999.000 
-0.183 -0.183 -0.183 -999.000 -0.183 -0.183 -0.183 -0.183 -0.183 -0.183 -0.183 -0.183 -0.183 -0.183 -999.000 -0.183 
-0.183 -0.183 -0.183 -999.000 -0.183 -0.183 -0.183 -0.183 -0.183 -0.183 -0.183 -0.183 -0.183 -0.183 -0.183 -999.000 
-0.183 -0.183 -0.183 -0.183 -0.183 -0.183 -0.183 -999.000 -0.183 -0.183 -0.183 -999.000 -0.183 -0.183 -0.183 -0.183 
-0.183 -0.183 -0.183 -0.183 -0.183 -0.183 -0.183 -0.183 -0.183 -0.183 -0.183 -0.183 -999.000 -0.183 -0.183 -999.000 
-0.183 -0.183 -0.183 -999.000 -0.183 -0.183 -0.183 -0.183 -0.183 -0.183 -0.183 -0.183 -999.000 -0.183 -0.183 -0.183 
-999.000 -0.183 -0.183 -0.183 -0.183 -0.183 -0.183 -0.183 -0.183 -0.183 -0.183 -0.183 -0.183 -0.183 -999.000 -0.183 
-0.183 -0.183 -0.183 -999.000 -0.183 -0.183 -0.183 -0.183 -0.183 -0.183 -0.183 -0.183 -999.000 -0.183 -0.183 -0.183 
-0.183 -0.183 -0.183 -999.000 -0.183 -0.183 -0.183 -0.183 -0.183 -0.183 -0.183 -0.183 -0.183 -0.183 -0.183 -999.000 
-0.183 -999.000 -0.183 -0.183 -0.183 -0.183 -0.183 -0.183 -0.183 -0.183 -0.183 -0.183 -0.183 -0.183 -0.183 -999.000 
-999.000 -0.183 -0.183 -0.183 -0.183 -0.183 -0.183 -0.183 -0.183 -0.183 -0.183 -999.000 -0.183 -0.183 -0.183 -0.183 
-0.183 -0.183 -0.183 -0.183 -0.183 -999.000 -0.183 -0.183 -0.183 -999.000 -0.183 -0.183 -0.183 -0.183 -0.183 -0.183 
-999.000 -0.183 -0.183 -0.183 -0.183 -0.183 -999.000 -0.183 -0.183 -0.183 -0.183 -0.183 -0.183 -0.183 -0.183 -0.183 
-999.000 -0.183 -0.183 -999.000 -0.183 -0.183 -0.183 -0.183 -0.183 -0.183 -0.183 -0.183 -0.183 -0.183 -0.183 -0.183 
-999.000 -0.183 -0.183 -999.000 -0.183 -0.183 -0.183 -0.183 -0.183 -0.183 -0.183 -0.183 -0.183 -0.183 -0.183 -0.183 
-999.000 -0.259 -0.259 -0.259 -0.259 -0.259 -0.259 -0.259 -0.259 -0.259 -0.259 -0.259 -0.259 -0.259 -0.259 -999.000 
-0.259 -0.259 -0.259 -999.000 -0.259 -0.259 -0.259 -0.259 -0.259 -0.259 -0.259 -0.259 -0.259 -999.000 -0.259 -0.259 
-0.259 -0.259 -0.259 -999.000 -0.259 -0.259 -0.259 -0.259 -0.259 -0.259 -0.259 -0.259 -999.000 -0.259 -0.259 -0.259 
-999.000 -999.000 -0.259 -0.259 -0.259 -0.259 -0.259 -0.259 -0.259 -0.259 -0.259 -0.259 -0.259 -0.259 -0.259 -0.259 
-0.259 -0.259 -0.259 -999.000 -0.259 -0.259 -0.259 -0.259 -0.259 -999.000 -0.259 -0.259 -0.259 -0.259 -0.259 -0.259 
-999.000 -0.259 -0.259 -999.000 -0.259 -0.259 -0.259 -0.259 -0.259 -0.259 -0.259 -0.259 -0.259 -0.259 -0.259 -0.259 
-0.259 -0.259 -0.259 -999.000 -0.259 -0.259 -0.259 -0.259 -0.259 -0.259 -999.000 -0.259 -0.259 -0.259 -0.259 -0.259 
-999.000 -0.334 -0.334 -0.334 -0.334 -0.334 -0.334 -0.334 -0.334 -0.334 -0.334 -0.334 -0.334 -0.334 -0.334 -999.000
-999.000 -0.334 -0.334 -0.334 -0.334 -0.334 -0.334 -0.334 -0.334 -0.334 -0.334 -0.334 -0.334 -0.334 -0.334 -999.000 
-0.334 -0.334 -0.334 -999.000 -0.334 -0.334 -0.334 -0.334 -0.334 -0.334 -0.334 -0.334 -0.334 -999.000 -0.334 -0.334 
-0.334 -0.334 -0.334 -0.334 -0.334 -0.334 -0.334 -0.334 -0.334 -999.000 -0.334 -0.334 -999.000 -0.334 -0.334 -0.334 
-0.334 -0.334 -0.334 -999.000 -0.334 -0.334 -0.334 -0.334 -0.334 -0.334 -999.000 -0.334 -0.334 -0.334 -0.334 -0.334 
-999.000 -999.000 -0.334 -0.334 -0.334 -0.334 -0.334 -0.334 -0.334 -0.334 -0.334 -0.334 -0.334 -0.334 -0.334 -0.334 
-0.334 -0.334 -0.334 -999.000 -0.334 -0.334 -0.334 -999.000 -0.334 -0.334 -0.334 -0.334 -0.334 -0.334 -0.334 -0.334 
999.000 999.000 999.000 999.000 999.000 999.000 999.000 999.000 999.000 999.000 999.000 999.000 999.000 999.00 999.00 999.00

-------[ 2025-04-11 21:10:00 ] # Kin1

earm.cdet.zpos = 
7.750 7.750 7.750 -999.000 7.750 7.750 7.750 7.750 7.750 7.750 7.750 7.750 7.750 -999.000 7.750 7.750 
7.750 7.750 7.750 7.750 7.750 7.750 7.750 7.750 7.750 7.750 7.750 7.750 -999.000 7.750 7.750 -999.000 
7.750 7.750 7.750 7.750 7.750 7.750 7.750 7.750 7.750 -999.000 -999.000 7.750 7.750 7.750 7.750 7.750 
7.750 7.750 7.750 7.750 7.750 7.750 7.750 7.750 7.750 -999.000 7.750 -999.000 7.750 7.750 7.750 7.750 
7.750 -999.000 7.750 7.750 7.750 7.750 7.750 7.750 7.750 7.750 7.750 7.750 7.750 7.750 7.750 -999.000 
7.750 7.750 7.750 -999.000 7.750 7.750 7.750 7.750 7.750 7.750 7.750 7.750 7.750 7.750 7.750 -999.000 
7.750 7.750 7.750 7.750 7.750 7.750 7.750 7.750 7.750 7.750 7.750 7.750 7.750 -999.000 7.750 -999.000 
7.750 7.750 7.750 -999.000 7.750 7.750 7.750 7.750 7.750 7.750 7.750 7.750 7.750 7.750 7.750 -999.000 
7.750 7.750 7.750 7.750 7.750 7.750 7.750 7.750 7.750 7.750 7.750 7.750 -999.000 7.750 7.750 -999.000 
7.750 -999.000 7.750 7.750 7.750 7.750 7.750 7.750 7.750 7.750 7.750 7.750 -999.000 7.750 7.750 7.750 
7.750 7.750 7.750 7.750 7.750 7.750 7.750 7.750 7.750 7.750 7.750 7.750 -999.000 7.750 7.750 -999.000 
-999.000 7.750 7.750 7.750 7.750 7.750 7.750 7.750 7.750 7.750 7.750 7.750 -999.000 7.750 7.750 7.750 
7.750 7.750 7.750 -999.000 7.750 7.750 7.750 -999.000 7.750 7.750 7.750 7.750 7.750 7.750 7.750 7.750 
7.750 7.750 7.750 7.750 7.750 -999.000 7.750 7.750 7.750 7.750 7.750 7.750 -999.000 7.750 7.750 7.750 
7.750 7.750 7.750 7.750 7.750 7.750 7.750 7.750 7.750 7.750 7.750 7.750 -999.000 7.750 7.750 -999.000 
7.750 7.750 7.750 7.750 -999.000 7.750 7.750 7.750 7.750 7.750 7.750 7.750 7.750 7.750 7.750 -999.000 
7.750 7.750 7.750 7.750 7.750 7.750 7.750 7.750 7.750 7.750 7.750 7.750 -999.000 7.750 7.750 -999.000 
7.750 7.750 7.750 7.750 7.750 7.750 7.750 7.750 7.750 7.750 7.750 7.750 -999.000 7.750 7.750 -999.000 
7.750 7.750 7.750 7.750 7.750 7.750 7.750 7.750 7.750 7.750 7.750 7.750 -999.000 7.750 7.750 -999.000 
7.750 7.750 7.750 -999.000 7.750 7.750 7.750 7.750 7.750 7.750 7.750 7.750 7.750 7.750 7.750 -999.000 
7.750 7.750 7.750 7.750 7.750 7.750 7.750 7.750 7.750 7.750 7.750 7.750 -999.000 7.750 7.750 -999.000 
7.750 7.750 7.750 -999.000 7.750 7.750 7.750 7.750 7.750 7.750 7.750 7.750 7.750 7.750 7.750 -999.000 
7.750 7.750 -999.000 7.750 7.750 7.750 7.750 7.750 7.750 7.750 7.750 7.750 -999.000 7.750 7.750 7.750 
7.750 7.750 7.750 -999.000 7.750 7.750 7.750 7.750 7.750 7.750 7.750 7.750 7.750 -999.000 7.750 7.750 
-999.000 7.750 7.750 7.750 7.750 7.750 7.750 7.750 7.750 7.750 7.750 7.750 -999.000 7.750 7.750 7.750 
7.750 -999.000 7.750 7.750 7.750 7.750 7.750 7.750 7.750 7.750 -999.000 7.750 7.750 7.750 7.750 7.750 
7.750 7.750 7.750 -999.000 7.750 7.750 7.750 -999.000 7.750 7.750 7.750 7.750 7.750 7.750 7.750 7.750 
7.750 7.750 7.750 -999.000 -999.000 7.750 7.750 7.750 7.750 7.750 7.750 7.750 7.750 7.750 7.750 7.750 
7.750 7.750 7.750 -999.000 7.750 7.750 7.750 7.750 7.750 7.750 7.750 7.750 7.750 -999.000 7.750 7.750 
7.750 -999.000 7.750 7.750 7.750 7.750 7.750 7.750 7.750 7.750 7.750 7.750 7.750 7.750 7.750 -999.000 
-999.000 7.750 7.750 -999.000 7.750 7.750 7.750 7.750 7.750 7.750 7.750 7.750 7.750 7.750 7.750 7.750 
7.750 7.750 7.750 7.750 7.750 7.750 7.750 7.750 7.750 7.750 7.750 7.750 -999.000 7.750 7.750 -999.000 
-999.000 7.750 7.750 -999.000 7.750 7.750 7.750 7.750 7.750 7.750 7.750 7.750 7.750 7.750 7.750 7.750 
7.750 7.750 7.750 7.750 7.750 7.750 7.750 7.750 7.750 7.750 7.750 7.750 -999.000 7.750 7.750 -999.000 
7.750 7.750 -999.000 7.750 7.750 7.750 7.750 7.750 7.750 7.750 7.750 7.750 7.750 7.750 7.750 -999.000 
7.750 7.750 7.750 -999.000 7.750 7.750 7.750 7.750 7.750 7.750 7.750 7.750 7.750 -999.000 7.750 7.750 
-999.000 7.750 7.750 7.750 7.750 7.750 7.750 7.750 7.750 7.750 7.750 7.750 7.750 -999.000 7.750 7.750 
7.750 7.750 7.750 7.750 -999.000 7.750 7.750 7.750 7.750 7.750 7.750 7.750 7.750 -999.000 7.750 7.750 
7.750 -999.000 -999.000 7.750 7.750 7.750 7.750 7.750 7.750 7.750 7.750 7.750 7.750 7.750 7.750 7.750 
7.750 7.750 7.750 -999.000 7.750 7.750 7.750 7.750 7.750 7.750 7.750 7.750 7.750 7.750 -999.000 7.750 
7.750 7.750 7.750 -999.000 7.750 7.750 7.750 7.750 7.750 7.750 7.750 7.750 7.750 7.750 7.750 -999.000 
-999.000 7.750 7.750 7.750 7.750 7.750 7.750 7.750 7.750 -999.000 7.750 7.750 7.750 7.750 7.750 7.750 
7.750 7.750 -999.000 -999.000 7.750 7.750 7.750 7.750 7.750 7.750 7.750 7.750 7.750 7.750 7.750 7.750 
7.750 7.750 7.750 7.750 7.750 7.750 7.750 7.750 -999.000 7.750 7.750 7.750 7.750 7.750 7.750 -999.000 
7.750 7.750 7.750 -999.000 7.750 -999.000 7.750 7.750 7.750 7.750 7.750 7.750 7.750 7.750 7.750 7.750 
7.750 7.750 7.750 7.750 7.750 -999.000 7.750 7.750 7.750 -999.000 7.750 7.750 7.750 7.750 7.750 7.750 
7.750 7.750 -999.000 7.750 7.750 7.750 7.750 7.750 7.750 7.750 7.750 7.750 -999.000 7.750 7.750 7.750 
-999.000 7.750 7.750 7.750 7.750 7.750 7.750 7.750 7.750 7.750 7.750 7.750 7.750 7.750 -999.000 7.750 
7.750 7.750 7.750 7.750 7.750 7.750 7.750 7.750 7.750 -999.000 7.750 7.750 -999.000 7.750 7.750 7.750 
-999.000 7.750 7.750 7.750 7.750 7.750 7.750 -999.000 7.750 7.750 7.750 7.750 7.750 7.750 7.750 7.750 
-999.000 7.750 7.750 7.750 7.750 7.750 7.750 7.750 7.750 7.750 7.750 7.750 -999.000 7.750 7.750 7.750 
7.750 7.750 -999.000 7.750 7.750 7.750 7.750 7.750 7.750 7.750 7.750 7.750 -999.000 7.750 7.750 7.750 
7.750 7.750 7.750 7.750 7.750 7.750 7.750 7.750 7.750 7.750 7.750 7.750 -999.000 7.750 7.750 -999.000 
7.750 7.750 -999.000 7.750 7.750 7.750 7.750 7.750 7.750 7.750 7.750 7.750 -999.000 7.750 7.750 7.750 
7.750 7.750 7.750 -999.000 -999.000 7.750 7.750 7.750 7.750 7.750 7.750 7.750 7.750 7.750 7.750 7.750 
7.750 7.750 7.750 7.750 -999.000 -999.000 7.750 7.750 7.750 7.750 7.750 7.750 7.750 7.750 7.750 7.750 
7.750 7.750 7.750 7.750 -999.000 7.750 7.750 7.750 -999.000 7.750 7.750 7.750 7.750 7.750 7.750 7.750 
-999.000 7.750 7.750 7.750 7.750 7.750 7.750 7.750 7.750 7.750 7.750 7.750 7.750 7.750 7.750 -999.000 
7.750 7.750 7.750 7.750 7.750 7.750 7.750 7.750 7.750 7.750 7.750 7.750 -999.000 7.750 7.750 -999.000 
7.750 -999.000 7.750 -999.000 7.750 7.750 7.750 7.750 7.750 7.750 7.750 7.750 7.750 7.750 7.750 7.750 
7.750 7.750 7.750 7.750 7.750 7.750 7.750 -999.000 7.750 7.750 7.750 -999.000 7.750 7.750 7.750 7.750 
7.750 7.750 7.750 7.750 7.750 7.750 7.750 7.750 7.750 7.750 -999.000 7.750 7.750 7.750 7.750 -999.000 
7.750 7.750 7.750 7.750 7.750 7.750 7.750 7.750 7.750 7.750 7.750 7.750 7.750 -999.000 7.750 -999.000 
7.750 7.750 7.750 -999.000 7.750 7.750 7.750 7.750 7.750 7.750 7.750 7.750 7.750 7.750 7.750 -999.000 
7.750 7.750 7.750 -999.000 -999.000 7.750 7.750 7.750 7.750 7.750 7.750 7.750 7.750 7.750 7.750 7.750 
7.750 7.750 7.750 -999.000 7.750 7.750 7.750 7.750 7.750 7.750 -999.000 7.750 7.750 7.750 7.750 7.750 
7.750 7.750 7.750 7.750 7.750 7.750 7.750 7.750 7.750 7.750 -999.000 7.750 -999.000 7.750 7.750 7.750 
-999.000 7.750 7.750 -999.000 7.750 7.750 7.750 7.750 7.750 7.750 7.750 7.750 7.750 7.750 7.750 7.750 
-999.000 7.750 7.750 7.750 7.750 7.750 7.750 7.750 7.750 7.750 7.750 7.750 7.750 7.750 -999.000 7.750 
7.750 7.750 -999.000 7.750 7.750 7.750 7.750 7.750 7.750 7.750 7.750 7.750 7.750 7.750 7.750 -999.000 
7.750 -999.000 7.750 7.750 7.750 7.750 7.750 7.750 7.750 7.750 7.750 7.750 7.750 7.750 7.750 -999.000 
7.750 7.750 7.750 7.750 7.750 7.750 7.750 7.750 7.750 7.750 7.750 7.750 -999.000 7.750 7.750 -999.000 
7.750 7.750 7.750 7.750 7.750 7.750 7.750 7.750 7.750 7.750 -999.000 7.750 7.750 7.750 -999.000 7.750 
7.750 7.750 7.750 7.750 7.750 7.750 7.750 7.750 7.750 7.750 -999.000 7.750 7.750 7.750 -999.000 7.750 
-999.000 7.750 -999.000 7.750 7.750 7.750 7.750 7.750 7.750 7.750 7.750 7.750 7.750 7.750 7.750 7.750 
7.750 7.750 7.750 -999.000 7.750 7.750 7.750 7.750 7.750 7.750 7.750 7.750 7.750 7.750 7.750 -999.000 
7.750 7.750 7.750 7.750 7.750 7.750 7.750 7.750 7.750 7.750 7.750 7.750 -999.000 7.750 7.750 -999.000 
7.750 7.750 7.750 -999.000 7.750 7.750 7.750 7.750 7.750 7.750 7.750 7.750 7.750 7.750 7.750 -999.000 
7.750 -999.000 7.750 7.750 -999.000 7.750 7.750 7.750 7.750 7.750 7.750 7.750 7.750 7.750 7.750 7.750 
7.750 7.750 7.750 -999.000 7.750 7.750 7.750 7.750 7.750 7.750 -999.000 7.750 7.750 7.750 7.750 7.750 
7.750 7.750 -999.000 7.750 7.750 -999.000 7.750 7.750 7.750 7.750 7.750 7.750 7.750 7.750 7.750 7.750 
7.750 7.750 7.750 -999.000 7.750 7.750 7.750 7.750 7.750 7.750 7.750 7.750 7.750 7.750 -999.000 7.750 
7.750 7.750 7.750 7.750 7.750 -999.000 7.750 7.750 7.750 -999.000 7.750 7.750 7.750 7.750 7.750 7.750 
7.750 7.750 7.750 7.750 7.750 7.750 7.750 7.750 7.750 7.750 7.750 7.750 -999.000 -999.000 7.750 7.750 
7.850 7.850 7.850 7.850 7.850 -999.000 7.850 7.850 7.850 7.850 7.850 7.850 7.850 7.850 7.850 -999.000 
7.850 7.850 7.850 7.850 7.850 7.850 7.850 7.850 7.850 7.850 7.850 7.850 -999.000 7.850 7.850 -999.000 
-999.000 7.850 7.850 7.850 7.850 7.850 7.850 7.850 7.850 7.850 7.850 7.850 7.850 7.850 7.850 -999.000 
-999.000 7.850 7.850 7.850 7.850 7.850 7.850 7.850 7.850 7.850 7.850 7.850 7.850 -999.000 7.850 7.850 
7.850 -999.000 7.850 7.850 7.850 7.850 7.850 7.850 7.850 7.850 7.850 7.850 -999.000 7.850 7.850 7.850 
7.850 7.850 7.850 7.850 -999.000 7.850 7.850 7.850 7.850 7.850 7.850 7.850 7.850 7.850 7.850 -999.000 
7.850 7.850 7.850 -999.000 7.850 7.850 7.850 7.850 7.850 7.850 7.850 7.850 7.850 7.850 7.850 -999.000 
7.850 7.850 7.850 7.850 7.850 7.850 7.850 7.850 7.850 7.850 7.850 7.850 -999.000 7.850 7.850 -999.000 
7.850 7.850 7.850 7.850 7.850 7.850 7.850 7.850 7.850 7.850 7.850 7.850 7.850 7.850 -999.000 -999.000 
7.850 7.850 7.850 7.850 7.850 7.850 7.850 7.850 7.850 7.850 7.850 7.850 -999.000 7.850 7.850 -999.000 
7.850 7.850 7.850 7.850 7.850 7.850 7.850 7.850 7.850 7.850 7.850 7.850 -999.000 7.850 7.850 -999.000 
-999.000 7.850 7.850 -999.000 7.850 7.850 7.850 7.850 7.850 7.850 7.850 7.850 7.850 7.850 7.850 7.850 
-999.000 7.850 7.850 7.850 7.850 7.850 7.850 7.850 7.850 7.850 7.850 7.850 7.850 7.850 7.850 -999.000 
7.850 7.850 7.850 7.850 7.850 -999.000 7.850 7.850 7.850 7.850 7.850 7.850 7.850 7.850 7.850 -999.000 
-999.000 7.850 7.850 7.850 7.850 7.850 7.850 7.850 7.850 7.850 7.850 7.850 7.850 7.850 7.850 -999.000 
-999.000 7.850 7.850 7.850 7.850 7.850 7.850 7.850 7.850 7.850 7.850 7.850 7.850 -999.000 7.850 7.850 
7.850 7.850 7.850 -999.000 7.850 7.850 7.850 7.850 7.850 7.850 7.850 7.850 7.850 7.850 7.850 -999.000 
7.850 -999.000 7.850 7.850 7.850 7.850 7.850 7.850 7.850 7.850 7.850 7.850 7.850 -999.000 7.850 7.850 
7.850 7.850 7.850 7.850 7.850 7.850 7.850 7.850 7.850 7.850 7.850 7.850 7.850 7.850 -999.000 -999.000 
-999.000 7.850 7.850 7.850 7.850 7.850 -999.000 7.850 7.850 7.850 7.850 7.850 7.850 7.850 7.850 7.850 
7.850 7.850 7.850 7.850 7.850 7.850 7.850 7.850 7.850 7.850 7.850 7.850 -999.000 7.850 7.850 -999.000 
7.850 7.850 7.850 7.850 7.850 7.850 7.850 7.850 7.850 7.850 7.850 7.850 -999.000 7.850 7.850 -999.000 
7.850 7.850 7.850 7.850 7.850 7.850 7.850 7.850 7.850 7.850 7.850 7.850 -999.000 7.850 7.850 -999.000 
7.850 7.850 7.850 -999.000 7.850 7.850 7.850 7.850 7.850 7.850 7.850 7.850 7.850 -999.000 7.850 7.850 
7.850 7.850 7.850 7.850 -999.000 7.850 7.850 7.850 7.850 7.850 7.850 7.850 7.850 7.850 7.850 -999.000 
-999.000 7.850 7.850 7.850 7.850 7.850 7.850 7.850 7.850 7.850 7.850 7.850 7.850 -999.000 7.850 7.850 
7.850 -999.000 7.850 7.850 7.850 7.850 7.850 7.850 7.850 7.850 -999.000 7.850 7.850 7.850 7.850 7.850 
7.850 7.850 -999.000 7.850 7.850 7.850 7.850 7.850 7.850 7.850 -999.000 7.850 7.850 7.850 7.850 7.850 
7.850 7.850 7.850 7.850 7.850 7.850 7.850 7.850 7.850 7.850 7.850 7.850 -999.000 7.850 7.850 -999.000 
7.850 7.850 7.850 7.850 7.850 7.850 7.850 7.850 7.850 7.850 7.850 7.850 -999.000 7.850 7.850 -999.000 
7.850 7.850 7.850 7.850 7.850 7.850 7.850 7.850 7.850 7.850 7.850 7.850 -999.000 7.850 7.850 -999.000 
7.850 7.850 7.850 7.850 7.850 7.850 7.850 7.850 7.850 7.850 7.850 7.850 7.850 7.850 -999.000 -999.000 
-999.000 7.850 7.850 7.850 7.850 7.850 7.850 7.850 7.850 7.850 7.850 7.850 -999.000 7.850 7.850 7.850 
7.850 7.850 7.850 7.850 7.850 -999.000 7.850 7.850 7.850 7.850 7.850 7.850 7.850 7.850 7.850 -999.000 
7.850 7.850 7.850 7.850 7.850 7.850 7.850 7.850 7.850 7.850 7.850 7.850 7.850 7.850 -999.000 -999.000 
7.850 7.850 7.850 7.850 7.850 7.850 7.850 7.850 7.850 7.850 7.850 7.850 -999.000 7.850 7.850 -999.000 
7.850 7.850 7.850 7.850 7.850 7.850 7.850 7.850 7.850 7.850 7.850 7.850 7.850 7.850 -999.000 -999.000 
7.850 7.850 7.850 7.850 7.850 7.850 -999.000 7.850 7.850 7.850 7.850 7.850 7.850 7.850 7.850 -999.000 
7.850 7.850 7.850 7.850 7.850 7.850 7.850 7.850 7.850 7.850 7.850 7.850 -999.000 7.850 7.850 -999.000 
7.850 7.850 7.850 7.850 7.850 -999.000 7.850 7.850 7.850 7.850 7.850 7.850 7.850 7.850 7.850 -999.000 
7.850 7.850 7.850 7.850 -999.000 7.850 7.850 7.850 7.850 7.850 7.850 7.850 7.850 7.850 7.850 -999.000 
-999.000 7.850 7.850 7.850 7.850 7.850 7.850 7.850 7.850 7.850 7.850 7.850 7.850 -999.000 7.850 7.850 
7.850 7.850 7.850 7.850 7.850 7.850 7.850 7.850 7.850 7.850 7.850 7.850 -999.000 7.850 7.850 -999.000 
7.850 7.850 -999.000 7.850 7.850 7.850 7.850 7.850 7.850 7.850 7.850 7.850 7.850 7.850 7.850 -999.000 
-999.000 7.850 7.850 -999.000 7.850 7.850 7.850 7.850 7.850 7.850 7.850 7.850 7.850 7.850 7.850 7.850 
-999.000 7.850 7.850 -999.000 7.850 7.850 7.850 7.850 7.850 7.850 7.850 7.850 7.850 7.850 7.850 7.850 
-999.000 7.850 7.850 7.850 7.850 -999.000 7.850 7.850 7.850 7.850 7.850 7.850 7.850 7.850 7.850 7.850 
7.850 7.850 7.850 -999.000 7.850 7.850 7.850 7.850 -999.000 7.850 7.850 7.850 7.850 7.850 7.850 7.850 
-999.000 7.850 7.850 7.850 7.850 7.850 7.850 7.850 7.850 7.850 -999.000 7.850 7.850 7.850 7.850 7.850 
7.850 7.850 7.850 -999.000 7.850 7.850 7.850 7.850 7.850 7.850 7.850 7.850 7.850 7.850 7.850 -999.000 
-999.000 7.850 7.850 -999.000 7.850 7.850 7.850 7.850 7.850 7.850 7.850 7.850 7.850 7.850 7.850 7.850 
-999.000 7.850 7.850 -999.000 7.850 7.850 7.850 7.850 7.850 7.850 7.850 7.850 7.850 7.850 7.850 7.850 
7.850 -999.000 7.850 7.850 7.850 7.850 7.850 7.850 7.850 7.850 7.850 7.850 -999.000 7.850 7.850 7.850 
7.850 7.850 7.850 7.850 7.850 7.850 7.850 7.850 7.850 7.850 -999.000 7.850 7.850 7.850 7.850 -999.000 
-999.000 7.850 7.850 7.850 7.850 7.850 7.850 7.850 7.850 7.850 7.850 7.850 7.850 -999.000 7.850 7.850 
7.850 7.850 7.850 -999.000 7.850 7.850 7.850 7.850 7.850 7.850 7.850 7.850 7.850 7.850 7.850 -999.000 
7.850 7.850 7.850 -999.000 7.850 7.850 7.850 7.850 7.850 7.850 7.850 7.850 7.850 7.850 -999.000 7.850 
7.850 7.850 7.850 -999.000 7.850 7.850 7.850 7.850 7.850 7.850 7.850 7.850 7.850 7.850 7.850 -999.000 
7.850 7.850 7.850 7.850 7.850 7.850 7.850 -999.000 7.850 7.850 7.850 -999.000 7.850 7.850 7.850 7.850 
7.850 7.850 7.850 7.850 7.850 7.850 7.850 7.850 7.850 7.850 7.850 7.850 -999.000 7.850 7.850 -999.000 
7.850 7.850 7.850 -999.000 7.850 7.850 7.850 7.850 7.850 7.850 7.850 7.850 -999.000 7.850 7.850 7.850 
-999.000 7.850 7.850 7.850 7.850 7.850 7.850 7.850 7.850 7.850 7.850 7.850 7.850 7.850 -999.000 7.850 
7.850 7.850 7.850 -999.000 7.850 7.850 7.850 7.850 7.850 7.850 7.850 7.850 -999.000 7.850 7.850 7.850 
7.850 7.850 7.850 -999.000 7.850 7.850 7.850 7.850 7.850 7.850 7.850 7.850 7.850 7.850 7.850 -999.000 
7.850 -999.000 7.850 7.850 7.850 7.850 7.850 7.850 7.850 7.850 7.850 7.850 7.850 7.850 7.850 -999.000 
-999.000 7.850 7.850 7.850 7.850 7.850 7.850 7.850 7.850 7.850 7.850 -999.000 7.850 7.850 7.850 7.850 
7.850 7.850 7.850 7.850 7.850 -999.000 7.850 7.850 7.850 -999.000 7.850 7.850 7.850 7.850 7.850 7.850 
-999.000 7.850 7.850 7.850 7.850 7.850 -999.000 7.850 7.850 7.850 7.850 7.850 7.850 7.850 7.850 7.850 
-999.000 7.850 7.850 -999.000 7.850 7.850 7.850 7.850 7.850 7.850 7.850 7.850 7.850 7.850 7.850 7.850 
-999.000 7.850 7.850 -999.000 7.850 7.850 7.850 7.850 7.850 7.850 7.850 7.850 7.850 7.850 7.850 7.850 
-999.000 7.850 7.850 7.850 7.850 7.850 7.850 7.850 7.850 7.850 7.850 7.850 7.850 7.850 7.850 -999.000 
7.850 7.850 7.850 -999.000 7.850 7.850 7.850 7.850 7.850 7.850 7.850 7.850 7.850 -999.000 7.850 7.850 
7.850 7.850 7.850 -999.000 7.850 7.850 7.850 7.850 7.850 7.850 7.850 7.850 -999.000 7.850 7.850 7.850 
-999.000 -999.000 7.850 7.850 7.850 7.850 7.850 7.850 7.850 7.850 7.850 7.850 7.850 7.850 7.850 7.850 
7.850 7.850 7.850 -999.000 7.850 7.850 7.850 7.850 7.850 -999.000 7.850 7.850 7.850 7.850 7.850 7.850 
-999.000 7.850 7.850 -999.000 7.850 7.850 7.850 7.850 7.850 7.850 7.850 7.850 7.850 7.850 7.850 7.850 
7.850 7.850 7.850 -999.000 7.850 7.850 7.850 7.850 7.850 7.850 -999.000 7.850 7.850 7.850 7.850 7.850 
-999.000 7.850 7.850 7.850 7.850 7.850 7.850 7.850 7.850 7.850 7.850 7.850 7.850 7.850 7.850 -999.000 
-999.000 7.850 7.850 7.850 7.850 7.850 7.850 7.850 7.850 7.850 7.850 7.850 7.850 7.850 7.850 -999.000 
7.850 7.850 7.850 -999.000 7.850 7.850 7.850 7.850 7.850 7.850 7.850 7.850 7.850 -999.000 7.850 7.850 
7.850 7.850 7.850 7.850 7.850 7.850 7.850 7.850 7.850 -999.000 7.850 7.850 -999.000 7.850 7.850 7.850 
7.850 7.850 7.850 -999.000 7.850 7.850 7.850 7.850 7.850 7.850 -999.000 7.850 7.850 7.850 7.850 7.850 
-999.000 -999.000 7.850 7.850 7.850 7.850 7.850 7.850 7.850 7.850 7.850 7.850 7.850 7.850 7.850 7.850 
7.850 7.850 7.850 -999.000 7.850 7.850 7.850 -999.000 7.850 7.850 7.850 7.850 7.850 7.850 7.850 7.850 
999.000 999.000 999.000 999.000 999.000 999.000 999.000 999.000 999.000 999.000 999.000 999.000 999.000 999.000 999.000 999.000

 
-------[ 2025-05-09 10:05:00 ] # Kin3

earm.cdet.zpos = 
5.750 5.750 5.750 -999.000 5.750 5.750 5.750 5.750 5.750 5.750 5.750 5.750 5.750 -999.000 5.750 5.750 
5.750 5.750 5.750 5.750 5.750 5.750 5.750 5.750 5.750 5.750 5.750 5.750 -999.000 5.750 5.750 -999.000 
5.750 5.750 5.750 5.750 5.750 5.750 5.750 5.750 5.750 -999.000 -999.000 5.750 5.750 5.750 5.750 5.750 
5.750 5.750 5.750 5.750 5.750 5.750 5.750 5.750 5.750 -999.000 5.750 -999.000 5.750 5.750 5.750 5.750 
5.750 -999.000 5.750 5.750 5.750 5.750 5.750 5.750 5.750 5.750 5.750 5.750 5.750 5.750 5.750 -999.000 
5.750 5.750 5.750 -999.000 5.750 5.750 5.750 5.750 5.750 5.750 5.750 5.750 5.750 5.750 5.750 -999.000 
5.750 5.750 5.750 5.750 5.750 5.750 5.750 5.750 5.750 5.750 5.750 5.750 5.750 -999.000 5.750 -999.000 
5.750 5.750 5.750 -999.000 5.750 5.750 5.750 5.750 5.750 5.750 5.750 5.750 5.750 5.750 5.750 -999.000 
5.750 5.750 5.750 5.750 5.750 5.750 5.750 5.750 5.750 5.750 5.750 5.750 -999.000 5.750 5.750 -999.000 
5.750 -999.000 5.750 5.750 5.750 5.750 5.750 5.750 5.750 5.750 5.750 5.750 -999.000 5.750 5.750 5.750 
5.750 5.750 5.750 5.750 5.750 5.750 5.750 5.750 5.750 5.750 5.750 5.750 -999.000 5.750 5.750 -999.000 
-999.000 5.750 5.750 5.750 5.750 5.750 5.750 5.750 5.750 5.750 5.750 5.750 -999.000 5.750 5.750 5.750 
5.750 5.750 5.750 -999.000 5.750 5.750 5.750 -999.000 5.750 5.750 5.750 5.750 5.750 5.750 5.750 5.750 
5.750 5.750 5.750 5.750 5.750 -999.000 5.750 5.750 5.750 5.750 5.750 5.750 -999.000 5.750 5.750 5.750 
5.750 5.750 5.750 5.750 5.750 5.750 5.750 5.750 5.750 5.750 5.750 5.750 -999.000 5.750 5.750 -999.000 
5.750 5.750 5.750 5.750 -999.000 5.750 5.750 5.750 5.750 5.750 5.750 5.750 5.750 5.750 5.750 -999.000 
5.750 5.750 5.750 5.750 5.750 5.750 5.750 5.750 5.750 5.750 5.750 5.750 -999.000 5.750 5.750 -999.000 
5.750 5.750 5.750 5.750 5.750 5.750 5.750 5.750 5.750 5.750 5.750 5.750 -999.000 5.750 5.750 -999.000 
5.750 5.750 5.750 5.750 5.750 5.750 5.750 5.750 5.750 5.750 5.750 5.750 -999.000 5.750 5.750 -999.000 
5.750 5.750 5.750 -999.000 5.750 5.750 5.750 5.750 5.750 5.750 5.750 5.750 5.750 5.750 5.750 -999.000 
5.750 5.750 5.750 5.750 5.750 5.750 5.750 5.750 5.750 5.750 5.750 5.750 -999.000 5.750 5.750 -999.000 
5.750 5.750 5.750 -999.000 5.750 5.750 5.750 5.750 5.750 5.750 5.750 5.750 5.750 5.750 5.750 -999.000 
5.750 5.750 -999.000 5.750 5.750 5.750 5.750 5.750 5.750 5.750 5.750 5.750 -999.000 5.750 5.750 5.750 
5.750 5.750 5.750 -999.000 5.750 5.750 5.750 5.750 5.750 5.750 5.750 5.750 5.750 -999.000 5.750 5.750 
-999.000 5.750 5.750 5.750 5.750 5.750 5.750 5.750 5.750 5.750 5.750 5.750 -999.000 5.750 5.750 5.750 
5.750 -999.000 5.750 5.750 5.750 5.750 5.750 5.750 5.750 5.750 -999.000 5.750 5.750 5.750 5.750 5.750 
5.750 5.750 5.750 -999.000 5.750 5.750 5.750 -999.000 5.750 5.750 5.750 5.750 5.750 5.750 5.750 5.750 
5.750 5.750 5.750 -999.000 -999.000 5.750 5.750 5.750 5.750 5.750 5.750 5.750 5.750 5.750 5.750 5.750 
5.750 5.750 5.750 -999.000 5.750 5.750 5.750 5.750 5.750 5.750 5.750 5.750 5.750 -999.000 5.750 5.750 
5.750 -999.000 5.750 5.750 5.750 5.750 5.750 5.750 5.750 5.750 5.750 5.750 5.750 5.750 5.750 -999.000 
-999.000 5.750 5.750 -999.000 5.750 5.750 5.750 5.750 5.750 5.750 5.750 5.750 5.750 5.750 5.750 5.750 
5.750 5.750 5.750 5.750 5.750 5.750 5.750 5.750 5.750 5.750 5.750 5.750 -999.000 5.750 5.750 -999.000 
-999.000 5.750 5.750 -999.000 5.750 5.750 5.750 5.750 5.750 5.750 5.750 5.750 5.750 5.750 5.750 5.750 
5.750 5.750 5.750 5.750 5.750 5.750 5.750 5.750 5.750 5.750 5.750 5.750 -999.000 5.750 5.750 -999.000 
5.750 5.750 -999.000 5.750 5.750 5.750 5.750 5.750 5.750 5.750 5.750 5.750 5.750 5.750 5.750 -999.000 
5.750 5.750 5.750 -999.000 5.750 5.750 5.750 5.750 5.750 5.750 5.750 5.750 5.750 -999.000 5.750 5.750 
-999.000 5.750 5.750 5.750 5.750 5.750 5.750 5.750 5.750 5.750 5.750 5.750 5.750 -999.000 5.750 5.750 
5.750 5.750 5.750 5.750 -999.000 5.750 5.750 5.750 5.750 5.750 5.750 5.750 5.750 -999.000 5.750 5.750 
5.750 -999.000 -999.000 5.750 5.750 5.750 5.750 5.750 5.750 5.750 5.750 5.750 5.750 5.750 5.750 5.750 
5.750 5.750 5.750 -999.000 5.750 5.750 5.750 5.750 5.750 5.750 5.750 5.750 5.750 5.750 -999.000 5.750 
5.750 5.750 5.750 -999.000 5.750 5.750 5.750 5.750 5.750 5.750 5.750 5.750 5.750 5.750 5.750 -999.000 
-999.000 5.750 5.750 5.750 5.750 5.750 5.750 5.750 5.750 -999.000 5.750 5.750 5.750 5.750 5.750 5.750 
5.750 5.750 -999.000 -999.000 5.750 5.750 5.750 5.750 5.750 5.750 5.750 5.750 5.750 5.750 5.750 5.750 
5.750 5.750 5.750 5.750 5.750 5.750 5.750 5.750 -999.000 5.750 5.750 5.750 5.750 5.750 5.750 -999.000 
5.750 5.750 5.750 -999.000 5.750 -999.000 5.750 5.750 5.750 5.750 5.750 5.750 5.750 5.750 5.750 5.750 
5.750 5.750 5.750 5.750 5.750 -999.000 5.750 5.750 5.750 -999.000 5.750 5.750 5.750 5.750 5.750 5.750 
5.750 5.750 -999.000 5.750 5.750 5.750 5.750 5.750 5.750 5.750 5.750 5.750 -999.000 5.750 5.750 5.750 
-999.000 5.750 5.750 5.750 5.750 5.750 5.750 5.750 5.750 5.750 5.750 5.750 5.750 5.750 -999.000 5.750 
5.750 5.750 5.750 5.750 5.750 5.750 5.750 5.750 5.750 -999.000 5.750 5.750 -999.000 5.750 5.750 5.750 
-999.000 5.750 5.750 5.750 5.750 5.750 5.750 -999.000 5.750 5.750 5.750 5.750 5.750 5.750 5.750 5.750 
-999.000 5.750 5.750 5.750 5.750 5.750 5.750 5.750 5.750 5.750 5.750 5.750 -999.000 5.750 5.750 5.750 
5.750 5.750 -999.000 5.750 5.750 5.750 5.750 5.750 5.750 5.750 5.750 5.750 -999.000 5.750 5.750 5.750 
5.750 5.750 5.750 5.750 5.750 5.750 5.750 5.750 5.750 5.750 5.750 5.750 -999.000 5.750 5.750 -999.000 
5.750 5.750 -999.000 5.750 5.750 5.750 5.750 5.750 5.750 5.750 5.750 5.750 -999.000 5.750 5.750 5.750 
5.750 5.750 5.750 -999.000 -999.000 5.750 5.750 5.750 5.750 5.750 5.750 5.750 5.750 5.750 5.750 5.750 
5.750 5.750 5.750 5.750 -999.000 -999.000 5.750 5.750 5.750 5.750 5.750 5.750 5.750 5.750 5.750 5.750 
5.750 5.750 5.750 5.750 -999.000 5.750 5.750 5.750 -999.000 5.750 5.750 5.750 5.750 5.750 5.750 5.750 
-999.000 5.750 5.750 5.750 5.750 5.750 5.750 5.750 5.750 5.750 5.750 5.750 5.750 5.750 5.750 -999.000 
5.750 5.750 5.750 5.750 5.750 5.750 5.750 5.750 5.750 5.750 5.750 5.750 -999.000 5.750 5.750 -999.000 
5.750 -999.000 5.750 -999.000 5.750 5.750 5.750 5.750 5.750 5.750 5.750 5.750 5.750 5.750 5.750 5.750 
5.750 5.750 5.750 5.750 5.750 5.750 5.750 -999.000 5.750 5.750 5.750 -999.000 5.750 5.750 5.750 5.750 
5.750 5.750 5.750 5.750 5.750 5.750 5.750 5.750 5.750 5.750 -999.000 5.750 5.750 5.750 5.750 -999.000 
5.750 5.750 5.750 5.750 5.750 5.750 5.750 5.750 5.750 5.750 5.750 5.750 5.750 -999.000 5.750 -999.000 
5.750 5.750 5.750 -999.000 5.750 5.750 5.750 5.750 5.750 5.750 5.750 5.750 5.750 5.750 5.750 -999.000 
5.750 5.750 5.750 -999.000 -999.000 5.750 5.750 5.750 5.750 5.750 5.750 5.750 5.750 5.750 5.750 5.750 
5.750 5.750 5.750 -999.000 5.750 5.750 5.750 5.750 5.750 5.750 -999.000 5.750 5.750 5.750 5.750 5.750 
5.750 5.750 5.750 5.750 5.750 5.750 5.750 5.750 5.750 5.750 -999.000 5.750 -999.000 5.750 5.750 5.750 
-999.000 5.750 5.750 -999.000 5.750 5.750 5.750 5.750 5.750 5.750 5.750 5.750 5.750 5.750 5.750 5.750 
-999.000 5.750 5.750 5.750 5.750 5.750 5.750 5.750 5.750 5.750 5.750 5.750 5.750 5.750 -999.000 5.750 
5.750 5.750 -999.000 5.750 5.750 5.750 5.750 5.750 5.750 5.750 5.750 5.750 5.750 5.750 5.750 -999.000 
5.750 -999.000 5.750 5.750 5.750 5.750 5.750 5.750 5.750 5.750 5.750 5.750 5.750 5.750 5.750 -999.000 
5.750 5.750 5.750 5.750 5.750 5.750 5.750 5.750 5.750 5.750 5.750 5.750 -999.000 5.750 5.750 -999.000 
5.750 5.750 5.750 5.750 5.750 5.750 5.750 5.750 5.750 5.750 -999.000 5.750 5.750 5.750 -999.000 5.750 
5.750 5.750 5.750 5.750 5.750 5.750 5.750 5.750 5.750 5.750 -999.000 5.750 5.750 5.750 -999.000 5.750 
-999.000 5.750 -999.000 5.750 5.750 5.750 5.750 5.750 5.750 5.750 5.750 5.750 5.750 5.750 5.750 5.750 
5.750 5.750 5.750 -999.000 5.750 5.750 5.750 5.750 5.750 5.750 5.750 5.750 5.750 5.750 5.750 -999.000 
5.750 5.750 5.750 5.750 5.750 5.750 5.750 5.750 5.750 5.750 5.750 5.750 -999.000 5.750 5.750 -999.000 
5.750 5.750 5.750 -999.000 5.750 5.750 5.750 5.750 5.750 5.750 5.750 5.750 5.750 5.750 5.750 -999.000 
5.750 -999.000 5.750 5.750 -999.000 5.750 5.750 5.750 5.750 5.750 5.750 5.750 5.750 5.750 5.750 5.750 
5.750 5.750 5.750 -999.000 5.750 5.750 5.750 5.750 5.750 5.750 -999.000 5.750 5.750 5.750 5.750 5.750 
5.750 5.750 -999.000 5.750 5.750 -999.000 5.750 5.750 5.750 5.750 5.750 5.750 5.750 5.750 5.750 5.750 
5.750 5.750 5.750 -999.000 5.750 5.750 5.750 5.750 5.750 5.750 5.750 5.750 5.750 5.750 -999.000 5.750 
5.750 5.750 5.750 5.750 5.750 -999.000 5.750 5.750 5.750 -999.000 5.750 5.750 5.750 5.750 5.750 5.750 
5.750 5.750 5.750 5.750 5.750 5.750 5.750 5.750 5.750 5.750 5.750 5.750 -999.000 -999.000 5.750 5.750 
5.850 5.850 5.850 5.850 5.850 -999.000 5.850 5.850 5.850 5.850 5.850 5.850 5.850 5.850 5.850 -999.000 
5.850 5.850 5.850 5.850 5.850 5.850 5.850 5.850 5.850 5.850 5.850 5.850 -999.000 5.850 5.850 -999.000 
-999.000 5.850 5.850 5.850 5.850 5.850 5.850 5.850 5.850 5.850 5.850 5.850 5.850 5.850 5.850 -999.000 
-999.000 5.850 5.850 5.850 5.850 5.850 5.850 5.850 5.850 5.850 5.850 5.850 5.850 -999.000 5.850 5.850 
5.850 -999.000 5.850 5.850 5.850 5.850 5.850 5.850 5.850 5.850 5.850 5.850 -999.000 5.850 5.850 5.850 
5.850 5.850 5.850 5.850 -999.000 5.850 5.850 5.850 5.850 5.850 5.850 5.850 5.850 5.850 5.850 -999.000 
5.850 5.850 5.850 -999.000 5.850 5.850 5.850 5.850 5.850 5.850 5.850 5.850 5.850 5.850 5.850 -999.000 
5.850 5.850 5.850 5.850 5.850 5.850 5.850 5.850 5.850 5.850 5.850 5.850 -999.000 5.850 5.850 -999.000 
5.850 5.850 5.850 5.850 5.850 5.850 5.850 5.850 5.850 5.850 5.850 5.850 5.850 5.850 -999.000 -999.000 
5.850 5.850 5.850 5.850 5.850 5.850 5.850 5.850 5.850 5.850 5.850 5.850 -999.000 5.850 5.850 -999.000 
5.850 5.850 5.850 5.850 5.850 5.850 5.850 5.850 5.850 5.850 5.850 5.850 -999.000 5.850 5.850 -999.000 
-999.000 5.850 5.850 -999.000 5.850 5.850 5.850 5.850 5.850 5.850 5.850 5.850 5.850 5.850 5.850 5.850 
-999.000 5.850 5.850 5.850 5.850 5.850 5.850 5.850 5.850 5.850 5.850 5.850 5.850 5.850 5.850 -999.000 
5.850 5.850 5.850 5.850 5.850 -999.000 5.850 5.850 5.850 5.850 5.850 5.850 5.850 5.850 5.850 -999.000 
-999.000 5.850 5.850 5.850 5.850 5.850 5.850 5.850 5.850 5.850 5.850 5.850 5.850 5.850 5.850 -999.000 
-999.000 5.850 5.850 5.850 5.850 5.850 5.850 5.850 5.850 5.850 5.850 5.850 5.850 -999.000 5.850 5.850 
5.850 5.850 5.850 -999.000 5.850 5.850 5.850 5.850 5.850 5.850 5.850 5.850 5.850 5.850 5.850 -999.000 
5.850 -999.000 5.850 5.850 5.850 5.850 5.850 5.850 5.850 5.850 5.850 5.850 5.850 -999.000 5.850 5.850 
5.850 5.850 5.850 5.850 5.850 5.850 5.850 5.850 5.850 5.850 5.850 5.850 5.850 5.850 -999.000 -999.000 
-999.000 5.850 5.850 5.850 5.850 5.850 -999.000 5.850 5.850 5.850 5.850 5.850 5.850 5.850 5.850 5.850 
5.850 5.850 5.850 5.850 5.850 5.850 5.850 5.850 5.850 5.850 5.850 5.850 -999.000 5.850 5.850 -999.000 
5.850 5.850 5.850 5.850 5.850 5.850 5.850 5.850 5.850 5.850 5.850 5.850 -999.000 5.850 5.850 -999.000 
5.850 5.850 5.850 5.850 5.850 5.850 5.850 5.850 5.850 5.850 5.850 5.850 -999.000 5.850 5.850 -999.000 
5.850 5.850 5.850 -999.000 5.850 5.850 5.850 5.850 5.850 5.850 5.850 5.850 5.850 -999.000 5.850 5.850 
5.850 5.850 5.850 5.850 -999.000 5.850 5.850 5.850 5.850 5.850 5.850 5.850 5.850 5.850 5.850 -999.000 
-999.000 5.850 5.850 5.850 5.850 5.850 5.850 5.850 5.850 5.850 5.850 5.850 5.850 -999.000 5.850 5.850 
5.850 -999.000 5.850 5.850 5.850 5.850 5.850 5.850 5.850 5.850 -999.000 5.850 5.850 5.850 5.850 5.850 
5.850 5.850 -999.000 5.850 5.850 5.850 5.850 5.850 5.850 5.850 -999.000 5.850 5.850 5.850 5.850 5.850 
5.850 5.850 5.850 5.850 5.850 5.850 5.850 5.850 5.850 5.850 5.850 5.850 -999.000 5.850 5.850 -999.000 
5.850 5.850 5.850 5.850 5.850 5.850 5.850 5.850 5.850 5.850 5.850 5.850 -999.000 5.850 5.850 -999.000 
5.850 5.850 5.850 5.850 5.850 5.850 5.850 5.850 5.850 5.850 5.850 5.850 -999.000 5.850 5.850 -999.000 
5.850 5.850 5.850 5.850 5.850 5.850 5.850 5.850 5.850 5.850 5.850 5.850 5.850 5.850 -999.000 -999.000 
-999.000 5.850 5.850 5.850 5.850 5.850 5.850 5.850 5.850 5.850 5.850 5.850 -999.000 5.850 5.850 5.850 
5.850 5.850 5.850 5.850 5.850 -999.000 5.850 5.850 5.850 5.850 5.850 5.850 5.850 5.850 5.850 -999.000 
5.850 5.850 5.850 5.850 5.850 5.850 5.850 5.850 5.850 5.850 5.850 5.850 5.850 5.850 -999.000 -999.000 
5.850 5.850 5.850 5.850 5.850 5.850 5.850 5.850 5.850 5.850 5.850 5.850 -999.000 5.850 5.850 -999.000 
5.850 5.850 5.850 5.850 5.850 5.850 5.850 5.850 5.850 5.850 5.850 5.850 5.850 5.850 -999.000 -999.000 
5.850 5.850 5.850 5.850 5.850 5.850 -999.000 5.850 5.850 5.850 5.850 5.850 5.850 5.850 5.850 -999.000 
5.850 5.850 5.850 5.850 5.850 5.850 5.850 5.850 5.850 5.850 5.850 5.850 -999.000 5.850 5.850 -999.000 
5.850 5.850 5.850 5.850 5.850 -999.000 5.850 5.850 5.850 5.850 5.850 5.850 5.850 5.850 5.850 -999.000 
5.850 5.850 5.850 5.850 -999.000 5.850 5.850 5.850 5.850 5.850 5.850 5.850 5.850 5.850 5.850 -999.000 
-999.000 5.850 5.850 5.850 5.850 5.850 5.850 5.850 5.850 5.850 5.850 5.850 5.850 -999.000 5.850 5.850 
5.850 5.850 5.850 5.850 5.850 5.850 5.850 5.850 5.850 5.850 5.850 5.850 -999.000 5.850 5.850 -999.000 
5.850 5.850 -999.000 5.850 5.850 5.850 5.850 5.850 5.850 5.850 5.850 5.850 5.850 5.850 5.850 -999.000 
-999.000 5.850 5.850 -999.000 5.850 5.850 5.850 5.850 5.850 5.850 5.850 5.850 5.850 5.850 5.850 5.850 
-999.000 5.850 5.850 -999.000 5.850 5.850 5.850 5.850 5.850 5.850 5.850 5.850 5.850 5.850 5.850 5.850 
-999.000 5.850 5.850 5.850 5.850 -999.000 5.850 5.850 5.850 5.850 5.850 5.850 5.850 5.850 5.850 5.850 
5.850 5.850 5.850 -999.000 5.850 5.850 5.850 5.850 -999.000 5.850 5.850 5.850 5.850 5.850 5.850 5.850 
-999.000 5.850 5.850 5.850 5.850 5.850 5.850 5.850 5.850 5.850 -999.000 5.850 5.850 5.850 5.850 5.850 
5.850 5.850 5.850 -999.000 5.850 5.850 5.850 5.850 5.850 5.850 5.850 5.850 5.850 5.850 5.850 -999.000 
-999.000 5.850 5.850 -999.000 5.850 5.850 5.850 5.850 5.850 5.850 5.850 5.850 5.850 5.850 5.850 5.850 
-999.000 5.850 5.850 -999.000 5.850 5.850 5.850 5.850 5.850 5.850 5.850 5.850 5.850 5.850 5.850 5.850 
5.850 -999.000 5.850 5.850 5.850 5.850 5.850 5.850 5.850 5.850 5.850 5.850 -999.000 5.850 5.850 5.850 
5.850 5.850 5.850 5.850 5.850 5.850 5.850 5.850 5.850 5.850 -999.000 5.850 5.850 5.850 5.850 -999.000 
-999.000 5.850 5.850 5.850 5.850 5.850 5.850 5.850 5.850 5.850 5.850 5.850 5.850 -999.000 5.850 5.850 
5.850 5.850 5.850 -999.000 5.850 5.850 5.850 5.850 5.850 5.850 5.850 5.850 5.850 5.850 5.850 -999.000 
5.850 5.850 5.850 -999.000 5.850 5.850 5.850 5.850 5.850 5.850 5.850 5.850 5.850 5.850 -999.000 5.850 
5.850 5.850 5.850 -999.000 5.850 5.850 5.850 5.850 5.850 5.850 5.850 5.850 5.850 5.850 5.850 -999.000 
5.850 5.850 5.850 5.850 5.850 5.850 5.850 -999.000 5.850 5.850 5.850 -999.000 5.850 5.850 5.850 5.850 
5.850 5.850 5.850 5.850 5.850 5.850 5.850 5.850 5.850 5.850 5.850 5.850 -999.000 5.850 5.850 -999.000 
5.850 5.850 5.850 -999.000 5.850 5.850 5.850 5.850 5.850 5.850 5.850 5.850 -999.000 5.850 5.850 5.850 
-999.000 5.850 5.850 5.850 5.850 5.850 5.850 5.850 5.850 5.850 5.850 5.850 5.850 5.850 -999.000 5.850 
5.850 5.850 5.850 -999.000 5.850 5.850 5.850 5.850 5.850 5.850 5.850 5.850 -999.000 5.850 5.850 5.850 
5.850 5.850 5.850 -999.000 5.850 5.850 5.850 5.850 5.850 5.850 5.850 5.850 5.850 5.850 5.850 -999.000 
5.850 -999.000 5.850 5.850 5.850 5.850 5.850 5.850 5.850 5.850 5.850 5.850 5.850 5.850 5.850 -999.000 
-999.000 5.850 5.850 5.850 5.850 5.850 5.850 5.850 5.850 5.850 5.850 -999.000 5.850 5.850 5.850 5.850 
5.850 5.850 5.850 5.850 5.850 -999.000 5.850 5.850 5.850 -999.000 5.850 5.850 5.850 5.850 5.850 5.850 
-999.000 5.850 5.850 5.850 5.850 5.850 -999.000 5.850 5.850 5.850 5.850 5.850 5.850 5.850 5.850 5.850 
-999.000 5.850 5.850 -999.000 5.850 5.850 5.850 5.850 5.850 5.850 5.850 5.850 5.850 5.850 5.850 5.850 
-999.000 5.850 5.850 -999.000 5.850 5.850 5.850 5.850 5.850 5.850 5.850 5.850 5.850 5.850 5.850 5.850 
-999.000 5.850 5.850 5.850 5.850 5.850 5.850 5.850 5.850 5.850 5.850 5.850 5.850 5.850 5.850 -999.000 
5.850 5.850 5.850 -999.000 5.850 5.850 5.850 5.850 5.850 5.850 5.850 5.850 5.850 -999.000 5.850 5.850 
5.850 5.850 5.850 -999.000 5.850 5.850 5.850 5.850 5.850 5.850 5.850 5.850 -999.000 5.850 5.850 5.850 
-999.000 -999.000 5.850 5.850 5.850 5.850 5.850 5.850 5.850 5.850 5.850 5.850 5.850 5.850 5.850 5.850 
5.850 5.850 5.850 -999.000 5.850 5.850 5.850 5.850 5.850 -999.000 5.850 5.850 5.850 5.850 5.850 5.850 
-999.000 5.850 5.850 -999.000 5.850 5.850 5.850 5.850 5.850 5.850 5.850 5.850 5.850 5.850 5.850 5.850 
5.850 5.850 5.850 -999.000 5.850 5.850 5.850 5.850 5.850 5.850 -999.000 5.850 5.850 5.850 5.850 5.850 
-999.000 5.850 5.850 5.850 5.850 5.850 5.850 5.850 5.850 5.850 5.850 5.850 5.850 5.850 5.850 -999.000 
-999.000 5.850 5.850 5.850 5.850 5.850 5.850 5.850 5.850 5.850 5.850 5.850 5.850 5.850 5.850 -999.000 
5.850 5.850 5.850 -999.000 5.850 5.850 5.850 5.850 5.850 5.850 5.850 5.850 5.850 -999.000 5.850 5.850 
5.850 5.850 5.850 5.850 5.850 5.850 5.850 5.850 5.850 -999.000 5.850 5.850 -999.000 5.850 5.850 5.850 
5.850 5.850 5.850 -999.000 5.850 5.850 5.850 5.850 5.850 5.850 -999.000 5.850 5.850 5.850 5.850 5.850 
-999.000 -999.000 5.850 5.850 5.850 5.850 5.850 5.850 5.850 5.850 5.850 5.850 5.850 5.850 5.850 5.850 
5.850 5.850 5.850 -999.000 5.850 5.850 5.850 -999.000 5.850 5.850 5.850 5.850 5.850 5.850 5.850 5.850 
999.000 999.000 999.000 999.000 999.000 999.000 999.000 999.000 999.000 999.000 999.000 999.000 999.000 999.000 999.000 999.000 

-------[ 2025-08-07 01:26:21 ] # Run 5710 CDet timing calibration

# The timing calibration is deliberately enabled only for Run 5710's
# timestamp validity interval. Values migrated from
# scripts/cdet/CDet_calibration_dt.dat and CDet_run5710.dat.
earm.cdet.timing.enable = 1
earm.cdet.timing.tdc_to_ns = 0.01
earm.cdet.timing.ecal_p0 = 14.807420
earm.cdet.timing.ecal_p1 = 0.810203
earm.cdet.timing.ecal_delta = 31.680784
earm.cdet.timing.timewalk_p1_l1 = 13.987991
earm.cdet.timing.timewalk_p1_l2 = 15.764852
earm.cdet.timing.timewalk_totref_l1 = 12.000000
earm.cdet.timing.timewalk_totref_l2 = 12.000000
earm.cdet.timing.shift_ns = 1.195534

# Diagnostic-only pulse-quality and ECal-projection decisions. These keys do
# not remove pulses or change the existing hit collections.
earm.cdet.selection.enable = 1
earm.cdet.selection.le_min = 0.02
earm.cdet.selection.le_max = 60.0
earm.cdet.selection.tot_min = 4.0
earm.cdet.selection.tot_max = 30.0
earm.cdet.selection.ecal_time_min = 10.0
earm.cdet.selection.ecal_time_max = 35.0
earm.cdet.selection.ecal_x_min = -1.5
earm.cdet.selection.ecal_x_max = 1.5
earm.cdet.selection.ecal_y_min = -1.2
earm.cdet.selection.ecal_y_max = 1.2
earm.cdet.selection.x_scale_l1 = 1.07
earm.cdet.selection.x_scale_l2 = 1.07
earm.cdet.selection.x_alignment_l1 = 0.03
earm.cdet.selection.x_alignment_l2 = 0.03
earm.cdet.selection.x_residual_offset = 0.0
earm.cdet.selection.x_residual_max = 0.08
earm.cdet.selection.y_residual_offset = 0.10
earm.cdet.selection.y_residual_max = 0.36

# Greedy one-to-one cross-layer pairing. The score contains only CDet-to-CDet
# quantities; projected ECal x is deliberately absent.
earm.cdet.pairing.enable = 1
earm.cdet.pairing.dt_center = 0.0
earm.cdet.pairing.dt_max = 15.0
earm.cdet.pairing.dx_max = 0.15
earm.cdet.pairing.dy_max = 0.08
earm.cdet.pairing.time_scale = 1.0
earm.cdet.pairing.x_scale = 0.01
earm.cdet.pairing.allow_multiple = 1

earm.cdet.timing.pixel_offset =
0.000000 0.000000 0.000000 0.000000 0.000000 0.000000 0.000000 0.000000 0.000000 0.000000 0.000000 0.000000 0.000000 0.000000 0.000000 0.000000
0.000000 0.000000 0.000000 0.000000 0.000000 0.000000 0.000000 0.000000 0.000000 0.000000 0.000000 0.000000 0.000000 0.000000 0.000000 0.000000
0.000000 0.000000 0.000000 0.000000 0.000000 0.000000 0.000000 0.000000 0.000000 0.000000 0.000000 0.000000 0.000000 0.000000 0.000000 0.000000
0.000000 0.000000 0.000000 0.000000 0.000000 0.000000 0.000000 0.000000 0.000000 0.000000 0.000000 0.000000 0.000000 0.000000 0.000000 0.000000
-2.571568 -2.571568 -2.571568 -2.571568 -2.571568 -2.571568 -2.571568 -2.571568 3.922763 2.201373 5.194454 3.926317 3.386803 5.036714 2.201373 -2.571568
3.442237 3.442237 3.442237 -1.012025 3.442237 3.442237 3.442237 6.342857 -1.012025 -1.012025 -1.012025 -1.012025 -1.012025 -1.012025 -1.012025 -1.012025
-0.696269 -0.696269 -0.696269 -0.696269 -0.696269 6.737282 -0.696269 -0.696269 6.403136 7.407761 7.166411 6.403136 6.403136 -0.696269 6.203999 -0.696269
0.000000 0.000000 0.000000 0.000000 0.000000 0.000000 0.000000 0.000000 0.000000 0.000000 0.000000 0.000000 0.000000 0.000000 0.000000 0.000000
3.455814 -1.922778 4.810515 3.455814 4.534316 3.091279 2.657241 1.284856 3.502154 1.800202 2.607961 3.060949 -1.697392 1.958273 2.395422 -1.697392
0.641271 -2.131665 -0.642741 -0.642741 1.620089 -0.642741 -0.642741 -0.642741 0.993907 1.332404 2.036635 1.194981 -2.131665 -0.684734 1.262088 2.795779
2.737468 -1.924083 -2.430178 -0.221404 -1.495527 -1.778559 -1.924083 -1.827980 -0.588375 -0.278493 -2.465132 -1.527672 -1.096805 -1.825697 -1.825697 -1.096805
-2.775066 -3.192023 -3.192023 -4.006504 -3.176981 -3.192023 -6.264976 -0.046346 1.684056 -3.393494 -3.893815 -3.393494 -2.775066 -2.855513 -3.393494 -3.393494
7.475058 3.528319 3.528319 -2.181144 2.357835 3.528319 1.947686 -2.181144 -2.181144 -2.181144 -2.181144 -2.181144 -2.181144 -2.181144 -2.181144 -2.181144
5.552867 3.375932 3.310505 -0.202133 2.665346 -2.339886 -1.951278 -1.585732 -1.699030 -2.006996 1.956984 1.956984 -2.339886 1.956984 1.956984 1.956984
3.170158 1.267213 1.267213 2.249959 1.504654 0.040761 0.681454 1.460571 -0.831073 0.659647 1.134773 0.538150 -2.704137 -1.280120 -0.533998 -2.704137
8.480918 4.307258 3.250345 4.307258 -1.258765 4.307258 2.148162 1.421407 1.719849 0.494176 1.251189 1.547116 1.547116 0.462137 2.817874 -1.258765
1.335900 2.553109 1.335900 2.065101 1.335900 -0.078128 -0.602419 1.357926 -1.887280 1.268668 0.065679 1.312711 -1.084751 1.642823 -0.876193 -1.084751
3.672331 -0.072055 1.072789 -0.167165 0.199347 0.736556 0.001334 0.736556 2.161193 -0.231229 0.649009 1.573000 -1.349014 -0.702603 0.701946 -1.349014
4.081960 -0.579025 0.652103 1.162538 0.909475 0.434702 1.184020 1.013914 2.578002 1.623432 0.507839 3.381124 -0.948016 -0.505532 1.350518 -0.948016
2.193342 2.257190 2.025058 -0.789748 2.093299 1.787497 2.451646 3.575123 -0.789748 -0.789748 -0.789748 -0.789748 -0.789748 -0.789748 -0.789748 -0.789748
3.647247 3.647247 3.647247 3.647247 3.647247 3.647247 3.200038 2.697951 3.335794 2.580527 3.206743 5.751769 -1.371688 3.488345 2.652955 -1.371688
2.407409 -0.488584 0.259613 -0.541186 0.335019 -2.414049 -1.273052 -0.500471 -0.771139 -1.505728 -0.145735 0.673548 1.715775 0.013376 1.674141 -0.541186
0.000000 0.000000 0.000000 0.000000 0.000000 0.000000 0.000000 0.000000 0.000000 0.000000 0.000000 0.000000 0.000000 0.000000 0.000000 -2.334682
-3.051450 -3.051450 -4.852519 -0.630554 -4.571055 -3.051450 -6.825406 -6.422845 -4.505410 -5.144685 -5.415380 -4.754671 -3.898531 -0.630554 -4.493164 -3.378106
0.000000 0.000000 0.000000 0.000000 0.000000 0.000000 0.000000 0.000000 0.000000 0.000000 0.000000 0.000000 0.000000 0.000000 0.000000 0.000000
7.284806 0.056662 7.284806 7.284806 7.284806 6.965200 10.447144 7.802132 6.594756 -7.158116 0.056662 -6.446879 -7.300154 -8.658346 -8.887790 -9.531090
-8.028309 7.929538 -8.028309 -0.286823 -8.028309 -8.028309 -1.609958 -0.286823 -0.658133 -0.658133 -0.658133 -0.658133 -1.743923 -2.331136 0.779147 -0.985258
4.519015 2.066913 1.616542 -0.342611 -0.342611 0.983538 1.297987 1.472295 0.363313 0.375200 0.382528 0.321672 -0.242889 0.382528 -0.577978 -1.050048
-2.822252 -5.162763 -3.135206 0.738703 -3.704416 -6.580218 -4.576605 -5.777015 -5.739509 -5.099788 -6.494650 -6.235555 -6.306884 0.738703 -5.279864 -5.279864
8.811256 1.334987 8.811256 7.365545 8.811256 9.661288 9.691040 7.892734 -5.055364 -6.629221 -6.190116 -2.987863 -5.912366 -6.944645 -6.703342 1.334987
-0.044271 -5.801551 -4.602006 -0.044271 -3.587895 -4.878252 -4.661374 -4.927029 -3.305973 -4.895422 -2.811553 -2.610262 -5.881331 -5.798525 -5.761109 -5.250598
-3.056406 -3.056406 -3.056406 -1.898032 -3.056406 -3.056406 -3.056406 -3.056406 -4.316946 -4.734766 -6.638850 -4.626335 1.987202 -4.357849 -6.746494 1.987202
2.159094 -9.536785 -10.912254 2.159094 -9.771248 -12.936727 -11.929096 -11.372413 -10.273016 -10.506849 -9.173171 -9.505068 -10.526648 -11.114907 -10.789934 -9.599506
4.173924 -4.573280 -3.874711 -0.418531 -1.801328 -0.988748 -2.760491 -0.418531 -1.092516 -3.608664 -1.988912 -0.317520 2.522321 1.683225 2.599640 2.522321
4.918624 3.280774 0.752395 -0.286716 0.920722 -2.086892 -0.419344 -0.531111 -0.524413 -0.754516 -1.139044 0.220706 -0.138634 -2.130329 0.275834 0.752395
-4.305498 -4.445028 -2.553797 -1.941640 0.619568 -7.650993 -6.072402 -0.340668 -2.451030 -4.990366 -6.102871 -5.084774 -0.420627 -1.941640 -5.764069 -2.451030
1.704850 -0.216568 0.856383 -0.988624 -0.912023 -1.285824 0.272891 -0.098170 -0.872480 -0.246021 -1.070219 0.343341 0.565496 1.704850 -0.729815 0.022509
-2.530565 -6.340260 -8.541201 -8.334246 1.934962 -8.280291 -6.265587 -5.503723 -5.552086 -5.491192 -5.351212 -5.466255 -5.124228 1.934962 -5.717241 -6.615363
-10.170850 0.340143 0.340143 -8.790027 -10.577664 -8.790027 -8.790027 -8.790027 0.340143 0.340143 0.340143 0.340143 0.340143 0.340143 0.340143 0.340143
0.000000 0.000000 0.000000 0.000000 0.000000 0.000000 0.000000 0.000000 0.000000 0.000000 0.000000 0.000000 0.000000 0.000000 0.000000 0.000000
0.000000 0.000000 0.000000 0.000000 0.000000 0.000000 0.000000 0.000000 0.000000 0.000000 0.000000 0.000000 0.000000 0.000000 0.000000 0.000000
0.000000 0.000000 0.000000 0.000000 0.000000 0.000000 0.000000 0.000000 0.000000 0.000000 0.000000 0.000000 0.000000 0.000000 0.000000 0.000000
0.000000 0.000000 0.000000 0.000000 0.000000 0.000000 0.000000 0.000000 0.000000 0.000000 0.000000 0.000000 0.000000 0.000000 0.000000 0.000000
0.000000 0.000000 0.000000 0.000000 0.000000 0.000000 0.000000 0.000000 0.000000 0.000000 0.000000 0.000000 0.000000 0.000000 0.000000 0.000000
0.000000 0.000000 0.000000 0.000000 0.000000 0.000000 0.000000 0.000000 0.000000 0.000000 0.000000 0.000000 0.000000 0.000000 0.000000 0.000000
-2.641095 -2.641095 -2.641095 -2.641095 -2.641095 -2.641095 -2.641095 10.144218 -2.641095 -2.641095 -2.641095 -2.641095 -2.641095 -2.641095 -2.641095 -2.641095
-2.448891 -2.381247 -4.275439 -1.915639 -2.178342 -0.877696 -2.448891 -2.448891 -4.275439 -4.275439 -4.275439 -4.275439 -4.275439 -4.275439 -4.275439 -4.275439
-2.322131 -2.322131 -2.322131 -2.322131 -2.322131 -2.322131 -2.322131 -2.322131 4.065891 5.665584 5.727726 2.419124 0.138666 3.212647 -2.322131 5.516493
3.613001 3.613001 3.613001 0.951918 3.613001 3.688959 3.588351 3.613001 5.105406 -2.426516 5.779604 5.161914 -2.426516 5.105406 5.105406 5.105406
-0.296036 -0.296036 -0.296036 -0.296036 -0.296036 -0.296036 -0.296036 -0.296036 8.072109 9.075888 8.072109 8.971512 8.072109 8.072109 8.072109 8.072109
-2.014584 -6.949869 -12.391274 -6.949869 -2.518063 -3.074401 -3.378517 -2.194154 -2.253034 -3.229958 -3.587641 -3.121584 -2.014584 -3.229958 -2.315968 -3.229958
4.737020 3.119598 -4.021166 3.992988 5.189000 3.119598 6.481670 3.119598 -4.021166 -4.021166 -4.021166 -4.021166 -4.021166 -4.021166 -4.021166 -4.021166
-2.428124 -3.324183 -4.175959 -5.893177 -4.175959 -4.175959 -2.555535 -4.175959 -4.467024 -4.467024 -4.467024 -4.467024 -4.467024 -4.467024 -4.467024 -4.467024
0.000000 0.000000 0.000000 0.000000 0.000000 0.000000 0.000000 0.000000 0.000000 0.000000 0.000000 0.000000 0.000000 0.000000 0.000000 0.000000
3.683655 4.328465 0.983854 -3.005986 -3.005986 4.912984 4.187786 3.683655 5.794031 2.897683 2.717358 5.794031 2.079275 5.794031 5.794031 7.800428
4.087877 4.693782 4.087877 5.641365 -3.894657 -3.894657 4.087877 4.770697 6.080566 4.377104 2.510875 3.640447 4.233817 3.641505 1.268198 9.244747
4.936926 8.023366 8.095163 5.041550 -4.544765 6.393354 7.424476 6.695536 -4.544765 6.932615 5.686878 5.904293 4.007525 3.749792 5.293752 3.749792
-3.561131 3.089259 3.089259 4.901744 3.768615 5.449072 5.556552 3.014050 2.921476 3.745004 3.745004 3.745004 3.745004 3.745004 3.745004 -3.561131
3.415901 0.891612 -0.205348 1.244040 3.724198 4.847970 1.342095 3.661119 2.140180 2.201014 0.309020 2.670677 -3.638457 2.221368 2.670677 -3.638457
2.914027 -2.781188 2.914027 -2.781188 3.054507 2.914027 2.914027 5.252157 2.380496 3.449653 3.185859 2.679134 2.679134 1.254997 1.213244 2.679134
0.913481 3.215341 1.531438 1.291231 1.335127 4.894650 0.527426 -2.728409 -1.464872 -1.856193 1.646473 -2.728409 -1.085188 0.662092 -0.838600 3.396556
0.339703 0.339703 0.339703 0.339703 0.339703 0.339703 0.340780 0.339703 -2.174917 -2.174917 -2.174917 -2.174917 -2.174917 -2.174917 -2.174917 -2.174917
4.200698 3.654385 3.766986 3.766986 1.124180 3.649068 0.561359 2.274383 4.600900 3.298422 4.246039 4.107806 5.336178 -1.042723 0.844772 -1.042723
-2.388105 0.324676 -3.958533 -1.450183 -0.624255 -2.388105 -3.168984 -2.388105 2.504368 2.504368 2.504368 2.504368 2.504368 -2.337674 1.701168 -1.450183
-7.750472 -4.614640 2.036935 -5.375165 -5.375165 -4.614640 0.862049 -4.614640 3.204572 4.244673 -9.424020 -3.656050 -0.709710 -0.709710 -0.709710 -0.709710
-6.506639 -3.942215 -14.612744 0.016951 -8.245692 -0.280690 -8.245692 17.952877 12.881891 0.496968 0.016951 -3.731936 -3.731936 -3.731936 -3.731936 -4.451206
-7.291128 -7.790237 -5.189575 -5.070072 -8.506981 -0.917605 -6.599209 -6.915086 -5.879363 -8.061491 -1.125400 -6.529963 -1.125400 -7.452623 -5.655802 -1.297415
-1.859603 -0.276908 0.275129 -1.859603 -0.276908 -0.276908 -0.276908 -0.276908 -0.656648 0.787714 -0.984114 -1.326946 -0.656648 -1.447641 -0.656648 -0.480421
-0.873952 -3.835035 -3.873706 -5.531434 -3.908943 -4.923696 -4.215828 -4.433820 -4.742908 -3.967317 -2.677548 -5.024160 -4.216809 -3.461461 -0.873952 1.915208
2.457023 -0.344331 -1.045010 3.096940 -0.035160 1.487368 1.487368 1.487368 -1.045010 -1.045010 -1.045010 -1.045010 -1.045010 -1.045010 -1.045010 -1.045010
0.000000 0.000000 0.000000 0.000000 0.000000 0.000000 0.000000 0.000000 0.000000 0.000000 0.000000 0.000000 0.000000 0.000000 0.000000 0.000000
0.000000 0.000000 0.000000 0.000000 0.000000 0.000000 0.000000 0.000000 0.000000 0.000000 0.000000 0.000000 0.000000 0.000000 0.000000 0.000000
0.000000 0.000000 0.000000 0.000000 0.000000 0.000000 0.000000 0.000000 -2.255060 -2.247072 0.000000 -2.255060 -2.255060 -2.255060 0.000000 -2.255060
0.000000 0.000000 0.000000 0.000000 0.000000 0.000000 0.000000 0.000000 0.000000 0.000000 0.000000 0.000000 0.000000 0.000000 0.000000 0.000000
0.000000 0.000000 0.000000 0.000000 0.000000 0.000000 0.000000 0.000000 -3.951503 -3.951503 -3.951503 -3.951503 -3.951503 -3.951503 -3.951503 -3.951503
1.607764 1.607764 1.607764 1.607764 1.607764 1.607764 1.607764 1.607764 -1.711067 -1.078206 -0.556543 -0.892152 -1.037552 -3.177092 -4.144927 1.607764
1.399919 -0.191793 0.683478 1.399919 -0.705810 -1.572095 1.399919 -0.969747 -0.401034 -1.201716 -3.649376 -1.652226 1.671436 -0.983343 -1.433136 1.671436
-4.167675 -5.288061 -5.714721 1.573603 -7.133733 -6.412217 -6.827425 -4.167675 -5.350884 -7.178819 -5.911636 -6.590328 -5.385514 -5.371148 -6.469132 1.573603
-12.205074 0.868460 -8.521854 -10.298909 0.868460 -10.545962 -10.672532 -9.333630 -8.630583 -10.518553 -9.060245 -10.554048 -9.047468 -10.945382 -12.570730 -7.928812
-14.245016 -13.552509 -11.331977 0.618222 -13.321782 -11.526428 -13.109661 -12.440165 -12.537803 -15.415843 0.618222 -11.688722 -10.260588 -10.740588 -17.990589 -8.644600
-14.585007 -13.102130 2.379746 -13.087712 -13.505830 2.379746 -11.921891 -12.372492 -11.568200 -12.925736 -9.799343 -9.799343 -9.799343 -9.799343 -9.799343 -9.799343
0.000000 0.000000 0.000000 0.000000 0.000000 0.000000 0.000000 0.000000 0.000000 0.000000 0.000000 0.000000 0.000000 0.000000 0.000000 0.000000
0.000000 0.000000 0.000000 0.000000 0.000000 0.000000 0.000000 0.000000 0.000000 0.000000 0.000000 0.000000 0.000000 0.000000 0.000000 0.000000
0.000000 0.000000 0.000000 0.000000 0.000000 0.000000 0.000000 0.000000 0.000000 0.000000 0.000000 0.000000 0.000000 0.000000 0.000000 0.000000
0.000000 0.000000 0.000000 0.000000 0.000000 0.000000 0.000000 0.000000 0.000000 0.000000 0.000000 0.000000 0.000000 0.000000 0.000000 0.000000
0.000000 0.000000 0.000000 0.000000 0.000000 0.000000 0.000000 0.000000 0.000000 0.000000 0.000000 0.000000 0.000000 0.000000 0.000000 0.000000
0.000000 0.000000 0.000000 0.000000 0.000000 0.000000 0.000000 0.000000 0.000000 0.000000 0.000000 0.000000 0.000000 0.000000 0.000000 0.000000
0.000000 0.000000 0.000000 0.000000 0.000000 0.000000 0.000000 0.000000 0.000000 0.000000 0.000000 0.000000 0.000000 0.000000 0.000000 0.000000
4.768278 -3.137425 4.768278 4.768278 3.431107 4.729184 5.646634 4.768278 3.822353 3.822353 3.822353 3.822353 -3.137425 3.822353 3.822353 3.822353
4.229161 4.229161 1.690866 4.229161 0.000000 4.229161 4.229161 4.229161 0.000000 0.000000 0.000000 0.000000 0.000000 0.000000 0.000000 0.000000
-0.520783 -0.865887 0.316902 -2.010984 -0.520783 0.981701 -2.802207 0.548490 1.210015 -0.339209 2.733423 -3.038119 -0.984992 -0.984992 -0.984992 -2.010984
0.000000 0.000000 0.000000 0.000000 0.000000 0.000000 0.000000 0.000000 -5.664014 -5.664014 -5.664014 -5.664014 0.000000 -5.664014 -3.453600 0.000000
8.704530 -7.152607 -4.085109 -1.424839 -4.977821 -6.456001 -5.353513 -4.085109 -5.313305 -3.802946 -5.557090 -3.004322 -4.122759 -2.551222 -1.652143 -1.652143
-1.429437 -1.429437 -1.429437 -1.429437 -1.429437 -1.429437 -1.429437 0.377708 1.437574 0.079523 2.205935 0.862352 -2.570897 -0.739729 -0.184467 -2.570897
-3.824850 -9.556357 -6.014767 -7.656582 -5.488517 -6.282715 -7.656582 -6.955782 -6.348313 -5.699169 -4.500970 -7.078542 -1.083868 -8.074266 -6.185795 -1.083868
-2.762156 -10.227647 -10.210824 -2.762156 -7.573347 -11.961773 -9.352362 -9.448625 -7.322846 -9.533762 -9.245499 -9.897484 -9.065652 -8.115936 -7.462518 -8.882133
-1.637648 -5.868593 -5.868593 -7.265213 -2.967474 -5.608100 -5.868593 -5.868593 -1.637648 -1.637648 -1.637648 -1.637648 -1.637648 -1.637648 -1.637648 -1.637648
0.468479 -6.789292 -7.340124 -4.630350 -8.017038 -1.975420 -7.581879 -4.827775 -5.697532 -5.697532 -5.697532 -5.697532 -5.697532 -5.697532 -3.604515 -1.975420
-1.908161 3.185392 4.114805 6.488996 3.561704 1.908465 1.608509 4.400683 4.602845 4.502408 4.431276 3.731984 5.082219 4.192421 2.537845 -1.908161
-0.973149 0.631799 -0.117619 3.166120 -0.594891 1.100119 2.865699 0.537991 1.322664 2.083828 1.966738 2.615020 2.946184 -0.973149 1.932785 2.946184
1.130114 -1.491210 -0.628022 -1.074317 -1.302581 -1.005899 0.145647 -2.012801 -1.371917 -0.934107 -1.076486 -1.910374 -0.728500 -4.532009 -1.822691 -1.074317
2.108234 -1.157403 -2.608851 -1.589214 -1.612354 -1.646031 0.195847 0.786729 -2.378855 -3.174747 -3.359822 -2.540297 -1.647625 -1.157403 -3.142254 -4.115415
3.798063 0.057358 -0.279836 1.090376 0.533107 -0.670894 -0.856904 -1.368360 0.445356 -0.710741 -0.871096 -0.967394 1.166225 1.166225 -0.592431 -0.592431
-1.077800 1.057998 1.948808 2.966019 1.018685 2.720571 -1.077800 0.981092 -1.077800 -1.077800 -1.077800 -1.077800 -1.077800 -1.077800 -1.077800 -1.077800
-5.838353 -5.838353 -5.069897 -5.838353 -5.838353 -5.838353 16.888678 -5.838353 7.116276 7.816680 7.045372 8.845693 -0.733990 10.120866 7.541395 -0.733990
7.172397 4.967487 5.365872 4.409544 5.707998 3.436156 3.563462 4.094540 4.677002 2.176466 4.179204 5.012565 -0.637350 5.024906 5.641584 -0.637350
0.000000 0.000000 0.000000 0.000000 0.000000 0.000000 0.000000 0.000000 0.000000 0.000000 0.000000 0.000000 0.000000 0.000000 0.000000 0.000000
4.640259 2.267715 2.267715 -0.608576 1.681533 0.073461 8.659289 2.267715 -0.302002 1.155492 1.033072 0.281963 3.334768 -0.608576 1.683357 0.952254
1.321651 -4.238506 -4.238506 -4.238506 -0.878364 -4.238506 -4.238506 -4.238506 -4.107949 -4.107949 -4.107949 -4.107949 -4.107949 -4.107949 -4.107949 -0.878364
0.032317 -3.925441 -3.925441 -3.925441 -1.146615 -6.994920 -5.064683 -2.996638 -3.260819 -4.859874 -2.854007 -3.501650 -0.222001 0.032317 -4.043634 -1.887821
-1.214985 0.475581 -4.019560 -2.572870 -2.228743 -4.121387 -3.642671 -3.839830 -1.983812 -0.340715 0.475581 -1.330677 -2.667041 -1.565218 0.521825 0.100648
6.318542 1.634482 -0.217564 4.041714 2.751524 2.442700 1.690289 3.966757 3.835847 3.014363 -0.217564 0.401706 2.591361 4.537607 1.473695 1.919515
4.158000 2.958942 3.150618 -0.920269 1.563675 1.208019 1.842024 3.150618 1.044584 1.408703 0.062217 -0.846263 0.699344 -1.515510 -2.719321 0.699344
-0.653157 -1.160904 -1.160904 -1.160904 -1.160904 -1.160904 -0.000571 -0.875557 -1.964259 -0.908830 0.152646 -0.837260 1.526992 -1.775022 -1.903131 1.526992
-0.831421 -5.034428 -2.066440 -2.137608 -3.270182 -1.734513 -0.696759 -1.110915 -0.430220 -1.117545 -1.175707 -2.173315 0.146584 -5.944112 -3.051515 0.146584
2.804050 -0.443982 -0.277648 -0.897649 0.345017 0.563932 0.563932 0.563932 -0.363125 -2.010550 -2.405413 -2.010550 -2.153779 -1.616582 1.159466 1.159466
2.032722 -3.583713 -1.569245 -1.028149 -2.139109 -1.311274 -1.311274 -1.311274 -1.901866 -1.320382 -2.065283 -2.206002 2.032722 -1.958938 -1.224299 -1.224299
0.472232 -2.871818 -1.607617 1.735548 0.220710 3.200855 -0.521738 -1.237630 -1.820273 -0.648666 0.105466 -0.467091 0.047112 1.260879 -0.121590 3.200855
3.233895 1.510029 4.068825 1.762404 4.723075 4.732342 1.395488 0.975968 11.134138 -0.693249 0.217344 -0.376887 2.279678 1.719000 0.627087 0.627087
1.210331 -1.281657 -0.566840 -1.386810 -0.113078 -0.410863 2.354355 -0.851164 3.311899 -1.140134 0.941262 4.670395 -1.145949 3.645080 -2.086786 -1.145949
-3.736524 -8.819788 -3.327237 -5.254619 -5.579640 -4.499321 -5.984772 -5.913609 -7.033066 -7.076074 -6.832785 -6.512165 -7.049091 -5.377646 1.616587 1.616587
-8.056567 -14.404210 -12.994824 -8.495222 -10.884448 -12.605776 2.110531 -11.485711 -12.956735 -13.594397 -12.139757 -15.788019 -13.528283 -11.363495 -14.263134 2.110531
-5.476783 -12.101955 -10.651573 -8.503565 -12.030146 -12.173869 -13.313130 -10.282405 -11.233931 -11.477883 -13.287904 -13.406102 1.998744 -13.406102 -13.406102 1.998744
0.000000 0.000000 0.000000 0.000000 0.000000 0.000000 0.000000 0.000000 0.000000 0.000000 0.000000 0.000000 0.000000 0.000000 0.000000 0.000000
0.000000 0.000000 0.000000 0.000000 0.000000 0.000000 0.000000 0.000000 0.000000 0.000000 0.000000 0.000000 0.000000 0.000000 0.000000 0.000000
0.000000 0.000000 0.000000 0.000000 0.000000 0.000000 0.000000 0.000000 0.000000 0.000000 0.000000 0.000000 0.000000 0.000000 0.000000 0.000000
0.000000 0.000000 0.000000 0.000000 0.000000 0.000000 0.000000 0.000000 0.000000 0.000000 0.000000 0.000000 0.000000 0.000000 0.000000 0.000000
0.000000 0.000000 0.000000 0.000000 0.000000 0.000000 0.000000 0.000000 0.000000 0.000000 0.000000 0.000000 0.000000 0.000000 0.000000 0.000000
0.000000 0.000000 0.000000 0.000000 0.000000 0.000000 0.000000 0.000000 0.000000 0.000000 0.000000 0.000000 0.000000 0.000000 0.000000 0.000000
-3.923007 -3.923007 -3.923007 -3.923007 -3.923007 -3.923007 -3.923007 -4.746554 -3.738811 -3.738811 -4.551224 -4.420664 -3.013842 -4.864541 -5.858604 -2.241090
0.000000 0.000000 0.000000 0.000000 0.000000 0.000000 0.000000 0.000000 0.000000 0.000000 0.000000 0.000000 0.000000 0.000000 0.000000 0.000000
4.315350 4.315350 4.315350 -1.419568 1.249912 4.315350 4.315350 4.315350 -1.419568 2.567360 1.989020 0.743753 3.206174 3.370934 3.206174 2.362197
-3.504359 4.580151 7.010869 7.595061 9.293839 9.649672 11.898283 9.265706 11.168932 11.312327 -3.504359 9.865451 9.865451 9.865451 9.865451 9.865451
8.529651 8.529651 8.529651 -0.969104 8.007414 7.030541 8.010809 6.441650 -0.969104 -0.969104 -0.969104 -0.969104 -0.969104 -0.969104 -0.969104 -0.969104
-2.244774 5.805340 4.441914 -2.244774 4.409499 5.012307 6.322991 5.665815 5.813112 5.997409 5.637055 7.774826 9.575909 7.086164 7.834311 7.086164
-4.323137 1.987607 -1.805684 -4.323137 1.157788 2.317083 -1.805684 0.473355 1.153119 1.153119 1.153119 1.153119 1.153119 2.520761 -1.382970 1.538674
0.000000 0.000000 0.000000 0.000000 0.000000 0.000000 0.000000 0.000000 0.000000 0.000000 0.000000 0.000000 0.000000 0.000000 0.000000 0.000000
0.000000 0.000000 0.000000 0.000000 0.000000 0.000000 0.000000 0.000000 0.000000 0.000000 0.000000 0.000000 0.000000 0.000000 0.000000 0.000000
-3.150531 5.619071 7.127270 2.132779 8.535381 5.267931 5.138578 5.266532 6.713603 5.694107 3.792130 5.928853 5.818798 -3.150531 3.563701 7.698193
3.762466 3.528714 3.528714 -3.691518 3.528714 1.803853 3.635049 3.827457 1.468902 1.698395 2.757606 2.783850 1.051880 0.398657 1.894504 -3.691518
-5.498349 -5.636491 -3.815021 -4.436474 -6.227608 -4.340383 -4.273019 -4.070629 -4.658193 -7.239384 -7.654948 -6.816330 -5.689899 -5.875743 -4.436474 -2.481670
-5.382521 -4.831469 -2.279586 -3.422890 -5.300943 -5.924986 -7.154921 -5.622045 -5.531981 -8.442374 -7.069990 -6.337361 -7.069990 -5.678393 -7.069990 -3.422890
-10.597684 -9.970515 -6.034190 -7.113173 -7.834383 -6.389375 -6.804553 -3.789409 -5.612755 -8.430439 -5.696184 -3.789409 -3.789366 -5.048440 -6.061962 -5.696184
-10.232275 -10.232275 -10.232275 -10.232275 -10.232275 -8.722686 -9.866527 -10.079145 -12.911386 -12.911386 -9.929419 -11.645396 -3.482673 -10.454269 -13.646358 -3.482673
-4.282531 -4.282531 -4.806959 -2.317245 -5.665057 -6.134776 -6.724689 -6.433693 -5.641812 -8.153630 -5.805763 -6.931020 -2.317245 -6.363999 -10.365408 -2.090466
-0.990757 -6.788947 -6.788947 -6.788947 -6.788947 -6.788947 -6.788947 -6.702665 -4.864664 -6.430492 -5.095302 -6.447453 -5.095302 -7.584016 -0.990757 -2.524528
-0.404883 -1.335807 -2.170414 -1.117878 0.502855 -0.977426 -2.401404 -0.858728 -1.560106 -1.617409 0.019791 0.510463 -1.117878 2.157797 0.990493 5.195947
6.354278 7.403492 6.484104 -0.945638 6.747470 6.887358 7.661873 6.070587 7.221539 7.144026 6.047679 8.207069 10.603539 5.989720 5.300094 -0.945638
8.470859 -2.138546 -0.056595 -3.473316 -0.858466 6.984395 6.817327 6.922065 6.230967 -2.172006 -3.444383 8.287499 -1.525792 -1.525792 -1.525792 -2.138546
-0.638588 2.169098 0.503681 1.711193 2.229367 0.083470 -0.996222 0.999687 -1.183126 -0.377348 -0.554894 -0.638588 -0.377348 -0.377348 -0.377348 6.275191
8.335448 7.752616 4.912105 5.823688 5.186087 -0.696503 5.302761 3.920188 4.384784 -0.696503 4.184699 5.127248 5.037177 4.839189 2.660570 6.538058
-1.924406 1.860967 1.769635 2.330677 0.510585 2.276725 -1.924406 2.581886 2.021557 1.596547 -0.250819 1.675604 1.851191 0.790193 0.573212 4.705635
-0.747854 0.115697 -2.381230 -0.747854 0.243246 -0.296981 0.471983 -0.608962 -0.550487 -0.719751 -0.823249 -1.024355 0.092755 -0.838346 0.174662 2.969570
-0.976822 3.310778 2.990205 -0.976822 4.960354 6.086251 4.893327 4.420516 5.704608 3.624387 3.611084 5.470318 2.394614 4.254199 3.197565 3.673259
0.000000 0.000000 0.000000 0.000000 0.000000 0.000000 0.000000 0.000000 0.000000 0.000000 0.000000 0.000000 0.000000 0.000000 0.000000 0.000000
0.000000 0.000000 0.000000 0.000000 0.000000 0.000000 0.000000 0.000000 0.000000 0.000000 0.000000 0.000000 0.000000 0.000000 0.000000 0.000000
0.000000 0.000000 0.000000 0.000000 0.000000 0.000000 0.000000 0.000000 0.000000 0.000000 0.000000 0.000000 0.000000 0.000000 0.000000 0.000000
0.000000 0.000000 0.000000 0.000000 0.000000 0.000000 0.000000 0.000000 0.000000 0.000000 0.000000 0.000000 0.000000 0.000000 0.000000 0.000000
0.000000 0.000000 0.000000 0.000000 0.000000 0.000000 0.000000 0.000000 0.000000 0.000000 0.000000 0.000000 0.000000 0.000000 0.000000 0.000000
0.000000 0.000000 0.000000 0.000000 0.000000 0.000000 0.000000 0.000000 0.000000 0.000000 0.000000 0.000000 0.000000 0.000000 0.000000 0.000000
1.302589 1.698406 2.072866 1.445614 1.302589 0.982079 -0.781284 -1.234677 -1.823949 -0.287004 1.445614 0.899768 0.516726 -0.620229 -1.797749 -0.132275
1.802026 -0.388596 -1.029040 -0.792207 -0.937021 -1.808602 -3.096781 -2.880213 -2.962266 -2.055183 -2.817251 -0.967068 0.137871 -1.741741 -2.004176 1.802026
1.118198 -2.882281 -0.778990 -2.476976 -1.111930 -0.948371 -1.061135 -0.316502 -1.828683 -1.293724 -2.058253 -1.760215 -1.985113 -4.513809 -4.513809 1.118198
-1.577602 -1.760272 -1.577602 0.362963 -2.388994 -2.243676 -2.152624 -1.812951 -2.685623 -3.833569 -3.908132 -3.144284 -2.523127 0.362963 -1.635988 -4.295385
2.185955 0.973289 1.070284 2.674719 1.609769 1.351828 5.324974 2.153331 -0.073271 1.790158 -0.054273 1.883064 1.790158 0.913337 2.235649 2.648936
0.000000 0.000000 0.000000 0.000000 0.000000 0.000000 0.000000 0.000000 0.000000 0.000000 0.000000 0.000000 0.000000 0.000000 0.000000 0.000000
0.000000 0.000000 0.000000 0.000000 0.000000 0.000000 0.000000 0.000000 0.000000 0.000000 0.000000 0.000000 0.000000 0.000000 0.000000 0.000000
0.000000 0.000000 0.000000 0.000000 0.000000 0.000000 0.000000 0.000000 0.000000 0.000000 0.000000 0.000000 0.000000 0.000000 0.000000 0.000000

-------[ 2025-08-07 02:06:54 ] # Run 5711 LH2 timing calibration

# Pixel offsets, TDC conversion, ECal p0/delta, time-walk constants, geometry,
# pulse-quality cuts, projection geometry, and pairing policy are inherited
# unchanged from the common experiment calibration above.  Only p1, the global
# timing shift, and the accepted ECal timing window vary for this run.
earm.cdet.timing.enable = 1
earm.cdet.timing.ecal_p1 = 0.000000
earm.cdet.timing.shift_ns = 3.422000

earm.cdet.selection.enable = 1
earm.cdet.selection.ecal_time_min = -10.0
earm.cdet.selection.ecal_time_max = 10.0

earm.cdet.pairing.enable = 1
