event_index	pair_index	fold	layer	pixel	half_bar	ecal_time_ns	cdet_time_master_ns	cdet_time_candidate_ns	tot_ns
0	0	0	1	413	25	-6.23268751528	52.1970429774	52.2620198771	5.653
0	0	0	2	1759	109	-6.23268751528	55.1928683467	55.2578452465	10.441
1	0	0	1	1022	63	14.7279549518	35.3291433019	35.1756016956	8.819
1	0	0	2	2379	148	14.7279549518	35.4126583176	35.2591167113	4.583
2	0	0	1	343	21	-1.47755336678	26.7378170436	26.7532208059	7.307
2	0	0	2	1686	105	-1.47755336678	26.6270921676	26.6424959299	4.221
3	0	0	1	137	8	-2.83861580553	30.6769270613	30.7065201469	12.977
3	0	0	2	1478	92	-2.83861580553	29.1439418145	29.1735349	16
4	0	0	1	478	29	14.1405049058	35.9604725486	35.8130552157	5.969
4	0	0	2	1826	114	14.1405049058	35.5705429143	35.4231255814	8.551
5	0	0	1	158	9	-1.53864964412	28.1307646734	28.1468053755	10.803
5	0	0	2	1498	93	-1.53864964412	30.8086591113	30.8246998134	9.685
6	0	0	1	485	30	8.81363535912	29.0211735358	28.9292897858	12.913
6	0	0	2	1831	114	8.81363535912	28.4305865289	28.3387027789	5.433
7	0	0	1	1287	80	1.4103	35.404798016	35.3900953823	9.59
7	0	0	2	2634	164	1.4103	34.292233588	34.2775309542	14.031
8	0	0	1	963	60	11.6430619999	30.8648140375	30.7434330007	6.976
8	0	0	2	2306	144	11.6430619999	33.2808635574	33.1594825206	7.811
9	0	0	1	1061	66	12.978544137	24.069873794	23.9345701133	8.063
9	0	0	2	2419	151	12.978544137	27.4973136046	27.3620099238	12
10	0	0	1	1012	63	7.70432715591	27.6700796717	27.5897606613	9.181
10	0	0	2	2356	147	7.70432715591	30.4668215026	30.3865024922	13.622
11	0	0	1	273	17	12.2481151266	30.3567145312	30.2290257057	8.378
11	0	0	2	1616	101	12.2481151266	30.4473819584	30.3196931329	4.693
12	0	0	1	1009	63	6.73505248816	24.1611048305	24.0908906846	20.724
12	0	0	2	2354	147	6.73505248816	30.8007316228	30.7305174769	5.102
13	0	0	1	272	17	3.2484137931	27.7075299909	27.6736646869	12.945
13	0	0	2	1616	101	3.2484137931	27.6959717996	27.6621064956	12.094
14	0	0	1	155	9	-3.66905358571	31.2644397914	31.3026903416	6.882
14	0	0	2	1495	93	-3.66905358571	30.4312807162	30.4695312665	14.252
15	0	0	1	273	17	12.5370564893	27.5519535003	27.4212524085	12.221
15	0	0	2	1616	101	12.5370564893	27.0946122002	26.9639111084	18.126
16	0	0	1	960	60	0.915175096858	35.2664959028	35.2569550362	18.283
16	0	0	2	2313	144	0.915175096858	21.8636318091	21.8540909424	9.811
17	0	0	1	297	18	14.2369048263	37.9304358534	37.7820135338	7.937
17	0	0	2	1650	103	14.2369048263	32.6462982844	32.4978759649	13.149
18	0	0	1	574	35	-2.85106193758	24.5243879372	24.5541107759	14.708
18	0	0	2	1923	120	-2.85106193758	31.3069106646	31.3366335034	13.465
19	0	0	1	1255	78	4.19432345884	34.5145589315	34.4708323473	8.645
19	0	0	2	2601	162	4.19432345884	31.5055899155	31.4618633313	21.433
20	0	0	1	732	45	1.34622850275	25.833903491	25.8198688143	4.961
20	0	0	2	2072	129	1.34622850275	29.5486916709	29.5346569941	15.685
21	0	0	1	1064	66	12.2854	34.3991869394	34.2711094123	4.441
21	0	0	2	2412	150	12.2854	40.5234635307	40.3953860035	6.284
22	0	0	1	555	34	-9.58544117647	55.1782078163	55.2781377822	10.095
22	0	0	2	1904	119	-9.58544117647	49.9301151777	50.0300451436	11.653
23	0	0	1	727	45	-0.701621521694	37.0201353534	37.0274498853	16.803
23	0	0	2	2070	129	-0.701621521694	28.3859023834	28.3932169152	10.409
24	0	0	1	486	30	12.1247224992	33.8766971783	33.7502947433	5.543
24	0	0	2	1832	114	12.1247224992	33.3888912702	33.2624888352	12.126
25	0	0	1	802	50	-4.27175607721	26.0279354511	26.0724692844	13.653
25	0	0	2	2166	135	-4.27175607721	26.4440127302	26.4885465634	14.409
26	0	0	1	488	30	5.43558956463	33.9684041047	33.9117370959	8.788
26	0	0	2	1834	114	5.43558956463	32.3791857117	32.3225187029	7.465
27	0	0	1	378	23	5.12310662246	25.440705247	25.3872959297	16.41
27	0	0	2	1723	107	5.12310662246	24.4430535792	24.3896442618	15.905
28	0	0	1	893	55	1.06540161247	29.0917825542	29.0806755488	10.41
28	0	0	2	2234	139	1.06540161247	29.9677784658	29.9566714604	7.276
29	0	0	1	78	4	-1.78631794769	27.5165204331	27.5351431223	8.126
29	0	0	2	1419	88	-1.78631794769	28.9612203153	28.9798430045	5.591
30	0	0	1	376	23	9.03936971407	33.3160238056	33.221786734	5.716
30	0	0	2	1722	107	9.03936971407	31.8119473125	31.7177102409	16
31	0	0	1	598	37	5.86311787165	32.6120871271	32.550963058	10.519
31	0	0	2	1948	121	5.86311787165	34.4212819925	34.3601579234	6.252
32	0	0	1	741	46	-2.11385491491	37.0957212855	37.1177586071	7.969
32	0	0	2	2079	129	-2.11385491491	35.2126811289	35.2347184504	10.897
33	0	0	1	340	21	-3.79336694545	27.9269159511	27.9664624907	13.008
33	0	0	2	1683	105	-3.79336694545	30.6930371755	30.7325837151	8
34	0	0	1	930	58	5.66759388001	31.6769756597	31.6178899637	7.465
34	0	0	2	2273	142	5.66759388001	24.4639761286	24.4048904326	6.882
35	0	0	1	591	36	-3.44684615385	29.1653545848	29.2012885822	8.157
35	0	0	2	1940	121	-3.44684615385	30.858212859	30.8941468565	12.473
36	0	0	1	1004	62	7.51389529724	31.9274108803	31.8490771566	12.819
36	0	0	2	2350	146	7.51389529724	32.3423955014	32.2640617777	6.22
37	0	0	1	471	29	-3.6179	39.9112961972	39.949013462	27.559
37	0	0	2	1817	113	-3.6179	33.0613518309	33.0990690957	8.677
39	0	0	1	893	55	9.72206610991	33.3463044109	33.2449501053	6.599
39	0	0	2	2235	139	9.72206610991	33.1572876123	33.0559333067	6.394
40	0	0	1	893	55	4.95240981379	29.4915323828	29.4399026107	4.095
40	0	0	2	2235	139	4.95240981379	32.3310000522	32.2793702801	5.968
41	0	0	1	1265	79	-8.17063240111	30.6514014705	30.7365817978	8.787
41	0	0	2	2618	163	-8.17063240111	27.5106554476	27.5958357749	16.158
42	0	0	1	765	47	10.8308286035	28.4412073787	28.3282940226	17.559
42	0	0	2	2107	131	10.8308286035	27.7333380755	27.6204247195	7.37
43	0	0	1	1051	65	4.97763230515	39.6195167206	39.5676239994	29.937
43	0	0	2	2387	149	4.97763230515	30.8985726898	30.8466799686	9.527
45	0	0	1	1229	76	-4.88798323353	28.0727080556	28.123666169	5.118
45	0	0	2	2580	161	-4.88798323353	28.4995789858	28.5505370991	11.748
46	0	0	1	934	58	0.501956881622	29.1664931086	29.1612601169	5.937
46	0	0	2	2276	142	0.501956881622	28.2901078733	28.2848748816	5.874
48	0	0	1	189	11	14.3010664153	29.5490724647	29.3999812489	16.189
48	0	0	2	1532	95	14.3010664153	29.6337610118	29.4846697961	7.748
50	0	0	1	938	58	3.43743579433	29.9352244312	29.8993885384	7.465
50	0	0	2	2282	142	3.43743579433	32.2556872071	32.2198513144	12
51	0	0	1	521	32	-8.62303549396	29.232090078	29.3219867897	11.37
51	0	0	2	1866	116	-8.62303549396	28.0479899151	28.1378866269	8.031
52	0	0	1	105	6	1.30389713636	32.4602322846	32.4466389201	24.535
52	0	0	2	1446	90	1.30389713636	29.3646301946	29.35103683	9.307
53	0	0	1	1254	78	7.43119555498	31.6188183498	31.5413467859	9.685
53	0	0	2	2598	162	7.43119555498	29.1256468533	29.0481752894	7.622
54	0	0	1	954	59	3.74994867383	37.883923767	37.8448298708	9.008
54	0	0	2	2295	143	3.74994867383	39.4493166933	39.4102227971	9.212
55	0	0	1	169	10	9.70104489334	32.4396017052	32.3384665496	6.803
55	0	0	2	1512	94	9.70104489334	31.8324410705	31.7313059149	12.583
56	0	0	1	574	35	-6.94519251334	25.7734328495	25.8458377434	10
56	0	0	2	1923	120	-6.94519251334	29.8729245375	29.9453294314	13.496
57	0	0	1	1268	79	-3.75455454545	24.9534368017	24.992578715	11.591
57	0	0	2	2618	163	-3.75455454545	24.6651815889	24.7043235022	4.85
58	0	0	1	552	34	8.48806403991	31.3558801753	31.2673905654	9.843
58	0	0	2	1901	118	8.48806403991	31.499241228	31.4107516181	11.591
59	0	0	1	1040	65	-3.80564821878	28.0544877401	28.0941623143	8.189
59	0	0	2	2394	149	-3.80564821878	27.7916122793	27.8312868534	10.063
60	0	0	1	1245	77	8.18683453076	31.8513839543	31.7660347169	11.37
60	0	0	2	2596	162	8.18683453076	30.8574360799	30.7720868424	6.063
61	0	0	1	411	25	13.1730081685	32.9636050385	32.8262740349	12.33
61	0	0	2	1756	109	13.1730081685	34.4048676905	34.2675366869	9.244
62	0	0	1	158	9	3.14686954509	32.9046595712	32.8718528844	6.189
62	0	0	2	1496	93	3.14686954509	33.6782200512	33.6454133645	15.103
63	0	0	1	934	58	-4.31893287671	30.9220380907	30.9670637507	10.976
63	0	0	2	2277	142	-4.31893287671	30.5368316524	30.5818573123	5.622
64	0	0	1	1242	77	-7.46055118704	30.1693820645	30.2471596661	8.598
64	0	0	2	2590	161	-7.46055118704	28.9160847145	28.9938623161	12.41
65	0	0	1	727	45	12.5328802744	26.9618206506	26.8311630967	20.425
65	0	0	2	2079	129	12.5328802744	30.1997402048	30.0690826508	8.772
66	0	0	1	1093	68	-7.96963256779	29.9674331079	30.0505179754	4.724
66	0	0	2	2441	152	-7.96963256779	29.1280812806	29.2111661481	6.851
67	0	0	1	490	30	2.39248311089	30.8154612085	30.7905191373	14.189
67	0	0	2	1842	115	2.39248311089	31.1913806166	31.1664385455	6.157
68	0	0	1	1095	68	-8.0041862069	29.5157714786	29.5992165742	6.252
68	0	0	2	2442	152	-8.0041862069	31.7619277211	31.8453728166	6.96
70	0	0	1	604	37	-6.08270144467	25.7597906983	25.823203966	18.41
70	0	0	2	1955	122	-6.08270144467	26.4441761224	26.5075893902	17.465
71	0	0	1	1000	62	-2.50448529286	46.7352480461	46.7613577603	20.221
71	0	0	2	2346	146	-2.50448529286	43.4844340745	43.5105437887	9.748
72	0	0	1	78	4	-2.15568174743	30.4857428538	30.5082162277	7.654
72	0	0	2	1418	88	-2.15568174743	32.6935891461	32.71606252	6.819
73	0	0	1	415	25	13.2062636364	31.1699424374	31.0322647395	7.937
73	0	0	2	1762	110	13.2062636364	33.8639319404	33.7262542425	12.536
74	0	0	1	289	18	1.04398846492	24.2868830784	24.2759993089	11.622
74	0	0	2	1633	102	1.04398846492	25.6720335776	25.6611498082	17.465
75	0	0	1	1217	76	8.45772773425	30.6186186578	30.5304453095	8.284
75	0	0	2	2566	160	8.45772773425	30.3465809226	30.2584075742	11.748
76	0	0	1	917	57	0.135715098549	35.3778158979	35.3764010434	13.275
76	0	0	2	2261	141	0.135715098549	29.0425268176	29.041111963	6.378
77	0	0	1	618	38	0.803808142211	33.8968512435	33.8884713976	8.315
77	0	0	2	1968	123	0.803808142211	33.6502538086	33.6418739626	9.748
78	0	0	1	493	30	-5.17365361204	28.3680113513	28.4219476302	11.685
78	0	0	2	1838	114	-5.17365361204	26.4979452851	26.551881564	9.937
79	0	0	1	737	46	0.382950009003	29.7058399827	29.7018476593	10.063
79	0	0	2	2077	129	0.382950009003	30.7870885058	30.7830961824	11.574
80	0	0	1	1059	66	13.9526891006	33.6350042006	33.4895448816	15.78
80	0	0	2	2410	150	13.9526891006	34.0827430254	33.9372837064	14.661
81	0	0	1	505	31	6.67004559764	29.6920543843	29.6225179471	16.157
81	0	0	2	1857	116	6.67004559764	27.368653399	27.2991169618	4.945
82	0	0	1	288	18	4.50872418428	25.1214332471	25.0744289783	14.756
82	0	0	2	1631	101	4.50872418428	23.9513620477	23.9043577789	12.031
83	0	0	1	1256	78	10.6131426503	28.810747759	28.7001038186	5.04
83	0	0	2	2602	162	10.6131426503	29.3223011666	29.2116572262	5.417
84	0	0	1	1268	79	-8.39943295192	26.9768222687	27.0643878834	13.654
84	0	0	2	2617	163	-8.39943295192	30.148460417	30.2360260316	9.969
85	0	0	1	1286	80	0.655375643869	27.7279461905	27.7211137803	15.622
85	0	0	2	2635	164	0.655375643869	26.6439159146	26.6370835044	14.85
86	0	0	1	183	11	-1.21112414745	29.0842645624	29.0968907517	7.527
86	0	0	2	1527	95	-1.21112414745	27.3940563975	27.4066825868	5.559
87	0	0	1	1094	68	-6.04267171717	31.1871126523	31.2501086028	6.33
87	0	0	2	2442	152	-6.04267171717	31.069877091	31.1328730416	5.433
89	0	0	1	1223	76	0.0124666542834	31.2234101413	31.2232801742	4.85
89	0	0	2	2573	160	0.0124666542834	29.4678665634	29.4677365962	9.008
90	0	0	1	171	10	-5.7756385341	30.7036824095	30.7638944906	13.622
90	0	0	2	1513	94	-5.7756385341	29.9981651612	30.0583772423	14.252
91	0	0	1	737	46	-10.2208325383	36.5019026755	36.6084567117	8.157
91	0	0	2	2078	129	-10.2208325383	37.3580959206	37.4646499569	6.346
92	0	0	1	1049	65	1.30587713999	29.9733854752	29.9597714687	27.213
92	0	0	2	2387	149	1.30587713999	29.9715773395	29.9579633331	11.433
93	0	0	1	141	8	4.20039325896	28.7641416356	28.7203517727	6.158
93	0	0	2	1480	92	4.20039325896	26.2789055545	26.2351156916	6.536
94	0	0	1	1256	78	-6.46268888889	26.0691569083	26.1365316142	10.96
94	0	0	2	2604	162	-6.46268888889	26.8599304595	26.9273051654	6.567
95	0	0	1	231	14	-2.6199	29.6543359212	29.6816488547	5.559
95	0	0	2	1575	98	-2.6199	31.7663075696	31.7936205031	6.662
96	0	0	1	1279	79	14.104700364	12.9034418137	12.7563977497	8.929
96	0	0	2	2629	164	14.104700364	16.0449697397	15.8979256757	7.559
97	0	0	1	1264	79	-8.72997442422	28.4123697932	28.5033813627	10.614
97	0	0	2	2615	163	-8.72997442422	29.5496717482	29.6406833178	9.465
98	0	0	1	136	8	3.36396093412	28.8883173395	28.8532474356	6.221
98	0	0	2	1476	92	3.36396093412	30.1883519336	30.1532820296	9.166
99	0	0	1	1245	77	-7.55593516929	32.9319906746	33.0107626716	8.441
99	0	0	2	2594	162	-7.55593516929	30.2205451352	30.2993171322	17.102
101	0	0	1	1270	79	-8.64103636364	31.0126868138	31.1027711879	10.063
101	0	0	2	2619	163	-8.64103636364	31.3510068435	31.4410912176	12.347
103	0	0	1	549	34	4.0497311648	32.9154149663	32.8731957831	10.724
103	0	0	2	1895	118	4.0497311648	32.6663156113	32.6240964281	10.158
104	0	0	1	1003	62	13.192816325	39.1891633218	39.0516258146	7.433
104	0	0	2	2347	146	13.192816325	39.2392811242	39.101743617	7.874
105	0	0	1	932	58	4.54043701467	33.1731090773	33.1257741965	15.78
105	0	0	2	2274	142	4.54043701467	30.9494630146	30.9021281338	5.401
107	0	0	1	313	19	10.9273909639	28.0037858092	27.889865773	10.772
107	0	0	2	1658	103	10.9273909639	28.526284277	28.4123642408	7.212
108	0	0	1	1042	65	-1.84473489813	24.3688211684	24.3880528649	21.229
108	0	0	2	2389	149	-1.84473489813	25.943804759	25.9630364555	12.913
109	0	0	1	1034	64	5.08563455153	18.849551722	18.7965330578	6.898
109	0	0	2	2376	148	5.08563455153	31.2214253545	31.1684066903	9.024
110	0	0	1	773	48	8.62247396737	23.7566182468	23.6667273891	5.37
110	0	0	2	2113	132	8.62247396737	22.0448874241	21.9549965663	8.315
111	0	0	1	481	30	9.76076593819	29.8521076202	29.7503498618	21.842
111	0	0	2	1827	114	9.76076593819	30.5951175977	30.4933598394	9.843
112	0	0	1	474	29	1.94562857143	32.9784199561	32.9581364247	12.63
112	0	0	2	1821	113	1.94562857143	30.7664324724	30.7461489411	6.929
113	0	0	1	488	30	-6.81546913908	29.992568344	30.0636208481	9.166
113	0	0	2	1833	114	-6.81546913908	29.4571920896	29.5282445937	5.906
114	0	0	1	158	9	-5.28503445436	33.2533559869	33.3084534313	4.063
114	0	0	2	1496	93	-5.28503445436	31.0993224265	31.1544198709	17.969
115	0	0	1	564	35	3.65948275862	43.327081302	43.2889305293	9.512
115	0	0	2	1912	119	3.65948275862	40.6269462867	40.5887955141	15.906
116	0	0	1	1055	65	9.53575	36.3772549716	36.2778430453	10.063
116	0	0	2	2393	149	9.53575	42.1448176268	42.0454057005	7.906
117	0	0	1	273	17	-6.02890369358	30.5927025103	30.6555549267	7.843
117	0	0	2	1619	101	-6.02890369358	29.111091134	29.1739435504	6.094
122	0	0	1	1238	77	5.75347993771	29.9299017627	29.869920689	11.748
122	0	0	2	2586	161	5.75347993771	30.7320859778	30.672104904	7.465
123	0	0	1	1033	64	-6.89237241926	41.2541820357	41.3260362705	6.756
123	0	0	2	2375	148	-6.89237241926	35.142695104	35.2145493388	6.315
124	0	0	1	430	26	4.11675230981	20.0255383916	19.9826205008	4.756
124	0	0	2	1763	110	4.11675230981	22.9423590279	22.899441137	14.189
125	0	0	1	153	9	-1.22633470204	30.6818720959	30.694656858	8.284
125	0	0	2	1496	93	-1.22633470204	29.7143914486	29.7271762107	13.717
126	0	0	1	1220	76	-2.54901428571	26.558020377	26.584594314	4.645
126	0	0	2	2571	160	-2.54901428571	31.5760825348	31.6026564719	15.779
127	0	0	1	266	16	-2.47078766651	34.457844976	34.4836033863	10.031
127	0	0	2	1609	100	-2.47078766651	35.0249130307	35.050671441	8.347
128	0	0	1	599	37	-6.30832568094	29.4250355811	29.4908010225	8.063
128	0	0	2	1948	121	-6.30832568094	28.3678763919	28.4336418333	6.693
128	1	0	1	598	37	-6.30832568094	28.2705476944	28.3363131358	6.378
128	1	0	2	1947	121	-6.30832568094	24.6276048633	24.6933703047	4.158
129	0	0	1	920	57	-2.30940578286	31.8886168415	31.9126928164	16.662
129	0	0	2	2263	141	-2.30940578286	31.1032733086	31.1273492835	6.504
130	0	0	1	413	25	-4.17168770399	29.5037960177	29.54728662	5.685
130	0	0	2	1760	110	-4.17168770399	30.055827481	30.0993180833	11.937
131	0	0	1	1279	79	8.99310256661	30.7348915269	30.6411367987	17.559
131	0	0	2	2629	164	8.99310256661	27.8258105882	27.73205586	15.78
134	0	0	1	490	30	-6.16663697126	32.5564004588	32.6206887697	14.33
134	0	0	2	1837	114	-6.16663697126	27.5402124019	27.6045007128	5.527
135	0	0	1	740	46	-4.61035362405	27.9075147721	27.9555785463	9.717
135	0	0	2	2079	129	-4.61035362405	26.3373831365	26.3854469107	12.945
136	0	0	1	962	60	-3.90569661017	32.0974357469	32.1381533437	10.645
136	0	0	2	2305	144	-3.90569661017	30.8132634676	30.8539810644	5.842
137	0	0	1	1095	68	14.0623240432	35.8041466451	35.657544362	6
137	0	0	2	2444	152	14.0623240432	36.6357029057	36.4891006225	8.378
138	0	0	1	375	23	-0.429334415288	30.6741072848	30.678583174	9.276
138	0	0	2	1720	107	-0.429334415288	26.8123985674	26.8168744567	12.504
139	0	0	1	1254	78	-3.07832040645	27.3653107191	27.3974027687	13.338
139	0	0	2	2596	162	-3.07832040645	29.0220620823	29.0541541319	8.536
141	0	0	1	214	13	-0.6533227267	27.2777802226	27.2845912307	8.063
141	0	0	2	1555	97	-0.6533227267	28.9189848268	28.9257958349	8.929
144	0	0	1	966	60	2.61936593079	32.1180674142	32.0907600485	9.418
144	0	0	2	2310	144	2.61936593079	30.6235184753	30.5962111095	6.157
145	0	0	1	585	36	2.69346001123	25.130628469	25.102548659	14.378
145	0	0	2	1933	120	2.69346001123	27.426558238	27.398478428	9.717
146	0	0	1	604	37	-7.048	27.4151193325	27.488596013	12.567
146	0	0	2	1954	122	-7.048	26.8921856358	26.9656623163	7.716
147	0	0	1	78	4	9.52071024619	33.226101609	33.1268464748	9.622
147	0	0	2	1425	89	9.52071024619	36.7612998437	36.6620447096	10.284
148	0	0	1	737	46	3.13506480909	32.1149031123	32.0822194921	10.252
148	0	0	2	2077	129	3.13506480909	33.3182071318	33.2855235116	10.85
149	0	0	1	804	50	-0.237474831739	28.3463033645	28.3487790828	7.874
149	0	0	2	2146	134	-0.237474831739	28.9287623621	28.9312380803	6.551
150	0	0	1	1233	77	-4.32491699082	26.3597304379	26.4048184834	10.976
150	0	0	2	2585	161	-4.32491699082	24.2011275031	24.2462155485	5.653
151	0	0	1	376	23	-3.39866193565	32.1895222199	32.2249538881	11.496
151	0	0	2	1721	107	-3.39866193565	27.3930761056	27.4285077738	9.511
152	0	0	1	1242	77	5.46786666667	29.7838549594	29.7268514559	12.803
152	0	0	2	2593	162	5.46786666667	27.779189656	27.7221861525	20.425
153	0	0	1	612	38	10.9459666667	20.5241061928	20.4099925015	7.465
153	0	0	2	1960	122	10.9459666667	21.5072951378	21.3931814465	10.457
154	0	0	1	141	8	13.7288826887	30.6742033021	30.5310772056	12.992
154	0	0	2	1481	92	13.7288826887	28.6443129136	28.5011868172	21.071
156	0	0	1	159	9	-4.26079615236	29.7665353643	29.8109549384	6.599
156	0	0	2	1498	93	-4.26079615236	30.5346716257	30.5790911998	15.039
158	0	0	1	1055	65	11.6035666667	27.9208838007	27.7999145099	10.614
158	0	0	2	2392	149	11.6035666667	31.1909993525	31.0700300617	11.055
159	0	0	1	1095	68	-5.33971987331	31.2469220455	31.3025895953	9.433
159	0	0	2	2442	152	-5.33971987331	32.0032195999	32.0588871498	5.496
160	0	0	1	196	12	-0.792592874462	27.3626612766	27.3709242013	7.15
160	0	0	2	1539	96	-0.792592874462	28.5736294834	28.5818924081	9.212
161	0	0	1	917	57	6.29495707834	28.5718048145	28.5061787432	12.126
161	0	0	2	2260	141	6.29495707834	29.6441893141	29.5785632428	6.834
163	0	0	1	1026	64	-1.076688366	31.5114716346	31.5226963065	8.157
163	0	0	2	2372	148	-1.076688366	25.8412648867	25.8524895585	8.63
164	0	0	1	601	37	2.05917409669	27.4030374165	27.3815701524	12.882
164	0	0	2	1950	121	2.05917409669	30.0611414919	30.0396742278	11.811
165	0	0	1	212	13	-2.40527275341	30.2486527983	30.2737282038	5.338
165	0	0	2	1554	97	-2.40527275341	27.8402835724	27.8653589778	8.441
167	0	0	1	415	25	9.00591481481	34.166672872	34.0727845738	5.055
167	0	0	2	1760	110	9.00591481481	32.1727076232	32.0788193249	14.126
168	0	0	1	1227	76	7.20929407882	28.9478998476	28.8727416469	15.15
168	0	0	2	2579	161	7.20929407882	29.3647058782	29.2895476776	8.473
169	0	0	1	1234	77	-3.07951527427	30.5149007719	30.5470052782	10.425
169	0	0	2	2583	161	-3.07951527427	29.760983293	29.7930877993	4.788
170	0	0	1	870	54	9.91897775419	35.8028368114	35.6994296661	4.221
170	0	0	2	2211	138	9.91897775419	30.0330668115	29.9296596662	16.189
171	0	0	1	723	45	-1.27986076544	27.8729793137	27.8863220948	9.685
171	0	0	2	2065	129	-1.27986076544	28.5884636725	28.6018064535	8.221
172	0	0	1	1217	76	13.7708666667	33.812253463	33.6686896759	11.716
172	0	0	2	2566	160	13.7708666667	28.9347908269	28.7912270399	14.788
174	0	0	1	901	56	11.6150736898	28.4499611685	28.3288719149	6.189
174	0	0	2	2242	140	11.6150736898	31.3769147464	31.2558254928	7.339
175	0	0	1	585	36	14.9983135935	33.7789690338	33.6226088895	12.929
175	0	0	2	1936	121	14.9983135935	32.2665630987	32.1102029544	15.212
176	0	0	1	937	58	6.29233618312	28.6049645107	28.5393657627	10.677
176	0	0	2	2282	142	6.29233618312	32.5368420295	32.4712432815	4.772
177	0	0	1	473	29	-3.42770512573	27.8276749611	27.8634094098	17.465
177	0	0	2	1819	113	-3.42770512573	28.5956566346	28.6313910833	10.693
179	0	0	1	489	30	-3.30889858251	24.1510527372	24.1855486061	15.307
179	0	0	2	1833	114	-3.30889858251	26.4270183349	26.4615142038	11.212
180	0	0	1	171	10	2.60071655794	25.692523158	25.6654102154	9.716
180	0	0	2	1513	94	2.60071655794	24.2029391563	24.1758262137	17.37
181	0	0	1	1238	77	-3.81523843208	27.2688199054	27.3085944592	9.685
181	0	0	2	2586	161	-3.81523843208	24.048339364	24.0881139179	5.197
182	0	0	1	1221	76	-2.05400890018	30.220957052	30.242370468	4.693
182	0	0	2	2571	160	-2.05400890018	30.6139483009	30.6353617169	5.481
183	0	0	1	1041	65	6.6101023622	33.155580605	33.0866690869	12.189
183	0	0	2	2394	149	6.6101023622	33.1234176135	33.0545060953	7.355
184	0	0	1	1238	77	-3.5329143652	30.4538408587	30.4906721329	8.284
184	0	0	2	2586	161	-3.5329143652	32.5680368092	32.6048680833	6.535
185	0	0	1	1237	77	5.56627065176	23.1630869522	23.1050575693	8.662
185	0	0	2	2585	161	5.56627065176	24.3034440874	24.2454147045	12.725
186	0	0	1	1236	77	-6.36422264416	27.4526111719	27.5189593493	5.15
186	0	0	2	2585	161	-6.36422264416	29.6552229676	29.721571145	14.315
187	0	0	1	1256	78	3.27956649101	30.5048322419	30.4706421654	11.37
187	0	0	2	2604	162	3.27956649101	30.0438792883	30.0096892117	18.425
188	0	0	1	1026	64	6.69447199317	33.0503171676	32.9805260808	8.347
188	0	0	2	2379	148	6.69447199317	36.667737243	36.5979461561	10.897
190	0	0	1	1061	66	8.92863313073	36.0048764389	35.9117938163	15.969
190	0	0	2	2407	150	8.92863313073	33.6588869135	33.5658042908	7.905
191	0	0	1	216	13	-1.90006130006	30.1049675177	30.124776002	7.055
191	0	0	2	1560	97	-1.90006130006	28.5825107061	28.6023191904	5.968
192	0	0	1	1294	80	9.62081396829	19.3176597135	19.2173609799	29.212
192	0	0	2	2637	164	9.62081396829	29.8906725837	29.7903738501	5.969
193	0	0	1	1103	68	5.60270009094	30.0808230223	30.0224138559	7.78
193	0	0	2	2452	153	5.60270009094	27.8325490257	27.7741398593	12.409
194	0	0	1	1268	79	-2.83847710633	29.7146729074	29.7442645469	11.811
194	0	0	2	2617	163	-2.83847710633	31.1336724672	31.1632641068	5.78
195	0	0	1	931	58	-1.92292484336	26.7611059443	26.7811527852	4.63
195	0	0	2	2274	142	-1.92292484336	26.4995510714	26.5195979123	5.937
196	0	0	1	1246	77	0.377733936768	29.5449004226	29.5409624777	12.945
196	0	0	2	2598	162	0.377733936768	31.3648510715	31.3609131265	16.126
197	0	0	1	280	17	10.6007018548	25.7633542398	25.6528399969	4
197	0	0	2	1626	101	10.6007018548	27.0339563554	26.9234421125	5.78
198	0	0	1	373	23	8.93487358765	33.4296891051	33.3365414246	8.157
198	0	0	2	1717	107	8.93487358765	30.3026709608	30.2095232803	5.748
199	0	0	1	472	29	-1.44512959635	30.3538150145	30.3688807531	24.063
199	0	0	2	1817	113	-1.44512959635	30.819953514	30.8350192526	10.819
200	0	0	1	865	54	8.81429061038	28.6586805551	28.566789974	7.039
200	0	0	2	2209	138	8.81429061038	27.5434621318	27.4515715507	16.819
201	0	0	1	1269	79	-5.89680328726	26.4369826323	26.498457878	16.315
201	0	0	2	2619	163	-5.89680328726	26.5591926998	26.6206679454	12.693
202	0	0	1	1218	76	-0.356106737621	28.9675093425	28.9712218199	8.913
202	0	0	2	2562	160	-0.356106737621	29.5838324918	29.5875449693	13.527
202	1	0	1	1213	75	-0.356106737621	28.2522169531	28.2559294305	14.315
202	1	0	2	2565	160	-0.356106737621	28.6215347399	28.6252472173	12.252
203	0	0	1	1262	78	10.7354131148	33.5825277392	33.470609107	7.843
203	0	0	2	2613	163	10.7354131148	33.0306187637	32.9187001314	10.063
204	0	0	1	1003	62	0.0775024070984	26.0148950019	26.0140870252	4
204	0	0	2	2349	146	0.0775024070984	26.3979232098	26.3971152331	12.378
206	0	0	1	247	15	5.01823045101	29.9852320797	29.9329161155	10.725
206	0	0	2	1588	99	5.01823045101	30.3278961855	30.2755802213	4.614
207	0	0	1	1022	63	0.972629900681	36.0342962385	36.0241563951	20.536
207	0	0	2	2373	148	0.972629900681	37.4989198727	37.4887800293	12.504
208	0	0	1	1288	80	-2.64741784732	31.3456384383	31.3732382504	7.591
208	0	0	2	2637	164	-2.64741784732	27.3648232334	27.3924230455	9.528
209	0	0	1	520	32	-5.88494968927	30.9618551661	31.0232068358	8.126
209	0	0	2	1867	116	-5.88494968927	29.9390456863	30.0003973561	12.22
210	0	0	1	233	14	13.018966557	34.2644449443	34.1287198525	4.504
210	0	0	2	1576	98	13.018966557	34.9881105847	34.8523854929	5.748
211	0	0	1	298	18	2.67580012216	23.6263588546	23.5984631521	14.22
211	0	0	2	1641	102	2.67580012216	24.7914012677	24.7635055653	12.992
212	0	0	1	1093	68	7.66162146111	27.5884653718	27.508591576	4.378
212	0	0	2	2441	152	7.66162146111	28.9860578472	28.9061840514	8.913
213	0	0	1	1081	67	2.26944102564	33.435802536	33.4121432009	4.756
213	0	0	2	2427	151	2.26944102564	33.3847111875	33.3610518525	8.851
214	0	0	1	806	50	1.14130670525	31.4001480458	31.3882497161	11.402
214	0	0	2	2146	134	1.14130670525	33.8700621558	33.858163826	6.677
216	0	0	1	1241	77	-1.27029630615	26.8971087811	26.9103518509	11.086
216	0	0	2	2589	161	-1.27029630615	30.3060164585	30.3192595283	12.158
217	0	0	1	931	58	8.92392274499	29.8702448851	29.7772113691	6.283
217	0	0	2	2273	142	8.92392274499	28.4852508884	28.3922173724	13.275
218	0	0	1	562	35	5.72322503203	42.4974036266	42.4377379658	6.189
218	0	0	2	1909	119	5.72322503203	43.0533022493	42.9936365885	13.118
218	1	0	1	561	35	5.72322503203	43.3148069277	43.2551412668	10.661
218	1	0	2	1910	119	5.72322503203	43.6705418801	43.6108762193	10.378
219	0	0	1	1098	68	14.748543065	30.9978801659	30.8441239247	13.464
219	0	0	2	2447	152	14.748543065	31.252051937	31.0982956959	10.094
220	0	0	1	1245	77	-5.61169392409	27.4914169171	27.5499198458	7.024
220	0	0	2	2594	162	-5.61169392409	27.8927570338	27.9512599626	7.653
221	0	0	1	1021	63	0.977226770218	28.4364370215	28.4262492549	11.339
221	0	0	2	2364	147	0.977226770218	32.9050306878	32.8948429212	6.347
222	0	0	1	72	4	2.92961987677	26.9152676521	26.8847258326	5.843
222	0	0	2	1412	88	2.92961987677	26.5656166051	26.5350747856	11.59
223	0	0	1	272	17	-1.51212894494	31.7000382088	31.7158024278	6.252
223	0	0	2	1614	100	-1.51212894494	31.8148590797	31.8306232987	6.74
224	0	0	1	1286	80	-2.70762238105	26.2241103414	26.2523377967	12.299
224	0	0	2	2635	164	-2.70762238105	30.5579285599	30.5861560152	13.04
225	0	0	1	1026	64	13.2483121493	29.9935168208	29.8554007596	18.519
225	0	0	2	2373	148	13.2483121493	34.8849351923	34.746819131	16.488
226	0	0	1	917	57	-0.653356140563	34.9294043449	34.9362157013	5.087
226	0	0	2	2244	140	-0.653356140563	27.8160084384	27.8228197948	7.969
227	0	0	1	1042	65	13.3776747014	26.5015825511	26.3621178617	18.378
227	0	0	2	2387	149	13.3776747014	30.9918255428	30.8523608534	4.63
228	0	0	1	737	46	-2.15307085361	29.7980447378	29.8204908926	8.126
228	0	0	2	2077	129	-2.15307085361	30.7591459199	30.7815920748	13.906
229	0	0	1	1081	67	12.5956539013	31.3406033465	31.209291366	12.126
229	0	0	2	2426	151	12.5956539013	31.8997432455	31.768431265	10.346
230	0	0	1	430	26	0.54702917567	32.0714216304	32.0657187519	12.519
230	0	0	2	1777	111	0.54702917567	31.7175210695	31.711818191	6.347
231	0	0	1	490	30	-0.334254080163	28.2038533028	28.2073379623	6.787
231	0	0	2	1834	114	-0.334254080163	28.4231797337	28.4266643932	6.441
232	0	0	1	1244	77	13.645195231	33.573811625	33.4315579855	10.189
232	0	0	2	2594	162	13.645195231	32.7923215597	32.6500679202	17.843
233	0	0	1	1064	66	2.1131569115	29.50841603	29.4863859853	27.181
233	0	0	2	2413	150	2.1131569115	29.794176006	29.7721459613	6.441
234	0	0	1	520	32	7.36325152325	31.3124830914	31.2357198565	7.622
234	0	0	2	1867	116	7.36325152325	30.593746669	30.5169834341	8.126
235	0	0	1	494	30	6.94055905663	32.1949136631	32.1225570739	9.008
235	0	0	2	1841	115	6.94055905663	34.6116019098	34.5392453206	9.055
236	0	0	1	1095	68	-6.06350795098	26.2864031462	26.3496163183	6.315
236	0	0	2	2442	152	-6.06350795098	29.1163333241	29.1795464962	6.535
237	0	0	1	238	14	13.7309220084	32.4413969472	32.2982495904	8.378
237	0	0	2	1579	98	13.7309220084	33.4500979851	33.3069506284	4.551
238	0	0	1	1062	66	6.71873664199	30.4105768126	30.3405327624	10.031
238	0	0	2	2410	150	6.71873664199	28.8989759368	28.8289318866	15.937
239	0	0	1	519	32	-3.2121	29.7661617074	29.7996484335	7.843
239	0	0	2	1865	116	-3.2121	30.2844459893	30.3179327154	7.197
240	0	0	1	297	18	-0.132687910157	30.4479190021	30.4493022977	9.402
240	0	0	2	1640	102	-0.132687910157	34.1953951263	34.1967784219	4.252
241	0	0	1	1071	66	7.98	33.9076491273	33.8244561774	15.842
241	0	0	2	2418	151	7.98	39.601840051	39.5186471011	6.362
242	0	0	1	920	57	-5.98551126766	33.0262558054	33.0886558479	14.976
242	0	0	2	2264	141	-5.98551126766	26.6472956186	26.7096956611	4.897
243	0	0	1	456	28	-6.63164715438	29.9578831372	30.0270192637	5.418
243	0	0	2	1802	112	-6.63164715438	29.2767054809	29.3458416074	7.654
244	0	0	1	1064	66	6.07368742187	32.5810987584	32.5177794635	5.874
244	0	0	2	2410	150	6.07368742187	35.9009531977	35.8376339027	10.472
246	0	0	1	491	30	-3.76002618108	28.2596523436	28.2988512997	11.37
246	0	0	2	1837	114	-3.76002618108	27.0524834542	27.0916824103	9.039
248	0	0	1	337	21	-3.94407822748	30.6093533863	30.6504711185	5.149
248	0	0	2	1681	105	-3.94407822748	34.0601810853	34.1012988175	5.008
249	0	0	1	1286	80	-11.236126269	39.2507467374	39.3678853952	10.598
249	0	0	2	2635	164	-11.236126269	39.1021119595	39.2192506173	13.402
250	0	0	1	1009	63	7.9691	32.6313766302	32.5482973148	13.843
250	0	0	2	2356	147	7.9691	31.7654049134	31.682325598	8.221
251	0	0	1	1248	78	-3.77609879353	27.5729331345	27.6122996505	6.347
251	0	0	2	2598	162	-3.77609879353	28.0080692273	28.0474357433	17.969
252	0	0	1	550	34	-3.33112988845	28.5253392446	28.560066879	13.401
252	0	0	2	1897	118	-3.33112988845	29.2427619643	29.2774895986	10.897
253	0	0	1	523	32	-5.86222763982	27.4656480715	27.5267628598	7.843
253	0	0	2	1866	116	-5.86222763982	27.5810227573	27.6421375455	6.945
253	1	0	1	519	32	-5.86222763982	26.9768901295	27.0380049178	4.866
253	1	0	2	1867	116	-5.86222763982	30.3268637666	30.3879785549	5.748
254	0	0	1	170	10	1.93913634567	28.2840030665	28.2637872178	8.378
254	0	0	2	1513	94	1.93913634567	29.467205755	29.4469899063	16.834
255	0	0	1	1236	77	2.81904925181	30.2218540972	30.1924649966	10.425
255	0	0	2	2585	161	2.81904925181	32.1696440449	32.1402549442	10.882
256	0	0	1	1048	65	-2.8505651936	44.8178783086	44.8475959687	26.693
256	0	0	2	2390	149	-2.8505651936	30.3398160483	30.3695337084	9.748
257	0	0	1	485	30	-6.83024286259	28.9566744305	29.0278809534	11.842
257	0	0	2	1830	114	-6.83024286259	29.4921030735	29.5633095964	9.654
258	0	0	1	1094	68	7.16507154472	32.0267031513	31.9520059786	8.756
258	0	0	2	2442	152	7.16507154472	36.2972486523	36.2225514796	9.37
259	0	0	1	1264	79	-7.83488443623	28.7428347061	28.8245147999	4.315
259	0	0	2	2615	163	-7.83488443623	29.3362166822	29.4178967759	13.071
260	0	0	1	484	30	-0.215037920171	40.2554690127	40.2577108221	21.134
260	0	0	2	1827	114	-0.215037920171	36.1879548985	36.1901967079	17.811
262	0	0	1	1081	67	-3.93147973065	31.3798153953	31.4208017858	10.992
262	0	0	2	2427	151	-3.93147973065	31.2383715191	31.2793579096	8.284
263	0	0	1	1100	68	-1.93323248729	49.6529864321	49.673140732	4.095
263	0	0	2	2455	153	-1.93323248729	49.7337640928	49.7539183927	5.685
264	0	0	1	1281	80	12.033885598	30.7297699927	30.6043145489	14.315
264	0	0	2	2631	164	12.033885598	28.4877848666	28.3623294228	13.401
266	0	0	1	341	21	2.26959596983	30.7485133048	30.7248523544	6.567
266	0	0	2	1684	105	2.26959596983	29.2453250405	29.2216640902	13.307
267	0	0	1	158	9	-1.43420829147	26.1830514038	26.1980032858	7.874
267	0	0	2	1498	93	-1.43420829147	27.2767194128	27.2916712949	11.165
268	0	0	1	209	13	10.2186147204	32.8424706197	32.7359397046	4.032
268	0	0	2	1553	97	10.2186147204	34.6607166589	34.5541857438	9.26
269	0	0	1	545	34	-4.62505594081	31.8270066416	31.8752236901	14.85
269	0	0	2	1892	118	-4.62505594081	31.735170172	31.7833872206	8.252
271	0	0	1	169	10	-8.18488678558	30.2901903523	30.3755192842	11.385
271	0	0	2	1511	94	-8.18488678558	28.2095537944	28.2948827262	13.165
272	0	0	1	178	11	-2.20567317181	28.3862349018	28.4092294453	15.244
272	0	0	2	1521	95	-2.20567317181	28.1488439126	28.1718384562	7.716
273	0	0	1	1254	78	0.261004481852	29.8614651364	29.8587441172	7.339
273	0	0	2	2600	162	0.261004481852	30.2097319427	30.2070109236	18.473
273	1	0	1	1253	78	0.261004481852	27.948133538	27.9454125189	7.055
273	1	0	2	2601	162	0.261004481852	28.2901455827	28.2874245636	16.063
274	0	0	1	802	50	-2.21457546285	18.831532713	18.8546200646	5.905
274	0	0	2	2148	134	-2.21457546285	29.9394030555	29.962490407	8.441
276	0	0	1	737	46	3.83983605142	36.2337101429	36.1936791544	4.315
276	0	0	2	2077	129	3.83983605142	35.2126219676	35.1725909791	4.708
277	0	0	1	1255	78	3.66931021935	23.3603599399	23.3221067142	18
277	0	0	2	2604	162	3.66931021935	25.4601416363	25.4218884106	13.04
278	0	0	1	280	17	11.0255010505	30.2588640023	30.1439211506	8.898
278	0	0	2	1626	101	11.0255010505	29.7464338534	29.6314910017	11.04
279	0	0	1	281	17	5.01252199536	29.0545935011	29.0023370485	9.402
279	0	0	2	1624	101	5.01252199536	29.7365134852	29.6842570327	10
280	0	0	1	893	55	2.67936666667	30.6763359068	30.6484030225	10.929
280	0	0	2	2235	139	2.67936666667	28.7260352165	28.6981023322	5.481
282	0	0	1	1268	79	-2.42014846626	37.482619551	37.5078500385	9.15
282	0	0	2	2632	164	-2.42014846626	31.4430310531	31.4682615406	10.772
284	0	0	1	273	17	6.2556494142	32.7904663506	32.7252500689	8.126
284	0	0	2	1618	101	6.2556494142	31.4555846722	31.3903683905	5.937
285	0	0	1	539	33	14.7560076649	39.6260330641	39.4721990032	13.622
285	0	0	2	1889	118	14.7560076649	34.7714771741	34.6176431131	11.874
286	0	0	1	932	58	14.3994368093	30.1287532107	29.9786364657	10.158
286	0	0	2	2265	141	14.3994368093	28.9544258188	28.8043090738	4.835
287	0	0	1	547	34	10.1874674782	29.6104027849	29.5041965855	13.181
287	0	0	2	1895	118	10.1874674782	32.7752945992	32.6690883997	12.834
288	0	0	1	1250	78	-4.67481193845	29.3635935139	29.4123292777	8.945
288	0	0	2	2597	162	-4.67481193845	28.9933299423	29.0420657061	15.653
289	0	0	1	249	15	-1.3923177206	30.2491656848	30.26368085	8.031
289	0	0	2	1591	99	-1.3923177206	30.7022833491	30.7167985143	14.378
290	0	0	1	713	44	-3.02125671642	32.4395240487	32.4710211989	7.528
290	0	0	2	2054	128	-3.02125671642	39.8987847891	39.9302819393	6.567
291	0	0	1	179	11	-0.724757548165	27.0690207723	27.0765765014	9.905
291	0	0	2	1521	95	-0.724757548165	27.4423489377	27.4499046668	16.157
292	0	0	1	411	25	-4.35645747672	29.133079193	29.1784960538	8.882
292	0	0	2	1756	109	-4.35645747672	29.5729573395	29.6183742003	6.425
293	0	0	1	136	8	-1.79282052367	30.1743824633	30.193072943	11.338
293	0	0	2	1478	92	-1.79282052367	28.6535644102	28.6722548899	10
294	0	0	1	520	32	1.30746070333	27.1100790622	27.0964485468	9.181
294	0	0	2	1867	116	1.30746070333	26.7965873997	26.7829568843	8.095
296	0	0	1	1241	77	-7.68071649074	26.4971486858	26.5772215508	15.874
296	0	0	2	2590	161	-7.68071649074	28.2593143458	28.3393872108	9.134
297	0	0	1	1244	77	-6.8466760224	27.6690030384	27.74038088	13.307
297	0	0	2	2594	162	-6.8466760224	30.5563986696	30.6277765111	15.748
298	0	0	1	601	37	-7.59727813845	27.2228383329	27.3020413378	7.528
298	0	0	2	1972	123	-7.59727813845	32.7936794906	32.8728824955	9.591
299	0	0	1	807	50	0.248902516355	29.8412637576	29.8386689036	15.024
299	0	0	2	2149	134	0.248902516355	28.2497160391	28.2471211852	6.41
299	1	0	1	802	50	0.248902516355	38.9997129388	38.9971180848	13.685
299	1	0	2	2150	134	0.248902516355	32.26618042	32.2635855661	6.992
301	0	0	1	1245	77	-5.22741583971	29.6185891324	29.6730858923	10.41
301	0	0	2	2594	162	-5.22741583971	30.766190819	30.8206875789	23.244
302	0	0	1	136	8	0.697501874598	27.3124732699	27.3052016861	13.102
302	0	0	2	1478	92	0.697501874598	28.3976274619	28.3903558782	11.008
303	0	0	1	139	8	9.71982502528	29.417002685	29.3156717431	5.937
303	0	0	2	1481	92	9.71982502528	31.3794999033	31.2781689614	16.472
304	0	0	1	597	37	5.68065502501	29.0490289625	28.9898071018	4.504
304	0	0	2	1948	121	5.68065502501	28.2346785726	28.1754567119	15.338
305	0	0	1	232	14	8.93080735102	27.971424202	27.8783189127	13.496
305	0	0	2	1575	98	8.93080735102	31.0628108266	30.9697055374	17.212
306	0	0	1	1209	75	3.92930298459	30.4717156974	30.4307519999	7.968
306	0	0	2	2561	160	3.92930298459	29.0877448097	29.0467811121	6.189
308	0	0	1	1270	79	8.83941358099	30.7746577218	30.6825052291	12.347
308	0	0	2	2618	163	8.83941358099	29.648928257	29.5567757644	10.693
310	0	0	1	802	50	-1.43328066678	30.6655261841	30.6804683955	17.748
310	0	0	2	2166	135	-1.43328066678	42.8865720286	42.90151424	15.465
311	0	0	1	1283	80	0.978287162058	28.1992448741	28.1890460527	16.126
311	0	0	2	2634	164	0.978287162058	27.3261216647	27.3159228433	5.228
312	0	0	1	273	17	-2.43801829777	30.6647207786	30.6901375623	10
312	0	0	2	1616	101	-2.43801829777	31.7996399899	31.8250567736	10.929
313	0	0	1	266	16	-3.13806042731	31.2504713686	31.2831862187	10.031
313	0	0	2	1609	100	-3.13806042731	31.2301503074	31.2628651575	8.189
314	0	0	1	934	58	2.05816882672	30.5781294308	30.5566726468	10.221
314	0	0	2	2277	142	2.05816882672	25.6622703668	25.6408135829	7.748
315	0	0	1	1286	80	11.8189737808	31.1170213847	30.9938064356	13.905
315	0	0	2	2637	164	11.8189737808	30.4710536866	30.3478387375	7.134
316	0	0	1	716	44	5.38540329528	31.4442706759	31.3881268681	9.04
316	0	0	2	2055	128	5.38540329528	35.7485128172	35.6923690093	6.772
317	0	0	1	547	34	2.89178934229	31.6554692246	31.6253217953	9.842
317	0	0	2	1894	118	2.89178934229	34.6137689466	34.5836215173	11.087
318	0	0	1	489	30	-3.60220737123	28.917664025	28.9552176913	10.63
318	0	0	2	1833	114	-3.60220737123	25.3952660495	25.4328197159	4.725
319	0	0	1	1243	77	-0.737494826546	27.250572924	27.2582614415	4.362
319	0	0	2	2594	162	-0.737494826546	26.9593424638	26.9670309813	11.968
320	0	1	1	930	58	-7.03790976949	30.1893980548	30.2627695429	10.725
320	0	1	2	2273	142	-7.03790976949	27.6894815826	27.7628530707	8.252
321	0	1	1	297	18	7.02332358342	29.8304035203	29.7571840958	13.843
321	0	1	2	1642	102	7.02332358342	27.6563601424	27.583140718	6.457
322	0	1	1	1243	77	-8.07867052938	25.257879937	25.3421015451	4.614
322	0	1	2	2593	162	-8.07867052938	26.4815667996	26.5657884077	7.134
323	0	1	1	1055	65	13.9796432882	30.6659815272	30.520241206	15.717
323	0	1	2	2407	150	13.9796432882	32.4536779635	32.3079376422	6
323	1	1	1	1042	65	13.9796432882	30.5648644261	30.4191241048	14.504
323	1	1	2	2408	150	13.9796432882	29.1407990461	28.9950587249	6.063
324	0	1	1	529	33	-3.96522569207	26.7490614881	26.7903996864	10.189
324	0	1	2	1878	117	-3.96522569207	28.0029758496	28.0443140479	11.402
325	0	1	1	169	10	-3.74708062825	28.0351204785	28.0741844748	8.646
325	0	1	2	1511	94	-3.74708062825	27.1218319916	27.1608959879	11.464
326	0	1	1	211	13	3.79921013092	28.5224283476	28.4828208917	7.528
326	0	1	2	1555	97	3.79921013092	28.9654105543	28.9258030984	12
327	0	1	1	536	33	1.52221727413	32.4521029612	32.4362335696	13.716
327	0	1	2	1892	118	1.52221727413	35.1100672564	35.0941978647	12.347
328	0	1	1	489	30	-1.45935380205	24.824544851	24.8397588796	7.748
328	0	1	2	1842	115	-1.45935380205	29.6768857992	29.6920998278	10.378
330	0	1	1	1033	64	-4.67268648013	36.4548965016	36.5036101072	29.59
330	0	1	2	2389	149	-4.67268648013	27.9832082339	28.0319218394	8.063
331	0	1	1	741	46	-1.81648604621	28.7869112618	28.8058484588	11.071
331	0	1	2	2079	129	-1.81648604621	30.346461093	30.3653982901	9.149
332	0	1	1	810	50	0.918149990519	29.3927743195	29.3832024391	8.725
332	0	1	2	2153	134	0.918149990519	29.790412164	29.7808402835	5.716
333	0	1	1	132	8	1.05320806734	29.8449276276	29.8339477421	13.716
333	0	1	2	1473	92	1.05320806734	30.9033187783	30.8923388928	10.031
334	0	1	1	1227	76	-3.97827502265	27.6396525105	27.6811267504	14.677
334	0	1	2	2578	161	-3.97827502265	28.6147779365	28.6562521765	4.693
336	0	1	1	486	30	12.9320285714	35.6256452987	35.4908265512	9.087
336	0	1	2	1832	114	12.9320285714	36.5273915801	36.3925728326	7.748
337	0	1	1	1268	79	-3.80002320433	28.1769185811	28.2165345135	6.803
337	0	1	2	2618	163	-3.80002320433	26.4621429009	26.5017588333	7.134
338	0	1	1	965	60	10.6886856931	28.6327854345	28.5213539441	28.315
338	0	1	2	2310	144	10.6886856931	33.2948073622	33.1833758718	9.748
340	0	1	1	915	57	-2.97163898744	40.5545365315	40.5855164079	9.244
340	0	1	2	2255	140	-2.97163898744	26.0614181749	26.0923980513	4.945
341	0	1	1	1098	68	-1.9561	33.3008384628	33.3212311608	9.906
341	0	1	2	2447	152	-1.9561	31.2033029598	31.2236956577	12.914
342	0	1	1	892	55	2.56052133706	27.6654380493	27.6387441492	6.346
342	0	1	2	2233	139	2.56052133706	26.1583779456	26.1316840455	8.992
343	0	1	1	523	32	6.37937142857	44.2148485499	44.1483424437	5.528
343	0	1	2	1876	117	6.37937142857	48.8315135441	48.7650074379	9.102
344	0	1	1	902	56	-6.61655862272	58.4229641064	58.4919429322	24.567
344	0	1	2	2241	140	-6.61655862272	58.6720931704	58.7410719962	8.898
346	0	1	1	137	8	-2.61964127295	29.8411730699	29.8684833062	11.37
346	0	1	2	1478	92	-2.61964127295	27.8033801685	27.8306904047	10.158
347	0	1	1	413	25	5.76918654729	27.2810596447	27.2209148268	9.496
347	0	1	2	1760	110	5.76918654729	30.040314749	29.980169931	4.221
349	0	1	1	1211	75	-1.1609220339	27.6442352377	27.6563380608	10.992
349	0	1	2	2562	160	-1.1609220339	28.3611054255	28.3732082487	8.41
350	0	1	1	1248	78	14.1742126328	31.4486193927	31.3008506507	8.708
350	0	1	2	2598	162	14.1742126328	33.2983916727	33.1506229307	26.976
351	0	1	1	1257	78	2.2482270512	30.1231433852	30.0997052097	7.433
351	0	1	2	2604	162	2.2482270512	27.3658914057	27.3424532302	4.898
352	0	1	1	581	36	-4.5401867707	30.0965323035	30.1438645755	8.535
352	0	1	2	1930	120	-4.5401867707	29.6009666371	29.6482989091	12.441
353	0	1	1	184	11	-2.21259028144	28.2992039597	28.3222706154	8.158
353	0	1	2	1527	95	-2.21259028144	29.3857403091	29.4088069648	11.464
354	0	1	1	289	18	3.16310684463	27.46075078	27.4277748165	9.717
354	0	1	2	1632	102	3.16310684463	27.4543516036	27.42137564	6.205
355	0	1	1	1229	76	9.57242754676	29.3367653859	29.2369710894	19.843
355	0	1	2	2580	161	9.57242754676	32.4207393609	32.3209450645	11.055
356	0	1	1	1240	77	-4.70638017009	26.4365365611	26.4856014295	10.599
356	0	1	2	2589	161	-4.70638017009	26.8740556778	26.9231205462	16.189
357	0	1	1	476	29	4.80444612546	35.4471356294	35.3970484056	5.276
357	0	1	2	1825	114	4.80444612546	32.2113008433	32.1612136195	5.118
358	0	1	1	929	58	-6.85111773208	55.2797821524	55.3512062995	20.74
358	0	1	2	2270	141	-6.85111773208	59.868118154	59.9395423012	10.866
359	0	1	1	1290	80	5.38628117564	32.2364825733	32.1803296134	11.166
359	0	1	2	2640	165	5.38628117564	30.8994976815	30.8433447216	14
361	0	1	1	1248	78	3.0711273199	30.2973029547	30.2652858943	5.37
361	0	1	2	2597	162	3.0711273199	31.9772286007	31.9452115404	5.654
363	0	1	1	583	36	13.3122199765	32.4471378039	32.3083554919	14.567
363	0	1	2	1930	120	13.3122199765	32.8972745514	32.7584922394	9.37
365	0	1	1	520	32	14.6700248062	33.6265150431	33.4735773691	8.378
365	0	1	2	1867	116	14.6700248062	34.2530970459	34.1001593719	6.393
366	0	1	1	1208	75	11.629388616	31.9278290952	31.8065906059	13.717
366	0	1	2	2548	159	11.629388616	37.0595119784	36.9382734891	21.843
367	0	1	1	1094	68	-3.99186422827	28.5053749847	28.5469908946	6.095
367	0	1	2	2441	152	-3.99186422827	28.5174651981	28.559081108	11.166
368	0	1	1	522	32	0.606253568128	32.9087953324	32.9024750288	9.591
368	0	1	2	1869	116	0.606253568128	31.7790647565	31.7727444529	15.748
369	0	1	1	291	18	-6.48080523895	39.1394274721	39.2069910443	9.842
369	0	1	2	1650	103	-6.48080523895	32.0706519452	32.1382155173	11.402
371	0	1	1	214	13	-0.448916588079	24.8690786466	24.8737586836	17.685
371	0	1	2	1556	97	-0.448916588079	25.3535080423	25.3581880793	16.315
372	0	1	1	1265	79	-1.91370323938	29.0290931871	29.0490438911	5.559
372	0	1	2	2616	163	-1.91370323938	30.0454558353	30.0654065393	13.465
373	0	1	1	232	14	-2.82876361724	29.9950606579	30.0245510326	10.409
373	0	1	2	1574	98	-2.82876361724	29.3078073795	29.3372977541	6.157
373	1	1	1	233	14	-2.82876361724	30.743944198	30.7734345726	9.229
373	1	1	2	1575	98	-2.82876361724	32.1501046897	32.1795950644	5.464
374	0	1	1	107	6	6.60021902864	34.5702670604	34.5014585778	17.717
374	0	1	2	1446	90	6.60021902864	28.5705719196	28.501763437	11.591
375	0	1	1	1033	64	1.10174460467	44.843870152	44.8323842643	8.567
375	0	1	2	2373	148	1.10174460467	32.5645757364	32.5530898487	15.937
376	0	1	1	520	32	2.47158823529	29.9989819703	29.9732152139	9.937
376	0	1	2	1866	116	2.47158823529	31.0747927201	31.0490259636	9.023
377	0	1	1	934	58	-6.32238117956	33.0732875512	33.1391995238	16.362
377	0	1	2	2273	142	-6.32238117956	27.1622612473	27.2281732198	7.276
379	0	1	1	1248	78	-3.57827103314	32.2611302194	32.2984343451	5.276
379	0	1	2	2622	163	-3.57827103314	35.1409698502	35.1782739758	7.181
380	0	1	1	810	50	0.911341176471	35.555212911	35.5457120137	12.645
380	0	1	2	2151	134	0.911341176471	35.0225614739	35.0130605766	13.276
381	0	1	1	1001	62	8.00404982214	29.1957830717	29.112339398	4.788
381	0	1	2	2349	146	8.00404982214	29.735683157	29.6522394833	8.189
382	0	1	1	265	16	7.99044420239	38.9849000855	38.9015982529	8.472
382	0	1	2	1608	100	7.99044420239	34.5045879089	34.4212860763	4
383	0	1	1	1218	76	11.3682963684	28.1961110664	28.0775945112	10.409
383	0	1	2	2568	160	11.3682963684	29.1526956436	29.0341790884	13.653
384	0	1	1	158	9	-0.318860183388	25.6496935599	25.6530177352	4.472
384	0	1	2	1498	93	-0.318860183388	27.0874272764	27.0907514518	12.945
385	0	1	1	1041	65	0.711222709815	30.1027971324	30.0953825064	9.528
385	0	1	2	2394	149	0.711222709815	28.7387327449	28.7313181189	4.882
387	0	1	1	1093	68	-1.15031428571	29.1041487566	29.116140992	9.275
387	0	1	2	2441	152	-1.15031428571	28.4336843525	28.4456765879	7.024
388	0	1	1	267	16	1.28536879433	32.454092111	32.4406919078	11.355
388	0	1	2	1610	100	1.28536879433	32.7290413394	32.7156411362	12.252
389	0	1	1	1097	68	3.67363869972	31.3331507455	31.2948523946	4.819
389	0	1	2	2446	152	3.67363869972	32.6056945151	32.5673961642	6.157
390	0	1	1	454	28	1.84880350515	26.115684802	26.0964106895	25.433
390	0	1	2	1800	112	1.84880350515	28.7298584727	28.7105843602	10.252
391	0	1	1	487	30	-6.70324600782	24.1977267172	24.2676092747	7.969
391	0	1	2	1831	114	-6.70324600782	28.7299736135	28.799856171	11.937
392	0	1	1	251	15	-1.42978882336	29.744119421	29.7590252293	11.559
392	0	1	2	1595	99	-1.42978882336	30.515619813	30.5305256213	10.252
393	0	1	1	135	8	-1.58801147966	28.9427338178	28.9592891261	10.535
393	0	1	2	1477	92	-1.58801147966	28.0705272292	28.0870825374	16.158
394	0	1	1	1254	78	-5.8516926056	28.726763872	28.7877688306	8.032
394	0	1	2	2603	162	-5.8516926056	29.992322753	30.0533277116	14
395	0	1	1	810	50	-2.04731603887	30.9458408342	30.9671844759	9.401
395	0	1	2	2152	134	-2.04731603887	30.792693097	30.8140367387	7.78
396	0	1	1	82	5	0.369459771455	32.4034676524	32.3996159672	16.126
396	0	1	2	1427	89	0.369459771455	31.3996949363	31.395843251	11.401
397	0	1	1	212	13	-0.988432526851	30.7475136339	30.7578182226	6.126
397	0	1	2	1555	97	-0.988432526851	28.7683110011	28.7786155897	17.275
398	0	1	1	1210	75	-2.08355108149	30.7501028617	30.7718242603	10.032
398	0	1	2	2561	160	-2.08355108149	27.7492755949	27.7709969935	13.669
399	0	1	1	765	47	5.29252974054	28.711034729	28.6558591448	14.189
399	0	1	2	2107	131	5.29252974054	26.7795842583	26.7244086741	7.118
400	0	1	1	1237	77	-4.99094444444	29.977872467	30.0299039696	10.724
400	0	1	2	2587	161	-4.99094444444	29.4555087499	29.5075402526	11.937
401	0	1	1	306	19	-3.43567588204	30.2372039359	30.2730214812	5.905
401	0	1	2	1650	103	-3.43567588204	30.6782385779	30.7140561232	10.347
402	0	1	1	1022	63	9.26367561223	24.1858263891	24.0892508878	24.661
402	0	1	2	2373	148	9.26367561223	36.1632095408	36.0666340394	14.788
403	0	1	1	601	37	-4.35097934864	30.0457401817	30.0910999319	10.945
403	0	1	2	1950	121	-4.35097934864	30.022018658	30.0673784083	9.118
404	0	1	1	1230	76	-3.59475946588	28.795453157	28.8329291776	9.276
404	0	1	2	2580	161	-3.59475946588	29.8966364855	29.934112506	5.134
405	0	1	1	1255	78	11.3624369422	31.4121932388	31.2937377692	10.189
405	0	1	2	2600	162	11.3624369422	31.5957366722	31.4772812026	19.15
405	1	1	1	1253	78	11.3624369422	28.2751958807	28.1567404111	5.906
405	1	1	2	2601	162	11.3624369422	29.4868090048	29.3683535352	20.031
407	0	1	1	106	6	3.16112113264	32.3047623493	32.2718070871	4.126
407	0	1	2	1448	90	3.16112113264	32.104662608	32.0717073458	4.897
409	0	1	1	330	20	3.37368195712	38.4920129534	38.456841706	12.52
409	0	1	2	1681	105	3.37368195712	41.3414652393	41.306293992	14.221
410	0	1	1	485	30	-7.54813008205	30.6305538614	30.7092444889	6.756
410	0	1	2	1830	114	-7.54813008205	29.8164070086	29.8950976361	8.441
411	0	1	1	106	6	1.26257346349	31.1289249556	31.1157623978	7.968
411	0	1	2	1447	90	1.26257346349	29.6733643787	29.6602018209	13.213
412	0	1	1	1268	79	10.2458926512	30.8794341731	30.7726188806	10.41
412	0	1	2	2618	163	10.2458926512	30.8191427639	30.7123274715	13.496
413	0	1	1	1061	66	4.0651953176	36.9538817386	36.9115013388	13.559
413	0	1	2	2407	150	4.0651953176	29.232010126	29.1896297262	12.662
415	0	1	1	1268	79	10.1388815073	30.2712833319	30.1655836501	9.417
415	0	1	2	2618	163	10.1388815073	29.7236076169	29.617907935	4.725
417	0	1	1	1227	76	2.1762	30.0009435202	29.9782562398	18.725
417	0	1	2	2578	161	2.1762	31.0611504127	31.0384631323	5.417
418	0	1	1	1055	65	14.8106108767	30.0498732452	29.8954699358	12.283
418	0	1	2	2393	149	14.8106108767	32.9559961568	32.8015928475	5.843
419	0	1	1	476	29	-7.1359043445	26.9349673135	27.0093604128	7.134
419	0	1	2	1822	113	-7.1359043445	25.2348528617	25.309245961	4.662
420	0	1	1	532	33	-4.45911010764	33.358655173	33.405142206	9.511
420	0	1	2	1892	118	-4.45911010764	35.4953365295	35.5418235625	8.126
421	0	1	1	1089	68	-4.78429784992	29.3174171821	29.3672943565	9.37
421	0	1	2	2438	152	-4.78429784992	30.7366810119	30.7865581862	6.551
422	0	1	1	152	9	7.31012074471	29.5005330964	29.4243237595	15.591
422	0	1	2	1495	93	7.31012074471	30.378502159	30.3022928221	11.622
423	0	1	1	930	58	2.25117460818	27.579842118	27.5563732137	16.441
423	0	1	2	2272	142	2.25117460818	28.5722532581	28.5487843538	9.055
424	0	1	1	931	58	-2.94278196721	59.0915470496	59.1222260863	4.803
424	0	1	2	2273	142	-2.94278196721	58.9286632213	58.959342258	9.843
425	0	1	1	1061	66	4.5760887249	29.2585368009	29.2108302445	17.622
425	0	1	2	2406	150	4.5760887249	32.1300539852	32.0823474288	15.433
426	0	1	1	1042	65	-7.05023893052	28.3771268229	28.4506268447	19.323
426	0	1	2	2379	148	-7.05023893052	41.908915563	41.9824155848	4.725
427	0	1	1	1241	77	-6.54082206073	29.6928843289	29.7610735873	8.63
427	0	1	2	2590	161	-6.54082206073	29.5360786297	29.6042678881	8.252
428	0	1	1	1255	78	-4.79862411499	26.2414398112	26.2914663394	13.244
428	0	1	2	2603	162	-4.79862411499	28.8530552397	28.9030817679	19.496
429	0	1	1	1095	68	1.05408387097	29.1293485084	29.1183594926	9.465
429	0	1	2	2442	152	1.05408387097	31.7950014018	31.7840123859	9.527
430	0	1	1	901	56	4.93826541731	27.8387858822	27.787303568	14
430	0	1	2	2244	140	4.93826541731	25.0651110306	25.0136287163	5.023
431	0	1	1	865	54	-1.94085643193	30.7381274209	30.7583612019	6.189
431	0	1	2	2210	138	-1.94085643193	32.9589316716	32.9791654526	10.472
432	0	1	1	1259	78	-3.27965869625	25.684787854	25.7189788918	6.599
432	0	1	2	2609	163	-3.27965869625	27.723835066	27.7580261038	11.338
433	0	1	1	212	13	0.0341199861351	30.3004105939	30.3000548869	4.866
433	0	1	2	1556	97	0.0341199861351	25.0749487795	25.0745930724	9.276
434	0	1	1	918	57	9.48532934452	29.544446116	29.4455598341	13.811
434	0	1	2	2255	140	9.48532934452	31.3130693036	31.2141830218	5.937
436	0	1	1	486	30	-0.560391693336	27.7359192675	27.7417614527	16.031
436	0	1	2	1830	114	-0.560391693336	28.7840309391	28.7898731243	12.031
437	0	1	1	1061	66	-2.13084944723	28.3007899366	28.3230044293	15.937
437	0	1	2	2408	150	-2.13084944723	36.1603469119	36.1825614045	4.284
438	0	1	1	211	13	7.48095095952	29.5764058909	29.4984156179	9.166
438	0	1	2	1554	97	7.48095095952	29.8571945779	29.7792043049	16.851
439	0	1	1	291	18	1.80394896606	28.8265268896	28.8077203938	14.945
439	0	1	2	1634	102	1.80394896606	28.8455180284	28.8267115326	12.378
440	0	1	1	1250	78	5.98526793134	34.8270900791	34.7646925734	4.157
440	0	1	2	2597	162	5.98526793134	33.8252360715	33.7628385658	4.409
441	0	1	1	534	33	-0.811037901726	46.7242360119	46.7326912294	9.339
441	0	1	2	1896	118	-0.811037901726	56.7013788434	56.7098340609	29.275
443	0	1	1	1245	77	-3.73391036437	27.701770991	27.740697685	8.756
443	0	1	2	2594	162	-3.73391036437	32.0069467785	32.0458734725	22.724
445	0	1	1	930	58	-4.86430686826	30.8151055806	30.8658168635	12.756
445	0	1	2	2272	142	-4.86430686826	30.3584401302	30.4091514131	7.386
446	0	1	1	333	20	3.30542182536	32.4835467744	32.4490871513	6.441
446	0	1	2	1677	104	3.30542182536	31.4175336085	31.3830739854	8.599
447	0	1	1	539	33	5.04309954467	31.6125043468	31.5599291177	18.378
447	0	1	2	1889	118	5.04309954467	32.6327547326	32.5801795036	9.37
448	0	1	1	490	30	0.891661833293	29.561485291	29.5521895544	15.496
448	0	1	2	1835	114	0.891661833293	29.0202202896	29.010924553	7.275
449	0	1	1	438	27	13.5671444444	31.6361340942	31.4946941483	6.756
449	0	1	2	1783	111	13.5671444444	32.2143995108	32.0729595649	9.969
450	0	1	1	489	30	-2.10258681469	32.9102996299	32.9322194795	7.212
450	0	1	2	1834	114	-2.10258681469	27.784031482	27.8059513316	12.598
451	0	1	1	517	32	-11.566228754	26.6500699409	26.7706499772	4.504
451	0	1	2	1864	116	-11.566228754	31.1229302066	31.2435102429	5.181
452	0	1	1	167	10	-2.48180643507	29.7676776606	29.7935509437	5.307
452	0	1	2	1509	94	-2.48180643507	30.3174999109	30.3433731939	7.716
453	0	1	1	276	17	-1.66491651534	31.2390940294	31.2564510865	11.685
453	0	1	2	1620	101	-1.66491651534	32.0233169631	32.0406740203	9.937
454	0	1	1	918	57	2.42524299966	29.2101636598	29.1848800609	6.315
454	0	1	2	2261	141	2.42524299966	28.8045426061	28.7792590072	5.717
455	0	1	1	802	50	14.1773694373	15.4627480289	15.3149463766	12.221
455	0	1	2	2148	134	14.1773694373	27.1394522053	26.991650553	13.842
456	0	1	1	486	30	3.47514497142	28.6079470732	28.5717180555	14.551
456	0	1	2	1832	114	3.47514497142	31.3612836714	31.3250546537	9.59
457	0	1	1	811	50	6.41782986226	31.7497850736	31.6828780312	5.559
457	0	1	2	2153	134	6.41782986226	29.9623193318	29.8954122894	13.968
458	0	1	1	522	32	14.1477495063	32.5954533995	32.4479605403	11.401
458	0	1	2	1869	116	14.1477495063	32.0960792943	31.9485864352	16.914
459	0	1	1	583	36	-7.11446768148	30.8799885151	30.9541581333	12.409
459	0	1	2	1931	120	-7.11446768148	29.3620518602	29.4362214784	10.788
461	0	1	1	171	10	1.95687728363	31.1130893053	31.0926885041	8.378
461	0	1	2	1513	94	1.95687728363	29.4887295129	29.4683287117	24.158
462	0	1	1	1246	77	-4.68060215364	26.3305086673	26.3793047952	11.212
462	0	1	2	2596	162	-4.68060215364	28.7370239178	28.7858200456	9.653
463	0	1	1	491	30	-7.02765283019	29.304685057	29.3779496147	7.843
463	0	1	2	1837	114	-7.02765283019	28.4936270356	28.5668915932	8.063
464	0	1	1	432	27	-0.253066351882	30.1492405405	30.1518788031	9.465
464	0	1	2	1780	111	-0.253066351882	30.2978227856	30.3004610483	13.685
465	0	1	1	1004	62	-2.45503576333	30.8881561974	30.9137503913	8.945
465	0	1	2	2344	146	-2.45503576333	26.51757916	26.5431733539	10.283
466	0	1	1	807	50	2.49498821038	27.4862427468	27.4602320414	11.055
466	0	1	2	2148	134	2.49498821038	27.0789391054	27.0529284	9.433
468	0	1	1	547	34	-4.23857135589	28.0301904276	28.0743783041	7.842
468	0	1	2	1894	118	-4.23857135589	29.9329703547	29.9771582312	7.291
469	0	1	1	1003	62	-12.4763333333	47.945947832	48.0760158739	8.189
469	0	1	2	2349	146	-12.4763333333	48.4417712556	48.5718392974	8.535
470	0	1	1	475	29	0.266748742459	36.1197758663	36.1169949622	9.307
470	0	1	2	1821	113	0.266748742459	31.069015863	31.0662349589	9.401
471	0	1	1	61	3	-0.516275	25.9304077343	25.935789995	13.559
471	0	1	2	1398	87	-0.516275	26.7621745923	26.7675568529	9.433
472	0	1	1	238	14	-0.461722893485	25.2228726834	25.2276862285	12.095
472	0	1	2	1581	98	-0.461722893485	29.120458059	29.125271604	12.032
473	0	1	1	998	62	7.98663291146	29.8977016367	29.8144395375	5.779
473	0	1	2	2344	146	7.98663291146	30.2957601683	30.2124980691	9.37
474	0	1	1	1245	77	3.22609230769	31.0634902751	31.0298576767	9.213
474	0	1	2	2593	162	3.22609230769	31.6217323055	31.588099707	5.181
476	0	1	1	1055	65	2.89351727641	25.5800873273	25.549921884	4.22
476	0	1	2	2394	149	2.89351727641	28.0054659494	27.975300506	6.819
477	0	1	1	1040	65	0.435348705877	26.593401422	26.5888628327	5.464
477	0	1	2	2394	149	0.435348705877	27.1200842771	27.1155456877	8.567
478	0	1	1	415	25	10.5120353233	30.9902445348	30.8806546566	5.024
478	0	1	2	1762	110	10.5120353233	31.4242548669	31.3146649887	12.488
479	0	1	1	997	62	14.246429094	29.4066848912	29.2581632795	5.591
479	0	1	2	2341	146	14.246429094	30.6256469604	30.4771253486	4.614
480	0	1	1	902	56	5.70996726208	34.6567238884	34.5971964422	8.095
480	0	1	2	2246	140	5.70996726208	30.3484769455	30.2889494994	4.032
482	0	1	1	1241	77	-5.27297484733	27.2702902375	27.3252619584	11.323
482	0	1	2	2593	162	-5.27297484733	29.1220347551	29.1770064759	15.559
483	0	1	1	962	60	14.5089628946	33.8033910019	33.6521324276	5.716
483	0	1	2	2306	144	14.5089628946	33.190107082	33.0388485077	5.748
484	0	1	1	162	10	-5.36608193905	28.3212315492	28.3771739284	14.582
484	0	1	2	1505	94	-5.36608193905	30.31791932	30.3738616992	11.528
485	0	1	1	1220	76	0.813997374205	59.6684674545	59.659981384	6.882
485	0	1	2	2569	160	0.813997374205	59.4795251604	59.4710390899	17.15
486	0	1	1	520	32	8.68641767956	35.9140762348	35.8235187523	8.457
486	0	1	2	1866	116	8.68641767956	33.0481323925	32.95757491	5.291
487	0	1	1	1241	77	7.17010585317	31.3887265818	31.3139769256	7.937
487	0	1	2	2590	161	7.17010585317	31.0910306192	31.0162809629	7.716
488	0	1	1	548	34	-7.38743332835	32.3081824854	32.3851978201	8.992
488	0	1	2	1895	118	-7.38743332835	31.5471102496	31.6241255843	9.874
489	0	1	1	598	37	11.1328227701	30.6430771868	30.5270154867	7.717
489	0	1	2	1948	121	11.1328227701	31.6170204742	31.5009587741	11.04
490	0	1	1	1189	74	10.3695900785	42.6633193855	42.5552145248	5.118
490	0	1	2	2532	158	10.3695900785	31.6535542498	31.5454493892	16.126
491	0	1	1	226	14	1.45730301159	25.6423937281	25.6272010794	12
491	0	1	2	1569	98	1.45730301159	26.9733689509	26.9581763022	10.41
492	0	1	1	1246	77	-1.46478850213	24.3195688755	24.3348395618	10.393
492	0	1	2	2597	162	-1.46478850213	26.0378186363	26.0530893225	18.378
493	0	1	1	1277	79	0.378803608132	47.9411212965	47.9371722001	7.779
493	0	1	2	2624	164	0.378803608132	33.7160544437	33.7121053472	8.661
494	0	1	1	952	59	4.43590249767	30.6307397127	30.5844946232	7.465
494	0	1	2	2294	143	4.43590249767	30.8762536608	30.8300085713	10.535
495	0	1	1	1238	77	-5.9803989171	37.2802759928	37.3426227381	4.929
495	0	1	2	2587	161	-5.9803989171	36.7965183698	36.8588651151	7.071
496	0	1	1	1021	63	2.88017339971	34.8375800074	34.8075536764	8.189
496	0	1	2	2365	147	2.88017339971	31.6305495911	31.6005232601	4.378
497	0	1	1	903	56	2.54929948607	30.0875572328	30.0609803225	6.032
497	0	1	2	2245	140	2.54929948607	31.4670648924	31.4404879821	8.095
498	0	1	1	250	15	13.3258093262	35.6523378042	35.5134138208	9.307
498	0	1	2	1591	99	13.3258093262	32.3026388726	32.1637148892	9.307
500	0	1	1	274	17	-4.76745773717	31.2684913519	31.318192965	4.536
500	0	1	2	1618	101	-4.76745773717	29.4968013543	29.5465029674	12.22
502	0	1	1	247	15	-3.58062974692	29.5263633328	29.5636920485	11.087
502	0	1	2	1588	99	-3.58062974692	27.4164853738	27.4538140895	4.771
503	0	1	1	1257	78	-9.113832536	26.3545006285	26.4495139886	6.031
503	0	1	2	2622	163	-9.113832536	34.4825200816	34.5775334417	9.717
504	0	1	1	299	18	7.8929451412	50.5005913301	50.4183059429	11.402
504	0	1	2	1642	102	7.8929451412	48.020468118	47.9381827308	10.158
505	0	1	1	266	16	-2.66996318408	32.650929144	32.6787639953	7.685
505	0	1	2	1610	100	-2.66996318408	29.9409569968	29.9687918481	6.504
506	0	1	1	1003	62	11.9225058784	37.0400126411	36.9157183511	9.275
506	0	1	2	2349	146	11.9225058784	34.07848701	33.95419272	10.74
507	0	1	1	802	50	9.47673998802	28.2241180196	28.1253212834	15.779
507	0	1	2	2120	132	9.47673998802	33.1436430918	33.0448463555	19.134
508	0	1	1	992	62	8.02179484477	25.2304048383	25.1467761696	11.307
508	0	1	2	2338	146	8.02179484477	26.9576584715	26.8740298027	4.378
509	0	1	1	232	14	3.90124393949	29.1182377592	29.0775665823	6.378
509	0	1	2	1578	98	3.90124393949	28.7352939768	28.6946228	15.937
510	0	1	1	338	21	2.53854874734	28.4659582692	28.4394934373	5.937
510	0	1	2	1683	105	2.53854874734	29.5587984681	29.5323336362	5.622
511	0	1	1	597	37	12.4992933356	20.625600713	20.4952933089	9.275
511	0	1	2	1946	121	12.4992933356	16.5349893784	16.4046819744	6.945
512	0	1	1	1245	77	-2.920779438	29.5642021873	29.5946518436	12.126
512	0	1	2	2594	162	-2.920779438	30.4616985597	30.492148216	19.748
513	0	1	1	217	13	-1.34546800349	24.4184748619	24.4325016103	8.74
513	0	1	2	1559	97	-1.34546800349	28.901436641	28.9154633894	19.244
514	0	1	1	1254	78	-5.8436	30.7509390491	30.8118596408	7.181
514	0	1	2	2603	162	-5.8436	30.6106585066	30.6715790983	15.307
515	0	1	1	1246	77	-9.43289555704	26.3335588267	26.4318984768	10.094
515	0	1	2	2599	162	-9.43289555704	34.3391516288	34.4374912788	5.213
516	0	1	1	1259	78	-5.61743596127	25.9714446193	26.0300074098	8.378
516	0	1	2	2603	162	-5.61743596127	28.1119355066	28.1704982971	9.433
517	0	1	1	1199	74	4.73815832877	43.7195532695	43.6701571081	4.551
517	0	1	2	2569	160	4.73815832877	42.0722453798	42.0228492183	19.937
518	0	1	1	155	9	-1.10423770348	29.7707291652	29.7822410439	5.843
518	0	1	2	1496	93	-1.10423770348	29.0525720061	29.0640838848	11.748
519	0	1	1	191	11	-8.44872491185	29.7828650669	29.8709445592	8.094
519	0	1	2	1533	95	-8.44872491185	27.6723421659	27.7604216582	8
520	0	1	1	966	60	-3.19634137931	28.0755479871	28.1088704267	9.622
520	0	1	2	2311	144	-3.19634137931	28.3990361678	28.4323586074	12.22
521	0	1	1	993	62	0.604705263158	32.7794260754	32.7731219132	11.433
521	0	1	2	2337	146	0.604705263158	31.1502222394	31.1439180772	9.213
522	0	1	1	931	58	0.808131527449	31.4939239501	31.4854990321	12.252
522	0	1	2	2274	142	0.808131527449	30.0227018278	30.0142769098	10.126
523	0	1	1	1103	68	4.43990928577	33.6697593133	33.6234724523	8.189
523	0	1	2	2452	153	4.43990928577	33.0758252816	33.0295384206	8.567
524	0	1	1	413	25	-4.31397214716	26.5891134253	26.6340873687	4.788
524	0	1	2	1760	110	-4.31397214716	27.8114795217	27.8564534651	5.748
525	0	1	1	1237	77	-1.60287136301	28.904777463	28.9214876881	8.882
525	0	1	2	2586	161	-1.60287136301	28.8647707482	28.8814809734	6.126
526	0	1	1	997	62	-0.427917976412	29.6622982799	29.6667594025	11.37
526	0	1	2	2342	146	-0.427917976412	26.5296482909	26.5341094136	9.275
527	0	1	1	338	21	-14.365844898	44.5743002464	44.7240667896	9.622
527	0	1	2	1683	105	-14.365844898	44.1793924471	44.3291589904	12.126
528	0	1	1	1270	79	-7.59973485168	26.6021106061	26.6813392227	15.654
528	0	1	2	2619	163	-7.59973485168	27.0790398008	27.1582684175	11.166
529	0	1	1	1239	77	-5.68777531398	32.585386641	32.6446827321	10.661
529	0	1	2	2589	161	-5.68777531398	30.7590704082	30.8183664993	7.622
530	0	1	1	1033	64	-1.64143363138	37.5472021343	37.5643143781	22.819
530	0	1	2	2372	148	-1.64143363138	25.4310890872	25.4482013311	11.528
531	0	1	1	594	37	12.8655038117	28.5266802445	28.3925550297	5.905
531	0	1	2	1944	121	12.8655038117	29.7564237399	29.6222985251	8.898
532	0	1	1	279	17	-3.22215648133	32.4149382576	32.4485298244	12.095
532	0	1	2	1624	101	-3.22215648133	31.287563368	31.3211549348	15.937
533	0	1	1	1255	78	10.3419106966	33.3033450397	33.1955287417	10.158
533	0	1	2	2603	162	10.3419106966	32.215829595	32.1080132969	24.504
534	0	1	1	269	16	4.21321628871	30.9749416031	30.9310180578	15.197
534	0	1	2	1608	100	4.21321628871	31.6608772433	31.616953698	4.378
535	0	1	1	487	30	9.68958657999	32.2393284422	32.1383127416	8.614
535	0	1	2	1832	114	9.68958657999	32.6542405595	32.5532248589	10.536
536	0	1	1	802	50	9.62130334031	28.2432228869	28.1429190514	17.402
536	0	1	2	2150	134	9.62130334031	30.006272062	29.9059682265	19.291
537	0	1	1	530	33	13.6963443694	33.5783820698	33.4355951912	4.851
537	0	1	2	1879	117	13.6963443694	32.412470359	32.2696834804	9.181
538	0	1	1	238	14	-0.574637786536	30.5904021575	30.5963928608	4.031
538	0	1	2	1581	98	-0.574637786536	31.1052948227	31.111285526	9.464
539	0	1	1	1253	78	-5.16931125279	24.994197164	25.048088173	7.228
539	0	1	2	2602	162	-5.16931125279	26.7164209203	26.7703119294	13.102
540	0	1	1	443	27	-5.95455692598	48.2805905674	48.3426679053	5.402
540	0	1	2	1790	111	-5.95455692598	44.617201675	44.6792790128	7.338
541	0	1	1	476	29	3.28354458442	31.0753107184	31.0410791695	5.968
541	0	1	2	1825	114	3.28354458442	30.4770432587	30.4428117098	5.323
542	0	1	1	309	19	2.13978654227	29.228188057	29.2058803935	9.874
542	0	1	2	1653	103	2.13978654227	31.9106291784	31.8883215149	10.221
543	0	1	1	1264	79	10.8009685873	33.9093609925	33.7967589325	7.527
543	0	1	2	2614	163	10.8009685873	34.3475675831	34.2349655231	10.677
544	0	1	1	1012	63	1.67141990088	34.6519511598	34.6345263036	9.055
544	0	1	2	2374	148	1.67141990088	33.2473307621	33.229905906	6.095
545	0	1	1	129	8	0.340890031291	25.2269466162	25.2233927757	13.622
545	0	1	2	1469	91	0.340890031291	32.9129757987	32.9094219582	7.748
546	0	1	1	312	19	-3.51878591502	26.1792957592	26.2159797417	4.913
546	0	1	2	1655	103	-3.51878591502	28.0829558654	28.1196398479	6.268
547	0	1	1	597	37	-6.97373481567	25.4667293035	25.539431756	16
547	0	1	2	1947	121	-6.97373481567	25.1086746489	25.1813771014	14.094
548	0	1	1	1280	80	9.4201069148	30.0366002032	29.9383938771	14.646
548	0	1	2	2628	164	9.4201069148	28.6423095354	28.5441032092	9.811
548	1	1	1	1279	79	9.4201069148	29.3399517819	29.2417454558	11.622
548	1	1	2	2629	164	9.4201069148	28.1326368499	28.0344305237	15.465
549	0	1	1	308	19	-3.41653268467	29.6499619489	29.6855799229	7.023
549	0	1	2	1651	103	-3.41653268467	30.2210629157	30.2566808897	11.685
551	0	1	1	582	36	-0.642502317049	31.7413847116	31.748082915	13.811
551	0	1	2	1930	120	-0.642502317049	28.6581472378	28.6648454412	7.197
553	0	1	1	270	16	14.3675816397	35.9229508138	35.7731661648	7.275
553	0	1	2	1613	100	14.3675816397	29.2458937343	29.0961090852	10.582
554	0	1	1	1234	77	-1.96159745407	27.0836189304	27.1040689403	6.535
554	0	1	2	2584	161	-1.96159745407	26.3168359943	26.3372860042	11.874
555	0	1	1	158	9	-0.18754064386	26.545871898	26.5478270433	6.284
555	0	1	2	1497	93	-0.18754064386	27.8146718324	27.8166269776	11.496
557	0	1	1	299	18	0.977811460092	30.1345463433	30.1243524812	10.898
557	0	1	2	1642	102	0.977811460092	26.9156890152	26.9054951531	8.929
558	0	1	1	1211	75	-3.93486756696	29.5682581564	29.6092798657	8.74
558	0	1	2	2561	160	-3.93486756696	30.6334063923	30.6744281016	11.685
561	0	1	1	286	17	-4.11045899856	31.046064775	31.0889170569	14.063
561	0	1	2	1628	101	-4.11045899856	29.4660684111	29.508920693	10.803
563	0	1	1	1227	76	-8.13834940109	34.4783771411	34.5632209123	8.284
563	0	1	2	2573	160	-8.13834940109	32.2250768294	32.3099206006	13.465
564	0	1	1	153	9	-4.7540445771	29.7578793679	29.8074411464	8.063
564	0	1	2	1495	93	-4.7540445771	29.4535039025	29.503065681	14.158
565	0	1	1	545	34	14.5926980241	37.8131810462	37.6610495179	7.968
565	0	1	2	1893	118	14.5926980241	37.1322766086	36.9801450804	10.189
566	0	1	1	522	32	12.8799015839	34.8067913252	34.672516011	10.599
566	0	1	2	1869	116	12.8799015839	32.1708080706	32.0365327565	13.166
567	0	1	1	1253	78	5.11526111824	31.6138940303	31.5605665038	5.008
567	0	1	2	2601	162	5.11526111824	31.3877288044	31.3344012778	28.252
568	0	1	1	1041	65	-0.213450657763	24.7247683591	24.726993621	18.803
568	0	1	2	2394	149	-0.213450657763	28.3017244347	28.3039496966	7.149
569	0	1	1	551	34	-2.74403155047	35.3354630577	35.3640700852	11.244
569	0	1	2	1898	118	-2.74403155047	32.7111696908	32.7397767183	10.945
570	0	1	1	137	8	4.54933851225	28.5119548019	28.4645271214	4.094
570	0	1	2	1478	92	4.54933851225	30.9784381839	30.9310105033	6
571	0	1	1	919	57	10.3190742173	30.9625724221	30.8549941985	20
571	0	1	2	2263	141	10.3190742173	32.1152420362	32.0076638126	7.181
572	0	1	1	183	11	-2.2076	32.7006947554	32.7237093865	9.622
572	0	1	2	1502	93	-2.2076	30.0435250238	30.0665396549	12.976
574	0	1	1	802	50	3.93866575121	31.3975435992	31.3564822932	13.811
574	0	1	2	2134	133	3.93866575121	32.1694807727	32.1284194666	9.086
575	0	1	1	281	17	0.2061561346	28.9529794267	28.9508302115	16.693
575	0	1	2	1625	101	0.2061561346	31.9258492039	31.9236999887	11.811
576	0	1	1	414	25	8.42401096765	27.6185223663	27.5307005214	6.032
576	0	1	2	1760	110	8.42401096765	27.7571680561	27.6693462112	10.866
577	0	1	1	1233	77	-7.47139056604	32.4115051158	32.4893957199	10.457
577	0	1	2	2584	161	-7.47139056604	30.9642128322	31.0421034363	7.653
578	0	1	1	1270	79	12.2822094735	29.6458959035	29.5178516382	22.96
578	0	1	2	2627	164	12.2822094735	36.2899478618	36.1619035965	14.126
579	0	1	1	1255	78	9.64641672356	33.712489536	33.6119238889	9.748
579	0	1	2	2601	162	9.64641672356	35.4640207955	35.3634551484	9.464
580	0	1	1	305	19	11.9685571367	32.1489814906	32.0242071079	11.465
580	0	1	2	1650	103	11.9685571367	31.3873148623	31.2625404796	5.717
581	0	1	1	517	32	-8.85205223881	27.8458271814	27.9381114343	13.591
581	0	1	2	1864	116	-8.85205223881	30.0981676356	30.1904518885	16.945
582	0	1	1	209	13	11.9179802378	30.7754291514	30.651182042	8.095
582	0	1	2	1552	97	11.9179802378	31.3622929802	31.2380458708	11.071
583	0	1	1	567	35	-5.70969102955	30.8442128256	30.903737392	11.008
583	0	1	2	1914	119	-5.70969102955	29.1704317624	29.2299563288	9.26
584	0	1	1	421	26	10.6125138526	9.89056936286	9.77993197773	25.654
584	0	1	2	1790	111	10.6125138526	17.7158436812	17.605206296	8.961
585	0	1	1	1246	77	9.37739452534	32.228656352	32.1308953103	5.874
585	0	1	2	2597	162	9.37739452534	34.4632306259	34.3654695841	14.63
586	0	1	1	802	50	6.72214455879	30.1450147903	30.0749352119	24
586	0	1	2	2146	134	6.72214455879	30.3847317643	30.3146521859	9.339
587	0	1	1	982	61	-3.28054713454	32.8444934888	32.8786937887	11.15
587	0	1	2	2329	145	-3.28054713454	33.0965108187	33.1307111186	14.315
588	0	1	1	485	30	0.569745372941	32.1090973168	32.1031576177	18.378
588	0	1	2	1829	114	0.569745372941	33.9885310968	33.9825913978	13.843
589	0	1	1	920	57	13.3470692187	50.8166085704	50.6774629488	6.898
589	0	1	2	2263	141	13.3470692187	51.0390816313	50.8999360096	11.906
590	0	1	1	930	58	14.741978249	28.2098869343	28.0561991325	14.992
590	0	1	2	2273	142	14.741978249	29.199399642	29.0457118403	4.992
591	0	1	1	301	18	0.37555046729	29.2642809647	29.2603657828	5.937
591	0	1	2	1643	102	0.37555046729	28.1259841422	28.1220689604	6.725
592	0	1	1	1024	64	1.02059415758	24.0495692424	24.0389293629	8.031
592	0	1	2	2371	148	1.02059415758	28.1992817569	28.1886418773	10.032
593	0	1	1	933	58	3.95405555556	31.2351976049	31.1939758573	13.906
593	0	1	2	2276	142	3.95405555556	31.9433348342	31.9021130866	5.118
594	0	1	1	555	34	-5.36164782609	29.4986192152	29.5545153679	12.63
594	0	1	2	1905	119	-5.36164782609	26.0751782189	26.1310743717	6.851
595	0	1	1	164	10	-1.66753427013	51.6993959529	51.7167803006	4
595	0	1	2	1504	94	-1.66753427013	51.2956060125	51.3129903603	12.835
596	0	1	1	491	30	-7.62181950373	28.8396090098	28.919067863	10.96
596	0	1	2	1838	114	-7.62181950373	26.9732400478	27.052698901	7.59
598	0	1	1	333	20	4.46620672487	32.0606931921	32.0141321755	7.464
598	0	1	2	1677	104	4.46620672487	31.6228334897	31.5762724731	9.748
599	0	1	1	160	10	-2.60984150556	31.9330060058	31.9602140777	12.567
599	0	1	2	1499	93	-2.60984150556	28.313635692	28.3408437639	18.472
600	0	1	1	183	11	-4.68180898694	29.7736450987	29.822453808	8.914
600	0	1	2	1526	95	-4.68180898694	28.6487046721	28.6975133815	6.992
601	0	1	1	467	29	2.47597054213	28.3693879235	28.3435754807	4
601	0	1	2	1814	113	2.47597054213	29.8099805216	29.7841680789	6.961
602	0	1	1	1217	76	-1.07291740956	28.3978305008	28.4090158597	9.449
602	0	1	2	2565	160	-1.07291740956	34.0570373932	34.0682227521	7.874
603	0	1	1	1211	75	4.31757764846	29.9989515121	29.9539399807	4.441
603	0	1	2	2564	160	4.31757764846	31.5389505532	31.4939390218	11.622
604	0	1	1	214	13	-2.39732699101	25.2945099161	25.3195024855	6.536
604	0	1	2	1556	97	-2.39732699101	25.40308516	25.4280777295	10.992
605	0	1	1	547	34	-4.56278310763	28.3067682989	28.3543361418	10.189
605	0	1	2	1895	118	-4.56278310763	29.5543606197	29.6019284626	11.15
606	0	1	1	275	17	-6.3984105066	31.9968015294	32.0635061214	8.709
606	0	1	2	1619	101	-6.3984105066	29.223662465	29.2903670571	10.96
607	0	1	1	1083	67	-1.76196622746	28.1972129111	28.2155817292	8.819
607	0	1	2	2430	151	-1.76196622746	31.0910336695	31.1094024876	5.748
608	0	1	1	607	37	-0.536423728814	26.6990870201	26.7046793349	6.284
608	0	1	2	1957	122	-0.536423728814	22.2961298873	22.3017222022	4
609	0	1	1	440	27	12.7975717587	30.8442829182	30.7108659074	9.559
609	0	1	2	1787	111	12.7975717587	29.5569846137	29.4235676029	4.992
609	1	1	1	426	26	12.7975717587	19.051962364	18.9185453532	22.031
609	1	1	2	1788	111	12.7975717587	32.7985936572	32.6651766464	8.031
610	0	1	1	273	17	-4.78895696908	31.5763224255	31.626248172	13.149
610	0	1	2	1616	101	-4.78895696908	33.0359407309	33.0858664774	9.244
611	0	1	1	1251	78	7.94363304199	34.7240029514	34.6411891337	8.126
611	0	1	2	2598	162	7.94363304199	36.5286893371	36.4458755193	10.693
612	0	1	1	1026	64	6.66172644214	37.7929103751	37.7234606665	11.496
612	0	1	2	2372	148	6.66172644214	28.6521722257	28.5827225172	5.15
613	0	1	1	1240	77	-7.9666631406	29.6198308026	29.7028847134	10.788
613	0	1	2	2590	161	-7.9666631406	29.4083018482	29.4913557589	8.52
615	0	1	1	1293	80	13.1198	32.4277970357	32.291020737	13.166
615	0	1	2	2642	165	13.1198	33.8171369529	33.6803606541	6.677
617	0	1	1	163	10	-6.81429403974	29.9344769764	30.0055172299	7.118
617	0	1	2	1506	94	-6.81429403974	28.6899315944	28.7609718478	4.063
619	0	1	1	930	58	-2.01843603827	28.1918074965	28.2128500589	14.063
619	0	1	2	2273	142	-2.01843603827	28.4396495382	28.4606921006	9.874
620	0	1	1	478	29	-0.153281794576	30.7086904375	30.7102884281	12.284
620	0	1	2	1827	114	-0.153281794576	29.5403936585	29.5419916491	7.559
621	0	1	1	1230	76	14.87027716	29.8360839523	29.6810586111	6.346
621	0	1	2	2581	161	14.87027716	26.7691944491	26.6141691079	23.37
622	0	1	1	996	62	11.4705882353	21.2024493426	21.0828663761	7.197
622	0	1	2	2338	146	11.4705882353	20.0814787434	19.961895777	11.779
623	0	1	1	487	30	-4.56962167968	29.1130209906	29.1606601269	12.85
623	0	1	2	1832	114	-4.56962167968	26.8519621674	26.8996013037	8.252
624	0	1	1	1248	78	11.2648853615	32.8599170622	32.7424785856	4.347
624	0	1	2	2599	162	11.2648853615	29.8327802242	29.7153417476	22.771
627	0	1	1	802	50	6.05798191903	34.9010594363	34.8379038741	10.473
627	0	1	2	2148	134	6.05798191903	28.2031395465	28.1399839843	10.347
629	0	1	1	1265	79	-5.73783523946	25.5465284374	25.6063464123	4.157
629	0	1	2	2615	163	-5.73783523946	28.2874843788	28.3473023537	12.283
630	0	1	1	1042	65	1.04233333333	26.0583949189	26.0475284045	4.094
630	0	1	2	2400	150	1.04233333333	32.2090319101	32.1981653957	15.512
632	0	1	1	1244	77	-6.95727015576	29.2362018943	29.3087326997	13.622
632	0	1	2	2589	161	-6.95727015576	29.9204475059	29.9929783113	5.102
633	0	1	1	1269	79	-8.57955426551	39.1845415139	39.2739849259	9.48
633	0	1	2	2619	163	-8.57955426551	39.2673970601	39.3568404721	13.842
633	1	1	1	1291	80	-8.57955426551	26.3957319641	26.4851753762	12.598
633	1	1	2	2642	165	-8.57955426551	32.385603081	32.4750464931	6.598
634	0	1	1	417	26	-0.583072659516	45.7705075111	45.7765861495	22.252
634	0	1	2	1773	110	-0.583072659516	47.2121818934	47.2182605318	10.536
635	0	1	1	931	58	-0.0314788555356	27.7737779937	27.7741061665	4.599
635	0	1	2	2274	142	-0.0314788555356	26.6427398737	26.6430680465	6.157
636	0	1	1	1080	67	9.13494440818	34.7675529146	34.6723194594	11.78
636	0	1	2	2425	151	9.13494440818	35.2444281767	35.1491947215	14.693
637	0	1	1	1003	62	7.82808989047	33.2488396255	33.1672303661	8
637	0	1	2	2350	146	7.82808989047	31.5810785154	31.499469256	7.26
638	0	1	1	170	10	7.46956276422	31.3067849761	31.2289134271	8.189
638	0	1	2	1512	94	7.46956276422	30.0228263615	29.9449548125	18
639	0	1	1	1000	62	-5.68635106122	32.3335322414	32.3928134844	7.575
639	0	1	2	2335	145	-5.68635106122	26.7769262803	26.8362075233	4.095
640	0	2	1	832	52	-6.89873865855	29.2710495826	29.3429701866	13.118
640	0	2	2	2174	135	-6.89873865855	28.4083007574	28.4802213613	12
641	0	2	1	1240	77	-1.80440174336	24.482566843	24.5013780591	13.512
641	0	2	2	2587	161	-1.80440174336	25.6171350518	25.6359462678	5.748
642	0	2	1	185	11	2.3130736981	29.7954011256	29.7712869121	14.441
642	0	2	2	1528	95	2.3130736981	32.3498341686	32.3257199551	9.811
643	0	2	1	1242	77	6.70671730759	28.625170105	28.5552513585	8.819
643	0	2	2	2596	162	6.70671730759	29.9321043327	29.8621855863	12.472
644	0	2	1	295	18	-6.01606124004	29.7241844521	29.7869029836	8.787
644	0	2	2	1638	102	-6.01606124004	30.84055768	30.9032762115	6.504
645	0	2	1	1026	64	-2.78963996813	30.3406747222	30.3697572257	4.945
645	0	2	2	2373	148	-2.78963996813	33.9050777326	33.9341602361	7.654
648	0	2	1	802	50	13.2874771999	34.4628759529	34.3243515888	13.213
648	0	2	2	2154	134	13.2874771999	34.4035917016	34.2650673375	9.575
649	0	2	1	1275	79	-0.9743391477	26.0806816919	26.0908393545	10.284
649	0	2	2	2625	164	-0.9743391477	28.6765407278	28.6866983905	14.85
650	0	2	1	108	6	3.22671826872	30.360464096	30.3268249718	25.496
650	0	2	2	1445	90	3.22671826872	29.4410963619	29.4074572377	8.488
651	0	2	1	816	51	6.2778533406	26.8739125148	26.8084647531	5.685
651	0	2	2	2158	134	6.2778533406	29.7440408139	29.6785930522	15.229
652	0	2	1	1042	65	0.58206749983	31.2752094196	31.2691412601	14.236
652	0	2	2	2388	149	0.58206749983	32.1624518816	32.1563837221	14.929
654	0	2	1	1089	68	-2.09248263074	27.0568849318	27.0786994434	11.559
654	0	2	2	2437	152	-2.09248263074	30.3931473083	30.4149618199	4.583
655	0	2	1	1213	75	-6.07277718799	27.8311298833	27.8944396888	8.787
655	0	2	2	2562	160	-6.07277718799	32.1492766021	32.2125864076	12.221
656	0	2	1	941	58	0.0633522186888	30.0579159299	30.0572554715	18
656	0	2	2	2285	142	0.0633522186888	30.0561514985	30.0554910401	9.181
657	0	2	1	475	29	-2.0722471668	33.105987845	33.1275913983	10.441
657	0	2	2	1824	114	-2.0722471668	26.8724986868	26.89410224	9.654
658	0	2	1	1268	79	-7.23973248592	26.4454671912	26.5209427178	5.842
658	0	2	2	2618	163	-7.23973248592	27.8823425839	27.9578181105	9.874
659	0	2	1	282	17	0.167675590551	29.7614838572	29.7597358087	11.496
659	0	2	2	1626	101	0.167675590551	29.6961824669	29.6944344184	11.275
660	0	2	1	304	19	9.77470269153	27.8553663108	27.7534632593	6.094
660	0	2	2	1649	103	9.77470269153	30.2720295697	30.1701265182	8.992
662	0	2	1	903	56	2.96791967849	32.5149097641	32.4839686622	10.284
662	0	2	2	2245	140	2.96791967849	32.8155521084	32.7846110065	8.787
663	0	2	1	1246	77	-7.21382322933	29.7652045265	29.8404099444	9.748
663	0	2	2	2597	162	-7.21382322933	31.2789428602	31.354148278	15.968
664	0	2	1	1094	68	10.8004173161	34.2406780777	34.1280817648	12.567
664	0	2	2	2442	152	10.8004173161	34.7549870768	34.6423907639	6.835
665	0	2	1	350	21	-8.15754343032	54.9972969837	55.0823408561	6.992
665	0	2	2	1690	105	-8.15754343032	54.8070732564	54.8921171289	10.945
666	0	2	1	183	11	4.6624629858	23.8388212106	23.7902141868	4.866
666	0	2	2	1528	95	4.6624629858	28.3169486984	28.2683416747	16.063
667	0	2	1	1000	62	11.381035568	42.718526641	42.5998772773	6.252
667	0	2	2	2338	146	11.381035568	28.1630067163	28.0443573526	11.055
668	0	2	1	1224	76	-7.27266287035	31.0297970151	31.1056158469	6.724
668	0	2	2	2573	160	-7.27266287035	29.8579258802	29.933744712	9.874
668	1	2	1	1227	76	-7.27266287035	27.636354202	27.7121730338	4.992
668	1	2	2	2567	160	-7.27266287035	29.0714739129	29.1472927447	11.323
669	0	2	1	490	30	-0.969561205067	30.0316765532	30.0417844049	12.173
669	0	2	2	1834	114	-0.969561205067	29.5377695767	29.5478774284	10.819
670	0	2	1	1095	68	-2.43624804134	32.5545532275	32.5799515559	6.094
670	0	2	2	2442	152	-2.43624804134	28.6164939902	28.6418923187	6.599
671	0	2	1	545	34	-0.195641142103	34.0792974316	34.081337026	5.968
671	0	2	2	1893	118	-0.195641142103	31.7337992294	31.7358388238	4.551
672	0	2	1	932	58	2.70573808172	28.9874805534	28.9592727423	4.52
672	0	2	2	2274	142	2.70573808172	29.1609249031	29.132717092	10.866
673	0	2	1	1241	77	-6.91216339643	26.5407026733	26.6127632326	10.535
673	0	2	2	2590	161	-6.91216339643	27.266131152	27.3381917113	9.386
674	0	2	1	1060	66	-10.0288666667	40.8733356835	40.9778884406	6.725
674	0	2	2	2406	150	-10.0288666667	42.7250156754	42.8295684326	12.472
675	0	2	1	548	34	5.43227594106	28.3556395168	28.2990070531	14.835
675	0	2	2	1897	118	5.43227594106	28.7326184415	28.6759859778	15.811
677	0	2	1	310	19	0.209105660377	27.6023552486	27.6001752841	9.685
677	0	2	2	1655	103	0.209105660377	28.0904955713	28.0883156068	9.874
678	0	2	1	582	36	-1.57852124126	27.5679904424	27.5844468131	8.094
678	0	2	2	1933	120	-1.57852124126	27.2255886594	27.2420450301	10.866
679	0	2	1	1022	63	-0.542473995799	34.8584259428	34.8640813328	16.063
679	0	2	2	2374	148	-0.542473995799	31.0400371429	31.0456925328	9.008
680	0	2	1	879	54	0.866040156402	45.4439682928	45.4349396668	17.181
680	0	2	2	2223	138	0.866040156402	47.0572085999	47.0481799739	15.181
682	0	2	1	162	10	3.69722061204	30.9041192317	30.8655750351	4.756
682	0	2	2	1502	93	3.69722061204	31.019318569	30.9807743724	15.276
683	0	2	1	489	30	-0.0282148044264	24.2861464282	24.2864405727	4.866
683	0	2	2	1834	114	-0.0282148044264	28.0735352054	28.0738293499	10.709
684	0	2	1	430	26	-3.4418739185	30.3483535776	30.3842357386	9.15
684	0	2	2	1775	110	-3.4418739185	28.3343609925	28.3702431535	11.59
685	0	2	1	734	45	5.05466501292	28.4230491765	28.3703533753	5.622
685	0	2	2	2073	129	5.05466501292	30.3748031351	30.3221073339	12.378
686	0	2	1	1242	77	5.83037429269	28.789901386	28.7291186747	12.96
686	0	2	2	2597	162	5.83037429269	33.936295011	33.8755122997	4.662
687	0	2	1	290	18	0.17924863704	29.1733612562	29.1714925566	10
687	0	2	2	1635	102	0.17924863704	28.4264769217	28.4246082221	5.401
688	0	2	1	1094	68	-3.5413354815	28.50158032	28.5384993858	5.496
688	0	2	2	2442	152	-3.5413354815	26.4710054324	26.5079244982	10.788
689	0	2	1	214	13	-3.61722542349	27.9620181594	27.9997283917	8.834
689	0	2	2	1556	97	-3.61722542349	28.8495862217	28.887296454	5.685
690	0	2	1	561	35	-2.31320689655	31.6931653085	31.7172809107	12.378
690	0	2	2	1909	119	-2.31320689655	29.6098391506	29.6339547528	4.252
691	0	2	1	1275	79	-7.96875493351	31.3628241212	31.4458998393	8.032
691	0	2	2	2625	164	-7.96875493351	31.4457591242	31.5288348422	10.378
692	0	2	1	931	58	4.06435400956	29.041664741	28.999293112	16.913
692	0	2	2	2273	142	4.06435400956	25.9416288704	25.8992572414	4.772
694	0	2	1	136	8	-5.34927662291	31.1060446092	31.16181179	5.307
694	0	2	2	1498	93	-5.34927662291	33.3845484221	33.4403156028	6.756
695	0	2	1	918	57	-12.4835374888	52.6954025394	52.8255456859	24.583
695	0	2	2	2260	141	-12.4835374888	56.6050440775	56.7351872239	15.055
696	0	2	1	1033	64	10.2683273792	23.2707675104	23.1637183318	11.874
696	0	2	2	2385	149	10.2683273792	32.3968165861	32.2897674075	15.528
697	0	2	1	1281	80	-0.42713584715	28.8747024367	28.8791554055	7.969
697	0	2	2	2630	164	-0.42713584715	32.1967822397	32.2012352085	12.567
697	1	2	1	607	37	-0.42713584715	49.1664169798	49.1708699487	5.433
697	1	2	2	1962	122	-0.42713584715	43.3994221192	43.403875088	4.189
698	0	2	1	1009	63	0.151507792758	31.2922781606	31.2906986644	10.063
698	0	2	2	2354	147	0.151507792758	30.1478859522	30.146306456	7.59
699	0	2	1	931	58	-4.93309288175	30.0345808415	30.0860092311	8.063
699	0	2	2	2274	142	-4.93309288175	23.8150643968	23.8664927863	13.527
700	0	2	1	1288	80	6.20011059513	31.38147441	31.3168371305	12.236
700	0	2	2	2631	164	6.20011059513	31.080754308	31.0161170285	14.835
701	0	2	1	1217	76	2.62484697429	31.3551302222	31.3277657156	6.157
701	0	2	2	2567	160	2.62484697429	33.1467708967	33.1194063901	7.338
703	0	2	1	472	29	13.1141509047	35.4867068004	35.3499893945	19.512
703	0	2	2	1816	113	13.1141509047	34.7245362507	34.5878188448	9.181
704	0	2	1	485	30	6.19912194859	32.0096218286	31.9449948559	9.197
704	0	2	2	1829	114	6.19912194859	30.7387427714	30.6741157987	5.181
705	0	2	1	764	47	-4.07739039459	31.0847215303	31.127229066	9.134
705	0	2	2	2105	131	-4.07739039459	32.1470247291	32.1895322648	12.945
706	0	2	1	1213	75	13.5360249906	27.3670030505	27.2258875306	6.504
706	0	2	2	2562	160	13.5360249906	28.5602820244	28.4191665045	13.401
707	0	2	1	415	25	-6.68024331196	25.4496854023	25.5193281526	4.567
707	0	2	2	1765	110	-6.68024331196	26.5711150351	26.6407577854	15.716
708	0	2	1	1094	68	-3.97438207174	28.9041583315	28.9455919867	15.37
708	0	2	2	2441	152	-3.97438207174	25.2755766238	25.317010279	5.748
709	0	2	1	1248	78	3.75312109223	27.4244683282	27.3853413589	9.086
709	0	2	2	2598	162	3.75312109223	25.0804306232	25.0413036539	4.095
710	0	2	1	762	47	8.54718558579	32.8653656851	32.7762597224	8.693
710	0	2	2	2100	131	8.54718558579	30.5487072045	30.4596012418	9.937
711	0	2	1	902	56	8.70940628153	27.2384150261	27.1476178832	11.496
711	0	2	2	2244	140	8.70940628153	28.7365398859	28.645742743	4.252
712	0	2	1	250	15	0.000712800956363	28.9108755967	28.9108681656	13.496
712	0	2	2	1593	99	0.000712800956363	28.0084898303	28.0084823992	15.591
713	0	2	1	1269	79	-5.87057142191	30.2789757456	30.3401775193	14.095
713	0	2	2	2618	163	-5.87057142191	28.4819097952	28.5431115689	12.96
714	0	2	1	934	58	0.217876923077	32.4439611355	32.4416897289	5.213
714	0	2	2	2285	142	0.217876923077	33.2358453155	33.233573909	11.874
715	0	2	1	135	8	4.20208247478	27.8023954957	27.7585880224	15.024
715	0	2	2	1477	92	4.20208247478	28.2256055639	28.1817980906	8.756
717	0	2	1	1094	68	1.67325809912	34.4096078836	34.3921638639	5.339
717	0	2	2	2447	152	1.67325809912	29.8246534404	29.8072094207	10.535
718	0	2	1	310	19	-0.410871428571	29.1345264554	29.1388098647	10.284
718	0	2	2	1653	103	-0.410871428571	34.7473149957	34.751598405	7.118
719	0	2	1	210	13	-4.73034649322	30.3500603112	30.3993750328	5.968
719	0	2	2	1554	97	-4.73034649322	26.3046563806	26.3539711023	10.315
720	0	2	1	1258	78	12.5978373134	29.5374296509	29.406094908	6.472
720	0	2	2	2612	163	12.5978373134	31.7866489687	31.6553142258	10.599
721	0	2	1	548	34	-2.77127342933	29.4349204145	29.4638114435	6.74
721	0	2	2	1895	118	-2.77127342933	30.8947408951	30.9236319242	14
722	0	2	1	297	18	8.21827821909	32.4427374684	32.3570604248	8.189
722	0	2	2	1640	102	8.21827821909	32.4436946208	32.3580175772	7.559
723	0	2	1	902	56	2.02149501239	29.308901603	29.2878271502	4.992
723	0	2	2	2245	140	2.02149501239	27.4912419902	27.4701675374	6.473
724	0	2	1	454	28	-4.36093980097	28.0870696977	28.1325332875	27.811
724	0	2	2	1800	112	-4.36093980097	28.948178896	28.9936424858	11.418
725	0	2	1	972	60	1.03186686739	28.9079602416	28.897202842	7.307
725	0	2	2	2315	144	1.03186686739	28.5456423012	28.5348849016	15.181
727	0	2	1	802	50	-1.63294084227	27.5638068251	27.5808305301	16.898
727	0	2	2	2158	134	-1.63294084227	34.5440559114	34.5610796164	8.945
728	0	2	1	490	30	-2.53295306848	27.7068772731	27.7332837691	10.693
728	0	2	2	1835	114	-2.53295306848	29.4638984383	29.4903049343	8.661
729	0	2	1	810	50	-2.87931178397	27.0006668388	27.0306841873	4.189
729	0	2	2	2153	134	-2.87931178397	32.8313580862	32.8613754347	10.567
730	0	2	1	783	48	3.88064972885	31.4532662697	31.4128097912	15.937
730	0	2	2	2121	132	3.88064972885	32.8559819246	32.8155254461	9.78
731	0	2	1	505	31	9.0774106383	32.7865660279	32.6919323727	11.527
731	0	2	2	1857	116	9.0774106383	26.3284892802	26.233855625	13.811
732	0	2	1	583	36	13.2388235077	25.0278598368	24.8898426963	8.504
732	0	2	2	1932	120	13.2388235077	25.8331545817	25.6951374412	9.165
734	0	2	1	1240	77	11.1294096077	30.6920416842	30.5760155669	8.772
734	0	2	2	2597	162	11.1294096077	25.147807322	25.0317812047	4.189
735	0	2	1	275	17	5.54665342418	29.8323835064	29.7745586366	7.339
735	0	2	2	1619	101	5.54665342418	30.2146680786	30.1568432089	11.071
736	0	2	1	737	46	-10.4652365584	32.5301692118	32.6392712044	12.063
736	0	2	2	2078	129	-10.4652365584	30.526536779	30.6356387716	12.898
737	0	2	1	1245	77	2.00011325766	32.0048493108	31.9839977666	7.291
737	0	2	2	2596	162	2.00011325766	30.7224903399	30.7016387957	20.441
738	0	2	1	938	58	2.15292395647	33.4729426766	33.4504980532	5.685
738	0	2	2	2282	142	2.15292395647	34.1269267485	34.1044821251	5.338
739	0	2	1	174	10	0.151968809594	30.1015316434	30.099947341	10.063
739	0	2	2	1515	94	0.151968809594	30.7532600686	30.7516757662	8.536
740	0	2	1	1000	62	-3.64439277913	39.3112474872	39.3492409441	29.481
740	0	2	2	2349	146	-3.64439277913	34.4893586516	34.5273521085	8.031
741	0	2	1	832	52	9.76794595314	34.9996612437	34.8978286324	11.15
741	0	2	2	2173	135	9.76794595314	34.3900132311	34.2881806197	5.748
742	0	2	1	152	9	-2.71859844696	28.1484005243	28.1767424071	12.346
742	0	2	2	1496	93	-2.71859844696	27.990349293	28.0186911758	10.063
743	0	2	1	153	9	-0.313751115635	27.2401967314	27.2434676438	10.645
743	0	2	2	1495	93	-0.313751115635	28.6903963003	28.6936672127	10.032
744	0	2	1	215	13	-2.35833423509	25.6505212113	25.6751072742	7.071
744	0	2	2	1558	97	-2.35833423509	24.3862378292	24.4108238921	5.842
745	0	2	1	487	30	2.85525590953	30.494282218	30.4645156564	10.898
745	0	2	2	1832	114	2.85525590953	30.7922281003	30.7624615386	8.504
746	0	2	1	247	15	-1.51933436783	30.2336780636	30.2495174004	8.221
746	0	2	2	1589	99	-1.51933436783	30.0684588241	30.084298161	6.126
747	0	2	1	1000	62	2.30844313702	48.4281743859	48.4041084467	20.662
747	0	2	2	2351	146	2.30844313702	34.1800034222	34.1559374831	6.063
748	0	2	1	604	37	6.02815555556	34.2927238467	34.2298792297	14.52
748	0	2	2	1954	122	6.02815555556	34.3811809255	34.3183363086	9.969
749	0	2	1	438	27	-3.72939399329	30.4994540862	30.5383336962	7.811
749	0	2	2	1783	111	-3.72939399329	29.5714711248	29.6103507348	5.969
750	0	2	1	474	29	-2.13825615741	28.1790004991	28.2012922081	13.165
750	0	2	2	1818	113	-2.13825615741	28.5068423369	28.5291340459	7.307
751	0	2	1	524	32	-1.39205349286	26.6129535765	26.6274659871	10.945
751	0	2	2	1867	116	-1.39205349286	25.0709903073	25.0855027179	8.756
752	0	2	1	972	60	11.2836753551	14.8241130253	14.7064786596	8.74
752	0	2	2	2314	144	11.2836753551	14.7229007185	14.6052663527	8.945
753	0	2	1	737	46	2.87339591133	36.591051309	36.5610956345	9.086
753	0	2	2	2077	129	2.87339591133	34.2042423482	34.1742866738	15.402
754	0	2	1	963	60	-1.8837006367	28.6095255222	28.6291634436	5.339
754	0	2	2	2309	144	-1.8837006367	30.7152857754	30.7349236967	6.913
756	0	2	1	997	62	7.42931984282	26.3118729134	26.2344209042	7.906
756	0	2	2	2341	146	7.42931984282	27.9672116469	27.8897596376	12.914
757	0	2	1	612	38	-6.72211111111	28.3047853058	28.3748645355	6.189
757	0	2	2	1959	122	-6.72211111111	27.7657015129	27.8357807426	7.181
758	0	2	1	488	30	-7.45916117168	28.2071773174	28.2849404279	18.252
758	0	2	2	1832	114	-7.45916117168	29.9573367996	30.0350999101	10.567
759	0	2	1	154	9	8.90031962823	32.1937516195	32.1009641702	4.708
759	0	2	2	1496	93	8.90031962823	32.8860769381	32.7932894889	19.465
761	0	2	1	1238	77	0.72022838297	28.2178890749	28.2103805632	13.276
761	0	2	2	2586	161	0.72022838297	28.6746196557	28.667111144	12.425
762	0	2	1	486	30	1.62156357433	29.8401564511	29.8232513562	11.496
762	0	2	2	1832	114	1.62156357433	28.9622513387	28.9453462438	7.165
763	0	2	1	934	58	0.598963750552	30.6073492307	30.6011049248	15.717
763	0	2	2	2277	142	0.598963750552	30.830256402	30.8240120961	8.063
764	0	2	1	481	30	11.86708221	28.2085638578	28.0848473696	21.842
764	0	2	2	1827	114	11.86708221	29.3155780167	29.1918615285	7.607
765	0	2	1	469	29	3.3472586181	54.8780218191	54.8431260399	7.528
765	0	2	2	1817	113	3.3472586181	53.0524092506	53.0175134713	6.724
766	0	2	1	1030	64	-0.783682154614	31.2580285951	31.2661986239	7.685
766	0	2	2	2373	148	-0.783682154614	36.3618382095	36.3700082384	9.748
767	0	2	1	1214	75	-7.7792408202	29.1865747624	29.2676747614	8.771
767	0	2	2	2564	160	-7.7792408202	29.3887154827	29.4698154817	4.85
768	0	2	1	1026	64	-8.28655534477	35.9393615381	36.0257503831	12.252
768	0	2	2	2373	148	-8.28655534477	40.8536126105	40.9400014556	6.157
769	0	2	1	930	58	0.722566601558	28.2587564272	28.2512235391	15.103
769	0	2	2	2273	142	0.722566601558	27.6720782796	27.6645453915	7.937
770	0	2	1	587	36	4.94959051657	31.0910938389	31.0394934585	12.126
770	0	2	2	1940	121	4.94959051657	34.0733600709	34.0217596904	4.709
771	0	2	1	158	9	-3.28982657149	29.3039265601	29.3382235998	14.189
771	0	2	2	1499	93	-3.28982657149	29.7639150725	29.7982121123	15.559
772	0	2	1	1055	65	1.30646792177	27.5822062812	27.5685861158	9.654
772	0	2	2	2391	149	1.30646792177	27.0443775729	27.0307574074	14.63
773	0	2	1	1238	77	-1.37731442231	27.4644113498	27.4787701029	7.008
773	0	2	2	2593	162	-1.37731442231	26.5286783924	26.5430371455	17.685
773	1	2	1	1236	77	-1.37731442231	27.5679466889	27.582305442	8.914
773	1	2	2	2596	162	-1.37731442231	26.1399053464	26.1542640995	6.897
774	0	2	1	1291	80	-6.07695068493	25.5890781974	25.6524315125	13.071
774	0	2	2	2641	165	-6.07695068493	33.3920911663	33.4554444813	7.086
776	0	2	1	935	58	9.31654615385	29.8972042054	29.800077519	17.244
776	0	2	2	2277	142	9.31654615385	35.4109448109	35.3138181245	6.756
777	0	2	1	1255	78	14.7617945816	32.1526294174	31.9987350268	8.63
777	0	2	2	2600	162	14.7617945816	30.6277223125	30.4738279219	12.662
778	0	2	1	379	23	-0.949222973644	28.493233656	28.503129478	13.166
778	0	2	2	1724	107	-0.949222973644	30.0582990611	30.0681948831	5.717
779	0	2	1	737	46	0.988337123036	29.6739092717	29.6636056776	10.441
779	0	2	2	2076	129	0.988337123036	26.5988463974	26.5885428033	13.796
780	0	2	1	1284	80	0.480204576111	28.3229337107	28.3179274908	4.031
780	0	2	2	2634	164	0.480204576111	29.714781641	29.709775421	13.276
781	0	2	1	180	11	-14.4070356784	31.7141644317	31.8643603963	6.409
781	0	2	2	1525	95	-14.4070356784	28.4466341688	28.5968301334	9.969
782	0	2	1	504	31	-7.56968793733	29.1554354267	29.2343507988	8.473
782	0	2	2	1852	115	-7.56968793733	31.2375891584	31.3165045305	8.724
784	0	2	1	577	36	-0.766339362983	24.7254169768	24.7334062039	10.598
784	0	2	2	1925	120	-0.766339362983	24.8748903576	24.8828795847	7.402
786	0	2	1	487	30	5.08340981942	25.9374152374	25.8844197664	12.347
786	0	2	2	1832	114	5.08340981942	25.8797448996	25.8267494286	7.622
788	0	2	1	916	57	-5.24468867925	31.4023786763	31.4570555087	4.126
788	0	2	2	2257	141	-5.24468867925	32.6430050414	32.6976818738	5.496
790	0	2	1	901	56	7.01981051646	31.8326226977	31.7594398976	9.401
790	0	2	2	2241	140	7.01981051646	32.6499418101	32.5767590101	4.567
791	0	2	1	918	57	1.9925137225	30.6762605724	30.6554882548	14.095
791	0	2	2	2273	142	1.9925137225	21.6389349848	21.6181626673	9.086
792	0	2	1	1030	64	-0.0335150597298	29.002546278	29.0028956786	8.882
792	0	2	2	2374	148	-0.0335150597298	32.8039491301	32.8042985307	9.071
793	0	2	1	1264	79	11.7152557608	33.727839273	33.6057056032	10.645
793	0	2	2	2612	163	11.7152557608	33.9905915435	33.8684578737	7.402
794	0	2	1	1230	76	4.33027331018	30.2040597852	30.1589158992	5.842
794	0	2	2	2581	161	4.33027331018	29.44147349	29.396329604	11.622
795	0	2	1	1242	77	-2.5838	27.266203124	27.2931397084	9.622
795	0	2	2	2590	161	-2.5838	26.7462812354	26.7732178198	14.158
796	0	2	1	438	27	7.21901765022	32.3499124542	32.2746528835	14.914
796	0	2	2	1776	111	7.21901765022	32.0639640735	31.9887045028	4.725
797	0	2	1	489	30	13.2396201784	32.4158089579	32.277783512	15.748
797	0	2	2	1837	114	13.2396201784	31.1557731878	31.0177477419	5.229
798	0	2	1	133	8	0.719110523528	35.0255460527	35.0180491948	7.591
798	0	2	2	1454	90	0.719110523528	34.610451441	34.6029545831	26.22
801	0	2	1	1251	78	2.71967826087	27.1410855537	27.1127324136	10
801	0	2	2	2600	162	2.71967826087	25.7400898107	25.7117366707	19.748
802	0	2	1	1089	68	-2.94131476514	30.604026213	30.6346899538	6.031
802	0	2	2	2438	152	-2.94131476514	29.2006007558	29.2312644967	8.094
803	0	2	1	76	4	2.29596170451	29.743204151	29.7192683331	5.842
803	0	2	2	1416	88	2.29596170451	30.4609282087	30.4369923908	11.905
805	0	2	1	809	50	7.84293300831	27.2458562737	27.1640922721	18.677
805	0	2	2	2152	134	7.84293300831	28.3545701952	28.2728061936	11.843
805	1	2	1	802	50	7.84293300831	33.708464971	33.6267009694	16.094
805	1	2	2	2134	133	7.84293300831	44.1660314306	44.084267429	6.961
806	0	2	1	308	19	-4.42423999094	28.9809229785	29.0270464842	5.843
806	0	2	2	1653	103	-4.42423999094	30.3341994095	30.3803229153	8
807	0	2	1	1273	79	-9.54581250628	28.5373608857	28.6368777154	7.276
807	0	2	2	2622	163	-9.54581250628	32.6049898276	32.7045066573	13.386
808	0	2	1	1253	78	12.7360598568	35.4465075557	35.3137318177	8.347
808	0	2	2	2600	162	12.7360598568	36.435226274	36.3024505359	5.528
809	0	2	1	485	30	-3.23416666667	26.1547305345	26.1884473097	14.283
809	0	2	2	1829	114	-3.23416666667	26.9493933897	26.9831101648	4.976
810	0	2	1	184	11	-2.06032183616	30.6057529293	30.6272321588	9.024
810	0	2	2	1527	95	-2.06032183616	28.2495459326	28.2710251621	12
811	0	2	1	525	32	4.97824386172	29.5993976818	29.547498585	7.528
811	0	2	2	1873	117	4.97824386172	30.2966548621	30.2447557654	8.252
812	0	2	1	192	12	11.1129308555	32.4195459577	32.3036916344	4.441
812	0	2	2	1535	95	11.1129308555	32.0933471179	31.9774927946	8.819
813	0	2	1	215	13	0.262178671381	27.6589603566	27.6562270963	6.378
813	0	2	2	1558	97	0.262178671381	27.4924936343	27.489760374	9.086
814	0	2	1	153	9	10.7042949139	32.5839159763	32.4723217569	8.536
814	0	2	2	1495	93	10.7042949139	31.5949751154	31.483380896	12.803
815	0	2	1	347	21	4.18592987013	31.1572090111	31.1135699316	8.472
815	0	2	2	1670	104	4.18592987013	41.8640860351	41.8204469556	8.252
817	0	2	1	1000	62	13.8230430236	29.9569588849	29.8128511499	13.26
817	0	2	2	2345	146	13.8230430236	29.7739296563	29.6298219213	12.756
818	0	2	1	211	13	1.54280485413	26.7483488007	26.7322647798	5.748
818	0	2	2	1554	97	1.54280485413	26.7923364313	26.7762524103	6.977
819	0	2	1	1256	78	-7.22495086583	30.2427338208	30.3180552463	5.78
819	0	2	2	2603	162	-7.22495086583	29.9437368131	30.0190582386	16.252
820	0	2	1	964	60	7.32590611189	32.2039465111	32.1275726088	10.347
820	0	2	2	2309	144	7.32590611189	29.7718931097	29.6955192074	8.283
821	0	2	1	612	38	-5.73716153882	25.0239540231	25.0837649745	9.874
821	0	2	2	1961	122	-5.73716153882	25.8153247337	25.8751356852	9.496
822	0	2	1	600	37	-8.85434291313	25.9038871469	25.9961952805	7.276
822	0	2	2	1950	121	-8.85434291313	25.5821348107	25.6744429443	9.717
825	0	2	1	1220	76	10.3758451461	30.2814736384	30.1733035675	15.622
825	0	2	2	2571	160	10.3758451461	29.7358018415	29.6276317706	14.284
826	0	2	1	329	20	14.4181338983	58.9885417256	58.8382300601	4.378
826	0	2	2	1670	104	14.4181338983	55.3193626331	55.1690509675	24.157
827	0	2	1	585	36	7.057	33.5763594606	33.5027889534	11.906
827	0	2	2	1933	120	7.057	31.760000655	31.6864301478	7.071
828	0	2	1	879	54	11.8201640718	30.6791276207	30.5559002627	8.41
828	0	2	2	2222	138	11.8201640718	29.8335731581	29.7103458	18.221
829	0	2	1	1241	77	11.4688422869	32.9589825726	32.839417808	12
829	0	2	2	2590	161	11.4688422869	33.4944841803	33.3749194156	9.937
831	0	2	1	273	17	9.16091037425	31.217530124	31.1220259689	9.779
831	0	2	2	1616	101	9.16091037425	30.6286272148	30.5331230597	6.961
832	0	2	1	604	37	-0.493862866824	27.7452173016	27.7503659117	15.118
832	0	2	2	1955	122	-0.493862866824	28.2976333818	28.302781992	13.512
834	0	2	1	183	11	1.99472944493	27.096298779	27.0755033621	14.284
834	0	2	2	1528	95	1.99472944493	28.2497612928	28.2289658759	14.347
835	0	2	1	485	30	0.324851770068	31.2486525475	31.2452659088	10.788
835	0	2	2	1829	114	0.324851770068	32.9424995824	32.9391129436	10.157
836	0	2	1	1255	78	3.09030131639	28.1927565582	28.1605396055	7.276
836	0	2	2	2602	162	3.09030131639	30.7228702182	30.6906532655	18.914
837	0	2	1	473	29	6.0026	46.0619670675	45.9993888719	8.913
837	0	2	2	1817	113	6.0026	52.4850719731	52.4224937775	7.842
838	0	2	1	306	19	11.4607297184	22.2449361683	22.1254559787	6.567
838	0	2	2	1639	102	11.4607297184	22.4320646435	22.3125844538	9.496
838	1	2	1	309	19	11.4607297184	22.9929354117	22.8734552221	8.315
838	1	2	2	1632	102	11.4607297184	22.7187985744	22.5993183847	4.283
839	0	2	1	246	15	0.414530857802	26.7374446847	26.7331231252	7.401
839	0	2	2	1586	99	0.414530857802	25.7559324656	25.7516109061	6.709
840	0	2	1	594	37	1.86424204606	23.6846932708	23.6652582087	5.465
840	0	2	2	1941	121	1.86424204606	23.7127305882	23.6932955261	11.465
841	0	2	1	529	33	-3.4845	28.1397942147	28.1761207604	13.339
841	0	2	2	1878	117	-3.4845	33.0731175317	33.1094440773	5.528
842	0	2	1	129	8	9.00334390914	26.138340335	26.0444788389	6.221
842	0	2	2	1467	91	9.00334390914	31.2238702321	31.130008736	13.622
843	0	2	1	574	35	-4.61488003179	25.9553875683	26.0034985312	5.748
843	0	2	2	1930	120	-4.61488003179	27.087469641	27.1355806038	16.929
845	0	2	1	1218	76	4.02265	30.9779617565	30.9360248993	5.653
845	0	2	2	2567	160	4.02265	31.3704032145	31.3284663573	12.834
846	0	2	1	932	58	0.611144305073	31.426078844	31.4197075536	8.724
846	0	2	2	2274	142	0.611144305073	28.3469734778	28.3406021873	5.149
847	0	2	1	192	12	10.0329299748	31.901277125	31.7966820071	4.41
847	0	2	2	1535	95	10.0329299748	31.6555025177	31.5509073998	14.221
848	0	2	1	304	19	-0.0843635322418	28.6733748859	28.674254391	14.645
848	0	2	2	1650	103	-0.0843635322418	31.619500893	31.6203803981	11.748
850	0	2	1	1061	66	14.5295142857	33.2746257987	33.1231529723	18.504
850	0	2	2	2410	150	14.5295142857	34.7221800877	34.5707072613	10.976
852	0	2	1	82	5	-1.50359959834	33.7435056937	33.7591809927	6.535
852	0	2	2	1422	88	-1.50359959834	30.0664195845	30.0820948835	9.055
853	0	2	1	1222	76	-2.53182299455	30.2503010507	30.2766957655	5.843
853	0	2	2	2571	160	-2.53182299455	31.4897280138	31.5161227286	12.819
853	1	2	1	1221	76	-2.53182299455	29.1530875857	29.1794823004	12
853	1	2	2	2573	160	-2.53182299455	28.3576080723	28.3840027871	8.519
854	0	2	1	1245	77	2.81754282767	29.3496487956	29.3202753997	12.882
854	0	2	2	2590	161	2.81754282767	31.5417065227	31.5123331268	9.166
855	0	2	1	1255	78	-7.66418867054	28.5162619295	28.5961624889	8.882
855	0	2	2	2603	162	-7.66418867054	29.5111987308	29.5910992902	10.96
856	0	2	1	1258	78	-3.86635217623	26.477890664	26.5181980879	11.197
856	0	2	2	2609	163	-3.86635217623	27.3565943292	27.3969017531	16.063
857	0	2	1	1254	78	-1.59995453934	30.8688503462	30.8855301629	7.086
857	0	2	2	2601	162	-1.59995453934	31.2587963225	31.2754761393	14.378
859	0	2	1	138	8	4.84665362319	32.6111627883	32.5606355436	11.433
859	0	2	2	1480	92	4.84665362319	32.6381177786	32.587590534	9.008
860	0	2	1	485	30	-5.97834437146	29.5303734605	29.5926987868	6.41
860	0	2	2	1829	114	-5.97834437146	27.7098775701	27.7722028964	11.464
861	0	2	1	63	3	3.00529651002	23.7420288411	23.7106980789	4.41
861	0	2	2	1402	87	3.00529651002	27.7430956884	27.7117649262	8.157
862	0	2	1	998	62	-4.32888195681	26.5104518289	26.5555812099	4.977
862	0	2	2	2344	146	-4.32888195681	28.8696502096	28.9147795905	8.708
864	0	2	1	802	50	1.9582851401	33.0804717335	33.0600562551	10.063
864	0	2	2	2154	134	1.9582851401	29.8793741587	29.8589586803	8.536
865	0	2	1	903	56	-2.10722860098	57.9413166737	57.9632849147	6.724
865	0	2	2	2246	140	-2.10722860098	58.6346279114	58.6565961524	6.063
867	0	2	1	406	25	5.18309637756	31.6525881244	31.5985534029	11.15
867	0	2	2	1756	109	5.18309637756	29.714096118	29.6600613965	4.945
868	0	2	1	1268	79	-2.41000891773	27.5685546928	27.5936794736	9.401
868	0	2	2	2617	163	-2.41000891773	28.8129840573	28.8381088381	5.402
869	0	2	1	77	4	-1.46374375845	30.5395695086	30.5548293032	12.126
869	0	2	2	1416	88	-1.46374375845	30.4204926201	30.4357524148	8.819
870	0	2	1	470	29	1.73284988969	32.7411177832	32.7230525083	7.685
870	0	2	2	1817	113	1.73284988969	27.0022294007	26.9841641257	15.496
871	0	2	1	454	28	-6.41791555219	28.212247575	28.2791555107	26.567
871	0	2	2	1800	112	-6.41791555219	30.3270468059	30.3939547416	8.441
872	0	2	1	548	34	-1.9826553559	32.9924789344	33.0131484767	6.236
872	0	2	2	1895	118	-1.9826553559	33.7971669965	33.8178365388	9.055
873	0	2	1	210	13	5.05219176777	29.0383351487	28.9856651316	8.851
873	0	2	2	1553	97	5.05219176777	28.364340218	28.3116702009	6.032
874	0	2	1	82	5	-2.00714371623	33.3006108722	33.3215357101	5.811
874	0	2	2	1421	88	-2.00714371623	29.4982253381	29.519150176	11.543
875	0	2	1	1281	80	2.85356926126	29.4447056902	29.4149567122	10.157
875	0	2	2	2631	164	2.85356926126	28.6302072549	28.6004582769	12.63
876	0	2	1	1021	63	-5.53746796191	29.4238493699	29.4815784795	18.189
876	0	2	2	2366	147	-5.53746796191	31.2239539281	31.2816830377	4
877	0	2	1	1004	62	2.74895944088	32.3151406291	32.2864822274	9.212
877	0	2	2	2350	146	2.74895944088	31.6656131519	31.6369547502	5.433
878	0	2	1	489	30	-9.0653	28.8068266065	28.9013340061	17.307
878	0	2	2	1834	114	-9.0653	29.6927253605	29.7872327601	8.567
879	0	2	1	136	8	0.801744519862	28.0922534894	28.0838951571	9.748
879	0	2	2	1477	92	0.801744519862	28.372805671	28.3644473387	10.709
880	0	2	1	343	21	-2.68375235403	28.5721129197	28.6000915256	9.37
880	0	2	2	1686	105	-2.68375235403	29.3310261332	29.3590047391	7.748
881	0	2	1	1254	78	0.856583456878	28.5410701013	28.5321400631	8.819
881	0	2	2	2601	162	0.856583456878	29.0181565519	29.0092265138	9.433
882	0	2	1	297	18	-5.30935094506	32.191516076	32.2468670242	8.41
882	0	2	2	1641	102	-5.30935094506	31.7932544863	31.8486054345	6.425
883	0	2	1	163	10	5.14711842026	28.9983653451	28.9447057004	4.74
883	0	2	2	1522	95	5.14711842026	28.1666253276	28.1129656829	9.37
887	0	2	1	235	14	3.29323729611	27.7645008634	27.7301682663	9.134
887	0	2	2	1577	98	3.29323729611	30.7397662765	30.7054336793	4.362
888	0	2	1	814	50	-0.862144889975	31.5194807832	31.5284688003	13.811
888	0	2	2	2154	134	-0.862144889975	31.3931861777	31.4021741948	7.103
889	0	2	1	454	28	14.4473627451	32.9346050631	32.7839886815	26.362
889	0	2	2	1800	112	14.4473627451	33.5093264836	33.358710102	13.748
890	0	2	1	570	35	-5.87994938159	41.0926335168	41.1539330575	17.748
890	0	2	2	1925	120	-5.87994938159	45.3932340788	45.4545336195	19.26
891	0	2	1	557	34	11.1548703289	34.4344285168	34.3181369669	5.748
891	0	2	2	1906	119	11.1548703289	31.4386092704	31.3223177205	10.063
892	0	2	1	477	29	2.80239001977	30.4820302107	30.4528147856	5.811
892	0	2	2	1825	114	2.80239001977	26.1019715488	26.0727561237	4.567
893	0	2	1	935	58	-7.10152162188	38.2622224607	38.3362571139	14
893	0	2	2	2285	142	-7.10152162188	39.4184273027	39.4924619559	6.095
894	0	2	1	1229	76	3.33314877089	30.7784668389	30.7437181574	6.519
894	0	2	2	2580	161	3.33314877089	29.914076389	29.8793277074	11.811
896	0	2	1	599	37	-9.29939781198	28.2059815206	28.3029294324	14.771
896	0	2	2	1947	121	-9.29939781198	24.0497707605	24.1467186724	19.024
897	0	2	1	429	26	6.06881436981	26.9375730004	26.874304508	12.283
897	0	2	2	1775	110	6.06881436981	27.6641484222	27.6008799297	12.315
898	0	2	1	1239	77	-4.6424	31.936848375	31.9852462385	8.032
898	0	2	2	2589	161	-4.6424	29.7117141426	29.7601120061	10.677
899	0	2	1	478	29	-8.04619241835	28.4670784315	28.5509614494	16.032
899	0	2	2	1825	114	-8.04619241835	27.8758955265	27.9597785444	5.905
900	0	2	1	1269	79	5.81315627991	32.8381911322	32.7775879217	12.724
900	0	2	2	2619	163	5.81315627991	30.8940501346	30.8334469242	15.26
901	0	2	1	1227	76	-2.19742161474	25.6256118203	25.6485203399	6.472
901	0	2	2	2573	160	-2.19742161474	29.2181563521	29.2410648717	16.409
902	0	2	1	1003	62	6.38127659133	29.3355666234	29.2690406555	12.63
902	0	2	2	2349	146	6.38127659133	29.7192015823	29.6526756144	7.59
903	0	2	1	1243	77	8.6295	17.0269887549	16.9370246495	7.874
903	0	2	2	2614	163	8.6295	16.6636212115	16.5736571061	12
904	0	2	1	227	14	-5.04870298059	31.2060091022	31.2586427481	6.252
904	0	2	2	1569	98	-5.04870298059	31.0360778404	31.0887114862	5.496
905	0	2	1	600	37	13.8114819534	34.9256553919	34.7816681831	12.897
905	0	2	2	1950	121	13.8114819534	34.4402914724	34.2963042636	18.693
905	1	2	1	599	37	13.8114819534	35.2635230092	35.1195358004	13.149
905	1	2	2	1952	122	13.8114819534	34.8306616505	34.6866744417	9.622
906	0	2	1	82	5	0.320174797561	32.1440301297	32.1406922493	9.37
906	0	2	2	1422	88	0.320174797561	29.1082584326	29.1049205522	10.866
907	0	2	1	1080	67	2.38501670309	27.7010424354	27.676178203	12.347
907	0	2	2	2425	151	2.38501670309	27.2654535828	27.2405893504	10.834
908	0	2	1	1246	77	-9.0899933908	29.1218370664	29.216601899	8.378
908	0	2	2	2598	162	-9.0899933908	31.332849756	31.4276145887	16.504
909	0	2	1	893	55	14.472295122	34.6139180491	34.4630417429	10.441
909	0	2	2	2236	139	14.472295122	33.1921916532	33.0413153471	6.929
910	0	2	1	280	17	0.207725307047	31.8590468894	31.8568813153	13.842
910	0	2	2	1624	101	0.207725307047	32.2287589627	32.2265933886	8.063
911	0	2	1	1061	66	8.26673376623	31.8928019603	31.8066197588	26.22
911	0	2	2	2407	150	8.26673376623	31.5685957217	31.4824135202	8.283
912	0	2	1	1239	77	0.780724791489	28.8693735152	28.8612343174	10.268
912	0	2	2	2590	161	0.780724791489	27.8055178925	27.7973786947	10.315
913	0	2	1	490	30	11.8761704361	31.0503405085	30.9265292739	14.536
913	0	2	2	1837	114	11.8761704361	28.4569254754	28.3331142408	8.756
914	0	2	1	1287	80	3.63266712386	32.2485178871	32.2106466723	5.496
914	0	2	2	2635	164	3.63266712386	34.1371662659	34.0992950511	18.032
916	0	2	1	1290	80	-1.2534	32.2353237063	32.248390629	5.716
916	0	2	2	2642	165	-1.2534	30.2901853489	30.3032522716	4.126
917	0	2	1	1057	66	9.0627112281	32.2523555906	32.1578751794	4.425
917	0	2	2	2401	150	9.0627112281	35.9306111551	35.8361307439	11.653
918	0	2	1	765	47	7.99777506887	28.0729873549	27.9896090966	9.244
918	0	2	2	2106	131	7.99777506887	27.0868227002	27.0034444419	12.283
919	0	2	1	473	29	-3.82115472996	25.1823699222	25.2222061546	11.338
919	0	2	2	1819	113	-3.82115472996	26.2526184246	26.292454657	6.582
921	0	2	1	1283	80	0.932379772885	25.9937383838	25.9840181553	8.126
921	0	2	2	2635	164	0.932379772885	24.9544784384	24.9447582099	10.787
922	0	2	1	601	37	-4.3445654314	28.4752739859	28.5205668699	10
922	0	2	2	1950	121	-4.3445654314	29.3570069899	29.4022998739	6.96
923	0	2	1	1243	77	7.60905024123	31.2497161699	31.1703904387	7.118
923	0	2	2	2594	162	7.60905024123	33.1179516746	33.0386259433	16.441
924	0	2	1	1001	62	3.59501883322	28.6846213158	28.6471425913	12.598
924	0	2	2	2346	146	3.59501883322	28.2671598779	28.2296811533	11.276
925	0	2	1	1265	79	-2.23410841207	29.9652188771	29.9885098632	6.599
925	0	2	2	2616	163	-2.23410841207	27.9854861053	28.0087770914	16.409
926	0	2	1	238	14	10.5547612903	34.1248432867	34.0148079825	6.85
926	0	2	2	1579	98	10.5547612903	34.4550000078	34.3449647036	6.661
927	0	2	1	218	13	0.165843877949	30.9416058795	30.9398769269	11.307
927	0	2	2	1562	97	0.165843877949	29.495635776	29.4939068234	4.252
928	0	2	1	488	30	13.6333236262	32.7048756996	32.5627458238	18.567
928	0	2	2	1833	114	13.6333236262	33.7182281344	33.5760982585	9.355
929	0	2	1	273	17	4.38699700492	30.1179029909	30.07216775	15.118
929	0	2	2	1616	101	4.38699700492	30.9641344389	30.918399198	11.008
930	0	2	1	997	62	5.128108821	29.1039098476	29.0504483814	14.283
930	0	2	2	2343	146	5.128108821	28.4372874849	28.3838260187	13.779
932	0	2	1	993	62	0.942507307127	28.2665894261	28.2567636162	11.685
932	0	2	2	2340	146	0.942507307127	30.3715709192	30.3617451093	17.307
934	0	2	1	415	25	-9.45524725556	28.4804991947	28.5790718653	7.118
934	0	2	2	1763	110	-9.45524725556	31.3037312091	31.4023038796	9.906
935	0	2	1	1217	76	7.40526937309	28.4662786058	28.3890773271	12.284
935	0	2	2	2565	160	7.40526937309	28.5365866269	28.4593853482	20.504
936	0	2	1	234	14	-0.0555339184434	31.646897295	31.6474762462	10.094
936	0	2	2	1577	98	-0.0555339184434	29.6706625963	29.6712415475	11.717
938	0	2	1	472	29	3.64260678591	26.1707291461	26.1327543086	24.63
938	0	2	2	1818	113	3.64260678591	29.6067876625	29.568812825	12.599
940	0	2	1	1238	77	0.33991677348	30.9933986344	30.9898549403	7.465
940	0	2	2	2586	161	0.33991677348	31.5821709571	31.578627263	5.906
941	0	2	1	562	35	-2.57653832111	29.1130866281	29.1399475082	13.37
941	0	2	2	1910	119	-2.57653832111	31.5687377662	31.5955986463	8.031
942	0	2	1	1238	77	-4.48637760112	29.4928695882	29.5396408898	9.024
942	0	2	2	2581	161	-4.48637760112	29.8476186714	29.894389973	13.401
942	1	2	1	1239	77	-4.48637760112	29.3712987923	29.4180700939	16.252
942	1	2	2	2589	161	-4.48637760112	27.6177335525	27.6645048541	15.024
943	0	2	1	1221	76	2.21244670096	26.7298985233	26.7068333644	4.598
943	0	2	2	2572	160	2.21244670096	28.0645469082	28.0414817494	9.275
944	0	2	1	170	10	4.90407496346	25.0228981486	24.971772276	10.031
944	0	2	2	1512	94	4.90407496346	27.2521970775	27.201071205	13.969
945	0	2	1	555	34	-7.28152254514	30.5530076942	30.6289188897	10.378
945	0	2	2	1905	119	-7.28152254514	27.9295236854	28.0054348809	6.094
946	0	2	1	330	20	2.51331795659	30.7074964082	30.6812946118	4.158
946	0	2	2	1674	104	2.51331795659	30.1954289717	30.1692271754	4.378
948	0	2	1	478	29	10.0193016362	31.6208094374	31.5163563974	4.977
948	0	2	2	1829	114	10.0193016362	29.7510302959	29.6465772559	5.496
950	0	2	1	489	30	13.6844037247	34.8116669615	34.6690045663	6.598
950	0	2	2	1838	114	13.6844037247	33.1752945159	33.0326321208	6.284
951	0	2	1	1096	68	-4.73500169599	29.6792135974	29.7285768504	10.661
951	0	2	2	2444	152	-4.73500169599	29.555455708	29.604818961	11.244
953	0	2	1	934	58	11.1944549982	31.1482740287	31.0315698014	17.291
953	0	2	2	2277	142	11.1944549982	30.3790820912	30.2623778639	10.031
954	0	2	1	1246	77	1.54577619048	34.4954489058	34.4793339082	8.346
954	0	2	2	2596	162	1.54577619048	35.0179098481	35.0017948504	14.378
955	0	2	1	763	47	2.52991616633	30.5034101257	30.47703529	8.724
955	0	2	2	2105	131	2.52991616633	29.8981466194	29.8717717837	5.244
957	0	2	1	1211	75	8.2494389717	27.5176928267	27.4316909266	8.898
957	0	2	2	2561	160	8.2494389717	29.353234269	29.2672323689	14.236
959	0	2	1	128	8	2.15247772118	28.4697960171	28.4473560458	12.126
959	0	2	2	1469	91	2.15247772118	29.3963881228	29.3739481514	18.992
960	0	2	1	132	8	7.53002996197	31.9346708236	31.8561688931	5.496
960	0	2	2	1475	92	7.53002996197	34.6821297394	34.6036278089	9.874
961	0	2	1	1256	78	-2.10727843639	28.6730876243	28.6950563849	10.835
961	0	2	2	2602	162	-2.10727843639	28.8250171864	28.846985947	22.267
963	0	2	1	217	13	0.322744516467	24.7200662384	24.7167015681	6.315
963	0	2	2	1560	97	0.322744516467	26.4980931303	26.4947284601	15.811
964	0	2	1	553	34	-2.06826889188	26.9715772	26.993139279	8
964	0	2	2	1901	118	-2.06826889188	27.5282914025	27.5498534815	8.914
965	0	2	1	602	37	-11.8040033824	33.6309110197	33.7539698997	15.842
965	0	2	2	1955	122	-11.8040033824	34.9502349232	35.0732938032	10.378
966	0	2	1	252	15	-0.144518630156	30.4053671367	30.4068737697	9.244
966	0	2	2	1593	99	-0.144518630156	29.4685419503	29.4700485833	11.811
967	0	2	1	1224	76	-5.95666855688	28.6117676568	28.6738670088	4.032
967	0	2	2	2574	160	-5.95666855688	29.4544012702	29.5165006222	11.228
968	0	2	1	158	9	1.69060327309	28.7129501789	28.6953253326	7.748
968	0	2	2	1498	93	1.69060327309	31.1434058607	31.1257810144	15.622
969	0	3	1	1224	76	0.7694623669	24.8610151895	24.8529934046	16.378
969	0	3	2	2575	160	0.7694623669	27.275347823	27.267326038	14.961
970	0	3	1	478	29	8.95839863716	32.2269821257	32.1335891922	11.386
970	0	3	2	1827	114	8.95839863716	31.3986798418	31.3052869084	6.315
971	0	3	1	547	34	-11.4323848943	33.2460427409	33.3652274306	10.819
971	0	3	2	1895	118	-11.4323848943	35.4230605488	35.5422452385	16.221
972	0	3	1	250	15	1.76080554145	24.409676715	24.3913199973	12.031
972	0	3	2	1592	99	1.76080554145	25.5784383437	25.560081626	10.362
973	0	3	1	1217	76	10.1396550347	34.835047657	34.729339911	6.693
973	0	3	2	2566	160	10.1396550347	32.8133540791	32.707646333	16.441
974	0	3	1	174	10	-3.87389793088	28.6828455757	28.7232316655	14.378
974	0	3	2	1514	94	-3.87389793088	28.6572256226	28.6976117124	13.591
974	1	3	1	173	10	-3.87389793088	30.9570598584	30.9974459482	8.662
974	1	3	2	1513	94	-3.87389793088	28.7283617637	28.7687478535	9.433
975	0	3	1	141	8	-1.90650055437	37.5085407914	37.5284164061	14.929
975	0	3	2	1480	92	-1.90650055437	36.3694025842	36.3892781989	17.685
976	0	3	1	808	50	5.24597090728	30.9847749357	30.9300847358	6.378
976	0	3	2	2149	134	5.24597090728	28.9918603647	28.9371701648	7.118
977	0	3	1	338	21	12.6440815527	37.2724674758	37.1406506283	9.685
977	0	3	2	1682	105	12.6440815527	34.8690700407	34.7372531931	8.284
978	0	3	1	1217	76	4.4272043386	29.2470471058	29.2008926962	7.197
978	0	3	2	2572	160	4.4272043386	30.7564569384	30.7103025288	5.229
979	0	3	1	77	4	1.66332511356	28.3595377665	28.3421972999	7.968
979	0	3	2	1416	88	1.66332511356	28.2578156917	28.2404752252	14.315
980	0	3	1	1248	78	-0.0922052655304	29.0451250275	29.0460862841	5.969
980	0	3	2	2598	162	-0.0922052655304	29.5018099162	29.5027711728	24.126
981	0	3	1	1213	75	9.39730789624	28.5465613536	28.4485927113	4.362
981	0	3	2	2562	160	9.39730789624	32.999975766	32.9020071238	12.472
982	0	3	1	1280	80	-6.57889767503	28.8587149426	28.9273011462	12.519
982	0	3	2	2625	164	-6.57889767503	28.4431211992	28.5117074028	5.04
984	0	3	1	1268	79	-8.81974539484	30.5808156468	30.6727630951	11.748
984	0	3	2	2618	163	-8.81974539484	26.3244286098	26.416376058	4.74
985	0	3	1	1257	78	-5.54671947226	30.6955957685	30.7534213268	5.811
985	0	3	2	2602	162	-5.54671947226	35.8110704767	35.868896035	4.378
986	0	3	1	737	46	-1.83392573021	29.6928126321	29.7119316411	16.771
986	0	3	2	2075	129	-1.83392573021	32.7001896502	32.7193086591	18
987	0	3	1	482	30	-4.5086919332	25.8979703942	25.9449743268	29.906
987	0	3	2	1827	114	-4.5086919332	28.3218765738	28.3688805064	10
988	0	3	1	1006	62	1.41507750306	28.4622940737	28.4475416336	10.158
988	0	3	2	2350	146	1.41507750306	29.0542672524	29.0395148123	5.905
989	0	3	1	551	34	11.3477810596	32.7180307023	32.599728023	13.134
989	0	3	2	1898	118	11.3477810596	32.2032357261	32.0849330467	8.095
990	0	3	1	517	32	7.77797758609	33.4561262484	33.3750394188	7.748
990	0	3	2	1865	116	7.77797758609	36.1061505113	36.0250636817	13.149
991	0	3	1	1061	66	4.00323451063	38.0008472075	37.9591127603	11.071
991	0	3	2	2400	150	4.00323451063	31.5277856594	31.4860512122	11.905
992	0	3	1	893	55	-3.71766811594	39.1626444519	39.2014018175	12.945
992	0	3	2	2235	139	-3.71766811594	37.4080051383	37.4467625039	9.292
993	0	3	1	1062	66	14.0950365417	32.2525906214	32.1056473045	4.094
993	0	3	2	2411	150	14.0950365417	32.8362628422	32.6893195253	11.275
994	0	3	1	136	8	0.908871740293	30.0071037586	29.9976286056	12.189
994	0	3	2	1477	92	0.908871740293	27.2528879866	27.2434128336	14.992
995	0	3	1	917	57	-0.54815987804	31.1012796392	31.1069943055	18.504
995	0	3	2	2258	141	-0.54815987804	32.5608001109	32.5665147772	7.969
996	0	3	1	138	8	7.29173383491	31.9046735996	31.8286559495	11.968
996	0	3	2	1479	92	7.29173383491	26.7307187718	26.6547011217	12.094
997	0	3	1	290	18	-0.345498448106	28.8194562173	28.8230581014	14
997	0	3	2	1634	102	-0.345498448106	29.3240444813	29.3276463654	5.402
998	0	3	1	1248	78	3.86700994784	31.0700208949	31.0297066136	7.276
998	0	3	2	2596	162	3.86700994784	31.8472101602	31.8068958789	18.158
998	1	3	1	1246	77	3.86700994784	33.4267214501	33.3864071688	9.654
998	1	3	2	2597	162	3.86700994784	32.9704128733	32.930098592	15.905
999	0	3	1	1281	80	3.12051836443	31.3086996337	31.2761676628	9.811
999	0	3	2	2631	164	3.12051836443	29.7308734335	29.6983414626	10.094
1000	0	3	1	1264	79	2.252828026	29.3699828804	29.3464967389	9.528
1000	0	3	2	2615	163	2.252828026	29.6635206292	29.6400344877	10.221
1001	0	3	1	966	60	-1.31856666667	30.9192513513	30.9329976484	5.402
1001	0	3	2	2310	144	-1.31856666667	30.5550655608	30.5688118579	7.716
1002	0	3	1	486	30	12.86451726	32.9534897118	32.819374782	8.063
1002	0	3	2	1830	114	12.86451726	33.6909108737	33.5567959439	9.528
1003	0	3	1	365	22	-4.02319803055	54.0790171746	54.1209597451	12.914
1003	0	3	2	1712	107	-4.02319803055	53.6679858318	53.7099284022	15.843
1004	0	3	1	931	58	5.99972222222	32.033020469	31.9704722748	8.346
1004	0	3	2	2274	142	5.99972222222	26.5403186332	26.4777704389	9.748
1005	0	3	1	75	4	9.66881265333	33.0594426557	32.9586435271	11.685
1005	0	3	2	1413	88	9.66881265333	29.0314497139	28.9306505853	13.937
1006	0	3	1	1042	65	5.46072016357	24.2232394339	24.166310434	17.04
1006	0	3	2	2399	149	5.46072016357	30.2199429345	30.1630139347	12.22
1007	0	3	1	489	30	-7.94376679444	29.832994221	29.9158094332	9.874
1007	0	3	2	1833	114	-7.94376679444	28.9732590802	29.0560742923	4.41
1008	0	3	1	154	9	2.07251244008	27.0712266889	27.0496203702	7.905
1008	0	3	2	1499	93	2.07251244008	28.3956273913	28.3740210726	13.464
1009	0	3	1	1095	68	-5.17945657638	29.091466876	29.1454636518	8.835
1009	0	3	2	2441	152	-5.17945657638	28.1397658102	28.1937625861	9.685
1010	0	3	1	428	26	-0.768631457646	30.3966370759	30.4046501985	14.063
1010	0	3	2	1774	110	-0.768631457646	30.8282051431	30.8362182657	11.842
1011	0	3	1	1269	79	-4.95704951001	28.9504191221	29.0020972639	18.063
1011	0	3	2	2616	163	-4.95704951001	30.3355303769	30.3872085187	12.252
1011	1	3	1	1268	79	-4.95704951001	28.9760838271	29.0277619689	6.772
1011	1	3	2	2618	163	-4.95704951001	28.0813044866	28.1329826284	10.598
1012	0	3	1	1265	79	11.6296791782	31.8490000146	31.7277584961	10.441
1012	0	3	2	2614	163	11.6296791782	31.9883631697	31.8671216513	11.244
1013	0	3	1	960	60	-3.52496096926	27.851769181	27.8885175396	10.063
1013	0	3	2	2306	144	-3.52496096926	25.9447371243	25.9814854828	10.535
1014	0	3	1	557	34	0.65554316185	27.6330633143	27.6262291577	17.307
1014	0	3	2	1906	119	0.65554316185	27.9988789855	27.992044829	8.267
1015	0	3	1	583	36	12.8495993855	31.1353725059	31.0014130976	15.339
1015	0	3	2	1931	120	12.8495993855	31.36820091	31.2342415018	11.04
1017	0	3	1	932	58	11.9071838473	37.7431986708	37.6190641157	16.693
1017	0	3	2	2272	142	11.9071838473	34.9407492001	34.8166146451	6.094
1018	0	3	1	1245	77	-7.93239429631	31.2443121019	31.3270087537	10.725
1018	0	3	2	2596	162	-7.93239429631	32.8801644969	32.9628611487	16.504
1019	0	3	1	809	50	2.77607953807	32.1313508292	32.1024096956	13.15
1019	0	3	2	2151	134	2.77607953807	31.7076459379	31.6787048043	7.937
1020	0	3	1	1006	62	11.3389345143	35.2244194131	35.1062089606	9.937
1020	0	3	2	2350	146	11.3389345143	34.679501087	34.5612906345	10.284
1021	0	3	1	1042	65	14.0127530276	32.5101897951	32.3641042988	4.882
1021	0	3	2	2389	149	14.0127530276	30.5752992713	30.429213775	11.086
1022	0	3	1	1097	68	-0.549050621576	30.7574942591	30.7632182116	7.181
1022	0	3	2	2447	152	-0.549050621576	30.425036515	30.4307604675	12.283
1023	0	3	1	136	8	14.3998682379	30.420249008	30.2701277653	10.504
1023	0	3	2	1477	92	14.3998682379	32.6086381219	32.4585168792	12.662
1024	0	3	1	347	21	-0.884840523391	32.4569153685	32.4661399917	5.748
1024	0	3	2	1691	105	-0.884840523391	32.5183564873	32.5275811105	5.716
1025	0	3	1	1042	65	1.21005301429	28.9855345459	28.9729195233	22.929
1025	0	3	2	2387	149	1.21005301429	29.9080026424	29.8953876199	6.724
1026	0	3	1	280	17	2.98957049982	24.8683346321	24.8371678165	14.976
1026	0	3	2	1624	101	2.98957049982	25.5555096531	25.5243428374	8.221
1027	0	3	1	1254	78	0.16256732515	29.9686604354	29.9669656415	6.473
1027	0	3	2	2599	162	0.16256732515	28.3216115128	28.3199167189	11.843
1028	0	3	1	158	9	12.7520737387	29.9738003942	29.8408577085	4.189
1028	0	3	2	1498	93	12.7520737387	33.1312057225	32.9982630368	13.748
1029	0	3	1	265	16	-0.263427701741	28.0458793242	28.0486256059	12.095
1029	0	3	2	1609	100	-0.263427701741	27.7201142493	27.7228605309	8.189
1030	0	3	1	1001	62	12.4832261167	37.0829454268	36.9528055264	10.536
1030	0	3	2	2349	146	12.4832261167	37.7776886451	37.6475487448	6
1031	0	3	1	1287	80	-0.312555814973	26.5878388597	26.5910973109	16.252
1031	0	3	2	2632	164	-0.312555814973	27.1697862057	27.1730446568	5.906
1032	0	3	1	554	34	-1.81843573289	28.319036377	28.3379938999	13.338
1032	0	3	2	1901	118	-1.81843573289	31.6061197234	31.6250772463	11.323
1034	0	3	1	597	37	-5.04018763226	27.34588509	27.3984299619	9.559
1034	0	3	2	1945	121	-5.04018763226	28.5383587592	28.590903631	10.252
1035	0	3	1	1269	79	-7.45884754754	29.0793311068	29.1570909477	12.882
1035	0	3	2	2618	163	-7.45884754754	29.6476827591	29.7254426	14.189
1036	0	3	1	616	38	10.5219382926	37.3041517717	37.1944586533	13.622
1036	0	3	2	1965	122	10.5219382926	28.1726489404	28.0629558219	8.41
1037	0	3	1	1281	80	5.10118370286	29.3509399328	29.2977591659	15.449
1037	0	3	2	2630	164	5.10118370286	34.0307895126	33.9776087457	11.874
1038	0	3	1	1103	68	6.38480909091	35.2241045614	35.1575417666	8.284
1038	0	3	2	2452	153	6.38480909091	33.1595424449	33.09297965	7.748
1039	0	3	1	811	50	6.67041553398	27.2130079345	27.1434676406	6.095
1039	0	3	2	2152	134	6.67041553398	27.3106541072	27.2411138133	15.228
1040	0	3	1	182	11	-6.45625722319	28.54327851	28.6105861646	8
1040	0	3	2	1527	95	-6.45625722319	29.1701750576	29.2374827122	11.465
1041	0	3	1	74	4	11.387091018	36.6514253698	36.532712877	11.685
1041	0	3	2	1413	88	11.387091018	31.861000868	31.7422883752	9.842
1042	0	3	1	714	44	-6.46886444379	29.7029832027	29.7704222899	6.992
1042	0	3	2	2079	129	-6.46886444379	31.274231685	31.3416707721	12.221
1043	0	3	1	832	52	13.5090935616	43.3889226612	43.2480879063	9.591
1043	0	3	2	2173	135	13.5090935616	43.7180072992	43.5771725443	13.37
1044	0	3	1	449	28	14.668825	31.5492365465	31.3963113807	17.496
1044	0	3	2	1796	112	14.668825	30.1825625191	30.0296373532	4.599
1045	0	3	1	473	29	-4.18760321028	26.4853924068	26.5290489312	10.992
1045	0	3	2	1818	113	-4.18760321028	27.5361347552	27.5797912795	7.149
1046	0	3	1	993	62	2.07457540967	28.1534586641	28.1318308385	7.811
1046	0	3	2	2337	146	2.07457540967	25.1751051974	25.1534773718	9.811
1047	0	3	1	582	36	-5.01268849835	32.0376399638	32.0898981521	10.897
1047	0	3	2	1930	120	-5.01268849835	29.7820118362	29.8342700246	9.748
1048	0	3	1	1234	77	2.71293477826	30.1886319026	30.1603490647	12.646
1048	0	3	2	2585	161	2.71293477826	30.7542738046	30.7259909666	7.134
1049	0	3	1	368	23	-3.01255643333	26.6492541212	26.6806605694	13.339
1049	0	3	2	1721	107	-3.01255643333	29.7812195926	29.8126260408	7.087
1050	0	3	1	807	50	0.243172023173	29.7306612332	29.7281261207	8.567
1050	0	3	2	2148	134	0.243172023173	28.1403695749	28.1378344624	5.386
1051	0	3	1	531	33	-2.36763422929	31.0124448654	31.0371278824	18.031
1051	0	3	2	1879	117	-2.36763422929	26.6273014929	26.6519845099	4.346
1052	0	3	1	810	50	3.22794523183	32.7425530743	32.7089011587	9.433
1052	0	3	2	2153	134	3.22794523183	29.3644435132	29.3307915977	6.834
1053	0	3	1	903	56	14.7420987897	30.5296519599	30.3759629015	17.181
1053	0	3	2	2244	140	14.7420987897	33.0479956615	32.8943066031	6.819
1054	0	3	1	169	10	-6.52698576753	28.3705292135	28.438574226	8.661
1054	0	3	2	1512	94	-6.52698576753	27.034988279	27.1030332915	13.276
1055	0	3	1	87	5	14.4379937641	37.4357054993	37.2851867911	24.898
1055	0	3	2	1427	89	14.4379937641	35.1166357573	34.9661170491	10.252
1056	0	3	1	962	60	-0.182096208331	28.1244436168	28.1263420028	6.709
1056	0	3	2	2305	144	-0.182096208331	30.0954575137	30.0973558998	9.717
1057	0	3	1	489	30	-8.69006654365	29.4508187289	29.5414142515	15.401
1057	0	3	2	1833	114	-8.69006654365	27.9140622614	28.0046577841	5.386
1058	0	3	1	894	55	-0.556446588398	27.5878159253	27.5936169821	16.221
1058	0	3	2	2236	139	-0.556446588398	27.7918251376	27.7976261944	13.905
1059	0	3	1	811	50	-0.897540630531	30.5373193466	30.5466763707	5.433
1059	0	3	2	2153	134	-0.897540630531	31.5374459588	31.5468029829	10.284
1060	0	3	1	833	52	2.63438170122	27.5775603245	27.5500964166	9.685
1060	0	3	2	2175	135	2.63438170122	26.4730916825	26.4456277746	10.992
1061	0	3	1	136	8	5.24845360904	26.9444279085	26.8897118261	15.78
1061	0	3	2	1478	92	5.24845360904	28.468861358	28.4141452755	12.96
1062	0	3	1	597	37	-1.54109572556	27.0065734903	27.0226396932	13.496
1062	0	3	2	1946	121	-1.54109572556	29.0808511127	29.0969173156	15.465
1063	0	3	1	134	8	10.5378853594	29.4970492062	29.3871898367	12.252
1063	0	3	2	1476	92	10.5378853594	29.8491093887	29.7392500192	14.472
1064	0	3	1	1256	78	4.3884451294	30.9501518957	30.9044015579	7.512
1064	0	3	2	2601	162	4.3884451294	30.0388683749	29.9931180371	18.236
1064	1	3	1	1254	78	4.3884451294	29.3963421536	29.3505918158	12.22
1064	1	3	2	2602	162	4.3884451294	31.2932108972	31.2474605594	29.212
1065	0	3	1	158	9	-0.64054795934	28.2159291513	28.2226069801	8.126
1065	0	3	2	1497	93	-0.64054795934	29.1105164581	29.117194287	15.496
1066	0	3	1	1241	77	4.48132849524	29.4153147117	29.3685960479	7.118
1066	0	3	2	2590	161	4.48132849524	29.4601890084	29.4134703447	12.945
1067	0	3	1	892	55	8.55242461146	29.629564283	29.5404037026	11.103
1067	0	3	2	2234	139	8.55242461146	30.791677961	30.7025173806	8.74
1068	0	3	1	917	57	7.93780651262	27.4681856009	27.3854325258	21.937
1068	0	3	2	2260	141	7.93780651262	30.9005617681	30.817808693	9.811
1069	0	3	1	77	4	8.38803856095	32.0942153444	32.0067685184	17.307
1069	0	3	2	1416	88	8.38803856095	30.9628098407	30.8753630146	8.284
1070	0	3	1	594	37	-9.89664015551	26.4715289247	26.5747031965	8.645
1070	0	3	2	1946	121	-9.89664015551	28.7538301282	28.8570043999	8.866
1071	0	3	1	1103	68	3.00457081578	25.9713012741	25.9399780775	12.22
1071	0	3	2	2450	153	3.00457081578	27.0964905246	27.065167328	12.126
1072	0	3	1	210	13	2.65654486448	30.6458942841	30.6181993212	11.086
1072	0	3	2	1553	97	2.65654486448	31.4458986036	31.4182036407	11.197
1073	0	3	1	490	30	-7.72840646268	29.4152141271	29.4957841687	10.252
1073	0	3	2	1837	114	-7.72840646268	26.6231461727	26.7037162143	7.149
1074	0	3	1	1240	77	-10.5113835854	28.777842082	28.8874251657	5.086
1074	0	3	2	2590	161	-10.5113835854	30.448115847	30.5576989307	5.685
1075	0	3	1	1246	77	-4.26026281393	28.3142075309	28.3586215448	10.929
1075	0	3	2	2596	162	-4.26026281393	27.8759577113	27.9203717252	8.032
1077	0	3	1	810	50	7.30793416619	26.6062455202	26.5300589787	15.055
1077	0	3	2	2153	134	7.30793416619	26.6073161505	26.531129609	15.402
1077	1	3	1	802	50	7.30793416619	30.8130627203	30.7368761788	9.528
1077	1	3	2	2152	134	7.30793416619	28.7560304637	28.6798439222	9.149
1078	0	3	1	570	35	-6.60121178188	26.3894649806	26.4582838128	5.968
1078	0	3	2	1918	119	-6.60121178188	25.8597871791	25.9286060113	6.63
1080	0	3	1	918	57	-0.75277670272	32.5304673347	32.5383151686	12.819
1080	0	3	2	2261	141	-0.75277670272	31.1432513314	31.1510991653	6.771
1081	0	3	1	280	17	-4.19711981231	27.8068209559	27.8505766925	4.724
1081	0	3	2	1624	101	-4.19711981231	28.2237680811	28.2675238177	4.645
1082	0	3	1	1250	78	-6.91846172142	28.9253009309	28.9974271514	10.567
1082	0	3	2	2600	162	-6.91846172142	29.577589657	29.6497158775	22.851
1083	0	3	1	87	5	9.99591802313	36.7635496215	36.65934036	26.283
1083	0	3	2	1425	89	9.99591802313	37.8710627525	37.7668534909	11.811
1085	0	3	1	133	8	-2.3689572929	31.1477003855	31.1723971957	5.937
1085	0	3	2	1473	92	-2.3689572929	31.1664914777	31.1911882879	10.535
1086	0	3	1	866	54	1.66196005201	31.428070532	31.4107442965	11.023
1086	0	3	2	2209	138	1.66196005201	35.1421047655	35.12477853	7.622
1087	0	3	1	1248	78	3.72987596451	32.2541751726	32.215290538	6.819
1087	0	3	2	2598	162	3.72987596451	31.3562034174	31.3173187828	21.008
1088	0	3	1	1238	77	0.22320947849	27.2516802306	27.2493532313	9.464
1088	0	3	2	2587	161	0.22320947849	26.4791631091	26.4768361097	11.402
1089	0	3	1	347	21	2.85927476102	30.3448841002	30.3150756413	4.41
1089	0	3	2	1690	105	2.85927476102	29.9483857942	29.9185773353	7.307
1090	0	3	1	919	57	0.918825980215	27.2512703942	27.2416914664	19.165
1090	0	3	2	2263	141	0.918825980215	27.1474470884	27.1378681606	8.536
1091	0	3	1	1022	63	9.15696912752	36.0572025205	35.9617394536	5.906
1091	0	3	2	2368	148	9.15696912752	31.0219075936	30.9264445267	17.591
1092	0	3	1	489	30	3.71199941354	30.9487994787	30.9101012104	14.032
1092	0	3	2	1833	114	3.71199941354	29.9904866871	29.9517884188	13.402
1093	0	3	1	132	8	13.8065641032	33.4023028114	33.258366872	4.63
1093	0	3	2	1473	92	13.8065641032	33.9409776058	33.7970416665	7.905
1094	0	3	1	1265	79	-1.7491	25.1670606974	25.1852953827	15.654
1094	0	3	2	2615	163	-1.7491	25.063992403	25.0822270883	15.402
1095	0	3	1	309	19	-4.75657298735	29.9073294334	29.9569175711	11.291
1095	0	3	2	1653	103	-4.75657298735	30.2328070178	30.2823951555	6.473
1096	0	3	1	141	8	10.2156228579	32.8580957429	32.7515960185	5.905
1096	0	3	2	1482	92	10.2156228579	35.1576230255	35.0511233011	5.276
1097	0	3	1	901	56	1.28274249599	31.6312962797	31.6179234561	10.693
1097	0	3	2	2242	140	1.28274249599	30.5672135013	30.5538406777	5.307
1098	0	3	1	931	58	-1.50214509397	28.1426230435	28.1582831791	9.04
1098	0	3	2	2273	142	-1.50214509397	27.5063124655	27.521972601	8.504
1099	0	3	1	535	33	7.02437692308	35.9251986007	35.851968195	8.945
1099	0	3	2	1893	118	7.02437692308	21.1365749452	21.0633445395	4.094
1100	0	3	1	1081	67	-2.92224216255	30.8359933501	30.8664582556	5.717
1100	0	3	2	2426	151	-2.92224216255	26.3746286391	26.4050935446	6.677
1103	0	3	1	930	58	3.30244500887	32.1450212672	32.1105926779	6.945
1103	0	3	2	2273	142	3.30244500887	29.9403165819	29.9058879926	13.102
1104	0	3	1	347	21	11.2567813187	31.7647877609	31.6474337704	6.094
1104	0	3	2	1691	105	11.2567813187	34.0414770785	33.924123088	5.008
1105	0	3	1	883	55	10.6254863597	30.999459046	30.8886864201	18.536
1105	0	3	2	2223	138	10.6254863597	30.7025535828	30.5917809569	11.181
1106	0	3	1	529	33	12.0271300687	14.4084247621	14.2830397459	9.842
1106	0	3	2	1878	117	12.0271300687	16.0965226262	15.97113761	7.874
1107	0	3	1	597	37	-3.51008389963	23.5149497846	23.551543047	11.78
1107	0	3	2	1945	121	-3.51008389963	25.5262748396	25.562868102	12.063
1108	0	3	1	1264	79	-6.59489610144	28.9440764852	29.0128294753	4.693
1108	0	3	2	2615	163	-6.59489610144	30.6555654299	30.72431842	14.126
1109	0	3	1	505	31	-5.64208767591	29.3145593797	29.3733791688	17.008
1109	0	3	2	1852	115	-5.64208767591	27.3629329016	27.4217526907	15.323
1110	0	3	1	1240	77	0.118294915254	32.141986979	32.140753733	10.33
1110	0	3	2	2590	161	0.118294915254	30.9601395992	30.9589063532	9.401
1111	0	3	1	933	58	2.56466666667	30.0606703225	30.0339332065	9.559
1111	0	3	2	2272	142	2.56466666667	32.3469507094	32.3202135934	26.126
1112	0	3	1	587	36	4.07061769283	22.4627055766	22.4202686475	19.102
1112	0	3	2	1933	120	4.07061769283	26.0064858278	25.9640488987	9.401
1113	0	3	1	932	58	8.4127	27.9899538865	27.9022499605	11.622
1113	0	3	2	2274	142	8.4127	28.1323865017	28.0446825757	9.465
1114	0	3	1	345	21	-0.568793073593	31.1916918579	31.197621629	6.897
1114	0	3	2	1689	105	-0.568793073593	31.3762411865	31.3821709576	5.685
1116	0	3	1	957	59	9.13321891015	51.8833969336	51.788181467	18.157
1116	0	3	2	2299	143	9.13321891015	53.8166384133	53.7214229467	10.094
1117	0	3	1	1021	63	14.8797726048	31.0974402609	30.9423159279	11.622
1117	0	3	2	2365	147	14.8797726048	29.4366707514	29.2815464184	5.591
1119	0	3	1	778	48	12.3191421259	34.0097112253	33.8812819303	8.662
1119	0	3	2	2118	132	12.3191421259	32.9630247038	32.8345954089	13.811
1120	0	3	1	558	34	-1.75474246147	28.9698519757	28.9881454847	12.189
1120	0	3	2	1907	119	-1.75474246147	25.7505482413	25.7688417503	11.528
1121	0	3	1	934	58	-2.82009994561	31.1416171384	31.1710171927	12.929
1121	0	3	2	2285	142	-2.82009994561	29.8923755897	29.921775644	11.906
1122	0	3	1	539	33	5.82729804803	26.1293591323	26.0686084914	11.401
1122	0	3	2	1888	118	5.82729804803	23.7673709092	23.7066202682	11.905
1123	0	3	1	1061	66	13.4000158314	43.9383742137	43.798676614	11.811
1123	0	3	2	2410	150	13.4000158314	33.3535198763	33.2138222766	10.977
1124	0	3	1	76	4	2.12600302614	29.0581334735	29.0359695057	15.622
1124	0	3	2	1416	88	2.12600302614	29.6424713703	29.6203074024	12.094
1125	0	3	1	470	29	5.25575956995	29.1303454502	29.0755532018	9.355
1125	0	3	2	1816	113	5.25575956995	27.7497049132	27.6949126648	9.008
1126	0	3	1	1094	68	13.3235862069	32.6353375781	32.4964367711	11.433
1126	0	3	2	2441	152	13.3235862069	31.0853305252	30.9464297182	5.716
1127	0	3	1	159	9	11.8550201928	49.141009371	49.0174186316	18.347
1127	0	3	2	1504	94	11.8550201928	41.3435289374	41.219938198	9.275
1128	0	3	1	343	21	11.6304304791	34.3970053742	34.2757560233	10
1128	0	3	2	1687	105	11.6304304791	34.4889707573	34.3677214064	12.929
1129	0	3	1	740	46	-5.36717633323	28.2769828185	28.3329366069	7.496
1129	0	3	2	2079	129	-5.36717633323	28.6010423427	28.6569961311	11.103
1130	0	3	1	496	31	-2.956038896	30.1380519776	30.1688692202	6.536
1130	0	3	2	1850	115	-2.956038896	26.1725459806	26.2033632232	6.582
1131	0	3	1	1279	79	14.9434082207	29.3044299276	29.1486421818	10.693
1131	0	3	2	2628	164	14.9434082207	29.806428389	29.6506406432	8.346
1132	0	3	1	598	37	-2.67147894737	29.5580480637	29.5858987171	10.52
1132	0	3	2	1948	121	-2.67147894737	27.0514322844	27.0792829378	14.33
1133	0	3	1	428	26	-4.84301380024	28.2126180289	28.2631073278	5.291
1133	0	3	2	1774	110	-4.84301380024	30.3876880183	30.4381773171	12.74
1134	0	3	1	941	58	-6.42913608044	33.7008685188	33.7678934305	15.307
1134	0	3	2	2285	142	-6.42913608044	32.5379361867	32.6049610984	8.284
1135	0	3	1	1003	62	12.3492553915	31.1131827935	30.9844395623	14.284
1135	0	3	2	2350	146	12.3492553915	30.253431185	30.1246879538	9.591
1135	1	3	1	1000	62	12.3492553915	25.306114671	25.1773714398	17.37
1135	1	3	2	2344	146	12.3492553915	32.2899912265	32.1612479953	9.04
1136	0	3	1	962	60	2.51846506188	30.8441871413	30.8179316855	5.024
1136	0	3	2	2305	144	2.51846506188	27.8152223185	27.7889668626	15.78
1137	0	3	1	1061	66	-6.10261102871	30.3900393839	30.4536602127	10.347
1137	0	3	2	2391	149	-6.10261102871	31.8804999991	31.9441208279	11.527
1140	0	3	1	1287	80	4.44542352941	33.2372016941	33.1908573461	8.519
1140	0	3	2	2637	164	4.44542352941	32.1762417711	32.1298974231	10.504
1142	0	3	1	1246	77	9.17833850007	29.0285573489	28.9328715024	8.772
1142	0	3	2	2598	162	9.17833850007	27.8852931472	27.7896073008	23.969
1144	0	3	1	505	31	-0.512671735208	28.3344596995	28.3398043955	13.071
1144	0	3	2	1851	115	-0.512671735208	25.9941032103	25.9994479063	8.378
1145	0	3	1	1040	65	-1.98931698375	26.1065605221	26.1272995131	5.622
1145	0	3	2	2394	149	-1.98931698375	29.8944153737	29.9151543647	7.622
1146	0	3	1	1046	65	12.3224278918	27.6694233256	27.5409597759	23.654
1146	0	3	2	2400	150	12.3224278918	31.9334178169	31.8049542673	15.37
1147	0	3	1	1071	66	8.30316731359	30.6082218121	30.5216597843	4.693
1147	0	3	2	2417	151	8.30316731359	30.9048623243	30.8183002964	8.756
1148	0	3	1	1224	76	10.7862162142	30.1991409758	30.086692712	9.37
1148	0	3	2	2571	160	10.7862162142	32.8413918991	32.7289436353	13.103
1148	1	3	1	1227	76	10.7862162142	28.1613677015	28.0489194377	17.37
1148	1	3	2	2579	161	10.7862162142	29.794422743	29.6819744792	16.347
1149	0	3	1	1255	78	-1.97513271148	28.0101410436	28.030732161	8.913
1149	0	3	2	2603	162	-1.97513271148	28.6262542943	28.6468454117	18.803
1150	0	3	1	280	17	12.5441429609	27.6128658344	27.4820908649	11.433
1150	0	3	2	1624	101	12.5441429609	27.0378164222	26.9070414527	16.63
1151	0	3	1	555	34	-3.80371124919	26.8579506612	26.8976050421	6.536
1151	0	3	2	1894	118	-3.80371124919	31.1308642808	31.1705186616	14.346
1152	0	3	1	235	14	11.3867561502	31.3403999427	31.221690941	8.567
1152	0	3	2	1578	98	11.3867561502	34.1592409276	34.0405319258	5.464
1153	0	3	1	544	34	-1.40851619505	34.0274215694	34.0421056066	5.37
1153	0	3	2	1892	118	-1.40851619505	33.3632068323	33.3778908695	12.032
1154	0	3	1	966	60	8.51374551177	31.8247186372	31.7359612934	9.591
1154	0	3	2	2310	144	8.51374551177	29.8628798399	29.7741224961	5.212
1156	0	3	1	997	62	1.70976408495	24.779922048	24.7620974467	6.314
1156	0	3	2	2342	146	1.70976408495	27.8877105704	27.8698859691	6.126
1158	0	3	1	749	46	2.43973570147	31.3026666643	31.2772319763	14.346
1158	0	3	2	2078	129	2.43973570147	30.5232293565	30.4977946685	10.63
1159	0	3	1	1049	65	3.64539402985	36.6770114756	36.6390075805	22.74
1159	0	3	2	2389	149	3.64539402985	36.3471540009	36.3091501058	6.095
1160	0	3	1	1223	76	2.56326266794	27.5288827367	27.5021602577	16.961
1160	0	3	2	2573	160	2.56326266794	27.9956892553	27.9689667763	9.212
1162	0	3	1	134	8	8.70540952381	33.0162226353	32.9254671593	10.094
1162	0	3	2	1481	92	8.70540952381	32.8900009837	32.7992455078	8
1163	0	3	1	211	13	-3.2060448701	27.1944403132	27.2278639135	12.378
1163	0	3	2	1554	97	-3.2060448701	26.1421625899	26.1755861902	9.811
1164	0	3	1	1238	77	-4.01150277644	31.7557209753	31.7975416206	5.968
1164	0	3	2	2587	161	-4.01150277644	30.9386174869	30.9804381322	10.977
1165	0	3	1	1026	64	-1.9160142395	46.5541457795	46.5741205761	7.292
1165	0	3	2	2379	148	-1.9160142395	38.3303610617	38.3503358583	9.748
1166	0	3	1	1264	79	-1.14659022747	29.1257580414	29.1377114529	7.842
1166	0	3	2	2614	163	-1.14659022747	29.0333626067	29.0453160182	12.473
1167	0	3	1	1242	77	-2.86765158397	25.7041983519	25.7340941407	6.662
1167	0	3	2	2590	161	-2.86765158397	26.8774575261	26.9073533149	6.818
1168	0	3	1	491	30	10.9812158804	29.7167498621	29.6022686914	14.473
1168	0	3	2	1835	114	10.9812158804	31.2044457335	31.0899645628	7.307
1169	0	3	1	806	50	0.983403900178	29.9036480711	29.8933959068	13.339
1169	0	3	2	2148	134	0.983403900178	27.4331589682	27.4229068038	7.433
1170	0	3	1	489	30	13.9412289712	34.7576169174	34.6122770723	6.441
1170	0	3	2	1833	114	13.9412289712	29.6243899679	29.4790501229	13.307
1171	0	3	1	582	36	6.13380213634	28.6408796303	28.5769336286	5.37
1171	0	3	2	1931	120	6.13380213634	29.2181210526	29.1541750509	7.591
1172	0	3	1	333	20	12.4718218861	30.9641634234	30.8341424142	5.244
1172	0	3	2	1678	104	12.4718218861	31.0851348493	30.9551138401	9.197
1173	0	3	1	1275	79	12.5853728724	27.988166231	27.8569614321	8.693
1173	0	3	2	2624	164	12.5853728724	31.5206362716	31.3894314727	11.244
1174	0	3	1	577	36	3.45667239342	34.9617892003	34.9257527625	7.874
1174	0	3	2	1924	120	3.45667239342	33.4443052698	33.408268832	4.315
1175	0	3	1	347	21	-0.506549366512	25.1413044352	25.1465853044	10.095
1175	0	3	2	1691	105	-0.506549366512	27.6951365957	27.7004174648	4.788
1176	0	3	1	167	10	0.698151724138	27.626725501	27.6194471424	13.149
1176	0	3	2	1509	94	0.698151724138	29.9076173423	29.9003389837	14.851
1177	0	3	1	1254	78	-8.26280599143	28.5448003946	28.6309416484	9.779
1177	0	3	2	2598	162	-8.26280599143	30.1098019756	30.1959432294	4
1178	0	3	1	903	56	1.37521913876	29.5535298186	29.5391929092	8.157
1178	0	3	2	2244	140	1.37521913876	26.9123652529	26.8980283435	7.748
1179	0	3	1	1221	76	3.97563157786	31.3120644936	31.2706178121	5.685
1179	0	3	2	2571	160	3.97563157786	29.7603417844	29.7188951029	10.126
1180	0	3	1	429	26	-0.322275253132	29.3906123314	29.3939721095	5.78
1180	0	3	2	1774	110	-0.322275253132	31.7861418379	31.789501616	10.157
1181	0	3	1	506	31	-2.82649007894	29.9683382844	29.9978049571	7.559
1181	0	3	2	1853	115	-2.82649007894	32.2034525539	32.2329192265	11.086
1182	0	3	1	807	50	13.5200984965	25.9853215763	25.844372093	5.181
1182	0	3	2	2148	134	13.5200984965	25.5028108347	25.3618613514	16.063
1183	0	3	1	1244	77	-7.5521032122	33.2161862223	33.2949182704	7.874
1183	0	3	2	2599	162	-7.5521032122	31.3807642644	31.4594963125	18.693
1184	0	3	1	739	46	-0.979315320518	26.8947644266	26.9049739667	15.023
1184	0	3	2	2078	129	-0.979315320518	26.2328425242	26.2430520644	11.969
1185	0	3	1	1061	66	10.6098237142	38.6554988782	38.5448895383	15.244
1185	0	3	2	2401	150	10.6098237142	32.2489442394	32.1383348994	8.961
1186	0	3	1	932	58	7.94013373282	27.6227616566	27.5399843198	4.284
1186	0	3	2	2286	142	7.94013373282	33.8694194061	33.7866420692	9.748
1188	0	3	1	902	56	13.0030842937	32.8271412954	32.691581779	7.842
1188	0	3	2	2242	140	13.0030842937	30.5073658033	30.371806287	4.898
1189	0	3	1	1062	66	11.0934790957	31.6912116284	31.5755600932	5.213
1189	0	3	2	2411	150	11.0934790957	30.5437299064	30.4280783712	10.158
1190	0	3	1	520	32	-0.911357307425	30.5504815576	30.5599826231	8.662
1190	0	3	2	1867	116	-0.911357307425	30.2905716296	30.3000726951	8.22
1191	0	3	1	488	30	-2.14153921433	27.278692723	27.3010186584	11.559
1191	0	3	2	1833	114	-2.14153921433	27.9046847298	27.9270106652	15.528
1192	0	3	1	157	9	10.3264753863	30.4943727843	30.3867174021	10.898
1192	0	3	2	1497	93	10.3264753863	31.596968598	31.4893132159	19.59
1193	0	3	1	526	32	0.636920734804	29.2360690332	29.2294290189	12.347
1193	0	3	2	1874	117	0.636920734804	30.8038241379	30.7971841235	7.779
1194	0	3	1	938	58	-5.51231874191	29.0515823072	29.1090492316	7.087
1194	0	3	2	2282	142	-5.51231874191	32.8250595729	32.8825264973	8.756
1195	0	3	1	1237	77	14.3735828207	31.3410432411	31.1911960286	11.118
1195	0	3	2	2587	161	14.3735828207	32.8298583697	32.6800111572	10.551
1196	0	3	1	1061	66	12.2203795181	32.0081279712	31.8807282944	19.78
1196	0	3	2	2407	150	12.2203795181	34.6484785482	34.5210788714	12.441
1197	0	3	1	1067	66	11.3173577192	30.8591659972	30.7411804867	9.937
1197	0	3	2	2413	150	11.3173577192	28.6379255537	28.5199400432	16.787
1198	0	3	1	587	36	-3.35517065	40.5639824809	40.5989607445	20.157
1198	0	3	2	1938	121	-3.35517065	41.5347663686	41.5697446323	15.685
1199	0	3	1	1290	80	-7.23829351552	30.0605877512	30.1360482763	15.654
1199	0	3	2	2642	165	-7.23829351552	30.7859591522	30.8614196772	12.315
1200	0	3	1	1055	65	-1.49897818233	26.2294854098	26.2451125297	11.843
1200	0	3	2	2392	149	-1.49897818233	25.7733448991	25.788972019	5.622
1201	0	3	1	919	57	-5.72848672263	35.8862219551	35.94594247	6.646
1201	0	3	2	2272	142	-5.72848672263	25.8710423463	25.9307628612	7.212
1202	0	3	1	1003	62	-0.373553547697	33.7359139094	33.739808273	10.897
1202	0	3	2	2350	146	-0.373553547697	31.383008723	31.3869030866	4.882
1203	0	3	1	282	17	8.2549781457	31.1842620824	31.0982024353	14.22
1203	0	3	2	1626	101	8.2549781457	29.8766123571	29.7905527101	10.126
1204	0	3	1	478	29	-2.41765003479	27.416979746	27.4421841869	9.717
1204	0	3	2	1826	114	-2.41765003479	27.4397112883	27.4649157292	6.063
1205	0	3	1	1240	77	-5.09829957344	29.0068117326	29.059962432	12.347
1205	0	3	2	2590	161	-5.09829957344	30.0362914615	30.0894421609	11.874
1206	0	3	1	1251	78	-1.69266329668	25.0806059624	25.0982522848	5.559
1206	0	3	2	2600	162	-1.69266329668	25.4631599825	25.4808063049	17.717
1207	0	3	1	299	18	11.1842169794	33.1658178625	33.0492203684	5.811
1207	0	3	2	1643	102	11.1842169794	31.7218869025	31.6052894085	7.496
1208	0	3	1	594	37	-11.066830086	26.493385625	26.6087593394	5.496
1208	0	3	2	1945	121	-11.066830086	26.7533918521	26.8687655665	11.433
1209	0	3	1	550	34	14.6293477534	31.6680892794	31.515575671	6.189
1209	0	3	2	1897	118	14.6293477534	30.3210783177	30.1685647094	12.535
1210	0	3	1	802	50	7.04883242471	29.6830881363	29.6096027776	10.835
1210	0	3	2	2154	134	7.04883242471	27.642186074	27.5687007153	10.929
1211	0	3	1	1064	66	-4.77133615765	32.6097050858	32.6594471322	4.063
1211	0	3	2	2411	150	-4.77133615765	32.0682604477	32.1180024941	4.488
1212	0	3	1	1279	79	-3.90690818348	30.5558970673	30.596627295	4.882
1212	0	3	2	2629	164	-3.90690818348	29.7461153192	29.7868455468	11.937
1213	0	3	1	486	30	-0.526740507294	27.8383400997	27.8438314652	11.103
1213	0	3	2	1831	114	-0.526740507294	29.1173198674	29.1228112329	9.071
1215	0	3	1	807	50	-1.02816704104	35.3213337718	35.3320526	7.339
1215	0	3	2	2149	134	-1.02816704104	31.3711570685	31.3818758967	11.843
1217	0	3	1	446	27	3.99939414461	45.575001718	45.5333073074	4.252
1217	0	3	2	1782	111	3.99939414461	48.8325656791	48.7908712685	12.126
1218	0	3	1	1269	79	10.7821705596	30.83065174	30.7182456529	11.685
1218	0	3	2	2624	164	10.7821705596	31.8151229744	31.7027168872	7.968
1220	0	3	1	602	37	-12.0108647797	32.3936021042	32.5188175518	12.488
1220	0	3	2	1952	122	-12.0108647797	32.1373104088	32.2625258564	7.118
1221	0	3	1	550	34	-6.52172869722	30.3774238355	30.4454140421	11.055
1221	0	3	2	1897	118	-6.52172869722	28.7622055088	28.8301957154	7.055
1222	0	3	1	247	15	5.33113276482	30.7627871371	30.7072091094	11.338
1222	0	3	2	1589	99	5.33113276482	31.2556280077	31.20004998	15.212
1223	0	3	1	939	58	-4.23545580512	33.6423832817	33.686538678	9.685
1223	0	3	2	2284	142	-4.23545580512	28.4407655358	28.4849209321	12.504
1224	0	3	1	1094	68	0.594792167591	37.2178701651	37.2116693487	6.347
1224	0	3	2	2431	151	0.594792167591	27.2942173022	27.2880164857	7.134
1225	0	3	1	810	50	1.1832069623	33.0666854032	33.0543502556	5.527
1225	0	3	2	2151	134	1.1832069623	31.5845184756	31.572183328	11.748
1225	1	3	1	802	50	1.1832069623	34.7630441813	34.7507090337	8.315
1225	1	3	2	2152	134	1.1832069623	29.3928991494	29.3805640018	5.559
1226	0	3	1	459	28	-5.89427478934	29.2894530511	29.3509019367	5.622
1226	0	3	2	1805	112	-5.89427478934	28.0905823116	28.1520311972	9.968
1227	0	3	1	1256	78	-1.70559799366	28.2500108463	28.2677920153	5.433
1227	0	3	2	2602	162	-1.70559799366	26.5855552653	26.6033364343	8.536
1228	0	3	1	802	50	-0.12000509395	31.3137679558	31.3150190308	11.748
1228	0	3	2	2154	134	-0.12000509395	30.1358863793	30.1371374542	4.22
1229	0	3	1	1049	65	3.27637408693	33.4198086687	33.3856518735	21.165
1229	0	3	2	2389	149	3.27637408693	29.6758808646	29.6417240695	18.126
1230	0	3	1	1218	76	10.2179617706	36.2804487421	36.1739246342	7.748
1230	0	3	2	2568	160	10.2179617706	35.0694758322	34.9629517242	7.386
1231	0	3	1	992	62	14.1424612456	34.4760880517	34.3286503236	6.221
1231	0	3	2	2345	146	14.1424612456	31.4059252947	31.2584875666	10.346
1232	0	3	1	833	52	-1.11905166065	27.1558675952	27.1675339121	9.968
1232	0	3	2	2174	135	-1.11905166065	27.2167018866	27.2283682034	5.811
1233	0	3	1	1233	77	-9.55324285714	28.4138658636	28.5134601561	4.819
1233	0	3	2	2582	161	-9.55324285714	28.6425598524	28.7421541449	11.763
1234	0	3	1	490	30	1.60540144717	28.1334716161	28.1167350143	14.33
1234	0	3	2	1835	114	1.60540144717	27.9288045908	27.9120679891	13.086
1235	0	3	1	226	14	4.31453357065	30.5655475688	30.5205677725	6.095
1235	0	3	2	1569	98	4.31453357065	32.3727366329	32.3277568365	10.536
1236	0	3	1	440	27	-9.06751836342	47.9237044216	48.018234948	4.819
1236	0	3	2	1787	111	-9.06751836342	47.5581345645	47.652665091	8.095
1237	0	3	1	523	32	13.2278127631	29.32376896	29.1858666086	10.583
1237	0	3	2	1869	116	13.2278127631	27.4457423434	27.307839992	13.244
1238	0	3	1	1057	66	6.64464907836	35.3310515821	35.2617799082	7.842
1238	0	3	2	2403	150	6.64464907836	35.4224845363	35.3532128623	14.441
1239	0	3	1	773	48	11.6452655207	35.4140150192	35.2926110103	5.937
1239	0	3	2	2114	132	11.6452655207	32.6193187882	32.4979147793	14
1240	0	3	1	1060	66	-3.11333454237	27.4582443621	27.4907014404	5.118
1240	0	3	2	2410	150	-3.11333454237	30.2126091292	30.2450662074	8.126
1242	0	3	1	577	36	-2.4649	28.93583801	28.9615350404	6.126
1242	0	3	2	1926	120	-2.4649	28.2780639623	28.3037609926	6.835
1243	0	3	1	612	38	4.62429057613	12.6376268723	12.5894178029	6.473
1243	0	3	2	1957	122	4.62429057613	14.2034214711	14.1552124017	8.473
1244	0	3	1	581	36	14.4666858171	33.3526793029	33.2018614748	4.662
1244	0	3	2	1927	120	14.4666858171	33.8786919253	33.7278740972	4.283
1245	0	3	1	583	36	11.8546820376	30.1430319059	30.0194446918	8.945
1245	0	3	2	1930	120	11.8546820376	28.904274957	28.7806877429	12.031
1246	0	3	1	413	25	-7.79729298246	28.3033018283	28.3845900243	4.85
1246	0	3	2	1760	110	-7.79729298246	30.6736167056	30.7549049017	5.496
1247	0	3	1	802	50	11.245231032	17.6915874921	17.5743539155	12.095
1247	0	3	2	2152	134	11.245231032	29.4839717407	29.3667381641	10.693
1248	0	3	1	82	5	-3.2310155329	34.5971082701	34.630792194	10.126
1248	0	3	2	1421	88	-3.2310155329	30.9143709386	30.9480548625	10.315
1249	0	3	1	554	34	5.4897	31.5969875623	31.5397564424	5.212
1249	0	3	2	1901	118	5.4897	32.6337006219	32.576469502	12.315
1250	0	3	1	491	30	7.73709353368	31.5801349995	31.4994743937	12.819
1250	0	3	2	1837	114	7.73709353368	32.007411827	31.9267512212	8.283
1251	0	3	1	157	9	11.8002804107	31.0690935669	30.9460734996	12.063
1251	0	3	2	1495	93	11.8002804107	31.7666832237	31.6436631564	12.126
1252	0	3	1	962	60	-2.88981759741	29.204812385	29.2349392585	13.181
1252	0	3	2	2308	144	-2.88981759741	30.0031955165	30.03332239	8.063
1254	0	3	1	1012	63	12.2834662338	38.664135716	38.5360783487	13.874
1254	0	3	2	2356	147	12.2834662338	34.6598287973	34.53177143	13.024
1255	0	3	1	132	8	5.2276704765	30.1778310317	30.1233316171	13.937
1255	0	3	2	1473	92	5.2276704765	31.3535495915	31.299050177	9.276
1256	0	3	1	1021	63	7.29959230769	36.8907620569	36.8146624808	9.087
1256	0	3	2	2366	147	7.29959230769	34.9416415181	34.8655419421	8.567
1257	0	3	1	739	46	7.68182450942	32.315781399	32.2356969828	4.85
1257	0	3	2	2074	129	7.68182450942	32.1793658591	32.0992814428	4.457
1258	0	3	1	488	30	7.69157750803	30.2796990306	30.1995129376	14.189
1258	0	3	2	1833	114	7.69157750803	32.1634471704	32.0832610774	8.945
1259	0	3	1	211	13	-1.8250182307	25.6579830391	25.6770091857	4.189
1259	0	3	2	1555	97	-1.8250182307	28.741136231	28.7601623777	6.992
1261	0	3	1	487	30	-5.36043478261	31.6891232777	31.7450067843	7.338
1261	0	3	2	1830	114	-5.36043478261	29.7196453906	29.7755288972	7.276
1262	0	3	1	602	37	8.45176666667	16.20872277	16.1206115669	16.551
1262	0	3	2	1952	122	8.45176666667	16.9089427376	16.8208315345	6.85
1263	0	3	1	737	46	0.00446705510291	25.3168176059	25.316771036	4.284
1263	0	3	2	2077	129	0.00446705510291	29.3395986865	29.3395521167	12.031
1264	0	3	1	1223	76	-13.849576235	41.7393747707	41.8837591193	13.842
1264	0	3	2	2574	160	-13.849576235	41.9158577801	42.0602421287	16.897
1265	0	3	1	298	18	11.6142453849	32.4397247384	32.31864412	9.779
1265	0	3	2	1642	102	11.6142453849	32.6909390633	32.5698584449	9.906
1266	0	3	1	137	8	4.3412201398	30.5760967783	30.5308387696	8.504
1266	0	3	2	1483	92	4.3412201398	34.1105883438	34.0653303351	7.748
1267	0	3	1	210	13	13.0857882461	29.8212921785	29.6848704585	7.008
1267	0	3	2	1552	97	13.0857882461	30.6492656225	30.5128439025	9.906
1268	0	3	1	170	10	-1.95440926942	30.8828549356	30.9032300073	5.402
1268	0	3	2	1512	94	-1.95440926942	30.3996802678	30.4200553395	8.992
1269	0	3	1	1245	77	13.2858412091	31.0676048346	30.929097526	5.087
1269	0	3	2	2587	161	13.2858412091	32.768382272	32.6298749635	9.905
1269	1	3	1	1250	78	13.2858412091	31.3468054739	31.2082981654	4.693
1269	1	3	2	2598	162	13.2858412091	31.5783737153	31.4398664068	4.063
1270	0	3	1	1080	67	-10.7260282675	36.9902084923	37.1020292858	5.842
1270	0	3	2	2426	151	-10.7260282675	38.4612564669	38.5730772604	13.213
1271	0	3	1	471	29	11.8839583486	31.2923034512	31.1684110262	6.788
1271	0	3	2	1817	113	11.8839583486	33.6681460366	33.5442536116	8.63
1272	0	3	1	965	60	12.8707334926	31.0713521609	30.9371724257	19.37
1272	0	3	2	2310	144	12.8707334926	31.1488568662	31.014677131	4.662
1273	0	3	1	411	25	-6.01031448263	30.1787276181	30.2413862387	8.724
1273	0	3	2	1755	109	-6.01031448263	29.6966914123	29.7593500328	6.835
1274	0	4	1	78	4	1.83582581389	28.4070132115	28.3878743938	8.724
1274	0	4	2	1417	88	1.83582581389	30.8551223889	30.8359835712	10.378
1275	0	4	1	809	50	13.8994967522	35.149296735	35.004391956	12.929
1275	0	4	2	2152	134	13.8994967522	33.8565266818	33.7116219027	9.149
1276	0	4	1	1217	76	14.3373117338	35.390105952	35.2406368722	7.418
1276	0	4	2	2567	160	14.3373117338	34.1717008336	34.0222317538	11.37
1277	0	4	1	1000	62	-4.67139781519	41.801585776	41.850285947	27.842
1277	0	4	2	2338	146	-4.67139781519	29.0670148958	29.1157150668	8.441
1279	0	4	1	84	5	3.4071616145	28.3114655563	28.2759452774	19.78
1279	0	4	2	1422	88	3.4071616145	29.7692781581	29.7337578793	5.086
1280	0	4	1	262	16	14.9162718425	33.168002479	33.0124976349	17.653
1280	0	4	2	1605	100	14.9162718425	30.6035835043	30.4480786601	8.315
1282	0	4	1	960	60	-8.47462428081	34.1528430363	34.2411925342	12.473
1282	0	4	2	2310	144	-8.47462428081	40.417741735	40.5060912329	4.63
1283	0	4	1	1257	78	4.95533085615	30.7009946413	30.6493344168	5.086
1283	0	4	2	2609	163	4.95533085615	32.3323798562	32.2807196317	17.118
1284	0	4	1	383	23	1.1143721519	27.6320765722	27.6204590401	6.063
1284	0	4	2	1728	108	1.1143721519	27.0767203321	27.0651028	12.252
1285	0	4	1	1000	62	-5.04933594222	42.7371141886	42.7897544332	11.292
1285	0	4	2	2342	146	-5.04933594222	30.1301842671	30.1828245118	6.803
1286	0	4	1	876	54	6.18388425888	29.4049899326	29.3405218157	9.654
1286	0	4	2	2217	138	6.18388425888	30.2545840989	30.190115982	9.905
1287	0	4	1	167	10	-0.857601083787	30.8893687265	30.8983093736	6.094
1287	0	4	2	1509	94	-0.857601083787	26.5487235492	26.5576641963	4.693
1288	0	4	1	935	58	-4.09959488075	44.4709022024	44.5136412239	22.158
1288	0	4	2	2276	142	-4.09959488075	44.6534365632	44.6961755847	6.914
1289	0	4	1	174	10	-3.30790901565	29.5484736005	29.582959153	10.126
1289	0	4	2	1515	94	-3.30790901565	30.0907329293	30.1252184818	18.031
1291	0	4	1	1004	62	11.5388070764	30.790105627	30.6698114667	10.189
1291	0	4	2	2350	146	11.5388070764	32.1674790624	32.0471849021	10.535
1292	0	4	1	583	36	-8.72033586124	41.5280073133	41.6189183991	25.874
1292	0	4	2	1931	120	-8.72033586124	29.2899462618	29.3808573476	12.693
1294	0	4	1	1233	77	-0.818332567664	31.8226750071	31.8312062728	6.268
1294	0	4	2	2584	161	-0.818332567664	32.1045291599	32.1130604256	10.693
1295	0	4	1	1001	62	-2.47826752136	29.5393704755	29.5652068647	5.481
1295	0	4	2	2345	146	-2.47826752136	29.3425096885	29.3683460776	7.937
1296	0	4	1	1236	77	-5.43402647837	26.7232830183	26.7799337317	11.244
1296	0	4	2	2582	161	-5.43402647837	28.3453682556	28.4020189689	7.134
1297	0	4	1	879	54	0.25528327614	31.4100177525	31.407356378	9.197
1297	0	4	2	2220	138	0.25528327614	30.9899795978	30.9873182232	5.811
1298	0	4	1	1236	77	14.3226342923	30.4480150632	30.2986989984	13.937
1298	0	4	2	2585	161	14.3226342923	28.9840252382	28.8347091734	12.882
1299	0	4	1	139	8	-1.52047562667	29.0576086061	29.0734598407	7.969
1299	0	4	2	1479	92	-1.52047562667	27.281648603	27.2974998376	8.031
1300	0	4	1	1098	68	-0.644322222222	27.1694097217	27.1761268979	12.126
1300	0	4	2	2446	152	-0.644322222222	29.8871709403	29.8938881166	8.126
1301	0	4	1	289	18	3.86845617343	30.7234464003	30.6831170419	16.835
1301	0	4	2	1634	102	3.86845617343	32.7546013749	32.7142720164	9.842
1302	0	4	1	811	50	-3.51021735954	32.5714277413	32.6080223951	6.504
1302	0	4	2	2154	134	-3.51021735954	30.5399051534	30.5764998071	4.882
1303	0	4	1	584	36	-7.91084142519	28.9049270403	28.9873989995	6.693
1303	0	4	2	1933	120	-7.91084142519	29.1841934054	29.2666653646	10.158
1304	0	4	1	997	62	-0.517777419355	28.021872113	28.0272700367	7.149
1304	0	4	2	2343	146	-0.517777419355	26.9064731458	26.9118710694	6.819
1305	0	4	1	1242	77	-9.57776835813	27.0646548859	27.1645048612	10.063
1305	0	4	2	2597	162	-9.57776835813	34.3256712107	34.4255211861	9.685
1306	0	4	1	1103	68	-4.53731078976	39.6348973386	39.682199628	10.032
1306	0	4	2	2449	153	-4.53731078976	38.0366404681	38.0839427575	10.221
1307	0	4	1	617	38	-3.95796969697	34.6081641588	34.649426712	16.031
1307	0	4	2	1968	123	-3.95796969697	30.1557350592	30.1969976125	9.118
1308	0	4	1	737	46	13.4762961846	32.230100965	32.0896081287	13.465
1308	0	4	2	2078	129	13.4762961846	33.7143892458	33.5738964095	10
1309	0	4	1	1095	68	-1.54820449317	32.223701634	32.2398419471	9.244
1309	0	4	2	2442	152	-1.54820449317	31.8581052038	31.874245517	5.622
1310	0	4	1	1234	77	-9.21909003883	27.7729566828	27.8690673714	8.882
1310	0	4	2	2582	161	-9.21909003883	29.0172140415	29.1133247302	11.528
1311	0	4	1	1061	66	3.47048546411	27.3689310637	27.3327506221	27.15
1311	0	4	2	2408	150	3.47048546411	29.9337835884	29.8976031468	11.071
1312	0	4	1	737	46	8.10975323546	42.3650839586	42.2805383077	11.527
1312	0	4	2	2077	129	8.10975323546	43.9232765766	43.8387309256	6.063
1313	0	4	1	929	58	12.9189593336	37.987133067	37.8524505687	8.158
1313	0	4	2	2272	142	12.9189593336	32.3780524021	32.2433699038	9.653
1314	0	4	1	139	8	3.53870390157	32.8047029346	32.7678113035	7.496
1314	0	4	2	1480	92	3.53870390157	29.3785950138	29.3417033826	16.725
1315	0	4	1	343	21	3.35586666667	31.8946872242	31.8597017044	5.843
1315	0	4	2	1687	105	3.35586666667	32.6636245483	32.6286390285	6.976
1316	0	4	1	978	61	-1.84791381342	32.4500335336	32.4692983708	8.409
1316	0	4	2	2323	145	-1.84791381342	28.5063692024	28.5256340396	4.914
1317	0	4	1	1000	62	3.60933682488	30.3228164656	30.2851884734	11.653
1317	0	4	2	2344	146	3.60933682488	31.2230666046	31.1854386124	9.071
1318	0	4	1	917	57	-1.96579773293	33.0348027187	33.0552965173	13.181
1318	0	4	2	2261	141	-1.96579773293	29.5904405628	29.6109343613	8.945
1319	0	4	1	491	30	10.382374973	32.136496653	32.0282585075	9.15
1319	0	4	2	1837	114	10.382374973	29.5108857715	29.402647626	11.654
1322	0	4	1	598	37	-9.41442326698	27.5215731494	27.6197202225	11.229
1322	0	4	2	1947	121	-9.41442326698	26.0285221979	26.126669271	10.441
1323	0	4	1	1245	77	10.9368194727	31.4719818041	31.357963474	4.409
1323	0	4	2	2599	162	10.9368194727	30.1118236285	29.9978052984	18.63
1324	0	4	1	915	57	-2.85335212598	42.5089511804	42.5386978948	4.835
1324	0	4	2	2269	141	-2.85335212598	31.3947720138	31.4245187282	6.126
1325	0	4	1	918	57	10.9926978323	34.8106698574	34.6960689852	5.134
1325	0	4	2	2282	142	10.9926978323	27.3667841174	27.2521832453	4.977
1326	0	4	1	1255	78	8.33114871738	31.7362140076	31.6493602686	7.969
1326	0	4	2	2602	162	8.33114871738	29.4524873099	29.3656335708	25.496
1327	0	4	1	810	50	13.5154021474	33.510281946	33.3693814229	12.709
1327	0	4	2	2153	134	13.5154021474	31.309635175	31.1687346519	6.551
1328	0	4	1	1227	76	7.03440527279	28.9139143573	28.8405794043	9.622
1328	0	4	2	2579	161	7.03440527279	29.9455556289	29.8722206758	7.906
1329	0	4	1	1098	68	-6.79465494699	28.746059937	28.8168954494	7.59
1329	0	4	2	2445	152	-6.79465494699	30.0365067935	30.1073423059	5.181
1331	0	4	1	1265	79	-6.28328237489	28.3278192525	28.3933236129	7.748
1331	0	4	2	2617	163	-6.28328237489	30.3497500724	30.4152544328	6.409
1332	0	4	1	286	17	-2.48334175933	34.7300771239	34.755966413	13.559
1332	0	4	2	1630	101	-2.48334175933	35.9868617811	36.0127510702	5.087
1333	0	4	1	1244	77	7.87037255383	34.3820927482	34.3000426843	10.819
1333	0	4	2	2594	162	7.87037255383	32.3472348225	32.2651847587	18.882
1334	0	4	1	487	30	-5.9961322081	31.6482672925	31.7107780602	11.653
1334	0	4	2	1831	114	-5.9961322081	30.1554543358	30.2179651035	8.378
1335	0	4	1	490	30	-5.21481363989	29.8625267673	29.916892147	10.158
1335	0	4	2	1834	114	-5.21481363989	28.4686626696	28.5230280493	10.866
1336	0	4	1	763	47	10.7957956284	33.247458175	33.134910044	13.559
1336	0	4	2	2103	131	10.7957956284	33.3409026435	33.2283545125	10.898
1337	0	4	1	993	62	13.9038332235	25.660578266	25.5156282784	14.851
1337	0	4	2	2340	146	13.9038332235	28.8860739599	28.7411239723	16.41
1338	0	4	1	1009	63	5.50753697853	26.7567794136	26.6993623399	10.031
1338	0	4	2	2340	146	5.50753697853	29.4848404784	29.4274234047	10.157
1339	0	4	1	229	14	0.508030693668	27.0339351999	27.0286388876	9.779
1339	0	4	2	1573	98	0.508030693668	27.8921101823	27.88681387	4.283
1340	0	4	1	1245	77	-0.344615047223	30.9242369423	30.9278296167	8.094
1340	0	4	2	2594	162	-0.344615047223	30.7475347096	30.751127384	20.599
1341	0	4	1	1243	77	3.12594117647	23.7286796612	23.6960911565	6.221
1341	0	4	2	2593	162	3.12594117647	25.4495215907	25.416933086	12.882
1342	0	4	1	429	26	0.167266042273	28.3273271621	28.3255833833	6.095
1342	0	4	2	1776	111	0.167266042273	30.3372435497	30.3354997708	11.134
1343	0	4	1	1238	77	-5.32834113475	29.827910305	29.8834592295	8.441
1343	0	4	2	2587	161	-5.32834113475	30.9314178642	30.9869667886	7.716
1344	0	4	1	879	54	2.99341020123	30.0374925506	30.0062857054	7.37
1344	0	4	2	2222	138	2.99341020123	30.5774845309	30.5462776857	15.244
1345	0	4	1	551	34	13.4518360231	31.1697490168	31.0295111821	7.023
1345	0	4	2	1896	118	13.4518360231	31.1766524535	31.0364146189	14.378
1345	1	4	1	550	34	13.4518360231	32.2143591273	32.0741212927	9.197
1345	1	4	2	1898	118	13.4518360231	30.7369415906	30.596703756	6.914
1346	0	4	1	1004	62	12.7627375918	33.6117831067	33.4787292485	12.819
1346	0	4	2	2350	146	12.7627375918	34.2335051922	34.1004513339	13.622
1347	0	4	1	846	52	2.69877705648	34.9933574828	34.9652222417	10.772
1347	0	4	2	2175	135	2.69877705648	32.1054376392	32.0773023981	7.402
1348	0	4	1	569	35	-2.78073669296	26.9938123007	27.0228019859	5.024
1348	0	4	2	1917	119	-2.78073669296	34.7532613133	34.7822509986	10.598
1349	0	4	1	159	9	12.6888581988	35.4300974797	35.2978138275	12.315
1349	0	4	2	1499	93	12.6888581988	32.3242519952	32.191968343	22.914
1350	0	4	1	592	37	7.28761052632	25.4775152468	25.4015405829	11.874
1350	0	4	2	1943	121	7.28761052632	22.2190918097	22.1431171458	9.512
1352	0	4	1	153	9	12.8585863991	33.0815085968	32.9474554973	7.307
1352	0	4	2	1495	93	12.8585863991	32.6133990098	32.4793459103	13.323
1353	0	4	1	1211	75	-3.5344074366	32.9601653309	32.9970121706	7.449
1353	0	4	2	2562	160	-3.5344074366	28.971204116	29.0080509557	9.937
1354	0	4	1	254	15	-5.25582388987	32.217077653	32.271870572	11.087
1354	0	4	2	1596	99	-5.25582388987	31.3781457722	31.4329386912	7.874
1355	0	4	1	1061	66	-2.86250192927	27.9183205521	27.9481626548	19.843
1355	0	4	2	2406	150	-2.86250192927	34.5587572353	34.588599338	7.039
1356	0	4	1	1094	68	-5.31353404989	27.2915646913	27.3469592492	11.244
1356	0	4	2	2442	152	-5.31353404989	31.0262962797	31.0816908376	11.307
1358	0	4	1	549	34	1.9739724743	32.3159471224	32.2953681007	7.559
1358	0	4	2	1897	118	1.9739724743	30.1164761204	30.0958970987	14.961
1359	0	4	1	132	8	-4.58939305966	32.3576195686	32.4054648251	7.874
1359	0	4	2	1473	92	-4.58939305966	30.1989430609	30.2467883174	8.819
1360	0	4	1	1258	78	13.6317874032	28.9142783291	28.7721644686	5.906
1360	0	4	2	2601	162	13.6317874032	27.9642076958	27.8220938354	14.646
1360	1	4	1	1257	78	13.6317874032	30.9697588494	30.827644989	4.031
1360	1	4	2	2602	162	13.6317874032	26.889006734	26.7468928735	7.307
1361	0	4	1	763	47	-2.06066714249	31.1676329206	31.1891157499	9.464
1361	0	4	2	2105	131	-2.06066714249	31.3525181725	31.3740010019	4.158
1362	0	4	1	564	35	2.82395376173	35.5495087012	35.5200684702	9.654
1362	0	4	2	1912	119	2.82395376173	34.2027518393	34.1733116082	9.149
1363	0	4	1	591	36	-0.935575060935	28.252215399	28.261968939	13.275
1363	0	4	2	1940	121	-0.935575060935	31.1399670139	31.1497205539	6.315
1364	0	4	1	1225	76	-3.63292430023	33.829729754	33.8676036499	8.787
1364	0	4	2	2575	160	-3.63292430023	29.6202765347	29.6581504306	8.96
1365	0	4	1	832	52	8.3064283291	28.7071701318	28.6205741072	11.779
1365	0	4	2	2173	135	8.3064283291	30.5757973016	30.4892012771	7.401
1366	0	4	1	144	9	-2.12728828979	26.9800969749	27.0022743418	10.347
1366	0	4	2	1481	92	-2.12728828979	26.8425731741	26.8647505411	12.85
1367	0	4	1	594	37	1.3979968353	26.7560275938	26.7414532228	6.992
1367	0	4	2	1945	121	1.3979968353	27.3307540588	27.3161796878	7.559
1368	0	4	1	1241	77	5.80808705435	31.3744745503	31.3139241874	6.504
1368	0	4	2	2594	162	5.80808705435	28.071964377	28.0114140142	15.181
1369	0	4	1	1254	78	0.596608900493	33.0349753636	33.0287556074	4
1369	0	4	2	2601	162	0.596608900493	32.4883774608	32.4821577047	17.118
1370	0	4	1	1264	79	-5.28814186047	28.9476805247	29.0028103644	5.685
1370	0	4	2	2616	163	-5.28814186047	28.5660737058	28.6212035455	12.221
1371	0	4	1	338	21	6.99444911339	29.451066908	29.3781485051	12.756
1371	0	4	2	1682	105	6.99444911339	29.0134886963	28.9405702934	9.528
1372	0	4	1	993	62	4.71701616763	26.8914593648	26.8422836142	17.228
1372	0	4	2	2340	146	4.71701616763	30.0093128421	29.9601370915	14.22
1373	0	4	1	1250	78	9.03372453953	33.0017855605	32.9076073408	10.378
1373	0	4	2	2598	162	9.03372453953	31.7772271698	31.6830489501	5.606
1374	0	4	1	529	33	-6.17630885012	29.6012699989	29.6656591409	10
1374	0	4	2	1878	117	-6.17630885012	33.5405549692	33.6049441112	4.393
1375	0	4	1	430	26	0.382807830511	31.2010456957	31.1970548545	12.157
1375	0	4	2	1776	111	0.382807830511	31.1860500603	31.1820592191	9.37
1376	0	4	1	933	58	9.23266875	42.3885260807	42.2922738315	12
1376	0	4	2	2284	142	9.23266875	35.5186135728	35.4223613236	6.914
1377	0	4	1	1251	78	-5.84342537749	28.26881205	28.3297308213	11.78
1377	0	4	2	2594	162	-5.84342537749	29.3726223609	29.4335411321	6.63
1377	1	4	1	1253	78	-5.84342537749	27.347191147	27.4081099183	5.118
1377	1	4	2	2600	162	-5.84342537749	28.1742369113	28.2351556826	20.472
1378	0	4	1	811	50	11.6009242424	31.9559109553	31.8349692123	4.787
1378	0	4	2	2153	134	11.6009242424	35.3059660108	35.1850242678	11.528
1379	0	4	1	520	32	0.0955923076923	31.9624087056	31.9614121384	5.512
1379	0	4	2	1866	116	0.0955923076923	30.5850420776	30.5840455105	13.008
1380	0	4	1	472	29	13.9008388683	34.5845085317	34.4395897608	22.583
1380	0	4	2	1818	113	13.9008388683	31.7636849977	31.6187662268	9.528
1381	0	4	1	1268	79	-8.64255238095	32.0015946588	32.0916948376	9.591
1381	0	4	2	2618	163	-8.64255238095	31.8376486522	31.9277488311	7.622
1382	0	4	1	1262	78	13.2499039216	31.2012664294	31.0631337736	4.882
1382	0	4	2	2612	163	13.2499039216	31.1506417047	31.0125090489	13.811
1384	0	4	1	1223	76	8.53951141632	29.77456858	29.6855426219	16.662
1384	0	4	2	2574	160	8.53951141632	28.9567525757	28.8677266177	15.591
1385	0	4	1	413	25	2.63152716513	29.9956059022	29.9681717534	6.504
1385	0	4	2	1760	110	2.63152716513	27.6908886606	27.6634545118	15.071
1386	0	4	1	1265	79	-1.50464735566	29.0511617513	29.0668479734	9.559
1386	0	4	2	2614	163	-1.50464735566	28.9973402954	29.0130265175	14.252
1388	0	4	1	1275	79	9.61635078603	31.4480986749	31.3478464707	7.102
1388	0	4	2	2624	164	9.61635078603	34.6804547428	34.5802025387	16.74
1389	0	4	1	577	36	-9.63730973117	29.786210062	29.886680767	5.354
1389	0	4	2	1925	120	-9.63730973117	29.8116560598	29.9121267648	12.095
1390	0	4	1	1287	80	8.09546307669	34.729763834	34.6453671606	9.733
1390	0	4	2	2635	164	8.09546307669	33.8370689078	33.7526722343	13.039
1391	0	4	1	958	59	9.75520201785	28.9082186202	28.8065188668	22.882
1391	0	4	2	2301	143	9.75520201785	25.5425098002	25.4408100467	5.197
1392	0	4	1	1095	68	0.981614642279	27.2249133608	27.2146798498	15.811
1392	0	4	2	2442	152	0.981614642279	26.3624705625	26.3522370515	5.575
1393	0	4	1	1042	65	-6.38862894692	30.9093925535	30.975995171	18.189
1393	0	4	2	2388	149	-6.38862894692	31.6536743376	31.7202769551	11.134
1394	0	4	1	490	30	-4.26062516867	30.6479424515	30.692360243	11.874
1394	0	4	2	1837	114	-4.26062516867	27.114778261	27.1591960525	12.803
1396	0	4	1	585	36	-0.0941182733176	27.0941101256	27.0950913257	14.535
1396	0	4	2	1936	121	-0.0941182733176	27.5691478977	27.5701290978	13.024
1397	0	4	1	1000	62	2.09511099093	31.7150212106	31.6931792979	19.591
1397	0	4	2	2341	146	2.09511099093	29.8165541057	29.7947121929	15.338
1398	0	4	1	415	25	-2.32707006947	29.3972642932	29.4215244215	8.709
1398	0	4	2	1763	110	-2.32707006947	31.139448119	31.1637082473	12.803
1399	0	4	1	1000	62	-0.155749566232	32.276204927	32.2778286445	24.661
1399	0	4	2	2350	146	-0.155749566232	30.5562689209	30.5578926385	5.591
1400	0	4	1	254	15	-1.53072493187	31.7181557459	31.7341138314	4.96
1400	0	4	2	1598	99	-1.53072493187	28.4369590688	28.4529171543	9.118
1401	0	4	1	280	17	7.8643904245	32.9534633908	32.8714756918	6.504
1401	0	4	2	1624	101	7.8643904245	31.292766737	31.2107790379	4.819
1402	0	4	1	1270	79	-10.432528029	29.3172918499	29.4260528501	13.055
1402	0	4	2	2618	163	-10.432528029	28.6031950247	28.7119560249	4.882
1403	0	4	1	549	34	-4.45295789474	30.632284435	30.6787073301	9.338
1403	0	4	2	1897	118	-4.45295789474	29.699484694	29.7459075891	13.355
1404	0	4	1	1049	65	2.34629018617	30.1671766642	30.1427161627	5.811
1404	0	4	2	2401	150	2.34629018617	33.6159990823	33.5915385808	13.37
1404	1	4	1	1042	65	2.34629018617	30.9343077582	30.9098472568	6.504
1404	1	4	2	2400	150	2.34629018617	35.2092355603	35.1847750588	12.031
1405	0	4	1	488	30	-7.86681506269	29.0027307751	29.0847437515	11.04
1405	0	4	2	1835	114	-7.86681506269	28.6451527719	28.7271657482	9.937
1406	0	4	1	1268	79	-11.307737037	29.443559607	29.5614448201	8.189
1406	0	4	2	2617	163	-11.307737037	28.9383574478	29.0562426609	6.063
1407	0	4	1	547	34	5.35175660357	30.9029132022	30.8471201672	15.402
1407	0	4	2	1895	118	5.35175660357	32.3410162853	32.2852232504	17.433
1408	0	4	1	219	13	1.00687582411	30.3101653284	30.299668465	8.709
1408	0	4	2	1563	97	1.00687582411	29.7321988501	29.7217019867	23.338
1410	0	4	1	1217	76	12.0777425517	33.1081701771	32.9822575165	7.103
1410	0	4	2	2566	160	12.0777425517	35.1536799504	35.0277672899	10.803
1411	0	4	1	260	16	5.48575282971	32.3443664553	32.2871764853	6.158
1411	0	4	2	1602	100	5.48575282971	28.9755655709	28.9183756009	10.378
1412	0	4	1	811	50	-2.21920137988	28.6930145977	28.7161501753	15.843
1412	0	4	2	2154	134	-2.21920137988	32.0593957661	32.0825313437	10.976
1413	0	4	1	1277	79	-2.3334	30.3535862195	30.3779123385	6.599
1413	0	4	2	2627	164	-2.3334	29.9283662154	29.9526923344	10.897
1414	0	4	1	740	46	2.41240489299	33.5188727069	33.4937229476	11.465
1414	0	4	2	2078	129	2.41240489299	33.5307570427	33.5056072834	4.961
1414	1	4	1	727	45	2.41240489299	33.4785859147	33.4534361554	21.103
1414	1	4	2	2077	129	2.41240489299	33.1220098237	33.0968600644	12.204
1414	2	4	1	741	46	2.41240489299	33.1553208461	33.1301710868	17.716
1414	2	4	2	2079	129	2.41240489299	31.784427434	31.7592776747	17.685
1415	0	4	1	444	27	5.89545894537	31.1226257072	31.0611644765	6.583
1415	0	4	2	1791	111	5.89545894537	28.2092049371	28.1477437064	10.157
1417	0	4	1	570	35	-7.09315055325	23.8519768694	23.9259242527	8.315
1417	0	4	2	1918	119	-7.09315055325	27.8744932115	27.9484405948	5.102
1418	0	4	1	1279	79	9.04250527658	31.5655898608	31.4713201004	7.968
1418	0	4	2	2629	164	9.04250527658	31.8299835747	31.7357138142	13.622
1420	0	4	1	760	47	10.6597167988	33.1218806284	33.010751144	11.874
1420	0	4	2	2105	131	10.6597167988	30.8887174704	30.777587986	12
1421	0	4	1	1244	77	-4.92755835412	29.2045954156	29.2559661067	7.937
1421	0	4	2	2593	162	-4.92755835412	31.5045307793	31.5559014704	7.212
1422	0	4	1	481	30	0.450703398375	24.0660383664	24.0613397016	21.087
1422	0	4	2	1827	114	0.450703398375	24.4230997405	24.4184010757	12.693
1423	0	4	1	1245	77	4.4226243972	24.7509785678	24.7048719049	13.149
1423	0	4	2	2596	162	4.4226243972	24.9175644389	24.871457776	20.819
1425	0	4	1	993	62	4.29249881493	54.0022174377	53.9574673576	14.252
1425	0	4	2	2340	146	4.29249881493	55.181913381	55.137163301	15.433
1426	0	4	1	1240	77	-5.6578962149	49.6923771624	49.7513617584	14.157
1426	0	4	2	2586	161	-5.6578962149	51.5483886871	51.6073732832	16.473
1427	0	4	1	1233	77	-7.47002857411	29.9931401167	30.0710165218	5.401
1427	0	4	2	2584	161	-7.47002857411	30.5299280277	30.6078044328	6.284
1428	0	4	1	494	30	7.44944350667	21.7018659808	21.6242041788	15.717
1428	0	4	2	1842	115	7.44944350667	21.6332072809	21.5555454788	7.433
1429	0	4	1	474	29	13.1680111111	34.9870227506	34.8497438423	8.945
1429	0	4	2	1827	114	13.1680111111	31.5310777855	31.3937988772	7.716
1430	0	4	1	547	34	13.0764292994	28.8152059144	28.6788817631	7.402
1430	0	4	2	1893	118	13.0764292994	32.9262838042	32.7899596528	11.307
1431	0	4	1	218	13	-3.9839996548	31.4960959322	31.5376298525	8.347
1431	0	4	2	1560	97	-3.9839996548	30.1798346362	30.2213685564	17.465
1432	0	4	1	1237	77	-7.34604236824	25.8510604739	25.9276443003	13.874
1432	0	4	2	2586	161	-7.34604236824	27.3061348158	27.3827186422	10.504
1433	0	4	1	130	8	-0.117235732264	30.4845395972	30.485761801	6.158
1433	0	4	2	1470	91	-0.117235732264	32.9578543393	32.9590765431	14.519
1434	0	4	1	915	57	-0.937314285714	41.9909553095	42.0007269812	4.756
1434	0	4	2	2266	141	-0.937314285714	29.7122194181	29.7219910898	4.473
1435	0	4	1	209	13	6.82844224385	32.3644119769	32.2932242258	6.74
1435	0	4	2	1553	97	6.82844224385	28.0427363628	27.9715486117	4.662
1436	0	4	1	1265	79	-11.8706122337	25.3008265465	25.4245798359	11.086
1436	0	4	2	2618	163	-11.8706122337	37.068779151	37.1925324404	5.118
1437	0	4	1	618	38	0.412075665753	37.4195220083	37.4152260446	11.716
1437	0	4	2	1968	123	0.412075665753	34.6313282394	34.6270322758	6.095
1438	0	4	1	1254	78	4.94793103448	33.5603227592	33.5087396792	9.653
1438	0	4	2	2601	162	4.94793103448	34.061341926	34.0097588459	14.252
1439	0	4	1	1218	76	12.8535266146	30.11742215	29.9834217997	10.441
1439	0	4	2	2568	160	12.8535266146	30.4545560231	30.3205556728	8.284
1441	0	4	1	1009	63	-0.543424642714	50.6116904815	50.6173557821	17.559
1441	0	4	2	2374	148	-0.543424642714	36.6494264623	36.6550917629	13.213
1442	0	4	1	282	17	3.60467666408	25.6221198906	25.5845404815	18.063
1442	0	4	2	1626	101	3.60467666408	26.2878529552	26.2502735461	14.63
1443	0	4	1	174	10	-7.39982588343	29.9301939819	30.0073385112	11.37
1443	0	4	2	1517	94	-7.39982588343	27.1819463788	27.2590909082	14.41
1444	0	4	1	771	48	14.5127904762	33.8799153897	33.7286169121	6
1444	0	4	2	2114	132	14.5127904762	33.0270391761	32.8757406985	13.433
1445	0	4	1	973	60	2.78544818873	29.8824422166	29.8534034131	15.528
1445	0	4	2	2315	144	2.78544818873	28.1087365046	28.0796977011	4.252
1447	0	4	1	163	10	-1.53176719606	29.9908665024	30.0068354538	5.685
1447	0	4	2	1505	94	-1.53176719606	30.6336615144	30.6496304657	9.118
1448	0	4	1	1009	63	14.4909330867	45.2629529218	45.1118823114	27.591
1448	0	4	2	2363	147	14.4909330867	31.5471323074	31.3960616971	7.008
1449	0	4	1	468	29	11.6841002458	30.2794420084	30.1576331404	15.197
1449	0	4	2	1815	113	11.6841002458	30.8299980412	30.7081891732	7.386
1450	0	4	1	132	8	9.15075470834	32.426964976	32.3315666955	9.496
1450	0	4	2	1473	92	9.15075470834	32.3640549776	32.2686566972	9.276
1451	0	4	1	737	46	6.78637969359	29.6245218946	29.5537726532	5.559
1451	0	4	2	2076	129	6.78637969359	29.102948692	29.0321994507	14.031
1452	0	4	1	249	15	4.67414200869	31.0744280562	31.0256992765	5.008
1452	0	4	2	1591	99	4.67414200869	30.644465971	30.5957371913	14
1453	0	4	1	1000	62	11.3595970698	45.7579108535	45.6394849901	24
1453	0	4	2	2364	147	11.3595970698	37.7884049162	37.6699790528	6.551
1454	0	4	1	598	37	2.59640463364	22.6412978913	22.6142299013	7.653
1454	0	4	2	1948	121	2.59640463364	22.4499237813	22.4228557912	9.874
1455	0	4	1	235	14	1.06522733131	26.3691924127	26.3580872243	10.126
1455	0	4	2	1578	98	1.06522733131	28.1769823411	28.1658771526	14.472
1456	0	4	1	805	50	1.25519391897	32.979349484	32.9662638594	8.929
1456	0	4	2	2146	134	1.25519391897	29.4655029242	29.4524172995	9.134
1457	0	4	1	1246	77	0.733145750329	28.6524662019	28.6448230243	8.693
1457	0	4	2	2596	162	0.733145750329	28.2432943806	28.235651203	15.78
1457	1	4	1	1245	77	0.733145750329	28.1025896151	28.0949464374	8.599
1457	1	4	2	2597	162	0.733145750329	27.4119181635	27.4042749858	22.677
1459	0	4	1	1217	76	-0.485867860857	27.7696242904	27.7746895511	7.969
1459	0	4	2	2566	160	-0.485867860857	28.3421968043	28.347262065	10.882
1460	0	4	1	802	50	-10.4792412455	28.4436524961	28.5529004901	9.969
1460	0	4	2	2165	135	-10.4792412455	40.4099307788	40.5191787728	16.032
1461	0	4	1	462	28	-8.12716290626	29.3008792332	29.3856063832	5.843
1461	0	4	2	1806	112	-8.12716290626	27.9171917418	28.0019188917	8.252
1463	0	4	1	1096	68	-10.7456340887	42.907692083	43.0197172707	14.756
1463	0	4	2	2443	152	-10.7456340887	45.4262804809	45.5383056687	10.772
1465	0	4	1	522	32	1.21427924766	26.7039798542	26.6913207724	7.874
1465	0	4	2	1866	116	1.21427924766	26.8167128886	26.8040538068	6.929
1465	1	4	1	520	32	1.21427924766	26.8970666844	26.8844076027	6.929
1465	1	4	2	1867	116	1.21427924766	25.0282812069	25.0156221251	8
1466	0	4	1	1280	80	10.0519572986	30.0042436306	29.8994501494	9.338
1466	0	4	2	2630	164	10.0519572986	33.6619245935	33.5571311123	9.59
1467	0	4	1	169	10	0.151184328867	27.747005902	27.7454297779	19.181
1467	0	4	2	1512	94	0.151184328867	27.2384828518	27.2369067278	14.032
1468	0	4	1	87	5	7.94541184212	34.9050326463	34.8222002842	29.779
1468	0	4	2	1426	89	7.94541184212	32.6166053681	32.5337730061	14.031
1469	0	4	1	808	50	-1.42969767911	28.9567960199	28.9717008779	4.095
1469	0	4	2	2150	134	-1.42969767911	32.8411731642	32.8560780223	12.472
1470	0	4	1	615	38	5.39837945275	25.9112296274	25.8549505408	6.158
1470	0	4	2	1962	122	5.39837945275	23.1813680134	23.1250889268	5.339
1471	0	4	1	1026	64	-4.16218497724	31.1647162429	31.2081077775	15.213
1471	0	4	2	2372	148	-4.16218497724	27.7880794904	27.831471025	14.504
1472	0	4	1	485	30	-8.9803522265	24.6967611255	24.7903829291	5.102
1472	0	4	2	1831	114	-8.9803522265	28.0915282984	28.185150102	4.252
1473	0	4	1	347	21	-1.44655100671	29.8507556541	29.8658362112	5.496
1473	0	4	2	1690	105	-1.44655100671	29.5382744567	29.5533550138	8.882
1474	0	4	1	1234	77	0.222897326975	28.3467924941	28.344468749	12.441
1474	0	4	2	2581	161	0.222897326975	27.7008446253	27.6985208802	12.74
1474	1	4	1	1233	77	0.222897326975	28.0984252106	28.0961014654	5.276
1474	1	4	2	2583	161	0.222897326975	27.1651088199	27.1627850747	14.771
1476	0	4	1	525	32	1.21456774071	30.4050039299	30.3923418406	14.504
1476	0	4	2	1873	117	1.21456774071	32.5144839592	32.5018218698	11.418
1477	0	4	1	551	34	3.80073024459	29.264921722	29.2252984186	6.567
1477	0	4	2	1899	118	3.80073024459	27.9313426679	27.8917193645	11.78
1478	0	4	1	302	18	14.9174209449	31.7801344586	31.6246176349	10.945
1478	0	4	2	1643	102	14.9174209449	31.8192824202	31.6637655964	7.717
1479	0	4	1	257	16	6.26877958029	32.1252369133	32.0598837472	7.338
1479	0	4	2	1598	99	6.26877958029	32.6067686043	32.5414154382	6.472
1480	0	4	1	1251	78	11.1997320939	31.0924995839	30.9757403419	7.087
1480	0	4	2	2600	162	11.1997320939	29.994979373	29.878220131	8.834
1481	0	4	1	1042	65	-2.89030562831	29.1750307798	29.2051627411	15.811
1481	0	4	2	2389	149	-2.89030562831	30.1638553496	30.1939873109	13.212
1482	0	4	1	137	8	9.76156108075	39.4863452624	39.3845792146	13.937
1482	0	4	2	1477	92	9.76156108075	38.9935665252	38.8918004773	18.378
1483	0	4	1	488	30	-7.38060116843	28.092506748	28.1694508562	14.032
1483	0	4	2	1832	114	-7.38060116843	30.4804108876	30.5573549958	9.055
1484	0	4	1	920	57	8.65696478011	21.6019993945	21.5117489638	4.567
1484	0	4	2	2244	140	8.65696478011	32.3368571415	32.2466067107	6.063
1485	0	4	1	808	50	3.79202702154	26.4473161493	26.4077835787	10.929
1485	0	4	2	2150	134	3.79202702154	27.0835030148	27.0439704441	7.465
1485	1	4	1	802	50	3.79202702154	30.7894018847	30.7498693141	21.37
1485	1	4	2	2151	134	3.79202702154	28.1813953311	28.1418627604	12
1486	0	4	1	281	17	-0.235985714286	31.3383853303	31.3408455243	9.024
1486	0	4	2	1624	101	-0.235985714286	28.9148260344	28.9172862283	7.134
1487	0	4	1	524	32	4.58313063063	27.2345347476	27.1867547781	5.622
1487	0	4	2	1872	117	4.58313063063	30.656883565	30.6091035955	11.338
1488	0	4	1	1241	77	-4.79448820258	25.960491931	26.0104753417	7.134
1488	0	4	2	2593	162	-4.79448820258	30.0009107381	30.0508941487	6.22
1490	0	4	1	1236	77	11.0061928474	32.0681330189	31.9533914587	5.591
1490	0	4	2	2585	161	11.0061928474	34.0091097638	33.8943682036	15.354
1491	0	4	1	741	46	-1.15296557813	27.5442303762	27.5562502518	14.315
1491	0	4	2	2078	129	-1.15296557813	25.68700101	25.6990208856	16.834
1492	0	4	1	999	62	0.248350443953	29.8860510045	29.883461906	7.464
1492	0	4	2	2360	147	0.248350443953	31.6911794569	31.6885903584	7.118
1494	0	4	1	184	11	-0.888120930233	27.7352016104	27.7444604324	5.59
1494	0	4	2	1513	94	-0.888120930233	28.6267895723	28.6360483943	11.149
1495	0	4	1	1009	63	-0.273134883892	31.9227603873	31.9256078681	16.945
1495	0	4	2	2351	146	-0.273134883892	27.6239112588	27.6267587395	4.661
1496	0	4	1	1061	66	-12.1977606054	59.3038122438	59.4309761143	4.914
1496	0	4	2	2427	151	-12.1977606054	53.1783621319	53.3055260025	8
1497	0	4	1	973	60	-4.08095775072	31.1755106038	31.2180553299	5.968
1497	0	4	2	2317	144	-4.08095775072	26.857942212	26.900486938	4.347
1499	0	4	1	159	9	2.37696862745	30.7604705694	30.7356902396	5.402
1499	0	4	2	1499	93	2.37696862745	30.9216385929	30.8968582631	15.811
1500	0	4	1	1256	78	-2.01328236806	29.2236475716	29.2446364061	4.346
1500	0	4	2	2604	162	-2.01328236806	30.3870866894	30.4080755239	17.15
1501	0	4	1	1041	65	9.09900586453	29.9056975266	29.8108387372	14.441
1501	0	4	2	2394	149	9.09900586453	28.6323284482	28.5374696589	19.748
1502	0	4	1	719	44	7.94524154829	26.4729304877	26.390099901	10.252
1502	0	4	2	2059	128	7.94524154829	32.2909001373	32.2080695506	10.063
1503	0	4	1	1095	68	-6.02475985497	28.266019068	28.3288282841	7.213
1503	0	4	2	2444	152	-6.02475985497	30.5119304126	30.5747396288	9.481
1504	0	4	1	1268	79	-1.41356363636	27.2942256883	27.3089623461	8.063
1504	0	4	2	2619	163	-1.41356363636	26.7839210157	26.7986576735	9.906
1505	0	4	1	169	10	7.1010204927	30.2229808965	30.1489514677	13.464
1505	0	4	2	1511	94	7.1010204927	29.0678768685	28.9938474396	14.063
1506	0	4	1	1097	68	10.348423121	31.8785294152	31.7706452239	7.307
1506	0	4	2	2444	152	10.348423121	31.0781084508	30.9702242595	4.126
1507	0	4	1	1056	66	11.399	35.9464896541	35.8276530079	7.843
1507	0	4	2	2400	150	11.399	36.9417978014	36.8229611553	15.433
1508	0	4	1	469	29	10.4121214876	35.7554533212	35.6469050629	6.457
1508	0	4	2	1815	113	10.4121214876	31.3725547276	31.2640064693	12.22
1509	0	4	1	311	19	-2.85470001875	30.3793850583	30.4091458247	8
1509	0	4	2	1655	103	-2.85470001875	28.5015380997	28.5312988661	12.158
1510	0	4	1	1270	79	10.915025165	28.7749718911	28.6611807706	16.158
1510	0	4	2	2618	163	10.915025165	29.2328766088	29.1190854882	8.63
1511	0	4	1	347	21	3.59910028525	28.1791129578	28.1415916834	10.63
1511	0	4	2	1690	105	3.59910028525	28.9305846378	28.8930633634	10.709
1513	0	4	1	802	50	1.53212869894	44.008274093	43.9923013729	8.535
1513	0	4	2	2161	135	1.53212869894	35.0840224673	35.0680497473	6.346
1514	0	4	1	1026	64	-6.79542749022	33.8165116236	33.8873551898	7.811
1514	0	4	2	2372	148	-6.79542749022	29.3040003192	29.3748438855	9.086
1515	0	4	1	586	36	-6.4780150837	29.0087801639	29.0763146481	13.874
1515	0	4	2	1941	121	-6.4780150837	29.8531599617	29.9206944459	13.654
1516	0	4	1	1218	76	14.788914762	35.1396439189	34.9854667955	10.252
1516	0	4	2	2575	160	14.788914762	36.8586388858	36.7044617624	12.252
1517	0	4	1	429	26	-4.44629693411	25.3018013438	25.3481547972	10.882
1517	0	4	2	1773	110	-4.44629693411	27.1767515024	27.2231049558	16.914
1518	0	4	1	1006	62	-1.39543057591	28.1771146677	28.191662285	4.661
1518	0	4	2	2351	146	-1.39543057591	32.9309986365	32.9455462537	6.378
1519	0	4	1	1056	66	5.03534926262	31.3784830744	31.3259886434	10.535
1519	0	4	2	2401	150	5.03534926262	32.3536859317	32.3011915008	12.913
1520	0	4	1	459	28	-6.06048048639	30.3565564715	30.4197380817	12
1520	0	4	2	1806	112	-6.06048048639	29.3010226784	29.3642042886	11.339
1521	0	4	1	1026	64	7.5950453207	28.9667268652	28.8875471378	12.189
1521	0	4	2	2372	148	7.5950453207	24.6724468079	24.5932670805	5.276
1522	0	4	1	774	48	2.85492003901	30.8182435768	30.7884805167	14.504
1522	0	4	2	2116	132	2.85492003901	33.155328053	33.1255649929	13.181
1523	0	4	1	555	34	-7.04988151843	31.6274185151	31.7009148108	11.527
1523	0	4	2	1901	118	-7.04988151843	29.9202576323	29.9937539281	6.598
1524	0	4	1	1223	76	-1.67823341049	28.9350119117	28.9525078	14.095
1524	0	4	2	2569	160	-1.67823341049	30.1586479874	30.1761438756	9.496
1525	0	4	1	1042	65	-1.33610054491	38.3797580045	38.3936870955	13.937
1525	0	4	2	2387	149	-1.33610054491	38.0471828127	38.0611119037	8.126
1526	0	4	1	238	14	1.92266079927	30.0430221444	30.0229780562	7.969
1526	0	4	2	1579	98	1.92266079927	28.309631591	28.2895875029	12.582
1527	0	4	1	558	34	-5.74035402053	32.7647761509	32.8246203845	11.275
1527	0	4	2	1908	119	-5.74035402053	28.271612943	28.3314571767	6
1528	0	4	1	308	19	-2.33772078684	29.3212594675	29.3456306315	7.008
1528	0	4	2	1652	103	-2.33772078684	28.0404294057	28.0648005697	9.653
1529	0	4	1	802	50	6.37018916838	34.3449320028	34.2785216233	16.189
1529	0	4	2	2152	134	6.37018916838	31.8949029571	31.8284925776	5.685
1530	0	4	1	933	58	4.11256728366	25.2011893796	25.1583151185	4.599
1530	0	4	2	2284	142	4.11256728366	29.6021446636	29.5592704024	8.992
1531	0	4	1	1286	80	6.75528437836	29.6601995211	29.5897744541	16.567
1531	0	4	2	2635	164	6.75528437836	29.9260386529	29.8556135859	16.094
1532	0	4	1	966	60	3.35216692029	29.0333776243	28.9984306751	4.771
1532	0	4	2	2310	144	3.35216692029	29.1740527939	29.1391058447	7.874
1533	0	4	1	1279	79	-3.60533948606	30.9336368795	30.9712231987	5.811
1533	0	4	2	2628	164	-3.60533948606	33.0751007388	33.112687058	13.228
1534	0	4	1	135	8	3.66538485336	28.195412432	28.1572001289	16.031
1534	0	4	2	1476	92	3.66538485336	29.5651072952	29.5268949921	14.189
1535	0	4	1	1257	78	8.58623809524	26.1843730405	26.0948599483	6.409
1535	0	4	2	2575	160	8.58623809524	32.8112636864	32.7217505942	8.977
1536	0	4	1	1242	77	-1.83902876106	28.4391012839	28.4582734929	11.622
1536	0	4	2	2590	161	-1.83902876106	28.761529534	28.780701743	8.834
1537	0	4	1	531	33	12.7412959539	34.742083793	34.6092534677	14.283
1537	0	4	2	1880	117	12.7412959539	31.3250789232	31.1922485979	11.244
1538	0	4	1	975	60	-0.871479319623	27.3564117282	27.3654970585	6.882
1538	0	4	2	2319	144	-0.871479319623	31.9752069725	31.9842923027	12.126
1539	0	4	1	1256	78	-3.02788514024	28.2254794653	28.257045718	4.819
1539	0	4	2	2602	162	-3.02788514024	26.9647771489	26.9963434016	8.898
1540	0	4	1	1041	65	2.79615598502	28.1826574287	28.1535069945	10.031
1540	0	4	2	2394	149	2.79615598502	30.5135794756	30.4844290414	9.843
1541	0	4	1	808	50	-0.913848957496	29.4378552066	29.447382248	10
1541	0	4	2	2149	134	-0.913848957496	28.6354896385	28.6450166799	7.292
1543	0	4	1	1009	63	12.0233461155	32.2297962315	32.1044506637	6.032
1543	0	4	2	2356	147	12.0233461155	32.017543887	31.8921983192	5.559
1544	0	4	1	1257	78	5.94237056036	30.3489806759	30.2870303831	9.292
1544	0	4	2	2602	162	5.94237056036	32.2981118101	32.2361615173	4.646
1545	0	4	1	1094	68	-0.543422857847	29.6331555076	29.6388207896	13.275
1545	0	4	2	2442	152	-0.543422857847	28.3910228955	28.3966881776	4.582
1546	0	4	1	562	35	-6.78011904762	29.4854393362	29.5561233091	7.874
1546	0	4	2	1910	119	-6.78011904762	33.517956498	33.5886404709	5.401
1547	0	4	1	430	26	-4.29736555686	29.6904319911	29.7352328078	10.032
1547	0	4	2	1777	111	-4.29736555686	30.3669167935	30.4117176102	6.819
1548	0	4	1	1250	78	-0.930228978511	27.716354744	27.7260525501	9.717
1548	0	4	2	2598	162	-0.930228978511	28.8328856656	28.8425834717	16.378
1549	0	4	1	545	34	0.46063301425	34.0330539233	34.0282517404	9.937
1549	0	4	2	1891	118	0.46063301425	29.5249954064	29.5201932236	17.969
1550	0	4	1	593	37	-3.02318684368	30.2313985102	30.2629157824	8.347
1550	0	4	2	1943	121	-3.02318684368	28.896629383	28.9281466551	7.087
1551	0	4	1	481	30	-10.6412597015	30.9054808858	31.0164179516	18.094
1551	0	4	2	1826	114	-10.6412597015	29.2741295082	29.3850665741	5.15
1552	0	4	1	1024	64	-3.89740665962	23.6396854898	23.6803166623	5.748
1552	0	4	2	2370	148	-3.89740665962	30.4429251371	30.4835563096	14.756
1553	0	4	1	169	10	3.51297413776	32.4446334335	32.4080100398	10.095
1553	0	4	2	1511	94	3.51297413776	30.2653825876	30.228759194	4
1554	0	4	1	579	36	-0.695593590098	23.1141922398	23.1214439294	8.977
1554	0	4	2	1927	120	-0.695593590098	22.6228388964	22.630090586	8.693
1555	0	4	1	133	8	2.26711507111	31.5822347044	31.5585996179	8.189
1555	0	4	2	1473	92	2.26711507111	31.4677305388	31.4440954523	10.378
1557	0	4	1	1241	77	-5.07169584271	27.2367634248	27.2896367754	6.835
1557	0	4	2	2589	161	-5.07169584271	29.1796617711	29.2325351217	8.866
1558	0	4	1	1233	77	13.7847207696	33.4340355606	33.290327342	5.402
1558	0	4	2	2584	161	13.7847207696	32.4599098938	32.3162016752	14.346
1559	0	4	1	1255	78	-5.08978668053	24.9588860984	25.0119480493	10.945
1559	0	4	2	2600	162	-5.08978668053	27.0335536659	27.0866156168	7.779
1560	0	4	1	1242	77	-12.5864954343	29.6281808508	29.7593973526	8.157
1560	0	4	2	2598	162	-12.5864954343	38.7477435076	38.8789600094	15.118
1561	0	4	1	1001	62	14.9166141933	24.9043476331	24.7488392199	14.189
1561	0	4	2	2340	146	14.9166141933	24.3392680189	24.1837596057	11.937
1562	0	4	1	78	4	0.368935187463	27.0825108191	27.0786646027	18.189
1562	0	4	2	1415	88	0.368935187463	27.8116369504	27.8077907341	5.748
1563	0	4	1	592	37	-4.83846966582	25.7144476585	25.7648895839	12.977
1563	0	4	2	1941	121	-4.83846966582	25.0512276123	25.1016695377	8.252
1564	0	4	1	1271	79	-9.12996363636	26.2975282072	26.3927097369	12.221
1564	0	4	2	2622	163	-9.12996363636	31.7710669975	31.8662485273	6.897
1566	0	4	1	741	46	7.26368982694	29.9402772996	29.8645520134	12.567
1566	0	4	2	2079	129	7.26368982694	30.1813002328	30.1055749466	10.409
1567	0	4	1	167	10	0.0130843039321	27.6961197356	27.6959833294	13.275
1567	0	4	2	1513	94	0.0130843039321	33.464650535	33.4645141287	13.622
1568	0	4	1	468	29	-3.42962580766	38.4272797984	38.4630342706	24.063
1568	0	4	2	1815	113	-3.42962580766	27.0865723865	27.1223268587	12.725
1569	0	4	1	998	62	-4.98144995501	28.0948249337	28.1467574545	6.472
1569	0	4	2	2343	146	-4.98144995501	29.4491713275	29.5011038484	8.063
1570	0	4	1	1214	75	-4.46284962036	28.7206778572	28.7672038754	15.464
1570	0	4	2	2564	160	-4.46284962036	29.4099528374	29.4564788555	10.661
1571	0	4	1	1041	65	0.914492516174	25.6504555989	25.6409218483	15.307
1571	0	4	2	2394	149	0.914492516174	26.3958644328	26.3863306821	6.22
1572	0	4	1	486	30	-5.22076882018	32.2388851502	32.2933126137	9.338
1572	0	4	2	1830	114	-5.22076882018	29.4275917086	29.4820191721	17.181
1573	0	4	1	336	21	9.28206424027	30.5650518726	30.4682846665	6.031
1573	0	4	2	1681	105	9.28206424027	31.2366543471	31.1398871409	8.221
1574	0	4	1	470	29	-1.46827516986	35.9112059773	35.9265130128	8.898
1574	0	4	2	1817	113	-1.46827516986	28.1504204982	28.1657275336	13.055
1575	0	4	1	1009	63	-1.07234911113	34.5288228631	34.5400022974	10.031
1575	0	4	2	2342	146	-1.07234911113	24.4312287556	24.4424081899	7.559
1576	0	4	1	719	44	10.7885948861	29.7465492318	29.6340761699	4.126
1576	0	4	2	2059	128	10.7885948861	33.2268393925	33.1143663306	8.189
1578	0	4	1	411	25	-5.85191724138	27.3096501292	27.3706574297	6.756
1578	0	4	2	1755	109	-5.85191724138	25.919420474	25.9804277744	14.756
1579	0	4	1	1250	78	-2.55477638697	27.718591608	27.7452256161	7.59
1579	0	4	2	2598	162	-2.55477638697	26.7626435263	26.7892775343	11.559
1580	0	4	1	892	55	-0.504386413329	31.7207606097	31.7260189297	6.756
1580	0	4	2	2234	139	-0.504386413329	28.9398692047	28.9451275247	10.283
1581	0	4	1	604	37	-9.22942051914	27.3900060445	27.4862244303	11.37
1581	0	4	2	1955	122	-9.22942051914	27.9909748641	28.0871932499	10.347
1582	0	4	1	899	56	2.66930936896	27.4918579878	27.4640299527	16.251
1582	0	4	2	2241	140	2.66930936896	29.3147431057	29.2869150705	16.158
1583	0	4	1	1268	79	9.91770416524	31.6294149135	31.5260210456	10.315
1583	0	4	2	2617	163	9.91770416524	31.6881732284	31.5847793605	8
1584	0	4	1	879	54	10.236396296	35.6133615188	35.5066452276	16.992
1584	0	4	2	2222	138	10.236396296	32.2333226308	32.1266063395	10.252
