event_index	pair_index	fold	layer	pixel	half_bar	ecal_time_ns	cdet_time_master_ns	cdet_time_candidate_ns	tot_ns
0	0	0	1	492	30	8.75126055027	30.6899527905	30.3915943573	11.417
0	0	0	2	1841	115	8.75126055027	31.4485884256	31.1502299924	6.063
1	0	0	1	977	61	18.1502267827	28.9173358391	28.2985366165	9.071
1	0	0	2	2322	145	18.1502267827	31.3181084661	30.6993092435	9.181
2	0	0	1	1226	76	6.90429281992	26.5513779399	26.3159885378	15.528
2	0	0	2	2579	161	6.90429281992	26.9626931912	26.7273037891	16.252
3	0	0	1	1103	68	9.30243479731	33.2561887091	32.9390389848	9.149
3	0	0	2	2456	153	9.30243479731	29.9960487427	29.6788990184	11.071
4	0	0	1	982	61	11.4171487083	33.300451404	32.9112043258	8
4	0	0	2	2327	145	11.4171487083	37.0150771788	36.6258301005	6.473
6	0	0	1	488	30	12.0114112843	30.3304005725	29.9208931843	5.905
6	0	0	2	1832	114	12.0114112843	30.6551650338	30.2456576456	14.819
7	0	0	1	1236	77	11.0183366337	31.6912901922	31.3156398918	8.819
7	0	0	2	2584	161	11.0183366337	32.1038286758	31.7281783754	7.149
8	0	0	1	539	33	10.1650691889	31.5679546855	31.2213949986	9.401
8	0	0	2	1888	118	10.1650691889	30.1591802508	29.8126205639	9.134
9	0	0	1	456	28	9.61798327058	28.7892373498	28.4613295698	5.464
9	0	0	2	1801	112	9.61798327058	28.6955032867	28.3675955067	13.213
10	0	0	1	1097	68	14.6824395536	33.0185577084	32.5179864323	9.685
10	0	0	2	2444	152	14.6824395536	37.0220187461	36.5214474701	5.307
12	0	0	1	487	30	9.18889246222	28.1163373783	27.8030586749	6.851
12	0	0	2	1831	114	9.18889246222	30.0494287383	29.7361500349	11.024
13	0	0	1	1237	77	11.8404267635	28.7157382786	28.312060299	6.347
13	0	0	2	2585	161	11.8404267635	28.5424504098	28.1387724302	12.441
14	0	0	1	286	17	14.0026720016	30.404980187	29.9275843587	18.441
14	0	0	2	1630	101	14.0026720016	35.3863651772	34.9089693488	10.567
15	0	0	1	1264	79	6.44721748973	29.7429808365	29.5231745929	6.535
15	0	0	2	2615	163	6.44721748973	31.6107093849	31.3909031413	6.945
16	0	0	1	472	29	12.8998714079	12.3543190977	11.9145212652	8.756
16	0	0	2	1825	114	12.8998714079	26.0866030318	25.6468051992	10.095
17	0	0	1	269	16	19.7609997584	28.5443191736	27.8706035537	10.866
17	0	0	2	1611	100	19.7609997584	31.6586363668	30.9849207469	8.536
18	0	0	1	429	26	10.6675118609	30.7415009193	30.3778113563	11.906
18	0	0	2	1776	111	10.6675118609	28.7215904568	28.3579008938	13.59
19	0	0	1	215	13	20.037407616	29.3233236073	28.6401843603	11.087
19	0	0	2	1558	97	20.037407616	30.5379522381	29.8548129912	14.662
20	0	0	1	443	27	12.4147131958	28.3093552408	27.8860980019	7.779
20	0	0	2	1790	111	12.4147131958	25.479896906	25.0566396671	7.653
21	0	0	1	1032	64	14.1431630728	30.5330219853	30.0508363675	8.189
21	0	0	2	2387	149	14.1431630728	26.9893174684	26.5071318506	9.717
22	0	0	1	1055	65	13.4137393502	27.7187657223	27.2614484898	13.307
22	0	0	2	2392	149	13.4137393502	27.6585044833	27.2011872508	17.779
23	0	0	1	883	55	20.9838222231	34.8135893709	34.0981838262	18
23	0	0	2	2226	139	20.9838222231	34.5978743487	33.8824688039	6.851
23	1	0	1	898	56	20.9838222231	37.5267189723	36.8113134275	5.496
23	1	0	2	2228	139	20.9838222231	35.6240811912	34.9086756465	7.937
24	0	0	1	473	29	14.1859260262	28.2643055952	27.7806620517	5.528
24	0	0	2	1817	113	14.1859260262	26.9107341861	26.4270906425	16.221
25	0	0	1	224	14	19.6072668805	33.047574688	32.3791003131	8.189
25	0	0	2	1566	97	19.6072668805	33.1802840595	32.5118096846	11.181
26	0	0	1	737	46	18.523744159	32.55732962	31.9257959966	23.874
26	0	0	2	2078	129	18.523744159	34.5539464465	33.9224128231	11.228
27	0	0	1	570	35	7.77912516135	28.4667633969	28.2015481651	14.662
27	0	0	2	1918	119	7.77912516135	30.6311820068	30.365966775	8.977
28	0	0	1	430	26	9.88646882279	28.8977130408	28.5606517305	12.504
28	0	0	2	1777	111	9.88646882279	28.3827678626	28.0457065523	9.559
29	0	0	1	490	30	12.0343997511	30.0225430689	29.6122519304	14.378
29	0	0	2	1834	114	12.0343997511	31.4689079381	31.0586167997	5.086
30	0	0	1	1255	78	8.92084736021	29.4546133188	29.1504731294	9.622
30	0	0	2	2603	162	8.92084736021	28.8669415943	28.5628014049	14.803
31	0	0	1	431	26	9.5311676098	41.5984570411	41.2735090844	6.63
31	0	0	2	1780	111	9.5311676098	30.1671005834	29.8421526267	4.283
32	0	0	1	1003	62	17.9603215861	28.5694722722	27.9571475245	12.929
32	0	0	2	2350	146	17.9603215861	26.0435456855	25.4312209379	17.685
33	0	0	1	234	14	18.3042247396	28.3729741801	27.7489246751	4.347
33	0	0	2	1576	98	18.3042247396	26.9052663189	26.2812168139	17.685
34	0	0	1	1041	65	15.265822749	28.8564419125	28.3359812394	13.779
34	0	0	2	2394	149	15.265822749	30.8462056736	30.3257450005	14.425
35	0	0	1	184	11	18.4444844427	30.4867521694	29.8579207629	7.181
35	0	0	2	1528	95	18.4444844427	29.4574090987	28.8285776923	13.496
36	0	0	1	452	28	12.4167658735	29.3069835406	28.8836563193	12.898
36	0	0	2	1798	112	12.4167658735	30.5438520189	30.1205247976	5.559
37	0	0	1	477	29	13.9099911334	29.6428454812	29.1686094398	10.787
37	0	0	2	1825	114	13.9099911334	28.8813941272	28.4071580858	9.449
38	0	0	1	459	28	13.9651184849	32.6762559872	32.2001404783	4.693
38	0	0	2	1806	112	13.9651184849	28.1905808466	27.7144653377	13.78
39	0	0	1	439	27	13.9238888889	28.1538067609	27.6790969007	7.716
39	0	0	2	1785	111	13.9238888889	29.8254810309	29.3507711706	9.086
40	0	0	1	132	8	20.3273003168	29.739590228	29.0465676127	10.662
40	0	0	2	1473	92	20.3273003168	28.049448214	27.3564255987	19.654
41	0	0	1	987	61	20.3442941351	25.7772115933	25.0836096044	23.118
41	0	0	2	2331	145	20.3442941351	33.0571584844	32.3635564955	16.866
42	0	0	1	441	27	12.9880636599	31.4852484107	31.0424438225	5.039
42	0	0	2	1787	111	12.9880636599	31.1923284306	30.7495238424	5.071
43	0	0	1	562	35	11.8787761786	31.1750334286	30.7700479949	10.032
43	0	0	2	1912	119	11.8787761786	30.7492694758	30.3442840422	5.071
44	0	0	1	1047	65	13.1340626362	32.5204794102	32.0726972504	18.126
44	0	0	2	2400	150	13.1340626362	31.0370133065	30.5892311467	21.748
45	0	0	1	214	13	12.2319164467	26.6183766387	26.201351525	10
45	0	0	2	1556	97	12.2319164467	25.3500778229	24.9330527091	10.441
45	1	0	1	215	13	12.2319164467	27.7142120111	27.2971868974	8.914
45	1	0	2	1558	97	12.2319164467	24.9338014573	24.5167763436	14.725
46	0	0	1	865	54	18.0369178082	32.629988308	32.0150521503	11.559
46	0	0	2	2209	138	18.0369178082	37.4074405945	36.7925044369	15.008
47	0	0	1	1029	64	16.4940812289	24.2131063949	23.6507704658	10.567
47	0	0	2	2363	147	16.4940812289	31.8487891757	31.2864532465	11.905
48	0	0	1	477	29	10.8766071407	28.9994753523	28.6286570632	18
48	0	0	2	1825	114	10.8766071407	27.8681629819	27.4973446927	6.519
49	0	0	1	487	30	13.4507524168	26.4492115923	25.9906324661	16.913
49	0	0	2	1832	114	13.4507524168	29.6627255998	29.2041464736	15.654
50	0	0	1	1029	64	15.3979269217	28.8346171255	28.309652599	9.37
50	0	0	2	2375	148	15.3979269217	38.634300259	38.1093357325	5.874
51	0	0	1	519	32	9.80634676862	30.1611394409	29.8268097474	5.811
51	0	0	2	1866	116	9.80634676862	30.8379455844	30.5036158909	12.961
52	0	0	1	1079	67	16.5761977883	25.6091198721	25.043984327	19.37
52	0	0	2	2425	151	16.5761977883	29.9507729727	29.3856374277	12.284
53	0	0	1	430	26	11.9051807579	29.9457720238	29.5398863737	8.063
53	0	0	2	1777	111	11.9051807579	29.923152493	29.5172668428	10.693
54	0	0	1	128	8	21.233164508	31.5175981205	30.7936917006	10.897
54	0	0	2	1467	91	21.233164508	32.2935076323	31.5696012124	15.748
55	0	0	1	1012	63	13.6056093207	33.4337680148	32.9699093219	15.622
55	0	0	2	2357	147	13.6056093207	32.3761111042	31.9122524114	14.661
56	0	0	1	1057	66	14.5026571519	33.5990540289	33.1046121093	8.535
56	0	0	2	2403	150	14.5026571519	29.4824557137	28.9880137942	17.622
57	0	0	1	838	52	21.3804735133	30.0083925787	29.2794639241	11.103
57	0	0	2	2181	136	21.3804735133	25.2037900703	24.4748614158	11.874
58	0	0	1	487	30	15.7256250424	28.3414033206	27.8052665182	12.346
58	0	0	2	1831	114	15.7256250424	30.8158712289	30.2797344265	6.504
59	0	0	1	1055	65	16.4068277834	28.6105105007	28.0511493203	12.945
59	0	0	2	2392	149	16.4068277834	31.7408164936	31.1814553132	8.866
60	0	0	1	529	33	10.795056106	28.0511768008	27.683138847	14.126
60	0	0	2	1878	117	10.795056106	27.8818534483	27.5138154945	5.905
61	0	0	1	433	27	10.3368037894	29.7528890881	29.4004744199	5.874
61	0	0	2	1781	111	10.3368037894	28.5618234028	28.2094087346	10
62	0	0	1	1001	62	16.9595277224	28.4949490879	27.9167446006	9.653
62	0	0	2	2347	146	16.9595277224	29.2315704288	28.6533659416	13.685
63	0	0	1	429	26	8.4453278076	27.7577460345	27.469817826	14.63
63	0	0	2	1776	111	8.4453278076	30.6386287518	30.3507005432	7.685
64	0	0	1	987	61	20.5955109944	21.8436090627	21.1414422884	20.409
64	0	0	2	2331	145	20.5955109944	26.6968415944	25.9946748201	6.771
65	0	0	1	429	26	11.4468694597	28.6125013159	28.2222409622	14.977
65	0	0	2	1775	110	11.4468694597	30.4940122569	30.1037519032	15.528
66	0	0	1	1056	66	19.6898248248	30.7865162312	30.1152271922	6.929
66	0	0	2	2402	150	19.6898248248	30.7874541084	30.1161650694	10.504
67	0	0	1	502	31	7.13940473791	28.724011809	28.4806066905	23.811
67	0	0	2	1848	115	7.13940473791	29.17233269	28.9289275715	11.196
68	0	0	1	1061	66	17.9346525138	36.696157822	36.084708215	6.898
68	0	0	2	2408	150	17.9346525138	27.8253962497	27.2139466427	15.937
69	0	0	1	452	28	13.9381692877	32.4572778355	31.9820811108	13.811
69	0	0	2	1797	112	13.9381692877	27.241815964	26.7666192394	11.228
70	0	0	1	1089	68	9.15415082838	34.5337397278	34.2216454777	10.284
70	0	0	2	2436	152	9.15415082838	33.7422811261	33.4301868761	6.63
71	0	0	1	72	4	27.6152561035	27.9092309075	26.9677385938	14.599
71	0	0	2	1412	88	27.6152561035	26.7934303824	25.8519380687	6.772
72	0	0	1	489	30	9.59471668054	32.0640230309	31.7369084833	8.834
72	0	0	2	1837	114	9.59471668054	28.0577025768	27.7305880292	9.654
73	0	0	1	567	35	12.950446332	31.6303336876	31.1888115943	6.788
73	0	0	2	1914	119	12.950446332	29.9131675305	29.4716454372	12
74	0	0	1	795	49	24.0960782907	37.3042646241	36.482752326	7.874
74	0	0	2	2134	133	24.0960782907	32.9221852358	32.1006729377	5.591
75	0	0	1	1039	64	13.6643706889	25.2453538847	24.7794918291	8.252
75	0	0	2	2387	149	13.6643706889	25.6690465429	25.2031844872	13.685
76	0	0	1	1273	79	8.95706704426	26.603370798	26.2979957638	11.465
76	0	0	2	2624	164	8.95706704426	30.1384236729	29.8330486388	8.661
77	0	0	1	820	51	17.8688196209	29.6117233729	29.0025182196	10.645
77	0	0	2	2164	135	17.8688196209	30.589953296	29.9807481427	13.575
78	0	0	1	1098	68	13.0404915103	34.3107382222	33.8661462011	7.622
78	0	0	2	2447	152	13.0404915103	33.2405659888	32.7959739677	5.685
79	0	0	1	215	13	20.2710661573	26.9150684799	26.2239630667	11.433
79	0	0	2	1558	97	20.2710661573	27.4558919071	26.764786494	5.843
81	0	0	1	1055	65	12.6568851943	28.5182672636	28.0867536075	11.181
81	0	0	2	2392	149	12.6568851943	30.0215402228	29.5900265667	6.929
82	0	0	1	888	55	18.7280444681	35.1592431098	34.5207442361	4.032
82	0	0	2	2231	139	18.7280444681	37.5755162629	36.9370173893	6.441
83	0	0	1	123	7	19.9796209222	30.6501549012	29.9689857873	9.37
83	0	0	2	1462	91	19.9796209222	34.96985954	34.2886904261	4.567
83	1	0	1	122	7	19.9796209222	30.2583103523	29.5771412385	11.402
83	1	0	2	1461	91	19.9796209222	35.5586421144	34.8774730005	15.401
84	0	0	1	487	30	9.83996230871	26.4498503021	26.1143745474	20.189
84	0	0	2	1833	114	9.83996230871	30.5683291381	30.2328533834	4.063
85	0	0	1	1255	78	11.0279619193	29.4427764527	29.0667979956	10.378
85	0	0	2	2602	162	11.0279619193	31.302257663	30.9262792059	14.252
86	0	0	1	301	18	16.757937974	27.5060696973	26.9347380486	17.811
86	0	0	2	1643	102	16.757937974	29.3614073568	28.7900757081	17.559
87	0	0	1	975	60	19.7968536157	34.1416727841	33.4667347917	9.811
87	0	0	2	2318	144	19.7968536157	29.9366418454	29.261703853	5.055
88	0	0	1	805	50	24.3244270063	30.1926988512	29.3634014159	13.307
88	0	0	2	2146	134	24.3244270063	30.6646294458	29.8353320105	10.819
89	0	0	1	548	34	10.2867160073	29.6427405567	29.292033541	10.961
89	0	0	2	1895	118	10.2867160073	30.0306976641	29.6799906484	13.181
90	0	0	1	890	55	17.8479631942	35.9425487564	35.3340546653	17.685
90	0	0	2	2231	139	17.8479631942	36.3738621283	35.7653680372	4.819
91	0	0	1	1040	65	10.5265308714	26.3998139097	26.0409308391	6.252
91	0	0	2	2393	149	10.5265308714	30.7731550594	30.4142719888	6.646
93	0	0	1	792	49	23.2242431798	34.8067252536	34.0149366001	7.339
93	0	0	2	2132	133	23.2242431798	32.1863330788	31.3945444252	19.843
94	0	0	1	290	18	11.7188557018	30.7687207246	30.369187491	17.055
94	0	0	2	1633	102	11.7188557018	32.1040661092	31.7045328756	12.961
95	0	0	1	803	50	23.6817491148	31.4714056472	30.6640191546	13.118
95	0	0	2	2150	134	23.6817491148	38.4967101657	37.6893236731	15.591
96	0	0	1	551	34	11.552551404	27.7533712564	27.3595078676	12.63
96	0	0	2	1896	118	11.552551404	29.4337379274	29.0398745386	15.465
97	0	0	1	506	31	8.28290950334	27.0946293404	26.8122384908	11.748
97	0	0	2	1857	116	8.28290950334	28.8526720854	28.5702812358	12.866
98	0	0	1	489	30	9.50141601081	27.9400434842	27.6161098545	12.472
98	0	0	2	1833	114	9.50141601081	32.4050437479	32.0811101182	13.307
99	0	0	1	312	19	15.2214604564	27.9150246259	27.396076405	11.023
99	0	0	2	1657	103	15.2214604564	29.4339274011	28.9149791802	6.819
100	0	0	1	209	13	19.7164395437	34.8413837821	34.1691873623	4.788
100	0	0	2	1552	97	19.7164395437	35.9489706393	35.2767742195	14.645
101	0	0	1	1236	77	13.20187818	29.2064351406	28.7563409322	8.85
101	0	0	2	2585	161	13.20187818	27.0652783684	26.6151841601	10.063
102	0	0	1	1222	76	10.6805530082	29.4357184868	29.0715843094	12.661
102	0	0	2	2572	160	10.6805530082	29.8949098073	29.5307756299	8
103	0	0	1	1019	63	19.0857847898	35.5291480842	34.8784526999	17.165
103	0	0	2	2372	148	19.0857847898	34.1086256914	33.4579303072	12.032
104	0	0	1	994	62	17.3867288711	26.5399440209	25.9471748815	6.598
104	0	0	2	2341	146	17.3867288711	28.4045375692	27.8117684298	10.315
105	0	0	1	476	29	4.03207428152	28.4369253697	28.2994590746	5.386
105	0	0	2	1824	114	4.03207428152	26.1598006406	26.0223343455	5.307
106	0	0	1	1000	62	13.0995080526	29.0957374934	28.6491334098	10.74
106	0	0	2	2345	146	13.0995080526	31.3816558819	30.9350517983	9.874
107	0	0	1	438	27	13.3656805724	32.0943797026	31.6387009473	7.842
107	0	0	2	1783	111	13.3656805724	30.445251072	29.9895723167	8.473
108	0	0	1	975	60	17.7348536834	32.3893664688	31.7847286423	9.26
108	0	0	2	2319	144	17.7348536834	34.1334169596	33.5287791331	7.04
109	0	0	1	935	58	14.2941182741	29.0177576467	28.5304254838	20.157
109	0	0	2	2278	142	14.2941182741	32.7178317189	32.2304995559	7.528
110	0	0	1	437	27	10.5107734488	36.3247989357	35.966453086	7.779
110	0	0	2	1781	111	10.5107734488	33.348182714	32.9898368643	6
111	0	0	1	1089	68	10.6426941058	28.2644964701	27.9016530237	13.528
111	0	0	2	2436	152	10.6426941058	28.82880838	28.4659649335	9.418
112	0	0	1	456	28	7.95101042113	30.6267757388	30.3557003894	5.433
112	0	0	2	1802	112	7.95101042113	29.3746643867	29.1035890373	8.693
113	0	0	1	1006	62	13.3170283144	27.8923412267	27.4383211824	15.906
113	0	0	2	2351	146	13.3170283144	30.7629819489	30.3089619045	16.126
114	0	0	1	334	20	14.9330607223	30.1811481183	29.6720323659	7.653
114	0	0	2	1678	104	14.9330607223	31.8609690851	31.3518533326	6.252
115	0	0	1	472	29	11.4354892299	36.5782119626	36.1883395973	14.126
115	0	0	2	1816	113	11.4354892299	30.5425942223	30.152721857	11.102
116	0	0	1	474	29	9.49291883356	28.138962453	27.8153185193	17.055
116	0	0	2	1821	113	9.49291883356	29.3890071688	29.065363235	5.023
117	0	0	1	510	31	10.2613581497	29.5104306196	29.1605881344	6.22
117	0	0	2	1860	116	10.2613581497	31.215503843	30.8656613578	12
118	0	0	1	558	34	13.4467897201	29.5008150959	29.0423710707	4.63
118	0	0	2	1913	119	13.4467897201	26.441579523	25.9831354978	6
119	0	0	1	475	29	13.7099547376	35.0134654427	34.5460492812	23.071
119	0	0	2	1821	113	13.7099547376	34.9989902618	34.5315741003	4.378
120	0	0	1	487	30	12.9677788318	28.7580826627	28.3159696491	19.685
120	0	0	2	1832	114	12.9677788318	30.2415921481	29.7994791345	8.976
121	0	0	1	1026	64	14.2691296414	28.8938936349	28.4074134143	16.472
121	0	0	2	2372	148	14.2691296414	27.3775176129	26.8910373923	15.307
122	0	0	1	432	27	8.46656849086	29.2624303902	28.973778019	10.315
122	0	0	2	1779	111	8.46656849086	28.2289493703	27.940296999	6.126
123	0	0	1	214	13	24.6803071022	32.3645157637	31.5230852388	10.095
123	0	0	2	1556	97	24.6803071022	32.5479474962	31.7065169713	9.528
124	0	0	1	265	16	13.9979289093	34.5233596497	34.0461255286	18.315
124	0	0	2	1608	100	13.9979289093	33.3241736115	32.8469394904	9.937
125	0	0	1	980	61	15.769528804	25.1327192478	24.5950856258	8.724
125	0	0	2	2326	145	15.769528804	30.3774561266	29.8398225046	6.74
126	0	0	1	489	30	10.7629719528	28.3289964841	27.9620523816	16.614
126	0	0	2	1833	114	10.7629719528	28.3255174425	27.95857334	9.937
126	1	0	1	491	30	10.7629719528	24.7521303027	24.3851862002	10.346
126	1	0	2	1837	114	10.7629719528	25.1091350145	24.742190912	10.819
127	0	0	1	481	30	11.2405329671	29.2362722015	28.8530465182	24.031
127	0	0	2	1826	114	11.2405329671	27.9970813554	27.6138556721	4.914
128	0	0	1	489	30	12.0631085446	28.3435839022	27.9323139892	19.134
128	0	0	2	1833	114	12.0631085446	30.7766655533	30.3653956403	13.149
129	0	0	1	873	54	21.4042733469	35.7390733148	35.0093332478	7.528
129	0	0	2	2215	138	21.4042733469	35.5186767887	34.7889367218	7.024
130	0	0	1	437	27	11.0127002738	32.8886739921	32.5132158532	9.591
130	0	0	2	1783	111	11.0127002738	29.8587542355	29.4832960966	5.055
131	0	0	1	807	50	26.3205591481	35.6490476286	34.7516956707	8.756
131	0	0	2	2149	134	26.3205591481	35.1742938654	34.2769419076	14
132	0	0	1	430	26	8.82546267171	29.9641141016	29.663225881	16
132	0	0	2	1776	111	8.82546267171	28.1479583722	27.8470701516	5.401
133	0	0	1	485	30	8.87463221476	30.3063469745	30.0037824071	10.095
133	0	0	2	1831	114	8.87463221476	30.0622775992	29.7597130318	9.496
134	0	0	1	429	26	12.999587949	32.0415199561	31.5983224681	8.598
134	0	0	2	1775	110	12.999587949	31.6927535968	31.2495561088	14.157
135	0	0	1	538	33	11.5440738082	30.660958829	30.2673844686	12.914
135	0	0	2	1888	118	11.5440738082	27.288106376	26.8945320155	9.937
136	0	0	1	889	55	18.566323731	41.4524534495	40.8194681525	6.126
136	0	0	2	2233	139	18.566323731	37.5311041414	36.8981188444	6.819
137	0	0	1	1057	66	16.4491251532	27.9782202674	27.4174170345	4.96
137	0	0	2	2403	150	16.4491251532	28.7796465383	28.2188433054	17.842
138	0	0	1	997	62	18.2196235356	25.9100905957	25.288925416	12.992
138	0	0	2	2342	146	18.2196235356	28.4497456963	27.8285805167	15.591
139	0	0	1	170	10	24.0262552975	30.204725107	29.3855932979	11.968
139	0	0	2	1506	94	24.0262552975	32.3592705954	31.5401387863	14.929
140	0	0	1	1250	78	9.10381496607	29.3618867561	29.0515086164	9.228
140	0	0	2	2597	162	9.10381496607	28.7528431748	28.4424650351	8.441
141	0	0	1	414	25	14.3929479722	29.8692152393	29.3785136562	15.071
141	0	0	2	1762	110	14.3929479722	29.1413684736	28.6506668905	14.189
142	0	0	1	552	34	15.7516761499	28.813209221	28.2761842531	11.401
142	0	0	2	1898	118	15.7516761499	27.88256916	27.3455441921	4.74
143	0	0	1	210	13	19.9317795118	29.6686170219	28.9890789746	9.055
143	0	0	2	1553	97	19.9317795118	27.0089468319	26.3294087845	21.023
144	0	0	1	864	54	21.3027773208	28.4135948329	27.6873150898	10.662
144	0	0	2	2209	138	21.3027773208	30.9372037464	30.2109240033	11.496
145	0	0	1	548	34	10.9156315846	30.8056584154	30.4335096583	4.646
145	0	0	2	1894	118	10.9156315846	27.6210212951	27.248872538	14.157
146	0	0	1	1279	79	8.66184134948	30.2055783111	29.9102684642	11.874
146	0	0	2	2628	164	8.66184134948	35.7532457759	35.457935929	11.118
147	0	0	1	833	52	25.2237814576	27.7313854523	26.8714261502	17.779
147	0	0	2	2175	135	25.2237814576	30.8117729378	29.9518136357	17.779
148	0	0	1	269	16	15.5830988547	29.7989447043	29.267667075	17.937
148	0	0	2	1612	100	15.5830988547	29.6801451018	29.1488674725	19.228
149	0	0	1	1013	63	14.2328776941	30.1230025323	29.6377582564	6.961
149	0	0	2	2358	147	14.2328776941	31.0479990908	30.5627548149	4.284
150	0	0	1	897	56	24.3778917095	28.9269345804	28.0958143625	12.441
150	0	0	2	2241	140	24.3778917095	29.79329291	28.9621726922	7.402
151	0	0	1	929	58	23.3001004494	35.6179800202	34.82360515	9.748
151	0	0	2	2270	141	23.3001004494	37.4297863774	36.6354115072	5.165
152	0	0	1	445	27	12.3903727379	28.0234276911	27.6010002961	4.913
152	0	0	2	1791	111	12.3903727379	27.0083207445	26.5858933495	7.937
153	0	0	1	456	28	9.90119514278	27.7211218022	27.3835584246	5.102
153	0	0	2	1801	112	9.90119514278	29.7947640757	29.4572006981	16.032
154	0	0	1	998	62	15.1623882459	29.9007847849	29.3838505244	10.882
154	0	0	2	2343	146	15.1623882459	29.904979178	29.3880449176	7.717
155	0	0	1	514	32	10.5464115773	30.8937660699	30.5342052026	11.937
155	0	0	2	1861	116	10.5464115773	32.9534145934	32.593853726	12.378
156	0	0	1	816	51	28.373945338	25.9118595567	24.9445011029	10.284
156	0	0	2	2158	134	28.373945338	30.1950710769	29.227712623	21.04
157	0	0	1	972	60	19.8888661819	28.6643078365	27.9862328416	9.78
157	0	0	2	2315	144	19.8888661819	30.4008290013	29.7227540064	7.276
158	0	0	1	485	30	23.5501100728	16.8031466222	16.0002481252	6.441
158	0	0	2	1830	114	23.5501100728	18.7516189174	17.9487204203	6.347
159	0	0	1	431	26	14.5364125107	30.0574019245	29.5618091768	9.559
159	0	0	2	1777	111	14.5364125107	31.5905592015	31.0949664539	7.528
160	0	0	1	1264	79	6.46636127645	29.9703787065	29.74991979	8.315
160	0	0	2	2614	163	6.46636127645	30.2437421379	30.0232832214	9.843
161	0	0	1	1057	66	7.98450376083	32.1807456972	31.9085284528	5.338
161	0	0	2	2404	150	7.98450376083	32.7009978813	32.4287806369	17.118
162	0	0	1	437	27	11.3543740051	32.9562762333	32.5691693452	6.157
162	0	0	2	1782	111	11.3543740051	30.5851147426	30.1980078545	4.157
163	0	0	1	477	29	10.7955071538	29.814151989	29.4460986575	13.276
163	0	0	2	1826	114	10.7955071538	28.3836726787	28.0156193472	9.26
164	0	0	1	449	28	12.6323565192	25.5139876125	25.0833102173	29.149
164	0	0	2	1796	112	12.6323565192	28.5303335052	28.0996561099	8.536
165	0	0	1	1022	63	16.7107271406	31.9616041303	31.3918820498	12.819
165	0	0	2	2365	147	16.7107271406	30.6119893696	30.0422672891	12.63
166	0	0	1	808	50	24.903324385	32.3370744062	31.4880405096	9.874
166	0	0	2	2148	134	24.903324385	30.7038173639	29.8547834673	14.819
167	0	0	1	1229	76	7.39223053939	28.9106485859	28.658623828	13.165
167	0	0	2	2579	161	7.39223053939	28.0819809981	27.8299562402	10.488
168	0	0	1	1246	77	6.91395529027	27.7671298075	27.531410981	7.087
168	0	0	2	2596	162	6.91395529027	26.6472802794	26.4115614529	18.378
169	0	0	1	209	13	18.2716793479	37.8022556203	37.1793156917	11.213
169	0	0	2	1552	97	18.2716793479	35.6523272831	35.0293873545	15.811
170	0	0	1	347	21	9.16568797255	29.476966719	29.1644791308	6.095
170	0	0	2	1690	105	9.16568797255	31.6195446764	31.3070570882	8.473
171	0	0	1	1012	63	16.2071498451	29.1920894353	28.6395359138	13.339
171	0	0	2	2356	147	16.2071498451	31.2285409458	30.6759874243	8.441
172	0	0	1	443	27	13.5940276994	28.9544706626	28.4910068242	7.433
172	0	0	2	1789	111	13.5940276994	30.0490105805	29.5855467421	9.874
173	0	0	1	139	8	16.5249862508	31.1052489293	30.5418593493	12.582
173	0	0	2	1481	92	16.5249862508	31.8854434136	31.3220538335	14
174	0	0	1	571	35	13.3286460059	27.962690479	27.5082743505	12.315
174	0	0	2	1921	120	13.3286460059	31.6731913026	31.218775174	8.724
175	0	0	1	989	61	20.6868639153	29.8677584131	29.1624771258	6.851
175	0	0	2	2335	145	20.6868639153	34.6882239446	33.9829426574	12.284
176	0	0	1	275	17	12.1841893698	29.1888009155	28.7734029703	15.528
176	0	0	2	1616	101	12.1841893698	27.7829673789	27.3675694337	7.213
177	0	0	1	1060	66	13.348358932	26.9288225601	26.4737343549	5.811
177	0	0	2	2411	150	13.348358932	28.7250663507	28.2699781455	14.63
178	0	0	1	802	50	25.7515835142	17.9989408999	17.1209871393	19.78
178	0	0	2	2150	134	25.7515835142	14.3804028836	13.502449123	20.441
179	0	0	1	449	28	11.7254213808	26.3400196296	25.9402625509	29.449
179	0	0	2	1795	112	11.7254213808	27.4592457469	27.0594886682	10.189
180	0	0	1	290	18	15.6963851279	33.4118992615	32.8767593411	10.315
180	0	0	2	1633	102	15.6963851279	31.1694350078	30.6342950874	10.787
181	0	0	1	485	30	15.4236049186	27.2529425307	26.7271025592	17.968
181	0	0	2	1830	114	15.4236049186	27.0643225487	26.5384825773	8.898
182	0	0	1	985	61	13.6380471302	30.5736654529	30.1087008515	7.15
182	0	0	2	2330	145	13.6380471302	38.6619279406	38.1969633392	12.189
183	0	0	1	246	15	19.2903794513	32.3866491649	31.7289784949	4.63
183	0	0	2	1588	99	19.2903794513	28.9147550306	28.2570843607	7.969
184	0	0	1	1256	78	11.4445753027	31.5444312001	31.1542490616	7.78
184	0	0	2	2604	162	11.4445753027	32.0857705232	31.6955883847	15.212
185	0	0	1	561	35	7.36974218894	26.2702466976	26.0189886394	16.63
185	0	0	2	1908	119	7.36974218894	26.2208314623	25.9695734041	6.882
186	0	0	1	487	30	10.5166562451	30.1820093697	29.8234629567	12.536
186	0	0	2	1830	114	10.5166562451	34.8328734628	34.4743270497	7.37
187	0	0	1	510	31	8.58425330334	25.8479513103	25.5552866877	4.41
187	0	0	2	1860	116	8.58425330334	31.3730052364	31.0803406138	14.346
188	0	0	1	1239	77	12.1252676837	32.9772373822	32.5638482656	6.126
188	0	0	2	2587	161	12.1252676837	34.5640593598	34.1506702432	4.315
189	0	0	1	219	13	16.3056491217	29.6553945406	29.099482864	5.118
189	0	0	2	1562	97	16.3056491217	31.4269318438	30.8710201673	9.055
191	0	0	1	1025	64	13.5214632396	33.3563807733	32.8953908892	5.653
191	0	0	2	2372	148	13.5214632396	31.6855152595	31.2245253753	5.968
192	0	0	1	1218	76	11.535515002	30.2069870885	29.8137045251	8.472
192	0	0	2	2567	160	11.535515002	27.5996857654	27.206403202	6.472
193	0	0	1	572	35	7.41774193546	25.9497967195	25.6969021966	10.567
193	0	0	2	1933	120	7.41774193546	31.5913356607	31.3384411378	13.37
194	0	0	1	1230	76	9.5131116089	30.869032174	30.5446998041	12.158
194	0	0	2	2579	161	9.5131116089	29.6306665218	29.3063341518	11.465
195	0	0	1	476	29	8.28544290793	28.7530739735	28.4705967521	11.685
195	0	0	2	1822	113	8.28544290793	30.4642768715	30.1817996501	4.473
196	0	0	1	1080	67	10.63267166	33.7240367224	33.3615349732	7.842
196	0	0	2	2427	151	10.63267166	31.9178991205	31.5553973713	18.378
197	0	0	1	915	57	15.2510370109	35.4000624297	34.8801058496	11.937
197	0	0	2	2257	141	15.2510370109	33.2383103974	32.7183538173	6.945
198	0	0	1	489	30	14.3455632579	28.4347145026	27.9456284158	16.473
198	0	0	2	1834	114	14.3455632579	28.6555817083	28.1664956215	10.945
199	0	0	1	865	54	20.5009117385	29.1115241123	28.4125825289	13.59
199	0	0	2	2209	138	20.5009117385	32.1498985013	31.4509569179	20.063
200	0	0	1	430	26	9.67085050632	30.0443248193	29.7146146263	14.473
200	0	0	2	1776	111	9.67085050632	29.1246881861	28.7949779931	5.622
201	0	0	1	580	36	7.8196714863	29.3929099225	29.126312337	9.464
201	0	0	2	1928	120	7.8196714863	28.6286856796	28.3620880941	9.78
202	0	0	1	804	50	24.1429739872	32.2633210498	31.4402099277	9.15
202	0	0	2	2145	134	24.1429739872	32.0137371432	31.190626021	10.945
203	0	0	1	577	36	12.5326945125	26.7515578121	26.3242782131	13.685
203	0	0	2	1925	120	12.5326945125	28.3729738282	27.9456942292	15.937
205	0	0	1	513	32	8.30059892546	31.3042833502	31.0212894117	8.599
205	0	0	2	1861	116	8.30059892546	32.648135947	32.3651420085	11.402
206	0	0	1	490	30	13.3240848687	29.0394898556	28.5852292308	11.465
206	0	0	2	1835	114	13.3240848687	28.2827853194	27.8285246945	11.874
207	0	0	1	487	30	10.2429091892	21.909344281	21.5601307797	13.78
207	0	0	2	1857	116	10.2429091892	29.0252275625	28.6760140612	9.527
208	0	0	1	295	18	19.3066663282	26.1438514093	25.4856254677	11.465
208	0	0	2	1653	103	19.3066663282	29.6930532794	29.0348273378	12.347
209	0	0	1	1092	68	12.6926508421	14.0321624338	13.5994294124	7.465
209	0	0	2	2439	152	12.6926508421	17.056334968	16.6236019467	7.433
211	0	0	1	1061	66	17.1489631118	34.3132069224	33.7285439774	12.835
211	0	0	2	2406	150	17.1489631118	27.9383204131	27.3536574681	20.456
212	0	0	1	1067	66	13.9280423999	30.5974842484	30.1226327817	9.433
212	0	0	2	2417	151	13.9280423999	28.3005146683	27.8256632015	7.843
213	0	0	1	513	32	15.3613844602	28.6188407821	28.0951221048	5.401
213	0	0	2	1861	116	15.3613844602	32.354849462	31.8311307848	11.527
214	0	0	1	428	26	5.08568475737	28.1187610687	27.9453738261	7.779
214	0	0	2	1774	110	5.08568475737	31.3022818513	31.1288946087	13.874
215	0	0	1	591	36	9.16557349912	27.0736318768	26.7611481914	7.748
215	0	0	2	1940	121	9.16557349912	28.1867638672	27.8742801818	6.22
216	0	0	1	1265	79	5.88688265656	29.0882516849	28.887549046	11.685
216	0	0	2	2615	163	5.88688265656	28.4745965515	28.2738939127	4.599
217	0	0	1	879	54	19.5245046332	36.0457207225	35.380067977	9.559
217	0	0	2	2220	138	19.5245046332	34.1343616483	33.4687089029	6.189
218	0	0	1	288	18	11.2320126126	30.2230043498	29.8400691526	11.622
218	0	0	2	1632	102	11.2320126126	31.146460703	30.7635255058	4.645
220	0	0	1	930	58	13.1613923736	32.7296621273	32.2809482095	15.465
220	0	0	2	2272	142	13.1613923736	33.8662854921	33.4175715743	10.96
221	0	0	1	975	60	13.7122662154	27.8001640502	27.332669083	5.26
221	0	0	2	2319	144	13.7122662154	29.6112098088	29.1437148416	11.559
222	0	0	1	555	34	0.682640280516	27.7065950858	27.6833216975	15.323
222	0	0	2	1904	119	0.682640280516	27.7108166809	27.6875432926	7.906
223	0	0	1	1227	76	10.7050506033	26.831247272	26.4662778934	17.906
223	0	0	2	2589	161	10.7050506033	29.0705402255	28.7055708469	14.866
224	0	0	1	1019	63	16.1668970298	31.0366657621	30.4854845877	16.031
224	0	0	2	2364	147	16.1668970298	33.686465559	33.1352843846	11.559
225	0	0	1	799	49	24.8768786987	27.453302193	26.6051699143	15.748
225	0	0	2	2149	134	24.8768786987	31.3510626427	30.5029303641	7.418
226	0	0	1	434	27	13.4377761984	30.2521900869	29.7940533615	10.536
226	0	0	2	1781	111	13.4377761984	32.334776135	31.8766394095	4.961
227	0	0	1	242	15	13.5301317738	32.6491620425	32.1878766203	6.536
227	0	0	2	1582	98	13.5301317738	27.9909462541	27.529660832	9.937
228	0	0	1	582	36	7.16029619761	29.6073485089	29.3632311338	18.724
228	0	0	2	1930	120	7.16029619761	27.4773677833	27.2332504081	9.496
229	0	0	1	214	13	19.3493065659	30.9158682236	30.25618854	7.166
229	0	0	2	1556	97	19.3493065659	33.3860679005	32.7263882169	9.071
230	0	0	1	1097	68	10.3742699239	34.0566967274	33.703004719	7.197
230	0	0	2	2446	152	10.3742699239	33.8757561165	33.5220641081	7.118
231	0	0	1	895	55	25.6470467609	48.8413183018	47.9669285332	5.874
231	0	0	2	2231	139	25.6470467609	34.5165019039	33.6421121353	8.788
232	0	0	1	487	30	9.18830038685	29.6230408367	29.3097823191	14.441
232	0	0	2	1831	114	9.18830038685	30.5648557172	30.2515971996	12.709
233	0	0	1	957	59	15.7251559877	31.1508086615	30.6146878506	14.535
233	0	0	2	2298	143	15.7251559877	31.5691939325	31.0330731216	7.874
234	0	0	1	1056	66	13.7659289494	31.9632163077	31.4938918065	12.472
234	0	0	2	2400	150	13.7659289494	32.3626020014	31.8932775002	15.905
235	0	0	1	237	14	17.6892882997	29.9579821039	29.3548977469	5.039
235	0	0	2	1579	98	17.6892882997	31.0920221053	30.4889377483	10.599
236	0	0	1	429	26	8.07372881356	27.9836773962	27.7084181847	12.929
236	0	0	2	1776	111	8.07372881356	28.6138029451	28.3385437335	10.929
237	0	0	1	81	5	26.9836561067	35.603613807	34.6836547551	7.338
237	0	0	2	1421	88	26.9836561067	28.3170899025	27.3971308506	12.315
238	0	0	1	473	29	12.1832405322	29.2877803323	28.8724147361	28
238	0	0	2	1818	113	12.1832405322	33.4784129323	33.063047336	9.26
239	0	0	1	996	62	18.0458378934	27.5828732409	26.9676329691	5.087
239	0	0	2	2341	146	18.0458378934	30.8342536278	30.2190133559	6.472
240	0	0	1	485	30	9.73957639652	28.9384122241	28.6063589459	15.59
240	0	0	2	1829	114	9.73957639652	30.5192033422	30.187150064	12.536
241	0	0	1	794	49	24.6464098416	32.4549437314	31.6146688724	12.126
241	0	0	2	2134	133	24.6464098416	32.2832705871	31.4429957282	14.094
242	0	0	1	469	29	13.8040745417	34.8476423098	34.3770173035	6.41
242	0	0	2	1815	113	13.8040745417	30.3840959839	29.9134709775	6.63
244	0	0	1	1246	77	9.37052143443	30.3489612235	30.0294902082	9.969
244	0	0	2	2596	162	9.37052143443	29.7103562134	29.390885198	17.166
245	0	0	1	1058	66	12.952489699	31.1848411042	30.743249346	10.803
245	0	0	2	2403	150	12.952489699	29.0374163713	28.5958246131	21.181
246	0	0	1	964	60	14.5585768739	31.1308421423	30.6344937408	9.969
246	0	0	2	2309	144	14.5585768739	26.6023143154	26.1059659138	5.15
247	0	0	1	82	5	24.0239882901	34.4687576479	33.6497031283	9.905
247	0	0	2	1422	88	24.0239882901	30.1882271046	29.369172585	7.874
248	0	0	1	430	26	12.1450493293	30.6347177101	30.220654174	10.158
248	0	0	2	1776	111	12.1450493293	31.1359132211	30.7218496849	11.118
249	0	0	1	839	52	23.1870482022	25.0768150251	24.2862944672	10
249	0	0	2	2181	136	23.1870482022	21.175742006	20.3852214481	6.283
250	0	0	1	555	34	12.6888219217	30.9129921844	30.4803897032	6
250	0	0	2	1901	118	12.6888219217	30.5041736287	30.0715711475	15.748
251	0	0	1	805	50	23.6270271964	33.727975859	32.9224550114	10.913
251	0	0	2	2146	134	23.6270271964	33.1015832441	32.2960623965	8.346
252	0	0	1	487	30	13.2547935775	32.4111871811	31.9592889178	15.386
252	0	0	2	1832	114	13.2547935775	33.9991090674	33.5472108041	11.937
253	0	0	1	237	14	16.0925209398	31.6219784563	31.0733330005	7.842
253	0	0	2	1578	98	16.0925209398	30.6001957796	30.0515503237	11.811
254	0	0	1	530	33	10.860415018	28.8263860603	28.4561198123	13.023
254	0	0	2	1879	117	10.860415018	28.3266754147	27.9564091667	9.496
255	0	0	1	814	50	22.7380611506	35.086054185	34.3108410303	7.874
255	0	0	2	2155	134	22.7380611506	33.1968318654	32.4216187106	10.441
256	0	0	1	903	56	23.1320045777	30.2864712584	29.4978273136	12.599
256	0	0	2	2244	140	23.1320045777	30.385876746	29.5972328012	10.504
257	0	0	1	481	30	15.1909181321	25.2740438447	24.7561369093	26.819
257	0	0	2	1827	114	15.1909181321	27.5549408883	27.0370339528	13.354
258	0	0	1	474	29	11.7435285359	27.2453942676	26.8450198582	17.717
258	0	0	2	1822	113	11.7435285359	27.6533205158	27.2529461063	5.04
259	0	0	1	216	13	20.2593234548	32.2061916382	31.5154865713	7.464
259	0	0	2	1560	97	20.2593234548	34.2702155663	33.5795104994	8.582
260	0	0	1	408	25	13.5847752313	25.3783343503	24.9151859581	17.276
260	0	0	2	1767	110	13.5847752313	32.0106429223	31.5474945301	13.59
261	0	0	1	903	56	16.5124580339	38.1733041586	37.6103417055	18.409
261	0	0	2	2244	140	16.5124580339	40.3952527672	39.8322903141	12.095
262	0	0	1	490	30	12.664095484	28.9466396438	28.5148801658	8.094
262	0	0	2	1833	114	12.664095484	28.7323332279	28.30057375	14.945
262	1	0	1	489	30	12.664095484	27.7920788315	27.3603193536	9.433
262	1	0	2	1834	114	12.664095484	28.3490830987	27.9173236208	13.008
263	0	0	1	218	13	14.1756056742	33.3313339896	32.8480422998	5.527
263	0	0	2	1541	96	14.1756056742	29.2732181347	28.7899264449	15.449
264	0	0	1	1211	75	8.09171484461	27.0376951834	26.7618227706	11.276
264	0	0	2	2561	160	8.09171484461	28.1865899177	27.9107175049	8.535
265	0	0	1	997	62	9.73327651496	27.6612111564	27.3293726614	10.221
265	0	0	2	2343	146	9.73327651496	29.4351175139	29.1032790188	5.748
266	0	0	1	987	61	15.0859476099	25.896060545	25.38173239	13.842
266	0	0	2	2331	145	15.0859476099	32.4861808408	31.9718526859	11.874
267	0	0	1	806	50	22.2901508275	31.5418943647	30.781951904	6.662
267	0	0	2	2149	134	22.2901508275	33.3612009218	32.6012584611	12.252
268	0	0	1	457	28	13.1758137812	33.0024365058	32.5532309161	11.15
268	0	0	2	1803	112	13.1758137812	35.6569694358	35.2077638461	7.559
269	0	0	1	432	27	12.6783638002	29.9124377289	29.4801917985	5.197
269	0	0	2	1777	111	12.6783638002	29.1217732852	28.6895273547	10.347
270	0	0	1	841	52	23.1752466019	33.7202232281	32.9301050245	8.473
270	0	0	2	2184	136	23.1752466019	27.2206619661	26.4305437625	7.559
271	0	0	1	1056	66	17.2563722538	30.7472918987	30.158967033	10.346
271	0	0	2	2401	150	17.2563722538	32.0075428071	31.4192179413	17.401
272	0	0	1	438	27	7.79060343871	29.2836575515	29.0180509886	7.401
272	0	0	2	1783	111	7.79060343871	28.3641167695	28.0985102066	11.843
273	0	0	1	442	27	10.7586190697	28.3357381208	27.968942422	5.086
273	0	0	2	1790	111	10.7586190697	25.819796009	25.4530003101	13.906
274	0	0	1	1065	66	12.8572131516	29.5025355211	29.0641920448	15.779
274	0	0	2	2413	150	12.8572131516	29.6297293177	29.1913858415	15.874
275	0	0	1	258	16	15.0441688641	36.1884254158	35.6755216318	15.275
275	0	0	2	1598	99	15.0441688641	30.4626956478	29.9497918638	13.717
276	0	0	1	422	26	13.6572538407	33.0820929121	32.6164734926	13.165
276	0	0	2	1769	110	13.6572538407	32.221901925	31.7562825055	17.906
277	0	0	1	437	27	12.0926752857	28.8240923431	28.4118144054	11.638
277	0	0	2	1783	111	12.0926752857	28.3638540995	27.9515761619	15.102
278	0	0	1	587	36	12.1453769318	26.0063397324	25.5922650272	18.252
278	0	0	2	1938	121	12.1453769318	26.5522589774	26.1381842723	12.095
280	0	0	1	210	13	16.1872856156	33.2644399741	32.7125636876	11.717
280	0	0	2	1553	97	16.1872856156	31.5828783931	31.0310021066	12.646
281	0	0	1	250	15	16.8934428362	30.1726256822	29.5966742398	12.157
281	0	0	2	1593	99	16.8934428362	29.4610790111	28.8851275688	10.96
282	0	0	1	258	16	19.1868203597	28.3540619433	27.6999219337	11.527
282	0	0	2	1602	100	19.1868203597	28.4314212596	27.7772812499	10.063
283	0	0	1	1221	76	11.2659654481	30.1841899346	29.8000971767	5.181
283	0	0	2	2573	160	11.2659654481	30.9819809759	30.597888218	5.559
284	0	0	1	1097	68	8.20199469407	26.2828218499	26.0031896447	14.347
284	0	0	2	2444	152	8.20199469407	26.5091743769	26.2295421717	9.008
285	0	0	1	478	29	13.7344056773	30.503494404	30.0352446318	11.307
285	0	0	2	1826	114	13.7344056773	27.0370318396	26.5687820675	11.811
286	0	0	1	217	13	17.5688391255	25.953578942	25.3546010823	14.788
286	0	0	2	1561	97	17.5688391255	30.5188112325	29.9198333727	19.559
287	0	0	1	470	29	8.14934488585	30.2723943354	29.9945571304	8.252
287	0	0	2	1816	113	8.14934488585	29.2957623095	29.0179251045	13.481
288	0	0	1	313	19	15.9675789096	26.7447586963	26.2003729134	11.906
288	0	0	2	1658	103	15.9675789096	30.5598276825	30.0154418996	4.645
289	0	0	1	1000	62	12.2026409562	28.7269575625	28.3109305438	7.307
289	0	0	2	2346	146	12.2026409562	31.2120227692	30.7959957505	13.401
290	0	0	1	443	27	7.66882584918	26.7602619226	26.4988071469	6.63
290	0	0	2	1789	111	7.66882584918	28.8116742765	28.5502195008	12.693
291	0	0	1	242	15	14.2047613716	31.1250722659	30.6407865653	7.874
291	0	0	2	1585	99	14.2047613716	29.995481615	29.5111959143	12.378
292	0	0	1	929	58	19.0697013692	25.3213001123	24.6711530632	18.961
292	0	0	2	2272	142	19.0697013692	24.8878788704	24.2377318214	11.244
293	0	0	1	209	13	18.350246863	32.2365000151	31.6108814689	14.961
293	0	0	2	1553	97	18.350246863	32.4361282469	31.8105097007	11.748
294	0	0	1	309	19	18.0110247952	24.9435118786	24.3294584966	16.252
294	0	0	2	1653	103	18.0110247952	26.9483144524	26.3342610704	21.512
295	0	0	1	526	32	6.26484083413	31.7923711842	31.5787827435	7.748
295	0	0	2	1872	117	6.26484083413	32.7698980298	32.5563095891	13.275
296	0	0	1	918	57	21.2281719149	26.4415757481	25.7178395416	17.717
296	0	0	2	2261	141	21.2281719149	32.0470378018	31.3233015953	8.441
297	0	0	1	1255	78	7.06224715924	26.3174079628	26.0766333927	11.654
297	0	0	2	2599	162	7.06224715924	26.9805686421	26.739794072	13.622
298	0	0	1	797	49	21.2059301783	37.1358596895	36.4128817749	10.22
298	0	0	2	2132	133	21.2059301783	33.8387308384	33.1157529238	11.465
299	0	0	1	1220	76	12.8394823545	30.3005279066	29.8627889299	9.197
299	0	0	2	2569	160	12.8394823545	31.4457103109	31.0079713341	4.897
300	0	0	1	473	29	14.4518670577	20.0012774622	19.5085671392	17.26
300	0	0	2	1818	113	14.4518670577	31.0420909927	30.5493806697	9.433
301	0	0	1	520	32	8.29616226242	29.7409116128	29.4580689343	6.031
301	0	0	2	1864	116	8.29616226242	30.6860096703	30.4031669918	10.441
302	0	0	1	411	25	11.5648301884	30.7980470002	30.4037649884	8.299
302	0	0	2	1755	109	11.5648301884	31.2336733145	30.8393913028	9.244
304	0	0	1	469	29	14.9525004094	34.008621983	33.4988434695	5.213
304	0	0	2	1815	113	14.9525004094	33.9527276169	33.4429491034	11.748
305	0	0	1	807	50	22.1021224943	33.2569575175	32.5034255434	11.748
305	0	0	2	2148	134	22.1021224943	31.3200133857	30.5664814117	12.598
306	0	0	1	768	48	17.1814519582	36.8232372882	36.2374666947	20.63
306	0	0	2	2114	132	17.1814519582	37.5630724252	36.9773018317	12.787
306	1	0	1	767	47	17.1814519582	38.5567529413	37.9709823477	13.653
306	1	0	2	2108	131	17.1814519582	37.353418184	36.7676475905	18.834
307	0	0	1	1003	62	14.7192414946	28.103366058	27.6015400862	17.653
307	0	0	2	2349	146	14.7192414946	28.2211636517	27.7193376798	12.725
308	0	0	1	459	28	9.63327158129	33.9952938341	33.6668648268	11.937
308	0	0	2	1805	112	9.63327158129	29.9523478395	29.6239188321	4.189
309	0	0	1	487	30	13.3053209299	28.093627895	27.6400069929	8.536
309	0	0	2	1831	114	13.3053209299	32.4296975189	31.9760766168	9.339
310	0	0	1	444	27	6.80769505946	25.2766156584	25.0445195827	11.181
310	0	0	2	1790	111	6.80769505946	25.4894046993	25.2573086235	13.086
311	0	0	1	455	28	10.6390254208	30.3832017257	30.0204833565	20.567
311	0	0	2	1800	112	10.6390254208	29.6190879565	29.2563695873	11.905
312	0	0	1	806	50	25.0093552738	30.7522248853	29.8995760569	7.591
312	0	0	2	2148	134	25.0093552738	28.612660153	27.7600113246	14.126
313	0	0	1	520	32	5.71358659928	27.3685349856	27.173740563	11.653
313	0	0	2	1867	116	5.71358659928	28.9559358197	28.7611413971	10.346
314	0	0	1	577	36	9.03654924083	29.9719808575	29.6638960213	7.402
314	0	0	2	1925	120	9.03654924083	30.075657325	29.7675724889	8.063
315	0	0	1	293	18	15.5274367347	33.6959574573	33.1665775274	9.685
315	0	0	2	1636	102	15.5274367347	31.8597432367	31.3303633069	7.654
316	0	0	1	1264	79	8.16227430753	29.7369894329	29.4587114225	6.347
316	0	0	2	2615	163	8.16227430753	29.1500904299	28.8718124195	7.527
317	0	0	1	1056	66	18.9893014487	27.9173469694	27.2699410105	9.023
317	0	0	2	2402	150	18.9893014487	26.8795682321	26.2321622732	15.528
318	0	0	1	796	49	23.8263382234	33.6178716305	32.8055556332	14
318	0	0	2	2135	133	23.8263382234	31.713730904	30.9014149067	13.811
319	0	0	1	903	56	18.0237997468	33.790653955	33.176165034	10.315
319	0	0	2	2246	140	18.0237997468	31.9718026445	31.3573137234	10.834
319	1	0	1	901	56	18.0237997468	29.0290749301	28.4145860091	13.842
319	1	0	2	2242	140	18.0237997468	31.1443638941	30.5298749731	15.937
320	0	0	1	1003	62	16.5757844976	26.9678241262	26.4027026716	6.441
320	0	0	2	2349	146	16.5757844976	27.8337477938	27.2686263392	18.031
321	0	0	1	276	17	18.7557587894	31.0391041856	30.3996604422	7.465
321	0	0	2	1620	101	18.7557587894	30.8492304132	30.2097866698	17.591
322	0	0	1	232	14	14.141487	29.4536486014	28.9715201263	7.528
322	0	0	2	1577	98	14.141487	29.5119858217	29.0298573465	4.362
323	0	0	1	980	61	15.1476344677	27.7265516288	27.2101203717	4.473
323	0	0	2	2330	145	15.1476344677	30.8890190281	30.3725877711	11.622
324	0	0	1	920	57	18.8646145462	26.9453749939	26.30222001	22.252
324	0	0	2	2262	141	18.8646145462	29.4490758139	28.8059208299	9.37
325	0	0	1	1094	68	10.4873841291	24.877718271	24.5201698379	14.866
325	0	0	2	2441	152	10.4873841291	25.7939566222	25.4364081891	15.811
326	0	0	1	114	7	22.1420369887	34.2507607667	33.49586798	7.275
326	0	0	2	1453	90	22.1420369887	29.2234853695	28.4685925828	17.465
327	0	0	1	254	15	15.6664292342	23.6786873678	23.1445687396	8.441
327	0	0	2	1596	99	15.6664292342	19.4530362321	18.9189176038	16.063
328	0	0	1	1090	68	9.94621204482	29.9265742228	29.5874760752	11.292
328	0	0	2	2444	152	9.94621204482	27.2734958732	26.9343977256	16.662
329	0	0	1	1253	78	2.78247935469	25.9644706802	25.8696070687	8.221
329	0	0	2	2600	162	2.78247935469	26.3318728592	26.2370092478	5.559
329	1	0	1	1251	78	2.78247935469	27.9630590393	27.8681954278	8.394
329	1	0	2	2601	162	2.78247935469	29.3886677284	29.2938041169	11.717
330	0	0	1	180	11	11.6397275808	30.3055959235	29.9087604203	12.094
330	0	0	2	1524	95	11.6397275808	31.5930074032	31.1961719	12.599
331	0	0	1	1063	66	9.84067398413	28.4384623505	28.1029623326	12.708
331	0	0	2	2411	150	9.84067398413	26.3411249805	26.0056249625	20.599
332	0	0	1	131	8	21.2770330588	33.9763676766	33.2509656376	7.969
332	0	0	2	1473	92	21.2770330588	34.2577297483	33.5323277093	9.622
333	0	0	1	1214	75	12.6995010896	29.45442926	29.0214626918	12.378
333	0	0	2	2565	160	12.6995010896	30.8406804648	30.4077138966	5.748
334	0	0	1	489	30	9.3489666889	24.676590242	24.3578540968	18.85
334	0	0	2	1835	114	9.3489666889	27.3048242729	26.9860881277	17.527
335	0	0	1	473	29	6.76276058108	29.290849501	29.0602853851	8.914
335	0	0	2	1818	113	6.76276058108	32.7411301991	32.5105660833	15.575
336	0	0	1	528	33	10.0549397041	29.4635660858	29.1207610648	13.905
336	0	0	2	1876	117	10.0549397041	27.7400378897	27.3972328688	6.898
337	0	0	1	486	30	13.4591866977	26.7996453202	26.3407786424	20.299
337	0	0	2	1830	114	13.4591866977	28.2888976073	27.8300309295	11.843
338	0	0	1	1057	66	18.0746417006	28.5637545656	27.9475322799	11.149
338	0	0	2	2403	150	18.0746417006	29.7673267383	29.1511044527	13.685
339	0	0	1	430	26	9.24880019056	30.0366633359	29.7213421866	9.024
339	0	0	2	1779	111	9.24880019056	26.2219546364	25.9066334872	4.284
340	0	0	1	517	32	7.45920728041	27.9865053742	27.7321971652	8.157
340	0	0	2	1864	116	7.45920728041	31.1700073448	30.9156991358	8.976
341	0	0	1	907	56	21.2299704407	38.5167454879	37.792947964	10.882
341	0	0	2	2248	140	21.2299704407	35.9020893075	35.1782917835	7.276
342	0	0	1	474	29	11.4856279406	30.0704322871	29.678850533	8.599
342	0	0	2	1825	114	11.4856279406	29.1181333973	28.7265516432	13.811
343	0	0	1	383	23	12.4742117827	27.6637276037	27.2384418678	8.346
343	0	0	2	1728	108	12.4742117827	29.6522109521	29.2269252163	12.41
344	0	0	1	141	8	16.3075550839	28.223862299	27.6678856422	17.307
344	0	0	2	1482	92	16.3075550839	30.0122213424	29.4562446855	13.717
345	0	0	1	910	56	22.6158554053	26.8776627991	26.1066160287	16.866
345	0	0	2	2252	140	22.6158554053	28.5062845677	27.7352377972	9.15
346	0	0	1	186	11	14.5907444218	30.3721249819	29.8746798859	7.811
346	0	0	2	1529	95	14.5907444218	27.942516441	27.445071345	15.591
347	0	0	1	519	32	9.36414653925	28.4474480568	28.128194382	14.157
347	0	0	2	1865	116	9.36414653925	30.0895630608	29.770309386	10.52
348	0	0	1	486	30	8.33688076828	28.7080450709	28.4238141684	22.677
348	0	0	2	1830	114	8.33688076828	29.6594903444	29.3752594419	14.441
349	0	0	1	937	58	21.1763797243	27.9261850664	27.2042146212	21.102
349	0	0	2	2281	142	21.1763797243	29.8077878958	29.0858174506	5.386
350	0	0	1	430	26	12.6654761589	29.3368821254	28.9050755758	6.284
350	0	0	2	1776	111	12.6654761589	29.5247240989	29.0929175493	4.977
351	0	0	1	430	26	10.6800984205	30.2476075904	29.8834889114	17.118
351	0	0	2	1776	111	10.6800984205	26.6370534606	26.2729347816	5.339
352	0	0	1	807	50	22.707093158	32.2726703068	31.4985129499	9.748
352	0	0	2	2148	134	22.707093158	29.9513293608	29.1771720039	9.212
353	0	0	1	969	60	16.6262439623	30.5029775575	29.9361357785	7.149
353	0	0	2	2313	144	16.6262439623	30.5082173998	29.9413756208	9.118
354	0	0	1	218	13	15.2568347384	28.5950702831	28.0749160399	18.252
354	0	0	2	1562	97	15.2568347384	28.2464927159	27.7263384727	17.606
356	0	0	1	1089	68	12.5174385413	35.4709031677	35.0441436935	10.788
356	0	0	2	2438	152	12.5174385413	32.4981601525	32.0714006783	4.771
357	0	0	1	456	28	11.6945606363	29.453335658	29.0546307207	5.465
357	0	0	2	1801	112	11.6945606363	30.506790786	30.1080858488	13.591
358	0	0	1	1098	68	12.6960789302	26.8733792658	26.44052937	15.622
358	0	0	2	2445	152	12.6960789302	28.5274558672	28.0946059713	8.567
359	0	0	1	443	27	8.1710679517	25.6371570783	25.3585792645	5.071
359	0	0	2	1791	111	8.1710679517	27.9814140337	27.7028362199	7.103
360	0	0	1	488	30	11.3119256237	27.6553004918	27.2696408047	17.496
360	0	0	2	1833	114	11.3119256237	28.233902812	27.8482431249	14.473
361	0	0	1	807	50	27.0481673501	30.9325800542	30.010421608	16.409
361	0	0	2	2150	134	27.0481673501	30.0090082483	29.0868498021	15.496
361	1	0	1	792	49	27.0481673501	33.4047870673	32.4826286211	13.905
361	1	0	2	2132	133	27.0481673501	28.7185288161	27.7963703699	25.244
362	0	0	1	487	30	13.3124769779	28.5543841166	28.1005192419	19.843
362	0	0	2	1831	114	13.3124769779	29.6765784014	29.2227135267	11.669
363	0	0	1	492	30	13.3452519079	28.1861913971	27.7312091203	5.874
363	0	0	2	1837	114	13.3452519079	25.7628923402	25.3079100634	8.52
365	0	0	1	486	30	7.32852831068	26.1224281162	25.8725751708	16.976
365	0	0	2	1831	114	7.32852831068	27.8048919653	27.5550390199	11.937
366	0	0	1	593	37	9.16263252882	29.0489531412	28.7365697229	8.897
366	0	0	2	1944	121	9.16263252882	24.8243751294	24.511991711	14.22
367	0	0	1	286	17	11.9099606715	29.1978601883	28.7918115756	19.496
367	0	0	2	1631	101	11.9099606715	28.7224500681	28.3164014555	15.905
368	0	0	1	345	21	11.4954230922	28.4382253393	28.0463096372	13.086
368	0	0	2	1688	105	11.4954230922	30.0264921244	29.6345764223	12.094
369	0	0	1	298	18	14.2140260562	29.2398080229	28.7552064596	12.661
369	0	0	2	1642	102	14.2140260562	30.488436394	30.0038348306	16.252
370	0	0	1	908	56	14.3426220074	29.0425479968	28.5535621866	14.441
370	0	0	2	2250	140	14.3426220074	29.7206731574	29.2316873472	8.787
371	0	0	1	169	10	19.9907610263	30.9512752079	30.2697262922	8.661
371	0	0	2	1512	94	19.9907610263	29.1748374867	28.493288571	15.685
373	0	0	1	506	31	12.8275616143	22.5031039463	22.0657713857	17.244
373	0	0	2	1857	116	12.8275616143	26.2047531307	25.7674205701	11.559
374	0	0	1	816	51	22.1195686901	31.1655786663	30.4114518957	9.055
374	0	0	2	2156	134	22.1195686901	36.5583434347	35.8042166641	5.748
375	0	0	1	413	25	13.1267009202	32.9630230774	32.515491902	7.559
375	0	0	2	1759	109	13.1267009202	33.8235538804	33.3760227051	12.787
376	0	0	1	412	25	14.5846747881	34.5488538892	34.0516157264	4.158
376	0	0	2	1759	109	14.5846747881	29.0971232296	28.5998850668	4.441
377	0	0	1	454	28	9.87466645345	27.7835985235	27.4469395937	24.488
377	0	0	2	1800	112	9.87466645345	27.0730555656	26.7363966358	10.158
379	0	0	1	550	34	13.9405477895	29.6446749209	29.1693971055	20.724
379	0	0	2	1897	118	13.9405477895	29.2497714325	28.7744936171	5.008
380	0	0	1	506	31	8.22057244174	30.0526437097	29.7723781297	13.748
380	0	0	2	1857	116	8.22057244174	31.16365463	30.8833890501	9.008
382	0	0	1	432	27	7.24696534984	28.7137654304	28.4666932269	9.307
382	0	0	2	1779	111	7.24696534984	26.6925582164	26.445486013	16.724
383	0	0	1	378	23	10.0418228023	31.5574934726	31.2151356487	9.008
383	0	0	2	1724	107	10.0418228023	28.6270544621	28.2846966383	12.488
384	0	0	1	217	13	20.8473402807	31.6675544093	30.9568019701	14.725
384	0	0	2	1560	97	20.8473402807	35.0031814079	34.2924289686	10.85
386	0	0	1	1061	66	12.0220273833	30.842773891	30.432904566	7.559
386	0	0	2	2408	150	12.0220273833	27.0037620685	26.5938927436	14.472
387	0	0	1	237	14	19.3990235225	30.3755714209	29.7141967274	7.37
387	0	0	2	1579	98	19.3990235225	31.5924546508	30.9310799573	15.811
388	0	0	1	793	49	24.7720954416	35.0483881872	34.2038283045	4.567
388	0	0	2	2135	133	24.7720954416	37.5949379556	36.750378073	8.032
389	0	0	1	1021	63	16.9734689363	24.4476109331	23.8689311453	16.409
389	0	0	2	2366	147	16.9734689363	26.23876172	25.6600819322	16.284
390	0	0	1	528	33	6.67739126699	25.4501434916	25.2224898884	16.63
390	0	0	2	1876	117	6.67739126699	26.8776393235	26.6499857204	5.717
391	0	0	1	491	30	12.3739630817	28.9383821416	28.5165142042	7.055
391	0	0	2	1834	114	12.3739630817	28.5578375863	28.1359696489	15.023
392	0	0	1	201	12	19.3095975548	26.8617802138	26.2034543372	5.559
392	0	0	2	1543	96	19.3095975548	30.1122216787	29.4538958022	12.897
393	0	0	1	488	30	12.3136778422	29.5297200907	29.1099074698	17.591
393	0	0	2	1833	114	12.3136778422	29.2456920951	28.8258794742	14.126
394	0	0	1	1029	64	18.2899671148	29.4414289714	28.8178655544	10.834
394	0	0	2	2375	148	18.2899671148	40.5472343634	39.9236709464	6.63
395	0	0	1	571	35	7.1272111379	27.597678767	27.3546893672	9.622
395	0	0	2	1921	120	7.1272111379	31.9659244817	31.7229350819	6.819
396	0	0	1	490	30	13.8494694271	27.7346643039	27.2624916408	15.843
396	0	0	2	1834	114	13.8494694271	29.6585452977	29.1863726347	11.103
397	0	0	1	1002	62	14.3001054887	30.5417154423	30.054179156	12.536
397	0	0	2	2347	146	14.3001054887	29.8648423216	29.3773060354	8.031
398	0	0	1	1029	64	11.0310369863	27.4164012514	27.0403179554	9.654
398	0	0	2	2373	148	11.0310369863	38.3519015147	37.9758182187	6.536
399	0	0	1	86	5	20.9175340933	33.7933542631	33.0802086924	7.906
399	0	0	2	1411	88	20.9175340933	33.5930952971	32.8799497265	10.535
400	0	0	1	1019	63	16.0628341026	32.5424988516	31.9948655149	16.221
400	0	0	2	2362	147	16.0628341026	31.9382198016	31.3905864649	6.095
401	0	0	1	808	50	21.8815795099	34.332478488	33.5864655289	11.37
401	0	0	2	2148	134	21.8815795099	31.4081157359	30.6621027768	14.189
402	0	0	1	487	30	8.63081139213	28.3387461973	28.0444942607	19.338
402	0	0	2	1832	114	8.63081139213	30.7108239436	30.4165720071	7.071
403	0	0	1	1009	63	10.5590082883	30.8695619715	30.509571642	13.748
403	0	0	2	2354	147	10.5590082883	34.2447637039	33.8847733744	8
404	0	0	1	1019	63	15.1492460412	34.1199478985	33.6034616978	15.811
404	0	0	2	2365	147	15.1492460412	30.7937520198	30.277265819	11.023
405	0	0	1	916	57	18.2792803654	30.5636581321	29.9404590605	5.748
405	0	0	2	2257	141	18.2792803654	32.0876308508	31.4644317793	8.221
406	0	0	1	805	50	20.1466372459	35.2559745756	34.5691113416	8.771
406	0	0	2	2146	134	20.1466372459	30.3937452435	29.7068820095	6.095
407	0	0	1	457	28	14.9790595276	30.0653298268	29.5546458281	7.528
407	0	0	2	1805	112	14.9790595276	29.4280765414	28.9173925427	11.181
408	0	0	1	372	23	12.9843390646	21.6612909127	21.2186133079	5.118
408	0	0	2	1733	108	12.9843390646	28.7441543267	28.3014767219	7.338
409	0	0	1	993	62	18.3364628084	26.0148517927	25.389703189	15.433
409	0	0	2	2337	146	18.3364628084	27.1153213802	26.4901727764	18.473
410	0	0	1	554	34	10.8097542564	27.2000062837	26.8314672229	19.779
410	0	0	2	1901	118	10.8097542564	29.0269980795	28.6584590188	16.456
411	0	0	1	1097	68	9.3038988131	30.1932253499	29.8760257125	5.937
411	0	0	2	2445	152	9.3038988131	28.8751219201	28.5579222827	5.26
412	0	0	1	471	29	13.0213562078	32.0564708536	31.6125312161	6.189
412	0	0	2	1817	113	13.0213562078	30.0273805081	29.5834408706	8.441
413	0	0	1	957	59	7.12848707154	29.3986546938	29.1556217934	9.748
413	0	0	2	2298	143	7.12848707154	25.8286499612	25.5856170608	5.071
414	0	0	1	567	35	8.45599096345	31.6293509804	31.3410592308	11.559
414	0	0	2	1914	119	8.45599096345	32.6421951281	32.3539033786	8.425
415	0	0	1	405	25	10.0616705549	31.9879250182	31.644890521	7.433
415	0	0	2	1752	109	10.0616705549	33.9980958858	33.6550613886	10.473
416	0	0	1	1022	63	11.819252913	32.863464681	32.4605085856	14.346
416	0	0	2	2368	148	11.819252913	34.2012157662	33.7982596708	15.905
417	0	0	1	1080	67	13.0537371538	27.634251211	27.1892076036	11.464
417	0	0	2	2426	151	13.0537371538	27.310138977	26.8650953696	11.653
418	0	0	1	907	56	16.9858163852	35.4844460088	34.905345257	18.567
418	0	0	2	2248	140	16.9858163852	34.6989263137	34.1198255619	14.284
418	1	0	1	906	56	16.9858163852	38.628397701	38.0492969493	11.433
418	1	0	2	2246	140	16.9858163852	37.3981250789	36.8190243272	4.158
419	0	0	1	132	8	22.7211322059	29.8333464575	29.0587104646	5.008
419	0	0	2	1473	92	22.7211322059	32.0000213218	31.2253853289	15.433
420	0	0	1	1230	76	9.93997882822	26.9438467681	26.6049611307	16
420	0	0	2	2579	161	9.93997882822	29.1791246394	28.8402390021	12.221
421	0	0	1	487	30	9.59908808464	27.8136943542	27.4864307714	17.811
421	0	0	2	1832	114	9.59908808464	29.5309929291	29.2037293463	12.378
422	0	0	1	1253	78	10.9842161518	27.6859959447	27.3115089206	6.725
422	0	0	2	2601	162	10.9842161518	29.4548463179	29.0803592937	18.409
423	0	0	1	1222	76	9.30396833447	33.6920037708	33.3748017633	4.284
423	0	0	2	2571	160	9.30396833447	32.4680599842	32.1508579767	5.716
424	0	0	1	449	28	10.8425766592	29.9511090853	29.581451004	24.126
424	0	0	2	1795	112	10.8425766592	26.8384381282	26.4687800469	4.646
425	0	0	1	380	23	12.0830983953	31.1218030751	30.7098516443	6.787
425	0	0	2	1728	108	12.0830983953	32.436202283	32.0242508522	11.874
426	0	0	1	1004	62	18.0319009652	31.6131076665	30.9983425491	12.126
426	0	0	2	2357	147	18.0319009652	29.8737804144	29.259015297	6.74
427	0	0	1	1233	77	16.0171	28.1461370175	27.6000629025	10.567
427	0	0	2	2582	161	16.0171	27.1051067338	26.5590326187	10.032
428	0	0	1	1001	62	17.0370946285	29.9675351159	29.386686125	18.346
428	0	0	2	2347	146	17.0370946285	29.0106424397	28.4297934488	10.252
429	0	0	1	1081	67	10.5017187768	31.2291476462	30.8711104992	10.897
429	0	0	2	2428	151	10.5017187768	33.8072813842	33.4492442372	13.905
430	0	0	1	1004	62	16.8570373704	30.3579628656	29.7832526019	14.882
430	0	0	2	2350	146	16.8570373704	31.4801963561	30.9054860924	9.874
431	0	0	1	489	30	15.1606335936	26.0235634765	25.5066890377	21.622
431	0	0	2	1834	114	15.1606335936	28.3228848754	27.8060104366	12.441
432	0	0	1	584	36	10.5019415061	27.9392830294	27.5812382888	7.874
432	0	0	2	1933	120	10.5019415061	28.9468135989	28.5887688584	9.37
434	0	0	1	444	27	9.47272609447	28.248703207	27.9257477083	9.59
434	0	0	2	1791	111	9.47272609447	26.9669784804	26.6440229817	9.086
435	0	0	1	490	30	12.7579364664	29.4160241647	28.9810653479	14.221
435	0	0	2	1834	114	12.7579364664	30.7095721323	30.2746133154	16.85
436	0	0	1	548	34	12.5674479437	32.2398022539	31.8113377994	12.125
436	0	0	2	1894	118	12.5674479437	30.6755271874	30.2470627329	12.866
437	0	0	1	1056	66	15.6826372415	31.2841571159	30.749485905	8.945
437	0	0	2	2401	150	15.6826372415	31.9126632994	31.3779920884	18.787
438	0	0	1	594	37	9.96914521867	25.0407062557	24.7008262429	5.134
438	0	0	2	1945	121	9.96914521867	27.0303762005	26.6904961877	9.464
439	0	0	1	288	18	18.2189280113	29.8083258685	29.1871844015	12
439	0	0	2	1631	101	18.2189280113	30.0975701035	29.4764286365	9.779
440	0	0	1	258	16	15.5820609454	31.4035528859	30.8723106422	12.095
440	0	0	2	1601	100	15.5820609454	33.9016037194	33.3703614757	9.496
441	0	0	1	276	17	18.9208917983	33.1478779859	32.5028043306	10.378
441	0	0	2	1619	101	18.9208917983	32.5015662377	31.8564925824	11.228
442	0	0	1	454	28	9.65882071255	30.6999209653	30.3706209064	22
442	0	0	2	1800	112	9.65882071255	30.4130577318	30.0837576729	12.772
443	0	0	1	252	15	17.440286911	31.0953481086	30.5007530045	7.811
443	0	0	2	1594	99	17.440286911	29.4975969515	28.9030018475	13.496
444	0	0	1	1065	66	14.391318509	29.047290719	28.5566446895	5.654
444	0	0	2	2411	150	14.391318509	27.8079074685	27.317261439	20.835
445	0	0	1	1009	63	15.085695098	39.0513159302	38.5369963842	4.645
445	0	0	2	2359	147	15.085695098	32.4100317713	31.8957122253	5.338
446	0	0	1	490	30	13.3784194553	30.1412334242	29.6851203598	14.708
446	0	0	2	1834	114	13.3784194553	29.4081202076	28.9520071431	7.622
447	0	0	1	171	10	12.5945436996	27.9200256113	27.4906373759	15.653
447	0	0	2	1513	94	12.5945436996	28.121176257	27.6917880216	17.779
448	0	0	1	1026	64	16.0002674921	32.6902716097	32.1447713687	8.441
448	0	0	2	2374	148	16.0002674921	39.4691138887	38.9236136477	13.811
449	0	0	1	1259	78	7.39277094683	28.8506175412	28.5985743591	11.166
449	0	0	2	2603	162	7.39277094683	29.4014738031	29.1494306209	17.275
450	0	0	1	920	57	14.9208809105	30.0506580405	29.5419575367	19.716
450	0	0	2	2264	141	14.9208809105	30.1543718575	29.6456713537	12.063
451	0	0	1	474	29	8.47706238657	27.6250475632	27.3360374215	14.662
451	0	0	2	1818	113	8.47706238657	28.5375957783	28.2485856366	5.591
452	0	0	1	974	60	18.515942376	31.1192797275	30.4880120918	6.535
452	0	0	2	2318	144	18.515942376	29.8478133528	29.2165457171	9.102
453	0	0	1	554	34	8.06343543311	27.2710700124	26.9961617351	13.527
453	0	0	2	1904	119	8.06343543311	28.6390437278	28.3641354505	12.221
454	0	0	1	1026	64	13.9283819319	29.2572922573	28.7824292148	12.693
454	0	0	2	2372	148	13.9283819319	28.9631999121	28.4883368696	13.78
455	0	0	1	965	60	23.85375897	32.0349512316	31.2217003734	7.716
455	0	0	2	2311	144	23.85375897	29.7585877005	28.9453368423	4.788
457	0	0	1	1230	76	13.1772297284	33.9809203132	33.5316664494	23.654
457	0	0	2	2597	162	13.1772297284	30.8420356378	30.392781774	14.787
458	0	0	1	214	13	11.9783051228	27.7159623429	27.3075836495	8.693
458	0	0	2	1556	97	11.9783051228	29.7886266611	29.3802479677	15.527
459	0	0	1	208	13	15.4975155819	31.3998719211	30.871512099	12.252
459	0	0	2	1554	97	15.4975155819	25.3714448751	24.843085053	14.22
460	0	0	1	489	30	9.11455682073	27.6423170421	27.3315726782	16.709
460	0	0	2	1838	114	9.11455682073	31.7321768419	31.421432478	11.654
461	0	0	1	330	20	12.386251898	28.2733984052	27.8511115028	11.37
461	0	0	2	1674	104	12.386251898	31.0293850718	30.6070981695	6.599
462	0	0	1	1227	76	6.87303404846	28.487447534	28.2531238433	14.299
462	0	0	2	2580	161	6.87303404846	28.1854926854	27.9511689947	14.819
463	0	0	1	76	4	21.8145264999	32.5792093869	31.8354824792	16.252
463	0	0	2	1416	88	21.8145264999	29.7513563541	29.0076294464	17.968
464	0	0	1	1246	77	7.76741593579	28.3362394632	28.0714234363	4.158
464	0	0	2	2598	162	7.76741593579	28.8189473615	28.5541313346	27.78
465	0	0	1	1069	66	17.3359687167	27.5016481665	26.910609603	9.197
465	0	0	2	2415	150	17.3359687167	27.7674932226	27.1764546591	17.842
466	0	0	1	1040	65	15.005532002	29.9377335331	29.4261470032	9.055
466	0	0	2	2394	149	15.005532002	34.1245141432	33.6129276132	13.464
467	0	0	1	132	8	23.6620113471	30.6897466364	29.8830330674	15.023
467	0	0	2	1483	92	23.6620113471	30.7501436993	29.9434301303	5.622
468	0	0	1	901	56	13.1173265227	37.5644513199	37.1172397478	10.347
468	0	0	2	2244	140	13.1173265227	37.9579837032	37.510772131	8.504
469	0	0	1	522	32	7.26851786486	29.8517518852	29.6039448877	6.283
469	0	0	2	1867	116	7.26851786486	30.035448107	29.7876411094	11.465
470	0	0	1	881	55	15.8762895996	29.2539408335	28.7126673949	21.622
470	0	0	2	2224	139	15.8762895996	28.2595949533	27.7183215147	10.126
471	0	0	1	247	15	16.2984531014	28.1047948459	27.5491285047	7.78
471	0	0	2	1589	99	16.2984531014	28.9958635791	28.4401972379	11.591
471	1	0	1	245	15	16.2984531014	33.4983242948	32.9426579535	9.496
471	1	0	2	1576	98	16.2984531014	30.1179503127	29.5622839715	8.41
472	0	0	1	1026	64	13.5126670233	32.101361564	31.640671571	12.126
472	0	0	2	2372	148	13.5126670233	29.9101305359	29.4494405429	8
473	0	0	1	1012	63	19.3917472806	26.3604084654	25.6992818423	16.724
473	0	0	2	2356	147	19.3917472806	27.041060345	26.3799337218	17.307
474	0	0	1	797	49	22.5668624498	32.8893402645	32.1199638205	5.748
474	0	0	2	2151	134	22.5668624498	28.6224738365	27.8530973924	14.252
475	0	0	1	1003	62	13.3085113144	30.8660363713	30.4123066987	13.748
475	0	0	2	2349	146	13.3085113144	30.3958515566	29.942121884	16.41
476	0	0	1	838	52	21.8358823388	31.8512850902	31.1068300937	11.748
476	0	0	2	2181	136	21.8358823388	24.6914231922	23.9469681957	5.024
477	0	0	1	491	30	9.39932965198	15.3420734576	15.0216202781	24.945
477	0	0	2	1835	114	9.39932965198	28.6461357418	28.3256825623	14.126
478	0	0	1	833	52	19.7849412321	31.674599906	31.0000680448	12.031
478	0	0	2	2165	135	19.7849412321	20.9076871515	20.2331552902	12.378
479	0	0	1	989	61	17.6326219139	30.7920711707	30.1909187519	13.055
479	0	0	2	2341	146	17.6326219139	31.0237819686	30.4226295498	14.409
480	0	0	1	331	20	17.7648403629	31.7740824504	31.1684222822	13.811
480	0	0	2	1675	104	17.7648403629	31.0326225796	30.4269624114	12.504
481	0	0	1	262	16	18.426005305	31.179219316	30.5510179225	15.685
481	0	0	2	1607	100	18.426005305	29.665286092	29.0370846984	8.803
482	0	0	1	281	17	10.9168645536	33.6082015067	33.2360107137	16.315
482	0	0	2	1625	101	10.9168645536	34.4712704869	34.0990796939	13.874
483	0	0	1	1024	64	14.6171644248	22.2378922487	21.7395464104	10.976
483	0	0	2	2370	148	14.6171644248	28.6786649319	28.1803190936	14.914
484	0	0	1	440	27	10.4908907754	30.8126550793	30.4549870934	10.425
484	0	0	2	1787	111	10.4908907754	29.7135547172	29.3558867314	8
485	0	0	1	903	56	18.1139063364	35.7884742835	35.170913341	8
485	0	0	2	2246	140	18.1139063364	36.7825828663	36.1650219237	13.748
485	1	0	1	897	56	18.1139063364	38.7443938701	38.1268329275	7.087
485	1	0	2	2245	140	18.1139063364	36.1626271014	35.5450661589	9.197
486	0	0	1	485	30	10.5973598111	27.494154846	27.1328569906	14.347
486	0	0	2	1830	114	10.5973598111	28.740066543	28.3787686875	8.158
487	0	0	1	338	21	16.6671770217	32.5863156316	32.0180783139	12.409
487	0	0	2	1682	105	16.6671770217	33.2667538992	32.6985165814	12.898
488	0	0	1	438	27	12.5945186578	31.4125779765	30.9831905949	6.22
488	0	0	2	1773	110	12.5945186578	30.1103278754	29.6809404938	10.063
489	0	0	1	916	57	16.5381769415	37.5150975605	36.9512582676	21.717
489	0	0	2	2257	141	16.5381769415	36.2760060172	35.7121667243	6.63
490	0	0	1	524	32	9.65405977096	27.0265023982	26.697364655	12.614
490	0	0	2	1872	117	9.65405977096	28.2301684304	27.9010306872	10.252
491	0	0	1	937	58	18.6976379709	33.4504772187	32.8130149997	18.22
491	0	0	2	2282	142	18.6976379709	33.7773286563	33.1398664373	11.559
491	1	0	1	938	58	18.6976379709	30.6700978283	30.0326356092	21.968
491	1	0	2	2284	142	18.6976379709	32.1771469809	31.5396847619	10.488
492	0	0	1	249	15	19.3525275113	27.7002518011	27.0404623052	6.661
492	0	0	2	1590	99	19.3525275113	30.6306464142	29.9708569183	10.756
493	0	0	1	491	30	12.0095247402	25.6443073657	25.2348642958	15.134
493	0	0	2	1835	114	12.0095247402	28.5715207276	28.1620776577	7.134
494	0	0	1	492	30	11.1767149735	28.4305239834	28.0494740594	17.465
494	0	0	2	1838	114	11.1767149735	29.2490897617	28.8680398376	13.559
495	0	0	1	918	57	18.7098547017	25.317810026	24.6799312996	9.717
495	0	0	2	2247	140	18.7098547017	31.3051901046	30.6673113782	15.779
496	0	0	1	415	25	9.1183168528	26.584984961	26.2741124056	11.418
496	0	0	2	1762	110	9.1183168528	26.1304469416	25.8195743862	22.662
497	0	0	1	809	50	19.6974443734	28.7430789681	28.0715301543	16.803
497	0	0	2	2151	134	19.6974443734	29.4737266733	28.8021778595	16.063
498	0	0	1	1006	62	16.8243345965	27.9948295335	27.4212342118	11.338
498	0	0	2	2351	146	16.8243345965	30.8067719938	30.2331766722	9.197
499	0	0	1	530	33	8.28753572819	28.2906250321	28.0080764597	11.717
499	0	0	2	1878	117	8.28753572819	30.3894382636	30.1068896913	11.008
500	0	0	1	184	11	21.8120235133	31.4364552515	30.6928136786	7.906
500	0	0	2	1529	95	21.8120235133	31.1028869373	30.3592453644	14.126
501	0	0	1	310	19	25.2956334068	27.4851903846	26.62278142	15.402
501	0	0	2	1655	103	25.2956334068	28.6386861497	27.7762771851	10.41
502	0	0	1	1253	78	8.44881718654	30.1201775252	29.8321303526	7.591
502	0	0	2	2602	162	8.44881718654	30.7167659659	30.4287187933	25.811
503	0	0	1	803	50	24.7116912755	22.445378531	21.6028780194	14.992
503	0	0	2	2145	134	24.7116912755	31.480276855	30.6377763434	10.756
504	0	0	1	1221	76	11.7078895074	30.7601125199	30.3609531589	6.709
504	0	0	2	2571	160	11.7078895074	32.3648687746	31.9657094135	6.063
505	0	0	1	1003	62	19.2111608022	28.3030724986	27.6481026455	17.622
505	0	0	2	2349	146	19.2111608022	30.4092193137	29.7542494606	17.023
506	0	0	1	430	26	12.0119830294	28.4381435097	28.0286166289	12.52
506	0	0	2	1777	111	12.0119830294	27.0582035461	26.6486766653	4.85
507	0	0	1	184	11	20.2701293567	33.8682496544	33.1771761798	8.834
507	0	0	2	1528	95	20.2701293567	31.9834325528	31.2923590782	17.968
508	0	0	1	1237	77	26.3333618929	34.6020398453	33.704251401	7.843
508	0	0	2	2585	161	26.3333618929	31.9480480904	31.0502596461	8
509	0	0	1	1248	78	9.23603415838	25.7795570994	25.464671185	4.976
509	0	0	2	2598	162	9.23603415838	26.932327323	26.6174414086	17.087
510	0	0	1	806	50	25.7229330493	38.0570903594	37.1801133847	7.811
510	0	0	2	2146	134	25.7229330493	33.6152707322	32.7382937575	6.725
511	0	0	1	1246	77	10.0154440953	33.6145633371	33.2731048476	8.063
511	0	0	2	2597	162	10.0154440953	29.4608113522	29.1193528628	14.977
512	0	0	1	557	34	12.5333887728	23.1496360309	22.7223327623	18.189
512	0	0	2	1907	119	12.5333887728	22.3903698107	21.9630665421	16.929
513	0	0	1	962	60	17.2935788275	27.2172193211	26.6276259644	15.78
513	0	0	2	2306	144	17.2935788275	26.8919651357	26.302371779	11.26
513	1	0	1	961	60	17.2935788275	29.1232108578	28.5336175011	9.748
513	1	0	2	2305	144	17.2935788275	27.9120922411	27.3224988843	14.283
514	0	0	1	447	27	14.1677780496	25.8872618362	25.4042370152	6.157
514	0	0	2	1793	112	14.1677780496	29.0364386978	28.5534138768	9.78
515	0	0	1	997	62	14.81697456	28.2711633794	27.7660053751	10.095
515	0	0	2	2343	146	14.81697456	31.0941993796	30.5890413753	10.252
516	0	0	1	288	18	13.6832102953	23.6632883934	23.1967840354	14.536
516	0	0	2	1631	101	13.6832102953	25.1597111203	24.6932067623	18.614
517	0	0	1	821	51	24.9591418037	30.5398611505	29.6889242597	10.976
517	0	0	2	2164	135	24.9591418037	30.8839514135	30.0330145227	11.653
518	0	0	1	903	56	20.3468691848	36.1045148249	35.4108250444	12.221
518	0	0	2	2247	140	20.3468691848	35.7279438919	35.0342541113	12.787
518	1	0	1	902	56	20.3468691848	38.463109644	37.7694198635	10.693
518	1	0	2	2248	140	20.3468691848	34.5136207473	33.8199309667	4.094
519	0	0	1	917	57	19.6427877837	34.1724822973	33.5027969013	17.748
519	0	0	2	2258	141	19.6427877837	30.9222599062	30.2525745103	4.441
520	0	0	1	266	16	17.168658769	33.0241422751	32.4388078423	10.803
520	0	0	2	1609	100	17.168658769	32.694508158	32.1091737252	8.032
521	0	0	1	805	50	22.706013488	34.4601680274	33.6860474799	6.677
521	0	0	2	2148	134	22.706013488	30.3499108829	29.5757903354	11.244
522	0	0	1	336	21	15.8811911371	28.1085521522	27.5671116045	14.252
522	0	0	2	1681	105	15.8811911371	30.0369392898	29.4954987422	12.252
523	0	0	1	242	15	16.1477472718	33.0852595661	32.5347312681	4.929
523	0	0	2	1585	99	16.1477472718	33.9815082115	33.4309799135	9.401
524	0	0	1	432	27	11.3816078176	29.3808369186	28.9928015428	10.976
524	0	0	2	1781	111	11.3816078176	28.9494481123	28.5614127365	8.41
525	0	0	1	558	34	9.99203118809	29.3974128595	29.0567525909	13.685
525	0	0	2	1907	119	9.99203118809	27.1820189435	26.8413586749	11.937
526	0	0	1	599	37	9.14560839161	30.6537516667	30.3419486556	10.756
526	0	0	2	1948	121	9.14560839161	29.1805670122	28.8687640011	8.96
528	0	0	1	937	58	20.1523739645	30.2129446648	29.5258858477	17.26
528	0	0	2	2282	142	20.1523739645	29.6379672006	28.9509083835	6.96
529	0	0	1	879	54	16.569747517	27.2617637975	26.6968481629	19.906
529	0	0	2	2222	138	16.569747517	27.0615735767	26.496657942	21.606
530	0	0	1	1034	64	16.1353398106	26.5076662536	25.9575609656	9.811
530	0	0	2	2366	147	16.1353398106	31.1652844346	30.6151791466	5.591
531	0	0	1	1256	78	12.9727544545	27.3920979748	26.9498153263	11.023
531	0	0	2	2601	162	12.9727544545	28.314106456	27.8718238075	11.559
533	0	0	1	799	49	23.6046073941	29.2650466327	28.4602901478	14.504
533	0	0	2	2134	133	23.6046073941	30.8285286936	30.0237722087	9.811
534	0	0	1	1220	76	10.8126015115	31.4657658275	31.0971296948	8.252
534	0	0	2	2569	160	10.8126015115	30.3527969222	29.9841607895	8.567
535	0	0	1	547	34	14.4008109664	22.2508476181	21.7598779604	22.96
535	0	0	2	1893	118	14.4008109664	32.8080220387	32.317052381	13.323
536	0	0	1	810	50	23.7582793013	33.692884068	32.8828884169	6.063
536	0	0	2	2152	134	23.7582793013	31.6211775649	30.8111819137	13.465
537	0	0	1	326	20	22.1590308835	28.9866924517	28.2312202889	7.339
537	0	0	2	1671	104	22.1590308835	15.323729059	14.5682568961	10.488
538	0	0	1	490	30	14.9936830967	29.6569270882	29.1457445253	14.882
538	0	0	2	1834	114	14.9936830967	30.3611564344	29.8499738715	19.118
540	0	0	1	1245	77	8.58299336875	29.6286466857	29.3360250183	4.85
540	0	0	2	2596	162	8.58299336875	30.54629053	30.2536688626	15.166
541	0	0	1	1281	80	7.41274608208	34.4682499208	34.2155257225	13.78
541	0	0	2	2631	164	7.41274608208	34.0586753143	33.8059511159	12.819
542	0	0	1	1061	66	9.77305747462	32.2906914306	31.9574966755	6.41
542	0	0	2	2408	150	9.77305747462	26.9595637832	26.6263690281	12.725
543	0	0	1	183	11	16.6656115306	26.7942301048	26.2260461596	6.347
543	0	0	2	1525	95	16.6656115306	26.2717513048	25.7035673596	9.622
544	0	0	1	814	50	25.4406451793	34.5046379797	33.6372851004	10.252
544	0	0	2	2153	134	25.4406451793	34.6402885507	33.7729356715	15.023
546	0	0	1	987	61	12.865646624	28.9507307056	28.5120997053	11.323
546	0	0	2	2332	145	12.865646624	31.223093417	30.7844624167	4.126
547	0	0	1	1236	77	9.02134311764	30.3458688319	30.038302421	5.024
547	0	0	2	2585	161	9.02134311764	26.824537466	26.5169710551	12.788
548	0	0	1	541	33	11.2683244123	34.3609660292	33.9767928467	8.126
548	0	0	2	1889	118	11.2683244123	29.6201055963	29.2359324138	11.496
549	0	0	1	519	32	0.207003148088	26.4765947672	26.4695373685	15.134
549	0	0	2	1865	116	0.207003148088	27.8322793675	27.8252219688	18.283
550	0	0	1	903	56	18.1948694681	32.2814191648	31.6610979304	14.094
550	0	0	2	2244	140	18.1948694681	34.7682730806	34.1479518462	7.968
551	0	0	1	932	58	19.9259124862	29.6448240952	28.9654860735	15.008
551	0	0	2	2278	142	19.9259124862	30.3203850541	29.6410470324	9.071
551	1	0	1	931	58	19.9259124862	28.4182522104	27.7389141887	20.189
551	1	0	2	2284	142	19.9259124862	13.5271702449	12.8478322232	7.811
552	0	0	1	918	57	17.2393731067	31.0562482537	30.4685029432	22.756
552	0	0	2	2261	141	17.2393731067	31.1711967955	30.5834514849	6.41
553	0	0	1	491	30	10.6107261441	28.1655408215	27.803787265	19.685
553	0	0	2	1835	114	10.6107261441	30.1227673232	29.7610137667	13.622
554	0	0	1	1211	75	10.0993120273	29.9514074721	29.6070896569	9.906
554	0	0	2	2561	160	10.0993120273	31.9885804436	31.6442626284	12.787
555	0	0	1	583	36	12.1294064353	30.9223746816	30.5088444617	13.748
555	0	0	2	1930	120	12.1294064353	30.5437717719	30.130241552	8.158
556	0	0	1	1019	63	15.3128231349	33.7678560525	33.245792986	14.74
556	0	0	2	2363	147	15.3128231349	31.0776334668	30.5555704003	8.094
557	0	0	1	434	27	13.4509111219	31.9501567793	31.4915722423	15.024
557	0	0	2	1782	111	13.4509111219	31.2626150366	30.8040304996	9.086
558	0	0	1	292	18	16.8822951162	32.3308563934	31.7552850124	7.874
558	0	0	2	1634	102	16.8822951162	31.5562733385	30.9807019576	12.267
559	0	0	1	277	17	15.0687875397	31.037962118	30.5242190047	16.756
559	0	0	2	1616	101	15.0687875397	30.9564024408	30.4426593275	5.276
560	0	0	1	211	13	17.2823974729	29.4741033317	28.884891183	6.095
560	0	0	2	1554	97	17.2823974729	28.557929121	27.9687169724	14.677
561	0	0	1	1214	75	9.61813453554	30.3096757825	29.9817628454	9.401
561	0	0	2	2564	160	9.61813453554	32.1251628817	31.7972499446	6.945
562	0	0	1	308	19	15.69057518	28.8927312124	28.3577893717	14.74
562	0	0	2	1651	103	15.69057518	30.0587815006	29.52383966	12.756
563	0	0	1	476	29	12.2750663831	35.8195995133	35.4011032803	6.52
563	0	0	2	1817	113	12.2750663831	30.9948816863	30.5763854534	7.339
564	0	0	1	1003	62	16.266881912	31.1324002804	30.5778103019	10.63
564	0	0	2	2350	146	16.266881912	31.5074397357	30.9528497572	10.756
565	0	0	1	428	26	9.09918940787	27.0283585368	26.7181380971	6.898
565	0	0	2	1774	110	9.09918940787	27.2289644915	26.9187440519	11.843
566	0	0	1	430	26	14.1872474337	30.7138923831	30.2302037886	13.401
566	0	0	2	1776	111	14.1872474337	29.0756305678	28.5919419732	6.693
567	0	0	1	245	15	19.3473091579	34.9389778289	34.2793662434	7.339
567	0	0	2	1588	99	19.3473091579	26.6842457597	26.0246341742	6.252
568	0	0	1	210	13	19.9313247278	34.6006982479	33.9211757056	4.882
568	0	0	2	1554	97	19.9313247278	32.8798798041	32.2003572618	12.378
569	0	0	1	438	27	11.7261651775	16.756718653	16.356936216	14.598
569	0	0	2	1782	111	11.7261651775	14.4213595787	14.0215771416	13.04
571	0	0	1	513	32	17.4649373071	31.1850551925	30.5896196777	4.189
571	0	0	2	1860	116	17.4649373071	28.702142399	28.1067068842	12
572	0	0	1	487	30	12.6081199972	30.0042553463	29.5744042516	14.094
572	0	0	2	1832	114	12.6081199972	32.3152432501	31.8853921553	8
573	0	0	1	1241	77	8.99804785685	27.0539211065	26.7471489055	10.851
573	0	0	2	2590	161	8.99804785685	27.0690415172	26.7622693162	11.685
574	0	0	1	413	25	13.5510393964	33.0944166914	32.6324184616	11.244
574	0	0	2	1759	109	13.5510393964	33.9079944294	33.4459961996	4.094
575	0	0	1	438	27	14.3466941934	28.0799804226	27.5908557786	10.693
575	0	0	2	1784	111	14.3466941934	29.2987122206	28.8095875766	8
576	0	0	1	1009	63	14.1619460581	30.8565259259	30.3736999362	14.788
576	0	0	2	2354	147	14.1619460581	32.1653157259	31.6824897361	12.031
577	0	0	1	469	29	13.8854090064	35.0256036279	34.5522056698	4.897
577	0	0	2	1814	113	13.8854090064	32.4843277093	32.0109297511	8.63
578	0	0	1	265	16	16.7176058847	26.0195667273	25.4496101284	14.095
578	0	0	2	1609	100	16.7176058847	26.8261300386	26.2561734398	12.331
579	0	0	1	440	27	9.18977808127	28.0339012125	27.7205923156	5.717
579	0	0	2	1785	111	9.18977808127	29.7784618482	29.4651529513	10.252
580	0	0	1	413	25	10.2562011377	41.1104456258	40.7607789596	7.591
580	0	0	2	1773	110	10.2562011377	29.8855903717	29.5359237054	17.086
581	0	0	1	1031	64	16.935722548	23.1928255647	22.6154326719	20.472
581	0	0	2	2368	148	16.935722548	30.8906857481	30.3132928554	17.402
582	0	0	1	865	54	20.4113877158	27.8414042919	27.1455148685	18.032
582	0	0	2	2209	138	20.4113877158	31.5663436265	30.8704542031	21.055
583	0	0	1	452	28	10.2212733761	29.5544842609	29.2060083936	17.622
583	0	0	2	1797	112	10.2212733761	28.3405828496	27.9921069824	6.898
585	0	0	1	422	26	12.2785437661	31.5843519993	31.1657372113	12.74
585	0	0	2	1769	110	12.2785437661	31.9785383864	31.5599235984	14.945
586	0	0	1	814	50	24.9514407251	35.0141279027	34.1634535663	9.905
586	0	0	2	2155	134	24.9514407251	32.1080110215	31.2573366851	8.614
587	0	0	1	953	59	16.351743518	31.3077690263	30.7502858445	11.055
587	0	0	2	2295	143	16.351743518	29.3796605409	28.8221773591	9.968
588	0	0	1	1089	68	9.76106926288	35.7351582293	35.4023721907	7.401
588	0	0	2	2436	152	9.76106926288	36.9251934333	36.5924073946	11.559
589	0	0	1	513	32	3.069	30.6856426056	30.5810105898	9.622
589	0	0	2	1861	116	3.069	32.852897612	32.7482655963	10.252
590	0	0	1	198	12	19.3416428368	29.7110952418	29.0516768392	22.252
590	0	0	2	1540	96	19.3416428368	33.5596735128	32.9002551103	9.464
591	0	0	1	901	56	23.4670392719	31.7393224363	30.9392560882	15.103
591	0	0	2	2245	140	23.4670392719	31.0783267269	30.2782603789	5.748
591	1	0	1	221	13	23.4670392719	32.6262260865	31.8261597385	4.504
591	1	0	2	1564	97	23.4670392719	28.9404176158	28.1403512677	9.779
592	0	0	1	839	52	22.1686773655	29.0243041337	28.2685030915	8.284
592	0	0	2	2181	136	22.1686773655	25.8475835534	25.0917825112	10.157
593	0	0	1	1259	78	17.0219157235	24.2188403787	23.6385088851	14.221
593	0	0	2	2609	163	17.0219157235	24.7289915471	24.1486600536	13.937
594	0	0	1	809	50	24.7788216549	36.6296391571	35.7848499563	7.181
594	0	0	2	2150	134	24.7788216549	32.7253115422	31.8805223415	8.488
595	0	0	1	234	14	14.933496786	33.1342058958	32.6250752765	10.126
595	0	0	2	1578	98	14.933496786	30.385534996	29.8764043768	12.378
596	0	0	1	1086	67	15.0292637409	32.4607681758	31.948372555	15.559
596	0	0	2	2430	151	15.0292637409	32.3119803372	31.7995847164	7.937
597	0	0	1	903	56	12.1481315066	35.0474669007	34.6332982832	15.039
597	0	0	2	2246	140	12.1481315066	35.1992948641	34.7851262467	13.906
598	0	0	1	542	33	14.3831332819	32.8872343902	32.3968674213	9.843
598	0	0	2	1891	118	14.3831332819	28.311209846	27.8208428771	12.158
599	0	0	1	326	20	10.5056831121	27.9183743268	27.5602020229	13.779
599	0	0	2	1670	104	10.5056831121	26.6276944365	26.2695221326	23.843
600	0	0	1	1250	78	9.56386634626	27.7031343377	27.3770715765	7.559
600	0	0	2	2597	162	9.56386634626	27.8793404761	27.5532777149	6.252
601	0	0	1	212	13	16.2267133693	29.2677050024	28.7144844979	7.937
601	0	0	2	1553	97	16.2267133693	28.0524211322	27.4992006276	13.481
602	0	0	1	1250	78	8.06524463186	27.0570595213	26.7820895627	4.283
602	0	0	2	2599	162	8.06524463186	30.1431899484	29.8682199897	16.189
603	0	0	1	915	57	13.847515713	30.3473528732	29.8752468185	9.181
603	0	0	2	2252	140	13.847515713	30.5322848029	30.0601787482	5.512
604	0	0	1	414	25	11.6940439001	30.8652791652	30.4665918451	5.339
604	0	0	2	1762	110	11.6940439001	32.4361360449	32.0374487248	12.567
605	0	0	1	510	31	7.64327905195	27.6180188776	27.3574350738	11.149
605	0	0	2	1859	116	7.64327905195	29.8591566751	29.5985728713	6.315
606	0	0	1	488	30	11.9070807043	26.5786541379	26.1727037125	17.874
606	0	0	2	1829	114	11.9070807043	26.7830585946	26.3771081692	10.598
607	0	0	1	1012	63	13.3535672197	29.826710296	29.3714445236	15.906
607	0	0	2	2356	147	13.3535672197	31.8299400968	31.3746743245	7.811
608	0	0	1	383	23	12.3044372224	25.1847549831	24.7652574044	5.622
608	0	0	2	1727	107	12.3044372224	25.5231419659	25.1036443872	11.622
608	1	0	1	372	23	12.3044372224	26.9805737358	26.5610761572	7.433
608	1	0	2	1730	108	12.3044372224	25.4201697172	25.0006721385	13.685
609	0	0	1	530	33	7.72399104544	29.5829535772	29.3196180437	18.157
609	0	0	2	1879	117	7.72399104544	29.0172825759	28.7539470423	6.315
610	0	0	1	879	54	19.6026038557	32.3087605407	31.6404451432	14.094
610	0	0	2	2222	138	19.6026038557	32.3419376813	31.6736222838	14.599
611	0	0	1	510	31	7.16417092933	29.6912939726	29.4470444954	7.244
611	0	0	2	1859	116	7.16417092933	31.0222884233	30.7780389462	6.898
612	0	0	1	1251	78	7.13432660477	23.3918229753	23.1485909866	4.189
612	0	0	2	2600	162	7.13432660477	24.7615598482	24.5183278594	18.708
613	0	0	1	890	55	20.2407183665	33.4217622672	32.7316915072	8.252
613	0	0	2	2230	139	20.2407183665	32.5302171599	31.8401463999	7.37
614	0	0	1	825	51	19.1159161583	21.2181334484	20.5664107896	16.126
614	0	0	2	2167	135	19.1159161583	29.8474249112	29.1957022524	17.811
615	0	0	1	414	25	10.7551274358	32.7320173266	32.3653406687	8.992
615	0	0	2	1762	110	10.7551274358	29.8127320087	29.4460553508	11.811
617	0	0	1	489	30	14.0303485361	27.483087101	27.0047476912	18.866
617	0	0	2	1834	114	14.0303485361	28.2846588017	27.8063193919	13.023
618	0	0	1	951	59	19.3265068503	29.1967423585	28.5378399901	15.779
618	0	0	2	2293	143	19.3265068503	34.1759530138	33.5170506453	10
619	0	0	1	541	33	9.54434259433	32.2429121204	31.9175149863	12.347
619	0	0	2	1890	118	9.54434259433	28.5485844394	28.2231873054	13.905
620	0	0	1	155	9	21.7393817103	30.4413853434	29.7002203617	20.378
620	0	0	2	1496	93	21.7393817103	29.1210754243	28.3799104425	24.662
621	0	0	1	146	9	22.285033114	31.3857378549	30.6259698734	8
621	0	0	2	1485	92	22.285033114	29.9696932587	29.2099252772	11.968
622	0	0	1	447	27	12.515647825	26.9227210793	26.4960226563	8.095
622	0	0	2	1793	112	12.515647825	28.2225200507	27.7958216278	11.606
624	0	0	1	992	62	11.8242513608	32.0052585009	31.6021319925	10.788
624	0	0	2	2335	145	11.8242513608	33.1131957428	32.7100692344	13.685
625	0	0	1	1032	64	6.62749223877	41.4876509315	41.2616985457	10.252
625	0	0	2	2376	148	6.62749223877	43.9498157906	43.7238634048	11.685
626	0	0	1	975	60	24.7522067503	26.9949526802	26.1510708666	5.071
626	0	0	2	2319	144	24.7522067503	29.0493010838	28.2054192702	12.772
627	0	0	1	807	50	26.5366593605	32.7777988278	31.8730793232	11.37
627	0	0	2	2148	134	26.5366593605	30.3161856442	29.4114661397	13.685
628	0	0	1	406	25	15.6844960284	21.0905728455	20.5558382626	10.315
628	0	0	2	1740	108	15.6844960284	31.217606173	30.68287159	4.126
629	0	0	1	485	30	9.33319610277	26.8180981086	26.4998996331	13.527
629	0	0	2	1830	114	9.33319610277	28.3737900802	28.0555916046	9.559
630	0	0	1	518	32	9.793635852	24.825133203	24.4912368653	4.772
630	0	0	2	1864	116	9.793635852	27.5075442699	27.1736479321	9.811
631	0	0	1	215	13	19.6001247105	33.2522724097	32.5840415341	7.039
631	0	0	2	1558	97	19.6001247105	30.7790979392	30.1108670636	14.094
632	0	0	1	520	32	11.1586133162	28.0202166916	27.6397839109	10.536
632	0	0	2	1867	116	11.1586133162	28.7271849952	28.3467522145	5.559
633	0	0	1	949	59	17.4884915915	27.3586230163	26.7623844606	12.189
633	0	0	2	2290	143	17.4884915915	31.9077892318	31.3115506762	7.039
634	0	0	1	105	6	26.8620591305	29.6164435457	28.7006301233	27.905
634	0	0	2	1447	90	26.8620591305	30.2766935835	29.3608801611	13.622
635	0	0	1	441	27	10.9348837209	29.2991100893	28.9263049653	4
635	0	0	2	1788	111	10.9348837209	28.9960535789	28.623248455	9.166
636	0	0	1	317	19	12.9594385716	25.6066552956	25.1648266282	9.748
636	0	0	2	1659	103	12.9594385716	25.3927538248	24.9509251573	24
637	0	0	1	792	49	22.3584546913	31.7186894772	30.9564183195	7.874
637	0	0	2	2132	133	22.3584546913	30.7968070995	30.0345359419	15.969
639	0	0	1	564	35	12.624215251	35.0588861224	34.628486289	10.284
639	0	0	2	1912	119	12.624215251	35.1064191111	34.6760192777	6.095
640	0	0	1	902	56	17.4400485138	31.3175301857	30.7229432094	13.26
640	0	0	2	2245	140	17.4400485138	30.9810603414	30.3864733651	12.803
640	1	0	1	897	56	17.4400485138	32.3931941458	31.7986071695	6
640	1	0	2	2238	139	17.4400485138	31.2106359523	30.616048976	4.693
641	0	0	1	520	32	7.98445658239	30.5799949446	30.3077793087	9.355
641	0	0	2	1866	116	7.98445658239	31.4167048646	31.1444892287	10.63
642	0	0	1	456	28	10.0904229003	29.8502052692	29.5061905128	4.126
642	0	0	2	1801	112	10.0904229003	29.6942679576	29.3502532011	9.275
643	0	0	1	528	33	11.7796882812	28.0734125747	27.6718053641	11.606
643	0	0	2	1876	117	11.7796882812	29.2619783937	28.860371183	5.528
644	0	0	1	803	50	22.3205073996	21.4040845069	20.6431070937	14.221
644	0	0	2	2155	134	22.3205073996	29.2443906477	28.4834132344	15.622
645	0	0	1	1254	78	4.65355254906	29.2874054246	29.1287509496	10.945
645	0	0	2	2598	162	4.65355254906	28.917944748	28.7592902731	8.095
646	0	0	1	520	32	10.1777061617	28.7422763979	28.3952858762	4.756
646	0	0	2	1866	116	10.1777061617	28.1808438293	27.8338533075	9.276
647	0	0	1	806	50	22.1876936329	32.2663464293	31.5098970617	6.929
647	0	0	2	2148	134	22.1876936329	28.1190960326	27.362646665	17.559
648	0	0	1	477	29	13.0179893759	29.4257665788	28.9819417274	9.842
648	0	0	2	1826	114	13.0179893759	26.4295812959	25.9857564444	8.945
649	0	0	1	1250	78	3.55845874455	27.5117819185	27.3904626903	6.819
649	0	0	2	2598	162	3.55845874455	29.4985699965	29.3772507683	16.252
650	0	0	1	106	6	23.834693676	31.2044232916	30.3918224303	15.212
650	0	0	2	1448	90	23.834693676	31.6933227158	30.8807218544	21.087
653	0	0	1	471	29	8.41262216515	29.5855409272	29.2987277586	7.607
653	0	0	2	1818	113	8.41262216515	27.863151068	27.5763378993	15.228
654	0	0	1	158	9	24.6655585333	30.0431290189	29.2022013199	6.599
654	0	0	2	1499	93	24.6655585333	32.5925587683	31.7516310693	7.559
655	0	0	1	1218	76	12.7027658667	26.4223999543	25.9893220795	8.032
655	0	0	2	2567	160	12.7027658667	28.0992665597	27.6661886849	11.008
656	0	0	1	591	36	9.16082414535	30.3096925356	29.9973707709	11.166
656	0	0	2	1940	121	9.16082414535	29.9737651726	29.6614434078	7.355
657	0	0	1	80	5	17.8890147082	33.8124512464	33.202557578	15.654
657	0	0	2	1418	88	17.8890147082	32.0189955554	31.4091018871	18.283
658	0	0	1	1213	75	12.7473418123	30.5143817899	30.0797841786	6.74
658	0	0	2	2561	160	12.7473418123	31.3373702432	30.9027726319	6.866
659	0	0	1	488	30	7.92513674243	27.3363521421	27.0661589091	15.464
659	0	0	2	1833	114	7.92513674243	27.4109170899	27.1407238569	8.536
660	0	0	1	334	20	9.97938832058	27.3188688821	26.9786396492	9.401
660	0	0	2	1678	104	9.97938832058	30.4714296181	30.1312003853	8.252
661	0	0	1	380	23	15.112629147	31.3172628956	30.8020250818	5.59
661	0	0	2	1726	107	15.112629147	31.033802988	30.5185651742	10.315
662	0	0	1	328	20	14.3280994484	31.1654638194	30.6769731296	4.347
662	0	0	2	1670	104	14.3280994484	30.20950552	29.7210148303	20.536
663	0	0	1	113	7	19.4874186744	32.9369452767	32.2725569101	6.977
663	0	0	2	1453	90	19.4874186744	31.8179752337	31.1535868671	12.221
664	0	0	1	490	30	7.8786976933	30.5656430813	30.2970331038	12.567
664	0	0	2	1838	114	7.8786976933	31.0340194258	30.7654094483	7.197
665	0	0	1	930	58	19.5770327263	25.3588415763	24.6913979803	24.126
665	0	0	2	2273	142	19.5770327263	28.0004693395	27.3330257435	6.992
666	0	0	1	493	30	10.3556152503	28.687906751	28.33485074	5.276
666	0	0	2	1838	114	10.3556152503	28.7667259757	28.4136699648	6.599
667	0	0	1	291	18	17.7928920962	24.916890059	24.3102735176	17.622
667	0	0	2	1634	102	17.7928920962	25.0653659811	24.4587494397	12.504
668	0	0	1	737	46	19.7548169147	34.3231013427	33.6495965157	4.803
668	0	0	2	2077	129	19.7548169147	34.6460420849	33.9725372578	4.504
669	0	0	1	1057	66	18.4776470835	30.9037526738	30.273790647	5.04
669	0	0	2	2408	150	18.4776470835	32.3889161855	31.7589541587	13.149
670	0	0	1	1083	67	14.6694837344	25.7602664879	25.2601369171	22.409
670	0	0	2	2429	151	14.6694837344	25.4213115724	24.9211820016	20.677
672	0	0	1	863	53	21.786738767	28.5123573256	27.7695777905	9.717
672	0	0	2	2222	138	21.786738767	30.9159406491	30.1731611139	7.433
673	0	0	1	218	13	20.3563494919	37.3849934234	36.6909804289	12.788
673	0	0	2	1560	97	20.3563494919	35.2554813732	34.5614683787	15.276
674	0	0	1	207	12	21.1801692934	25.4006990993	24.6785994556	6.252
674	0	0	2	1558	97	21.1801692934	24.8250440927	24.1029444489	11.638
675	0	0	1	551	34	11.1519441998	28.7166392015	28.3364337923	13.103
675	0	0	2	1898	118	11.1519441998	27.037046353	26.6568409438	4.347
676	0	0	1	1010	63	13.0377664096	27.8542004636	27.4097013499	5.748
676	0	0	2	2353	147	13.0377664096	28.6259172171	28.1814181034	10.063
677	0	0	1	273	17	15.7793737029	31.0912172829	30.5532480169	6.488
677	0	0	2	1618	101	15.7793737029	33.3516343861	32.81366512	16.472
678	0	0	1	564	35	10.6693847901	31.9006274743	31.5368740572	10.977
678	0	0	2	1912	119	10.6693847901	34.6498312088	34.2860777917	10.094
679	0	0	1	1220	76	12.0946663828	32.7345341064	32.3221882859	11.433
679	0	0	2	2571	160	12.0946663828	32.9245010611	32.5121552406	7.276
680	0	0	1	457	28	9.72964078052	31.4807200078	31.1490054666	6.788
680	0	0	2	1802	112	9.72964078052	30.5628955262	30.2311809849	10.063
681	0	0	1	266	16	17.8065891405	32.5050112218	31.8979277044	11.118
681	0	0	2	1610	100	17.8065891405	32.7770550329	32.1699715155	5.15
682	0	0	1	939	58	15.7848565253	34.1374487573	33.5992925644	6.819
682	0	0	2	2285	142	15.7848565253	33.9261650104	33.3880088174	13.748
683	0	0	1	441	27	8.97288180326	28.3977606113	28.0918464015	4.851
683	0	0	2	1787	111	8.97288180326	28.6505180236	28.3446038138	4.788
684	0	0	1	487	30	15.1393045907	38.7304593623	38.2143120974	12.598
684	0	0	2	1842	115	15.1393045907	30.7072173489	30.191070084	5.748
685	0	0	1	510	31	8.93955822749	28.6786377766	28.3738596739	4.095
685	0	0	2	1859	116	8.93955822749	31.294946659	30.9901685563	10.599
686	0	0	1	1034	64	15.1472810891	20.4824869588	19.9660677495	8
686	0	0	2	2378	148	15.1472810891	23.0568978406	22.5404786314	10.646
687	0	0	1	488	30	12.9864552572	29.0702118022	28.6274620497	13.433
687	0	0	2	1833	114	12.9864552572	28.9766247265	28.5338749739	14.504
688	0	0	1	797	49	24.6882237007	31.0680093752	30.2263089482	14.409
688	0	0	2	2135	133	24.6882237007	29.758829102	28.917128675	23.134
689	0	0	1	209	13	17.0280698139	31.6056929091	31.025151603	12.063
689	0	0	2	1552	97	17.0280698139	33.8524888572	33.2719475511	8.567
690	0	0	1	259	16	10.1135488092	32.4173834806	32.072580288	10.157
690	0	0	2	1602	100	10.1135488092	34.7375503103	34.3927471177	8
691	0	0	1	586	36	10.9253848261	27.8368579706	27.4643766943	9.874
691	0	0	2	1932	120	10.9253848261	27.8012699984	27.4287887221	7.527
692	0	0	1	773	48	19.3133923345	37.7978493825	37.1393941298	9.591
692	0	0	2	2114	132	19.3133923345	33.292575823	32.6341205703	21.59
693	0	0	1	308	19	18.7916180337	28.5565808936	27.915914594	7.842
693	0	0	2	1651	103	18.7916180337	30.4493896943	29.8087233946	12
694	0	0	1	281	17	16.61495822	28.1452566815	27.5787996695	10.536
694	0	0	2	1626	101	16.61495822	28.3510539789	27.7845969669	8.252
695	0	0	1	1230	76	12.8960648641	32.225107432	31.7854393768	7.307
695	0	0	2	2580	161	12.8960648641	29.9390867211	29.4994186658	12.614
696	0	0	1	333	20	16.9581828151	32.7170831317	32.1389244967	10.992
696	0	0	2	1678	104	16.9581828151	32.8271426017	32.2489839666	4.598
697	0	0	1	528	33	9.32167093405	29.6815187025	29.3637131568	15.717
697	0	0	2	1878	117	9.32167093405	31.4791288221	31.1613232764	6.929
698	0	0	1	276	17	9.4584658518	29.3775629262	29.0550936047	13.937
698	0	0	2	1619	101	9.4584658518	29.6674914404	29.3450221188	14
700	0	0	1	449	28	9.57250258101	26.1404625458	25.8141053478	20.094
700	0	0	2	1801	112	9.57250258101	25.2184125743	24.8920553763	8.693
701	0	0	1	807	50	22.8541298569	33.2538776442	32.4747073364	13.291
701	0	0	2	2149	134	22.8541298569	31.0200281729	30.2408578652	14.095
702	0	0	1	475	29	13.139367307	30.752481551	30.3045185381	28
702	0	0	2	1822	113	13.139367307	28.6483698027	28.2004067898	4.315
704	0	0	1	1210	75	12.8350175144	32.293527763	31.8559410069	15.717
704	0	0	2	2565	160	12.8350175144	30.821632403	30.3840456469	8.835
705	0	0	1	565	35	12.2637629249	26.6899385168	26.2718276549	8.898
705	0	0	2	1913	119	12.2637629249	28.3324525894	27.9143417275	10.598
706	0	0	1	134	8	23.8706121018	31.8542876903	31.040462255	11.559
706	0	0	2	1475	92	23.8706121018	33.9498948094	33.1360693742	5.748
707	0	0	1	1010	63	11.7426467821	26.0236730544	25.6233287068	4.22
707	0	0	2	2356	147	11.7426467821	32.9627660035	32.5624216559	10.221
708	0	0	1	493	30	11.6392503379	29.7754102264	29.3785909939	15.78
708	0	0	2	1838	114	11.6392503379	30.5853106014	30.1884913689	8.126
709	0	0	1	459	28	9.85140188951	29.25202687	28.9161611035	5.433
709	0	0	2	1806	112	9.85140188951	25.4528472192	25.1169814527	8.866
710	0	0	1	1107	69	16.2304617669	28.6828074816	28.1294591822	9.086
710	0	0	2	2455	153	16.2304617669	28.7546050184	28.201256719	13.181
711	0	0	1	937	58	24.0016486736	27.44995332	26.6316604293	17.685
711	0	0	2	2281	142	24.0016486736	29.6340350844	28.8157421937	5.874
712	0	0	1	136	8	19.6275793239	28.5735577012	27.9043908102	13.087
712	0	0	2	1477	92	19.6275793239	28.5811290819	27.9119621909	23.103
713	0	0	1	1221	76	10.6079640315	26.9907104303	26.6290510431	15.465
713	0	0	2	2571	160	10.6079640315	29.5196266027	29.1579672155	11.685
714	0	0	1	267	16	15.9183070144	32.3203918699	31.7776859234	8.032
714	0	0	2	1610	100	15.9183070144	31.7317548169	31.1890488704	11.386
716	0	0	1	434	27	14.2113200995	34.0722527104	33.5877434018	10.409
716	0	0	2	1782	111	14.2113200995	32.7602371961	32.2757278875	8.425
717	0	0	1	1030	64	13.4069395749	35.9262202622	35.4691348557	10.662
717	0	0	2	2374	148	13.4069395749	39.4091307513	38.9520453449	10.126
718	0	0	1	476	29	12.3702636262	33.1524656877	32.7307238766	11.465
718	0	0	2	1825	114	12.3702636262	29.4872225791	29.065480768	9.465
719	0	0	1	414	25	11.4182228402	28.8862306885	28.4969469896	8.693
719	0	0	2	1762	110	11.4182228402	27.708979306	27.3196956071	15.811
720	0	0	1	1108	69	14.0209301591	30.1745664342	29.6965481269	10.158
720	0	0	2	2456	153	14.0209301591	30.3420489828	29.8640306756	20.126
721	0	0	1	1003	62	17.2932395833	26.918870392	26.3292886012	15.843
721	0	0	2	2349	146	17.2932395833	27.4452611236	26.8556793328	15.842
722	0	0	1	1024	64	13.8920268042	23.2909450328	22.8173214528	11.276
722	0	0	2	2374	148	13.8920268042	32.9192241098	32.4456005297	7.37
722	1	0	1	1031	64	13.8920268042	20.5885529705	20.1149293905	12.599
722	1	0	2	2376	148	13.8920268042	33.5277418374	33.0541182574	11.842
723	0	0	1	486	30	10.3209742278	28.6846550862	28.3327800984	17.401
723	0	0	2	1831	114	10.3209742278	28.849316783	28.4974417951	6.851
724	0	0	1	489	30	12.6892716463	28.8069817463	28.3743639325	15.386
724	0	0	2	1833	114	12.6892716463	29.3873463298	28.954728516	13.149
725	0	0	1	470	29	12.3983848863	27.8625594682	27.4398589135	10.693
725	0	0	2	1816	113	12.3983848863	29.257370624	28.8346700693	8.158
726	0	0	1	422	26	12.4856949059	33.8311495594	33.4054723272	5.905
726	0	0	2	1771	110	12.4856949059	29.595015245	29.1693380128	15.559
727	0	0	1	265	16	22.8604547758	30.9093929943	30.1300070498	7.654
727	0	0	2	1609	100	22.8604547758	29.8172353162	29.0378493717	9.197
728	0	0	1	488	30	13.6415810511	25.6670303256	25.2019452415	18.457
728	0	0	2	1833	114	13.6415810511	30.8023317304	30.3372466463	11.118
729	0	0	1	918	57	15.6132750562	29.3187017773	28.7863953449	16.126
729	0	0	2	2261	141	15.6132750562	28.8729701618	28.3406637293	4.819
730	0	0	1	266	16	20.0158941438	25.7621112356	25.0797054517	20.992
730	0	0	2	1609	100	20.0158941438	25.2226103163	24.5402045324	12.945
731	0	0	1	415	25	11.2955169945	30.1944609535	29.809360689	4.866
731	0	0	2	1760	110	11.2955169945	28.7251209126	28.3400206481	13.685
732	0	0	1	274	17	14.1539420109	35.4169792484	34.9344261422	6.771
732	0	0	2	1618	101	14.1539420109	33.9199335682	33.437380462	10.284
733	0	0	1	530	33	14.0693439314	29.8845262671	29.4048573796	16.63
733	0	0	2	1879	117	14.0693439314	29.2246042413	28.7449353539	7.37
734	0	0	1	1061	66	13.0438731959	31.8254476941	31.3807403805	13.023
734	0	0	2	2407	150	13.0438731959	27.4837193115	27.039011998	19.181
735	0	0	1	155	9	19.9104536537	30.0075433417	29.328732361	18.693
735	0	0	2	1496	93	19.9104536537	28.6121542566	27.9333432759	22.504
736	0	0	1	807	50	22.9056186545	32.4066732073	31.6257474819	11.874
736	0	0	2	2148	134	22.9056186545	27.5974889737	26.8165632483	15.401
737	0	0	1	193	12	19.1148969698	35.73244756	35.0807596486	6.866
737	0	0	2	1538	96	19.1148969698	34.3286538018	33.6769658903	17.843
738	0	0	1	1227	76	10.1492017545	27.6531602236	27.3071415081	11.039
738	0	0	2	2579	161	10.1492017545	28.3928507009	28.0468319855	9.229
739	0	0	1	839	52	25.1333036884	28.0942804204	27.2374057946	11.748
739	0	0	2	2183	136	25.1333036884	25.5453245399	24.688449914	11.937
740	0	0	1	194	12	16.6116167148	29.1538167148	28.5874736254	8.914
740	0	0	2	1538	96	16.6116167148	27.1016269165	26.5352838271	23.685
741	0	0	1	934	58	19.3387743359	29.666268257	29.0069476508	19.559
741	0	0	2	2278	142	19.3387743359	28.2512482817	27.5919276755	16.567
742	0	0	1	454	28	12.6440986488	30.205051908	29.7739741861	18.913
742	0	0	2	1801	112	12.6440986488	28.9237840313	28.4927063093	8.031
743	0	0	1	1030	64	14.92220993	33.4680524304	32.9593066161	5.402
743	0	0	2	2375	148	14.92220993	39.54044347	39.0316976557	11.213
744	0	0	1	467	29	14.0105822997	41.2098132009	40.7321476853	5.811
744	0	0	2	1812	113	14.0105822997	30.2054124951	29.7277469794	12.221
745	0	0	1	520	32	10.4709407044	31.5909235345	31.2339357103	6.504
745	0	0	2	1866	116	10.4709407044	31.1788434272	30.821855603	8.032
746	0	0	1	227	14	22.6420931341	31.6881056923	30.9161643939	7.37
746	0	0	2	1569	98	22.6420931341	30.1658693916	29.3939280932	5.229
747	0	0	1	564	35	13.118506409	33.577582533	33.1303307347	14.835
747	0	0	2	1911	119	13.118506409	28.8038087928	28.3565569945	10.567
748	0	0	1	1096	68	9.01792276889	31.4647962934	31.1573464932	9.906
748	0	0	2	2444	152	9.01792276889	31.5220769093	31.2146271091	5.465
748	1	0	1	1091	68	9.01792276889	29.6834256556	29.3759758554	10.189
748	1	0	2	2437	152	9.01792276889	32.9310110875	32.6235612873	5.654
749	0	0	1	796	49	26.1503227691	32.4943213324	31.6027732766	13.338
749	0	0	2	2135	133	26.1503227691	31.8773288824	30.9857808266	16.504
750	0	0	1	1287	80	6.5246438526	25.94319136	25.7207454043	15.496
750	0	0	2	2637	164	6.5246438526	28.1932347917	27.9707888359	14.598
751	0	0	1	1211	75	8.51895161256	28.1128060755	27.8223677963	10.882
751	0	0	2	2561	160	8.51895161256	28.8892397626	28.5988014834	11.433
752	0	0	1	282	17	10.5155573122	33.2857662538	32.9272573069	13.937
752	0	0	2	1626	101	10.5155573122	34.1266965266	33.7681875797	9.937
753	0	0	1	1224	76	9.89576712329	30.2403509304	29.9029726113	14.22
753	0	0	2	2574	160	9.89576712329	30.5682942417	30.2309159226	9.339
754	0	0	1	1097	68	12.9772823725	28.4360755151	27.9936384954	9.842
754	0	0	2	2444	152	12.9772823725	28.9389395196	28.4965024999	8.063
755	0	0	1	459	28	10.9168130122	30.9956409168	30.6234518811	6.645
755	0	0	2	1805	112	10.9168130122	29.8564589313	29.4842698956	8.866
756	0	0	1	234	14	16.0167882888	30.2156546434	29.6695911556	7.622
756	0	0	2	1577	98	16.0167882888	29.063660039	28.5175965512	15.024
757	0	0	1	577	36	11.1347041572	30.1135288312	29.7339111901	7.874
757	0	0	2	1925	120	11.1347041572	31.3217166377	30.9420989966	4.567
758	0	0	1	528	33	6.23526093233	29.3864709067	29.1738909393	12.977
758	0	0	2	1878	117	6.23526093233	29.8657708112	29.6531908438	7.181
759	0	0	1	298	18	18.4398650503	28.8214109266	28.1927370101	18.63
759	0	0	2	1643	102	18.4398650503	28.3278761679	27.6992022513	18.614
760	0	0	1	558	34	16.9280509172	12.787762478	12.2106311356	6.157
760	0	0	2	1899	118	16.9280509172	15.1533573466	14.5762260042	8.095
761	0	0	1	993	62	19.7590248177	27.4243839409	26.750735653	15.118
761	0	0	2	2341	146	19.7590248177	26.9698055793	26.2961572914	9.622
762	0	0	1	1221	76	8.80184077722	29.783748313	29.4836654382	7.779
762	0	0	2	2569	160	8.80184077722	30.2632934393	29.9632105645	5.103
763	0	0	1	178	11	23.5382833738	31.2304969014	30.4280016143	4.504
763	0	0	2	1518	94	23.5382833738	29.2599617367	28.4574664496	14.693
764	0	0	1	430	26	8.13755154434	28.9557029812	28.6782678489	14.851
764	0	0	2	1763	110	8.13755154434	42.7018631577	42.4244280253	14.897
765	0	0	1	506	31	6.53043936734	29.8966868217	29.6740432783	15.527
765	0	0	2	1857	116	6.53043936734	30.8710178943	30.6483743509	10.157
766	0	0	1	1220	76	11.1206755274	31.4491137547	31.0699743944	9.229
766	0	0	2	2565	160	11.1206755274	32.1875943612	31.8084550009	5.055
767	0	0	1	1056	66	16.3485846749	29.8679871065	29.3106116198	13.969
767	0	0	2	2402	150	16.3485846749	27.7943064738	27.236930987	18.488
768	0	0	1	174	10	15.4002644269	30.5111752695	29.98613105	4.866
768	0	0	2	1514	94	15.4002644269	30.9214585551	30.3964143356	16.929
769	0	0	1	522	32	8.42233749821	33.8216034833	33.5344590879	12.945
769	0	0	2	1869	116	8.42233749821	31.9086696438	31.6215252483	14.157
770	0	0	1	918	57	16.8419580007	28.9502898754	28.3760937156	19.842
770	0	0	2	2258	141	16.8419580007	31.6640405925	31.0898444327	7.086
771	0	0	1	345	21	16.2772465753	35.8083203346	35.2533769916	11.717
771	0	0	2	1688	105	16.2772465753	35.9248987129	35.3699553699	4.835
773	0	0	1	816	51	23.2426511927	31.4513784562	30.6589622147	13.559
773	0	0	2	2156	134	23.2426511927	33.8609704558	33.0685542143	9.544
774	0	0	1	411	25	12.6947576881	31.8942879652	31.4614831147	16.977
774	0	0	2	1755	109	12.6947576881	29.9411220601	29.5083172096	10.346
775	0	0	1	488	30	14.3471935438	29.4868540382	28.9977123697	15.323
775	0	0	2	1833	114	14.3471935438	30.9256155231	30.4364738547	10.094
776	0	0	1	487	30	15.8684409462	29.0222716628	28.4812658098	16.882
776	0	0	2	1831	114	15.8684409462	28.9710992755	28.4300934225	10.677
777	0	0	1	492	30	12.8933333289	29.0652504326	28.6256755041	12.33
777	0	0	2	1838	114	12.8933333289	29.365432424	28.9258574954	7.008
778	0	0	1	983	61	18.5380239345	27.1795567611	26.5475362946	4.851
778	0	0	2	2328	145	18.5380239345	29.5102557402	28.8782352737	17.779
779	0	0	1	131	8	16.8227311299	12.7508461306	12.1773054763	18.126
779	0	0	2	1499	93	16.8227311299	4.39151050302	3.81796984869	17.937
780	0	0	1	864	54	18.2426598211	31.0790411254	30.4570905652	8.992
780	0	0	2	2210	138	18.2426598211	32.124863002	31.5029124418	6.519
781	0	0	1	528	33	12.5441508679	28.8751177775	28.4474475947	14.85
781	0	0	2	1874	117	12.5441508679	30.002513514	29.5748433312	10.819
782	0	0	1	1024	64	15.0874774695	24.4027931011	23.8884127883	12.283
782	0	0	2	2368	148	15.0874774695	26.4248569945	25.9104766817	20.031
783	0	0	1	486	30	9.84779235566	28.2269813832	27.8912386772	22.252
783	0	0	2	1831	114	9.84779235566	29.8395618667	29.5038191607	11.212
784	0	0	1	918	57	19.5037295315	36.4765735619	35.8116291061	6.724
784	0	0	2	2274	142	19.5037295315	27.5614001414	26.8964556855	7.811
785	0	0	1	180	11	14.1671624858	29.132000617	28.6489967825	10.914
785	0	0	2	1524	95	14.1671624858	28.9374714855	28.454467651	19.685
786	0	0	1	773	48	22.1911249886	31.5632777346	30.8067113812	5.04
786	0	0	2	2114	132	22.1911249886	32.9585022767	32.2019359233	15.338
787	0	0	1	459	28	10.6169313519	28.6829802526	28.3210151408	7.811
787	0	0	2	1805	112	10.6169313519	27.3365315301	26.9745664182	4.913
788	0	0	1	513	32	13.9199011298	28.1656428039	27.691068899	12.315
788	0	0	2	1859	116	13.9199011298	30.3882418208	29.913667916	16.315
789	0	0	1	1227	76	8.22856559182	29.5409691436	29.2604310516	13.008
789	0	0	2	2579	161	8.22856559182	30.4963197993	30.2157817073	10.787
790	0	0	1	987	61	14.1557088304	26.7313690861	26.2487557433	20.425
790	0	0	2	2332	145	14.1557088304	33.4861003974	33.0034870546	7.213
791	0	0	1	343	21	7.39427579059	29.3822958536	29.1302013666	9.685
791	0	0	2	1686	105	7.39427579059	27.9141144456	27.6620199585	5.811
792	0	0	1	334	20	16.5258732977	29.9095834892	29.3461636668	9.622
792	0	0	2	1678	104	16.5258732977	32.306200331	31.7427805086	6.756
793	0	0	1	1227	76	6.97432560387	31.2364719415	30.9986948981	11.748
793	0	0	2	2578	161	6.97432560387	28.4198068547	28.1820298113	7.275
794	0	0	1	1250	78	11.3643070532	25.93025785	25.5428123126	4.473
794	0	0	2	2598	162	11.3643070532	24.3132488199	23.9258032825	16.693
795	0	0	1	920	57	11.1418729848	32.8758996212	32.4960375718	16.441
795	0	0	2	2262	141	11.1418729848	32.8428218018	32.4629597525	5.086
796	0	0	1	242	15	19.4759036486	33.6470406916	32.9830449089	18.74
796	0	0	2	1581	98	19.4759036486	32.211385595	31.5473898124	7.213
797	0	0	1	413	25	14.5065623047	32.7601821335	32.2656070747	9.008
797	0	0	2	1762	110	14.5065623047	32.9424598668	32.4478848081	15.969
798	0	0	1	795	49	26.3367010448	32.8747733138	31.9768710271	12.772
798	0	0	2	2135	133	26.3367010448	31.800918698	30.9030164113	6
799	0	0	1	1243	77	13.6993175982	30.1595463632	29.6924928558	4.787
799	0	0	2	2593	162	13.6993175982	29.5567797879	29.0897262804	8.504
800	0	0	1	929	58	12.630517248	36.9203935934	36.4897789048	7.213
800	0	0	2	2272	142	12.630517248	33.2461971472	32.8155824586	9.37
801	0	0	1	768	48	20.6220524906	30.7481817739	30.0451101152	17.496
801	0	0	2	2120	132	20.6220524906	27.3446659008	26.6415942421	12.441
803	0	0	1	1218	76	10.0878896796	32.0071351005	31.6632067096	9.968
803	0	0	2	2562	160	10.0878896796	32.7592930258	32.4153646349	11.181
804	0	0	1	258	16	13.5097756803	31.0822730661	30.6216816482	11.37
804	0	0	2	1601	100	13.5097756803	31.7989002258	31.3383088079	7.165
805	0	0	1	1057	66	13.4130327256	29.0273461394	28.570052998	13.654
805	0	0	2	2401	150	13.4130327256	27.9361281312	27.4788349897	20.85
806	0	0	1	488	30	11.0189541065	28.113516624	27.737845272	19.653
806	0	0	2	1832	114	11.0189541065	28.9861462762	28.6104749242	10.158
807	0	0	1	572	35	7.75042610721	31.8990723179	31.6348355286	9.969
807	0	0	2	1923	120	7.75042610721	31.5137776702	31.2495408809	14.441
808	0	0	1	290	18	15.2000661359	29.6786798056	29.1604609855	11.653
808	0	0	2	1634	102	15.2000661359	25.2827682773	24.7645494571	10.315
809	0	0	1	446	27	6.9700382692	28.5517707563	28.3141398819	5.213
809	0	0	2	1797	112	6.9700382692	27.6648326521	27.4272017776	12.662
811	0	0	1	807	50	27.8105058093	35.2639115138	34.3157625137	7.244
811	0	0	2	2149	134	27.8105058093	34.3217460658	33.3735970658	14.267
812	0	0	1	110	6	18.7343523557	31.4301917352	30.7914778055	4.063
812	0	0	2	1450	90	18.7343523557	34.1702574033	33.5315434736	11.685
813	0	0	1	1213	75	10.439986829	26.6662911492	26.3103586415	11.654
813	0	0	2	2562	160	10.439986829	28.0984601744	27.7425276668	10.346
814	0	0	1	440	27	9.9778814233	28.1836029109	27.843425053	6.929
814	0	0	2	1785	111	9.9778814233	28.2692270333	27.9290491754	7.244
815	0	0	1	249	15	18.8560037314	30.335118914	29.6922575002	4.22
815	0	0	2	1592	99	18.8560037314	31.2767321114	30.6338706976	7.37
816	0	0	1	879	54	20.0574479765	35.6894481322	35.0056256454	14.851
816	0	0	2	2222	138	20.0574479765	32.3002249997	31.6164025129	11.811
817	0	0	1	431	26	8.79560068609	32.4693546377	32.1694845076	15.653
817	0	0	2	1779	111	8.79560068609	33.2662353981	32.966365268	10.315
818	0	0	1	1255	78	9.74601727607	25.4389861156	25.1067132473	13.37
818	0	0	2	2603	162	9.74601727607	27.4754464809	27.1431736125	11.433
819	0	0	1	806	50	24.6263169455	31.0411212883	30.2015314604	12.063
819	0	0	2	2146	134	24.6263169455	33.8897516825	33.0501618546	13.055
820	0	0	1	1103	68	9.83160994476	31.78182888	31.4466378841	7.244
820	0	0	2	2452	153	9.83160994476	34.5099356171	34.1747446212	7.874
821	0	0	1	275	17	14.1001007667	30.773719091	30.2930016048	9.905
821	0	0	2	1619	101	14.1001007667	32.377904844	31.8971873578	7.622
822	0	0	1	491	30	11.3443466089	27.2235051317	26.8367401096	15.969
822	0	0	2	1835	114	11.3443466089	29.29285996	28.9060949379	18.914
823	0	0	1	901	56	18.3818316269	31.4391528223	30.8124574506	17.842
823	0	0	2	2242	140	18.3818316269	33.6375069922	33.0108116204	13.748
824	0	0	1	447	27	10.4547720603	29.0233398794	28.6669032959	5.086
824	0	0	2	1793	112	10.4547720603	34.3645594512	34.0081228677	6.803
825	0	0	1	210	13	20.1509386501	35.061758479	34.3747485964	10.788
825	0	0	2	1542	96	20.1509386501	26.3629468259	25.6759369433	4
826	0	0	1	916	57	21.093874337	32.8390580752	32.1199005022	12.913
826	0	0	2	2258	141	21.093874337	31.718105792	30.998948219	7.654
827	0	0	1	1055	65	12.4177672163	27.2094489052	26.7860875449	4.346
827	0	0	2	2394	149	12.4177672163	30.0805963362	29.657234976	11.937
828	0	0	1	918	57	17.5707486636	36.5239439701	35.924901008	5.464
828	0	0	2	2284	142	17.5707486636	32.7037406372	32.1046976752	11.622
829	0	0	1	260	16	16.8339440944	37.3327098685	36.7587869284	4.441
829	0	0	2	1602	100	16.8339440944	29.6206115389	29.0466885988	10.095
830	0	0	1	1213	75	12.5532668135	28.7556368749	28.3276559004	9.59
830	0	0	2	2562	160	12.5532668135	32.9152343535	32.487253379	7.622
831	0	0	1	569	35	13.0591468564	29.0406610691	28.5954330276	7.355
831	0	0	2	1918	119	13.0591468564	27.9183059628	27.4730779213	5.969
832	0	0	1	452	28	11.0682237792	28.7916921325	28.4143410199	12.992
832	0	0	2	1798	112	11.0682237792	30.0782003403	29.7008492277	8.347
833	0	0	1	910	56	19.0532768067	2.8292900298	2.17970294656	11.528
833	0	0	2	2251	140	19.0532768067	1.77862146749	1.12903438425	7.244
835	0	0	1	835	52	21.6728469623	25.8095644528	25.0706678532	17.685
835	0	0	2	2178	136	21.6728469623	23.6636963335	22.9247997339	15.024
836	0	0	1	763	47	18.2979150529	33.5879031825	32.9640687949	4.252
836	0	0	2	2105	131	18.2979150529	34.4340546674	33.8102202798	12.598
837	0	0	1	825	51	22.8897821482	17.8360734113	17.055687603	12.441
837	0	0	2	2167	135	22.8897821482	27.2704441462	26.4900583379	18.504
838	0	0	1	477	29	14.101863731	30.4741212376	29.9933436463	12.252
838	0	0	2	1824	114	14.101863731	30.4642429867	29.9834653954	5.244
839	0	0	1	443	27	6.71152659944	27.2225889501	26.9937715644	7.338
839	0	0	2	1791	111	6.71152659944	24.7390594326	24.5102420469	9.811
840	0	0	1	152	9	21.3471607365	28.3052236075	27.577430692	16.472
840	0	0	2	1485	92	21.3471607365	31.1403728524	30.4125799368	11.811
841	0	0	1	1030	64	7.32698528297	50.3546554033	50.1048550647	17.779
841	0	0	2	2374	148	7.32698528297	54.0988237098	53.8490233711	17.307
842	0	0	1	266	16	21.2946085127	31.5720407679	30.8460395255	11.748
842	0	0	2	1609	100	21.2946085127	30.8508512152	30.1248499728	11.433
843	0	0	1	214	13	21.594201229	28.1427006759	27.4064853606	18.157
843	0	0	2	1556	97	21.594201229	28.8262098951	28.0899945799	15.008
844	0	0	1	1244	77	12.1040805775	28.3911284886	27.9784617081	7.811
844	0	0	2	2594	162	12.1040805775	26.5821519341	26.1694851536	11.149
845	0	0	1	158	9	19.2025533815	31.8369291581	31.1822527594	9.716
845	0	0	2	1499	93	19.2025533815	31.2567821162	30.6021057175	19.622
846	0	0	1	262	16	17.4755188031	30.5487550371	29.9529587653	11.654
846	0	0	2	1606	100	17.4755188031	28.7597639744	28.1639677026	14.504
847	0	0	1	933	58	13.2611674978	33.2487389335	32.7966233629	15.086
847	0	0	2	2276	142	13.2611674978	33.9664080171	33.5142924465	4.898
848	0	0	1	966	60	22.4935730904	31.6433660902	30.8764883146	10.567
848	0	0	2	2310	144	22.4935730904	28.7501941838	27.9833164082	4.536
849	0	0	1	795	49	26.5359042223	33.6880174676	32.7833237081	10.536
849	0	0	2	2134	133	26.5359042223	33.6048651441	32.7001713846	18.535
850	0	0	1	899	56	18.6260283566	27.9582635388	27.3232427203	12.945
850	0	0	2	2245	140	18.6260283566	33.9778423522	33.3428215337	7.843
851	0	0	1	1212	75	8.62932218144	32.2485633621	31.9543621975	5.559
851	0	0	2	2561	160	8.62932218144	32.1944032173	31.9002020527	8.157
852	0	0	1	227	14	19.0061189813	30.7509457156	30.1029663933	8.441
852	0	0	2	1569	98	19.0061189813	31.1668663869	30.5188870646	8.504
853	0	0	1	449	28	10.2609756351	29.152953572	28.8031241278	22.945
853	0	0	2	1796	112	10.2609756351	30.1678113112	29.8179818671	9.685
854	0	0	1	438	27	12.3883533781	31.3405438269	30.9181852783	19.087
854	0	0	2	1784	111	12.3883533781	31.5344308987	31.1120723502	10.378
855	0	0	1	929	58	14.8024204079	34.747024179	34.2423623723	20.126
855	0	0	2	2272	142	14.8024204079	34.5357960742	34.0311342674	6.158
856	0	0	1	429	26	8.53926306342	26.882110971	26.5909802094	18.236
856	0	0	2	1776	111	8.53926306342	27.9120758357	27.6209450742	16.914
857	0	0	1	422	26	12.0615460743	31.3659285131	30.9547118698	9.653
857	0	0	2	1768	110	12.0615460743	32.3758700349	31.9646533915	14
858	0	0	1	432	27	14.7336540894	31.8409357236	31.3386183804	9.103
858	0	0	2	1779	111	14.7336540894	30.5573943779	30.0550770346	4.457
859	0	0	1	519	32	6.08325400704	29.7077806326	29.500383067	11.78
859	0	0	2	1866	116	6.08325400704	29.6567309727	29.4493334071	10.252
860	0	0	1	985	61	13.5639211888	25.5399721033	25.0775346921	13.622
860	0	0	2	2333	145	13.5639211888	31.5054078707	31.0429704595	12.882
861	0	0	1	428	26	8.71533736787	25.5021717824	25.2050380852	18.976
861	0	0	2	1775	110	8.71533736787	25.3851521808	25.0880184837	18.456
862	0	0	1	908	56	19.9350193166	27.6388758893	26.9592273867	12.913
862	0	0	2	2249	140	19.9350193166	30.401427199	29.7217786963	10.221
863	0	0	1	794	49	27.4724120705	35.868272147	34.9316498428	6.992
863	0	0	2	2133	133	27.4724120705	31.1883014948	30.2516791906	18.063
863	1	0	1	795	49	27.4724120705	35.7109600405	34.7743377362	6.189
863	1	0	2	2134	133	27.4724120705	30.4543776535	29.5177553493	19.386
864	0	0	1	1033	64	15.222615649	36.5127804076	35.9937928025	8.582
864	0	0	2	2377	148	15.222615649	31.2439871172	30.7249995122	8.095
865	0	0	1	1063	66	11.3999080947	29.8424251675	29.4537658768	9.528
865	0	0	2	2411	150	11.3999080947	27.4629290119	27.0742697213	14.582
866	0	0	1	586	36	9.98550130747	28.1506503884	27.8102127443	13.685
866	0	0	2	1937	121	9.98550130747	28.9825478836	28.6421102395	4.347
867	0	0	1	1009	63	10.8825407947	31.0561236842	30.6851030978	9.78
867	0	0	2	2354	147	10.8825407947	31.1283204591	30.7572998727	10.693
868	0	0	1	1009	63	18.4432880747	28.8904512459	28.2616606275	12.267
868	0	0	2	2353	147	18.4432880747	30.8780254875	30.2492348691	12.472
869	0	0	1	1040	65	16.1041487493	32.7639948686	32.2149529835	9.307
869	0	0	2	2394	149	16.1041487493	30.6470587341	30.098016849	9.087
870	0	0	1	413	25	11.4392082708	32.5385990453	32.1485998861	6.409
870	0	0	2	1759	109	11.4392082708	33.0651586479	32.6751594887	12.977
871	0	0	1	513	32	9.75776697318	30.905153274	30.572479821	6.977
871	0	0	2	1860	116	9.75776697318	32.5361233805	32.2034499275	13.842
872	0	0	1	471	29	7.28445372837	29.4392442921	29.19089399	7.591
872	0	0	2	1818	113	7.28445372837	30.5512059794	30.3028556773	9.496
873	0	0	1	932	58	13.25472455	31.6309042675	31.1790083576	13.653
873	0	0	2	2274	142	13.25472455	30.107351521	29.655455611	17.685
874	0	0	1	491	30	11.6216234792	27.1511596079	26.7549413314	13.401
874	0	0	2	1837	114	11.6216234792	26.032166164	25.6359478875	8.441
875	0	0	1	485	30	13.6612505848	27.5794707329	27.1137150515	16.834
875	0	0	2	1830	114	13.6612505848	29.535361106	29.0696054247	11.969
877	0	0	1	294	18	18.1133634728	31.2656504293	30.6481079947	14.252
877	0	0	2	1638	102	18.1133634728	31.2808835781	30.6633411436	8.504
877	1	0	1	295	18	18.1133634728	28.6678560183	28.0503135837	7.78
877	1	0	2	1637	102	18.1133634728	30.1092198709	29.4916774363	15.59
878	0	0	1	1248	78	6.93126273622	27.4967503701	27.2604414775	6.063
878	0	0	2	2598	162	6.93126273622	31.1014343352	30.8651254425	16.157
879	0	0	1	1269	79	10.0970941955	29.1184081344	28.7741659322	15.874
879	0	0	2	2619	163	10.0970941955	27.4920864821	27.1478442798	14.819
880	0	0	1	201	12	18.3222100121	27.7316735875	27.1070109071	6.504
880	0	0	2	1543	96	18.3222100121	30.3492775797	29.7246148993	11.402
881	0	0	1	308	19	15.9416484052	29.0653241442	28.5218224151	16.992
881	0	0	2	1652	103	15.9416484052	32.3071096372	31.763607908	12
882	0	0	1	901	56	23.5704478717	30.7129934546	29.909401577	11.906
882	0	0	2	2242	140	23.5704478717	30.6679007562	29.8643088786	7.969
883	0	0	1	804	50	26.0967554774	35.5897607567	34.7000389811	13.937
883	0	0	2	2145	134	26.0967554774	35.2461333069	34.3564115313	11.685
884	0	0	1	1264	79	11.4360079225	30.4639912645	30.0741012154	10.284
884	0	0	2	2615	163	11.4360079225	31.821214494	31.4313244449	10.646
886	0	0	1	1009	63	13.677573084	29.4314646283	28.9651524608	6.929
886	0	0	2	2354	147	13.677573084	31.5483491172	31.0820369498	9.275
887	0	0	1	607	37	11.4927700895	32.3601186308	31.968293378	6.662
887	0	0	2	1957	122	11.4927700895	28.6283191659	28.2364939132	10.378
888	0	0	1	1041	65	6.95543687598	30.4224025149	30.1852694486	14
888	0	0	2	2394	149	6.95543687598	32.8653900729	32.6282570066	8
889	0	0	1	106	6	20.501648052	32.264987232	31.5660205453	10.221
889	0	0	2	1447	90	20.501648052	29.3851844607	28.686217774	12.96
890	0	0	1	218	13	19.3085100219	31.9179974442	31.2597086452	10.472
890	0	0	2	1561	97	19.3085100219	30.1698552184	29.5115664193	17.402
891	0	0	1	915	57	16.0621162859	27.8010520478	27.2534431837	17.244
891	0	0	2	2257	141	16.0621162859	31.1936211601	30.646012296	9.26
892	0	0	1	583	36	10.597300458	30.7430355189	30.381739687	11.969
892	0	0	2	1929	120	10.597300458	28.7449766121	28.3836807801	9.779
893	0	0	1	549	34	10.4263795904	28.7711895074	28.415720914	17.149
893	0	0	2	1897	118	10.4263795904	30.09984842	29.7443798265	12.677
894	0	0	1	1029	64	15.1058083343	26.2461778501	25.7311725795	5.937
894	0	0	2	2374	148	15.1058083343	39.3026900351	38.7876847646	16.567
895	0	0	1	1098	68	9.9389717816	33.9664031763	33.6275518724	7.418
895	0	0	2	2446	152	9.9389717816	32.9045941196	32.5657428156	5.811
896	0	0	1	1227	76	8.04331726431	30.6646060109	30.3903836262	6.535
896	0	0	2	2579	161	8.04331726431	28.4010251143	28.1268027296	7.716
897	0	0	1	1236	77	12.8833853498	29.400664696	28.9614289259	4.158
897	0	0	2	2585	161	12.8833853498	30.6934272075	30.2541914374	13.685
898	0	0	1	458	28	9.84806868668	29.1949571682	28.8592050412	7.685
898	0	0	2	1803	112	9.84806868668	27.149149445	26.8133973181	9.338
899	0	0	1	514	32	5.9906148619	29.7033491021	29.4991099009	5.433
899	0	0	2	1861	116	5.9906148619	33.7892161179	33.5849769168	10.504
900	0	0	1	1040	65	14.6976304113	28.1166675614	27.6155783804	12.662
900	0	0	2	2393	149	14.6976304113	32.8743692877	32.3732801067	8.913
901	0	0	1	932	58	19.8507961474	30.0708753785	29.3940983128	14.158
901	0	0	2	2276	142	19.8507961474	29.7149659888	29.0381889231	15.496
902	0	0	1	443	27	7.81712546736	26.4687910863	26.2022803027	12.945
902	0	0	2	1769	110	7.81712546736	11.8386768515	11.5721660679	16.378
903	0	0	1	1229	76	24.9965941027	33.152342696	32.3001289367	11.968
903	0	0	2	2581	161	24.9965941027	33.2322418078	32.3800280485	13.968
904	0	0	1	895	55	19.8544206202	34.3142205956	33.63731996	20.535
904	0	0	2	2238	139	19.8544206202	36.0063664479	35.3294658123	6.378
905	0	0	1	246	15	19.3598855021	29.8480100965	29.1879697432	12.095
905	0	0	2	1588	99	19.3598855021	26.581514217	25.9214738637	17.811
906	0	0	1	517	32	17.3361748431	27.690402943	27.0993573519	7.26
906	0	0	2	1864	116	17.3361748431	32.0104202301	31.4193746391	10.945
907	0	0	1	407	25	13.4177010814	29.0528601231	28.5954078225	10.85
907	0	0	2	1755	109	13.4177010814	30.0288447492	29.5713924486	8.645
908	0	0	1	533	33	9.74275889604	23.8910466283	23.5588848486	14.882
908	0	0	2	1896	118	9.74275889604	20.6477840908	20.315622311	20.977
908	1	0	1	532	33	9.74275889604	32.3633037517	32.031141972	9.401
908	1	0	2	1867	116	9.74275889604	44.1035397717	43.7713779919	6.725
909	0	0	1	437	27	9.82907311604	36.9919011206	36.6567966133	9.181
909	0	0	2	1783	111	9.82907311604	31.0947861241	30.7596816169	10.519
910	0	0	1	433	27	11.9974345399	31.3914028195	30.9823719432	8.882
910	0	0	2	1781	111	11.9974345399	26.9058516593	26.4968207829	17.213
911	0	0	1	413	25	12.5655187299	36.454861061	36.0264623795	9.905
911	0	0	2	1762	110	12.5655187299	32.4403120133	32.0119133319	15.874
912	0	0	1	1040	65	9.51765177002	23.4754256892	23.1509385306	15.464
912	0	0	2	2394	149	9.51765177002	30.4374072232	30.1129200646	16.126
913	0	0	1	521	32	9.89702795645	26.0571811603	25.7197598554	12.787
913	0	0	2	1869	116	9.89702795645	27.0301752209	26.6927539159	9.039
914	0	0	1	821	51	16.9179426005	27.3021721136	26.725385396	7.685
914	0	0	2	2165	135	16.9179426005	32.8350168947	32.2582301771	11.779
915	0	0	1	417	26	13.9096381901	27.5772808684	27.10305686	12.315
915	0	0	2	1769	110	13.9096381901	29.0972999238	28.6230759154	24.551
916	0	0	1	934	58	23.9115283993	29.6866678453	28.8714474427	10.409
916	0	0	2	2277	142	23.9115283993	28.4601885461	27.6449681435	6.63
917	0	0	1	530	33	12.702657581	28.360866443	27.9277922599	10.992
917	0	0	2	1879	117	12.702657581	31.482226274	31.0491520909	12.992
918	0	0	1	807	50	25.0797277289	34.186769556	33.3317215058	11.59
918	0	0	2	2148	134	25.0797277289	29.7074292803	28.8523812301	11.575
919	0	0	1	327	20	12.6837894737	31.0170936912	30.5846627822	9.811
919	0	0	2	1671	104	12.6837894737	16.5304837099	16.0980528009	5.37
921	0	0	1	523	32	9.57570588935	31.6957665733	31.3693001643	5.842
921	0	0	2	1869	116	9.57570588935	30.2287450686	29.9022786596	17.055
922	0	0	1	822	51	32.899745121	28.2650024235	27.1433449947	14.976
922	0	0	2	2165	135	32.899745121	29.1514611602	28.0298037314	16.378
923	0	0	1	890	55	19.7232920329	33.7327589942	33.0603289511	11.937
923	0	0	2	2233	139	19.7232920329	33.4554648934	32.7830348503	12.725
924	0	0	1	562	35	7.21969424046	29.3891578648	29.1430154206	21.496
924	0	0	2	1910	119	7.21969424046	31.2543607235	31.0082182792	9.181
925	0	0	1	526	32	11.1624322827	28.4960602734	28.1154972919	10.031
925	0	0	2	1874	117	11.1624322827	27.9907116442	27.6101486628	7.008
926	0	0	1	136	8	16.9996059278	27.6490187855	27.0694479042	16.992
926	0	0	2	1481	92	16.9996059278	29.1508266087	28.5712557274	11.149
927	0	0	1	506	31	9.99312744534	28.4355463933	28.0948487497	10.063
927	0	0	2	1857	116	9.99312744534	29.9150001728	29.5743025292	12.629
928	0	0	1	455	28	11.0643804877	29.9804168994	29.6031968169	13.748
928	0	0	2	1800	112	11.0643804877	29.9803819585	29.603161876	10.41
929	0	0	1	768	48	22.4188923666	30.3875142304	29.6231825592	11.339
929	0	0	2	2109	131	22.4188923666	32.5016828906	31.7373512195	15.087
930	0	0	1	1060	66	19.0407780639	26.6182410129	25.9690800518	5.37
930	0	0	2	2407	150	19.0407780639	24.3682733023	23.7191123411	19.464
931	0	0	1	734	45	19.0914169211	35.3833465772	34.7324591756	4.819
931	0	0	2	2069	129	19.0914169211	39.9775190689	39.3266316673	7.087
933	0	0	1	990	61	17.3212778695	28.68639618	28.0958584745	20.851
933	0	0	2	2336	146	17.3212778695	28.7336848211	28.1431471155	8.851
934	0	0	1	430	26	14.3277952306	31.8259289987	31.3374486807	13.275
934	0	0	2	1777	111	14.3277952306	31.6782624254	31.1897821074	8.567
936	0	0	1	490	30	11.9632803717	25.1721183645	24.7642519129	20.347
936	0	0	2	1834	114	11.9632803717	30.2892217953	29.8813553437	13.905
937	0	0	1	1236	77	25.3367840047	34.1080063404	33.2441944205	4.409
937	0	0	2	2585	161	25.3367840047	32.8309062298	31.9670943098	8.221
938	0	0	1	1089	68	10.6210943396	34.0251448791	33.6630378378	7.386
938	0	0	2	2437	152	10.6210943396	36.6556753243	36.2935682829	6.866
939	0	0	1	297	18	14.808885637	28.3641988262	27.8593165991	6.536
939	0	0	2	1641	102	14.808885637	29.5245721077	29.0196898806	7.685
939	1	0	1	298	18	14.808885637	25.855436603	25.3505543759	12.834
939	1	0	2	1642	102	14.808885637	31.8646001527	31.3597179257	7.229
940	0	0	1	795	49	20.3950006498	35.7123789928	35.0170482569	10.897
940	0	0	2	2134	133	20.3950006498	33.7603159772	33.0649852412	14.315
941	0	0	1	797	49	25.589550658	32.7186164776	31.8461869348	8.063
941	0	0	2	2133	133	25.589550658	34.2585764354	33.3861468926	15.118
942	0	0	1	1015	63	19.3418521925	26.3158832634	25.6564577233	20.834
942	0	0	2	2359	147	19.3418521925	31.2542430665	30.5948175264	13.78
943	0	0	1	765	47	19.3558911244	33.8931682821	33.2332641099	15.134
943	0	0	2	2107	131	19.3558911244	32.3065667555	31.6466625833	11.37
944	0	0	1	266	16	16.5833995113	29.3195851294	28.7542040547	13.748
944	0	0	2	1609	100	16.5833995113	28.8238410142	28.2584599394	7.276
945	0	0	1	965	60	17.3271985274	30.1877189046	29.5969793448	8.662
945	0	0	2	2310	144	17.3271985274	25.6822203052	25.0914807454	6.567
946	0	0	1	1270	79	4.72329256705	28.8363436691	28.6753115342	15.339
946	0	0	2	2616	163	4.72329256705	28.4818465273	28.3208143924	8.189
947	0	0	1	288	18	13.7064372747	24.8491735982	24.3818773582	16.835
947	0	0	2	1631	101	13.7064372747	25.7209300833	25.2536338433	21.449
948	0	0	1	1048	65	12.7281168181	33.0937540819	32.6598119121	8.646
948	0	0	2	2399	149	12.7281168181	31.3074952451	30.8735530754	10.063
949	0	0	1	415	25	9.76603817455	28.3217638476	27.9888084028	5.26
949	0	0	2	1763	110	9.76603817455	29.1998445056	28.8668890609	15.181
950	0	0	1	469	29	12.3571645188	34.6034826548	34.1821874342	5.528
950	0	0	2	1815	113	12.3571645188	29.5781260643	29.1568308436	5.59
951	0	0	1	107	6	21.1384415964	32.7421932061	32.0215161929	20.063
951	0	0	2	1449	90	21.1384415964	32.1471146052	31.4264375919	16.095
952	0	0	1	582	36	12.6123021284	32.858935343	32.428941666	4.488
952	0	0	2	1928	120	12.6123021284	31.4989952073	31.0690015303	13.716
953	0	0	1	472	29	7.12621085232	14.7063725626	14.4634172657	10.441
953	0	0	2	1818	113	7.12621085232	29.6371598062	29.3942045094	12.96
954	0	0	1	490	30	9.21711744045	28.2581721556	27.9439311725	14.504
954	0	0	2	1837	114	9.21711744045	25.2143555595	24.9001145764	12.41
955	0	0	1	219	13	17.7130769414	30.1369155416	29.5330201538	11.181
955	0	0	2	1560	97	17.7130769414	29.3352984639	28.7314030761	10.63
956	0	0	1	414	25	11.2840622517	32.0271231951	31.6424134593	10.378
956	0	0	2	1762	110	11.2840622517	31.6284614997	31.243751764	11.937
957	0	0	1	440	27	10.9368253785	29.3995157533	29.0266444321	7.905
957	0	0	2	1787	111	10.9368253785	28.3232165091	27.9503451878	5.339
958	0	0	1	1060	66	11.9264932465	27.6991038839	27.2924916229	16.803
958	0	0	2	2407	150	11.9264932465	29.7556651906	29.3490529296	15.433
959	0	0	1	216	13	19.1413956043	33.3760774423	32.7234861077	6.693
959	0	0	2	1558	97	19.1413956043	32.1829280709	31.5303367363	12.866
960	0	0	1	280	17	19.6066823829	26.9126076287	26.2441531812	9.716
960	0	0	2	1625	101	19.6066823829	32.2349179467	31.5664634991	13.181
961	0	0	1	807	50	27.9511167762	31.6553334726	30.7023905954	7.906
961	0	0	2	2148	134	27.9511167762	31.135778133	30.1828352558	15.433
962	0	0	1	452	28	9.13183024506	28.511336312	28.2000030419	23.59
962	0	0	2	1798	112	9.13183024506	29.5536607776	29.2423275075	9.638
963	0	0	1	455	28	13.0896067804	28.6173913944	28.1711248768	17.905
963	0	0	2	1800	112	13.0896067804	29.4692365168	29.0229699992	10.803
964	0	0	1	521	32	7.2211411996	30.5223843217	30.2761925461	13.307
964	0	0	2	1867	116	7.2211411996	28.6785911643	28.4323993887	9.244
965	0	0	1	249	15	15.4434306233	30.433953822	29.907437929	9.087
965	0	0	2	1591	99	15.4434306233	29.378477356	28.8519614629	11.591
967	0	0	1	455	28	9.22420515114	32.0928938765	31.7784112508	13.465
967	0	0	2	1800	112	9.22420515114	30.8599567103	30.5454740845	13.339
968	0	0	1	558	34	8.82100818936	28.7020460526	28.4013096995	17.307
968	0	0	2	1907	119	8.82100818936	27.7197846859	27.4190483328	8.095
969	0	0	1	1080	67	19.4964534008	32.5014175046	31.8367211153	6.599
969	0	0	2	2413	150	19.4964534008	27.8823097107	27.2176133214	14.095
970	0	0	1	405	25	14.0636394849	41.2388476233	40.7593732186	10.032
970	0	0	2	1751	109	14.0636394849	30.9232729506	30.443798546	11.874
971	0	0	1	994	62	23.2525785491	27.0307901505	26.2380354537	19.37
971	0	0	2	2338	146	23.2525785491	29.3663435923	28.5735888956	14.819
972	0	0	1	286	17	10.9528399281	29.6613375694	29.287920261	16.157
972	0	0	2	1630	101	10.9528399281	28.2396939919	27.8662766835	5.717
973	0	0	1	1212	75	12.3330980625	31.0216523422	30.6011776239	12.819
973	0	0	2	2561	160	12.3330980625	30.9948069862	30.5743322679	8.819
974	0	0	1	474	29	8.44056229422	27.078687905	26.7909221681	21.496
974	0	0	2	1822	113	8.44056229422	30.2116759832	29.9239102463	6.189
975	0	0	1	265	16	20.5699124575	28.8140435744	28.1127495361	14.661
975	0	0	2	1608	100	20.5699124575	24.629207197	23.9279131586	5.559
976	0	0	1	887	55	18.0936413569	33.9801297532	33.3632597086	15.905
976	0	0	2	2229	139	18.0936413569	34.2440445275	33.6271744828	8.819
977	0	0	1	506	31	6.75117352899	29.1247444073	28.8945753311	10.504
977	0	0	2	1857	116	6.75117352899	30.7433412091	30.5131721329	15.307
978	0	0	1	267	16	15.6769103118	36.5636272346	36.029151273	12
978	0	0	2	1610	100	15.6769103118	32.620740605	32.0862646434	7.102
979	0	0	1	802	50	26.5779166313	20.7332619242	19.8271358275	19.418
979	0	0	2	2148	134	26.5779166313	31.7829492321	30.8768231354	6.283
980	0	0	1	431	26	12.2706811822	25.2569212908	24.8385745634	9.024
980	0	0	2	1779	111	12.2706811822	24.9823623326	24.5640156051	9.433
981	0	0	1	1222	76	13.55102424	29.8368094296	29.3748117166	5.748
981	0	0	2	2585	161	13.55102424	30.1477513199	29.6857536069	11.37
982	0	0	1	795	49	23.0687009759	31.5730791281	30.7865934053	6.283
982	0	0	2	2135	133	23.0687009759	30.8132100362	30.0267243134	4
983	0	0	1	561	35	10.7402260067	30.1333212565	29.7671526359	8.819
983	0	0	2	1910	119	10.7402260067	34.7455989638	34.3794303433	7.339
984	0	0	1	237	14	14.2511609892	30.3021646945	29.8162970827	5.559
984	0	0	2	1581	98	14.2511609892	30.32980795	29.8439403382	12.598
985	0	0	1	821	51	20.6805313725	34.5725784104	33.8675130197	6.473
985	0	0	2	2166	135	20.6805313725	29.1702839139	28.4652185232	19.622
986	0	0	1	1283	80	10.7897870368	31.8646083629	31.4967500485	8.063
986	0	0	2	2630	164	10.7897870368	35.1355024169	34.7676441025	9.496
987	0	0	1	250	15	17.4422625152	29.4972495114	28.9025870527	8.803
987	0	0	2	1592	99	17.4422625152	32.6488424752	32.0541800165	7.716
988	0	0	1	476	29	10.2756958493	30.0322267245	29.6818954212	15.418
988	0	0	2	1824	114	10.2756958493	31.183379723	30.8330484198	6.819
989	0	0	1	256	16	13.5643202455	27.3920357153	26.929584699	4.095
989	0	0	2	1598	99	13.5643202455	27.5618723125	27.0994212961	12.725
990	0	0	1	962	60	23.6500272827	29.2100096176	28.4037046236	5.213
990	0	0	2	2306	144	23.6500272827	29.910167555	29.103862561	17.59
991	0	0	1	534	33	13.6894299731	29.3521603182	28.8854439115	13.37
991	0	0	2	1867	116	13.6894299731	29.6607321244	29.1940157177	9.197
992	0	0	1	809	50	22.8153613433	33.5062984674	32.7284499021	11.685
992	0	0	2	2149	134	22.8153613433	36.4647443778	35.6868958125	10.851
993	0	0	1	550	34	10.3107826206	30.6698571464	30.318329623	11.874
993	0	0	2	1897	118	10.3107826206	29.8069320402	29.4554045168	11.307
994	0	0	1	247	15	15.4239973701	28.4689615465	27.9431081951	17.339
994	0	0	2	1591	99	15.4239973701	27.7184308067	27.1925774553	13.402
995	0	0	1	487	30	13.0294800553	26.9887422677	26.5445256622	19.071
995	0	0	2	1831	114	13.0294800553	30.2538938197	29.8096772142	9.149
997	0	0	1	170	10	20.25703194	27.511086063	26.8204591212	10.158
997	0	0	2	1512	94	20.25703194	27.996715427	27.3060884852	16.315
998	0	0	1	1227	76	9.04636724187	31.383023962	31.0746043988	8.992
998	0	0	2	2579	161	9.04636724187	29.5648360822	29.256416519	6.268
999	0	0	1	888	55	26.2153971768	34.295212968	33.4014463177	13.811
999	0	0	2	2228	139	26.2153971768	33.6764587233	32.782692073	12.614
1000	0	0	1	555	34	10.1859671043	32.7448909669	32.3976188032	5.055
1000	0	0	2	1905	119	10.1859671043	28.2296541363	27.8823819726	13.26
1001	0	0	1	444	27	8.93363205977	25.6348064308	25.3302303701	4.992
1001	0	0	2	1791	111	8.93363205977	25.5805192135	25.2759431528	8.094
1002	0	0	1	570	35	11.3257176032	25.7626228012	25.3764929014	13.559
1002	0	0	2	1918	119	11.3257176032	29.0981996247	28.7120697249	7.48
1003	0	0	1	1089	68	12.8715207416	34.6260144817	34.187183214	11.59
1003	0	0	2	2437	152	12.8715207416	33.8979327475	33.4591014798	6.284
1004	0	0	1	491	30	9.17219942949	28.4341578503	28.1214482658	12.913
1004	0	0	2	1840	115	9.17219942949	26.8570074205	26.544297836	11.386
1005	0	0	1	522	32	8.3550643353	30.8569020833	30.572051245	8.126
1005	0	0	2	1869	116	8.3550643353	25.3587070525	25.0738562141	8.961
1006	0	0	1	1057	66	17.4685149886	30.6943139518	30.0987564624	11.59
1006	0	0	2	2403	150	17.4685149886	29.8024097092	29.2068522198	17.906
1007	0	0	1	551	34	9.00611699223	24.4622048959	24.1551575923	13.591
1007	0	0	2	1898	118	9.00611699223	27.4039197196	27.096872416	9.024
1008	0	0	1	530	33	11.4445302865	24.0433224529	23.6531418492	22.378
1008	0	0	2	1879	117	11.4445302865	26.15052035	25.7603397463	13.748
1009	0	0	1	989	61	13.0814244053	29.2323748106	28.7863872563	14.788
1009	0	0	2	2335	145	13.0814244053	29.9774214265	29.5314338723	14.158
1010	0	0	1	893	55	18.5117674269	32.3705255619	31.7394002636	10.157
1010	0	0	2	2233	139	18.5117674269	32.7224193477	32.0912940494	11.874
1011	0	0	1	122	7	22.6854598294	29.2735032887	28.5000834811	4.031
1011	0	0	2	1461	91	22.6854598294	36.2973601665	35.5239403588	11.212
1012	0	0	1	1003	62	19.242103074	30.401516102	29.745491328	12.158
1012	0	0	2	2349	146	19.242103074	32.9186891066	32.2626643326	11.779
1013	0	0	1	564	35	10.5703155722	30.4521104529	30.091734622	8.992
1013	0	0	2	1910	119	10.5703155722	31.118316398	30.757940567	7.622
1014	0	0	1	993	62	21.4283096292	30.5490119	29.8184523594	9.181
1014	0	0	2	2337	146	21.4283096292	34.1382423009	33.4076827603	11.843
1015	0	0	1	486	30	9.24055433344	29.5572603048	29.2422202832	14.519
1015	0	0	2	1830	114	9.24055433344	28.712719262	28.3976792404	8.567
1016	0	0	1	272	17	11.2796078584	33.080037968	32.6954800968	11.433
1016	0	0	2	1614	100	11.2796078584	33.8806262791	33.4960684078	7.843
1017	0	0	1	795	49	25.7799712131	34.9507861464	34.0718645585	11.118
1017	0	0	2	2135	133	25.7799712131	33.7507417965	32.8718202085	12.126
1018	0	0	1	822	51	22.5165429674	31.3090161132	30.5413552211	11.905
1018	0	0	2	2165	135	22.5165429674	33.7179224451	32.950261553	14.645
1019	0	0	1	74	4	25.2507360361	32.1878560918	31.326977822	13.559
1019	0	0	2	1414	88	25.2507360361	30.9935819927	30.1327037229	18.094
1021	0	0	1	998	62	17.6385307043	7.91385469973	7.31250083136	9.779
1021	0	0	2	2345	146	17.6385307043	9.97097393595	9.36962006758	12.819
1022	0	0	1	141	8	20.6978136252	32.402749058	31.6970944601	17.843
1022	0	0	2	1481	92	20.6978136252	33.1421727641	32.4365181663	19.779
1023	0	0	1	221	13	23.3962878057	38.1823751361	37.3847209316	4.22
1023	0	0	2	1563	97	23.3962878057	37.5060110255	36.708356821	5.937
1024	0	0	1	1279	79	6.29101921591	28.8411253286	28.6266443832	16.85
1024	0	0	2	2629	164	6.29101921591	28.7823817767	28.5679008313	8.645
1025	0	0	1	1242	77	5.14126099581	27.8013288417	27.6260468275	12.126
1025	0	0	2	2585	161	5.14126099581	27.2136729246	27.0383909105	16.441
1026	0	0	1	805	50	21.3503988926	33.4645072841	32.7366039694	15.906
1026	0	0	2	2146	134	21.3503988926	30.1919011232	29.4639978085	9.764
1027	0	0	1	919	57	12.8789710713	30.6384239215	30.1993386483	15.229
1027	0	0	2	2262	141	12.8789710713	31.8236008243	31.384515551	10.346
1028	0	0	1	107	6	16.3986013928	29.8357301395	29.276649423	25.843
1028	0	0	2	1449	90	16.3986013928	31.1853614109	30.6262806944	13.906
1029	0	0	1	581	36	12.3277669575	29.3912941509	28.971001187	8.362
1029	0	0	2	1927	120	12.3277669575	29.9346760112	29.5143830473	7.307
1030	0	0	1	1254	78	11.5371552188	27.4334456842	27.0401072006	10.504
1030	0	0	2	2601	162	11.5371552188	28.1437830849	27.7504446013	21.071
1031	0	0	1	601	37	9.89506200991	29.2502249356	28.9128706561	13.339
1031	0	0	2	1950	121	9.89506200991	29.9361524623	29.5987981828	13.134
1032	0	0	1	935	58	20.1640955247	31.3781421253	30.6906836828	13.26
1032	0	0	2	2278	142	20.1640955247	27.7616992216	27.074240779	12.031
1033	0	0	1	336	21	13.8593074713	29.2748569977	28.8023489243	10.567
1033	0	0	2	1681	105	13.8593074713	30.3825083854	29.910000312	11.055
1034	0	0	1	485	30	13.8171186335	27.5737751093	27.1027053881	11.512
1034	0	0	2	1831	114	13.8171186335	26.5227126037	26.0516428825	4.473
1035	0	0	1	477	29	9.32164437957	29.9844173701	29.6666127297	6.095
1035	0	0	2	1826	114	9.32164437957	28.7703191864	28.452514546	9.244
1036	0	0	1	196	12	20.9159679177	30.8704563778	30.1573642031	8.441
1036	0	0	2	1538	96	20.9159679177	35.6164560555	34.9033638808	12.913
1037	0	0	1	106	6	21.3842678828	29.5935926543	28.8645346375	17.874
1037	0	0	2	1448	90	21.3842678828	30.6117602359	29.8827022191	14.85
1038	0	0	1	422	26	10.0261290335	27.5689681579	27.2271453847	15.087
1038	0	0	2	1769	110	10.0261290335	28.9360113388	28.5941885656	17.244
1040	0	0	1	937	58	20.5938196591	34.6379375533	33.935828442	7.748
1040	0	0	2	2282	142	20.5938196591	34.3680651869	33.6659560756	9.181
1041	0	0	1	822	51	21.1105186061	29.2851649826	28.5654399533	10.567
1041	0	0	2	2167	135	21.1105186061	26.3825294105	25.6628043813	11.622
1042	0	0	1	257	16	16.8613262291	30.0916927024	29.5168362178	8.094
1042	0	0	2	1600	100	16.8613262291	30.8500717081	30.2752152235	9.134
1042	1	0	1	258	16	16.8613262291	28.2038310632	27.6289745787	11.874
1042	1	0	2	1596	99	16.8613262291	29.135420111	28.5605636265	10.882
1043	0	0	1	492	30	10.2296360677	27.2002034121	26.851442434	12.992
1043	0	0	2	1838	114	10.2296360677	30.1700927576	29.8213317794	13.338
1044	0	0	1	520	32	11.9082050683	26.7709543807	26.3649656221	11.37
1044	0	0	2	1867	116	11.9082050683	25.8249788803	25.4189901218	9.528
1045	0	0	1	793	49	24.1897463004	35.4268235667	34.6021178269	12.567
1045	0	0	2	2133	133	24.1897463004	31.8796857776	31.0549800378	19.527
1046	0	0	1	1226	76	5.16840209288	28.2095651191	28.0333577783	12
1046	0	0	2	2579	161	5.16840209288	20.4194699301	20.2432625893	19.433
1047	0	0	1	982	61	15.0549735283	26.2744798419	25.7612076923	14.284
1047	0	0	2	2328	145	15.0549735283	30.7211019135	30.2078297639	12.63
1048	0	0	1	1092	68	11.9384401953	31.2231110376	30.816091467	8.866
1048	0	0	2	2439	152	11.9384401953	32.2376599009	31.8306403302	7.166
1049	0	0	1	930	58	15.2311972739	28.6175644378	28.0982842577	13.528
1049	0	0	2	2273	142	15.2311972739	27.5465192751	27.027239095	12
1050	0	0	1	430	26	13.2065191592	31.4810353686	31.0307829345	13.433
1050	0	0	2	1776	111	13.2065191592	30.5215861345	30.0713337003	9.748
1051	0	0	1	1091	68	9.87735552304	26.4871236752	26.1503730664	7.244
1051	0	0	2	2438	152	9.87735552304	30.7821652292	30.4454146204	11.748
1052	0	0	1	545	34	8.02669447919	29.9830822752	29.7094266144	24.126
1052	0	0	2	1893	118	8.02669447919	32.8533020811	32.5796464203	19.229
1053	0	0	1	522	32	4.40778160162	28.450602045	28.3003266869	5.748
1053	0	0	2	1869	116	4.40778160162	26.606710074	26.4564347159	9.591
1054	0	0	1	931	58	15.0806301309	33.6535537547	33.1394068896	5.874
1054	0	0	2	2274	142	15.0806301309	30.146334919	29.6321880539	6.882
1055	0	0	1	795	49	23.9059340236	35.0776597326	34.2626300602	8.725
1055	0	0	2	2134	133	23.9059340236	31.8813412468	31.0663115744	16.662
1056	0	0	1	571	35	13.5825545263	26.5904276076	26.1273549263	9.905
1056	0	0	2	1917	119	13.5825545263	34.6095140817	34.1464414005	12.977
1057	0	0	1	489	30	12.3953808512	29.0877574047	28.6651592671	12.063
1057	0	0	2	1834	114	12.3953808512	30.2596944202	29.8370962826	9.842
1058	0	0	1	1265	79	10.0767130191	29.0322230842	28.6886757414	14.189
1058	0	0	2	2616	163	10.0767130191	28.8112832866	28.4677359438	7.843
1059	0	0	1	1012	63	25.130825376	33.6986739603	32.8418838281	7.291
1059	0	0	2	2357	147	25.130825376	36.0479382791	35.1911481468	8.756
1060	0	0	1	889	55	19.0806064294	34.3048754413	33.6543566039	8.41
1060	0	0	2	2229	139	19.0806064294	32.1053816341	31.4548627967	8.22
1061	0	0	1	455	28	14.7938989356	31.4158713307	30.9115000482	15.654
1061	0	0	2	1801	112	14.7938989356	31.2006461562	30.6962748736	13.842
1062	0	0	1	485	30	11.4657038416	27.6442270954	27.2533246175	15.401
1062	0	0	2	1830	114	11.4657038416	28.9163772751	28.5254747972	7.748
1063	0	0	1	996	62	12.3349636781	28.4536973289	28.0331590058	6.284
1063	0	0	2	2341	146	12.3349636781	30.9533221787	30.5327838556	12.535
1064	0	0	1	994	62	18.7972613019	27.6329944114	26.9921357147	18.63
1064	0	0	2	2338	146	18.7972613019	28.0132838353	27.3724251386	12.063
1064	1	0	1	993	62	18.7972613019	28.6904121565	28.0495534599	14.851
1064	1	0	2	2337	146	18.7972613019	30.5203749887	29.879516292	16.693
1065	0	0	1	572	35	8.9667293085	30.6190159406	30.313311489	10.662
1065	0	0	2	1921	120	8.9667293085	30.4547360548	30.1490316032	5.716
1066	0	0	1	462	28	11.720805544	47.456578059	47.056978349	7.307
1066	0	0	2	1798	112	11.720805544	49.1419472445	48.7423475345	13.212
1066	1	0	1	460	28	11.720805544	44.8304358343	44.4308361243	6.661
1066	1	0	2	1797	112	11.720805544	50.0273703355	49.6277706255	15.543
1067	0	0	1	1269	79	6.09100133403	31.5636146195	31.3559529227	9.937
1067	0	0	2	2619	163	6.09100133403	31.5329208179	31.3252591211	8.441
1068	0	0	1	457	28	14.1758234726	30.0704303759	29.5871312607	9.527
1068	0	0	2	1802	112	14.1758234726	29.1532382378	28.6699391226	11.968
1069	0	0	1	444	27	8.62424569746	25.6068158994	25.3127878084	10.645
1069	0	0	2	1790	111	8.62424569746	24.8493200754	24.5552919844	11.37
1070	0	0	1	250	15	19.7893592703	48.1738821194	47.4991996332	5.59
1070	0	0	2	1572	98	19.7893592703	33.9356003315	33.2609178452	9.086
1071	0	0	1	1211	75	10.7409227431	31.9539356248	31.5877432503	10.504
1071	0	0	2	2561	160	10.7409227431	32.3865098249	32.0203174504	8.536
1072	0	0	1	1214	75	9.42192390614	27.6629676255	27.3417441357	13.717
1072	0	0	2	2565	160	9.42192390614	29.4973582992	29.1761348094	6.473
1073	0	0	1	974	60	13.8255485324	28.9484522702	28.4770951469	14.095
1073	0	0	2	2315	144	13.8255485324	28.9463231426	28.4749660193	10.74
1075	0	0	1	496	31	9.23323220277	29.0517348872	28.7369445005	17.811
1075	0	0	2	1844	115	9.23323220277	28.9736205696	28.6588301828	12
1076	0	0	1	1107	69	20.448766293	32.2112862478	31.5141224693	5.969
1076	0	0	2	2455	153	20.448766293	31.6260977856	30.9289340071	11.26
1077	0	0	1	805	50	26.7479938038	32.935115393	32.023190822	4.063
1077	0	0	2	2146	134	26.7479938038	28.6801457355	27.7682211645	13.575
1078	0	0	1	471	29	8.97553426144	26.7281967582	26.4221921176	7.874
1078	0	0	2	1818	113	8.97553426144	31.0206597558	30.7146551152	10.63
1079	0	0	1	293	18	12.0870650187	27.8283855626	27.4162988969	20.536
1079	0	0	2	1636	102	12.0870650187	28.9830050435	28.5709183778	21.181
1080	0	0	1	485	30	12.011377419	27.7954795851	27.3859733514	18.662
1080	0	0	2	1830	114	12.011377419	29.4078205635	28.9983143299	11.26
1081	0	0	1	518	32	9.85775128906	31.9565971307	31.6205148928	7.181
1081	0	0	2	1865	116	9.85775128906	32.2691396552	31.9330574174	11.071
1082	0	0	1	993	62	22.8720624581	29.3364443689	28.5566626815	10.221
1082	0	0	2	2340	146	22.8720624581	30.4733028197	29.6935211322	17.386
1083	0	0	1	972	60	19.6180428507	26.1217567906	25.4529150285	7.685
1083	0	0	2	2315	144	19.6180428507	25.9851476772	25.3163059151	11.717
1084	0	0	1	196	12	16.539809811	27.9272596297	27.3633646671	11.874
1084	0	0	2	1539	96	16.539809811	27.6226226007	27.0587276381	16.882
1085	0	0	1	807	50	22.3182033688	33.2234665305	32.462567669	20.094
1085	0	0	2	2148	134	22.3182033688	36.089387789	35.3284889276	9.37
1086	0	0	1	1238	77	13.306756304	31.1679252429	30.7142554042	6.945
1086	0	0	2	2586	161	13.306756304	31.3887036448	30.9350338061	11.811
1087	0	0	1	567	35	10.8222075202	34.2079151107	33.8389514784	13.496
1087	0	0	2	1915	119	10.8222075202	35.3014332142	34.9324695819	12.866
1088	0	0	1	558	34	10.6906162595	29.3837246465	29.0192473807	8.315
1088	0	0	2	1909	119	10.6906162595	29.9573429809	29.5928657151	5.748
1089	0	0	1	148	9	20.2334358416	30.313182744	29.6233602686	11.118
1089	0	0	2	1497	93	20.2334358416	26.1211088937	25.4312864182	14.788
1090	0	0	1	1213	75	9.68464210143	27.4139688896	27.0837884971	9.811
1090	0	0	2	2562	160	9.68464210143	29.0662366085	28.7360562159	6.882
1091	0	0	1	456	28	11.9894984962	29.5961776526	29.1874173413	6.378
1091	0	0	2	1801	112	11.9894984962	28.3560809898	27.9473206786	10.992
1092	0	0	1	894	55	13.0107104051	30.0953597196	29.6517830315	15.937
1092	0	0	2	2234	139	13.0107104051	26.1780883306	25.7345116425	15.007
1094	0	0	1	869	54	23.6132953379	31.7252287927	30.9201761081	9.716
1094	0	0	2	2211	138	23.6132953379	27.3446824308	26.5396297461	11.906
1095	0	0	1	163	10	17.9430736393	30.8709045436	30.2591678335	6.126
1095	0	0	2	1505	94	17.9430736393	32.0674615393	31.4557248292	12.63
1096	0	0	1	933	58	13.4405569786	26.1922662072	25.734034676	13.197
1096	0	0	2	2273	142	13.4405569786	30.2354917189	29.7772601877	10.961
1097	0	0	1	544	34	11.3382037921	33.3301784458	32.943622852	12.834
1097	0	0	2	1892	118	11.3382037921	30.4082800585	30.0217244647	12.032
1098	0	0	1	305	19	10.7224371702	30.1988908351	29.8333286928	5.338
1098	0	0	2	1649	103	10.7224371702	31.7527574107	31.3871952684	13.528
1099	0	0	1	488	30	13.4666153608	28.2060857613	27.7469658166	4.992
1099	0	0	2	1831	114	13.4666153608	27.4947762929	27.0356563483	11.544
1100	0	0	1	310	19	15.7103918789	43.7052186731	43.1696012179	9.748
1100	0	0	2	1652	103	15.7103918789	31.2834803524	30.7478628972	8.095
1101	0	0	1	457	28	13.318517407	31.7385102704	31.2844394582	9.071
1101	0	0	2	1802	112	13.318517407	29.0026783543	28.5486075421	9.37
1102	0	0	1	198	12	15.654840077	28.7410667932	28.2073432764	15.779
1102	0	0	2	1542	96	15.654840077	27.9721873706	27.4384638538	19.512
1103	0	0	1	313	19	16.6967028477	27.6416777753	27.0724338278	4.094
1103	0	0	2	1658	103	16.6967028477	29.394120263	28.8248763155	6.693
1105	0	0	1	987	61	16.3738086083	20.0813622174	19.5231267662	24.157
1105	0	0	2	2331	145	16.3738086083	28.3757517273	27.8175162761	12.756
1106	0	0	1	470	29	12.8682348101	29.8738519751	29.4351327352	9.465
1106	0	0	2	1817	113	12.8682348101	31.4064241824	30.9677049426	11.842
1107	0	0	1	382	23	11.1370508231	31.0854635897	30.7057659433	9.055
1107	0	0	2	1727	107	11.1370508231	29.9871657592	29.6074681128	19.401
1108	0	0	1	985	61	19.076238896	25.4083738118	24.7580038775	9.102
1108	0	0	2	2330	145	19.076238896	35.0177499856	34.3673800514	10.472
1109	0	0	1	211	13	20.2279059331	31.3505426139	30.6609086707	4
1109	0	0	2	1554	97	20.2279059331	35.5177861803	34.8281522371	10.929
1110	0	0	1	485	30	11.9413496548	29.4480047694	29.040886006	12.693
1110	0	0	2	1831	114	11.9413496548	29.9871869552	29.5800681918	6.661
1111	0	0	1	825	51	20.4616812155	19.8860057242	19.1884016347	16.221
1111	0	0	2	2167	135	20.4616812155	28.3311970158	27.6335929263	10.409
1112	0	0	1	919	57	14.8849263328	33.509032651	33.0015579537	10.347
1112	0	0	2	2276	142	14.8849263328	33.4505803765	32.9431056792	5.748
1113	0	0	1	805	50	21.5946533319	32.4930702498	31.7568395208	10.677
1113	0	0	2	2145	134	21.5946533319	33.6629520477	32.9267213188	9.26
1113	1	0	1	803	50	21.5946533319	25.5575357512	24.8213050223	7.024
1113	1	0	2	2148	134	21.5946533319	28.403296443	27.6670657141	16.378
1114	0	0	1	157	9	23.8472620193	28.6440484733	27.8310191169	16.283
1114	0	0	2	1496	93	23.8472620193	29.8269819413	29.0139525849	20.095
1115	0	0	1	839	52	19.214314588	25.6141290009	24.9590516252	15.024
1115	0	0	2	2182	136	19.214314588	24.6269910037	23.971913628	10.189
1115	1	0	1	838	52	19.214314588	29.7849586628	29.1298812871	9.433
1115	1	0	2	2181	136	19.214314588	22.661081753	22.0060043773	6.441
1116	0	0	1	467	29	13.2088241324	38.9311126177	38.4807815996	7.591
1116	0	0	2	1815	113	13.2088241324	36.0577256398	35.6073946218	4.693
1117	0	0	1	1049	65	15.5534425495	33.4929096903	32.9626431392	27.968
1117	0	0	2	2391	149	15.5534425495	23.2265571289	22.6962905778	11.968
1118	0	0	1	265	16	17.83519447	34.5249803417	33.9169215772	13.811
1118	0	0	2	1608	100	17.83519447	34.5711285594	33.9630697949	4.157
1119	0	0	1	489	30	12.662532243	25.5629622991	25.131256117	18.63
1119	0	0	2	1833	114	12.662532243	33.4105390291	32.978832847	10.992
1120	0	0	1	879	54	20.0748069644	31.2217859181	30.5373716079	15.401
1120	0	0	2	2222	138	20.0748069644	34.8809417832	34.196527473	6.709
1121	0	0	1	1062	66	15.6707971856	30.2293981723	29.6951306266	4.378
1121	0	0	2	2407	150	15.6707971856	30.8010840753	30.2668165297	12.803
1122	0	0	1	269	16	16.5777644682	34.4368984188	33.8717094607	12.126
1122	0	0	2	1611	100	16.5777644682	32.8708397981	32.3056508399	11.716
1123	0	0	1	485	30	10.9676392996	29.262846138	28.8889242717	18.567
1123	0	0	2	1830	114	10.9676392996	29.713772076	29.3398502097	14.866
1124	0	0	1	104	6	25.08654784	32.8629048213	32.0076242517	14.22
1124	0	0	2	1447	90	25.08654784	28.4642339486	27.608953379	12.725
1125	0	0	1	954	59	18.1449618304	31.5166078035	30.8979880799	10.835
1125	0	0	2	2294	143	18.1449618304	31.5495437649	30.9309240413	6.094
1126	0	0	1	108	6	25.7588114443	26.0599143405	25.1817141567	28.315
1126	0	0	2	1450	90	25.7588114443	29.0353090932	28.1571089094	16.095
1127	0	0	1	807	50	23.2731038754	35.2573643365	34.4639098658	6.41
1127	0	0	2	2149	134	23.2731038754	34.1532974015	33.3598429308	16.677
1128	0	0	1	100	6	13.1726056663	16.8415325634	16.3924363486	9.779
1128	0	0	2	1442	90	13.1726056663	29.4835291909	29.034432976	10.283
1129	0	0	1	1217	76	11.7743229103	30.4317702538	30.0303459658	14.283
1129	0	0	2	2565	160	11.7743229103	32.5865941473	32.1851698593	4.22
1130	0	0	1	570	35	7.83317997724	25.8415185464	25.5744604132	11.244
1130	0	0	2	1918	119	7.83317997724	28.189839238	27.9227811049	5.591
1131	0	0	1	181	11	16.7250893562	30.0545879316	29.4843761974	15.622
1131	0	0	2	1524	95	16.7250893562	28.7121553945	28.1419436603	16.645
1132	0	0	1	290	18	12.4770358983	27.0575834496	26.6322014306	14.567
1132	0	0	2	1633	102	12.4770358983	31.1825724998	30.7571904808	10.126
1133	0	0	1	276	17	12.691790533	29.668653331	29.2359496404	14.897
1133	0	0	2	1620	101	12.691790533	27.9319898224	27.4992861317	6.835
1134	0	0	1	429	26	13.2411635433	28.9147124867	28.4632789148	15.574
1134	0	0	2	1776	111	13.2411635433	31.0208278624	30.5693942905	7.559
1135	0	0	1	267	16	16.0630142977	33.2783670626	32.7307275824	6.662
1135	0	0	2	1610	100	16.0630142977	32.4808211806	31.9331817004	9.685
1137	0	0	1	980	61	17.3311798232	27.4446800402	26.8538047454	4.992
1137	0	0	2	2325	145	17.3311798232	33.7894255294	33.1985502346	10.126
1138	0	0	1	455	28	13.0529727068	26.1511203799	25.7061028349	10.252
1138	0	0	2	1801	112	13.0529727068	25.0714638096	24.6264462646	15.197
1139	0	0	1	347	21	13.7543818511	30.125295641	29.6563648173	5.937
1139	0	0	2	1693	105	13.7543818511	30.6471930837	30.1782622599	11.811
1140	0	0	1	968	60	15.0387713104	29.8863396518	29.3736198876	5.355
1140	0	0	2	2312	144	15.0387713104	29.6566291105	29.1439093463	8.63
1141	0	0	1	793	49	26.0111752888	34.4396513111	33.5528472375	14.221
1141	0	0	2	2134	133	26.0111752888	35.2657759453	34.3789718717	16.157
1142	0	0	1	487	30	12.427400851	28.5729828145	28.1492930129	12.645
1142	0	0	2	1832	114	12.427400851	29.4165861281	28.9928963265	15.496
1143	0	0	1	809	50	22.4980768943	31.299363405	30.5323320803	6.976
1143	0	0	2	2151	134	22.4980768943	30.7548833475	29.9878520228	8.914
1144	0	0	1	564	35	10.9866593034	34.5310978289	34.1565275099	12.063
1144	0	0	2	1913	119	10.9866593034	29.0196742236	28.6451039046	4.032
1145	0	0	1	1221	76	9.20724622837	31.1823992809	30.868494839	12.85
1145	0	0	2	2571	160	9.20724622837	31.2072883866	30.8933839447	7.37
1146	0	0	1	1061	66	14.6929923905	35.6702409904	35.1693099344	13.685
1146	0	0	2	2410	150	14.6929923905	31.8582509162	31.3573198602	13.37
1147	0	0	1	1259	78	9.66718763067	30.2111988621	29.8816135482	9.685
1147	0	0	2	2602	162	9.66718763067	28.3188136452	27.9892283314	19.339
1149	0	0	1	238	14	21.1485138895	32.0539077926	31.3328873827	10.284
1149	0	0	2	1580	98	21.1485138895	23.9849655255	23.2639451156	7.181
1150	0	0	1	1064	66	13.3527069079	25.9183136064	25.4630771648	6.252
1150	0	0	2	2412	150	13.3527069079	26.0106276932	25.5553912516	14.803
1151	0	0	1	1009	63	23.9714883143	27.7072509793	26.8899863516	10.961
1151	0	0	2	2353	147	23.9714883143	28.9479831613	28.1307185336	12.031
1152	0	0	1	430	26	12.377685858	21.1205494201	20.6985545614	6.126
1152	0	0	2	1774	110	12.377685858	21.8394761896	21.4174813309	7.843
1153	0	0	1	476	29	11.3929248403	29.5299840567	29.1415628475	9.213
1153	0	0	2	1821	113	11.3929248403	29.8475342151	29.4591130059	14.189
1154	0	0	1	522	32	9.14899551449	32.6808292423	32.3689107534	6.158
1154	0	0	2	1867	116	9.14899551449	29.5763683032	29.2644498142	11.433
1155	0	0	1	429	26	13.2212975095	34.4475866502	33.9968303749	13.842
1155	0	0	2	1775	110	13.2212975095	33.0528150548	32.6020587795	15.024
1156	0	0	1	525	32	12.4229013378	32.422576224	31.9990398251	4.158
1156	0	0	2	1872	117	12.4229013378	32.9596063109	32.536069912	9.496
1157	0	0	1	1250	78	9.72240214691	26.1126208145	25.7811530614	11.59
1157	0	0	2	2599	162	9.72240214691	28.7421579868	28.4106902336	15.717
1158	0	0	1	993	62	17.8052152417	27.0368091806	26.4297725038	17.465
1158	0	0	2	2337	146	17.8052152417	27.7708288488	27.163792172	17.024
1159	0	0	1	1227	76	14.0310415093	30.4703125138	29.9919494783	5.385
1159	0	0	2	2579	161	14.0310415093	29.6408638616	29.1625008261	7.622
1160	0	0	1	1220	76	12.6720884616	28.2326489064	27.8006169223	12.74
1160	0	0	2	2573	160	12.6720884616	26.1390140903	25.7069821062	5.528
1161	0	0	1	1056	66	15.3991843235	30.9233290053	30.3983216099	11.717
1161	0	0	2	2401	150	15.3991843235	32.4380013907	31.9129939954	25.008
1162	0	0	1	429	26	12.4129637443	25.4982645278	25.0750669333	14.094
1162	0	0	2	1776	111	12.4129637443	28.7448802605	28.3216826659	9.024
1163	0	0	1	794	49	23.8712196893	35.7375491016	34.9237029518	16.378
1163	0	0	2	2134	133	23.8712196893	31.9646914146	31.1508452647	21.937
1164	0	0	1	510	31	8.02471428571	29.2187273405	28.9451391909	8.551
1164	0	0	2	1860	116	8.02471428571	31.5315244044	31.2579362548	5.37
1165	0	0	1	548	34	12.4814629952	31.7414815795	31.3159486266	7.197
1165	0	0	2	1893	118	12.4814629952	32.6087635052	32.1832305523	12.725
1166	0	0	1	219	13	19.0884877054	35.8192812716	35.1684937364	8.882
1166	0	0	2	1561	97	19.0884877054	38.4245565455	37.7737690102	8.977
1167	0	0	1	899	56	14.9853397635	30.1847134415	29.6738153294	11.685
1167	0	0	2	2241	140	14.9853397635	31.4456307715	30.9347326595	8.504
1168	0	0	1	432	27	6.11556771089	29.1729917264	28.9644924834	9.905
1168	0	0	2	1779	111	6.11556771089	28.7453490198	28.5368497768	10.189
1169	0	0	1	250	15	12.1951369916	26.740048424	26.3242772394	12
1169	0	0	2	1594	99	12.1951369916	26.9871096254	26.5713384408	4.094
1171	0	0	1	808	50	23.4201140944	33.991844329	33.1933778102	9.197
1171	0	0	2	2148	134	23.4201140944	32.0709324372	31.2724659184	9.118
1172	0	0	1	1223	76	11.4476638542	11.1820354529	10.7917480158	15.338
1172	0	0	2	2573	160	11.4476638542	12.0214199551	11.631132518	9.59
1173	0	0	1	1003	62	13.0127315517	30.2981052342	29.8544596388	6.913
1173	0	0	2	2350	146	13.0127315517	31.1439994607	30.7003538653	5.402
1174	0	0	1	1055	65	13.7994345835	27.758382411	27.2879155957	14.772
1174	0	0	2	2393	149	13.7994345835	30.770006069	30.2995392536	9.716
1175	0	0	1	411	25	15.8846020382	35.6592972038	35.1177403677	9.229
1175	0	0	2	1755	109	15.8846020382	36.6883191219	36.1467622857	11.087
1176	0	0	1	310	19	15.5564663128	27.7151349465	27.1847653056	12.851
1176	0	0	2	1652	103	15.5564663128	27.6807721728	27.1504025319	14
1177	0	0	1	793	49	24.9524907194	37.6316759891	36.780965855	4.709
1177	0	0	2	2133	133	24.9524907194	33.1192095615	32.2684994275	14.535
1178	0	0	1	492	30	10.4551382907	31.3884941686	31.0320450992	12.441
1178	0	0	2	1837	114	10.4551382907	26.0017221538	25.6452730844	7.544
1179	0	0	1	422	26	8.02286335807	30.1095253207	29.8360002751	9.685
1179	0	0	2	1769	110	8.02286335807	29.2542096406	28.980684595	19.465
1180	0	0	1	487	30	15.1588789234	29.6329392056	29.1161245891	17.906
1180	0	0	2	1830	114	15.1588789234	32.8398050254	32.322990409	10.882
1181	0	0	1	186	11	17.678631082	29.0771873523	28.4744663339	13.338
1181	0	0	2	1529	95	17.678631082	29.382086584	28.7793655656	11.811
1182	0	0	1	570	35	12.2043284663	27.8198384895	27.4037539382	10.252
1182	0	0	2	1918	119	12.2043284663	29.6326767071	29.2165921558	9.496
1183	0	0	1	293	18	13.9144083988	31.2900450479	30.8156584079	7.37
1183	0	0	2	1635	102	13.9144083988	26.8997973377	26.4254106977	15.149
1184	0	0	1	456	28	10.3879431948	32.6670003843	32.3128422104	9.843
1184	0	0	2	1801	112	10.3879431948	30.5739839776	30.2198258037	15.843
1185	0	0	1	413	25	13.9671713896	33.3811914041	32.905005905	12.299
1185	0	0	2	1760	110	13.9671713896	31.2529708373	30.7767853383	16.74
1186	0	0	1	807	50	21.5760078084	31.0094104822	30.2738154388	8.772
1186	0	0	2	2150	134	21.5760078084	32.1139615112	31.3783664678	15.149
1187	0	0	1	238	14	20.0084853554	32.6079526682	31.9257994736	5.874
1187	0	0	2	1581	98	20.0084853554	29.258060631	28.5759074364	8.882
1188	0	0	1	1019	63	19.8994011573	31.0418177469	30.3633835811	14.724
1188	0	0	2	2364	147	19.8994011573	31.2264362696	30.5480021038	12.032
1189	0	0	1	487	30	9.75303915293	29.7768979699	29.4443857034	13.37
1189	0	0	2	1831	114	9.75303915293	29.7654572714	29.4329450048	11.874
1190	0	0	1	1210	75	9.95825987633	33.9991991299	33.6596902332	12.063
1190	0	0	2	2561	160	9.95825987633	31.9715075566	31.6319986599	12.756
1191	0	0	1	490	30	9.0781838812	28.2490879541	27.93958366	5.465
1191	0	0	2	1833	114	9.0781838812	28.7151753138	28.4056710197	11.244
1192	0	0	1	488	30	14.2334654534	28.5198252099	28.0345608954	10.347
1192	0	0	2	1833	114	14.2334654534	29.6310265109	29.1457621964	11.276
1193	0	0	1	476	29	11.3288677961	29.3880374403	29.0018001404	6.157
1193	0	0	2	1824	114	11.3288677961	27.7238471796	27.3376098797	6.299
1194	0	0	1	197	12	16.1835903017	32.5208803352	31.9691300338	12.157
1194	0	0	2	1540	96	16.1835903017	31.8673171973	31.3155668959	12.661
1195	0	0	1	245	15	13.6333839765	34.1712571739	33.7064515543	6
1195	0	0	2	1587	99	13.6333839765	30.9259316531	30.4611260334	10.929
1196	0	0	1	582	36	4.07644031004	27.7650153822	27.6260365075	13.37
1196	0	0	2	1928	120	4.07644031004	29.345914083	29.2069352083	22.472
1197	0	0	1	1057	66	12.4451868327	29.7427253414	29.3184291588	5.386
1197	0	0	2	2402	150	12.4451868327	30.065724605	29.6414284224	12.834
1198	0	0	1	485	30	10.5404577881	30.4618548494	30.1024969657	18.961
1198	0	0	2	1829	114	10.5404577881	30.714557037	30.3551991533	13.433
1199	0	0	1	417	26	11.3603809209	18.5811990896	18.1938874066	13.197
1199	0	0	2	1769	110	11.3603809209	32.7216679093	32.3343562263	19.276
1200	0	0	1	489	30	10.0073685231	24.1677542964	23.8265711291	21.622
1200	0	0	2	1833	114	10.0073685231	24.3771755142	24.0359923468	17.37
1201	0	0	1	431	26	11.5196452023	27.8738370009	27.4810954897	15.292
1201	0	0	2	1779	111	11.5196452023	26.1609311239	25.7681896126	15.086
1202	0	0	1	1217	76	10.7527907697	30.1195679746	29.7529709811	18.882
1202	0	0	2	2566	160	10.7527907697	29.7014622486	29.3348652551	13.338
1203	0	0	1	110	6	24.1335237051	31.0749416026	30.2521526707	13.874
1203	0	0	2	1450	90	24.1335237051	31.7634347287	30.9406457969	21.496
1204	0	0	1	329	20	9.68301149902	28.3894398357	28.0593150357	9.969
1204	0	0	2	1672	104	9.68301149902	29.2825693133	28.9524445132	5.622
1205	0	0	1	1237	77	2.90730966715	29.7468862884	29.6477668128	6.378
1205	0	0	2	2585	161	2.90730966715	28.9612692216	28.8621497459	11.527
1206	0	0	1	1061	66	18.4080392157	31.5877705838	30.9601817116	13.559
1206	0	0	2	2407	150	18.4080392157	28.1810812655	27.5534923933	15.37
1207	0	0	1	1105	69	11.3914429601	30.4692465028	30.0808758157	7.968
1207	0	0	2	2455	153	11.3914429601	29.6233080142	29.234937327	6.094
1208	0	0	1	434	27	9.94503553347	32.9284780663	32.5894200297	8.031
1208	0	0	2	1782	111	9.94503553347	32.471182894	32.1321248574	6.599
1209	0	0	1	1063	66	13.1898063157	27.4760936142	27.0264109743	9.386
1209	0	0	2	2411	150	13.1898063157	25.9356093771	25.4859267372	14.709
1210	0	0	1	1035	64	15.3375405314	29.3386271884	28.8157214269	14.032
1210	0	0	2	2378	148	15.3375405314	28.0249057558	27.5019999943	14.645
1211	0	0	1	405	25	14.8428184706	33.7224627101	33.2164236043	7.968
1211	0	0	2	1750	109	14.8428184706	29.937826692	29.4317875862	14.095
1212	0	0	1	490	30	11.5983958738	25.9520717253	25.5566453521	17.039
1212	0	0	2	1835	114	11.5983958738	29.2612802169	28.8658538437	16.41
1214	0	0	1	106	6	18.9896178735	30.2559831751	29.6085664283	16.725
1214	0	0	2	1448	90	18.9896178735	30.9447469749	30.2973302281	16.189
1215	0	0	1	557	34	9.10068965517	28.6648404452	28.3545688573	15.354
1215	0	0	2	1906	119	9.10068965517	28.9855744246	28.6753028367	8.662
1216	0	0	1	1024	64	14.062239728	23.4491281146	22.9697014322	8.551
1216	0	0	2	2370	148	14.062239728	28.1068363169	27.6274096344	17.527
1217	0	0	1	525	32	13.7171425042	26.8403939136	26.3727326981	5.748
1217	0	0	2	1872	117	13.7171425042	29.9045380227	29.4368768072	12.315
1218	0	0	1	1062	66	17.1332678313	27.9496120061	27.3654841634	13.464
1218	0	0	2	2410	150	17.1332678313	30.4882313061	29.9041034634	21.244
1219	0	0	1	431	26	9.73282688193	27.0187184242	26.6868952585	7.685
1219	0	0	2	1781	111	9.73282688193	29.6854234657	29.3536003001	8.504
1220	0	0	1	281	17	11.821925405	25.9741031248	25.5710559156	21.37
1220	0	0	2	1624	101	11.821925405	31.6747701817	31.2717229725	12.661
1221	0	0	1	334	20	2.83135807741	29.9475225702	29.8509925269	5.906
1221	0	0	2	1680	105	2.83135807741	33.4122674976	33.3157374543	11.748
1222	0	0	1	960	60	13.7005559085	31.2598291161	30.7927333907	13.086
1222	0	0	2	2304	144	13.7005559085	32.902993091	32.4358973656	6.63
1223	0	0	1	430	26	10.9530036018	29.7895757533	29.4161528647	14.818
1223	0	0	2	1776	111	10.9530036018	31.4759855189	31.1025626303	8
1224	0	0	1	521	32	8.17854429965	29.1360776095	28.8572449032	10.189
1224	0	0	2	1869	116	8.17854429965	27.8762739386	27.5974412323	4.582
1225	0	0	1	822	51	29.8257748236	31.0703268405	30.0534708808	5.937
1225	0	0	2	2166	135	29.8257748236	27.1127822545	26.0959262948	14.252
1226	0	0	1	1250	78	7.93865475515	22.5954448535	22.3247907482	7.244
1226	0	0	2	2600	162	7.93865475515	25.2222535315	24.9515994262	13.37
1227	0	0	1	1264	79	6.07864163863	30.5544642822	30.347223967	10.441
1227	0	0	2	2615	163	6.07864163863	30.7046382163	30.497397901	7.937
1228	0	0	1	778	48	22.5380571196	37.5432754962	36.7748811179	10.221
1228	0	0	2	2117	132	22.5380571196	38.9988732501	38.2304788719	15.087
1229	0	0	1	414	25	11.2749822882	33.0737397579	32.6893395871	6.063
1229	0	0	2	1763	110	11.2749822882	32.3761423258	31.991742155	21.559
1230	0	0	1	1032	64	8.25247316197	37.1310340682	36.8496808907	5.779
1230	0	0	2	2376	148	8.25247316197	38.1862867656	37.9049335881	5.622
1231	0	0	1	520	32	8.70459732422	31.4476471166	31.1508795818	10.96
1231	0	0	2	1866	116	8.70459732422	31.5518032093	31.2550356746	6.441
1232	0	0	1	732	45	16.4084972606	36.3445910623	35.7851729641	6.567
1232	0	0	2	2069	129	16.4084972606	37.086463913	36.5270458148	10.252
1233	0	0	1	485	30	9.67296480381	27.523574695	27.1937924189	11.654
1233	0	0	2	1829	114	9.67296480381	28.8127001492	28.482917873	13.008
1234	0	0	1	341	21	14.9788769186	28.0422038805	27.5315261075	11.338
1234	0	0	2	1687	105	14.9788769186	29.6136686931	29.1029909201	8.094
1235	0	0	1	1251	78	11.5528169132	27.6878047138	27.293932273	6.126
1235	0	0	2	2600	162	11.5528169132	29.7115115988	29.317639158	15.937
1236	0	0	1	76	4	19.2052871599	35.2072168729	34.552447271	17.937
1236	0	0	2	1416	88	19.2052871599	32.7214901827	32.0667205808	15.197
1237	0	0	1	805	50	25.1565576647	32.5843717937	31.7267043655	11.779
1237	0	0	2	2146	134	25.1565576647	30.5139779234	29.6563104952	10.22
1238	0	0	1	570	35	9.44525542119	27.5302582069	27.2082392711	7.212
1238	0	0	2	1925	120	9.44525542119	28.362950673	28.0409317372	9.591
1239	0	0	1	273	17	11.008275955	31.6888348289	31.3135275291	9.905
1239	0	0	2	1616	101	11.008275955	31.7253514093	31.3500441096	4.315
1240	0	0	1	477	29	12.0666467558	30.0320171621	29.6206266202	14.221
1240	0	0	2	1825	114	12.0666467558	27.0762501769	26.664859635	4.693
1241	0	0	1	486	30	13.7953455272	27.1720641215	26.7017367152	20.283
1241	0	0	2	1831	114	13.7953455272	27.6247787703	27.1544513639	10.598
1242	0	0	1	963	60	16.6123699258	30.9399372652	30.3735684965	10.74
1242	0	0	2	2306	144	16.6123699258	29.299539822	28.7331710532	4
1243	0	0	1	189	11	18.537224855	30.4133261799	29.7813329565	11.937
1243	0	0	2	1531	95	18.537224855	27.509665846	26.8776726226	21.496
1244	0	0	1	432	27	11.8759886429	31.0686488387	30.663758441	5.843
1244	0	0	2	1779	111	11.8759886429	28.6110849358	28.2061945381	9.559
1245	0	0	1	916	57	16.1005003006	34.989891959	34.4409744612	19.055
1245	0	0	2	2257	141	16.1005003006	33.331564195	32.7826466972	11.496
1246	0	0	1	567	35	6.04244027082	29.7971871403	29.5911810453	14.441
1246	0	0	2	1913	119	6.04244027082	26.9579025467	26.7518964517	7.653
1247	0	0	1	428	26	10.508378441	29.0798502878	28.7215860916	10.252
1247	0	0	2	1776	111	10.508378441	26.7460929941	26.3878287978	13.937
1248	0	0	1	892	55	13.099336254	31.8850694888	31.4384712624	12.977
1248	0	0	2	2234	139	13.099336254	32.1248432006	31.6782449742	7.118
1249	0	0	1	1048	65	14.3862571717	32.3505071376	31.8600336653	8.945
1249	0	0	2	2400	150	14.3862571717	32.2651522656	31.7746787932	15.874
1250	0	0	1	445	27	10.9866503228	29.4556184659	29.0810484531	4.473
1250	0	0	2	1791	111	10.9866503228	30.311996691	29.9374266782	8.63
1251	0	0	1	585	36	10.7865177647	26.9842921299	26.6165452755	18.897
1251	0	0	2	1933	120	10.7865177647	28.84959668	28.4818498255	15.465
1252	0	0	1	837	52	17.4599175606	25.8105072678	25.2152428922	6.158
1252	0	0	2	2179	136	17.4599175606	18.0918677245	17.4966033489	5.276
1253	0	0	1	809	50	23.1508627931	31.7073817019	30.9180948202	8.063
1253	0	0	2	2150	134	23.1508627931	33.711817717	32.9225308353	14.977
1254	0	0	1	962	60	14.4575538596	29.7960546322	29.3031504279	11.969
1254	0	0	2	2306	144	14.4575538596	30.8549392758	30.3620350716	12.032
1255	0	0	1	1098	68	9.58248427845	32.1033857734	31.7766882675	11.779
1255	0	0	2	2447	152	9.58248427845	30.1414165931	29.8147190872	4.851
1256	0	0	1	487	30	13.5557753653	27.7233819556	27.2612222615	19.024
1256	0	0	2	1832	114	13.5557753653	29.2324500279	28.7702903338	8
1257	0	0	1	486	30	13.6939559463	30.0172647555	29.5503940439	16.488
1257	0	0	2	1831	114	13.6939559463	27.4978405253	27.0309698137	15.559
1259	0	0	1	555	34	9.72368305205	33.1512275374	32.8197161141	6.189
1259	0	0	2	1905	119	9.72368305205	27.4193505872	27.0878391639	7.008
1261	0	0	1	470	29	14.2926893421	25.0305006238	24.5432171777	13.811
1261	0	0	2	1818	113	14.2926893421	31.0812757706	30.5939923246	9.685
1262	0	0	1	832	52	19.2214345926	31.3149613003	30.6596411808	13.276
1262	0	0	2	2174	135	19.2214345926	29.7625617699	29.1072416505	14.567
1263	0	0	1	1093	68	13.4456586491	27.786850686	27.3284452226	10.945
1263	0	0	2	2441	152	13.4456586491	28.0106307552	27.5522252917	13.465
1264	0	0	1	474	29	8.7487752274	29.9688836528	29.6706099522	17.528
1264	0	0	2	1821	113	8.7487752274	33.4573175167	33.1590438161	9.339
1265	0	0	1	273	17	12.0615713023	27.5692836298	27.1580661263	12.866
1265	0	0	2	1609	100	12.0615713023	25.5289447322	25.1177272287	12.693
1266	0	0	1	1067	66	18.5624724511	28.1867313072	27.5538773126	10.913
1266	0	0	2	2413	150	18.5624724511	28.171653182	27.5387991874	19.055
1267	0	0	1	266	16	19.8228201397	32.4046718017	31.7288485275	14.41
1267	0	0	2	1609	100	19.8228201397	30.4352051397	29.7593818654	8.662
1268	0	0	1	454	28	12.7410554091	31.9818487813	31.5474654936	19.071
1268	0	0	2	1798	112	12.7410554091	31.383508289	30.9491250013	9.874
1269	0	0	1	327	20	10.763033319	25.5439476172	25.1770014226	8.599
1269	0	0	2	1671	104	10.763033319	13.9563811469	13.5894349522	12.315
1270	0	0	1	204	12	17.8746965659	24.3341066529	23.7247011357	16
1270	0	0	2	1543	96	17.8746965659	31.5232477144	30.9138421972	7.244
1271	0	0	1	232	14	21.3358577112	30.0959559595	29.3685484002	7.811
1271	0	0	2	1575	98	21.3358577112	34.8437734568	34.1163658974	7.275
1272	0	0	1	903	56	20.4718326779	30.579725661	29.8817754757	14.473
1272	0	0	2	2246	140	20.4718326779	33.6399360828	32.9419858975	12.063
1273	0	0	1	133	8	17.4025659411	29.5287560938	28.9354470181	11.559
1273	0	0	2	1474	92	17.4025659411	28.952740469	28.3594313933	5.402
1274	0	0	1	282	17	10.9130715408	30.8032178413	30.4311563642	16.284
1274	0	0	2	1626	101	10.9130715408	34.0128138781	33.6407524011	10.819
1275	0	0	1	1022	63	15.5655713349	30.2740798066	29.7433997464	13.905
1275	0	0	2	2370	148	15.5655713349	29.1894239612	28.658743901	15.055
1276	0	0	1	443	27	12.5646655897	29.7043601949	29.2759905997	8.472
1276	0	0	2	1790	111	12.5646655897	27.030770822	26.6024012269	9.748
1277	0	0	1	1213	75	11.4676327497	28.9828499178	28.5918816773	9.906
1277	0	0	2	2562	160	11.4676327497	30.100114275	29.7091460344	7.118
1278	0	0	1	487	30	8.53322114484	26.1072264689	25.8163016957	16.961
1278	0	0	2	1832	114	8.53322114484	28.879471191	28.5885464178	9.559
1279	0	0	1	598	37	9.08972097997	29.2627503257	28.9528526951	9.874
1279	0	0	2	1947	121	9.08972097997	27.2658464743	26.9559488436	6.252
1280	0	0	1	794	49	28.4714911963	35.1860309954	34.2153468916	12.441
1280	0	0	2	2133	133	28.4714911963	36.4595027862	35.4888186824	8.96
1281	0	0	1	879	54	17.9522424591	35.2818288246	34.6697795202	13.071
1281	0	0	2	2220	138	17.9522424591	34.6841655797	34.0721162752	18.882
1282	0	0	1	493	30	13.763094658	28.126747121	27.6575192498	12.929
1282	0	0	2	1837	114	13.763094658	28.3923449784	27.9231171073	8.346
1283	0	0	1	505	31	6.86163730609	32.3333515153	32.099416376	11.024
1283	0	0	2	1852	115	6.86163730609	30.4063410493	30.17240591	10.819
1284	0	0	1	270	16	16.5173832165	27.0153068835	26.4521765151	17.811
1284	0	0	2	1613	100	16.5173832165	27.5829595498	27.0198291814	8.095
1285	0	0	1	529	33	7.80331649624	26.246955805	25.9809158134	19.559
1285	0	0	2	1878	117	7.80331649624	27.9903892867	27.7243492951	11.213
1286	0	0	1	494	30	11.9136513936	30.3548303539	29.9486559127	10.504
1286	0	0	2	1838	114	11.9136513936	29.2769665194	28.8707920782	9.717
1287	0	0	1	1003	62	17.0317177254	33.0276113602	32.4469456851	12.063
1287	0	0	2	2349	146	17.0317177254	31.6482073192	31.0675416441	17.685
1288	0	0	1	429	26	11.7103233446	27.5238488647	27.1246065264	15.433
1288	0	0	2	1775	110	11.7103233446	26.4616254018	26.0623830634	19.181
1289	0	0	1	547	34	13.4746334247	26.3142303133	25.8548370072	18.063
1289	0	0	2	1893	118	13.4746334247	33.4875537343	33.0281604282	7.213
1290	0	0	1	1230	76	11.0868403534	27.31532321	26.9373373989	10.032
1290	0	0	2	2580	161	11.0868403534	29.8617454835	29.4837596724	15.433
1291	0	0	1	1064	66	15.331726879	31.0130643889	30.4903568333	8.599
1291	0	0	2	2411	150	15.331726879	31.2503501803	30.7276426248	6.315
1292	0	0	1	485	30	15.3167871687	29.8383357918	29.3161375788	15.464
1292	0	0	2	1830	114	15.3167871687	29.0366987204	28.5145005073	11.528
1293	0	0	1	538	33	10.6630894726	28.7642362577	28.4006974681	16.157
1293	0	0	2	1888	118	10.6630894726	28.0309494404	27.6674106508	15.937
1294	0	0	1	876	54	20.9882118995	32.4252311136	31.7096759108	8.504
1294	0	0	2	2217	138	20.9882118995	32.2064575399	31.490902337	7.622
1295	0	0	1	405	25	14.4303504721	31.7726087531	31.2806319993	9.024
1295	0	0	2	1752	109	14.4303504721	34.4739873785	33.9820106247	7.717
1296	0	0	1	819	51	18.5695432333	29.2497801617	28.6166851015	11.654
1296	0	0	2	2161	135	18.5695432333	31.8428066244	31.2097115643	21.323
1297	0	0	1	513	32	7.74381381288	30.859622051	30.5956106959	5.527
1297	0	0	2	1861	116	7.74381381288	32.9774684016	32.7134570466	8.866
1298	0	0	1	1061	66	13.2901252667	37.6570813232	37.2039784897	4
1298	0	0	2	2399	149	13.2901252667	31.1994441921	30.7463413587	10.599
1299	0	0	1	804	50	28.8991078594	31.907090979	30.9218280568	14.582
1299	0	0	2	2145	134	28.8991078594	33.3700948575	32.3848319354	8.63
1301	0	0	1	215	13	17.4010016462	25.8865841469	25.2933284031	12.866
1301	0	0	2	1559	97	17.4010016462	29.9236176182	29.3303618743	14.378
1302	0	0	1	219	13	14.4935805881	29.3761944607	28.8820619902	5.622
1302	0	0	2	1560	97	14.4935805881	28.8089997963	28.3148673258	11.905
1303	0	0	1	280	17	12.265492781	31.905513602	31.4873437638	22.189
1303	0	0	2	1624	101	12.265492781	36.2719995899	35.8538297517	14.536
1304	0	0	1	1033	64	11.1681711081	33.1034877525	32.7227291162	10.567
1304	0	0	2	2376	148	11.1681711081	34.1956997687	33.8149411324	17.748
1304	1	0	1	1029	64	11.1681711081	32.0743881903	31.6936295539	10.662
1304	1	0	2	2377	148	11.1681711081	26.219664902	25.8389062656	15.968
1305	0	0	1	219	13	20.657262706	37.2463619403	36.5420898529	12.063
1305	0	0	2	1561	97	20.657262706	38.1936042448	37.4893321574	10.157
1306	0	0	1	934	58	16.6732747908	31.7213459067	31.1529006965	7.402
1306	0	0	2	2277	142	16.6732747908	29.1275079957	28.5590627855	10.929
1307	0	0	1	1082	67	12.2929419409	24.2111679679	23.7920623001	16.599
1307	0	0	2	2429	151	12.2929419409	25.5109873162	25.0918816484	12.535
1308	0	0	1	470	29	8.94737034353	29.2457943181	28.9407498755	9.622
1308	0	0	2	1816	113	8.94737034353	30.894071383	30.5890269404	7.685
1309	0	0	1	430	26	11.3759656169	31.6039630856	31.2161200705	13.842
1309	0	0	2	1776	111	11.3759656169	28.2281460252	27.8403030101	6.158
1310	0	0	1	431	26	11.9718977297	29.8667181868	29.4585579419	14.126
1310	0	0	2	1777	111	11.9718977297	29.6318497662	29.2236895213	11.197
1311	0	0	1	599	37	9.26305075362	28.4650936004	28.149286604	13.496
1311	0	0	2	1948	121	9.26305075362	24.3022767536	23.9864697572	8.661
1312	0	0	1	429	26	10.908206904	29.8209496718	29.4490540458	15.654
1312	0	0	2	1775	110	10.908206904	31.5991796794	31.2272840533	14.536
1313	0	0	1	456	28	9.98482848421	31.7085602039	31.3681454985	8.725
1313	0	0	2	1801	112	9.98482848421	29.4909835486	29.1505688432	10.63
1314	0	0	1	1103	68	15.9368944421	27.8983429769	27.3550033256	11.622
1314	0	0	2	2456	153	15.9368944421	30.3240123568	29.7806727055	12.362
1315	0	0	1	486	30	11.3020132116	27.1458892668	26.7605675254	17.527
1315	0	0	2	1831	114	11.3020132116	29.0460521188	28.6607303775	11.244
1316	0	0	1	334	20	11.3294606774	29.6128465521	29.2265890389	10.315
1316	0	0	2	1678	104	11.3294606774	31.1062847345	30.7200272214	9.622
1317	0	0	1	468	29	11.6828985118	26.9274348163	26.5291274781	15.59
1317	0	0	2	1815	113	11.6828985118	32.1188174758	31.7205101376	13.874
1318	0	0	1	763	47	14.1860012377	30.910706727	30.4270606193	17.339
1318	0	0	2	2103	131	14.1860012377	34.2505192542	33.7668731464	11.732
1319	0	0	1	428	26	14.8699026176	32.480156079	31.9731935881	11.843
1319	0	0	2	1775	110	14.8699026176	31.2551363438	30.7481738529	12.283
1320	0	0	1	864	54	23.5474055699	31.9247727409	31.121966449	5.118
1320	0	0	2	2209	138	23.5474055699	32.0624401583	31.2596338663	12.22
1321	0	0	1	948	59	16.0636374885	29.3758819897	28.828221263	12.771
1321	0	0	2	2288	143	16.0636374885	32.5201766185	31.9725158918	7.37
1322	0	0	1	910	56	15.3942713525	33.5067240831	32.9818841866	6.41
1322	0	0	2	2251	140	15.3942713525	31.6550636195	31.130223723	4.819
1323	0	0	1	486	30	11.6647037037	28.341222085	27.943535066	12.977
1323	0	0	2	1831	114	11.6647037037	31.6229618644	31.2252748454	12.945
1324	0	0	1	405	25	12.0237148196	41.3092198915	40.8992930364	24.094
1324	0	0	2	1751	109	12.0237148196	31.7921643711	31.3822375161	4.551
1325	0	0	1	196	12	17.2563192611	26.8786357074	26.2903126484	11.717
1325	0	0	2	1541	96	17.2563192611	29.3951911051	28.8068680461	19.04
1326	0	0	1	299	18	19.8202912181	37.0216527563	36.3459157011	7.402
1326	0	0	2	1643	102	19.8202912181	34.1078115555	33.4320745003	9.26
1327	0	0	1	422	26	11.6182170035	29.2664229205	28.8703207816	10.284
1327	0	0	2	1769	110	11.6182170035	26.1506208591	25.7545187202	21.275
1328	0	0	1	584	36	10.3754007539	27.7586133457	27.4048827837	13.528
1328	0	0	2	1932	120	10.3754007539	29.6728059245	29.3190753625	8.914
1330	0	0	1	434	27	9.11156689902	29.2720713901	28.9614289622	8.977
1330	0	0	2	1781	111	9.11156689902	28.3959306847	28.0852882568	5.843
1331	0	0	1	1097	68	10.4868099755	28.7513178987	28.3937890403	6.252
1331	0	0	2	2444	152	10.4868099755	30.2880638797	29.9305350214	5.653
1332	0	0	1	920	57	12.969553598	31.6127351619	31.1705616408	22.031
1332	0	0	2	2262	141	12.969553598	33.5575027995	33.1153292785	11.559
1333	0	0	1	1246	77	8.51751162438	29.3947603302	29.1043711447	8.221
1333	0	0	2	2598	162	8.51751162438	27.6318661152	27.3414769298	19.496
1334	0	0	1	266	16	20.1460326896	32.5919868887	31.9051442659	5.811
1334	0	0	2	1610	100	20.1460326896	30.844717975	30.1578753522	11.402
1335	0	0	1	1057	66	12.9120920386	28.4932936748	28.053079202	8.645
1335	0	0	2	2402	150	12.9120920386	28.220438636	27.7802241631	24.661
1336	0	0	1	504	31	0.581083366188	29.101992451	29.0821814625	14.992
1336	0	0	2	1849	115	0.581083366188	28.4615971077	28.4417861192	13.15
1336	1	0	1	491	30	0.581083366188	42.7860310589	42.7662200703	5.166
1336	1	0	2	1850	115	0.581083366188	28.1026958437	28.0828848551	11.149
1338	0	0	1	929	58	14.0331760251	32.9641625044	32.4857266965	17.591
1338	0	0	2	2272	142	14.0331760251	28.5605291984	28.0820933905	15.008
1339	0	0	1	993	62	19.3486217425	28.4762121564	27.8165558207	12.252
1339	0	0	2	2337	146	19.3486217425	30.8290898803	30.1694335445	7.905
1340	0	0	1	487	30	9.48246355956	28.1237596361	27.8004721561	8.22
1340	0	0	2	1832	114	9.48246355956	33.1517135697	32.8284260897	12.457
1341	0	0	1	1223	76	12.2072974294	29.0408331264	28.6246473536	7.087
1341	0	0	2	2574	160	12.2072974294	29.2338355984	28.8176498256	6.378
1342	0	0	1	901	56	23.0707851001	32.9273540502	32.1407972729	17.307
1342	0	0	2	2242	140	23.0707851001	32.8479940527	32.0614372754	7.055
1343	0	0	1	1245	77	5.68643132819	26.8018699817	26.6080013691	4.33
1343	0	0	2	2596	162	5.68643132819	25.5551093832	25.3612407706	8.567
1345	0	0	1	1055	65	18.8047396976	28.9762693379	28.3351556788	14.252
1345	0	0	2	2393	149	18.8047396976	30.0741130234	29.4329993643	4.599
1346	0	0	1	476	29	9.73943495878	31.1380959373	30.8060474812	11.527
1346	0	0	2	1822	113	9.73943495878	28.8578407772	28.5257923211	10.803
1347	0	0	1	154	9	25.2870502852	32.3828153669	31.5206990284	12.189
1347	0	0	2	1496	93	25.2870502852	30.504113745	29.6419974064	19.401
1348	0	0	1	953	59	22.1540043835	31.8178749137	31.0625741202	18.378
1348	0	0	2	2295	143	22.1540043835	30.4714177707	29.7161169773	8.866
1348	1	0	1	951	59	22.1540043835	33.6525418375	32.8972410441	7.843
1348	1	0	2	2294	143	22.1540043835	30.5316810509	29.7763802575	15.071
1349	0	0	1	915	57	16.3453666466	30.9165644354	30.3592986616	5.874
1349	0	0	2	2255	140	16.3453666466	28.8507003917	28.2934346179	5.779
1350	0	0	1	807	50	25.9535358418	32.7962657749	31.9114268142	9.906
1350	0	0	2	2149	134	25.9535358418	31.9521588966	31.0673199359	13.543
1351	0	0	1	1221	76	14.089332644	25.6815539745	25.201203608	13.37
1351	0	0	2	2572	160	14.089332644	28.0295009291	27.5491505626	10.772
1352	0	0	1	447	27	13.8559251265	12.6409984749	12.1686057165	6.221
1352	0	0	2	1800	112	13.8559251265	10.4254454923	9.9530527338	6.378
1353	0	0	1	518	32	8.89508994914	28.075862679	27.7726006421	9.039
1353	0	0	2	1864	116	8.89508994914	29.9289576716	29.6256956347	15.528
1354	0	0	1	521	32	11.884522108	28.2338416725	27.8286603418	7.906
1354	0	0	2	1869	116	11.884522108	29.7806572717	29.3754759409	4.756
1355	0	0	1	486	30	9.68625029039	28.2407511125	27.9105158917	12.063
1355	0	0	2	1831	114	9.68625029039	29.7128841629	29.382648942	11.339
1356	0	0	1	894	55	16.43494126	30.442440469	29.8821208104	15.968
1356	0	0	2	2236	139	16.43494126	30.894475574	30.3341559154	8.599
1357	0	0	1	267	16	15.2007274221	29.9757079502	29.4574665847	19.874
1357	0	0	2	1611	100	15.2007274221	27.2411283853	26.7228870198	16.189
1358	0	0	1	798	49	23.109464776	39.9823029585	39.1944274675	6.661
1358	0	0	2	2149	134	23.109464776	33.1599306083	32.3720551173	16.472
1359	0	0	1	1013	63	6.79156658514	19.0777678889	18.8462216843	9.654
1359	0	0	2	2358	147	6.79156658514	22.3088936815	22.077347477	11.716
1359	1	0	1	1009	63	6.79156658514	30.1179630582	29.8864168536	24.063
1359	1	0	2	2354	147	6.79156658514	35.7690618998	35.5375156952	18
1360	0	0	1	233	14	19.0382582884	30.3556848179	29.706609764	11.654
1360	0	0	2	1576	98	19.0382582884	30.53484945	29.885774396	13.37
1361	0	0	1	101	6	20.8386949504	20.0411816334	19.330723941	7.181
1361	0	0	2	1442	90	20.8386949504	34.3913093934	33.680851701	13.433
1362	0	0	1	471	29	9.38109597292	26.1721465754	25.8523150403	8.158
1362	0	0	2	1817	113	9.38109597292	29.1388904773	28.8190589422	6.929
1363	0	0	1	378	23	11.1401774731	27.6785354775	27.2987312336	7.433
1363	0	0	2	1724	107	11.1401774731	29.6739203124	29.2941160685	10.409
1364	0	0	1	1009	63	18.519463967	34.2777238358	33.6463361378	18.85
1364	0	0	2	2358	147	18.519463967	33.7096084561	33.0782207581	14.472
1364	1	0	1	1012	63	18.519463967	28.0663057089	27.4349180109	18.284
1364	1	0	2	2357	147	18.519463967	32.3830364966	31.7516487986	12.41
1365	0	0	1	539	33	11.8953623224	32.3403769169	31.9348260086	4.158
1365	0	0	2	1888	118	11.8953623224	30.1745305438	29.7689796355	8.709
1366	0	0	1	581	36	11.6417015159	29.9378640625	29.5409612615	8.33
1366	0	0	2	1929	120	11.6417015159	30.3741755451	29.9772727442	9.433
1367	0	0	1	1227	76	15.4089963606	28.1115744973	27.5862325782	12.661
1367	0	0	2	2579	161	15.4089963606	28.3421984069	27.8168564879	8.662
1368	0	0	1	272	17	14.83354516	28.884153385	28.378430436	4.126
1368	0	0	2	1614	100	14.83354516	30.3058955439	29.8001725949	7.969
1369	0	0	1	270	16	20.7986636933	35.6516586229	34.942565724	13.055
1369	0	0	2	1613	100	20.7986636933	30.6802423181	29.9711494193	9.433
1370	0	0	1	1092	68	12.9425717078	31.1149791356	30.6737255134	10.473
1370	0	0	2	2440	152	12.9425717078	33.0175758494	32.5763222272	6.094
1371	0	0	1	968	60	16.2426519785	26.8152359215	26.2614720189	12.835
1371	0	0	2	2309	144	16.2426519785	25.8564383482	25.3026744456	8.094
1372	0	0	1	266	16	16.3218431301	35.648332177	35.091868395	12.41
1372	0	0	2	1611	100	16.3218431301	34.2476549529	33.6911911709	11.197
1373	0	0	1	521	32	6.17261054642	28.4477642146	28.237320199	8.094
1373	0	0	2	1869	116	6.17261054642	28.5884133257	28.3779693101	7.968
1374	0	0	1	383	23	14.4396767168	27.8483777729	27.3560830576	14.095
1374	0	0	2	1728	108	14.4396767168	27.4411383506	26.9488436353	14.772
1374	1	0	1	382	23	14.4396767168	29.4160654303	28.923770715	13.118
1374	1	0	2	1721	107	14.4396767168	30.1290925955	29.6367978802	5.465
1375	0	0	1	513	32	7.88267374364	28.3947211525	28.1259756188	16.126
1375	0	0	2	1860	116	7.88267374364	28.2490501274	27.9803045936	15.685
1376	0	0	1	788	49	21.288946446	24.7004546603	23.9746464559	10.22
1376	0	0	2	2134	133	21.288946446	29.4318359878	28.7060277834	4.646
1377	0	0	1	84	5	26.2504428887	29.9049982966	29.010036826	25.622
1377	0	0	2	1424	89	26.2504428887	30.6132726181	29.7183111475	16.157
1378	0	0	1	1270	79	7.42646141133	28.3111669213	28.0579751236	12.032
1378	0	0	2	2618	163	7.42646141133	29.1333855533	28.8801937556	13.275
1379	0	0	1	879	54	18.7961431083	32.6495668614	32.0087462875	10.031
1379	0	0	2	2222	138	18.7961431083	32.4034957911	31.7626752172	10.189
1380	0	0	1	567	35	12.8090396862	33.5687830781	33.1320819891	12.315
1380	0	0	2	1914	119	12.8090396862	32.6053156502	32.1686145613	12.315
1381	0	0	1	470	29	8.82201728767	26.6714533564	26.3706825999	10.882
1381	0	0	2	1816	113	8.82201728767	29.2140921585	28.9133214021	12.315
1382	0	0	1	411	25	14.163786136	28.4505009779	27.967612254	9.024
1382	0	0	2	1756	109	14.163786136	30.7343491102	30.2514603863	11.244
1383	0	0	1	1250	78	8.93190422688	30.5260175056	30.2215003523	6.504
1383	0	0	2	2599	162	8.93190422688	29.3925039458	29.0879867925	10.708
1384	0	0	1	146	9	19.1455677745	32.3947534012	31.742019824	14.346
1384	0	0	2	1484	92	19.1455677745	31.4332333529	30.7804997757	15.276
1385	0	0	1	1006	62	25.5675758067	34.5669361467	33.6952557967	15.78
1385	0	0	2	2343	146	25.5675758067	34.7448059808	33.8731256309	5.402
1386	0	0	1	421	26	10.0898240722	22.1623783542	21.8183840137	11.307
1386	0	0	2	1767	110	10.0898240722	28.9012044642	28.5572101237	16.063
1387	0	0	1	917	57	19.093195083	31.1221933038	30.471245279	5.087
1387	0	0	2	2255	140	19.093195083	29.1703591694	28.5194111445	4.409
1388	0	0	1	739	46	13.6925677107	40.1360443134	39.6692209312	10.772
1388	0	0	2	2078	129	13.6925677107	40.6839809351	40.2171575528	10.914
1389	0	0	1	474	29	9.52288004704	32.6095838355	32.2849184283	10.929
1389	0	0	2	1826	114	9.52288004704	28.7785524841	28.4538870769	6.284
1390	0	0	1	290	18	19.0323765824	24.8901669	24.2412923722	13.685
1390	0	0	2	1634	102	19.0323765824	25.0255397118	24.3766651839	4.929
1391	0	0	1	920	57	16.1077777188	27.3895758784	26.8404102701	24.094
1391	0	0	2	2263	141	16.1077777188	31.3879675321	30.8388019239	9.087
1392	0	0	1	530	33	10.011442899	27.4080438169	27.066721741	17.748
1392	0	0	2	1878	117	10.011442899	27.6108002666	27.2694781907	5.433
1393	0	0	1	269	16	14.4040483301	38.5928516241	38.1017715943	8.425
1393	0	0	2	1611	100	14.4040483301	35.9581368295	35.4670567998	8.032
1394	0	0	1	814	50	23.1076899287	27.7625483695	26.9747333888	7.008
1394	0	0	2	2156	134	23.1076899287	31.3752046334	30.5873896527	6.945
1395	0	0	1	582	36	5.08683704139	28.3293723381	28.1559458105	14.158
1395	0	0	2	1928	120	5.08683704139	29.1618671722	28.9884406446	12.095
1396	0	0	1	337	21	18.9449359587	32.0202382036	31.3743448061	7.055
1396	0	0	2	1681	105	18.9449359587	30.9852236097	30.3393302121	13.433
1397	0	0	1	491	30	11.3929162409	28.1506564176	27.7622355016	13.937
1397	0	0	2	1835	114	11.3929162409	30.3856336627	29.9972127467	15.496
1398	0	0	1	503	31	10.4106398913	31.3923356375	31.0374036607	15.276
1398	0	0	2	1850	115	10.4106398913	30.2729838507	29.9180518739	11.811
1400	0	0	1	234	14	15.9311021157	30.5813363122	30.0381941398	10
1400	0	0	2	1577	98	15.9311021157	32.0664222653	31.5232800929	12.252
1401	0	0	1	297	18	15.924856485	31.1435330447	30.6006038058	7.874
1401	0	0	2	1641	102	15.924856485	29.5613577099	29.018428471	4.472
1403	0	0	1	487	30	14.3385419688	30.3626093914	29.8737626828	13.496
1403	0	0	2	1832	114	14.3385419688	29.2840261569	28.7951794483	6.189
1404	0	0	1	1064	66	15.1436923595	27.8886795367	27.3723826787	4.473
1404	0	0	2	2412	150	15.1436923595	28.4584769778	27.9421801198	17.906
1405	0	0	1	517	32	8.62176025723	28.2537250068	27.9597816523	9.905
1405	0	0	2	1864	116	8.62176025723	30.819910346	30.5259669916	8.441
1406	0	0	1	470	29	11.980777489	29.7470085323	29.338545548	10.031
1406	0	0	2	1817	113	11.980777489	29.9727017737	29.5642387894	14.536
1407	0	0	1	317	19	18.5334543866	26.1784578078	25.5465931318	7.055
1407	0	0	2	1661	103	18.5334543866	25.2974201871	24.665555511	15.339
1408	0	0	1	374	23	15.0627138022	27.0482682307	26.5347321905	12.378
1408	0	0	2	1719	107	15.0627138022	30.2668962838	29.7533602436	9.968
1410	0	0	1	1009	63	12.2421842838	28.5265529801	28.109177803	21.244
1410	0	0	2	2353	147	12.2421842838	30.5223407788	30.1049656017	16.283
1411	0	0	1	278	17	12.0360015995	35.353817623	34.9434718724	11.559
1411	0	0	2	1621	101	12.0360015995	33.1487950251	32.7384492745	6.788
1412	0	0	1	1060	66	14.1255901715	26.5225116932	26.0409251917	11.559
1412	0	0	2	2407	150	14.1255901715	24.2753964381	23.7938099367	24.157
1413	0	0	1	456	28	10.9572543139	30.8773634814	30.5037956724	7.181
1413	0	0	2	1801	112	10.9572543139	30.3589779389	29.9854101299	15.307
1414	0	0	1	506	31	8.14320907505	29.42909437	29.1514663544	10.126
1414	0	0	2	1857	116	8.14320907505	29.9239933028	29.6463652872	9.024
1415	0	0	1	432	27	8.76926873825	28.4642929787	28.1653205888	10.929
1415	0	0	2	1779	111	8.76926873825	25.7305609756	25.4315885857	6.504
1416	0	0	1	265	16	15.8655822532	35.5375716645	34.9966632736	13.464
1416	0	0	2	1608	100	15.8655822532	36.2890344452	35.7481260543	8.709
1417	0	0	1	212	13	17.5431686722	30.2119167912	29.6138141191	8.283
1417	0	0	2	1556	97	17.5431686722	28.104289975	27.5061873029	9.275
1418	0	0	1	447	27	6.62811532903	23.5475740439	23.3216004149	8.032
1418	0	0	2	1793	112	6.62811532903	25.6252589736	25.3992853446	13.386
1419	0	0	1	487	30	12.679844875	30.5668933892	30.1345969642	15.559
1419	0	0	2	1831	114	12.679844875	32.5658190558	32.1335226307	10.22
1420	0	0	1	212	13	15.5457746387	31.0833973099	30.5533921823	14.284
1420	0	0	2	1555	97	15.5457746387	27.6016387439	27.0716336163	20.819
1421	0	0	1	564	35	12.6679681551	33.4952935787	33.0634020691	10.582
1421	0	0	2	1912	119	12.6679681551	33.6640622293	33.2321707196	8.378
1422	0	0	1	248	15	15.4204105574	31.4615125569	30.9357814914	7.496
1422	0	0	2	1591	99	15.4204105574	31.5827513666	31.0570203012	10.756
1423	0	0	1	832	52	24.4479442052	32.1009738932	31.2674653619	6.63
1423	0	0	2	2176	136	24.4479442052	27.6539656355	26.8204571042	4.189
1424	0	0	1	1025	64	12.5943076353	31.051779012	30.6223988248	4.819
1424	0	0	2	2372	148	12.5943076353	29.5452536789	29.1158734917	11.181
1425	0	0	1	994	62	23.3568165533	27.2266066498	26.4302981464	15.039
1425	0	0	2	2338	146	23.3568165533	30.9931508418	30.1968423384	7.465
1427	0	0	1	888	55	18.7559188693	35.0578443519	34.4183951508	18
1427	0	0	2	2230	139	18.7559188693	32.2485101484	31.6090609474	7.906
1428	0	0	1	488	30	8.89653865075	29.3599327647	29.0566213368	18.519
1428	0	0	2	1832	114	8.89653865075	30.8297449084	30.5264334806	8.456
1429	0	0	1	809	50	23.8890032324	31.3776129949	30.5631605473	9.527
1429	0	0	2	2151	134	23.8890032324	29.7101892028	28.8957367552	7.559
1430	0	0	1	489	30	13.3404033461	29.6188771253	29.1640601515	14.992
1430	0	0	2	1834	114	13.3404033461	30.1294309433	29.6746139695	12.535
1431	0	0	1	893	55	15.2031162791	37.8538996701	37.3355768609	5.275
1431	0	0	2	2235	139	15.2031162791	36.2768656222	35.758542813	10.567
1432	0	0	1	1044	65	15.8073922069	27.70949163	27.1705671236	14.535
1432	0	0	2	2411	150	15.8073922069	31.0923376865	30.5534131801	18.472
1433	0	0	1	1013	63	10.8918317245	31.5392531953	31.1679158514	5.622
1433	0	0	2	2358	147	10.8918317245	33.9194132416	33.5480758977	11.653
1434	0	0	1	807	50	22.989191683	32.1047904637	31.3210154668	9.874
1434	0	0	2	2149	134	22.989191683	35.9016538334	35.1178788365	7.37
1435	0	0	1	920	57	18.9729593118	27.3912204725	26.7443716693	10.252
1435	0	0	2	2264	141	18.9729593118	28.6435531851	27.9967043819	13.78
1436	0	0	1	214	13	17.999101861	24.7987318139	24.1850849227	22.63
1436	0	0	2	1556	97	17.999101861	24.9248432248	24.3111963336	17.528
1438	0	0	1	760	47	22.7872584445	36.6840092165	35.9071187688	11.087
1438	0	0	2	2100	131	22.7872584445	34.9449978849	34.1681074372	9.433
1439	0	0	1	1013	63	13.1276181606	33.4322553834	32.9846929364	12
1439	0	0	2	2357	147	13.1276181606	34.5486100245	34.1010475775	9.969
1440	0	0	1	482	30	8.88374613453	26.6128246843	26.3099493942	20.283
1440	0	0	2	1829	114	8.88374613453	30.5121889018	30.2093136117	10.347
1441	0	0	1	437	27	9.38189134103	29.1925868998	28.872728248	12.095
1441	0	0	2	1782	111	9.38189134103	27.8299936652	27.5101350135	7.464
1442	0	0	1	1257	78	10.8127557991	30.4807275852	30.1120861923	6
1442	0	0	2	2602	162	10.8127557991	22.6194609338	22.2508195409	4.063
1443	0	0	1	1218	76	10.4040223589	29.9434941519	29.5887877879	7.464
1443	0	0	2	2567	160	10.4040223589	29.9076502396	29.5529438756	9.716
1444	0	0	1	539	33	11.4652946563	33.1641365227	32.7732479952	8.74
1444	0	0	2	1889	118	11.4652946563	29.0525102404	28.661621713	9.716
1445	0	0	1	561	35	8.36474575086	29.0075678109	28.7223869021	6.598
1445	0	0	2	1908	119	8.36474575086	29.9836386185	29.6984577098	4.378
1446	0	0	1	1059	66	12.7125672204	30.9752503475	30.5418383132	12.882
1446	0	0	2	2401	150	12.7125672204	29.430362214	28.9969501796	11.969
1446	1	0	1	1058	66	12.7125672204	31.7850028362	31.3515908019	8.567
1446	1	0	2	2407	150	12.7125672204	28.9052437242	28.4718316899	14.126
1447	0	0	1	1217	76	11.522	29.21905271	28.8262309161	8.158
1447	0	0	2	2565	160	11.522	32.7935585839	32.4007367901	8.977
1448	0	0	1	489	30	13.4028408331	29.6987510936	29.2418054263	19.906
1448	0	0	2	1833	114	13.4028408331	29.7304195839	29.2734739167	13.102
1449	0	0	1	77	4	20.2453011884	36.7675750508	36.0773480477	12.536
1449	0	0	2	1417	88	20.2453011884	37.1100490661	36.419822063	11.166
1450	0	0	1	476	29	8.46525643003	29.5947506049	29.306142966	20.299
1450	0	0	2	1822	113	8.46525643003	27.8021112718	27.5135036328	5.149
1451	0	0	1	1021	63	16.1910047399	27.5059265875	26.9539235042	16.252
1451	0	0	2	2366	147	16.1910047399	30.8196131514	30.2676100681	12.473
1451	1	0	1	1019	63	16.1910047399	22.7972521855	22.2452491023	12.646
1451	1	0	2	2363	147	16.1910047399	30.8047106746	30.2527075913	14.708
1452	0	0	1	275	17	22.1488999607	29.0549701909	28.2998434235	16.409
1452	0	0	2	1619	101	22.1488999607	28.0751037726	27.3199770053	12.803
1453	0	0	1	1093	68	9.82914452018	29.9864347735	29.6513278318	8.378
1453	0	0	2	2440	152	9.82914452018	31.6901916152	31.3550846735	5.37
1453	1	0	1	1092	68	9.82914452018	29.5266368961	29.1915299544	12.771
1453	1	0	2	2441	152	9.82914452018	31.2749095303	30.9398025886	12.031
1454	0	1	1	599	37	9.98386011115	29.0841479555	28.743766265	12.189
1454	0	1	2	1947	121	9.98386011115	26.6187940415	26.278412351	13.906
1455	0	1	1	983	61	14.0948807716	28.0956458706	27.6151063507	13.842
1455	0	1	2	2328	145	14.0948807716	32.191629366	31.7110898461	11.307
1455	1	1	1	984	61	14.0948807716	25.8960258706	25.4154863507	13.842
1455	1	1	2	2330	145	14.0948807716	32.9512786492	32.4707391293	8.189
1456	0	1	1	486	30	13.7895776281	29.0715757556	28.6014449953	16.315
1456	0	1	2	1830	114	13.7895776281	26.3896933445	25.9195625842	5.118
1457	0	1	1	474	29	13.2867407834	25.9367509281	25.4837634825	19.197
1457	0	1	2	1821	113	13.2867407834	29.9716181069	29.5186306612	5.213
1458	0	1	1	299	18	9.34462745842	29.2602878341	28.9416996271	13.78
1458	0	1	2	1642	102	9.34462745842	26.4685155717	26.1499273647	15.275
1459	0	1	1	567	35	5.48375477174	31.0815526041	30.8945938829	16.456
1459	0	1	2	1914	119	5.48375477174	33.8845015937	33.6975428725	8.725
1460	0	1	1	1257	78	12.2584638156	27.0187008638	26.6007706655	7.748
1460	0	1	2	2601	162	12.2584638156	29.2526052694	28.8346750711	12.819
1461	0	1	1	1100	68	16.4465461656	30.0798429829	29.5191276759	10.252
1461	0	1	2	2447	152	16.4465461656	30.921824292	30.3611089851	8.189
1462	0	1	1	458	28	13.133073337	28.6833180856	28.2355696542	7.118
1462	0	1	2	1805	112	13.133073337	27.8648106216	27.4170621902	8.74
1463	0	1	1	297	18	16.9131543106	29.9704667369	29.3938432675	6.582
1463	0	1	2	1641	102	16.9131543106	30.0239332042	29.4473097348	9.307
1464	0	1	1	1097	68	13.8705612094	33.2234164077	32.7505246584	9.37
1464	0	1	2	2444	152	13.8705612094	33.4411762148	32.9682844655	6.599
1466	0	1	1	832	52	22.5262347369	33.9052607742	33.1372694587	10.189
1466	0	1	2	2174	135	22.5262347369	32.7034759347	31.9354846192	17.04
1467	0	1	1	930	58	17.3754649561	27.9449882058	27.3526030893	10
1467	0	1	2	2272	142	17.3754649561	28.8388576548	28.2464725383	12.267
1468	0	1	1	566	35	13.859401401	24.3662491693	23.8937378935	22.441
1468	0	1	2	1914	119	13.859401401	30.0489310954	29.5764198196	14.315
1469	0	1	1	489	30	12.4996571489	33.0988266499	32.6726734002	17.118
1469	0	1	2	1833	114	12.4996571489	32.193438697	31.7672854473	9.811
1470	0	1	1	1218	76	7.9590313239	29.2043776182	28.9330288105	11.685
1470	0	1	2	2565	160	7.9590313239	36.380257498	36.1089086903	9.685
1471	0	1	1	208	13	20.3037559997	35.3700294295	34.6778095152	7.496
1471	0	1	2	1552	97	20.3037559997	34.9310305171	34.2388106028	5.496
1472	0	1	1	1217	76	8.49245455965	27.8809114014	27.5913764913	14.063
1472	0	1	2	2567	160	8.49245455965	27.6663550577	27.3768201476	8.283
1473	0	1	1	821	51	24.735042307	29.902622442	29.0593258191	12.126
1473	0	1	2	2166	135	24.735042307	28.5986539785	27.7553573556	10.315
1474	0	1	1	807	50	25.6712614774	32.1354487306	31.2602334049	8.724
1474	0	1	2	2148	134	25.6712614774	30.9366237706	30.0614084448	13.181
1475	0	1	1	274	17	16.9389268387	36.165222482	35.5877203447	6.725
1475	0	1	2	1618	101	16.9389268387	34.0073460689	33.4298439316	8.551
1476	0	1	1	901	56	20.4062816147	26.484507149	25.7887918089	20.599
1476	0	1	2	2244	140	20.4062816147	30.1756330435	29.4799177034	6.472
1477	0	1	1	1214	75	10.144410596	27.2278059908	26.8819506213	10.409
1477	0	1	2	2565	160	10.144410596	31.9110515574	31.5651961879	13.842
1478	0	1	1	895	55	19.3773976221	33.1371595433	32.4765221458	10.882
1478	0	1	2	2238	139	19.3773976221	33.0977750073	32.4371376099	6.882
1479	0	1	1	811	50	23.3434540277	33.6087002685	32.8128473363	7.244
1479	0	1	2	2152	134	23.3434540277	34.0721583653	33.2763054331	14
1480	0	1	1	1013	63	15.3637044614	27.4440640342	26.9202662607	20.835
1480	0	1	2	2358	147	15.3637044614	29.3007218577	28.7769240843	11.716
1481	0	1	1	491	30	12.0518709278	25.7884590078	25.3775722211	16.756
1481	0	1	2	1837	114	12.0518709278	27.0388976453	26.6280108585	6.472
1482	0	1	1	879	54	25.7845256946	33.3368498216	32.4577729568	9.496
1482	0	1	2	2222	138	25.7845256946	30.6471743569	29.7680974921	12.819
1483	0	1	1	585	36	11.0816983414	27.9484223094	27.5706118059	13.37
1483	0	1	2	1933	120	11.0816983414	29.6270928717	29.2492823682	9.37
1484	0	1	1	513	32	7.25110457698	30.3555361457	30.1083228228	4.284
1484	0	1	2	1860	116	7.25110457698	34.2175121383	33.9702988154	12.85
1485	0	1	1	961	60	21.1488756756	33.0830765625	32.3620438182	5.559
1485	0	1	2	2305	144	21.1488756756	32.8316227682	32.1105900239	5.244
1486	0	1	1	513	32	7.69198936107	31.1841720747	30.9219275808	5.244
1486	0	1	2	1861	116	7.69198936107	32.6056034575	32.3433589635	6.473
1489	0	1	1	412	25	11.0061888079	30.8821878892	30.506951747	5.937
1489	0	1	2	1758	109	11.0061888079	30.1522473319	29.7770111897	11.811
1490	0	1	1	470	29	12.5783004536	26.4189427766	25.9901083253	8
1490	0	1	2	1817	113	12.5783004536	30.0914822415	29.6626477903	8.504
1491	0	1	1	809	50	25.1924249301	33.2969789467	32.4380886888	14.189
1491	0	1	2	2150	134	25.1924249301	33.7785094198	32.9196191619	10.536
1492	0	1	1	1057	66	15.3575878787	28.9043166967	28.380727457	11.748
1492	0	1	2	2402	150	15.3575878787	30.1964450009	29.6728557613	16
1493	0	1	1	488	30	12.2900003769	28.7629360423	28.3439306618	15.764
1493	0	1	2	1834	114	12.2900003769	29.575264206	29.1562588255	14.945
1494	0	1	1	930	58	20.4788645053	26.5590063803	25.8608164575	20.693
1494	0	1	2	2274	142	20.4788645053	27.7339487132	27.0357587904	9.842
1495	0	1	1	428	26	12.2550288141	29.1276029193	28.7097898311	7.355
1495	0	1	2	1774	110	12.2550288141	29.8929189483	29.4751058602	13.212
1496	0	1	1	1213	75	11.048166816	30.000488577	29.6238212704	7.37
1496	0	1	2	2564	160	11.048166816	33.4969014201	33.1202341135	7.811
1497	0	1	1	198	12	17.2974383361	32.4109270605	31.8212021208	11.401
1497	0	1	2	1541	96	17.2974383361	31.8315706643	31.2418457246	10.945
1498	0	1	1	901	56	14.6014051028	31.538290816	31.0404822633	10.551
1498	0	1	2	2244	140	14.6014051028	30.7609287818	30.263120229	6.693
1499	0	1	1	250	15	16.909553128	29.6945730903	29.1180723966	12.599
1499	0	1	2	1591	99	16.909553128	29.1998970373	28.6233963436	16.976
1500	0	1	1	291	18	13.2785331973	25.2803165413	24.8276089185	18.284
1500	0	1	2	1634	102	13.2785331973	24.0662772022	23.6135695794	18.977
1501	0	1	1	1217	76	16.6264966257	30.0978209148	29.5309705218	11.103
1501	0	1	2	2566	160	16.6264966257	30.3522961839	29.7854457909	8.063
1502	0	1	1	808	50	26.5803970526	33.6453441494	32.7391334872	9.968
1502	0	1	2	2150	134	26.5803970526	34.8229548155	33.9167441532	10.725
1503	0	1	1	1227	76	5.39310161184	26.8568538689	26.6729858035	9.811
1503	0	1	2	2580	161	5.39310161184	28.725071791	28.5412037256	8
1505	0	1	1	1059	66	11.8869428179	29.8934620816	29.4881982211	12.662
1505	0	1	2	2404	150	11.8869428179	27.0005519246	26.5952880641	17.969
1506	0	1	1	458	28	9.59938178534	27.971412816	27.6441392201	8.772
1506	0	1	2	1803	112	9.59938178534	28.1700238945	27.8427502986	6.504
1507	0	1	1	477	29	13.0936430363	30.4930394178	30.0466352913	18.33
1507	0	1	2	1825	114	13.0936430363	28.8374583962	28.3910542698	4.646
1508	0	1	1	518	32	4.52039744579	27.7562325384	27.6021177464	13.496
1508	0	1	2	1864	116	4.52039744579	31.8364194271	31.6823046351	11.134
1510	0	1	1	134	8	18.9898167182	31.8445356335	31.1971121074	14.788
1510	0	1	2	1477	92	18.9898167182	32.5723724422	31.9249489161	11.622
1510	1	1	1	135	8	18.9898167182	31.4417914878	30.7943679618	7.685
1510	1	1	2	1476	92	18.9898167182	33.5584019493	32.9109784232	6.834
1510	2	1	1	136	8	18.9898167182	27.9415440325	27.2941205064	16.992
1510	2	1	2	1473	92	18.9898167182	29.4227161359	28.7752926099	6.157
1511	0	1	1	477	29	11.8836629727	29.6056895351	29.2005374951	10.662
1511	0	1	2	1825	114	11.8836629727	25.0524240991	24.647272059	7.086
1512	0	1	1	958	59	16.6478263187	36.6183183526	36.0507407621	16.504
1512	0	1	2	2299	143	16.6478263187	32.3116563105	31.74407872	4.346
1513	0	1	1	1000	62	15.2326181394	28.8209413184	28.3016126965	6.063
1513	0	1	2	2345	146	15.2326181394	28.6985609012	28.1792322792	9.654
1514	0	1	1	980	61	17.7371732875	28.9734998222	28.368782913	4.315
1514	0	1	2	2326	145	17.7371732875	33.4981455752	32.893428666	8.866
1515	0	1	1	513	32	7.73485307909	33.5449680636	33.2812622086	6.063
1515	0	1	2	1860	116	7.73485307909	33.1550646776	32.8913588226	8.284
1516	0	1	1	1030	64	12.6898232008	8.49973552392	8.0670989059	17.307
1516	0	1	2	2372	148	12.6898232008	4.60290787766	4.17027125964	15.622
1517	0	1	1	1056	66	12.0414632532	32.3170391412	31.9065071853	7.528
1517	0	1	2	2403	150	12.0414632532	32.5846407609	32.1741088051	10.22
1518	0	1	1	916	57	21.4596268734	10.0530332295	9.32140598397	13.779
1518	0	1	2	2258	141	21.4596268734	10.5541509667	9.8225237212	9.433
1519	0	1	1	1230	76	4.52278156997	27.6000953427	27.4458992683	16.441
1519	0	1	2	2581	161	4.52278156997	28.0761791754	27.921983101	8.441
1520	0	1	1	492	30	14.1107774581	29.0492492026	28.5681677138	8.52
1520	0	1	2	1838	114	14.1107774581	29.5140816955	29.0330002068	15.401
1521	0	1	1	457	28	12.1459139265	30.268927372	29.8548343589	8.126
1521	0	1	2	1802	112	12.1459139265	27.8645666758	27.4504736628	9.748
1522	0	1	1	196	12	21.2224158387	34.1359251768	33.4123852134	4.158
1522	0	1	2	1540	96	21.2224158387	36.1909289975	35.467389034	6.063
1523	0	1	1	795	49	22.8862128242	33.019454222	32.2391901033	9.654
1523	0	1	2	2135	133	22.8862128242	32.032504917	31.2522407983	10.882
1524	0	1	1	170	10	16.5807632379	29.0759074674	28.5106162716	13.307
1524	0	1	2	1512	94	16.5807632379	26.5172692637	25.9519780679	14.945
1525	0	1	1	901	56	24.1103806621	28.4206727945	27.5986728829	15.15
1525	0	1	2	2241	140	24.1103806621	30.5874952603	29.7654953488	8.504
1526	0	1	1	1012	63	17.8717571349	30.3839615046	29.7746562021	7.339
1526	0	1	2	2354	147	17.8717571349	31.1725342432	30.5632289407	7.874
1527	0	1	1	379	23	13.8665584033	24.4566054966	23.9838502158	7.653
1527	0	1	2	1722	107	13.8665584033	25.6638434957	25.1910882148	15.842
1527	1	1	1	377	23	13.8665584033	26.9263552419	26.453599961	8.347
1527	1	1	2	1724	107	13.8665584033	26.566782176	26.0940268951	13.717
1528	0	1	1	918	57	12.5025321979	31.755911782	31.3296605127	25.622
1528	0	1	2	2262	141	12.5025321979	32.0512532801	31.6250020108	4.189
1529	0	1	1	516	32	7.97083491693	33.1852251812	32.9134739514	7.874
1529	0	1	2	1861	116	7.97083491693	34.3370903695	34.0653391396	7.118
1530	0	1	1	337	21	14.9719021472	28.9387314297	28.4282914489	5.843
1530	0	1	2	1681	105	14.9719021472	29.2120858976	28.7016459168	7.197
1531	0	1	1	792	49	27.4863141545	34.3947533511	33.4576570804	12.252
1531	0	1	2	2133	133	27.4863141545	33.3332902311	32.3961939604	9.811
1531	1	1	1	803	50	27.4863141545	28.7044648455	27.7673685748	9.905
1531	1	1	2	2132	133	27.4863141545	35.3851714247	34.4480751539	13.811
1532	0	1	1	429	26	7.91087511137	28.8773086124	28.6076016039	18.126
1532	0	1	2	1775	110	7.91087511137	27.221410597	26.9517035885	16.189
1533	0	1	1	965	60	19.1756108612	31.4216393492	30.7678815072	13.323
1533	0	1	2	2308	144	19.1756108612	25.6996994522	25.0459416102	13.874
1534	0	1	1	477	29	12.508839435	31.8709403227	31.4444740195	14.284
1534	0	1	2	1825	114	12.508839435	28.3172903929	27.8908240897	8.063
1535	0	1	1	561	35	14.2607624525	30.4903025709	30.0041076145	15.685
1535	0	1	2	1910	119	14.2607624525	34.0688388815	33.5826439251	7.15
1536	0	1	1	485	30	12.1863543075	26.8716216182	26.4561498634	21.339
1536	0	1	2	1831	114	12.1863543075	30.5314213554	30.1159496006	4.283
1537	0	1	1	902	56	25.0375825996	34.3205526658	33.4669414777	16.252
1537	0	1	2	2244	140	25.0375825996	33.479001441	32.6253902529	11.103
1538	0	1	1	814	50	20.8393814849	31.5963708364	30.8858897379	5.527
1538	0	1	2	2175	135	20.8393814849	29.9702091069	29.2597280084	13.307
1539	0	1	1	414	25	9.75347771661	29.8529187337	29.5203915151	4.236
1539	0	1	2	1765	110	9.75347771661	28.8085206157	28.4759933971	18.441
1540	0	1	1	1096	68	14.1494802845	28.2099120704	27.7275110786	11.591
1540	0	1	2	2444	152	14.1494802845	26.8886676712	26.4062666794	17.622
1541	0	1	1	129	8	16.7709070068	22.7683925914	22.196618787	19.59
1541	0	1	2	1467	91	16.7709070068	26.5649117889	25.9931379845	17.906
1542	0	1	1	985	61	18.6908786861	26.7954716365	26.1582398631	10.347
1542	0	1	2	2329	145	18.6908786861	30.6789938968	30.0417621234	12.976
1543	0	1	1	1021	63	14.9011775369	26.669641462	26.1616127092	14.315
1543	0	1	2	2365	147	14.9011775369	31.8859291888	31.377900436	15.181
1544	0	1	1	934	58	10.1968222327	37.2784633155	36.9308210658	11.78
1544	0	1	2	2277	142	10.1968222327	34.8013879391	34.4537456895	7.37
1545	0	1	1	805	50	25.564760323	29.4272443464	28.5556599853	7.937
1545	0	1	2	2148	134	25.564760323	28.0253990381	27.153814677	10.095
1547	0	1	1	1227	76	11.4811921244	31.9607659241	31.5693354012	11.559
1547	0	1	2	2578	161	11.4811921244	30.3159234064	29.9244928834	8.094
1548	0	1	1	212	13	15.2381575539	28.1867296579	27.6672121796	12.851
1548	0	1	2	1555	97	15.2381575539	29.8405629513	29.321045473	11.433
1549	0	1	1	430	26	8.26784588991	28.1991230336	27.9172457507	12.441
1549	0	1	2	1775	110	8.26784588991	29.6527508114	29.3708735285	14.378
1550	0	1	1	171	10	18.8472811182	28.0149724064	27.3724083743	13.496
1550	0	1	2	1513	94	18.8472811182	29.063585862	28.42102183	16.992
1551	0	1	1	981	61	20.6893859567	27.4234738886	26.7181066169	12.315
1551	0	1	2	2326	145	20.6893859567	31.3495031934	30.6441359217	9.622
1552	0	1	1	489	30	13.0964139278	25.1442117091	24.6977131141	13.465
1552	0	1	2	1833	114	13.0964139278	30.0931401278	29.6466415328	11.039
1554	0	1	1	506	31	8.52475793325	27.576377691	27.2857414557	16.284
1554	0	1	2	1858	116	8.52475793325	27.7347458943	27.444109659	5.748
1555	0	1	1	808	50	23.8849647061	32.7886919402	31.9743771788	12
1555	0	1	2	2150	134	23.8849647061	33.7351360937	32.9208213323	14.441
1556	0	1	1	489	30	11.1284237924	30.8470749508	30.4676714274	17.04
1556	0	1	2	1834	114	11.1284237924	32.6091642089	32.2297606855	13.055
1557	0	1	1	805	50	24.2987297417	37.3951822987	36.5667609652	11.906
1557	0	1	2	2146	134	24.2987297417	31.3589392469	30.5305179134	5.559
1558	0	1	1	141	8	21.4751411379	31.3740021586	30.6418459822	5.622
1558	0	1	2	1481	92	21.4751411379	32.0662523262	31.3340961498	20.441
1559	0	1	1	841	52	20.5604627996	30.4211096493	29.7201377799	13.338
1559	0	1	2	2184	136	20.5604627996	25.9519541816	25.2509823123	10.346
1560	0	1	1	876	54	19.8989585962	32.6115939938	31.9331749164	15.748
1560	0	1	2	2218	138	19.8989585962	33.0510378215	32.372618744	16
1561	0	1	1	795	49	27.194645734	35.1469941513	34.219841789	9.244
1561	0	1	2	2135	133	27.194645734	33.1628771942	32.2357248318	14.157
1562	0	1	1	1264	79	9.65098731683	27.7753265098	27.4462935164	6.457
1562	0	1	2	2614	163	9.65098731683	29.1695948044	28.8405618111	16.63
1563	0	1	1	310	19	17.5528126229	27.5274772567	26.9290457916	12.929
1563	0	1	2	1653	103	17.5528126229	27.8183338619	27.2199023968	21.842
1564	0	1	1	1087	67	10.6938604188	24.4685909242	24.1040030547	17.402
1564	0	1	2	2434	152	10.6938604188	24.8811175466	24.5165296771	14.866
1565	0	1	1	169	10	14.2109958835	28.8645029581	28.3800047031	13.969
1565	0	1	2	1511	94	14.2109958835	28.8432470667	28.3587488116	20.599
1566	0	1	1	1245	77	6.96730769231	30.8959031993	30.6583654189	4.189
1566	0	1	2	2596	162	6.96730769231	29.2043819007	28.9668441203	12.567
1567	0	1	1	1259	78	4.7518156628	30.2098410637	30.0478364853	12.189
1567	0	1	2	2609	163	4.7518156628	30.9689563705	30.8069517921	17.228
1568	0	1	1	1100	68	13.7531787395	27.4776436039	27.008753798	13.906
1568	0	1	2	2449	153	13.7531787395	28.530736133	28.0618463271	13.071
1569	0	1	1	272	17	15.8760474395	28.8352413017	28.2939761191	7.622
1569	0	1	2	1619	101	15.8760474395	28.5463446193	28.0050794367	8.693
1570	0	1	1	282	17	15.4931942594	28.1619892719	27.6337767775	12.504
1570	0	1	2	1626	101	15.4931942594	26.412330142	25.8841176476	12.661
1571	0	1	1	209	13	15.4712222752	32.6086857668	32.0812223675	10.346
1571	0	1	2	1552	97	15.4712222752	31.347502187	30.8200387878	14.803
1572	0	1	1	1254	78	4.80321881598	26.6949373033	26.5311802272	5.338
1572	0	1	2	2601	162	4.80321881598	28.880421507	28.7166644309	20.189
1573	0	1	1	1002	62	15.3901876064	27.5485743345	27.023873666	16.771
1573	0	1	2	2349	146	15.3901876064	28.5448642488	28.0201635803	9.811
1574	0	1	1	491	30	6.34697208706	16.4915895013	16.2752009437	9.653
1574	0	1	2	1835	114	6.34697208706	25.1612943014	24.9449057438	20.961
1575	0	1	1	792	49	26.4164220674	34.9861047609	34.0854845299	15.008
1575	0	1	2	2132	133	26.4164220674	31.2620762145	30.3614559834	11.118
1576	0	1	1	430	26	11.8488963052	30.1969290244	29.7929622911	13.843
1576	0	1	2	1776	111	11.8488963052	29.7606687664	29.3567020331	14.189
1577	0	1	1	478	29	11.650324562	30.5609424544	30.1637456663	14.567
1577	0	1	2	1826	114	11.650324562	28.3427680132	27.9455712251	7.181
1578	0	1	1	409	25	13.6738519792	32.95743948	32.4912541769	22.913
1578	0	1	2	1755	109	13.6738519792	34.1131451433	33.6469598402	9.433
1579	0	1	1	422	26	12.9250166571	35.2225493709	34.7818942565	5.307
1579	0	1	2	1768	110	12.9250166571	32.4640440731	32.0233889587	15.591
1580	0	1	1	286	17	15.7292734323	30.8731464272	30.3368852394	9.559
1580	0	1	2	1630	101	15.7292734323	30.4301518025	29.8938906148	13.969
1581	0	1	1	434	27	15.4996938808	32.1414818434	31.6130477561	10.614
1581	0	1	2	1782	111	15.4996938808	30.1383044346	29.6098703474	11.433
1582	0	1	1	1226	76	12.238960652	26.5954198388	26.1781545656	7.37
1582	0	1	2	2579	161	12.238960652	29.812369926	29.3951046528	12.346
1583	0	1	1	737	46	21.1524291038	39.1374783421	38.41632445	9.402
1583	0	1	2	2077	129	21.1524291038	38.8776113988	38.1564575067	11.433
1584	0	1	1	134	8	21.1246610223	28.3218524613	27.6016452719	16.032
1584	0	1	2	1476	92	21.1246610223	27.5793314863	26.8591242969	21.937
1585	0	1	1	310	19	18.9838326949	26.3805093372	25.7332898256	15.15
1585	0	1	2	1653	103	18.9838326949	27.8909798394	27.2437603278	18.787
1586	0	1	1	238	14	17.6279147432	33.0541774323	32.453185496	4.819
1586	0	1	2	1594	99	17.6279147432	27.6746556879	27.0736637515	10.945
1587	0	1	1	104	6	21.8618594363	33.6001492472	32.8548086084	16.662
1587	0	1	2	1444	90	21.8618594363	32.8420015351	32.0966608963	13.779
1588	0	1	1	1056	66	12.5819321222	30.1087913246	29.6798330582	7.37
1588	0	1	2	2401	150	12.5819321222	31.1934856494	30.7645273829	15.276
1588	1	1	1	1064	66	12.5819321222	24.8851539217	24.4561956552	7.008
1588	1	1	2	2411	150	12.5819321222	25.9965087476	25.5675504812	23.071
1589	0	1	1	876	54	19.998768626	33.3588368434	32.6770149231	13.559
1589	0	1	2	2217	138	19.998768626	31.4366021191	30.7547801988	15.244
1590	0	1	1	1048	65	14.0666081865	32.2742992103	31.7947235931	8.929
1590	0	1	2	2400	150	14.0666081865	30.6890713511	30.209495734	17.874
1592	0	1	1	430	26	11.4532272502	30.3063673688	29.9158902578	12.41
1592	0	1	2	1777	111	11.4532272502	29.3608882283	28.9704111172	11.748
1593	0	1	1	899	56	17.8141304841	30.0317087914	29.4243681655	7.244
1593	0	1	2	2241	140	17.8141304841	30.4637416197	29.8564009938	9.086
1594	0	1	1	1034	64	17.1528100733	26.0737282396	25.4889341395	5.528
1594	0	1	2	2378	148	17.1528100733	30.7613616205	30.1765675203	5.78
1595	0	1	1	1016	63	15.8194388048	35.3573945169	34.8180593036	14.74
1595	0	1	2	2360	147	15.8194388048	33.6622962578	33.1229610445	8.819
1596	0	1	1	444	27	11.4128351992	37.8481065291	37.4590065121	5.071
1596	0	1	2	1798	112	11.4128351992	29.7007132713	29.3116132544	11.937
1597	0	1	1	1012	63	11.6485645161	29.194162702	28.7970259195	11.181
1597	0	1	2	2357	147	11.6485645161	32.3790870581	31.9819502755	14.063
1598	0	1	1	918	57	14.682469856	28.2863791288	27.7858068196	9.276
1598	0	1	2	2270	141	14.682469856	34.3639133262	33.863341017	8.347
1600	0	1	1	1259	78	9.76323994202	29.6730154012	29.3401553571	7.969
1600	0	1	2	2609	163	9.76323994202	29.1571872171	28.8243271731	11.181
1601	0	1	1	229	14	24.3931025929	30.4164506811	29.5848118756	10.315
1601	0	1	2	1571	98	24.3931025929	31.7854357793	30.9537969738	10.52
1602	0	1	1	1256	78	9.85905837849	27.8735648709	27.5374380702	9.118
1602	0	1	2	2604	162	9.85905837849	26.4867002478	26.1505734472	5.969
1603	0	1	1	1040	65	15.4074946764	30.3336630923	29.8083723705	12.898
1603	0	1	2	2394	149	15.4074946764	28.8961818603	28.3708911385	11.905
1604	0	1	1	1227	76	12.8704898436	30.3074878872	29.8686917661	11.087
1604	0	1	2	2580	161	12.8704898436	31.3930522121	30.954256091	12.441
1605	0	1	1	456	28	15.0278897298	30.9179044711	30.4055556948	6.315
1605	0	1	2	1801	112	15.0278897298	29.3170672341	28.8047184578	9.748
1607	0	1	1	298	18	14.4385897498	30.9416100585	30.4493524014	12.724
1607	0	1	2	1641	102	14.4385897498	32.9272934826	32.4350358255	12.866
1608	0	1	1	458	28	11.6304573802	31.4827913375	31.086271885	7.181
1608	0	1	2	1803	112	11.6304573802	30.8078579109	30.4113384585	8.441
1609	0	1	1	1230	76	21.8071853554	29.8369106884	29.0934340638	16.945
1609	0	1	2	2580	161	21.8071853554	28.7641280035	28.0206513788	12
1610	0	1	1	478	29	10.9677409669	29.6284474382	29.2545221057	5.055
1610	0	1	2	1827	114	10.9677409669	27.0416279277	26.6677025952	9.559
1611	0	1	1	814	50	23.8296198805	34.5358644396	33.7234365602	7.276
1611	0	1	2	2154	134	23.8296198805	33.1637006802	32.3512728007	15.906
1612	0	1	1	883	55	20.516046925	30.000662245	29.3012046547	8.315
1612	0	1	2	2226	139	20.516046925	30.4784192817	29.7789616914	7.276
1613	0	1	1	258	16	13.6185604637	27.7305201988	27.2662199601	13.622
1613	0	1	2	1600	100	13.6185604637	27.0050106728	26.5407104341	15.748
1614	0	1	1	1259	78	8.26349382985	27.9890413019	27.7073123946	7.528
1614	0	1	2	2596	162	8.26349382985	35.2259205292	34.9441916219	6.283
1615	0	1	1	1242	77	6.62404594402	29.5459294653	29.3200945747	8.535
1615	0	1	2	2593	162	6.62404594402	27.8274137815	27.6015788908	7.685
1616	0	1	1	273	17	11.6521123896	29.5029627867	29.1057050458	11.59
1616	0	1	2	1616	101	11.6521123896	31.2455002346	30.8482424937	10.898
1617	0	1	1	429	26	11.6160375723	28.8834152792	28.4873874441	6.567
1617	0	1	2	1776	111	11.6160375723	30.298104673	29.9020768379	4.913
1618	0	1	1	930	58	24.0503006152	24.2566214364	23.4366698456	17.937
1618	0	1	2	2273	142	24.0503006152	23.6047504897	22.7847988989	10.803
1619	0	1	1	528	33	11.3551100771	28.9895217126	28.6023897295	7.685
1619	0	1	2	1876	117	11.3551100771	28.8446337987	28.4575018156	7.276
1620	0	1	1	238	14	14.4008466367	30.7660417267	30.2750708529	4.582
1620	0	1	2	1581	98	14.4008466367	31.9247106739	31.4337398001	6.866
1621	0	1	1	238	14	18.3505675726	30.0140142775	29.3883847973	12.677
1621	0	1	2	1579	98	18.3505675726	30.9562550512	30.3306255709	10.158
1622	0	1	1	829	51	22.2726341116	21.7078550493	20.9485097894	11.008
1622	0	1	2	2167	135	22.2726341116	28.7666144673	28.0072692074	13.905
1623	0	1	1	521	32	7.82539572242	30.7697234748	30.5029307318	7.622
1623	0	1	2	1869	116	7.82539572242	29.8048162024	29.5380234593	6.315
1624	0	1	1	519	32	7.55547880723	29.9100649807	29.6524745677	11.386
1624	0	1	2	1865	116	7.55547880723	31.7246686308	31.4670782179	7.528
1625	0	1	1	1009	63	13.6843878521	28.9682657847	28.50172128	4.441
1625	0	1	2	2351	146	13.6843878521	31.9049191599	31.4383746552	10.504
1626	0	1	1	1258	78	8.2231503428	29.2911023763	29.0107489075	6.441
1626	0	1	2	2609	163	8.2231503428	26.1846916042	25.9043381353	6.252
1627	0	1	1	422	26	10.1430368185	30.0962091438	29.7504006107	6.897
1627	0	1	2	1771	110	10.1430368185	30.5432116904	30.1974031574	17.528
1628	0	1	1	1055	65	10.8642859014	19.2400318535	18.8696336347	9.78
1628	0	1	2	2400	150	10.8642859014	30.0814316904	29.7110334717	14.472
1629	0	1	1	306	19	16.1938735967	29.9179057325	29.3658048408	12.929
1629	0	1	2	1650	103	16.1938735967	29.7218333602	29.1697324685	19.071
1630	0	1	1	487	30	6.74656384812	27.5558541139	27.3258421965	15.496
1630	0	1	2	1831	114	6.74656384812	32.6689619664	32.4389500489	11.527
1631	0	1	1	1081	67	10.798213063	32.6000898208	32.2319442362	8.331
1631	0	1	2	2427	151	10.798213063	29.2224039227	28.8542583382	14.693
1632	0	1	1	1255	78	9.24309300898	29.3943960867	29.0792695135	6
1632	0	1	2	2603	162	9.24309300898	30.3326186115	30.0174920383	15.59
1633	0	1	1	1214	75	13.3555242788	32.7374395373	32.2821070425	9.906
1633	0	1	2	2565	160	13.3555242788	32.0438015127	31.588469018	4.567
1634	0	1	1	1214	75	13.6215739049	31.3192143168	30.8548113402	11.527
1634	0	1	2	2564	160	13.6215739049	35.8964432403	35.4320402638	6.961
1635	0	1	1	969	60	17.2234956279	26.8511130998	26.2639091032	8.803
1635	0	1	2	2313	144	17.2234956279	26.2554510095	25.668247013	5.087
1636	0	1	1	600	37	9.28156099184	28.7627099589	28.4462718893	14.803
1636	0	1	2	1950	121	9.28156099184	29.615897998	29.2994599284	13.433
1637	0	1	1	429	26	10.4541706745	32.8789895362	32.5225734559	15.087
1637	0	1	2	1776	111	10.4541706745	31.908111876	31.5516957957	7.811
1638	0	1	1	272	17	9.37732950934	32.950157582	32.6304544576	11.339
1638	0	1	2	1614	100	9.37732950934	33.813801343	33.4940982186	10
1640	0	1	1	1097	68	13.4510673989	33.6185197813	33.1599299164	9.213
1640	0	1	2	2444	152	13.4510673989	36.6380988215	36.1795089566	11.039
1641	0	1	1	794	49	26.8583223783	37.9520398146	37.03635379	13.559
1641	0	1	2	2134	133	26.8583223783	33.5885466089	32.6728605843	14.063
1642	0	1	1	467	29	15.1934003346	46.5628230209	46.0448314592	5.039
1642	0	1	2	1811	113	15.1934003346	32.1876686181	31.6696770564	12.284
1643	0	1	1	273	17	12.7870333265	35.1315137808	34.695562959	7.559
1643	0	1	2	1632	102	12.7870333265	33.8125405567	33.3765897349	7.811
1644	0	1	1	805	50	24.6697056625	39.6277965813	38.7867274933	6.346
1644	0	1	2	2145	134	24.6697056625	33.6192254486	32.7781563606	6.992
1645	0	1	1	211	13	21.7947080293	32.6431628612	31.9001116285	8.031
1645	0	1	2	1554	97	21.7947080293	32.8643831547	32.1213319219	13.481
1647	0	1	1	266	16	16.3956167627	32.4396250814	31.8806461206	15.433
1647	0	1	2	1609	100	16.3956167627	32.1625663358	31.6035873749	10.441
1648	0	1	1	594	37	7.89978194004	26.4230295292	26.1537007224	13.842
1648	0	1	2	1944	121	7.89978194004	25.9979422237	25.7286134169	10.504
1649	0	1	1	411	25	18.5067221997	28.9881974963	28.3572442059	7.197
1649	0	1	2	1755	109	18.5067221997	28.814469674	28.1835163836	15.937
1650	0	1	1	1214	75	11.3612027393	27.5118129394	27.124473238	5.591
1650	0	1	2	2565	160	11.3612027393	29.130216998	28.7428772966	10.63
1651	0	1	1	293	18	10.6317881079	27.1046705752	26.7421989491	16.032
1651	0	1	2	1637	102	10.6317881079	28.4826676053	28.1201959792	15.086
1652	0	1	1	212	13	18.1651994693	31.6247154451	31.0054057558	13.37
1652	0	1	2	1554	97	18.1651994693	30.3787035172	29.7593938279	11.118
1653	0	1	1	137	8	23.9573769951	32.2424180348	31.4256345071	12.157
1653	0	1	2	1478	92	23.9573769951	31.9670468554	31.1502633277	13.59
1654	0	1	1	960	60	13.9247973474	29.1855947278	28.7108538952	12.551
1654	0	1	2	2305	144	13.9247973474	30.1264790868	29.6517382543	6.74
1655	0	1	1	376	23	10.9629665899	29.566020372	29.1922578133	9.591
1655	0	1	2	1722	107	10.9629665899	26.7885460721	26.4147835134	14.22
1656	0	1	1	1061	66	12.682370365	31.2494312822	30.8170487551	6.976
1656	0	1	2	2401	150	12.682370365	33.0851967389	32.6528142119	15.307
1657	0	1	1	879	54	25.7485058064	34.0853454039	33.2074965722	15.37
1657	0	1	2	2220	138	25.7485058064	34.9432274517	34.06537862	17.717
1658	0	1	1	486	30	13.0683076628	26.3081393405	25.8625989779	20.441
1658	0	1	2	1831	114	13.0683076628	28.9716550393	28.5261146767	7.386
1659	0	1	1	485	30	13.2489828188	26.9598227802	26.5081226242	13.811
1659	0	1	2	1830	114	13.2489828188	27.6414793517	27.1897791958	10.173
1660	0	1	1	159	9	17.518062857	32.0789839604	31.4817372258	8.284
1660	0	1	2	1499	93	17.518062857	33.0499690892	32.4527223546	19.15
1661	0	1	1	907	56	14.1288076818	31.8728385787	31.391142382	11.716
1661	0	1	2	2249	140	14.1288076818	30.5888113517	30.107115155	11.213
1663	0	1	1	1268	79	11.2708836246	23.6029191594	23.2186587252	7.811
1663	0	1	2	2627	164	11.2708836246	34.242071172	33.8578107378	13.591
1664	0	1	1	434	27	14.6011146542	19.7907731264	19.292974476	7.748
1664	0	1	2	1781	111	14.6011146542	19.9668380963	19.4690394459	9.04
1665	0	1	1	449	28	13.2478051875	32.3194178108	31.867757804	16.346
1665	0	1	2	1796	112	13.2478051875	30.4339775294	29.9823175227	8.819
1666	0	1	1	510	31	7.15157652661	29.4642699464	29.2204498527	15.575
1666	0	1	2	1860	116	7.15157652661	30.8267589577	30.5829388639	11.78
1667	0	1	1	170	10	26.5955601719	29.7297229184	28.822995297	13.842
1667	0	1	2	1512	94	26.5955601719	29.7755240769	28.8687964555	15.559
1669	0	1	1	475	29	9.71809596625	32.6537220038	32.3224010621	18.031
1669	0	1	2	1822	113	9.71809596625	32.0379819546	31.7066610129	10.315
1670	0	1	1	1213	75	14.4792210497	29.0805689041	28.5869259961	12.032
1670	0	1	2	2564	160	14.4792210497	33.7856470783	33.2920041704	8.551
1671	0	1	1	1230	76	13.2838946985	29.0835673939	28.6306769804	14.898
1671	0	1	2	2579	161	13.2838946985	29.5065215465	29.053631133	8.693
1672	0	1	1	1059	66	15.1349741697	32.2257642823	31.7097646552	11.543
1672	0	1	2	2404	150	15.1349741697	31.575608873	31.059609246	16.22
1673	0	1	1	475	29	12.7259367112	30.6440595541	30.2101917111	24.347
1673	0	1	2	1819	113	12.7259367112	29.4841365995	29.0502687565	7.134
1673	1	1	1	474	29	12.7259367112	27.4154375102	26.9815696672	19.779
1673	1	1	2	1821	113	12.7259367112	26.9310514066	26.4971835636	11.181
1674	0	1	1	1255	78	9.52160667085	29.4348172735	29.1101952797	12.756
1674	0	1	2	2603	162	9.52160667085	30.5413042201	30.2166822264	12.882
1675	0	1	1	528	33	10.694787234	27.5519072397	27.1872877721	9.213
1675	0	1	2	1878	117	10.694787234	27.5320896149	27.1674701473	9.527
1676	0	1	1	886	55	17.5593469399	29.9064207359	29.3077664951	9.748
1676	0	1	2	2228	139	17.5593469399	28.6868322136	28.0881779728	5.653
1677	0	1	1	805	50	25.6035955207	36.730668403	35.857760026	9.748
1677	0	1	2	2146	134	25.6035955207	34.7509576491	33.8780492721	13.055
1678	0	1	1	978	61	17.2721066443	29.5635110559	28.9746497545	14.157
1678	0	1	2	2323	145	17.2721066443	32.8844401544	32.295578853	10.094
1679	0	1	1	1089	68	12.7189319852	31.4872941516	31.0536651221	13.464
1679	0	1	2	2437	152	12.7189319852	29.7882658248	29.3546367953	17.228
1679	1	1	1	1079	67	12.7189319852	27.6329800009	27.1993509714	4.252
1679	1	1	2	2438	152	12.7189319852	30.2472307835	29.813601754	11.528
1680	0	1	1	458	28	11.1241586924	30.0801578027	29.7008996902	10.094
1680	0	1	2	1805	112	11.1241586924	29.8396960984	29.4604379859	10
1681	0	1	1	805	50	22.3900872848	35.1225764463	34.3592268325	13.937
1681	0	1	2	2145	134	22.3900872848	36.0353987161	35.2720491023	6.41
1682	0	1	1	487	30	15.603616926	26.8950933143	26.3631161584	18.252
1682	0	1	2	1831	114	15.603616926	29.1321692449	28.600192089	7.874
1683	0	1	1	414	25	11.036219137	33.9286967057	33.5524367337	7.213
1683	0	1	2	1760	110	11.036219137	31.8067507297	31.4304907576	12.756
1684	0	1	1	1254	78	5.9970279515	29.9702702989	29.765812455	4.882
1684	0	1	2	2601	162	5.9970279515	29.0701605733	28.8657027294	22.662
1685	0	1	1	414	25	11.3426455696	33.3104169061	32.9237098779	9.906
1685	0	1	2	1762	110	11.3426455696	32.1082897477	31.7215827195	15.748
1686	0	1	1	513	32	7.09218443469	30.8829071226	30.6411118951	10.599
1686	0	1	2	1861	116	7.09218443469	32.6502321911	32.4084369636	15.59
1687	0	1	1	1034	64	17.993359685	27.5859854152	26.9725342931	8.914
1687	0	1	2	2389	149	17.993359685	28.1914507387	27.5779996167	6.346
1688	0	1	1	930	58	13.7275651882	43.4318549706	42.9638384125	11.748
1688	0	1	2	2286	142	13.7275651882	37.782698848	37.3146822899	5.748
1689	0	1	1	489	30	12.8253965817	29.7645963928	29.327337645	16.504
1689	0	1	2	1834	114	12.8253965817	26.9907423424	26.5534835947	18.536
1690	0	1	1	253	15	16.0832248007	32.6784380267	32.1301095059	8.252
1690	0	1	2	1595	99	16.0832248007	34.54799494	33.9996664193	5.969
1691	0	1	1	490	30	14.666540611	30.644714255	30.1446850247	15.402
1691	0	1	2	1835	114	14.666540611	33.1183161109	32.6182868806	11.969
1692	0	1	1	470	29	13.1041164367	26.6580357239	26.2112745258	9.937
1692	0	1	2	1817	113	13.1041164367	27.3506924245	26.9039312264	5.811
1693	0	1	1	491	30	6.60935005268	28.9463526713	28.7210188106	14.473
1693	0	1	2	1838	114	6.60935005268	29.4843945665	29.2590607058	13.071
1694	0	1	1	805	50	23.3522825669	32.8494997808	32.0533458555	9.937
1694	0	1	2	2146	134	23.3522825669	29.2721571697	28.4760032444	9.559
1695	0	1	1	802	50	24.5913359933	22.546632394	21.7082351785	9.338
1695	0	1	2	2153	134	24.5913359933	34.1009176197	33.2625204042	9.654
1696	0	1	1	570	35	11.7082689597	26.4068621359	26.0076898381	6
1696	0	1	2	1918	119	11.7082689597	27.2257199168	26.826547619	9.59
1697	0	1	1	879	54	20.5144133029	28.6774699814	27.9780680865	15.968
1697	0	1	2	2223	138	20.5144133029	29.648450513	28.9490486181	11.78
1698	0	1	1	1212	75	12.393960257	30.8726546141	30.4501049091	10.031
1698	0	1	2	2561	160	12.393960257	32.7074522084	32.2849025034	5.465
1699	0	1	1	196	12	17.8612595258	26.7645583317	26.1556109262	15.496
1699	0	1	2	1543	96	17.8612595258	26.3619655125	25.753018107	9.464
1700	0	1	1	804	50	26.785796528	38.3100093844	37.3967959978	5.275
1700	0	1	2	2148	134	26.785796528	31.4405398932	30.5273265065	6.378
1701	0	1	1	966	60	13.7304521184	31.3534400458	30.8853250631	7.874
1701	0	1	2	2311	144	13.7304521184	28.743133934	28.2750189513	4.74
1702	0	1	1	432	27	11.4173137366	30.7791613303	30.3899086257	8.976
1702	0	1	2	1779	111	11.4173137366	28.7886884474	28.3994357428	7.559
1703	0	1	1	889	55	20.3623724578	30.9848476654	30.2906293288	4.283
1703	0	1	2	2231	139	20.3623724578	30.8533720666	30.1591537299	7.811
1704	0	1	1	1010	63	12.4847626767	28.0224066801	27.5967612306	14.252
1704	0	1	2	2356	147	12.4847626767	32.9269846652	32.5013392156	11.496
1705	0	1	1	930	58	10.5222910446	32.3316797874	31.972941266	18.252
1705	0	1	2	2273	142	10.5222910446	31.2853052903	30.9265667689	7.654
1705	1	1	1	916	57	10.5222910446	16.6672116612	16.3084731398	9.008
1705	1	1	2	2274	142	10.5222910446	30.4669252003	30.1081866789	5.181
1706	0	1	1	930	58	20.7027463677	16.8691529915	16.1633302208	15.716
1706	0	1	2	2273	142	20.7027463677	19.5316260881	18.8258033173	11.716
1707	0	1	1	840	52	26.5013945167	30.5849597453	29.681442532	11.307
1707	0	1	2	2183	136	26.5013945167	27.2934425501	26.3899253368	7.716
1708	0	1	1	487	30	12.0948487879	10.4211077845	10.0087557452	14.347
1708	0	1	2	1817	113	12.0948487879	11.7522624274	11.3399103881	7.575
1709	0	1	1	487	30	15.2730431821	28.8025619724	28.2818551316	16.189
1709	0	1	2	1831	114	15.2730431821	31.0785127998	30.557805959	8.22
1710	0	1	1	561	35	8.39050221669	27.688364783	27.402305754	14.378
1710	0	1	2	1909	119	8.39050221669	28.2761325093	27.9900734804	9.748
1711	0	1	1	452	28	12.3589995412	29.5595859836	29.1382282011	10.567
1711	0	1	2	1797	112	12.3589995412	30.0441614875	29.622803705	12.252
1712	0	1	1	903	56	18.1839071946	29.5758806384	28.9559331429	13.15
1712	0	1	2	2246	140	18.1839071946	32.1183688495	31.4984213541	16.221
1714	0	1	1	290	18	18.4642087854	32.5314189285	31.9019150563	12.221
1714	0	1	2	1634	102	18.4642087854	31.1247136209	30.4952097487	5.181
1715	0	1	1	1101	68	14.7962062429	34.7964131655	34.2919632195	4.252
1715	0	1	2	2452	153	14.7962062429	33.3471858796	32.8427359335	9.307
1716	0	1	1	504	31	10.3365063786	32.6910526407	32.3386481122	6.346
1716	0	1	2	1850	115	10.3365063786	30.6974352	30.3450306715	7.685
1717	0	1	1	558	34	5.39106880311	30.2529448045	30.069146044	5.748
1717	0	1	2	1908	119	5.39106880311	31.1726617787	30.9888630182	8
1718	0	1	1	146	9	21.3042450509	29.5722308592	28.8459010765	19.402
1718	0	1	2	1485	92	21.3042450509	29.2637840802	28.5374542975	7.969
1719	0	1	1	298	18	20.820084304	29.1791520085	28.4693288126	6
1719	0	1	2	1642	102	20.820084304	31.2634640396	30.5536408436	9.134
1720	0	1	1	208	13	20.2539889671	35.2304292616	34.5399060644	7.811
1720	0	1	2	1552	97	20.2539889671	35.0491071141	34.3585839169	4.756
1721	0	1	1	806	50	22.289130618	34.1371590621	33.3772513836	7.591
1721	0	1	2	2148	134	22.289130618	32.408092089	31.6481844105	12.756
1722	0	1	1	486	30	11.7400026578	27.857732576	27.4574783751	16.236
1722	0	1	2	1831	114	11.7400026578	29.9111449327	29.5108907317	11.748
1723	0	1	1	474	29	11.240888328	28.9006974192	28.5174596205	15.071
1723	0	1	2	1818	113	11.240888328	29.0932567961	28.7100189974	13.26
1724	0	1	1	1091	68	13.1350509363	24.7427059383	24.2948900843	8.756
1724	0	1	2	2438	152	13.1350509363	25.6974731195	25.2496572654	12.22
1726	0	1	1	1022	63	9.37855392025	31.8807450099	31.5610001415	11.197
1726	0	1	2	2366	147	9.37855392025	30.7651360827	30.4453912143	6.41
1727	0	1	1	337	21	17.3393152936	32.3330372775	31.7418846185	9.118
1727	0	1	2	1681	105	17.3393152936	33.957664853	33.366512194	13.748
1728	0	1	1	1265	79	6.80661774313	30.7179868883	30.4859275417	6.551
1728	0	1	2	2626	164	6.80661774313	31.6279265661	31.3958672195	6.252
1729	0	1	1	1009	63	11.8077279845	33.6756449889	33.2730818152	9.842
1729	0	1	2	2351	146	11.8077279845	34.5048132717	34.1022500979	7.937
1730	0	1	1	118	7	22.6011209895	36.4650280916	35.6944836645	6.945
1730	0	1	2	1457	91	22.6011209895	42.9870039076	42.2164594805	8.157
1731	0	1	1	449	28	7.80240713339	28.6289270017	28.3629180132	28.22
1731	0	1	2	1796	112	7.80240713339	31.0981978694	30.8321888809	12.504
1732	0	1	1	1064	66	17.3529384717	33.4673043666	32.87568725	11.229
1732	0	1	2	2407	150	17.3529384717	33.3811128751	32.7894957585	7.465
1733	0	1	1	513	32	6.79319798993	33.0974442878	32.8658424635	8.283
1733	0	1	2	1860	116	6.79319798993	33.3798010962	33.1481992719	16.693
1734	0	1	1	525	32	9.42569023132	28.510374436	28.1890225401	5.181
1734	0	1	2	1872	117	9.42569023132	28.4908048325	28.1694529366	8.189
1735	0	1	1	506	31	12.6119649726	29.4238632842	28.993881102	14.22
1735	0	1	2	1857	116	12.6119649726	29.3507601857	28.9207780035	15.685
1736	0	1	1	981	61	17.4776028771	31.8755435954	31.2796762709	6.96
1736	0	1	2	2326	145	17.4776028771	33.1847515336	32.588884209	18.551
1737	0	1	1	291	18	16.4273556134	27.0279015776	26.4678405379	16.189
1737	0	1	2	1634	102	16.4273556134	27.7358403752	27.1757793354	5.229
1738	0	1	1	553	34	14.9092605472	31.8392521925	31.3309478641	13.401
1738	0	1	2	1901	118	14.9092605472	33.8092200742	33.3009157457	15.638
1740	0	1	1	1024	64	12.3777412196	23.561144019	23.1391472728	8.693
1740	0	1	2	2370	148	12.3777412196	27.9353940224	27.5133972762	18.677
1741	0	1	1	218	13	23.5746699527	32.6235189749	31.819783153	7.149
1741	0	1	2	1559	97	23.5746699527	33.0912617529	32.287525931	9.418
1741	1	1	1	215	13	23.5746699527	30.7640048546	29.9602690328	4.126
1741	1	1	2	1552	97	23.5746699527	32.5637697959	31.760033974	17.685
1742	0	1	1	328	20	14.7544369651	30.0054558131	29.5024299152	9.528
1742	0	1	2	1672	104	14.7544369651	28.9215265788	28.4185006809	10.347
1744	0	1	1	488	30	12.7116155553	28.927963235	28.494583646	14.977
1744	0	1	2	1829	114	12.7116155553	27.5695331647	27.1361535756	11.197
1745	0	1	1	954	59	14.1051468292	31.5133200583	31.0324305357	13.937
1745	0	1	2	2296	143	14.1051468292	29.501480545	29.0205910224	6.866
1746	0	1	1	760	47	29.4666321477	36.6325348053	35.6279231669	15.26
1746	0	1	2	2100	131	29.4666321477	34.8740757745	33.8694641361	4.599
1747	0	1	1	569	35	11.2494641254	28.3881363868	28.0046062117	14.158
1747	0	1	2	1918	119	11.2494641254	27.2505233488	26.8669931738	12.851
1748	0	1	1	739	46	21.9892332902	32.3623112464	31.612628026	10.252
1748	0	1	2	2078	129	21.9892332902	31.2836337788	30.5339505584	13.433
1749	0	1	1	245	15	20.2963614912	37.0587690426	36.3668012307	5.811
1749	0	1	2	1589	99	20.2963614912	29.60412752	28.9121597081	7.874
1750	0	1	1	447	27	8.86768159733	26.0423579248	25.7400303261	11.874
1750	0	1	2	1792	112	8.86768159733	29.4222523281	29.1199247294	6.126
1751	0	1	1	547	34	12.1224552031	27.8674058724	27.4541126422	11.591
1751	0	1	2	1894	118	12.1224552031	32.0327736149	31.6194803847	13.464
1752	0	1	1	1074	67	17.4942316926	28.5666779633	27.9702437093	13.716
1752	0	1	2	2420	151	17.4942316926	28.6470013338	28.0505670798	12.063
1753	0	1	1	290	18	13.7155911602	33.4163114333	32.9487031081	15.15
1753	0	1	2	1633	102	13.7155911602	35.5507544027	35.0831460775	5.118
1754	0	1	1	993	62	18.2511932298	28.6129135117	27.9906720203	12.473
1754	0	1	2	2340	146	18.2511932298	30.2051297351	29.5828882437	9.496
1755	0	1	1	510	31	7.74915169454	29.6746639048	29.4104705643	6.158
1755	0	1	2	1861	116	7.74915169454	34.1143928133	33.8501994728	9.622
1756	0	1	1	1067	66	19.3816414971	26.4851114522	25.8243293675	12.252
1756	0	1	2	2411	150	19.3816414971	28.1196648777	27.458882793	14.851
1757	0	1	1	1258	78	11.0989107491	29.8812368331	29.5028395037	10.095
1757	0	1	2	2609	163	11.0989107491	28.7407026753	28.3623053459	8.976
1758	0	1	1	486	30	12.2741927665	31.7505929464	31.3321264979	12.157
1758	0	1	2	1830	114	12.2741927665	28.2154055999	27.7969391513	16.095
1759	0	1	1	276	17	13.6010610314	27.9372536551	27.473550028	6.504
1759	0	1	2	1620	101	13.6010610314	29.4896803485	29.0259767213	12.945
1760	0	1	1	491	30	16.7053978509	30.1717255141	29.6021851262	18.724
1760	0	1	2	1834	114	16.7053978509	29.9148248789	29.3452844909	12.063
1761	0	1	1	414	25	13.4932389371	32.9629167168	32.5028890893	15.496
1761	0	1	2	1762	110	13.4932389371	33.4036836471	32.9436560196	11.969
1761	1	1	1	1098	68	13.4932389371	29.8382554857	29.3782278582	7.055
1761	1	1	2	2455	153	13.4932389371	29.0040105078	28.5439828804	4.283
1762	0	1	1	834	52	21.0333445857	29.2246576992	28.5075637789	9.968
1762	0	1	2	2176	136	21.0333445857	23.309943142	22.5928492216	11.464
1763	0	1	1	903	56	21.1230025388	28.3000421987	27.5798915523	22.378
1763	0	1	2	2245	140	21.1230025388	30.6165121276	29.8963614812	14.441
1764	0	1	1	807	50	24.8709983367	32.8129873407	31.9650555424	10.52
1764	0	1	2	2149	134	24.8709983367	35.7241480285	34.8762162302	14.252
1765	0	1	1	367	22	13.380753199	29.1545180677	28.6983254385	7.496
1765	0	1	2	1712	107	13.380753199	31.0104318138	30.5542391846	16.157
1766	0	1	1	470	29	7.51234779832	26.1847679414	25.9286480023	11.622
1766	0	1	2	1817	113	7.51234779832	29.934659135	29.6785391959	14.725
1767	0	1	1	879	54	20.7705538697	32.490595086	31.7824605408	15.874
1767	0	1	2	2220	138	20.7705538697	33.9541116668	33.2459771216	12.898
1768	0	1	1	1019	63	16.0827406521	33.473516966	32.9252049514	8.031
1768	0	1	2	2364	147	16.0827406521	32.2412371243	31.6929251097	14
1769	0	1	1	76	4	27.1155809454	28.8051512806	27.8806944895	15.276
1769	0	1	2	1415	88	27.1155809454	29.3007761439	28.3763193528	16.284
1770	0	1	1	520	32	8.7734473825	27.0300014647	26.7308866115	7.937
1770	0	1	2	1869	116	8.7734473825	26.4369059462	26.137791093	5.669
1771	0	1	1	1230	76	12.1460524444	30.0904718959	29.6763741603	11.008
1771	0	1	2	2581	161	12.1460524444	33.025507503	32.6114097675	12.157
1772	0	1	1	491	30	12.4307330699	30.4782733866	30.054469979	15.212
1772	0	1	2	1837	114	12.4307330699	28.7031530146	28.279349607	18.567
1773	0	1	1	1036	64	10.3350016119	28.0446087992	27.692255573	13.496
1773	0	1	2	2380	148	10.3350016119	28.2829590163	27.9306057901	6.819
1774	0	1	1	999	62	12.0798006218	27.5327327037	27.1208937045	13.811
1774	0	1	2	2345	146	12.0798006218	26.02482893	25.6129899308	5.292
1775	0	1	1	470	29	6.68316874652	28.7698315157	28.5419809398	9.78
1775	0	1	2	1817	113	6.68316874652	30.0287248842	29.8008743083	13.008
1776	0	1	1	564	35	13.2932135125	29.5747944959	29.1215863743	13.716
1776	0	1	2	1911	119	13.2932135125	28.2282873955	27.7750792739	15.716
1777	0	1	1	1098	68	10.7037198873	27.9425664994	27.5776424891	4.756
1777	0	1	2	2447	152	10.7037198873	27.2982593693	26.933335359	19.906
1778	0	1	1	1097	68	12.482876624	32.5217892155	32.0962080675	7.512
1778	0	1	2	2444	152	12.482876624	33.6754496423	33.2498684943	7.118
1779	0	1	1	266	16	15.30545769	33.0488701441	32.5270581892	15.244
1779	0	1	2	1609	100	15.30545769	34.4217411389	33.899929184	6.189
1780	0	1	1	457	28	12.1300405054	29.2754049545	28.8618531171	7.402
1780	0	1	2	1801	112	12.1300405054	28.0805625917	27.6670107543	12.945
1781	0	1	1	937	58	15.798899543	30.7215217786	30.1828868143	13.307
1781	0	1	2	2278	142	15.798899543	30.9625955095	30.4239605452	4.929
1782	0	1	1	838	52	25.0896949948	33.4426004092	32.587212543	12.756
1782	0	1	2	2181	136	25.0896949948	24.5226448846	23.6672570184	9.433
1783	0	1	1	594	37	8.83828775833	26.3383370985	26.0370116297	13.166
1783	0	1	2	1944	121	8.83828775833	25.252561215	24.9512357462	4.158
1784	0	1	1	1093	68	11.5004202643	33.6596144749	33.2675284032	10.851
1784	0	1	2	2441	152	11.5004202643	35.7668936226	35.3748075509	7.717
1785	0	1	1	1060	66	14.3710937228	28.995910394	28.5059538921	5.307
1785	0	1	2	2408	150	14.3710937228	29.4207532834	28.9307967815	16.725
1786	0	1	1	491	30	14.662832247	28.4003735652	27.9004707649	19.559
1786	0	1	2	1835	114	14.662832247	29.9539161382	29.4540133379	12.126
1787	0	1	1	345	21	10.046649489	33.6758898881	33.3333675071	7.78
1787	0	1	2	1688	105	10.046649489	29.5186339777	29.1761115967	6.567
1788	0	1	1	489	30	17.2146510651	28.8719412398	28.2850387827	19.244
1788	0	1	2	1833	114	17.2146510651	30.4318695293	29.8449670721	13.653
1789	0	1	1	489	30	15.2106431701	29.3843726788	28.8657932538	15.04
1789	0	1	2	1833	114	15.2106431701	30.1789289488	29.6603495237	9.905
1790	0	1	1	457	28	9.47303206533	30.4721110115	30.1491450812	8.252
1790	0	1	2	1802	112	9.47303206533	30.9520519176	30.6290859873	11.433
1791	0	1	1	71	4	23.0687191781	25.5567177978	24.7702314544	9.685
1791	0	1	2	1411	88	23.0687191781	29.14687511	28.3603887667	13.15
1792	0	1	1	519	32	8.24755605851	28.2890268864	28.0078413487	10.094
1792	0	1	2	1866	116	8.24755605851	26.6756687544	26.3944832167	10.126
1793	0	1	1	809	50	25.1356859681	36.2650389959	35.4080831505	4.126
1793	0	1	2	2151	134	25.1356859681	33.2279139182	32.3709580728	10.945
1794	0	1	1	533	33	12.2184470661	29.079494826	28.6629289265	18.157
1794	0	1	2	1888	118	12.2184470661	28.7988108994	28.3822449999	5.763
1795	0	1	1	963	60	21.4228719393	26.9102892243	26.1799150719	14
1795	0	1	2	2308	144	21.4228719393	28.3544477691	27.6240736167	8.693
1796	0	1	1	522	32	5.79577874425	28.5558960433	28.3582994278	12.189
1796	0	1	2	1869	116	5.79577874425	27.7877570712	27.5901604558	8.677
1797	0	1	1	432	27	12.6535826158	31.8093708557	31.377969795	7.496
1797	0	1	2	1779	111	12.6535826158	29.9522009376	29.5207998769	6.567
1798	0	1	1	1003	62	15.5390271794	30.2536600447	29.7238849595	5.591
1798	0	1	2	2349	146	15.5390271794	30.3487783109	29.8190032258	6.347
1799	0	1	1	514	32	4.85993693694	28.2430406375	28.0773498594	11.496
1799	0	1	2	1861	116	4.85993693694	33.9744795178	33.8087887397	8.504
1800	0	1	1	1139	71	8.94992199948	33.3609256509	33.0557942141	9.748
1800	0	1	2	2459	153	8.94992199948	27.8678330651	27.5627016284	4.63
1801	0	1	1	214	13	21.4597706588	32.5470771037	31.8154449561	9.339
1801	0	1	2	1558	97	21.4597706588	32.2413271736	31.509695026	5.197
1802	0	1	1	456	28	10.0228221281	30.1507386384	29.8090286083	6.488
1802	0	1	2	1801	112	10.0228221281	31.3412152867	30.9995052566	10
1803	0	1	1	808	50	22.4093884342	31.2254806217	30.46147297	8.504
1803	0	1	2	2149	134	22.4093884342	30.7106781687	29.946670517	17.087
1804	0	1	1	768	48	22.794325709	36.37251189	35.5953804967	7.685
1804	0	1	2	2109	131	22.794325709	37.8631839204	37.0860525271	5.37
1805	0	1	1	318	19	19.2306872541	29.2537919835	28.5981564112	10.567
1805	0	1	2	1663	103	19.2306872541	29.7777661174	29.1221305452	11.118
1806	0	1	1	975	60	17.9561983415	30.0551950873	29.4430109142	4.252
1806	0	1	2	2319	144	17.9561983415	30.4481465258	29.8359623527	5.905
1807	0	1	1	489	30	10.0399321127	27.0348550517	26.6925616875	15.008
1807	0	1	2	1835	114	10.0399321127	27.2391185222	26.896825158	12.189
1808	0	1	1	470	29	9.68441870792	27.1412088362	26.8110360598	10.662
1808	0	1	2	1816	113	9.68441870792	27.7482208163	27.41804804	7.402
1809	0	1	1	204	12	18.8449250623	25.2187032721	24.5762195656	20.756
1809	0	1	2	1543	96	18.8449250623	30.3124676922	29.6699839857	14.835
1809	1	1	1	205	12	18.8449250623	21.8421856686	21.199701962	15.811
1809	1	1	2	1558	97	18.8449250623	28.3819640131	27.7394803065	13.181
1810	0	1	1	1217	76	12.2506249646	38.5473266423	38.1296636954	12.504
1810	0	1	2	2566	160	12.2506249646	31.4802131069	31.0625501601	10.032
1811	0	1	1	536	33	14.1533680768	32.9226815494	32.4401480104	13.118
1811	0	1	2	1886	117	14.1533680768	30.019985306	29.537451767	5.134
1812	0	1	1	282	17	8.74025796055	33.6751663681	33.3771830483	12.567
1812	0	1	2	1626	101	8.74025796055	35.7434495789	35.4454662591	12.945
1813	0	1	1	455	28	9.90484877947	25.856092331	25.5184043892	27.276
1813	0	1	2	1800	112	9.90484877947	28.1322740112	27.7945860695	11.339
1814	0	1	1	915	57	12.1822294554	26.1797570681	25.7644259427	24.22
1814	0	1	2	2257	141	12.1822294554	28.6148670935	28.1995359681	7.591
1815	0	1	1	806	50	22.8155003115	16.5921205703	15.8142672671	12.189
1815	0	1	2	2133	133	22.8155003115	31.483541214	30.7056879108	6.22
1816	0	1	1	341	21	17.957953149	29.3906800478	28.7784360477	14.063
1816	0	1	2	1684	105	17.957953149	29.234841928	28.6225979279	9.843
1817	0	1	1	1004	62	17.222450614	30.1432512142	29.5560828456	11.937
1817	0	1	2	2351	146	17.222450614	30.3998341487	29.81266578	11.716
1817	1	1	1	1006	62	17.222450614	26.600639841	26.0134714723	18.803
1817	1	1	2	2342	146	17.222450614	14.7159704581	14.1288020894	4.315
1818	0	1	1	793	49	23.7702625391	31.0521386512	30.2417344531	4.095
1818	0	1	2	2133	133	23.7702625391	31.5283604362	30.7179562381	15.244
1819	0	1	1	933	58	18.8189650817	46.3972562676	45.7556576197	5.527
1819	0	1	2	2284	142	18.8189650817	32.8289507477	32.1873520998	15.842
1820	0	1	1	471	29	8.54899781998	27.7179185727	27.4264559223	9.276
1820	0	1	2	1817	113	8.54899781998	26.3306381874	26.0391755369	8.803
1821	0	1	1	522	32	9.43114401041	31.7170485007	31.395510668	9.275
1821	0	1	2	1867	116	9.43114401041	31.0530640075	30.7315261748	5.528
1822	0	1	1	557	34	9.61179861573	17.4495969799	17.1219000546	15.37
1822	0	1	2	1907	119	9.61179861573	16.6450578018	16.3173608765	6.189
1823	0	1	1	475	29	11.0553726985	33.2795982216	32.9026852435	16.662
1823	0	1	2	1825	114	11.0553726985	27.2918842236	26.9149712454	4.567
1824	0	1	1	124	7	23.2655066961	31.0931764679	30.2999810093	12.724
1824	0	1	2	1463	91	23.2655066961	40.6074828504	39.8142873918	10.535
1825	0	1	1	467	29	14.2645331969	42.6414776222	42.1551541091	5.842
1825	0	1	2	1811	113	14.2645331969	28.4873042859	28.0009807728	6.189
1826	0	1	1	488	30	9.63432909114	29.383909744	29.0554446828	17.905
1826	0	1	2	1833	114	9.63432909114	30.5545440637	30.2260790025	13.339
1827	0	1	1	422	26	8.76652746377	28.3471443854	28.0482654544	12.032
1827	0	1	2	1769	110	8.76652746377	28.9302270523	28.6313481212	18.74
1828	0	1	1	346	21	11.0256466862	26.3800543106	26.0041547871	8.441
1828	0	1	2	1690	105	11.0256466862	27.4011209586	27.0252214352	16.677
1829	0	1	1	491	30	14.3823504024	25.9169399075	25.4265996294	19.149
1829	0	1	2	1835	114	14.3823504024	28.3170808264	27.8267405484	6.661
1830	0	1	1	429	26	8.99397450202	28.7803343305	28.4737010032	10.504
1830	0	1	2	1775	110	8.99397450202	29.3171438693	29.0105105419	12.252
1831	0	1	1	795	49	25.5831111389	32.245130461	31.372920462	14.252
1831	0	1	2	2135	133	25.5831111389	32.9585500876	32.0863400886	19.811
1832	0	1	1	415	25	14.2529360311	27.3232114575	26.8372833288	10.221
1832	0	1	2	1759	109	14.2529360311	28.2637518408	27.7778237121	10.914
1833	0	1	1	804	50	25.1107315017	31.3900425877	30.5339375198	9.968
1833	0	1	2	2145	134	25.1107315017	32.0034770925	31.1473720246	8.299
1834	0	1	1	334	20	9.49104546935	28.6627249317	28.3391448669	7.78
1834	0	1	2	1677	104	9.49104546935	29.1092072998	28.785627235	11.37
1835	0	1	1	505	31	7.59494155617	28.8055657211	28.5466298969	20.157
1835	0	1	2	1857	116	7.59494155617	27.471759332	27.2128235079	15.149
1836	0	1	1	795	49	26.4612345548	31.9682385222	31.0660904902	16.347
1836	0	1	2	2134	133	26.4612345548	32.7621738559	31.8600258239	16.315
1837	0	1	1	486	30	10.4069121068	29.1117591387	28.7569542539	6.85
1837	0	1	2	1831	114	10.4069121068	29.5638563288	29.209051444	13.78
1838	0	1	1	1246	77	6.60021374187	32.1397633939	31.9147410192	6.74
1838	0	1	2	2596	162	6.60021374187	33.4911025718	33.2660801971	10.095
1839	0	1	1	214	13	17.8672526526	26.1717381003	25.56258637	9.969
1839	0	1	2	1556	97	17.8672526526	27.1112878214	26.502136091	4.535
1840	0	1	1	838	52	18.754778091	26.7097806133	26.070370305	11.307
1840	0	1	2	2181	136	18.754778091	22.6262615077	21.9868511994	11.039
1841	0	1	1	182	11	20.0225244682	26.738570254	26.0559384212	18.315
1841	0	1	2	1526	95	20.0225244682	28.5271926544	27.8445608216	17.622
1842	0	1	1	768	48	22.7974428224	30.9226185167	30.145380851	12.693
1842	0	1	2	2107	131	22.7974428224	31.6822858378	30.9050481721	7.843
1843	0	1	1	1074	67	17.2437297365	24.8517964383	24.2639025964	16.819
1843	0	1	2	2418	151	17.2437297365	25.2738172093	24.6859233673	16
1844	0	1	1	1107	69	6.51487624276	29.2159325645	28.9938196177	4.819
1844	0	1	2	2457	153	6.51487624276	29.2331427778	29.011029831	12.283
1845	0	1	1	1236	77	21.1264504296	33.3033548153	32.5830866192	8.441
1845	0	1	2	2585	161	21.1264504296	31.8955742147	31.1753060187	13.937
1846	0	1	1	489	30	9.82105624427	24.7327211776	24.3978899911	17.433
1846	0	1	2	1834	114	9.82105624427	26.9919975501	26.6571663636	5.653
1846	1	1	1	488	30	9.82105624427	22.8827006397	22.5478694532	21.149
1846	1	1	2	1835	114	9.82105624427	27.3085584398	26.9737272533	6.74
1847	0	1	1	1003	62	12.0478909332	29.1054682	28.694717104	9.055
1847	0	1	2	2343	146	12.0478909332	35.7695329011	35.3587818051	5.622
1848	0	1	1	252	15	20.0583029088	31.0642342624	30.3803826282	10.504
1848	0	1	2	1595	99	20.0583029088	32.3313810937	31.6475294595	15.653
1849	0	1	1	516	32	6.48952874939	32.9259961399	32.7047473702	6.252
1849	0	1	2	1861	116	6.48952874939	33.7990429731	33.5777942035	13.103
1850	0	1	1	866	54	18.9700785367	34.0271390371	33.3803884487	9.055
1850	0	1	2	2210	138	18.9700785367	32.4019546572	31.7552040688	16.157
1851	0	1	1	513	32	6.47817119883	32.4396358414	32.2187742869	10.315
1851	0	1	2	1859	116	6.47817119883	32.4524392855	32.231577731	11.464
1852	0	1	1	469	29	13.2431896082	34.3356445276	33.8841418807	4.598
1852	0	1	2	1814	113	13.2431896082	31.5507722848	31.0992696379	9.779
1853	0	1	1	529	33	12.3045158358	29.7931660034	29.3736657445	12.031
1853	0	1	2	1878	117	12.3045158358	30.0714740451	29.6519737862	8.031
1854	0	1	1	414	25	14.0841817597	28.0601977413	27.5800229849	15.103
1854	0	1	2	1759	109	14.0841817597	28.0345544371	27.5543796808	11.338
1855	0	1	1	1259	78	8.26068217256	28.4757348581	28.1941018092	4.882
1855	0	1	2	2609	163	8.26068217256	27.0251861628	26.7435531139	9.969
1856	0	1	1	809	50	25.4348465129	35.6970418683	34.8298866841	11.071
1856	0	1	2	2150	134	25.4348465129	33.4288857092	32.561730525	10.693
1857	0	1	1	324	20	9.99155733838	27.1005172815	26.7598731679	8.315
1857	0	1	2	1653	103	9.99155733838	28.7904830831	28.4498389695	12.126
1858	0	1	1	458	28	11.9163916354	29.1860483894	28.7797805246	5.307
1858	0	1	2	1803	112	11.9163916354	30.8129933014	30.4067254366	10.599
1859	0	1	1	246	15	19.0562069787	31.3446233855	30.6949364034	17.071
1859	0	1	2	1588	99	19.0562069787	29.1781439119	28.5284569298	14.063
1860	0	1	1	879	54	21.4208742514	29.8765093548	29.1462033099	8.567
1860	0	1	2	2217	138	21.4208742514	29.4578652311	28.7275591863	11.37
1861	0	1	1	1079	67	11.7297784876	25.9419821591	25.5420765328	4.693
1861	0	1	2	2425	151	11.7297784876	30.9033591322	30.5034535059	11.874
1862	0	1	1	916	57	20.3522197381	29.7800411573	29.0861689593	18.315
1862	0	1	2	2257	141	20.3522197381	28.4850590332	27.7911868352	10.409
1863	0	1	1	510	31	9.75212221858	28.0835688518	27.7510878465	18.788
1863	0	1	2	1860	116	9.75212221858	32.5305083363	32.1980273309	10.866
1864	0	1	1	149	9	16.7629875568	28.7155343347	28.1440305296	16.347
1864	0	1	2	1502	93	16.7629875568	24.9566134046	24.3851095996	16.283
1865	0	1	1	211	13	17.4409890982	28.0250840731	27.4304650292	7.968
1865	0	1	2	1552	97	17.4409890982	32.1030386325	31.5084195886	11.071
1866	0	1	1	486	30	10.8807412638	27.2592099653	26.8882507307	16.504
1866	0	1	2	1830	114	10.8807412638	26.5891119227	26.2181526881	9.118
1867	0	1	1	795	49	22.0885025961	30.1118782619	29.3588106337	17.969
1867	0	1	2	2133	133	22.0885025961	30.3742162554	29.6211486272	24.756
1868	0	1	1	598	37	10.5551329247	27.1010801824	26.7412219765	7.874
1868	0	1	2	1947	121	10.5551329247	27.2281250618	26.8682668558	12.929
1869	0	1	1	1056	66	12.116116964	30.2306748755	29.8175977361	9.291
1869	0	1	2	2400	150	12.116116964	31.186924859	30.7738477196	18.063
1869	1	1	1	1048	65	12.116116964	33.613771329	33.2006941896	5.307
1869	1	1	2	2401	150	12.116116964	32.3694225341	31.9563453948	19.37
1870	0	1	1	491	30	10.4722450948	28.0588123969	27.7017801019	11.843
1870	0	1	2	1835	114	10.4722450948	30.0224994756	29.6654671806	13.275
1871	0	1	1	1092	68	9.98431774775	32.9564643732	32.6160670804	7.622
1871	0	1	2	2438	152	9.98431774775	34.7559541417	34.4155568489	12.063
1872	0	1	1	774	48	18.392917589	30.47245657	29.8453832424	4.787
1872	0	1	2	2116	132	18.392917589	36.2771964763	35.6501231487	6.614
1873	0	1	1	481	30	13.9951163273	26.103045664	25.6259074328	29.905
1873	0	1	2	1827	114	13.9951163273	29.5049642999	29.0278260687	6.567
1875	0	1	1	521	32	7.80898004391	27.7380305848	27.4717975047	7.607
1875	0	1	2	1867	116	7.80898004391	28.5898602885	28.3236272085	11.087
1876	0	1	1	262	16	20.8102791446	31.6917091235	30.9822202168	6.189
1876	0	1	2	1606	100	20.8102791446	31.9656691618	31.2561802551	12.535
1877	0	1	1	163	10	18.3414984389	33.6565497891	33.0312295046	14.346
1877	0	1	2	1497	93	18.3414984389	30.2409690291	29.6156487446	20.504
1878	0	1	1	1213	75	8.61700082934	30.4848241499	30.1910430596	7.008
1878	0	1	2	2562	160	8.61700082934	31.9902677968	31.6964867064	5.086
1879	0	1	1	460	28	12.6548849764	29.4904891453	29.0590436829	4.283
1879	0	1	2	1806	112	12.6548849764	25.8649139048	25.4334684425	18.819
1880	0	1	1	259	16	11.1799815312	28.3894277827	28.0082664913	11.527
1880	0	1	2	1602	100	11.1799815312	29.3468814441	28.9657201527	6.283
1881	0	1	1	216	13	21.8447572275	34.3442653979	33.5995078281	6.835
1881	0	1	2	1559	97	21.8447572275	35.750232241	35.0054746712	6.221
1882	0	1	1	433	27	11.5693548387	29.1091554551	28.7147191836	6.441
1882	0	1	2	1782	111	11.5693548387	28.9210176092	28.5265813377	9.937
1883	0	1	1	1022	63	10.9122107111	30.5471003742	30.1750682455	10.882
1883	0	1	2	2368	148	10.9122107111	26.6161812026	26.244149074	22.441
1884	0	1	1	444	27	12.3500842972	26.876747341	26.4556935077	5.496
1884	0	1	2	1791	111	12.3500842972	26.8797652568	26.4587114235	9.874
1885	0	1	1	329	20	13.5496455696	29.3752841973	28.9133334875	7.433
1885	0	1	2	1684	105	13.5496455696	32.2886605514	31.8267098416	10.567
1886	0	1	1	429	26	12.4915186627	31.6948768222	31.2690010394	6.189
1886	0	1	2	1776	111	12.4915186627	30.4685280282	30.0426522455	5.969
1887	0	1	1	1055	65	7.46861224085	27.9321606733	27.6775318192	7.04
1887	0	1	2	2388	149	7.46861224085	29.9224949677	29.6678661135	9.653
1888	0	1	1	522	32	8.4993169338	32.7155584731	32.4257896027	8.473
1888	0	1	2	1869	116	8.4993169338	32.7155297037	32.4257608334	7.653
1889	0	1	1	289	18	18.6856143369	29.1703780626	28.5333257677	6.158
1889	0	1	2	1632	102	18.6856143369	31.8878104899	31.250758195	8.724
1890	0	1	1	1061	66	15.348202653	35.3578045302	34.8345352629	4.488
1890	0	1	2	2410	150	15.348202653	30.9557907775	30.4325215102	13.811
1891	0	1	1	235	14	17.7778638034	31.280010911	30.6739067321	13.181
1891	0	1	2	1578	98	17.7778638034	30.7945734439	30.188469265	12.315
1892	0	1	1	594	37	11.3337123157	26.4755126572	26.0891101922	8.96
1892	0	1	2	1944	121	11.3337123157	26.2511068017	25.8647043366	5.843
1893	0	1	1	1236	77	6.07675143102	27.6159318089	27.4087559368	5.607
1893	0	1	2	2585	161	6.07675143102	29.0744787964	28.8673029244	13.291
1894	0	1	1	907	56	12.212083456	38.3390145098	37.9226655661	7.402
1894	0	1	2	2249	140	12.212083456	37.584549675	37.1682007313	6.819
1895	0	1	1	822	51	22.5304565636	30.9034770256	30.1353417746	10.032
1895	0	1	2	2166	135	22.5304565636	25.4749365469	24.7068012959	17.622
1897	0	1	1	793	49	23.539919705	36.4184359783	35.6158849034	7.559
1897	0	1	2	2134	133	23.539919705	33.8125541554	33.0100030805	4.378
1898	0	1	1	489	30	12.1274697103	33.1655395315	32.7520753407	7.307
1898	0	1	2	1832	114	12.1274697103	30.3058633995	29.8923992087	14.567
1899	0	1	1	334	20	11.4979612143	34.5490595714	34.1570573366	9.039
1899	0	1	2	1678	104	11.4979612143	34.1316858265	33.7396835917	7.244
1901	0	1	1	430	26	11.8478681969	25.9950594112	25.5911277294	15.78
1901	0	1	2	1776	111	11.8478681969	26.6928499691	26.2889182873	10.189
1904	0	1	1	547	34	11.0270004438	26.6799626153	26.304016938	13.969
1904	0	1	2	1889	118	11.0270004438	29.2245419886	28.8485963112	13.276
1904	1	1	1	542	33	11.0270004438	34.7035020814	34.327556404	5.748
1904	1	1	2	1892	118	11.0270004438	32.1742822247	31.7983365474	6.851
1905	0	1	1	794	49	22.7506918154	33.5392350912	32.7635913167	4.252
1905	0	1	2	2133	133	22.7506918154	30.53571145	29.7600676755	23.874
1906	0	1	1	1022	63	15.9331016751	32.5461385942	32.0029282505	18.961
1906	0	1	2	2368	148	15.9331016751	30.9037268093	30.3605164656	19.496
1907	0	1	1	1040	65	16.9599826961	29.2477658303	28.6695458316	8.031
1907	0	1	2	2393	149	16.9599826961	31.1991467195	30.6209267208	15.496
1908	0	1	1	439	27	8.52645972838	28.4952217975	28.2045275426	5.386
1908	0	1	2	1775	110	8.52645972838	23.2137648643	22.9230706093	10.662
1909	0	1	1	569	35	10.3359760383	31.296013821	30.9436273735	5.339
1909	0	1	2	1918	119	10.3359760383	32.071737772	31.7193513245	9.307
1910	0	1	1	1103	68	13.4837791565	26.98002513	26.5203200167	10.504
1910	0	1	2	2452	153	13.4837791565	30.1352420019	29.6755368886	10.189
1911	0	1	1	485	30	10.9948866598	30.4306107775	30.0557599617	5.622
1911	0	1	2	1831	114	10.9948866598	27.534701548	27.1598507321	15.622
1912	0	1	1	510	31	9.17588761132	28.361945775	28.0491104485	11.591
1912	0	1	2	1859	116	9.17588761132	31.9723351535	31.6594998271	14.126
1913	0	1	1	564	35	12.2957196805	35.5855836097	35.1663832399	9.04
1913	0	1	2	1911	119	12.2957196805	32.7760152896	32.3568149198	7.905
1914	0	1	1	793	49	23.3475912129	37.2272666747	36.4312726926	6.346
1914	0	1	2	2134	133	23.3475912129	38.6958095605	37.8998155784	8.504
1915	0	1	1	286	17	13.8005906202	33.2494738496	32.7789676212	6
1915	0	1	2	1630	101	13.8005906202	31.6434975682	31.1729913399	7.086
1916	0	1	1	808	50	24.1676571637	31.1888094514	30.3648568009	6.535
1916	0	1	2	2150	134	24.1676571637	33.014967282	32.1910146315	10.252
1917	0	1	1	488	30	11.867534372	28.720846758	28.3162445935	14.772
1917	0	1	2	1832	114	11.867534372	30.0795675396	29.674965375	15.292
1918	0	1	1	405	25	14.5493045955	32.2387146257	31.7426823457	8.945
1918	0	1	2	1752	109	14.5493045955	33.8505861038	33.3545538238	8.189
1919	0	1	1	807	50	20.1675854043	32.1366990859	31.4491216623	11.779
1919	0	1	2	2149	134	20.1675854043	33.2776807805	32.5901033568	11.024
1920	0	1	1	520	32	6.21052583125	29.963814473	29.7520778043	8.662
1920	0	1	2	1866	116	6.21052583125	30.7761334446	30.5643967758	8.567
1921	0	1	1	1240	77	10.3380293739	24.9753641265	24.6229076742	6.599
1921	0	1	2	2585	161	10.3380293739	29.9384946853	29.5860382331	11.402
1922	0	1	1	405	25	12.8670522485	26.6141322	26.1754532775	9.874
1922	0	1	2	1752	109	12.8670522485	30.3980260003	29.9593470778	7.969
1923	0	1	1	1001	62	15.7380532426	31.7015565529	31.1649960334	13.685
1923	0	1	2	2346	146	15.7380532426	32.8701275343	32.3335670148	6.614
1924	0	1	1	459	28	7.74324203925	26.2408012266	25.9768093651	12.063
1924	0	1	2	1805	112	7.74324203925	22.3588154203	22.0948235588	16.22
1925	0	1	1	1026	64	16.2924662663	31.6267189386	31.0712567077	9.433
1925	0	1	2	2373	148	16.2924662663	34.9487894672	34.3933272363	15.779
1926	0	1	1	564	35	6.13997410861	28.1485355757	27.9392042405	17.008
1926	0	1	2	1911	119	6.13997410861	26.3757550983	26.1664237632	14.693
1927	0	1	1	210	13	19.119336135	32.9990165347	32.3471772779	5.905
1927	0	1	2	1553	97	19.119336135	34.757873191	34.1060339342	10.425
1928	0	1	1	485	30	11.1720177131	28.2091344107	27.8282446312	17.133
1928	0	1	2	1829	114	11.1720177131	28.320120075	27.9392302955	8.945
1929	0	1	1	473	29	11.0540745297	30.7093101597	30.3324414402	15.354
1929	0	1	2	1817	113	11.0540745297	29.7782327503	29.4013640309	10.945
1930	0	1	1	270	16	11.5042169626	27.2848400981	26.8926245849	21.559
1930	0	1	2	1613	100	11.5042169626	26.6416713332	26.24945582	7.26
1931	0	1	1	452	28	7.45789820607	26.427839559	26.1735759806	22.488
1931	0	1	2	1797	112	7.45789820607	27.508411084	27.2541475055	8.866
1932	0	1	1	469	29	14.262280339	36.7311583916	36.2449116856	4.866
1932	0	1	2	1815	113	14.262280339	32.1237656533	31.6375189473	10.378
1933	0	1	1	212	13	18.8096693108	29.3735033349	28.7322216095	16.645
1933	0	1	2	1556	97	18.8096693108	24.430406225	23.7891244996	13.465
1934	0	1	1	1219	76	7.37231594386	28.92630417	28.6749583643	7.024
1934	0	1	2	2568	160	7.37231594386	26.3019697758	26.05062397	16.204
1935	0	1	1	460	28	8.53419155132	32.0146561531	31.7236982957	7.339
1935	0	1	2	1805	112	8.53419155132	31.9973428342	31.7063849768	4.74
1936	0	1	1	1032	64	16.0176673576	35.024591982	34.4784985239	8.961
1936	0	1	2	2375	148	16.0176673576	40.2368787296	39.6907852715	6.189
1937	0	1	1	1060	66	14.1922657204	27.5374648515	27.0536051675	7.59
1937	0	1	2	2406	150	14.1922657204	30.0628945359	29.579034852	19.527
1938	0	1	1	1236	77	13.2101740563	29.8441655659	29.3937885246	4.063
1938	0	1	2	2584	161	13.2101740563	29.452207349	29.0018303078	12
1939	0	1	1	1040	65	14.3243364863	29.7096471982	29.2212847999	17.275
1939	0	1	2	2394	149	14.3243364863	30.8654207936	30.3770583953	13.464
1940	0	1	1	989	61	14.9153171526	27.2687907547	26.7602799372	15.402
1940	0	1	2	2333	145	14.9153171526	28.9578509535	28.449340136	17.969
1941	0	1	1	762	47	13.4663784445	35.9890376393	35.5299257718	15.591
1941	0	1	2	2106	131	13.4663784445	33.6951400361	33.2360281687	10.929
1942	0	1	1	1055	65	13.1590077586	29.0473154219	28.5986828032	9.433
1942	0	1	2	2393	149	13.1590077586	32.3007589284	31.8521263097	8.882
1943	0	1	1	1040	65	19.7906641176	29.873508099	29.1987811263	16.441
1943	0	1	2	2394	149	19.7906641176	30.6767064572	30.0019794845	13.591
1944	0	1	1	529	33	7.2060705762	28.5867132832	28.3410353132	14.409
1944	0	1	2	1878	117	7.2060705762	29.337575206	29.0918972361	8.22
1945	0	1	1	439	27	10.0095456269	29.9620582104	29.6208008186	6.504
1945	0	1	2	1784	111	10.0095456269	29.4443784395	29.1031210477	8.189
1946	0	1	1	406	25	11.1371972493	30.5186285727	30.1389259341	16.032
1946	0	1	2	1753	109	11.1371972493	34.7625136677	34.3828110291	5.905
1947	0	1	1	430	26	11.6120181707	33.719148085	33.3232572842	11.213
1947	0	1	2	1776	111	11.6120181707	29.8614328909	29.4655420901	14
1948	0	1	1	1221	76	10.9281578876	30.4271609858	30.054585167	13.338
1948	0	1	2	2572	160	10.9281578876	30.239001128	29.8664253091	4.897
1949	0	1	1	956	59	21.5456430854	33.7823549753	33.0477951623	13.717
1949	0	1	2	2298	143	21.5456430854	32.5205273806	31.7859675676	10.85
1950	0	1	1	136	8	16.7874691232	28.8125801659	28.240241706	5.811
1950	0	1	2	1477	92	16.7874691232	29.4625073012	28.8901688414	15.118
1951	0	1	1	77	4	17.9815216175	36.5666280332	35.9535805087	10.126
1951	0	1	2	1417	88	17.9815216175	35.327377081	34.7143295565	11.496
1952	0	1	1	438	27	14.1493461295	32.5678356012	32.0854391832	11.779
1952	0	1	2	1783	111	14.1493461295	30.502887814	30.020491396	7.244
1953	0	1	1	1026	64	14.1939284974	30.5097259187	30.0258095454	11.937
1953	0	1	2	2373	148	14.1939284974	32.9158808823	32.4319645089	7.087
1954	0	1	1	431	26	15.4900520737	29.1904926285	28.6623872613	18.725
1954	0	1	2	1777	111	15.4900520737	29.4201646729	28.8920593056	7.969
1955	0	1	1	804	50	24.2475860235	34.0603696387	33.233691958	9.055
1955	0	1	2	2151	134	24.2475860235	27.8217656906	26.9950880099	8.063
1956	0	1	1	505	31	5.73132943389	32.1955180679	32.0001187354	12.189
1956	0	1	2	1852	115	5.73132943389	28.8312848016	28.6358854691	4.851
1957	0	1	1	431	26	12.8143635946	31.115060921	30.678178323	12.157
1957	0	1	2	1779	111	12.8143635946	30.9891626235	30.5522800255	8.347
1958	0	1	1	438	27	13.5947553672	33.2424960049	32.7790073579	22.693
1958	0	1	2	1784	111	13.5947553672	34.0049360451	33.5414473982	5.527
1959	0	1	1	1074	67	13.0812503294	35.3456202914	34.8996386719	4.662
1959	0	1	2	2420	151	13.0812503294	28.6263796474	28.1803980279	12.031
1960	0	1	1	490	30	10.846707222	26.2116418366	25.8418429312	17.496
1960	0	1	2	1835	114	10.846707222	27.2018236968	26.8320247914	12.819
1961	0	1	1	490	30	12.5255773692	27.8960339148	27.4689969619	8.882
1961	0	1	2	1834	114	12.5255773692	30.0412243493	29.6141873964	16.662
1962	0	1	1	257	16	13.7436932723	29.9764382163	29.5078718004	8.772
1962	0	1	2	1599	99	13.7436932723	30.9066458196	30.4380794036	13.118
1963	0	1	1	487	30	8.38684799885	29.7808963133	29.4949618683	6.709
1963	0	1	2	1832	114	8.38684799885	26.5622560351	26.2763215901	14.551
1964	0	1	1	1265	79	9.86647704765	30.3186755083	29.9822957815	13.26
1964	0	1	2	2614	163	9.86647704765	31.2779826559	30.941602929	6.708
1965	0	1	1	485	30	10.7536047036	26.2302156961	25.8635909531	15.213
1965	0	1	2	1830	114	10.7536047036	27.6275447561	27.260920013	12.771
1966	0	1	1	1064	66	13.236760611	27.9372877187	27.4860042569	12.725
1966	0	1	2	2412	150	13.236760611	26.3384828373	25.8871993755	16.929
1967	0	1	1	832	52	16.4968508885	31.2221078506	30.659677495	5.244
1967	0	1	2	2174	135	16.4968508885	30.9346524839	30.3722221282	16.158
1968	0	1	1	306	19	18.0082949504	28.498904269	27.884943956	4.961
1968	0	1	2	1651	103	18.0082949504	30.3473694488	29.7334091359	15.685
1969	0	1	1	1029	64	8.94481658832	31.1338607153	30.8289033383	8.472
1969	0	1	2	2390	149	8.94481658832	32.8018459347	32.4968885578	10.457
1970	0	1	1	452	28	10.313036991	27.7784467074	27.4268423253	13.291
1970	0	1	2	1798	112	10.313036991	30.2971353398	29.9455309577	11.717
1971	0	1	1	530	33	8.00988277546	28.8845099152	28.6114274191	14.158
1971	0	1	2	1878	117	8.00988277546	30.4912215177	30.2181390216	5.071
1972	0	1	1	879	54	20.9850149986	31.150828918	30.4353827077	16.158
1972	0	1	2	2222	138	20.9850149986	31.186095767	30.4706495567	5.811
1973	0	1	1	430	26	7.92419354839	29.2351023075	28.964941231	14.693
1973	0	1	2	1776	111	7.92419354839	28.1416504667	27.8714893902	11.874
1974	0	1	1	1019	63	15.3157326315	33.7625348254	33.2403725649	17.307
1974	0	1	2	2363	147	15.3157326315	33.2665411343	32.7443788738	13.086
1975	0	1	1	173	10	20.8227954003	32.0343801519	31.324464526	6.441
1975	0	1	2	1526	95	20.8227954003	26.3680355408	25.6581199149	6.409
1976	0	1	1	415	25	9.74785169904	31.9629397634	31.6306043537	6.441
1976	0	1	2	1762	110	9.74785169904	28.6653187745	28.3329833648	9.15
1977	0	1	1	489	30	12.0248456433	26.9714747124	26.561509304	18.378
1977	0	1	2	1833	114	12.0248456433	27.144868902	26.7349034936	11.622
1978	0	1	1	564	35	12.196768327	34.0296930061	33.6138662041	14.74
1978	0	1	2	1912	119	12.196768327	33.1802260699	32.7643992679	9.212
1979	0	1	1	1003	62	15.0133292062	31.1736108554	30.6617584938	8.409
1979	0	1	2	2350	146	15.0133292062	31.5535529674	31.0417006058	11.149
1980	0	1	1	471	29	11.2329229073	27.7267908376	27.3438246056	8.158
1980	0	1	2	1818	113	11.2329229073	30.4556333495	30.0726671174	13.464
1981	0	1	1	489	30	8.0418667095	29.8821211694	29.6079482388	17.023
1981	0	1	2	1833	114	8.0418667095	31.7553334339	31.4811605033	12.803
1982	0	1	1	490	30	10.1554835181	30.8976387092	30.5514058284	4.032
1982	0	1	2	1835	114	10.1554835181	31.1061118734	30.7598789926	16.803
1983	0	1	1	961	60	13.6024045933	34.8627181066	34.3989686731	6.157
1983	0	1	2	2304	144	13.6024045933	34.781173983	34.3174245496	6.535
1984	0	1	1	993	62	15.8236477602	27.9133346767	27.3738559666	14.063
1984	0	1	2	2340	146	15.8236477602	32.193589927	31.6541112169	12.126
1985	0	1	1	1092	68	12.5826405247	27.6664221278	27.2374397097	10.063
1985	0	1	2	2440	152	12.5826405247	28.5329550868	28.1039726686	13.464
1986	0	1	1	1089	68	9.60835545221	36.1807614712	35.8531819343	9.78
1986	0	1	2	2436	152	9.60835545221	34.5011081403	34.1735286034	9.59
1987	0	1	1	1210	75	12.9279802753	30.2715873393	29.8308311857	13.622
1987	0	1	2	2561	160	12.9279802753	30.4967561469	30.0559999933	8.977
1988	0	1	1	1279	79	5.23361448031	28.1333022571	27.9548716176	17.433
1988	0	1	2	2629	164	5.23361448031	29.7276325768	29.5492019373	13.465
1989	0	1	1	491	30	12.3563937131	26.1572881304	25.736019189	17.906
1989	0	1	2	1835	114	12.3563937131	29.4274484897	29.0061795482	14.646
1991	0	1	1	488	30	10.3692168573	31.2881399829	30.9346202497	17.528
1991	0	1	2	1832	114	10.3692168573	32.8235012756	32.4699815423	12.976
1992	0	1	1	920	57	20.2025683631	28.799248661	28.1104785565	12.063
1992	0	1	2	2264	141	20.2025683631	28.1716420687	27.4828719642	9.464
1993	0	1	1	347	21	16.0214547517	29.4595980929	28.9133755105	8.094
1993	0	1	2	1690	105	16.0214547517	29.9210088126	29.3747862302	9.906
1995	0	1	1	474	29	15.5218744392	32.1841670818	31.6549767884	17.717
1995	0	1	2	1818	113	15.5218744392	32.8102514628	32.2810611694	12.456
1996	0	1	1	1114	69	8.12584196647	27.2953637228	27.0183278074	15.905
1996	0	1	2	2462	153	8.12584196647	25.6910170468	25.4139811314	18.693
1997	0	1	1	475	29	12.6067086137	33.437288297	33.0074853208	19.969
1997	0	1	2	1821	113	12.6067086137	32.028426193	31.5986232168	5.685
1998	0	1	1	312	19	16.5099824013	24.7579805468	24.1951024959	10.929
1998	0	1	2	1656	103	16.5099824013	23.6394782679	23.076600217	5.496
1999	0	1	1	895	55	18.6417567699	36.2067524802	35.5711954298	12.504
1999	0	1	2	2231	139	18.6417567699	38.0495147105	37.4139576602	10.378
2000	0	1	1	504	31	7.06652336863	31.1390512283	30.8981308685	4.897
2000	0	1	2	1850	115	7.06652336863	29.9521244298	29.71120407	9.275
2001	0	1	1	906	56	18.1180885825	31.6478767794	31.0301732508	15.622
2001	0	1	2	2248	140	18.1180885825	30.3572618867	29.739558358	12.661
2002	0	1	1	879	54	21.680857701	33.594631227	32.8554615158	15.307
2002	0	1	2	2220	138	21.680857701	33.8784298386	33.1392601273	7.023
2003	0	1	1	990	61	10.8224414824	29.7533052359	29.3843336271	10.126
2003	0	1	2	2335	145	10.8224414824	29.0741030204	28.7051314116	9.748
2004	0	1	1	987	61	17.0513129617	26.3248920125	25.7435582732	8.803
2004	0	1	2	2332	145	17.0513129617	32.6992346253	32.117900886	17.433
2005	0	1	1	340	21	11.8314573809	31.8005080086	31.397135824	8.126
2005	0	1	2	1684	105	11.8314573809	31.8084195393	31.4050473547	12.095
2008	0	1	1	1019	63	13.5237593697	34.1785866222	33.7175184557	13.78
2008	0	1	2	2364	147	13.5237593697	34.7088624396	34.2477942731	11.874
2009	0	1	1	887	55	22.7114366983	34.3055903126	33.5312848705	8.347
2009	0	1	2	2229	139	22.7114366983	30.2667422271	29.4924367851	4.189
2010	0	1	1	106	6	22.6709173851	36.6663489598	35.8934249506	6.835
2010	0	1	2	1448	90	22.6709173851	34.5439824853	33.771058476	13.559
2011	0	1	1	485	30	11.9023327962	29.5283190577	29.1225305036	15.417
2011	0	1	2	1830	114	11.9023327962	29.5712135136	29.1654249596	13.008
2012	0	1	1	432	27	8.63931191086	30.6495172507	30.3549755043	8.283
2012	0	1	2	1779	111	8.63931191086	26.325976292	26.0314345456	4.378
2013	0	1	1	1059	66	17.4446856731	31.4535520049	30.858806933	9.275
2013	0	1	2	2404	150	17.4446856731	27.3861669732	26.7914219013	12.189
2014	0	1	1	430	26	11.790520373	28.6104285293	28.208452018	16.992
2014	0	1	2	1777	111	11.790520373	25.7095346903	25.3075581791	13.685
2015	0	1	1	1055	65	19.4955280243	30.3593141716	29.6946493313	11.244
2015	0	1	2	2393	149	19.4955280243	31.7366673392	31.0720024989	12.63
2016	0	1	1	1035	64	14.5930988843	24.6837325033	24.1862071361	14.283
2016	0	1	2	2379	148	14.5930988843	34.1753187274	33.6777933602	10.41
2017	0	1	1	301	18	15.8383084286	30.537196133	29.9972175939	10.41
2017	0	1	2	1643	102	15.8383084286	29.9956936451	29.455715106	9.149
2018	0	1	1	510	31	12.8724073905	27.6453311419	27.2064696455	11.559
2018	0	1	2	1860	116	12.8724073905	29.7874782715	29.3486167751	16.378
2019	0	1	1	428	26	11.4829191256	29.0814810534	28.6899916515	9.055
2019	0	1	2	1775	110	11.4829191256	27.8430700731	27.4515806712	18.378
2020	0	1	1	485	30	12.8129864298	28.3038658447	27.8670301987	13.023
2020	0	1	2	1830	114	12.8129864298	28.4721038045	28.0352681585	14
2021	0	1	1	475	29	10.0605218806	30.9790226191	30.636027284	29.024
2021	0	1	2	1821	113	10.0605218806	29.1938583027	28.8508629675	5.276
2022	0	1	1	215	13	19.1837986556	30.8333025786	30.1792655885	8.221
2022	0	1	2	1559	97	19.1837986556	36.9459766857	36.2919396956	7.937
2023	0	1	1	431	26	9.54899127308	27.2103648612	26.8848092388	9.401
2023	0	1	2	1779	111	9.54899127308	28.0701403507	27.7445847283	14.394
2024	0	1	1	604	37	10.035952472	28.7546144272	28.4124567416	11.968
2024	0	1	2	1954	122	10.035952472	28.9178113211	28.5756536356	13.748
2025	0	1	1	452	28	10.7176533612	26.7984925285	26.4330934815	16
2025	0	1	2	1797	112	10.7176533612	26.9209013776	26.5555023307	16.724
2026	0	1	1	599	37	11.2413715374	30.4584089065	30.0751546336	10.709
2026	0	1	2	1948	121	11.2413715374	28.5896380921	28.2063838192	8.819
2028	0	1	1	242	15	13.3403734272	30.1999989874	29.7451830336	7.213
2028	0	1	2	1582	98	13.3403734272	26.9889399499	26.5341239961	18
2030	0	1	1	431	26	11.0945370365	32.5248368061	32.1465885905	9.024
2030	0	1	2	1776	111	11.0945370365	32.8278957181	32.4496475025	4.126
2031	0	1	1	1019	63	12.3273199197	50.8780628708	50.4577851479	7.496
2031	0	1	2	2366	147	12.3273199197	47.6590623153	47.2387845923	8
2033	0	1	1	965	60	26.1776322489	34.6428748115	33.7503956883	14.094
2033	0	1	2	2310	144	26.1776322489	31.1751351388	30.2826560156	5.307
2034	0	1	1	494	30	11.0978272695	29.7492835814	29.3709231913	5.874
2034	0	1	2	1842	115	11.0978272695	29.9240301902	29.5456698	4.346
2035	0	1	1	253	15	11.4033758091	27.9427516804	27.5539741642	9.023
2035	0	1	2	1595	99	11.4033758091	28.5624078542	28.173630338	6.032
2036	0	1	1	1222	76	14.7486777501	32.9999291302	32.4970995824	4.41
2036	0	1	2	2572	160	14.7486777501	30.686726697	30.1838971491	9.181
2037	0	1	1	180	11	18.2933857258	23.8050609593	23.1813809909	14.551
2037	0	1	2	1524	95	18.2933857258	24.5429403447	23.9192603763	13.118
2038	0	1	1	579	36	7.47317120442	28.6842180094	28.4294337256	6.961
2038	0	1	2	1926	120	7.47317120442	32.2344287061	31.9796444223	13.102
2039	0	1	1	280	17	18.1029059273	25.3764590152	24.7592731118	15.464
2039	0	1	2	1624	101	18.1029059273	26.5671074806	25.9499215771	18.063
2040	0	1	1	487	30	12.8630404189	28.4362252704	27.997683124	15.716
2040	0	1	2	1831	114	12.8630404189	30.677473849	30.2389317026	7.622
2041	0	1	1	422	26	12.0418495166	29.9760860957	29.5655409709	13.024
2041	0	1	2	1769	110	12.0418495166	32.3382559792	31.9277108544	12.756
2042	0	1	1	486	30	15.4684767751	29.6084420685	29.0810722721	16.535
2042	0	1	2	1830	114	15.4684767751	31.1063193304	30.578949534	10.252
2043	0	1	1	488	30	12.2570837508	30.2716695651	29.8537864176	14.456
2043	0	1	2	1833	114	12.2570837508	29.8940019507	29.4761188032	9.78
2044	0	1	1	795	49	23.4015864704	34.1625341906	33.3646993377	14.945
2044	0	1	2	2135	133	23.4015864704	32.8429335517	32.0450986988	8.851
2045	0	1	1	795	49	24.9933838939	33.8130146241	32.9609103111	5.433
2045	0	1	2	2133	133	24.9933838939	33.3344270169	32.4823227039	5.527
2047	0	1	1	795	49	22.1576826041	33.0971154503	32.3416892546	12.189
2047	0	1	2	2135	133	22.1576826041	33.6274371329	32.8720109372	11.307
2048	0	1	1	433	27	12.5050461546	29.0008822362	28.574545258	17.937
2048	0	1	2	1781	111	12.5050461546	28.4414247215	28.0150877434	12.63
2049	0	1	1	490	30	12.0427653469	29.2843149997	28.8737386513	15.212
2049	0	1	2	1834	114	12.0427653469	27.3401050806	26.9295287322	6.882
2050	0	1	1	429	26	7.68572666757	29.7260392805	29.4640083018	12.693
2050	0	1	2	1775	110	7.68572666757	28.6760001308	28.4139691521	15.905
2051	0	1	1	274	17	15.9714368182	33.3397484937	32.7952311824	15.906
2051	0	1	2	1619	101	15.9714368182	28.5483036934	28.0037863822	15.843
2053	0	1	1	1213	75	8.53008024817	30.8739289153	30.5831112253	5.37
2053	0	1	2	2562	160	8.53008024817	31.1361166319	30.8452989419	9.338
2054	0	1	1	1097	68	13.1206359691	32.7433841772	32.2960597754	6.252
2054	0	1	2	2444	152	13.1206359691	32.9864881954	32.5391637936	10.283
2055	0	1	1	1029	64	17.7562261801	28.9631869564	28.3578204732	10.536
2055	0	1	2	2373	148	17.7562261801	40.3448101643	39.7394436811	7.906
2056	0	1	1	798	49	23.2192208624	30.6638046096	29.8721871829	8.252
2056	0	1	2	2135	133	23.2192208624	31.0697008054	30.2780833788	10.882
2057	0	1	1	455	28	7.68693800047	30.2395704113	29.9774981344	13.717
2057	0	1	2	1800	112	7.68693800047	30.7621612274	30.5000889505	15.244
2058	0	1	1	488	30	10.7800341536	26.6398390211	26.2723132136	9.905
2058	0	1	2	1833	114	10.7800341536	29.0598745055	28.692348698	9.906
2059	0	1	1	430	26	10.2177311	28.9949424028	28.6465873031	8.425
2059	0	1	2	1776	111	10.2177311	26.9675035371	26.6191484374	13.244
2060	0	1	1	838	52	23.5137563633	33.9139720475	33.1123129645	12.74
2060	0	1	2	2182	136	23.5137563633	24.7690576508	23.9673985678	6.378
2061	0	1	1	266	16	21.1132009716	31.0580736921	30.3382572124	12.315
2061	0	1	2	1608	100	21.1132009716	30.2363671412	29.5165506615	12.031
2062	0	1	1	413	25	15.3078968249	29.6319816239	29.1100865111	7.229
2062	0	1	2	1759	109	15.3078968249	28.8594533594	28.3375582465	5.905
2063	0	1	1	487	30	13.003997177	27.3246864936	26.8813386809	17.008
2063	0	1	2	1832	114	13.003997177	32.641203798	32.1978559854	11.071
2064	0	1	1	488	30	13.0753240699	28.7688923555	28.3231127812	15.874
2064	0	1	2	1832	114	13.0753240699	30.1062233859	29.6604438115	13.528
2065	0	1	1	428	26	11.2497597396	28.3121557381	27.9286154846	8.536
2065	0	1	2	1775	110	11.2497597396	25.7731931746	25.3896529211	16.567
2066	0	1	1	936	58	19.3246585298	29.5909611779	28.9321218246	11.401
2066	0	1	2	2281	142	19.3246585298	29.3384119976	28.6795726444	12.834
2067	0	1	1	209	13	18.7072863521	33.4276512179	32.7898600547	13.622
2067	0	1	2	1552	97	18.7072863521	32.3755283165	31.7377371533	16.504
2068	0	1	1	217	13	19.4906929781	24.9466265354	24.2821265373	15.717
2068	0	1	2	1562	97	19.4906929781	30.3524910698	29.6879910717	12.252
2069	0	1	1	485	30	14.5580582083	28.1164092101	27.6200784915	21.134
2069	0	1	2	1830	114	14.5580582083	28.8070247127	28.3106939941	15.118
2070	0	1	1	530	33	10.9541879479	30.6112719634	30.2378086967	13.591
2070	0	1	2	1878	117	10.9541879479	30.3257366341	29.9522733674	5.071
2071	0	1	1	452	28	10.4551930467	32.8252701733	32.468819237	15.748
2071	0	1	2	1798	112	10.4551930467	29.9521123792	29.595661443	8.614
2072	0	1	1	253	15	18.611215616	32.9321538132	32.2976380084	8
2072	0	1	2	1596	99	18.611215616	32.0530838404	31.4185680356	9.307
2073	0	1	1	1098	68	13.115130252	34.6683726003	34.221235906	7.37
2073	0	1	2	2446	152	13.115130252	33.793318729	33.3461820347	6.41
2074	0	1	1	485	30	10.857576899	29.1194387666	28.7492692792	15.874
2074	0	1	2	1830	114	10.857576899	31.8797927289	31.5096232415	4.409
2075	0	1	1	1031	64	9.49285907282	22.7098113017	22.3861694054	11.59
2075	0	1	2	2376	148	9.49285907282	36.2012420035	35.8776001072	14.771
2076	0	1	1	261	16	16.4584989369	37.807147815	37.2460249998	9.071
2076	0	1	2	1605	100	16.4584989369	36.8081473215	36.2470245064	10.771
2077	0	1	1	1213	75	10.3026705486	27.1055867516	26.7543357947	14
2077	0	1	2	2564	160	10.3026705486	32.4836254588	32.1323745019	10.85
2078	0	1	1	431	26	8.85390263529	28.7874153782	28.4855575484	14.252
2078	0	1	2	1779	111	8.85390263529	27.6532707582	27.3514129283	9.779
2079	0	1	1	1268	79	9.74994736842	31.05941594	30.7270090822	10.094
2079	0	1	2	2619	163	9.74994736842	29.0312605352	28.6988536775	8.126
2080	0	1	1	1077	67	14.968221981	29.3742806779	28.8639661658	11.906
2080	0	1	2	2421	151	14.968221981	29.121140645	28.6108261329	8.032
2081	0	1	1	489	30	14.1763647142	26.9120851652	26.4287675973	16.409
2081	0	1	2	1834	114	14.1763647142	27.8813036788	27.397986111	14.882
2082	0	1	1	901	56	18.1750154878	32.7740243637	32.1543800149	17.37
2082	0	1	2	2242	140	18.1750154878	34.1034008033	33.4837564545	11.055
2083	0	1	1	917	57	12.0087388802	38.1936280342	37.7842117568	13.779
2083	0	1	2	2269	141	12.0087388802	31.995553618	31.5861373406	11.685
2084	0	1	1	487	30	10.4664054054	28.5483699016	28.1915367002	14.63
2084	0	1	2	1832	114	10.4664054054	29.1842579798	28.8274247784	9.433
2085	0	1	1	994	62	10.0094057682	31.305629702	30.9643770784	10.378
2085	0	1	2	2337	146	10.0094057682	32.1338710544	31.7926184308	13.779
2086	0	1	1	916	57	21.6929077996	30.6108062997	29.8712257621	16.472
2086	0	1	2	2258	141	21.6929077996	31.4718517363	30.7322711986	11.78
2087	0	1	1	266	16	17.9411451953	35.6131247933	35.00145383	10.504
2087	0	1	2	1609	100	17.9411451953	33.265503892	32.6538329288	9.59
2088	0	1	1	1009	63	13.5460434789	33.0750542422	32.6132263392	9.59
2088	0	1	2	2353	147	13.5460434789	33.6096347119	33.1478068089	11.212
2089	0	1	1	965	60	13.4374535048	33.8704944209	33.412368697	12.22
2089	0	1	2	2309	144	13.4374535048	29.1834889054	28.7253631816	11.843
2090	0	1	1	1062	66	14.9788653254	28.3723293885	27.8616520108	8.315
2090	0	1	2	2412	150	14.9788653254	26.8415768971	26.3308995194	15.937
2091	0	1	1	1253	78	8.87867754698	28.0255119897	27.722809504	4.126
2091	0	1	2	2602	162	8.87867754698	30.667093447	30.3643909612	12.157
2092	0	1	1	539	33	8.23604537025	31.6143894471	31.3335963456	14.787
2092	0	1	2	1889	118	8.23604537025	27.7759366457	27.4951435442	14.788
2093	0	1	1	1251	78	8.45556124264	27.0643980725	26.7761209735	11.874
2093	0	1	2	2599	162	8.45556124264	28.3941094768	28.1058323777	9.559
2094	0	1	1	489	30	14.7747687313	29.0750815225	28.5713624498	14.031
2094	0	1	2	1833	114	14.7747687313	30.3642956378	29.8605765651	11.937
2096	0	1	1	879	54	27.8638393707	32.0705486096	31.120581298	9.402
2096	0	1	2	2222	138	27.8638393707	31.0630372278	30.1130699163	16.268
2097	0	1	1	1071	66	11.2712274938	34.089433067	33.7051609092	10.031
2097	0	1	2	2420	151	11.2712274938	29.6477069217	29.2634347639	10.504
2098	0	1	1	446	27	10.8804394855	31.4051604538	31.0342115078	6.031
2098	0	1	2	1793	112	10.8804394855	31.7572397819	31.3862908359	9.401
2099	0	1	1	1221	76	13.9896816799	30.0213933299	29.5444403832	6.536
2099	0	1	2	2571	160	13.9896816799	31.1938900369	30.7169370902	4.851
2100	0	1	1	888	55	19.698073536	33.807154472	33.1355842081	15.401
2100	0	1	2	2230	139	19.698073536	30.9652925716	30.2937223077	5.874
2101	0	1	1	901	56	22.5364768123	29.7885328099	29.0201923093	11.039
2101	0	1	2	2244	140	22.5364768123	28.9023287106	28.1339882101	13.181
2101	1	1	1	902	56	22.5364768123	29.8627283362	29.0943878356	12.315
2101	1	1	2	2242	140	22.5364768123	30.2467258545	29.4783853539	6.063
2102	0	1	1	513	32	7.44975472377	30.8714240558	30.6174381147	5.402
2102	0	1	2	1861	116	7.44975472377	32.0943949496	31.8404090085	5.512
2103	0	1	1	762	47	17.5621661337	38.8196298971	38.2208795409	13.307
2103	0	1	2	2102	131	17.5621661337	38.3438147931	37.7450644369	18.204
2104	0	1	1	866	54	18.7857878337	28.8828990657	28.2424315362	10.961
2104	0	1	2	2210	138	18.7857878337	31.59801235	30.9575448205	16.221
2105	0	1	1	889	55	17.4285856252	33.0791194173	32.4849232475	6.22
2105	0	1	2	2231	139	17.4285856252	31.961744181	31.3675480111	15.323
2105	1	1	1	887	55	17.4285856252	29.1326621971	28.5384660272	13.842
2105	1	1	2	2219	138	17.4285856252	32.9037180968	32.309521927	15.244
2106	0	1	1	106	6	24.2761136458	32.155810084	31.3281598055	15.779
2106	0	1	2	1448	90	24.2761136458	30.936966067	30.1093157885	20.095
2107	0	1	1	139	8	18.911715127	29.1871390573	28.5423782641	15.527
2107	0	1	2	1481	92	18.911715127	28.8863491412	28.2415883479	19.937
2108	0	1	1	870	54	21.3453478678	31.475959642	30.748228533	17.166
2108	0	1	2	2212	138	21.3453478678	32.6195054396	31.8917743306	20.252
2109	0	1	1	821	51	27.027983507	29.8403307514	28.9188604368	5.055
2109	0	1	2	2165	135	27.027983507	31.6185693935	30.6970990789	15.559
2110	0	1	1	453	28	15.3424536099	31.1346890279	30.6116157638	6.473
2110	0	1	2	1799	112	15.3424536099	32.3119050903	31.7888318263	8.378
2111	0	1	1	273	17	23.6331206182	30.3391822686	29.5334536768	13.654
2111	0	1	2	1614	100	23.6331206182	31.004031015	30.1983024232	9.338
2112	0	1	1	807	50	23.9143562806	36.7960665096	35.9807496955	9.37
2112	0	1	2	2149	134	23.9143562806	32.0086027451	31.193285931	16.252
2113	0	1	1	1211	75	13.6137952846	24.7512060347	24.2870682561	13.401
2113	0	1	2	2561	160	13.6137952846	30.9338996622	30.4697618837	9.843
2114	0	1	1	445	27	9.26443034489	27.417136234	27.1012822029	11.401
2114	0	1	2	1791	111	9.26443034489	26.3003664913	25.9845124601	14.582
2115	0	1	1	110	6	22.7941587059	29.0492237293	28.2720980297	11.149
2115	0	1	2	1451	90	22.7941587059	27.7393872179	26.9622615183	8.095
2116	0	1	1	1004	62	11.7757570194	31.6673719657	31.2658987843	15.654
2116	0	1	2	2351	146	11.7757570194	34.2844013139	33.8829281325	8.771
2117	0	1	1	490	30	12.7154354968	27.8112223744	27.3777125514	18.126
2117	0	1	2	1834	114	12.7154354968	29.6795843657	29.2460745427	11.401
2118	0	1	1	557	34	9.37557668741	26.4599534647	26.1403100996	6.725
2118	0	1	2	1907	119	9.37557668741	26.7273212528	26.4076778877	13.811
2119	0	1	1	432	27	12.706456751	18.8523392116	18.4191355027	13.527
2119	0	1	2	1775	110	12.706456751	17.3792493728	16.9460456639	14.157
2120	0	1	1	428	26	10.2891688684	28.6462228725	28.295432231	14.504
2120	0	1	2	1775	110	10.2891688684	30.3755932359	30.0248025944	14.472
2121	0	1	1	153	9	21.6357638106	30.8606053691	30.1229730526	10.803
2121	0	1	2	1495	93	21.6357638106	29.9480799551	29.2104476386	18.598
2122	0	1	1	1211	75	15.3341711639	26.3335960186	25.8108051296	13.181
2122	0	1	2	2561	160	15.3341711639	27.9759903962	27.4531995072	6.189
2123	0	1	1	348	21	18.091639714	33.0589791786	32.4421773764	9.559
2123	0	1	2	1691	105	18.091639714	31.0357991234	30.4189973211	9.276
2124	0	1	1	793	49	22.396969613	30.1524141101	29.3888298557	5.559
2124	0	1	2	2133	133	22.396969613	29.3547582694	28.591174015	17.103
2126	0	1	1	519	32	8.96406337043	28.0923922394	27.7867786781	8.582
2126	0	1	2	1866	116	8.96406337043	26.3334143151	26.0278007538	4.567
2127	0	1	1	999	62	13.0646698632	31.7766789567	31.3312626183	11.685
2127	0	1	2	2345	146	13.0646698632	31.4224501816	30.9770338432	13.874
2128	0	1	1	186	11	12.341138686	30.4475902101	30.0268413613	12.85
2128	0	1	2	1529	95	12.341138686	27.8013348905	27.3805860417	13.622
2129	0	1	1	879	54	20.1523159868	33.430671333	32.7436144926	10.819
2129	0	1	2	2220	138	20.1523159868	34.7288374442	34.0417806038	11.969
2130	0	1	1	1058	66	14.4661875542	32.1141328335	31.620934279	11.465
2130	0	1	2	2403	150	14.4661875542	29.5799933331	29.0867947787	14.803
2131	0	1	1	920	57	14.2626508188	27.3616748079	26.875415471	9.149
2131	0	1	2	2265	141	14.2626508188	29.8773855026	29.3911261657	8.095
2132	0	1	1	431	26	13.7892698866	30.7126207164	30.242500448	9.118
2132	0	1	2	1779	111	13.7892698866	29.5352524673	29.0651321989	4.284
2133	0	1	1	920	57	13.2358646984	27.8932745071	27.4420215898	8.724
2133	0	1	2	2265	141	13.2358646984	31.8449465471	31.3936936298	13.181
2134	0	1	1	969	60	16.0273205937	28.6244620019	28.0780394342	10.882
2134	0	1	2	2313	144	16.0273205937	25.0717621191	24.5253395514	5.748
2135	0	1	1	792	49	22.3512724314	38.3716723042	37.6096460128	9.685
2135	0	1	2	2133	133	22.3512724314	32.8365110427	32.0744847512	7.59
2136	0	1	1	1264	79	7.61423158657	27.5698207381	27.3102272552	6.425
2136	0	1	2	2614	163	7.61423158657	28.5959122795	28.3363187966	9.685
2137	0	1	1	521	32	6.38262547618	29.3334206258	29.1158165303	12.708
2137	0	1	2	1867	116	6.38262547618	28.4061348221	28.1885307265	8.788
2138	0	1	1	1217	76	9.86989675948	28.551411405	28.2149150892	12.189
2138	0	1	2	2565	160	9.86989675948	32.7707475882	32.4342512725	11.165
2139	0	1	1	539	33	10.9639365942	35.6282670122	35.2544713829	8.441
2139	0	1	2	1889	118	10.9639365942	27.4767510344	27.1029554052	14.378
2140	0	1	1	470	29	9.60523043898	22.8862029876	22.5587299924	12.897
2140	0	1	2	1816	113	9.60523043898	26.0122496988	25.6847767036	15.748
2141	0	1	1	587	36	9.71199107144	25.5798274444	25.2487146381	15.559
2141	0	1	2	1933	120	9.71199107144	25.8940873276	25.5629745213	8.063
2141	1	1	1	586	36	9.71199107144	28.7655050662	28.4343922599	6.74
2141	1	1	2	1937	121	9.71199107144	27.0605986828	26.7294858765	15.874
2142	0	1	1	405	25	11.0133834017	41.4617570845	41.0862756556	23.496
2142	0	1	2	1751	109	11.0133834017	29.43852107	29.0630396411	8.945
2143	0	1	1	1030	64	15.2998843996	34.9272539949	34.4056320512	5.433
2143	0	1	2	2374	148	15.2998843996	37.3814883844	36.8598664408	4.157
2145	0	1	1	1229	76	12.7506194834	28.5783663501	28.1436569925	11.134
2145	0	1	2	2580	161	12.7506194834	28.9402054824	28.5054961248	12.189
2146	0	1	1	984	61	17.7422284179	29.3599282693	28.7550390145	13.134
2146	0	1	2	2329	145	17.7422284179	37.9182444309	37.3133551761	13.748
2147	0	1	1	807	50	25.371511141	35.9780350567	35.1130391777	9.307
2147	0	1	2	2148	134	25.371511141	32.2135820662	31.3485861872	13.843
2148	0	1	1	210	13	13.258099259	31.0260095945	30.57399863	11.465
2148	0	1	2	1553	97	13.258099259	32.6322108137	32.1801998491	9.937
2149	0	1	1	984	61	12.4164968904	29.895954339	29.4726362882	11.937
2149	0	1	2	2329	145	12.4164968904	33.5628539803	33.1395359295	12.913
2150	0	1	1	428	26	11.9245911441	28.360064756	27.9535173437	5.26
2150	0	1	2	1776	111	11.9245911441	29.9482074737	29.5416600615	9.04
2151	0	1	1	430	26	9.53133539625	27.6114899145	27.2865362374	12.41
2151	0	1	2	1777	111	9.53133539625	30.4710319672	30.1460782901	8.646
2153	0	1	1	905	56	19.8611275279	35.6595882819	34.9824589864	15.527
2153	0	1	2	2246	140	19.8611275279	36.4448157764	35.7676864809	8.693
2153	1	1	1	918	57	19.8611275279	31.1876192298	30.5104899343	4.882
2153	1	1	2	2245	140	19.8611275279	35.5415294271	34.8644001317	6.567
2154	0	1	1	230	14	19.3762909322	31.3437754827	30.6831758158	10.032
2154	0	1	2	1574	98	19.3762909322	30.5139761413	29.8533764744	8.488
2155	0	1	1	485	30	12.1703663992	27.4114637122	26.9965370362	15.197
2155	0	1	2	1830	114	12.1703663992	28.1532365172	27.7383098413	11.685
2156	0	1	1	1217	76	8.27513601631	31.3744702687	31.0923444421	7.149
2156	0	1	2	2567	160	8.27513601631	31.4453833923	31.1632575657	11.59
2157	0	1	1	1065	66	13.1241391743	28.3655093037	27.9180654664	5.433
2157	0	1	2	2413	150	13.1241391743	26.9782583433	26.5308145061	18.472
2158	0	1	1	565	35	12.6327120784	27.647337655	27.2166481376	4.693
2158	0	1	2	1914	119	12.6327120784	33.1658657467	32.7351762293	10.378
2159	0	1	1	1060	66	10.6353338198	24.5752589838	24.2126664731	17.307
2159	0	1	2	2408	150	10.6353338198	25.6984438128	25.3358513021	10.819
2159	1	1	1	1061	66	10.6353338198	30.9822046352	30.6196121245	16.819
2159	1	1	2	2411	150	10.6353338198	25.4886279728	25.1260354621	13.968
2160	0	1	1	1213	75	14.4358718806	30.3457678915	29.8536028952	9.449
2160	0	1	2	2562	160	14.4358718806	29.8701955835	29.3780305872	7.559
2162	0	1	1	1000	62	15.4328446922	29.3569766047	28.8308216198	8.63
2162	0	1	2	2345	146	15.4328446922	28.1528867753	27.6267317904	10
2163	0	1	1	1003	62	16.7950111244	31.7844289452	31.2118333544	13.055
2163	0	1	2	2350	146	16.7950111244	31.01036802	30.4377724292	9.811
2164	0	1	1	962	60	18.9340717263	31.1425401403	30.4970171392	6.158
2164	0	1	2	2302	143	18.9340717263	31.762658752	31.1171357509	6.284
2165	0	1	1	1094	68	13.6631294084	26.8878647647	26.4220450283	16.252
2165	0	1	2	2441	152	13.6631294084	29.8437082528	29.3778885163	8.031
2166	0	1	1	530	33	7.95834496092	28.3435661593	28.072240752	10.898
2166	0	1	2	1879	117	7.95834496092	29.4711922177	29.1998668104	6.095
2167	0	1	1	1048	65	16.3634223294	31.2497939307	30.6919125809	10.126
2167	0	1	2	2400	150	16.3634223294	28.8245396986	28.2666583488	15.654
2168	0	1	1	808	50	23.6356581013	32.592897792	31.7870826893	4.724
2168	0	1	2	2133	133	23.6356581013	36.6898881457	35.8840730431	4.724
2170	0	1	1	564	35	10.4122848316	34.4780067589	34.1230187008	6.031
2170	0	1	2	1913	119	10.4122848316	29.1882370775	28.8332490194	5.779
2171	0	1	1	597	37	7.89907231824	25.9093502453	25.6400456317	13.937
2171	0	1	2	1946	121	7.89907231824	28.2223737594	27.9530691459	14
2172	0	1	1	876	54	15.4717330533	30.223922263	29.6964414497	11.654
2172	0	1	2	2218	138	15.4717330533	29.0787528505	28.5512720372	20.283
2173	0	1	1	443	27	8.68456617958	45.7312782766	45.4351936675	4.929
2173	0	1	2	1798	112	8.68456617958	32.6849358558	32.3888512468	12.819
2174	0	1	1	413	25	12.302307689	33.3893564546	32.9699314785	4.945
2174	0	1	2	1760	110	12.302307689	31.032750419	30.6133254429	14.346
2175	0	1	1	522	32	4.17080649204	29.0037799221	28.8615838027	5.653
2175	0	1	2	1869	116	4.17080649204	29.3307061079	29.1885099885	10.74
2177	0	1	1	449	28	9.09310566817	27.2487563295	26.938743304	25.937
2177	0	1	2	1796	112	9.09310566817	26.236078552	25.9260655265	6.96
2178	0	1	1	198	12	14.337472962	30.6569485056	30.1681382429	10.158
2178	0	1	2	1541	96	14.337472962	29.3463482378	28.8575379751	18.346
2179	0	1	1	490	30	11.0636721763	27.9632434152	27.5860474813	13.039
2179	0	1	2	1835	114	11.0636721763	27.4615319578	27.0843360239	12.787
2180	0	1	1	1223	76	10.0599053893	28.6846416304	28.3416673134	12.063
2180	0	1	2	2572	160	10.0599053893	28.064591917	27.7216176	9.843
2181	0	1	1	486	30	12.88801869	28.5191709479	28.0797772124	14.866
2181	0	1	2	1831	114	12.88801869	27.6450488491	27.2056551136	15.307
2183	0	1	1	1022	63	9.87534304614	34.0950258637	33.7583438667	7.103
2183	0	1	2	2366	147	9.87534304614	32.1917682781	31.855086281	11.496
2184	0	1	1	1083	67	16.6167810343	45.4188069452	44.8522877876	11.843
2184	0	1	2	2428	151	16.6167810343	43.4669913029	42.9004721454	15.118
2184	1	1	1	1093	68	16.6167810343	34.4447327972	33.8782136397	5.307
2184	1	1	2	2442	152	16.6167810343	29.1419136783	28.5753945207	11.811
2185	0	1	1	160	10	26.0337392711	31.6794670818	30.79189373	12.504
2185	0	1	2	1499	93	26.0337392711	30.0481489113	29.1605755595	23.779
2186	0	1	1	454	28	7.73653822267	29.2260304359	28.9622671289	24.929
2186	0	1	2	1800	112	7.73653822267	30.4801678798	30.2164045728	12.536
2187	0	1	1	822	51	18.4322209801	32.4133651582	31.7849518524	5.15
2187	0	1	2	2165	135	18.4322209801	33.8396152512	33.2112019455	12.693
2188	0	1	1	439	27	11.6755522549	31.8930106409	31.4949537601	10.283
2188	0	1	2	1784	111	11.6755522549	34.6682823367	34.2702254559	5.78
2189	0	1	1	437	27	12.9340215709	29.1919372147	28.750975094	5.276
2189	0	1	2	1783	111	12.9340215709	30.3284660501	29.8875039294	11.244
2190	0	1	1	481	30	10.2853933606	25.3525691379	25.0019072155	25.779
2190	0	1	2	1826	114	10.2853933606	28.6453662286	28.2947043062	7.622
2191	0	1	1	414	25	11.8958210059	28.0763387138	27.6707721675	6.221
2191	0	1	2	1766	110	11.8958210059	31.3886943987	30.9831278524	4.646
2192	0	1	1	1248	78	10.9950679908	30.3415471575	29.9666901595	10.063
2192	0	1	2	2598	162	10.9950679908	29.7164771396	29.3416201416	23.874
2193	0	1	1	282	17	19.0502421664	31.414327209	30.7648435864	12.756
2193	0	1	2	1626	101	19.0502421664	29.9094044947	29.259920872	14.032
2193	1	1	1	286	17	19.0502421664	30.0267303259	29.3772467032	11.055
2193	1	1	2	1631	101	19.0502421664	32.2053548519	31.5558712292	10.882
2194	0	1	1	289	18	12.7166828993	29.4100952302	28.9765428792	15.071
2194	0	1	2	1634	102	12.7166828993	29.7359815723	29.3024292213	8.582
2195	0	1	1	1100	68	9.583420859	31.7440979767	31.4173685398	9.59
2195	0	1	2	2447	152	9.583420859	30.8569524913	30.5302230543	6.866
2196	0	1	1	887	55	18.5772409203	30.4600469579	29.826689459	4.708
2196	0	1	2	2223	138	18.5772409203	32.6061127223	31.9727552234	16.898
2197	0	1	1	930	58	17.9154141978	30.3282437213	29.7174500099	15.338
2197	0	1	2	2273	142	17.9154141978	31.8672306479	31.2564369365	6.063
2198	0	1	1	485	30	13.3623895595	27.689244411	27.2336778569	14.803
2198	0	1	2	1830	114	13.3623895595	28.1524157843	27.6968492302	12.378
2199	0	1	1	449	28	9.80529188494	29.2434516526	28.9091579235	21.37
2199	0	1	2	1797	112	9.80529188494	30.8830150758	30.5487213467	9.78
2200	0	1	1	1009	63	11.8761096307	30.9587143714	30.5538198489	7.748
2200	0	1	2	2354	147	11.8761096307	34.9273769111	34.5224823885	9.559
2201	0	1	1	275	17	16.3318539347	33.6538919298	33.0970868474	5.717
2201	0	1	2	1620	101	16.3318539347	32.2378340191	31.6810289367	9.418
2202	0	1	1	541	33	10.8833768031	33.168146173	32.7970970844	9.244
2202	0	1	2	1888	118	10.8833768031	28.1898202978	27.8187712092	6.645
2203	0	1	1	1262	78	11.4986003612	27.4569641637	27.0649401383	5.213
2203	0	1	2	2612	163	11.4986003612	27.9358582552	27.5438342298	9.622
2204	0	1	1	411	25	9.14546761899	31.217623526	30.9058253143	4.284
2204	0	1	2	1758	109	9.14546761899	28.7401382324	28.4283400206	6.567
2205	0	1	1	1225	76	11.2278844436	30.3462487364	29.9634542816	10.031
2205	0	1	2	2578	161	11.2278844436	26.6812292347	26.29843478	9.276
2206	0	1	1	486	30	9.89976365309	29.4124459826	29.074931409	16.692
2206	0	1	2	1830	114	9.89976365309	30.0310661289	29.6935515553	13.118
2207	0	1	1	488	30	9.10811226718	25.8622656728	25.5517410244	18.851
2207	0	1	2	1833	114	9.10811226718	29.8351393677	29.5246147193	10.504
2208	0	1	1	562	35	9.97896701174	29.498070523	29.1578556539	9.874
2208	0	1	2	1910	119	9.97896701174	30.7491754976	30.4089606285	5.118
2209	0	1	1	477	29	13.7032484377	32.6642612842	32.1970737618	13.906
2209	0	1	2	1825	114	13.7032484377	29.4552187152	28.9880311929	8.094
2210	0	1	1	155	9	9.50574712644	41.0122502832	40.688168992	13.149
2210	0	1	2	1495	93	9.50574712644	38.9672077189	38.6431264276	20.614
2211	0	1	1	961	60	23.069765591	30.6148758071	29.8283537881	10.693
2211	0	1	2	2305	144	23.069765591	35.5595702892	34.7730482702	9.086
2212	0	1	1	806	50	25.5608256444	34.1542461324	33.2827959171	7.244
2212	0	1	2	2146	134	25.5608256444	32.0129493547	31.1414991394	5.15
2213	0	1	1	1089	68	13.1652411015	32.5653733941	32.1165282609	4.567
2213	0	1	2	2436	152	13.1652411015	30.693291048	30.2444459147	7.906
2214	0	1	1	809	50	25.143516256	34.5481102097	33.6908874048	9.654
2214	0	1	2	2150	134	25.143516256	35.5483013743	34.6910785694	10.063
2215	0	1	1	1211	75	9.52266931167	36.2818042411	35.9571460185	7.905
2215	0	1	2	2562	160	9.52266931167	32.3280380134	32.0033797908	9.213
2216	0	1	1	299	18	18.581751787	28.3203297502	27.6868184614	7.528
2216	0	1	2	1642	102	18.581751787	29.2063237087	28.57281242	14.157
2217	0	1	1	1087	67	10.1612392124	30.2069011776	29.8604720668	4.095
2217	0	1	2	2434	152	10.1612392124	31.4402767812	31.0938476704	6.094
2218	0	1	1	139	8	20.0652244466	30.9943348121	30.3102472005	7.937
2218	0	1	2	1480	92	20.0652244466	30.9913761863	30.3072885747	13.716
2219	0	1	1	266	16	19.9485374807	31.2603861552	30.5802767751	16.126
2219	0	1	2	1609	100	19.9485374807	31.6862420862	31.0061327062	8.032
2220	0	1	1	591	36	9.73741295454	26.1887340522	25.8567545327	19.559
2220	0	1	2	1940	121	9.73741295454	26.1368387336	25.8048592141	11.276
2221	0	1	1	825	51	20.8543739416	21.6288677358	20.9178754966	10.157
2221	0	1	2	2167	135	20.8543739416	31.0497431734	30.3387509342	13.307
2222	0	1	1	1255	78	6.62507620644	28.0499576199	27.8240876043	9.401
2222	0	1	2	2602	162	6.62507620644	28.9954964881	28.7696264725	24.031
2223	0	1	1	590	36	5.91597306172	26.0094293121	25.8077348884	16
2223	0	1	2	1938	121	5.91597306172	26.7368045456	26.5351101218	13.685
2224	0	1	1	489	30	14.5420275131	25.3017083366	24.8059241557	21.464
2224	0	1	2	1834	114	14.5420275131	29.0717341997	28.5759500187	9.906
2225	0	1	1	344	21	13.2174338947	29.2194717439	28.7688471916	16.157
2225	0	1	2	1687	105	13.2174338947	30.2505209664	29.7998964141	15.654
2226	0	1	1	267	16	13.8415914816	32.0266061184	31.5547020397	12.63
2226	0	1	2	1612	100	13.8415914816	30.3319513706	29.8600472919	6.473
2227	0	1	1	237	14	17.5417526426	30.1212593178	29.5232049228	5.008
2227	0	1	2	1578	98	17.5417526426	30.711835652	30.113781257	12.725
2228	0	1	1	897	56	15.5396273354	29.9156954421	29.3858998958	8.961
2228	0	1	2	2235	139	15.5396273354	30.7348407321	30.2050451857	9.811
2228	1	1	1	893	55	15.5396273354	34.146278218	33.6164826716	6.409
2228	1	1	2	2228	139	15.5396273354	31.5706466727	31.0408511264	9.212
2229	0	1	1	489	30	13.4444895883	27.7178826899	27.2595170835	15.213
2229	0	1	2	1834	114	13.4444895883	29.0105857948	28.5522201884	14.661
2230	0	1	1	506	31	6.11002525022	29.8248437934	29.6165335106	10.315
2230	0	1	2	1857	116	6.11002525022	30.0404459769	29.832135694	12.473
2231	0	1	1	1253	78	9.59433753707	28.9008765886	28.5737749672	9.323
2231	0	1	2	2600	162	9.59433753707	29.8597634943	29.5326618729	17.528
2232	0	1	1	949	59	17.0448822621	27.617450446	27.0363359498	8.063
2232	0	1	2	2285	142	17.0448822621	36.03625652	35.4551420238	8.661
2233	0	1	1	430	26	8.71801157192	31.838883434	31.5416585647	14.221
2233	0	1	2	1791	111	8.71801157192	24.8322576837	24.5350328144	12.126
2234	0	1	1	476	29	9.83864619656	30.118292443	29.7828615588	14.756
2234	0	1	2	1825	114	9.83864619656	27.9238458271	27.5884149429	8.882
2235	0	1	1	103	6	21.6969470156	22.9929282525	22.2532100051	28.347
2235	0	1	2	1446	90	21.6969470156	30.216597792	29.4768795446	14.378
2236	0	1	1	1006	62	20.3195863619	31.1054148663	30.4126552443	15.528
2236	0	1	2	2350	146	20.3195863619	31.792272504	31.0995128821	7.969
2237	0	1	1	997	62	23.4531248558	28.9994003993	28.1998084381	19.716
2237	0	1	2	2342	146	23.4531248558	29.0946197063	28.2950277452	14.126
2237	1	1	1	1000	62	23.4531248558	29.6186923503	28.8191003892	10.346
2237	1	1	2	2344	146	23.4531248558	29.0741390769	28.2745471158	9.968
2238	0	1	1	449	28	7.86806496769	28.8629372873	28.5946898134	25.78
2238	0	1	2	1796	112	7.86806496769	31.4060626134	31.1378151395	6.756
2239	0	1	1	417	26	10.9537502621	31.6864368456	31.312988501	15.008
2239	0	1	2	1751	109	10.9537502621	35.040940845	34.6674925004	5.654
2240	0	1	1	933	58	19.0750299408	26.6545312536	26.0042025365	10.189
2240	0	1	2	2276	142	19.0750299408	28.0642620703	27.4139333532	15.055
2240	1	1	1	918	57	19.0750299408	11.1865677829	10.5362390658	5.716
2240	1	1	2	2262	141	19.0750299408	7.89154997125	7.24122125416	6.756
2241	0	1	1	249	15	14.848541919	25.0333041487	24.5270699123	14.504
2241	0	1	2	1591	99	14.848541919	25.7356627841	25.2294285476	9.04
2242	0	1	1	485	30	12.1191202413	30.1593068474	29.7461273167	14.536
2242	0	1	2	1829	114	12.1191202413	28.9650542168	28.5518746861	8.929
2243	0	1	1	1213	75	12.5343854374	29.1335014888	28.7061642408	9.937
2243	0	1	2	2561	160	12.5343854374	31.4229319876	30.9955947396	6.74
2244	0	1	1	486	30	12.0683413352	24.4738311158	24.0623828003	20.661
2244	0	1	2	1831	114	12.0683413352	29.799646334	29.3881980185	8.031
2245	0	1	1	486	30	9.28183091355	27.8454442226	27.5289969505	10.851
2245	0	1	2	1831	114	9.28183091355	29.9259505918	29.6095033197	10
2246	0	1	1	174	10	21.3399082362	30.7596184641	30.0320728095	10.41
2246	0	1	2	1517	94	21.3399082362	30.3021173268	29.5745716721	4.347
2247	0	1	1	571	35	10.3330444659	30.1206618819	29.7683753811	11.134
2247	0	1	2	1921	120	10.3330444659	30.0902405035	29.7379540026	11.244
2249	0	1	1	434	27	9.27202711983	32.0053629643	31.6892499349	17.78
2249	0	1	2	1781	111	9.27202711983	25.7462942386	25.4301812091	5.149
2250	0	1	1	597	37	6.57035348559	24.9391603403	24.7151559971	11.591
2250	0	1	2	1947	121	6.57035348559	22.1705020404	21.9464976972	19.528
2251	0	1	1	1021	63	18.552651602	30.6642125029	30.0316933324	10.567
2251	0	1	2	2366	147	18.552651602	31.0499262502	30.4174070798	18.252
2252	0	1	1	439	27	10.4269215661	30.1787059014	29.8232188303	7.654
2252	0	1	2	1784	111	10.4269215661	30.0225334201	29.667046349	9.685
2253	0	1	1	424	26	10.8806844051	26.1881790485	25.8172217524	16.032
2253	0	1	2	1774	110	10.8806844051	29.754274095	29.3833167989	13.26
2254	0	1	1	242	15	14.3872911614	27.3034392259	26.8129305016	7.433
2254	0	1	2	1598	99	14.3872911614	23.7370753048	23.2465665805	15.149
2255	0	1	1	443	27	9.02652241774	29.2391486821	28.9314056923	6.756
2255	0	1	2	1790	111	9.02652241774	26.1454138107	25.8376708209	7.055
2256	0	1	1	554	34	8.32504729856	28.6730981989	28.3892707372	11.149
2256	0	1	2	1901	118	8.32504729856	27.8406215997	27.5567941381	8
2257	0	1	1	250	15	16.9576920403	32.1069158042	31.5287739012	6.567
2257	0	1	2	1592	99	16.9576920403	35.8026992978	35.2245573948	7.905
2258	0	1	1	1048	65	13.7894223498	33.0568978333	32.586772367	8.063
2258	0	1	2	2401	150	13.7894223498	30.2011666674	29.7310412011	14.709
2259	0	1	1	917	57	18.0079475807	39.0922660763	38.4783176063	16.221
2259	0	1	2	2264	141	18.0079475807	34.1584188206	33.5444703506	5.15
2260	0	1	1	487	30	12.2989957454	28.5130037392	28.0936916779	11.653
2260	0	1	2	1834	114	12.2989957454	28.4475657003	28.0282536389	10.158
2261	0	1	1	1217	76	9.18258296866	28.8205423744	28.5074787818	9.087
2261	0	1	2	2566	160	9.18258296866	28.4513903601	28.1383267676	6.788
2262	0	1	1	270	16	11.8466994584	33.6626672021	33.2587753663	9.087
2262	0	1	2	1614	100	11.8466994584	34.2104925036	33.8066006679	7.591
2263	0	1	1	1256	78	7.525	29.2661484845	29.0095971914	8.22
2263	0	1	2	2603	162	7.525	29.6003266115	29.3437753185	13.213
2264	0	1	1	275	17	13.7294973691	28.2700362257	27.8019537934	15.968
2264	0	1	2	1619	101	13.7294973691	29.9476491648	29.4795667325	13.748
2265	0	1	1	439	27	10.1	29.3853496498	29.0410083794	9.559
2265	0	1	2	1785	111	10.1	30.1147077333	29.7703664629	11.559
2266	0	1	1	1079	67	8.50568597266	22.4654898208	22.1755038095	4.157
2266	0	1	2	2425	151	8.50568597266	26.8465876939	26.5566016827	12.693
2267	0	1	1	807	50	24.6199704152	33.1112377498	32.2718642954	13.717
2267	0	1	2	2149	134	24.6199704152	32.6624132755	31.8230398211	15.969
2268	0	1	1	793	49	24.838256131	33.7964126007	32.9495970888	6.063
2268	0	1	2	2133	133	24.838256131	31.200870093	30.354054581	9.024
2269	0	1	1	133	8	19.617434249	30.6465550067	29.9777339938	18
2269	0	1	2	1473	92	19.617434249	32.3134412909	31.6446202779	8.441
2270	0	1	1	1035	64	15.5223806449	28.6962065274	28.1669989758	5.15
2270	0	1	2	2379	148	15.5223806449	37.8104607549	37.2812532033	4.063
2271	0	1	1	1101	68	11.6997892084	31.2441559009	30.8452727049	4.063
2271	0	1	2	2433	152	11.6997892084	45.8100859618	45.4112027658	9.292
2272	0	1	1	432	27	11.6884391173	29.4936033541	29.095107119	10.126
2272	0	1	2	1780	111	11.6884391173	29.4788914376	29.0803952025	6.189
2274	0	1	1	180	11	19.6772400606	27.7876439678	27.1167839836	11.338
2274	0	1	2	1522	95	19.6772400606	27.7153237756	27.0444637914	15.622
2275	0	1	1	807	50	22.5683589786	35.020991873	34.2515644075	7.748
2275	0	1	2	2149	134	22.5683589786	30.8259644041	30.0565369386	9.685
2276	0	1	1	471	29	13.7665947169	28.3341102483	27.864763049	8.819
2276	0	1	2	1816	113	13.7665947169	35.1088726378	34.6395254384	6.063
2277	0	1	1	476	29	12.2836701005	31.4004668125	30.9816772514	15.307
2277	0	1	2	1825	114	12.2836701005	29.4869801933	29.0681906322	4.677
2278	0	1	1	1018	63	12.009438756	32.9633339639	32.5538938254	23.716
2278	0	1	2	2362	147	12.009438756	32.8451639951	32.4357238566	11.716
2278	1	1	1	1009	63	12.009438756	43.3757765881	42.9663364497	11.338
2278	1	1	2	2364	147	12.009438756	33.5427965071	33.1333563686	12.472
2279	0	1	1	1029	64	17.021863319	25.5805981238	25.0002684169	14.378
2279	0	1	2	2372	148	17.021863319	30.9820472413	30.4017175344	10.472
2280	0	1	1	805	50	23.5927972091	33.9282100608	33.1238562229	7.906
2280	0	1	2	2146	134	23.5927972091	34.9389981335	34.1346442956	16.346
2281	0	1	1	808	50	26.4745413477	36.0181459585	35.1155442555	11.575
2281	0	1	2	2150	134	26.4745413477	33.3287394493	32.4261377463	7.481
2282	0	1	1	807	50	22.8913035309	35.3477562862	34.5673186091	9.527
2282	0	1	2	2149	134	22.8913035309	32.3506802364	31.5702425593	12.315
2284	0	1	1	373	23	14.0947404803	29.1793699711	28.6988352342	14.094
2284	0	1	2	1718	107	14.0947404803	36.1943383699	35.713803633	8.756
2285	0	1	1	1003	62	19.6924172751	30.1869284564	29.5155510325	8.252
2285	0	1	2	2349	146	19.6924172751	30.4343001715	29.7629227476	9.024
2286	0	1	1	193	12	17.5335957193	31.4042631365	30.8064868371	11.653
2286	0	1	2	1540	96	17.5335957193	31.3068559607	30.7090796612	12.126
2287	0	1	1	443	27	9.55182926829	28.6311676383	28.3055152596	4.851
2287	0	1	2	1788	111	9.55182926829	28.6950663122	28.3694139335	10.567
2288	0	1	1	490	30	9.17859077748	32.257831977	31.944904491	11.212
2288	0	1	2	1838	114	9.17859077748	31.9525892572	31.6396617712	10.567
2289	0	1	1	1009	63	11.7312664496	36.608483674	36.2085273183	15.748
2289	0	1	2	2354	147	11.7312664496	34.3421440411	33.9421876854	12.834
2290	0	1	1	469	29	15.61353173	35.4946609181	34.9623457348	6.031
2290	0	1	2	1815	113	15.61353173	32.1020804199	31.5697652366	13.685
2291	0	1	1	454	28	10.1622732297	31.6050036892	31.2585393255	20.961
2291	0	1	2	1800	112	10.1622732297	31.1337822346	30.7873178708	14.22
2292	0	1	1	276	17	16.2020278132	30.5448251721	29.9924462771	15.465
2292	0	1	2	1620	101	16.2020278132	30.373421164	29.8210422689	15.622
2293	0	1	1	513	32	9.10645227838	33.4526539713	33.1421859172	10.662
2293	0	1	2	1860	116	9.10645227838	30.1511890307	29.8407209766	12.693
2294	0	1	1	428	26	8.47931488298	28.3251811316	28.0360941951	15.213
2294	0	1	2	1775	110	8.47931488298	28.976607804	28.6875208675	17.244
2295	0	1	1	908	56	20.9851115076	29.4965091	28.7810595994	13.905
2295	0	1	2	2250	140	20.9851115076	25.7917262625	25.0762767619	6.126
2296	0	1	1	174	10	19.317858435	29.5166764138	28.8580688974	4.803
2296	0	1	2	1518	94	19.317858435	29.0555249825	28.3969174661	11.496
2296	1	1	1	173	10	19.317858435	30.3074832995	29.6488757832	4.346
2296	1	1	2	1514	94	19.317858435	29.0399697652	28.3813622489	11.118
2297	0	1	1	429	26	12.5203840175	37.6128394659	37.185979571	11.874
2297	0	1	2	1776	111	12.5203840175	35.3826242881	34.9557643932	11.653
2298	0	1	1	1090	68	10.9157553246	33.3393064621	32.9671534863	9.937
2298	0	1	2	2437	152	10.9157553246	35.1816183639	34.8094653881	6.441
2299	0	1	1	488	30	14.5065612435	30.4453660867	29.9507910641	10.598
2299	0	1	2	1835	114	14.5065612435	30.2031690216	29.708593999	10.315
2300	0	1	1	291	18	13.6362304246	31.618068278	31.1531656139	17.905
2300	0	1	2	1634	102	13.6362304246	31.5240619647	31.0591593006	13.559
2301	0	1	1	1010	63	13.2904321215	27.6724136961	27.2193004009	5.213
2301	0	1	2	2356	147	13.2904321215	28.8215537515	28.3684404564	13.496
2302	0	1	1	453	28	7.3460089794	31.7306377896	31.4801888723	6.378
2302	0	1	2	1798	112	7.3460089794	30.5311114378	30.2806625206	9.591
2303	0	1	1	805	50	22.5876361542	33.5867886964	32.8167040104	4.803
2303	0	1	2	2146	134	22.5876361542	34.4813014456	33.7112167596	6.283
2304	0	1	1	1083	67	10.1514857107	28.9820377717	28.6359411889	11.716
2304	0	1	2	2430	151	10.1514857107	26.214428403	25.8683318202	19.717
2305	0	1	1	252	15	13.2286814504	28.3081695248	27.8571615073	5.748
2305	0	1	2	1594	99	13.2286814504	25.9150410893	25.4640330718	5.023
2306	0	1	1	803	50	27.7479919516	22.5458628662	21.5998451633	8.063
2306	0	1	2	2150	134	27.7479919516	32.4277290688	31.4817113659	4.41
2307	0	1	1	1009	63	15.7687456001	29.7209121247	29.1833052047	7.779
2307	0	1	2	2354	147	15.7687456001	31.5404991241	31.0028922041	10.662
2308	0	1	1	447	27	8.24363894456	26.2442650312	25.9632130404	7.654
2308	0	1	2	1792	112	8.24363894456	27.9863648646	27.7053128738	6.913
2309	0	1	1	430	26	11.1772228684	29.4976560036	29.1165887638	15.622
2309	0	1	2	1777	111	11.1772228684	31.385715264	31.0046480242	9.622
2310	0	1	1	1221	76	9.16689732006	31.5819575025	31.2694286838	5.842
2310	0	1	2	2571	160	9.16689732006	30.8929791932	30.5804503745	7.37
2311	0	1	1	330	20	18.4066099503	28.2332651389	27.6057249949	12.504
2311	0	1	2	1675	104	18.4066099503	30.524188703	29.8966485591	10.961
2312	0	1	1	982	61	18.1631902903	29.0429881643	28.4237469743	12.488
2312	0	1	2	2327	145	18.1631902903	30.8591783557	30.2399371657	7.04
2313	0	1	1	1079	67	19.6688754767	29.4358184531	28.7652436443	17.118
2313	0	1	2	2424	151	19.6688754767	33.2414751662	32.5709003575	9.008
2314	0	1	1	1026	64	12.7103156357	35.4638003692	35.0304650986	10.599
2314	0	1	2	2372	148	12.7103156357	30.9547347712	30.5213995006	11.842
2315	0	1	1	902	56	14.9836751827	32.616274549	32.1054331879	8.662
2315	0	1	2	2244	140	14.9836751827	33.4614138131	32.9505724519	17.716
2315	1	1	1	903	56	14.9836751827	34.9945220358	34.4836806746	14.976
2315	1	1	2	2245	140	14.9836751827	36.4788028715	35.9679615103	13.842
2316	0	1	1	1273	79	5.27673853637	27.5856402333	27.4057393569	17.181
2316	0	1	2	2624	164	5.27673853637	29.2027058356	29.0228049592	7.779
2317	0	1	1	488	30	7.39130112181	27.1535319628	26.9015388917	13.59
2317	0	1	2	1834	114	7.39130112181	28.5396970873	28.2877040161	13.37
2318	0	1	1	430	26	9.46323568234	31.6367257358	31.3140937956	14.157
2318	0	1	2	1776	111	9.46323568234	28.9243050702	28.6016731299	6.031
2319	0	1	1	1221	76	13.0378107358	30.9047494297	30.4602488047	9.969
2319	0	1	2	2571	160	13.0378107358	31.6181947125	31.1736940875	9.008
2321	0	1	1	804	50	23.9190921813	31.8969432092	31.0814649331	7.496
2321	0	1	2	2145	134	23.9190921813	33.7683788882	32.9529006121	8.788
2322	0	1	1	558	34	13.3296977745	30.8200010809	30.3655490942	15.716
2322	0	1	2	1909	119	13.3296977745	28.1047709073	27.6503189206	11.559
2323	0	1	1	583	36	9.74403667324	28.3950386328	28.0628332896	16.189
2323	0	1	2	1930	120	9.74403667324	27.8130247889	27.4808194457	6.567
2324	0	1	1	116	7	21.1145424214	34.9134517783	34.1935895644	12.819
2324	0	1	2	1456	91	21.1145424214	33.4514060131	32.7315437991	6.472
2325	0	1	1	201	12	20.6150350562	27.2995209104	26.5966884985	11.874
2325	0	1	2	1543	96	20.6150350562	28.6920501202	27.9892177082	18.662
2327	0	1	1	917	57	16.1285711314	31.5187273513	30.9688528292	16.126
2327	0	1	2	2251	140	16.1285711314	28.0037988297	27.4539243076	10.095
2328	0	1	1	308	19	14.5428254709	28.8796172824	28.3838058964	14.756
2328	0	1	2	1652	103	14.5428254709	29.5994904185	29.1036790326	9.496
2329	0	1	1	1220	76	12.0183163021	33.3849177489	32.9751749466	13.008
2329	0	1	2	2572	160	12.0183163021	32.75736337	32.3476205676	6.315
2330	0	1	1	1026	64	10.74078645	32.6347734839	32.2685857561	17.748
2330	0	1	2	2372	148	10.74078645	29.1708153096	28.8046275818	15.842
2331	0	1	1	805	50	24.8087171028	31.234242945	30.388434513	8.032
2331	0	1	2	2146	134	24.8087171028	33.6275783088	32.7817698767	9.354
2332	0	1	1	486	30	14.7282677857	29.7148727243	29.2127390174	15.48
2332	0	1	2	1832	114	14.7282677857	33.8994929373	33.3973592303	4.772
2333	0	1	1	997	62	21.0630858174	27.3138274194	26.5957195255	18.063
2333	0	1	2	2343	146	21.0630858174	25.9508774935	25.2327695995	19.464
2333	1	1	1	996	62	21.0630858174	27.0196544925	26.3015465986	13.433
2333	1	1	2	2342	146	21.0630858174	28.9211306759	28.2030227819	15.134
2334	0	1	1	473	29	15.4118439076	37.5227107804	36.9972717794	17.417
2334	0	1	2	1813	113	15.4118439076	32.9679826682	32.4425436672	5.087
2335	0	1	1	897	56	12.5345876458	15.7571319374	15.3297877954	7.496
2335	0	1	2	2238	139	12.5345876458	18.7243281671	18.2969840251	6.252
2336	0	1	1	485	30	14.8946359264	28.0492536874	27.5414479589	13.905
2336	0	1	2	1830	114	14.8946359264	30.2430032812	29.7351975528	12.252
2337	0	1	1	471	29	10.2389938957	13.4354412422	13.0863612258	12.662
2337	0	1	2	1816	113	10.2389938957	28.1854203233	27.8363403069	6
2338	0	1	1	1015	63	11.6523324127	31.4790359048	31.0817706626	9.968
2338	0	1	2	2359	147	11.6523324127	35.0312273555	34.6339621133	11.559
2339	0	1	1	474	29	8.33673099395	31.6916983087	31.4074725125	4.834
2339	0	1	2	1821	113	8.33673099395	30.634310824	30.3500850278	13.149
2340	0	1	1	437	27	10.1060780069	27.8714428196	27.5268943305	8
2340	0	1	2	1783	111	10.1060780069	30.0569745033	29.7124260142	10.41
2341	0	1	1	490	30	11.0568083832	28.6602281358	28.2832662105	15.717
2341	0	1	2	1834	114	11.0568083832	29.7305487398	29.3535868145	14.425
2342	0	1	1	795	49	21.7409004089	36.492496372	35.751279613	6.504
2342	0	1	2	2135	133	21.7409004089	33.5076800216	32.7664632626	12.535
2343	0	1	1	564	35	12.2302104601	32.0568739591	31.6399070079	10.914
2343	0	1	2	1912	119	12.2302104601	32.3340405242	31.917073573	13.465
2344	0	1	1	1034	64	13.0721589242	28.3416698476	27.8959981832	6.756
2344	0	1	2	2377	148	13.0721589242	33.084162675	32.6384910106	7.496
2345	0	1	1	798	49	24.5746445274	37.5271977781	36.689369628	13.181
2345	0	1	2	2134	133	24.5746445274	30.3923318776	29.5545037275	6.378
2346	0	1	1	430	26	12.9172654641	30.6211054092	30.1807145578	13.717
2346	0	1	2	1776	111	12.9172654641	28.9312997428	28.4909088913	8.252
2347	0	1	1	918	57	20.5092877657	30.9672363378	30.2680091889	12.662
2347	0	1	2	2265	141	20.5092877657	31.0859327425	30.3867055935	7.212
2348	0	1	1	597	37	8.63604035492	25.7187474321	25.4243172235	6.472
2348	0	1	2	1946	121	8.63604035492	25.3225043745	25.0280741659	5.528
2349	0	1	1	1220	76	12.2193252413	32.104458882	31.6878630427	14.378
2349	0	1	2	2569	160	12.2193252413	30.9527300088	30.5361341695	6.063
2350	0	1	1	973	60	16.0331091146	33.6046172746	33.0579973577	7.086
2350	0	1	2	2317	144	16.0331091146	31.8905023875	31.3438824706	8.882
2351	0	1	1	383	23	16.5275608821	30.553756553	29.9902791956	7.685
2351	0	1	2	1730	108	16.5275608821	32.5265567047	31.9630793473	10.031
2352	0	1	1	174	10	20.3645367381	27.3658989171	26.6716067932	8.158
2352	0	1	2	1515	94	20.3645367381	30.1724070395	29.4781149156	15.433
2353	0	1	1	458	28	12.1214623581	27.799920287	27.3866609061	10.504
2353	0	1	2	1803	112	12.1214623581	26.5987598102	26.1855004293	6.063
2354	0	1	1	422	26	14.8953081866	30.805297715	30.2974690671	11.433
2354	0	1	2	1769	110	14.8953081866	32.6584498344	32.1506211865	16.535
2355	0	1	1	478	29	11.0936794934	28.9321315034	28.5539125241	18.63
2355	0	1	2	1826	114	11.0936794934	29.658484129	29.2802651498	8.787
2356	0	1	1	432	27	13.0516488517	28.9509733895	28.506000979	7.78
2356	0	1	2	1780	111	13.0516488517	29.6819833682	29.2370109577	12.929
2357	0	1	1	932	58	17.0833920314	30.3320379894	29.7496105721	11.244
2357	0	1	2	2262	141	17.0833920314	31.1389768188	30.5565494015	6.315
2358	0	1	1	311	19	18.7147982692	29.4546195887	28.8165723203	13.338
2358	0	1	2	1655	103	18.7147982692	30.9780476919	30.3400004235	13.717
2359	0	1	1	1107	69	15.5562891632	31.2368058008	30.7064421995	8.472
2359	0	1	2	2452	153	15.5562891632	33.7075226094	33.1771590082	7.433
2360	0	1	1	915	57	15.2596998101	28.0899244872	27.5696725646	22.126
2360	0	1	2	2257	141	15.2596998101	29.9016000146	29.381348092	15.496
2361	0	1	1	429	26	12.6190251862	26.8992049554	26.4689820679	10.661
2361	0	1	2	1775	110	12.6190251862	27.6904009796	27.2601780921	15.685
2362	0	1	1	1021	63	15.2427298162	25.8506926424	25.3310192811	16.126
2362	0	1	2	2366	147	15.2427298162	30.4944229278	29.9747495665	7.055
2363	0	1	1	1218	76	11.6276108926	28.7770522793	28.3806298727	11.134
2363	0	1	2	2567	160	11.6276108926	28.8232796166	28.4268572101	5.874
2364	0	1	1	1248	78	8.07512327904	30.0812382266	29.8059314733	8.441
2364	0	1	2	2597	162	8.07512327904	29.7784384658	29.5031317125	4.473
2365	0	1	1	1002	62	18.7253599484	28.4228134849	27.7844061351	24.409
2365	0	1	2	2345	146	18.7253599484	27.5619916545	26.9235843046	10.315
2366	0	1	1	456	28	11.0977340582	31.2528979421	30.8745407298	12.189
2366	0	1	2	1801	112	11.0977340582	24.7390950803	24.360737868	5.118
2367	0	1	1	1047	65	13.3701511196	34.8730644219	34.4172332514	15.433
2367	0	1	2	2400	150	13.3701511196	30.9814146646	30.5255834941	16.283
2368	0	1	1	486	30	9.73749274144	27.9544892032	27.6225069635	13.78
2368	0	1	2	1832	114	9.73749274144	29.9855805841	29.6535983444	10.126
2369	0	1	1	1093	68	11.4147641308	28.7783124164	28.389146636	14.284
2369	0	1	2	2440	152	11.4147641308	31.1911107335	30.8019449531	11.055
2370	0	1	1	443	27	12.7700527882	32.0992592625	31.6638873615	11.717
2370	0	1	2	1791	111	12.7700527882	29.4424752547	29.0071033537	12.063
2371	0	1	1	743	46	21.0186389935	37.5955239241	36.8789313644	17.04
2371	0	1	2	2077	129	21.0186389935	40.4335441525	39.7169515928	5.843
2372	0	1	1	1254	78	9.56342888215	28.0081334652	27.6820856186	6.472
2372	0	1	2	2602	162	9.56342888215	29.3673694048	29.0413215582	7.464
2373	0	1	1	805	50	24.9282942116	36.4006047389	35.5507195411	8.095
2373	0	1	2	2146	134	24.9282942116	34.2620758055	33.4121906077	7.527
2374	0	1	1	510	31	6.45433637409	28.1373524587	27.9173035095	7.15
2374	0	1	2	1859	116	6.45433637409	28.5853274202	28.365278471	21.008
2375	0	1	1	962	60	18.3483794393	32.7429693772	32.1174144974	7.78
2375	0	1	2	2305	144	18.3483794393	34.2335380761	33.6079831963	8.126
2376	0	1	1	432	27	12.502959151	29.9907147608	29.5644489352	5.04
2376	0	1	2	1779	111	12.502959151	27.3762124401	26.9499466146	7.401
2377	0	1	1	487	30	12.4075535153	28.8360578887	28.4130447461	15.433
2377	0	1	2	1831	114	12.4075535153	28.4776294084	28.0546162659	7.874
2378	0	1	1	1044	65	14.8767178093	25.7750531932	25.2678583506	17.275
2378	0	1	2	2397	149	14.8767178093	30.1786740285	29.6714791859	9.244
2379	0	1	1	916	57	19.8665132157	30.5766126362	29.8992997254	18.599
2379	0	1	2	2258	141	19.8665132157	32.5524998984	31.8751869876	10.772
2380	0	1	1	757	47	18.9296906524	32.5851641715	31.9397905352	9.653
2380	0	1	2	2096	131	18.9296906524	37.6862293801	37.0408557437	10.771
2381	0	1	1	1238	77	14.6527036557	31.0664653033	30.566907819	12.599
2381	0	1	2	2587	161	14.6527036557	29.1356034644	28.6360459801	7.181
2382	0	1	1	1022	63	12.9765218217	33.4436491131	33.001238023	7.748
2382	0	1	2	2368	148	12.9765218217	30.1131682506	29.6707571606	17.244
2383	0	1	1	879	54	24.1663523503	27.5686616255	26.7447534602	12.646
2383	0	1	2	2222	138	24.1663523503	26.2342476199	25.4103394547	17.102
2384	0	1	1	431	26	9.888670776	27.945833613	27.6086972311	11.717
2384	0	1	2	1779	111	9.888670776	28.4266999109	28.089563529	12.189
2385	0	1	1	516	32	11.0521331771	28.2984984177	27.9216958852	10.33
2385	0	1	2	1864	116	11.0521331771	29.5166200652	29.1398175327	10.409
2386	0	1	1	246	15	18.6130071567	29.7422424042	29.10766552	5.307
2386	0	1	2	1588	99	18.6130071567	30.435161144	29.8005842598	14.945
2387	0	1	1	520	32	6.81909611399	28.1642704092	27.9317856351	12.252
2387	0	1	2	1867	116	6.81909611399	29.6166407	29.3841559259	5.59
2388	0	1	1	282	17	10.5541205037	32.9458550692	32.5860313799	13.748
2388	0	1	2	1626	101	10.5541205037	35.0793740776	34.7195503882	9.842
2389	0	1	1	1229	76	11.0563134749	25.0893531986	24.7124081464	21.874
2389	0	1	2	2581	161	11.0563134749	27.8218652584	27.4449202061	9.874
2390	0	1	1	297	18	15.0220553758	28.9806601261	28.4685102615	15.402
2390	0	1	2	1643	102	15.0220553758	31.578925956	31.0667760915	8.599
2391	0	1	1	132	8	20.2936570171	31.0478132975	30.3559376897	11.433
2391	0	1	2	1470	91	20.2936570171	32.2553762243	31.5635006166	6.283
2392	0	1	1	983	61	13.4770832937	25.9552227101	25.4957458801	10.252
2392	0	1	2	2328	145	13.4770832937	30.3848695243	29.9253926943	11.496
2393	0	1	1	1213	75	7.82531115013	30.5132902285	30.2465003689	7.181
2393	0	1	2	2562	160	7.82531115013	32.479948705	32.2131588453	6.094
2394	0	1	1	1025	64	13.3418318024	30.1802979895	29.725432315	12.378
2394	0	1	2	2371	148	13.3418318024	25.6648603173	25.2099946428	18.897
2395	0	1	1	235	14	18.4299419143	31.8822287599	31.2538931547	10.221
2395	0	1	2	1577	98	18.4299419143	30.7402297853	30.1118941802	10.866
2396	0	1	1	76	4	28.4206660056	31.3916028633	30.4226515527	10.992
2396	0	1	2	1415	88	28.4206660056	30.6709569169	29.7020056062	11.212
2397	0	1	1	129	8	19.5030485971	24.1269656698	23.4620444292	14.677
2397	0	1	2	1467	91	19.5030485971	29.19925632	28.5343350793	14.63
2398	0	1	1	475	29	8.19295850414	16.3803233524	16.1009992198	28.63
2398	0	1	2	1821	113	8.19295850414	18.2386161297	17.9592919971	14.315
2399	0	1	1	78	4	22.0541549019	28.197251288	27.4453546824	7.244
2399	0	1	2	1436	89	22.0541549019	28.6639979136	27.912101308	7.355
2400	0	1	1	514	32	14.786136715	24.3518361679	23.8477295243	13.654
2400	0	1	2	1864	116	14.786136715	24.7654213843	24.2613147406	8.094
2401	0	1	1	918	57	14.7176690491	38.1496884563	37.6479160942	7.008
2401	0	1	2	2266	141	14.7176690491	32.6905352902	32.188762928	7.402
2402	0	1	1	793	49	21.97223705	34.5017127939	33.7526090296	9.354
2402	0	1	2	2134	133	21.97223705	34.3934914246	33.6443876603	12.945
2403	0	1	1	422	26	8.7441161118	29.8269357443	29.5288208879	14.378
2403	0	1	2	1769	110	8.7441161118	31.4895734251	31.1914585686	16.85
2404	0	1	1	192	12	18.8896309097	31.9057931145	31.2617852428	15.559
2404	0	1	2	1534	95	18.8896309097	32.5573566933	31.9133488215	13.969
2405	0	1	1	806	50	23.2292629724	31.7298243861	30.9378645918	5.008
2405	0	1	2	2155	134	23.2292629724	30.8322670435	30.0403072492	4.095
2406	0	1	1	1055	65	18.7307155557	32.2427203181	31.6041303785	9.276
2406	0	1	2	2392	149	18.7307155557	31.3473384804	30.7087485408	10.126
2407	0	1	1	1217	76	13.2846827817	30.9155041304	30.4625868486	9.811
2407	0	1	2	2566	160	13.2846827817	30.274520439	29.8216031573	6.961
2408	0	1	1	518	32	9.51937955391	29.7519162549	29.4273701906	9.26
2408	0	1	2	1865	116	9.51937955391	32.5966585862	32.272112522	11.481
2409	0	1	1	1210	75	10.5782006225	13.1787972447	12.8181525872	11.496
2409	0	1	2	2578	161	10.5782006225	15.0056820989	14.6450374414	11.024
2411	0	1	1	1064	66	11.8979336248	27.4568288215	27.0511902493	14
2411	0	1	2	2412	150	11.8979336248	27.1525921216	26.7469535494	15.968
2412	0	1	1	491	30	12.0006904795	24.4798285448	24.0706866631	18.284
2412	0	1	2	1837	114	12.0006904795	26.9650779301	26.5559360484	9.212
2413	0	1	1	993	62	22.1545735456	32.91137136	32.1560511621	7.716
2413	0	1	2	2340	146	22.1545735456	32.6411110702	31.8857908722	6.283
2414	0	1	1	551	34	9.72895260444	28.4669058571	28.1352147779	7.78
2414	0	1	2	1898	118	9.72895260444	28.9107219772	28.579030898	9.464
2415	0	1	1	1287	80	6.65900295854	27.0856461168	26.8586194299	13.338
2415	0	1	2	2637	164	6.65900295854	29.9825681775	29.7555414905	11.401
2416	0	1	1	506	31	9.03205575279	30.8249464786	30.5170148398	17.937
2416	0	1	2	1857	116	9.03205575279	30.4619946465	30.1540630077	11.969
2418	0	1	1	1227	76	9.11788875529	26.7430588278	26.4322008677	7.843
2418	0	1	2	2579	161	9.11788875529	27.9077183489	27.5968603888	10.535
2419	0	1	1	212	13	21.4466367367	34.5529243526	33.8217399824	6.22
2419	0	1	2	1556	97	21.4466367367	32.7341363797	32.0029520095	12.095
2420	0	1	1	219	13	21.7792508436	36.0614078577	35.3188836098	10.882
2420	0	1	2	1562	97	21.7792508436	35.3606962777	34.6181720299	10.898
2421	0	1	1	992	62	17.2087550067	31.5409959162	30.9542944745	17.244
2421	0	1	2	2336	146	17.2087550067	31.0092086492	30.4225072075	5.134
2422	0	1	1	1100	68	11.2131057699	27.618299865	27.2360092624	13.15
2422	0	1	2	2449	153	11.2131057699	27.1901304579	26.8078398553	4.41
2423	0	1	1	1048	65	14.4627318445	38.3520379035	37.8589571652	6.63
2423	0	1	2	2400	150	14.4627318445	32.3084157779	31.8153350396	19.181
2424	0	1	1	455	28	13.9121874095	32.1024430067	31.6281320872	10.96
2424	0	1	2	1802	112	13.9121874095	28.7253663303	28.2510554108	11.748
2426	0	1	1	478	29	12.090476682	32.7102887937	32.2980858135	8.126
2426	0	1	2	1826	114	12.090476682	28.9855777915	28.5733748113	10.834
2427	0	1	1	521	32	5.95278406372	28.9690118624	28.766062434	12.189
2427	0	1	2	1867	116	5.95278406372	29.4547413333	29.2517919049	11.496
2428	0	1	1	234	14	17.85645161	30.8146430883	30.2058596	7.244
2428	0	1	2	1576	98	17.85645161	29.0069461217	28.3981626334	12.032
2429	0	1	1	169	10	20.8530496687	25.0876845061	24.3767374155	12.346
2429	0	1	2	1512	94	20.8530496687	27.9760089519	27.2650618614	18.535
2430	0	1	1	1264	79	8.69436024261	27.1360218662	26.8396033463	6.851
2430	0	1	2	2613	163	8.69436024261	27.6639655024	27.3675469825	8.158
2431	0	1	1	299	18	20.4444445138	34.1497750542	33.4527586189	8.441
2431	0	1	2	1642	102	20.4444445138	32.4221497216	31.7251332863	12
2432	0	1	1	905	56	19.2483608949	32.8418299641	32.185591841	15.464
2432	0	1	2	2246	140	19.2483608949	28.017331344	27.3610932209	16.803
2433	0	1	1	477	29	12.4689588093	31.7752846346	31.3501779893	11.748
2433	0	1	2	1825	114	12.4689588093	28.1671609065	27.7420542613	5.197
2434	0	1	1	528	33	11.3838216173	31.8901759492	31.502065098	14.441
2434	0	1	2	1876	117	11.3838216173	31.0363800204	30.6482691692	6.85
2435	0	1	1	797	49	25.5038171724	30.7341386407	29.8646320264	13.118
2435	0	1	2	2135	133	25.5038171724	28.7358303364	27.8663237221	5.843
2436	0	1	1	792	49	24.3916613584	32.4751251681	31.6435354989	18.614
2436	0	1	2	2132	133	24.3916613584	35.4511889206	34.6195992514	9.071
2437	0	1	1	449	28	16.236481938	31.0027301447	30.4491765984	23.937
2437	0	1	2	1798	112	16.236481938	29.3456437778	28.7920902316	11.906
2438	0	1	1	430	26	9.26162134403	29.200870994	28.8851127307	12.819
2438	0	1	2	1776	111	9.26162134403	30.1444330531	29.8286747898	8.347
2440	0	1	1	807	50	24.338250869	33.9860606692	33.1562919342	12.252
2440	0	1	2	2149	134	24.338250869	34.0251363571	33.1953676221	7.071
2441	0	1	1	490	30	10.4262635914	28.260016265	27.9045516263	13.59
2441	0	1	2	1835	114	10.4262635914	29.3897339407	29.0342693021	11.039
2442	0	1	1	471	29	13.3558266343	16.5968496161	16.1415068131	27.134
2442	0	1	2	1818	113	13.3558266343	30.8190727531	30.3637299501	8.346
2443	0	1	1	382	23	16.4539299302	28.108473158	27.5475061149	13.292
2443	0	1	2	1727	107	16.4539299302	28.2182970993	27.6573300562	14.819
2444	0	1	1	454	28	6.29302764842	25.5577804666	25.3432310473	24.598
2444	0	1	2	1800	112	6.29302764842	26.7216793247	26.5071299054	14.977
2446	0	1	1	901	56	15.7502416653	32.0828006128	31.545824551	16.787
2446	0	1	2	2242	140	15.7502416653	34.517465835	33.9804897732	8.693
2447	0	1	1	490	30	15.3265012283	26.4166142445	25.8940848481	14.803
2447	0	1	2	1837	114	15.3265012283	28.7531312106	28.2306018142	8.662
2448	0	1	1	454	28	11.989495774	31.969839274	31.5610790556	20.992
2448	0	1	2	1800	112	11.989495774	28.6936306836	28.2848704651	9.071
2449	0	1	1	1230	76	9.79706120474	28.7693104346	28.4352973156	6.315
2449	0	1	2	2579	161	9.79706120474	31.9991645375	31.6651514186	11.622
2450	0	1	1	509	31	8.19212263291	32.665292169	32.3859965338	7.118
2450	0	1	2	1858	116	8.19212263291	30.4968188021	30.217523167	8.755
2451	0	1	1	1081	67	11.2189801453	24.9525887412	24.5700978624	10.158
2451	0	1	2	2428	151	11.2189801453	25.1117210256	24.7292301468	19.842
2452	0	1	1	582	36	9.01645161335	25.9098304171	25.6024307733	14.221
2452	0	1	2	1927	120	9.01645161335	27.1493812692	26.8419816254	10.126
2453	0	1	1	429	26	8.29951179205	29.1331722189	28.8502153442	15.26
2453	0	1	2	1775	110	8.29951179205	28.2691484962	27.9861916215	14.032
2454	0	1	1	798	49	25.2472549604	32.9320379632	32.0712783743	11.685
2454	0	1	2	2134	133	25.2472549604	33.9957728743	33.1350132855	18.945
2455	0	1	1	1230	76	13.9146592366	27.7270805449	27.2526853529	14.189
2455	0	1	2	2581	161	13.9146592366	30.6651403352	30.1907451433	12.252
2456	0	1	1	1250	78	10.7547186471	27.5443523768	27.1776896559	5.496
2456	0	1	2	2600	162	10.7547186471	27.6515047981	27.2848420772	15.575
2457	0	1	1	182	11	15.9922272714	25.8031910106	25.2579648864	5.37
2457	0	1	2	1526	95	15.9922272714	27.3007453214	26.7555191971	13.181
2458	0	1	1	839	52	22.1752441123	28.0368966345	27.2808717108	14.662
2458	0	1	2	2182	136	22.1752441123	25.4001321378	24.6441072141	12.677
2459	0	1	1	318	19	13.2201536106	27.5170452168	27.0663279407	8.441
2459	0	1	2	1662	103	13.2201536106	26.4988849944	26.0481677182	15.575
2460	0	1	1	903	56	18.5413988733	31.3567173306	30.7245818016	15.937
2460	0	1	2	2245	140	18.5413988733	31.5618129935	30.9296774645	15.874
2460	1	1	1	901	56	18.5413988733	20.2462778713	19.6141423423	4.961
2460	1	1	2	2246	140	18.5413988733	28.8254523054	28.1933167764	19.748
2461	0	1	1	489	30	12.0969798014	27.410775288	26.9983505957	17.622
2461	0	1	2	1835	114	12.0969798014	30.6007342667	30.1883095744	14.661
2462	0	1	1	1013	63	13.1711219687	28.3346535183	27.8856078875	18.441
2462	0	1	2	2358	147	13.1711219687	33.7961910955	33.3471454647	5.527
2463	0	1	1	832	52	19.7752765596	29.4608158125	28.7866134509	15.716
2463	0	1	2	2174	135	19.7752765596	29.3762878418	28.7020854801	18.252
2464	0	1	1	1094	68	16.9969930878	29.0567828344	28.4773010331	9.842
2464	0	1	2	2441	152	16.9969930878	29.4620124999	28.8825306986	5.905
2465	0	1	1	1229	76	12.4611137108	26.766463764	26.3416245833	7.37
2465	0	1	2	2579	161	12.4611137108	28.9578773584	28.5330381777	14.52
2467	0	1	1	1056	66	16.4252024958	31.2762286121	30.7162409791	9.559
2467	0	1	2	2401	150	16.4252024958	33.0477749606	32.4877873275	22.583
2468	0	1	1	439	27	6.73056072024	30.7802022518	30.5507359321	7.071
2468	0	1	2	1784	111	6.73056072024	29.589420586	29.3599542663	5.008
2469	0	1	1	167	10	19.6443923667	28.7931625983	28.1234224969	11.559
2469	0	1	2	1508	94	19.6443923667	30.4739829877	29.8042428863	15.213
2470	0	1	1	491	30	11.9536761689	27.4302616703	27.0227226566	13.716
2470	0	1	2	1835	114	11.9536761689	30.1879448199	29.7804058063	9.37
2471	0	1	1	429	26	11.2066320321	18.5961833967	18.2141135045	15.323
2471	0	1	2	1776	111	11.2066320321	20.2335153587	19.8514454666	10.929
2471	1	1	1	437	27	11.2066320321	31.7241156135	31.3420457214	6.268
2471	1	1	2	1775	110	11.2066320321	21.3876857267	21.0056158345	10.252
2472	0	1	1	251	15	16.767597933	30.3357656238	29.7641046363	6
2472	0	1	2	1594	99	16.767597933	28.8269227465	28.255261759	6
2473	0	1	1	888	55	21.5831140032	35.1722810275	34.4364437112	13.622
2473	0	1	2	2229	139	21.5831140032	32.8478040846	32.1119667682	12.945
2474	0	1	1	478	29	15.3639535791	31.9839457531	31.4601394864	13.78
2474	0	1	2	1824	114	15.3639535791	28.9630891473	28.4392828806	7.26
2475	0	1	1	1079	67	18.6704776198	26.0878133995	25.4512771636	7.086
2475	0	1	2	2425	151	18.6704776198	28.4609838732	27.8244476373	11.874
2477	0	1	1	1245	77	8.41136533887	30.2450590637	29.9582887442	11.149
2477	0	1	2	2596	162	8.41136533887	29.3383750734	29.0516047539	17.748
2478	0	1	1	581	36	9.02242298178	32.5212366467	32.2136334199	6.315
2478	0	1	2	1928	120	9.02242298178	30.4299995421	30.1223963152	8.094
2479	0	1	1	951	59	18.9151979404	28.9861192846	28.3412397511	18.567
2479	0	1	2	2292	143	18.9151979404	30.8361923477	30.1913128142	9.15
2480	0	1	1	128	8	16.9812450492	26.9085542264	26.3296093261	13.874
2480	0	1	2	1465	91	16.9812450492	28.4352347867	27.8562898864	19.275
2481	0	1	1	1021	63	16.1081165151	18.8455098046	18.2963326458	21.969
2481	0	1	2	2365	147	16.1081165151	19.8425365985	19.2933594397	17.905
2482	0	1	1	513	32	14.217238503	29.8515703911	29.3668593052	13.275
2482	0	1	2	1858	116	14.217238503	29.942995118	29.4582840321	7.843
2483	0	1	1	490	30	14.8310192604	30.9067090617	30.4010722287	12.598
2483	0	1	2	1833	114	14.8310192604	29.6469620421	29.1413252091	13.118
2484	0	1	1	773	48	22.5726983555	31.8544059639	31.0848305552	15.102
2484	0	1	2	2114	132	22.5726983555	30.5032796401	29.7337042314	16.992
2485	0	1	1	142	8	22.0820435811	32.3940260068	31.6411785871	7.685
2485	0	1	2	1482	92	22.0820435811	29.3490253267	28.596177907	18.724
2486	0	1	1	73	4	20.7572577093	32.5146361779	31.8069549413	18.315
2486	0	1	2	1414	88	20.7572577093	30.8873369201	30.1796556835	13.134
2487	0	1	1	580	36	7.40972949921	30.8723250817	30.6197037283	8.378
2487	0	1	2	1928	120	7.40972949921	28.1982922743	27.945670921	15.591
2488	0	1	1	457	28	11.2500125519	33.604483255	33.2209343823	10.913
2488	0	1	2	1801	112	11.2500125519	32.7653500731	32.3818012005	12.252
2489	0	1	1	262	16	10.3517151508	32.0455490931	31.692626049	7.968
2489	0	1	2	1606	100	10.3517151508	29.3085243068	28.9556012627	6.063
2490	0	1	1	477	29	9.47916655196	32.9507396219	32.6275645474	14.488
2490	0	1	2	1824	114	9.47916655196	29.978475134	29.6553000594	5.276
2491	0	1	1	529	33	13.2033448324	36.4590409551	36.0088967439	20.221
2491	0	1	2	1876	117	13.2033448324	38.290455387	37.8403111758	11.653
2492	0	1	1	432	27	11.4138130267	29.9813998701	29.5922665158	7.103
2492	0	1	2	1781	111	11.4138130267	30.9486807702	30.559547416	10.189
2493	0	1	1	289	18	16.6338698378	29.9255781367	29.3584763673	6.803
2493	0	1	2	1632	102	16.6338698378	29.426654344	28.8595525745	11.937
2494	0	1	1	486	30	11.401960493	25.8410672728	25.4523380094	17.086
2494	0	1	2	1831	114	11.401960493	28.2537919564	27.8650626929	9.685
2495	0	1	1	1251	78	9.39989700114	28.0162808437	27.6958083214	7.717
2495	0	1	2	2600	162	9.39989700114	28.7139411144	28.3934685921	15.071
2496	0	1	1	493	30	12.9743901218	29.8192929768	29.3769545632	6.22
2496	0	1	2	1838	114	12.9743901218	32.681840695	32.2395022815	12.567
2497	0	1	1	835	52	26.5010615632	30.232972236	29.329466374	11.071
2497	0	1	2	2175	135	26.5010615632	32.3071355394	31.4036296774	18.031
2498	0	1	1	431	26	12.0600858547	35.2159417289	34.8047748691	11.748
2498	0	1	2	1777	111	12.0600858547	29.5562229803	29.1450561205	4.378
2499	0	1	1	211	13	14.5245905635	26.7984211441	26.3032314444	14.094
2499	0	1	2	1554	97	14.5245905635	27.9606987402	27.4655090406	13.338
2500	0	1	1	809	50	22.7512486071	34.2169875545	33.4413247972	6.866
2500	0	1	2	2150	134	22.7512486071	34.8171487659	34.0414860086	9.969
2501	0	1	1	1079	67	12.7086210668	24.8176702819	24.3843927845	12.52
2501	0	1	2	2425	151	12.7086210668	28.1223393344	27.6890618371	14.41
2502	0	1	1	891	55	22.8262661027	29.7552321477	28.9770118044	9.465
2502	0	1	2	2233	139	22.8262661027	29.0860424704	28.307822127	14.772
2503	0	1	1	469	29	13.7679044149	32.6283117562	32.158919905	4.063
2503	0	1	2	1815	113	13.7679044149	29.5446253212	29.07523347	17.118
2504	0	1	1	535	33	6.71458364446	30.0236629061	29.794741296	20.992
2504	0	1	2	1883	117	6.71458364446	30.3090285214	30.0801069112	12.063
2505	0	1	1	1253	78	7.33307365439	28.1485281795	27.8985202688	6.441
2505	0	1	2	2601	162	7.33307365439	29.4234684581	29.1734605474	13.937
2506	0	1	1	893	55	20.1466457112	34.7976827297	34.1108192071	10.032
2506	0	1	2	2235	139	20.1466457112	32.5782910571	31.8914275345	11.874
2507	0	1	1	249	15	19.0705677756	28.6687415688	28.0185649812	10.126
2507	0	1	2	1591	99	19.0705677756	29.7059653533	29.0557887657	9.748
2508	0	1	1	232	14	16.6199569029	28.994421909	28.427794476	11.37
2508	0	1	2	1574	98	16.6199569029	31.4300728806	30.8634454476	10.346
2509	0	1	1	168	10	17.9451676854	31.5056598035	30.8938517007	9.307
2509	0	1	2	1513	94	17.9451676854	28.7209015037	28.1090934009	16.157
2510	0	1	1	1092	68	12.1851761496	27.5782585564	27.1628269688	8.536
2510	0	1	2	2440	152	12.1851761496	31.2663035398	30.8508719521	10.724
2511	0	1	1	166	10	22.1695667876	30.522698762	29.7668673965	9.685
2511	0	1	2	1509	94	22.1695667876	30.1522521197	29.3964207541	12.189
2512	0	1	1	429	26	7.71873439351	28.4742747424	28.2111184249	13.685
2512	0	1	2	1776	111	7.71873439351	31.309208807	31.0460524894	8.473
2515	0	1	1	1256	78	10.2139603419	30.5442447239	30.1960181813	13.78
2515	0	1	2	2603	162	10.2139603419	29.9822901818	29.6340636393	16.582
2516	0	1	1	477	29	14.746122009	31.6181897004	31.115447286	8.708
2516	0	1	2	1825	114	14.746122009	29.8401184525	29.337376038	8.63
2517	0	1	1	1001	62	13.630827497	28.9315090386	28.4667905776	12.189
2517	0	1	2	2356	147	13.630827497	32.1124482088	31.6477297478	5.496
2518	0	1	1	865	54	17.9838693525	27.5218207115	26.9086931453	9.622
2518	0	1	2	2209	138	17.9838693525	31.4298413476	30.8167137813	14.41
2519	0	1	1	265	16	16.7649021447	29.6584736334	29.0869045539	17.874
2519	0	1	2	1609	100	16.7649021447	28.9060260842	28.3344570047	10.945
2520	0	1	1	449	28	10.2114721018	28.5300096435	28.181867933	25.906
2520	0	1	2	1796	112	10.2114721018	31.5427739847	31.1946322741	4.929
2521	0	1	1	289	18	13.5207579684	30.1224448095	29.6614789703	4.598
2521	0	1	2	1633	102	13.5207579684	32.2849980435	31.8240322044	9.323
2522	0	1	1	795	49	26.9314078999	35.4397025478	34.5215248043	7.748
2522	0	1	2	2135	133	26.9314078999	33.0786752321	32.1604974885	13.654
2523	0	1	1	306	19	19.6687800352	28.4717833334	27.8012117785	12.126
2523	0	1	2	1651	103	19.6687800352	26.4927123367	25.8221407818	13.244
2524	0	1	1	200	12	19.3163314062	26.0183169949	25.3597615399	16.614
2524	0	1	2	1542	96	19.3163314062	28.1558026852	27.4972472302	14.866
2524	1	1	1	198	12	19.3163314062	32.4898538144	31.8312983594	11.748
2524	1	1	2	1538	96	19.3163314062	30.3705488992	29.7119934441	15.055
2525	0	1	1	972	60	15.6401624912	28.9064354945	28.3732123834	7.323
2525	0	1	2	2315	144	15.6401624912	30.7619182801	30.2286951691	4.866
2526	0	1	1	193	12	20.2922090318	27.7665901671	27.0747639258	6.252
2526	0	1	2	1542	96	20.2922090318	31.9924922646	31.3006660233	13.874
2527	0	1	1	975	60	13.6055614958	28.7887484011	28.3248913388	8.709
2527	0	1	2	2319	144	13.6055614958	28.6571768696	28.1933198073	6.709
2528	0	1	1	442	27	11.1926383029	29.6238369505	29.2422441493	5.559
2528	0	1	2	1788	111	11.1926383029	29.1663319847	28.7847391835	10.662
2529	0	1	1	218	13	19.8146059644	37.429747047	36.7542038202	12.992
2529	0	1	2	1561	97	19.8146059644	38.5141603499	37.8386171232	10.095
2530	0	1	1	488	30	14.8871179954	29.2148353388	28.7072859206	12
2530	0	1	2	1834	114	14.8871179954	29.5640051127	29.0564556946	10.094
2531	0	1	1	918	57	16.7146055288	30.5435123533	29.9736580462	11.338
2531	0	1	2	2262	141	16.7146055288	30.4223183417	29.8524640346	11.685
2532	0	1	1	895	55	19.5057103637	29.6975918705	29.0325798817	12.126
2532	0	1	2	2238	139	19.5057103637	31.7753599389	31.1103479502	12.252
2533	0	1	1	973	60	15.9397677546	30.4224231716	29.8789855598	11.276
2533	0	1	2	2317	144	15.9397677546	28.1192344017	27.5757967899	5.291
2534	0	1	1	299	18	13.3581251985	31.9083002731	31.4528791047	15.496
2534	0	1	2	1643	102	13.3581251985	30.2832295041	29.8278083356	13.417
2535	0	1	1	262	16	18.4344967015	29.8551772742	29.2266863818	20.346
2535	0	1	2	1606	100	18.4344967015	30.2657389352	29.6372480428	13.653
2536	0	1	1	837	52	21.5825687325	30.5277522021	29.7919334758	10.41
2536	0	1	2	2175	135	21.5825687325	29.9119342922	29.1761155658	7.528
2537	0	1	1	105	6	21.582740427	35.7239932984	34.9881687185	19.937
2537	0	1	2	1447	90	21.582740427	34.0988472286	33.3630226487	10.834
2538	0	1	1	484	30	12.2374661961	30.8443524734	30.427138151	19.653
2538	0	1	2	1827	114	12.2374661961	26.0470465014	25.6298321789	10.189
2539	0	1	1	562	35	9.60379379227	30.3056346779	29.9782106625	9.464
2539	0	1	2	1911	119	9.60379379227	27.1556721782	26.8282481629	4.378
2541	0	1	1	490	30	12.495153751	26.5693508908	26.1433511763	15.748
2541	0	1	2	1835	114	12.495153751	31.1581298428	30.7321301283	13.591
2542	0	1	1	485	30	8.10181239416	28.3787057806	28.1024891101	15.213
2542	0	1	2	1830	114	8.10181239416	30.1294292077	29.8532125372	11.386
2543	0	1	1	430	26	13.8605265717	34.0208792844	33.5483296479	17.323
2543	0	1	2	1776	111	13.8605265717	31.1673192546	30.6947696181	9.15
2544	0	1	1	807	50	25.3893165108	32.1664674879	31.300864567	9.496
2544	0	1	2	2150	134	25.3893165108	31.4970658375	30.6314629165	5.103
2545	0	1	1	485	30	12.3269762742	27.3245266968	26.9042606898	14.252
2545	0	1	2	1831	114	12.3269762742	28.3977053379	27.9774393309	7.244
2546	0	1	1	488	30	9.22957051269	29.0949220758	28.7802565277	13.355
2546	0	1	2	1834	114	9.22957051269	31.2108901744	30.8962246264	12.378
2547	0	1	1	454	28	8.61699778153	26.0269278892	25.7331469028	29.071
2547	0	1	2	1801	112	8.61699778153	30.6368919168	30.3431109304	7.102
2548	0	1	1	477	29	10.4610200126	32.2191324774	31.8624828813	5.26
2548	0	1	2	1825	114	10.4610200126	29.6787527037	29.3221031076	7.842
2549	0	1	1	489	30	9.1079358849	26.9964942017	26.6859755667	16.504
2549	0	1	2	1834	114	9.1079358849	26.8820725579	26.5715539229	8.787
2550	0	1	1	1254	78	8.80597175111	28.3953108128	28.0950870999	7.874
2550	0	1	2	2602	162	8.80597175111	28.7372134245	28.4369897116	5.591
2551	0	1	1	484	30	12.0212892354	30.6173638997	30.2075197406	23.339
2551	0	1	2	1829	114	12.0212892354	30.6631420688	30.2532979097	10.347
2552	0	1	1	529	33	13.2330015761	29.3138571725	28.8627018681	12.157
2552	0	1	2	1876	117	13.2330015761	30.7207872529	30.2696319486	5.59
2553	0	1	1	1047	65	12.0090143897	32.8013306939	32.3919050235	16.504
2553	0	1	2	2400	150	12.0090143897	30.2286893264	29.819263656	19.464
2554	0	1	1	218	13	17.5449521976	31.9750451501	31.376881672	15.103
2554	0	1	2	1561	97	17.5449521976	30.8077904285	30.2096269504	12.063
2555	0	1	1	972	60	15.172731666	29.099933162	28.5826462613	12.725
2555	0	1	2	2317	144	15.172731666	28.0192892789	27.5020023781	5.37
2556	0	1	1	901	56	17.1558272278	30.1989210833	29.6140241187	17.055
2556	0	1	2	2244	140	17.1558272278	32.0530031648	31.4681062002	11.874
2557	0	1	1	581	36	11.1129059085	30.3182042067	29.9393297375	6.598
2557	0	1	2	1928	120	11.1129059085	28.1824325561	27.803558087	7.905
2558	0	1	1	569	35	11.7695506055	27.3800622337	26.9788006488	6.772
2558	0	1	2	1914	119	11.7695506055	30.280737118	29.8794755331	6.819
2559	0	1	1	842	52	22.899504024	30.9880031636	30.2072859055	10.756
2559	0	1	2	2185	136	22.899504024	25.6925689651	24.911851707	14.126
2560	0	1	1	1067	66	18.7277072869	29.2601116512	28.6216242731	13.906
2560	0	1	2	2414	150	18.7277072869	29.2442740802	28.6057867021	17.055
2561	0	1	1	918	57	18.9141381438	30.2290750766	29.5842316749	21.276
2561	0	1	2	2261	141	18.9141381438	30.953726989	30.3088835873	13.842
2562	0	1	1	592	37	10.1629167481	25.9217030469	25.5752167435	16.945
2562	0	1	2	1944	121	10.1629167481	29.2277456755	28.8812593722	11.969
2563	0	1	1	1090	68	15.7063456637	29.2707357772	28.7352562704	10.535
2563	0	1	2	2437	152	15.7063456637	29.9316642218	29.3961847149	6.378
2564	0	1	1	737	46	21.6955798663	35.5354019039	34.795730267	7.181
2564	0	1	2	2077	129	21.6955798663	34.5518160143	33.8121443774	4.126
2565	0	1	1	77	4	23.9257985763	30.8560058166	30.0402988981	9.134
2565	0	1	2	1421	88	23.9257985763	30.1147331921	29.2990262736	11.103
2566	0	1	1	1244	77	8.17161580646	31.400756978	31.1221604862	5.134
2566	0	1	2	2594	162	8.17161580646	30.5087738624	30.2301773705	17.874
2567	0	1	1	1003	62	8.3062800211	26.1191505307	25.8359629055	5.37
2567	0	1	2	2350	146	8.3062800211	22.0750415284	21.7918539032	15.937
2568	0	1	1	269	16	14.7111278615	33.0096302696	32.5080809174	8.725
2568	0	1	2	1611	100	14.7111278615	30.7161573135	30.2146079613	16.126
2569	0	1	1	491	30	12.5359906073	29.9857276333	29.5583356599	19.811
2569	0	1	2	1837	114	12.5359906073	27.1339341458	26.7065421724	15.591
2570	0	1	1	1262	78	6.72822345657	31.5787466557	31.3493600208	7.212
2570	0	1	2	2613	163	6.72822345657	29.925279848	29.6958932131	9.905
2571	0	1	1	291	18	10.7541089906	29.5118335521	29.1451916163	16.315
2571	0	1	2	1635	102	10.7541089906	30.8790770945	30.5124351587	10.157
2572	0	1	1	564	35	7.60325442564	30.1927687765	29.93354954	16.709
2572	0	1	2	1912	119	7.60325442564	30.9366421267	30.6774228903	6.74
2573	0	1	1	471	29	9.81340968054	28.8008924878	28.4663219971	7.166
2573	0	1	2	1817	113	9.81340968054	28.0930185287	27.758448038	14.22
2574	0	1	1	456	28	13.0367858212	30.0531612869	29.6086956046	8.834
2574	0	1	2	1801	112	13.0367858212	31.9403494221	31.4958837398	7.843
2575	0	1	1	1019	63	12.3049142655	37.2065471037	36.7870332611	13.842
2575	0	1	2	2363	147	12.3049142655	33.2657962927	32.8462824501	14.095
2576	0	1	1	285	17	12.5222288081	32.092503141	31.6655803513	13.968
2576	0	1	2	1628	101	12.5222288081	30.6802765174	30.2533537277	15.071
2578	0	1	1	443	27	14.0710875809	28.1268517618	27.6471234277	8.662
2578	0	1	2	1789	111	14.0710875809	30.8380170512	30.3582887172	6.425
2579	0	1	1	429	26	8.05532593875	27.5329553469	27.2583235482	12.567
2579	0	1	2	1775	110	8.05532593875	29.1740145823	28.8993827836	14.126
2580	0	1	1	936	58	18.7041848562	34.1289997364	33.4913143131	5.528
2580	0	1	2	2278	142	18.7041848562	32.4941914391	31.8565060158	4.457
2581	0	1	1	804	50	25.2006140053	30.1357040186	29.2765345689	18
2581	0	1	2	2145	134	25.2006140053	33.1737342261	32.3145647765	7.339
2582	0	1	1	529	33	8.01600717918	28.983978905	28.7106876084	14.158
2582	0	1	2	1878	117	8.01600717918	28.0254245252	27.7521332286	6.63
2583	0	1	1	1003	62	15.8244651252	30.9995049803	30.4599984037	10.693
2583	0	1	2	2349	146	15.8244651252	34.529962582	33.9904560053	8.315
2584	0	1	1	233	14	18.8551738741	30.0402225649	29.3973894436	9.15
2584	0	1	2	1576	98	18.8551738741	29.8642533711	29.2214202498	4.803
2585	0	1	1	936	58	19.3114578668	31.6356561711	30.9772668706	24.662
2585	0	1	2	2280	142	19.3114578668	32.943589448	32.2852001476	10.095
2587	0	1	1	439	27	11.0778231842	28.8548900125	28.4772116255	9.338
2587	0	1	2	1784	111	11.0778231842	29.9176789633	29.5400005763	4.599
2588	0	1	1	816	51	28.8111900514	26.9577689298	25.9755034066	7.559
2588	0	1	2	2158	134	28.8111900514	32.40016096	31.4178954368	11.008
2589	0	1	1	1223	76	8.33141126238	27.0714360697	26.7873916402	11.748
2589	0	1	2	2575	160	8.33141126238	28.3433488717	28.0593044422	10.834
2590	0	1	1	793	49	25.5889638936	32.4999797542	31.627570216	12.284
2590	0	1	2	2135	133	25.5889638936	32.1009402326	31.2285306944	10.095
2591	0	1	1	341	21	12.5752089653	34.6961210983	34.2673920457	9.26
2591	0	1	2	1684	105	12.5752089653	33.0418385486	32.613109496	6.929
2592	0	1	1	838	52	19.2464922796	33.3431950312	32.6870206152	13.401
2592	0	1	2	2181	136	19.2464922796	27.8495119571	27.193337541	8.914
2593	0	1	1	807	50	24.3857467452	33.8222989745	32.9909109534	7.527
2593	0	1	2	2148	134	24.3857467452	33.7937963219	32.9624083008	14.22
2594	0	1	1	987	61	16.9928533446	25.4085268052	24.8291861411	6.347
2594	0	1	2	2333	145	16.9928533446	27.6297807753	27.0504401111	6.567
2595	0	1	1	895	55	19.6586831465	32.0301691401	31.3599418204	20.945
2595	0	1	2	2238	139	19.6586831465	31.8069358888	31.1367085692	10.158
2595	1	1	1	879	54	19.6586831465	30.9187157928	30.2484884731	15.591
2595	1	1	2	2222	138	19.6586831465	29.1896860544	28.5194587347	17.213
2596	0	1	1	433	27	13.4546659143	32.9981885042	32.5394759543	9.779
2596	0	1	2	1781	111	13.4546659143	31.0631284919	30.604415942	10.819
2597	0	1	1	930	58	21.8279108941	31.5883319908	30.8441487663	15.244
2597	0	1	2	2273	142	21.8279108941	31.9939289254	31.2497457009	9.654
2598	0	1	1	208	13	19.3313555713	31.9875038294	31.3284361526	14.756
2598	0	1	2	1552	97	19.3313555713	31.8544083337	31.1953406569	13.811
2600	0	1	1	1230	76	3.73666207064	22.2518181504	22.1244234014	6.473
2600	0	1	2	2580	161	3.73666207064	23.0971483095	22.9697535605	18.536
2600	1	1	1	1233	77	3.73666207064	27.6349517238	27.5075569749	7.874
2600	1	1	2	2584	161	3.73666207064	26.0688880834	25.9414933344	18.74
2601	0	1	1	1013	63	16.1918406594	29.4343078902	28.8822763077	15.78
2601	0	1	2	2357	147	16.1918406594	29.2126467191	28.6606151367	15.023
2602	0	1	1	1059	66	14.9293026558	29.633458016	29.124470388	13.401
2602	0	1	2	2404	150	14.9293026558	28.6537708099	28.1447831819	17.59
2603	0	1	1	1048	65	12.6044187291	31.1950393244	30.7653144177	9.779
2603	0	1	2	2400	150	12.6044187291	30.139356076	29.7096311693	22.315
2604	0	1	1	490	30	9.11066413756	28.5135536861	28.2029420363	11.275
2604	0	1	2	1835	114	9.11066413756	29.6049389778	29.294327328	13.717
2605	0	1	1	1071	66	12.3202981288	18.6033012873	18.1832629596	9.591
2605	0	1	2	2418	151	12.3202981288	16.6963877114	16.2763493837	15.748
2606	0	1	1	429	26	10.797917598	29.2416240179	28.8734885067	5.464
2606	0	1	2	1775	110	10.797917598	26.0309775036	25.6628419924	14.504
2607	0	1	1	422	26	11.9680054635	33.3661485519	32.9581210068	5.591
2607	0	1	2	1768	110	11.9680054635	34.9264159355	34.5183883904	17.197
2608	0	1	1	487	30	11.6537179555	28.442869906	28.0455574263	20.157
2608	0	1	2	1831	114	11.6537179555	26.9378581425	26.5405456628	8.756
2609	0	1	1	1090	68	19.1378790389	29.2084411463	28.5559697027	13.244
2609	0	1	2	2438	152	19.1378790389	29.0593125973	28.4068411537	12.599
2610	0	1	1	734	45	22.9959080944	35.0383590461	34.2543550652	6
2610	0	1	2	2074	129	22.9959080944	34.5543625425	33.7703585616	12.725
2611	0	1	1	431	26	12.2121826041	31.3017256915	30.8853733675	11.685
2611	0	1	2	1776	111	12.2121826041	32.5715206223	32.1551682983	9.874
2612	0	1	1	491	30	15.2405339174	29.3002270362	28.7806285401	16.157
2612	0	1	2	1834	114	15.2405339174	33.3501331536	32.8305346575	13.906
2613	0	1	1	564	35	9.37277406531	33.0821232187	32.7625754039	7.811
2613	0	1	2	1912	119	9.37277406531	32.9859238953	32.6663760805	6.126
2614	0	1	1	487	30	10.2349705256	28.1349472628	27.7860044159	18
2614	0	1	2	1831	114	10.2349705256	30.9803720772	30.6314292304	13.197
2615	0	1	1	304	19	23.0191826523	27.5311192248	26.7463217399	15.842
2615	0	1	2	1650	103	23.0191826523	31.7555298644	30.9707323794	13.654
2616	0	1	1	1213	75	6.07589255975	23.5477508644	23.340604274	21.685
2616	0	1	2	2562	160	6.07589255975	26.8975105545	26.6903639641	15.905
2617	0	1	1	1264	79	9.24453271077	26.3466797046	26.0315040474	8.992
2617	0	1	2	2614	163	9.24453271077	27.3808255861	27.0656499289	11.213
2618	0	1	1	432	27	10.1809360368	30.9632240082	30.6161233697	8.803
2618	0	1	2	1779	111	10.1809360368	29.0690625763	28.7219619379	7.244
2619	0	1	1	510	31	13.9957615796	27.9566734868	27.4795132569	15.354
2619	0	1	2	1860	116	13.9957615796	32.9057375886	32.4285773586	9.937
2620	0	1	1	957	59	21.2599231581	29.5791267871	28.8543080794	12.519
2620	0	1	2	2299	143	21.2599231581	27.8466091976	27.1217904898	4.378
2622	0	1	1	430	26	8.08226114222	26.4926681333	26.2171180275	13.843
2622	0	1	2	1777	111	8.08226114222	27.1018272404	26.8262771345	9.15
2623	0	1	1	892	55	21.7659312721	34.6759906926	33.9339205515	16.992
2623	0	1	2	2235	139	21.7659312721	34.9747524526	34.2326823114	15.78
2624	0	1	1	439	27	11.4554784599	29.576083583	29.1855297211	5.338
2624	0	1	2	1784	111	11.4554784599	30.5354753423	30.1449214803	5.842
2625	0	1	1	510	31	8.57996646707	29.1495805084	28.8570620378	5.937
2625	0	1	2	1858	116	8.57996646707	28.6114316459	28.3189131753	12.96
2626	0	1	1	433	27	11.3271739032	31.0872615142	30.7010819645	9.591
2626	0	1	2	1781	111	11.3271739032	32.5115701602	32.1253906106	9.103
2627	0	1	1	551	34	6.71339697442	27.81304809	27.5841669373	12.315
2627	0	1	2	1899	118	6.71339697442	29.8902975026	29.6614163498	12.914
2628	0	1	1	583	36	11.4580161249	28.2163938105	27.8257534314	17.244
2628	0	1	2	1931	120	11.4580161249	27.9862986565	27.5956582774	12.441
2629	0	1	1	1211	75	7.58831909953	28.6607024387	28.4019923953	14
2629	0	1	2	2561	160	7.58831909953	30.1666075323	29.9078974888	4.74
2630	0	1	1	437	27	13.7696513404	30.3324301248	29.8629787154	9.559
2630	0	1	2	1783	111	13.7696513404	26.5470269135	26.0775755041	13.78
2631	0	1	1	521	32	10.2175561822	19.8408092625	19.4924601262	5.622
2631	0	1	2	1867	116	10.2175561822	28.6219386707	28.2735895344	8.945
2632	0	1	1	806	50	22.3600494989	32.7124257088	31.950100179	9.496
2632	0	1	2	2146	134	22.3600494989	33.2991357197	32.53681019	9.481
2633	0	1	1	510	31	12.8013853821	28.6695183104	28.2330781812	8.378
2633	0	1	2	1864	116	12.8013853821	27.3926368136	26.9561966844	10.221
2634	0	1	1	306	19	17.9018775934	30.3999986318	29.7896664266	14.221
2634	0	1	2	1649	103	17.9018775934	27.2748707089	26.6645385037	8.221
2635	0	1	1	833	52	19.0242782611	28.6451158437	27.9965174135	13.748
2635	0	1	2	2175	135	19.0242782611	28.9760202558	28.3274218256	18.63
2636	0	1	1	261	16	10.9292900371	40.463749641	40.0911352235	4.063
2636	0	1	2	1605	100	10.9292900371	38.2086375609	37.8360231435	9.118
2637	0	1	1	449	28	8.39568524273	31.7376995391	31.4514638042	19.874
2637	0	1	2	1796	112	8.39568524273	30.8145284148	30.5282926799	7.622
2638	0	1	1	487	30	10.0385788973	29.1332868007	28.791039572	16.441
2638	0	1	2	1832	114	10.0385788973	29.8199795875	29.4777323587	10.189
2639	0	1	1	289	18	11.9989700683	29.2051415639	28.7960583365	13.496
2639	0	1	2	1633	102	11.9989700683	31.6068093745	31.1977261471	5.464
2640	0	1	1	169	10	20.2628413433	29.9851578641	29.2943328612	9.244
2640	0	1	2	1511	94	20.2628413433	29.879951996	29.189126993	16.504
2641	0	1	1	486	30	14.1951241846	25.0580007189	24.5740435807	16.315
2641	0	1	2	1830	114	14.1951241846	28.2615159784	27.7775588403	5.528
2642	0	1	1	248	15	21.0807430103	32.289711358	31.5710014739	8.787
2642	0	1	2	1590	99	21.0807430103	31.791641223	31.072931339	9.339
2643	0	1	1	1004	62	17.3137917804	30.09048847	29.5002059891	18.283
2643	0	1	2	2350	146	17.3137917804	30.6398459416	30.0495634607	4.252
2645	0	1	1	793	49	24.1631254917	34.91040547	34.0866073187	6.063
2645	0	1	2	2134	133	24.1631254917	42.9091047995	42.0853066481	9.559
2646	0	1	1	491	30	14.6834240872	29.1074100934	28.6068052514	14.299
2646	0	1	2	1838	114	14.6834240872	29.9417747945	29.4411699525	10.74
2647	0	1	1	949	59	17.7764369928	29.7623345428	29.1562790084	11.496
2647	0	1	2	2284	142	17.7764369928	30.2775821512	29.6715266169	13.937
2648	0	1	1	1095	68	11.4097554119	27.0567541605	26.6677591433	6.756
2648	0	1	2	2442	152	11.4097554119	28.0920001938	27.7030051766	9.213
2649	0	1	1	902	56	20.3754529847	30.3185958783	29.6239315847	19.276
2649	0	1	2	2245	140	20.3754529847	29.8536154771	29.1589511835	13.811
2650	0	1	1	289	18	12.2738049488	28.7610320829	28.3425788563	11.685
2650	0	1	2	1633	102	12.2738049488	30.3451872323	29.9267340057	10.346
2651	0	1	1	431	26	11.6123515335	30.8869815976	30.4910794313	12.031
2651	0	1	2	1780	111	11.6123515335	30.3246194842	29.9287173179	6.567
2652	0	1	1	795	49	24.0866663426	33.1249646316	32.303773217	7.685
2652	0	1	2	2135	133	24.0866663426	29.5917718104	28.7705803957	14.409
2653	0	1	1	1065	66	13.4418957662	29.6769182162	29.2186410415	8.456
2653	0	1	2	2412	150	13.4418957662	30.8268342449	30.3685570702	15.937
2654	0	1	1	305	19	18.2816927137	26.6074122819	25.9841309657	6.347
2654	0	1	2	1649	103	18.2816927137	29.1977394361	28.5744581199	15.843
2656	0	1	1	157	9	18.1810944264	31.4369769794	30.8171253802	11.559
2656	0	1	2	1497	93	18.1810944264	30.0756130102	29.455761411	9.213
2657	0	1	1	478	29	10.1896870909	31.123442406	30.7760434161	12.409
2657	0	1	2	1826	114	10.1896870909	28.6751160018	28.3277170119	7.496
2658	0	1	1	836	52	20.1903189965	29.6717876498	28.9834351654	13.008
2658	0	1	2	2179	136	20.1903189965	22.0952875191	21.4069350346	14.693
2659	0	1	1	429	26	9.0393129771	27.7981172169	27.4899381561	14.772
2659	0	1	2	1775	110	9.0393129771	30.2968904108	29.98871135	11.102
2660	0	1	1	471	29	7.79270098899	30.4166899317	30.1510118566	7.843
2660	0	1	2	1817	113	7.79270098899	29.498966434	29.233288359	11.906
2661	0	1	1	513	32	9.23464019804	31.7030087885	31.3881703986	8.677
2661	0	1	2	1859	116	9.23464019804	30.6114089711	30.2965705813	13.087
2662	0	1	1	470	29	7.40915516097	24.3779464248	24.1253446525	13.748
2662	0	1	2	1817	113	7.40915516097	28.4190654146	28.1664636423	14.441
2663	0	1	1	1246	77	7.06110512827	29.366994471	29.1262588363	5.905
2663	0	1	2	2596	162	7.06110512827	26.8517674826	26.611031848	10.567
2664	0	1	1	528	33	12.0301797623	28.968559291	28.5584120254	16.158
2664	0	1	2	1878	117	12.0301797623	29.641645318	29.2314980524	7.496
2665	0	1	1	349	21	13.214259492	30.5584520399	30.1079357131	10.992
2665	0	1	2	1693	105	13.214259492	30.3182993577	29.8677830309	10.567
2666	0	1	1	470	29	9.88298670671	27.7477101038	27.41076751	9.968
2666	0	1	2	1818	113	9.88298670671	29.4750883005	29.1381457067	4.788
2667	0	1	1	807	50	25.9599163592	31.7740352293	30.8889787364	13.055
2667	0	1	2	2149	134	25.9599163592	28.9490623422	28.0640058493	15.244
2668	0	1	1	795	49	24.1839576483	34.8559677302	34.0314593441	11.449
2668	0	1	2	2134	133	24.1839576483	30.8618061688	30.0372977827	8.582
2669	0	1	1	1093	68	9.43240996337	28.8361993641	28.5146183711	13.212
2669	0	1	2	2440	152	9.43240996337	29.4266624392	29.1050814461	7.559
2670	0	1	1	487	30	9.19504965319	28.9343472821	28.6208586604	14.897
2670	0	1	2	1831	114	9.19504965319	29.1986514473	28.8851628256	10.756
2671	0	1	1	481	30	9.4865307022	24.5772473174	24.2538211754	17.842
2671	0	1	2	1826	114	9.4865307022	27.3849735487	27.0615474068	10.377
2672	0	1	1	379	23	9.42447161094	28.5464344627	28.2251241135	6.126
2672	0	1	2	1724	107	9.42447161094	23.7691894657	23.4478791164	15.968
2673	0	1	1	168	10	21.0202291802	27.6400061091	26.9233593349	11.37
2673	0	1	2	1511	94	21.0202291802	26.6489381107	25.9322913365	19.008
2674	0	1	1	489	30	9.42227428234	27.5276808633	27.2064454281	14.945
2674	0	1	2	1834	114	9.42227428234	27.8349963949	27.5137609596	15.653
2675	0	1	1	965	60	12.6012926461	38.5980060053	38.1683876768	8.598
2675	0	1	2	2310	144	12.6012926461	29.9695970933	29.5399787648	10.803
2676	0	1	1	487	30	10.3645308782	24.0399254921	23.6865655189	15.622
2676	0	1	2	1831	114	10.3645308782	30.1698660475	29.8165060742	13.212
2677	0	1	1	492	30	17.83787337	29.8349982207	29.2268481239	6.961
2677	0	1	2	1838	114	17.83787337	35.1402630336	34.5321129369	4.614
2678	0	1	1	485	30	11.1018321032	24.3876504824	24.0091535546	18.992
2678	0	1	2	1830	114	11.1018321032	28.8301235755	28.4516266477	10.929
2679	0	1	1	792	49	25.6986426428	34.2787156043	33.4025667672	15.433
2679	0	1	2	2132	133	25.6986426428	32.0260156494	31.1498668123	24.645
2680	0	1	1	806	50	26.7736827415	29.2380856085	28.3252852196	7.433
2680	0	1	2	2149	134	26.7736827415	30.1614690876	29.2486686987	15.969
2680	1	1	1	807	50	26.7736827415	30.6973291225	29.7845287336	16.252
2680	1	1	2	2148	134	26.7736827415	27.8244769548	26.9116765659	19.685
2681	0	1	1	1229	76	11.6080855201	28.8950600104	28.4993032862	10.992
2681	0	1	2	2578	161	11.6080855201	30.1946547055	29.7988979813	11.59
2682	0	1	1	490	30	12.4302362777	27.7185043447	27.2947178743	16.126
2682	0	1	2	1835	114	12.4302362777	31.422136659	30.9983501886	7.275
2683	0	1	1	832	52	22.7000185515	33.5534971071	32.7795809461	9.401
2683	0	1	2	2174	135	22.7000185515	33.38333648	32.609420319	6.157
2684	0	1	1	590	36	8.00637199941	27.4381664971	27.1652036946	13.496
2684	0	1	2	1940	121	8.00637199941	27.8472771195	27.574314317	15.465
2685	0	1	1	937	58	14.4851148922	33.7184797305	33.2246358826	13.276
2685	0	1	2	2280	142	14.4851148922	33.8613381996	33.3674943517	5.197
2686	0	1	1	493	30	13.5279769196	30.5837914853	30.122579529	15.433
2686	0	1	2	1838	114	13.5279769196	31.8407313968	31.3795194405	11.04
2687	0	1	1	1213	75	11.1672143606	28.166452088	27.7857260702	11.622
2687	0	1	2	2564	160	11.1672143606	31.8080083744	31.4272823566	6.646
2688	0	1	1	577	36	7.7845840752	32.7101859045	32.444784561	8.882
2688	0	1	2	1925	120	7.7845840752	30.9604022682	30.6950009246	12.189
2689	0	1	1	604	37	5.88080149664	27.4154366908	27.2149413781	4.504
2689	0	1	2	1952	122	5.88080149664	28.8984419622	28.6979466495	6.063
2690	0	1	1	973	60	15.0551058688	28.7723152621	28.2590386006	14.189
2690	0	1	2	2313	144	15.0551058688	29.1299909914	28.6167143299	5.323
2691	0	1	1	571	35	11.5840585331	25.4146435571	25.0197059897	9.874
2691	0	1	2	1921	120	11.5840585331	28.7926587984	28.3977212309	6.536
2692	0	1	1	306	19	16.8456666304	31.0015703557	30.4272477569	9.024
2692	0	1	2	1651	103	16.8456666304	30.4587111723	29.8843885735	12.126
2693	0	1	1	506	31	7.91529237381	30.8358752538	30.5660176467	15.244
2693	0	1	2	1857	116	7.91529237381	30.8672447298	30.5973871227	9.197
2694	0	1	1	1081	67	12.8843188729	28.2288048722	27.7895372753	8.158
2694	0	1	2	2427	151	12.8843188729	27.240947008	26.8016794111	10.724
2695	0	1	1	431	26	9.39524045516	27.8377045912	27.5173908254	7.717
2695	0	1	2	1777	111	9.39524045516	28.910092673	28.5897789073	10.063
2696	0	1	1	313	19	17.8639056827	27.3318412123	26.7228035909	15.779
2696	0	1	2	1659	103	17.8639056827	28.8398665603	28.2308289388	12.504
2696	1	1	1	309	19	17.8639056827	31.7093147609	31.1002771394	10.189
2696	1	1	2	1650	103	17.8639056827	31.6413916217	31.0323540003	6.378
2697	0	1	1	282	17	12.4959311491	33.0486737983	32.6226475798	16.283
2697	0	1	2	1626	101	12.4959311491	35.4379398954	35.011913677	5.78
2698	0	1	1	215	13	17.9780966336	27.3951547939	26.782224038	10.347
2698	0	1	2	1554	97	17.9780966336	26.2878887439	25.6749579881	5.024
2699	0	1	1	918	57	10.0867384136	34.4894968187	34.1456076782	25.134
2699	0	1	2	2261	141	10.0867384136	33.1401734857	32.7962843451	4.472
2700	0	1	1	485	30	9.70510935359	31.2752771853	30.9443989987	19.087
2700	0	1	2	1829	114	9.70510935359	30.4915705091	30.1606923226	10.41
2701	0	1	1	1030	64	18.2114949995	31.5674794918	30.9465914399	13.402
2701	0	1	2	2373	148	18.2114949995	39.2763221117	38.6554340599	5.212
2702	0	1	1	471	29	12.9749614405	44.1981926195	43.7558347279	25.638
2702	0	1	2	1814	113	12.9749614405	31.7974029388	31.3550450471	11.118
2703	0	1	1	281	17	15.1599355671	36.0356758651	35.5188252242	12.378
2703	0	1	2	1625	101	15.1599355671	33.7063095684	33.1894589276	5.874
2704	0	1	1	443	27	11.6993606666	16.6044039697	16.2055353841	5.937
2704	0	1	2	1774	110	11.6993606666	30.5696101776	30.170741592	14.708
2705	0	1	1	803	50	22.5709033438	23.8616725547	23.0921583437	4.158
2705	0	1	2	2146	134	22.5709033438	31.0350981914	30.2655839804	17.102
2706	0	1	1	224	14	18.5926793131	31.8889390936	31.2550552505	7.843
2706	0	1	2	1566	97	18.5926793131	33.0404885223	32.4066046793	13.401
2707	0	1	1	310	19	14.9124782178	31.0459074105	30.5374933814	12
2707	0	1	2	1653	103	14.9124782178	32.4631581764	31.9547441472	11.354
2708	0	1	1	430	26	14.3735857971	29.4482222378	28.9581807731	15.26
2708	0	1	2	1776	111	14.3735857971	31.5612742741	31.0712328094	9.937
2709	0	1	1	571	35	6.5828439216	24.7045002635	24.4800700815	13.244
2709	0	1	2	1921	120	6.5828439216	27.7772112858	27.5527811038	10.819
2710	0	1	1	434	27	10.5344252536	28.9708021926	28.6116499773	8.189
2710	0	1	2	1781	111	10.5344252536	27.5316519032	27.1724996879	8.284
2711	0	1	1	301	18	9.34948343864	34.7737519673	34.4549982044	9.307
2711	0	1	2	1643	102	9.34948343864	35.6152525104	35.2964987476	10.567
2712	0	1	1	444	27	13.0525631432	27.1537928301	26.7087892485	9.181
2712	0	1	2	1791	111	13.0525631432	25.476625108	25.0316215264	7.181
2713	0	1	1	417	26	9.44990639771	32.5576047388	32.2354272364	27.842
2713	0	1	2	1771	110	9.44990639771	28.4041989919	28.0820214895	17.748
2714	0	1	1	1087	67	10.366491638	25.9048229895	25.5513961677	17.622
2714	0	1	2	2431	151	10.366491638	23.619437334	23.2660105122	17.906
2715	0	1	1	430	26	12.0965402586	29.6460002171	29.2335905102	14.536
2715	0	1	2	1776	111	12.0965402586	31.9428975408	31.5304878338	13.402
2717	0	1	1	281	17	9.21343454125	30.3102529001	29.9961374788	17.559
2717	0	1	2	1624	101	9.21343454125	32.0588356734	31.7447202521	18.126
2718	0	1	1	514	32	13.831350225	25.0615404627	24.5899855411	13.874
2718	0	1	2	1861	116	13.831350225	26.0712998998	25.5997449782	5.748
2719	0	1	1	585	36	9.86322952197	25.9871343105	25.6508653022	12.315
2719	0	1	2	1933	120	9.86322952197	28.4831738721	28.1469048638	7.59
2720	0	1	1	1251	78	8.16868068335	27.3872168583	27.1087204341	10.504
2720	0	1	2	2600	162	8.16868068335	25.6735365201	25.3950400959	17.213
2721	0	1	1	586	36	8.11077354561	31.0680220402	30.7914998554	8.866
2721	0	1	2	1927	120	8.11077354561	30.8944328859	30.6179107011	7.591
2722	0	1	1	212	13	16.6753698747	28.0694384074	27.5009217691	6.504
2722	0	1	2	1556	97	16.6753698747	27.2542419199	26.6857252816	7.04
2723	0	1	1	916	57	19.5661484624	32.7920909753	32.1250184586	11.874
2723	0	1	2	2257	141	19.5661484624	31.232692816	30.5656202993	8.032
2724	0	1	1	438	27	7.04495798319	30.5657721891	30.3255870622	9.685
2724	0	1	2	1783	111	7.04495798319	27.4839385479	27.243753421	8.221
2725	0	1	1	438	27	10.9152476336	26.4802219542	26.1080862871	8.441
2725	0	1	2	1789	111	10.9152476336	28.3351164307	27.9629807636	16.661
2726	0	1	1	1268	79	12.0387762463	28.510904867	28.1004645198	13.181
2726	0	1	2	2619	163	12.0387762463	35.3047805201	34.8943401729	8.614
2727	0	1	1	107	6	20.6725471444	29.2089045633	28.5041113805	26.473
2727	0	1	2	1449	90	20.6725471444	30.9142627896	30.2094696068	17.874
2728	0	1	1	903	56	18.3556092328	30.1180763992	29.4922750327	10.157
2728	0	1	2	2245	140	18.3556092328	29.3389240431	28.7131226765	16.976
2729	0	1	1	930	58	11.6681404777	27.6892666001	27.2914624104	17.59
2729	0	1	2	2274	142	11.6681404777	27.5307405654	27.1329363757	15.874
2729	1	1	1	932	58	11.6681404777	29.8836363797	29.4858321901	13.15
2729	1	1	2	2273	142	11.6681404777	29.4437573158	29.0459531262	14.504
2729	2	1	1	929	58	11.6681404777	34.3823349905	33.9845308009	12.095
2729	2	1	2	2272	142	11.6681404777	32.1816743389	31.7838701492	7.433
2730	0	1	1	1091	68	10.285328792	31.7507666415	31.4001069204	7.811
2730	0	1	2	2439	152	10.285328792	33.9918905367	33.6412308157	14.094
2731	0	1	1	1009	63	14.8935139705	29.4536034771	28.9458359998	12.677
2731	0	1	2	2354	147	14.8935139705	31.2441823804	30.7364149031	13.401
2732	0	1	1	478	29	11.2630150605	28.3696690697	27.9856768999	16.787
2732	0	1	2	1826	114	11.2630150605	30.7547543168	30.370762147	7.937
2733	0	1	1	548	34	11.9035657027	29.8636674476	29.4578368599	19.323
2733	0	1	2	1895	118	11.9035657027	29.8837420634	29.4779114756	14.284
2734	0	1	1	492	30	15.074745599	31.0862598134	30.5723135708	4.032
2734	0	1	2	1838	114	15.074745599	29.7584807876	29.244534545	8
2735	0	1	1	1217	76	6.92875221534	28.8814653254	28.6452420244	12.063
2735	0	1	2	2566	160	6.92875221534	29.447993665	29.211770364	7.244
2736	0	1	1	487	30	14.0518139632	27.9916669027	27.5125956679	15.166
2736	0	1	2	1831	114	14.0518139632	31.9791675018	31.500096267	11.149
2737	0	1	1	896	56	20.4809969094	30.5163682967	29.8181056735	22.961
2737	0	1	2	2238	139	20.4809969094	40.114255735	39.4159931117	5.811
2738	0	1	1	470	29	10.7854978326	23.7514356243	23.3837235425	10.614
2738	0	1	2	1818	113	10.7854978326	29.9392088763	29.5714967946	9.748
2739	0	1	1	941	58	9.39154516925	36.9207148139	36.6005270323	7.811
2739	0	1	2	2282	142	9.39154516925	37.565763506	37.2455757244	9.748
2740	0	1	1	485	30	7.17461956236	27.2728151984	27.028209494	16.803
2740	0	1	2	1829	114	7.17461956236	33.0560750326	32.8114693282	10.189
2741	0	1	1	491	30	11.3723520962	27.4061230399	27.0184032213	13.118
2741	0	1	2	1837	114	11.3723520962	26.7046191987	26.3168993801	13.481
2742	0	1	1	1045	65	15.0851163172	35.7936763019	35.2793764884	21.496
2742	0	1	2	2399	149	15.0851163172	31.8660630703	31.3517632567	16.992
2743	0	1	1	296	18	11.586885773	36.5824168986	36.1873829415	4.094
2743	0	1	2	1639	102	11.586885773	35.0763092575	34.6812753004	12.914
2744	0	1	1	994	62	14.4483330532	25.9850739618	25.4924841243	15.559
2744	0	1	2	2337	146	14.4483330532	28.169881751	27.6772919136	10.771
2745	0	1	1	518	32	7.47342652495	27.5691082025	27.314315214	7.528
2745	0	1	2	1866	116	7.47342652495	28.1003243054	27.8455313169	8
2746	0	1	1	1221	76	6.86355172414	29.6413540806	29.4073536727	13.906
2746	0	1	2	2571	160	6.86355172414	32.7703685396	32.5363681317	4.756
2747	0	1	1	1226	76	12.3648364385	27.4013285479	26.979771767	5.685
2747	0	1	2	2578	161	12.3648364385	30.8849484202	30.4633916393	4.221
2748	0	1	1	234	14	11.7826420351	31.1715140639	30.7698061504	10.221
2748	0	1	2	1577	98	11.7826420351	28.5256623039	28.1239543903	13.716
2749	0	1	1	1246	77	7.27887074636	28.1290712227	27.8809112623	7.906
2749	0	1	2	2594	162	7.27887074636	26.0290455786	25.7808856182	14.252
2750	0	1	1	902	56	13.1857792204	30.9805025171	30.5309571737	13.905
2750	0	1	2	2242	140	13.1857792204	31.4180045459	30.9684592026	9.244
2751	0	1	1	1012	63	12.9061709112	27.4244722111	26.9844596084	16.41
2751	0	1	2	2356	147	12.9061709112	29.0767655252	28.6367529225	11.433
2752	0	1	1	489	30	10.2998363103	28.6789105707	28.327756242	14.346
2752	0	1	2	1834	114	10.2998363103	29.4490670279	29.0979126992	12.221
2753	0	1	1	1048	65	14.85526053	29.4532276224	28.9467643271	8.834
2753	0	1	2	2400	150	14.85526053	30.5478751139	30.0414118185	12.41
2754	0	1	1	474	29	7.83295913659	29.2790269329	29.0119763289	12.126
2754	0	1	2	1821	113	7.83295913659	31.3799620606	31.1129114566	7.496
2755	0	1	1	793	49	25.1314805199	33.0786942025	32.2218817343	14.882
2755	0	1	2	2133	133	25.1314805199	30.3160819505	29.4592694823	15.37
2756	0	1	1	1254	78	10.2956118577	31.6118321544	31.2608218508	6.567
2756	0	1	2	2602	162	10.2956118577	30.1108351039	29.7598248003	15.843
2757	0	1	1	470	29	12.4752574911	30.2034071838	29.7780857964	10.063
2757	0	1	2	1816	113	12.4752574911	30.4884954498	30.0631740624	12.567
2758	0	1	1	250	15	18.9649636838	27.9587830877	27.312206881	7.213
2758	0	1	2	1592	99	18.9649636838	32.9807934246	32.3342172179	8
2759	0	1	1	554	34	10.808080945	30.0911081921	29.7226261799	11.654
2759	0	1	2	1904	119	10.808080945	28.4450913308	28.0766093186	8.157
2760	0	1	1	522	32	7.39254818354	29.9747119639	29.7226763765	11.055
2760	0	1	2	1869	116	7.39254818354	28.4570800996	28.2050445121	9.654
2761	0	1	1	795	49	24.4453772136	32.0477273835	31.2143063691	14
2761	0	1	2	2134	133	24.4453772136	31.8826785345	31.0492575201	17.78
2762	0	1	1	491	30	9.02964988426	29.8374069632	29.5295573481	15.527
2762	0	1	2	1833	114	9.02964988426	29.2997345659	28.9918849508	6.362
2764	0	1	1	554	34	10.8110404144	22.5145967416	22.1460138317	20.929
2764	0	1	2	1901	118	10.8110404144	25.8747378789	25.5061549689	15.307
2765	0	1	1	1230	76	6.23954074638	28.9553896695	28.7426637896	11.26
2765	0	1	2	2582	161	6.23954074638	28.0510884817	27.8383626018	9.37
2767	0	1	1	865	54	20.6716329604	27.5518587011	26.8470966858	12.504
2767	0	1	2	2209	138	20.6716329604	31.3071397074	30.602377692	8.457
2768	0	1	1	491	30	13.1973591129	27.4445699245	26.9946297856	18.977
2768	0	1	2	1837	114	13.1973591129	24.7138453374	24.2639051985	12.236
2769	0	1	1	125	7	19.0864571269	29.7031674776	29.0524491712	13.779
2769	0	1	2	1466	91	19.0864571269	30.2698794196	29.6191611132	22.473
2770	0	1	1	1222	76	13.0195420387	28.6701352392	28.2262574526	16.929
2770	0	1	2	2572	160	13.0195420387	29.4352392495	28.9913614628	12.708
2771	0	1	1	486	30	7.21710125274	27.3602641753	27.1142101343	15.905
2771	0	1	2	1831	114	7.21710125274	29.1792452926	28.9331912517	13.039
2772	0	1	1	985	61	17.0552204365	28.0214966628	27.4400297052	10.788
2772	0	1	2	2330	145	17.0552204365	36.6553230606	36.073856103	14.126
2773	0	1	1	519	32	10.3072387562	11.3060360949	10.9546293931	8.945
2773	0	1	2	1869	116	10.3072387562	10.6826807294	10.3312740277	8.882
2774	0	1	1	429	26	12.4023851923	32.0520311135	31.6291941756	13.039
2774	0	1	2	1776	111	12.4023851923	31.925387645	31.5025507071	8.189
2775	0	1	1	574	35	8.99775349865	25.179610248	24.8728480826	18.677
2775	0	1	2	1924	120	8.99775349865	33.0549258777	32.7481637123	12.535
2776	0	1	1	486	30	12.6670325348	29.8749514187	29.4430918073	16.504
2776	0	1	2	1830	114	12.6670325348	28.0399159475	27.6080563361	12.74
2777	0	1	1	1253	78	7.77745170857	28.9075308088	28.6423726304	9.716
2777	0	1	2	2601	162	7.77745170857	31.1714542782	30.9062960998	15.874
2778	0	1	1	269	16	14.4512563604	30.6924599699	30.1997704676	11.559
2778	0	1	2	1612	100	14.4512563604	30.1647475455	29.6720580431	14.63
2779	0	1	1	490	30	11.6814931306	27.620200959	27.2219415348	18.063
2779	0	1	2	1835	114	11.6814931306	30.4403911802	30.042131756	16.835
2780	0	1	1	209	13	19.3916032491	35.2921358496	34.6310141369	4.347
2780	0	1	2	1552	97	19.3916032491	36.1387026045	35.4775808918	7.118
2781	0	1	1	949	59	19.5715902885	26.0403273631	25.3730693173	18.788
2781	0	1	2	2290	143	19.5715902885	30.4759465107	29.8086884648	9.905
2782	0	1	1	485	30	9.89084393505	29.418518093	29.0813076211	13.071
2782	0	1	2	1831	114	9.89084393505	30.0631936554	29.7259831835	9.008
2784	0	1	1	493	30	13.0851072124	29.0866946505	28.6405815375	5.465
2784	0	1	2	1838	114	13.0851072124	28.7254901432	28.2793770302	18.315
2785	0	1	1	519	32	7.58955587187	30.2945097786	30.0357575697	7.653
2785	0	1	2	1865	116	7.58955587187	32.0581631048	31.7994108958	10.567
2786	0	1	1	985	61	13.0628637964	32.6421768578	32.1968220939	18.157
2786	0	1	2	2337	146	13.0628637964	31.4561078894	31.0107531256	10.189
2786	1	1	1	993	62	13.0628637964	26.4428904998	25.997535736	12.803
2786	1	1	2	2340	146	13.0628637964	30.7325306368	30.287175873	14.347
2787	0	1	1	571	35	26.3813000557	30.0007212622	29.1012984528	9.37
2787	0	1	2	1918	119	26.3813000557	30.3301083742	29.4306855647	10.346
2788	0	1	1	210	13	12.4985204854	20.2882385083	19.8621240111	13.779
2788	0	1	2	1553	97	12.4985204854	19.5638679209	19.1377534236	15.842
2789	0	1	1	1009	63	17.58053707	27.9226130921	27.323236412	8.032
2789	0	1	2	2354	147	17.58053707	29.655952358	29.0565756779	15.528
2790	0	1	1	327	20	11.9166856804	27.4351958163	27.0289179266	9.748
2790	0	1	2	1671	104	11.9166856804	13.2377328315	12.8314549417	5.307
2791	0	1	1	484	30	9.32130038891	28.2737411794	27.9559482668	23.401
2791	0	1	2	1828	114	9.32130038891	28.5669313636	28.2491384509	7.37
2792	0	1	1	264	16	15.8944120893	28.6240917096	28.0822004175	16.126
2792	0	1	2	1608	100	15.8944120893	27.6947158478	27.1528245556	10.882
2793	0	1	1	530	33	8.90619515268	30.7341055413	30.4304648924	13.638
2793	0	1	2	1879	117	8.90619515268	29.3168578209	29.0132171721	11.874
2794	0	1	1	1029	64	12.8950281457	22.6355956749	22.1959629647	13.748
2794	0	1	2	2372	148	12.8950281457	25.4258180725	24.9861853623	6.126
2795	0	1	1	1071	66	17.7989590792	25.6794827382	25.0726593539	14.835
2795	0	1	2	2418	151	17.7989590792	24.877743523	24.2709201387	16.992
2796	0	1	1	347	21	14.7282648124	32.8145201971	32.3123865915	9.874
2796	0	1	2	1690	105	14.7282648124	32.5360544793	32.0339208738	6.504
2797	0	1	1	571	35	10.214956617	22.7630114116	22.4147509028	16.378
2797	0	1	2	1921	120	10.214956617	25.4428929829	25.0946324741	16.599
2798	0	1	1	1226	76	12.2540169308	25.3034343183	24.8856557285	5.338
2798	0	1	2	2578	161	12.2540169308	29.6117074213	29.1939288315	7.134
2799	0	1	1	488	30	9.85155987934	27.4195694894	27.0836983365	14.598
2799	0	1	2	1833	114	9.85155987934	29.3267064433	28.9908352904	11.37
2800	0	1	1	961	60	19.4721450932	12.3188361577	11.6549685163	5.874
2800	0	1	2	2304	144	19.4721450932	14.0671821007	13.4033144593	4.158
2801	0	1	1	1085	67	10.4222108606	29.6098648304	29.2545383623	4.882
2801	0	1	2	2431	151	10.4222108606	29.4062351985	29.0509087303	15.622
2802	0	1	1	1038	64	7.7925014731	33.557777838	33.2921065651	13.874
2802	0	1	2	2385	149	7.7925014731	30.2115494969	29.9458782239	12.662
2803	0	1	1	1044	65	15.5902633661	24.6435227488	24.1120008584	19.181
2803	0	1	2	2398	149	15.5902633661	27.9956755065	27.4641536161	17.969
2804	0	1	1	1222	76	12.414302799	34.378183077	33.9549398298	8.85
2804	0	1	2	2573	160	12.414302799	29.4733802478	29.0501370006	7.04
2805	0	1	1	346	21	16.2303925501	31.1833370582	30.6299911186	4.189
2805	0	1	2	1675	104	16.2303925501	27.5422615133	26.9889155738	10.725
2806	0	1	1	219	13	20.3845079879	35.6317000358	34.9367270282	7.275
2806	0	1	2	1562	97	20.3845079879	36.3049550263	35.6099820187	4.614
2807	0	1	1	292	18	19.2696660279	30.6052512978	29.9482868147	5.37
2807	0	1	2	1635	102	19.2696660279	30.9748848381	30.317920355	12.173
2808	0	1	1	429	26	13.1883258392	29.2880262748	28.838394109	16
2808	0	1	2	1775	110	13.1883258392	32.1780571622	31.7284249965	16.094
2809	0	1	1	892	55	21.1225855637	34.5287281433	33.8085917129	13.937
2809	0	1	2	2235	139	21.1225855637	33.1193234215	32.3991869911	4.315
2810	0	1	1	453	28	10.5252947185	29.6124530191	29.2536120929	5.118
2810	0	1	2	1798	112	10.5252947185	30.3400428625	29.9812019363	8.283
2811	0	1	1	289	18	13.4894932892	26.9630941363	26.5031942099	12.284
2811	0	1	2	1632	102	13.4894932892	28.3191453938	27.8592454674	13.969
2812	0	1	1	591	36	12.0780061835	28.5401069352	28.1283291141	19.118
2812	0	1	2	1940	121	12.0780061835	26.2889196116	25.8771417905	13.842
2813	0	1	1	489	30	9.82794995712	24.6411956236	24.3061294084	20.504
2813	0	1	2	1834	114	9.82794995712	30.2835602043	29.9484939891	11.779
2814	0	1	1	82	5	25.2726828451	33.5411884317	32.679561925	16.473
2814	0	1	2	1422	88	25.2726828451	29.9576102614	29.0959837548	14.472
2815	0	1	1	795	49	25.5642183332	31.7437326532	30.8721667703	10.977
2815	0	1	2	2134	133	25.5642183332	30.3642978299	29.492731947	15.748
2816	0	1	1	963	60	16.7064821979	29.8899055668	29.3203282099	14.063
2816	0	1	2	2306	144	16.7064821979	30.4511423476	29.8815649907	15.591
2817	0	1	1	477	29	8.96488379766	33.3874091767	33.0817676445	12.126
2817	0	1	2	1825	114	8.96488379766	29.0679649713	28.7623234391	4.63
2818	0	1	1	981	61	16.9978625563	31.0356477343	30.4561362901	9.023
2818	0	1	2	2326	145	16.9978625563	31.0822449254	30.5027334812	4.913
2819	0	1	1	879	54	16.6285803973	29.1641100131	28.5971885775	10.189
2819	0	1	2	2222	138	16.6285803973	28.8799728075	28.313051372	16.85
2820	0	1	1	525	32	12.7925225549	28.3168533117	27.8807153446	4.756
2820	0	1	2	1872	117	12.7925225549	30.0880505802	29.651912613	7.118
2821	0	1	1	935	58	17.677055219	26.7323673158	26.1297000236	7.905
2821	0	1	2	2274	142	17.677055219	24.0012374594	23.3985701673	6.788
2822	0	1	1	376	23	14.9102859285	31.0349990698	30.5266597828	8.347
2822	0	1	2	1721	107	14.9102859285	28.9598288261	28.4514895391	15.748
2823	0	1	1	494	30	10.0244836038	28.372046993	28.0302803179	5.402
2823	0	1	2	1840	115	10.0244836038	29.8350915122	29.493324837	4.094
2824	0	1	1	490	30	9.64258649673	27.7411788914	27.4124323088	13.905
2824	0	1	2	1834	114	9.64258649673	27.7336918889	27.4049453064	13.339
2825	0	1	1	510	31	6.63659484139	28.6982962423	28.4720335197	17.04
2825	0	1	2	1860	116	6.63659484139	31.3295971659	31.1033344433	15.748
2826	0	1	1	987	61	16.6294372635	24.7670180395	24.2000673907	14.283
2826	0	1	2	2332	145	16.6294372635	32.284810603	31.7178599542	9.559
2827	0	1	1	253	15	16.0673986299	29.9303374571	29.3825485011	5.905
2827	0	1	2	1594	99	16.0673986299	29.7025974637	29.1548085076	8.819
2828	0	1	1	474	29	12.9683562347	30.7482556711	30.306122972	21.496
2828	0	1	2	1819	113	12.9683562347	33.4954227983	33.0532900992	7.748
2829	0	1	1	917	57	18.902389502	31.7329875759	31.088544723	16.929
2829	0	1	2	2260	141	18.902389502	33.5627214632	32.9182786102	6.032
2830	0	1	1	470	29	11.5527139334	27.4544263575	27.0605574276	10.204
2830	0	1	2	1815	113	11.5527139334	30.3598924873	29.9660235574	5.15
2831	0	1	1	456	28	9.89617622081	28.5667298767	28.2293376102	6.599
2831	0	1	2	1802	112	9.89617622081	27.6246603228	27.2872680563	6.992
2832	0	1	1	488	30	9.91744803683	29.2203392233	28.8822217326	14.441
2832	0	1	2	1834	114	9.91744803683	32.8630895496	32.5249720589	13.229
2833	0	1	1	1212	75	12.7195933962	30.4381002214	30.0044486423	9.559
2833	0	1	2	2561	160	12.7195933962	29.6528278329	29.2191762538	6.126
2834	0	1	1	1211	75	9.55814020677	28.9791568937	28.653289355	8.661
2834	0	1	2	2561	160	9.55814020677	33.8216268656	33.4957593269	6.346
2835	0	1	1	793	49	24.4090624208	34.6163216657	33.7841387386	12.645
2835	0	1	2	2133	133	24.4090624208	33.0945616882	32.2623787611	7.559
2836	0	1	1	1253	78	9.63018760512	27.9149008037	27.5865769389	7.969
2836	0	1	2	2601	162	9.63018760512	30.7031700266	30.3748461619	11.386
2837	0	1	1	809	50	25.0289895199	29.9210249753	29.0677067528	14.834
2837	0	1	2	2149	134	25.0289895199	36.005314923	35.1519967004	7.811
2838	0	1	1	876	54	21.273090836	33.6786027964	32.9533351604	13.433
2838	0	1	2	2218	138	21.273090836	31.1455313356	30.4202636996	16.22
2839	0	1	1	486	30	14.1799710737	32.0710976919	31.5876571718	13.323
2839	0	1	2	1831	114	14.1799710737	29.2017555008	28.7183149806	9.874
2840	0	1	1	473	29	11.4367976999	38.1958352667	37.8059182915	18.488
2840	0	1	2	1817	113	11.4367976999	28.9434621816	28.5535452064	9.669
2841	0	1	1	234	14	18.8412403902	32.1975980934	31.5552400091	10.315
2841	0	1	2	1577	98	18.8412403902	31.2607468157	30.6183887314	11.716
2842	0	1	1	523	32	7.37238197587	28.8860137427	28.6346656858	10.189
2842	0	1	2	1869	116	7.37238197587	42.7571071434	42.5057590864	4.346
2843	0	1	1	291	18	16.5679424303	29.4078752767	28.8430211832	14.992
2843	0	1	2	1633	102	16.5679424303	32.013639307	31.4487852135	10.472
2844	0	1	1	432	27	11.9948217086	31.1898658356	30.780924039	5.59
2844	0	1	2	1779	111	11.9948217086	30.4573480285	30.048406232	6.126
2845	0	1	1	492	30	12.6021673638	29.2210339126	28.7913857621	6.189
2845	0	1	2	1837	114	12.6021673638	27.6119095229	27.1822613724	10.787
2847	0	1	1	165	10	21.8214370886	33.2191707916	32.4752082799	6.693
2847	0	1	2	1507	94	21.8214370886	29.440132019	28.6961695072	11.086
2848	0	1	1	895	55	17.1110151551	16.5434557519	15.9600865741	6.347
2848	0	1	2	2234	139	17.1110151551	29.9909715199	29.407602342	9.354
2849	0	1	1	808	50	23.2672834798	32.9674019149	32.17414588	9.591
2849	0	1	2	2149	134	23.2672834798	34.4077589149	33.61450288	15.26
2850	0	1	1	485	30	6.7718400363	28.6867360549	28.4558623915	14.095
2850	0	1	2	1829	114	6.7718400363	29.6802465466	29.4493728831	13.086
2851	0	1	1	485	30	10.5324656667	27.7544362072	27.3953508005	17.339
2851	0	1	2	1829	114	10.5324656667	29.3164908991	28.9574054923	10.819
2852	0	1	1	902	56	19.769386041	30.4951668719	29.8211653369	17.843
2852	0	1	2	2244	140	19.769386041	31.6645190159	30.9905174809	6
2852	1	1	1	903	56	19.769386041	29.486703556	28.812702021	16
2852	1	1	2	2245	140	19.769386041	33.1279464609	32.4539449258	14.866
2853	0	1	1	439	27	7.95544316738	27.3986400084	27.1274135325	8.551
2853	0	1	2	1787	111	7.95544316738	27.3949497476	27.1237232716	13.685
2856	0	1	1	1224	76	8.21947331896	30.5312889475	30.2510608401	10.409
2856	0	1	2	2574	160	8.21947331896	30.5779699695	30.2977418621	8.41
2857	0	1	1	1213	75	10.4804575176	27.2823783314	26.9250660486	6.441
2857	0	1	2	2580	161	10.4804575176	23.9244581633	23.5671458806	13.149
2859	0	1	1	544	34	11.49641085	32.4284971798	32.0365478019	18.41
2859	0	1	2	1892	118	11.49641085	31.2771575558	30.8852081779	17.213
2860	0	1	1	1079	67	17.640538068	22.0269255686	21.4255032628	8.236
2860	0	1	2	2423	151	17.640538068	25.3101194847	24.7086971789	16.41
2861	0	1	1	431	26	11.2737595416	28.9233545101	28.5389960266	12.709
2861	0	1	2	1777	111	11.2737595416	27.6643621141	27.2800036307	11.433
2862	0	1	1	1222	76	14.1116065874	33.3993460339	32.9182362775	10.252
2862	0	1	2	2573	160	14.1116065874	30.2202803542	29.7391705978	5.748
2863	0	1	1	807	50	24.4941473214	31.3480876671	30.5130039239	15.276
2863	0	1	2	2148	134	24.4941473214	30.8318848223	29.9968010792	9.15
2864	0	1	1	76	4	18.6130305119	32.7197873089	32.0852096284	11.748
2864	0	1	2	1416	88	18.6130305119	32.260002689	31.6254250086	14
2865	0	1	1	919	57	22.2766614028	31.0739345446	30.3144519815	14.85
2865	0	1	2	2261	141	22.2766614028	31.40829324	30.6488106769	12.582
2867	0	1	1	486	30	11.0739450478	28.7224030965	28.3448569276	18.819
2867	0	1	2	1829	114	11.0739450478	29.5354075366	29.1578613677	13.291
2868	0	1	1	275	17	15.3123334823	32.2124844246	31.6904380519	11.716
2868	0	1	2	1616	101	15.3123334823	33.1913870873	32.6693407146	13.811
2869	0	1	1	141	8	17.341107737	28.9965545764	28.4053408073	8.693
2869	0	1	2	1482	92	17.341107737	28.9019554748	28.3107417057	20.96
2870	0	1	1	415	25	19.124368274	3.9469578105	3.29494699199	8.504
2870	0	1	2	1760	110	19.124368274	1.72316090638	1.07115008787	13.906
2871	0	1	1	917	57	16.5602194683	30.42463192	29.8600411269	17.48
2871	0	1	2	2260	141	16.5602194683	31.6357920674	31.0712012743	6.126
2872	0	1	1	1217	76	11.9767516347	30.8551891889	30.4468634589	5.276
2872	0	1	2	2566	160	11.9767516347	32.1419343225	31.7336085925	5.149
2873	0	1	1	447	27	12.0695420541	28.3035757001	27.8920864483	14.472
2873	0	1	2	1792	112	12.0695420541	31.7035064137	31.2920171618	5.937
2874	0	1	1	197	12	19.9980591674	30.669214903	29.9874171704	16
2874	0	1	2	1540	96	19.9980591674	29.596166991	28.9143692584	11.811
2875	0	1	1	836	52	21.2700168338	33.476357231	32.7511943976	11.055
2875	0	1	2	2179	136	21.2700168338	26.4225160922	25.6973532588	14.961
2876	0	1	1	528	33	12.3188228333	27.3743846267	26.9543965966	13.213
2876	0	1	2	1876	117	12.3188228333	29.5670594983	29.1470714681	11.78
2877	0	1	1	919	57	14.0219312856	24.0632731346	23.5852206958	8.803
2877	0	1	2	2265	141	14.0219312856	30.111399888	29.6333474492	6.252
2878	0	1	1	888	55	19.0118814556	36.3792698875	35.731094104	17.024
2878	0	1	2	2229	139	19.0118814556	35.567486009	34.9193102256	12.094
2880	0	1	1	832	52	23.9171460729	29.9266769891	29.1112650621	15.811
2880	0	1	2	2174	135	23.9171460729	31.0890766791	30.273664752	18.866
2881	0	1	1	809	50	23.9572866852	30.5730328443	29.7562523955	11.465
2881	0	1	2	2149	134	23.9572866852	33.6144765253	32.7976960765	6.897
2883	0	1	1	261	16	17.4562094511	34.4696842627	33.8745463084	5.874
2883	0	1	2	1605	100	17.4562094511	33.8567417699	33.2616038156	8.819
2884	0	1	1	1230	76	7.85590660747	30.4499398194	30.1821068628	15.229
2884	0	1	2	2582	161	7.85590660747	26.9466650319	26.6788320754	14.599
2885	0	1	1	863	53	18.9399208009	27.512809387	26.8670869722	10
2885	0	1	2	2210	138	18.9399208009	20.7168570155	20.0711346007	13.685
2886	0	1	1	516	32	11.5734281189	28.1602313788	27.7656562361	7.275
2886	0	1	2	1857	116	11.5734281189	28.2317874406	27.8372122979	11.118
2887	0	1	1	593	37	10.342744028	32.4941168485	32.1414996586	8.693
2887	0	1	2	1944	121	10.342744028	28.1148780878	27.7622608979	10.787
2888	0	1	1	919	57	18.5862342271	29.66097758	29.0273134705	16.74
2888	0	1	2	2264	141	18.5862342271	30.800459056	30.1667949465	7.622
2889	0	1	1	487	30	13.4703281668	27.6089086071	27.1496620811	19.087
2889	0	1	2	1831	114	13.4703281668	30.9675724849	30.5083259588	11.212
2890	0	1	1	1003	62	13.7944702166	34.9155469621	34.4452493979	7.59
2890	0	1	2	2349	146	13.7944702166	32.8238668856	32.3535693213	9.433
2891	0	1	1	554	34	13.7092497078	28.4437763226	27.9763841978	14.221
2891	0	1	2	1904	119	13.7092497078	25.5049509304	25.0375588056	11.292
2892	0	1	1	432	27	10.6331460674	29.6539577335	29.2914398102	11.386
2892	0	1	2	1779	111	10.6331460674	28.5877619596	28.2252440364	9.134
2893	0	1	1	907	56	13.4452362659	36.5303160654	36.0719250024	6.992
2893	0	1	2	2247	140	13.4452362659	39.0839804696	38.6255894066	7.779
2894	0	1	1	486	30	9.27676604253	31.7802829974	31.464008403	14.157
2894	0	1	2	1831	114	9.27676604253	29.3449725893	29.0286979948	7.024
2896	0	1	1	506	31	8.73850823247	32.5300105782	32.2320869123	13.748
2896	0	1	2	1857	116	8.73850823247	33.6817624072	33.3838387413	12.252
2897	0	1	1	456	28	10.2691785598	28.7333994623	28.3832903543	7.071
2897	0	1	2	1801	112	10.2691785598	27.7634575998	27.4133484918	11.055
2898	0	1	1	211	13	20.594433506	33.6307469785	32.9286169392	6.535
2898	0	1	2	1556	97	20.594433506	32.8438777442	32.1417477049	12.992
2899	0	1	1	903	56	22.8468847883	33.9469407545	33.1680174543	17.307
2899	0	1	2	2246	140	22.8468847883	36.164601746	35.3856784458	8.945
2900	0	1	1	439	27	16.0085212262	31.2310109259	30.6852292887	4.929
2900	0	1	2	1785	111	16.0085212262	31.9238345292	31.378052892	9.339
2901	0	1	1	310	19	16.4573968341	29.9192449611	29.3581597202	14.599
2901	0	1	2	1655	103	16.4573968341	28.650883185	28.0897979441	19.937
2902	0	1	1	1218	76	8.72768662599	28.585747656	28.2881929332	7.874
2902	0	1	2	2567	160	8.72768662599	28.6622145173	28.3646597945	7.843
2903	0	1	1	296	18	13.1529716336	29.5308249777	29.0823981498	19.496
2903	0	1	2	1640	102	13.1529716336	29.8951376552	29.4467108273	7.118
2904	0	1	1	797	49	24.0319929119	30.5811129562	29.7617855335	16.96
2904	0	1	2	2134	133	24.0319929119	29.9414497	29.1221222772	7.401
2906	0	1	1	1056	66	17.6013578056	32.5914068386	31.9913203131	10.189
2906	0	1	2	2401	150	17.6013578056	33.5087417042	32.9086551787	18.96
2907	0	1	1	282	17	11.4081386892	33.6003853691	33.2114454711	14.284
2907	0	1	2	1626	101	11.4081386892	35.4643665239	35.075426626	11.78
2908	0	1	1	237	14	18.4095689585	28.9508129935	28.3231719675	14.094
2908	0	1	2	1579	98	18.4095689585	28.7588584302	28.1312174042	17.023
2909	0	1	1	1221	76	15.0059444236	31.3972819996	30.8856814089	8.063
2909	0	1	2	2571	160	15.0059444236	29.6332053821	29.1216047913	4.473
2910	0	1	1	804	50	21.6914144102	32.5843504634	31.8448208402	13.654
2910	0	1	2	2145	134	21.6914144102	35.8919803754	35.1524507522	7.843
2911	0	1	1	506	31	10.2839771639	28.8484583777	28.497844738	14.425
2911	0	1	2	1858	116	10.2839771639	31.1475591428	30.796945503	6.315
2912	0	1	1	1081	67	20.9044695454	31.16485109	30.4521509316	9.071
2912	0	1	2	2427	151	20.9044695454	30.6979961085	29.9852959501	16.898
2913	0	1	1	825	51	21.2023826214	20.7416980156	20.0188410485	7.748
2913	0	1	2	2166	135	21.2023826214	26.0698614803	25.3470045132	16.693
2914	0	1	1	350	21	8.05417653759	29.4683773758	29.1937847638	11.937
2914	0	1	2	1694	105	8.05417653759	30.781986765	30.507394153	7.433
2915	0	1	1	209	13	16.5033524729	29.6895593423	29.1269073268	10.252
2915	0	1	2	1552	97	16.5033524729	28.0894900267	27.5268380112	16.976
2916	0	1	1	564	35	10.0303744325	32.6521449064	32.310177394	8.929
2916	0	1	2	1911	119	10.0303744325	30.1061479005	29.7641803882	9.197
2917	0	2	1	1057	66	16.8039572592	27.5577085324	26.9848079393	10.803
2917	0	2	2	2402	150	16.8039572592	29.4243802977	28.8514797046	12.976
2918	0	2	1	1080	67	11.1064394308	27.3251989225	26.9465449163	11.748
2918	0	2	2	2426	151	11.1064394308	28.1580463782	27.7793923719	7.181
2919	0	2	1	918	57	18.7859465804	33.9718435984	33.3313706567	4.441
2919	0	2	2	2265	141	18.7859465804	29.2241162935	28.5836433518	5.024
2920	0	2	1	125	7	21.6154462296	32.7197744916	31.9828348664	7.307
2920	0	2	2	1466	91	21.6154462296	33.9550292127	33.2180895875	13.15
2921	0	2	1	489	30	13.4912513788	26.7736905481	26.3137306829	10.409
2921	0	2	2	1835	114	13.4912513788	29.4660121994	29.0060523342	15.323
2922	0	2	1	250	15	21.6649913145	28.8648691318	28.1262403564	5.024
2922	0	2	2	1591	99	21.6649913145	28.4247294154	27.6861006399	15.717
2923	0	2	1	422	26	10.074523464	29.0479636649	28.704490971	6.976
2923	0	2	2	1768	110	10.074523464	30.1255040705	29.7820313766	14.977
2924	0	2	1	214	13	16.742273069	24.2350601426	23.6642625607	8.252
2924	0	2	2	1555	97	16.742273069	30.6225692482	30.0517716663	17.685
2925	0	2	1	429	26	12.1681887579	30.1600605415	29.7452081083	9.055
2925	0	2	2	1775	110	12.1681887579	32.4589684113	32.0441159781	12.409
2926	0	2	1	982	61	14.1105133763	17.6052518556	17.1241793703	9.843
2926	0	2	2	2322	145	14.1105133763	32.2145929278	31.7335204425	5.338
2927	0	2	1	1024	64	15.3663724692	23.6543207994	23.130432065	7.307
2927	0	2	2	2371	148	15.3663724692	27.0986768028	26.5747880684	11.055
2928	0	2	1	488	30	8.78637389675	27.1035100777	26.8039545183	17.496
2928	0	2	2	1832	114	8.78637389675	29.7113770101	29.4118214507	7.78
2929	0	2	1	970	60	19.967140636	27.7310369831	27.050293362	11.968
2929	0	2	2	2314	144	19.967140636	26.102750069	25.422006448	6.473
2930	0	2	1	217	13	18.8375201758	25.2409233789	24.5986921286	18.063
2930	0	2	2	1560	97	18.8375201758	26.5745328068	25.9323015565	15.969
2931	0	2	1	445	27	9.32639536117	30.1706463783	29.8526797618	4.693
2931	0	2	2	1791	111	9.32639536117	27.155221416	26.8372547994	11.622
2932	0	2	1	430	26	14.2361744034	28.9056931758	28.4203365046	17.906
2932	0	2	2	1776	111	14.2361744034	29.6900152939	29.2046586226	13.307
2933	0	2	1	892	55	17.3103315603	33.1698954031	32.5797308921	4.898
2933	0	2	2	2234	139	17.3103315603	33.1001752244	32.5100107134	12.032
2933	1	2	1	893	55	17.3103315603	32.0219932524	31.4318287415	12.662
2933	1	2	2	2235	139	17.3103315603	31.7369135404	31.1467490295	17.717
2934	0	2	1	488	30	11.296250446	30.4031897421	30.0180644719	13.622
2934	0	2	2	1833	114	11.296250446	28.7318717353	28.346746465	10.677
2935	0	2	1	961	60	17.3108938882	33.4895264242	32.8993427417	6.693
2935	0	2	2	2305	144	17.3108938882	34.3777054437	33.7875217612	6.41
2936	0	2	1	510	31	6.68336341575	31.4434484955	31.2155912828	13.307
2936	0	2	2	1859	116	6.68336341575	32.4522912462	32.2244340334	15.402
2937	0	2	1	585	36	12.2434760855	28.619243086	28.2018238673	14.22
2937	0	2	2	1933	120	12.2434760855	31.3068491285	30.8894299098	8.488
2938	0	2	1	274	17	22.1842385635	34.6717742387	33.9154426655	4.441
2938	0	2	2	1618	101	22.1842385635	32.2787878083	31.5224562351	10.614
2939	0	2	1	1039	64	10.0727683752	26.4334536985	26.0900408412	5.653
2939	0	2	2	2385	149	10.0727683752	29.5009519946	29.1575391373	10.976
2939	1	2	1	1042	65	10.0727683752	24.8811755946	24.5377627373	17.843
2939	1	2	2	2393	149	10.0727683752	27.678235163	27.3348223057	7.811
2940	0	2	1	792	49	26.1056038494	33.9018672367	33.0118437917	10.126
2940	0	2	2	2132	133	26.1056038494	32.8072008542	31.9171774092	20.315
2941	0	2	1	1254	78	9.28463573488	30.0289359201	29.7123930227	9.181
2941	0	2	2	2603	162	9.28463573488	29.6807025575	29.36415966	16.724
2942	0	2	1	1026	64	10.7231196789	30.5607242927	30.1951388815	10.252
2942	0	2	2	2372	148	10.7231196789	29.8797853254	29.5141999143	13.212
2943	0	2	1	478	29	8.87257933001	31.27178649	30.969291912	15.244
2943	0	2	2	1826	114	8.87257933001	30.7134074579	30.4109128798	13.355
2944	0	2	1	415	25	11.1026495811	31.2586030054	30.8800782072	6.331
2944	0	2	2	1763	110	11.1026495811	33.6084368415	33.2299120434	11.496
2945	0	2	1	930	58	21.3764916189	24.2479145832	23.5191216841	24.126
2945	0	2	2	2274	142	21.3764916189	25.9235244223	25.1947315233	7.654
2945	1	2	1	920	57	21.3764916189	25.4304562782	24.7016633792	16.708
2945	1	2	2	2273	142	21.3764916189	26.0746964766	25.3459035776	17.213
2946	0	2	1	1096	68	10.2517331539	29.6062455816	29.2567312432	12.252
2946	0	2	2	2428	151	10.2517331539	28.5347378111	28.1852234727	16.409
2947	0	2	1	966	60	14.6007109712	29.1983838974	28.7005990098	16.977
2947	0	2	2	2310	144	14.6007109712	28.548751397	28.0509665095	7.779
2948	0	2	1	1032	64	11.006466618	32.1715539464	31.7963083328	9.464
2948	0	2	2	2376	148	11.006466618	33.6928967106	33.3176510969	8.095
2949	0	2	1	249	15	15.0881489571	28.7070837235	28.1926805176	8.126
2949	0	2	2	1590	99	15.0881489571	31.4140701858	30.8996669799	14.504
2950	0	2	1	1019	63	13.2545789909	32.2687634348	31.8168724874	19.071
2950	0	2	2	2364	147	13.2545789909	33.692687065	33.2407961176	14.394
2951	0	2	1	428	26	10.6866682967	27.9529211512	27.5885784841	15.071
2951	0	2	2	1775	110	10.6866682967	29.1522291778	28.7878865107	7.716
2952	0	2	1	485	30	15.2699807036	28.057193392	27.5365909608	17.496
2952	0	2	2	1830	114	15.2699807036	29.9169631376	29.3963607065	11.969
2953	0	2	1	486	30	11.3319126882	26.2391800555	25.8528389455	9.37
2953	0	2	2	1831	114	11.3319126882	29.1482491965	28.7619080865	11.874
2954	0	2	1	1094	68	10.4016015206	29.5395687472	29.1849449173	8.897
2954	0	2	2	2439	152	10.4016015206	30.3655244146	30.0109005847	11.292
2955	0	2	1	1217	76	10.6344363225	30.67148124	30.3089193278	7.496
2955	0	2	2	2565	160	10.6344363225	29.9704543106	29.6078923984	4.535
2956	0	2	1	793	49	26.1389204147	37.3292302465	36.4380709334	5.717
2956	0	2	2	2134	133	26.1389204147	33.7545543384	32.8633950253	6.441
2957	0	2	1	475	29	11.2875479868	30.2295980066	29.844769431	23.464
2957	0	2	2	1822	113	11.2875479868	31.3575426914	30.9727141158	7.197
2958	0	2	1	488	30	11.6488348716	16.2063497806	15.8092037808	26.977
2958	0	2	2	1833	114	11.6488348716	28.1396500981	27.7425040982	11.15
2959	0	2	1	513	32	8.02214984488	31.6324694984	31.3589687787	12.189
2959	0	2	2	1861	116	8.02214984488	32.3844343813	32.1109336617	13.008
2962	0	2	1	447	27	8.89711416871	25.0835653273	24.7802342783	7.023
2962	0	2	2	1793	112	8.89711416871	27.1603321293	26.8570010802	4.378
2963	0	2	1	564	35	10.901678952	34.8467189775	34.4750459102	15.433
2963	0	2	2	1912	119	10.901678952	34.1327170465	33.7610439792	9.433
2964	0	2	1	1222	76	12.9103727145	30.9826930049	30.5425371493	16.96
2964	0	2	2	2572	160	12.9103727145	33.0914172943	32.6512614387	8.032
2965	0	2	1	310	19	10.8919217601	31.0891584838	30.7178180704	16.22
2965	0	2	2	1655	103	10.8919217601	29.89204202	29.5207016065	15.811
2966	0	2	1	417	26	12.3949438808	23.3593764474	22.9367932076	10.914
2966	0	2	2	1769	110	12.3949438808	30.4270211139	30.0044378741	17.039
2967	0	2	1	1064	66	20.3356758493	28.3033435448	27.6100353808	5.685
2967	0	2	2	2412	150	20.3356758493	30.0017081655	29.3084000015	14.772
2969	0	2	1	915	57	16.1460498203	28.6911121989	28.1406417725	20.945
2969	0	2	2	2257	141	16.1460498203	30.7633489975	30.212878571	12
2970	0	2	1	459	28	8.4502750781	27.7030085204	27.4149116436	6.724
2970	0	2	2	1803	112	8.4502750781	28.5493615664	28.2612646896	7.622
2971	0	2	1	552	34	7.18020448038	28.2950323401	28.050236228	13.37
2971	0	2	2	1899	118	7.18020448038	28.165567421	27.9207713088	12.157
2972	0	2	1	773	48	25.829454227	28.5555765779	27.6749679559	15.244
2972	0	2	2	2113	132	25.829454227	29.2293510197	28.3487423978	11.071
2973	0	2	1	487	30	15.7753031786	28.6569574376	28.1191269488	13.905
2973	0	2	2	1832	114	15.7753031786	31.2169035592	30.6790730703	15.937
2974	0	2	1	430	26	12.203994074	30.2424889705	29.8264158197	10.315
2974	0	2	2	1777	111	12.203994074	28.3925476799	27.9764745291	5.905
2975	0	2	1	485	30	12.2460529676	23.6165136924	23.1990066195	21.874
2975	0	2	2	1830	114	12.2460529676	33.3549384733	32.9374314004	10.189
2976	0	2	1	443	27	8.40385946997	40.6810105923	40.3944961719	15.559
2976	0	2	2	1791	111	8.40385946997	26.7513478166	26.4648333962	10.378
2977	0	2	1	1213	75	8.37855635971	29.1300044651	28.8443527086	13.716
2977	0	2	2	2562	160	8.37855635971	29.0176634927	28.7320117362	6.362
2978	0	2	1	298	18	17.1788408418	28.0378073885	27.4521258163	11.905
2978	0	2	2	1642	102	17.1788408418	28.5103029259	27.9246213537	12.834
2979	0	2	1	456	28	9.08033903226	30.1137071395	29.8041293694	4.378
2979	0	2	2	1802	112	9.08033903226	29.0723046518	28.7627268817	9.748
2980	0	2	1	110	6	20.9446246373	31.1868844213	30.4728152475	8.189
2980	0	2	2	1453	90	20.9446246373	28.3819358896	27.6678667158	9.874
2981	0	2	1	477	29	10.5110079817	30.8179687712	30.4596149255	9.023
2981	0	2	2	1826	114	10.5110079817	27.5177644078	27.1594105621	9.937
2982	0	2	1	485	30	11.00214958	28.7113664222	28.3362679902	17.008
2982	0	2	2	1829	114	11.00214958	29.1849352964	28.8098368644	12.378
2983	0	2	1	529	33	11.1983078793	26.8481906435	26.4664045483	14.409
2983	0	2	2	1876	117	11.1983078793	31.246550822	30.8647647268	10.315
2984	0	2	1	807	50	26.7429360429	31.8982924773	30.9865403415	13.968
2984	0	2	2	2149	134	26.7429360429	30.7527609126	29.8410087769	17.905
2985	0	2	1	1012	63	15.3281344843	47.7053013722	47.1827162929	6.41
2985	0	2	2	2353	147	15.3281344843	33.2951114919	32.7725264126	5.055
2986	0	2	1	299	18	17.954405043	32.535344509	31.9232214752	14
2986	0	2	2	1643	102	17.954405043	32.0028043331	31.3906812993	4.913
2987	0	2	1	474	29	8.65023792144	22.6383894418	22.3434751928	12.063
2987	0	2	2	1802	112	8.65023792144	29.0367868264	28.7418725774	10.63
2988	0	2	1	1045	65	13.5403692417	33.0821544479	32.6205199977	29.622
2988	0	2	2	2398	149	13.5403692417	29.6971331991	29.235498749	5.559
2989	0	2	1	1118	69	15.4890340845	28.8251404831	28.2970698223	14.567
2989	0	2	2	2462	153	15.4890340845	25.8645475096	25.3364768488	4.41
2990	0	2	1	308	19	16.6046067385	26.1865036601	25.6203995632	18.032
2990	0	2	2	1652	103	16.6046067385	25.3810324162	24.8149283193	17.59
2991	0	2	1	901	56	20.142448693	31.4034137845	30.7166933516	15.874
2991	0	2	2	2242	140	20.142448693	34.2887942827	33.6020738498	9.969
2992	0	2	1	930	58	17.1697532203	31.2334538875	30.6480821414	13.969
2992	0	2	2	2274	142	17.1697532203	28.7860364094	28.2006646633	11.024
2993	0	2	1	808	50	24.1878227721	36.1969855788	35.3723454183	7.055
2993	0	2	2	2150	134	24.1878227721	34.5132776324	33.6886374719	10.882
2994	0	2	1	443	27	11.6525470084	29.9475512281	29.5502786696	6
2994	0	2	2	1790	111	11.6525470084	29.4191099566	29.0218373981	7.78
2995	0	2	1	1009	63	17.1405441765	30.9227917594	30.3384158429	7.008
2995	0	2	2	2354	147	17.1405441765	29.4494234014	28.8650474849	15.559
2996	0	2	1	1061	66	19.074868064	33.7369344838	33.0866112856	6.315
2996	0	2	2	2407	150	19.074868064	27.9228254068	27.2725022086	28.536
2997	0	2	1	477	29	13.734612115	30.9854901833	30.517233373	16.882
2997	0	2	2	1825	114	13.734612115	26.6656613535	26.1974045432	6.315
2998	0	2	1	274	17	13.4452314909	37.5238139895	37.0654230892	4.693
2998	0	2	2	1618	101	13.4452314909	38.8263276565	38.3679367562	10.095
2999	0	2	1	434	27	9.50764675994	28.6970864314	28.3729403756	8.504
2999	0	2	2	1765	110	9.50764675994	41.4244703704	41.1003243146	16.472
3000	0	2	1	1020	63	14.1079204802	36.5821792711	36.1011951859	15.78
3000	0	2	2	2364	147	14.1079204802	31.8370150929	31.3560310077	6.63
3001	0	2	1	476	29	11.8450503353	27.1439582418	26.7401226299	18.252
3001	0	2	2	1822	113	11.8450503353	27.0135257958	26.6096901839	7.386
3002	0	2	1	164	10	19.8721429222	28.321251072	27.6437462266	16.063
3002	0	2	2	1508	94	19.8721429222	28.7054438171	28.0279389716	6.788
3003	0	2	1	409	25	14.8043704451	28.3401531954	27.8354249056	21.276
3003	0	2	2	1755	109	14.8043704451	30.4035809686	29.8988526788	9.527
3004	0	2	1	1019	63	10.5653033573	34.3879031196	34.0276981711	17.354
3004	0	2	2	2364	147	10.5653033573	37.5731427433	37.2129377948	8.283
3005	0	2	1	162	10	23.0534014046	29.2803412415	28.49437713	9.464
3005	0	2	2	1504	94	23.0534014046	28.9708583617	28.1848942501	13.118
3006	0	2	1	290	18	17.932852264	28.4441354016	27.8327471709	10.283
3006	0	2	2	1633	102	17.932852264	29.5046843723	28.8932961416	6.441
3007	0	2	1	1029	64	10.9356490717	22.5694887152	22.196657498	12.976
3007	0	2	2	2373	148	10.9356490717	34.5952132311	34.2223820139	11.433
3009	0	2	1	892	55	19.4124783274	32.5214298104	31.8595963997	16.394
3009	0	2	2	2235	139	19.4124783274	33.868846173	33.2070127622	9.528
3010	0	2	1	839	52	23.8390078733	31.1247797355	30.3120317893	8.52
3010	0	2	2	2181	136	23.8390078733	22.231422734	21.4186747879	13.37
3011	0	2	1	901	56	20.3179825585	30.4305855738	29.7378806306	9.024
3011	0	2	2	2231	139	20.3179825585	32.5056345544	31.8129296112	6.063
3012	0	2	1	485	30	13.7624171011	29.9617013174	29.4924965463	14.662
3012	0	2	2	1829	114	13.7624171011	30.2122373383	29.7430325672	15.024
3013	0	2	1	167	10	17.1644987376	26.8966372312	26.3114446271	16.41
3013	0	2	2	1509	94	17.1644987376	28.2221869186	27.6369943146	23.433
3014	0	2	1	103	6	23.9555138421	22.18923708	21.3725170732	24.992
3014	0	2	2	1442	90	23.9555138421	27.8250808704	27.0083608635	11.307
3015	0	2	1	485	30	12.8903388882	25.4639276837	25.0244548453	5.748
3015	0	2	2	1831	114	12.8903388882	29.3611339587	28.9216611202	16.063
3016	0	2	1	286	17	11.4960636481	32.5293949452	32.1374574045	11.59
3016	0	2	2	1628	101	11.4960636481	34.5465314006	34.1545938599	17.969
3017	0	2	1	343	21	6.37354119061	27.9071181673	27.689823784	11.103
3017	0	2	2	1687	105	6.37354119061	30.2398582448	30.0225638616	9.103
3018	0	2	1	1081	67	20.3145124696	31.7112164128	31.0186297761	11.527
3018	0	2	2	2428	151	20.3145124696	30.1062170634	29.4136304266	6.031
3020	0	2	1	469	29	15.1981939521	32.6533062469	32.1351512555	5.779
3020	0	2	2	1815	113	15.1981939521	30.6015158817	30.0833608903	15.748
3021	0	2	1	457	28	14.2499971934	29.1069341117	28.6211061774	8.819
3021	0	2	2	1802	112	14.2499971934	26.3346058973	25.848777963	15.717
3022	0	2	1	567	35	11.3044254476	31.6347944948	31.2493905127	6.284
3022	0	2	2	1915	119	11.3044254476	32.8602569831	32.474853001	13.717
3023	0	2	1	903	56	20.5113068513	28.5952095642	27.8959135782	13.874
3023	0	2	2	2246	140	20.5113068513	30.7142017769	30.0149057909	13.748
3023	1	2	1	917	57	20.5113068513	37.5010030308	36.8017070448	6.913
3023	1	2	2	2245	140	20.5113068513	31.5348923438	30.8355963578	14.315
3024	0	2	1	889	55	17.1926540313	32.4749247972	31.8887722892	9.275
3024	0	2	2	2233	139	17.1926540313	31.9184115444	31.3322590364	8.645
3025	0	2	1	1229	76	11.3639904822	29.0811856004	28.6937508559	14.835
3025	0	2	2	2580	161	11.3639904822	30.788896355	30.4014616105	8.787
3026	0	2	1	485	30	10.0825079708	29.9588437021	29.6150987908	16.378
3026	0	2	2	1829	114	10.0825079708	31.4635893528	31.1198444415	13.433
3027	0	2	1	963	60	18.240322167	39.8447315382	39.2228606761	11.78
3027	0	2	2	2308	144	18.240322167	38.3650164042	37.743145542	6.032
3028	0	2	1	1019	63	9.5374175413	30.1490048784	29.8238438415	15.968
3028	0	2	2	2363	147	9.5374175413	30.3751503004	30.0499892636	9.874
3029	0	2	1	887	55	18.7743617506	30.4819061622	29.8418281844	6.913
3029	0	2	2	2228	139	18.7743617506	33.4895377637	32.8494597859	6.063
3030	0	2	1	602	37	5.74424536076	28.7096788081	28.5138391304	6.63
3030	0	2	2	1944	121	5.74424536076	28.6140036367	28.418163959	10.315
3031	0	2	1	1248	78	5.25281501682	27.9981593162	27.8190740691	6.252
3031	0	2	2	2597	162	5.25281501682	27.1682485266	26.9891632795	20.834
3031	1	2	1	1246	77	5.25281501682	27.9546653554	27.7755801082	8.992
3031	1	2	2	2598	162	5.25281501682	26.5787080738	26.3996228267	20.409
3032	0	2	1	944	59	13.0886072195	31.9637406227	31.5175081833	15.402
3032	0	2	2	2286	142	13.0886072195	31.3348947595	30.8886623201	5.937
3033	0	2	1	930	58	17.8460607265	31.2633368647	30.6549076348	13.039
3033	0	2	2	2274	142	17.8460607265	29.9236875687	29.3152583388	5.118
3034	0	2	1	970	60	19.5544505739	28.4020167768	27.7353430786	18.346
3034	0	2	2	2314	144	19.5544505739	27.6382172846	26.9715435863	9.134
3035	0	2	1	485	30	14.4191905401	28.2235827727	27.7319864966	7.134
3035	0	2	2	1830	114	14.4191905401	29.2048381167	28.7132418406	12.566
3036	0	2	1	202	12	19.3418816162	9.77085529991	9.1114287566	13.433
3036	0	2	2	1543	96	19.3418816162	11.9129817742	11.2535552309	17.149
3037	0	2	1	428	26	14.5920310876	32.4039156141	31.9064266515	15.543
3037	0	2	2	1774	110	14.5920310876	33.0329107405	32.5354217779	21.528
3038	0	2	1	192	12	17.7565592849	31.4770527632	30.8716749234	14.567
3038	0	2	2	1534	95	17.7565592849	30.0508333923	29.4454555525	16.929
3039	0	2	1	821	51	26.4306186181	28.9276361817	28.0265319448	13.275
3039	0	2	2	2164	135	26.4306186181	30.8441247159	29.943020479	16.283
3039	1	2	1	822	51	26.4306186181	33.0200454662	32.1189412293	7.685
3039	1	2	2	2166	135	26.4306186181	20.5157222593	19.6146180225	12.535
3040	0	2	1	478	29	14.2015781285	32.294237541	31.8100603673	16.693
3040	0	2	2	1826	114	14.2015781285	28.7642909245	28.2801137508	11.244
3041	0	2	1	1217	76	9.43149955813	27.9523444846	27.6307945302	19.339
3041	0	2	2	2566	160	9.43149955813	29.9609056575	29.6393557031	15.102
3042	0	2	1	491	30	13.8323272749	28.9490734481	28.4774852158	15.622
3042	0	2	2	1835	114	13.8323272749	29.505507959	29.0339197267	10.866
3043	0	2	1	489	30	10.5585425391	26.2263158646	25.8663414139	15.055
3043	0	2	2	1834	114	10.5585425391	28.853945496	28.4939710453	6.945
3044	0	2	1	883	55	20.9052058806	32.8249949007	32.1122696383	19.591
3044	0	2	2	2226	139	20.9052058806	32.6085482661	31.8958230036	5.275
3045	0	2	1	530	33	11.4169099526	27.9108294622	27.5215905239	4.158
3045	0	2	2	1879	117	11.4169099526	31.2032779778	30.8140390395	6.74
3046	0	2	1	379	23	18.4218388445	29.1549621164	28.5269027708	13.212
3046	0	2	2	1724	107	18.4218388445	29.2170602497	28.5890009041	11.087
3047	0	2	1	1030	64	15.5877737852	36.3838456696	35.8524086569	14.945
3047	0	2	2	2375	148	15.5877737852	41.2635854557	40.7321484431	8.913
3048	0	2	1	838	52	26.7491085397	34.2268511161	33.3148885403	11.275
3048	0	2	2	2182	136	26.7491085397	26.3594180546	25.4474554788	10.567
3049	0	2	1	1060	66	13.6175486396	27.4287390456	26.9644733032	10.52
3049	0	2	2	2407	150	13.6175486396	26.8559996999	26.3917339575	19.118
3050	0	2	1	1024	64	15.2642141889	27.6139578339	27.0935520017	7.685
3050	0	2	2	2370	148	15.2642141889	34.1227235006	33.6023176684	6.788
3051	0	2	1	807	50	25.149624206	32.3540845175	31.4966534731	13.181
3051	0	2	2	2149	134	25.149624206	34.9523098231	34.0948787786	12.095
3052	0	2	1	433	27	11.3008964737	32.3557005462	31.970416878	6
3052	0	2	2	1780	111	11.3008964737	30.831003711	30.4457200428	8.157
3053	0	2	1	1013	63	15.4555571563	28.537372152	28.0104428267	21.528
3053	0	2	2	2358	147	15.4555571563	32.5787782356	32.0518489102	16.221
3053	1	2	1	1012	63	15.4555571563	28.5531363666	28.0262070413	12.378
3053	1	2	2	2365	147	15.4555571563	28.1853135313	27.658384206	12.221
3054	0	2	1	1224	76	11.3203970752	28.2865626954	27.9006141894	4.851
3054	0	2	2	2573	160	11.3203970752	31.6672639064	31.2813154004	6.929
3055	0	2	1	795	49	25.8250615984	31.4779676625	30.5975087993	5.969
3055	0	2	2	2135	133	25.8250615984	29.4511580622	28.5706991989	15.15
3056	0	2	1	918	57	16.0415675183	29.2331790398	28.6862707489	14.095
3056	0	2	2	2261	141	16.0415675183	29.8841992126	29.3372909216	5.968
3057	0	2	1	327	20	14.0411691871	29.7448086303	29.26610031	5.905
3057	0	2	2	1671	104	14.0411691871	16.2683483436	15.7896400232	8.63
3058	0	2	1	490	30	12.4320885292	28.061958191	27.6381085714	17.338
3058	0	2	2	1834	114	12.4320885292	26.5324924234	26.1086428038	18.803
3059	0	2	1	488	30	10.9078731011	28.3196158472	27.9477316015	14.661
3059	0	2	2	1834	114	10.9078731011	28.6853641654	28.3134799198	10.063
3060	0	2	1	457	28	8.93140747453	30.7332517792	30.4287515618	9.48
3060	0	2	2	1803	112	8.93140747453	28.3230646509	28.0185644334	8.362
3061	0	2	1	429	26	13.1213751697	32.686180757	32.2388311535	10.378
3061	0	2	2	1776	111	13.1213751697	30.4576016679	30.0102520644	9.968
3062	0	2	1	457	28	11.8335341061	30.5210899169	30.1176469301	10.772
3062	0	2	2	1801	112	11.8335341061	28.128634842	27.7251918552	10.536
3063	0	2	1	829	51	20.3383457038	22.395163687	21.7017644992	5.968
3063	0	2	2	2165	135	20.3383457038	22.4753119253	21.7819127375	8.063
3064	0	2	1	138	8	17.2974614925	29.3269471497	28.7372214205	16.788
3064	0	2	2	1480	92	17.2974614925	28.7476893274	28.1579635982	5.843
3065	0	2	1	510	31	7.91404593998	28.4425187491	28.172703637	18.283
3065	0	2	2	1859	116	7.91404593998	30.3914125768	30.1215974646	14.866
3066	0	2	1	105	6	20.5059563844	35.9753748203	35.2762612488	16.252
3066	0	2	2	1447	90	20.5059563844	31.8812872301	31.1821736586	12.661
3067	0	2	1	907	56	14.3093596082	25.7876146892	25.2997629005	6
3067	0	2	2	2247	140	14.3093596082	28.4236326661	27.9357808774	6.347
3068	0	2	1	433	27	14.2436184444	31.8271772169	31.3415667545	6.095
3068	0	2	2	1779	111	14.2436184444	30.739798577	30.2541881146	5.181
3069	0	2	1	431	26	15.1045183296	26.4760124428	25.9610511527	16.992
3069	0	2	2	1769	110	15.1045183296	22.9444834131	22.4295221229	13.622
3070	0	2	1	808	50	24.2907264048	33.2278429706	32.3996944964	5.118
3070	0	2	2	2150	134	24.2907264048	29.4097550223	28.5816065482	9.244
3071	0	2	1	794	49	27.3193615296	34.9282182665	33.9968139442	8.567
3071	0	2	2	2134	133	27.3193615296	34.4382755468	33.5068712245	15.748
3072	0	2	1	243	15	16.8801775516	34.2774979746	33.7019987882	4.63
3072	0	2	2	1585	99	16.8801775516	31.943068386	31.3675691996	14.031
3073	0	2	1	1056	66	11.8600686695	32.1039074626	31.6995598277	8.283
3073	0	2	2	2400	150	11.8600686695	30.5735529434	30.1692053085	22.157
3074	0	2	1	449	28	11.1668820225	30.1289168343	29.748202147	23.086
3074	0	2	2	1796	112	11.1668820225	30.8213110798	30.4405963925	7.418
3075	0	2	1	1251	78	7.57456807814	29.0728270925	28.8145858653	7.307
3075	0	2	2	2596	162	7.57456807814	29.5779802992	29.319739072	13.401
3076	0	2	1	429	26	10.4875224859	28.3591345082	28.0015813581	15.181
3076	0	2	2	1775	110	10.4875224859	29.187422096	28.8298689459	13.023
3077	0	2	1	994	62	11.6432895628	30.4608634274	30.0639064848	7.275
3077	0	2	2	2337	146	11.6432895628	33.0791007906	32.6821438481	7.181
3078	0	2	1	1213	75	12.5329977064	27.7141197899	27.286829854	4.74
3078	0	2	2	2562	160	12.5329977064	28.0484532507	27.6211633149	4.095
3079	0	2	1	820	51	25.2835081617	29.9621481786	29.1001526023	11.717
3079	0	2	2	2165	135	25.2835081617	29.8261438862	28.9641483099	19.055
3079	1	2	1	821	51	25.2835081617	26.339897116	25.4779015397	12.221
3079	1	2	2	2154	134	25.2835081617	27.428224079	26.5662285027	8.961
3081	0	2	1	917	57	19.6824042112	30.7478832757	30.0768472291	18.189
3081	0	2	2	2261	141	19.6824042112	29.3012798088	28.6302437623	13.402
3082	0	2	1	309	19	16.255102035	32.3719533836	31.8177650187	11.071
3082	0	2	2	1653	103	16.255102035	31.3534047132	30.7992163483	15.118
3084	0	2	1	488	30	6.16329789997	25.8125459922	25.6024194745	18.362
3084	0	2	2	1833	114	6.16329789997	26.4847839479	26.2746574302	13.339
3085	0	2	1	920	57	20.3440486325	34.050839468	33.3572458491	12.929
3085	0	2	2	2262	141	20.3440486325	34.429241526	33.7356479071	5.717
3086	0	2	1	430	26	13.5066942737	32.382461873	31.9219755102	11.433
3086	0	2	2	1776	111	13.5066942737	31.221859028	30.7613726651	10.725
3087	0	2	1	1033	64	10.8366591797	34.9831945603	34.6137382248	16.157
3087	0	2	2	2377	148	10.8366591797	29.3738900713	29.0044337358	14.032
3088	0	2	1	795	49	27.1705160427	32.4613018932	31.5349721891	7.118
3088	0	2	2	2135	133	27.1705160427	31.12776029	30.2014305859	14.882
3089	0	2	1	915	57	21.7515334045	45.6870734126	44.9454941408	11.906
3089	0	2	2	2257	141	21.7515334045	32.5609707308	31.819391459	5.213
3090	0	2	1	794	49	25.2277864811	34.307911958	33.4478161118	14.599
3090	0	2	2	2134	133	25.2277864811	32.333236607	31.4731407608	13.591
3091	0	2	1	793	49	22.9361938982	37.8077555305	37.0257873973	6.126
3091	0	2	2	2133	133	22.9361938982	35.3654519992	34.5834838661	9.165
3092	0	2	1	457	28	9.95495914605	33.245384584	32.9059882197	6.977
3092	0	2	2	1801	112	9.95495914605	30.5977514636	30.2583550993	13.716
3093	0	2	1	273	17	17.144440444	28.6978149866	28.1133062339	12.284
3093	0	2	2	1616	101	17.144440444	32.5316732028	31.9471644501	16.031
3094	0	2	1	1218	76	13.5468152689	28.6582676404	28.1964134247	8.315
3094	0	2	2	2567	160	13.5468152689	28.9800675736	28.5182133578	7.591
3095	0	2	1	915	57	15.0660127957	35.8364667203	35.3228182068	7.905
3095	0	2	2	2255	140	15.0660127957	33.5149554923	33.0013069789	6.725
3096	0	2	1	1065	66	10.3848581316	26.867778375	26.5137253807	8.819
3096	0	2	2	2413	150	10.3848581316	26.9964425014	26.6423895072	11.78
3097	0	2	1	513	32	6.58454669188	31.5785460559	31.354057821	6.599
3097	0	2	2	1860	116	6.58454669188	30.3463874594	30.1218992245	11.968
3098	0	2	1	1225	76	11.4524747772	31.4255813739	31.0351299171	13.323
3098	0	2	2	2578	161	11.4524747772	31.4230090302	31.0325575734	4.819
3099	0	2	1	485	30	9.90873340659	29.1778147858	28.8399944047	17.717
3099	0	2	2	1830	114	9.90873340659	29.7978204385	29.4600000574	10.378
3100	0	2	1	996	62	17.9838534994	25.7958987921	25.1827717663	14.346
3100	0	2	2	2342	146	17.9838534994	26.4057903984	25.7926633726	13.906
3101	0	2	1	415	25	11.0834586854	31.5707023631	31.1928318439	8.992
3101	0	2	2	1763	110	11.0834586854	31.7645247589	31.3866542396	18.252
3102	0	2	1	1280	80	9.07129144324	31.0660606566	30.7567913477	10.834
3102	0	2	2	2628	164	9.07129144324	32.4488074997	32.1395381908	10.567
3103	0	2	1	453	28	10.9154230265	30.5163909864	30.1442493397	11.748
3103	0	2	2	1800	112	10.9154230265	32.8084276303	32.4362859836	7.386
3104	0	2	1	821	51	24.2562229276	28.0239916442	27.1970195039	10.063
3104	0	2	2	2164	135	24.2562229276	29.0627213429	28.2357492025	13.244
3105	0	2	1	210	13	18.8222701804	29.8920043805	29.2502930513	14.519
3105	0	2	2	1552	97	18.8222701804	30.2657210463	29.6240097171	12.126
3106	0	2	1	522	32	10.4365923799	27.650799768	27.294982988	7.465
3106	0	2	2	1866	116	10.4365923799	26.5955214281	26.239704648	7.906
3106	1	2	1	535	33	10.4365923799	40.9006852202	40.5448684402	10.536
3106	1	2	2	1865	116	10.4365923799	26.0928755412	25.7370587611	4.221
3107	0	2	1	430	26	8.99423600424	30.5591966207	30.2525543779	17.622
3107	0	2	2	1776	111	8.99423600424	28.2843294294	27.9776871867	12.929
3109	0	2	1	1021	63	16.897459641	28.1192527179	27.5431643299	14.914
3109	0	2	2	2366	147	16.897459641	31.2083359488	30.6322475608	13.905
3110	0	2	1	443	27	9.16934761897	25.045426507	24.7328141497	13.969
3110	0	2	2	1790	111	9.16934761897	21.9812880919	21.6686757347	10.567
3111	0	2	1	599	37	8.76150215319	26.7689725254	26.4702649232	7.937
3111	0	2	2	1947	121	8.76150215319	28.2753374157	27.9766298135	13.527
3112	0	2	1	1019	63	13.2103574207	36.1692537697	35.718870477	16.598
3112	0	2	2	2364	147	13.2103574207	38.4232844263	37.9729011336	12.189
3113	0	2	1	1022	63	15.165712515	29.6904718003	29.1734242049	12.441
3113	0	2	2	2363	147	15.165712515	26.7791390989	26.2620915034	6.189
3113	1	2	1	1029	64	15.165712515	26.0443850222	25.5273374268	6.976
3113	1	2	2	2380	148	15.165712515	26.1523683766	25.6353207812	11.906
3114	0	2	1	478	29	11.7836798058	32.9499772048	32.5482339103	12.708
3114	0	2	2	1826	114	11.7836798058	34.970389645	34.5686463505	8.425
3115	0	2	1	1033	64	13.8194731889	36.768719989	36.2975699936	9.842
3115	0	2	2	2376	148	13.8194731889	37.7925737226	37.3214237272	9.212
3116	0	2	1	993	62	14.3594806783	27.0175366788	26.5279761026	13.464
3116	0	2	2	2337	146	14.3594806783	29.5818999345	29.0923393584	12.347
3117	0	2	1	1009	63	11.2833480117	28.1653966158	27.7807112308	16.158
3117	0	2	2	2353	147	11.2833480117	32.2004722858	31.8157869008	12.441
3118	0	2	1	807	50	32.432835981	26.1399522198	25.0342132154	16.221
3118	0	2	2	2148	134	32.432835981	27.1207164836	26.0149774793	14.252
3119	0	2	1	238	14	19.3945344377	31.8926713196	31.2314496734	9.748
3119	0	2	2	1579	98	19.3945344377	31.0034461431	30.3422244968	9.071
3120	0	2	1	1245	77	8.00954098991	29.1738545018	28.9007836583	4.677
3120	0	2	2	2596	162	8.00954098991	28.4534823165	28.1804114729	13.906
3121	0	2	1	208	13	14.1016907862	31.8864913528	31.4057196577	9.874
3121	0	2	2	1542	96	14.1016907862	30.5432862452	30.0625145501	14.457
3122	0	2	1	895	55	18.4012878333	30.5363240897	29.9089653937	26.157
3122	0	2	2	2236	139	18.4012878333	30.1047964746	29.4774377786	6.221
3123	0	2	1	1064	66	14.435849272	31.0368425956	30.5446783701	5.717
3123	0	2	2	2412	150	14.435849272	30.5666793444	30.0745151189	13.937
3124	0	2	1	432	27	7.32437786396	27.9855230493	27.7358116059	8.032
3124	0	2	2	1779	111	7.32437786396	26.5714170172	26.3217055738	9.402
3126	0	2	1	915	57	14.3155463149	27.8169620523	27.328899339	20.378
3126	0	2	2	2257	141	14.3155463149	29.7402560833	29.25219337	10.221
3127	0	2	1	432	27	10.5461617783	32.5764415243	32.2168891734	6.662
3127	0	2	2	1779	111	10.5461617783	29.7074622043	29.3479098534	10.662
3128	0	2	1	893	55	16.7568704571	34.1121044373	33.5408091837	7.055
3128	0	2	2	2235	139	16.7568704571	32.7847186126	32.213423359	10.787
3129	0	2	1	840	52	22.452283494	34.0272558834	33.2617858021	9.653
3129	0	2	2	2183	136	22.452283494	28.7645143076	27.9990442263	11.338
3130	0	2	1	541	33	12.7284726528	34.8306696396	34.3967153382	5.59
3130	0	2	2	1891	118	12.7284726528	27.10493818	26.6709838786	4.126
3131	0	2	1	917	57	20.9948849546	29.6125134474	28.8967307388	24.126
3131	0	2	2	2260	141	20.9948849546	34.5696537645	33.8538710559	5.496
3132	0	2	1	235	14	18.7813661683	29.7462156372	29.1058988564	12.788
3132	0	2	2	1578	98	18.7813661683	29.9150344679	29.2747176871	16.63
3133	0	2	1	430	26	8.28578008005	26.6533665564	26.3708778397	16
3133	0	2	2	1777	111	8.28578008005	26.1092102507	25.826721534	11.244
3134	0	2	1	1062	66	17.3363587873	28.3934537969	27.8024019347	15.528
3134	0	2	2	2410	150	17.3363587873	31.8505189501	31.2594670879	14.032
3135	0	2	1	816	51	27.5057960767	31.7448345443	30.8070740726	11.213
3135	0	2	2	2158	134	27.5057960767	35.5446654897	34.606905018	16.393
3136	0	2	1	1018	63	13.6061981992	38.1979160743	37.7340373047	11.685
3136	0	2	2	2356	147	13.6061981992	32.5724295145	32.1085507449	10.031
3137	0	2	1	1079	67	10.9671251379	27.8947903095	27.5208859727	10.646
3137	0	2	2	2425	151	10.9671251379	29.6587895088	29.2848851719	16.063
3138	0	2	1	487	30	10.6121633696	27.1995088903	26.8377063342	15.811
3138	0	2	2	1832	114	10.6121633696	30.0241687593	29.6623662032	10.488
3139	0	2	1	267	16	22.4375114776	34.8326574169	34.0676909608	5.874
3139	0	2	2	1610	100	22.4375114776	32.1966327216	31.4316662655	13.181
3140	0	2	1	136	8	24.182215174	28.9729454257	28.1484964461	15.464
3140	0	2	2	1478	92	24.182215174	29.6740165628	28.8495675832	10
3141	0	2	1	879	54	18.2017223996	33.2434697617	32.622914889	14.252
3141	0	2	2	2220	138	18.2017223996	33.2264704729	32.6059156001	9.307
3142	0	2	1	454	28	8.28154903493	26.0026775083	25.7203330414	25.04
3142	0	2	2	1798	112	8.28154903493	28.3353209707	28.0529765038	10
3143	0	2	1	144	9	17.6542740301	31.9731927615	31.3713021528	7.874
3143	0	2	2	1484	92	17.6542740301	35.5725940395	34.9707034309	6.866
3144	0	2	1	879	54	22.070169063	28.9486955599	28.1962529804	20.535
3144	0	2	2	2222	138	22.070169063	33.6042086219	32.8517660424	13.071
3145	0	2	1	1264	79	10.1440156689	29.8575551775	29.5117132723	10.283
3145	0	2	2	2614	163	10.1440156689	28.8367990533	28.4909571481	11.653
3146	0	2	1	415	25	10.9343415645	26.5878788357	26.2150921956	4.126
3146	0	2	2	1763	110	10.9343415645	30.5893565694	30.2165699293	12.031
3147	0	2	1	879	54	17.9985232878	28.3826895798	27.7690624141	16.095
3147	0	2	2	2220	138	17.9985232878	34.0998722042	33.4862450384	16.409
3148	0	2	1	134	8	21.1548935761	32.4352371291	31.7139992153	11.937
3148	0	2	2	1476	92	21.1548935761	31.9710584554	31.2498205417	14.787
3149	0	2	1	1237	77	12.327632907	30.7220104236	30.30172203	8.819
3149	0	2	2	2585	161	12.327632907	29.7573836213	29.3370952277	12.032
3151	0	2	1	1098	68	15.8000580507	38.3414357566	37.8027612951	8.063
3151	0	2	2	2444	152	15.8000580507	37.1698511982	36.6311767367	12.63
3152	0	2	1	1024	64	13.8617463583	28.6487646898	28.176173467	10.913
3152	0	2	2	2366	147	13.8617463583	32.6930813392	32.2204901163	14.126
3153	0	2	1	810	50	24.618371687	30.7148617633	29.8755428147	11.527
3153	0	2	2	2152	134	24.618371687	31.9601300124	31.1208110637	12.599
3154	0	2	1	741	46	18.8856819973	40.9507276724	40.3068544317	12.866
3154	0	2	2	2076	129	18.8856819973	39.6207073489	38.9768341082	15.654
3155	0	2	1	1217	76	13.0286816387	30.0306843449	29.58649496	7.292
3155	0	2	2	2567	160	13.0286816387	28.8212094247	28.3770200399	4.189
3156	0	2	1	965	60	17.1967193846	29.3990319401	28.8127408312	12.661
3156	0	2	2	2310	144	17.1967193846	24.3182137193	23.7319226105	14.378
3157	0	2	1	113	7	22.010109499	34.8041507689	34.0537558119	9.716
3157	0	2	2	1453	90	22.010109499	29.4555697586	28.7051748015	17.748
3158	0	2	1	266	16	10.9915697408	31.7728063627	31.3980686312	12.378
3158	0	2	2	1610	100	10.9915697408	29.8413059212	29.4665681897	8.315
3159	0	2	1	292	18	17.9043846803	35.3277919852	34.7173743053	6.031
3159	0	2	2	1635	102	17.9043846803	34.0159148178	33.4054971379	11.134
3160	0	2	1	306	19	18.5762060902	29.5675651859	28.9342429677	5.275
3160	0	2	2	1650	103	18.5762060902	31.9996352301	31.3663130119	14.599
3161	0	2	1	1246	77	8.61073128759	27.2010417778	26.9074744361	8.866
3161	0	2	2	2589	161	8.61073128759	27.6229224516	27.3293551099	16
3161	1	2	1	1240	77	8.61073128759	24.620846425	24.3272790834	15.559
3161	1	2	2	2590	161	8.61073128759	25.7656338014	25.4720664598	18.85
3162	0	2	1	160	10	22.8857062376	32.1570097263	31.3767628788	12.441
3162	0	2	2	1498	93	22.8857062376	33.6528074174	32.8725605699	12.725
3163	0	2	1	1018	63	13.9104841191	36.5667836006	36.0925307517	7.622
3163	0	2	2	2363	147	13.9104841191	31.9300740424	31.4558211935	16.441
3164	0	2	1	807	50	27.238874509	31.1243014655	30.1956412029	15.276
3164	0	2	2	2149	134	27.238874509	28.7817719717	27.8531117091	9.654
3165	0	2	1	486	30	11.9233908997	29.3906297364	28.9841232443	12.662
3165	0	2	2	1832	114	11.9233908997	30.1092588739	29.7027523818	9.591
3166	0	2	1	807	50	21.5820706996	34.304049688	33.5682479412	7.59
3166	0	2	2	2148	134	21.5820706996	35.8132176481	35.0774159014	6.441
3167	0	2	1	902	56	15.7677207339	37.5095915001	36.972019521	11.969
3167	0	2	2	2245	140	15.7677207339	37.0273970935	36.4898251144	14.504
3168	0	2	1	77	4	25.726330024	30.7991941666	29.9221013782	5.244
3168	0	2	2	1418	88	25.726330024	29.9027792666	29.0256864782	12.315
3169	0	2	1	141	8	23.2649745565	30.4149167284	29.6217394121	13.874
3169	0	2	2	1482	92	23.2649745565	28.7415622749	27.9483849586	13.842
3170	0	2	1	568	35	10.9397791731	36.1511900503	35.7782180247	7.276
3170	0	2	2	1918	119	10.9397791731	30.1838277076	29.810855682	4.315
3171	0	2	1	993	62	21.1871684382	29.0970323183	28.3746940514	12.157
3171	0	2	2	2337	146	21.1871684382	27.4309403692	26.7086021022	12.945
3172	0	2	1	1012	63	17.7781664964	28.0105403133	27.4044258146	16.095
3172	0	2	2	2357	147	17.7781664964	30.6037477532	29.9976332546	12.756
3173	0	2	1	305	19	15.8699001722	25.9815877914	25.4405321888	17.166
3173	0	2	2	1650	103	15.8699001722	26.0593213054	25.5182657028	22.63
3174	0	2	1	525	32	7.68673456917	30.8113821555	30.5493168142	6.347
3174	0	2	2	1872	117	7.68673456917	34.2024793774	33.9404140361	7.622
3175	0	2	1	429	26	7.74499140171	26.4571794052	26.1931279024	11.685
3175	0	2	2	1775	110	7.74499140171	28.1815432857	27.9174917829	10.473
3176	0	2	1	227	14	15.161248859	27.2471643629	26.7302689478	5.213
3176	0	2	2	1570	98	15.161248859	31.6191909705	31.1022955554	9.465
3177	0	2	1	526	32	6.59899541379	31.9104996708	31.6855188327	4.662
3177	0	2	2	1874	117	6.59899541379	28.414327856	28.1893470179	4.756
3178	0	2	1	916	57	21.4728332853	32.105333355	31.3732558607	13.779
3178	0	2	2	2258	141	21.4728332853	32.2881179567	31.5560404625	10.977
3179	0	2	1	1062	66	14.0004117615	24.4244228538	23.9471040843	17.544
3179	0	2	2	2408	150	14.0004117615	27.2244242135	26.747105444	14.126
3180	0	2	1	297	18	15.5482342762	26.1360614082	25.6059724237	11.244
3180	0	2	2	1640	102	15.5482342762	29.0736006768	28.5435116924	13.937
3181	0	2	1	505	31	8.23709151031	30.5764583596	30.2956295918	9.622
3181	0	2	2	1852	115	8.23709151031	27.5533088148	27.2724800469	18.032
3182	0	2	1	1064	66	16.7272158071	27.2958093119	26.7255250801	12.504
3182	0	2	2	2412	150	16.7272158071	27.215295687	26.6450114552	17.685
3183	0	2	1	280	17	13.7834087461	25.4959619305	25.0260414871	14.725
3183	0	2	2	1624	101	13.7834087461	27.6138878446	27.1439674013	15.024
3184	0	2	1	490	30	11.5843087056	20.0996811266	19.70473503	13.197
3184	0	2	2	1835	114	11.5843087056	21.9177638475	21.5228177508	17.37
3185	0	2	1	915	57	19.1898304733	25.0114714657	24.3572288316	4
3185	0	2	2	2264	141	19.1898304733	32.2575638856	31.6033212516	8.567
3186	0	2	1	432	27	13.6026026988	35.2579532575	34.79419707	6
3186	0	2	2	1781	111	13.6026026988	28.9432696653	28.4795134777	10.819
3187	0	2	1	1224	76	9.93464482585	26.9209842352	26.582280451	12.394
3187	0	2	2	2569	160	9.93464482585	28.1818341094	27.8431303252	8.614
3188	0	2	1	893	55	20.6435211199	28.3496634588	27.645859866	16.252
3188	0	2	2	2235	139	20.6435211199	29.8370015622	29.1331979693	14.267
3189	0	2	1	561	35	9.92180736286	7.48866736809	7.15040125404	12.315
3189	0	2	2	1908	119	9.92180736286	7.20712801329	6.86886189924	9.165
3189	1	2	1	577	36	9.92180736286	25.1536367581	24.815370644	17.244
3189	1	2	2	1926	120	9.92180736286	30.5919961527	30.2537300386	9.496
3191	0	2	1	525	32	6.82962584884	29.9585852154	29.7257414489	5.086
3191	0	2	2	1873	117	6.82962584884	32.5681995523	32.3353557858	9.481
3193	0	2	1	798	49	25.0609382601	33.0475602256	32.1931527684	12.614
3193	0	2	2	2146	134	25.0609382601	22.2438253705	21.3894179133	7.118
3194	0	2	1	149	9	20.341454234	29.4481542943	28.7546491267	16.441
3194	0	2	2	1485	92	20.341454234	30.4184072311	29.7249020635	16.315
3196	0	2	1	1006	62	16.2319762248	27.7066307479	27.1532308158	10.315
3196	0	2	2	2351	146	16.2319762248	31.1439458666	30.5905459345	8.315
3197	0	2	1	331	20	12.5465316809	31.6595326204	31.2317812681	11.968
3197	0	2	2	1675	104	12.5465316809	30.1957142951	29.7679629429	7.37
3198	0	2	1	415	25	12.9996010054	29.7769019723	29.3337040392	4.504
3198	0	2	2	1762	110	12.9996010054	29.0308267587	28.5876288255	14.22
3199	0	2	1	488	30	9.86870628089	29.6665712092	29.3301154807	9.323
3199	0	2	2	1832	114	9.86870628089	30.2742263784	29.9377706499	12.126
3200	0	2	1	1059	66	20.997156867	23.1965941659	22.4807340006	7.843
3200	0	2	2	2404	150	20.997156867	22.1529919359	21.4371317705	18.898
3201	0	2	1	1074	67	16.0316670932	31.4965104181	30.9499396643	9.779
3201	0	2	2	2419	151	16.0316670932	30.3152489908	29.768678237	18.284
3203	0	2	1	499	31	12.2551545167	28.8099339626	28.3921165888	25.496
3203	0	2	2	1848	115	12.2551545167	29.2341827823	28.8163654085	4.756
3204	0	2	1	767	47	20.8196597103	35.7721103265	35.0623016063	4.472
3204	0	2	2	2106	131	20.8196597103	33.1872551122	32.477446392	6.913
3205	0	2	1	429	26	12.432490869	28.4868868794	28.0630235427	11.78
3205	0	2	2	1775	110	12.432490869	30.3908224587	29.966959122	14.725
3206	0	2	1	567	35	9.88815572784	33.6375972821	33.3004784598	6.189
3206	0	2	2	1914	119	9.88815572784	30.2624989561	29.9253801338	8.756
3207	0	2	1	552	34	9.06940947712	27.2018719132	26.8926667666	11.055
3207	0	2	2	1897	118	9.06940947712	27.7505584362	27.4413532896	6.898
3208	0	2	1	806	50	24.010205367	32.6695598161	31.8509752004	5.433
3208	0	2	2	2148	134	24.010205367	32.9690517861	32.1504671704	8.22
3209	0	2	1	888	55	19.1884016558	36.8430800069	36.1888860859	7.717
3209	0	2	2	2230	139	19.1884016558	32.4524937251	31.7982998041	5.276
3210	0	2	1	491	30	10.6030815077	28.7105959775	28.3491030511	14.536
3210	0	2	2	1835	114	10.6030815077	27.9546342831	27.5931413567	16.787
3211	0	2	1	299	18	17.436903359	33.5626467444	32.9681669964	12.063
3211	0	2	2	1643	102	17.436903359	33.352909403	32.758429655	6.504
3212	0	2	1	308	19	13.0715445197	30.8325629662	30.3869122488	13.37
3212	0	2	2	1652	103	13.0715445197	30.4129744918	29.9673237744	18.961
3213	0	2	1	487	30	12.1696462684	27.8681448381	27.4532427137	14.945
3213	0	2	2	1832	114	12.1696462684	30.2429113194	29.828009195	9.779
3214	0	2	1	429	26	10.7200042586	22.0424965325	21.677017336	16.284
3214	0	2	2	1775	110	10.7200042586	24.7611324358	24.3956532393	17.622
3215	0	2	1	259	16	13.1200518164	27.8383341962	27.3910297101	12.252
3215	0	2	2	1602	100	13.1200518164	27.0152993611	26.5679948749	13.292
3216	0	2	1	1003	62	18.3437484283	29.9012002249	29.2758032311	6.063
3216	0	2	2	2350	146	18.3437484283	30.0651578989	29.4397609051	7.402
3217	0	2	1	994	62	19.751371923	29.3428571484	28.6694697721	12.708
3217	0	2	2	2337	146	19.751371923	31.8790800263	31.2056926501	11.086
3218	0	2	1	280	17	11.3753899271	33.2423480962	32.8545247082	12.378
3218	0	2	2	1624	101	11.3753899271	33.9855800619	33.5977566739	14.645
3219	0	2	1	1213	75	9.08965447254	26.2376841895	25.9277888263	8.771
3219	0	2	2	2562	160	9.08965447254	30.0152255841	29.7053302209	7.402
3220	0	2	1	1004	62	12.4670947083	28.7623505328	28.3373074407	12.583
3220	0	2	2	2349	146	12.4670947083	29.7269538191	29.3019107271	7.055
3221	0	2	1	440	27	11.149923521	30.5230660234	30.1429295056	16.661
3221	0	2	2	1789	111	11.149923521	29.5872551927	29.2071186748	9.055
3222	0	2	1	486	30	12.2618291556	30.0854907543	29.6674458207	18.221
3222	0	2	2	1831	114	12.2618291556	29.6581731643	29.2401282307	12.851
3223	0	2	1	431	26	10.6538244643	31.1121335792	30.7489106633	10.898
3223	0	2	2	1776	111	10.6538244643	29.7919648852	29.4287419693	9.244
3224	0	2	1	212	13	24.3681600281	29.6009499121	28.7701614783	4.803
3224	0	2	2	1555	97	24.3681600281	29.2426355029	28.4118470691	15.37
3225	0	2	1	486	30	13.9984433092	28.2403521541	27.7631004954	16.315
3225	0	2	2	1831	114	13.9984433092	28.167927128	27.6906754694	12.378
3226	0	2	1	453	28	11.6707166349	27.6433291635	27.2454371445	7.528
3226	0	2	2	1797	112	11.6707166349	28.0373814317	27.6394894126	7.654
3227	0	2	1	903	56	17.2705607317	33.5446132695	32.9558046731	17.906
3227	0	2	2	2245	140	17.2705607317	33.963834515	33.3750259187	12.157
3228	0	2	1	537	33	11.9295889256	30.8737773873	30.4670595848	11.496
3228	0	2	2	1867	116	11.9295889256	24.5628639993	24.1561461967	6.346
3229	0	2	1	1093	68	13.8910173855	28.3010527626	27.8274635969	19.544
3229	0	2	2	2442	152	13.8910173855	30.2940228651	29.8204336994	14.126
3230	0	2	1	1258	78	12.1891071334	26.1588026393	25.7432370318	10.52
3230	0	2	2	2609	163	12.1891071334	24.0719944307	23.6564288232	18.378
3231	0	2	1	310	19	20.4647377826	24.4808295124	23.7831212148	18.472
3231	0	2	2	1656	103	20.4647377826	25.6175815505	24.9198732528	7.244
3231	1	2	1	309	19	20.4647377826	28.046288489	27.3485801913	16
3231	1	2	2	1652	103	20.4647377826	25.5504586389	24.8527503413	17.496
3232	0	2	1	212	13	15.3046009894	29.7068070709	29.1850243236	15.464
3232	0	2	2	1555	97	15.3046009894	30.2824140533	29.760631306	14.315
3233	0	2	1	414	25	10.0647382925	29.3192708036	28.9761317175	7.685
3233	0	2	2	1762	110	10.0647382925	27.2749386231	26.9317995369	17.118
3234	0	2	1	1096	68	11.4663090514	31.731600737	31.3406776255	11.291
3234	0	2	2	2444	152	11.4663090514	32.5106266178	32.1197035064	6.709
3235	0	2	1	821	51	21.1874477944	27.4021981722	26.6798503811	14.992
3235	0	2	2	2166	135	21.1874477944	24.8481679673	24.1258201762	17.937
3236	0	2	1	1026	64	13.1847564371	31.7409853998	31.2914749264	8.835
3236	0	2	2	2372	148	13.1847564371	29.9701106327	29.5206001593	12.425
3237	0	2	1	1270	79	6.5851696714	29.7602711652	29.5357616909	11.465
3237	0	2	2	2619	163	6.5851696714	29.4074483128	29.1829388385	12.504
3238	0	2	1	443	27	11.8908400269	27.0507952603	26.6453985315	5.37
3238	0	2	2	1790	111	11.8908400269	27.6220332999	27.2166365711	9.559
3239	0	2	1	119	7	13.4681912974	31.8703252898	31.4111516164	10.378
3239	0	2	2	1460	91	13.4681912974	33.8236545415	33.3644808681	10.897
3240	0	2	1	993	62	15.6538424544	30.108792494	29.5751029893	8.756
3240	0	2	2	2340	146	15.6538424544	33.3281001043	32.7944105997	11.197
3241	0	2	1	1221	76	14.699086219	31.5467345272	31.0455957131	12.221
3241	0	2	2	2571	160	14.699086219	32.4256293869	31.9244905728	6.803
3242	0	2	1	538	33	10.2718937911	29.680956162	29.330754483	9.653
3242	0	2	2	1888	118	10.2718937911	30.1490821484	29.7988804695	11.969
3243	0	2	1	526	32	8.27403050662	27.8681815955	27.5860934593	5.008
3243	0	2	2	1874	117	8.27403050662	28.6829190995	28.4008309633	9.103
3244	0	2	1	485	30	11.9274955482	26.3643172527	25.95767082	16.63
3244	0	2	2	1828	114	11.9274955482	29.4417076876	29.035061255	9.087
3245	0	2	1	471	29	8.51920288009	29.4577313523	29.1672845065	7.669
3245	0	2	2	1818	113	8.51920288009	32.8843434119	32.5938965661	8.126
3246	0	2	1	1103	68	11.6875523559	29.4563793758	29.0579133732	14.504
3246	0	2	2	2452	153	11.6875523559	32.6712671232	32.2728011206	8.567
3247	0	2	1	413	25	11.8727245872	34.029793837	33.6250147215	6.41
3247	0	2	2	1760	110	11.8727245872	32.2375731771	31.8327940615	15.307
3248	0	2	1	337	21	14.3877926386	29.8587566997	29.3682308784	12.315
3248	0	2	2	1681	105	14.3877926386	29.494249982	29.0037241607	14.567
3249	0	2	1	978	61	17.2510182347	30.6127986149	30.0246562848	11.717
3249	0	2	2	2323	145	17.2510182347	32.6947965921	32.106654262	7.811
3250	0	2	1	273	17	11.9005715852	34.2620562396	33.8563277309	10
3250	0	2	2	1616	101	11.9005715852	35.1700620401	34.7643335314	11.496
3251	0	2	1	554	34	12.3844349498	36.2903245945	35.8680996377	5.229
3251	0	2	2	1912	119	12.3844349498	34.6226927344	34.2004677776	9.008
3252	0	2	1	1248	78	18.2023164612	33.5974254023	32.9768502762	10.63
3252	0	2	2	2598	162	18.2023164612	33.2233824386	32.6028073124	6.409
3253	0	2	1	488	30	13.7632592492	31.9772139292	31.5079804465	4.961
3253	0	2	2	1832	114	13.7632592492	31.4064529066	30.937219424	11.496
3254	0	2	1	1014	63	12.1533701414	31.6237424213	31.2093952021	11.087
3254	0	2	2	2359	147	12.1533701414	33.8629943022	33.448647083	10.504
3255	0	2	1	810	50	24.6142529485	32.022285652	31.1831071243	5.527
3255	0	2	2	2151	134	24.6142529485	30.5248363024	29.6856577747	7.906
3256	0	2	1	443	27	8.53269532452	27.6161603612	27.3252535149	9.37
3256	0	2	2	1791	111	8.53269532452	26.6814460657	26.3905392194	10.126
3257	0	2	1	491	30	16.6837440109	19.4588125135	18.8900103741	4.725
3257	0	2	2	1859	116	16.6837440109	24.9308130744	24.362010935	21.843
3258	0	2	1	516	32	10.3504000536	30.9169975718	30.5641193635	15.559
3258	0	2	2	1864	116	10.3504000536	29.1635441529	28.8106659446	10.787
3259	0	2	1	1003	62	27.6860583044	33.6722066018	32.7283004148	10.693
3259	0	2	2	2350	146	27.6860583044	34.1754780815	33.2315718945	6.929
3260	0	2	1	432	27	9.99946236559	31.1082441781	30.7673305569	13.307
3260	0	2	2	1779	111	9.99946236559	27.9715106314	27.6305970102	9.433
3261	0	2	1	1056	66	12.785064729	8.75399228281	8.31810857679	5.559
3261	0	2	2	2413	150	12.785064729	6.73142755626	6.29554385024	14.378
3262	0	2	1	903	56	18.1788640562	34.9497542375	34.3299786788	9.008
3262	0	2	2	2228	139	18.1788640562	34.909424798	34.2896492392	5.37
3263	0	2	1	795	49	25.874597405	33.9389740968	33.0568263996	12.252
3263	0	2	2	2135	133	25.874597405	31.2050773317	30.3229296345	16
3264	0	2	1	429	26	10.5927962444	30.314282642	29.9531403731	14.992
3264	0	2	2	1775	110	10.5927962444	29.9525781993	29.5914359304	12.567
3265	0	2	1	577	36	12.4975621594	29.7027454386	29.2766636138	13.197
3265	0	2	2	1925	120	12.4975621594	29.2863712534	28.8602894285	9.937
3266	0	2	1	415	25	8.29132498802	27.2087464261	26.9260686657	5.165
3266	0	2	2	1764	110	8.29132498802	29.5235565709	29.2408788106	10.158
3267	0	2	1	477	29	8.96764758813	28.8089058394	28.5031700807	10.929
3267	0	2	2	1825	114	8.96764758813	28.3638613514	28.0581255927	11.149
3267	1	2	1	478	29	8.96764758813	31.8575614096	31.5518256508	15.527
3267	1	2	2	1826	114	8.96764758813	26.6792846924	26.3735489337	10.347
3268	0	2	1	1021	63	14.0587294542	25.8296686799	25.350361674	8.347
3268	0	2	2	2368	148	14.0587294542	29.7540929101	29.2747859041	19.417
3270	0	2	1	930	58	17.4819266557	27.4965559096	26.9005411736	16.772
3270	0	2	2	2272	142	17.4819266557	30.5172232174	29.9212084815	12.189
3271	0	2	1	485	30	11.710901997	26.8514682762	26.4522062098	15.716
3271	0	2	2	1829	114	11.710901997	30.5894519829	30.1901899164	11.449
3272	0	2	1	888	55	20.318173061	30.2148913994	29.5221799614	23.685
3272	0	2	2	2241	140	20.318173061	42.2515473579	41.5588359198	7.291
3273	0	2	1	895	55	15.1295769527	23.6760029332	23.1601873146	6.882
3273	0	2	2	2255	140	15.1295769527	36.7464537359	36.2306381172	8.441
3274	0	2	1	437	27	11.754555554	32.3633666833	31.9626163277	8.945
3274	0	2	2	1783	111	11.754555554	33.7161321833	33.3153818277	9.197
3275	0	2	1	1030	64	15.3920074955	36.4596829105	35.9349201962	14.284
3275	0	2	2	2373	148	15.3920074955	39.9401835307	39.4154208164	10.819
3276	0	2	1	1227	76	13.7568575786	28.9822372733	28.5132220441	14.614
3276	0	2	2	2578	161	13.7568575786	29.6341029244	29.1650876952	10.032
3277	0	2	1	1062	66	18.7327627781	29.2293727406	28.5907130047	11.717
3277	0	2	2	2408	150	18.7327627781	27.8774004656	27.2387407297	16.913
3278	0	2	1	224	14	20.2925196184	34.0027599937	33.3109231635	5.716
3278	0	2	2	1565	97	20.2925196184	34.5448391566	33.8530023264	7.26
3279	0	2	1	113	7	23.2109545415	33.4722731424	32.680937541	7.527
3279	0	2	2	1453	90	23.2109545415	28.4585384302	27.6672028288	20.866
3280	0	2	1	233	14	16.2049488017	34.0786035306	33.5261250498	11.622
3280	0	2	2	1576	98	16.2049488017	32.2383514302	31.6858729493	9.464
3281	0	2	1	215	13	20.5118905682	33.533352265	32.8340363782	8
3281	0	2	2	1559	97	20.5118905682	38.5447872856	37.8454713989	8.346
3282	0	2	1	487	30	12.0322256571	28.4471949121	28.0369778954	12.032
3282	0	2	2	1832	114	12.0322256571	29.8021554342	29.3919384176	7.433
3283	0	2	1	457	28	11.7246856303	29.7171673273	29.3174353328	6.976
3283	0	2	2	1802	112	11.7246856303	28.3517520826	27.9520200881	10.473
3284	0	2	1	1221	76	13.9255320074	30.7025312555	30.2277653761	4.378
3284	0	2	2	2571	160	13.9255320074	34.7282629913	34.2534971119	5.78
3286	0	2	1	430	26	8.71520216177	28.1684874329	27.8713583454	11.087
3286	0	2	2	1777	111	8.71520216177	28.3114527493	28.0143236618	10.661
3287	0	2	1	258	16	18.0522737492	31.5717501844	30.9562904937	9.874
3287	0	2	2	1601	100	18.0522737492	33.5646248021	32.9491651113	10.976
3288	0	2	1	528	33	8.54029432083	30.4402660777	30.1491001573	13.244
3288	0	2	2	1878	117	8.54029432083	29.8477481017	29.5565821813	5.417
3289	0	2	1	1209	75	9.15320433162	33.2033809794	32.8913189984	12.567
3289	0	2	2	2561	160	9.15320433162	31.0321251263	30.7200631454	10.677
3290	0	2	1	476	29	13.1722228762	33.322224398	32.8731412337	10.409
3290	0	2	2	1821	113	13.1722228762	30.7971310557	30.3480478914	5.906
3291	0	2	1	513	32	7.79617782164	31.3858941586	31.1200975472	10.929
3291	0	2	2	1861	116	7.79617782164	32.754664427	32.4888678156	11.465
3292	0	2	1	411	25	13.3482268819	33.0977836085	32.6426999053	7.008
3292	0	2	2	1759	109	13.3482268819	31.9333883845	31.4783046813	14
3293	0	2	1	1061	66	18.3838195702	33.8045973619	33.1778342148	12.96
3293	0	2	2	2407	150	18.3838195702	28.808678303	28.181915156	14.52
3294	0	2	1	1001	62	9.37011022349	30.4605541717	30.1410971758	13.307
3294	0	2	2	2347	146	9.37011022349	29.8461852319	29.5267282361	4.992
3295	0	2	1	518	32	9.85299174299	29.3620807428	29.0261607731	5.842
3295	0	2	2	1865	116	9.85299174299	33.4243933333	33.0884733636	14.63
3296	0	2	1	901	56	19.6796904688	29.7254533862	29.0545098598	14.126
3296	0	2	2	2242	140	19.6796904688	30.8256419213	30.1546983949	5.528
3297	0	2	1	1248	78	9.91966962563	27.1253154207	26.7871221889	12.772
3297	0	2	2	2598	162	9.91966962563	28.4189994418	28.08080621	15.339
3298	0	2	1	811	50	26.3444639775	32.4284468936	31.5302799437	5.307
3298	0	2	2	2152	134	26.3444639775	33.6140533246	32.7158863747	9.418
3299	0	2	1	1230	76	11.4199839387	27.4600775424	27.0707338021	11.843
3299	0	2	2	2580	161	11.4199839387	28.6676857307	28.2783419904	11.024
3300	0	2	1	1010	63	10.8795487496	25.4797971012	25.1088785232	10.41
3300	0	2	2	2356	147	10.8795487496	28.7289022442	28.3579836662	9.465
3301	0	2	1	215	13	21.1466462665	33.8111968437	33.0902401071	5.275
3301	0	2	2	1558	97	21.1466462665	31.9227472471	31.2017905104	14.22
3302	0	2	1	1213	75	7.24121936973	28.0116515437	27.7647752391	16.252
3302	0	2	2	2562	160	7.24121936973	31.2973211101	31.0504448055	15.212
3303	0	2	1	1100	68	16.3956297748	31.1518947267	30.5929153222	6.788
3303	0	2	2	2447	152	16.3956297748	30.6888363725	30.129856968	9.134
3305	0	2	1	338	21	12.5916590618	28.4582071147	28.0289172258	12.63
3305	0	2	2	1682	105	12.5916590618	27.8996526059	27.470362717	9.59
3306	0	2	1	966	60	26.0232252586	28.5291509511	27.6419360555	15.118
3306	0	2	2	2311	144	26.0232252586	27.462858123	26.5756432275	4.284
3307	0	2	1	896	56	17.8149596959	29.8884776195	29.2811087231	12.095
3307	0	2	2	2238	139	17.8149596959	34.1042016527	33.4968327563	9.843
3308	0	2	1	607	37	10.6064596494	27.6531081055	27.2915000075	9.874
3308	0	2	2	1955	122	10.6064596494	27.9771876722	27.6155795742	14.189
3309	0	2	1	430	26	9.77470674996	28.9721859275	28.6389349433	13.229
3309	0	2	2	1779	111	9.77470674996	27.6295569383	27.2963059541	10.347
3310	0	2	1	804	50	24.0267575482	30.9167949241	30.0976459917	6.473
3310	0	2	2	2145	134	24.0267575482	36.443311862	35.6241629296	7.937
3311	0	2	1	970	60	16.241988729	31.2320169754	30.678275685	14.158
3311	0	2	2	2314	144	16.241988729	28.8899101487	28.3361688584	8.126
3312	0	2	1	1067	66	14.3663266443	29.3954007298	28.9056067528	8.158
3312	0	2	2	2415	150	14.3663266443	30.1727162517	29.6829222747	16.157
3313	0	2	1	209	13	23.2534785327	37.5627954831	36.770010103	8.473
3313	0	2	2	1552	97	23.2534785327	34.6070806472	33.8142952671	15.559
3314	0	2	1	506	31	8.20865934841	29.4153289302	29.1354695056	18.126
3314	0	2	2	1857	116	8.20865934841	29.8253691361	29.5455097115	9.307
3315	0	2	1	1218	76	11.4777817374	27.209588247	26.8182739951	7.78
3315	0	2	2	2566	160	11.4777817374	28.8861786337	28.4948643818	4.725
3316	0	2	1	279	17	11.003816505	29.5379547183	29.1627994555	13.653
3316	0	2	2	1623	101	11.003816505	33.2939491957	32.9187939329	14.866
3317	0	2	1	803	50	23.2257822182	27.2888234239	26.4969822996	7.937
3317	0	2	2	2145	134	23.2257822182	36.7748309743	35.98298985	7.843
3318	0	2	1	1089	68	14.0556386741	27.8689390515	27.3897374201	5.213
3318	0	2	2	2436	152	14.0556386741	25.6206268123	25.1414251809	4.897
3318	1	2	1	1097	68	14.0556386741	28.5382255952	28.0590239638	15.023
3318	1	2	2	2434	152	14.0556386741	24.6691236489	24.1899220175	11.905
3319	0	2	1	265	16	16.1794110609	33.9973891235	33.4457813057	15.622
3319	0	2	2	1608	100	16.1794110609	34.1238228594	33.5722150417	9.338
3320	0	2	1	169	10	21.3477763791	37.2796730738	36.5518591691	14.032
3320	0	2	2	1508	94	21.3477763791	23.2550276095	22.5272137047	6.441
3321	0	2	1	487	30	15.5073654922	27.8113653271	27.2826696901	17.118
3321	0	2	2	1831	114	15.5073654922	28.95026629	28.421570653	12.063
3322	0	2	1	935	58	19.3436574482	30.7332652261	30.073778139	18.221
3322	0	2	2	2277	142	19.3436574482	29.5301247369	28.8706376498	8.378
3323	0	2	1	587	36	9.25377179166	24.3087420334	23.9932513864	15.653
3323	0	2	2	1937	121	9.25377179166	28.2516516669	27.9361610199	12.063
3324	0	2	1	985	61	14.1074884033	26.7024842471	26.2215148927	11.685
3324	0	2	2	2332	145	14.1074884033	29.773049566	29.2920802117	5.37
3325	0	2	1	1061	66	17.0318837081	32.0453769736	31.4647056396	5.464
3325	0	2	2	2410	150	17.0318837081	25.7709212458	25.1902499118	18
3326	0	2	1	1069	66	10.2656393542	31.440432904	31.0904444588	4.504
3326	0	2	2	2412	150	10.2656393542	29.624764536	29.2747760908	5.433
3327	0	2	1	1230	76	10.988719339	28.2103911079	27.8357505557	5.591
3327	0	2	2	2580	161	10.988719339	30.1372993649	29.7626588127	13.606
3328	0	2	1	272	17	14.5774246924	37.5430290549	37.046038071	8.126
3328	0	2	2	1614	100	14.5774246924	34.6173513213	34.1203603374	5.496
3329	0	2	1	295	18	19.9566895057	29.9946681546	29.3142808459	13.653
3329	0	2	2	1639	102	19.9566895057	28.9163676593	28.2359803506	9.716
3330	0	2	1	931	58	19.0498945537	40.9179309851	40.2684592137	12.929
3330	0	2	2	2269	141	19.0498945537	39.9972602777	39.3477885063	5.212
3331	0	2	1	258	16	13.3529538159	28.448250916	27.9930060566	12.063
3331	0	2	2	1601	100	13.3529538159	28.2632426568	27.8079977973	13.591
3332	0	2	1	242	15	19.56991417	30.3902349167	29.723034015	11.307
3332	0	2	2	1588	99	19.56991417	21.4045468292	20.7373459275	4.347
3333	0	2	1	1081	67	15.0621932209	27.7634538491	27.2499355572	5.717
3333	0	2	2	2428	151	15.0621932209	28.5289406808	28.0154223889	14.598
3334	0	2	1	485	30	12.6494481685	26.6682193777	26.2369592735	20.252
3334	0	2	2	1830	114	12.6494481685	28.5901628538	28.1589027496	12.74
3335	0	2	1	1021	63	11.0536146621	35.791316506	35.4144634649	5.716
3335	0	2	2	2365	147	11.0536146621	27.55814744	27.1812943989	16.473
3336	0	2	1	489	30	11.3061628127	28.4834895102	28.0980262958	14.032
3336	0	2	2	1834	114	11.3061628127	26.1660724612	25.7806092468	14.819
3337	0	2	1	169	10	22.3487836997	27.2227542254	26.4608127827	13.118
3337	0	2	2	1511	94	22.3487836997	26.350461734	25.5885202913	12.063
3338	0	2	1	459	28	7.99376087689	29.733879671	29.4613468219	7.653
3338	0	2	2	1805	112	7.99376087689	29.558240071	29.285707222	8.851
3339	0	2	1	820	51	27.0823472359	28.8832444665	27.9599207187	7.78
3339	0	2	2	2153	134	27.0823472359	29.2238277282	28.3005039804	15.811
3341	0	2	1	516	32	9.0830309605	30.3147517456	30.005082199	8.283
3341	0	2	2	1861	116	9.0830309605	33.0283166553	32.7186471088	13.338
3342	0	2	1	806	50	23.3285193159	34.7519553878	33.9566116276	10.992
3342	0	2	2	2149	134	23.3285193159	38.4688293898	37.6734856296	9.024
3343	0	2	1	304	19	15.4928236842	26.2006193497	25.6724194894	12.441
3343	0	2	2	1650	103	15.4928236842	30.0691156515	29.5409157912	14.031
3344	0	2	1	485	30	10.6216699462	26.6015324793	26.2394058136	13.937
3344	0	2	2	1831	114	10.6216699462	29.566751496	29.2046248304	11.401
3345	0	2	1	584	36	9.38436707825	26.7925942031	26.4726511455	14.063
3345	0	2	2	1933	120	9.38436707825	28.3644254923	28.0444824347	11.874
3346	0	2	1	987	61	10.5489315502	24.7265289128	24.3668821315	19.843
3346	0	2	2	2331	145	10.5489315502	31.1551660445	30.7955192632	11.559
3347	0	2	1	491	30	14.6782789056	28.7080775726	28.2076481463	19.244
3347	0	2	2	1834	114	14.6782789056	28.8480908235	28.3476613972	9.244
3349	0	2	1	121	7	18.2100805393	32.4846928652	31.8638530368	12.157
3349	0	2	2	1460	91	18.2100805393	34.7958814606	34.1750416322	15.591
3350	0	2	1	932	58	12.2337501227	32.6241431857	32.2070555561	16.031
3350	0	2	2	2273	142	12.2337501227	32.6693174176	32.252229788	7.323
3351	0	2	1	310	19	13.3582778482	39.491156252	39.0357298793	10.977
3351	0	2	2	1653	103	13.3582778482	41.1915126426	40.7360862699	13.37
3352	0	2	1	930	58	9.67444625943	33.8610954632	33.5312626795	5.071
3352	0	2	2	2273	142	9.67444625943	31.8891691582	31.5593363745	6.551
3353	0	2	1	825	51	32.12799358	18.470689592	17.3753436391	9.906
3353	0	2	2	2167	135	32.12799358	32.4164292694	31.3210833165	7.496
3354	0	2	1	1265	79	8.37360029505	26.9242015338	26.6387187453	17.338
3354	0	2	2	2615	163	8.37360029505	26.4232774612	26.1377946727	14.693
3355	0	2	1	487	30	12.5768821104	27.3047323856	26.8759462902	16.819
3355	0	2	2	1831	114	12.5768821104	26.8533152865	26.4245291911	10.977
3356	0	2	1	566	35	10.899738262	25.9081215242	25.5365146212	10.677
3356	0	2	2	1914	119	10.899738262	25.1227188946	24.7511119916	6.567
3357	0	2	1	1004	62	15.6767054958	31.335819068	30.8013500892	16.473
3357	0	2	2	2351	146	15.6767054958	32.6269691015	32.0925001227	7.181
3358	0	2	1	908	56	16.7473548009	31.0977330392	30.5267622047	14.22
3358	0	2	2	2249	140	16.7473548009	32.3972943832	31.8263235487	5.779
3359	0	2	1	1254	78	2.44009909363	24.5487001308	24.4655093563	10.189
3359	0	2	2	2602	162	2.44009909363	27.2229626115	27.139771837	12.96
3360	0	2	1	567	35	9.98403065485	30.8866074938	30.5462199889	11.339
3360	0	2	2	1915	119	9.98403065485	33.7948779028	33.4544903979	8.882
3361	0	2	1	471	29	15.6412173805	28.9260522936	28.3927932181	8
3361	0	2	2	1817	113	15.6412173805	31.461666588	30.9284075124	13.181
3362	0	2	1	807	50	25.8847075305	32.460692462	31.5782000783	13.244
3362	0	2	2	2148	134	25.8847075305	31.1575825719	30.2750901883	7.024
3363	0	2	1	917	57	15.0304917974	16.8284565187	16.3160190296	4.378
3363	0	2	2	2251	140	15.0304917974	29.6511024167	29.1386649276	7.166
3364	0	2	1	449	28	12.4029396153	27.3600828073	26.9372269673	22.535
3364	0	2	2	1796	112	12.4029396153	32.8832254475	32.4603696075	7.087
3365	0	2	1	470	29	7.51087025429	25.8655658508	25.609496286	11.244
3365	0	2	2	1815	113	7.51087025429	29.2665935242	29.0105239593	9.118
3366	0	2	1	489	30	12.1531434758	37.1546980371	36.7403585457	19.937
3366	0	2	2	1831	114	12.1531434758	40.6037521346	40.1894126432	9.103
3367	0	2	1	951	59	18.4434618543	30.022642929	29.3938463859	15.37
3367	0	2	2	2293	143	18.4434618543	28.6393987187	28.0106021756	10
3368	0	2	1	888	55	18.2449204152	38.1625317741	37.540504143	5.905
3368	0	2	2	2230	139	18.2449204152	38.0901438163	37.4681161852	7.149
3369	0	2	1	1253	78	8.52884347369	27.0659958056	26.7752202812	9.906
3369	0	2	2	2600	162	8.52884347369	26.5091370169	26.2183614925	19.496
3370	0	2	1	983	61	13.1138763591	26.6769185549	26.2298246098	5.37
3370	0	2	2	2327	145	13.1138763591	27.9384242038	27.4913302587	18.063
3370	1	2	1	981	61	13.1138763591	24.2979595997	23.8508656546	21.323
3370	1	2	2	2324	145	13.1138763591	32.3845511911	31.937457246	7.213
3371	0	2	1	1275	79	6.70946477069	26.4506833142	26.2219362229	14.488
3371	0	2	2	2625	164	6.70946477069	26.4969187997	26.2681717083	15.653
3372	0	2	1	488	30	9.69582038777	26.3614893873	26.0309278913	17.78
3372	0	2	2	1832	114	9.69582038777	29.0576835602	28.7271220642	10.189
3373	0	2	1	793	49	25.2720357244	32.8183341327	31.9567296885	14.977
3373	0	2	2	2133	133	25.2720357244	30.7694274246	29.9078229803	17.496
3374	0	2	1	1032	64	13.5170061633	38.9787634045	38.5179254763	6.977
3374	0	2	2	2377	148	13.5170061633	32.2517461074	31.7909081792	7.496
3375	0	2	1	592	37	9.86312480292	28.5305563599	28.1942909218	11.622
3375	0	2	2	1944	121	9.86312480292	26.8525506035	26.5162851655	7.968
3376	0	2	1	584	36	10.4897866909	27.3275644618	26.9699341177	14.788
3376	0	2	2	1931	120	10.4897866909	27.7762839936	27.4186536495	10.992
3377	0	2	1	441	27	11.8227059651	29.5003834832	29.0973096623	6.032
3377	0	2	2	1788	111	11.8227059651	30.5869656324	30.1838918115	19.622
3378	0	2	1	1255	78	7.22258449024	46.1284405019	45.8821995198	11.496
3378	0	2	2	2603	162	7.22258449024	47.9821414485	47.7359004665	14.52
3379	0	2	1	535	33	11.7506510151	25.8914563499	25.4908391124	19.496
3379	0	2	2	1896	118	11.7506510151	34.5139324738	34.1133152363	5.528
3380	0	2	1	208	13	19.7578893296	29.7764689578	29.1028593824	6.031
3380	0	2	2	1552	97	19.7578893296	31.1705104794	30.496900904	14.283
3381	0	2	1	1254	78	8.17984730898	28.4534701475	28.1745930174	4.347
3381	0	2	2	2601	162	8.17984730898	28.374041994	28.0951648639	10.346
3382	0	2	1	158	9	20.8315102662	29.2761292453	28.5659165019	13.843
3382	0	2	2	1498	93	20.8315102662	28.0395044082	27.3292916647	15.937
3383	0	2	1	1030	64	19.1236840592	31.3722837282	30.7202962368	16.582
3383	0	2	2	2374	148	19.1236840592	34.3289796987	33.6769922073	20.693
3384	0	2	1	486	30	9.37365021759	28.4485048476	28.128927162	13.402
3384	0	2	2	1831	114	9.37365021759	28.5691837581	28.2496060725	15.653
3385	0	2	1	1218	76	13.8072679024	29.6554482929	29.1847144147	15.008
3385	0	2	2	2567	160	13.8072679024	29.3379876093	28.867253731	6.614
3386	0	2	1	833	52	26.8753031357	31.3729382679	30.4566733151	17.323
3386	0	2	2	2175	135	26.8753031357	32.3653608731	31.4490959202	14.189
3387	0	2	1	139	8	17.131745797	29.5802583074	28.9961823557	14.41
3387	0	2	2	1480	92	17.131745797	28.5029264215	27.9188504699	10.756
3388	0	2	1	105	6	26.4351295842	32.3542377342	31.4529797041	22.032
3388	0	2	2	1447	90	26.4351295842	34.0167654197	33.1155073896	11.78
3389	0	2	1	1264	79	9.67313947578	29.2026925797	28.8729043484	14.189
3389	0	2	2	2615	163	9.67313947578	31.6590016328	31.3292134015	12.709
3390	0	2	1	249	15	17.6924498609	28.7070936034	28.1039014587	8.614
3390	0	2	2	1592	99	17.6924498609	33.5278343425	32.9246421978	4.284
3391	0	2	1	215	13	21.1697894276	35.0660506735	34.3443049126	12.441
3391	0	2	2	1558	97	21.1697894276	32.8114534361	32.0897076752	13.968
3392	0	2	1	1039	64	17.8137949785	25.5535988492	24.9462696617	15.843
3392	0	2	2	2385	149	17.8137949785	30.6873637643	30.0800345769	13.591
3393	0	2	1	442	27	11.407811352	36.9781789815	36.5892502436	4.725
3393	0	2	2	1776	111	11.407811352	36.2440805084	35.8551517704	7.874
3393	1	2	1	440	27	11.407811352	41.7531313764	41.3642026384	14.504
3393	1	2	2	1774	110	11.407811352	39.329799725	38.940870987	15.811
3393	2	2	1	443	27	11.407811352	35.7490414704	35.3601127325	7.166
3393	2	2	2	1775	110	11.407811352	37.5012095413	37.1122808034	18.441
3394	0	2	1	901	56	22.713441764	27.4885679681	26.7141941669	17.181
3394	0	2	2	2244	140	22.713441764	32.44986694	31.6754931388	6.378
3395	0	2	1	1029	64	14.4978331697	16.9574183568	16.4631409022	20.189
3395	0	2	2	2372	148	14.4978331697	25.9043259891	25.4100485345	11.622
3396	0	2	1	455	28	10.079022781	31.6373709127	31.2937448227	13.811
3396	0	2	2	1800	112	10.079022781	29.8197242057	29.4760981157	8.315
3397	0	2	1	792	49	19.917928808	38.3119770166	37.632911184	8.031
3397	0	2	2	2132	133	19.917928808	36.117459224	35.4383933914	18.425
3397	1	2	1	803	50	19.917928808	31.8743255974	31.1952597648	4.803
3397	1	2	2	2154	134	19.917928808	20.1958445746	19.516778742	14.41
3398	0	2	1	430	26	10.8703360088	30.1849940586	29.8143895724	6.409
3398	0	2	2	1774	110	10.8703360088	31.2650111283	30.8944066421	8.252
3398	1	2	1	429	26	10.8703360088	29.3369920081	28.9663875219	18.032
3398	1	2	2	1776	111	10.8703360088	29.3377591547	28.9671546685	12
3399	0	2	1	1069	66	17.1215130879	31.9884804076	31.4047533217	8.158
3399	0	2	2	2415	150	17.1215130879	30.4007964465	29.8170693605	15.559
3400	0	2	1	1003	62	12.294164524	27.2980278075	26.8788804579	15.969
3400	0	2	2	2349	146	12.294164524	28.0415755612	27.6224282116	14.961
3401	0	2	1	883	55	19.9494696345	27.6579736987	26.9778325386	24.095
3401	0	2	2	2236	139	19.9494696345	28.928762654	28.2486214938	5.78
3402	0	2	1	415	25	12.5745298627	32.6400427629	32.2113368632	10.315
3402	0	2	2	1763	110	12.5745298627	32.1637011665	31.7349952667	15.874
3404	0	2	1	882	55	18.6364285984	28.5197749171	27.8843995212	17.527
3404	0	2	2	2224	139	18.6364285984	27.4264917056	26.7911163096	6.851
3405	0	2	1	493	30	6.25579391832	24.9514355025	24.7381555	7.118
3405	0	2	2	1834	114	6.25579391832	23.3947052558	23.1814252533	15.307
3406	0	2	1	476	29	11.8910092566	30.9037174925	30.4983149941	15.071
3406	0	2	2	1822	113	11.8910092566	30.2671960942	29.8617935958	6.284
3407	0	2	1	1268	79	9.23616626614	27.1062033814	26.791312963	14.283
3407	0	2	2	2598	162	9.23616626614	25.5327494217	25.2178590034	15.165
3408	0	2	1	1229	76	10.8022027283	27.9241751343	27.5558935293	10.284
3408	0	2	2	2580	161	10.8022027283	30.1869767898	29.8186951848	8.284
3409	0	2	1	1230	76	8.92242164399	26.7578757108	26.453681849	8.095
3409	0	2	2	2579	161	8.92242164399	28.3073657629	28.0031719011	10.095
3410	0	2	1	930	58	17.6590809636	29.49151255	28.8894580577	16.582
3410	0	2	2	2273	142	17.6590809636	28.9927514661	28.3906969737	11.496
3411	0	2	1	486	30	11.4518689929	29.8758586423	29.4854278386	16.898
3411	0	2	2	1830	114	11.4518689929	27.6022377139	27.2118069102	10.787
3412	0	2	1	551	34	7.01861374232	27.7549838824	27.5156969148	10.126
3412	0	2	2	1897	118	7.01861374232	29.5166719826	29.2773850151	12.378
3413	0	2	1	839	52	21.9017587293	27.2909904975	26.5442895644	15.118
3413	0	2	2	2182	136	21.9017587293	22.2737690871	21.527068154	15.559
3414	0	2	1	106	6	22.3848868665	30.840801532	30.077629217	10.252
3414	0	2	2	1447	90	22.3848868665	28.6508354142	27.8876630993	20.74
3415	0	2	1	196	12	20.1697106478	36.1849026627	35.4972527828	6.961
3415	0	2	2	1539	96	20.1697106478	35.3470232008	34.6593733208	13.023
3416	0	2	1	485	30	6.74259040775	28.8303214307	28.6004449806	13.811
3416	0	2	2	1829	114	6.74259040775	27.9770047053	27.7471282551	6.252
3417	0	2	1	1010	63	15.3369686365	26.121069169	25.5981829053	15.008
3417	0	2	2	2356	147	15.3369686365	28.4713465133	27.9484602495	15.008
3418	0	2	1	1064	66	12.2440427705	26.3873623439	25.969923805	5.874
3418	0	2	2	2412	150	12.2440427705	27.9777235196	27.5602849808	15.622
3419	0	2	1	526	32	12.6932874301	29.8405756625	29.4078209378	8.409
3419	0	2	2	1874	117	12.6932874301	28.2566610739	27.8239063492	8.063
3420	0	2	1	792	49	23.1094458293	38.2987243651	37.5108495201	10.897
3420	0	2	2	2132	133	23.1094458293	36.9095994513	36.1217246062	7.023
3421	0	2	1	889	55	20.6178406555	34.2276716503	33.5247435865	23.024
3421	0	2	2	2231	139	20.6178406555	36.4751082885	35.7721802247	9.969
3422	0	2	1	422	26	10.2673160832	32.2181104247	31.8680648144	6.189
3422	0	2	2	1767	110	10.2673160832	33.798399096	33.4483534857	6.771
3423	0	2	1	265	16	14.3697712448	34.795358665	34.3054472506	17.37
3423	0	2	2	1608	100	14.3697712448	33.156951002	32.6670395876	10.094
3424	0	2	1	490	30	14.317171298	26.9160473168	26.4279292027	10.504
3424	0	2	2	1837	114	14.317171298	25.1460521612	24.657934047	10.835
3425	0	2	1	1101	68	10.6149354875	27.3636029862	27.0017059198	14.063
3425	0	2	2	2447	152	10.6149354875	28.4598002388	28.0979031723	9.654
3426	0	2	1	1013	63	15.4774539925	30.7313929437	30.2037170852	20.126
3426	0	2	2	2358	147	15.4774539925	32.0393362374	31.511660379	6
3427	0	2	1	485	30	13.9603582267	25.9316407381	25.4556875216	4.913
3427	0	2	2	1830	114	13.9603582267	28.1482589978	27.6723057812	10.031
3428	0	2	1	342	21	7.83667094142	26.7380849415	26.4709077903	14.599
3428	0	2	2	1685	105	7.83667094142	28.4478445421	28.1806673909	14
3430	0	2	1	267	16	14.7121128462	34.3035475834	33.80196465	10.094
3430	0	2	2	1610	100	14.7121128462	34.8038315956	34.3022486622	8.535
3431	0	2	1	259	16	13.9880654334	25.6673017039	25.1904038601	14.409
3431	0	2	2	1602	100	13.9880654334	26.2913885713	25.8144907276	15.543
3432	0	2	1	486	30	11.9417351688	29.8325357963	29.4254038895	15.638
3432	0	2	2	1830	114	11.9417351688	30.6903251933	30.2831932865	11.874
3433	0	2	1	1236	77	22.7564145837	31.8672906118	31.0914517299	4.347
3433	0	2	2	2585	161	22.7564145837	31.6559384191	30.8800995372	15.228
3434	0	2	1	816	51	22.6871733659	30.7313931574	29.9579149298	5.937
3434	0	2	2	2152	134	22.6871733659	29.230891091	28.4574128635	4.504
3435	0	2	1	582	36	11.5008294689	29.5305225872	29.1384225645	6.914
3435	0	2	2	1930	120	11.5008294689	29.6335196112	29.2414195884	12.284
3436	0	2	1	1217	76	15.1762551504	31.6651470043	31.1477399767	13.969
3436	0	2	2	2567	160	15.1762551504	27.5793501097	27.0619430821	6.126
3437	0	2	1	998	62	15.20113086	28.8034538182	28.2851986982	6.787
3437	0	2	2	2344	146	15.20113086	25.9248429191	25.4065877992	14.646
3438	0	2	1	1055	65	15.1483167896	30.2702038302	29.7537493106	15.15
3438	0	2	2	2394	149	15.1483167896	28.2599540013	27.7434994817	8.094
3439	0	2	1	490	30	9.02670409952	28.3014273506	27.9936781668	15.685
3439	0	2	2	1834	114	9.02670409952	30.0760129356	29.7682637517	9.905
3440	0	2	1	487	30	8.78458780687	31.777197717	31.4777030511	10.158
3440	0	2	2	1830	114	8.78458780687	28.8366262241	28.5371315582	10.252
3441	0	2	1	422	26	10.3799616293	30.215161857	29.8612758002	13.874
3441	0	2	2	1769	110	10.3799616293	30.7363231114	30.3824370546	17.464
3442	0	2	1	183	11	12.671986952	25.6393166444	25.2072881211	15.811
3442	0	2	2	1528	95	12.671986952	28.5620411501	28.1300126268	16.929
3443	0	2	1	795	49	25.592627515	34.8498243024	33.9772898597	5.15
3443	0	2	2	2133	133	25.592627515	36.9692087664	36.0966743238	5.842
3444	0	2	1	415	25	8.82281327444	27.5405735547	27.2397756605	14
3444	0	2	2	1762	110	8.82281327444	29.6635741047	29.3627762105	14.473
3445	0	2	1	110	6	20.9094873428	33.8998771418	33.1870059107	9.716
3445	0	2	2	1451	90	20.9094873428	30.8030553994	30.0901841682	16
3446	0	2	1	807	50	20.7025070689	38.3831727237	37.6773581114	11.528
3446	0	2	2	2134	133	20.7025070689	27.6646125291	26.9587979167	8.236
3447	0	2	1	905	56	18.4946182556	32.4691102312	31.8385696029	7.103
3447	0	2	2	2246	140	18.4946182556	31.8744997215	31.2439590932	11.433
3448	0	2	1	438	27	9.80916804275	29.0662009063	28.7317750265	9.685
3448	0	2	2	1783	111	9.80916804275	29.0844173658	28.749991486	8.914
3449	0	2	1	489	30	11.958909565	26.405864842	25.9981474052	14.599
3449	0	2	2	1831	114	11.958909565	28.10771691	27.6999994732	9.527
3449	1	2	1	487	30	11.958909565	23.8006285072	23.3929110704	24.929
3449	1	2	2	1838	114	11.958909565	25.0132085709	24.605491134	6.063
3451	0	2	1	879	54	25.4515460679	29.6980391625	28.8303146371	12.378
3451	0	2	2	2222	138	25.4515460679	30.1424469919	29.2747224665	10.378
3452	0	2	1	151	9	17.1030270356	31.3887786308	30.8056817934	7.78
3452	0	2	2	1496	93	17.1030270356	33.3190051722	32.7359083349	6.992
3453	0	2	1	820	51	31.2059431652	29.5715251029	28.5076147946	7.307
3453	0	2	2	2164	135	31.2059431652	25.482518879	24.4186085708	23.654
3454	0	2	1	443	27	16.7617721658	24.2731666881	23.7017043196	11.575
3454	0	2	2	1791	111	16.7617721658	24.32211599	23.7506536215	16.032
3455	0	2	1	1254	78	8.13040458646	27.669876096	27.3926846263	4.708
3455	0	2	2	2602	162	8.13040458646	27.9594891326	27.6822976629	5.307
3456	0	2	1	187	11	19.2876161818	32.189139898	31.5315634367	5.968
3456	0	2	2	1531	95	19.2876161818	30.1120422585	29.4544657972	14.157
3457	0	2	1	485	30	12.1661788653	26.8983268728	26.4835429633	13.968
3457	0	2	2	1830	114	12.1661788653	29.0006593696	28.5858754601	15.874
3458	0	2	1	1063	66	11.0222679223	25.7497096378	25.3739253072	11.229
3458	0	2	2	2411	150	11.0222679223	27.131425248	26.7556409174	12.032
3459	0	2	1	486	30	8.64980109451	28.1666756397	27.8717762835	19.969
3459	0	2	2	1831	114	8.64980109451	28.4220257274	28.1271263712	8.897
3461	0	2	1	519	32	9.79606384257	29.7891780062	29.4551988905	4.771
3461	0	2	2	1864	116	9.79606384257	28.567445506	28.2334663903	10.283
3462	0	2	1	840	52	22.8078244517	30.8327012316	30.055109623	10.252
3462	0	2	2	2183	136	22.8078244517	24.2328488454	23.4552572368	12.189
3463	0	2	1	548	34	6.55023966081	30.5758227674	30.3525041688	10.488
3463	0	2	2	1897	118	6.55023966081	27.5250434648	27.3017248662	7.559
3464	0	2	1	898	56	17.3192582767	31.5775107136	30.9870418624	18.378
3464	0	2	2	2240	140	17.3192582767	31.6818169793	31.0913481281	5.37
3465	0	2	1	265	16	15.004757586	36.0357236511	35.5241635235	15.905
3465	0	2	2	1616	101	15.004757586	34.0477856133	33.5362254857	10.441
3466	0	2	1	1031	64	14.3285476436	26.4231138269	25.9346078567	8.299
3466	0	2	2	2375	148	14.3285476436	35.6012547388	35.1127487687	11.464
3467	0	2	1	434	27	8.46308234985	27.2561842066	26.967650689	6.41
3467	0	2	2	1782	111	8.46308234985	27.0095856315	26.7210521139	5.968
3468	0	2	1	1244	77	5.86373384773	27.9860526046	27.7861391826	11.527
3468	0	2	2	2594	162	5.86373384773	26.4070349693	26.2071215472	12.788
3469	0	2	1	1213	75	11.0620325063	30.7492846281	30.3721445957	13.37
3469	0	2	2	2562	160	11.0620325063	33.2472200283	32.870079996	9.591
3470	0	2	1	793	49	26.8327330557	32.3739662145	31.4591526117	10.551
3470	0	2	2	2132	133	26.8327330557	31.6419027896	30.7270891867	17.59
3471	0	2	1	920	57	20.6689023611	29.5033488393	28.7986799189	8
3471	0	2	2	2264	141	20.6689023611	32.313598605	31.6089296845	10.961
3472	0	2	1	214	13	14.8342426989	23.9182431202	23.4124963899	19.433
3472	0	2	2	1556	97	14.8342426989	23.8214620988	23.3157153685	21.087
3473	0	2	1	888	55	20.2489264394	37.0177307551	36.3273801557	16.283
3473	0	2	2	2230	139	20.2489264394	35.5466406143	34.8562900148	9.559
3474	0	2	1	1218	76	8.22434200492	29.098137035	28.8177429386	9.134
3474	0	2	2	2567	160	8.22434200492	29.9509437297	29.6705496333	7.339
3475	0	2	1	192	12	18.6901369246	35.1172547328	34.4800482484	6.724
3475	0	2	2	1537	96	18.6901369246	37.4510008648	36.8137943804	12.914
3476	0	2	1	1246	77	8.00248023367	32.0080790556	31.7352489358	6.85
3476	0	2	2	2597	162	8.00248023367	30.5742737594	30.3014436396	13.008
3477	0	2	1	441	27	13.4469076073	32.778463787	32.3200157427	4.095
3477	0	2	2	1788	111	13.4469076073	31.2189486938	30.7605006494	6.929
3478	0	2	1	987	61	21.0084901298	23.4794366852	22.7631901327	20.441
3478	0	2	2	2332	145	21.0084901298	29.56699413	28.8507475775	20.882
3479	0	2	1	428	26	10.9516313646	29.0716292058	28.6982531011	10.126
3479	0	2	2	1775	110	10.9516313646	29.2454899062	28.8721138016	16.582
3480	0	2	1	136	8	16.3864382063	40.8475242948	40.2888582602	5.496
3480	0	2	2	1469	91	16.3864382063	32.3672445021	31.8085784676	8
3481	0	2	1	879	54	19.3403266881	33.4826929421	32.8233194112	18.315
3481	0	2	2	2220	138	19.3403266881	34.2442678029	33.584894272	12.977
3482	0	2	1	1004	62	17.1773030407	30.7168639769	30.1312348333	9.008
3482	0	2	2	2351	146	17.1773030407	33.1126827985	32.5270536549	8.158
3483	0	2	1	520	32	8.63277496194	26.6834009816	26.3890821007	13.418
3483	0	2	2	1867	116	8.63277496194	26.5729494391	26.2786305582	13.811
3484	0	2	1	266	16	12.6825395604	27.3180972115	26.885708916	13.433
3484	0	2	2	1609	100	12.6825395604	29.2471148687	28.8147265733	7.323
3485	0	2	1	1211	75	14.2540243723	28.618292714	28.1323274803	7.748
3485	0	2	2	2562	160	14.2540243723	30.959265705	30.4733004713	4.362
3486	0	2	1	490	30	11.2473726919	27.1557472548	26.7722883834	18.094
3486	0	2	2	1834	114	11.2473726919	28.8892193462	28.5057604748	12.677
3487	0	2	1	1001	62	14.7808999494	29.3621516828	28.8582235773	10.914
3487	0	2	2	2346	146	14.7808999494	29.1335830387	28.6296549331	15.937
3488	0	2	1	454	28	9.83953733381	27.9564109832	27.6209497173	21.779
3488	0	2	2	1800	112	9.83953733381	28.7363428734	28.4008816075	8.913
3489	0	2	1	1223	76	10.334209619	30.1841383899	29.8318121653	10.252
3489	0	2	2	2574	160	10.334209619	30.4707371475	30.1184109229	8.709
3490	0	2	1	281	17	12.0862417545	29.0633114828	28.6512528847	13.433
3490	0	2	2	1626	101	12.0862417545	29.6126732359	29.2006146379	9.464
3491	0	2	1	431	26	7.31666666667	28.1278497597	27.8784012156	11.213
3491	0	2	2	1779	111	7.31666666667	28.751044782	28.5015962379	6.851
3492	0	2	1	473	29	8.16866943486	28.8143669008	28.5358708601	16.377
3492	0	2	2	1829	114	8.16866943486	31.229188989	30.9506929484	12.645
3493	0	2	1	215	13	19.0776660865	27.1402366092	26.4898180175	9.528
3493	0	2	2	1556	97	19.0776660865	28.4649623986	27.8145438069	12.441
3494	0	2	1	471	29	11.8617328234	25.8914084845	25.4870041133	6.897
3494	0	2	2	1817	113	11.8617328234	28.4878451667	28.0834407955	9.607
3495	0	2	1	337	21	10.0851370409	31.2713618705	30.9275273259	12.063
3495	0	2	2	1681	105	10.0851370409	31.8625335169	31.5186989723	9.134
3496	0	2	1	1029	64	15.890513346	24.5278235899	23.9860652183	4.126
3496	0	2	2	2365	147	15.890513346	36.7388181969	36.1970598254	7.653
3497	0	2	1	155	9	19.926909082	29.993110403	29.3137384041	5.748
3497	0	2	2	1497	93	19.926909082	25.576433652	24.8970616532	24.63
3498	0	2	1	443	27	16.143038589	30.1496179566	29.5992501926	7.039
3498	0	2	2	1790	111	16.143038589	26.4539075534	25.9035397894	10.284
3499	0	2	1	485	30	10.2910492611	27.2195041612	26.8686494111	17.937
3499	0	2	2	1830	114	10.2910492611	28.3749447238	28.0240899737	12.74
3500	0	2	1	916	57	18.3721650986	30.9369813732	30.3106155643	22.095
3500	0	2	2	2257	141	18.3721650986	30.5378286842	29.9114628753	14.851
3500	1	2	1	929	58	18.3721650986	34.1449365518	33.5185707429	4.315
3500	1	2	2	2272	142	18.3721650986	29.1684662898	28.5421004809	14.756
3501	0	2	1	538	33	8.82659093534	26.6288567234	26.3279300367	15.307
3501	0	2	2	1888	118	8.82659093534	26.4990632581	26.1981365714	15.842
3502	0	2	1	440	27	10.9552801568	28.8201134838	28.4466129802	8.441
3502	0	2	2	1787	111	10.9552801568	30.1261724089	29.7526719053	9.213
3503	0	2	1	253	15	16.7616354412	30.8238133953	30.2523556882	7.653
3503	0	2	2	1596	99	16.7616354412	30.6465406054	30.0750828983	7.748
3504	0	2	1	486	30	5.78743634359	31.2840576364	31.08674544	12.126
3504	0	2	2	1834	114	5.78743634359	33.1483574976	32.9510453013	7.622
3505	0	2	1	582	36	10.103152982	30.9369791704	30.5925304047	10.252
3505	0	2	2	1929	120	10.103152982	27.3161670955	26.9717183299	9.591
3506	0	2	1	1227	76	12.8605625925	29.2047695615	28.7663118921	7.276
3506	0	2	2	2579	161	12.8605625925	32.371392778	31.9329351085	10.535
3507	0	2	1	193	12	24.4580106354	34.5838802928	33.7500285648	9.78
3507	0	2	2	1537	96	24.4580106354	33.6911160847	32.8572643566	10.063
3508	0	2	1	201	12	19.0803492494	30.6225140998	29.9720040305	6.378
3508	0	2	2	1542	96	19.0803492494	32.8292184665	32.1787083971	15.291
3509	0	2	1	103	6	21.4564122947	22.2958515576	21.5643339073	23.685
3509	0	2	2	1446	90	21.4564122947	31.46358592	30.7320682698	17.811
3510	0	2	1	452	28	12.5491539219	31.3362284687	30.9083877158	15.086
3510	0	2	2	1797	112	12.5491539219	29.1853087683	28.7574680154	5.969
3511	0	2	1	903	56	18.3696026099	30.3027408169	29.6764623714	14.63
3511	0	2	2	2244	140	18.3696026099	31.9673866699	31.3411082244	12.126
3512	0	2	1	196	12	23.1146687509	34.9648046212	34.1767517101	8.787
3512	0	2	2	1539	96	23.1146687509	35.1636359265	34.3755830154	12.378
3513	0	2	1	471	29	9.56746523421	27.9321037283	27.6059182696	7.968
3513	0	2	2	1817	113	9.56746523421	28.3551269425	28.0289414838	10.331
3514	0	2	1	1009	63	14.375261747	28.209948311	27.7198497079	13.685
3514	0	2	2	2353	147	14.375261747	32.5052611747	32.0151625715	8.96
3515	0	2	1	476	29	9.01990186701	30.7515820254	30.4440647513	9.055
3515	0	2	2	1825	114	9.01990186701	27.3000039058	26.9924866317	11.544
3516	0	2	1	1004	62	16.7073740698	30.8762538134	30.3066460499	13.811
3516	0	2	2	2351	146	16.7073740698	31.1556858782	30.5860781146	4.158
3517	0	2	1	487	30	13.9964012852	28.4607245469	27.9835425074	17.039
3517	0	2	2	1831	114	13.9964012852	30.0441904172	29.5670083776	13.496
3518	0	2	1	1229	76	9.76413581498	30.5972280366	30.2643374494	6.031
3518	0	2	2	2579	161	9.76413581498	25.86988119	25.5369906028	5.307
3519	0	2	1	1223	76	8.86157106727	28.929437	28.6273177289	11.244
3519	0	2	2	2574	160	8.86157106727	31.2380995721	30.9359803009	5.055
3520	0	2	1	1010	63	14.1951552949	28.8494637511	28.3655055524	12.063
3520	0	2	2	2357	147	14.1951552949	32.4343741922	31.9504159934	6.378
3521	0	2	1	373	23	12.1492145951	32.4507132221	32.0365076787	13.937
3521	0	2	2	1718	107	12.1492145951	37.6813098214	37.267104278	15.905
3522	0	2	1	760	47	17.2661258372	34.9255080602	34.3368506636	5.811
3522	0	2	2	2101	131	17.2661258372	35.3139898884	34.7253324919	11.496
3523	0	2	1	380	23	11.6954931938	31.6842384149	31.2855016838	11.307
3523	0	2	2	1726	107	11.6954931938	30.5104499676	30.1117132365	12.189
3524	0	2	1	803	50	25.5476719526	23.9560524166	23.0850506527	4.441
3524	0	2	2	2149	134	25.5476719526	30.673682713	29.8026809491	9.842
3524	1	2	1	802	50	25.5476719526	19.6445076691	18.7735059051	8.961
3524	1	2	2	2150	134	25.5476719526	32.5726511431	31.7016493792	5.402
3525	0	2	1	487	30	11.5821070736	28.3670273867	27.9721563507	20.473
3525	0	2	2	1832	114	11.5821070736	28.7246209051	28.3297498691	14.63
3525	1	2	1	486	30	11.5821070736	27.6609443986	27.2660733626	21.622
3525	1	2	2	1829	114	11.5821070736	32.3105535799	31.9156825439	13.622
3526	0	2	1	822	51	29.142050019	27.3275381968	26.3339926003	6.85
3526	0	2	2	2165	135	29.142050019	30.0236928771	29.0301472805	13.716
3527	0	2	1	430	26	10.1733202925	32.359163494	32.0123225006	5.197
3527	0	2	2	1774	110	10.1733202925	30.0398613145	29.6930203211	19.59
3528	0	2	1	276	17	14.2599330291	35.2480650602	34.7618983815	6.221
3528	0	2	2	1620	101	14.2599330291	33.9672921655	33.4811254868	9.607
3529	0	2	1	441	27	8.10342721643	29.1528769815	28.8766052565	7.748
3529	0	2	2	1787	111	8.10342721643	29.0293951322	28.7531234073	13.528
3530	0	2	1	487	30	13.9400637249	27.3925028817	26.9172415696	16.772
3530	0	2	2	1831	114	13.9400637249	28.125117133	27.6498558209	12.756
3531	0	2	1	431	26	9.72315900476	30.2089049874	29.8774114306	9.968
3531	0	2	2	1779	111	9.72315900476	27.4644877185	27.1329941617	11.969
3532	0	2	1	529	33	10.937429877	28.5399596156	28.1670676851	14.787
3532	0	2	2	1879	117	10.937429877	29.5893592919	29.2164673613	7.023
3533	0	2	1	490	30	14.5711837688	30.1813696951	29.6845914842	13.181
3533	0	2	2	1834	114	14.5711837688	29.0524588918	28.5556806809	12.441
3534	0	2	1	989	61	14.197037406	28.5805018106	28.0964794447	14.788
3534	0	2	2	2333	145	14.197037406	29.5362505434	29.0522281774	16.504
3535	0	2	1	474	29	9.57101770918	27.8078466632	27.4815400893	12.126
3535	0	2	2	1821	113	9.57101770918	31.2914994397	30.9651928657	7.134
3536	0	2	1	1010	63	16.295369391	25.7664052471	25.2108440395	20.441
3536	0	2	2	2356	147	16.295369391	27.1824183551	26.6268571474	18
3537	0	2	1	414	25	14.06470404	31.6403429522	31.1608322535	12.598
3537	0	2	2	1760	110	14.06470404	32.9634748596	32.483964161	15.78
3538	0	2	1	429	26	14.0259421056	29.6209949714	29.1428057909	13.055
3538	0	2	2	1775	110	14.0259421056	32.1019161508	31.6237269703	11.811
3539	0	2	1	529	33	11.2765468046	29.4033832108	29.0189297007	15.905
3539	0	2	2	1878	117	11.2765468046	29.3780874036	28.9936338935	6.756
3540	0	2	1	1056	66	16.8416664923	30.8243771561	30.2501909347	7.307
3540	0	2	2	2401	150	16.8416664923	28.2597232675	27.6855370462	19.402
3541	0	2	1	1096	68	16.4764472271	28.0754393299	27.5137046002	6.378
3541	0	2	2	2444	152	16.4764472271	28.7811789292	28.2194441995	13.197
3542	0	2	1	1060	66	16.0431695667	26.0337930523	25.4868301424	12.456
3542	0	2	2	2408	150	16.0431695667	29.414671707	28.8677087972	10.283
3543	0	2	1	933	58	18.3369423997	16.9342951789	16.3091302243	5.748
3543	0	2	2	2265	141	18.3369423997	28.3592213774	27.7340564229	4.063
3544	0	2	1	1214	75	10.0066765847	27.374295154	27.0331355771	7.559
3544	0	2	2	2564	160	10.0066765847	30.0289211467	29.6877615698	10.771
3545	0	2	1	192	12	17.7290357204	36.7657049612	36.1612654877	10.409
3545	0	2	2	1534	95	17.7290357204	32.0524921265	31.448052653	12.283
3546	0	2	1	1211	75	12.1929839563	26.825668156	26.4099703753	4.882
3546	0	2	2	2561	160	12.1929839563	31.352949744	30.9372519633	7.181
3547	0	2	1	411	25	11.2189583448	29.7193870605	29.3368969249	6.567
3547	0	2	2	1756	109	11.2189583448	29.6475683967	29.2650782612	8.567
3548	0	2	1	459	28	14.8088311729	28.8575027923	28.3526224221	5.433
3548	0	2	2	1803	112	14.8088311729	29.5268322928	29.0219519226	6.346
3549	0	2	1	431	26	9.32643111177	29.1265606502	28.8085928148	7.779
3549	0	2	2	1779	111	9.32643111177	28.2879114706	27.9699436352	8.157
3550	0	2	1	1281	80	8.32676183489	33.0524041319	32.7685182162	8.473
3550	0	2	2	2632	164	8.32676183489	30.8266892648	30.5428033491	7.465
3551	0	2	1	430	26	9.83082820545	29.2984763111	28.9633119672	13.401
3551	0	2	2	1776	111	9.83082820545	27.8180089486	27.4828446047	7.401
3552	0	2	1	1026	64	12.2480539297	33.0298072529	32.6122319608	13.338
3552	0	2	2	2372	148	12.2480539297	31.611519962	31.1939446699	12
3553	0	2	1	209	13	18.0672691109	30.1560768278	29.5401058973	4.756
3553	0	2	2	1552	97	18.0672691109	32.4730207314	31.8570498009	9.716
3554	0	2	1	598	37	8.24908073654	38.441862579	38.1606250602	8
3554	0	2	2	1946	121	8.24908073654	29.9785925273	29.6973550084	16.693
3555	0	2	1	439	27	15.4204233717	33.7388166681	33.2130851657	19.906
3555	0	2	2	1787	111	15.4204233717	33.5806976938	33.0549661914	10.378
3556	0	2	1	1211	75	12.8174480137	31.0540537795	30.6170660238	9.622
3556	0	2	2	2561	160	12.8174480137	30.6103060539	30.1733182983	4.914
3557	0	2	1	1242	77	12.4446068088	27.4258753816	27.0015989739	7.15
3557	0	2	2	2594	162	12.4446068088	24.0499113452	23.6256349375	17.685
3558	0	2	1	841	52	22.6610735171	29.6018927995	28.8293043992	9.118
3558	0	2	2	2184	136	22.6610735171	25.2898683907	24.5172799903	6.583
3559	0	2	1	935	58	17.2110541242	26.848116822	26.261336996	17.968
3559	0	2	2	2284	142	17.2110541242	28.8477011091	28.2609212831	8.929
3560	0	2	1	321	20	17.3482609686	31.0950478922	30.5035902465	10.441
3560	0	2	2	1669	104	17.3482609686	42.6664575746	42.074999929	9.181
3561	0	2	1	1029	64	14.6686509899	25.6189622892	25.1188611093	9.653
3561	0	2	2	2390	149	14.6686509899	27.8891974176	27.3890962377	13.842
3562	0	2	1	824	51	24.021612436	21.7060171796	20.8870436605	13.717
3562	0	2	2	2167	135	24.021612436	28.7584135323	27.9394400131	12.252
3563	0	2	1	487	30	13.7266310519	26.6817115581	26.2137268477	10.74
3563	0	2	2	1831	114	13.7266310519	29.2468530818	28.7788683715	10.913
3564	0	2	1	452	28	12.1955476503	31.4033037091	30.9875185239	16.819
3564	0	2	2	1797	112	12.1955476503	29.4770793176	29.0612941323	6.157
3565	0	2	1	567	35	12.5770800465	32.6864566028	32.2576637592	8.819
3565	0	2	2	1914	119	12.5770800465	30.5222099508	30.0934171071	9.402
3566	0	2	1	1096	68	10.6812608361	31.2283151359	30.8641568264	4.866
3566	0	2	2	2444	152	10.6812608361	28.042938855	27.6787805456	12.819
3567	0	2	1	1265	79	9.80290291777	29.478254211	29.1440419293	6.347
3567	0	2	2	2613	163	9.80290291777	27.8474338711	27.5132215895	10.441
3568	0	2	1	1234	77	26.3264964053	33.1072041983	32.2096498203	7.622
3568	0	2	2	2584	161	26.3264964053	34.2759403963	33.3783860183	13.559
3569	0	2	1	1065	66	14.3913654237	29.8193136845	29.3286660555	5.685
3569	0	2	2	2413	150	14.3913654237	28.0897277131	27.5990800841	11.906
3570	0	2	1	551	34	9.69952162699	26.883489753	26.5528020699	12.771
3570	0	2	2	1899	118	9.69952162699	27.7113160898	27.3806284067	12.661
3571	0	2	1	309	19	17.8045061507	30.3713645583	29.7643520566	14.252
3571	0	2	2	1652	103	17.8045061507	31.8140852073	31.2070727056	13.307
3572	0	2	1	840	52	27.1888222196	37.2643184431	36.3373646229	6
3572	0	2	2	2183	136	27.1888222196	28.6218843504	27.6949305302	9.055
3573	0	2	1	1254	78	10.9024070641	28.4325959438	28.0608980528	7.937
3573	0	2	2	2602	162	10.9024070641	30.4864564618	30.1147585708	24.945
3574	0	2	1	892	55	16.9011692897	33.6212322955	33.0450174337	13.843
3574	0	2	2	2235	139	16.9011692897	33.8354775148	33.259262653	9.748
3575	0	2	1	488	30	15.8577252526	32.3274737341	31.7868332134	9.59
3575	0	2	2	1835	114	15.8577252526	32.5100675579	31.9694270372	8.788
3577	0	2	1	821	51	20.7913528529	29.0463425087	28.3374988597	4.898
3577	0	2	2	2166	135	20.7913528529	29.7256624286	29.0168187796	7.906
3578	0	2	1	835	52	19.821048508	31.632438346	30.9566754724	7.716
3578	0	2	2	2176	136	19.821048508	27.3388166876	26.663053814	5.544
3579	0	2	1	440	27	9.23270065818	28.4499412683	28.1351690036	10
3579	0	2	2	1788	111	9.23270065818	26.2179791454	25.9032068807	11.622
3580	0	2	1	519	32	7.75298620575	32.045778329	31.7814542578	5.811
3580	0	2	2	1866	116	7.75298620575	34.8604257391	34.5961016679	12.488
3581	0	2	1	434	27	10.3261139243	32.1495843745	31.797534158	7.937
3581	0	2	2	1783	111	10.3261139243	30.3144052131	29.9623549966	6.882
3582	0	2	1	486	30	15.391454128	30.8934518491	30.3687080009	11.874
3582	0	2	2	1830	114	15.391454128	30.0642201803	29.539476332	7.874
3583	0	2	1	1226	76	10.8096560705	27.194534453	26.8259987398	4.567
3583	0	2	2	2578	161	10.8096560705	27.3986281475	27.0300924342	7.748
3584	0	2	1	741	46	24.6470097104	34.6058072594	33.765511949	10.346
3584	0	2	2	2078	129	24.6470097104	35.5198096205	34.6795143101	5.59
3585	0	2	1	437	27	9.21914441545	29.862460026	29.5481499369	10.567
3585	0	2	2	1784	111	9.21914441545	29.3163891079	29.0020790188	5.024
3586	0	2	1	431	26	10.7330507665	31.3439460523	30.9780220586	10.96
3586	0	2	2	1777	111	10.7330507665	30.3132159946	29.9472920009	7.748
3587	0	2	1	429	26	15.3337637883	31.2807760363	30.757999036	12.315
3587	0	2	2	1775	110	15.3337637883	32.4141671357	31.8913901354	13.433
3588	0	2	1	522	32	8.39420727901	31.3414156058	31.0552302594	10.598
3588	0	2	2	1869	116	8.39420727901	30.6987199138	30.4125345674	6.645
3589	0	2	1	309	19	17.2285251385	28.0040161402	27.4166406715	9.496
3589	0	2	2	1652	103	17.2285251385	28.6045254097	28.0171499411	14.614
3590	0	2	1	440	27	9.45958934411	28.1200815108	27.7975738859	11.48
3590	0	2	2	1787	111	9.45958934411	31.6940886536	31.3715810286	7.811
3591	0	2	1	1236	77	11.9885966299	30.4339647168	30.0252351531	5.213
3591	0	2	2	2585	161	11.9885966299	27.1642979229	26.7555683591	17.008
3592	0	2	1	918	57	17.2238667699	37.0220303248	36.4348136748	18.032
3592	0	2	2	2258	141	17.2238667699	35.3817154224	34.7944987724	6.646
3593	0	2	1	1022	63	14.8270467853	30.403604508	29.8981031094	7.292
3593	0	2	2	2354	147	14.8270467853	28.0286067777	27.5231053791	16.158
3594	0	2	1	1001	62	12.0744620956	28.952809091	28.5411520992	13.685
3594	0	2	2	2346	146	12.0744620956	28.7015820053	28.2899250135	8.645
3595	0	2	1	582	36	12.1815637056	28.8850894534	28.4697810255	6.598
3595	0	2	2	1930	120	12.1815637056	26.3360157096	25.9207072817	5.654
3596	0	2	1	1009	63	14.6647737773	27.1084308309	26.6084618376	14.032
3596	0	2	2	2354	147	14.6647737773	27.3000109224	26.800041929	12.63
3597	0	2	1	918	57	17.469722678	39.6916547939	39.0960561305	19.716
3597	0	2	2	2256	141	17.469722678	34.1293780354	33.533779372	7.433
3598	0	2	1	487	30	14.2584942534	28.4668280354	27.9807104092	14.252
3598	0	2	2	1831	114	14.2584942534	27.9285424864	27.4424248601	12.221
3599	0	2	1	794	49	24.0909590993	34.8305698229	34.0092320544	11.874
3599	0	2	2	2134	133	24.0909590993	37.498842083	36.6775043146	11.59
3600	0	2	1	893	55	17.1703008939	32.8135097586	32.2281193405	15.37
3600	0	2	2	2236	139	17.1703008939	31.266424201	30.6810337829	7.244
3601	0	2	1	562	35	10.7963861993	28.819130922	28.4510476211	17.433
3601	0	2	2	1910	119	10.7963861993	30.574523454	30.2064401531	10.394
3602	0	2	1	895	55	13.1053089243	29.5769387117	29.1301368578	17.717
3602	0	2	2	2241	140	13.1053089243	25.306906192	24.8601043381	15.433
3603	0	2	1	1063	66	16.5648596267	28.7525771516	28.1878281608	10.803
3603	0	2	2	2411	150	16.5648596267	26.9536705562	26.3889215654	15.937
3605	0	2	1	521	32	8.64934011901	32.0282540567	31.7333704167	12.189
3605	0	2	2	1866	116	8.64934011901	31.1012110243	30.8063273843	6.945
3606	0	2	1	201	12	17.4476542793	24.191741899	23.5968956178	7.071
3606	0	2	2	1543	96	17.4476542793	29.3673598896	28.7725136084	13.465
3607	0	2	1	962	60	18.4864107923	32.3766082347	31.7463474251	5.418
3607	0	2	2	2305	144	18.4864107923	35.2346156457	34.6043548361	11.244
3608	0	2	1	489	30	13.5967461761	27.9013346405	27.4377781206	15.968
3608	0	2	2	1833	114	13.5967461761	30.6376968392	30.1741403193	14.945
3609	0	2	1	486	30	13.3984994857	27.3428128045	26.8860151477	11.779
3609	0	2	2	1831	114	13.3984994857	29.9171034291	29.4603057722	7.937
3610	0	2	1	1248	78	13.1118937235	30.1083420584	29.6613157077	5.496
3610	0	2	2	2594	162	13.1118937235	30.8885638516	30.4415375009	14.221
3611	0	2	1	510	31	8.17139634491	29.7981498418	29.5195608321	17.653
3611	0	2	2	1859	116	8.17139634491	31.8313340069	31.5527449971	16.834
3612	0	2	1	333	20	13.5478027791	27.259183268	26.7972953848	10.992
3612	0	2	2	1677	104	13.5478027791	28.5383142892	28.076426406	12.835
3613	0	2	1	1089	68	10.8476825465	33.4060255864	33.0361934291	5.874
3613	0	2	2	2436	152	10.8476825465	32.4983778118	32.1285456545	4.662
3614	0	2	1	997	62	18.6063317573	27.9216771365	27.287327838	15.748
3614	0	2	2	2342	146	18.6063317573	28.6225919346	27.9882426362	11.779
3615	0	2	1	489	30	12.8700098671	29.3099381928	28.8711584356	8.094
3615	0	2	2	1832	114	12.8700098671	29.8424560057	29.4036762486	11.023
3616	0	2	1	793	49	13.3757849326	32.7087886598	32.2527654146	6.724
3616	0	2	2	2133	133	13.3757849326	33.7001351365	33.2441118913	15.748
3617	0	2	1	771	48	21.3401235268	28.9843713082	28.2568183135	12.095
3617	0	2	2	2110	131	21.3401235268	37.1027936837	36.375240689	12.032
3618	0	2	1	104	6	12.3849639867	30.4565217098	30.0342787165	7.433
3618	0	2	2	1454	90	12.3849639867	27.4885930405	27.0663500471	26.992
3619	0	2	1	1026	64	17.0384834862	32.3616117634	31.7807154219	7.842
3619	0	2	2	2372	148	17.0384834862	28.2628611835	27.681964842	9.717
3620	0	2	1	954	59	18.264626335	30.9022830432	30.2795835744	11.433
3620	0	2	2	2295	143	18.264626335	29.9021949828	29.2794955139	11.559
3621	0	2	1	473	29	10.2489486565	27.3064501058	26.9570306999	19.496
3621	0	2	2	1818	113	10.2489486565	28.9114971498	28.5620777438	11.402
3622	0	2	1	1248	78	11.2841080731	27.1256255881	26.7409142902	9.969
3622	0	2	2	2597	162	11.2841080731	25.0075358186	24.6228245207	22.252
3623	0	2	1	154	9	23.0501662904	29.2683593499	28.4825055337	10.882
3623	0	2	2	1495	93	23.0501662904	27.5002463971	26.7143925809	25.622
3624	0	2	1	312	19	19.9539428238	26.7318313432	26.0515376778	4.977
3624	0	2	2	1657	103	19.9539428238	25.0741991231	24.3939054576	10.315
3625	0	2	1	1242	77	8.38333325687	26.8689858304	26.5831712141	13.307
3625	0	2	2	2590	161	8.38333325687	26.3016770482	26.015862432	9.134
3626	0	2	1	467	29	11.8160000136	43.8837754209	43.4809302272	5.937
3626	0	2	2	1812	113	11.8160000136	29.9647201898	29.5618749962	14
3627	0	2	1	454	28	13.5127860605	30.568269103	30.1075750516	16.378
3627	0	2	2	1800	112	13.5127860605	29.6164029396	29.1557088883	12.835
3628	0	2	1	380	23	13.746242557	31.0625395103	30.5938861811	11.748
3628	0	2	2	1726	107	13.746242557	32.0543047415	31.5856514123	8.315
3629	0	2	1	1268	79	6.90562584107	28.2169381797	27.9815033307	9.228
3629	0	2	2	2618	163	6.90562584107	27.4216779455	27.1862430965	4.63
3630	0	2	1	1004	62	15.8291052437	33.3592156079	32.8195508348	13.748
3630	0	2	2	2350	146	15.8291052437	26.7344871391	26.194822366	12.441
3631	0	2	1	835	52	17.3101421863	24.2458719845	23.65571393	14.787
3631	0	2	2	2181	136	17.3101421863	21.561951926	20.9717938715	5.291
3632	0	2	1	135	8	24.9250823505	31.7299028744	30.8801271792	11.087
3632	0	2	2	1476	92	24.9250823505	33.5087289808	32.6589532857	6.598
3633	0	2	1	434	27	12.5601782721	32.3375787823	31.9093621742	4.031
3633	0	2	2	1781	111	12.5601782721	28.8781692579	28.4499526497	4.189
3634	0	2	1	1229	76	12.2302362983	29.3058333997	28.8888655677	6.599
3634	0	2	2	2579	161	12.2302362983	32.2650817684	31.8481139363	12.031
3635	0	2	1	530	33	13.6601915083	29.9490550653	29.4833354912	14.315
3635	0	2	2	1879	117	13.6601915083	29.6318153555	29.1660957815	7.244
3636	0	2	1	458	28	10.0333819906	26.1326157168	25.7905456672	6.284
3636	0	2	2	1805	112	10.0333819906	25.9222725312	25.5802024816	4.378
3637	0	2	1	459	28	11.6292865436	29.1665348567	28.7700553219	12.929
3637	0	2	2	1805	112	11.6292865436	29.4883606642	29.0918811294	12.882
3638	0	2	1	1060	66	13.8126025388	30.7272416031	30.2563258501	6.851
3638	0	2	2	2410	150	13.8126025388	33.4323994463	32.9614836933	10.157
3639	0	2	1	1064	66	10.5874307964	27.1390606855	26.7781013419	4.693
3639	0	2	2	2411	150	10.5874307964	27.8281943923	27.4672350486	19.496
3640	0	2	1	380	23	16.7989623861	29.2618366521	28.6891063502	5.149
3640	0	2	2	1726	107	16.7989623861	29.2161032207	28.6433729188	11.968
3642	0	2	1	432	27	12.6241202835	25.5842136992	25.1538171035	13.118
3642	0	2	2	1779	111	12.6241202835	25.7276891537	25.2972925581	9.465
3642	1	2	1	430	26	12.6241202835	25.1274702439	24.6970736482	11.087
3642	1	2	2	1771	110	12.6241202835	23.7299555757	23.29955898	18.598
3642	2	2	1	431	26	12.6241202835	24.3184928145	23.8880962189	17.213
3642	2	2	2	1769	110	12.6241202835	26.9737843874	26.5433877918	15.779
3643	0	2	1	106	6	19.8350594818	28.1203571301	27.4441165776	4.709
3643	0	2	2	1448	90	19.8350594818	31.3117544157	30.6355138632	9.37
3644	0	2	1	865	54	17.9474745368	31.7374218691	31.1255351184	10.315
3644	0	2	2	2210	138	17.9474745368	33.0756185313	32.4637317806	9.496
3645	0	2	1	217	13	18.483775519	30.0666275261	29.4364565614	11.086
3645	0	2	2	1560	97	18.483775519	31.2351901854	30.6050192206	9.559
3646	0	2	1	292	18	16.4839044886	29.0230647184	28.4610757469	12.614
3646	0	2	2	1635	102	16.4839044886	26.1670988593	25.6051098877	13.496
3647	0	2	1	217	13	19.0070147818	31.4300329671	30.7820231041	4.488
3647	0	2	2	1559	97	19.0070147818	37.9629884064	37.3149785434	12.095
3648	0	2	1	438	27	14.3621183586	30.3640498254	29.8743993223	14.315
3648	0	2	2	1772	110	14.3621183586	27.0690854179	26.5794349148	15.433
3649	0	2	1	582	36	12.4642589693	28.8708626387	28.4459162261	6.661
3649	0	2	2	1929	120	12.4642589693	28.4469720312	28.0220256185	10.567
3650	0	2	1	1279	79	7.01621793443	24.8234841564	24.5842788696	19.685
3650	0	2	2	2631	164	7.01621793443	27.9766673195	27.7374620326	12.582
3651	0	2	1	517	32	6.99035159817	28.8734372743	28.6351138535	13.496
3651	0	2	2	1866	116	6.99035159817	26.396739205	26.1584157842	10.567
3652	0	2	1	280	17	18.060839987	28.3306422601	27.7148905189	12
3652	0	2	2	1624	101	18.060839987	28.2584742447	27.6427225035	19.402
3653	0	2	1	492	30	11.170237993	28.4023298842	28.0215007811	4.063
3653	0	2	2	1838	114	11.170237993	29.9727479288	29.5919188257	10.756
3654	0	2	1	414	25	13.1162267637	33.605699725	33.1585256472	10.646
3654	0	2	2	1760	110	13.1162267637	33.4890568072	33.0418827293	13.401
3655	0	2	1	491	30	8.95898275729	28.7255141066	28.4200737597	12.662
3655	0	2	2	1838	114	8.95898275729	29.5195099187	29.2140695717	16.866
3656	0	2	1	297	18	16.8138916405	27.9092694775	27.3360301896	15.149
3656	0	2	2	1641	102	16.8138916405	28.7862333326	28.2129940447	7.653
3657	0	2	1	1081	67	18.8199007035	30.8590703662	30.21743982	5.118
3657	0	2	2	2428	151	18.8199007035	28.6816819651	28.0400514188	14.063
3658	0	2	1	1248	78	7.19206218789	25.0755634675	24.8303630883	8.536
3658	0	2	2	2597	162	7.19206218789	30.5949841961	30.3497838168	18.473
3659	0	2	1	1059	66	15.4793759267	28.4256041328	27.8978627495	20.961
3659	0	2	2	2406	150	15.4793759267	25.5177285371	24.9899871538	23.401
3660	0	2	1	521	32	8.78458798283	29.1915198218	28.8920251499	8.504
3660	0	2	2	1869	116	8.78458798283	28.4727132078	28.1732185359	14.646
3661	0	2	1	1104	69	13.4302459946	29.004410297	28.5465303002	4.724
3661	0	2	2	2453	153	13.4302459946	30.9547402504	30.4968602536	18.803
3662	0	2	1	1063	66	14.0058448505	29.4203708615	28.9428668607	5.449
3662	0	2	2	2410	150	14.0058448505	31.7739608223	31.2964568214	5.433
3663	0	2	1	879	54	19.544706889	33.618704199	32.9523626941	14.866
3663	0	2	2	2220	138	19.544706889	32.6760588371	32.0097173322	12.252
3664	0	2	1	1062	66	14.7080604884	26.5510840399	26.0496392643	6
3664	0	2	2	2408	150	14.7080604884	26.8865208797	26.3850761041	13.811
3665	0	2	1	879	54	16.1213709127	32.9609767775	32.4113477339	14.252
3665	0	2	2	2222	138	16.1213709127	31.2180538582	30.6684248146	9.402
3666	0	2	1	837	52	20.9126849822	10.9438495979	10.230869349	6.614
3666	0	2	2	2175	135	20.9126849822	12.3643003051	11.6513200562	10.126
3667	0	2	1	960	60	13.6652301943	31.545407732	31.0795163731	6.583
3667	0	2	2	2304	144	13.6652301943	32.7631723531	32.2972809942	11.874
3668	0	2	1	981	61	15.3333518716	28.2682528063	27.7454898496	11.401
3668	0	2	2	2326	145	15.3333518716	31.3905348673	30.8677719106	9.685
3669	0	2	1	1246	77	8.72467292424	30.411619654	30.1141676779	4.315
3669	0	2	2	2598	162	8.72467292424	26.0615897864	25.7641378103	14.851
3670	0	2	1	430	26	11.7775225691	27.5915404733	27.1900070987	12.945
3670	0	2	2	1777	111	11.7775225691	27.1402700101	26.7387366355	9.071
3671	0	2	1	810	50	22.3590650738	30.8945960152	30.1323040477	5.339
3671	0	2	2	2152	134	22.3590650738	30.7054453623	29.9431533947	9.039
3672	0	2	1	417	26	14.4699614629	49.9238385634	49.4305113443	17.843
3672	0	2	2	1775	110	14.4699614629	44.5637542739	44.0704270548	10.157
3673	0	2	1	1255	78	6.66587727618	27.2223750227	26.9951139683	11.843
3673	0	2	2	2603	162	6.66587727618	30.6441155845	30.4168545301	9.528
3674	0	2	1	415	25	13.4453201042	31.1489594873	30.6905655659	8.976
3674	0	2	2	1763	110	13.4453201042	31.0528807165	30.5944867952	16.977
3675	0	2	1	1089	68	13.1844176452	34.3387898096	33.8892908867	8
3675	0	2	2	2439	152	13.1844176452	33.1862052959	32.736706373	11.464
3676	0	2	1	219	13	14.3957482779	30.4950461465	30.004249092	12.567
3676	0	2	2	1563	97	14.3957482779	31.8487529325	31.357955878	4.189
3677	0	2	1	506	31	6.56175256013	29.4657864578	29.2420753476	15.842
3677	0	2	2	1857	116	6.56175256013	30.8142567263	30.5905456161	15.402
3678	0	2	1	411	25	11.8776831536	30.5904795017	30.1855313328	10.252
3678	0	2	2	1759	109	11.8776831536	31.053834681	30.6488865121	10.032
3679	0	2	1	457	28	12.7315265685	29.7228008483	29.2887424292	6.819
3679	0	2	2	1802	112	12.7315265685	28.6815477651	28.247489346	12.032
3681	0	2	1	439	27	9.93641805873	33.8260735631	33.4873093238	10.378
3681	0	2	2	1787	111	9.93641805873	32.195202341	31.8564381017	7.654
3682	0	2	1	450	28	15.9421863177	28.9695247937	28.4260047254	25.906
3682	0	2	2	1796	112	15.9421863177	29.112211061	28.5686909927	8.961
3683	0	2	1	842	52	25.1453097029	27.9550261062	27.097742157	11.244
3683	0	2	2	2185	136	25.1453097029	22.3676256175	21.5103416682	14.063
3684	0	2	1	879	54	23.2077095795	31.4853345684	30.6941095981	13.654
3684	0	2	2	2222	138	23.2077095795	27.4327211066	26.6414961364	12.315
3685	0	2	1	795	49	26.8862527907	32.5177214731	31.6010832116	15.874
3685	0	2	2	2133	133	26.8862527907	32.7652095018	31.8485712402	18.063
3687	0	2	1	918	57	18.6145219272	41.0932888336	40.458660306	7.197
3687	0	2	2	2282	142	18.6145219272	29.8975742649	29.2629457374	10.094
3688	0	2	1	604	37	10.4915642225	27.7406011714	27.3829102256	15.087
3688	0	2	2	1954	122	10.4915642225	26.2480290137	25.8903380679	6.866
3689	0	2	1	937	58	18.5807502438	30.0716464869	29.438169344	8.788
3689	0	2	2	2274	142	18.5807502438	27.1810766537	26.5475995107	9.496
3690	0	2	1	486	30	11.2538339591	32.89633143	32.5126522733	5.843
3690	0	2	2	1831	114	11.2538339591	28.7762742144	28.3925950578	12.772
3691	0	2	1	794	49	21.9514797293	33.0333275511	32.2849314703	14.409
3691	0	2	2	2133	133	21.9514797293	27.8942944703	27.1458983895	4.094
3692	0	2	1	429	26	10.9429043194	27.4983514489	27.1252728771	14.504
3692	0	2	2	1775	110	10.9429043194	28.3640007145	27.9909221427	11.118
3693	0	2	1	879	54	19.9053295577	34.1066798535	33.4280435696	12.441
3693	0	2	2	2220	138	19.9053295577	35.8772028426	35.1985665586	9.307
3694	0	2	1	1063	66	16.9580279898	29.9586850889	29.3805317324	11.811
3694	0	2	2	2410	150	16.9580279898	29.5793881135	29.0012347569	16.567
3696	0	2	1	1081	67	11.2789729211	28.8826084241	28.4980721999	10.898
3696	0	2	2	2426	151	11.2789729211	27.3747384559	26.9902022317	14.441
3697	0	2	1	567	35	12.1974717719	32.857881804	32.4420310193	12.961
3697	0	2	2	1915	119	12.1974717719	34.7614026755	34.3455518908	13.386
3698	0	2	1	269	16	12.4650770965	26.9845221063	26.559547801	21.433
3698	0	2	2	1611	100	12.4650770965	27.4009405973	26.9759662921	15.244
3699	0	2	1	116	7	22.5174282305	32.6320630009	31.8643719273	9.528
3699	0	2	2	1456	91	22.5174282305	35.1552926537	34.3876015801	13.433
3700	0	2	1	1040	65	20.6645098734	28.3091508665	27.6046317	11.543
3700	0	2	2	2393	149	20.6645098734	31.1113326296	30.4068134631	11.811
3702	0	2	1	216	13	14.1200703217	28.1185685408	27.6371702286	4.441
3702	0	2	2	1556	97	14.1200703217	28.7838954451	28.302497133	14.094
3703	0	2	1	486	30	11.9012007031	31.2829052678	30.8771553104	14.835
3703	0	2	2	1831	114	11.9012007031	28.9387983	28.5330483426	12.126
3704	0	2	1	530	33	10.0211015296	30.1609649338	29.8193135643	15.512
3704	0	2	2	1878	117	10.0211015296	30.934448409	30.5927970396	5.323
3705	0	2	1	811	50	26.0363215854	32.8373056076	31.9496442164	5.843
3705	0	2	2	2154	134	26.0363215854	32.4149917867	31.5273303955	13.544
3706	0	2	1	571	35	8.62084592021	28.2291327353	27.9352205535	7.685
3706	0	2	2	1921	120	8.62084592021	31.3992445522	31.1053323704	4.788
3707	0	2	1	1093	68	12.9607769009	28.9705611952	28.5286868998	5.37
3707	0	2	2	2439	152	12.9607769009	30.7870872828	30.3452129874	6.709
3708	0	2	1	838	52	25.2411547868	32.2711596507	31.4106080363	10.96
3708	0	2	2	2181	136	25.2411547868	26.6002106587	25.7396590443	5.465
3709	0	2	1	557	34	6.20942278979	26.476005995	26.2643069324	17.654
3709	0	2	2	1907	119	6.20942278979	26.6190552982	26.4073562356	10.834
3710	0	2	1	806	50	23.8783816816	33.8236871149	33.0095967899	12.567
3710	0	2	2	2146	134	23.8783816816	32.8368971485	32.0228068234	7.717
3711	0	2	1	903	56	21.4428360153	33.8540459903	33.1229911988	11.528
3711	0	2	2	2245	140	21.4428360153	33.4367548646	32.7057000731	15.181
3712	0	2	1	456	28	9.29629363379	25.7905016411	25.4735612887	6.63
3712	0	2	2	1801	112	9.29629363379	23.9344928011	23.6175524486	15.26
3713	0	2	1	490	30	5.71414432069	26.280491672	26.0856782349	7.559
3713	0	2	2	1835	114	5.71414432069	29.1732671298	28.9784536927	14.662
3714	0	2	1	532	33	11.8519161119	29.0117204346	28.6076507465	14.536
3714	0	2	2	1881	117	11.8519161119	29.9377009171	29.5336312289	7.402
3715	0	2	1	342	21	12.7468967072	29.374058059	28.9394756228	5.811
3715	0	2	2	1666	104	12.7468967072	26.6823637824	26.2477813462	14.504
3716	0	2	1	234	14	17.5765784819	31.8632022882	31.263960569	6.409
3716	0	2	2	1577	98	17.5765784819	29.339831129	28.7405894099	8.85
3717	0	2	1	74	4	29.7244705854	32.9463432775	31.9329411029	14.803
3717	0	2	2	1414	88	29.7244705854	31.2492754357	30.2358732612	20.536
3718	0	2	1	604	37	2.86838636105	25.0972091306	24.9994166748	14.567
3718	0	2	2	1955	122	2.86838636105	26.8708912083	26.7730987525	9.843
3719	0	2	1	879	54	18.7111406756	36.7392024835	36.1012799141	10.126
3719	0	2	2	2220	138	18.7111406756	34.8204569399	34.1825343705	10.725
3720	0	2	1	799	49	24.6427929608	30.4976988794	29.6575473314	11.622
3720	0	2	2	2148	134	24.6427929608	28.4321838939	27.592032346	9.055
3721	0	2	1	956	59	18.7676370788	31.087882006	30.4480332937	17.086
3721	0	2	2	2294	143	18.7676370788	32.7331897137	32.0933410015	6.929
3721	1	2	1	954	59	18.7676370788	29.1031617227	28.4633130104	12.614
3721	1	2	2	2299	143	18.7676370788	26.5317013409	25.8918526286	8.22
3722	0	2	1	510	31	8.34251408895	27.4185418759	27.1341189155	10.929
3722	0	2	2	1859	116	8.34251408895	29.7632197713	29.478796811	15.842
3723	0	2	1	1037	64	13.9580981289	31.1194624946	30.6435863321	14.031
3723	0	2	2	2385	149	13.9580981289	29.9081786193	29.4323024567	6.378
3723	1	2	1	1038	64	13.9580981289	34.1977678352	33.7218916726	12.662
3723	1	2	2	2390	149	13.9580981289	22.6907446132	22.2148684506	4.095
3724	0	2	1	969	60	12.6806640946	26.5704891097	26.1381647548	11.59
3724	0	2	2	2312	144	12.6806640946	26.1162494047	25.6839250499	7.244
3725	0	2	1	478	29	15.1679625029	31.0839488333	30.5668245286	14.347
3725	0	2	2	1826	114	15.1679625029	27.5777821236	27.0606578189	10.284
3727	0	2	1	471	29	10.305401845	23.6826060292	23.3312619536	23.937
3727	0	2	2	1826	114	10.305401845	28.2593922829	27.9080482073	10.094
3727	1	2	1	470	29	10.305401845	11.5078465314	11.1565024558	10.756
3727	1	2	2	1812	113	10.305401845	0.836267509207	0.48492343364	6.693
3728	0	2	1	454	28	10.8446745153	27.7889385513	27.4192089474	27.874
3728	0	2	2	1800	112	10.8446745153	28.4347324486	28.0650028447	17.15
3729	0	2	1	1230	76	11.4219906109	29.3756743222	28.986262168	13.102
3729	0	2	2	2579	161	11.4219906109	27.2991765912	26.909764437	5.26
3730	0	2	1	275	17	11.438162475	26.382835654	25.9928721493	17.559
3730	0	2	2	1619	101	11.438162475	27.866204682	27.4762411773	15.528
3731	0	2	1	873	54	19.2515224726	35.350164837	34.6938189256	6.582
3731	0	2	2	2214	138	19.2515224726	34.9622796327	34.3059337213	6
3732	0	2	1	1264	79	8.45158835258	30.812113044	30.5239713935	9.685
3732	0	2	2	2614	163	8.45158835258	28.2204882043	27.9323465538	13.905
3733	0	2	1	1024	64	12.0098161134	25.4062371716	24.9967841679	10.74
3733	0	2	2	2370	148	12.0098161134	30.2649562237	29.85550322	12.725
3735	0	2	1	1103	68	14.0443801497	28.7421314083	28.263313616	15.134
3735	0	2	2	2452	153	14.0443801497	32.2050135364	31.7261957441	6.284
3736	0	2	1	808	50	22.7465924846	44.133914735	43.3584107198	7.134
3736	0	2	2	2151	134	22.7465924846	40.4488535292	39.673349514	12
3737	0	2	1	825	51	28.9215027372	18.0597547526	17.0737283176	13.78
3737	0	2	2	2167	135	28.9215027372	27.7776450734	26.7916186383	16.945
3738	0	2	1	1064	66	19.5448473764	26.9907376627	26.3243913681	5.307
3738	0	2	2	2412	150	19.5448473764	28.0948074984	27.4284612038	13.622
3739	0	2	1	888	55	18.7158902898	35.7073582667	35.0692737678	18.378
3739	0	2	2	2230	139	18.7158902898	34.713441325	34.0753568261	7.622
3740	0	2	1	1056	66	17.1284630183	27.6124784152	27.028514384	12.252
3740	0	2	2	2402	150	17.1284630183	26.3552917717	25.7713277404	20.693
3741	0	2	1	478	29	9.83055169257	27.848586676	27.5134317593	5.654
3741	0	2	2	1826	114	9.83055169257	30.8690247052	30.5338697885	5.528
3742	0	2	1	415	25	9.49667282941	31.6117295581	31.2879576387	9.906
3742	0	2	2	1763	110	9.49667282941	32.6600507343	32.3362788149	13.055
3743	0	2	1	1031	64	15.9140994963	28.0830087784	27.5404462796	11.039
3743	0	2	2	2374	148	15.9140994963	38.5368399588	37.99427746	9.37
3745	0	2	1	478	29	8.60252944378	31.15239498	30.8591072654	15.874
3745	0	2	2	1825	114	8.60252944378	31.1934478406	30.900160126	5.322
3746	0	2	1	951	59	19.4283187914	30.7387618619	30.0763883991	11.906
3746	0	2	2	2293	143	19.4283187914	31.9425492847	31.2801758219	6.756
3747	0	2	1	414	25	11.5538650787	34.112775814	33.7188676379	7.685
3747	0	2	2	1760	110	11.5538650787	33.4818078462	33.0878996701	16.929
3748	0	2	1	458	28	8.01337693637	30.4856891942	30.212487571	10.599
3748	0	2	2	1805	112	8.01337693637	27.1353067495	26.8621051263	7.307
3749	0	2	1	422	26	11.8823154101	31.3208500399	30.9157439425	6.63
3749	0	2	2	1769	110	11.8823154101	31.0566108895	30.6515047921	19.811
3750	0	2	1	523	32	6.09048755795	29.1508570637	28.9432128832	14.866
3750	0	2	2	1872	117	6.09048755795	29.5361500417	29.3285058612	7.087
3751	0	2	1	328	20	13.1080349095	29.6467045935	29.1998098021	6.252
3751	0	2	2	1672	104	13.1080349095	29.3820785524	28.935183761	5.717
3752	0	2	1	903	56	21.2464988075	30.7746519696	30.0502909408	11.213
3752	0	2	2	2246	140	21.2464988075	30.8420083821	30.1176473534	13.842
3753	0	2	1	430	26	12.1575492257	30.0870554879	29.6725657904	13.055
3753	0	2	2	1776	111	12.1575492257	29.9979103684	29.5834206709	10.441
3754	0	2	1	814	50	18.6554358749	32.0283199139	31.3922964991	12.961
3754	0	2	2	2155	134	18.6554358749	33.5841119189	32.9480885042	12.315
3755	0	2	1	887	55	18.3641855768	33.6281772927	33.0020835312	14.032
3755	0	2	2	2230	139	18.3641855768	36.484491664	35.8583979025	8.41
3756	0	2	1	807	50	28.5905758473	32.1911160836	31.2163720036	13.811
3756	0	2	2	2149	134	28.5905758473	29.344648261	28.369904181	10.851
3757	0	2	1	903	56	21.683773805	33.0799384006	32.34066927	16.394
3757	0	2	2	2245	140	21.683773805	31.8462491848	31.1069800542	4
3758	0	2	1	1022	63	14.5884037097	36.4355586719	35.9381933782	16.882
3758	0	2	2	2370	148	14.5884037097	31.5085183939	31.0111531002	5.874
3759	0	2	1	272	17	15.8423339333	34.6346525527	34.0945367713	9.905
3759	0	2	2	1613	100	15.8423339333	31.4813298263	30.9412140448	11.748
3760	0	2	1	1214	75	9.44258276808	29.1491825019	28.8272546855	15.527
3760	0	2	2	2561	160	9.44258276808	28.5938405245	28.271912708	4.771
3760	1	2	1	1213	75	9.44258276808	27.7498276168	27.4278998004	15.622
3760	1	2	2	2564	160	9.44258276808	31.207755356	30.8858275396	5.103
3761	0	2	1	168	10	20.4100854341	29.4911937337	28.7953487092	15.968
3761	0	2	2	1511	94	20.4100854341	28.4234284589	27.7275834344	7.937
3762	0	2	1	280	17	13.9246527747	27.8866806843	27.4119447808	8.189
3762	0	2	2	1624	101	13.9246527747	27.4174513613	26.9427154577	12.126
3763	0	2	1	893	55	22.4514629184	36.7481419281	35.9826998228	8
3763	0	2	2	2234	139	22.4514629184	25.8091267636	25.0436846583	4.189
3764	0	2	1	816	51	22.1983391748	29.2739113801	28.517099072	9.906
3764	0	2	2	2159	134	22.1983391748	29.940510818	29.1836985099	11.086
3765	0	2	1	1103	68	15.4580741012	27.9095601303	27.3825449943	12.378
3765	0	2	2	2452	153	15.4580741012	28.749896326	28.2228811899	12.598
3766	0	2	1	405	25	12.9527840764	29.4444024571	29.0028006626	9.811
3766	0	2	2	1752	109	12.9527840764	31.5770480946	31.1354463001	13.811
3767	0	2	1	432	27	13.722799377	32.4947628055	32.0269087292	9.071
3767	0	2	2	1780	111	13.722799377	31.3440470927	30.8761930163	9.527
3768	0	2	1	539	33	10.9115672851	31.9748129118	31.6028027196	10.866
3768	0	2	2	1888	118	10.9115672851	27.9544155896	27.5824053975	6.803
3769	0	2	1	415	25	10.5285869247	29.1527348104	28.7937816424	5.37
3769	0	2	2	1762	110	10.5285869247	29.3514426217	28.9924894536	12.063
3770	0	2	1	166	10	19.1420348166	29.7435224636	29.0909093362	13.181
3770	0	2	2	1509	94	19.1420348166	29.0257617173	28.3731485899	14.157
3771	0	2	1	794	49	23.0694902219	35.5195128336	34.7330002029	12.977
3771	0	2	2	2135	133	23.0694902219	33.9507477368	33.1642351061	9.023
3772	0	2	1	874	54	22.9223433399	30.3121763678	29.5306804445	23.874
3772	0	2	2	2217	138	22.9223433399	29.4129396874	28.631443764	22.189
3772	1	2	1	873	54	22.9223433399	33.4987871224	32.7172911991	11.244
3772	1	2	2	2215	138	22.9223433399	32.1405694595	31.3590735362	15.276
3773	0	2	1	263	16	16.9691366695	34.8040601778	34.2255280908	13.086
3773	0	2	2	1606	100	16.9691366695	31.2773927803	30.6988606934	12.96
3774	0	2	1	159	9	24.2746818112	28.9109846236	28.0833831609	7.843
3774	0	2	2	1498	93	24.2746818112	29.2049541015	28.3773526389	16.882
3775	0	2	1	263	16	17.6361851722	41.4409900214	40.8397161197	12.063
3775	0	2	2	1606	100	17.6361851722	33.8151118504	33.2138379487	6.992
3776	0	2	1	128	8	21.493440774	30.2081871115	29.4754070421	9.59
3776	0	2	2	1469	91	21.493440774	34.2367945247	33.5040144552	4.378
3777	0	2	1	1254	78	9.11990903641	25.5777908022	25.2668639643	4.756
3777	0	2	2	2601	162	9.11990903641	28.1300772857	27.8191504477	16.252
3778	0	2	1	491	30	12.941070052	27.8976940316	27.4564916057	13.433
3778	0	2	2	1835	114	12.941070052	29.7273109853	29.2861085594	12.473
3779	0	2	1	429	26	10.6170741914	27.0491694877	26.687199506	14.346
3779	0	2	2	1774	110	10.6170741914	26.4080274155	26.0460574338	11.212
3780	0	2	1	994	62	22.4263607804	27.2057053971	26.4411191039	13.559
3780	0	2	2	2338	146	22.4263607804	28.5637212903	27.7991349971	16.756
3781	0	2	1	1012	63	12.7700814805	30.3169467327	29.8815738535	11.528
3781	0	2	2	2357	147	12.7700814805	31.9541605852	31.518787706	8.41
3782	0	2	1	572	35	7.54059935044	30.2499481277	29.992865003	13.055
3782	0	2	2	1921	120	7.54059935044	29.7408710643	29.4837879395	9.465
3783	0	2	1	205	12	21.56510969	34.3606152267	33.6253917349	13.197
3783	0	2	2	1561	97	21.56510969	35.9656370283	35.2304135366	5.937
3785	0	2	1	930	58	14.9404074483	31.4808584475	30.9714922217	15.496
3785	0	2	2	2273	142	14.9404074483	30.4967019809	29.9873357551	11.622
3786	0	2	1	258	16	21.4494228077	30.9867994849	30.2555201286	9.779
3786	0	2	2	1601	100	21.4494228077	30.7198740301	29.9885946738	4.756
3787	0	2	1	1067	66	17.5562377764	29.2493781495	28.65082991	7.024
3787	0	2	2	2406	150	17.5562377764	42.4729636713	41.8744154318	13.213
3788	0	2	1	121	7	21.4508202824	36.6417018068	35.9103748061	7.244
3788	0	2	2	1460	91	21.4508202824	36.1073796238	35.3760526231	13.59
3790	0	2	1	935	58	20.7972342337	32.0006312483	31.2915870843	10.519
3790	0	2	2	2280	142	20.7972342337	31.9365263402	31.2274821761	12.031
3791	0	2	1	1271	79	8.75656136539	28.0197822102	27.7212430553	13.181
3791	0	2	2	2616	163	8.75656136539	27.7134848432	27.4149456883	17.527
3791	1	2	1	1264	79	8.75656136539	27.8552152971	27.5566761422	13.307
3791	1	2	2	2609	163	8.75656136539	28.8487553377	28.5502161827	16.866
3791	2	2	1	1263	78	8.75656136539	29.6156021315	29.3170629766	5.528
3791	2	2	2	2614	163	8.75656136539	27.6333841302	27.3348449753	11.59
3792	0	2	1	1039	64	16.9037235772	28.8719415348	28.2956395892	8.693
3792	0	2	2	2385	149	16.9037235772	33.1321166	32.5558146543	11.906
3793	0	2	1	525	32	13.8154943855	28.7624169554	28.2914026101	9.228
3793	0	2	2	1874	117	13.8154943855	30.1984996289	29.7274852836	6.472
3794	0	2	1	475	29	13.2756648403	32.2306099549	31.7780001236	24.346
3794	0	2	2	1821	113	13.2756648403	32.4074094643	31.9547996329	7.591
3795	0	2	1	456	28	12.7916616689	26.0812565944	25.6451479776	9.276
3795	0	2	2	1802	112	12.7916616689	27.6780883396	27.2419797228	8.032
3796	0	2	1	905	56	16.9676142513	34.334068325	33.7555881422	18.157
3796	0	2	2	2247	140	16.9676142513	36.1106149901	35.5321348072	6.708
3797	0	2	1	1263	78	11.0455260671	30.954596814	30.578019539	5.323
3797	0	2	2	2613	163	11.0455260671	28.1368900947	27.7603128197	8.347
3798	0	2	1	486	30	10.6831077358	30.697015856	30.3327945798	13.197
3798	0	2	2	1828	114	10.6831077358	31.2809824544	30.9167611782	8.756
3799	0	2	1	1022	63	11.4818070157	33.1831108413	32.7916593547	17.969
3799	0	2	2	2368	148	11.4818070157	30.2893839353	29.8979324487	20.567
3800	0	2	1	1218	76	7.64243974426	27.1838358019	26.9232806127	12.095
3800	0	2	2	2567	160	7.64243974426	27.7086991956	27.4481440064	12.095
3801	0	2	1	485	30	14.9432543793	27.4433379187	26.9338746319	12.41
3801	0	2	2	1830	114	14.9432543793	28.3380902164	27.8286269296	12.835
3802	0	2	1	1022	63	10.7367595301	28.3276816722	27.9616312349	20.283
3802	0	2	2	2370	148	10.7367595301	27.3203182669	26.9542678296	7.276
3802	1	2	1	1006	62	10.7367595301	26.5710518363	26.205001399	6.851
3802	1	2	2	2354	147	10.7367595301	29.5724824243	29.206431987	10.882
3804	0	2	1	226	14	19.6889686198	28.9702506456	28.2989907974	8.693
3804	0	2	2	1569	98	19.6889686198	30.0803668445	29.4091069962	5.244
3805	0	2	1	1263	78	7.21250629286	31.3188109991	31.072913615	5.433
3805	0	2	2	2612	163	7.21250629286	32.2971880803	32.0512906962	9.527
3806	0	2	1	454	28	9.32294178426	28.7830118297	28.4651629567	20.252
3806	0	2	2	1800	112	9.32294178426	29.4516769011	29.133828028	11.716
3807	0	2	1	432	27	7.33121588234	28.5909237134	28.3409791401	9.212
3807	0	2	2	1779	111	7.33121588234	25.5193377118	25.2693931385	5.039
3808	0	2	1	281	17	14.2037567986	31.0436320864	30.5593806349	13.969
3808	0	2	2	1626	101	14.2037567986	32.2585922457	31.7743407942	17.339
3809	0	2	1	430	26	8.25035767793	28.3214605725	28.0401795187	14.787
3809	0	2	2	1776	111	8.25035767793	27.7183575739	27.43707652	10.662
3810	0	2	1	538	33	10.1138136457	29.3004291658	28.9556169441	15.024
3810	0	2	2	1888	118	10.1138136457	27.6879598143	27.3431475926	5.181
3811	0	2	1	217	13	11.7939298337	25.9355648958	25.5334721452	10.882
3811	0	2	2	1558	97	11.7939298337	26.0883004393	25.6862076886	15.275
3812	0	2	1	1251	78	8.33489526213	28.6858440563	28.4016808461	10.819
3812	0	2	2	2600	162	8.33489526213	29.0262351097	28.7420718995	15.307
3813	0	2	1	564	35	10.0553506291	35.6731559702	35.3303369395	15.023
3813	0	2	2	1913	119	10.0553506291	28.9853404334	28.6425214027	9.055
3814	0	2	1	809	50	23.3610053404	33.9416397593	33.1451884468	11.937
3814	0	2	2	2152	134	23.3610053404	29.068734337	28.2722830244	16.252
3815	0	2	1	484	30	13.3290393713	28.3436554285	27.8892258889	14.787
3815	0	2	2	1829	114	13.3290393713	28.5750117161	28.1205821764	16.095
3816	0	2	1	916	57	21.4910076043	32.0836817774	31.3509846625	19.779
3816	0	2	2	2258	141	21.4910076043	32.0373163089	31.304619194	8.126
3817	0	2	1	855	53	21.0754785522	40.3569800506	39.6384496487	12
3817	0	2	2	2212	138	21.0754785522	34.0623156816	33.3437852798	12.63
3818	0	2	1	910	56	23.7394005406	33.2560574983	32.4467054844	10.551
3818	0	2	2	2251	140	23.7394005406	34.5101234767	33.7007714628	6.22
3819	0	2	1	487	30	12.226361453	27.5751405344	27.1583048082	14.724
3819	0	2	2	1831	114	12.226361453	26.5061747489	26.0893390227	13.622
3820	0	2	1	1277	79	5.89287006972	27.1428907592	26.9419839903	6.567
3820	0	2	2	2627	164	5.89287006972	28.3452101982	28.1443034293	8.582
3821	0	2	1	1030	64	15.8159770732	29.8532254307	29.3140082388	15.622
3821	0	2	2	2371	148	15.8159770732	27.5984526857	27.0592354938	7.433
3823	0	2	1	444	27	10.3781590586	27.0243121997	26.6704875983	13.039
3823	0	2	2	1791	111	10.3781590586	24.4144250009	24.0606003994	9.874
3824	0	2	1	833	52	20.5375633003	27.5311549191	26.8309637668	17.811
3824	0	2	2	2175	135	20.5375633003	28.1498579748	27.4496668226	15.717
3825	0	2	1	795	49	26.411930635	32.0159479209	31.1154808171	14.504
3825	0	2	2	2135	133	26.411930635	32.1985166926	31.2980495888	11.244
3826	0	2	1	520	32	8.65103985025	27.3402162341	27.0452746448	11.685
3826	0	2	2	1869	116	8.65103985025	29.2310920828	28.9361504935	11.811
3827	0	2	1	478	29	10.504940382	27.1038412564	26.7456942745	11.748
3827	0	2	2	1826	114	10.504940382	24.6668567624	24.3087097805	14.063
3828	0	2	1	180	11	22.524001961	25.6277607278	24.8598455348	18.158
3828	0	2	2	1524	95	22.524001961	28.2877304154	27.5198152223	17.401
3829	0	2	1	1222	76	10.763373317	33.1477623198	32.7808045335	9.275
3829	0	2	2	2575	160	10.763373317	29.3988466487	29.0318888624	6.693
3830	0	2	1	864	54	23.6170429139	27.6801515437	26.8749710922	14.221
3830	0	2	2	2210	138	23.6170429139	31.3320010274	30.5268205759	11.843
3831	0	2	1	1229	76	8.80403085333	25.5930976893	25.2929401479	19.181
3831	0	2	2	2580	161	8.80403085333	24.7445502628	24.4443927213	19.937
3832	0	2	1	296	18	16.739048956	35.2501536234	34.6794659617	9.748
3832	0	2	2	1638	102	16.739048956	35.364019586	34.7933319243	7.024
3833	0	2	1	1047	65	16.114674699	33.6540648167	33.1046640685	16.41
3833	0	2	2	2399	149	16.114674699	31.9793618508	31.4299611026	13.779
3834	0	2	1	802	50	24.8771803879	21.7162514615	20.8681088973	9.087
3834	0	2	2	2155	134	24.8771803879	10.7602422894	9.91209972519	12.645
3835	0	2	1	1257	78	10.8467964532	29.5939656243	29.2241636767	7.843
3835	0	2	2	2599	162	10.8467964532	29.3897165779	29.0199146303	9.874
3836	0	2	1	273	17	15.4555281516	28.6755612903	28.1486329539	7.622
3836	0	2	2	1618	101	15.4555281516	26.5689121771	26.0419838406	4.819
3837	0	2	1	430	26	8.50824669626	29.5993269761	29.3092536616	9.811
3837	0	2	2	1776	111	8.50824669626	28.7752087482	28.4851354337	12.583
3838	0	2	1	491	30	10.0313313715	28.6703802131	28.3283800756	12.425
3838	0	2	2	1834	114	10.0313313715	32.2167263086	31.8747261711	13.401
3839	0	2	1	1227	76	5.79028737163	27.3520609464	27.1546515494	17.937
3839	0	2	2	2579	161	5.79028737163	30.2253328804	30.0279234835	13.401
3840	0	2	1	883	55	16.4928383307	30.271873794	29.7095802392	17.748
3840	0	2	2	2212	138	16.4928383307	31.9770492427	31.4147556879	6.945
3841	0	2	1	807	50	26.2787379969	31.4423245002	30.546398359	18.504
3841	0	2	2	2150	134	26.2787379969	33.6841924909	32.7882663497	11.874
3842	0	2	1	555	34	7.38379802963	29.6727737772	29.4210365105	15.685
3842	0	2	2	1908	119	7.38379802963	28.2658276779	28.0140904112	5.37
3843	0	2	1	934	58	10.437732837	37.077326603	36.7214709411	12.914
3843	0	2	2	2277	142	10.437732837	33.8763780592	33.5205223973	9.906
3844	0	2	1	933	58	19.5894673386	28.9296686595	28.2618011278	22.96
3844	0	2	2	2276	142	19.5894673386	29.2479680706	28.5801005389	13.023
3844	1	2	1	932	58	19.5894673386	30.3715771631	29.7037096314	12.189
3844	1	2	2	2277	142	19.5894673386	29.5665232943	28.8986557626	7.78
3845	0	2	1	571	35	8.68618332861	24.6555498407	24.3594100979	6.63
3845	0	2	2	1907	119	8.68618332861	25.2127355446	24.9165958018	6.488
3846	0	2	1	489	30	12.4870034135	30.654589724	30.2288678806	17.307
3846	0	2	2	1833	114	12.4870034135	32.2437471473	31.8180253038	10.094
3847	0	2	1	809	50	22.6159704354	31.8107116986	31.0396610065	7.528
3847	0	2	2	2151	134	22.6159704354	31.5042678221	30.7332171299	11.622
3848	0	2	1	980	61	17.1146594843	28.2721491625	27.6886557378	10.347
3848	0	2	2	2326	145	17.1146594843	33.9840892232	33.4005957986	6.252
3849	0	2	1	506	31	7.21055290649	30.7842375825	30.5384067955	15.307
3849	0	2	2	1857	116	7.21055290649	30.1719995059	29.926168719	10.598
3850	0	2	1	273	17	11.9001230527	25.8104425104	25.4047292936	22.662
3850	0	2	2	1614	100	11.9001230527	29.4238139221	29.0181007053	5.307
3851	0	2	1	816	51	22.262135953	29.1613878995	28.4024005554	5.433
3851	0	2	2	2158	134	22.262135953	32.03891345	31.2799261058	12.032
3852	0	2	1	1012	63	11.2081493395	31.0338020983	30.6516804763	17.811
3852	0	2	2	2356	147	11.2081493395	31.851944628	31.4698230059	10.284
3853	0	2	1	429	26	7.5709176952	27.6468874424	27.3887706684	13.008
3853	0	2	2	1775	110	7.5709176952	28.3928044009	28.1346876269	11.842
3854	0	2	1	431	26	7.6946707737	28.127827329	27.8654914172	11.685
3854	0	2	2	1779	111	7.6946707737	25.2953432164	25.0330073046	6.126
3855	0	2	1	486	30	11.2280693968	28.7631652538	28.3803644934	12.599
3855	0	2	2	1830	114	11.2280693968	29.7716373276	29.3888365672	12.551
3856	0	2	1	471	29	9.20815397671	27.9363648295	27.6224294396	5.354
3856	0	2	2	1817	113	9.20815397671	25.8127871787	25.4988517888	5.591
3857	0	2	1	438	27	14.1613162234	31.8202874011	31.3374828844	9.149
3857	0	2	2	1793	112	14.1613162234	30.7929756033	30.3101710866	8.882
3858	0	2	1	428	26	14.6734281859	30.6567764622	30.1565124125	14.283
3858	0	2	2	1774	110	14.6734281859	32.8136833157	32.313419266	11.874
3859	0	2	1	434	27	9.25725576887	28.9710994764	28.6554900495	4.646
3859	0	2	2	1773	110	9.25725576887	17.413545924	17.0979364971	5.307
3860	0	2	1	506	31	6.73511826994	30.6248943204	30.3952726193	16.662
3860	0	2	2	1857	116	6.73511826994	29.9712899865	29.7416682853	10.866
3861	0	2	1	486	30	14.0275179406	30.5508173852	30.0725744795	15.622
3861	0	2	2	1831	114	14.0275179406	32.0329277987	31.554684893	11.622
3862	0	2	1	524	32	8.29468545396	29.3228725389	29.0400802095	9.055
3862	0	2	2	1873	117	8.29468545396	29.8008419446	29.5180496152	4.252
3864	0	2	1	212	13	15.0771048699	30.5065510898	29.9925244122	7.433
3864	0	2	2	1555	97	15.0771048699	28.6376959439	28.1236692662	17.433
3865	0	2	1	958	59	15.4826260731	31.665888065	31.1380358738	13.244
3865	0	2	2	2301	143	15.4826260731	29.9862541854	29.4584019942	9.292
3866	0	2	1	485	30	11.2921929278	14.7250639824	14.3400770459	6.882
3866	0	2	2	1826	114	11.2921929278	28.8103677297	28.4253807932	9.527
3867	0	2	1	457	28	16.0419324324	31.0657223423	30.5188016103	5.685
3867	0	2	2	1802	112	16.0419324324	29.3342105542	28.7872898222	6.945
3868	0	2	1	280	17	16.7335410996	30.9896178402	30.4191179589	10
3868	0	2	2	1624	101	16.7335410996	31.9778112359	31.4073113546	17.338
3869	0	2	1	431	26	12.4830800373	33.4881346168	33.0625465338	8.646
3869	0	2	2	1777	111	12.4830800373	31.1153965653	30.6898084823	10.315
3870	0	2	1	1012	63	11.7647392063	30.4061622384	30.0050646895	9.401
3870	0	2	2	2356	147	11.7647392063	31.3264442594	30.9253467105	12.347
3871	0	2	1	896	56	14.8879872564	30.3301779161	29.8225988621	6.158
3871	0	2	2	2246	140	14.8879872564	31.867234607	31.359655553	10.095
3872	0	2	1	1067	66	15.5867170219	29.766135275	29.2347342908	6.031
3872	0	2	2	2414	150	15.5867170219	32.6649206985	32.1335197143	6.63
3873	0	2	1	296	18	19.9717698224	31.5992741863	30.9183727415	8.315
3873	0	2	2	1638	102	19.9717698224	30.2038595315	29.5229580866	9.197
3874	0	2	1	553	34	8.69505066199	28.0810205574	27.7845784989	15.181
3874	0	2	2	1896	118	8.69505066199	29.4359963109	29.1395542523	13.905
3875	0	2	1	523	32	9.28411169806	30.9126545805	30.5961295491	4.599
3875	0	2	2	1869	116	9.28411169806	30.7299702001	30.4134451688	16.22
3876	0	2	1	252	15	18.9063464175	29.1826226532	28.5380448964	5.087
3876	0	2	2	1595	99	18.9063464175	29.777080397	29.1325026401	4.252
3878	0	2	1	526	32	6.22046856966	28.2247170382	28.0126413897	13.937
3878	0	2	2	1873	117	6.22046856966	28.0300236282	27.8179479797	7.748
3879	0	2	1	984	61	15.6632367125	23.0853677517	22.5513579667	18.677
3879	0	2	2	2329	145	15.6632367125	31.3091122026	30.7751024177	9.748
3879	1	2	1	989	61	15.6632367125	19.4129759094	18.8789661245	10.378
3879	1	2	2	2330	145	15.6632367125	33.3291171111	32.7951073262	8.662
3880	0	2	1	1253	78	9.02801309699	28.0439921174	27.7361983057	8.346
3880	0	2	2	2602	162	9.02801309699	29.1117219836	28.8039281718	5.622
3881	0	2	1	985	61	14.9945984283	35.1773129564	34.6660991869	12.614
3881	0	2	2	2330	145	14.9945984283	31.8375606098	31.3263468403	16.126
3881	1	2	1	987	61	14.9945984283	25.0200160167	24.5088022472	12.031
3881	1	2	2	2332	145	14.9945984283	31.1447362097	30.6335224402	11.496
3882	0	2	1	522	32	7.98131173312	31.949621234	31.677512816	5.229
3882	0	2	2	1869	116	7.98131173312	31.235443336	30.9633349181	17.622
3883	0	2	1	866	54	24.6149173315	29.1457781302	28.3065769516	17.276
3883	0	2	2	2209	138	24.6149173315	32.1174046149	31.2782034363	19.811
3884	0	2	1	210	13	14.0023348696	29.1726294264	28.695245092	7.527
3884	0	2	2	1554	97	14.0023348696	31.2276224185	30.7502380841	9.118
3885	0	2	1	455	28	9.696956179	30.4154856847	30.0848854659	13.008
3885	0	2	2	1800	112	9.696956179	27.1531389159	26.8225386971	10.977
3886	0	2	1	956	59	18.8386940049	33.8835599183	33.2412886484	16.346
3886	0	2	2	2298	143	18.8386940049	30.3798460443	29.7375747744	9.843
3887	0	2	1	413	25	8.85953147464	30.0943557074	29.7923059724	7.433
3887	0	2	2	1760	110	8.85953147464	29.4289626176	29.1269128826	15.023
3888	0	2	1	494	30	7.96077955751	31.9224574939	31.6510490834	10.441
3888	0	2	2	1842	115	7.96077955751	31.2277116983	30.9563032878	5.528
3889	0	2	1	1029	64	12.7795346212	20.5315806004	20.0958854334	13.023
3889	0	2	2	2372	148	12.7795346212	22.1596971494	21.7240019824	9.103
3890	0	2	1	1009	63	15.3974576998	26.7886955526	26.2637470234	18.284
3890	0	2	2	2354	147	15.3974576998	27.5341693902	27.009220861	19.433
3891	0	2	1	460	28	12.5025994832	31.8044187717	31.3781652084	8.645
3891	0	2	2	1806	112	12.5025994832	29.2980981764	28.8718446131	7.622
3892	0	2	1	974	60	19.4176102231	30.9999240573	30.3379156838	4.157
3892	0	2	2	2319	144	19.4176102231	30.8292187174	30.1672103439	4
3893	0	2	1	486	30	12.8595070363	30.1719341435	29.7335124613	14.929
3893	0	2	2	1830	114	12.8595070363	27.9025367129	27.4641150308	4.22
3894	0	2	1	264	16	14.7471050682	33.9265677395	33.4237918094	16.992
3894	0	2	2	1608	100	14.7471050682	35.0254773542	34.5227014241	13.748
3895	0	2	1	209	13	15.8000841304	31.1748728001	30.6361974494	8.929
3895	0	2	2	1552	97	15.8000841304	30.3452821437	29.8066067931	14.284
3896	0	2	1	522	32	6.81405175466	31.1318942224	30.8995814266	10.031
3896	0	2	2	1869	116	6.81405175466	30.3507650519	30.1184522561	15.086
3897	0	2	1	222	13	20.0823927942	32.3666621979	31.6819892626	11.307
3897	0	2	2	1565	97	20.0823927942	28.892629142	28.2079562066	12.315
3898	0	2	1	347	21	14.9701378876	31.4829355625	30.972555731	8.063
3898	0	2	2	1690	105	14.9701378876	31.3248241103	30.8144442788	4.756
3899	0	2	1	431	26	13.8585936944	30.6065727628	30.1340890244	9.559
3899	0	2	2	1777	111	13.8585936944	29.6391877298	29.1667039913	11.622
3900	0	2	1	429	26	15.7868074383	25.7105254227	25.1723027169	16.22
3900	0	2	2	1775	110	15.7868074383	26.5404657289	26.0022430231	16.315
3901	0	2	1	242	15	19.3278052079	31.4840870645	30.8251404309	4.284
3901	0	2	2	1582	98	19.3278052079	29.2429223354	28.5839757018	8.835
3902	0	2	1	449	28	8.54815502896	33.2429890499	32.9515551328	19.181
3902	0	2	2	1797	112	8.54815502896	28.3166107133	28.0251767963	9.559
3903	0	2	1	797	49	25.8590724588	30.7848312175	29.9032128154	11.26
3903	0	2	2	2135	133	25.8590724588	29.636757662	28.7551392599	14.095
3904	0	2	1	864	54	19.6484082787	31.191749951	30.5218729344	10.378
3904	0	2	2	2210	138	19.6484082787	33.4422281746	32.772351158	13.843
3904	1	2	1	865	54	19.6484082787	29.1308700841	28.4609930675	19.039
3904	1	2	2	2213	138	19.6484082787	43.3302483449	42.6603713283	7.685
3905	0	2	1	1217	76	9.80445508678	29.9382295722	29.6039643722	21.023
3905	0	2	2	2567	160	9.80445508678	30.1784006573	29.8441354572	5.134
3906	0	2	1	1029	64	13.5742551809	22.8378386365	22.3750489064	12.346
3906	0	2	2	2373	148	13.5742551809	34.2288183343	33.7660286042	9.874
3907	0	2	1	1230	76	13.1519812395	25.3715277187	24.9231346565	13.402
3907	0	2	2	2580	161	13.1519812395	26.6050547003	26.1566616381	16.378
3908	0	2	1	379	23	11.9496726122	28.7858522972	28.3784497775	11.338
3908	0	2	2	1724	107	11.9496726122	28.2675383753	27.8601358557	14.063
3909	0	2	1	1048	65	15.2542597985	34.5919193782	34.0718529229	6.866
3909	0	2	2	2400	150	15.2542597985	31.7322784635	31.2122120082	16.772
3910	0	2	1	434	27	31.6084640884	36.9995852314	35.9219516988	4.897
3910	0	2	2	1782	111	31.6084640884	36.4766614212	35.3990278886	4.866
3911	0	2	1	459	28	8.51111644435	27.7786126918	27.4884415384	6.567
3911	0	2	2	1805	112	8.51111644435	27.2481051626	26.9579340093	9.338
3912	0	2	1	915	57	16.6234216153	30.7341145603	30.1673690041	20.378
3912	0	2	2	2257	141	16.6234216153	30.4320594983	29.8653139422	6.126
3913	0	2	1	486	30	15.9204217127	27.38891804	26.8461399967	14.031
3913	0	2	2	1830	114	15.9204217127	32.9695340577	32.4267560143	14.819
3914	0	2	1	1230	76	11.6611453398	28.5193069981	28.1217412951	8.567
3914	0	2	2	2580	161	11.6611453398	29.2401908363	28.8426251333	14.74
3915	0	2	1	440	27	10.5278235153	30.5304909291	30.1715637881	9.843
3915	0	2	2	1787	111	10.5278235153	30.1202355656	29.7613084246	12.41
3916	0	2	1	162	10	20.8964305896	30.2176590743	29.5052329896	4.284
3916	0	2	2	1502	93	20.8964305896	26.4848516454	25.7724255607	19.559
3916	1	2	1	148	9	20.8964305896	27.4816060959	26.7691800112	4.929
3916	1	2	2	1508	94	20.8964305896	17.5830108128	16.8705847281	16.992
3917	0	2	1	564	35	12.1387085045	34.4207208755	34.0068735183	5.748
3917	0	2	2	1912	119	12.1387085045	32.1979598866	31.7841125294	7.197
3918	0	2	1	789	49	20.0189548774	26.1370388586	25.4545287245	6.788
3918	0	2	2	2132	133	20.0189548774	31.3584199629	30.6759098288	10.756
3919	0	2	1	517	32	6.84649045436	29.2788303206	29.0454115858	10.788
3919	0	2	2	1864	116	6.84649045436	29.8014667774	29.5680480426	8.693
3920	0	2	1	487	30	11.6741657784	29.5509605544	29.1529509431	8.031
3920	0	2	2	1832	114	11.6741657784	29.2121360411	28.8141264297	11.591
3922	0	2	1	1019	63	9.67085461181	35.6596034424	35.3298931095	18.504
3922	0	2	2	2363	147	9.67085461181	35.4248671317	35.0951567987	13.055
3923	0	2	1	793	49	24.5562307799	32.9602964982	32.1230961315	4.221
3923	0	2	2	2132	133	24.5562307799	32.0888849537	31.2516845871	5.78
3924	0	2	1	1259	78	12.6173480992	28.9637366724	28.5335709622	14.551
3924	0	2	2	2609	163	12.6173480992	25.722120141	25.2919544308	20.032
3925	0	2	1	740	46	21.3658167624	29.6982433674	28.9698144083	17.559
3925	0	2	2	2078	129	21.3658167624	28.8597031119	28.1312741528	10.158
3926	0	2	1	1238	77	11.9668148148	31.2165918746	30.8086049226	7.906
3926	0	2	2	2585	161	11.9668148148	30.7509801976	30.3429932455	10.157
3927	0	2	1	997	62	18.1105181636	26.3964551754	25.7790097465	15.024
3927	0	2	2	2338	146	18.1105181636	27.7019210926	27.0844756637	16.126
3928	0	2	1	1062	66	15.0885313347	30.0145171032	29.5001008608	12.409
3928	0	2	2	2407	150	15.0885313347	30.7270290894	30.212612847	13.905
3929	0	2	1	471	29	7.86504641556	25.5544278089	25.2862832471	8.252
3929	0	2	2	1817	113	7.86504641556	29.1434005926	28.8752560308	8.929
3930	0	2	1	1217	76	11.6710754416	29.6137399733	29.2158357214	15.276
3930	0	2	2	2567	160	11.6710754416	28.4588161171	28.0609118652	7.401
3931	0	2	1	999	62	18.5864997454	30.5860015014	29.9523283396	14.866
3931	0	2	2	2345	146	18.5864997454	32.8642698243	32.2305966624	7.685
3932	0	2	1	1213	75	9.88955061362	30.2894352304	29.952268852	10.63
3932	0	2	2	2562	160	9.88955061362	30.3805186076	30.0433522292	8.488
3933	0	2	1	865	54	19.1163245033	33.7149271785	33.0631905979	13.717
3933	0	2	2	2209	138	19.1163245033	33.6591005155	33.0073639349	17.559
3934	0	2	1	549	34	8.13268301999	33.2643012879	32.9870321391	11.748
3934	0	2	2	1897	118	8.13268301999	25.7559669878	25.478697839	5.654
3935	0	2	1	70	4	23.19896727	32.570864682	31.7799377651	7.275
3935	0	2	2	1411	88	23.19896727	35.1269787709	34.336051854	10.519
3936	0	2	1	1020	63	14.371217886	34.7251972445	34.2352365095	4.41
3936	0	2	2	2365	147	14.371217886	27.5842580173	27.0942972822	15.37
3937	0	2	1	865	54	23.1873166253	29.1853177002	28.3947879909	9.779
3937	0	2	2	2209	138	23.1873166253	30.7439260607	29.9533963514	11.165
3938	0	2	1	457	28	15.1004073141	30.0265851464	29.5117640139	6.441
3938	0	2	2	1803	112	15.1004073141	27.7733995262	27.2585783937	13.181
3940	0	2	1	935	58	20.0396116251	33.1999402187	32.5167258301	10.536
3940	0	2	2	2274	142	20.0396116251	28.9183870435	28.2351726548	7.842
3941	0	2	1	889	55	19.5035833271	31.8032761293	31.138336658	11.37
3941	0	2	2	2233	139	19.5035833271	31.178194201	30.5132547297	17.905
3942	0	2	1	449	28	10.553411327	31.1902594842	30.830459973	26.063
3942	0	2	2	1796	112	10.553411327	31.3360227086	30.9762231974	7.071
3944	0	2	1	1029	64	13.4861041667	27.2317167261	26.7719323458	20.472
3944	0	2	2	2373	148	13.4861041667	38.2999757314	37.840191351	7.622
3945	0	2	1	454	28	13.0654953187	33.7387221505	33.2932776697	23.26
3945	0	2	2	1800	112	13.0654953187	31.7853057816	31.3398613008	17.149
3946	0	2	1	430	26	10.1817553488	31.3855260995	31.0383975281	8.536
3946	0	2	2	1776	111	10.1817553488	31.7039464763	31.3568179048	8.22
3947	0	2	1	798	49	27.7855396474	32.5732806	31.6259827762	15.307
3947	0	2	2	2134	133	27.7855396474	31.83631285	30.8890150262	7.26
3948	0	2	1	490	30	12.9416413273	31.2244974859	30.7832755833	14.882
3948	0	2	2	1834	114	12.9416413273	31.0262499548	30.5850280523	12.756
3950	0	2	1	571	35	13.9539231036	26.4594409028	25.9837070802	10.708
3950	0	2	2	1921	120	13.9539231036	28.954016606	28.4782827833	9.291
3951	0	2	1	1012	63	13.5958116884	30.0741208559	29.6105961956	21.275
3951	0	2	2	2357	147	13.5958116884	34.9163634359	34.4528387756	19.008
3952	0	2	1	477	29	9.78371404306	30.6992140192	30.3656559476	13.968
3952	0	2	2	1825	114	9.78371404306	26.5951229922	26.2615649206	8.976
3953	0	2	1	249	15	21.5986621024	30.1188798446	29.3825124439	8.158
3953	0	2	2	1591	99	21.5986621024	29.4769644382	28.7405970375	11.905
3954	0	2	1	1265	79	8.7602168043	29.0861356041	28.7874718235	14.032
3954	0	2	2	2616	163	8.7602168043	30.5584778638	30.2598140833	12.945
3955	0	2	1	513	32	6.99985774173	30.6381727558	30.3995252402	9.307
3955	0	2	2	1866	116	6.99985774173	18.4726897254	18.2340422098	4.062
3956	0	2	1	298	18	11.0561924514	25.3666910436	24.9897501174	4.882
3956	0	2	2	1638	102	11.0561924514	25.1607767	24.7838357738	12.252
3957	0	2	1	459	28	11.0441458227	31.6707084197	31.2941782016	9.307
3957	0	2	2	1805	112	11.0441458227	31.7888809604	31.4123507423	9.433
3958	0	2	1	193	12	18.6679209019	32.9567212182	32.320272149	10.189
3958	0	2	2	1537	96	18.6679209019	34.085920668	33.4494715988	13.213
3959	0	2	1	797	49	24.8531328973	33.3017963202	32.4544736117	10.535
3959	0	2	2	2135	133	24.8531328973	32.7622206354	31.914897927	7.323
3959	1	2	1	798	49	24.8531328973	34.1713526189	33.3240299105	7.496
3959	1	2	2	2134	133	24.8531328973	32.2952139871	31.4478912786	12.85
3960	0	2	1	598	37	8.67427746619	25.3597288862	25.0639950523	8.771
3960	0	2	2	1948	121	8.67427746619	25.7817273098	25.4859934759	9.402
3961	0	2	1	305	19	20.9613536025	30.0943383395	29.3796988218	5.023
3961	0	2	2	1649	103	20.9613536025	29.5148258005	28.8001862829	15.717
3962	0	2	1	1001	62	15.6521366741	24.1762217529	23.6425904038	13.213
3962	0	2	2	2345	146	15.6521366741	20.6445936621	20.1109623129	14.157
3963	0	2	1	902	56	19.6302637111	32.8342843691	32.1650259587	16.315
3963	0	2	2	2242	140	19.6302637111	33.4095352534	32.740276843	9.134
3963	1	2	1	915	57	19.6302637111	22.3658409156	21.6965825052	5.843
3963	1	2	2	2244	140	19.6302637111	34.4009086855	33.7316502752	9.779
3964	0	2	1	443	27	13.0672814312	29.9687006872	29.5231953121	9.748
3964	0	2	2	1788	111	13.0672814312	31.2451909409	30.7996855658	13.433
3965	0	2	1	1227	76	10.7756456465	21.0862192734	20.7188430842	16.283
3965	0	2	2	2579	161	10.7756456465	22.4035510753	22.0361748861	17.748
3966	0	2	1	485	30	9.42920874381	27.5879099003	27.2664380471	19.402
3966	0	2	2	1830	114	9.42920874381	28.5501253218	28.2286534686	6.567
3967	0	2	1	296	18	20.3557534935	30.8093407343	30.1153480593	9.685
3967	0	2	2	1639	102	20.3557534935	30.093488013	29.3994953379	7.527
3968	0	2	1	1100	68	11.8685944005	35.0288406934	34.6242023891	5.591
3968	0	2	2	2449	153	11.8685944005	30.5290882038	30.1244498995	5.37
3969	0	2	1	430	26	9.42473144183	33.7759806042	33.4546613965	17.04
3969	0	2	2	1777	111	9.42473144183	31.8444445131	31.5231253054	4.094
3970	0	2	1	491	30	16.4770211786	27.7297590108	27.1680047133	17.212
3970	0	2	2	1838	114	16.4770211786	28.8926573403	28.3309030427	11.149
3971	0	2	1	110	6	21.3631675803	34.260324666	33.531986026	12.96
3971	0	2	2	1451	90	21.3631675803	30.5228374051	29.7944987651	13.275
3972	0	2	1	194	12	16.682074222	34.9814783231	34.4127331122	6.409
3972	0	2	2	1539	96	16.682074222	26.358942583	25.7901973721	17.465
3973	0	2	1	470	29	9.83173789473	26.6062613126	26.2710659545	10.709
3973	0	2	2	1816	113	9.83173789473	28.9345081997	28.5993128416	4.756
3974	0	2	1	903	56	12.723932376	37.0581225656	36.6243230568	12.157
3974	0	2	2	2246	140	12.723932376	37.4735094926	37.0397099838	10.536
3975	0	2	1	164	10	21.5773022741	30.0851896545	29.3495504786	5.496
3975	0	2	2	1508	94	21.5773022741	29.3740374223	28.6383982464	19.779
3976	0	2	1	899	56	12.3429301521	36.873150501	36.4523405753	8
3976	0	2	2	2241	140	12.3429301521	36.7426823591	36.3218724335	8.677
3977	0	2	1	969	60	16.0451353118	28.1322860506	27.5852561222	13.401
3977	0	2	2	2313	144	16.0451353118	27.8151676773	27.2681377489	13.905
3978	0	2	1	249	15	16.2310562121	28.051549933	27.4981813671	12.189
3978	0	2	2	1592	99	16.2310562121	28.4104939955	27.8571254296	4.74
3978	1	2	1	247	15	16.2310562121	31.1540615136	30.6006929477	9.559
3978	1	2	2	1593	99	16.2310562121	28.9103511614	28.3569825954	6.378
3979	0	2	1	1000	62	21.2305952429	30.1277076201	29.4038887947	9.055
3979	0	2	2	2346	146	21.2305952429	32.840024647	32.1162058216	9.874
3980	0	2	1	1079	67	18.8655746518	25.4211852552	24.7779975382	9.717
3980	0	2	2	2425	151	18.8655746518	25.5430247879	24.8998370708	12.803
3981	0	2	1	411	25	14.5905139808	31.3155634879	30.8181262483	7.433
3981	0	2	2	1756	109	14.5905139808	32.5590636957	32.0616264561	6
3982	0	2	1	280	17	14.6160664004	32.9604053337	32.4620969305	16.504
3982	0	2	2	1625	101	14.6160664004	34.1126061875	33.6142977843	21.039
3983	0	2	1	883	55	16.3712256356	35.3831724614	34.825025072	13.307
3983	0	2	2	2228	139	16.3712256356	34.6187872811	34.0606398917	7.843
3984	0	2	1	1065	66	16.1032257888	29.8613952664	29.3123848481	13.496
3984	0	2	2	2412	150	16.1032257888	29.0016504049	28.4526399865	14.41
3985	0	2	1	792	49	26.0374966435	35.4549741319	34.5672726792	16.158
3985	0	2	2	2133	133	26.0374966435	33.2400740314	32.3523725787	15.401
3986	0	2	1	1213	75	7.60598624827	29.7728093296	29.5134969566	14.315
3986	0	2	2	2562	160	7.60598624827	29.6333393562	29.3740269832	4.85
3987	0	2	1	457	28	7.61282205224	32.3217535331	32.0622081057	7.181
3987	0	2	2	1802	112	7.61282205224	32.1080334835	31.8484880561	6.347
3988	0	2	1	1055	65	14.9130702861	32.1213843929	31.6129501783	13.275
3988	0	2	2	2393	149	14.9130702861	34.3801841307	33.8717499161	10.126
3989	0	2	1	792	49	27.6070028014	36.2201022012	35.2788912689	7.969
3989	0	2	2	2132	133	27.6070028014	31.3850012141	30.4437902818	19.087
3990	0	2	1	474	29	9.37294490244	29.972313449	29.6527598099	14.425
3990	0	2	2	1821	113	9.37294490244	31.5690810763	31.2495274372	5.591
3991	0	2	1	452	28	12.7239192124	25.0238720344	24.5900729744	11.023
3991	0	2	2	1798	112	12.7239192124	28.4605372195	28.0267381595	4.756
3992	0	2	1	1060	66	10.6020735763	27.8741413388	27.512682776	12.063
3992	0	2	2	2407	150	10.6020735763	29.4034847048	29.0420261421	11.811
3993	0	2	1	841	52	21.0980856496	34.0807069283	33.3614057783	15.023
3993	0	2	2	2181	136	21.0980856496	29.5766523938	28.8573512438	6.252
3994	0	2	1	799	49	23.7581851758	33.0801598107	32.2701673685	7.653
3994	0	2	2	2134	133	23.7581851758	32.0587850758	31.2487926337	5.559
3996	0	2	1	1220	76	0.216763435465	28.9239436387	28.9165534806	11.008
3996	0	2	2	2572	160	0.216763435465	28.7350363211	28.727646163	13.654
3997	0	2	1	1012	63	16.3070973835	29.1678053973	28.6118443448	11.181
3997	0	2	2	2356	147	16.3070973835	30.9558337461	30.3998726936	12.803
3998	0	2	1	571	35	5.90603569653	28.8061886854	28.6048330582	10.032
3998	0	2	2	1921	120	5.90603569653	31.9627886646	31.7614330374	13.307
3999	0	2	1	454	28	10.6103339377	28.776001166	28.4142609811	22.897
3999	0	2	2	1800	112	10.6103339377	29.7255108364	29.3637706515	10.441
4000	0	2	1	275	17	20.5805493276	29.651358574	28.9497018907	8.645
4000	0	2	2	1619	101	20.5805493276	26.7255257258	26.0238690426	18.756
4001	0	2	1	429	26	7.38288040668	27.6913301684	27.4396241864	7.748
4001	0	2	2	1777	111	7.38288040668	28.1843329614	27.9326269794	9.654
4002	0	2	1	964	60	18.5954391435	30.7084493006	30.0744713661	14.472
4002	0	2	2	2309	144	18.5954391435	27.7528089275	27.118830993	11.181
4003	0	2	1	1048	65	13.8166584677	35.1265975355	34.6555435029	8.158
4003	0	2	2	2401	150	13.8166584677	31.4270456609	30.9559916283	20.189
4005	0	2	1	919	57	17.0606286824	26.8574566478	26.2758053058	15.779
4005	0	2	2	2261	141	17.0606286824	29.0775938314	28.4959424894	8.441
4006	0	2	1	1211	75	11.482486762	30.4023958038	30.0109211425	10.252
4006	0	2	2	2562	160	11.482486762	30.6036303881	30.2121557269	6.709
4007	0	2	1	806	50	22.054180835	31.7572182038	31.005320714	8.283
4007	0	2	2	2146	134	22.054180835	30.4551276001	29.7032301104	6.441
4008	0	2	1	1089	68	12.4958723802	31.2523234983	30.8262992835	6.535
4008	0	2	2	2436	152	12.4958723802	29.6379623202	29.2119381053	6.709
4009	0	2	1	528	33	10.6115790492	31.0357193229	30.6739366882	15.622
4009	0	2	2	1878	117	10.6115790492	29.0208830771	28.6591004424	6.725
4010	0	2	1	428	26	14.2667868902	26.688896793	26.2024964443	16.772
4010	0	2	2	1774	110	14.2667868902	27.6471453134	27.1607449646	11.874
4011	0	2	1	434	27	10.9955931815	28.2343522159	27.8594773124	7.181
4011	0	2	2	1782	111	10.9955931815	27.8143214986	27.4394465951	6.221
4012	0	2	1	254	15	14.3315618693	34.0039817069	33.5153729722	8.961
4012	0	2	2	1596	99	14.3315618693	29.3789702994	28.8903615647	14.472
4013	0	2	1	949	59	21.5307412394	30.4369900613	29.7029382999	17.559
4013	0	2	2	2291	143	21.5307412394	27.4981479288	26.7640961674	5.008
4014	0	2	1	348	21	11.0841177904	24.4139999814	24.0361069912	4.63
4014	0	2	2	1693	105	11.0841177904	29.8445260907	29.4666331005	9.748
4015	0	2	1	285	17	14.1218733673	26.3746372013	25.8931774176	12.189
4015	0	2	2	1628	101	14.1218733673	27.6757644297	27.194304646	6.378
4017	0	2	1	1001	62	14.3379537498	30.8981778281	30.4093511737	6.473
4017	0	2	2	2349	146	14.3379537498	31.5426023249	31.0537756706	6.284
4018	0	2	1	413	25	10.200803887	16.5346301658	16.1868521688	11.512
4018	0	2	2	1762	110	10.200803887	17.1658223393	16.8180443423	10.504
4019	0	2	1	262	16	15.1164701772	32.0951048511	31.5797360843	14
4019	0	2	2	1593	99	15.1164701772	30.8515203263	30.3361515595	12.126
4020	0	2	1	915	57	18.6886372794	30.3196689556	29.6825135989	15.748
4020	0	2	2	2257	141	18.6886372794	29.0212479818	28.3840926251	5.181
4021	0	2	1	308	19	17.4188531311	31.2337301261	30.6398657681	8.063
4021	0	2	2	1652	103	17.4188531311	33.9721732705	33.3783089125	12.063
4022	0	2	1	282	17	9.53031552846	34.0538134741	33.7288945676	15.464
4022	0	2	2	1625	101	9.53031552846	33.4759291783	33.1510102718	8.551
4023	0	2	1	227	14	16.1401410955	29.6177199124	29.0674509333	6.661
4023	0	2	2	1570	98	16.1401410955	28.5957392629	28.0454702838	11.134
4024	0	2	1	594	37	11.4370162165	25.1249872373	24.7350628122	11.307
4024	0	2	2	1944	121	11.4370162165	26.2934096713	25.9034852462	5.843
4025	0	2	1	932	58	19.8380404961	31.0506127405	30.3742705557	11.622
4025	0	2	2	2274	142	19.8380404961	29.6352826538	28.958940469	6.929
4026	0	2	1	1003	62	11.281252175	29.035075103	28.6504611717	12.315
4026	0	2	2	2349	146	11.281252175	29.5907485414	29.2061346101	13.591
4027	0	2	1	803	50	26.2519446894	23.0022508201	22.1072381483	10.677
4027	0	2	2	2145	134	26.2519446894	33.2519673845	32.3569547128	13.496
4028	0	2	1	1258	78	7.63526261156	29.583256629	29.3229461312	6.378
4028	0	2	2	2609	163	7.63526261156	29.9014574933	29.6411469955	17.307
4029	0	2	1	439	27	10.3290545188	31.9532953237	31.6011448529	9.685
4029	0	2	2	1787	111	10.3290545188	30.1434076907	29.7912572199	9.149
4030	0	2	1	486	30	15.3518625478	30.3339572628	29.810563218	14.866
4030	0	2	2	1831	114	15.3518625478	31.1045282117	30.5811341669	11.716
4031	0	2	1	1250	78	9.11140838553	27.4016961733	27.0910591496	5.779
4031	0	2	2	2599	162	9.11140838553	28.9645669315	28.6539299079	13.968
4032	0	2	1	968	60	17.1059071417	29.9736391696	29.3904441403	6.441
4032	0	2	2	2312	144	17.1059071417	30.0268368915	29.4436418622	12.52
4033	0	2	1	910	56	17.4791276638	29.422042987	28.8261236776	18.96
4033	0	2	2	2251	140	17.4791276638	29.5536091103	28.9576898009	8.362
4034	0	2	1	490	30	9.7916010929	27.2822279114	26.9484009451	16.803
4034	0	2	2	1834	114	9.7916010929	28.5792151938	28.2453882275	14.74
4036	0	2	1	439	27	11.3303992717	29.1776889876	28.7913994748	11.748
4036	0	2	2	1785	111	11.3303992717	28.3618422431	27.9755527303	4.961
4037	0	2	1	141	8	22.447191602	30.8559693445	30.090672862	15.937
4037	0	2	2	1481	92	22.447191602	31.4637230877	30.6984266052	19.339
4038	0	2	1	152	9	20.8689759942	27.433038232	26.7215481621	8.063
4038	0	2	2	1495	93	20.8689759942	26.977902699	26.2664126292	17.969
4039	0	2	1	822	51	25.6503795841	30.882098602	30.0075952068	15.685
4039	0	2	2	2165	135	25.6503795841	31.2353600633	30.3608566681	15.055
4039	1	2	1	820	51	25.6503795841	29.9719901858	29.0974867906	8.158
4039	1	2	2	2166	135	25.6503795841	35.6102148027	34.7357114075	6.315
4040	0	2	1	440	27	10.5132513223	30.4541396619	30.0957093335	9.465
4040	0	2	2	1785	111	10.5132513223	32.885094921	32.5266645926	4.772
4041	0	2	1	570	35	6.52201439612	27.7333762207	27.5110199115	14.378
4041	0	2	2	1918	119	6.52201439612	28.6622177099	28.4398614007	13.968
4042	0	2	1	488	30	11.0957766731	30.3865788868	30.008288408	16
4042	0	2	2	1832	114	11.0957766731	32.3154919875	31.9372015088	11.228
4043	0	2	1	261	16	19.5226123252	28.0535623096	27.387974079	15.496
4043	0	2	2	1605	100	19.5226123252	27.8841211241	27.2185328935	16.157
4044	0	2	1	430	26	14.8128984484	32.7319701557	32.2269511191	16.708
4044	0	2	2	1765	110	14.8128984484	22.0385011329	21.5334820963	6
4045	0	2	1	478	29	10.3703054524	29.5847009752	29.2311441283	14.221
4045	0	2	2	1825	114	10.3703054524	26.7300257252	26.3764688783	11.969
4046	0	2	1	530	33	11.4236499596	29.6986148645	29.3091461378	8.441
4046	0	2	2	1879	117	11.4236499596	26.9675755876	26.5781068609	5.291
4047	0	2	1	272	17	8.74865386892	34.3334362438	34.0351666807	7.937
4047	0	2	2	1614	100	8.74865386892	34.9320968856	34.6338273225	7.244
4048	0	2	1	305	19	15.9725011552	29.3379869868	28.7934333889	13.04
4048	0	2	2	1650	103	15.9725011552	28.6087933191	28.0642397211	20.284
4049	0	2	1	1056	66	15.3219900766	31.1561154923	30.6337398954	10.929
4049	0	2	2	2403	150	15.3219900766	32.5382892538	32.015913657	15.496
4050	0	2	1	807	50	24.7419541564	33.3690381286	32.5255058587	8.756
4050	0	2	2	2150	134	24.7419541564	33.3984443848	32.5549121148	13.275
4052	0	2	1	467	29	13.8265298065	43.0878695537	42.6164789756	5.591
4052	0	2	2	1812	113	13.8265298065	32.9078529919	32.4364624138	5.464
4053	0	2	1	1107	69	14.3876880599	31.0233968555	30.5328745996	7.811
4053	0	2	2	2454	153	14.3876880599	34.5359722486	34.0454499927	9.292
4054	0	2	1	794	49	25.3854749087	35.3162116834	34.450739735	11.04
4054	0	2	2	2134	133	25.3854749087	30.4609522436	29.5954802952	20.095
4055	0	2	1	1213	75	8.35117545135	25.6797873408	25.395069087	15.401
4055	0	2	2	2562	160	8.35117545135	31.0138709675	30.7291527136	8.441
4056	0	2	1	548	34	10.5766114257	30.6695917607	30.309001284	16.126
4056	0	2	2	1895	118	10.5766114257	28.7051386791	28.3445482024	12.693
4057	0	2	1	1079	67	10.2263736484	26.7779442453	26.4292944935	7.937
4057	0	2	2	2425	151	10.2263736484	28.8520149386	28.5033651868	12.771
4058	0	2	1	888	55	18.8281588421	37.0136603984	36.3717483058	19.244
4058	0	2	2	2230	139	18.8281588421	37.3623472015	36.7204351089	5.559
4059	0	2	1	485	30	12.1692163423	27.727980522	27.3130930551	13.496
4059	0	2	2	1830	114	12.1692163423	26.0372222857	25.6223348189	5.811
4060	0	2	1	449	28	11.9357266883	22.427008038	22.0200809795	28.85
4060	0	2	2	1796	112	11.9357266883	24.9146297187	24.5077026602	7.559
4061	0	2	1	1071	66	13.3962098248	33.5320696758	33.0753500808	4.378
4061	0	2	2	2418	151	13.3962098248	28.938921547	28.482201952	9.402
4062	0	2	1	577	36	11.6090258492	27.2721357028	26.8763469198	8.126
4062	0	2	2	1918	119	11.6090258492	26.2499609253	25.8541721423	13.511
4063	0	2	1	456	28	10.9665600271	29.6414513783	29.2675663078	5.842
4063	0	2	2	1801	112	10.9665600271	29.6192954724	29.2454104019	12.221
4064	0	2	1	1258	78	8.05470283712	30.2320490987	29.9574385435	8.599
4064	0	2	2	2603	162	8.05470283712	31.6241533644	31.3495428092	15.212
4065	0	2	1	1217	76	12.3570793203	27.9617808264	27.5404885104	14.063
4065	0	2	2	2566	160	12.3570793203	28.2228213432	27.8015290273	13.401
4066	0	2	1	257	16	16.9737987562	31.8457658653	31.2670748329	8
4066	0	2	2	1598	99	16.9737987562	31.6885434693	31.1098524369	8.126
4067	0	2	1	478	29	8.98792397219	27.2675302363	26.9611031909	14.189
4067	0	2	2	1827	114	8.98792397219	25.8924724463	25.5860454009	5.354
4068	0	2	1	1253	78	8.2725221876	27.3007896893	27.0187529765	5.717
4068	0	2	2	2603	162	8.2725221876	30.8338374051	30.5518006923	12.456
4069	0	2	1	968	60	14.2965856172	27.2101744322	26.7227581497	16.756
4069	0	2	2	2312	144	14.2965856172	27.485986631	26.9985703484	13.464
4070	0	2	1	997	62	16.9662779001	29.0613667099	28.4829320875	13.716
4070	0	2	2	2342	146	16.9662779001	28.3579191436	27.7794845213	8.677
4071	0	2	1	315	19	15.6667313971	28.8105739703	28.2764450404	12.157
4071	0	2	2	1660	103	15.6667313971	29.5737308191	29.0396018892	14.992
4072	0	2	1	997	62	15.9325168324	27.252089266	26.7088988614	11.59
4072	0	2	2	2341	146	15.9325168324	29.3010450751	28.7578546705	16.221
4073	0	2	1	430	26	8.16435291385	29.9052669021	29.6269180254	27.685
4073	0	2	2	1777	111	8.16435291385	29.0202103604	28.7418614837	10.851
4074	0	2	1	422	26	10.6848402233	29.7759491059	29.4116687637	16.96
4074	0	2	2	1768	110	10.6848402233	29.9314983531	29.5672180108	17.165
4075	0	2	1	470	29	9.65519082217	23.7864300116	23.4572537072	10.315
4075	0	2	2	1816	113	9.65519082217	24.6605565671	24.3313802628	9.118
4076	0	2	1	816	51	19.6362659491	32.6480393261	31.9785762803	12.346
4076	0	2	2	2158	134	19.6362659491	35.577390412	34.9079273662	12.252
4077	0	2	1	506	31	13.7594129137	28.9109867482	28.4418843994	11.937
4077	0	2	2	1857	116	13.7594129137	25.7749870849	25.3058847361	15.811
4078	0	2	1	521	32	8.36035668816	25.4674055655	25.1823742939	6.126
4078	0	2	2	1869	116	8.36035668816	26.4887102178	26.2036789463	8.599
4079	0	2	1	1229	76	13.603312206	28.6304972002	28.1667168234	14.284
4079	0	2	2	2579	161	13.603312206	29.2480487249	28.784268348	9.008
4080	0	2	1	484	30	9.67594891939	29.5256632084	29.1957791942	18.441
4080	0	2	2	1829	114	9.67594891939	28.9262079187	28.5963239046	12.41
4081	0	2	1	732	45	22.2416521789	30.1785463519	29.420257365	5.213
4081	0	2	2	2072	129	22.2416521789	32.4346196044	31.6763306176	7.748
4082	0	2	1	72	4	23.9253221497	30.6040079588	29.7883172832	12.504
4082	0	2	2	1413	88	23.9253221497	32.3415375654	31.5258468898	11.087
4083	0	2	1	1230	76	10.1805704601	28.4492896406	28.1022014658	11.937
4083	0	2	2	2579	161	10.1805704601	28.926495762	28.5794075872	7.086
4084	0	2	1	261	16	15.7715972811	28.6725153483	28.1348112053	20.472
4084	0	2	2	1606	100	15.7715972811	29.4145429442	28.8768388013	17.401
4086	0	2	1	478	29	10.3981392469	29.5522387866	29.1977329967	13.905
4086	0	2	2	1827	114	10.3981392469	27.7452850632	27.3907792733	10.536
4087	0	2	1	429	26	8.72503290647	28.6735079143	28.3760436653	15.355
4087	0	2	2	1776	111	8.72503290647	27.6755100223	27.3780457733	14.725
4088	0	2	1	179	11	18.60243491	28.2412552599	27.6070388174	4.315
4088	0	2	2	1521	95	18.60243491	30.3081266555	29.673910213	7.528
4089	0	2	1	459	28	10.6412166591	30.7864265093	30.4236334338	5.323
4089	0	2	2	1805	112	10.6412166591	30.0081258284	29.6453327528	7.874
4090	0	2	1	443	27	11.4519986052	25.9282510564	25.5378158338	5.402
4090	0	2	2	1790	111	11.4519986052	24.6960698012	24.3056345786	5.149
4091	0	2	1	1076	67	16.8223639622	27.2188007522	26.6452726158	8.599
4091	0	2	2	2420	151	16.8223639622	26.270457839	25.6969297025	11.937
4092	0	2	1	833	52	23.8074904202	32.1707246109	31.3590511954	6
4092	0	2	2	2175	135	23.8074904202	29.7324135539	28.9207401384	15.559
4093	0	2	1	809	50	25.07982943	29.7133879385	28.858336421	15.843
4093	0	2	2	2153	134	25.07982943	30.9807064008	30.1256548833	15.15
4093	1	2	1	810	50	25.07982943	30.0159621184	29.1609106009	15.275
4093	1	2	2	2152	134	25.07982943	30.9035903917	30.0485388742	17.338
4093	2	2	1	802	50	25.07982943	26.5253959506	25.6703444331	12.74
4093	2	2	2	2151	134	25.07982943	33.0749158445	32.2198643269	14.803
4094	0	2	1	903	56	23.4401030678	29.3112774691	28.5121294623	14.74
4094	0	2	2	2245	140	23.4401030678	32.7107984356	31.9116504289	10.756
4095	0	2	1	542	33	11.8123229	34.8128573417	34.4101375126	10.126
4095	0	2	2	1892	118	11.8123229	32.0399389675	31.6372191384	9.811
4096	0	2	1	487	30	9.7051313706	28.3096706118	27.9787916747	13.748
4096	0	2	2	1832	114	9.7051313706	29.3425960424	29.0117171052	13.15
4097	0	2	1	128	8	18.7805160683	26.8448219748	26.2045341766	9.717
4097	0	2	2	1467	91	18.7805160683	27.1534067637	26.5131189655	10.441
4098	0	2	1	414	25	11.6269440052	28.3595092168	27.9631095465	4.74
4098	0	2	2	1762	110	11.6269440052	28.091169672	27.6947700018	19.496
4099	0	2	1	587	36	9.22675818018	26.4538389951	26.1392693284	17.78
4099	0	2	2	1938	121	9.22675818018	27.7734681799	27.4588985132	5.433
4100	0	2	1	457	28	10.8154241482	30.942137008	30.5734046426	8.866
4100	0	2	2	1803	112	10.8154241482	29.3080559607	28.9393235952	11.307
4102	0	2	1	1211	75	10.6023332493	28.647657919	28.2861905031	9.843
4102	0	2	2	2561	160	10.6023332493	29.4969634765	29.1354960606	4.772
4103	0	2	1	1040	65	16.412980624	28.190470121	27.6308991706	15.905
4103	0	2	2	2394	149	16.412980624	29.9558989221	29.3963279717	19.78
4104	0	2	1	452	28	11.4735967115	30.8215230865	30.4303515155	12.756
4104	0	2	2	1798	112	11.4735967115	29.4880608219	29.0968892509	10.835
4105	0	2	1	968	60	15.9784071131	28.3960340683	27.8512791174	12.41
4105	0	2	2	2312	144	15.9784071131	29.1853865135	28.6406315626	7.716
4106	0	2	1	105	6	20.2875414316	33.048003127	32.3563360192	19.433
4106	0	2	2	1447	90	20.2875414316	34.7379338016	34.0462666937	13.937
4107	0	2	1	437	27	10.9583333333	29.2815666246	28.9079620285	6.031
4107	0	2	2	1783	111	10.9583333333	28.4329825424	28.0593779462	9.008
4108	0	2	1	1039	64	13.0604241324	27.8852154062	27.4399438184	10.456
4108	0	2	2	2385	149	13.0604241324	30.1944767842	29.7492051963	6.378
4109	0	2	1	487	30	6.25057517136	32.5632293314	32.3501272527	11.307
4109	0	2	2	1829	114	6.25057517136	32.3419366953	32.1288346166	8.347
4110	0	2	1	475	29	10.2355052521	34.540845139	34.1918840616	25.559
4110	0	2	2	1822	113	10.2355052521	32.3220691327	31.9731080553	9.968
4113	0	2	1	459	28	10.2642903117	27.9202195347	27.5702770826	14
4113	0	2	2	1805	112	10.2642903117	28.7751463501	28.425203898	14.441
4114	0	2	1	982	61	13.485009597	26.5055714691	26.0458244062	13.024
4114	0	2	2	2327	145	13.485009597	30.4678561695	30.0081091066	12.094
4115	0	2	1	561	35	9.58166469505	29.6333559317	29.306686368	8.346
4115	0	2	2	1910	119	9.58166469505	33.3996986639	33.0730291002	6.032
4116	0	2	1	1099	68	14.5867162855	30.0561622905	29.5588545264	6.693
4116	0	2	2	2447	152	14.5867162855	30.325744581	29.828436817	6.189
4117	0	2	1	1220	76	9.30009507498	30.9742535477	30.657183592	4.598
4117	0	2	2	2569	160	9.30009507498	31.4722125592	31.1551426034	7.874
4118	0	2	1	1265	79	9.02803152272	27.1651823442	26.8573879042	17.496
4118	0	2	2	2616	163	9.02803152272	28.1369691766	27.8291747367	14.914
4119	0	2	1	456	28	9.86300243791	32.2634714295	31.9272101632	7.717
4119	0	2	2	1802	112	9.86300243791	29.8826944201	29.5464331538	10.851
4120	0	2	1	1055	65	13.8006886442	27.1320934505	26.6615838802	9.591
4120	0	2	2	2392	149	13.8006886442	26.1998905975	25.7293810272	18.283
4121	0	2	1	902	56	21.9129389332	30.082171318	29.335089216	13.559
4121	0	2	2	2242	140	21.9129389332	32.4053860619	31.6583039599	7.181
4122	0	2	1	821	51	19.7781163595	26.957826183	26.2835270035	12.819
4122	0	2	2	2164	135	19.7781163595	31.3114390595	30.63713988	12.725
4123	0	2	1	1253	78	9.03175247862	28.7200991457	28.4121778465	8.866
4123	0	2	2	2601	162	9.03175247862	23.1065722575	22.7986509583	23.874
4124	0	2	1	510	31	8.01088326988	30.170469199	29.8973525928	8.945
4124	0	2	2	1860	116	8.01088326988	32.7724228382	32.4993062321	7.244
4125	0	2	1	470	29	13.7179453042	29.3918391794	28.9241505939	11.181
4125	0	2	2	1816	113	13.7179453042	31.8702365748	31.4025479893	10.866
4126	0	2	1	430	26	13.3556553914	31.3750888725	30.9197519077	14.992
4126	0	2	2	1775	110	13.3556553914	29.9209909152	29.4656539504	11.653
4127	0	2	1	517	32	10.9124214831	27.7646290726	27.3925897581	15.528
4127	0	2	2	1865	116	10.9124214831	29.9156857491	29.5436464346	10.914
4129	0	2	1	266	16	16.6157487315	35.0058802044	34.4393962413	11.685
4129	0	2	2	1610	100	16.6157487315	33.5260243119	32.9595403489	7.653
4130	0	2	1	262	16	15.8091387749	30.5587342262	30.0197501737	10.409
4130	0	2	2	1606	100	15.8091387749	31.3962553483	30.8572712958	9.653
4131	0	2	1	330	20	10.5812840055	29.8790662827	29.5183165028	18.535
4131	0	2	2	1675	104	10.5812840055	31.866811729	31.5060619491	14.74
4132	0	2	1	793	49	24.7872673286	32.6013773853	31.7563002446	10.189
4132	0	2	2	2133	133	24.7872673286	31.1898666588	30.3447895181	16.221
4133	0	2	1	422	26	14.445758401	32.697170877	32.2046688176	9.339
4133	0	2	2	1767	110	14.445758401	30.7320637507	30.2395616913	19.716
4134	0	2	1	430	26	9.46151913696	34.5745077762	34.2519343584	11.354
4134	0	2	2	1776	111	9.46151913696	33.6225385594	33.2999651416	6.347
4135	0	2	1	491	30	12.4250121921	28.4750327832	28.0514244186	12.803
4135	0	2	2	1835	114	12.4250121921	29.3308839899	28.9072756252	8.126
4136	0	2	1	430	26	12.7865869059	29.9082748668	29.4723392649	10.22
4136	0	2	2	1769	110	12.7865869059	28.8289117274	28.3929761255	15.433
4137	0	2	1	1244	77	8.17721851925	27.5652841984	27.2864966921	4.126
4137	0	2	2	2596	162	8.17721851925	25.5347055545	25.2559180482	17.811
4138	0	2	1	985	61	12.4609488563	24.8049392229	24.3801056626	11.937
4138	0	2	2	2331	145	12.4609488563	31.4041724337	30.9793388733	15.496
4139	0	2	1	526	32	9.94175407673	25.3479347984	25.0089886371	6.22
4139	0	2	2	1874	117	9.94175407673	28.2887081348	27.9497619735	9.37
4140	0	2	1	434	27	8.31581474515	27.9222025263	27.6386898318	6.221
4140	0	2	2	1783	111	8.31581474515	27.4540024068	27.1704897124	10.315
4141	0	2	1	1013	63	15.2330479224	29.9951516754	29.4758084008	9.969
4141	0	2	2	2357	147	15.2330479224	31.3313421802	30.8119989055	11.748
4142	0	2	1	1061	66	12.9312297897	31.4500280635	31.0091611236	6.063
4142	0	2	2	2406	150	12.9312297897	31.4861799994	31.0453130594	5.654
4143	0	2	1	489	30	13.5397402446	30.6403908037	30.1787777981	18.724
4143	0	2	2	1834	114	13.5397402446	29.6386676017	29.1770545961	15.212
4144	0	2	1	438	27	15.8717174682	30.4281339039	29.8870163438	8.315
4144	0	2	2	1785	111	15.8717174682	29.4295206293	28.8884030693	4.756
4145	0	2	1	460	28	15.0275059016	30.2267466002	29.7144109098	4.898
4145	0	2	2	1808	113	15.0275059016	31.813962157	31.3016264666	5.843
4147	0	2	1	488	30	13.2630769057	24.7045797499	24.2523990815	21.102
4147	0	2	2	1832	114	13.2630769057	30.8156577961	30.3634771277	9.401
4148	0	2	1	434	27	9.27761047821	30.8051887993	30.4888854153	5.307
4148	0	2	2	1781	111	9.27761047821	29.9061874999	29.5898841159	8.945
4149	0	2	1	306	19	15.799716998	25.4961531681	24.9574903342	12.221
4149	0	2	2	1649	103	15.799716998	25.058511386	24.5198485521	4.441
4150	0	2	1	529	33	11.7798595716	26.7710577732	26.3694447227	16.157
4150	0	2	2	1876	117	11.7798595716	27.601302426	27.1996893755	5.465
4151	0	2	1	413	25	14.0094199993	32.6511508103	32.1735249212	5.748
4151	0	2	2	1760	110	14.0094199993	31.8859626397	31.4083367506	11.338
4152	0	2	1	414	25	9.98615118685	27.7557171072	27.4152573066	4.394
4152	0	2	2	1762	110	9.98615118685	28.8534469896	28.512987189	12.189
4153	0	2	1	315	19	14.7257133602	26.4161156556	25.9140690371	8.094
4153	0	2	2	1660	103	14.7257133602	29.0423093349	28.5402627165	6.598
4154	0	2	1	520	32	11.5366451251	28.6257650136	28.2324439207	8.897
4154	0	2	2	1867	116	11.5366451251	27.6706875084	27.2773664155	8.032
4155	0	2	1	171	10	19.1356359396	31.1512990416	30.4989040723	7.433
4155	0	2	2	1513	94	19.1356359396	33.1787801573	32.5263851881	14.63
4156	0	2	1	491	30	8.53188479909	28.2753264204	27.9844472074	17.685
4156	0	2	2	1837	114	8.53188479909	28.3071295174	28.0162503045	11.591
4157	0	2	1	529	33	12.551571428	30.3909436631	29.9630204898	15.811
4157	0	2	2	1879	117	12.551571428	29.6771127547	29.2491895813	12.158
4158	0	2	1	487	30	9.65957126879	28.3874556186	28.0581299709	15.59
4158	0	2	2	1832	114	9.65957126879	32.5883426956	32.2590170479	9.527
4159	0	2	1	487	30	12.5018409808	27.9698854974	27.5436577939	18.913
4159	0	2	2	1831	114	12.5018409808	29.8354810184	29.4092533149	11.465
4160	0	2	1	989	61	15.7055985543	27.9872190969	27.4517650614	11.402
4160	0	2	2	2335	145	15.7055985543	29.6240627867	29.0886087512	11.874
4161	0	2	1	434	27	12.0243181053	28.7828902574	28.3729428345	9.402
4161	0	2	2	1777	111	12.0243181053	28.5203336033	28.1103861803	10.032
4162	0	2	1	1213	75	10.3718119658	28.4320088497	28.0784006409	12.977
4162	0	2	2	2562	160	10.3718119658	29.008026283	28.6544180742	7.401
4163	0	2	1	1096	68	12.9049270466	28.6544780436	28.2145078482	18.646
4163	0	2	2	2444	152	12.9049270466	30.539718042	30.0997478466	10.519
4164	0	2	1	513	32	16.0640183472	29.0681157383	28.5204420269	8.913
4164	0	2	2	1860	116	16.0640183472	29.9167072292	29.3690335177	10.299
4165	0	2	1	1220	76	12.8314009807	37.0972149904	36.6597515335	7.213
4165	0	2	2	2572	160	12.8314009807	40.7911516398	40.3536881829	4.472
4166	0	2	1	485	30	9.1862552603	34.1156699173	33.8024811246	13.968
4166	0	2	2	1829	114	9.1862552603	30.6133359821	30.3001471894	9.59
4169	0	2	1	585	36	9.89353444987	4.0421172709	3.70481507079	12.22
4169	0	2	2	1931	120	9.89353444987	3.43332988022	3.0960276801	10.535
4170	0	2	1	485	30	12.0655144215	26.0955257041	25.6841737671	16.945
4170	0	2	2	1829	114	12.0655144215	28.0892024545	27.6778505175	17.338
4171	0	2	1	795	49	25.2963341463	32.7494065929	31.8869737378	16.599
4171	0	2	2	2135	133	25.2963341463	31.3663243826	30.5038915275	16.063
4172	0	2	1	233	14	17.516367073	29.7996981272	29.2025092074	11.78
4172	0	2	2	1576	98	17.516367073	31.0576514114	30.4604624915	12.346
4173	0	2	1	474	29	10.4239956248	30.31201227	29.9566249535	8.094
4173	0	2	2	1818	113	10.4239956248	31.5042528125	31.148865496	13.968
4174	0	2	1	790	49	23.9955825189	25.595464414	24.7773783379	13.843
4174	0	2	2	2134	133	23.9955825189	32.3828486187	31.5647625426	9.559
4175	0	2	1	311	19	10.3353662021	32.7677922707	32.4154266145	10.441
4175	0	2	2	1657	103	10.3353662021	26.1553027195	25.8029370633	6.425
4176	0	2	1	238	14	17.641877919	30.2515295154	29.6500615298	5.244
4176	0	2	2	1580	98	17.641877919	19.875794741	19.2743267554	20.914
4177	0	2	1	432	27	9.04538873958	30.2213750181	29.9129888152	8.598
4177	0	2	2	1779	111	9.04538873958	30.3397968318	30.0314106288	7.748
4178	0	2	1	592	37	9.87736302438	27.1639118338	26.8271609692	14.709
4178	0	2	2	1941	121	9.87736302438	26.7228825293	26.3861316647	7.465
4179	0	2	1	444	27	9.81208333333	30.8989332942	30.5644080229	12.031
4179	0	2	2	1791	111	9.81208333333	29.7526438485	29.4181185772	4.094
4180	0	2	1	459	28	10.0584628099	29.8691627019	29.526237567	10.725
4180	0	2	2	1805	112	10.0584628099	31.3501130009	31.007187866	8.85
4181	0	2	1	437	27	11.9163473009	31.0366661002	30.6303997469	9.008
4181	0	2	2	1783	111	11.9163473009	30.1626221121	29.7563557588	14.551
4182	0	2	1	327	20	11.2349390578	26.6437124343	26.2606774652	8.661
4182	0	2	2	1671	104	11.2349390578	12.8133202782	12.4302853091	9.937
4183	0	2	1	406	25	13.6690747858	33.2078165558	32.7417941225	14.551
4183	0	2	2	1746	109	13.6690747858	39.2095182203	38.743495787	10.252
4184	0	2	1	198	12	17.650869134	32.7169379095	32.1151633846	10.551
4184	0	2	2	1541	96	17.650869134	33.8822156982	33.2804411734	10.346
4185	0	2	1	978	61	16.286304903	28.9385404335	28.3832882632	10.032
4185	0	2	2	2324	145	16.286304903	34.7084789089	34.1532267386	6.693
4186	0	2	1	249	15	20.020919361	28.7800666487	28.0974895391	9.055
4186	0	2	2	1592	99	20.020919361	29.8915538135	29.2089767039	8.63
4187	0	2	1	414	25	7.95832261559	28.5536177707	28.2822931252	4.661
4187	0	2	2	1763	110	7.95832261559	30.7941877277	30.5228630822	19.496
4188	0	2	1	458	28	10.2038674633	34.6295333309	34.2816508868	8.535
4188	0	2	2	1805	112	10.2038674633	29.3009245195	28.9530420754	8.977
4189	0	2	1	1059	66	16.2350342889	29.1417336077	28.5882294164	11.433
4189	0	2	2	2404	150	16.2350342889	27.6567459934	27.1032418021	21.716
4190	0	2	1	890	55	17.2124360171	37.0179895166	36.4311625775	9.212
4190	0	2	2	2231	139	17.2124360171	37.7174861045	37.1306591654	7.15
4191	0	2	1	1040	65	14.591226155	27.9000833869	27.402621867	12.945
4191	0	2	2	2394	149	14.591226155	29.0845344541	28.5870729342	10.693
4192	0	2	1	557	34	9.28195482101	27.50939987	27.1929483735	18.283
4192	0	2	2	1909	119	9.28195482101	30.0603692948	29.7439177983	8.157
4193	0	2	1	811	50	24.577137812	32.5186659	31.6807527459	7.433
4193	0	2	2	2151	134	24.577137812	33.7781600371	32.940246883	14.126
4194	0	2	1	264	16	16.0318135421	29.8614474993	29.3148717526	4.992
4194	0	2	2	1608	100	16.0318135421	27.9007289713	27.3541532245	19.559
4195	0	2	1	488	30	11.0748995878	29.200436581	28.8228578688	7.496
4195	0	2	2	1831	114	11.0748995878	29.44752726	29.0699485478	8.788
4196	0	2	1	430	26	12.7804584725	29.5379207023	29.1021940383	13.181
4196	0	2	2	1776	111	12.7804584725	31.1151340026	30.6794073385	15.433
4197	0	2	1	486	30	9.58687930212	27.7162667515	27.3894194052	16.882
4197	0	2	2	1831	114	9.58687930212	30.7441751976	30.4173278512	8.473
4198	0	2	1	873	54	13.0872122509	31.2135393714	30.7673544909	14.283
4198	0	2	2	2215	138	13.0872122509	29.2445325705	28.7983476901	16.157
4199	0	2	1	583	36	8.95094702769	33.2804407391	32.9752743559	24.803
4199	0	2	2	1933	120	8.95094702769	27.5897199953	27.2845536121	21.275
4201	0	2	1	808	50	21.4460135979	34.1903314846	33.4591683591	10
4201	0	2	2	2149	134	21.4460135979	33.6591053375	32.927942212	12.378
4202	0	2	1	771	48	25.7341750071	28.2835184469	27.406158198	19.559
4202	0	2	2	2111	131	25.7341750071	31.3219338509	30.4445736019	13.544
4203	0	2	1	1030	64	13.1915178595	35.2035278477	34.7537868558	9.779
4203	0	2	2	2373	148	13.1915178595	39.8309675387	39.3812265468	8.693
4204	0	2	1	1226	76	8.55355118292	30.1991600453	29.9075421561	4.582
4204	0	2	2	2578	161	8.55355118292	29.5185612068	29.2269433176	8.819
4205	0	2	1	316	19	10.34775564	26.0782024883	25.7254144366	8.378
4205	0	2	2	1661	103	10.34775564	26.5819996772	26.2292116254	16.267
4206	0	2	1	793	49	26.8387700485	33.8600641484	32.9450447252	11.874
4206	0	2	2	2133	133	26.8387700485	31.9051058138	30.9900863907	23.244
4207	0	2	1	433	27	9.59624733313	32.5869633854	32.2597966529	7.968
4207	0	2	2	1781	111	9.59624733313	31.3913134112	31.0641466787	6.976
4208	0	2	1	1105	69	12.4771869595	31.8982762368	31.4728890677	7.559
4208	0	2	2	2454	153	12.4771869595	33.9710403619	33.5456531928	13.685
4209	0	2	1	438	27	14.6052218213	22.180441339	21.6825026621	4.582
4209	0	2	2	1771	110	14.6052218213	32.4775966903	31.9796580135	15.086
4210	0	2	1	919	57	21.1596212359	33.5472747277	32.8258756329	16.772
4210	0	2	2	2263	141	21.1596212359	34.018402683	33.2970035882	5.244
4211	0	2	1	486	30	6.25190533184	29.7513328951	29.5381854669	17.307
4211	0	2	2	1829	114	6.25190533184	31.5891505755	31.3760031473	12.315
4212	0	2	1	431	26	11.063995474	31.3438674117	30.9666604556	10.189
4212	0	2	2	1779	111	11.063995474	28.4739442529	28.0967372967	6.929
4213	0	2	1	257	16	18.06090517	37.8426006501	37.2268466867	21.118
4213	0	2	2	1598	99	18.06090517	33.7978297998	33.1820758364	9.528
4214	0	2	1	215	13	20.2158113345	30.311761894	29.6225402943	7.811
4214	0	2	2	1558	97	20.2158113345	29.8672577364	29.1780361367	14.394
4216	0	2	1	1210	75	12.0716527778	28.7928399122	28.381278699	14.96
4216	0	2	2	2561	160	12.0716527778	32.770202299	32.3586410858	5.937
4217	0	2	1	489	30	12.626888724	28.7817890899	28.3512981093	18.189
4217	0	2	2	1833	114	12.626888724	31.0264627224	30.5959717418	10.284
4218	0	2	1	330	20	17.338352407	31.0579883416	30.4668685105	15.339
4218	0	2	2	1674	104	17.338352407	29.6642443985	29.0731245673	6.567
4219	0	2	1	383	23	15.1348313652	27.0444488588	26.5284541004	6.126
4219	0	2	2	1728	108	15.1348313652	30.0185683281	29.5025735697	8.567
4220	0	2	1	272	17	14.6731398386	38.1366042748	37.6363500557	10.284
4220	0	2	2	1614	100	14.6731398386	36.7322724421	36.232018223	9.212
4221	0	2	1	811	50	19.9318109834	30.1999948249	29.5204557045	4.693
4221	0	2	2	2153	134	19.9318109834	30.9598475574	30.2803084371	13.811
4222	0	2	1	548	34	10.9979316905	31.2465877448	30.8716331141	12.74
4222	0	2	2	1894	118	10.9979316905	31.8925284392	31.5175738085	14.315
4223	0	2	1	439	27	11.4279495442	27.1573875932	26.7677722799	5.338
4223	0	2	2	1787	111	11.4279495442	27.3598588149	26.9702435017	10.283
4224	0	2	1	280	17	9.01756971345	31.8363473584	31.528909595	23.04
4224	0	2	2	1624	101	9.01756971345	32.6835143944	32.3760766309	7.26
4225	0	2	1	429	26	9.48014388723	26.8312849104	26.5080765154	16.63
4225	0	2	2	1774	110	9.48014388723	28.9882640977	28.6650557027	10.662
4226	0	2	1	998	62	14.431949423	29.7785032156	29.2864719484	5.622
4226	0	2	2	2343	146	14.431949423	32.2066486403	31.7146173731	9.212
4229	0	2	1	799	49	24.3806578385	30.0792782377	29.2480637137	11.103
4229	0	2	2	2135	133	24.3806578385	32.0011355453	31.1699210213	13.685
4230	0	2	1	440	27	8.51847092424	26.4893515258	26.1989296347	7.465
4230	0	2	2	1787	111	8.51847092424	27.9004329314	27.6100110403	8.063
4231	0	2	1	1214	75	8.72773540183	31.8076801426	31.5101237569	6.85
4231	0	2	2	2565	160	8.72773540183	32.0457334624	31.7481770766	8.803
4232	0	2	1	422	26	11.3365108141	34.8229790056	34.4364811308	8.788
4232	0	2	2	1769	110	11.3365108141	32.3362599588	31.949762084	18.992
4233	0	2	1	471	29	8.8197455996	30.9584418131	30.6577485058	6.788
4233	0	2	2	1818	113	8.8197455996	32.0882371012	31.7875437938	10.614
4234	0	2	1	266	16	15.3904626157	26.9064644162	26.3817543718	13.905
4234	0	2	2	1609	100	15.3904626157	25.9525067808	25.4277967363	13.559
4235	0	2	1	224	14	19.2133249561	32.060309029	31.4052653929	6.85
4235	0	2	2	1566	97	19.2133249561	34.445643867	33.790600231	11.418
4236	0	2	1	917	57	22.2604864126	31.6573718394	30.8984407334	22.582
4236	0	2	2	2263	141	22.2604864126	32.8605186787	32.1015875726	4.614
4237	0	2	1	444	27	12.9347810268	31.1350596865	30.6940716735	6.141
4237	0	2	2	1791	111	12.9347810268	27.7519895846	27.3110015716	9.78
4238	0	2	1	555	34	6.17644530382	29.5086445343	29.2980697796	19.37
4238	0	2	2	1905	119	6.17644530382	28.0885193328	27.8779445781	10.284
4239	0	2	1	431	26	9.85232743917	31.6070215613	31.2711242398	12.536
4239	0	2	2	1779	111	9.85232743917	30.2073615952	29.8714642738	10
4240	0	2	1	796	49	22.8291870428	32.7868290794	32.0085091519	13.874
4240	0	2	2	2135	133	22.8291870428	31.6131514558	30.8348315283	13.149
4241	0	2	1	487	30	13.165837331	29.2326349064	28.7837694458	12.536
4241	0	2	2	1832	114	13.165837331	30.9061816851	30.4573162245	11.937
4242	0	2	1	998	62	19.9585153789	30.5373092715	29.856859713	15.165
4242	0	2	2	2343	146	19.9585153789	29.8359870775	29.155537519	9.37
4243	0	2	1	557	34	6.61803285452	28.4236735392	28.198043654	15.212
4243	0	2	2	1906	119	6.61803285452	29.8807014242	29.6550715389	4.441
4244	0	2	1	469	29	13.659913052	44.7524966071	44.2867865265	20.898
4244	0	2	2	1815	113	13.659913052	30.2117083871	29.7459983066	11.276
4245	0	2	1	208	13	15.0238910685	28.9138572637	28.4016448146	4.693
4245	0	2	2	1552	97	15.0238910685	30.6150854365	30.1028729873	11.307
4246	0	2	1	489	30	10.6861288558	25.9304391223	25.5661148465	21.15
4246	0	2	2	1834	114	10.6861288558	30.5662514716	30.2019271957	11.244
4247	0	2	1	516	32	4.86242462416	31.7605897999	31.5948142086	11.071
4247	0	2	2	1859	116	4.86242462416	34.1365855768	33.9708099855	5.937
4248	0	2	1	529	33	8.81144243082	27.5988960044	27.2984857786	14.897
4248	0	2	2	1879	117	8.81144243082	27.692333228	27.3919230022	5.307
4249	0	2	1	214	13	20.2121054437	32.4062368402	31.7171415861	9.59
4249	0	2	2	1558	97	20.2121054437	32.0497322979	31.3606370439	12.473
4250	0	2	1	794	49	23.4241336202	33.915429849	33.1168262917	13.559
4250	0	2	2	2134	133	23.4241336202	31.9744849669	31.1758814096	10.835
4251	0	2	1	452	28	9.60133084322	28.3802756595	28.052935614	25.748
4251	0	2	2	1798	112	9.60133084322	29.8792403649	29.5519003193	9.811
4252	0	2	1	1237	77	9.94498752623	30.4401320431	30.1010756433	6
4252	0	2	2	2583	161	9.94498752623	28.811632075	28.4725756751	12.095
4253	0	2	1	132	8	18.3013957692	34.8198889859	34.1959359295	13.622
4253	0	2	2	1475	92	18.3013957692	33.784397106	33.1604440497	22.599
4254	0	2	1	481	30	7.98768237622	27.2425714682	26.9702458547	20.725
4254	0	2	2	1825	114	7.98768237622	25.816642738	25.5443171244	9.039
4255	0	2	1	902	56	20.4717518322	28.8274710211	28.1295235921	17.055
4255	0	2	2	2245	140	20.4717518322	32.287523159	31.58957573	4.126
4256	0	2	1	443	27	12.7424260041	27.3355074653	26.9010774496	9.039
4256	0	2	2	1788	111	12.7424260041	28.3239570174	27.8895270018	12.22
4257	0	2	1	517	32	11.9813296538	25.8325893956	25.4241075863	9.842
4257	0	2	2	1864	116	11.9813296538	27.1753926921	26.7669108828	11.276
4258	0	2	1	796	49	26.201922848	34.072881721	33.1795744537	8.409
4258	0	2	2	2133	133	26.201922848	32.5841813767	31.6908741094	5.811
4259	0	2	1	486	30	13.4431372911	28.8206839356	28.3623644333	10.693
4259	0	2	2	1831	114	13.4431372911	27.6964333784	27.2381138762	10.63
4260	0	2	1	131	8	17.1515791655	33.6056742216	33.020922087	7.779
4260	0	2	2	1470	91	17.1515791655	33.7077593563	33.1230072218	10.929
4261	0	2	1	469	29	9.9818494952	42.6495661325	42.3092529903	16.441
4261	0	2	2	1814	113	9.9818494952	29.864644519	29.5243313768	13.449
4262	0	2	1	790	49	21.9494443467	30.2102267955	29.4619001073	6.441
4262	0	2	2	2132	133	21.9494443467	32.7642191331	32.0158924449	17.166
4263	0	2	1	1208	75	6.85175652296	36.567636815	36.3340385432	21.591
4263	0	2	2	2571	160	6.85175652296	29.9677509133	29.7341526414	4.583
4264	0	2	1	478	29	14.3048841646	31.0636259677	30.5759267611	9.905
4264	0	2	2	1827	114	14.3048841646	30.269804912	29.7821057055	9.78
4265	0	2	1	486	30	13.987064531	28.3922192466	27.9153555268	16.473
4265	0	2	2	1830	114	13.987064531	28.5767288378	28.0998651181	14.221
4266	0	2	1	530	33	12.589356094	28.8085639594	28.379352586	13.78
4266	0	2	2	1879	117	12.589356094	26.4365393962	26.0073280229	4.158
4267	0	2	1	1029	64	14.134958294	25.5281071674	25.0462012767	11.575
4267	0	2	2	2373	148	14.134958294	37.9064293964	37.4245235057	9.653
4268	0	2	1	805	50	24.8817419305	35.7908606278	34.942562546	6.693
4268	0	2	2	2146	134	24.8817419305	31.9805200911	31.1322220094	7.276
4269	0	2	1	820	51	25.4601374085	26.86330469	25.9952872584	13.905
4269	0	2	2	2164	135	25.4601374085	27.1452065515	26.2771891198	19.134
4270	0	2	1	429	26	11.8029185251	31.6980947895	31.2956955856	15.969
4270	0	2	2	1776	111	11.8029185251	31.987790054	31.5853908501	11.307
4271	0	2	1	539	33	13.6637387096	32.8582385992	32.3923980898	14.693
4271	0	2	2	1888	118	13.6637387096	30.2796000028	29.8137594933	10.945
4272	0	2	1	422	26	8.77395242718	31.2627982486	30.9636661768	6.646
4272	0	2	2	1768	110	8.77395242718	31.742835469	31.4437033972	11.843
4273	0	2	1	881	55	25.4657445202	31.3920015201	30.5237929241	9.26
4273	0	2	2	2224	139	25.4657445202	29.8334651438	28.9652565478	11.338
4274	0	2	1	580	36	8.22214502713	29.112737515	28.8324183206	11.339
4274	0	2	2	1928	120	8.22214502713	25.9772261751	25.6969069806	8.63
4275	0	2	1	163	10	25.1872628199	32.3801420073	31.5214277422	6.284
4275	0	2	2	1506	94	25.1872628199	31.8514998871	30.992785622	7.622
4276	0	2	1	1048	65	16.4356301129	36.3873749728	35.8270318289	8.094
4276	0	2	2	2400	150	16.4356301129	30.4473796982	29.8870365544	11.811
4277	0	2	1	349	21	12.5652253455	27.1899966679	26.7616079889	5.181
4277	0	2	2	1691	105	12.5652253455	28.1155149352	27.6871262562	10.882
4278	0	2	1	481	30	12.1364591285	25.4710593134	25.0572886447	27.575
4278	0	2	2	1827	114	12.1364591285	28.470035405	28.0562647362	6.693
4279	0	2	1	104	6	24.6028919546	32.481046009	31.6422548138	6.96
4279	0	2	2	1446	90	24.6028919546	29.2849282214	28.4461370262	18.677
4280	0	2	1	996	62	14.9600726189	30.6010564867	30.0910198123	6.708
4280	0	2	2	2341	146	14.9600726189	29.1451921361	28.6351554618	11.874
4281	0	2	1	1213	75	8.69559607116	28.5370274451	28.2405667918	11.748
4281	0	2	2	2564	160	8.69559607116	32.0065638899	31.7101032367	11.449
4282	0	2	1	983	61	17.2104679011	27.8021137097	27.21535387	16
4282	0	2	2	2331	145	17.2104679011	31.173060601	30.5863007612	10.189
4283	0	2	1	250	15	15.274622924	32.2510271177	31.7302664185	16
4283	0	2	2	1593	99	15.274622924	32.9890503512	32.4682896519	13.685
4284	0	2	1	796	49	26.9163499321	31.9916478204	31.0739834511	20.189
4284	0	2	2	2135	133	26.9163499321	30.3167256248	29.3990612554	20.504
4285	0	2	1	944	59	19.6371213281	29.7759333528	29.1064411444	4.898
4285	0	2	2	2288	143	19.6371213281	29.0017772808	28.3322850724	4.22
4286	0	2	1	737	46	18.7244376851	31.2636551425	30.6252792356	16.977
4286	0	2	2	2077	129	18.7244376851	32.4887192769	31.8503433699	9.275
4287	0	2	1	422	26	12.7670961756	30.0635094914	29.6282383908	14.882
4287	0	2	2	1769	110	12.7670961756	32.9738200305	32.5385489299	17.024
4288	0	2	1	979	61	19.92751901	29.1008914788	28.4214986855	10.677
4288	0	2	2	2324	145	19.92751901	32.2098458381	31.5304530449	11.811
4289	0	2	1	448	28	7.5478762148	32.6030251271	32.3456939108	5.937
4289	0	2	2	1796	112	7.5478762148	30.5507598605	30.2934286442	5.039
4290	0	2	1	174	10	17.0581772954	26.0756552	25.4940874337	5.134
4290	0	2	2	1524	95	17.0581772954	27.7275258928	27.1459581265	18.504
4291	0	2	1	1217	76	9.68257788945	29.3989748843	29.0688648674	15.15
4291	0	2	2	2565	160	9.68257788945	32.1536608312	31.8235508142	5.779
4292	0	2	1	1253	78	12.9062115828	27.1175834503	26.677569461	7.528
4292	0	2	2	2601	162	12.9062115828	29.4132768907	28.9732629014	15.528
4293	0	2	1	414	25	11.0661950923	27.8881503898	27.5108684416	4.252
4293	0	2	2	1763	110	11.0661950923	30.1680756446	29.7907936964	14.645
4294	0	2	1	510	31	6.34660932323	27.6504571608	27.434080971	14.961
4294	0	2	2	1860	116	6.34660932323	29.6281757093	29.4117995195	11.118
4295	0	2	1	259	16	19.7967632657	29.4165512879	28.7416163757	8.882
4295	0	2	2	1601	100	19.7967632657	31.8307579855	31.1558230733	8.252
4296	0	2	1	184	11	12.6992318867	29.9010593351	29.4681019449	14.756
4296	0	2	2	1527	95	12.6992318867	33.0767869165	32.6438295263	8.031
4297	0	2	1	951	59	18.9200314986	30.7947506217	30.1497062967	20.536
4297	0	2	2	2292	143	18.9200314986	31.6783287102	31.0332843852	5.465
4298	0	2	1	918	57	11.1318590345	32.1285486284	31.7490279866	13.212
4298	0	2	2	2262	141	11.1318590345	35.3783330367	34.998812395	7.717
4299	0	2	1	574	35	11.4144093743	24.3065957697	23.9174420841	13.968
4299	0	2	2	1923	120	11.4144093743	29.2959538225	28.9068001369	17.433
4300	0	2	1	430	26	12.3357899891	21.5687575071	21.1481910124	6.347
4300	0	2	2	1768	110	12.3357899891	29.9984566954	29.5778902007	16.771
4301	0	2	1	1236	77	11.8268469012	30.3325883938	29.9293733951	5.527
4301	0	2	2	2585	161	11.8268469012	29.7948732647	29.3916582661	8.567
4302	0	2	1	521	32	10.5720742682	27.3791508236	27.018715033	10.158
4302	0	2	2	1869	116	10.5720742682	26.5941356079	26.2336998173	8
4303	0	2	1	472	29	15.2540778691	34.3771283895	33.8570681369	8.284
4303	0	2	2	1829	114	15.2540778691	29.0996975215	28.5796372688	13.528
4304	0	2	1	84	5	20.5330714729	32.1546423967	31.4546043852	28.031
4304	0	2	2	1431	89	20.5330714729	31.584932588	30.8848945765	20.063
4305	0	2	1	1101	68	9.69749036703	28.3188311797	27.9882127488	17.654
4305	0	2	2	2450	153	9.69749036703	29.2072119135	28.8765934826	13.229
4306	0	2	1	198	12	22.0936884418	35.1135260524	34.3602816221	4.866
4306	0	2	2	1540	96	22.0936884418	35.9473733544	35.1941289242	9.653
4307	0	2	1	564	35	10.233519836	32.2024663241	31.8535729359	13.323
4307	0	2	2	1912	119	10.233519836	30.2456318807	29.8967384925	4.945
4308	0	2	1	936	58	15.5673382267	31.5015897427	30.9708494436	12.725
4308	0	2	2	2277	142	15.5673382267	31.7068535736	31.1761132744	13.654
4310	0	2	1	917	57	15.3751022223	29.3547843024	28.8305979428	23.464
4310	0	2	2	2261	141	15.3751022223	30.0445013861	29.5203150265	5.685
4310	1	2	1	916	57	15.3751022223	31.0606877992	30.5365014397	15.401
4310	1	2	2	2258	141	15.3751022223	31.4192602315	30.8950738719	11.591
4311	0	2	1	1218	76	10.3404827586	28.7501846398	28.3976445438	10.126
4311	0	2	2	2566	160	10.3404827586	30.4592972465	30.1067571505	6.582
4312	0	2	1	1032	64	15.7902653097	34.5312349132	33.9928943175	6.835
4312	0	2	2	2377	148	15.7902653097	28.3218345862	27.7834939905	8.41
4313	0	2	1	1229	76	12.7356710704	29.2787721941	28.8445724757	11.275
4313	0	2	2	2579	161	12.7356710704	31.7009785958	31.2667788774	13.307
4314	0	2	1	819	51	24.3052875886	28.8299549764	28.001310065	11.338
4314	0	2	2	2161	135	24.3052875886	29.8134122437	28.9847673322	17.465
4315	0	2	1	1001	62	17.1933556862	39.946195206	39.3600187764	12.756
4315	0	2	2	2346	146	17.1933556862	43.4234724917	42.837296062	14.032
4316	0	2	1	881	55	26.3832745848	33.1807822967	32.2812921692	14.771
4316	0	2	2	2224	139	26.3832745848	31.8951550643	30.9956649368	12.236
4317	0	2	1	806	50	25.3380405311	34.6883527113	33.8244979523	13.748
4317	0	2	2	2148	134	25.3380405311	31.4337761301	30.5699213711	11.26
4318	0	2	1	442	27	8.55774454405	28.7304095763	28.438648722	4.693
4318	0	2	2	1788	111	8.55774454405	26.7058146875	26.4140538332	13.024
4320	0	2	1	919	57	15.578298455	34.5513726075	34.0202586391	17.843
4320	0	2	2	2263	141	15.578298455	36.1750363648	35.6439223964	11.181
4321	0	2	1	414	25	12.3333854668	32.8171719259	32.396687409	4.315
4321	0	2	2	1760	110	12.3333854668	31.9583426704	31.5378581536	18.63
4322	0	2	1	1091	68	12.4606021203	31.5015310739	31.0767093349	5.276
4322	0	2	2	2438	152	12.4606021203	33.690056024	33.265234285	9.228
4323	0	2	1	478	29	12.0472239792	29.3861743661	28.9754460087	18.614
4323	0	2	2	1825	114	12.0472239792	29.8489121849	29.4381838275	9.968
4324	0	2	1	564	35	10.7287931083	34.7760415449	34.4102627084	16.378
4324	0	2	2	1912	119	10.7287931083	35.1226066156	34.7568277791	8.771
4325	0	2	1	1217	76	9.74531051798	30.0144934714	29.6822446987	15.323
4325	0	2	2	2566	160	9.74531051798	29.7705163192	29.4382675465	9.118
4326	0	2	1	553	34	8.91110100549	30.9731445892	30.6693366842	14.504
4326	0	2	2	1901	118	8.91110100549	27.3844345742	27.0806266692	8.945
4327	0	2	1	1230	76	6.99194063818	24.2876555233	24.0492779271	22.473
4327	0	2	2	2583	161	6.99194063818	26.0741368396	25.8357592434	4.063
4328	0	2	1	958	59	12.1751366415	27.4132173287	26.9981280199	7.275
4328	0	2	2	2301	143	12.1751366415	26.3163786844	25.9012893756	11.622
4329	0	2	1	432	27	9.42576471895	28.6248490019	28.3034945664	4.913
4329	0	2	2	1779	111	9.42576471895	26.2729754987	25.9516210633	9.528
4330	0	2	1	457	28	8.88403166927	31.3548156878	31.0519306629	7.181
4330	0	2	2	1802	112	8.88403166927	29.6312723667	29.3283873419	13.622
4331	0	2	1	975	60	11.7619636188	28.174308464	27.7733055437	11.685
4331	0	2	2	2319	144	11.7619636188	30.6974070139	30.2964040936	10.441
4332	0	2	1	796	49	24.5563639802	33.7832829069	32.9460779991	8.63
4332	0	2	2	2135	133	24.5563639802	30.1580470348	29.3208421269	21.559
4332	1	2	1	795	49	24.5563639802	34.4694664352	33.6322615274	11.59
4332	1	2	2	2132	133	24.5563639802	43.2542097191	42.4170048112	5.779
4333	0	2	1	313	19	13.8360469838	28.4198273536	27.9481123046	8.961
4333	0	2	2	1657	103	13.8360469838	29.9116149769	29.4398999279	11.338
4334	0	2	1	1213	75	13.1906298223	28.3484360817	27.8987253658	7.338
4334	0	2	2	2562	160	13.1906298223	28.253255876	27.8035451602	6.662
4335	0	2	1	1004	62	16.372049499	32.6813749696	32.123199492	9.338
4335	0	2	2	2351	146	16.372049499	33.03616771	32.4779922325	11.149
4336	0	2	1	485	30	15.0068883549	30.1257111141	29.6140783418	5.937
4336	0	2	2	1835	114	15.0068883549	32.1733628379	31.6617300655	12.095
4337	0	2	1	282	17	16.429097459	29.1931269536	28.6330065288	14.708
4337	0	2	2	1626	101	16.429097459	28.5679021583	28.0077817335	11.339
4338	0	2	1	561	35	13.6478671815	29.4669532292	29.0016538308	10.677
4338	0	2	2	1912	119	13.6478671815	34.646520179	34.1812207806	9.37
4339	0	2	1	257	16	17.0943209941	31.9435346632	31.3607346427	13.401
4339	0	2	2	1598	99	17.0943209941	30.5421952793	29.9593952587	4.74
4340	0	2	1	211	13	14.8181347765	30.540010385	30.0348128252	6.126
4340	0	2	2	1539	96	14.8181347765	24.1701840324	23.6649864727	6.961
4341	0	2	1	1090	68	18.084315043	32.038180318	31.4216282372	10.095
4341	0	2	2	2437	152	18.084315043	29.5620916826	28.9455396018	4.252
4342	0	2	1	510	31	8.3372185312	26.7448050724	26.4605626546	12.252
4342	0	2	2	1859	116	8.3372185312	29.1633480102	28.8791055923	16.315
4343	0	2	1	1034	64	14.8474014225	23.9901066187	23.4839112654	8.724
4343	0	2	2	2378	148	14.8474014225	28.6898987273	28.183703374	13.197
4344	0	2	1	240	15	16.9676061776	32.7338462773	32.1553663697	4.22
4344	0	2	2	1582	98	16.9676061776	31.8305260583	31.2520461507	10.709
4345	0	2	1	485	30	12.2166781179	30.8971857783	30.4806801879	10.977
4345	0	2	2	1829	114	12.2166781179	29.4424927524	29.025987162	4.504
4346	0	2	1	811	50	25.1374581976	32.7314447542	31.8744284879	7.181
4346	0	2	2	2154	134	25.1374581976	32.897854374	32.0408381076	9.811
4347	0	2	1	489	30	9.18653681239	28.3013260536	27.9881276619	14.819
4347	0	2	2	1832	114	9.18653681239	31.2398363122	30.9266379205	4.221
4348	0	2	1	807	50	25.0623565325	33.8830039194	33.0285481088	11.937
4348	0	2	2	2149	134	25.0623565325	34.5608133735	33.7063575629	10.346
4349	0	2	1	964	60	20.8885104128	29.0866956412	28.3745395806	14.85
4349	0	2	2	2309	144	20.8885104128	29.0034838695	28.2913278089	17.843
4351	0	2	1	1229	76	11.1162781027	29.5609750664	29.1819856284	5.008
4351	0	2	2	2579	161	11.1162781027	28.580654936	28.201665498	12.095
4352	0	2	1	932	58	18.3996234937	30.3798658691	29.7525639158	7.748
4352	0	2	2	2274	142	18.3996234937	28.5077233469	27.8804213936	7.78
4353	0	2	1	1212	75	8.64536704752	30.5189832346	30.2242350492	7.575
4353	0	2	2	2561	160	8.64536704752	31.1573351109	30.8625869256	7.26
4355	0	2	1	487	30	11.4228376692	27.4473732105	27.0579321774	18.252
4355	0	2	2	1833	114	11.4228376692	29.5547004374	29.1652594043	7.622
4356	0	2	1	529	33	11.909534413	30.2204862507	29.8144521705	11.212
4356	0	2	2	1879	117	11.909534413	27.5459187508	27.1398846707	4.96
4357	0	2	1	269	16	12.2715273468	28.8861186985	28.4677431226	15.433
4357	0	2	2	1612	100	12.2715273468	30.6366716252	30.2182960493	8
4358	0	2	1	237	14	18.2586183577	30.4419623226	29.8194676849	7.969
4358	0	2	2	1579	98	18.2586183577	31.6189079713	30.9964133336	5.968
4359	0	2	1	1217	76	6.92459493671	30.5341656005	30.2980840344	9.779
4359	0	2	2	2566	160	6.92459493671	31.7888600351	31.552778469	6.472
4360	0	2	1	1222	76	9.67970395424	33.9451860417	33.6151740063	6.756
4360	0	2	2	2571	160	9.67970395424	31.3062791043	30.976267069	5.244
4361	0	2	1	806	50	24.5355716135	34.6781620703	33.8416660407	7.181
4361	0	2	2	2150	134	24.5355716135	33.8546798481	33.0181838185	5.512
4362	0	2	1	585	36	11.0881555881	26.2075599671	25.8295293155	13.023
4362	0	2	2	1936	121	11.0881555881	27.8335425332	27.4555118815	13.906
4363	0	2	1	443	27	8.17546253416	27.0736558111	26.794928172	4.472
4363	0	2	2	1788	111	8.17546253416	29.7791766246	29.5004489855	8
4364	0	2	1	433	27	7.57588715237	28.0641213667	27.805835168	15.071
4364	0	2	2	1780	111	7.57588715237	28.6275360425	28.3692498439	10.63
4365	0	2	1	496	31	7.30262829199	29.3813966237	29.1324266927	10.441
4365	0	2	2	1843	115	7.30262829199	30.778034985	30.5290650539	8.189
4366	0	2	1	965	60	20.2392433281	32.4798048627	31.7897843914	10.032
4366	0	2	2	2310	144	20.2392433281	25.1029016637	24.4128811925	10.189
4367	0	2	1	454	28	15.670474731	30.8492775002	30.315020948	23.15
4367	0	2	2	1799	112	15.670474731	33.1662605629	32.6320040108	4.094
4368	0	2	1	439	27	11.4222547972	28.5771742966	28.1877531355	12.976
4368	0	2	2	1774	110	11.4222547972	25.7866535211	25.39723236	4.157
4369	0	2	1	219	13	21.7706361139	35.4138734718	34.6716429276	10.677
4369	0	2	2	1561	97	21.7706361139	36.6954593495	35.9532288052	10.567
4370	0	3	1	272	17	20.2703822832	32.0979544119	31.4068723142	11.716
4370	0	3	2	1614	100	20.2703822832	30.5479192781	29.8568371804	6.504
4371	0	3	1	1089	68	10.6604675569	31.9055152298	31.5420658297	10.252
4371	0	3	2	2437	152	10.6604675569	31.5737884113	31.2103390111	8.582
4372	0	3	1	431	26	12.0244084862	28.8219632606	28.4120127563	4.41
4372	0	3	2	1777	111	12.0244084862	28.0115897933	27.6016392889	7.717
4373	0	3	1	250	15	17.4429374421	26.762546507	26.1678610378	4.409
4373	0	3	2	1592	99	17.4429374421	28.6948263317	28.1001408625	5.512
4375	0	3	1	253	15	20.102885222	31.4124103678	30.7270387801	11.779
4375	0	3	2	1594	99	20.102885222	27.5989723182	26.9136007305	15.528
4376	0	3	1	915	57	19.954933092	26.5453569143	25.8650294874	19.654
4376	0	3	2	2257	141	19.954933092	29.2293251596	28.5489977327	12.472
4377	0	3	1	488	30	12.3656892177	27.2956134387	26.8740275838	14.662
4377	0	3	2	1832	114	12.3656892177	30.2104970156	29.7889111607	9.906
4378	0	3	1	409	25	10.6856601525	33.4923963806	33.1280880843	22.252
4378	0	3	2	1755	109	10.6856601525	32.9470314296	32.5827231334	8.945
4379	0	3	1	434	27	8.80270795931	30.8344000791	30.5342876393	7.37
4379	0	3	2	1783	111	8.80270795931	27.5717342227	27.2716217829	9.717
4380	0	3	1	793	49	22.2054115932	34.8243907347	34.0673373053	6.992
4380	0	3	2	2134	133	22.2054115932	31.6474042368	30.8903508074	10.189
4381	0	3	1	1255	78	8.29172033314	26.4593526165	26.1766613776	13.59
4381	0	3	2	2602	162	8.29172033314	23.8665336854	23.5838424464	4.189
4382	0	3	1	795	49	24.314009588	32.0804744925	31.2515322203	13.464
4382	0	3	2	2134	133	24.314009588	31.1625193819	30.3335771097	19.291
4383	0	3	1	219	13	18.0082585357	30.6412551527	30.0272960813	12.992
4383	0	3	2	1564	97	18.0082585357	30.4234033413	29.8094442698	4.74
4384	0	3	1	810	50	22.9708163401	28.466446612	27.6832980892	8.362
4384	0	3	2	2152	134	22.9708163401	28.4580084471	27.6748599243	7.433
4385	0	3	1	1056	66	15.813954624	27.9763636961	27.437215456	4.126
4385	0	3	2	2402	150	15.813954624	31.3669564954	30.8278082553	8.252
4386	0	3	1	978	61	15.9179437356	30.3520568503	29.8093632891	11.181
4386	0	3	2	2324	145	15.9179437356	33.3913431288	32.8486495677	13.591
4387	0	3	1	240	15	15.0195258625	32.376343942	31.8642803166	7.937
4387	0	3	2	1581	98	15.0195258625	31.2682843206	30.7562206953	12.519
4388	0	3	1	428	26	9.00037768648	38.0016658729	37.6948142406	4.441
4388	0	3	2	1775	110	9.00037768648	35.6438450446	35.3369934123	11.843
4389	0	3	1	822	51	15.2595812899	32.0970149451	31.5767670632	7.212
4389	0	3	2	2165	135	15.2595812899	32.7512557004	32.2310078186	16.126
4391	0	3	1	433	27	7.81407211533	29.1488870934	28.8824804083	7.968
4391	0	3	2	1781	111	7.81407211533	30.3706678835	30.1042611984	10.599
4392	0	3	1	594	37	16.5915981758	28.6927722761	28.1271116827	5.15
4392	0	3	2	1945	121	16.5915981758	29.2895177621	28.7238571686	13.039
4393	0	3	1	1256	78	9.02371674589	27.7620554185	27.454408083	8.094
4393	0	3	2	2604	162	9.02371674589	29.7289043305	29.4212569951	8.094
4394	0	3	1	529	33	8.95923722451	29.3924791814	29.0870301589	11.528
4394	0	3	2	1879	117	8.95923722451	29.7778829752	29.4724339527	11.874
4395	0	3	1	1041	65	11.7874697667	31.1264511954	30.724578689	12.22
4395	0	3	2	2394	149	11.7874697667	29.6631912685	29.2613187622	13.779
4396	0	3	1	555	34	10.6470832912	30.7904587739	30.4274656861	5.338
4396	0	3	2	1904	119	10.6470832912	29.7964298981	29.4334368104	11.213
4397	0	3	1	493	30	14.8887654441	28.8326524832	28.3250468983	5.023
4397	0	3	2	1840	115	14.8887654441	30.0104261428	29.5028205579	4.473
4398	0	3	1	762	47	20.5881811033	30.7125119469	30.010595072	8.284
4398	0	3	2	2103	131	20.5881811033	33.0782607795	32.3763439046	5.811
4399	0	3	1	1090	68	18.7320888791	33.0230255058	32.3843887452	10.158
4399	0	3	2	2438	152	18.7320888791	31.4216999782	30.7830632176	10.851
4400	0	3	1	458	28	12.4376105591	31.0443752058	30.6203373226	7.717
4400	0	3	2	1805	112	12.4376105591	27.6536598677	27.2296219844	12.709
4401	0	3	1	77	4	19.0730235772	32.1911344219	31.5408741082	16.788
4401	0	3	2	1417	88	19.0730235772	29.7504950029	29.1002346892	17.653
4402	0	3	1	1000	62	15.9514505058	28.5863476172	28.0425117031	9.275
4402	0	3	2	2345	146	15.9514505058	30.1074283032	29.5635923892	12.536
4403	0	3	1	285	17	13.2811676196	28.0409451908	27.5881477521	10
4403	0	3	2	1630	101	13.2811676196	27.2253409874	26.7725435488	9.355
4404	0	3	1	975	60	17.4161891735	34.3208660465	33.7270925113	7.968
4404	0	3	2	2319	144	17.4161891735	35.2715503267	34.6777767916	6.96
4406	0	3	1	291	18	15.8808087081	33.2850099967	32.7435824872	5.653
4406	0	3	2	1634	102	15.8808087081	31.2196200368	30.6781925274	9.276
4407	0	3	1	795	49	26.8992424488	34.103663115	33.1865819945	5.969
4407	0	3	2	2132	133	26.8992424488	33.6008683931	32.6837872726	11.071
4409	0	3	1	1003	62	11.1315305856	33.6392227653	33.2597133214	11.811
4409	0	3	2	2350	146	11.1315305856	31.9273584957	31.5478490518	10.378
4410	0	3	1	471	29	11.9281550842	29.0646060546	28.6579371363	8.693
4410	0	3	2	1817	113	11.9281550842	30.7662730137	30.3596040953	11.843
4411	0	3	1	979	61	14.7008282782	27.5935897889	27.0923915825	7.685
4411	0	3	2	2324	145	14.7008282782	32.3902590638	31.8890608573	18.189
4412	0	3	1	1223	76	2.24766666667	54.6924690145	54.6158388764	13.338
4412	0	3	2	2585	161	2.24766666667	54.4000168958	54.3233867576	10.535
4413	0	3	1	593	37	11.8586691514	30.3463138439	29.942013923	6.031
4413	0	3	2	1944	121	11.8586691514	27.616832353	27.2125324321	10.536
4414	0	3	1	490	30	11.6334258161	28.6559858279	28.259365172	6.032
4414	0	3	2	1833	114	11.6334258161	29.8139945346	29.4173738787	12.315
4415	0	3	1	807	50	20.333876481	34.5144028648	33.821156047	10.488
4415	0	3	2	2148	134	20.333876481	29.7134064696	29.0201596519	15.906
4416	0	3	1	798	49	22.6177871472	31.3323024099	30.5611897802	17.433
4416	0	3	2	2134	133	22.6177871472	30.5202409747	29.749128345	14.063
4417	0	3	1	802	50	26.6960297471	19.8688057472	18.9586527969	8.189
4417	0	3	2	2133	133	26.6960297471	32.6707308884	31.7605779382	5.386
4418	0	3	1	1250	78	7.04278013563	28.4559600379	28.2158491607	6.63
4418	0	3	2	2599	162	7.04278013563	30.2849337419	30.0448228648	18.394
4419	0	3	1	557	34	11.147605382	27.6830939612	27.3030364761	20.189
4419	0	3	2	1906	119	11.147605382	28.2911149673	27.9110574823	5.905
4420	0	3	1	557	34	7.03747113222	28.6119628439	28.3720329677	16.126
4420	0	3	2	1906	119	7.03747113222	26.1026345119	25.8627046356	6.346
4421	0	3	1	513	32	7.49522810821	31.0292065196	30.7736702454	7.165
4421	0	3	2	1860	116	7.49522810821	30.055630701	29.8000944269	12
4422	0	3	1	519	32	8.2933345772	30.0871606744	29.8044144007	10.063
4422	0	3	2	1865	116	8.2933345772	32.087973227	31.8052269533	7.653
4423	0	3	1	291	18	11.6932569763	35.6506162914	35.2519558001	9.937
4423	0	3	2	1633	102	11.6932569763	33.6278650263	33.229204535	7.968
4424	0	3	1	918	57	20.7766439778	27.5709632676	26.8626210912	20.221
4424	0	3	2	2261	141	20.7766439778	28.6008302792	27.8924881028	8.535
4424	1	3	1	917	57	20.7766439778	32.246885768	31.5385435916	19.37
4424	1	3	2	2260	141	20.7766439778	30.6898857735	29.9815435971	12.283
4426	0	3	1	1071	66	11.7279366327	27.987609408	27.5877665764	11.37
4426	0	3	2	2418	151	11.7279366327	28.2753560573	27.8755132257	7.842
4427	0	3	1	309	19	9.62657314462	26.4465733218	26.1183726855	12.599
4427	0	3	2	1653	103	9.62657314462	28.9549153493	28.626714713	22.126
4428	0	3	1	486	30	16.1166848573	31.618860997	31.069391716	21.307
4428	0	3	2	1830	114	16.1166848573	31.2149824315	30.6655131505	9.7
4429	0	3	1	1103	68	13.9194330468	31.0198313083	30.5452733619	7.417
4429	0	3	2	2452	153	13.9194330468	35.2366399736	34.7620820272	11.418
4430	0	3	1	311	19	17.451402711	28.9903629116	28.3953888344	13.622
4430	0	3	2	1653	103	17.451402711	29.6629967351	29.0680226579	22.031
4431	0	3	1	455	28	9.93073755205	32.9117660661	32.5731954933	9.465
4431	0	3	2	1800	112	9.93073755205	30.9209719659	30.5824013932	11.071
4432	0	3	1	493	30	14.9826652454	29.6172644625	29.1064575334	10.85
4432	0	3	2	1838	114	14.9826652454	31.6975405675	31.1867336383	13.591
4433	0	3	1	471	29	15.0309002118	33.2723624016	32.7599109883	5.071
4433	0	3	2	1816	113	15.0309002118	31.2562419989	30.7437905856	12.677
4434	0	3	1	216	13	17.1291953493	26.1264687209	25.5424797222	13.559
4434	0	3	2	1558	97	17.1291953493	26.316764715	25.7327757163	19.086
4435	0	3	1	1254	78	7.92265912578	27.1209263192	26.850817556	9.654
4435	0	3	2	2601	162	7.92265912578	26.7374643753	26.4673556121	18.725
4436	0	3	1	510	31	5.94653553671	27.8764457039	27.6737093077	6.126
4436	0	3	2	1861	116	5.94653553671	31.0655146571	30.862778261	13.338
4437	0	3	1	797	49	24.0403034093	30.6387896709	29.8191789168	17.622
4437	0	3	2	2135	133	24.0403034093	34.2411361184	33.4215253642	7.654
4438	0	3	1	837	52	20.2804348119	24.6468423619	23.9554175414	15.213
4438	0	3	2	2184	136	20.2804348119	23.157939136	22.4665143155	7.905
4438	1	3	1	840	52	20.2804348119	26.5523787839	25.8609539634	19.874
4438	1	3	2	2185	136	20.2804348119	23.4489854817	22.7575606612	9.937
4439	0	3	1	1040	65	11.1166807237	25.1190542847	24.7400511201	14.504
4439	0	3	2	2393	149	11.1166807237	28.0472494456	27.6682462809	4.882
4440	0	3	1	1221	76	11.2108897595	31.3559001275	30.9736850758	9.087
4440	0	3	2	2571	160	11.2108897595	30.1287077713	29.7464927196	5.244
4441	0	3	1	491	30	12.1818236413	26.9582339431	26.5429166532	13.464
4441	0	3	2	1838	114	12.1818236413	28.1572126219	27.7418953319	16.63
4442	0	3	1	506	31	5.78515981328	28.475808018	28.2785734358	15.591
4442	0	3	2	1853	115	5.78515981328	32.3942440806	32.1970094984	11.622
4443	0	3	1	273	17	14.5112820291	30.7149740358	30.2202380666	8.834
4443	0	3	2	1616	101	14.5112820291	30.0932916283	29.5985556591	15.37
4444	0	3	1	547	34	12.0240490716	27.9653779637	27.555439713	7.717
4444	0	3	2	1892	118	12.0240490716	32.5552413292	32.1453030784	16.835
4445	0	3	1	185	11	22.747167694	30.7212246161	29.9457009902	12.347
4445	0	3	2	1529	95	22.747167694	28.6418921743	27.8663685484	16.63
4446	0	3	1	455	28	9.99569930405	36.3081375789	35.9673522525	16.347
4446	0	3	2	1802	112	9.99569930405	27.4849502202	27.1441648938	7.307
4447	0	3	1	488	30	12.5781225461	28.7813550718	28.352526686	14.693
4447	0	3	2	1834	114	12.5781225461	31.3709921463	30.9421637605	16.409
4448	0	3	1	564	35	13.1397079265	31.7294998489	31.2815252232	11.418
4448	0	3	2	1912	119	13.1397079265	29.7321230218	29.284148396	9.134
4449	0	3	1	492	30	12.0428749941	28.170252371	27.7596722844	16.519
4449	0	3	2	1837	114	12.0428749941	29.3380201911	28.9274401045	10.992
4450	0	3	1	959	59	16.5766795937	29.2026850767	28.6375331054	17.338
4450	0	3	2	2305	144	16.5766795937	30.1359168133	29.570764842	16.22
4451	0	3	1	518	32	8.2174965807	30.2369227802	29.9567620661	11.402
4451	0	3	2	1865	116	8.2174965807	28.8991453066	28.6189845926	8.031
4452	0	3	1	1210	75	9.24740969163	30.2583610055	29.9430872628	15.197
4452	0	3	2	2561	160	9.24740969163	30.4121461951	30.0968724524	6.661
4453	0	3	1	1229	76	12.0415966803	29.6804008078	29.269864303	12.756
4453	0	3	2	2579	161	12.0415966803	30.3512754958	29.940738991	10.929
4455	0	3	1	415	25	10.6959997879	30.6999162581	30.3352554506	5.149
4455	0	3	2	1763	110	10.6959997879	30.0356740801	29.6710132726	15.906
4456	0	3	1	485	30	11.7351508941	26.4033548973	26.0032661085	14.504
4456	0	3	2	1831	114	11.7351508941	30.4866535077	30.0865647188	12.803
4457	0	3	1	737	46	20.6047257457	29.4996972775	28.7972163429	16.473
4457	0	3	2	2077	129	20.6047257457	33.8914827398	33.1890018052	7.055
4458	0	3	1	349	21	9.81821691987	29.8564552293	29.5217208445	9.905
4458	0	3	2	1694	105	9.81821691987	28.3730222097	28.0382878249	6.22
4459	0	3	1	434	27	8.82792997811	28.3212477642	28.0202754252	7.779
4459	0	3	2	1781	111	8.82792997811	29.5721985639	29.271226225	11.433
4460	0	3	1	457	28	9.82481567311	29.3115755839	28.9766162264	7.04
4460	0	3	2	1803	112	9.82481567311	26.8384801212	26.5035207638	8.158
4461	0	3	1	433	27	12.1302463131	32.9443456879	32.5307868339	5.307
4461	0	3	2	1781	111	12.1302463131	31.7797430389	31.3661841849	9.04
4462	0	3	1	999	62	20.2001717021	30.3047871269	29.6160987323	8.992
4462	0	3	2	2344	146	20.2001717021	28.2985560299	27.6098676352	11.779
4463	0	3	1	486	30	7.38469435192	29.1346133299	28.8828455047	13.103
4463	0	3	2	1831	114	7.38469435192	28.7116338732	28.459866048	8.756
4464	0	3	1	1030	64	11.1396043444	31.516002425	31.1362177208	10.378
4464	0	3	2	2375	148	11.1396043444	36.5581151798	36.1783304757	9.433
4465	0	3	1	1056	66	14.5439741583	29.937365978	29.4415154296	14.031
4465	0	3	2	2402	150	14.5439741583	27.0401961805	26.5443456322	10.063
4466	0	3	1	372	23	12.3363700387	33.9241028785	33.5035166081	9.496
4466	0	3	2	1718	107	12.3363700387	39.2973828189	38.8767965485	13.181
4468	0	3	1	486	30	14.4519906283	26.6808756526	26.1881611167	13.401
4468	0	3	2	1831	114	14.4519906283	26.7711277795	26.2784132436	8.472
4469	0	3	1	475	29	7.8645861336	36.9083572039	36.6402283345	22
4469	0	3	2	1818	113	7.8645861336	39.3340472987	39.0659184293	6.929
4469	1	3	1	492	30	7.8645861336	26.5138833916	26.2457545223	9.339
4469	1	3	2	1837	114	7.8645861336	24.2226778419	23.9545489725	18.031
4470	0	3	1	274	17	13.0924049852	32.3261112362	31.8797493189	9.905
4470	0	3	2	1624	101	13.0924049852	28.1469307572	27.7005688399	15.055
4471	0	3	1	793	49	22.7461472627	38.6178692592	37.8423804231	8.252
4471	0	3	2	2133	133	22.7461472627	36.3792863634	35.6037975272	10.031
4472	0	3	1	1290	80	7.08438790053	32.0035986074	31.7620691886	14.992
4472	0	3	2	2631	164	7.08438790053	29.0543846208	28.812855202	9.591
4472	1	3	1	1291	80	7.08438790053	14.6879672491	14.4464378303	4.787
4472	1	3	2	2629	164	7.08438790053	26.8031134113	26.5615839925	8.914
4473	0	3	1	870	54	21.2479036224	31.7982145966	31.0738056732	6.158
4473	0	3	2	2212	138	21.2479036224	35.0532192511	34.3288103277	12.882
4474	0	3	1	1026	64	16.8123676927	31.8565694328	31.2833821011	10.913
4474	0	3	2	2373	148	16.8123676927	39.2077469531	38.6345596215	12.441
4475	0	3	1	934	58	20.0905720234	30.9710262877	30.2860744963	19.276
4475	0	3	2	2277	142	20.0905720234	31.1306647382	30.4457129467	19.307
4476	0	3	1	486	30	10.0956016145	27.2767663295	26.9325750142	18.425
4476	0	3	2	1830	114	10.0956016145	29.696737134	29.3525458186	14
4477	0	3	1	506	31	5.98794775495	30.08227638	29.878128109	13.086
4477	0	3	2	1857	116	5.98794775495	29.6315325676	29.4273842966	14.63
4478	0	3	1	1248	78	8.7732982688	26.6230588327	26.3239490633	12.095
4478	0	3	2	2599	162	8.7732982688	28.7896179136	28.4905081441	18.095
4479	0	3	1	264	16	18.792933645	30.8990015795	30.2582904265	21.496
4479	0	3	2	1610	100	18.792933645	31.2015401179	30.5608289648	5.669
4480	0	3	1	455	28	9.7074751058	29.9662583721	29.6352995295	13.118
4480	0	3	2	1801	112	9.7074751058	29.8874467214	29.5564878788	19.086
4481	0	3	1	429	26	11.9921536794	27.1664977381	26.7576469032	17.181
4481	0	3	2	1773	110	11.9921536794	26.4677207749	26.05886994	21.307
4482	0	3	1	894	55	19.3414438537	33.0279893954	32.3685777768	16.221
4482	0	3	2	2236	139	19.3414438537	31.5537801654	30.8943685468	12
4483	0	3	1	449	28	7.82515049114	28.468387048	28.2016026657	26
4483	0	3	2	1796	112	7.82515049114	29.0768980243	28.810113642	9.244
4484	0	3	1	910	56	17.9447327989	29.0221141727	28.4103208966	17.166
4484	0	3	2	2252	140	17.9447327989	30.4805546995	29.8687614234	11.843
4485	0	3	1	488	30	13.2881968537	31.2838952188	30.8308581311	4.126
4485	0	3	2	1829	114	13.2881968537	32.3891940847	31.936156997	10.74
4486	0	3	1	1026	64	14.6804809314	39.1178864242	38.6173819238	7.779
4486	0	3	2	2373	148	14.6804809314	41.5346111763	41.034106676	6.913
4487	0	3	1	513	32	6.49026150574	30.4718312577	30.250557506	9.134
4487	0	3	2	1859	116	6.49026150574	29.5911842305	29.3699104788	11.008
4488	0	3	1	592	37	9.61813566935	27.3001373223	26.9722243466	16.866
4488	0	3	2	1944	121	9.61813566935	26.664650267	26.3367372912	8.221
4489	0	3	1	406	25	15.3748376889	30.6615745218	30.137397181	11.969
4489	0	3	2	1753	109	15.3748376889	29.9242777369	29.4001003961	5.842
4490	0	3	1	1254	78	13.4491921808	25.5502388735	25.0917129407	10.961
4490	0	3	2	2602	162	13.4491921808	27.5196235447	27.0610976119	8.677
4491	0	3	1	910	56	16.8115479715	30.7321379031	30.1589785183	13.685
4491	0	3	2	2252	140	16.8115479715	29.8988456622	29.3256862775	8.661
4492	0	3	1	793	49	21.3984142525	35.1771675542	34.4476272425	4.347
4492	0	3	2	2133	133	21.3984142525	30.6688067104	29.9392663987	14.599
4493	0	3	1	949	59	16.2088538678	33.5752057991	33.022594182	7.401
4493	0	3	2	2286	142	16.2088538678	30.0518713048	29.4992596877	8.189
4494	0	3	1	910	56	16.597899388	31.1988030031	30.6329275812	15.244
4494	0	3	2	2251	140	16.597899388	30.8607774683	30.2949020464	5.748
4495	0	3	1	1064	66	12.3519058097	27.5315022242	27.1103862897	4.851
4495	0	3	2	2412	150	12.3519058097	29.990056832	29.5689408975	14.063
4496	0	3	1	1101	68	14.5501954046	30.2347355477	29.7386728972	14.771
4496	0	3	2	2447	152	14.5501954046	30.0961173722	29.6000547217	13.968
4497	0	3	1	429	26	10.5681569849	31.7008823198	31.340580082	12.662
4497	0	3	2	1774	110	10.5681569849	32.9299954142	32.5696931764	7.937
4498	0	3	1	1253	78	10.1181881492	28.2756943573	27.9307329948	10.772
4498	0	3	2	2600	162	10.1181881492	29.5838315218	29.2388701593	11.386
4499	0	3	1	259	16	20.4257996132	27.637827029	26.941446258	10.535
4499	0	3	2	1602	100	20.4257996132	30.4300381269	29.7336573559	10.504
4500	0	3	1	960	60	17.5471123446	32.7578920015	32.1596548771	4.378
4500	0	3	2	2310	144	17.5471123446	30.4867164596	29.8884793352	11.811
4501	0	3	1	1062	66	15.1274791574	30.2979550912	29.7822109931	11.307
4501	0	3	2	2410	150	15.1274791574	31.9537355889	31.4379914908	17.496
4502	0	3	1	567	35	11.5110472158	30.2460081237	29.8535597453	8.598
4502	0	3	2	1915	119	11.5110472158	38.0544053477	37.6619569693	8.189
4503	0	3	1	807	50	23.7949118948	32.1832167994	31.371972226	6.252
4503	0	3	2	2148	134	23.7949118948	30.8480663298	30.0368217564	13.354
4504	0	3	1	587	36	6.78037385479	25.8985996742	25.6674350656	6.598
4504	0	3	2	1939	121	6.78037385479	29.1102490535	28.8790844449	10.551
4505	0	3	1	1061	66	13.8560412155	31.1261668651	30.6537701488	12.961
4505	0	3	2	2406	150	13.8560412155	31.9750047805	31.5026080641	26.252
4506	0	3	1	550	34	9.01827331792	29.7183647269	29.4109029754	19.024
4506	0	3	2	1898	118	9.01827331792	32.1841474199	31.8766856683	9.906
4507	0	3	1	488	30	13.6055174107	30.7374494653	30.2735939059	13.968
4507	0	3	2	1832	114	13.6055174107	30.0947314551	29.6308758957	11.543
4508	0	3	1	562	35	12.988465798	33.026332352	32.5835140536	9.59
4508	0	3	2	1912	119	12.988465798	33.6888122232	33.2459939248	5.528
4510	0	3	1	491	30	13.520954278	29.5836365242	29.1226639923	12.992
4510	0	3	2	1838	114	13.520954278	31.6825107419	31.2215382099	10.315
4512	0	3	1	795	49	25.053137473	36.205114084	35.3509725806	7.465
4512	0	3	2	2134	133	25.053137473	35.4959490058	34.6418075023	14.299
4513	0	3	1	1251	78	8.20949391126	27.153221016	26.8733331385	6.095
4513	0	3	2	2600	162	8.20949391126	27.7552645558	27.4753766783	18.614
4514	0	3	1	377	23	11.6625295194	26.525741688	26.1281287939	15.685
4514	0	3	2	1722	107	11.6625295194	25.589474	25.1918611059	20.22
4515	0	3	1	1227	76	11.3845305623	28.6015822647	28.2134472433	5.937
4515	0	3	2	2578	161	11.3845305623	30.4111678855	30.0230328641	7.134
4516	0	3	1	340	21	4.74675155414	23.8023071459	23.6404752191	11.149
4516	0	3	2	1691	105	4.74675155414	23.9996065271	23.8377746003	11.055
4517	0	3	1	893	55	15.431808488	32.0299016735	31.5037820161	14.315
4517	0	3	2	2236	139	15.431808488	29.071289439	28.5451697817	5.181
4518	0	3	1	865	54	21.0914489847	34.2961365033	33.5770616184	15.401
4518	0	3	2	2209	138	21.0914489847	35.9973599776	35.2782850926	8.283
4519	0	3	1	816	51	21.2809958632	29.6109728476	28.885435704	8
4519	0	3	2	2158	134	21.2809958632	31.3773995436	30.6518624	9.779
4520	0	3	1	513	32	5.83635359132	28.546040727	28.3470607854	6.41
4520	0	3	2	1860	116	5.83635359132	29.2382533473	29.0392734057	14.913
4521	0	3	1	973	60	16.8828953377	30.6534601612	30.0778683168	9.622
4521	0	3	2	2317	144	16.8828953377	28.0896610998	27.5140692554	4.032
4522	0	3	1	1009	63	13.9302448262	28.7785761902	28.3036496357	14.299
4522	0	3	2	2354	147	13.9302448262	30.0486514268	29.5737248723	18.63
4524	0	3	1	1080	67	15.1784113437	28.3474151504	27.8299346114	13.842
4524	0	3	2	2426	151	15.1784113437	28.5988098078	28.0813292687	12.866
4525	0	3	1	1255	78	7.5487714044	28.2552644707	27.9979027345	14.772
4525	0	3	2	2603	162	7.5487714044	28.9505958416	28.6932341055	13.401
4527	0	3	1	584	36	10.3751062093	27.6734463746	27.3197258546	13.37
4527	0	3	2	1929	120	10.3751062093	28.8264422908	28.4727217707	6.284
4528	0	3	1	902	56	19.6279812131	30.8891139673	30.2199333746	16.221
4528	0	3	2	2245	140	19.6279812131	33.793651662	33.1244710693	7.748
4529	0	3	1	305	19	17.6104381984	32.1890417034	31.5886455983	12.756
4529	0	3	2	1651	103	17.6104381984	33.2996879428	32.6992918378	14.63
4530	0	3	1	804	50	18.38330554	33.3371864183	32.7104407962	7.04
4530	0	3	2	2145	134	18.38330554	35.8702849591	35.243539337	6.725
4531	0	3	1	375	23	12.3710282534	29.1899343811	28.7681665014	13.307
4531	0	3	2	1720	107	12.3710282534	28.053552058	27.6317841783	18.315
4532	0	3	1	519	32	8.10847217139	27.460740477	27.1842967534	7.276
4532	0	3	2	1866	116	8.10847217139	33.8128667573	33.5364230337	8.393
4533	0	3	1	259	16	17.8198795363	27.5057674192	26.8982307897	7.464
4533	0	3	2	1601	100	17.8198795363	28.5232005404	27.915663911	14.914
4534	0	3	1	920	57	9.93101760933	34.6947054585	34.3561253377	20.992
4534	0	3	2	2263	141	9.93101760933	37.4940094397	37.155429319	8.315
4535	0	3	1	1214	75	11.5117002945	27.913310484	27.52083984	5.338
4535	0	3	2	2562	160	11.5117002945	31.8115687602	31.4190981163	5.811
4535	1	3	1	1223	76	11.5117002945	17.4096151822	17.0171445383	21.622
4535	1	3	2	2573	160	11.5117002945	22.1102704694	21.7177998255	12.756
4536	0	3	1	894	55	18.0677332655	29.0398403888	28.4238536338	12.693
4536	0	3	2	2236	139	18.0677332655	28.1016698254	27.4856830704	15.937
4537	0	3	1	477	29	10.1297728013	31.6616410621	31.3162847418	14.441
4537	0	3	2	1825	114	10.1297728013	30.0618979659	29.7165416456	5.622
4538	0	3	1	430	26	13.9796016947	0.369114059036	-0.107495228798	13.338
4538	0	3	2	1781	111	13.9796016947	1.70566493397	1.22905564613	15.969
4539	0	3	1	1245	77	5.81307040498	27.357697255	27.1595111116	4.882
4539	0	3	2	2596	162	5.81307040498	26.9270517595	26.7288656161	16.504
4540	0	3	1	808	50	23.0926018109	35.8987498287	35.11144925	11.433
4540	0	3	2	2151	134	23.0926018109	32.3482721067	31.5609715281	8.441
4541	0	3	1	1022	63	16.2653863671	31.4015917723	30.8470527817	19.04
4541	0	3	2	2368	148	16.2653863671	28.2457615989	27.6912226082	21.197
4542	0	3	1	530	33	9.88167048851	27.8926528703	27.5557551505	16.488
4542	0	3	2	1876	117	9.88167048851	28.4894868609	28.1525891411	9.402
4542	1	3	1	529	33	9.88167048851	25.8983458711	25.5614481513	23.811
4542	1	3	2	1878	117	9.88167048851	29.2302314478	28.893333728	11.811
4543	0	3	1	1096	68	12.944509913	29.7654233778	29.324103676	16.284
4543	0	3	2	2443	152	12.944509913	29.1882803002	28.7469605985	6.851
4544	0	3	1	985	61	15.2785355148	25.2954061251	24.7745120332	9.717
4544	0	3	2	2331	145	15.2785355148	27.77458728	27.253693188	6.63
4545	0	3	1	180	11	20.8222299595	27.642095906	26.9321995578	14.646
4545	0	3	2	1524	95	20.8222299595	27.8082102805	27.0983139323	19.118
4546	0	3	1	514	32	8.94691494054	27.753707438	27.4486785215	6.267
4546	0	3	2	1861	116	8.94691494054	34.8312342791	34.5262053626	9.874
4547	0	3	1	524	32	4.51730133482	26.3373266097	26.183317374	16.283
4547	0	3	2	1872	117	4.51730133482	31.7937198149	31.6397105792	7.968
4548	0	3	1	198	12	16.5034287739	27.9420979952	27.3794433784	13.181
4548	0	3	2	1540	96	16.5034287739	27.2904302248	26.7277756079	13.496
4549	0	3	1	571	35	9.36573003324	27.0156802221	26.696372561	10.126
4549	0	3	2	1921	120	9.36573003324	30.4910886994	30.1717810382	6.661
4550	0	3	1	1057	66	19.8422901659	31.0847452303	30.4082581607	5.464
4550	0	3	2	2403	150	19.8422901659	30.9964617607	30.3199746911	14.094
4551	0	3	1	825	51	19.7240147236	23.1100508866	22.4375962047	10.299
4551	0	3	2	2167	135	19.7240147236	32.743499517	32.0710448351	11.59
4553	0	3	1	1003	62	17.73587311	30.3745637363	29.7698911543	16.157
4553	0	3	2	2349	146	17.73587311	31.6271628462	31.0224902642	12.409
4554	0	3	1	962	60	17.5077015577	33.2020600557	32.605166571	6.803
4554	0	3	2	2306	144	17.5077015577	33.1905034104	32.5936099257	6.346
4555	0	3	1	486	30	9.24158217228	28.4325638131	28.1174887492	20.441
4555	0	3	2	1831	114	9.24158217228	29.0398029118	28.7247278479	14.835
4556	0	3	1	454	28	14.6712118813	32.6339814046	32.1337929157	20.189
4556	0	3	2	1800	112	14.6712118813	33.0339531346	32.5337646458	8.992
4557	0	3	1	529	33	7.16147480094	24.0495337468	23.8053761893	7.59
4557	0	3	2	1896	118	7.16147480094	21.2001930326	20.9560354751	14.677
4558	0	3	1	471	29	13.3517009086	29.8338266659	29.3786245221	8.094
4558	0	3	2	1817	113	13.3517009086	33.0594271748	32.604225031	11.748
4559	0	3	1	796	49	24.4882862981	32.9653172597	32.1304333376	11.779
4559	0	3	2	2135	133	24.4882862981	33.2854808286	32.4505969065	11.874
4560	0	3	1	584	36	9.42477114637	28.4237265417	28.1024059804	13.905
4560	0	3	2	1930	120	9.42477114637	26.1891160759	25.8677955145	7.197
4560	1	3	1	580	36	9.42477114637	25.3075364737	24.9862159124	17.969
4560	1	3	2	1928	120	9.42477114637	24.6605798607	24.3392592994	15.843
4561	0	3	1	270	16	17.1296813345	27.6584863333	27.0744807657	14.032
4561	0	3	2	1613	100	17.1296813345	25.5258995653	24.9418939977	16.425
4562	0	3	1	380	23	9.45183514553	30.6002568354	30.2780135759	10.252
4562	0	3	2	1726	107	9.45183514553	29.8031939237	29.4809506641	10.031
4564	0	3	1	989	61	18.6629113861	30.2273108825	29.5910326037	10.536
4564	0	3	2	2333	145	18.6629113861	32.1960538459	31.5597755671	12.189
4565	0	3	1	915	57	16.0373390606	26.7792842394	26.2325201101	15.717
4565	0	3	2	2255	140	16.0373390606	30.6867315245	30.1399673952	11.779
4566	0	3	1	437	27	23.8279595828	32.5825469968	31.7701757222	13.937
4566	0	3	2	1783	111	23.8279595828	31.5536944135	30.7413231389	11.338
4567	0	3	1	333	20	17.4920047569	31.6376504881	31.0412921575	14.535
4567	0	3	2	1677	104	17.4920047569	30.496335811	29.8999774803	14.693
4568	0	3	1	434	27	11.5385837194	29.5803387339	29.1869515481	4.693
4568	0	3	2	1782	111	11.5385837194	29.8749824073	29.4815952215	11.165
4569	0	3	1	454	28	12.6295167593	32.9760471499	32.5454665711	19.716
4569	0	3	2	1800	112	12.6295167593	30.0426214913	29.6120409126	5.228
4570	0	3	1	434	27	9.26593952621	27.847129537	27.5312240531	8
4570	0	3	2	1782	111	9.26593952621	24.5754106434	24.2595051594	4.992
4571	0	3	1	1092	68	11.8269902454	26.6266346575	26.2234147718	6.126
4571	0	3	2	2441	152	11.8269902454	26.5237955297	26.1205756439	5.118
4572	0	3	1	718	44	22.1341653243	37.9109378016	37.1563133851	9.559
4572	0	3	2	2057	128	22.1341653243	42.1763727773	41.4217483608	13.449
4573	0	3	1	210	13	18.5576695627	30.073820068	29.4411298192	10.347
4573	0	3	2	1552	97	18.5576695627	29.5525472405	28.9198569918	12.22
4574	0	3	1	291	18	14.6444325591	28.616447015	28.1171715189	14.96
4574	0	3	2	1634	102	14.6444325591	27.9076525928	27.4083770966	12.032
4575	0	3	1	1019	63	10.722908586	29.30989828	28.9443200657	17.465
4575	0	3	2	2364	147	10.722908586	31.0490062586	30.6834280442	17.402
4577	0	3	1	192	12	18.5545319494	32.0611185957	31.4285353182	5.969
4577	0	3	2	1535	95	18.5545319494	33.126787981	32.4942047035	13.37
4578	0	3	1	430	26	13.2027669656	32.3043138231	31.8541893133	11.559
4578	0	3	2	1776	111	13.2027669656	31.6179714435	31.1678469336	10.284
4579	0	3	1	488	30	14.9922586228	28.8463942653	28.3352602672	17.165
4579	0	3	2	1832	114	14.9922586228	28.5969710774	28.0858370793	13.024
4580	0	3	1	1090	68	11.291949941	35.5466105089	35.1616318567	11.559
4580	0	3	2	2438	152	11.291949941	32.9910897341	32.6061110818	4.819
4581	0	3	1	978	61	18.9712311593	26.70725378	26.060463895	15.307
4581	0	3	2	2323	145	18.9712311593	30.4815725241	29.8347826391	9.023
4582	0	3	1	215	13	20.6949565694	31.4930536534	30.7874964617	8.473
4582	0	3	2	1558	97	20.6949565694	30.5005482243	29.7949910327	13.748
4583	0	3	1	422	26	10.9868810624	35.9013964382	35.5268185587	6.662
4583	0	3	2	1768	110	10.9868810624	30.8775002865	30.502922407	16.031
4584	0	3	1	1254	78	8.74217876492	27.5655167002	27.2674678941	7.402
4584	0	3	2	2602	162	8.74217876492	30.1488466221	29.850797816	16.032
4586	0	3	1	411	25	10.5450929111	35.7730492893	35.4135333795	11.59
4586	0	3	2	1756	109	10.5450929111	33.6381094045	33.2785934947	9.527
4587	0	3	1	490	30	9.49023162247	26.0718732756	25.7483209575	13.811
4587	0	3	2	1835	114	9.49023162247	30.0503949712	29.7268426531	10.598
4588	0	3	1	807	50	22.8433812113	32.9050533074	32.1262494553	14.74
4588	0	3	2	2149	134	22.8433812113	33.1826097189	32.4038058668	14.284
4589	0	3	1	488	30	12.5294092819	28.6619239398	28.2347563448	16.63
4589	0	3	2	1834	114	12.5294092819	30.7659595021	30.3387919071	7.086
4591	0	3	1	467	29	13.7274095252	43.1147738556	42.6467626046	5.433
4591	0	3	2	1811	113	13.7274095252	30.871348741	30.40333749	4.063
4592	0	3	1	527	32	9.56694216317	28.0993339329	27.7731663073	4.126
4592	0	3	2	1875	117	9.56694216317	29.4827405569	29.1565729314	15.433
4593	0	3	1	489	30	14.33283647	26.7929914896	26.3043392996	18.819
4593	0	3	2	1834	114	14.33283647	30.3279768179	29.839324628	15.401
4594	0	3	1	520	32	8.45229250534	27.5902232155	27.3020575582	14.63
4594	0	3	2	1867	116	8.45229250534	28.1454867961	27.8573211388	17.433
4595	0	3	1	345	21	15.1531405997	29.3369122981	28.8202933194	4.803
4595	0	3	2	1690	105	15.1531405997	28.9331734315	28.4165544528	7.843
4596	0	3	1	835	52	20.4720185837	27.6455167367	26.9475602133	12.283
4596	0	3	2	2175	135	20.4720185837	28.7931092876	28.0951527641	17.244
4598	0	3	1	331	20	5.44024921561	29.8833262625	29.6978507847	9.307
4598	0	3	2	1674	104	5.44024921561	27.968584509	27.7831090312	12.835
4599	0	3	1	1004	62	17.8637967186	29.9189525215	29.3099186149	11.464
4599	0	3	2	2351	146	17.8637967186	31.6931682151	31.0841343085	7.937
4601	0	3	1	585	36	12.0456603899	28.4978342251	28.0871591754	12.095
4601	0	3	2	1936	121	12.0456603899	31.6470072706	31.236332221	13.842
4602	0	3	1	469	29	12.7492676228	34.0200058332	33.5853425649	4.866
4602	0	3	2	1815	113	12.7492676228	31.4061717785	30.9715085102	10.221
4603	0	3	1	489	30	13.212812033	31.4327227304	30.982255752	13.275
4603	0	3	2	1833	114	13.212812033	32.4202871813	31.969820203	11.244
4604	0	3	1	890	55	17.3352664766	32.278095656	31.6870810341	7.275
4604	0	3	2	2230	139	17.3352664766	30.3408842917	29.7498696698	5.338
4605	0	3	1	1030	64	15.1779987988	33.5696150029	33.0521485288	13.748
4605	0	3	2	2374	148	15.1779987988	39.0935469761	38.576080502	9.118
4606	0	3	1	490	30	11.7273743791	27.2053084336	26.805484771	16.157
4606	0	3	2	1834	114	11.7273743791	29.4932708635	29.0934472009	16.409
4607	0	3	1	529	33	10.0145187305	27.4253252406	27.0838982998	12.598
4607	0	3	2	1878	117	10.0145187305	28.1542244707	27.81279753	6.63
4608	0	3	1	211	13	19.4285922178	29.2504304175	28.5880476328	6.346
4608	0	3	2	1554	97	19.4285922178	31.5977355352	30.9353527504	11.527
4609	0	3	1	504	31	10.308412702	31.8856401906	31.5341934653	11.307
4609	0	3	2	1857	116	10.308412702	29.6999256497	29.3484789244	10.095
4610	0	3	1	966	60	14.9993512861	32.5718966296	32.06052082	10
4610	0	3	2	2310	144	14.9993512861	28.5845549644	28.0731791548	4.189
4611	0	3	1	444	27	9.83800318251	52.3858584135	52.0504494517	6.504
4611	0	3	2	1771	110	9.83800318251	49.6654340805	49.3300251187	4
4612	0	3	1	449	28	9.02900869303	29.6728101958	29.364982441	27.685
4612	0	3	2	1796	112	9.02900869303	31.7759449661	31.4681172112	8
4613	0	3	1	138	8	20.4280348281	32.0201551716	31.323698195	6.677
4613	0	3	2	1481	92	20.4280348281	31.083442633	30.3869856563	22.158
4614	0	3	1	1013	63	19.2433505052	31.3214851581	30.6654178552	4.63
4614	0	3	2	2357	147	19.2433505052	33.9328178275	33.2767505245	9.118
4615	0	3	1	490	30	11.3942411226	28.4521055783	28.0636394928	16.315
4615	0	3	2	1835	114	11.3942411226	31.1529287886	30.7644627031	11.244
4617	0	3	1	500	31	5.2509511117	33.3463016427	33.1672799421	25.275
4617	0	3	2	1848	115	5.2509511117	31.9979406404	31.8189189397	8.095
4619	0	3	1	1081	67	12.4712450477	29.89299224	29.4678076496	5.968
4619	0	3	2	2426	151	12.4712450477	31.6872739703	31.2620893799	11.654
4620	0	3	1	794	49	28.3907099645	35.5003854983	34.5324554848	9.78
4620	0	3	2	2135	133	28.3907099645	33.1056063145	32.137676301	8.315
4621	0	3	1	348	21	19.9224521707	27.6253391046	26.9461190561	10.347
4621	0	3	2	1693	105	19.9224521707	31.7116273757	31.0324073272	7.716
4622	0	3	1	1214	75	12.3458216453	31.2557421199	30.834833614	7.937
4622	0	3	2	2564	160	12.3458216453	34.0211619654	33.6002534595	8.315
4623	0	3	1	488	30	11.9936400475	31.7253094927	31.3164079827	13.717
4623	0	3	2	1832	114	11.9936400475	34.1020792158	33.6931777059	9.087
4624	0	3	1	879	54	15.0127941692	30.1145205329	29.6026864125	15.04
4624	0	3	2	2222	138	15.0127941692	30.2792694241	29.7674353037	10.835
4625	0	3	1	470	29	13.7765462429	27.1948376967	26.725151218	10.126
4625	0	3	2	1817	113	13.7765462429	29.7068064213	29.2371199426	9.906
4626	0	3	1	567	35	10.4350320992	29.9288261066	29.5730625215	4.299
4626	0	3	2	1915	119	10.4350320992	32.2845241404	31.9287605553	9.339
4627	0	3	1	266	16	14.8683743578	32.1227007971	31.6157904095	9.59
4627	0	3	2	1598	99	14.8683743578	31.7114020312	31.2044916436	10.63
4628	0	3	1	489	30	9.26383318587	28.7180193064	28.4021856343	15.401
4628	0	3	2	1834	114	9.26383318587	28.6723070748	28.3564734027	15.779
4629	0	3	1	112	7	23.4381401939	31.5176556998	30.7185746137	7.842
4629	0	3	2	1451	90	23.4381401939	32.7621338307	31.9630527445	11.149
4630	0	3	1	208	13	14.873234662	30.821335429	30.3142593381	6
4630	0	3	2	1558	97	14.873234662	25.2297061344	24.7226300435	13.622
4631	0	3	1	984	61	12.0161677259	30.9135055643	30.5038360138	10.897
4631	0	3	2	2330	145	12.0161677259	37.94786004	37.5381904895	6.095
4632	0	3	1	217	13	19.7259302336	36.7291800435	36.0566600558	11.338
4632	0	3	2	1561	97	19.7259302336	37.517654308	36.8451343203	8.725
4633	0	3	1	477	29	10.9837950261	28.9276473184	28.5531746518	12
4633	0	3	2	1826	114	10.9837950261	26.1301513995	25.7556787328	6.221
4634	0	3	1	966	60	17.3350451579	26.8992918533	26.3082847769	11.591
4634	0	3	2	2310	144	17.3350451579	26.2758230376	25.6848159611	8.063
4634	1	3	1	958	59	17.3350451579	32.9703270791	32.3793200027	4.095
4634	1	3	2	2308	144	17.3350451579	24.9117266687	24.3207195923	4.96
4635	0	3	1	1018	63	14.9189857695	33.5118361682	33.0032002758	16.032
4635	0	3	2	2363	147	14.9189857695	30.854368677	30.3457327846	15.622
4636	0	3	1	267	16	19.3181352254	27.977231741	27.3186147881	14.252
4636	0	3	2	1611	100	19.3181352254	28.9243146599	28.2656977069	10.094
4637	0	3	1	492	30	10.9996597938	30.1668331819	29.7918196346	9.417
4637	0	3	2	1838	114	10.9996597938	33.228494233	32.8534806857	15.023
4638	0	3	1	1057	66	12.0884603345	30.1145417003	29.7024074638	5.874
4638	0	3	2	2402	150	12.0884603345	33.568908166	33.1567739295	15.134
4639	0	3	1	125	7	20.8229778618	29.0353143105	28.3253924639	6.772
4639	0	3	2	1466	91	20.8229778618	30.229466054	29.5195442074	13.213
4640	0	3	1	452	28	12.6657948521	28.9726731699	28.5408557551	12.063
4640	0	3	2	1797	112	12.6657948521	28.6964493484	28.2646319336	8.189
4641	0	3	1	440	27	8.24996493443	25.9234973341	25.6422296701	11.685
4641	0	3	2	1787	111	8.24996493443	28.8442030001	28.5629353362	13.118
4642	0	3	1	489	30	12.0508318945	28.4428911847	28.0320398219	14
4642	0	3	2	1833	114	12.0508318945	28.6217874002	28.2109360374	10.599
4643	0	3	1	470	29	13.8103227964	22.5003533613	22.029515332	15.937
4643	0	3	2	1817	113	13.8103227964	29.2211152126	28.7502771833	13.528
4644	0	3	1	874	54	17.5804808674	32.7765838956	32.1772091316	6.472
4644	0	3	2	2216	138	17.5804808674	33.1504174154	32.5510426514	12.535
4645	0	3	1	1003	62	15.735595552	26.8930134827	26.3565367537	17.559
4645	0	3	2	2350	146	15.735595552	29.9065691002	29.3700923713	10.346
4646	0	3	1	337	21	15.947604019	30.1769842219	29.6332794469	4.819
4646	0	3	2	1682	105	15.947604019	29.4704331793	28.9267284043	15.433
4646	1	3	1	338	21	15.947604019	31.3907259437	30.8470211687	12.22
4646	1	3	2	1678	104	15.947604019	30.2470439973	29.7033392223	15.213
4647	0	3	1	879	54	29.2333955354	31.7350310521	30.738371195	19.622
4647	0	3	2	2222	138	29.2333955354	27.0863208028	26.0896609457	22.031
4648	0	3	1	1079	67	11.0246033312	24.3851774699	24.0093135178	20.504
4648	0	3	2	2425	151	11.0246033312	26.5656756411	26.189811689	12.063
4649	0	3	1	430	26	12.7865145631	30.7399149483	30.3039818128	13.811
4649	0	3	2	1776	111	12.7865145631	33.3727234295	32.936790294	14.803
4650	0	3	1	879	54	23.3151053737	29.0348625619	28.2399761259	14.472
4650	0	3	2	2222	138	23.3151053737	32.9803951753	32.1855087393	9.401
4651	0	3	1	513	32	7.88751485149	32.885494915	32.6165843324	13.496
4651	0	3	2	1861	116	7.88751485149	33.6199915871	33.3510810045	5.653
4652	0	3	1	474	29	8.9089271901	30.139330026	29.8355962333	14.52
4652	0	3	2	1821	113	8.9089271901	29.5809774472	29.2772436545	4.252
4653	0	3	1	216	13	22.1251805189	33.7781814564	33.0238633606	8.693
4653	0	3	2	1558	97	22.1251805189	32.971216217	32.2168981212	14
4654	0	3	1	444	27	10.0850212537	43.2747933175	42.9309627204	10.126
4654	0	3	2	1791	111	10.0850212537	30.9317180657	30.5878874687	4.599
4655	0	3	1	899	56	20.4105702979	31.3412878051	30.6454262501	15.685
4655	0	3	2	2241	140	20.4105702979	31.0425287554	30.3466672004	15.685
4656	0	3	1	1021	63	15.7751552835	28.3282804248	27.7904549782	10.473
4656	0	3	2	2365	147	15.7751552835	29.346255292	28.8084298454	19.244
4657	0	3	1	901	56	17.031569419	27.5603857692	26.9797251503	16.599
4657	0	3	2	2242	140	17.031569419	28.5649832054	27.9843225866	10
4658	0	3	1	488	30	14.5326633741	1.22798661874	0.732521691176	11.339
4658	0	3	2	1832	114	14.5326633741	1.31180419039	0.816339262822	8.536
4659	0	3	1	1218	76	8.61846879551	27.089572021	26.795740883	7.149
4659	0	3	2	2567	160	8.61846879551	28.8078124383	28.5139813003	9.323
4660	0	3	1	948	59	20.8119866193	29.4598244905	28.7502773705	7.905
4660	0	3	2	2289	143	20.8119866193	31.2422049968	30.5326578769	6.535
4661	0	3	1	561	35	11.5729903143	28.8563503393	28.4617901228	13.433
4661	0	3	2	1911	119	11.5729903143	30.0752241198	29.6806639033	4.095
4662	0	3	1	430	26	8.92673244028	28.1864749542	27.8821341236	13.843
4662	0	3	2	1776	111	8.92673244028	28.5420590679	28.2377182373	12.645
4663	0	3	1	1093	68	10.7561319903	31.5361626526	31.1694517462	8.22
4663	0	3	2	2439	152	10.7561319903	33.3098481952	32.9431372888	5.402
4664	0	3	1	305	19	15.9134041644	31.4880245475	30.9454857548	11.717
4664	0	3	2	1650	103	15.9134041644	28.4911315268	27.9485927341	14.96
4665	0	3	1	1010	63	13.6270713175	28.4755932382	28.0110028373	11.26
4665	0	3	2	2356	147	13.6270713175	30.6765917612	30.2120013603	14.126
4666	0	3	1	457	28	12.8144196755	30.0668102746	29.6299257647	8
4666	0	3	2	1802	112	12.8144196755	26.6322518009	26.195367291	6.851
4667	0	3	1	470	29	7.31278161205	32.8338374751	32.584521385	8.851
4667	0	3	2	1818	113	7.31278161205	30.343862086	30.0945459958	10.661
4669	0	3	1	1063	66	17.838553229	22.3682631978	21.7600899225	14.032
4669	0	3	2	2411	150	17.838553229	26.3970595816	25.7888863063	17.905
4670	0	3	1	1029	64	14.3573037316	28.0829020938	27.5934157367	8.74
4670	0	3	2	2374	148	14.3573037316	41.848900775	41.3594144179	11.149
4671	0	3	1	447	27	10.7336969264	30.1809116386	29.8149656152	4.41
4671	0	3	2	1793	112	10.7336969264	32.2851530001	31.9192069767	8.347
4672	0	3	1	491	30	9.29229814339	27.6182811578	27.3014770244	13.606
4672	0	3	2	1834	114	9.29229814339	28.144327012	27.8275228786	5.874
4673	0	3	1	807	50	26.4933329123	31.5515304605	30.648288093	5.716
4673	0	3	2	2148	134	26.4933329123	29.2704456717	28.3672033042	13.622
4674	0	3	1	506	31	8.72864196448	28.8073943348	28.5098070415	11.811
4674	0	3	2	1857	116	8.72864196448	28.3854314945	28.0878442011	12.094
4675	0	3	1	918	57	17.0703054098	26.4962833005	25.914302048	5.78
4675	0	3	2	2255	140	17.0703054098	28.5777613863	27.9957801337	10.74
4676	0	3	1	1210	75	15.1846952317	31.5679791059	31.050284329	10.189
4676	0	3	2	2561	160	15.1846952317	31.6566336621	31.1389388852	6.315
4677	0	3	1	1074	67	19.361428199	27.3787240797	26.7186311309	13.338
4677	0	3	2	2420	151	19.361428199	26.2960871071	25.6359941583	20.252
4678	0	3	1	446	27	9.91829344871	29.279856602	28.9417102885	9.244
4678	0	3	2	1792	112	9.91829344871	29.8736966835	29.53555037	7.023
4679	0	3	1	1047	65	13.1561417963	35.0050599515	34.5565250426	15.622
4679	0	3	2	2400	150	13.1561417963	33.6184758764	33.1699409675	12.819
4679	1	3	1	1044	65	13.1561417963	26.9274754665	26.4789405576	10.661
4679	1	3	2	2404	150	13.1561417963	27.9921293809	27.5435944721	15.181
4680	0	3	1	807	50	23.0375462113	31.5155831107	30.7301595533	13.748
4680	0	3	2	2149	134	23.0375462113	34.8413759384	34.0559523811	17.606
4681	0	3	1	430	26	7.32820584055	31.5522197575	31.3023778062	14.882
4681	0	3	2	1777	111	7.32820584055	31.8176645173	31.5678225659	5.811
4682	0	3	1	558	34	14.7224069897	32.7150791244	32.2131452307	16
4682	0	3	2	1907	119	14.7224069897	33.9316719408	33.4297380471	10.929
4683	0	3	1	490	30	13.7819644232	29.5875507673	29.1176795655	15.181
4683	0	3	2	1834	114	13.7819644232	29.9117438598	29.441872658	7.653
4684	0	3	1	228	14	21.0908531424	32.0976027283	31.3785481575	4.063
4684	0	3	2	1571	98	21.0908531424	33.451382414	32.7323278432	7.37
4685	0	3	1	1221	76	8.85956518892	30.8423017974	30.540250913	15.685
4685	0	3	2	2571	160	8.85956518892	31.4017377024	31.099686818	4.221
4686	0	3	1	489	30	10.8330626985	27.6730914372	27.3037577172	13.937
4686	0	3	2	1834	114	10.8330626985	28.0116084904	27.6422747705	13.134
4687	0	3	1	999	62	10.8511685398	30.8591385525	30.4891875465	8.945
4687	0	3	2	2345	146	10.8511685398	35.119953757	34.7500027511	7.654
4688	0	3	1	973	60	15.8210860284	32.9986953087	32.4593039363	5.213
4688	0	3	2	2317	144	15.8210860284	31.8485489743	31.3091576018	5.433
4689	0	3	1	444	27	12.9757112618	30.0210790155	29.57869556	15.716
4689	0	3	2	1791	111	12.9757112618	29.1196127115	28.6772292561	10.977
4690	0	3	1	259	16	16.442129195	31.1350581569	30.5744934386	14.347
4690	0	3	2	1601	100	16.442129195	30.7702463441	30.2096816257	12.835
4691	0	3	1	471	29	12.2454243148	29.1584591599	28.7409735198	8.158
4691	0	3	2	1817	113	12.2454243148	31.9388728969	31.5213872568	10.22
4692	0	3	1	1262	78	5.24058666502	27.8981610859	27.7194927424	11.496
4692	0	3	2	2613	163	5.24058666502	27.9416139726	27.7629456291	12.913
4693	0	3	1	933	58	9.81782622338	34.3067856244	33.9720645596	16.063
4693	0	3	2	2277	142	9.81782622338	34.7729783005	34.4382572357	15.654
4694	0	3	1	471	29	12.036056953	24.3707758318	23.960428194	11.779
4694	0	3	2	1821	113	12.036056953	29.3649789397	28.9546313019	8.756
4695	0	3	1	1026	64	13.9237595567	35.6371463723	35.1624409213	8.189
4695	0	3	2	2373	148	13.9237595567	39.7286020194	39.2538965684	7.307
4697	0	3	1	281	17	10.5937583051	35.8757718036	35.514596735	14.221
4697	0	3	2	1624	101	10.5937583051	33.1434735015	32.7822984328	10.756
4698	0	3	1	793	49	24.594254368	32.7439360279	31.9054393157	13.024
4698	0	3	2	2132	133	24.594254368	33.8270014884	32.9885047762	17.244
4699	0	3	1	471	29	10.1186994031	26.6225779695	26.2775991767	9.04
4699	0	3	2	1817	113	10.1186994031	27.4177359962	27.0727572034	12.724
4700	0	3	1	549	34	13.5380120377	29.3063991162	28.8448450307	16.851
4700	0	3	2	1898	118	13.5380120377	28.1809173736	27.7193632881	5.968
4701	0	3	1	529	33	8.02940726221	27.4996888902	27.225940742	13.622
4701	0	3	2	1879	117	8.02940726221	25.6335242509	25.3597761027	4.851
4702	0	3	1	441	27	9.96303806625	31.7669039107	31.4272321103	9.039
4702	0	3	2	1789	111	9.96303806625	30.0179628493	29.6782910488	10.819
4703	0	3	1	814	50	25.1873895664	34.0476851995	33.1889666132	6.535
4703	0	3	2	2155	134	25.1873895664	32.5489009073	31.690182321	7.244
4704	0	3	1	506	31	9.42312348464	33.0713536802	32.7500892929	9.449
4704	0	3	2	1858	116	9.42312348464	31.8624387062	31.5411743189	11.118
4705	0	3	1	486	30	9.40140377745	27.3396511833	27.0191272902	19.212
4705	0	3	2	1831	114	9.40140377745	27.739231678	27.418707785	10.41
4706	0	3	1	337	21	15.0803533085	33.5449615343	33.0308241069	10.252
4706	0	3	2	1681	105	15.0803533085	32.8631561481	32.3490187207	12.189
4706	1	3	1	1003	62	15.0803533085	29.2971660258	28.7830285985	4.473
4706	1	3	2	2350	146	15.0803533085	30.2261148416	29.7119774143	7.969
4707	0	3	1	1092	68	11.855289692	33.5108508579	33.1066661536	23.748
4707	0	3	2	2439	152	11.855289692	32.0638997392	31.6597150349	4.362
4708	0	3	1	1222	76	13.9505007872	36.6105623176	36.1349451726	12.346
4708	0	3	2	2572	160	13.9505007872	32.1460997514	31.6704826064	5.968
4709	0	3	1	297	18	16.7371386807	27.4005682726	26.8299457383	12.992
4709	0	3	2	1641	102	16.7371386807	29.0622007808	28.4915782466	11.338
4710	0	3	1	406	25	13.2136606146	32.0323865687	31.5818906595	10
4710	0	3	2	1750	109	13.2136606146	29.7018286064	29.2513326972	5.166
4711	0	3	1	473	29	12.4949730119	26.9408800209	26.5148864684	13.717
4711	0	3	2	1828	114	12.4949730119	30.9335181478	30.5075245953	7.008
4712	0	3	1	951	59	13.9887112283	29.1235170847	28.6465972238	17.748
4712	0	3	2	2293	143	13.9887112283	30.530009715	30.0530898541	6.599
4713	0	3	1	574	35	9.83680684886	30.0533797451	29.7180115702	10.914
4713	0	3	2	1923	120	9.83680684886	33.4227514893	33.0873833144	4.126
4715	0	3	1	376	23	18.0195040508	31.2267478587	30.6124053917	8.866
4715	0	3	2	1721	107	18.0195040508	30.793114466	30.178771999	14.284
4716	0	3	1	525	32	10.852904834	29.4018754206	29.0318652189	7.37
4716	0	3	2	1875	117	10.852904834	32.3190960477	31.949085846	4.851
4717	0	3	1	811	50	22.5662659943	31.9996625189	31.2303064099	15.149
4717	0	3	2	2153	134	22.5662659943	32.4664553781	31.6970992691	18.913
4718	0	3	1	1248	78	5.95019796134	27.6272992733	27.4244380134	8.771
4718	0	3	2	2597	162	5.95019796134	28.9933910832	28.7905298233	16.094
4719	0	3	1	1026	64	12.7392795679	32.4138170356	31.9794942921	14.284
4719	0	3	2	2372	148	12.7392795679	34.4015491058	33.9672263622	8.063
4720	0	3	1	131	8	19.2004142914	15.6440042003	14.98940073	14.583
4720	0	3	2	1467	91	19.2004142914	12.970063065	12.3154595948	13.969
4721	0	3	1	486	30	8.37385355742	25.0406001401	24.7551087171	20.441
4721	0	3	2	1830	114	8.37385355742	27.8381904583	27.5526990353	13.937
4722	0	3	1	118	7	22.8475634853	37.3207150605	36.5417686213	8
4722	0	3	2	1458	91	22.8475634853	36.5339878933	35.7550414541	8.441
4723	0	3	1	490	30	10.5719706429	26.1983847568	25.8379524992	18
4723	0	3	2	1833	114	10.5719706429	29.3940038408	29.0335715832	18.063
4724	0	3	1	443	27	11.7951247882	27.0689957474	26.6668622569	12.032
4724	0	3	2	1790	111	11.7951247882	28.5406731674	28.1385396769	9.181
4725	0	3	1	1230	76	10.5561550047	29.2820910102	28.9221979583	11.244
4725	0	3	2	2581	161	10.5561550047	30.1448856043	29.7849925523	11.15
4726	0	3	1	547	34	13.654504381	27.7892227493	27.3236970676	11.402
4726	0	3	2	1894	118	13.654504381	29.7097242252	29.2441985435	15.968
4727	0	3	1	1019	63	15.8386198735	33.8278749254	33.2878857681	14.724
4727	0	3	2	2362	147	15.8386198735	32.0445571078	31.5045679506	10.614
4728	0	3	1	456	28	9.98766679672	30.4633853394	30.1228738668	9.213
4728	0	3	2	1801	112	9.98766679672	28.9311620737	28.5906506011	10.536
4729	0	3	1	429	26	9.66404027566	25.9244236381	25.5949456276	12.63
4729	0	3	2	1776	111	9.66404027566	29.7465528826	29.4170748721	11.748
4730	0	3	1	477	29	14.7818076492	32.9233905861	32.4194315341	10.567
4730	0	3	2	1825	114	14.7818076492	28.6215961012	28.1176370492	8.504
4731	0	3	1	814	50	19.9975897589	28.8007969923	28.1190152633	14.96
4731	0	3	2	2155	134	19.9975897589	29.5613637687	28.8795820397	13.481
4732	0	3	1	470	29	7.28293537514	26.7714771684	26.5231786319	10.425
4732	0	3	2	1816	113	7.28293537514	30.971249545	30.7229510085	11.528
4733	0	3	1	1213	75	8.42214091022	29.5327593595	29.2456216664	10.284
4733	0	3	2	2562	160	8.42214091022	30.0641724599	29.7770347668	10.551
4734	0	3	1	106	6	21.1381225357	36.1413161369	35.4206500015	6.866
4734	0	3	2	1448	90	21.1381225357	33.9253943294	33.204728194	14.488
4735	0	3	1	1056	66	16.836766796	32.7047391838	32.1307200087	7.055
4735	0	3	2	2401	150	16.836766796	32.0469799156	31.4729607406	7.906
4736	0	3	1	254	15	18.5632723291	35.650622529	35.017741264	8.347
4736	0	3	2	1596	99	18.5632723291	31.2304753943	30.5975941293	13.969
4737	0	3	1	1265	79	7.81240805399	28.3838051615	28.1174552096	19.055
4737	0	3	2	2618	163	7.81240805399	30.3749337822	30.1085838303	6.724
4738	0	3	1	1003	62	14.9414007241	29.9589570986	29.4495570088	11.843
4738	0	3	2	2350	146	14.9414007241	21.1579621098	20.64856202	21.559
4739	0	3	1	1229	76	13.1924267715	29.3987922055	28.9490202259	9.228
4739	0	3	2	2580	161	13.1924267715	30.4588341239	30.0090621443	12.914
4740	0	3	1	137	8	23.5896643668	32.3927168698	31.5884698405	14.772
4740	0	3	2	1478	92	23.5896643668	30.5318351195	29.7275880902	17.906
4741	0	3	1	1033	64	10.6218341873	42.2550726778	41.8929404126	26.897
4741	0	3	2	2375	148	10.6218341873	33.1002042189	32.7380719538	8.126
4742	0	3	1	73	4	21.614956584	34.9030088688	34.1660859372	12.252
4742	0	3	2	1413	88	21.614956584	32.7445765021	32.0076535705	11.292
4743	0	3	1	965	60	19.4833018486	30.6373628501	29.9731148392	15.402
4743	0	3	2	2310	144	19.4833018486	26.7323019567	26.0680539458	16.158
4744	0	3	1	337	21	15.3841271706	30.4882693368	29.9637752879	14.929
4744	0	3	2	1681	105	15.3841271706	30.6298483492	30.1053543003	16.709
4745	0	3	1	1064	66	18.656308724	26.2017816653	25.5657284923	7.685
4745	0	3	2	2412	150	18.656308724	27.8898687877	27.2538156147	17.842
4746	0	3	1	1093	68	15.4623682091	27.9307376578	27.4035761219	15.78
4746	0	3	2	2441	152	15.4623682091	26.3134704557	25.7863089198	16.992
4747	0	3	1	453	28	10.4219733927	28.6160835092	28.2607651371	5.103
4747	0	3	2	1798	112	10.4219733927	28.8524648768	28.4971465047	6.992
4748	0	3	1	1077	67	19.8924601187	28.2829855036	27.60478798	12.189
4748	0	3	2	2423	151	19.8924601187	25.7718703886	25.093672865	21.685
4748	1	3	1	1076	67	19.8924601187	29.3793939313	28.7011964077	12.85
4748	1	3	2	2419	151	19.8924601187	25.6254875285	24.9472900049	13.717
4749	0	3	1	792	49	25.3864300437	31.2557993439	30.3902948318	9.843
4749	0	3	2	2133	133	25.3864300437	32.9145096198	32.0490051077	14.914
4750	0	3	1	282	17	17.1983829167	31.9590354084	31.3726875844	13.213
4750	0	3	2	1626	101	17.1983829167	32.8031346653	32.2167868413	14.189
4751	0	3	1	428	26	10.22803008	27.267828488	26.9191222631	15.874
4751	0	3	2	1774	110	10.22803008	29.0269460886	28.6782398637	11.779
4752	0	3	1	1213	75	8.29587994275	29.0377996842	28.7549666308	8.599
4752	0	3	2	2562	160	8.29587994275	31.1776365188	30.8948034654	6.488
4753	0	3	1	903	56	17.5882115705	32.358251607	31.7586132786	17.906
4753	0	3	2	2245	140	17.5882115705	36.354789382	35.7551510537	8.725
4754	0	3	1	983	61	20.1697056885	31.9364525031	31.2488027922	7.275
4754	0	3	2	2329	145	20.1697056885	31.4032703976	30.7156206866	15.197
4755	0	3	1	487	30	8.3914853151	28.4971235306	28.2110309847	14.756
4755	0	3	2	1832	114	8.3914853151	28.6692395954	28.3831470494	10.535
4756	0	3	1	584	36	7.71294531604	30.0579468881	29.7949879387	15.937
4756	0	3	2	1930	120	7.71294531604	29.7718623686	29.5089034192	14.63
4757	0	3	1	567	35	10.0295771449	31.8705188657	31.5285785355	14.661
4757	0	3	2	1914	119	10.0295771449	30.7834421331	30.4415018028	4.157
4758	0	3	1	896	56	14.2593930773	28.8315273767	28.3453791067	10.788
4758	0	3	2	2238	139	14.2593930773	31.86561277	31.3794645	10.283
4759	0	3	1	1041	65	16.4232611349	29.8992036611	29.3392822153	11.275
4759	0	3	2	2398	149	16.4232611349	31.486698584	30.9267771382	11.464
4760	0	3	1	133	8	27.1955913595	32.422455273	31.4952706712	15.087
4760	0	3	2	1477	92	27.1955913595	35.0362575557	34.1090729539	7.905
4761	0	3	1	1069	66	8.29217558285	29.1166998255	28.8339930656	8.504
4761	0	3	2	2411	150	8.29217558285	27.9028286264	27.6201218665	17.244
4762	0	3	1	429	26	14.0437473397	25.7632556909	25.2844594731	19.748
4762	0	3	2	1775	110	14.0437473397	25.0290894687	24.5502932508	20.063
4764	0	3	1	984	61	12.388861427	24.0504718683	23.6280959987	12.756
4764	0	3	2	2329	145	12.388861427	30.4620940117	30.0397181422	14.284
4765	0	3	1	432	27	12.8033630969	34.5065179983	34.0700104424	10.472
4765	0	3	2	1779	111	12.8033630969	30.2288492757	29.7923417198	6.284
4766	0	3	1	793	49	25.2710954646	33.8398281976	32.9782558099	13.842
4766	0	3	2	2134	133	25.2710954646	32.4273930743	31.5658206865	4.897
4767	0	3	1	329	20	7.19184681799	30.0952967836	29.850103747	7.843
4767	0	3	2	1673	104	7.19184681799	32.3519276042	32.1067345676	4.158
4768	0	3	1	487	30	14.2497548634	26.7734894861	26.2876698136	17.181
4768	0	3	2	1831	114	14.2497548634	29.8982839656	29.4124642931	4.409
4769	0	3	1	112	7	22.3010760675	30.3761529153	29.6158379783	6.661
4769	0	3	2	1451	90	22.3010760675	32.5792587331	31.8189437961	13.653
4770	0	3	1	210	13	20.5513570746	32.1864748119	31.4858133858	8.032
4770	0	3	2	1553	97	20.5513570746	33.2716618865	32.5710004605	15.685
4772	0	3	1	963	60	17.076985027	29.9208344635	29.3386254815	13.716
4772	0	3	2	2308	144	17.076985027	30.939958224	30.357749242	12.788
4773	0	3	1	334	20	15.3593326994	29.861408851	29.3377601248	9.685
4773	0	3	2	1678	104	15.3593326994	30.0629014937	29.5392527676	7.748
4774	0	3	1	998	62	16.141936069	29.1045133448	28.5541831693	6.929
4774	0	3	2	2344	146	16.141936069	29.090630114	28.5402999385	8.126
4775	0	3	1	1089	68	11.02918071	34.6889109181	34.3128909085	4.063
4775	0	3	2	2436	152	11.02918071	34.2192491533	33.8432291437	4.819
4776	0	3	1	1222	76	11.5680767507	31.9653240949	31.5709313975	9.968
4776	0	3	2	2572	160	11.5680767507	32.3021651229	31.9077724254	6.157
4777	0	3	1	529	33	10.5057012048	26.7580548454	26.3998819247	16.551
4777	0	3	2	1879	117	10.5057012048	27.7470279355	27.3888550148	8.473
4778	0	3	1	1258	78	7.62361386906	27.7882341549	27.5283208	10.96
4778	0	3	2	2609	163	7.62361386906	27.6563746928	27.3964613379	15.937
4779	0	3	1	992	62	14.4773876471	29.1789054923	28.6853250909	10.031
4779	0	3	2	2340	146	14.4773876471	30.0151059727	29.5215255713	11.055
4780	0	3	1	1107	69	11.5993866302	28.5609184505	28.1654582993	9.086
4780	0	3	2	2454	153	11.5993866302	29.8077528126	29.4122926613	10.693
4781	0	3	1	797	49	27.0875019854	30.8256929345	29.9021934448	13.59
4781	0	3	2	2134	133	27.0875019854	33.1204484411	32.1969489515	11.37
4782	0	3	1	1024	64	11.0973004181	23.4929643525	23.1146219244	14.85
4782	0	3	2	2370	148	11.0973004181	31.7994563638	31.4211139357	6.756
4783	0	3	1	431	26	14.6347677706	31.4052175015	30.9062715088	9.276
4783	0	3	2	1779	111	14.6347677706	30.2521908017	29.753244809	9.685
4784	0	3	1	430	26	10.7486044327	26.6369122178	26.2704579499	11.905
4784	0	3	2	1777	111	10.7486044327	25.9089507625	25.5424964947	5.307
4785	0	3	1	490	30	10.3555386807	28.0524444677	27.6993910672	18.284
4785	0	3	2	1834	114	10.3555386807	29.2695345416	28.9164811411	11.843
4786	0	3	1	1253	78	9.17178582939	30.0263470744	29.7136515908	11.748
4786	0	3	2	2601	162	9.17178582939	28.5028671192	28.1901716356	15.779
4787	0	3	1	489	30	8.05123619976	29.020364619	28.7458722525	11.717
4787	0	3	2	1834	114	8.05123619976	29.8339249453	29.5594325789	13.685
4788	0	3	1	430	26	14.9936227032	30.0608142763	29.5496337724	14.834
4788	0	3	2	1774	110	14.9936227032	27.9276536094	27.4164731054	15.622
4789	0	3	1	485	30	15.6314289641	27.920113268	27.3871879108	13.874
4789	0	3	2	1830	114	15.6314289641	32.0296908905	31.4967655333	15.339
4790	0	3	1	158	9	20.6385351394	28.1568817077	27.4532481029	7.528
4790	0	3	2	1497	93	20.6385351394	28.1069542317	27.4033206269	24.709
4791	0	3	1	458	28	11.6686380529	29.7179735235	29.32015237	5.937
4791	0	3	2	1805	112	11.6686380529	27.2330699897	26.8352488361	10.095
4792	0	3	1	372	23	11.4317926388	29.5903953336	29.2006489969	16.158
4792	0	3	2	1717	107	11.4317926388	28.9318974245	28.5421510878	17.213
4793	0	3	1	832	52	22.8793985375	31.1662032261	30.3861714283	14.284
4793	0	3	2	2174	135	22.8793985375	31.4535319788	30.6735001809	18.504
4794	0	3	1	308	19	18.009960403	29.2970088515	28.6829917579	14.488
4794	0	3	2	1652	103	18.009960403	29.6099242874	28.9959071939	11.527
4795	0	3	1	449	28	9.11728841493	27.5683332027	27.2574957101	29.024
4795	0	3	2	1798	112	9.11728841493	32.5311519874	32.2203144948	10.22
4796	0	3	1	280	17	16.096708818	28.6773469141	28.1285586801	18.158
4796	0	3	2	1625	101	16.096708818	34.175655681	33.626867447	13.842
4797	0	3	1	233	14	18.3418572773	29.7841426961	29.1588101777	17.339
4797	0	3	2	1577	98	18.3418572773	29.1598130518	28.5344805333	10
4797	1	3	1	232	14	18.3418572773	28.0138969992	27.3885644808	4.536
4797	1	3	2	1576	98	18.3418572773	29.478269972	28.8529374536	9.622
4798	0	3	1	443	27	10.0883526964	27.7431564029	27.3992122263	7.748
4798	0	3	2	1790	111	10.0883526964	24.2115089027	23.8675647261	4.535
4799	0	3	1	821	51	31.6063349311	23.5498287341	22.4722677912	14.787
4799	0	3	2	2164	135	31.6063349311	25.4905621402	24.4130011973	15.937
4800	0	3	1	1012	63	15.9831797214	30.9360259482	30.3911082839	14.788
4800	0	3	2	2356	147	15.9831797214	32.2582413585	31.7133236941	6.599
4801	0	3	1	518	32	8.42113196994	30.3227853912	30.035682096	6.22
4801	0	3	2	1865	116	8.42113196994	33.4172353947	33.1301320996	17.276
4802	0	3	1	597	37	8.38314730767	26.5679567271	26.2821484505	13.118
4802	0	3	2	1944	121	8.38314730767	28.542790977	28.2569827004	6.441
4803	0	3	1	1003	62	18.357348416	30.1938065459	29.5679458851	9.748
4803	0	3	2	2350	146	18.357348416	31.3441144186	30.7182537577	11.591
4804	0	3	1	530	33	12.0117382353	28.8389451856	28.4294266506	16.441
4804	0	3	2	1879	117	12.0117382353	28.6727245614	28.2632060264	11.386
4805	0	3	1	1009	63	14.0701729707	38.3837845008	37.9040873488	4.252
4805	0	3	2	2363	147	14.0701729707	29.7938163125	29.3141191605	20.094
4806	0	3	1	1248	78	11.8020843246	28.8884885906	28.4861178273	4.457
4806	0	3	2	2597	162	11.8020843246	29.61339018	29.2110194166	11.748
4807	0	3	1	796	49	23.4339791166	33.5404229201	32.7414836984	11.275
4807	0	3	2	2134	133	23.4339791166	31.2919252913	30.4929860695	19.622
4808	0	3	1	446	27	10.413784775	26.8535436665	26.4985044706	8.441
4808	0	3	2	1792	112	10.413784775	27.7727771139	27.417737918	14.094
4809	0	3	1	994	62	10.7047731213	45.1487873381	44.7838274197	6.126
4809	0	3	2	2332	145	10.7047731213	32.9675831801	32.6026232617	13.622
4810	0	3	1	808	50	23.8616480716	33.7560256233	32.9425058004	7.37
4810	0	3	2	2149	134	23.8616480716	33.4588061271	32.6452863042	6.457
4811	0	3	1	528	33	7.9252793284	27.63871112	27.3685130257	14.96
4811	0	3	2	1876	117	7.9252793284	29.283289883	29.0130917888	10.378
4812	0	3	1	571	35	6.70394249581	27.1431668694	26.9146080501	10.284
4812	0	3	2	1921	120	6.70394249581	30.5385844875	30.3100256681	4.803
4813	0	3	1	242	15	12.6347133404	32.6507284997	32.2199707529	7.055
4813	0	3	2	1576	98	12.6347133404	29.4760973423	29.0453395955	5.212
4814	0	3	1	280	17	17.4079319148	26.1398188067	25.5463267879	10.346
4814	0	3	2	1624	101	17.4079319148	27.85798208	27.2644900612	14.567
4815	0	3	1	1021	63	8.33519355005	27.0601849339	26.7760115541	14.945
4815	0	3	2	2366	147	8.33519355005	28.622592547	28.3384191672	9.716
4816	0	3	1	443	27	10.8760893095	28.864729678	28.4939290434	6.283
4816	0	3	2	1790	111	10.8760893095	26.4395969272	26.0687962926	10.031
4817	0	3	1	215	13	22.3128769654	33.7370011699	32.9762839025	10.252
4817	0	3	2	1559	97	22.3128769654	38.2621694743	37.5014522069	11.149
4818	0	3	1	838	52	18.6940310534	32.6945847597	32.057245512	6.252
4818	0	3	2	2181	136	18.6940310534	27.9537539943	27.3164147466	8.819
4820	0	3	1	453	28	15.4223499756	28.4320188977	27.9062217112	5.197
4820	0	3	2	1800	112	15.4223499756	30.2066744423	29.6808772558	13.086
4821	0	3	1	488	30	16.9887713428	30.4468461939	29.8676446982	12.929
4821	0	3	2	1833	114	16.9887713428	32.4970231528	31.9178216571	8.598
4822	0	3	1	491	30	14.4753541965	27.7525998344	27.2590887598	15.228
4822	0	3	2	1837	114	14.4753541965	26.6759416184	26.1824305438	8.992
4823	0	3	1	299	18	14.4070526825	34.585104777	34.0939223192	5.559
4823	0	3	2	1643	102	14.4070526825	32.2957480689	31.8045656111	15.717
4824	0	3	1	471	29	8.81166464051	27.0404045197	26.7399867181	9.181
4824	0	3	2	1817	113	8.81166464051	28.5082664425	28.2078486409	14.756
4825	0	3	1	1058	66	17.7398923663	31.3710581577	30.7662485464	11.842
4825	0	3	2	2404	150	17.7398923663	28.6120230151	28.0072134038	18.992
4826	0	3	1	985	61	13.4313336583	27.1543702376	26.6964531589	12.63
4826	0	3	2	2330	145	13.4313336583	34.6810573295	34.2231402507	11.906
4827	0	3	1	487	30	11.0623303382	26.9536657364	26.57651555	13.716
4827	0	3	2	1834	114	11.0623303382	32.7626125366	32.3854623503	9.622
4828	0	3	1	740	46	20.99260229	32.2042359229	31.4885310376	8.882
4828	0	3	2	2079	129	20.99260229	34.1658168188	33.4501119336	9.842
4829	0	3	1	1090	68	11.6609995673	32.2309854012	31.833424668	5.527
4829	0	3	2	2438	152	11.6609995673	32.1490969405	31.7515362074	4
4830	0	3	1	1222	76	13.0620433649	34.6526294127	34.20730262	8.662
4830	0	3	2	2572	160	13.0620433649	32.1145857347	31.6692589421	13.906
4832	0	3	1	409	25	10.8117670071	28.5725199712	28.2039122894	25.118
4832	0	3	2	1755	109	10.8117670071	28.9424621895	28.5738545077	8.158
4833	0	3	1	138	8	20.3265195198	32.7973330936	32.1043370982	15.779
4833	0	3	2	1480	92	20.3265195198	30.497570721	29.8045747256	9.654
4834	0	3	1	920	57	21.5832771114	31.4755379303	30.7396950531	16.33
4834	0	3	2	2255	140	21.5832771114	29.5248104232	28.788967546	7.559
4835	0	3	1	1062	66	18.3319113479	25.8692539912	25.2442605613	10.473
4835	0	3	2	2411	150	18.3319113479	26.2726045903	25.6476111604	17.244
4836	0	3	1	545	34	11.6923294365	34.1283820671	33.7297531986	6.441
4836	0	3	2	1894	118	11.6923294365	31.0756867443	30.6770578758	8.788
4837	0	3	1	879	54	19.525740822	29.874022577	29.2083276859	6.74
4837	0	3	2	2222	138	19.525740822	28.9459677403	28.2802728492	15.339
4838	0	3	1	270	16	14.8657619092	30.5832337927	30.0764124718	5.496
4838	0	3	2	1613	100	14.8657619092	27.871440919	27.3646195981	6.504
4839	0	3	1	453	28	13.8266691371	29.8717510652	29.4003557369	5.512
4839	0	3	2	1798	112	13.8266691371	31.2443500002	30.7729546719	6.504
4840	0	3	1	414	25	13.0481822161	31.518243973	31.0733897511	6.977
4840	0	3	2	1760	110	13.0481822161	30.3151288027	29.8702745809	18.866
4841	0	3	1	591	36	8.2950151745	29.8848034331	29.6019998625	9.622
4841	0	3	2	1940	121	8.2950151745	29.651773869	29.3689702984	7.276
4842	0	3	1	985	61	14.9976754472	27.0018008986	26.4904822237	8
4842	0	3	2	2330	145	14.9976754472	34.1983902477	33.6870715728	14.803
4843	0	3	1	795	49	24.0437199902	32.847516758	32.0277895218	13.118
4843	0	3	2	2134	133	24.0437199902	29.8007071555	28.9809799193	10.41
4844	0	3	1	159	9	9.5051369863	37.4970191722	37.1729586825	11.685
4844	0	3	2	1499	93	9.5051369863	37.1991026438	36.8750421542	19.528
4845	0	3	1	562	35	7.54864227642	14.9232199584	14.6658626247	11.386
4845	0	3	2	1928	120	7.54864227642	29.9010173789	29.6436600451	4.221
4846	0	3	1	934	58	20.0179670389	32.0166438694	31.3341674139	10.929
4846	0	3	2	2277	142	20.0179670389	30.8507021244	30.1682256688	5.008
4847	0	3	1	974	60	14.8348362408	28.1325091091	27.626742143	8.567
4847	0	3	2	2318	144	14.8348362408	27.0645573343	26.5587903682	8.725
4848	0	3	1	1255	78	12.2325168554	29.4003725154	28.9833269318	12.189
4848	0	3	2	2603	162	12.2325168554	30.8029759096	30.385930326	13.559
4849	0	3	1	807	50	23.1645156071	35.8813139249	35.0915615752	13.716
4849	0	3	2	2148	134	23.1645156071	29.4002341777	28.610481828	15.748
4850	0	3	1	579	36	12.4718897534	26.3441606786	25.9189541081	11.842
4850	0	3	2	1927	120	12.4718897534	29.3346470471	28.9094404766	10.63
4851	0	3	1	134	8	18.5132248195	27.803489501	27.1723145156	11.843
4851	0	3	2	1476	92	18.5132248195	30.6012069904	29.9700320049	5.622
4852	0	3	1	259	16	18.9333903868	27.999144626	27.3536448539	17.811
4852	0	3	2	1605	100	18.9333903868	29.3455911914	28.7000914192	8.693
4852	1	3	1	261	16	18.9333903868	32.6408235976	31.9953238255	9.149
4852	1	3	2	1596	99	18.9333903868	30.5101850814	29.8646853092	4
4853	0	3	1	509	31	7.4746129296	30.0153496848	29.760516248	13.685
4853	0	3	2	1858	116	7.4746129296	28.5573489738	28.302515537	12.22
4854	0	3	1	737	46	24.6320736589	36.2539115634	35.4141254707	12.252
4854	0	3	2	2077	129	24.6320736589	38.5799124784	37.7401263858	7.401
4855	0	3	1	805	50	22.7643171642	34.0547664693	33.2786581631	5.874
4855	0	3	2	2145	134	22.7643171642	35.2759642129	34.4998559068	6.677
4856	0	3	1	457	28	6.85714862079	31.3279366435	31.0941545378	10.787
4856	0	3	2	1802	112	6.85714862079	27.9935174649	27.7597353592	14
4857	0	3	1	551	34	10.2562832323	27.6743432272	27.324673762	9.339
4857	0	3	2	1898	118	10.2562832323	31.4057776951	31.05610823	6.803
4858	0	3	1	564	35	13.8640580892	33.8475853335	33.3749152963	11.843
4858	0	3	2	1913	119	13.8640580892	31.557484166	31.0848141289	7.717
4859	0	3	1	1001	62	17.9996788481	32.0648156541	31.4511490917	13.969
4859	0	3	2	2349	146	17.9996788481	33.1321281972	32.5184616347	11.134
4860	0	3	1	324	20	12.103105765	26.4732783384	26.0606447924	5.181
4860	0	3	2	1678	104	12.103105765	30.1829025367	29.7702689907	9.118
4861	0	3	1	1041	65	14.4314899327	28.6552812197	28.163265618	18.96
4861	0	3	2	2394	149	14.4314899327	27.8270203536	27.3350047519	23.559
4862	0	3	1	499	31	6.27405649973	33.1818215485	32.9679189163	20.961
4862	0	3	2	1859	116	6.27405649973	28.472467952	28.2585653197	14.724
4863	0	3	1	1026	64	18.6804629547	36.2783566904	35.6414800225	11.071
4863	0	3	2	2372	148	18.6804629547	32.1968524672	31.5599757994	5.937
4864	0	3	1	265	16	21.0423087096	33.0266194435	32.3092199076	11.307
4864	0	3	2	1609	100	21.0423087096	32.464014032	31.7466144961	10.063
4865	0	3	1	809	50	24.3777676514	30.6141716908	29.7830557024	11.229
4865	0	3	2	2149	134	24.3777676514	30.1818652292	29.3507492409	15.842
4866	0	3	1	822	51	27.8289537707	31.6398028853	30.6910249353	10.976
4866	0	3	2	2165	135	27.8289537707	28.4818750668	27.5330971168	13.874
4867	0	3	1	144	9	17.9005191866	31.1371122856	30.5268263927	6.63
4867	0	3	2	1483	92	17.9005191866	36.6339900348	36.023704142	14.945
4869	0	3	1	1069	66	10.0237906019	27.6993794887	27.3576364402	4.504
4869	0	3	2	2415	150	10.0237906019	29.2832494604	28.9415064119	20.536
4870	0	3	1	583	36	11.1893330977	25.4907322271	25.1092521108	24.677
4870	0	3	2	1931	120	11.1893330977	26.8259994974	26.4445193812	14.567
4871	0	3	1	439	27	11.5213450531	30.3970901764	30.0042907119	7.118
4871	0	3	2	1787	111	11.5213450531	30.6968081749	30.3040087103	7.842
4872	0	3	1	159	9	24.3111233911	33.099807032	32.2709631594	10.41
4872	0	3	2	1498	93	24.3111233911	33.6406130677	32.8117691951	16.284
4873	0	3	1	477	29	11.164272454	28.9733472431	28.5927215243	13.906
4873	0	3	2	1826	114	11.164272454	28.8736742968	28.493048578	5.685
4874	0	3	1	975	60	15.756678569	29.8865464322	29.3493509158	8.283
4874	0	3	2	2319	144	15.756678569	32.0483760671	31.5111805507	6.473
4875	0	3	1	1004	62	15.3904275557	30.1860140371	29.661305188	17.622
4875	0	3	2	2350	146	15.3904275557	29.5454524704	29.0207436213	11.843
4876	0	3	1	488	30	13.6151201048	28.4489897533	27.9848068074	16.378
4876	0	3	2	1833	114	13.6151201048	29.3935611817	28.9293782358	6.488
4877	0	3	1	409	25	10.2163914074	27.823265349	27.4749559236	28.819
4877	0	3	2	1755	109	10.2163914074	28.7011980334	28.352888608	14.662
4878	0	3	1	133	8	17.2556906208	30.5337252196	29.9454235929	17.716
4878	0	3	2	1478	92	17.2556906208	30.0821628559	29.4938612291	22.725
4880	0	3	1	1213	75	9.64428219769	29.0966912077	28.7678868132	12.441
4880	0	3	2	2561	160	9.64428219769	30.0217146108	29.6929102164	11.653
4881	0	3	1	434	27	10.6679885386	28.7498240734	28.386118259	5.968
4881	0	3	2	1783	111	10.6679885386	29.3344967131	28.9707908987	12.315
4882	0	3	1	1061	66	13.5021163273	30.2170314886	29.7567012025	9.087
4882	0	3	2	2407	150	13.5021163273	23.2913437433	22.8310134572	18.425
4883	0	3	1	902	56	21.222482144	33.9241954889	33.2006532649	8.063
4883	0	3	2	2242	140	21.222482144	32.5911141805	31.8675719565	11.04
4884	0	3	1	430	26	12.8495277823	33.7434247569	33.3053432994	7.653
4884	0	3	2	1777	111	12.8495277823	31.5517384552	31.1136569977	10.22
4885	0	3	1	246	15	18.0358309863	34.171742877	33.5568437726	5.464
4885	0	3	2	1588	99	18.0358309863	31.4042985039	30.7893993995	11.055
4886	0	3	1	454	28	13.0620288462	30.4491333994	30.0038071017	23.496
4886	0	3	2	1800	112	13.0620288462	28.4116714558	27.9663451581	10.22
4887	0	3	1	75	4	17.7976356786	34.5841630355	33.9773847702	6.158
4887	0	3	2	1416	88	17.7976356786	33.107123406	32.5003451407	15.086
4889	0	3	1	487	30	14.3315202786	26.9117393105	26.4231319937	13.78
4889	0	3	2	1832	114	14.3315202786	30.8908478221	30.4022405054	12.897
4890	0	3	1	485	30	13.0546344716	26.9209775779	26.475903378	13.527
4890	0	3	2	1829	114	13.0546344716	29.818782986	29.3737087861	16.74
4891	0	3	1	129	8	19.0470048409	24.2887219438	23.6393486919	13.811
4891	0	3	2	1469	91	19.0470048409	30.6155385217	29.9661652698	15.874
4892	0	3	1	422	26	10.4556659183	30.7976562697	30.4411892118	13.748
4892	0	3	2	1768	110	10.4556659183	32.2947550527	31.9382879948	16.252
4893	0	3	1	1069	66	13.4013868744	29.8247713396	29.3678752425	8.063
4893	0	3	2	2415	150	13.4013868744	30.0251107585	29.5682146614	12.599
4894	0	3	1	917	57	18.2304280923	31.0713403951	30.4498068536	21.528
4894	0	3	2	2267	141	18.2304280923	30.4843511775	29.862817636	8.094
4895	0	3	1	1060	66	15.7920508019	29.6481316032	29.1097301343	8
4895	0	3	2	2408	150	15.7920508019	31.6288811103	31.0904796415	17.622
4896	0	3	1	805	50	23.2747900382	31.0803597596	30.2868478021	14.031
4896	0	3	2	2146	134	23.2747900382	30.7050818176	29.9115698601	16.725
4897	0	3	1	528	33	10.7646837874	27.3051652023	26.9381627379	11.26
4897	0	3	2	1876	117	10.7646837874	28.1500275944	27.78302513	6.882
4898	0	3	1	1051	65	11.1200260093	14.4231275295	14.0440103134	7.685
4898	0	3	2	2388	149	11.1200260093	28.9424002997	28.5632830836	15.465
4899	0	3	1	983	61	18.0710952048	22.7489506181	22.1328492438	6.031
4899	0	3	2	2324	145	18.0710952048	32.1448910179	31.5287896436	5.04
4900	0	3	1	825	51	23.0398985963	18.085241888	17.2997381303	14.378
4900	0	3	2	2166	135	23.0398985963	10.2755315329	9.4900277752	19.543
4901	0	3	1	429	26	13.8375918695	28.3019060434	27.8301383243	10.567
4901	0	3	2	1775	110	13.8375918695	30.3738722931	29.9021045739	13.78
4902	0	3	1	504	31	8.00351035927	33.8703781209	33.5975128808	6.756
4902	0	3	2	1850	115	8.00351035927	30.4929869448	30.2201217048	7.276
4903	0	3	1	1230	76	13.464974222	28.1729398653	27.7138758723	13.402
4903	0	3	2	2581	161	13.464974222	29.4018513143	28.9427873213	14.126
4904	0	3	1	485	30	12.1655263184	26.9024300478	26.4876683857	17.654
4904	0	3	2	1830	114	12.1655263184	28.6177279237	28.2029662616	10
4905	0	3	1	439	27	11.3673917821	30.451031358	30.0634806523	9.685
4905	0	3	2	1784	111	11.3673917821	29.2459849194	28.8584342137	10
4906	0	3	1	565	35	12.6312118699	25.4602182336	25.0295798631	12.425
4906	0	3	2	1914	119	12.6312118699	30.5474314843	30.1167931139	9.779
4907	0	3	1	487	30	11.4122754725	26.9328336123	26.5437526782	17.37
4907	0	3	2	1832	114	11.4122754725	31.13065507	30.7415741359	9.276
4908	0	3	1	405	25	11.0674306976	34.4179165746	34.0405925007	8.961
4908	0	3	2	1753	109	11.0674306976	32.0715881302	31.6942640563	7.465
4909	0	3	1	457	28	12.4166770745	31.3400827526	30.9167585587	6.567
4909	0	3	2	1803	112	12.4166770745	28.0865092428	27.6631850489	12.347
4911	0	3	1	1238	77	6.85405123152	28.7984571593	28.5647806535	5.905
4911	0	3	2	2589	161	6.85405123152	29.784521615	29.5508451092	5.779
4912	0	3	1	471	29	9.68487152439	29.7650000463	29.434811832	8.252
4912	0	3	2	1817	113	9.68487152439	28.7626104081	28.4324221938	8.441
4913	0	3	1	139	8	20.4083491766	29.5448998049	28.849113975	9.874
4913	0	3	2	1480	92	20.4083491766	30.6821028552	29.9863170253	12.756
4914	0	3	1	810	50	24.7050167318	31.8507403406	31.0084673855	8.315
4914	0	3	2	2152	134	24.7050167318	30.1440938354	29.3018208803	12.977
4916	0	3	1	408	25	15.7293276354	28.3592374861	27.8229744504	12.126
4916	0	3	2	1756	109	15.7293276354	32.9023631397	32.366100104	6.929
4917	0	3	1	1010	63	14.6869394628	28.0533025901	27.5525778977	6.551
4917	0	3	2	2354	147	14.6869394628	33.7485468925	33.2478222001	11.748
4918	0	3	1	488	30	15.3637565176	33.2125737369	32.6887741887	11.15
4918	0	3	2	1832	114	15.3637565176	33.6343362371	33.1105366889	19.039
4919	0	3	1	293	18	9.78767748446	28.9161576962	28.5824644983	14.504
4919	0	3	2	1634	102	9.78767748446	29.1715260279	28.8378328299	8.031
4920	0	3	1	326	20	11.1736817739	27.1722120971	26.7912655845	10.488
4920	0	3	2	1672	104	11.1736817739	27.9846581547	27.6037116421	9.149
4921	0	3	1	1006	62	17.358609224	30.06377576	29.4719653093	9.071
4921	0	3	2	2352	147	17.358609224	31.7489311221	31.1571206713	8.756
4922	0	3	1	510	31	13.1046749405	26.9784197205	26.5316394812	9.275
4922	0	3	2	1853	115	13.1046749405	28.9680338347	28.5212535954	7.622
4923	0	3	1	144	9	23.2028751731	28.7747250131	27.9836648632	11.307
4923	0	3	2	1485	92	23.2028751731	31.2425346673	30.4514745174	14.567
4924	0	3	1	429	26	10.3787740672	27.5631848935	27.2093393245	19.118
4924	0	3	2	1776	111	10.3787740672	32.3928115421	32.0389659731	9.244
4925	0	3	1	210	13	20.5611663424	30.2782218675	29.5772260121	18.221
4925	0	3	2	1553	97	20.5611663424	32.868441743	32.1674458877	8.677
4926	0	3	1	488	30	11.2714004705	30.919075271	30.5347972158	15.559
4926	0	3	2	1833	114	11.2714004705	32.4256201656	32.0413421105	9.969
4927	0	3	1	1255	78	10.5541432242	27.1446798561	26.7848553922	11.15
4927	0	3	2	2601	162	10.5541432242	29.8363279418	29.4765034779	15.15
4928	0	3	1	365	22	14.1923209006	31.57882316	31.0949615947	4.74
4928	0	3	2	1720	107	14.1923209006	29.2473091575	28.7634475923	9.071
4929	0	3	1	1040	65	16.9323433003	31.8501466535	31.2728689701	14.094
4929	0	3	2	2391	149	16.9323433003	30.8734094595	30.296131776	15.433
4930	0	3	1	447	27	12.7354636755	28.7839354073	28.3497427597	10.378
4930	0	3	2	1793	112	12.7354636755	28.8722759077	28.4380832601	13.04
4931	0	3	1	76	4	26.605766791	30.7855873062	29.8785117085	16.189
4931	0	3	2	1417	88	26.605766791	29.4758623719	28.5687867742	12.677
4931	1	3	1	77	4	26.605766791	30.5648965932	29.6578209955	11.622
4931	1	3	2	1416	88	26.605766791	29.6645215891	28.7574459914	20.126
4932	0	3	1	485	30	9.66292132401	27.6621270731	27.3326872113	16.315
4932	0	3	2	1830	114	9.66292132401	28.9340392029	28.6045993411	5.701
4933	0	3	1	891	55	21.1185711755	36.4639698967	35.7439703296	10.095
4933	0	3	2	2233	139	21.1185711755	34.2205042592	33.5005046921	11.039
4935	0	3	1	216	13	25.95088841	31.26231039	30.3775616887	9.905
4935	0	3	2	1559	97	25.95088841	37.5886590186	36.7039103174	8.598
4936	0	3	1	489	30	11.0495240452	27.9583464492	27.5816328703	15.087
4936	0	3	2	1834	114	11.0495240452	31.3174062021	30.9406926232	13.937
4937	0	3	1	564	35	9.28555549801	31.7692396117	31.4526653566	9.874
4937	0	3	2	1912	119	9.28555549801	33.7924766521	33.475902397	11.008
4938	0	3	1	487	30	12.2055701067	26.9140802928	26.49795341	16.677
4938	0	3	2	1831	114	12.2055701067	29.5389649617	29.1228380789	16.599
4939	0	3	1	805	50	25.2345846228	29.5349987278	28.6746711113	5.15
4939	0	3	2	2150	134	25.2345846228	29.6738350629	28.8135074463	7.779
4939	1	3	1	808	50	25.2345846228	31.0453382058	30.1850105893	17.118
4939	1	3	2	2148	134	25.2345846228	29.8460933358	28.9857657193	7.842
4940	0	3	1	564	35	8.13299990599	34.9047966543	34.6275167018	12.441
4940	0	3	2	1911	119	8.13299990599	31.265152444	30.9878724915	9.716
4941	0	3	1	265	16	14.7940905664	29.0071396984	28.5027618826	16.929
4941	0	3	2	1609	100	14.7940905664	27.7384347116	27.2340568957	10.834
4942	0	3	1	930	58	16.1459624953	27.8513396935	27.3008722443	19.906
4942	0	3	2	2274	142	16.1459624953	27.9128763984	27.3624089492	10.519
4943	0	3	1	997	62	22.4939832517	27.993988028	27.2270962687	12.504
4943	0	3	2	2343	146	22.4939832517	29.6400202803	28.873128521	12.252
4944	0	3	1	216	13	16.4833374593	27.0781053339	26.5161356942	4.189
4944	0	3	2	1559	97	16.4833374593	32.0834127349	31.5214430952	9.968
4945	0	3	1	430	26	10.6835576821	28.4545529038	28.0903162875	11.465
4945	0	3	2	1776	111	10.6835576821	28.0026434071	27.6384067908	7.716
4946	0	3	1	491	30	13.0504554515	27.3458302123	26.9008984886	7.67
4946	0	3	2	1837	114	13.0504554515	27.6340844603	27.1891527366	7.04
4947	0	3	1	478	29	10.1054155211	29.6590151386	29.3144892358	17.481
4947	0	3	2	1826	114	10.1054155211	32.404588182	32.0600622792	11.906
4949	0	3	1	1002	62	18.8600431762	31.0582394492	30.4152403179	17.15
4949	0	3	2	2347	146	18.8600431762	31.3378770701	30.6948779387	12.157
4950	0	3	1	477	29	9.38996174863	30.0467539051	29.7266201073	12.693
4950	0	3	2	1825	114	9.38996174863	27.2046985648	26.884564767	11.779
4951	0	3	1	215	13	15.7875627493	26.9284752337	26.3902267769	8.567
4951	0	3	2	1560	97	15.7875627493	30.2316639206	29.6934154638	11.118
4952	0	3	1	514	32	10.0378703544	29.7562073085	29.4139842362	5.717
4952	0	3	2	1861	116	10.0378703544	33.8213389299	33.4791158576	9.874
4953	0	3	1	458	28	11.1021625354	29.2387180663	28.8602098731	12.315
4953	0	3	2	1803	112	11.1021625354	30.1198204498	29.7413122566	6.409
4954	0	3	1	1243	77	6.18335939629	26.3536573291	26.1428468509	4.85
4954	0	3	2	2594	162	6.18335939629	27.4544273385	27.2436168603	17.843
4955	0	3	1	459	28	11.0035774831	31.4272643218	31.052117208	7.26
4955	0	3	2	1805	112	11.0035774831	28.1827545124	27.8076073986	12
4956	0	3	1	1021	63	15.6485969293	25.4227597297	24.8892490617	16.378
4956	0	3	2	2366	147	15.6485969293	28.9827179351	28.4492072671	9.37
4957	0	3	1	907	56	22.7960742201	31.9568976532	31.1797066475	9.906
4957	0	3	2	2247	140	22.7960742201	32.1757626164	31.3985716107	5.433
4958	0	3	1	414	25	9.87085407249	33.5620731881	33.2255442345	4.834
4958	0	3	2	1760	110	9.87085407249	32.2394234856	31.902894532	18.032
4959	0	3	1	933	58	19.4617427159	28.2301501241	27.5666371329	15.402
4959	0	3	2	2276	142	19.4617427159	27.6164182636	26.9529052724	14.992
4959	1	3	1	932	58	19.4617427159	25.8470326132	25.183519622	19.464
4959	1	3	2	2277	142	19.4617427159	27.3590943204	26.6955813293	8.536
4960	0	3	1	232	14	21.3556610858	30.3034060896	29.57532337	6.567
4960	0	3	2	1574	98	21.3556610858	28.0273294418	27.2992467221	4.063
4961	0	3	1	457	28	10.8990189434	30.0254978662	29.6539154871	9.37
4961	0	3	2	1803	112	10.8990189434	28.1553247318	27.7837423527	9.748
4962	0	3	1	535	33	5.62159003661	30.7949623245	30.6033043587	17.37
4962	0	3	2	1885	117	5.62159003661	30.8737727954	30.6821148296	7.937
4963	0	3	1	581	36	8.64716255256	32.1863739571	31.8915645573	14.283
4963	0	3	2	1929	120	8.64716255256	29.8953448341	29.6005354342	6.189
4965	0	3	1	447	27	13.4672742512	28.5659774853	28.106835077	7.905
4965	0	3	2	1793	112	13.4672742512	28.7578806347	28.2987382263	11.528
4966	0	3	1	1229	76	10.0132249978	29.9770002941	29.6356174608	11.559
4966	0	3	2	2580	161	10.0132249978	29.964216916	29.6228340827	14
4967	0	3	1	437	27	11.3620084598	32.2635916894	31.8762245184	7.355
4967	0	3	2	1783	111	11.3620084598	29.3634493683	28.9760821973	8.583
4968	0	3	1	919	57	20.9237712037	27.7706036875	27.0572454739	17.748
4968	0	3	2	2261	141	20.9237712037	32.0971936442	31.3838354305	5.874
4969	0	3	1	984	61	19.4516242089	30.4231550076	29.7599869887	9.086
4969	0	3	2	2329	145	19.4516242089	34.2638072915	33.6006392726	12.158
4970	0	3	1	217	13	21.3269317341	30.0150938312	29.2879905869	11.086
4970	0	3	2	1560	97	21.3269317341	33.9655981978	33.2384949535	11.905
4971	0	3	1	429	26	12.988834502	29.3020120654	28.8591811967	16.693
4971	0	3	2	1775	110	12.988834502	30.4259692359	29.9831383673	11.433
4973	0	3	1	892	55	16.3478055112	30.0477880742	29.4904391517	16.284
4973	0	3	2	2233	139	16.3478055112	30.9681965804	30.4108476578	10.898
4974	0	3	1	933	58	12.7565065947	41.0632160965	40.6283060285	7.544
4974	0	3	2	2282	142	12.7565065947	38.5537365191	38.1188264511	4.74
4975	0	3	1	529	33	14.5185401587	30.5566187579	30.0616353359	18.473
4975	0	3	2	1879	117	14.5185401587	31.5595922206	31.0646087986	6.22
4976	0	3	1	514	32	12.0598260729	27.1219287851	26.7107707821	5.386
4976	0	3	2	1860	116	12.0598260729	28.5481990731	28.13704107	6.945
4977	0	3	1	1101	68	14.5638225611	28.9151931229	28.4186658791	18.032
4977	0	3	2	2452	153	14.5638225611	29.355417776	28.8588905322	19.181
4978	0	3	1	169	10	19.4754902704	29.8619364978	29.1979548085	12.378
4978	0	3	2	1513	94	19.4754902704	30.6772798131	30.0132981239	19.779
4979	0	3	1	890	55	21.3247084072	35.4949131812	34.7678857373	12.346
4979	0	3	2	2233	139	21.3247084072	33.8191101773	33.0920827334	10.977
4980	0	3	1	1069	66	18.5426315789	7.80605218878	7.17387463291	5.748
4980	0	3	2	2413	150	18.5426315789	7.63587899947	7.0037014436	17.937
4981	0	3	1	298	18	15.3345454856	25.0010617127	24.4782580618	11.748
4981	0	3	2	1641	102	15.3345454856	27.447560244	26.9247565931	12
4982	0	3	1	529	33	14.2984248511	25.7284673102	25.2409883223	12.977
4982	0	3	2	1878	117	14.2984248511	26.8445873389	26.357108351	10.456
4983	0	3	1	779	48	17.7132953397	31.0503435965	30.4464407629	10.347
4983	0	3	2	2117	132	17.7132953397	28.9660842613	28.3621814277	13.149
4984	0	3	1	985	61	15.0987974673	25.8328439652	25.3180777175	14.158
4984	0	3	2	2330	145	15.0987974673	33.3494082541	32.8346420065	12.347
4985	0	3	1	935	58	19.1103752108	35.9710149777	35.3194812274	9.748
4985	0	3	2	2278	142	19.1103752108	34.3048782915	33.6533445413	7.04
4986	0	3	1	803	50	23.6791802665	21.4192144236	20.6119155112	12.551
4986	0	3	2	2133	133	23.6791802665	31.9388063724	31.1315074601	7.905
4987	0	3	1	422	26	11.4307728888	31.0289562062	30.6392446361	14.693
4987	0	3	2	1768	110	11.4307728888	32.4337433447	32.0440317746	14.897
4988	0	3	1	1237	77	6.14356622446	29.0138652957	28.8044114939	5.559
4988	0	3	2	2586	161	6.14356622446	28.1421867104	27.9327329086	7.244
4989	0	3	1	434	27	7.25434197447	29.4345881626	29.1872644665	8.724
4989	0	3	2	1781	111	7.25434197447	27.3402631329	27.0929394368	9.622
4990	0	3	1	417	26	9.7116328217	38.7170128819	38.3859122895	8.551
4990	0	3	2	1774	110	9.7116328217	29.8489543595	29.517853767	15.527
4991	0	3	1	433	27	7.85373370166	24.5703179788	24.3025591036	6.693
4991	0	3	2	1780	111	7.85373370166	25.5678761309	25.3001172557	4.756
4992	0	3	1	238	14	17.009665508	32.8164418521	32.2365280075	4.441
4992	0	3	2	1580	98	17.009665508	25.4298637859	24.8499499413	4.803
4993	0	3	1	528	33	9.2702316382	28.9160500986	28.5999982828	9.968
4993	0	3	2	1874	117	9.2702316382	31.5916732252	31.2756214095	8.094
4994	0	3	1	1006	62	18.834168858	31.8801081853	31.2379911921	9.086
4994	0	3	2	2351	146	18.834168858	33.2927324833	32.6506154901	5.937
4995	0	3	1	525	32	11.3393842672	28.8941752586	28.5075794186	12.095
4995	0	3	2	1873	117	11.3393842672	31.1729738622	30.7863780222	4.504
4996	0	3	1	341	21	19.922771926	28.1410130657	27.4617821157	6.661
4996	0	3	2	1682	105	19.922771926	19.8911574654	19.2119265154	20.41
4997	0	3	1	918	57	16.3899406719	29.716051615	29.1572661702	6.189
4997	0	3	2	2269	141	16.3899406719	30.4746310024	29.9158455576	8.567
4998	0	3	1	474	29	16.2910882698	29.1781754981	28.6227602475	18
4998	0	3	2	1821	113	16.2910882698	30.8037401276	30.248324877	6.519
4999	0	3	1	586	36	6.14810707857	26.6726000523	26.4629914382	11.37
4999	0	3	2	1937	121	6.14810707857	27.1398339739	26.9302253598	4.031
5000	0	3	1	296	18	18.6993335555	31.352540476	30.715020449	10.347
5000	0	3	2	1639	102	18.6993335555	27.1492623074	26.5117422805	4.819
5001	0	3	1	883	55	24.0097562778	30.5706539074	29.7520846026	14.031
5001	0	3	2	2225	139	24.0097562778	29.0268054116	28.2082361068	6.063
5002	0	3	1	843	52	23.923937783	29.052113271	28.2364697929	16
5002	0	3	2	2185	136	23.923937783	25.9542245736	25.1385810955	4.756
5003	0	3	1	529	33	13.51344995	29.7879741081	29.3272574226	11.654
5003	0	3	2	1876	117	13.51344995	29.7692726374	29.3085559519	6.819
5004	0	3	1	489	30	9.17607594612	28.4979580191	28.1851162718	11.78
5004	0	3	2	1829	114	9.17607594612	27.3748178937	27.0619761464	14.441
5004	1	3	1	485	30	9.17607594612	25.679077072	25.3662353247	16.772
5004	1	3	2	1834	114	9.17607594612	28.0935154446	27.7806736972	15.622
5005	0	3	1	452	28	10.3692624566	31.45132408	31.0978027921	15.654
5005	0	3	2	1797	112	10.3692624566	30.2061769679	29.8526556801	4.882
5007	0	3	1	484	30	12.2885993063	29.1094148653	28.6904572518	25.212
5007	0	3	2	1829	114	12.2885993063	29.2138798393	28.7949222258	15.716
5008	0	3	1	1012	63	14.6571735377	27.3832252646	26.8835153878	16.031
5008	0	3	2	2357	147	14.6571735377	29.0183502804	28.5186404035	13.008
5009	0	3	1	970	60	13.3948353185	29.8190618318	29.3623890981	10.488
5009	0	3	2	2314	144	13.3948353185	28.665986835	28.2093141013	5.937
5010	0	3	1	456	28	13.0685998122	30.5815686023	30.1360182793	5.118
5010	0	3	2	1801	112	13.0685998122	29.2857297213	28.8401793983	12.567
5011	0	3	1	1013	63	19.8467574419	27.4950580984	26.818418725	15.906
5011	0	3	2	2357	147	19.8467574419	29.8128153136	29.1361759403	11.275
5012	0	3	1	1064	66	18.9350247427	25.6457388096	25.000183317	4.897
5012	0	3	2	2412	150	18.9350247427	27.5185866206	26.8730311281	19.937
5013	0	3	1	490	30	11.672817498	28.6630543674	28.2650907232	16.882
5013	0	3	2	1834	114	11.672817498	31.0162365785	30.6182729343	12.063
5014	0	3	1	933	58	11.3221558125	32.3802659827	31.9942575158	12.567
5014	0	3	2	2272	142	11.3221558125	32.28221781	31.896209343	10.126
5015	0	3	1	258	16	15.1478922236	26.5204371615	26.0039971167	7.811
5015	0	3	2	1598	99	15.1478922236	26.8194408566	26.3030008119	15.496
5016	0	3	1	1212	75	11.2122233247	28.3306897679	27.9484292508	13.622
5016	0	3	2	2561	160	11.2122233247	30.5286427652	30.146382248	13.606
5017	0	3	1	316	19	11.9122935317	25.1007022332	24.6945740859	10.472
5017	0	3	2	1662	103	11.9122935317	26.2363976937	25.8302695464	10.519
5018	0	3	1	208	13	21.4234591222	11.3167005477	10.5863063763	13.905
5018	0	3	2	1558	97	21.4234591222	4.2263684108	3.49597423948	18.315
5019	0	3	1	429	26	12.4669383171	31.4361624481	31.0111246879	6.677
5019	0	3	2	1774	110	12.4669383171	31.9339494304	31.5089116702	15.307
5020	0	3	1	415	25	14.0293754648	31.4912432346	31.0129369999	6.032
5020	0	3	2	1763	110	14.0293754648	31.8473519564	31.3690457217	17.622
5021	0	3	1	491	30	8.02358678472	22.2850302293	22.0114805197	12.551
5021	0	3	2	1810	113	8.02358678472	31.5080465352	31.2344968257	10.252
5022	0	3	1	582	36	11.0833597652	42.0149458318	41.6370786851	13.748
5022	0	3	2	1915	119	11.0833597652	30.5589306396	30.1810634929	5.181
5023	0	3	1	490	30	14.2262117766	27.1152592488	26.6302422354	14.772
5023	0	3	2	1833	114	14.2262117766	31.0206900256	30.5356730121	6.614
5024	0	3	1	998	62	13.2398067511	32.3131963044	31.8618089899	6.441
5024	0	3	2	2345	146	13.2398067511	33.1834381415	32.732050827	5.905
5025	0	3	1	1080	67	9.16390572585	31.0341227307	30.721695905	5.307
5025	0	3	2	2427	151	9.16390572585	31.9653014249	31.6528745993	15.402
5026	0	3	1	557	34	6.87032226041	24.5143958463	24.2801646091	16.913
5026	0	3	2	1907	119	6.87032226041	22.8825293747	22.6482981375	6.221
5027	0	3	1	454	28	10.4011040744	27.8448842634	27.490277393	21.512
5027	0	3	2	1797	112	10.4011040744	28.6773271278	28.3227202575	11.874
5028	0	3	1	491	30	7.72040965162	28.3257094268	28.0624959944	15.213
5028	0	3	2	1837	114	7.72040965162	26.5470403388	26.2838269064	14.535
5029	0	3	1	414	25	11.3273861212	31.8064278025	31.4202410176	12.473
5029	0	3	2	1759	109	11.3273861212	32.1871051324	31.8009183475	4.567
5030	0	3	1	444	27	11.0022962308	26.1128757316	25.7377722998	7.527
5030	0	3	2	1791	111	11.0022962308	26.6244021452	26.2492987134	13.433
5031	0	3	1	599	37	9.66856793825	31.4162108964	31.0865785234	11.024
5031	0	3	2	1947	121	9.66856793825	27.0457328583	26.7161004854	9.937
5032	0	3	1	1230	76	14.3110257126	28.0133841966	27.5254756051	15.275
5032	0	3	2	2580	161	14.3110257126	28.8054422325	28.3175336409	16.157
5034	0	3	1	809	50	24.9863393693	32.4005254948	31.5486613522	11.04
5034	0	3	2	2151	134	24.9863393693	33.2755218826	32.42365774	8.032
5035	0	3	1	489	30	12.2433686261	28.7286950692	28.3112795141	11.292
5035	0	3	2	1835	114	12.2433686261	30.2745227945	29.8571072394	12.032
5036	0	3	1	1039	64	15.7814060914	28.1324401295	27.5944015728	15.181
5036	0	3	2	2385	149	15.7814060914	32.5651541524	32.0271155957	9.323
5037	0	3	1	965	60	17.7854399816	36.2087942817	35.6024318067	8.598
5037	0	3	2	2309	144	17.7854399816	31.2391506314	30.6327881563	10.315
5038	0	3	1	266	16	21.8436230869	29.687000812	28.9422819087	15.78
5038	0	3	2	1609	100	21.8436230869	30.1578796339	29.4131607305	6.63
5039	0	3	1	1080	67	11.5375315081	28.6990635793	28.3057122668	9.464
5039	0	3	2	2427	151	11.5375315081	27.0881899955	26.694838683	13.779
5040	0	3	1	1098	68	13.5948354328	30.1129248213	29.6494334447	6.677
5040	0	3	2	2447	152	13.5948354328	32.1477370086	31.684245632	10.315
5041	0	3	1	453	28	11.6177098571	30.853978389	30.4578935404	6.567
5041	0	3	2	1793	112	11.6177098571	31.112781329	30.7166964803	12.74
5042	0	3	1	485	30	13.8194620672	27.8681957455	27.3970461292	18.961
5042	0	3	2	1830	114	13.8194620672	28.6278360095	28.1566863932	11.528
5043	0	3	1	422	26	12.8519926547	28.0387218762	27.6005563834	14.472
5043	0	3	2	1768	110	12.8519926547	28.2491722162	27.8110067233	18.158
5044	0	3	1	205	12	20.2422339082	39.4489367346	38.7588143049	6.929
5044	0	3	2	1566	97	20.2422339082	34.8809192778	34.1907968482	16.598
5045	0	3	1	1021	63	14.0751602906	29.7200229609	29.2401557752	15.37
5045	0	3	2	2366	147	14.0751602906	30.6188601192	30.1389929335	16.283
5047	0	3	1	930	58	16.4656561922	28.1445113908	27.5831445619	16
5047	0	3	2	2273	142	16.4656561922	32.1042485972	31.5428817684	9.969
5048	0	3	1	837	52	20.7289595948	25.7756806894	25.0689642259	14.662
5048	0	3	2	2180	136	20.7289595948	23.6004390003	22.8937225369	10.504
5049	0	3	1	297	18	14.0990246949	25.200690569	24.7200097695	11.685
5049	0	3	2	1639	102	14.0990246949	26.1254006003	25.6447198008	5.401
5050	0	3	1	72	4	19.9301046172	32.775519776	32.0960388311	9.653
5050	0	3	2	1412	88	19.9301046172	31.4513046557	30.7718237108	11.339
5051	0	3	1	456	28	12.4680871507	28.7674236889	28.3423467613	6.378
5051	0	3	2	1801	112	12.4680871507	30.5072802888	30.0822033612	7.37
5052	0	3	1	487	30	9.51380156433	27.5628865482	27.2385306554	17.103
5052	0	3	2	1832	114	9.51380156433	28.656149568	28.3317936752	9.118
5053	0	3	1	504	31	14.0698442704	29.2167363641	28.7370504186	18.567
5053	0	3	2	1852	115	14.0698442704	28.9235344234	28.4438484778	10.315
5055	0	3	1	158	9	10.4814109175	31.0735348222	30.716190035	12.819
5055	0	3	2	1502	93	10.4814109175	31.2811470494	30.9238022622	10.252
5056	0	3	1	471	29	13.474181845	30.3115459944	29.8521680841	10.094
5056	0	3	2	1817	113	13.474181845	30.2183750874	29.7589971771	8.221
5057	0	3	1	489	30	11.873518114	29.1898129486	28.7850067791	19.906
5057	0	3	2	1834	114	11.873518114	29.7920393739	29.3872332045	7.102
5058	0	3	1	478	29	10.5646780377	28.4189767787	28.0587931493	10.095
5058	0	3	2	1826	114	10.5646780377	30.2318702	29.8716865706	10.74
5059	0	3	1	470	29	14.3121272703	16.3381416729	15.8501955258	11.496
5059	0	3	2	1816	113	14.3121272703	27.3738172286	26.8858710815	10.52
5060	0	3	1	903	56	17.0172994656	37.030440194	36.4502660835	8.126
5060	0	3	2	2247	140	17.0172994656	37.1852989618	36.6051248512	5.716
5061	0	3	1	383	23	13.7579776994	30.3629076475	29.8938542298	6.441
5061	0	3	2	1728	108	13.7579776994	29.7393333389	29.2702799211	6.032
5062	0	3	1	737	46	20.5149219401	35.1695522242	34.4701329882	10.032
5062	0	3	2	2076	129	20.5149219401	36.2545241639	35.555104928	9.15
5063	0	3	1	338	21	11.9814942745	29.96204559	29.5535581682	16.032
5063	0	3	2	1682	105	11.9814942745	29.2786120715	28.8701246497	9.905
5064	0	3	1	444	27	11.666187409	28.7578127776	28.3600751743	9.212
5064	0	3	2	1790	111	11.666187409	28.7625162212	28.3647786179	12.347
5065	0	3	1	1061	66	8.07780147454	36.7853442654	36.5099462039	9.276
5065	0	3	2	2411	150	8.07780147454	41.4500667418	41.1746686803	6.662
5065	1	3	1	1044	65	8.07780147454	30.1119946076	29.8365965461	18.22
5065	1	3	2	2407	150	8.07780147454	31.1922939705	30.9168959089	17.906
5066	0	3	1	155	9	18.8550967891	30.2949278972	29.6520974039	14.472
5066	0	3	2	1496	93	18.8550967891	27.9691591905	27.3263286973	22.063
5067	0	3	1	452	28	10.0257109485	31.385179267	31.0433707477	14.866
5067	0	3	2	1798	112	10.0257109485	30.4713576122	30.129549093	8.315
5068	0	3	1	1000	62	19.6539776024	27.8721107264	27.2020438337	11.717
5068	0	3	2	2345	146	19.6539776024	32.1863026461	31.5162357535	10.756
5069	0	3	1	431	26	8.868078151	28.6324147209	28.3300736025	12.992
5069	0	3	2	1777	111	8.868078151	27.771138896	27.4687977775	11.59
5070	0	3	1	486	30	12.2466675308	27.9184672733	27.500939248	14.725
5070	0	3	2	1831	114	12.2466675308	29.2212494503	28.803721425	10.441
5071	0	3	1	804	50	21.4880606176	33.7249388493	32.9923422066	10.252
5071	0	3	2	2145	134	21.4880606176	31.4483489546	30.7157523119	17.527
5072	0	3	1	569	35	8.71215146621	28.3231612837	28.0261362041	12.252
5072	0	3	2	1917	119	8.71215146621	34.0877121637	33.7906870841	9.811
5073	0	3	1	1030	64	16.7131212969	26.2191704436	25.6493667387	15.402
5073	0	3	2	2374	148	16.7131212969	30.6579294581	30.0881257532	19.937
5074	0	3	1	580	36	8.52637743044	30.764960228	30.4742687789	6.252
5074	0	3	2	1927	120	8.52637743044	30.8304975313	30.5398060822	8.567
5075	0	3	1	473	29	11.3964933335	28.855221114	28.4666782435	14.189
5075	0	3	2	1818	113	11.3964933335	30.6037989526	30.215256082	10.567
5076	0	3	1	528	33	13.7090857881	30.8082906267	30.3409040905	8.22
5076	0	3	2	1878	117	13.7090857881	28.0304668064	27.5630802702	9.338
5077	0	3	1	795	49	24.9566740039	33.6449782269	32.7941254713	13.402
5077	0	3	2	2132	133	24.9566740039	34.9614446523	34.1105918967	5.78
5078	0	3	1	1084	67	14.7227511359	27.4697481932	26.9678025665	16.772
5078	0	3	2	2430	151	14.7227511359	27.5571600706	27.0552144438	19.968
5079	0	3	1	487	30	11.4464819025	29.7606066003	29.3703594597	12.441
5079	0	3	2	1832	114	11.4464819025	31.297328931	30.9070817904	7.937
5080	0	3	1	517	32	9.14833160935	29.6504518944	29.3385560401	12.283
5080	0	3	2	1861	116	9.14833160935	32.7864098737	32.4745140194	13.338
5081	0	3	1	1071	66	18.8444812784	32.3749739724	31.7325053958	9.401
5081	0	3	2	2417	151	18.8444812784	31.4300469226	30.787578346	13.464
5082	0	3	1	429	26	10.7281142922	28.584293938	28.2185382445	16.709
5082	0	3	2	1775	110	10.7281142922	29.505480311	29.1397246175	12.441
5083	0	3	1	964	60	15.7332061585	33.4833155828	32.9469203159	8.914
5083	0	3	2	2309	144	15.7332061585	30.7169918909	30.180596624	4.378
5084	0	3	1	1213	75	8.25361971831	30.426790583	30.1453983158	10
5084	0	3	2	2561	160	8.25361971831	33.4019959102	33.1206036429	9.716
5085	0	3	1	886	55	20.0750901261	32.8862734608	32.2018494967	15.464
5085	0	3	2	2228	139	20.0750901261	33.7343744786	33.0499505145	14.158
5086	0	3	1	1237	77	13.7630172341	33.0067395885	32.537514357	8.583
5086	0	3	2	2585	161	13.7630172341	31.3582534175	30.8890281859	11.905
5087	0	3	1	795	49	25.4941943718	34.6950123742	33.8258338319	10.41
5087	0	3	2	2135	133	25.4941943718	33.3390275939	32.4698490516	16.378
5088	0	3	1	807	50	24.3852790931	31.101767353	30.2703952756	15.654
5088	0	3	2	2149	134	24.3852790931	41.1510560691	40.3196839917	5.748
5089	0	3	1	1012	63	13.0205488641	29.785291949	29.3413798364	15.653
5089	0	3	2	2356	147	13.0205488641	32.1767058285	31.7327937159	15.496
5091	0	3	1	474	29	11.83832293	29.7227339534	29.3191277002	15.464
5091	0	3	2	1822	113	11.83832293	30.2921483496	29.8885420964	10.598
5092	0	3	1	409	25	10.7859080662	27.7804236338	27.4126975659	21.213
5092	0	3	2	1755	109	10.7859080662	28.7651980997	28.3974720317	16.284
5093	0	3	1	247	15	16.5669658798	30.1820958268	29.6172750271	10.378
5093	0	3	2	1589	99	16.5669658798	31.2910134799	30.7261926802	8.157
5094	0	3	1	453	28	9.21398941401	25.7793020104	25.4651676718	4.441
5094	0	3	2	1798	112	9.21398941401	27.1298014332	26.8156670945	10.835
5095	0	3	1	506	31	7.93076943775	29.3799629119	29.1095776423	15.292
5095	0	3	2	1857	116	7.93076943775	30.8513820161	30.5809967465	11.339
5096	0	3	1	864	54	19.8142315036	32.3485635681	31.673033108	14.441
5096	0	3	2	2209	138	19.8142315036	35.2277554807	34.5522250206	8.599
5097	0	3	1	1055	65	13.3832137541	26.3864638591	25.9301873417	10.85
5097	0	3	2	2393	149	13.3832137541	26.6662294336	26.2099529162	9.716
5098	0	3	1	116	7	19.6729386324	28.7593665081	28.0886531733	13.811
5098	0	3	2	1456	91	19.6729386324	30.3956513058	29.724937971	14.977
5099	0	3	1	346	21	16.936062853	29.528474213	28.9510697182	7.527
5099	0	3	2	1689	105	16.936062853	29.2508923481	28.6734878532	9.465
5100	0	3	1	896	56	14.0563018862	29.7984076189	29.3191833765	18.866
5100	0	3	2	2236	139	14.0563018862	30.252197389	29.7729731466	5.748
5101	0	3	1	458	28	13.4194990772	29.7481670995	29.2906534995	12.772
5101	0	3	2	1805	112	13.4194990772	27.2877149329	26.8302013329	15.591
5102	0	3	1	519	32	8.43089673651	27.229742536	26.9423063288	12.582
5102	0	3	2	1866	116	8.43089673651	28.820152796	28.5327165888	4.157
5103	0	3	1	516	32	5.33958680836	29.9759241256	29.7938805508	8.96
5103	0	3	2	1861	116	5.33958680836	32.2844015564	32.1023579816	13.071
5104	0	3	1	1233	77	11.1631032952	28.5644965951	28.1839107367	5.149
5104	0	3	2	2581	161	11.1631032952	28.4796686121	28.0990827537	8.756
5105	0	3	1	1001	62	17.0083162192	31.276787407	30.696919564	6.063
5105	0	3	2	2347	146	17.0083162192	31.6812570231	31.1013891801	14
5106	0	3	1	893	55	16.8440251058	31.8985342677	31.3242676337	16.834
5106	0	3	2	2235	139	16.8440251058	28.6020913344	28.0278247004	16.441
5107	0	3	1	809	50	25.9981352914	32.644512982	31.7581534835	8.063
5107	0	3	2	2150	134	25.9981352914	34.6306866775	33.7443271791	11.685
5108	0	3	1	486	30	9.1088950926	25.489824032	25.1792726945	20.504
5108	0	3	2	1833	114	9.1088950926	28.9842761251	28.6737247876	15.307
5110	0	3	1	895	55	20.459307007	26.0404362676	25.3429131224	15.968
5110	0	3	2	2238	139	20.459307007	28.6867100125	27.9891868673	13.244
5111	0	3	1	472	29	12.12420631	11.8741546492	11.4608017182	9.811
5111	0	3	2	1815	113	12.12420631	6.55754581246	6.14419288145	4.346
5112	0	3	1	1041	65	17.9819249965	29.5704914112	28.9574301342	11.653
5112	0	3	2	2394	149	17.9819249965	29.6995355511	29.0864742741	16.882
5113	0	3	1	1041	65	14.2716683973	30.3646262418	29.8780594669	10.85
5113	0	3	2	2393	149	14.2716683973	30.4364237865	29.9498570116	12.598
5114	0	3	1	488	30	11.8389771905	27.0685820754	26.6649535164	14.473
5114	0	3	2	1833	114	11.8389771905	29.285437685	28.881809126	10.409
5115	0	3	1	790	49	24.9660352	25.6274651366	24.776293228	14.945
5115	0	3	2	2132	133	24.9660352	31.0872708646	30.2360989559	19.811
5116	0	3	1	1229	76	11.1892323778	29.8417510029	29.4602743206	14.126
5116	0	3	2	2581	161	11.1892323778	28.5772713273	28.195794645	12.803
5117	0	3	1	249	15	20.947122087	28.6326103072	27.9184559873	11.244
5117	0	3	2	1591	99	20.947122087	27.7886862438	27.0745319239	12.094
5118	0	3	1	445	27	11.7285829609	29.541114028	29.141249161	12.094
5118	0	3	2	1791	111	11.7285829609	28.0618915095	27.6620266425	6.709
5119	0	3	1	520	32	6.37137921841	29.2575047251	29.0402840504	9.685
5119	0	3	2	1867	116	6.37137921841	29.6851106568	29.4678899821	12.866
5120	0	3	1	1227	76	9.15993278381	28.6390367598	28.3267453844	14.835
5120	0	3	2	2597	162	9.15993278381	14.0116098472	13.6993184718	6.913
5121	0	3	1	493	30	14.1327880813	27.2516346723	26.7698027711	9.811
5121	0	3	2	1838	114	14.1327880813	29.7082041139	29.2263722127	10.126
5122	0	3	1	262	16	12.9775861019	34.1644101662	33.7219627915	11.15
5122	0	3	2	1605	100	12.9775861019	33.6833062584	33.2408588836	8.347
5123	0	3	1	510	31	9.79632993212	30.5690557401	30.2350675526	13.717
5123	0	3	2	1859	116	9.79632993212	33.1832579925	32.849269805	12.378
5124	0	3	1	490	30	11.5948945187	29.9735336163	29.5782266154	14.662
5124	0	3	2	1837	114	11.5948945187	27.0220902406	26.6267832398	16.158
5125	0	3	1	564	35	13.5455499171	32.7990753247	32.3372642488	13.685
5125	0	3	2	1908	119	13.5455499171	29.6271680196	29.1653569437	10.803
5126	0	3	1	434	27	12.9889894206	32.985295897	32.5424597467	6.898
5126	0	3	2	1782	111	12.9889894206	31.9758033556	31.5329672053	4.032
5127	0	3	1	839	52	23.2514981277	29.1505975021	28.3578796403	10
5127	0	3	2	2182	136	23.2514981277	22.7453627392	21.9526448774	13.023
5128	0	3	1	1013	63	8.73084140677	28.8490408681	28.5513785887	6.567
5128	0	3	2	2358	147	8.73084140677	32.2353978832	31.9377356038	7.307
5129	0	3	1	1108	69	13.7149557636	29.001335757	28.5337490946	12.63
5129	0	3	2	2455	153	13.7149557636	31.9399280206	31.4723413582	13.969
5130	0	3	1	1240	77	11.2334095937	28.5068740589	28.1238912341	5.842
5130	0	3	2	2589	161	11.2334095937	32.0594904969	31.6765076721	10.519
5132	0	3	1	558	34	8.437220787	27.3011593753	27.013507561	14.629
5132	0	3	2	1907	119	8.437220787	26.3679428491	26.0802910348	13.905
5133	0	3	1	488	30	10.1402828124	27.8581075547	27.5123929146	13.496
5133	0	3	2	1833	114	10.1402828124	32.7046354218	32.3589207816	6.063
5134	0	3	1	530	33	8.47593751627	30.2243451885	29.9353733972	9.779
5134	0	3	2	1879	117	8.47593751627	30.1370366895	29.8480648982	6.882
5135	0	3	1	477	29	7.71637368237	30.6575189677	30.3944431344	14.961
5135	0	3	2	1825	114	7.71637368237	26.0428952652	25.7798194318	8.441
5136	0	3	1	430	26	11.1173913043	31.5968225637	31.2177951731	17.307
5136	0	3	2	1776	111	11.1173913043	29.8510999565	29.4720725659	11.779
5137	0	3	1	492	30	8.7042769337	29.9959613006	29.699204689	6.693
5137	0	3	2	1838	114	8.7042769337	29.7604827259	29.4637261142	12.913
5138	0	3	1	972	60	18.33086156	28.1091637776	27.4842061383	10.63
5138	0	3	2	2315	144	18.33086156	28.9651196916	28.3401620523	4.378
5139	0	3	1	1071	66	13.5485919751	30.7543612087	30.2924464193	5.055
5139	0	3	2	2418	151	13.5485919751	25.663246483	25.2013316937	11.087
5140	0	3	1	490	30	12.3978818688	27.0157283635	26.5930449582	12.882
5140	0	3	2	1834	114	12.3978818688	30.487427852	30.0647444468	9.402
5141	0	3	1	1090	68	10.9134316815	34.5088672705	34.1367935151	8.504
5141	0	3	2	2439	152	10.9134316815	32.8863743403	32.5143005849	7.26
5142	0	3	1	458	28	13.6657659545	31.5382899204	31.0723802956	8.095
5142	0	3	2	1803	112	13.6657659545	29.2312923225	28.7653826978	8
5143	0	3	1	282	17	17.6747506253	30.519686971	29.9170982498	17.842
5143	0	3	2	1627	101	17.6747506253	33.3586335097	32.7560447885	14.819
5145	0	3	1	417	26	8.36415787109	26.0749132511	25.7897523851	18.441
5145	0	3	2	1763	110	8.36415787109	36.5983101513	36.3131492853	9.591
5146	0	3	1	601	37	10.5492903645	24.3089153825	23.9492563681	12.693
5146	0	3	2	1952	122	10.5492903645	27.8643144119	27.5046553974	9.37
5147	0	3	1	242	15	16.322378039	32.809266017	32.2527839982	9.275
5147	0	3	2	1586	99	16.322378039	34.1930307504	33.6365487316	7.843
5148	0	3	1	1021	63	18.9635182331	29.8289281877	29.1824012611	8.473
5148	0	3	2	2365	147	18.9635182331	29.26958475	28.6230578233	9.37
5149	0	3	1	1002	62	20.9130760863	29.7931865097	29.0801929267	8.095
5149	0	3	2	2347	146	20.9130760863	28.1289526384	27.4159590555	11.118
5150	0	3	1	485	30	9.44961022621	29.6415372439	29.3193698389	11.654
5150	0	3	2	1829	114	9.44961022621	28.3607775511	28.0386101462	4.409
5151	0	3	1	237	14	16.4192983821	30.0846836464	29.5248973035	6.441
5151	0	3	2	1579	98	16.4192983821	30.0008501697	29.4410638267	18.599
5152	0	3	1	820	51	29.0554476017	26.80618053	25.8155874866	13.055
5152	0	3	2	2167	135	29.0554476017	26.5332855808	25.5426925374	13.717
5153	0	3	1	458	28	12.924296234	30.6883463509	30.247715798	11.039
5153	0	3	2	1802	112	12.924296234	30.9693084516	30.5286778987	11.559
5154	0	3	1	1253	78	13.4200689622	28.7787166586	28.3211836294	9.591
5154	0	3	2	2601	162	13.4200689622	29.4889400859	29.0314070566	8.283
5155	0	3	1	470	29	14.3028725524	28.6873718652	28.1997412409	10.803
5155	0	3	2	1815	113	14.3028725524	29.762467357	29.2748367328	9.937
5156	0	3	1	534	33	11.1008114486	29.4850170042	29.1065548738	13.622
5156	0	3	2	1883	117	11.1008114486	31.5938231687	31.2153610383	7.402
5157	0	3	1	246	15	18.3389792079	31.7951968279	31.169962432	6.976
5157	0	3	2	1588	99	18.3389792079	30.6373833478	30.012148952	7.811
5158	0	3	1	438	27	10.0990230237	29.20424133	28.8599333678	9.527
5158	0	3	2	1783	111	10.0990230237	28.4028479283	28.0585399661	9.055
5159	0	3	1	1040	65	8.63492116572	27.4085675188	27.114175467	11.023
5159	0	3	2	2393	149	8.63492116572	29.7752712521	29.4808792002	15.653
5160	0	3	1	808	50	22.5516587893	33.4793965185	32.7105384159	9.843
5160	0	3	2	2149	134	22.5516587893	29.5910196589	28.8221615562	16.567
5161	0	3	1	809	50	22.1061346443	30.5880565077	29.8343877466	5.197
5161	0	3	2	2151	134	22.1061346443	28.9327568867	28.1790881256	14.252
5162	0	3	1	91	5	28.158085561	14.0427410177	13.0827419133	21.244
5162	0	3	2	1431	89	28.158085561	9.13867577003	8.17867666569	15.969
5163	0	3	1	564	35	7.33827249407	33.6935159853	33.4433308296	13.402
5163	0	3	2	1912	119	7.33827249407	30.3323053034	30.0821201477	6.882
5164	0	3	1	1071	66	14.7397013829	30.6108486942	30.1083251794	10.441
5164	0	3	2	2418	151	14.7397013829	28.960008127	28.4574846122	15.527
5165	0	3	1	444	27	7.48755080009	27.3411932704	27.0859187403	5.968
5165	0	3	2	1791	111	7.48755080009	26.1455851927	25.8903106626	11.969
5166	0	3	1	486	30	11.34144059	30.8952809304	30.5086149837	6.945
5166	0	3	2	1849	115	11.34144059	26.5804759811	26.1938100344	11.292
5167	0	3	1	475	29	11.6311825703	35.08356257	34.6870183935	9.04
5167	0	3	2	1821	113	11.6311825703	31.0956921097	30.6991479332	11.654
5168	0	3	1	428	26	9.60944216462	29.2005763461	28.8729597597	10.74
5168	0	3	2	1775	110	9.60944216462	29.7734147145	29.4457981281	17.496
5169	0	3	1	918	57	20.8713793155	34.1063190813	33.3947470746	4.063
5169	0	3	2	2255	140	20.8713793155	30.7585420366	30.0469700298	10.535
5170	0	3	1	488	30	10.6845377266	29.0111098324	28.6468398033	13.087
5170	0	3	2	1833	114	10.6845377266	29.8512693484	29.4869993193	13.275
5171	0	3	1	1227	76	10.7104146556	28.1013416878	27.7361894315	14.913
5171	0	3	2	2578	161	10.7104146556	29.6266624927	29.2615102363	6.929
5172	0	3	1	1024	64	13.235562867	24.3797451272	23.9285025002	6.819
5172	0	3	2	2370	148	13.235562867	33.4437317505	32.9924891236	6.914
5173	0	3	1	794	49	25.3480739307	33.6334091417	32.7692123121	4
5173	0	3	2	2133	133	25.3480739307	32.4598406127	31.5956437831	16.961
5174	0	3	1	257	16	20.7571811728	31.1503058944	30.4426272672	13.087
5174	0	3	2	1599	99	20.7571811728	31.5487916418	30.8411130146	14.189
5175	0	3	1	486	30	13.782017759	31.2321631018	30.7622900816	12.032
5175	0	3	2	1830	114	13.782017759	30.1245816212	29.654708601	12.535
5176	0	3	1	1010	63	16.8488885869	28.3844010768	27.8099686311	12.063
5176	0	3	2	2354	147	16.8488885869	32.7443621724	32.1699297268	13.008
5177	0	3	1	795	49	21.7786587056	36.3194949033	35.5769908433	5.37
5177	0	3	2	2134	133	21.7786587056	34.8300497322	34.0875456722	11.401
5178	0	3	1	72	4	27.037357939	42.8922353484	41.9704454296	4.961
5178	0	3	2	1430	89	27.037357939	34.1570362036	33.2352462848	15.843
5179	0	3	1	814	50	23.987929455	33.0402570605	32.2224319018	11.748
5179	0	3	2	2155	134	23.987929455	32.7649213684	31.9470962097	11.212
5180	0	3	1	486	30	10.3543617354	28.4766756682	28.1236623936	12.283
5180	0	3	2	1832	114	10.3543617354	28.2592424087	27.906229134	5.213
5181	0	3	1	908	56	21.0223397956	26.7745705988	26.0578518669	6.74
5181	0	3	2	2251	140	21.0223397956	28.5817261388	27.865007407	7.968
5182	0	3	1	964	60	12.3230812598	32.9391118679	32.5189786544	12.771
5182	0	3	2	2309	144	12.3230812598	32.8808659318	32.4607327184	5.433
5183	0	3	1	490	30	7.2037081043	25.7320803851	25.4864829593	19.48
5183	0	3	2	1834	114	7.2037081043	28.2706911289	28.0250937032	17.622
5184	0	3	1	544	34	10.0366779906	32.5552365294	32.2130541086	14.519
5184	0	3	2	1891	118	10.0366779906	26.8919938578	26.549811437	16.315
5185	0	3	1	263	16	15.6034969477	34.6407205832	34.1087475177	10.347
5185	0	3	2	1606	100	15.6034969477	34.8645622587	34.3325891932	4.787
5186	0	3	1	932	58	13.7586527597	30.9442796928	30.4752032601	16
5186	0	3	2	2276	142	13.7586527597	28.4337427805	27.9646663478	4.535
5187	0	3	1	422	26	10.8032704012	32.9005173798	32.5321993744	11.748
5187	0	3	2	1769	110	10.8032704012	31.9737456966	31.6054276912	18.913
5188	0	3	1	475	29	10.8542681551	34.7328399281	34.3627832463	18.473
5188	0	3	2	1821	113	10.8542681551	28.9396061785	28.5695494968	15.276
5189	0	3	1	1223	76	10.3074388097	29.9864193173	29.6350057951	11.118
5189	0	3	2	2573	160	10.3074388097	30.0616911745	29.7102776523	7.59
5190	0	3	1	562	35	11.4017949739	29.0804193002	28.6916956798	4.189
5190	0	3	2	1911	119	11.4017949739	27.6023000579	27.2135764375	4.032
5192	0	3	1	778	48	14.4748047775	38.0150279014	37.5215355582	12.063
5192	0	3	2	2118	132	14.4748047775	36.1301703745	35.6366780313	8.063
5193	0	3	1	1230	76	7.2307630662	30.1091710973	29.8626512815	10.252
5193	0	3	2	2567	160	7.2307630662	31.4186902974	31.1721704816	7.071
5194	0	3	1	513	32	7.60275350919	30.2031728639	29.9439707053	7.622
5194	0	3	2	1860	116	7.60275350919	30.6355690841	30.3763669255	12.032
5195	0	3	1	965	60	13.8173198628	33.2162314492	32.7451548675	10.504
5195	0	3	2	2312	144	13.8173198628	29.8091322859	29.3380557042	5.905
5196	0	3	1	570	35	8.4884880045	27.1473907225	26.857991045	15.008
5196	0	3	2	1918	119	8.4884880045	27.9542344615	27.664834784	7.968
5197	0	3	1	792	49	24.4279391665	34.0385839627	33.2057574671	7.213
5197	0	3	2	2132	133	24.4279391665	30.9376757998	30.1048493042	13.339
5198	0	3	1	909	56	15.7892048866	26.6998800772	26.1615756348	21.685
5198	0	3	2	2251	140	15.7892048866	31.162639808	30.6243353655	14.063
5199	0	3	1	902	56	18.5664581012	31.6951686359	31.0621787578	15.181
5199	0	3	2	2244	140	18.5664581012	35.8243602505	35.1913703724	11.716
5200	0	3	1	822	51	21.3473150569	30.1873783814	29.4595802046	11.339
5200	0	3	2	2166	135	21.3473150569	24.3755111871	23.6477130102	14.803
5201	0	3	1	807	50	19.2724011265	32.0512939644	31.394236233	4.126
5201	0	3	2	2149	134	19.2724011265	32.5893360187	31.9322782873	13.716
5202	0	3	1	562	35	11.2921213267	29.8869086678	29.5019241725	12.992
5202	0	3	2	1910	119	11.2921213267	31.1658093984	30.780824903	8.252
5203	0	3	1	457	28	9.8577922277	32.8013873258	32.4653036923	7.402
5203	0	3	2	1802	112	9.8577922277	31.3130982369	30.9770146034	5.008
5204	0	3	1	1022	63	14.2308390939	27.7377134473	27.2525386738	10.441
5204	0	3	2	2362	147	14.2308390939	34.0755354725	33.590360699	11.134
5205	0	3	1	809	50	26.3472212951	32.7777274014	31.8794664457	8.189
5205	0	3	2	2150	134	26.3472212951	32.5127355373	31.6144745816	6.677
5206	0	3	1	1230	76	7.60376078335	29.0737806263	28.8145441265	14.536
5206	0	3	2	2580	161	7.60376078335	28.5805442607	28.3213077609	13.212
5207	0	3	1	1221	76	14.8274296782	32.7906479144	32.2851334617	5.748
5207	0	3	2	2572	160	14.8274296782	32.7518488398	32.2463343871	10.284
5208	0	3	1	382	23	14.8104776735	31.1326497569	30.6277132522	7.842
5208	0	3	2	1728	108	14.8104776735	30.894025606	30.3890891013	7.276
5209	0	3	1	1056	66	15.9124148387	32.472539917	31.9300348535	12.063
5209	0	3	2	2403	150	15.9124148387	30.7608379784	30.218332915	22.347
5210	0	3	1	545	34	14.9622210256	25.9333111371	25.4232012167	20.095
5210	0	3	2	1891	118	14.9622210256	23.8525820807	23.3424721603	13.905
5210	1	3	1	539	33	14.9622210256	36.549822464	36.0397125436	11.276
5210	1	3	2	1890	118	14.9622210256	30.0441512116	29.5340412912	11.008
5211	0	3	1	1212	75	12.7155519182	32.5110028404	32.0774890482	8.378
5211	0	3	2	2562	160	12.7155519182	33.0488948674	32.6153810752	5.528
5212	0	3	1	408	25	11.0069543746	30.2244417127	29.8491794699	14.095
5212	0	3	2	1756	109	11.0069543746	35.4764385163	35.1011762735	5.181
5213	0	3	1	873	54	17.949161815	32.4784725969	31.8665283215	27.118
5213	0	3	2	2218	138	17.949161815	32.3118942435	31.699949968	21.779
5214	0	3	1	514	32	8.64550370687	33.1721109701	32.8773581256	8.252
5214	0	3	2	1861	116	8.64550370687	34.3788956551	34.0841428106	12.441
5215	0	3	1	808	50	24.1242223752	33.6517942608	32.829322441	16.41
5215	0	3	2	2150	134	24.1242223752	33.7225292719	32.9000574521	4.315
5216	0	3	1	237	14	19.2078720202	29.3462357476	28.6913780196	9.685
5216	0	3	2	1579	98	19.2078720202	31.8121401197	31.1572823917	8.536
5217	0	3	1	422	26	11.5071202413	31.6691371987	31.2768227034	14.032
5217	0	3	2	1768	110	11.5071202413	33.0221218536	32.6298073583	9.968
5218	0	3	1	421	26	12.1121970375	24.7509629941	24.3380194976	7.67
5218	0	3	2	1768	110	12.1121970375	31.0323808639	30.6194373673	16.126
5219	0	3	1	816	51	19.7288745071	28.3258863482	27.6532659807	10.945
5219	0	3	2	2158	134	19.7288745071	31.3039982192	30.6313778518	15.339
5220	0	3	1	1108	69	9.3169918751	29.318863949	29.0012179274	6.189
5220	0	3	2	2456	153	9.3169918751	29.7749299725	29.4572839508	5.197
5220	1	3	1	1109	69	9.3169918751	33.4245605078	33.1069144862	8.882
5220	1	3	2	2457	153	9.3169918751	31.6276962221	31.3100502005	13.024
5221	0	3	1	1246	77	10.2231038386	28.9464929815	28.597954708	6.803
5221	0	3	2	2597	162	10.2231038386	28.1761281531	27.8275898795	11.165
5222	0	3	1	456	28	13.2543532165	30.7985391499	30.3466558999	10.409
5222	0	3	2	1802	112	13.2543532165	28.0696466766	27.6177634267	10.126
5224	0	3	1	259	16	22.7556942546	33.5487762754	32.7729619518	10.787
5224	0	3	2	1602	100	22.7556942546	31.1047445267	30.3289302031	5.622
5225	0	3	1	490	30	15.9518204067	28.4172440121	27.8733954869	19.59
5225	0	3	2	1835	114	15.9518204067	31.4000200443	30.8561715191	12.22
5226	0	3	1	1009	63	14.8630346987	29.2416555118	28.7349271702	6.315
5226	0	3	2	2353	147	14.8630346987	31.9984133081	31.4916849665	11.023
5227	0	3	1	1258	78	8.12802710173	28.0798310215	27.8027206078	13.716
5227	0	3	2	2609	163	8.12802710173	27.2468272819	26.9697168682	10.441
5229	0	3	1	1253	78	5.68286072217	24.709974931	24.5162280518	10.189
5229	0	3	2	2599	162	5.68286072217	25.0495611968	24.8558143176	17.275
5229	1	3	1	1250	78	5.68286072217	24.483669815	24.2899229357	10.347
5229	1	3	2	2601	162	5.68286072217	24.9178236215	24.7240767422	5.149
5230	0	3	1	274	17	11.8091253042	32.5769362634	32.1743254505	8.41
5230	0	3	2	1618	101	11.8091253042	30.0562810094	29.6536701966	7.433
5230	1	3	1	273	17	11.8091253042	25.7091104076	25.3064995948	12.063
5230	1	3	2	1616	101	11.8091253042	28.5281102219	28.1254994091	10.378
5231	0	3	1	1063	66	18.7183828962	29.1393433451	28.5011738653	14.929
5231	0	3	2	2411	150	18.7183828962	27.8583567773	27.2201872975	19.023
5232	0	3	1	1113	69	12.0337114221	30.6431394915	30.2328718203	12.614
5232	0	3	2	2463	153	12.0337114221	27.0328748783	26.6226072071	8.252
5233	0	3	1	510	31	12.2936653304	26.9929658375	26.573835507	12.189
5233	0	3	2	1859	116	12.2936653304	29.9343368248	29.5152064943	16.378
5234	0	3	1	1090	68	22.4568231983	20.5981383985	19.8325135441	12.126
5234	0	3	2	2437	152	22.4568231983	21.5432661795	20.7776413251	5.401
5235	0	3	1	1213	75	9.83812131867	30.6536493968	30.3182364073	13.039
5235	0	3	2	2562	160	9.83812131867	32.8478872862	32.5124742968	6.882
5236	0	3	1	919	57	18.832852352	28.2231033851	27.5810312758	9.402
5236	0	3	2	2263	141	18.832852352	29.3050918448	28.6630197355	7.811
5237	0	3	1	807	50	22.6563983282	27.2339475399	26.4615185317	16
5237	0	3	2	2134	133	22.6563983282	34.4922049835	33.7197759753	17.008
5238	0	3	1	1234	77	7.73281284845	30.6516579377	30.3880216407	6.504
5238	0	3	2	2585	161	7.73281284845	29.4737945717	29.2101582747	10.913
5239	0	3	1	455	28	7.42883583728	31.6095066178	31.3562338683	13.024
5239	0	3	2	1801	112	7.42883583728	30.116678115	29.8634053656	16.063
5240	0	3	1	551	34	11.4958211299	29.4139918308	29.0220625583	5.338
5240	0	3	2	1898	118	11.4958211299	28.6799064965	28.287977224	8.661
5241	0	3	1	134	8	22.7206653867	30.4834198831	29.7087998055	12.378
5241	0	3	2	1475	92	22.7206653867	30.3778009133	29.6031808358	18.063
5242	0	3	1	985	61	14.7226867611	19.7026732797	19.2007298477	15.905
5242	0	3	2	2332	145	14.7226867611	31.5314679127	31.0295244807	9.276
5243	0	3	1	1021	63	13.8860264071	27.301419948	26.8280009407	11.59
5243	0	3	2	2368	148	13.8860264071	29.9365480651	29.4631290578	20.252
5244	0	3	1	785	49	24.0155712262	41.2518789694	40.4331114144	6.725
5244	0	3	2	2133	133	24.0155712262	33.7865354919	32.9677679369	17.779
5245	0	3	1	347	21	13.7928104094	31.1344571565	30.6642161804	5.874
5245	0	3	2	1691	105	13.7928104094	30.9359152507	30.4656742746	11.118
5246	0	3	1	487	30	14.0084916431	27.9637667764	27.486172538	15.166
5246	0	3	2	1831	114	14.0084916431	28.702269593	28.2246753545	12.771
5247	0	3	1	469	29	13.7426025577	35.0027000487	34.5341708186	6.819
5247	0	3	2	1816	113	13.7426025577	32.9237570322	32.4552278022	11.874
5248	0	3	1	521	32	13.158924179	32.8674803774	32.4188506082	7.465
5248	0	3	2	1867	116	13.158924179	31.6246509171	31.1760211479	9.622
5249	0	3	1	382	23	14.789703234	28.9691270047	28.464898767	5.622
5249	0	3	2	1727	107	14.789703234	28.2515634807	27.747335243	9.229
5250	0	3	1	897	56	20.4762431951	29.1765427554	28.4784422015	19.591
5250	0	3	2	2240	140	20.4762431951	29.9831728196	29.2850722656	5.779
5251	0	3	1	794	49	23.7865270895	36.4832484218	35.6722897132	5.905
5251	0	3	2	2135	133	23.7865270895	36.3823604334	35.5714017249	10.567
5252	0	3	1	918	57	16.2210654453	30.7983076566	30.2452797079	22.803
5252	0	3	2	2261	141	16.2210654453	30.1909016954	29.6378737466	4.536
5253	0	3	1	910	56	12.7035109873	27.3333200749	26.9002167965	15.969
5253	0	3	2	2252	140	12.7035109873	28.3402756373	27.9071723589	5.213
5254	0	3	1	121	7	20.1909496677	31.5080909441	30.8197169581	10.22
5254	0	3	2	1461	91	20.1909496677	36.0899852324	35.4016112463	7.071
5255	0	3	1	443	27	9.61448577139	25.897607267	25.5698187279	5.591
5255	0	3	2	1788	111	9.61448577139	27.9965897006	27.6688011615	11.433
5256	0	3	1	1019	63	14.6716743104	37.2118908068	36.7116865522	16.662
5256	0	3	2	2364	147	14.6716743104	35.4522112988	34.9520070443	11.496
5257	0	3	1	431	26	7.61104915177	27.8660405016	27.6065555181	13.843
5257	0	3	2	1777	111	7.61104915177	29.7287917082	29.4693067247	9.464
5258	0	3	1	490	30	11.3171531676	27.4489495753	27.0631116645	21.716
5258	0	3	2	1835	114	11.3171531676	31.4381368921	31.0522989813	13.118
5259	0	3	1	814	50	26.6477048753	32.6640934901	31.7555880892	8.362
5259	0	3	2	2149	134	26.6477048753	33.9330221457	33.0245167447	4.488
5260	0	3	1	486	30	11.9566589518	31.8698349594	31.4621942531	14.473
5260	0	3	2	1830	114	11.9566589518	29.8921862194	29.4845455132	10.535
5261	0	3	1	985	61	15.9548755318	24.4788353864	23.9348827023	13.811
5261	0	3	2	2331	145	15.9548755318	27.9363501431	27.3923974589	13.087
5262	0	3	1	1227	76	10.3028702909	27.710347755	27.3590899882	9.937
5262	0	3	2	2579	161	10.3028702909	25.8223092696	25.4710515028	14.283
5263	0	3	1	514	32	9.17758917733	35.0658434876	34.7529501494	6
5263	0	3	2	1861	116	9.17758917733	34.1237370628	33.8108437246	11.087
5264	0	3	1	506	31	6.51246693066	30.717524196	30.4954933905	8.583
5264	0	3	2	1853	115	6.51246693066	31.7127509814	31.4907201758	7.071
5265	0	3	1	592	37	7.71528520689	26.408854862	26.1458161382	11.339
5265	0	3	2	1941	121	7.71528520689	28.1007880429	27.8377493192	8.661
5266	0	3	1	569	35	12.5091063825	26.3935172573	25.967041853	12.33
5266	0	3	2	1915	119	12.5091063825	31.075790631	30.6493152267	12.284
5267	0	3	1	529	33	14.1559051676	29.8902237147	29.4076036782	13.292
5267	0	3	2	1879	117	14.1559051676	28.4045978469	27.9219778104	6.252
5268	0	3	1	444	27	12.6767885305	29.1847532832	28.7525610587	6.803
5268	0	3	2	1791	111	12.6767885305	30.8892411811	30.4570489566	5.622
5269	0	3	1	1221	76	12.9445222438	33.44884932	33.0075291978	8.851
5269	0	3	2	2573	160	12.9445222438	30.235839839	29.7945197168	5.355
5270	0	3	1	434	27	12.0303933132	30.0276553302	29.6175007839	12.693
5270	0	3	2	1782	111	12.0303933132	28.0434870197	27.6333324735	4.031
5270	1	3	1	430	26	12.0303933132	19.650364589	19.2402100428	7.197
5270	1	3	2	1784	111	12.0303933132	32.9747942983	32.5646397521	11.307
5271	0	3	1	440	27	13.3728904664	32.8820989878	32.4261744243	7.685
5271	0	3	2	1787	111	13.3728904664	31.5107136227	31.0547890591	14.992
5272	0	3	1	490	30	13.7248261251	28.6554979004	28.1875747258	20.945
5272	0	3	2	1834	114	13.7248261251	31.1779551551	30.7100319804	15.244
5273	0	3	1	412	25	11.4592504871	35.2309131568	34.8402306944	7.464
5273	0	3	2	1766	110	11.4592504871	21.7232509981	21.3325685357	4.063
5274	0	3	1	1048	65	15.375621619	31.3909210943	30.8667170268	8.945
5274	0	3	2	2400	150	15.375621619	29.2326865106	28.7084824432	24.094
5275	0	3	1	484	30	14.7944526768	32.9121859194	32.4077957581	18.504
5275	0	3	2	1829	114	14.7944526768	29.2913056939	28.7869155325	13.779
5276	0	3	1	937	58	18.266636552	30.2058844804	29.5831164768	18.189
5276	0	3	2	2281	142	18.266636552	30.2020803702	29.5793123667	8.567
5277	0	3	1	882	55	19.6823746089	28.8306125547	28.1595775173	16.661
5277	0	3	2	2225	139	19.6823746089	27.8007371588	27.1297021215	10.031
5278	0	3	1	488	30	15.7002181947	27.1346561923	26.5993855905	14.961
5278	0	3	2	1833	114	15.7002181947	27.805354026	27.2700834242	12.031
5279	0	3	1	1069	66	17.2608365081	30.0442446968	29.4557676304	8.409
5279	0	3	2	2415	150	17.2608365081	26.1810414372	25.5925643707	17.906
5280	0	3	1	741	46	15.1444244484	39.3622056682	38.845883851	12.724
5280	0	3	2	2079	129	15.1444244484	38.1362932105	37.6199713933	5.685
5281	0	3	1	883	55	17.5534010035	30.3047623567	29.7063108318	18.031
5281	0	3	2	2225	139	17.5534010035	30.1893601627	29.5909086379	4.929
5282	0	3	1	889	55	20.478178162	37.1803433053	36.4821767822	7.433
5282	0	3	2	2231	139	20.478178162	37.526699721	36.8285331979	10.598
5283	0	3	1	474	29	14.208487645	40.7859095354	40.3014967942	12.788
5283	0	3	2	1818	113	14.208487645	41.2318162951	40.7474035539	6.157
5284	0	3	1	1220	76	10.4604402993	30.3711657762	30.0145359444	17.748
5284	0	3	2	2569	160	10.4604402993	31.3563613841	30.9997315523	6.158
5285	0	3	1	806	50	24.5523273745	35.3067280069	34.4696607199	6.378
5285	0	3	2	2148	134	24.5523273745	31.1546073857	30.3175400987	16.63
5286	0	3	1	429	26	13.4772554142	28.5194094605	28.0599267624	10.063
5286	0	3	2	1774	110	13.4772554142	29.1424735841	28.682990886	4.945
5287	0	3	1	917	57	23.6013893647	41.9122210507	41.1075742787	15.906
5287	0	3	2	2247	140	23.6013893647	41.5413542551	40.7367074831	7.229
5288	0	3	1	487	30	15.2478640644	27.0905502993	26.5707018951	17.26
5288	0	3	2	1832	114	15.2478640644	29.7303365428	29.2104881386	11.338
5289	0	3	1	893	55	19.7432095292	33.2677052525	32.5945961583	13.213
5289	0	3	2	2236	139	19.7432095292	30.2495656149	29.5764565207	8.22
5290	0	3	1	282	17	11.8852856522	33.879843412	33.4746360496	15.622
5290	0	3	2	1626	101	11.8852856522	33.0032713979	32.5980640354	17.78
5291	0	3	1	1056	66	18.615952697	32.287601639	31.652924332	4.551
5291	0	3	2	2400	150	18.615952697	33.548912044	32.914234737	7.008
5292	0	3	1	348	21	14.1031734432	28.6701208594	28.1892986158	17.04
5292	0	3	2	1693	105	14.1031734432	27.8057529985	27.3249307549	4.74
5293	0	3	1	457	28	9.74734486435	32.946427804	32.614109674	6.158
5293	0	3	2	1802	112	9.74734486435	31.5370482044	31.2047300743	12.709
5294	0	3	1	1269	79	11.6956057111	30.9705115351	30.5717709679	11.937
5294	0	3	2	2612	163	11.6956057111	29.8577817381	29.4590411709	5.071
5295	0	3	1	525	32	11.1573942004	28.0568309038	27.6764396867	6.788
5295	0	3	2	1874	117	11.1573942004	28.5903228199	28.2099316027	5.008
5296	0	3	1	1059	66	7.73250380116	38.1839895284	37.9203637677	13.59
5296	0	3	2	2406	150	7.73250380116	34.6711882545	34.4075624939	22.252
5297	0	3	1	996	62	17.8629416765	27.2407514222	26.6317466667	14.661
5297	0	3	2	2341	146	17.8629416765	28.019732733	27.4107279776	13.685
5298	0	3	1	934	58	17.6319548468	27.4965354641	26.8954057877	21.748
5298	0	3	2	2278	142	17.6319548468	28.6283420856	28.0272124093	15.433
5299	0	3	1	441	27	11.9907534936	29.3931311142	28.9843280161	5.086
5299	0	3	2	1788	111	11.9907534936	28.2642569443	27.8554538462	17.716
5300	0	3	1	473	29	11.1334934194	18.8960969698	18.5165206066	14.819
5300	0	3	2	1838	114	11.1334934194	28.9806269987	28.6010506355	16.409
5301	0	3	1	1092	68	8.87096890564	30.9003583539	30.5979186804	9.811
5301	0	3	2	2439	152	8.87096890564	29.6109957978	29.3085561243	9.811
5302	0	3	1	422	26	10.6881873727	32.5579257658	32.1935313085	5.087
5302	0	3	2	1769	110	10.6881873727	32.5880048618	32.2236104045	15.402
5303	0	3	1	506	31	10.5266815392	29.2546557015	28.8957674942	11.622
5303	0	3	2	1857	116	10.5266815392	30.6152368394	30.2563486321	14.63
5304	0	3	1	790	49	25.2653390321	25.4336022704	24.5722261378	15.355
5304	0	3	2	2148	134	25.2653390321	34.650380708	33.7890045754	13.464
5305	0	3	1	614	38	10.9875268022	26.0924129794	25.7178130846	4.346
5305	0	3	2	1962	122	10.9875268022	24.3488015275	23.9742016327	5.401
5306	0	3	1	169	10	20.645917665	27.6656773185	26.9617920197	12.157
5306	0	3	2	1511	94	20.645917665	27.1296125168	26.4257272181	16.252
5306	1	3	1	168	10	20.645917665	28.9172951513	28.2134098526	10.315
5306	1	3	2	1514	94	20.645917665	29.7935194466	29.0896341479	11.055
5307	0	3	1	951	59	21.5154233189	26.8107277291	26.0771982045	14.599
5307	0	3	2	2291	143	21.5154233189	28.1398056562	27.4062761316	7.464
5308	0	3	1	892	55	20.9508012892	37.9112450668	37.1969653112	11.496
5308	0	3	2	2234	139	20.9508012892	33.630690269	32.9164105134	10.189
5309	0	3	1	519	32	7.83423143473	29.5083030405	29.2412090599	11.37
5309	0	3	2	1867	116	7.83423143473	28.6373529243	28.3702589436	10.677
5310	0	3	1	77	4	21.6855256187	32.6456239021	31.9062950466	19.622
5310	0	3	2	1417	88	21.6855256187	31.928427489	31.1890986335	16.095
5313	0	3	1	1010	63	7.49975837586	29.8937064026	29.6380156772	7.906
5313	0	3	2	2354	147	7.49975837586	32.5228340446	32.2671433192	14.094
5314	0	3	1	561	35	13.0520650993	29.0264761521	28.5814895504	7.496
5314	0	3	2	1909	119	13.0520650993	29.7116575949	29.2666709932	6
5315	0	3	1	82	5	23.3558015532	32.8901554519	32.0938815531	10.22
5315	0	3	2	1425	89	23.3558015532	32.7409970142	31.9447231154	5.449
5316	0	3	1	1071	66	15.9387716291	27.6843317711	27.1409281205	8.535
5316	0	3	2	2418	151	15.9387716291	25.5570530025	25.0136493519	14.661
5317	0	3	1	915	57	16.0860141387	27.4793422513	26.9309186331	23.527
5317	0	3	2	2257	141	16.0860141387	31.7895675829	31.2411439647	7.244
5318	0	3	1	444	27	11.2174567711	29.1807238028	28.7982848607	5.244
5318	0	3	2	1791	111	11.2174567711	28.0414957992	27.6590568571	13.244
5319	0	3	1	1092	68	16.4479807051	26.0075788655	25.4468146505	19.244
5319	0	3	2	2442	152	16.4479807051	26.8023571962	26.2415929812	5.118
5320	0	3	1	513	32	7.04029527204	32.3821197865	32.1420936263	10.41
5320	0	3	2	1860	116	7.04029527204	29.2047962473	28.9647700871	6.378
5321	0	3	1	1002	62	19.1678014159	29.0971440769	28.4436524838	16.724
5321	0	3	2	2349	146	19.1678014159	28.5483832629	27.8948916699	19.622
5322	0	3	1	983	61	11.2338972775	29.6770937708	29.2940943193	14.725
5322	0	3	2	2329	145	11.2338972775	31.3977855363	31.0147860848	11.37
5323	0	3	1	1064	66	15.2126673625	33.4479971109	32.9293486747	5.071
5323	0	3	2	2411	150	15.2126673625	28.5705838839	28.0519354477	10.252
5324	0	3	1	879	54	20.5929660041	29.3370629658	28.6349829584	9.969
5324	0	3	2	2220	138	20.5929660041	28.8413710619	28.1392910544	13.591
5325	0	3	1	471	29	10.6420265118	40.6547224108	40.2919017248	11.448
5325	0	3	2	1817	113	10.6420265118	29.1694879587	28.8066672727	12.473
5326	0	3	1	429	26	8.7261589404	26.6196245234	26.3221218843	14.157
5326	0	3	2	1775	110	8.7261589404	32.9296397398	32.6321371007	7.716
5327	0	3	1	491	30	12.8601699253	20.7374887281	20.299044446	15.843
5327	0	3	2	1834	114	12.8601699253	21.3141056569	20.8756613748	8.41
5328	0	3	1	1092	68	10.6191346996	32.5134820102	32.1514417792	6.252
5328	0	3	2	2441	152	10.6191346996	33.5755159287	33.2134756977	5.086
5330	0	3	1	443	27	13.3903780755	28.1358357391	27.679314967	11.559
5330	0	3	2	1788	111	13.3903780755	32.865873657	32.409352885	6.032
5332	0	3	1	1013	63	15.3780293495	29.1000955988	28.5758094441	10.158
5332	0	3	2	2357	147	15.3780293495	29.7606828782	29.2363967235	8.756
5333	0	3	1	123	7	22.3381908881	33.402922607	32.6413423071	4.693
5333	0	3	2	1462	91	22.3381908881	40.410774146	39.6491938461	9.811
5334	0	3	1	1109	69	12.5583276348	35.1106592786	34.6825057646	6.897
5334	0	3	2	2458	153	12.5583276348	34.2094539101	33.781300396	11.528
5335	0	3	1	414	25	12.6332980094	31.337891288	30.9071817944	5.433
5335	0	3	2	1762	110	12.6332980094	32.0991030538	31.6683935602	14.662
5336	0	3	1	514	32	8.55453332927	26.083936612	25.7922852383	15.307
5336	0	3	2	1861	116	8.55453332927	28.0284953112	27.7368439375	17.008
5337	0	3	1	282	17	15.7563508118	31.0877605043	30.5505761622	11.59
5337	0	3	2	1626	101	15.7563508118	29.8847519175	29.3475675754	13.417
5338	0	3	1	1001	62	18.2906981427	31.9038856203	31.2802972802	9.26
5338	0	3	2	2347	146	18.2906981427	30.4445587622	29.8209704222	11.905
5339	0	3	1	960	60	17.5700919536	29.4476181109	28.8485975382	15.937
5339	0	3	2	2302	143	17.5700919536	29.2985038935	28.6994833208	8.567
5341	0	3	1	219	13	20.5550036442	34.7822293044	34.0814435551	5.748
5341	0	3	2	1554	97	20.5550036442	33.088455455	32.3876697057	9.418
5342	0	3	1	1019	63	9.2655132779	30.3742403905	30.0583494387	18.598
5342	0	3	2	2363	147	9.2655132779	30.9139381696	30.5980472178	14.126
5343	0	3	1	485	30	10.1537896931	28.4309923249	28.084817192	16.032
5343	0	3	2	1830	114	10.1537896931	29.6064058704	29.2602307375	14.567
5344	0	3	1	428	26	11.2818026339	30.9169598579	30.5323271598	11.323
5344	0	3	2	1774	110	11.2818026339	31.749307504	31.3646748059	10
5345	0	3	1	1227	76	26.0418647388	31.3283387251	30.4404883501	4.85
5345	0	3	2	2579	161	26.0418647388	32.5149364407	31.6270860657	7.355
5346	0	3	1	1057	66	17.3443406476	25.1379229665	24.5465989771	10.126
5346	0	3	2	2403	150	17.3443406476	27.6166736965	27.0253497071	25.37
5347	0	3	1	1021	63	12.8564056572	27.8558841002	27.417568154	9.874
5347	0	3	2	2366	147	12.8564056572	30.2974190396	29.8591030934	19.937
5348	0	3	1	1221	76	14.6609013837	31.4849719984	30.9851350274	14.409
5348	0	3	2	2572	160	14.6609013837	32.8097073573	32.3098703862	9.969
5349	0	3	1	378	23	14.145924803	31.0543001923	30.5720204183	9.528
5349	0	3	2	1724	107	14.145924803	34.1420273342	33.6597475602	11.843
5351	0	3	1	1229	76	12.812928088	26.7078224137	26.2709887568	8.063
5351	0	3	2	2579	161	12.812928088	26.7829017135	26.3460680565	7.874
5352	0	3	1	809	50	22.4189190228	31.6907089295	30.9263763496	5.906
5352	0	3	2	2151	134	22.4189190228	32.2293421391	31.4650095592	11.937
5353	0	3	1	510	31	7.23226488289	30.0830229138	29.8364518962	11.181
5353	0	3	2	1860	116	7.23226488289	32.1243245822	31.8777535647	5.244
5354	0	3	1	440	27	8.38994101853	28.0843094053	27.7982695094	6.535
5354	0	3	2	1785	111	8.38994101853	29.2903632487	29.0043233528	9.386
5355	0	3	1	433	27	12.3470923682	29.9407193867	29.5197675578	7.024
5355	0	3	2	1780	111	12.3470923682	33.5009901764	33.0800383475	6.756
5356	0	3	1	1079	67	14.7493145259	30.132240419	29.6293891615	17.134
5356	0	3	2	2425	151	14.7493145259	30.7415525459	30.2387012884	12.929
5357	0	3	1	432	27	13.7049276759	30.644055155	30.176810382	8.63
5357	0	3	2	1779	111	13.7049276759	27.6492474536	27.1820026807	5.181
5358	0	3	1	487	30	11.226175147	29.1251542281	28.7424180487	17.15
5358	0	3	2	1831	114	11.226175147	30.2261843156	29.8434481362	11.402
5359	0	3	1	876	54	17.8286562524	28.1385401475	27.5307042917	23.213
5359	0	3	2	2218	138	17.8286562524	28.7526238778	28.1447880221	13.086
5360	0	3	1	919	57	21.4415099987	28.5599898948	27.8289803114	20.315
5360	0	3	2	2262	141	21.4415099987	32.1247009632	31.3936913798	14.315
5361	0	3	1	824	51	29.6293397746	18.4608831098	17.4507242485	16.851
5361	0	3	2	2166	135	29.6293397746	24.1398401778	23.1296813165	18.614
5362	0	3	1	1214	75	14.3742879575	42.1288079634	41.6387425598	10.472
5362	0	3	2	2572	160	14.3742879575	42.4947399127	42.0046745091	6.803
5363	0	3	1	1248	78	8.37833436057	26.955044058	26.6693998701	7.969
5363	0	3	2	2597	162	8.37833436057	27.3722297679	27.08658558	16.095
5363	1	3	1	1246	77	8.37833436057	28.9102984941	28.6246543063	8.961
5363	1	3	2	2599	162	8.37833436057	25.7543034328	25.4686592449	16.913
5364	0	3	1	811	50	17.97684653	29.266115212	28.6532270762	11.59
5364	0	3	2	2154	134	17.97684653	30.8135991905	30.2007110547	10.819
5365	0	3	1	489	30	8.21940570227	29.2777817033	28.9975559012	18.504
5365	0	3	2	1835	114	8.21940570227	30.04789826	29.7676724578	11.59
5366	0	3	1	840	52	20.2417815748	32.0856180439	31.3955110357	11.59
5366	0	3	2	2182	136	20.2417815748	27.4775844021	26.7874773939	13.575
5367	0	3	1	1213	75	10.6019142297	29.047127282	28.6856741519	9.024
5367	0	3	2	2564	160	10.6019142297	33.6742163327	33.3127632026	11.843
5368	0	3	1	1250	78	7.09521034994	27.0562930654	26.8143946748	6.22
5368	0	3	2	2599	162	7.09521034994	27.1332737647	26.8913753741	16.315
5369	0	3	1	516	32	8.65854573435	29.9583415065	29.6631440176	12.032
5369	0	3	2	1861	116	8.65854573435	31.8044668411	31.5092693522	5.024
5370	0	3	1	1019	63	17.3610634236	33.1968081922	32.60491407	13.339
5370	0	3	2	2364	147	17.3610634236	34.1037099693	33.511815847	15.968
5371	0	3	1	490	30	13.9067994692	27.3940583148	26.9199310875	21.433
5371	0	3	2	1834	114	13.9067994692	30.1768535488	29.7027263214	10.803
5372	0	3	1	288	18	11.3157348817	29.9475127973	29.5617232404	17.937
5372	0	3	2	1630	101	11.3157348817	29.3768845603	28.9910950034	4.126
5373	0	3	1	234	14	17.5316974005	29.2502935401	28.6525819604	11.937
5373	0	3	2	1577	98	17.5316974005	28.8976230354	28.2999114557	15.071
5374	0	3	1	1220	76	9.21515410389	30.375003263	30.0608292164	7.968
5374	0	3	2	2569	160	9.21515410389	29.6018307275	29.2876566809	7.779
5375	0	3	1	807	50	24.4655559742	32.8456154496	32.0115064768	9.086
5375	0	3	2	2148	134	24.4655559742	31.3860720319	30.5519630591	14.031
5376	0	3	1	429	26	12.0961971893	29.2767229544	28.8643249438	17.559
5376	0	3	2	1775	110	12.0961971893	28.7626867404	28.3502887298	6.535
5377	0	3	1	455	28	11.1931487851	28.597960417	28.2163502118	16.347
5377	0	3	2	1800	112	11.1931487851	28.4550732527	28.0734630475	11.024
5378	0	3	1	457	28	10.5992754777	29.9837089315	29.6223457648	5.543
5378	0	3	2	1801	112	10.5992754777	26.7106781357	26.349314969	13.449
5379	0	3	1	1022	63	11.4024778348	36.8400308601	36.4512839588	12.283
5379	0	3	2	2368	148	11.4024778348	33.1570514378	32.7683045364	21.527
5380	0	3	1	452	28	7.65401017633	31.4819539029	31.2210042407	19.874
5380	0	3	2	1797	112	7.65401017633	31.5099249714	31.2489753092	8.771
5381	0	3	1	567	35	13.0668652648	33.1313263338	32.6858351471	6
5381	0	3	2	1915	119	13.0668652648	36.1401293551	35.6946381685	12.22
5382	0	3	1	1010	63	13.8488950909	28.5744425297	28.1022894477	4.693
5382	0	3	2	2356	147	13.8488950909	32.3452374657	31.8730843836	14.598
5383	0	3	1	489	30	13.8585979347	27.3839536484	26.9114697654	19.401
5383	0	3	2	1833	114	13.8585979347	32.8099527236	32.3374688406	5.748
5384	0	3	1	1061	66	18.95480724	32.1599042153	31.5136742742	9.528
5384	0	3	2	2411	150	18.95480724	34.3207773211	33.67454738	7.165
5385	0	3	1	470	29	8.52045457622	27.2176885218	26.9271990017	8.645
5385	0	3	2	1817	113	8.52045457622	27.9485653461	27.658075826	8.22
5386	0	3	1	555	34	18.0178978084	29.867116782	29.252829077	13.717
5386	0	3	2	1907	119	18.0178978084	27.8784722868	27.2641845818	6.032
5387	0	3	1	795	49	26.6297427447	31.0337484766	30.1258554621	14.992
5387	0	3	2	2135	133	26.6297427447	32.2654738748	31.3575808603	15.402
5388	0	3	1	473	29	10.0796132797	22.6746740835	22.3310278616	26.063
5388	0	3	2	1818	113	10.0796132797	29.1474397048	28.8037934828	11.118
5389	0	3	1	490	30	13.6794026837	29.3823446948	28.9159701504	15.969
5389	0	3	2	1833	114	13.6794026837	31.1769046158	30.7105300714	12.74
5390	0	3	1	1029	64	16.5160535388	27.021154414	26.4580693786	6.599
5390	0	3	2	2374	148	16.5160535388	38.0867469132	37.5236618778	8.74
5391	0	3	1	1105	69	14.5969299814	28.5311989577	28.0335429762	5.528
5391	0	3	2	2454	153	14.5969299814	29.2140772412	28.7164212597	13.292
5392	0	3	1	1226	76	12.5851124886	27.864149862	27.4350831667	6.094
5392	0	3	2	2578	161	12.5851124886	30.9000901473	30.471023452	10.567
5393	0	3	1	1013	63	13.8652829661	29.885541969	29.4128301719	19.024
5393	0	3	2	2358	147	13.8652829661	33.0882456356	32.6155338385	14.819
5394	0	3	1	509	31	7.11069317077	30.1444396191	29.9020133696	8.614
5394	0	3	2	1858	116	7.11069317077	28.8844263773	28.6420001278	9.527
5395	0	3	1	422	26	12.585792144	30.3451878575	29.9160979906	17.433
5395	0	3	2	1765	110	12.585792144	32.0702732877	31.6411834208	11.496
5395	1	3	1	430	26	12.585792144	41.0296443028	40.6005544359	6.158
5395	1	3	2	1766	110	12.585792144	34.5677179645	34.1386280976	9.906
5396	0	3	1	469	29	11.3843815136	31.1793882159	30.791258276	4.803
5396	0	3	2	1818	113	11.3843815136	28.4853022332	28.0971722933	7.559
5397	0	3	1	528	33	12.3666685294	27.0244242003	26.6028049575	16.284
5397	0	3	2	1878	117	12.3666685294	26.8033406295	26.3817213868	5.071
5398	0	3	1	797	49	22.428525425	28.8076274346	28.0429673417	17.59
5398	0	3	2	2132	133	22.428525425	32.1254163384	31.3607562455	17.905
5399	0	3	1	72	4	22.9831919355	33.3727019839	32.5891315375	10
5399	0	3	2	1412	88	22.9831919355	32.2351899203	31.4516194739	11.103
5400	0	3	1	571	35	7.20005840806	28.3380984369	28.0926254409	11.527
5400	0	3	2	1921	120	7.20005840806	30.4456842205	30.2002112246	8.126
5401	0	3	1	585	36	7.00144991826	29.0523883607	28.8136865627	5.275
5401	0	3	2	1933	120	7.00144991826	30.3092329709	30.0705311729	12.456
5402	0	3	1	970	60	16.2800506205	33.7159379702	33.1608990284	16.094
5402	0	3	2	2314	144	16.2800506205	32.4544014723	31.8993625305	13.969
5403	0	3	1	452	28	11.7881103917	32.1783122072	31.7764178599	11.04
5403	0	3	2	1798	112	11.7881103917	31.5365526417	31.1346582944	10.85
5404	0	3	1	792	49	24.698631549	35.3499309753	34.5078757115	13.087
5404	0	3	2	2133	133	24.698631549	34.1587941015	33.3167388377	16.347
5405	0	3	1	422	26	7.7386999992	27.9149484137	27.6511114049	12.189
5405	0	3	2	1771	110	7.7386999992	29.4887265649	29.2248895561	15.937
5406	0	3	1	526	32	8.23658278887	27.7015590833	27.4207476594	9.354
5406	0	3	2	1874	117	8.23658278887	28.254717915	27.9739064911	6.693
5407	0	3	1	453	28	9.43238886921	32.6650196023	32.3434393284	8.535
5407	0	3	2	1798	112	9.43238886921	32.8241213143	32.5025410404	14.347
5408	0	3	1	429	26	10.8348600026	26.9228880292	26.5534930334	15.544
5408	0	3	2	1775	110	10.8348600026	27.8179783764	27.4485833806	13.906
5409	0	3	1	894	55	19.5033470052	31.8524826372	31.1875512228	16.473
5409	0	3	2	2236	139	19.5033470052	30.618659079	29.9537276647	7.087
5410	0	3	1	989	61	16.0269140879	28.9632921104	28.4168834017	17.465
5410	0	3	2	2333	145	16.0269140879	32.0893962787	31.54298757	11.906
5411	0	3	1	821	51	18.7032054506	27.368267048	26.7306150158	13.212
5411	0	3	2	2165	135	18.7032054506	26.3258880023	25.6882359701	17.968
5411	1	3	1	824	51	18.7032054506	23.3625726893	22.7249206571	14.252
5411	1	3	2	2167	135	18.7032054506	30.8348020312	30.197149999	16.063
5412	0	3	1	457	28	13.9710041951	27.412460279	26.9361441074	4.536
5412	0	3	2	1802	112	13.9710041951	28.0545514129	27.5782352413	7.748
5413	0	3	1	169	10	18.2621930966	31.7528495164	31.1302330044	20.788
5413	0	3	2	1512	94	18.2621930966	30.65663621	30.034019698	10
5414	0	3	1	1240	77	16.0000954145	26.8760526232	26.3305582488	16.63
5414	0	3	2	2590	161	16.0000954145	27.0234708431	26.4779764687	17.181
5415	0	3	1	804	50	24.5463134928	33.5685540452	32.7316917905	12.725
5415	0	3	2	2145	134	24.5463134928	36.1276125024	35.2907502478	7.969
5416	0	3	1	565	35	8.19587871866	28.1524759152	27.8730522231	8.583
5416	0	3	2	1914	119	8.19587871866	32.2916798183	32.0122561262	15.591
5417	0	3	1	282	17	17.0548649131	32.6233685857	32.041913749	11.102
5417	0	3	2	1626	101	17.0548649131	32.455705369	31.8742505323	16.803
5418	0	3	1	184	11	23.78582035	33.7313728786	32.9204382651	12.866
5418	0	3	2	1527	95	23.78582035	31.3383273829	30.5273927694	13.134
5419	0	3	1	196	12	17.5891067092	25.8018077158	25.2021388693	12.158
5419	0	3	2	1539	96	17.5891067092	25.5765517094	24.976882863	15.465
5419	1	3	1	197	12	17.5891067092	35.3772335199	34.7775646734	7.559
5419	1	3	2	1540	96	17.5891067092	31.2750755803	30.6754067338	4.583
5420	0	3	1	478	29	12.7026904527	30.3926510563	29.9595757525	18.724
5420	0	3	2	1826	114	12.7026904527	30.5187222839	30.0856469802	5.338
5421	0	3	1	333	20	12.442835284	28.2064183401	27.7822023293	13.401
5421	0	3	2	1678	104	12.442835284	29.5135275099	29.0893114991	6.992
5422	0	3	1	490	30	12.3982738954	29.0891044499	28.6664076792	20.157
5422	0	3	2	1834	114	12.3982738954	31.3056996478	30.8830028771	18.535
5423	0	3	1	254	15	19.9225775078	33.8545399802	33.1753156586	5.969
5423	0	3	2	1596	99	19.9225775078	31.2408094571	30.5615851355	10.409
5424	0	3	1	1108	69	15.4193009571	29.114786309	28.5890930734	10.819
5424	0	3	2	2456	153	15.4193009571	30.6726866371	30.1469934014	17.811
5426	0	3	1	488	30	9.17425602765	30.047757989	29.7349782885	16.693
5426	0	3	2	1834	114	9.17425602765	31.3056969831	30.9929172826	13.606
5427	0	3	1	429	26	8.55697901032	29.295583512	29.0038487572	12.441
5427	0	3	2	1775	110	8.55697901032	28.4513006432	28.1595658884	12.74
5428	0	3	1	1251	78	9.39156260191	29.8970680787	29.5768797027	6.677
5428	0	3	2	2600	162	9.39156260191	30.2371955505	29.9170071745	14.646
5429	0	3	1	250	15	15.1548341018	32.2244300974	31.7077533818	8.378
5429	0	3	2	1591	99	15.1548341018	31.2609138912	30.7442371756	7.591
5430	0	3	1	438	27	13.15065316	31.6653589171	31.2170111334	20.032
5430	0	3	2	1784	111	13.15065316	32.4537869077	32.0054391239	8.977
5431	0	3	1	937	58	19.3112279882	26.0746150858	25.4162336226	7.338
5431	0	3	2	2281	142	19.3112279882	31.3261206417	30.6677391785	8.882
5432	0	3	1	807	50	23.3601779293	31.6302817578	30.8338586543	9.024
5432	0	3	2	2149	134	23.3601779293	30.215735347	29.4193122435	19.496
5433	0	3	1	491	30	8.77983736575	25.7624986218	25.4631659137	18.409
5433	0	3	2	1838	114	8.77983736575	28.1986988913	27.8993661831	20.362
5434	0	3	1	795	49	21.5472562635	34.6288583783	33.8942435669	5.969
5434	0	3	2	2134	133	21.5472562635	34.934856136	34.2002413246	14.63
5435	0	3	1	810	50	21.0777024957	29.0786443712	28.360038148	6.031
5435	0	3	2	2152	134	21.0777024957	28.3808301406	27.6622239174	9.402
5436	0	3	1	773	48	23.9952269691	33.110543126	32.2924691718	16.819
5436	0	3	2	2115	132	23.9952269691	34.1258186972	33.307744743	11.008
5437	0	3	1	561	35	10.5304483273	31.3951613472	31.036144718	9.937
5437	0	3	2	1910	119	10.5304483273	32.2447189409	31.8857023117	7.008
5439	0	3	1	1264	79	7.54886515682	28.6136190297	28.3562540972	8.977
5439	0	3	2	2614	163	7.54886515682	29.6281987391	29.3708338066	9.402
5440	0	3	1	600	37	6.20917271636	26.8602517957	26.6485612589	11.874
5440	0	3	2	1950	121	6.20917271636	28.1670181681	27.9553276314	17.811
5441	0	3	1	1004	62	13.8663981675	33.656201088	33.1834512701	5.591
5441	0	3	2	2351	146	13.8663981675	33.5217515894	33.0490017715	8.095
5442	0	3	1	1250	78	10.1215783602	26.8237819998	26.4787050541	7.15
5442	0	3	2	2600	162	10.1215783602	28.0362648114	27.6911878658	14.851
5443	0	3	1	475	29	13.2808592408	32.6380456438	32.1852587187	22.834
5443	0	3	2	1821	113	13.2808592408	32.0901536893	31.6373667643	8.031
5444	0	3	1	805	50	23.9827888802	33.978603442	33.160953542	9.213
5444	0	3	2	2148	134	23.9827888802	32.5139047067	31.6962548067	10.882
5445	0	3	1	1230	76	8.79190993659	6.60012552839	6.30038122772	13.937
5445	0	3	2	2581	161	8.79190993659	6.55411693892	6.25437263825	14.646
5446	0	3	1	475	29	12.8688419635	32.6627228399	32.2239829003	21.968
5446	0	3	2	1822	113	12.8688419635	32.8113328887	32.372592949	8.158
5447	0	3	1	1019	63	14.9884071587	35.721716354	35.2107136646	13.15
5447	0	3	2	2365	147	14.9884071587	31.4718110156	30.9608083263	10.315
5448	0	3	1	155	9	14.7647627316	33.4102951767	32.9069172405	12.032
5448	0	3	2	1496	93	14.7647627316	37.090060116	36.5866821797	7.464
5449	0	3	1	577	36	8.00994364683	31.6120151252	31.3389305538	9.307
5449	0	3	2	1925	120	8.00994364683	31.8970066793	31.6239221079	11.307
5450	0	3	1	804	50	24.6763883906	35.1504628093	34.3091658859	15.465
5450	0	3	2	2145	134	24.6763883906	34.9833850766	34.1420881532	5.559
5451	0	3	1	469	29	6.8528803691	33.748391041	33.5147544537	5.26
5451	0	3	2	1816	113	6.8528803691	27.4915723792	27.2579357919	4.315
5452	0	3	1	908	56	16.6392724406	33.1808514961	32.6135655347	15.748
5452	0	3	2	2249	140	16.6392724406	34.0397704454	33.4724844839	6
5453	0	3	1	1213	75	12.1204464536	30.6783191192	30.2650943737	11.323
5453	0	3	2	2565	160	12.1204464536	33.6327387666	33.2195140211	5.874
5454	0	3	1	804	50	19.8334434117	29.7432182037	29.0670327482	7.591
5454	0	3	2	2151	134	19.8334434117	42.7716129404	42.0954274849	6.315
5456	0	3	1	1015	63	19.3302593297	27.3141521836	26.6551218811	11.779
5456	0	3	2	2360	147	19.3302593297	30.9722086732	30.3131783708	16
5457	0	3	1	1224	76	14.0236832921	30.4200742638	29.9419620934	12.252
5457	0	3	2	2578	161	14.0236832921	29.9903903278	29.5122781575	5.402
5458	0	3	1	1254	78	10.2646142433	29.5027504575	29.1527969615	9.37
5458	0	3	2	2602	162	10.2646142433	32.3266449327	31.9766914368	13.213
5459	0	3	1	490	30	14.2811373715	30.8742080174	30.3873184149	11.527
5459	0	3	2	1834	114	14.2811373715	25.5764878117	25.0895982092	14.441
5460	0	3	1	108	6	21.8543943357	33.2833194564	32.5382333268	29.654
5460	0	3	2	1448	90	21.8543943357	35.2725247228	34.5274385932	9.748
5461	0	3	1	1065	66	18.1911237974	26.2233368249	25.6031432924	4.031
5461	0	3	2	2413	150	18.1911237974	31.8641914477	31.2439979152	18
5462	0	3	1	506	31	8.53044295905	30.6035672951	30.3127372391	6
5462	0	3	2	1857	116	8.53044295905	28.1930002962	27.9021702402	16
5463	0	3	1	270	16	20.831316317	29.9710526613	29.2608465302	6.126
5463	0	3	2	1611	100	20.831316317	31.6013706972	30.8911645661	10.347
5464	0	3	1	798	49	24.3706383097	32.9884892184	32.1576162921	15.811
5464	0	3	2	2134	133	24.3706383097	34.2719229817	33.4410500554	13.008
5465	0	3	1	267	16	16.3457555387	29.3673316244	28.810052592	13.15
5465	0	3	2	1612	100	16.3457555387	34.7190337413	34.1617547088	11.433
5466	0	3	1	281	17	16.4817745913	29.5105184547	28.9486020981	11.685
5466	0	3	2	1626	101	16.4817745913	30.2613949581	29.6994786015	11.591
5467	0	3	1	434	27	12.4776191911	30.4878918676	30.0624899623	11.937
5467	0	3	2	1781	111	12.4776191911	30.140345943	29.7149440376	15.15
5468	0	3	1	763	47	24.0203665157	35.9641944319	35.1452633902	7.78
5468	0	3	2	2103	131	24.0203665157	35.9839383403	35.1650072986	4.945
5469	0	3	1	1281	80	6.51818405709	28.8930472904	28.6708215697	17.496
5469	0	3	2	2632	164	6.51818405709	27.4837294861	27.2615037654	9.622
5470	0	3	1	970	60	18.857276303	29.2037747526	28.5608699527	6.693
5470	0	3	2	2314	144	18.857276303	26.620854556	25.9779497562	6.771
5471	0	3	1	295	18	17.1443566458	24.0511453939	23.4666394982	5.779
5471	0	3	2	1639	102	17.1443566458	27.031954915	26.4474490192	10.598
5472	0	3	1	528	33	12.9949067661	28.0048061949	27.5617683034	5.307
5472	0	3	2	1878	117	12.9949067661	28.6162159353	28.1731780438	7.275
5473	0	3	1	487	30	12.0796956478	29.2258794078	28.8140439875	12.914
5473	0	3	2	1831	114	12.0796956478	26.3281909254	25.9163555051	4.693
5474	0	3	1	334	20	11.6093801509	30.1394545933	29.743653731	9.464
5474	0	3	2	1672	104	11.6093801509	30.0838414091	29.6880405467	5.055
5475	0	3	1	1014	63	14.0654327708	26.5147773059	26.0352417624	8.662
5475	0	3	2	2359	147	14.0654327708	28.5145003474	28.0349648039	19.086
5476	0	3	1	1001	62	17.3718602678	29.9606867402	29.368424519	5.969
5476	0	3	2	2343	146	17.3718602678	31.871656236	31.2793940148	4.599
5477	0	3	1	883	55	16.6061604612	26.7014867276	26.1353296593	22.394
5477	0	3	2	2224	139	16.6061604612	28.8021823709	28.2360253027	7.418
5478	0	3	1	209	13	18.5169326019	32.3794623311	31.7481609355	8.158
5478	0	3	2	1552	97	18.5169326019	35.2956223609	34.6643209653	15.811
5479	0	3	1	75	4	19.310658608	35.3929973668	34.7346353156	11.086
5479	0	3	2	1415	88	19.310658608	30.7360435786	30.0776815274	8.851
5480	0	3	1	227	14	21.7529103453	27.0189689159	26.2773426997	8.189
5480	0	3	2	1569	98	21.7529103453	27.7889952258	27.0473690096	6.85
5481	0	3	1	1239	77	14.8671913688	28.8180815955	28.3112115398	9.323
5481	0	3	2	2589	161	14.8671913688	28.3582523302	27.8513822744	15.449
5482	0	3	1	488	30	8.91735300465	26.760303617	26.4562825613	19.842
5482	0	3	2	1832	114	8.91735300465	29.365425107	29.0614040513	8.661
5483	0	3	1	984	61	18.8745432407	26.0823944676	25.4389009827	16.158
5483	0	3	2	2329	145	18.8745432407	34.1867776914	33.5432842065	10.725
5485	0	3	1	998	62	16.3200192986	26.7676516211	26.2112500193	4.063
5485	0	3	2	2345	146	16.3200192986	29.2603170118	28.70391541	9.937
5486	0	3	1	475	29	12.4373715978	30.4382960564	30.0142663201	26.693
5486	0	3	2	1822	113	12.4373715978	30.5871288322	30.163099096	4.315
5487	0	3	1	824	51	22.9546111138	23.8552300661	23.0726340313	7.937
5487	0	3	2	2166	135	22.9546111138	27.8037396673	27.0211436324	15.197
5488	0	3	1	874	54	26.1313120851	32.1776496621	31.2867497413	14.756
5488	0	3	2	2213	138	26.1313120851	32.9139790941	32.0230791733	5.496
5489	0	3	1	506	31	9.29273094368	30.955397514	30.6385786251	13.464
5489	0	3	2	1857	116	9.29273094368	32.1347970577	31.8179781687	12.897
5490	0	3	1	842	52	26.5188385152	28.3233593824	27.4192474474	6.409
5490	0	3	2	2182	136	26.5188385152	23.4555521783	22.5514402433	8.315
5491	0	3	1	810	50	24.8544408442	33.9996304385	33.1522631379	10.441
5491	0	3	2	2150	134	24.8544408442	31.7410684758	30.8937011753	9.653
5492	0	3	1	794	49	22.4176893818	35.6513683479	34.8870776904	12.252
5492	0	3	2	2133	133	22.4176893818	32.21258516	31.4482945025	16.22
5493	0	3	1	795	49	25.8045860837	32.1049042963	31.2251435088	13.166
5493	0	3	2	2135	133	25.8045860837	30.6982560568	29.8184952692	17.685
5494	0	3	1	895	55	17.1609696657	35.5495436029	34.9644713162	9.244
5494	0	3	2	2233	139	17.1609696657	36.11618413	35.5311118432	8.393
5495	0	3	1	1006	62	10.7540384346	28.3560812959	27.9894417656	9.307
5495	0	3	2	2351	146	10.7540384346	32.3103362985	31.9436967682	7.78
5496	0	3	1	210	13	20.1003433291	33.6248676236	32.9395826971	5.024
5496	0	3	2	1554	97	20.1003433291	34.5919882658	33.9067033394	13.937
5497	0	3	1	454	28	10.635710408	30.5764750717	30.2138697219	23.055
5497	0	3	2	1800	112	10.635710408	29.7239184286	29.3613130787	7.968
5498	0	3	1	892	55	16.7480350246	34.1795808466	33.6085868212	16.126
5498	0	3	2	2234	139	16.7480350246	34.4687841048	33.8977900794	10.189
5499	0	3	1	888	55	17.8515336824	32.2811589633	31.6725431428	14.756
5499	0	3	2	2230	139	17.8515336824	28.7619608356	28.1533450151	6.457
5500	0	3	1	808	50	26.2773812644	33.0795624446	32.1836825587	12.441
5500	0	3	2	2150	134	26.2773812644	35.8457541803	34.9498742944	14.788
5501	0	3	1	539	33	11.6894635967	33.0001686315	32.6016374686	6.504
5501	0	3	2	1889	118	11.6894635967	29.2624795295	28.8639483666	8.504
5502	0	3	1	470	29	9.00426126691	29.9951838157	29.6881997797	9.59
5502	0	3	2	1817	113	9.00426126691	31.2695338487	30.9625498127	13.118
5503	0	3	1	488	30	14.5595403744	29.6461743839	29.1497931335	11.685
5503	0	3	2	1832	114	14.5595403744	30.2757793872	29.7793981368	9.905
5504	0	3	1	486	30	12.9155510592	29.1740514282	28.7337190263	14.126
5504	0	3	2	1830	114	12.9155510592	28.9325659069	28.492233505	13.748
5505	0	3	1	407	25	15.5178486701	30.0666463468	29.5375933048	9.496
5505	0	3	2	1752	109	15.5178486701	30.7980258511	30.268972809	8.677
5506	0	3	1	989	61	18.6256301743	30.5969499241	29.9619426809	6.74
5506	0	3	2	2335	145	18.6256301743	28.1822254685	27.5472182253	19.654
5507	0	3	1	346	21	5.65422047258	26.8550671612	26.6622967195	13.37
5507	0	3	2	1689	105	5.65422047258	26.139214764	25.9464443223	14.441
5508	0	3	1	1000	62	13.7860298034	27.8714511468	27.4014413433	11.37
5508	0	3	2	2345	146	13.7860298034	27.6101610589	27.1401512553	9.622
5509	0	3	1	1087	67	20.1711214237	14.770714385	14.0830164071	7.37
5509	0	3	2	2426	151	20.1711214237	29.2116479905	28.5239500127	18.094
5510	0	3	1	317	19	15.611641212	24.8199365596	24.2876858301	10.283
5510	0	3	2	1660	103	15.611641212	25.3483586295	24.8161079	4.283
5511	0	3	1	521	32	10.5743657268	28.1290334147	27.768519501	5.464
5511	0	3	2	1869	116	10.5743657268	26.9701101398	26.6095962261	14.063
5512	0	3	1	489	30	15.5617693777	26.5798012189	26.0492507796	10.504
5512	0	3	2	1834	114	15.5617693777	30.6592168224	30.1286663831	11.15
5513	0	3	1	918	57	13.3502183503	50.3653494408	49.9101978421	13.905
5513	0	3	2	2285	142	13.3502183503	36.275337155	35.8201855563	9.37
5514	0	3	1	1281	80	6.88157271581	33.2442128137	33.0095980126	8.63
5514	0	3	2	2629	164	6.88157271581	32.5947981337	32.3601833325	12.252
5515	0	3	1	80	5	20.4372995262	30.5265858144	29.8298129746	10.819
5515	0	3	2	1419	88	20.4372995262	32.0809342063	31.3841613665	13.15
5516	0	3	1	1019	63	16.4708675873	32.5571929783	31.9956484764	20
5516	0	3	2	2364	147	16.4708675873	33.1114465491	32.5499020472	11.04
5517	0	3	1	1006	62	17.7617781967	31.0334671796	30.4279114104	8.394
5517	0	3	2	2351	146	17.7617781967	32.6374474354	32.0318916662	10.126
5518	0	3	1	1002	62	17.1675800369	26.2984492038	25.7131515484	22.126
5518	0	3	2	2349	146	17.1675800369	33.47591232	32.8906146646	5.654
5519	0	3	1	1099	68	8.22306140866	27.3354242951	27.0550738583	17.811
5519	0	3	2	2447	152	8.22306140866	25.7368024208	25.4564519839	12.677
5520	0	3	1	510	31	7.28161093654	42.7482395374	42.4999861551	14.063
5520	0	3	2	1865	116	7.28161093654	30.3808165142	30.132563132	8.913
5521	0	3	1	210	13	18.6645405019	27.266136531	26.6298027105	15.59
5521	0	3	2	1554	97	18.6645405019	26.3154702151	25.6791363946	17.905
5522	0	3	1	530	33	5.9900632914	34.0405558049	33.8363354085	15.37
5522	0	3	2	1879	117	5.9900632914	32.8416939146	32.6374735183	13.087
5523	0	3	1	383	23	12.4394752961	28.6943089991	28.270207541	14.189
5523	0	3	2	1728	108	12.4394752961	26.5283970329	26.1042955748	18.252
5524	0	3	1	1107	69	17.3768870072	30.7556488998	30.163215301	9.78
5524	0	3	2	2455	153	17.3768870072	31.8754101002	31.2829765014	9.008
5525	0	3	1	1004	62	17.4729756278	31.2436948111	30.6479852443	12.693
5525	0	3	2	2350	146	17.4729756278	29.5454876507	28.9497780838	5.969
5526	0	3	1	574	35	11.1038018362	25.0229521712	24.644388089	14.898
5526	0	3	2	1923	120	11.1038018362	29.1492009916	28.7706369094	13.055
5527	0	3	1	865	54	18.9733828894	31.9521854057	31.3053221614	16.284
5527	0	3	2	2209	138	18.9733828894	34.7071707812	34.0603075369	6.599
5528	0	3	1	478	29	9.48084539119	44.0209767197	43.6977444082	10.693
5528	0	3	2	1831	114	9.48084539119	46.4236268887	46.1003945772	7.024
5529	0	3	1	793	49	23.3998571424	35.6843187182	34.8865428236	10.913
5529	0	3	2	2135	133	23.3998571424	30.7451316012	29.9473557066	11.15
5530	0	3	1	877	54	19.9233464528	32.5017950771	31.8225445397	16.095
5530	0	3	2	2219	138	19.9233464528	29.6357643745	28.9565138371	16.488
5532	0	3	1	1236	77	10.0552623578	30.5161124901	30.1732964689	8.409
5532	0	3	2	2585	161	10.0552623578	29.4624365334	29.1196205122	10.756
5533	0	3	1	183	11	21.5614705169	30.147254013	29.4121545922	13.496
5533	0	3	2	1527	95	21.5614705169	31.9496697878	31.214570367	11.685
5534	0	3	1	975	60	17.4197409437	27.4158371436	26.8219425172	9.716
5534	0	3	2	2318	144	17.4197409437	26.0784970572	25.4846024308	7.26
5535	0	3	1	344	21	4.11580192362	29.1610800564	29.0207592185	13.149
5535	0	3	2	1687	105	4.11580192362	29.2938015424	29.1534807045	12.599
5536	0	3	1	452	28	10.7319491044	31.9750979499	31.6092115155	20
5536	0	3	2	1797	112	10.7319491044	32.5555421925	32.189655758	9.59
5537	0	3	1	1032	64	16.1743772877	34.106118428	33.5546822277	6.866
5537	0	3	2	2375	148	16.1743772877	36.1921063173	35.640670117	7.811
5538	0	3	1	183	11	22.0789035943	31.5322380811	30.7794977135	8.252
5538	0	3	2	1527	95	22.0789035943	29.0504752033	28.2977348357	7.228
5539	0	3	1	793	49	24.8226098288	33.1520078472	32.3057257677	7.181
5539	0	3	2	2133	133	24.8226098288	32.0936943625	31.247412283	11.969
5540	0	3	1	1009	63	16.4474469005	43.4975232604	42.9367772445	5.559
5540	0	3	2	2347	146	16.4474469005	31.8404711256	31.2797251098	16.252
5541	0	3	1	1019	63	17.1623845379	33.5911769294	33.0060564052	12.189
5541	0	3	2	2358	147	17.1623845379	32.996190682	32.4110701577	11.654
5542	0	3	1	413	25	10.9744860457	27.5930989018	27.218943608	5.528
5542	0	3	2	1769	110	10.9744860457	28.538338779	28.1641834852	15.59
5543	0	3	1	503	31	8.96934447042	34.5060584218	34.2002648109	9.464
5543	0	3	2	1850	115	8.96934447042	28.3904221088	28.0846284979	7.402
5544	0	3	1	492	30	11.8113269662	26.9081510392	26.5054651647	10.315
5544	0	3	2	1838	114	11.8113269662	27.9907863345	27.58810046	11.055
5545	0	3	1	430	26	13.1997110335	27.4539177619	27.0038974385	11.811
5545	0	3	2	1777	111	13.1997110335	27.8882180107	27.4381976873	7.874
5546	0	3	1	1213	75	12.0393728814	31.5410436524	31.130582964	7.228
5546	0	3	2	2564	160	12.0393728814	32.4081662663	31.9977055779	6.315
5547	0	3	1	807	50	20.2320819242	33.2854525488	32.5956762328	12.473
5547	0	3	2	2149	134	20.2320819242	31.427074766	30.7372984499	18.189
5548	0	3	1	1250	78	7.61137959684	28.3600562043	28.1005599548	10.299
5548	0	3	2	2599	162	7.61137959684	29.9852408583	29.7257446089	16.536
5549	0	3	1	1254	78	11.1179310868	29.0076088764	28.6285630828	9.024
5549	0	3	2	2602	162	11.1179310868	28.8081538124	28.4291080189	15.181
5550	0	3	1	1019	63	12.6215643987	38.3443276444	37.914018187	9.433
5550	0	3	2	2365	147	12.6215643987	31.60472215	31.1744126926	7.086
5551	0	3	1	993	62	15.4716023775	24.8008176491	24.273341291	20
5551	0	3	2	2337	146	15.4716023775	26.097721685	25.5702453268	12.787
5552	0	3	1	883	55	18.0656453645	33.553579958	32.9376643862	5.905
5552	0	3	2	2226	139	18.0656453645	34.0516352603	33.4357196885	9.354
5553	0	3	1	437	27	11.4560455233	31.7597375455	31.3691643505	9.024
5553	0	3	2	1784	111	11.4560455233	30.0244604732	29.6338872782	7.181
5554	0	3	1	1089	68	14.2922283001	27.6948908975	27.2076231698	15.874
5554	0	3	2	2437	152	14.2922283001	28.3389327901	27.8516650624	5.055
5555	0	3	1	490	30	11.6773810511	26.8516905292	26.4535712989	15.181
5555	0	3	2	1834	114	11.6773810511	29.1901973499	28.7920781196	12.882
5556	0	3	1	240	15	17.1999213821	34.2552107832	33.668810508	7.433
5556	0	3	2	1580	98	17.1999213821	26.8227063926	26.2363061175	4.787
5557	0	3	1	308	19	15.7868602227	32.133419302	31.5951947966	9.212
5557	0	3	2	1651	103	15.7868602227	31.3664943233	30.8282698179	9.355
5558	0	3	1	440	27	9.72406003152	28.8421604567	28.510636181	10.157
5558	0	3	2	1785	111	9.72406003152	32.0166159297	31.685091654	5.496
5559	0	3	1	898	56	22.7371950053	31.5171842841	30.742000659	10.409
5559	0	3	2	2241	140	22.7371950053	31.8276861534	31.0525025284	7.433
5560	0	3	1	544	34	14.6227688137	32.3793303615	31.8807934516	5.37
5560	0	3	2	1891	118	14.6227688137	28.5665905275	28.0680536176	14.315
5561	0	3	1	1227	76	14.2035333749	30.3502883095	29.8660444752	10.945
5561	0	3	2	2578	161	14.2035333749	31.7647377473	31.280493913	8.835
5562	0	3	1	486	30	11.898129218	29.9091428315	29.5034975909	17.229
5562	0	3	2	1831	114	11.898129218	28.2797796046	27.874134364	9.575
5563	0	3	1	408	25	12.1994321849	26.8311154699	26.4151978484	11.008
5563	0	3	2	1756	109	12.1994321849	31.9932534974	31.5773358759	7.496
5564	0	3	1	962	60	13.2093749055	29.0373506507	28.5870008551	4.284
5564	0	3	2	2306	144	13.2093749055	31.6589473126	31.208597517	7.874
5565	0	3	1	78	4	19.9557845306	28.2771042565	27.5967478014	7.339
5565	0	3	2	1422	88	19.9557845306	28.7642183192	28.0838618641	12.126
5565	1	3	1	80	5	19.9557845306	29.5602387377	28.8798822825	21.811
5565	1	3	2	1419	88	19.9557845306	28.8768954527	28.1965389975	16.252
5566	0	3	1	289	18	14.3401865905	33.4385009659	32.9495981869	7.402
5566	0	3	2	1633	102	14.3401865905	32.2691547064	31.7802519274	7.37
5567	0	3	1	567	35	12.9964940452	34.0344946462	33.5914026393	8.598
5567	0	3	2	1915	119	12.9964940452	37.5698822609	37.126790254	5.543
5568	0	3	1	778	48	22.5568744324	35.1607951401	34.3917592195	7.37
5568	0	3	2	2119	132	22.5568744324	36.6071992205	35.8381632999	12.755
5569	0	3	1	232	14	19.9108456221	30.5153743072	29.836549963	13.528
5569	0	3	2	1576	98	19.9108456221	30.2265379091	29.5477135649	12.473
5570	0	3	1	803	50	24.9175267029	23.6801615227	22.8306434237	12.095
5570	0	3	2	2145	134	24.9175267029	33.5431418927	32.6936237937	14.094
5571	0	3	1	504	31	13.3973581241	30.0898198576	29.6330611134	16.41
5571	0	3	2	1850	115	13.3973581241	24.9279568082	24.4711980641	6.977
5572	0	3	1	1230	76	15.0850139887	28.1128721202	27.5985757953	14.772
5572	0	3	2	2581	161	15.0850139887	30.295657839	29.7813615142	9.244
5573	0	3	1	478	29	7.26469144712	29.3037058861	29.0560293433	16.425
5573	0	3	2	1825	114	7.26469144712	29.6180297577	29.3703532149	9.559
5574	0	3	1	972	60	15.0484866868	29.4711381387	28.9580871463	10.834
5574	0	3	2	2315	144	15.0484866868	29.7448318496	29.2317808572	4.126
5575	0	3	1	491	30	13.1206174673	28.6923975035	28.2450737325	13.512
5575	0	3	2	1838	114	13.1206174673	28.8521604501	28.4048366791	16.032
5576	0	3	1	154	9	19.6179487358	31.6229277532	30.9540891997	8.63
5576	0	3	2	1499	93	19.6179487358	29.0713575373	28.4025189838	21.401
5577	0	3	1	261	16	15.1384086956	27.8510523252	27.3349356042	21.842
5577	0	3	2	1605	100	15.1384086956	27.2324223814	26.7163056604	18
5578	0	3	1	584	36	9.49101493136	27.0584666947	26.734887671	5.843
5578	0	3	2	1933	120	9.49101493136	27.0408814016	26.7173023779	9.842
5580	0	3	1	888	55	20.665174268	29.1077243252	28.4031825073	4.094
5580	0	3	2	2230	139	20.665174268	27.7631856139	27.0586437961	7.103
5581	0	3	1	1058	66	14.1454941647	32.4769413807	31.9946762885	8.063
5581	0	3	2	2403	150	14.1454941647	29.7454571268	29.2631920346	19.59
5582	0	3	1	430	26	10.8790133236	31.2903636294	30.9194633058	13.339
5582	0	3	2	1775	110	10.8790133236	30.2738142134	29.9029138898	10.614
5583	0	3	1	822	51	30.1159873827	30.4344194438	29.4076692107	5.465
5583	0	3	2	2154	134	30.1159873827	29.6137072139	28.5869569808	5.496
5584	0	3	1	455	28	12.5540256532	31.5130967461	31.0850899003	14.094
5584	0	3	2	1800	112	12.5540256532	30.6750271555	30.2470203098	16.095
5585	0	3	1	247	15	20.3521955391	33.7621629359	33.0682915629	10.929
5585	0	3	2	1590	99	20.3521955391	32.1137080258	31.4198366529	7.968
5586	0	3	1	1108	69	15.1464686468	31.2781036889	30.7617121784	12.961
5586	0	3	2	2455	153	15.1464686468	31.3254251982	30.8090336877	10.897
5587	0	3	1	431	26	13.1897886637	28.898653124	28.448971086	11.748
5587	0	3	2	1779	111	13.1897886637	27.0153149504	26.5656329124	7.339
5588	0	3	1	1094	68	10.3246777875	25.4380097731	25.0860085191	16.425
5588	0	3	2	2441	152	10.3246777875	25.9168368179	25.5648355639	10.677
5588	1	3	1	1093	68	10.3246777875	28.2976574574	27.9456562033	13.402
5588	1	3	2	2442	152	10.3246777875	26.6966326794	26.3446314254	15.023
5589	0	3	1	558	34	10.2791568794	28.935169757	28.5847204561	13.181
5589	0	3	2	1907	119	10.2791568794	27.395563334	27.0451140332	6.441
5590	0	3	1	304	19	15.5058721376	26.6529896649	26.1243449411	6.535
5590	0	3	2	1649	103	15.5058721376	27.9235868614	27.3949421375	15.874
5591	0	3	1	1024	64	13.0971187727	24.1286014386	23.6820788131	12.598
5591	0	3	2	2368	148	13.0971187727	27.1902365711	26.7437139457	14.22
5592	0	3	1	474	29	9.74893652036	28.418338452	28.0859660573	16.126
5592	0	3	2	1821	113	9.74893652036	28.4241229576	28.0917505629	11.008
5593	0	3	1	405	25	16.8989281186	32.7503061008	32.1741676477	8.504
5593	0	3	2	1752	109	16.8989281186	31.0190213298	30.4428828766	11.937
5594	0	3	1	281	17	15.8938305239	26.4680151374	25.9261436726	15.276
5594	0	3	2	1624	101	15.8938305239	31.1871011868	30.645229722	9.212
5595	0	3	1	1002	62	11.654477585	30.9107706973	30.5134323193	12.976
5595	0	3	2	2349	146	11.654477585	31.0509889162	30.6536505382	10.252
5596	0	3	1	1251	78	9.094768144	29.7592874176	29.4492177129	4.252
5596	0	3	2	2601	162	9.094768144	27.4060299945	27.0959602899	17.023
5597	0	3	1	879	54	19.4894864219	25.5411759093	24.8767170466	17.527
5597	0	3	2	2222	138	19.4894864219	25.7680296271	25.1035707643	16.929
5598	0	3	1	1107	69	15.8201854717	31.7034643856	31.164103716	6.157
5598	0	3	2	2455	153	15.8201854717	31.6199886234	31.0806279538	7.055
5599	0	3	1	331	20	13.7566027954	31.9007744573	31.4317679145	12.709
5599	0	3	2	1675	104	13.7566027954	30.5122391582	30.0432326154	6.22
5600	0	3	1	428	26	13.0619556403	31.5014490911	31.0561252892	10.189
5600	0	3	2	1774	110	13.0619556403	31.5755127608	31.130188959	15.527
5601	0	3	1	484	30	11.1479790474	31.8872171636	31.5071469391	21.811
5601	0	3	2	1829	114	11.1479790474	30.5909044673	30.2108342428	11.228
5602	0	3	1	411	25	14.8594858125	31.9022423927	31.395635044	8.96
5602	0	3	2	1756	109	14.8594858125	35.1652642248	34.6586568761	4.472
5603	0	3	1	433	27	13.277620959	31.002943192	30.5502666704	10.598
5603	0	3	2	1781	111	13.277620959	30.3380676019	29.8853910802	9.402
5604	0	3	1	809	50	24.1766970748	31.8908540483	31.0665931983	6.85
5604	0	3	2	2151	134	24.1766970748	31.3160001614	30.4917393115	10.818
5605	0	3	1	210	13	13.8999555178	31.9367519007	31.4628580055	10.473
5605	0	3	2	1552	97	13.8999555178	33.0231796655	32.5492857703	10.189
5606	0	3	1	582	36	14.0581400695	29.065958335	28.586671423	7.717
5606	0	3	2	1927	120	14.0581400695	29.5729606152	29.0936737033	5.811
5607	0	3	1	491	30	13.4997638098	29.6169080052	29.156657924	16.095
5607	0	3	2	1834	114	13.4997638098	32.0798405763	31.6195904951	11.78
5608	0	3	1	987	61	13.4636383201	28.264133516	27.8051150682	11.685
5608	0	3	2	2331	145	13.4636383201	31.8711121482	31.4120937003	11.748
5609	0	3	1	331	20	14.6128989645	31.7697504203	31.2715500051	12
5609	0	3	2	1675	104	14.6128989645	32.7072582021	32.2090577869	17.118
5610	0	3	1	1003	62	15.7055603316	33.0614566664	32.526003934	8.661
5610	0	3	2	2350	146	15.7055603316	30.7282148944	30.1927621621	6.535
5611	0	3	1	1225	76	9.54820300752	31.8325175191	31.5069887712	11.811
5611	0	3	2	2572	160	9.54820300752	31.1437223234	30.8181935756	4.425
5612	0	3	1	1057	66	14.0803304237	31.9748826502	31.4948391982	9.134
5612	0	3	2	2402	150	14.0803304237	30.8486907823	30.3686473303	15.465
5613	0	3	1	567	35	9.93439431217	27.419793861	27.0810986176	8.567
5613	0	3	2	1913	119	9.93439431217	26.2332084301	25.8945131868	17.748
5613	1	3	1	564	35	9.93439431217	31.706780152	31.3680849087	11.559
5613	1	3	2	1912	119	9.93439431217	29.209700893	28.8710056496	10.472
5614	0	3	1	285	17	15.4727109208	29.2034651437	28.6759509917	9.559
5614	0	3	2	1628	101	15.4727109208	32.0922727073	31.5647585554	15.008
5615	0	3	1	1015	63	14.7874067763	27.7913318994	27.2871819553	21.811
5615	0	3	2	2359	147	14.7874067763	29.1535345085	28.6493845644	16.504
5616	0	3	1	208	13	18.1059806361	34.3713149213	33.7540241912	7.339
5616	0	3	2	1552	97	18.1059806361	34.0180256612	33.4007349311	14.819
5617	0	3	1	440	27	5.44984351439	29.7309153533	29.5451127752	7.023
5617	0	3	2	1785	111	5.44984351439	30.8982109818	30.7124084037	5.906
5618	0	3	1	1213	75	6.78536608934	29.946894775	29.7155599651	8.772
5618	0	3	2	2562	160	6.78536608934	29.9610570006	29.7297221907	9.039
5619	0	3	1	1012	63	9.34744412117	28.6808722406	28.3621880046	16.661
5619	0	3	2	2357	147	9.34744412117	30.175955208	29.857270972	13.622
5620	0	3	1	238	14	18.1408849711	32.4208338558	31.8023531254	9.685
5620	0	3	2	1580	98	18.1408849711	25.8070544608	25.1885737304	4.914
5621	0	3	1	422	26	11.0260785983	28.216387818	27.8404735693	6.22
5621	0	3	2	1772	110	11.0260785983	30.8317536797	30.455839431	15.968
5622	0	3	1	1253	78	9.80490522149	30.1594833448	29.8252027983	6.473
5622	0	3	2	2601	162	9.80490522149	31.941469882	31.6071893355	13.843
5624	0	3	1	237	14	20.5199526429	30.647166908	29.9475761593	8.866
5624	0	3	2	1578	98	20.5199526429	30.6653334903	29.9657427416	6.252
5625	0	3	1	1221	76	12.7044038535	29.8283574105	29.3952236914	10.598
5625	0	3	2	2571	160	12.7044038535	31.5619973299	31.1288636108	10.614
5626	0	3	1	446	27	9.41314321959	26.4682863409	26.1473622127	4.063
5626	0	3	2	1792	112	9.41314321959	29.3575449373	29.0366208091	12.126
5627	0	3	1	488	30	11.7673549346	28.4522042177	28.0510174902	17.339
5627	0	3	2	1833	114	11.7673549346	29.8632985785	29.4621118511	14.032
5628	0	3	1	489	30	9.66437828465	30.0837039263	29.7542143921	17.559
5628	0	3	2	1834	114	9.66437828465	31.3688623304	31.0393727961	8.268
5629	0	3	1	809	50	22.2360434258	34.9167628325	34.158665066	12.126
5629	0	3	2	2150	134	22.2360434258	34.0694460213	33.3113482548	9.37
5630	0	3	1	1270	79	9.1549984569	28.9966598834	28.684536735	10.693
5630	0	3	2	2619	163	9.1549984569	30.4118767068	30.0997535584	11.276
5631	0	3	1	486	30	10.2144421899	30.499706419	30.1514634487	9.843
5631	0	3	2	1830	114	10.2144421899	29.0482386276	28.6999956573	7.969
5632	0	3	1	487	30	8.57896596882	28.0612261425	27.7687417821	14.756
5632	0	3	2	1832	114	8.57896596882	30.8220804907	30.5295961303	13.842
5633	0	3	1	489	30	8.90761788519	27.5689705395	27.2652813852	8.126
5633	0	3	2	1833	114	8.90761788519	28.6191417744	28.3154526201	11.181
5634	0	3	1	1275	79	12.6052445655	20.5967653209	20.1670122588	10.378
5634	0	3	2	2629	164	12.6052445655	21.8740370345	21.4442839724	4.221
5635	0	3	1	1218	76	11.7940188317	31.7594556664	31.3573598815	6.504
5635	0	3	2	2566	160	11.7940188317	32.9293189322	32.5272231473	8.441
5636	0	3	1	485	30	11.4944185075	27.6993157295	27.3074342769	18
5636	0	3	2	1830	114	11.4944185075	30.2479149678	29.8560335152	10.189
5637	0	3	1	1017	63	12.9987160492	35.0462377145	34.6030699523	20.283
5637	0	3	2	2362	147	12.9987160492	31.1470659934	30.7038982313	17.937
5638	0	3	1	485	30	10.722371824	30.18448841	29.8189284956	10.882
5638	0	3	2	1830	114	10.722371824	30.9731266088	30.6075666944	9.244
5639	0	3	1	429	26	8.63635446732	27.8738844536	27.5794435358	7.244
5639	0	3	2	1775	110	8.63635446732	29.4944301145	29.1999891968	10.22
5640	0	3	1	571	35	9.79374910455	27.4292911339	27.095390935	10
5640	0	3	2	1921	120	9.79374910455	33.846042684	33.5121424851	6.63
5641	0	3	1	211	13	20.8818788572	35.762515139	35.0505851693	13.78
5641	0	3	2	1555	97	20.8818788572	34.7469804612	34.0350504915	5.842
5642	0	3	1	380	23	14.1566500673	31.5129940555	31.030348623	12.095
5642	0	3	2	1728	108	14.1566500673	32.9862341459	32.5035887133	7.78
5643	0	3	1	313	19	15.0904167183	23.5334535467	23.0189730256	14.85
5643	0	3	2	1658	103	15.0904167183	24.8754685276	24.3609880064	15.229
5644	0	3	1	489	30	13.7895129789	27.6937187225	27.2235901663	17.968
5644	0	3	2	1833	114	13.7895129789	30.0927597696	29.6226312134	9.685
5645	0	3	1	473	29	13.7075342451	33.5385576427	33.0712240035	17.15
5645	0	3	2	1818	113	13.7075342451	33.6357934754	33.1684598362	10
5646	0	3	1	580	36	10.8209118421	29.3433935511	28.9744740927	6.535
5646	0	3	2	1930	120	10.8209118421	28.2880983038	27.9191788453	10.63
5647	0	3	1	310	19	15.7990689517	27.1102192512	26.5715785112	12.551
5647	0	3	2	1652	103	15.7990689517	29.1451095697	28.6064688297	12.157
5648	0	3	1	219	13	20.7902353958	34.1660108475	33.4572052962	8.567
5648	0	3	2	1561	97	20.7902353958	36.4279046603	35.719099109	6.347
5649	0	3	1	429	26	8.69646186938	24.7350522071	24.438562036	17.023
5649	0	3	2	1775	110	8.69646186938	27.8760810663	27.5795908952	9.559
5650	0	3	1	272	17	9.5786394753	38.777923179	38.4513567547	6.851
5650	0	3	2	1616	101	9.5786394753	35.4816851273	35.155118703	5.04
5651	0	3	1	380	23	11.6916831459	28.9882997836	28.5896929492	7.874
5651	0	3	2	1726	107	11.6916831459	31.5946628344	31.196056	13.15
5652	0	3	1	457	28	7.1005687382	31.691796518	31.4497154428	6.095
5652	0	3	2	1802	112	7.1005687382	29.45582617	29.2137450948	8.661
5653	0	3	1	1030	64	13.0596446648	35.3881789718	34.9429339584	10.425
5653	0	3	2	2375	148	13.0596446648	37.9404439859	37.4951989726	6.677
5654	0	3	1	467	29	13.185523974	46.0123926953	45.5628560541	12.33
5654	0	3	2	1812	113	13.185523974	32.0484802472	31.598943606	10.787
5655	0	3	1	607	37	4.97433399791	25.5980437163	25.4284527769	18.425
5655	0	3	2	1960	122	4.97433399791	30.5418646691	30.3722737297	4.221
5656	0	3	1	930	58	12.9132058443	34.4204584767	33.9802060306	10.488
5656	0	3	2	2273	142	12.9132058443	30.9685628853	30.5283104393	12
5657	0	3	1	538	33	6.58124103726	34.1770265692	33.9526510345	6.252
5657	0	3	2	1888	118	6.58124103726	31.6852350165	31.4608594819	10.725
5658	0	3	1	430	26	10.4024815796	30.3796121909	30.024958357	9.811
5658	0	3	2	1775	110	10.4024815796	28.8975538575	28.5429000236	8.221
5659	0	3	1	486	30	11.5142176757	28.2757682055	27.883211736	13.874
5659	0	3	2	1830	114	11.5142176757	30.7642916267	30.3717351572	11.149
5660	0	3	1	430	26	7.40195294444	29.8950177801	29.6426615543	15.905
5660	0	3	2	1777	111	7.40195294444	27.4045790077	27.152222782	7.874
5661	0	3	1	792	49	26.2536187955	35.2982634934	34.403193746	14.189
5661	0	3	2	2132	133	26.2536187955	32.8564296039	31.9613598565	14.788
5662	0	3	1	415	25	13.5877822836	29.6370345768	29.1737836646	9.118
5662	0	3	2	1763	110	13.5877822836	31.6089502706	31.1456993584	18.567
5663	0	3	1	1265	79	9.52162028851	29.6923515357	29.3677290776	14.598
5663	0	3	2	2616	163	9.52162028851	29.058183289	28.733560831	13.811
5664	0	3	1	902	56	14.7234793499	36.573337411	36.0713669571	13.37
5664	0	3	2	2245	140	14.7234793499	39.2508760324	38.7489055785	10.535
5665	0	3	1	258	16	19.2976750205	31.5374576033	30.8795382041	6.834
5665	0	3	2	1601	100	19.2976750205	32.2057279335	31.5478085343	9.071
5665	1	3	1	257	16	19.2976750205	38.3271941282	37.6692747289	14.929
5665	1	3	2	1600	100	19.2976750205	31.35940541	30.7014860108	9.874
5666	0	3	1	413	25	10.6321957867	32.9370187241	32.574533199	12.031
5666	0	3	2	1762	110	10.6321957867	30.7868207828	30.4243352576	15.811
5667	0	3	1	994	62	7.98077417874	27.3549726298	27.0828825388	13.26
5667	0	3	2	2338	146	7.98077417874	27.3694067953	27.0973167042	6.063
5668	0	3	1	903	56	17.4876438103	33.6785487367	33.0823390847	18.189
5668	0	3	2	2245	140	17.4876438103	35.9771320581	35.380922406	12.504
5669	0	3	1	488	30	11.2846425386	28.468439259	28.0837097395	9.307
5669	0	3	2	1831	114	11.2846425386	31.0053595013	30.6206299817	10.913
5670	0	3	1	987	61	12.1764309238	24.5602471516	24.1451137166	20.284
5670	0	3	2	2331	145	12.1764309238	29.1246117526	28.7094783177	15.213
5671	0	3	1	1213	75	12.2012755906	26.9899118393	26.5739313702	10.662
5671	0	3	2	2562	160	12.2012755906	29.7989907997	29.3830103307	4.914
5672	0	3	1	505	31	12.1496520024	31.4017438848	30.9875234288	22.898
5672	0	3	2	1852	115	12.1496520024	30.601422985	30.187202529	10.709
5673	0	3	1	903	56	15.8181825125	26.6369426757	26.0976502933	16.41
5673	0	3	2	2242	140	15.8181825125	26.7692483357	26.2299559534	7.905
5673	1	3	1	905	56	15.8181825125	40.2059703574	39.6666779751	10.378
5673	1	3	2	2247	140	15.8181825125	32.067404202	31.5281118196	9.071
5674	0	3	1	487	30	11.1948828996	27.912216749	27.5305474223	12.315
5674	0	3	2	1832	114	11.1948828996	31.8380482901	31.4563789634	12
5675	0	3	1	549	34	9.11972868484	30.0663472665	29.7554265773	10.63
5675	0	3	2	1897	118	9.11972868484	30.8738439376	30.5629232484	13.622
5677	0	3	1	796	49	23.2705220836	30.9503283485	30.1569618993	7.055
5677	0	3	2	2135	133	23.2705220836	29.3133606524	28.5199942032	15.244
5678	0	3	1	810	50	23.596060643	30.7345301286	29.9300650298	4.788
5678	0	3	2	2153	134	23.596060643	30.0632611026	29.2587960038	10.441
5679	0	3	1	1034	64	14.7629721266	25.4620802577	24.9587633689	6.347
5679	0	3	2	2378	148	14.7629721266	29.8577941833	29.3544772945	7.874
5680	0	3	1	333	20	15.9525096573	31.1182395271	30.5743675032	9.244
5680	0	3	2	1678	104	15.9525096573	29.4706188317	28.9267468078	4.504
5681	0	3	1	1246	77	10.6184349436	31.2213622814	30.8593459074	8.961
5681	0	3	2	2597	162	10.6184349436	28.0145404622	27.6525240881	23.496
5682	0	3	1	604	37	6.86826571152	3.14115458337	2.90699346055	16.126
5682	0	3	2	1962	122	6.86826571152	2.43231707007	2.19815594725	10.473
5683	0	3	1	516	32	11.2543431832	31.115110933	30.7314144152	7.559
5683	0	3	2	1857	116	11.2543431832	33.3839203257	33.0002238079	9.402
5684	0	3	1	104	6	20.9927421432	29.989857901	29.2741482476	6.347
5684	0	3	2	1445	90	20.9927421432	29.8801969032	29.1644872498	16.992
5685	0	3	1	809	50	23.0209167555	34.3154162216	33.5305596155	10
5685	0	3	2	2151	134	23.0209167555	33.2946653354	32.5098087293	11.906
5686	0	3	1	518	32	6.70119976818	27.2681588184	27.0396935073	9.811
5686	0	3	2	1865	116	6.70119976818	30.9707670929	30.7423017818	10.725
5687	0	3	1	486	30	12.6554316924	30.971441629	30.5399775274	16.362
5687	0	3	2	1831	114	12.6554316924	29.4051618226	28.973697721	10.095
5688	0	3	1	429	26	12.2343136268	27.7635526856	27.3464458443	15.323
5688	0	3	2	1775	110	12.2343136268	28.9037932891	28.4866864479	12.378
5689	0	3	1	793	49	23.7299856306	35.5401743312	34.7311433016	4.693
5689	0	3	2	2133	133	23.7299856306	32.414833946	31.6058029165	14.252
5690	0	3	1	305	19	16.1900050538	28.0046399169	27.4526709161	5.779
5690	0	3	2	1650	103	16.1900050538	29.0726741154	28.5207051146	14.094
5691	0	3	1	984	61	17.3821151618	23.1942289769	22.6016171337	4.284
5691	0	3	2	2309	144	17.3821151618	31.2362449351	30.6436330919	7.622
5692	0	3	1	857	53	21.0716175874	35.0361434641	34.3177446949	14.599
5692	0	3	2	2223	138	21.0716175874	33.5649420521	32.8465432829	9.355
5693	0	3	1	246	15	15.0958959978	29.1784483885	28.6637810612	17.338
5693	0	3	2	1593	99	15.0958959978	28.1163815584	27.6017142311	8.709
5693	1	3	1	247	15	15.0958959978	30.295022937	29.7803556097	15.275
5693	1	3	2	1575	98	15.0958959978	30.508886017	29.9942186897	8.961
5694	0	3	1	806	50	24.0231038602	31.9442392509	31.1252148843	12.284
5694	0	3	2	2148	134	24.0231038602	29.7994957373	28.9804713707	12.992
5695	0	3	1	298	18	11.3420076741	20.1513450568	19.7646597764	15.653
5695	0	3	2	1640	102	11.3420076741	27.4418457835	27.0551605032	5.149
5696	0	3	1	1224	76	22.3622591026	29.8601284434	29.0977275812	14.252
5696	0	3	2	2574	160	22.3622591026	32.3473495114	31.5849486492	9.023
5697	0	3	1	74	4	24.2843048298	32.7034756057	31.8755460635	21.811
5697	0	3	2	1414	88	24.2843048298	31.1777333168	30.3498037746	11.968
5698	0	3	1	496	31	12.5508800175	31.3958324296	30.9679328286	7.291
5698	0	3	2	1842	115	12.5508800175	29.9895115539	29.561611953	5.338
5699	0	3	1	477	29	7.64646296659	24.3205865073	24.0598941537	13.622
5699	0	3	2	1825	114	7.64646296659	19.7126577419	19.4519653883	9.78
5700	0	3	1	518	32	13.0522629803	25.5011593802	25.0561660321	6.551
5700	0	3	2	1865	116	13.0522629803	29.7403494124	29.2953560642	8.819
5701	0	3	1	123	7	22.9329592462	7.20690678437	6.42504893084	10.914
5701	0	3	2	1463	91	22.9329592462	15.9714488784	15.1895910249	12.347
5702	0	3	1	485	30	11.8754445481	25.2322774549	24.8274056072	14.236
5702	0	3	2	1829	114	11.8754445481	30.8977488956	30.4928770479	12.441
5703	0	3	1	1004	62	11.1913232605	32.5202197304	32.1386717631	12.095
5703	0	3	2	2351	146	11.1913232605	33.0806999305	32.6991519632	11.023
5704	0	3	1	460	28	11.3365372464	29.1688381286	28.7823393526	5.339
5704	0	3	2	1806	112	11.3365372464	28.7478153568	28.3613165808	10
5705	0	3	1	1213	75	9.98613895719	28.6714087473	28.3309493637	10.567
5705	0	3	2	2562	160	9.98613895719	31.4765369957	31.136077612	4.756
5706	0	3	1	886	55	16.2589799586	33.0672895199	32.5129689442	9.402
5706	0	3	2	2228	139	16.2589799586	33.559678644	33.0053580684	4.252
5707	0	3	1	510	31	7.27313498899	30.6141572949	30.3661928849	11.339
5707	0	3	2	1859	116	7.27313498899	30.9636587924	30.7156943823	15.496
5708	0	3	1	1224	76	11.9333636364	30.6088657077	30.2020192132	10.961
5708	0	3	2	2573	160	11.9333636364	30.9333620022	30.5265155077	7.59
5709	0	3	1	523	32	11.2869345871	28.6031389391	28.2183312763	14.189
5709	0	3	2	1869	116	11.2869345871	28.0234448919	27.638637229	5.591
5710	0	3	1	1057	66	16.800575607	25.3821924473	24.8094071456	7.134
5710	0	3	2	2400	150	16.800575607	27.9824875254	27.4097022236	16.031
5711	0	3	1	491	30	14.0801178895	26.0119885083	25.5319523022	14.724
5711	0	3	2	1835	114	14.0801178895	30.7204543438	30.2404181378	8.835
5712	0	3	1	470	29	12.8575295849	31.2326891866	30.7943349221	10.063
5712	0	3	2	1817	113	12.8575295849	31.3251073734	30.886753109	10.126
5713	0	3	1	513	32	9.91547405851	29.8580869136	29.5200367222	13.622
5713	0	3	2	1860	116	9.91547405851	31.426578459	31.0885282676	8.599
5714	0	3	1	449	28	10.7506933438	28.3197711193	27.9532456338	20.929
5714	0	3	2	1796	112	10.7506933438	32.5627586845	32.196233199	7.465
5715	0	3	1	982	61	20.439630662	29.5676492415	28.8707969258	14.929
5715	0	3	2	2340	146	20.439630662	30.923826944	30.2269746284	11.464
5716	0	3	1	459	28	10.800427355	27.5786063758	27.210385299	12.473
5716	0	3	2	1806	112	10.800427355	28.3815162314	28.0132951546	6.189
5717	0	3	1	409	25	10.3189226912	31.1453633494	30.793558305	21.575
5717	0	3	2	1755	109	10.3189226912	32.8787291373	32.5269240929	12.347
5718	0	3	1	807	50	22.4394555627	32.1721883176	31.4071555814	9.874
5718	0	3	2	2148	134	22.4394555627	30.2755842982	29.510551562	15.779
5720	0	3	1	1022	63	13.7497757033	35.246245803	34.7774720176	9.653
5720	0	3	2	2368	148	13.7497757033	30.039013312	29.5702395265	18.788
5721	0	3	1	209	13	16.0886622175	30.9365765863	30.3880626866	8.677
5721	0	3	2	1552	97	16.0886622175	30.6712469619	30.1227330622	16.378
5722	0	3	1	216	13	20.0685368635	35.1041143787	34.4199138363	8.378
5722	0	3	2	1556	97	20.0685368635	32.2295585862	31.5453580438	9.212
5723	0	3	1	488	30	11.4269894111	32.9914328723	32.601850293	9.811
5723	0	3	2	1833	114	11.4269894111	31.7517227626	31.3621401833	15.071
5724	0	3	1	308	19	15.730050524	26.2587440634	25.7224563822	15.779
5724	0	3	2	1651	103	15.730050524	28.1786906207	27.6424029394	14.095
5725	0	3	1	438	27	10.3135313252	32.9714628918	32.6198416563	14.473
5725	0	3	2	1783	111	10.3135313252	30.5699060844	30.2182848488	8.567
5726	0	3	1	530	33	6.39980456373	29.35123637	29.1330465845	11.559
5726	0	3	2	1878	117	6.39980456373	31.0334486898	30.8152589043	5.906
5727	0	3	1	1094	68	9.83091024334	31.3577667668	31.022599626	6.961
5727	0	3	2	2441	152	9.83091024334	29.9041072272	29.5689400864	10.803
5728	0	3	1	1227	76	12.6395851467	34.0388757607	33.6079519185	7.622
5728	0	3	2	2578	161	12.6395851467	31.1487148768	30.7177910345	6.252
5729	0	3	1	1022	63	16.6802934629	32.7720634736	32.2033789745	13.906
5729	0	3	2	2368	148	16.6802934629	31.8428743245	31.2741898253	16.882
5730	0	3	1	807	50	25.5954407013	31.4371732811	30.5645429279	11.496
5730	0	3	2	2148	134	25.5954407013	27.8348383244	26.9622079712	17.307
5731	0	3	1	432	27	12.8597436708	31.1203833717	30.6819536219	8.126
5731	0	3	2	1779	111	12.8597436708	29.9839920916	29.5455623418	5.37
5732	0	3	1	170	10	20.8582011885	25.3333499848	24.6222272625	11.402
5732	0	3	2	1512	94	20.8582011885	25.120732715	24.4096099927	12.378
5733	0	3	1	1057	66	17.0283625124	28.860292397	28.2797411118	12.724
5733	0	3	2	2403	150	17.0283625124	28.2428621731	27.6623108879	22.031
5734	0	3	1	475	29	10.1904315618	33.353830248	33.0064058767	20.661
5734	0	3	2	1821	113	10.1904315618	30.5669654173	30.219541046	10.992
5735	0	3	1	469	29	15.021731242	34.1565041315	33.6443653177	4.929
5735	0	3	2	1815	113	15.021731242	32.2244981226	31.7123593088	11.496
5736	0	3	1	1096	68	12.4568611312	31.3854036058	30.9607094091	6.283
5736	0	3	2	2444	152	12.4568611312	32.4309447795	32.0062505827	8.74
5737	0	3	1	490	30	11.4933755426	26.8859529646	26.49410707	15.276
5737	0	3	2	1834	114	11.4933755426	29.5921504625	29.200304568	13.071
5738	0	3	1	808	50	24.0520973195	36.4007089646	35.5806961184	12.189
5738	0	3	2	2149	134	24.0520973195	34.1206963275	33.3006834813	13.937
5739	0	3	1	1256	78	7.42321428571	29.332529823	29.0794487302	9.59
5739	0	3	2	2603	162	7.42321428571	30.9916030386	30.7385219458	11.811
5740	0	3	1	488	30	11.0651699838	25.0081054851	24.6308584861	18.567
5740	0	3	2	1831	114	11.0651699838	26.5104262835	26.1331792846	7.575
5741	0	3	1	920	57	15.3164949145	25.9411525813	25.4189643321	20.41
5741	0	3	2	2263	141	15.3164949145	31.01066636	30.4884781108	7.874
5742	0	3	1	807	50	23.7266039102	31.8104087612	31.0014930253	9.229
5742	0	3	2	2148	134	23.7266039102	30.2143390776	29.4054233417	14.095
5743	0	3	1	1024	64	12.3418967521	21.9095937431	21.4888190494	4.473
5743	0	3	2	2370	148	12.3418967521	29.2390210591	28.8182463654	13.181
5744	0	3	1	554	34	9.23638083918	25.3086961962	24.9937984624	26.441
5744	0	3	2	1901	118	9.23638083918	26.2320073823	25.9171096484	10.284
5745	0	3	1	1012	63	14.0170281186	30.5260957521	30.0482104779	9.433
5745	0	3	2	2356	147	14.0170281186	30.3191827012	29.841297427	15.905
5746	0	3	1	510	31	8.9593625695	30.9099023934	30.6044490974	13.118
5746	0	3	2	1859	116	8.9593625695	32.3611714828	32.0557181868	8.834
5747	0	3	1	266	16	21.0211196872	31.1270299429	30.4103528084	19.244
5747	0	3	2	1609	100	21.0211196872	30.5179493952	29.8012722607	6.788
5748	0	3	1	1213	75	7.26359300918	28.6792659169	28.4316268233	8.661
5748	0	3	2	2564	160	7.26359300918	32.6735852961	32.4259462026	8.126
5749	0	3	1	110	6	17.6324472184	30.487931807	29.8867853441	8.583
5749	0	3	2	1448	90	17.6324472184	30.4670592186	29.8659127557	12.425
5750	0	3	1	429	26	7.44707613514	25.9735274927	25.7196328732	16.315
5750	0	3	2	1775	110	7.44707613514	29.943181919	29.6892872994	16.189
5751	0	3	1	456	28	7.33390395409	31.0309489847	30.7809127664	6.473
5751	0	3	2	1801	112	7.33390395409	31.5670992539	31.3170630356	9.338
5752	0	3	1	144	9	17.0170811934	28.0985819666	27.5184152977	16.252
5752	0	3	2	1483	92	17.0170811934	33.462261589	32.8820949201	18.488
5753	0	3	1	796	49	26.5312304164	32.6220673523	31.7175329378	7.401
5753	0	3	2	2134	133	26.5312304164	33.5534180764	32.6488836619	15.055
5755	0	3	1	806	50	20.8781511464	33.2418175024	32.5300146223	16.032
5755	0	3	2	2146	134	20.8781511464	31.1572949679	30.4454920877	8.598
5756	0	3	1	444	27	13.5128341592	28.5161069636	28.0554112724	18.063
5756	0	3	2	1791	111	13.5128341592	26.9405641585	26.4798684673	15.181
5757	0	3	1	1094	68	19.6268069063	32.8863739325	32.2172333756	6.567
5757	0	3	2	2430	151	19.6268069063	30.1717709758	29.502630419	10.724
5758	0	3	1	798	49	25.2178736587	30.9202413322	30.0604834458	7.465
5758	0	3	2	2134	133	25.2178736587	31.4047355146	30.5449776283	15.527
5759	0	3	1	372	23	15.6385516141	29.3850412949	28.8518731038	16.977
5759	0	3	2	1717	107	15.6385516141	28.5323549004	27.9991867093	12.063
5760	0	3	1	795	49	23.6556518199	32.4041764174	31.5976796649	15.811
5760	0	3	2	2133	133	23.6556518199	32.1424023226	31.3359055702	13.717
5761	0	3	1	764	47	27.9815720952	34.56903346	33.6150522637	7.779
5761	0	3	2	2105	131	27.9815720952	34.7897367442	33.8357555479	14.914
5762	0	3	1	1012	63	10.3540298028	31.6277355245	31.2747335665	9.874
5762	0	3	2	2356	147	10.3540298028	36.0914514142	35.7384494562	6.425
5763	0	3	1	275	17	16.3566599304	30.3477908009	29.7901400029	15.559
5763	0	3	2	1619	101	16.3566599304	32.415845324	31.858194526	11.905
5764	0	3	1	806	50	21.6937152747	31.7206722465	30.9810641794	14.85
5764	0	3	2	2150	134	21.6937152747	31.0226210454	30.2830129784	8.961
5764	1	3	1	807	50	21.6937152747	29.4319928151	28.692384748	8.315
5764	1	3	2	2149	134	21.6937152747	30.660352535	29.9207444679	7.118
5765	0	3	1	1009	63	15.1245079683	32.582609734	32.0669669332	11.244
5765	0	3	2	2354	147	15.1245079683	30.7394256886	30.2237828878	9.811
5766	0	3	1	422	26	9.96364693078	28.9300608308	28.5903682722	5.843
5766	0	3	2	1771	110	9.96364693078	29.8111041641	29.4714116055	15.433
5767	0	3	1	879	54	18.5176069341	32.7009485496	32.0696241638	12.472
5767	0	3	2	2222	138	18.5176069341	33.7861969867	33.1548726009	7.685
5768	0	3	1	430	26	11.5691947653	30.8174541785	30.4230233643	7.212
5768	0	3	2	1777	111	11.5691947653	27.2598610397	26.8654302256	5.748
5769	0	3	1	550	34	12.5142612216	31.8851767559	31.4585256067	12.504
5769	0	3	2	1898	118	12.5142612216	29.0666505094	28.6399993602	14.252
5770	0	3	1	494	30	10.914953049	28.1506148925	27.7784892688	5.338
5770	0	3	2	1840	115	10.914953049	29.3122389723	28.9401133486	7.685
5771	0	3	1	290	18	8.3152549336	26.8700597348	26.5865661262	11.968
5771	0	3	2	1634	102	8.3152549336	25.3134869788	25.0299933701	8.52
5772	0	3	1	429	26	10.3921981879	29.9176059945	29.5633027543	15.874
5772	0	3	2	1776	111	10.3921981879	29.4712973977	29.1169941574	10.095
5773	0	3	1	554	34	5.8906389022	27.022066659	26.8212359577	15.433
5773	0	3	2	1904	119	5.8906389022	23.5229207941	23.3220900928	8.567
5774	0	3	1	898	56	21.6267254919	33.998984064	33.2616598927	10.22
5774	0	3	2	2241	140	21.6267254919	31.6099206473	30.8725964759	5.843
5775	0	3	1	989	61	20.84793947	30.2729602423	29.5621873748	4.221
5775	0	3	2	2335	145	20.84793947	33.5778717825	32.867098915	11.685
5776	0	3	1	338	21	15.3064457319	30.0997996324	29.5779539919	9.78
5776	0	3	2	1681	105	15.3064457319	30.0472629996	29.5254173592	10.504
5778	0	3	1	296	18	16.6667366042	32.0402761603	31.4720538578	13.244
5778	0	3	2	1639	102	16.6667366042	29.4483584814	28.8801361789	16.347
5779	0	3	1	458	28	13.6258656172	30.4014002593	29.9368509645	8.347
5779	0	3	2	1802	112	13.6258656172	28.0394733969	27.5749241022	6.378
5780	0	3	1	350	21	8.9091554809	30.4194033612	30.1156617853	9.402
5780	0	3	2	1694	105	8.9091554809	30.3255812373	30.0218396614	13.733
5781	0	3	1	1217	76	12.4141578318	26.5473892241	26.1241509193	11.969
5781	0	3	2	2566	160	12.4141578318	30.5005171146	30.0772788098	8.378
5782	0	3	1	474	29	14.5829592328	36.3934473561	35.896267682	14.157
5782	0	3	2	1825	114	14.5829592328	24.61820356	24.1210238859	4.977
5783	0	3	1	1014	63	12.6033935221	29.4321349829	29.0024450287	22.378
5783	0	3	2	2359	147	12.6033935221	29.3480270706	28.9183371165	12.834
5783	1	3	1	1013	63	12.6033935221	30.0263955301	29.596705576	6
5783	1	3	2	2358	147	12.6033935221	31.7721960803	31.3425061262	16.094
5784	0	3	1	286	17	10.3220374655	35.7554873109	35.4035760739	11.906
5784	0	3	2	1631	101	10.3220374655	34.4399504287	34.0880391917	12.284
5785	0	3	1	485	30	12.077025758	30.3348624829	29.9231180876	16.598
5785	0	3	2	1831	114	12.077025758	29.8040807538	29.3923363586	8.158
5787	0	3	1	272	17	21.5202206336	32.4771010738	31.7434079934	12.819
5787	0	3	2	1614	100	21.5202206336	32.7288205846	31.9951275042	7.37
5789	0	3	1	1286	80	6.11299751143	26.7045350223	26.4961234056	19.906
5789	0	3	2	2635	164	6.11299751143	27.6757468627	27.467335246	12.032
5790	0	3	1	737	46	16.1273460484	36.0468242634	35.4969915083	20.441
5790	0	3	2	2076	129	16.1273460484	38.7683860833	38.2185533282	15.528
5791	0	3	1	429	26	11.1703302346	28.9123233559	28.531491108	9.465
5791	0	3	2	1776	111	11.1703302346	28.636869817	28.2560375691	7.906
5792	0	3	1	327	20	8.94285631725	29.0203371856	28.7154466405	14.189
5792	0	3	2	1671	104	8.94285631725	18.0533533254	17.7484627803	8.945
5793	0	3	1	837	52	19.5503807109	30.846195838	30.1796608944	9.213
5793	0	3	2	2180	136	19.5503807109	24.0689854702	23.4024505265	11.008
5794	0	3	1	1009	63	14.4072352941	32.3550126359	31.8638239524	9.496
5794	0	3	2	2354	147	14.4072352941	32.6002783109	32.1090896273	12.662
5795	0	3	1	1095	68	11.654504022	31.0308497745	30.6335104952	11.338
5795	0	3	2	2441	152	11.654504022	31.6785855949	31.2812463157	6.519
5796	0	3	1	1264	79	9.88934813793	25.898145711	25.5609862356	12.472
5796	0	3	2	2614	163	9.88934813793	29.7879499803	29.4507905049	12.882
5797	0	3	1	944	59	16.3462948527	32.9058101321	32.3485127127	9.386
5797	0	3	2	2288	143	16.3462948527	29.327095648	28.7697982287	11.212
5798	0	3	1	866	54	22.67614194	28.8575299283	28.0844277973	12.063
5798	0	3	2	2209	138	22.67614194	28.9991717246	28.2260695936	13.574
5799	0	3	1	577	36	8.87687706526	28.1349040599	27.8322629584	15.811
5799	0	3	2	1925	120	8.87687706526	32.4807706841	32.1781295826	9.37
5800	0	3	1	409	25	12.2093666352	14.2045166662	13.7882603476	16.347
5800	0	3	2	1756	109	12.2093666352	14.6313706689	14.2151143503	6.032
5801	0	3	1	471	29	7.72486157342	25.2493707423	24.9860055297	8.661
5801	0	3	2	1817	113	7.72486157342	28.5704968221	28.3071316094	10
5802	0	3	1	473	29	9.85658728462	27.8272368495	27.4911942963	21.339
5802	0	3	2	1826	114	9.85658728462	25.5008533632	25.16481081	6.646
5803	0	3	1	558	34	8.10915907428	29.6654672298	29.3890000875	15.59
5803	0	3	2	1901	118	8.10915907428	29.8758618	29.5993946576	4.803
5804	0	3	1	487	30	10.9501024366	29.3366384649	28.9633144863	15.276
5804	0	3	2	1831	114	10.9501024366	27.8598790517	27.4865550731	8
5806	0	3	1	519	32	7.42542464584	28.8351113267	28.5819548757	7.843
5806	0	3	2	1865	116	7.42542464584	30.5784299685	30.3252735174	6.315
5807	0	3	1	788	49	22.3864676338	22.3837836447	21.6205574363	14.472
5807	0	3	2	2121	132	22.3864676338	32.4566099962	31.6933837878	4.85
5808	0	3	1	901	56	20.5058914946	31.4907952178	30.7916838586	11.008
5808	0	3	2	2242	140	20.5058914946	33.7451808237	33.0460694645	11.842
5809	0	3	1	492	30	9.11365968937	29.3321016464	29.0213878686	12.284
5809	0	3	2	1838	114	9.11365968937	28.5685208705	28.2578070927	10.551
5810	0	3	1	299	18	17.4399101736	32.0952846156	31.5007023558	11.874
5810	0	3	2	1643	102	17.4399101736	30.793068505	30.1984862451	11.843
5811	0	3	1	761	47	19.3192759762	35.861161593	35.2025057482	20.961
5811	0	3	2	2102	131	19.3192759762	36.5575839795	35.8989281346	7.969
5812	0	3	1	526	32	7.83181672456	28.9728838989	28.7058722435	9.748
5812	0	3	2	1873	117	7.83181672456	31.4569853613	31.1899737058	7.008
5813	0	3	1	502	31	13.3251565038	32.063636879	31.6093397187	21.464
5813	0	3	2	1850	115	13.3251565038	29.0557486432	28.6014514829	9.811
5814	0	3	1	489	30	11.5579431399	27.7629481713	27.3689009611	13.481
5814	0	3	2	1834	114	11.5579431399	30.9533582552	30.5593110449	8.976
5815	0	3	1	475	29	9.35428237223	33.4218045238	33.1028871499	23.527
5815	0	3	2	1822	113	9.35428237223	29.927090764	29.6081733901	7.843
5816	0	3	1	433	27	9.83082515108	30.3871653329	30.0520010931	8.929
5816	0	3	2	1781	111	9.83082515108	29.2021270086	28.8669627688	9.433
5817	0	3	1	73	4	25.4366809623	31.5586649317	30.6914472053	17.464
5817	0	3	2	1413	88	25.4366809623	28.4246245426	27.5574068162	18.362
5818	0	3	1	240	15	20.0656306054	33.5039011217	32.8197996629	5.433
5818	0	3	2	1581	98	20.0656306054	30.0936357511	29.4095342923	15.071
5819	0	3	1	528	33	13.2630044895	28.995471996	28.5432937965	10.756
5819	0	3	2	1878	117	13.2630044895	29.5729499653	29.1207717658	6.535
5820	0	3	1	497	31	15.8393196878	33.4893058257	32.9492928095	20.157
5820	0	3	2	1844	115	15.8393196878	30.4264169869	29.8864039708	4.929
5821	0	3	1	206	12	14.0382024001	23.2399308515	22.7613236784	13.37
5821	0	3	2	1541	96	14.0382024001	29.8260875991	29.347480426	16.472
5822	0	3	1	1062	66	14.4240534199	28.7817610063	28.2899989391	11.527
5822	0	3	2	2410	150	14.4240534199	30.020935717	29.5291736498	11.417
5823	0	3	1	805	50	25.8799740374	33.947787147	33.0654561433	7.244
5823	0	3	2	2145	134	25.8799740374	35.8232206878	34.9408896841	6.315
5824	0	3	1	377	23	9.15210834017	27.7416522169	27.4296276018	14.378
5824	0	3	2	1722	107	9.15210834017	27.4697929431	27.157768328	19.905
5825	0	3	1	816	51	16.359095103	31.3562657609	30.7985319401	8.031
5825	0	3	2	2158	134	16.359095103	35.3465448217	34.7888110009	11.338
5826	0	4	1	582	36	9.17726042119	23.8790712555	23.5661891255	13.559
5826	0	4	2	1930	120	9.17726042119	27.5541943365	27.2413122065	10.756
5827	0	4	1	1009	63	16.7465528126	27.466722654	26.8957791619	10.96
5827	0	4	2	2353	147	16.7465528126	30.8336360714	30.2626925793	14.535
5828	0	4	1	564	35	12.8741526293	32.3432621903	31.9043411931	8.126
5828	0	4	2	1911	119	12.8741526293	29.3540878972	28.9151669	5.559
5829	0	4	1	957	59	12.9049801595	30.0260913087	29.5861193025	11.716
5829	0	4	2	2298	143	12.9049801595	30.7731616474	30.3331896413	8.599
5830	0	4	1	430	26	13.4462549074	32.9082350985	32.4498093067	11.118
5830	0	4	2	1777	111	13.4462549074	32.8381186405	32.3796928487	5.401
5831	0	4	1	892	55	19.0856972417	36.2008150677	35.5501226683	16.221
5831	0	4	2	2235	139	19.0856972417	34.9562504262	34.3055580268	13.338
5832	0	4	1	519	32	3.93380953048	27.4457862087	27.3116700729	15.039
5832	0	4	2	1866	116	3.93380953048	29.0055530367	28.871436901	5.307
5833	0	4	1	1217	76	9.44971328778	29.09460056	28.7724296413	13.086
5833	0	4	2	2566	160	9.44971328778	26.739298664	26.4171277453	4.63
5834	0	4	1	795	49	25.1761550159	32.3267561359	31.4684205714	15.717
5834	0	4	2	2135	133	25.1761550159	31.1351247296	30.276789165	7.496
5835	0	4	1	509	31	9.44164701605	33.8305234	33.5086274863	13.512
5835	0	4	2	1859	116	9.44164701605	30.9092237101	30.5873277965	12.409
5837	0	4	1	985	61	19.0902627111	26.118463472	25.4676154211	14.456
5837	0	4	2	2330	145	19.0902627111	36.7675481347	36.1167000838	8.158
5838	0	4	1	809	50	24.8956620603	36.8218024006	35.9730297371	10.567
5838	0	4	2	2151	134	24.8956620603	36.7307748484	35.8820021849	8.157
5839	0	4	1	1275	79	6.9544556962	30.2230566389	29.9859570241	11.134
5839	0	4	2	2625	164	6.9544556962	32.768609282	32.5315096673	10.976
5840	0	4	1	514	32	17.2838517152	28.7933904775	28.2041287491	10.221
5840	0	4	2	1861	116	17.2838517152	31.630229575	31.0409678466	10.299
5841	0	4	1	876	54	19.2812998264	35.2708646772	34.6135035606	4.677
5841	0	4	2	2218	138	19.2812998264	32.8291213075	32.1717601909	10.834
5842	0	4	1	414	25	12.6682325041	31.7739231884	31.3420226662	14.095
5842	0	4	2	1760	110	12.6682325041	29.5736179995	29.1417174773	18.126
5843	0	4	1	104	6	22.0309952099	32.25977834	31.5086713224	7.244
5843	0	4	2	1446	90	22.0309952099	29.835610588	29.0845035703	12
5844	0	4	1	430	26	8.31832642647	27.2520099743	26.9684116486	12
5844	0	4	2	1777	111	8.31832642647	28.3410605526	28.057462227	4.693
5845	0	4	1	74	4	24.8036022736	39.3423416625	38.4967076113	6.126
5845	0	4	2	1414	88	24.8036022736	34.8016335807	33.9559995295	10.599
5846	0	4	1	471	29	11.0166326426	28.7824114622	28.4068192563	7.464
5846	0	4	2	1838	114	11.0166326426	34.7884265743	34.4128343684	8.756
5847	0	4	1	429	26	11.1932890041	29.591023578	29.2094085923	13.874
5847	0	4	2	1774	110	11.1932890041	32.9036652509	32.5220502652	5.134
5848	0	4	1	1220	76	9.44943342202	32.6372317223	32.3150703452	9.071
5848	0	4	2	2569	160	9.44943342202	31.9125533706	31.5903919935	7.685
5849	0	4	1	487	30	10.0836506004	29.5582247863	29.2144409192	14.945
5849	0	4	2	1832	114	10.0836506004	29.4343786208	29.0905947537	11.937
5850	0	4	1	452	28	11.8040158817	33.1829361484	32.7804995321	11.968
5850	0	4	2	1797	112	11.8040158817	29.0315104812	28.629073865	7.527
5851	0	4	1	469	29	9.91530929174	29.6192684897	29.2812239156	6.992
5851	0	4	2	1817	113	9.91530929174	33.8974405906	33.5593960166	7.748
5852	0	4	1	270	16	17.5102000622	38.120882177	37.5239035102	11.654
5852	0	4	2	1613	100	17.5102000622	33.7289091941	33.1319305273	6.504
5853	0	4	1	530	33	11.0994231332	30.3680352221	29.9896204238	15.874
5853	0	4	2	1878	117	11.0994231332	28.3655043256	27.9870895273	4.724
5854	0	4	1	902	56	16.3681886887	32.4877137774	31.9296699271	13.843
5854	0	4	2	2244	140	16.3681886887	33.3565504185	32.7985065683	8.032
5855	0	4	1	740	46	20.8261062439	35.4100049182	34.6999764151	14.157
5855	0	4	2	2079	129	20.8261062439	36.0743026979	35.3642741948	13.906
5856	0	4	1	1227	76	10.2298393354	29.4761601764	29.1273922682	15.528
5856	0	4	2	2578	161	10.2298393354	29.7255461862	29.376778278	5.401
5857	0	4	1	429	26	11.4521243102	31.2311486511	30.8407091429	11.496
5857	0	4	2	1775	110	11.4521243102	32.8794161106	32.4889766023	12.756
5858	0	4	1	537	33	14.7489172404	30.2637355572	29.7608978444	5.039
5858	0	4	2	1888	118	14.7489172404	31.4003316915	30.8974939787	10.661
5859	0	4	1	485	30	9.76163792676	27.1725379061	26.8397324799	15.59
5859	0	4	2	1830	114	9.76163792676	29.0902992637	28.7574938375	15.023
5860	0	4	1	452	28	11.776149837	28.0545679617	27.6530813879	17.748
5860	0	4	2	1795	112	11.776149837	22.9414355737	22.5399489999	5.449
5861	0	4	1	1230	76	7.91789528519	28.2342609424	27.9643145938	12.409
5861	0	4	2	2581	161	7.91789528519	30.2467310031	29.9767846545	9.906
5862	0	4	1	558	34	8.34296642098	30.4097563191	30.1253179373	13.622
5862	0	4	2	1907	119	8.34296642098	30.5697829816	30.2853445998	7.843
5863	0	4	1	996	62	19.4411590006	28.3835754514	27.7207642248	8.094
5863	0	4	2	2341	146	19.4411590006	30.1150209602	29.4522097337	12.221
5864	0	4	1	1251	78	9.76606573116	27.8395817927	27.5066254085	9.118
5864	0	4	2	2601	162	9.76606573116	27.3777129343	27.0447565501	14.283
5865	0	4	1	457	28	13.7222365571	29.069806816	28.601971928	8.284
5865	0	4	2	1803	112	13.7222365571	25.0736216194	24.6057867314	5.874
5866	0	4	1	888	55	17.8444499319	36.2640307751	35.6556564623	9.087
5866	0	4	2	2231	139	17.8444499319	37.4326550385	36.8242807258	7.402
5867	0	4	1	421	26	7.19014795491	23.7265245748	23.4813894578	10.661
5867	0	4	2	1767	110	7.19014795491	28.0507796413	27.8056445243	17.842
5868	0	4	1	457	28	16.1574370645	30.6089516052	30.0580929513	8.787
5868	0	4	2	1803	112	16.1574370645	27.7221064462	27.1712477922	12.819
5869	0	4	1	1024	64	8.21404206661	23.9771480185	23.6971050799	7.559
5869	0	4	2	2370	148	8.21404206661	27.2659852667	26.9859423281	19.212
5870	0	4	1	488	30	11.5411360704	28.3678499351	27.9743757315	20.063
5870	0	4	2	1832	114	11.5411360704	29.2348194244	28.8413452209	14.22
5871	0	4	1	1224	76	13.0408430703	27.9088417319	27.464237725	18.63
5871	0	4	2	2574	160	13.0408430703	31.4809720457	31.0363680388	10.441
5872	0	4	1	197	12	20.0824812919	30.2356727956	29.5509968431	16.409
5872	0	4	2	1540	96	20.0824812919	30.6887858256	30.0041098731	10.126
5872	1	4	1	192	12	20.0824812919	30.9308748948	30.2461989422	7.212
5872	1	4	2	1539	96	20.0824812919	27.7346687066	27.049992754	19.748
5873	0	4	1	429	26	9.44420794594	27.4730976951	27.1511144712	13.59
5873	0	4	2	1775	110	9.44420794594	27.2803208835	26.9583376595	14.252
5874	0	4	1	1030	64	17.628993176	34.8306788677	34.2296501641	10.252
5874	0	4	2	2374	148	17.628993176	38.7621384031	38.1611096996	6.126
5875	0	4	1	471	29	14.0626653238	29.6927554422	29.2133142499	8.851
5875	0	4	2	1817	113	14.0626653238	32.5984176039	32.1189764116	18.189
5876	0	4	1	793	49	23.6322268887	34.2088866465	33.4031885248	6.567
5876	0	4	2	2132	133	23.6322268887	33.531178386	32.7254802643	11.181
5877	0	4	1	514	32	7.09880188865	27.7298173758	27.4877965381	7.685
5877	0	4	2	1860	116	7.09880188865	29.8260877595	29.5840669218	12.787
5878	0	4	1	432	27	9.40849319856	30.2153242639	29.8945586698	8.283
5878	0	4	2	1779	111	9.40849319856	29.2457991463	28.9250335522	6.126
5879	0	4	1	1012	63	17.8710289639	32.8448534122	32.2355729353	7.969
5879	0	4	2	2353	147	17.8710289639	31.4116117132	30.8023312363	5.37
5879	1	4	1	1010	63	17.8710289639	26.8648452185	26.2555647416	13.181
5879	1	4	2	2356	147	17.8710289639	29.5886846594	28.9794041825	18.283
5879	2	4	1	1033	64	17.8710289639	34.9538186389	34.344538162	16.315
5879	2	4	2	2354	147	17.8710289639	30.506073521	29.8967930441	15.039
5880	0	4	1	808	50	25.0310491633	33.1333239547	32.2799355123	5.937
5880	0	4	2	2149	134	25.0310491633	34.3079511305	33.4545626881	15.307
5882	0	4	1	486	30	12.8081285744	28.9365172343	28.4998472081	6.866
5882	0	4	2	1832	114	12.8081285744	28.8353651379	28.3986951117	7.969
5883	0	4	1	993	62	18.4618046304	31.8168715007	31.1874495937	10.646
5883	0	4	2	2340	146	18.4618046304	33.2388500671	32.6094281602	9.464
5884	0	4	1	429	26	11.7883221182	27.7610292338	27.3591276681	15.307
5884	0	4	2	1776	111	11.7883221182	32.3518868383	31.9499852725	7.307
5885	0	4	1	553	34	8.29873806827	27.6386416461	27.3557111502	15.118
5885	0	4	2	1907	119	8.29873806827	26.6735509684	26.3906204724	12.409
5886	0	4	1	507	31	7.36400239946	28.2508431093	27.9997807388	15.748
5886	0	4	2	1858	116	7.36400239946	27.1804498916	26.9293875212	13.496
5887	0	4	1	810	50	25.6313610487	32.5648516005	31.6909966078	10.74
5887	0	4	2	2149	134	25.6313610487	29.667883862	28.7940288694	11.543
5888	0	4	1	429	26	12.2904038487	27.9160825431	27.497063407	9.622
5888	0	4	2	1775	110	12.2904038487	28.6327606658	28.2137415297	14.504
5890	0	4	1	488	30	11.4185025628	31.9438175317	31.5545242962	14.221
5890	0	4	2	1833	114	11.4185025628	33.9450494585	33.555756223	15.292
5891	0	4	1	474	29	11.2811139294	28.1043347432	27.7197255252	15.685
5891	0	4	2	1821	113	11.2811139294	30.922502525	30.537893307	5.811
5892	0	4	1	793	49	22.4049622912	34.5070410235	33.7431842732	7.433
5892	0	4	2	2133	133	22.4049622912	30.3849399337	29.6210831833	15.023
5893	0	4	1	866	54	19.3034236531	31.6688819849	31.0107665964	12.158
5893	0	4	2	2210	138	19.3034236531	31.4992017182	30.8410863297	19.937
5893	1	4	1	865	54	19.3034236531	27.7181037692	27.0599883807	26.661
5893	1	4	2	2209	138	19.3034236531	29.4424687841	28.7843533956	22.504
5894	0	4	1	1003	62	18.4491899142	29.7783694882	29.1493776572	13.685
5894	0	4	2	2350	146	18.4491899142	29.9023471464	29.2733553154	14.614
5895	0	4	1	528	33	13.2837279718	30.7276795656	30.2747948363	17.591
5895	0	4	2	1876	117	13.2837279718	31.6257166539	31.1728319247	7.937
5896	0	4	1	529	33	13.4637198111	22.5326796761	22.07365845	14.598
5896	0	4	2	1878	117	13.4637198111	24.0483433402	23.589322114	4.535
5897	0	4	1	513	32	6.58826388178	29.5920721486	29.3674571828	7.716
5897	0	4	2	1860	116	6.58826388178	30.0110685861	29.7864536203	13.402
5898	0	4	1	550	34	6.89943254674	30.5801091139	30.3448854141	12.63
5898	0	4	2	1898	118	6.89943254674	26.6715977522	26.4363740524	8.315
5899	0	4	1	805	50	24.8878327379	34.7953175575	33.9468118207	10.724
5899	0	4	2	2148	134	24.8878327379	32.9846982523	32.1361925154	12
5900	0	4	1	1227	76	13.6363456103	27.146289847	26.6813832558	15.433
5900	0	4	2	2579	161	13.6363456103	29.9302001742	29.465293583	15.59
5901	0	4	1	1000	62	11.0518752432	34.8843288056	34.5075350669	11.779
5901	0	4	2	2346	146	11.0518752432	32.5020370687	32.12524333	12.897
5902	0	4	1	805	50	23.5574337118	30.8782288725	30.0750806892	14
5902	0	4	2	2146	134	23.5574337118	31.3962323256	30.5930841423	19.212
5903	0	4	1	1061	66	18.057259647	32.5647474218	31.9491177459	12.598
5903	0	4	2	2410	150	18.057259647	29.2669483961	28.6513187202	12.063
5904	0	4	1	457	28	15.4920298032	28.698232846	28.1700600516	6.819
5904	0	4	2	1803	112	15.4920298032	26.1501635373	25.6219907429	8.535
5905	0	4	1	486	30	9.45927275298	29.3157669054	28.993270074	16.126
5905	0	4	2	1830	114	9.45927275298	31.258290396	30.9357935646	13.433
5906	0	4	1	514	32	8.49776592579	32.3029855523	32.0132695608	14.283
5906	0	4	2	1861	116	8.49776592579	36.7201431159	36.4304271243	9.559
5907	0	4	1	1026	64	12.7943307687	34.7100489569	34.273849342	12.094
5907	0	4	2	2372	148	12.7943307687	30.5258613905	30.0896617756	9.559
5909	0	4	1	218	13	20.5401642278	39.7176862068	39.0174063807	7.811
5909	0	4	2	1561	97	20.5401642278	37.7585848142	37.058304988	6.914
5910	0	4	1	607	37	8.53727645051	28.8468840917	28.5558210601	12.693
5910	0	4	2	1955	122	8.53727645051	28.6452635977	28.3542005662	6.63
5911	0	4	1	886	55	17.858051814	29.1319915081	28.5231534637	4.85
5911	0	4	2	2228	139	17.858051814	30.6320163871	30.0231783427	6.551
5912	0	4	1	470	29	11.7702597327	29.5775984826	29.1763127213	10.063
5912	0	4	2	1816	113	11.7702597327	29.7852227936	29.3839370323	8.913
5913	0	4	1	428	26	10.7479856141	27.5267950066	27.1603618363	6.488
5913	0	4	2	1774	110	10.7479856141	28.6437508425	28.2773176722	12.315
5914	0	4	1	415	25	10.8680426954	32.1191409925	31.7486146926	6.535
5914	0	4	2	1760	110	10.8680426954	32.307092698	31.9365663982	14.252
5915	0	4	1	562	35	6.07665243472	28.5730122228	28.3658397259	18.74
5915	0	4	2	1904	119	6.07665243472	25.8202677407	25.6130952438	4.031
5916	0	4	1	510	31	6.99273278027	28.9829946788	28.744590076	6.094
5916	0	4	2	1859	116	6.99273278027	30.420350251	30.1819456481	9.417
5917	0	4	1	918	57	16.7015896048	26.3815315538	25.8121210011	13.842
5917	0	4	2	2262	141	16.7015896048	30.7047559829	30.1353454302	6.992
5918	0	4	1	1230	76	13.3355714286	30.0914879763	29.636835738	5.78
5918	0	4	2	2580	161	13.3355714286	30.9287106335	30.4740583952	13.811
5919	0	4	1	428	26	12.8735473002	32.6958745925	32.2569742329	6.472
5919	0	4	2	1775	110	12.8735473002	31.741335918	31.3024355585	6.126
5920	0	4	1	1004	62	12.9484359065	37.7989335163	37.3574799649	8.662
5920	0	4	2	2360	147	12.9484359065	35.0921921769	34.6507386254	8.929
5921	0	4	1	108	6	21.7711614683	28.6910724254	27.9488239702	19.528
5921	0	4	2	1450	90	21.7711614683	32.6838378611	31.9415894059	15.906
5922	0	4	1	489	30	9.53677050273	27.5268917401	27.2017527629	13.26
5922	0	4	2	1834	114	9.53677050273	30.611768417	30.2866294397	12.267
5923	0	4	1	267	16	20.5757214132	31.6410954159	30.9396033317	6.63
5923	0	4	2	1610	100	20.5757214132	29.6557918163	28.954299732	8.378
5924	0	4	1	581	36	12.2960517006	29.0416464775	28.6224347881	6.441
5924	0	4	2	1929	120	12.2960517006	26.731438131	26.3122264415	14.645
5925	0	4	1	429	26	13.3863650954	30.2880406516	29.8316566949	13.433
5925	0	4	2	1774	110	13.3863650954	31.6949684803	31.2385845236	12.189
5925	1	4	1	438	27	13.3863650954	31.815800452	31.3594164953	6.095
5925	1	4	2	1776	111	13.3863650954	31.1187897434	30.6624057867	11.102
5926	0	4	1	170	10	13.6598358499	25.166811004	24.7011035554	16.756
5926	0	4	2	1513	94	13.6598358499	27.1550965366	26.6893890881	18
5927	0	4	1	434	27	8.80255731526	31.3715309315	31.0714236277	8.882
5927	0	4	2	1783	111	8.80255731526	29.6064985517	29.3063912478	8
5928	0	4	1	212	13	22.4140928642	35.003934952	34.2397669112	6.063
5928	0	4	2	1554	97	22.4140928642	32.53153676	31.7673687193	10.567
5929	0	4	1	761	47	19.9154031567	39.172334387	38.4933546619	17.055
5929	0	4	2	2101	131	19.9154031567	39.5432697959	38.8642900708	10.819
5930	0	4	1	1064	66	17.0444878058	26.2223798499	25.641278802	6.551
5930	0	4	2	2412	150	17.0444878058	27.4686221146	26.8875210666	12.725
5931	0	4	1	1048	65	16.6456449366	34.2802203326	33.7127171124	8.094
5931	0	4	2	2400	150	16.6456449366	34.2304362066	33.6629329864	10.347
5932	0	4	1	455	28	15.0861087429	33.4394086439	32.9250749954	17.559
5932	0	4	2	1801	112	15.0861087429	33.62530319	33.1109695415	14.157
5933	0	4	1	792	49	22.7454120691	33.2700179912	32.4945542202	14.646
5933	0	4	2	2132	133	22.7454120691	30.3498218336	29.5743580626	25.055
5934	0	4	1	985	61	13.5426193784	24.7851026	24.3233914355	18.835
5934	0	4	2	2330	145	13.5426193784	35.5124327286	35.0507215641	9.748
5935	0	4	1	1061	66	17.8316154123	31.4353175526	30.8273808096	5.653
5935	0	4	2	2408	150	17.8316154123	26.3874060546	25.7794693116	16.378
5936	0	4	1	485	30	12.7213241866	27.6747493576	27.2410387704	16.189
5936	0	4	2	1830	114	12.7213241866	31.3625208746	30.9288102873	9.276
5937	0	4	1	506	31	8.51721278301	29.8817134306	29.5913344336	19.118
5937	0	4	2	1853	115	8.51721278301	33.8599304666	33.5695514695	14.598
5938	0	4	1	434	27	8.90508623342	30.7736045918	30.4700017495	9.937
5938	0	4	2	1781	111	8.90508623342	28.368190048	28.0645872058	8.063
5939	0	4	1	999	62	10.7562492947	29.8571399958	29.4904250902	14.85
5939	0	4	2	2341	146	10.7562492947	31.4698561934	31.1031412878	8.221
5941	0	4	1	1012	63	9.66489498057	33.2973161146	32.9678089645	7.748
5941	0	4	2	2357	147	9.66489498057	30.8154173207	30.4859101706	13.716
5942	0	4	1	1255	78	11.2689234664	27.6471950133	27.2630014071	9.622
5942	0	4	2	2604	162	11.2689234664	29.8283718189	29.4441782127	11.59
5943	0	4	1	551	34	7.73503847901	27.3355318203	27.0718196444	11.59
5943	0	4	2	1898	118	7.73503847901	28.0373222297	27.7736100538	6.157
5943	1	4	1	550	34	7.73503847901	28.0413844766	27.7776723007	17.039
5943	1	4	2	1899	118	7.73503847901	27.4828973177	27.2191851418	15.796
5944	0	4	1	315	19	13.5588385886	3.46969010995	3.00742598078	13.433
5944	0	4	2	1658	103	13.5588385886	6.73856778623	6.27630365706	16.693
5945	0	4	1	456	28	12.5754748077	31.0218313234	30.5930932074	7.071
5945	0	4	2	1801	112	12.5754748077	30.2132142962	29.7844761802	9.323
5946	0	4	1	490	30	12.0607903657	27.0682367853	26.6570459065	15.937
5946	0	4	2	1834	114	12.0607903657	30.1176822049	29.706491326	8.914
5947	0	4	1	333	20	6.54169943711	27.286488375	27.0634609399	16.063
5947	0	4	2	1678	104	6.54169943711	28.0786892258	27.8556617907	17.212
5948	0	4	1	795	49	26.5306919483	32.8033312643	31.8988152079	14.031
5948	0	4	2	2134	133	26.5306919483	32.5629937661	31.6584777097	14.063
5949	0	4	1	894	55	18.2636043838	29.1334980434	28.5108334161	6.504
5949	0	4	2	2236	139	18.2636043838	31.8078865199	31.1852218927	11.26
5950	0	4	1	215	13	19.6869024666	30.4194177919	29.7482283854	6.583
5950	0	4	2	1556	97	19.6869024666	32.5845893731	31.9133999666	11.37
5950	1	4	1	210	13	19.6869024666	43.9147832698	43.2435938633	9.244
5950	1	4	2	1540	96	19.6869024666	42.6860881018	42.0148986953	6.551
5951	0	4	1	810	50	26.3332076415	29.3666215935	28.4688384081	14.536
5951	0	4	2	2151	134	26.3332076415	27.6674973293	26.7697141439	17.244
5952	0	4	1	490	30	8.66302093432	27.6728610086	27.3775109458	18.252
5952	0	4	2	1835	114	8.66302093432	31.0601557816	30.7648057189	13.354
5953	0	4	1	1029	64	13.57346498	26.3749259852	25.9121631957	9.905
5953	0	4	2	2373	148	13.57346498	36.8336157683	36.3708529787	9.654
5954	0	4	1	473	29	13.498464451	33.6273733743	33.1671675924	15.78
5954	0	4	2	1818	113	13.498464451	32.7176359323	32.2574301504	10.189
5955	0	4	1	962	60	15.0284048856	32.4639023014	31.9515359617	16.158
5955	0	4	2	2305	144	15.0284048856	33.2811764237	32.7688100841	15.118
5957	0	4	1	459	28	8.66225808524	32.6421157414	32.3467916866	10.063
5957	0	4	2	1806	112	8.66225808524	30.0903163198	29.794992265	13.071
5958	0	4	1	342	21	11.8854043842	39.5084895668	39.1032781564	14.252
5958	0	4	2	1687	105	11.8854043842	39.4322186089	39.0270071986	17.04
5959	0	4	1	982	61	18.6185479503	30.5609931903	29.9262274028	8.913
5959	0	4	2	2327	145	18.6185479503	33.3231248727	32.6883590852	9.292
5960	0	4	1	1058	66	13.136141007	32.2014621577	31.7536091396	8.252
5960	0	4	2	2403	150	13.136141007	27.4275154444	26.9796624264	19.748
5961	0	4	1	1057	66	8.71991061885	29.1275871325	28.8302975186	4.441
5961	0	4	2	2403	150	8.71991061885	27.5334681351	27.2361785212	17.008
5962	0	4	1	417	26	11.8166200069	29.9647490882	29.561882757	16.126
5962	0	4	2	1768	110	11.8166200069	28.4409442767	28.0380779455	18.771
5962	1	4	1	421	26	11.8166200069	24.4743723991	24.0715060679	5.906
5962	1	4	2	1771	110	11.8166200069	30.2549856004	29.8521192692	15.496
5963	0	4	1	820	51	23.33082806	28.092654635	27.2972321623	13.071
5963	0	4	2	2161	135	23.33082806	30.6397426437	29.8443201711	17.811
5964	0	4	1	488	30	15.630672078	32.2253898086	31.692490256	14.535
5964	0	4	2	1832	114	15.630672078	33.0485873976	32.5156878451	13.071
5966	0	4	1	429	26	13.0681510224	30.6046766182	30.159141596	14.835
5966	0	4	2	1775	110	13.0681510224	32.0269213597	31.5813863375	11.811
5967	0	4	1	308	19	15.7197357154	29.5880035272	29.0520675107	12.756
5967	0	4	2	1652	103	15.7197357154	27.4569579055	26.921021889	26.252
5968	0	4	1	447	27	10.4780415052	32.1244316392	31.767201726	11.26
5968	0	4	2	1794	112	10.4780415052	31.3613163218	31.0040864086	4.252
5970	0	4	1	1080	67	9.68300558156	28.0079202823	27.677795684	6.441
5970	0	4	2	2426	151	9.68300558156	27.5204899446	27.1903653462	17.213
5971	0	4	1	252	15	17.3555563593	33.4220258616	32.8303194928	8.031
5971	0	4	2	1593	99	17.3555563593	31.393032404	30.8013260352	12.519
5972	0	4	1	455	28	10.6546587353	31.7176803837	31.3544290248	14.252
5972	0	4	2	1801	112	10.6546587353	30.7399213279	30.3766699691	12.945
5973	0	4	1	209	13	19.1212372057	35.0748764102	34.4229723398	11.874
5973	0	4	2	1553	97	19.1212372057	34.2505759969	33.5986719265	13.527
5974	0	4	1	1063	66	16.4826492876	34.4060533475	33.8441071698	14.599
5974	0	4	2	2410	150	16.4826492876	30.8586477597	30.296701582	20.126
5975	0	4	1	334	20	9.48817395268	30.7597291152	30.4362469496	7.779
5975	0	4	2	1678	104	9.48817395268	31.3999467415	31.0764645759	8.63
5976	0	4	1	340	21	15.97824294	34.2534536645	33.7087043108	5.905
5976	0	4	2	1683	105	15.97824294	31.2919713623	30.7472220086	14.394
5977	0	4	1	382	23	10.220209587	26.070849907	25.7224103077	14.441
5977	0	4	2	1727	107	10.220209587	24.3591673303	24.010727731	15.433
5978	0	4	1	1055	65	15.1617810745	27.9419081059	27.4249945458	6.851
5978	0	4	2	2394	149	15.1617810745	29.4793880763	28.9624745162	11.937
5979	0	4	1	1029	64	16.6875039034	29.7739958257	29.2050654996	8.473
5979	0	4	2	2373	148	16.6875039034	39.0190537522	38.4501234261	13.622
5981	0	4	1	996	62	22.448041231	27.1758788024	26.4105533534	7.15
5981	0	4	2	2341	146	22.448041231	28.1342054638	27.3688800147	12.126
5982	0	4	1	75	4	19.1619295267	33.6637269389	33.0104355372	18.378
5982	0	4	2	1414	88	19.1619295267	32.3427141888	31.6894227872	17.559
5982	1	4	1	74	4	19.1619295267	35.8448083259	35.1915169243	14.882
5982	1	4	2	1415	88	19.1619295267	30.6847826679	30.0314912662	15.244
5983	0	4	1	865	54	22.698108346	31.1207362497	30.3468852137	10.961
5983	0	4	2	2209	138	22.698108346	32.5509118077	31.7770607717	16.031
5984	0	4	1	299	18	15.3504351766	29.8725513686	29.3492059875	12
5984	0	4	2	1642	102	15.3504351766	32.1913284739	31.6679830927	4.409
5985	0	4	1	444	27	11.6110738112	30.0084457079	29.6125871033	7.559
5985	0	4	2	1790	111	11.6110738112	25.2551330139	24.8592744093	11.717
5986	0	4	1	266	16	9.91957761277	39.5921937386	39.2540036439	7.464
5986	0	4	2	1610	100	9.91957761277	32.8535412809	32.5153511862	6.866
5987	0	4	1	1100	68	12.5396015459	27.3610282205	26.9335131387	8.315
5987	0	4	2	2442	152	12.5396015459	28.6395367775	28.2120216957	8.473
5988	0	4	1	444	27	10.3569430505	30.5952341746	30.2421328947	12.897
5988	0	4	2	1791	111	10.3569430505	28.1500551247	27.7969538448	13.906
5989	0	4	1	487	30	13.002440185	28.445816312	28.0025215821	14.504
5989	0	4	2	1832	114	13.002440185	31.5845845191	31.1412897893	16.158
5990	0	4	1	238	14	19.5142843928	31.2807774415	30.6154731367	7.842
5990	0	4	2	1579	98	19.5142843928	31.298063032	30.6327587272	7.338
5991	0	4	1	434	27	15.7708674663	32.1922643179	31.6545850567	7.496
5991	0	4	2	1781	111	15.7708674663	29.2771287096	28.7394494483	10
5992	0	4	1	793	49	21.6285374085	37.0926444089	36.3552584636	11.102
5992	0	4	2	2133	133	21.6285374085	31.5477045045	30.8103185591	19.559
5993	0	4	1	918	57	21.7457764576	32.9962969085	32.2549139094	21.811
5993	0	4	2	2261	141	21.7457764576	30.638721004	29.8973380049	6.819
5994	0	4	1	491	30	11.1540411915	26.1304255413	25.7501486389	19.244
5994	0	4	2	1838	114	11.1540411915	27.2466098972	26.8663329948	18.756
5995	0	4	1	1229	76	23.6699863186	30.8699004607	30.0629149994	17.906
5995	0	4	2	2579	161	23.6699863186	33.1183111362	32.3113256749	7.654
5996	0	4	1	496	31	12.777237279	30.8306071768	30.3949903336	7.15
5996	0	4	2	1843	115	12.777237279	29.8071403367	29.3715234935	5.276
5997	0	4	1	906	56	22.5024002163	29.4424518408	28.6752731203	6.897
5997	0	4	2	2251	140	22.5024002163	28.2694468415	27.502268121	8.504
5998	0	4	1	792	49	21.750355358	36.4182345464	35.6766954379	6.614
5998	0	4	2	2132	133	21.750355358	33.8957342444	33.1541951359	15.527
5999	0	4	1	214	13	23.080191585	28.7237956946	27.9369182202	13.244
5999	0	4	2	1556	97	23.080191585	29.5696647646	28.7827872903	14.85
6000	0	4	1	987	61	15.8893115796	28.1870472332	27.6453298337	15.874
6000	0	4	2	2332	145	15.8893115796	33.0755489985	32.533831599	7.968
6001	0	4	1	487	30	8.21549235681	27.8821274588	27.6020350752	19.276
6001	0	4	2	1831	114	8.21549235681	28.3622236947	28.082131311	14.41
6002	0	4	1	422	26	12.8333191465	32.1323972038	31.6948683506	25.622
6002	0	4	2	1769	110	12.8333191465	33.5211798989	33.0836510456	20.992
6003	0	4	1	489	30	11.6474980232	28.6441202466	28.2470198243	18
6003	0	4	2	1833	114	11.6474980232	29.8918133425	29.4947129201	8.488
6004	0	4	1	491	30	10.471860079	28.5919597632	28.2349405946	18.189
6004	0	4	2	1835	114	10.471860079	30.7735342646	30.416515096	14.929
6005	0	4	1	919	57	15.0357370617	28.8301331726	28.3175168556	12.882
6005	0	4	2	2261	141	15.0357370617	32.6342300622	32.1216137452	6.945
6006	0	4	1	499	31	8.0590713379	30.5176168329	30.2428573415	28.85
6006	0	4	2	1834	114	8.0590713379	30.4817994299	30.2070399386	10.032
6007	0	4	1	209	13	22.2069280011	32.7194834617	31.9623783331	5.654
6007	0	4	2	1552	97	22.2069280011	33.4730806598	32.7159755312	11.087
6008	0	4	1	1281	80	5.81527658001	27.595052855	27.3967914961	17.906
6008	0	4	2	2631	164	5.81527658001	28.9713240101	28.7730626511	14.961
6009	0	4	1	793	49	25.117276491	35.2333468835	34.377018676	6.661
6009	0	4	2	2134	133	25.117276491	34.4555602753	33.5992320678	10.74
6010	0	4	1	826	51	22.1916666708	21.6562673652	20.899682544	17.527
6010	0	4	2	2166	135	22.1916666708	27.6385332365	26.8819484154	17.181
6011	0	4	1	444	27	9.76348764183	29.1400601842	28.8071916953	15.275
6011	0	4	2	1791	111	9.76348764183	24.5198428372	24.1869743483	6.504
6012	0	4	1	1262	78	8.12597531139	28.7481818116	28.4711413501	6.457
6012	0	4	2	2612	163	8.12597531139	28.1542608476	27.877220386	12.929
6013	0	4	1	215	13	18.8554361374	29.5982558647	28.9554138019	11.843
6013	0	4	2	1558	97	18.8554361374	31.5692839739	30.9264419112	13.874
6014	0	4	1	1032	64	12.7111924351	31.8949238003	31.4615586368	5.969
6014	0	4	2	2376	148	12.7111924351	36.1666083966	35.7332432331	9.969
6015	0	4	1	1062	66	27.8961229491	28.1694763409	27.218408379	13.213
6015	0	4	2	2390	149	27.8961229491	26.6607356351	25.7096676732	9.118
6016	0	4	1	1067	66	16.7405477161	28.0249823459	27.4542435867	9.653
6016	0	4	2	2413	150	16.7405477161	26.4747874159	25.9040486567	17.716
6017	0	4	1	1016	63	18.5877488422	35.2128772723	34.5791615248	14.519
6017	0	4	2	2360	147	18.5877488422	32.0949091359	31.4611933884	9.653
6018	0	4	1	456	28	14.004977273	28.6832941499	28.2058197275	4.409
6018	0	4	2	1801	112	14.004977273	28.7048089567	28.2273345344	13.433
6019	0	4	1	224	14	22.6498421895	33.2021916232	32.4299861348	7.653
6019	0	4	2	1566	97	22.6498421895	31.8919895619	31.1197840734	17.024
6020	0	4	1	1256	78	12.2704276103	28.6420337213	28.223695639	10.96
6020	0	4	2	2604	162	12.2704276103	29.8677227249	29.4493846426	12.693
6021	0	4	1	1010	63	9.12147937003	25.3996394264	25.0886590507	7.386
6021	0	4	2	2356	147	9.12147937003	28.6216451366	28.3106647609	11.465
6022	0	4	1	235	14	20.2308876939	30.796010644	30.1062750431	9.118
6022	0	4	2	1579	98	20.2308876939	28.3006296334	27.6108940325	10.771
6023	0	4	1	211	13	18.4987382333	28.5409599766	27.9102788852	10.472
6023	0	4	2	1553	97	18.4987382333	32.5521290446	31.9214479532	6.725
6024	0	4	1	567	35	10.8378295435	30.8169330825	30.4474368456	15.685
6024	0	4	2	1915	119	10.8378295435	31.5662154847	31.1967192478	9.401
6025	0	4	1	485	30	11.627709784	29.9188679426	29.5224421645	14.977
6025	0	4	2	1830	114	11.627709784	30.754326849	30.3579010709	10.803
6026	0	4	1	591	36	9.67217527861	28.2748151381	27.9450597794	7.622
6026	0	4	2	1941	121	9.67217527861	29.2433984689	28.9136431102	8
6027	0	4	1	585	36	15.6586815944	31.2344383381	30.7005838516	11.969
6027	0	4	2	1933	120	15.6586815944	31.2566617372	30.7228072508	10.63
6028	0	4	1	415	25	7.84883251245	30.1513171003	29.8837253223	12.157
6028	0	4	2	1760	110	7.84883251245	27.1121956287	26.8446038506	18.882
6029	0	4	1	1098	68	17.0889555553	34.5368155466	33.954198451	9.575
6029	0	4	2	2446	152	17.0889555553	33.3441779256	32.76156083	4.252
6030	0	4	1	232	14	4.24326321042	29.6467906122	29.5021242118	6.488
6030	0	4	2	1574	98	4.24326321042	28.0559440883	27.9112776879	10.347
6031	0	4	1	491	30	11.8385767634	29.0148672363	28.6112523292	17.874
6031	0	4	2	1837	114	11.8385767634	26.1652932035	25.7616782964	4.315
6032	0	4	1	1245	77	7.40069239554	27.3891307248	27.1368174752	6.284
6032	0	4	2	2597	162	7.40069239554	22.8509427441	22.5986294945	20.347
6033	0	4	1	489	30	8.9950761739	27.1854959873	26.8788251004	18.158
6033	0	4	2	1832	114	8.9950761739	33.1616563345	32.8549854477	8.819
6034	0	4	1	331	20	17.1486113108	40.2349465218	39.6502955709	11.37
6034	0	4	2	1677	104	17.1486113108	39.2049557717	38.6203048208	17.717
6035	0	4	1	1263	78	8.75594105616	6.31872393953	6.02020593292	7.843
6035	0	4	2	2614	163	8.75594105616	5.76418503098	5.46566702437	8.63
6036	0	4	1	1057	66	16.2346916094	29.522395312	28.9689028037	11.874
6036	0	4	2	2403	150	16.2346916094	28.2186505307	27.6651580224	19.338
6037	0	4	1	794	49	26.3384815549	35.4505074311	34.5525444411	14.189
6037	0	4	2	2134	133	26.3384815549	34.2121987765	33.3142357865	12.771
6038	0	4	1	379	23	12.5634149983	30.2683701825	29.840043224	10.897
6038	0	4	2	1727	107	12.5634149983	30.6997563864	30.2714294279	7.968
6039	0	4	1	334	20	12.2999977365	29.1042313792	28.6848851568	11.591
6039	0	4	2	1677	104	12.2999977365	32.6403285533	32.2209823309	9.717
6040	0	4	1	916	57	17.3004823144	31.1894362969	30.5996075782	15.433
6040	0	4	2	2260	141	17.3004823144	31.4215503274	30.8317216088	12
6040	1	4	1	915	57	17.3004823144	40.7690363118	40.1792075932	21.465
6040	1	4	2	2258	141	17.3004823144	31.5113524779	30.9215237592	10.976
6041	0	4	1	937	58	22.5426786134	32.1971847223	31.4286327825	14.063
6041	0	4	2	2280	142	22.5426786134	32.7036447054	31.9350927657	10.095
6042	0	4	1	238	14	19.4244285775	33.7003536114	33.0381127785	7.023
6042	0	4	2	1579	98	19.4244285775	32.6169030611	31.9546622281	8.96
6043	0	4	1	809	50	22.5849894595	34.1124190795	33.3424246278	7.149
6043	0	4	2	2149	134	22.5849894595	32.5577593508	31.7877648991	16.992
6044	0	4	1	1262	78	12.8749060742	30.9902435961	30.5512969116	6.52
6044	0	4	2	2614	163	12.8749060742	28.7104886328	28.2715419483	7.213
6045	0	4	1	249	15	17.4799582564	28.4567946984	27.8608470714	17.811
6045	0	4	2	1591	99	17.4799582564	28.5496298905	27.9536822635	12.882
6046	0	4	1	810	50	24.0941961796	30.2153767094	29.3939285786	10.189
6046	0	4	2	2153	134	24.0941961796	26.8653493732	26.0439012423	14.914
6047	0	4	1	415	25	13.2165914956	30.7426674595	30.2920716272	8
6047	0	4	2	1763	110	13.2165914956	31.237012376	30.7864165438	13.842
6048	0	4	1	795	49	24.8597005727	32.1339606358	31.2864140143	10.095
6048	0	4	2	2135	133	24.8597005727	30.0414915118	29.1939448904	12.567
6048	1	4	1	793	49	24.8597005727	33.2844424526	32.4368958311	6.662
6048	1	4	2	2134	133	24.8597005727	26.7157300487	25.8681834272	22.252
6049	0	4	1	422	26	8.49353045621	28.7891253009	28.4995537101	4.346
6049	0	4	2	1769	110	8.49353045621	27.692989844	27.4034182532	20
6050	0	4	1	234	14	19.0337957614	31.5500476535	30.9011247414	9.527
6050	0	4	2	1577	98	19.0337957614	30.8973430009	30.2484200887	12.819
6051	0	4	1	1003	62	9.6677861092	27.5974811798	27.2678754619	15.811
6051	0	4	2	2349	146	9.6677861092	27.8750702568	27.5454645389	16.897
6053	0	4	1	430	26	9.76517920344	30.3125761279	29.9796499682	17.622
6053	0	4	2	1776	111	9.76517920344	26.6196990273	26.2867728677	15.008
6054	0	4	1	976	61	18.890209613	28.0336286246	27.389601023	11.496
6054	0	4	2	2322	145	18.890209613	32.7531296439	32.1091020423	8.126
6055	0	4	1	429	26	13.7083208947	28.6264731412	28.1591126826	14.252
6055	0	4	2	1775	110	13.7083208947	31.3202602664	30.8528998078	11.653
6056	0	4	1	1048	65	16.9756653098	28.9987430132	28.419988344	9.811
6056	0	4	2	2399	149	16.9756653098	31.3987513729	30.8199967037	12.063
6056	1	4	1	1044	65	16.9756653098	27.1511742398	26.5724195706	16.252
6056	1	4	2	2401	150	16.9756653098	29.3683535266	28.7895988575	22.095
6057	0	4	1	1081	67	9.203979491	30.4879309275	30.1741378591	10.992
6057	0	4	2	2427	151	9.203979491	29.1561555444	28.842362476	13.118
6058	0	4	1	879	54	18.5295566035	31.4331216512	30.801389863	12
6058	0	4	2	2235	139	18.5295566035	29.5275235269	28.8957917387	6.189
6059	0	4	1	502	31	7.92653788764	30.9764494291	30.7062084265	21.968
6059	0	4	2	1850	115	7.92653788764	27.8932858081	27.6230448055	8.866
6060	0	4	1	310	19	13.2535819044	29.1723475379	28.7204905844	13.843
6060	0	4	2	1655	103	13.2535819044	29.3763966538	28.9245397003	19.622
6061	0	4	1	455	28	12.4318303991	27.8373913408	27.4135505217	17.181
6061	0	4	2	1800	112	12.4318303991	30.082476716	29.6586358969	14.662
6062	0	4	1	263	16	17.2383924223	35.2267266988	34.6390148229	14.551
6062	0	4	2	1606	100	17.2383924223	34.6850787588	34.0973668829	8.992
6063	0	4	1	1217	76	11.2192104195	29.0600330316	28.677534302	9.023
6063	0	4	2	2567	160	11.2192104195	29.5844363278	29.2019375982	7.024
6064	0	4	1	492	30	13.5313776469	28.5659341997	28.1046063018	13.716
6064	0	4	2	1838	114	13.5313776469	27.9447451289	27.4834172309	12.378
6065	0	4	1	1021	63	14.1401734129	31.1058930903	30.6238093995	8.252
6065	0	4	2	2366	147	14.1401734129	30.6694178955	30.1873342047	6.504
6066	0	4	1	999	62	11.8418552303	28.7463938355	28.3426671549	11.748
6066	0	4	2	2345	146	11.8418552303	28.2127843035	27.8090576229	8.157
6067	0	4	1	452	28	11.3372178193	31.2390513986	30.8525294197	16.724
6067	0	4	2	1798	112	11.3372178193	31.3349780951	30.9484561162	8.095
6068	0	4	1	296	18	19.038069572	30.0185171589	29.3694485389	11.811
6068	0	4	2	1641	102	19.038069572	29.2564258957	28.6073572757	6.063
6069	0	4	1	469	29	14.6502365717	35.4885486091	34.9890752356	4.567
6069	0	4	2	1816	113	14.6502365717	32.0091358855	31.5096625119	12.977
6070	0	4	1	306	19	20.7510733503	28.4555207003	27.7480503083	9.04
6070	0	4	2	1652	103	20.7510733503	28.8708019209	28.1633315288	14.63
6071	0	4	1	920	57	12.4278336155	32.5837343729	32.160029817	7.496
6071	0	4	2	2264	141	12.4278336155	34.8512905924	34.4275860364	10.347
6072	0	4	1	437	27	11.6588996556	28.7014334443	28.3039443038	5.748
6072	0	4	2	1783	111	11.6588996556	30.739363367	30.3418742265	5.874
6073	0	4	1	592	37	15.1291708959	28.1400396672	27.6242378923	18.882
6073	0	4	2	1943	121	15.1291708959	29.2334629284	28.7176611535	18.63
6074	0	4	1	519	32	11.0675178144	29.2120738585	28.8347468145	12.74
6074	0	4	2	1866	116	11.0675178144	30.0298125919	29.6524855479	13.496
6075	0	4	1	1213	75	5.76475657202	28.4598945082	28.2633555377	12.441
6075	0	4	2	2564	160	5.76475657202	29.9310049145	29.7344659441	4.252
6076	0	4	1	475	29	13.12679064	33.2460240057	32.7984897716	20.504
6076	0	4	2	1822	113	13.12679064	29.2064805837	28.7589463495	5.197
6077	0	4	1	1268	79	7.01058064516	28.376498552	28.1374854583	10.756
6077	0	4	2	2618	163	7.01058064516	27.3500748568	27.1110617632	6.819
6078	0	4	1	438	27	9.46951688559	28.6171520107	28.2943059242	12
6078	0	4	2	1784	111	9.46951688559	30.6511308044	30.3282847178	8.929
6079	0	4	1	570	35	9.55230334537	21.3509149406	21.0252463991	15.78
6079	0	4	2	1920	120	9.55230334537	26.6579016736	26.3322331321	7.842
6080	0	4	1	487	30	11.8731025169	26.2421850103	25.8373930099	18.725
6080	0	4	2	1832	114	11.8731025169	29.5174989937	29.1127069933	6.677
6081	0	4	1	1269	79	9.30284097309	28.6286208365	28.3114572643	8.599
6081	0	4	2	2612	163	9.30284097309	28.0147880953	27.6976245231	5.717
6082	0	4	1	1104	69	13.7015838851	33.4425745671	32.9754437947	7.338
6082	0	4	2	2456	153	13.7015838851	24.8632461236	24.3961153512	14.22
6083	0	4	1	1222	76	12.496773386	33.5411396668	33.1150847338	5.78
6083	0	4	2	2573	160	12.496773386	29.9852653419	29.5592104089	8.063
6084	0	4	1	1230	76	11.9421256021	39.5468722436	39.1397270257	6.063
6084	0	4	2	2582	161	11.9421256021	27.8731039856	27.4659587676	14.063
6085	0	4	1	793	49	25.4161486702	35.0680509494	34.2015332344	14.378
6085	0	4	2	2133	133	25.4161486702	28.4873404356	27.6208227206	26.126
6088	0	4	1	429	26	11.8036218736	32.7509301472	32.3485069639	12
6088	0	4	2	1775	110	11.8036218736	33.3770858153	32.974662632	13.685
6089	0	4	1	821	51	21.2521140584	30.2750243675	29.5504718969	5.622
6089	0	4	2	2164	135	21.2521140584	34.3489287796	33.6243763089	12.787
6090	0	4	1	490	30	11.8876482795	27.154776087	26.7494881751	17.906
6090	0	4	2	1837	114	11.8876482795	23.3481864054	22.9428984935	15.622
6091	0	4	1	1270	79	7.40285454123	30.267095298	30.014708334	16.898
6091	0	4	2	2619	163	7.40285454123	29.9992660158	29.7468790517	8.252
6092	0	4	1	587	36	9.21374796105	26.2235689664	25.9094428597	17.559
6092	0	4	2	1940	121	9.21374796105	25.6640624382	25.3499363315	7.685
6093	0	4	1	1004	62	11.8077989143	45.6742840215	45.2717184295	15.118
6093	0	4	2	2350	146	11.8077989143	46.9947402486	46.5921746567	4.945
6094	0	4	1	1012	63	12.762771652	29.4573964151	29.0222727513	17.134
6094	0	4	2	2357	147	12.762771652	31.6713042365	31.2361805727	15.464
6095	0	4	1	1071	66	10.8142239798	29.364828595	28.9961371471	12.331
6095	0	4	2	2418	151	10.8142239798	28.5906844362	28.2219929883	15.118
6096	0	4	1	569	35	8.32920566305	26.4244695732	26.1405003396	16.756
6096	0	4	2	1920	120	8.32920566305	31.0881471252	30.8041778916	10.63
6097	0	4	1	517	32	9.53898942861	28.972151148	28.6469365204	12
6097	0	4	2	1864	116	9.53898942861	27.6349711334	27.3097565059	6.992
6098	0	4	1	902	56	18.2783284817	29.7557347668	29.132568148	16.157
6098	0	4	2	2246	140	18.2783284817	31.9989529517	31.3757863329	11.811
6099	0	4	1	890	55	20.6569433917	36.3197913961	35.6155301952	11.086
6099	0	4	2	2231	139	20.6569433917	35.8039953559	35.0997341549	9.275
6100	0	4	1	811	50	22.894723702	33.1699378046	32.3893835229	6.63
6100	0	4	2	2152	134	22.894723702	30.8775043197	30.096950038	15.118
6101	0	4	1	159	9	19.7213212382	29.8904121295	29.2180492771	11.212
6101	0	4	2	1499	93	19.7213212382	28.7846829346	28.1123200822	22.031
6102	0	4	1	814	50	20.9516206572	30.335680246	29.6213725555	13.244
6102	0	4	2	2155	134	20.9516206572	30.9612428272	30.2469351367	13.78
6104	0	4	1	471	29	13.1354415633	27.2906338615	26.8428046897	10.756
6104	0	4	2	1817	113	13.1354415633	33.4290311812	32.9812020094	8.945
6105	0	4	1	252	15	26.5121673635	25.1664675455	24.2625830514	5.937
6105	0	4	2	1595	99	26.5121673635	26.5276920758	25.6238075817	6.709
6106	0	4	1	432	27	14.0212683722	33.7442532613	33.2662234233	14.63
6106	0	4	2	1779	111	14.0212683722	30.9820865445	30.5040567065	9.496
6107	0	4	1	819	51	21.1325228865	31.8733087163	31.1528334909	12.063
6107	0	4	2	2161	135	21.1325228865	32.8651573748	32.1446821493	14.598
6108	0	4	1	1062	66	15.9755631789	27.2094614045	26.6648034124	11.181
6108	0	4	2	2410	150	15.9755631789	27.7201483548	27.1754903627	13.59
6109	0	4	1	1021	63	10.6459091704	22.9401456098	22.5771925516	17.464
6109	0	4	2	2366	147	10.6459091704	30.3347537475	29.9718006893	7.339
6110	0	4	1	342	21	14.9384270872	31.8174246342	31.3081259252	8.851
6110	0	4	2	1684	105	14.9384270872	30.1223851047	29.6130863957	10.095
6111	0	4	1	1224	76	11.8551481996	27.9737458961	27.5695660158	9.874
6111	0	4	2	2573	160	11.8551481996	32.1021438842	31.6979640039	5.843
6112	0	4	1	1004	62	18.3813622145	30.9828908696	30.3562115016	11.055
6112	0	4	2	2351	146	18.3813622145	30.982835288	30.35615592	8.835
6113	0	4	1	994	62	21.4801873592	26.1322240705	25.3998958523	16.74
6113	0	4	2	2338	146	21.4801873592	24.8685840862	24.136255868	13.969
6114	0	4	1	549	34	7.11132223834	31.6207106236	31.3782629272	5.433
6114	0	4	2	1895	118	7.11132223834	32.2818241206	32.0393764242	13.937
6115	0	4	1	577	36	11.913390347	18.0960558807	17.6898903394	20.835
6115	0	4	2	1925	120	11.913390347	29.2977579011	28.8915923598	7.78
6116	0	4	1	289	18	12.4086278634	29.698099381	29.2750496104	12.787
6116	0	4	2	1632	102	12.4086278634	30.3004957475	29.877445977	12.725
6117	0	4	1	869	54	20.3883010957	35.0189164331	34.3238141063	17.937
6117	0	4	2	2211	138	20.3883010957	28.9506657441	28.2555634173	19.779
6118	0	4	1	935	58	17.6229261163	30.0720621598	29.4712403017	15.78
6118	0	4	2	2278	142	17.6229261163	31.8660565662	31.2652347081	4.283
6119	0	4	1	901	56	20.9564948342	16.105039036	15.3905651692	12.473
6119	0	4	2	2242	140	20.9564948342	18.3387177982	17.6242439315	5.653
6120	0	4	1	456	28	7.99971645037	33.8034074734	33.5306715798	11.166
6120	0	4	2	1801	112	7.99971645037	30.7055118374	30.4327759438	8.567
6121	0	4	1	877	54	20.2080856007	36.1719617156	35.4830035109	5.276
6121	0	4	2	2212	138	20.2080856007	35.8390869817	35.150128777	8.346
6122	0	4	1	438	27	4.06918543433	28.8797878717	28.7410563389	6.346
6122	0	4	2	1783	111	4.06918543433	26.5602342539	26.421502721	7.78
6123	0	4	1	1063	66	14.3371010943	32.6182358453	32.1294382607	11.118
6123	0	4	2	2410	150	14.3371010943	31.4899041117	31.0011065271	21.197
6124	0	4	1	529	33	11.7010169706	27.7801713246	27.3812462703	13.481
6124	0	4	2	1879	117	11.7010169706	28.0426284811	27.6437034268	6.567
6125	0	4	1	807	50	23.4695773121	35.056719962	34.2565670841	13.874
6125	0	4	2	2148	134	23.4695773121	29.9461783115	29.1460254336	12.347
6126	0	4	1	476	29	11.5287858725	32.5307314688	32.137678323	11.937
6126	0	4	2	1825	114	11.5287858725	28.6602104336	28.2671572877	12.063
6127	0	4	1	972	60	14.4465560222	25.3405988954	24.8480696426	12.126
6127	0	4	2	2317	144	14.4465560222	26.2221111971	25.7295819443	7.071
6129	0	4	1	814	50	22.4138414739	31.9209741076	31.1568146375	9.37
6129	0	4	2	2153	134	22.4138414739	30.9799665829	30.2158071128	13.213
6130	0	4	1	212	13	22.8779749266	31.1112099089	30.3312266466	8.536
6130	0	4	2	1555	97	22.8779749266	30.7997750613	30.0197917989	16.677
6131	0	4	1	539	33	14.1683757527	32.2318540078	31.7488088092	10.094
6131	0	4	2	1889	118	14.1683757527	28.0254751644	27.5424299658	15.622
6132	0	4	1	178	11	17.4207656595	29.4459049694	28.8519754072	6.882
6132	0	4	2	1518	94	17.4207656595	30.3929040133	29.7989744511	4.315
6133	0	4	1	262	16	16.4913163636	32.8930797775	32.3308381114	5.465
6133	0	4	2	1605	100	16.4913163636	32.849146139	32.2869044729	8.788
6134	0	4	1	329	20	13.3129539866	29.5700598394	29.116178702	10.693
6134	0	4	2	1674	104	13.3129539866	29.5044677865	29.0505866491	10.85
6136	0	4	1	1024	64	15.7573393456	26.4769834785	25.9397654341	8.693
6136	0	4	2	2371	148	15.7573393456	27.510145529	26.9729274846	6.803
6137	0	4	1	529	33	11.8970284698	28.156085125	27.7504774124	14.409
6137	0	4	2	1879	117	11.8970284698	27.666238289	27.2606305764	6.85
6138	0	4	1	455	28	11.1623814062	26.8505884571	26.4700272102	12.598
6138	0	4	2	1801	112	11.1623814062	28.6556322	28.2750709531	10.598
6139	0	4	1	562	35	13.9625804163	31.384987182	30.908958204	10.992
6139	0	4	2	1912	119	13.9625804163	34.0256880421	33.549659064	12.756
6140	0	4	1	1253	78	11.7405567369	26.8718799243	26.471606833	11.464
6140	0	4	2	2602	162	11.7405567369	28.4102332238	28.0099601325	17.37
6141	0	4	1	165	10	21.4063236268	26.7604883239	26.0306783564	15.748
6141	0	4	2	1508	94	21.4063236268	26.6517164997	25.9219065322	18.031
6142	0	4	1	415	25	11.7362416291	31.4291247574	31.0289987819	5.622
6142	0	4	2	1763	110	11.7362416291	31.7418129447	31.3416869692	14.362
6143	0	4	1	1004	62	18.5581234459	31.5895762618	30.9568705387	11.023
6143	0	4	2	2351	146	18.5581234459	30.7540669226	30.1213611995	8.456
6144	0	4	1	998	62	17.8446751098	27.4745228289	26.8661408391	10.41
6144	0	4	2	2343	146	17.8446751098	31.0667061101	30.4583241203	9.811
6145	0	4	1	840	52	25.0050343544	32.1975165739	31.3450150595	9.465
6145	0	4	2	2183	136	25.0050343544	24.9385076971	24.0860061827	10.708
6146	0	4	1	82	5	21.8782363659	34.0883784181	33.3424794375	12.063
6146	0	4	2	1425	89	21.8782363659	34.5193605037	33.7734615231	13.26
6147	0	4	1	78	4	19.0776998696	27.6669866395	27.016566896	9.59
6147	0	4	2	1418	88	19.0776998696	29.0772212108	28.4268014673	17.008
6148	0	4	1	1248	78	10.2518147679	28.6217923805	28.2722752596	10.866
6148	0	4	2	2597	162	10.2518147679	28.2316407051	27.8821235842	7.622
6149	0	4	1	444	27	8.96190098389	25.9820314761	25.6764916375	8
6149	0	4	2	1791	111	8.96190098389	26.0455687005	25.7400288619	13.559
6150	0	4	1	477	29	12.5412408128	30.6629214616	30.2353504919	12.819
6150	0	4	2	1825	114	12.5412408128	27.1225478792	26.6949769095	4.803
6151	0	4	1	1006	62	12.5201283503	33.2602571241	32.8334059457	11.685
6151	0	4	2	2351	146	12.5201283503	31.9165150955	31.4896639171	4.992
6152	0	4	1	973	60	15.8528891632	32.783919714	32.2434440711	5.055
6152	0	4	2	2317	144	15.8528891632	29.8722412132	29.3317655702	4.473
6153	0	4	1	113	7	23.940774956	34.144834184	33.3286166728	4.441
6153	0	4	2	1453	90	23.940774956	29.4229221399	28.6067046288	14.897
6154	0	4	1	1047	65	14.4518247188	30.2098262441	29.7171173646	16.52
6154	0	4	2	2401	150	14.4518247188	34.9988111495	34.50610227	4.22
6155	0	4	1	917	57	21.5412502353	30.0625246673	29.3281146206	21.811
6155	0	4	2	2261	141	21.5412502353	30.294771971	29.5603619243	11.228
6156	0	4	1	968	60	19.6103630854	29.0858865878	28.4173066533	13.527
6156	0	4	2	2312	144	19.6103630854	29.8605823303	29.1920023959	7.969
6157	0	4	1	477	29	12.2294255936	29.3393551645	28.9224149719	11.748
6157	0	4	2	1825	114	12.2294255936	28.7189191999	28.3019790073	13.307
6158	0	4	1	839	52	25.9867515935	25.0953534315	24.2093820398	9.874
6158	0	4	2	2166	135	25.9867515935	24.9800932344	24.0941218426	15.402
6159	0	4	1	1006	62	24.0555464251	34.8669722573	34.04684182	11.638
6159	0	4	2	2351	146	24.0555464251	36.9172793816	36.0971489444	7.905
6160	0	4	1	438	27	11.0247571544	25.9520605202	25.5761913237	4.819
6160	0	4	2	1784	111	11.0247571544	29.0372861802	28.6614169837	7.842
6161	0	4	1	341	21	15.0983693767	28.422030421	27.9072787683	13.307
6161	0	4	2	1685	105	15.0983693767	28.3629354157	27.8481837631	15.496
6162	0	4	1	453	28	7.87056063702	32.5030054845	32.2346729253	6.032
6162	0	4	2	1798	112	7.87056063702	30.1570259426	29.8886933833	5.653
6163	0	4	1	598	37	8.64906148884	29.7705430597	29.475668919	9.842
6163	0	4	2	1947	121	8.64906148884	29.1089264273	28.8140522866	12.252
6164	0	4	1	1041	65	8.53059478963	32.0070637342	31.7162285018	6.756
6164	0	4	2	2394	149	8.53059478963	33.9960280265	33.7051927941	9.906
6165	0	4	1	429	26	14.8757488586	30.0148332432	29.5076714353	18.22
6165	0	4	2	1775	110	14.8757488586	32.5646755356	32.0575137277	14.473
6166	0	4	1	489	30	12.9455769118	28.7237188751	28.282362796	18.677
6166	0	4	2	1833	114	12.9455769118	30.9821726573	30.5408165781	12.031
6167	0	4	1	221	13	19.3377745168	37.1860128615	36.5267263424	6.535
6167	0	4	2	1563	97	19.3377745168	36.3134102817	35.6541237625	4.472
6168	0	4	1	106	6	22.4291721607	31.6650848055	30.9004026634	16.189
6168	0	4	2	1448	90	22.4291721607	31.2598500903	30.4951679482	21.307
6168	1	4	1	100	6	22.4291721607	35.0773245826	34.3126424405	20.157
6168	1	4	2	1447	90	22.4291721607	31.8104440582	31.045761916	11.842
6169	0	4	1	446	27	8.82987234341	27.991135517	27.6900969566	4.787
6169	0	4	2	1792	112	8.82987234341	28.2984110966	27.9973725362	7.213
6170	0	4	1	494	30	13.1448473761	29.9001807904	29.4520309444	6.882
6170	0	4	2	1840	115	13.1448473761	31.116948635	30.668798789	9.102
6171	0	4	1	1031	64	16.2635959831	26.7654252827	26.210947332	8
6171	0	4	2	2375	148	16.2635959831	39.3457736516	38.7912957009	7.937
6172	0	4	1	120	7	24.9939179343	30.4386939971	29.5865714769	9.149
6172	0	4	2	1460	91	24.9939179343	36.3722477411	35.5201252209	11.559
6174	0	4	1	201	12	21.4773942657	27.4611544136	26.7289214209	11.055
6174	0	4	2	1543	96	21.4773942657	31.7317268111	30.9994938184	10.96
6175	0	4	1	478	29	9.81895454545	30.4430307136	30.1082711807	16.095
6175	0	4	2	1826	114	9.81895454545	30.7883868452	30.4536273123	6.094
6176	0	4	1	1040	65	14.6847326596	32.9865009141	32.4858514587	11.937
6176	0	4	2	2393	149	14.6847326596	30.5668768828	30.0662274274	5.433
6177	0	4	1	793	49	29.651153461	34.8600214866	33.8491189271	9.811
6177	0	4	2	2133	133	29.651153461	29.037154003	28.0262514435	14.819
6178	0	4	1	274	17	20.702921893	35.12212722	34.416298465	9.181
6178	0	4	2	1616	101	20.702921893	31.6878765513	30.9820477964	11.024
6179	0	4	1	470	29	10.4677159628	26.1853580331	25.8284801506	9.48
6179	0	4	2	1817	113	10.4677159628	31.2903064644	30.933428582	5.968
6180	0	4	1	1064	66	13.2218094097	26.7501889016	26.299415174	8.473
6180	0	4	2	2410	150	13.2218094097	26.248448551	25.7976748233	16.473
6181	0	4	1	1012	63	17.9481103926	29.1623867802	28.5504783511	11.622
6181	0	4	2	2356	147	17.9481103926	30.0113662314	29.3994578023	17.213
6181	1	4	1	1010	63	17.9481103926	26.860287205	26.2483787759	4.41
6181	1	4	2	2354	147	17.9481103926	29.9723364217	29.3604279926	11.748
6182	0	4	1	429	26	9.44913301555	27.3023936355	26.9802425001	11.023
6182	0	4	2	1776	111	9.44913301555	27.9231695838	27.6010184484	7.78
6183	0	4	1	474	29	10.260372634	30.9127848395	30.5629759536	5.874
6183	0	4	2	1832	114	10.260372634	30.5872729923	30.2374641065	16.63
6184	0	4	1	216	13	19.8586352518	26.8936613782	26.2166170524	5.433
6184	0	4	2	1560	97	19.8586352518	28.9001883793	28.2231440534	18.252
6185	0	4	1	600	37	7.87456009833	25.4789499427	25.210481029	11.874
6185	0	4	2	1950	121	7.87456009833	27.7383343868	27.4698654731	5.402
6187	0	4	1	438	27	11.7645533852	32.3680204223	31.9669292086	6.819
6187	0	4	2	1784	111	11.7645533852	33.9693314645	33.5682402508	8.41
6188	0	4	1	809	50	25.87898943	30.9339026905	30.0516052552	14.221
6188	0	4	2	2150	134	25.87898943	34.3304648125	33.4481673772	10.425
6189	0	4	1	413	25	9.89624110876	32.6068894091	32.2694949303	9.323
6189	0	4	2	1760	110	9.89624110876	30.0779120022	29.7405175235	18.189
6190	0	4	1	987	61	15.9430575043	30.5828495198	30.03929975	8
6190	0	4	2	2330	145	15.9430575043	36.1929150282	35.6493652584	11.843
6191	0	4	1	930	58	21.4283431233	31.5509603596	30.8203996771	12.992
6191	0	4	2	2272	142	21.4283431233	29.8421545322	29.1115938497	10.126
6192	0	4	1	1021	63	14.7966142616	28.1722254284	27.6677615718	14.693
6192	0	4	2	2366	147	14.7966142616	30.9390761535	30.4346122968	9.811
6193	0	4	1	421	26	10.1399221228	26.5474542566	26.2017519134	6.221
6193	0	4	2	1768	110	10.1399221228	26.4656621552	26.1199598121	16.599
6194	0	4	1	529	33	8.67825265024	27.3350320431	27.0391626824	14.441
6194	0	4	2	1876	117	8.67825265024	30.3959483494	30.1000789888	6.252
6195	0	4	1	520	32	7.69200436588	30.73309578	30.4708507746	7.528
6195	0	4	2	1866	116	7.69200436588	30.1259317607	29.8636867552	10.094
6196	0	4	1	485	30	9.34723033954	28.1077770171	27.7891000696	15.197
6196	0	4	2	1830	114	9.34723033954	29.1243531093	28.8056761618	10.535
6197	0	4	1	506	31	9.2329046803	28.3453346182	28.0305553977	5.496
6197	0	4	2	1858	116	9.2329046803	31.1503629096	30.8355836891	11.653
6198	0	4	1	444	27	12.3785770099	24.3798089997	23.9577837588	10.063
6198	0	4	2	1790	111	12.3785770099	23.7519298041	23.3299045632	11.559
6198	1	4	1	438	27	12.3785770099	28.2368278	27.8148025591	9.071
6198	1	4	2	1791	111	12.3785770099	24.3616799039	23.939654663	14.599
6199	0	4	1	1092	68	14.0441379634	31.7433975506	31.2645880152	10.362
6199	0	4	2	2440	152	14.0441379634	34.203246214	33.7244366785	7.181
6200	0	4	1	1074	67	16.5956724223	28.116820573	27.5510210755	4.158
6200	0	4	2	2420	151	16.5956724223	27.9510500524	27.3852505549	13.779
6201	0	4	1	470	29	9.71335142989	30.8034262336	30.4722670484	12.929
6201	0	4	2	1817	113	9.71335142989	28.5933529579	28.2621937726	11.448
6202	0	4	1	1288	80	8.16670449496	29.1342311368	28.8558020872	11.181
6202	0	4	2	2637	164	8.16670449496	29.678629661	29.4002006114	8.126
6203	0	4	1	456	28	7.6689915176	31.1351685881	30.8737081641	5.37
6203	0	4	2	1801	112	7.6689915176	30.3651648089	30.103704385	11.779
6204	0	4	1	334	20	18.8692125173	29.1251610897	28.4818493461	8.283
6204	0	4	2	1678	104	18.8692125173	28.8919378958	28.2486261522	5.779
6205	0	4	1	888	55	17.1897506547	32.332436978	31.7463834554	17.716
6205	0	4	2	2229	139	17.1897506547	31.3647044338	30.7786509112	4.252
6206	0	4	1	894	55	19.0319933978	30.0910366566	29.4421751928	13.039
6206	0	4	2	2236	139	19.0319933978	30.4320594726	29.7831980088	9.717
6207	0	4	1	470	29	12.8348382159	24.427347428	23.9897667848	14.252
6207	0	4	2	1816	113	12.8348382159	28.2166799474	27.7790993042	4.189
6208	0	4	1	258	16	18.9914919731	32.3938438753	31.7463632345	9.181
6208	0	4	2	1600	100	18.9914919731	29.6751077506	29.0276271097	10.409
6209	0	4	1	737	46	19.0372401044	32.1027129406	31.4536725998	9.433
6209	0	4	2	2078	129	19.0372401044	33.4242408322	32.7752004914	11.055
6210	0	4	1	808	50	23.0679121846	33.0828661422	32.2964073118	6.834
6210	0	4	2	2150	134	23.0679121846	33.183457105	32.3969982746	12.646
6211	0	4	1	929	58	9.24588401374	35.7849492526	35.4697275251	14.535
6211	0	4	2	2272	142	9.24588401374	33.7578825881	33.4426608606	9.685
6212	0	4	1	108	6	21.469864043	31.2994776037	30.5675013404	29.37
6212	0	4	2	1451	90	21.469864043	30.4355529938	29.7035767304	10.929
6213	0	4	1	1221	76	8.30172443325	28.9478998953	28.6648675846	12.803
6213	0	4	2	2572	160	8.30172443325	27.1113628535	26.8283305428	20.693
6214	0	4	1	1022	63	20.1061971449	31.9445966667	31.2591121649	14.473
6214	0	4	2	2368	148	20.1061971449	27.9369470728	27.251462571	20.252
6215	0	4	1	889	55	18.1302184199	32.8683803362	32.2502632626	8.031
6215	0	4	2	2230	139	18.1302184199	30.4182248514	29.8001077778	10.882
6217	0	4	1	438	27	13.6965243301	30.3734178982	29.9064596222	12
6217	0	4	2	1784	111	13.6965243301	29.8472995278	29.3803412518	8.063
6218	0	4	1	542	33	9.47225678296	35.4417781397	35.1188386413	16.819
6218	0	4	2	1891	118	9.47225678296	27.7994843779	27.4765448795	16.126
6219	0	4	1	375	23	13.529967547	29.609962736	29.1486829129	9.905
6219	0	4	2	1720	107	13.529967547	32.0263178722	31.5650380491	5.654
6220	0	4	1	168	10	20.8581551206	27.2869289873	26.5758078356	8.992
6220	0	4	2	1511	94	20.8581551206	27.3546856967	26.643564545	17.528
6221	0	4	1	1032	64	13.5281980356	34.8794257738	34.418206279	13.811
6221	0	4	2	2376	148	13.5281980356	38.9617602499	38.5005407551	8.693
6222	0	4	1	524	32	12.5276836474	28.8003380598	28.3732292972	5.622
6222	0	4	2	1872	117	12.5276836474	30.0955636977	29.6684549351	4.473
6223	0	4	1	989	61	13.5826786398	35.2838481751	34.8207712624	6.788
6223	0	4	2	2333	145	13.5826786398	34.85860139	34.3955244773	10.914
6224	0	4	1	1226	76	7.72971131236	28.9416985743	28.6781680185	6.819
6224	0	4	2	2578	161	7.72971131236	27.306040245	27.0425096892	5.496
6225	0	4	1	428	26	15.9505608879	25.219825412	24.6760198278	21.055
6225	0	4	2	1775	110	15.9505608879	26.5623720009	26.0185664168	16.031
6226	0	4	1	162	10	19.3882006541	31.7567298575	31.0957241501	9.779
6226	0	4	2	1504	94	19.3882006541	31.3080518313	30.647046124	15.969
6227	0	4	1	514	32	12.8106883741	25.3652753031	24.9285180052	13.969
6227	0	4	2	1857	116	12.8106883741	29.2145271261	28.7777698281	5.622
6228	0	4	1	265	16	15.5535658193	37.617275462	37.0870047082	23.039
6228	0	4	2	1609	100	15.5535658193	33.328110687	32.7978399332	4.189
6229	0	4	1	431	26	8.8212012837	26.9200329209	26.6192899847	11.622
6229	0	4	2	1777	111	8.8212012837	26.4492505624	26.1485076261	12.221
6230	0	4	1	795	49	25.5649986583	31.3342759311	30.4626834444	16.441
6230	0	4	2	2134	133	25.5649986583	32.1434904275	31.2718979408	5.055
6231	0	4	1	470	29	10.2455014295	28.7687025312	28.4194006522	10.598
6231	0	4	2	1817	113	10.2455014295	30.9058506498	30.5565487707	16.614
6232	0	4	1	976	61	18.1113369136	27.4023608903	26.7848875476	12.819
6232	0	4	2	2318	144	18.1113369136	28.3984164233	27.7809430806	7.748
6233	0	4	1	266	16	16.0855226513	30.0385431149	29.490136253	6.725
6233	0	4	2	1610	100	16.0855226513	30.0700393275	29.5216324656	13.291
6234	0	4	1	456	28	12.5812860726	29.079693071	28.6507568305	4.536
6234	0	4	2	1801	112	12.5812860726	26.5009895202	26.0720532797	18.567
6235	0	4	1	774	48	21.3129248805	31.1891174388	30.462491733	10.803
6235	0	4	2	2116	132	21.3129248805	35.4516308121	34.7250051063	17.78
6236	0	4	1	1254	78	10.2250554493	27.0737904257	26.7251856155	10.252
6236	0	4	2	2601	162	10.2250554493	32.1394173223	31.7908125121	16.708
6237	0	4	1	417	26	10.7087889908	39.6306787239	39.2655818917	8.031
6237	0	4	2	1773	110	10.7087889908	31.3380343728	30.9729375405	14.866
6238	0	4	1	439	27	10.2708053691	28.5505199436	28.2003553724	5.716
6238	0	4	2	1785	111	10.2708053691	28.921266493	28.5711019219	12.472
6239	0	4	1	488	30	12.5957115615	27.6320881417	27.2026600901	19.969
6239	0	4	2	1833	114	12.5957115615	31.5511365548	31.1217085032	11.717
6240	0	4	1	1062	66	15.0373975505	31.5768410339	31.0641681056	5.307
6240	0	4	2	2411	150	15.0373975505	30.0209592897	29.5082863614	13.591
6241	0	4	1	1098	68	9.84584478486	31.8101942134	31.4745179063	16.032
6241	0	4	2	2446	152	9.84584478486	30.4192035775	30.0835272705	4.677
6242	0	4	1	159	9	16.354833503	29.0885883202	28.5309997909	15.811
6242	0	4	2	1499	93	16.354833503	30.5672697614	30.0096812322	22.882
6243	0	4	1	330	20	12.9630471445	31.3166838958	30.8747322006	5.779
6243	0	4	2	1674	104	12.9630471445	31.7923349899	31.3503832946	10.063
6244	0	4	1	1222	76	14.8142060735	34.2568096813	33.7517460636	7.811
6244	0	4	2	2572	160	14.8142060735	31.7651643502	31.2601007324	10.599
6245	0	4	1	587	36	8.77010836962	27.4435698355	27.1445688199	19.464
6245	0	4	2	1938	121	8.77010836962	28.4111849638	28.1121839482	6.441
6246	0	4	1	1033	64	14.9740892182	36.2655956694	35.7550811244	10.536
6246	0	4	2	2378	148	14.9740892182	29.3982468378	28.8877322928	5.874
6247	0	4	1	488	30	8.87148638216	27.3367853347	27.0343280187	15.023
6247	0	4	2	1833	114	8.87148638216	27.8944569588	27.5919996428	11.496
6248	0	4	1	918	57	16.9547754655	29.5962604449	29.0182179772	5.968
6248	0	4	2	2265	141	16.9547754655	27.9247293464	27.3466868788	6.315
6249	0	4	1	270	16	16.5797799691	28.496428225	27.931170552	20.913
6249	0	4	2	1612	100	16.5797799691	30.0308983981	29.4656407251	6.913
6250	0	4	1	599	37	9.75417668703	30.2296734461	29.8971223974	10.945
6250	0	4	2	1948	121	9.75417668703	26.2222847604	25.8897337116	14.063
6251	0	4	1	909	56	16.6110425131	30.9187817286	30.3524582156	7.134
6251	0	4	2	2250	140	16.6110425131	32.1286093993	31.5622858863	11.055
6252	0	4	1	431	26	12.2373578022	28.3102526612	27.8930420343	11.622
6252	0	4	2	1779	111	12.2373578022	28.5766355045	28.1594248776	11.181
6253	0	4	1	551	34	4.58943117217	28.5902322533	28.433763881	13.244
6253	0	4	2	1898	118	4.58943117217	28.6009080908	28.4444397185	5.212
6254	0	4	1	792	49	26.0392069688	34.190093874	33.3023341109	4.598
6254	0	4	2	2132	133	26.0392069688	31.7640715173	30.8763117542	18.031
6255	0	4	1	209	13	20.4650113648	37.3827200443	36.6850024193	12.031
6255	0	4	2	1552	97	20.4650113648	35.3751213565	34.6774037315	6.708
6256	0	4	1	996	62	18.7691597308	31.3437553633	30.703854739	7.811
6256	0	4	2	2342	146	18.7691597308	32.2920790565	31.6521784322	6.929
6258	0	4	1	456	28	7.04386873097	31.3581415217	31.1179935309	8.866
6258	0	4	2	1803	112	7.04386873097	28.9746685939	28.7345206031	11.292
6259	0	4	1	119	7	22.4656734423	33.3014824814	32.535555894	8.599
6259	0	4	2	1458	91	22.4656734423	37.2140212655	36.448094678	13.149
6260	0	4	1	504	31	7.32265650289	32.5786391034	32.3289863467	11.087
6260	0	4	2	1850	115	7.32265650289	28.4983929527	28.248740196	8.283
6261	0	4	1	961	60	20.1127463336	15.1809553379	14.4952475534	6.094
6261	0	4	2	2302	143	20.1127463336	12.5975774768	11.9118696923	6
6262	0	4	1	110	6	21.4993794022	33.3500228388	32.6170403026	5.874
6262	0	4	2	1450	90	21.4993794022	32.6721488643	31.939166328	12.992
6263	0	4	1	935	58	18.9278958429	29.6257368925	28.9804244469	17.748
6263	0	4	2	2278	142	18.9278958429	32.4174404334	31.7721279878	7.26
6264	0	4	1	488	30	7.55989088391	29.6461637153	29.3884228805	16.756
6264	0	4	2	1834	114	7.55989088391	31.3122412315	31.0545003967	10.772
6265	0	4	1	277	17	10.440301415	30.3836730625	30.0277298296	9.338
6265	0	4	2	1621	101	10.440301415	30.6668916656	30.3109484327	17.26
6266	0	4	1	260	16	22.6349597271	36.5176048573	35.7459067595	8.662
6266	0	4	2	1602	100	22.6349597271	28.7604889857	27.9887908879	10.756
6267	0	4	1	760	47	22.4349642068	36.7359154631	35.9710358516	6.567
6267	0	4	2	2100	131	22.4349642068	32.5191482731	31.7542686616	4.693
6268	0	4	1	1003	62	11.837376412	30.7336881774	30.330114194	11.528
6268	0	4	2	2350	146	11.837376412	30.744822414	30.3412484307	7.339
6269	0	4	1	802	50	22.1814479284	18.9735297561	18.2172933245	8.914
6269	0	4	2	2154	134	22.1814479284	30.6603043865	29.904067955	15.685
6270	0	4	1	879	54	20.726870339	31.8959876136	31.1893423796	15.874
6270	0	4	2	2220	138	20.726870339	38.3422404156	37.6355951816	7.591
6271	0	4	1	431	26	11.4276534508	33.5597674104	33.1701621919	14.803
6271	0	4	2	1777	111	11.4276534508	31.6009575911	31.2113523726	8.315
6272	0	4	1	525	32	12.7245977531	28.9498702957	28.5160481021	6.882
6272	0	4	2	1872	117	12.7245977531	31.0767049546	30.642882761	7.779
6273	0	4	1	1060	66	13.311044003	26.3706452381	25.916829218	10.756
6273	0	4	2	2406	150	13.311044003	27.9571688439	27.5033528238	21.37
6274	0	4	1	765	47	28.3475131803	33.5261209361	32.559663639	13.244
6274	0	4	2	2106	131	28.3475131803	30.788961268	29.8225039709	7.874
6275	0	4	1	429	26	9.71673071681	27.7138927909	27.382618395	14.095
6275	0	4	2	1776	111	9.71673071681	30.7121817361	30.3809073401	9.37
6276	0	4	1	438	27	10.0484603661	29.5749324554	29.2323483358	8.063
6276	0	4	2	1784	111	10.0484603661	29.2198705547	28.8772864351	7.559
6278	0	4	1	292	18	13.0722061971	27.9988374888	27.5531642127	6.031
6278	0	4	2	1635	102	13.0722061971	25.8699635555	25.4242902794	12.519
6279	0	4	1	456	28	10.0181842492	28.5357828806	28.1942309705	6.315
6279	0	4	2	1801	112	10.0181842492	27.8099941058	27.4684421958	15.165
6280	0	4	1	347	21	11.7940584914	31.5209945861	31.1188974491	11.874
6280	0	4	2	1690	105	11.7940584914	29.4878133525	29.0857162155	15.401
6281	0	4	1	201	12	24.0880240229	26.5793873593	25.758149657	7.433
6281	0	4	2	1542	96	24.0880240229	32.5263911008	31.7051533985	12.819
6282	0	4	1	1000	62	13.7420377699	31.124414503	30.6559045284	14.898
6282	0	4	2	2345	146	13.7420377699	31.2281740342	30.7596640596	10.756
6283	0	4	1	429	26	13.9301807849	28.819544658	28.3446202869	15.229
6283	0	4	2	1775	110	13.9301807849	31.0395957628	30.5646713917	11.464
6284	0	4	1	975	60	15.9029659232	29.6932409613	29.1510580416	4.897
6284	0	4	2	2319	144	15.9029659232	28.8182030741	28.2760201543	10.094
6285	0	4	1	1246	77	10.1063492267	27.17751451	26.8329567742	6.519
6285	0	4	2	2594	162	10.1063492267	25.8897308337	25.5451730979	4.787
6286	0	4	1	485	30	13.2232839771	27.8800865008	27.4292625005	17.244
6286	0	4	2	1829	114	13.2232839771	29.2967838024	28.8459598021	10.976
6287	0	4	1	551	34	9.74467169289	28.7652528723	28.4330258792	10.158
6287	0	4	2	1899	118	9.74467169289	28.3469563372	28.0147293441	9.748
6288	0	4	1	491	30	13.2500770408	26.8792402004	26.4275027389	11.937
6288	0	4	2	1837	114	13.2500770408	30.2897246738	29.8379872123	6.409
6289	0	4	1	428	26	10.937110336	31.1152511016	30.7423700652	14.394
6289	0	4	2	1775	110	10.937110336	29.6879454696	29.3150644332	6.441
6290	0	4	1	476	29	10.9337493892	28.8464961859	28.4737297349	13.622
6290	0	4	2	1825	114	10.9337493892	28.6829073118	28.3101408608	8.803
6291	0	4	1	567	35	6.09356659983	32.0073342181	31.7995850633	11.874
6291	0	4	2	1915	119	6.09356659983	34.9419393791	34.7341902242	7.811
6292	0	4	1	1002	62	20.6248861046	27.2205568962	26.5173886306	13.654
6292	0	4	2	2347	146	20.6248861046	27.9536887224	27.2505204567	7.811
6293	0	4	1	1218	76	10.7478853518	29.6651705873	29.2987408353	7.559
6293	0	4	2	2567	160	10.7478853518	32.0505410572	31.6841113051	6.22
6294	0	4	1	197	12	14.8530718101	29.9591908559	29.452802181	16.032
6294	0	4	2	1541	96	14.8530718101	30.1829152013	29.6765265264	10.63
6296	0	4	1	1095	68	13.2339985488	31.7647261191	31.3135368248	11.591
6296	0	4	2	2442	152	13.2339985488	33.0371431383	32.585953844	9.15
6297	0	4	1	119	7	20.4849717211	33.7120426146	33.0136444774	11.874
6297	0	4	2	1458	91	20.4849717211	37.7782887262	37.0798905889	11.905
6298	0	4	1	1031	64	13.4756350818	21.7068684008	21.247440945	17.118
6298	0	4	2	2375	148	13.4756350818	32.4604960045	32.0010685487	14.063
6299	0	4	1	1221	76	11.9055533095	26.580643856	26.1747455044	6.362
6299	0	4	2	2572	160	11.9055533095	30.0131259582	29.6072276066	9.291
6300	0	4	1	917	57	18.7483275855	26.8307232843	26.1915328944	16.441
6300	0	4	2	2255	140	18.7483275855	28.3494858418	27.7102954518	10.945
6301	0	4	1	157	9	21.3222646748	26.6147586572	25.8878145279	11.244
6301	0	4	2	1496	93	21.3222646748	26.0690604046	25.3421162753	23.874
6302	0	4	1	740	46	20.4633645466	27.8562285739	27.1585670943	19.26
6302	0	4	2	2079	129	20.4633645466	31.9510481188	31.2533866392	9.15
6303	0	4	1	485	30	11.0412971732	26.8391877614	26.4627546628	14.252
6303	0	4	2	1831	114	11.0412971732	29.4710189472	29.0945858487	10.567
6304	0	4	1	1026	64	10.8242505478	31.0794394295	30.7104061439	16.866
6304	0	4	2	2372	148	10.8242505478	29.1781530455	28.8091197599	18.504
6304	1	4	1	1029	64	10.8242505478	24.906889452	24.5378561664	20.992
6304	1	4	2	2371	148	10.8242505478	27.6482868959	27.2792536103	14.614
6305	0	4	1	471	29	10.3302059087	25.3758646051	25.0236748798	9.465
6305	0	4	2	1818	113	10.3302059087	28.6383042075	28.2861144821	11.464
6306	0	4	1	567	35	10.8072558606	34.4621542447	34.0937003622	12.582
6306	0	4	2	1914	119	10.8072558606	29.3252111997	28.9567573173	5.307
6307	0	4	1	562	35	9.75891127509	28.7233956062	28.3906831402	11.654
6307	0	4	2	1910	119	9.75891127509	29.3195470073	28.9868345413	10.803
6308	0	4	1	367	22	14.7656776832	30.8415620509	30.338152921	13.811
6308	0	4	2	1712	107	14.7656776832	30.1793172516	29.6759081218	9.937
6309	0	4	1	252	15	14.4172726319	28.781659819	28.2901289305	14.504
6309	0	4	2	1594	99	14.4172726319	29.8946788918	29.4031480034	13.37
6310	0	4	1	807	50	23.3033492779	31.5531025251	30.7586168919	12.473
6310	0	4	2	2149	134	23.3033492779	35.5210016045	34.7265159713	14.189
6311	0	4	1	567	35	9.66308061303	32.6896178618	32.3601725693	8.661
6311	0	4	2	1917	119	9.66308061303	35.7593590224	35.4299137299	7.181
6312	0	4	1	973	60	16.5511902212	33.1432946428	32.5790116856	17.338
6312	0	4	2	2314	144	16.5511902212	32.9081131604	32.3438302032	17.527
6313	0	4	1	343	21	16.8863728953	28.9544378464	28.3787274409	13.118
6313	0	4	2	1687	105	16.8863728953	29.9317803432	29.3560699378	16.094
6314	0	4	1	814	50	22.3967781273	33.118315923	32.3547381969	7.244
6314	0	4	2	2153	134	22.3967781273	35.0097064586	34.2461287325	8.599
6315	0	4	1	374	23	14.7669293596	24.7255811441	24.2221293406	8.756
6315	0	4	2	1720	107	14.7669293596	23.1919293942	22.6884775907	15.37
6316	0	4	1	1211	75	12.6233445532	28.0441245993	27.6137544508	8.977
6316	0	4	2	2561	160	12.6233445532	28.9971426349	28.5667724863	7.905
6317	0	4	1	488	30	13.0132371849	29.6111015679	29.1674387338	13.402
6317	0	4	2	1832	114	13.0132371849	30.0427311593	29.5990683252	9.291
6318	0	4	1	519	32	11.9546491248	30.797770208	30.3901980232	13.197
6318	0	4	2	1865	116	11.9546491248	31.602553622	31.1949814372	11.339
6319	0	4	1	523	32	9.96343077553	32.2142043685	31.8745191793	7.307
6319	0	4	2	1872	117	9.96343077553	31.0158053423	30.6761201531	8.284
6320	0	4	1	298	18	15.173345652	31.6733268587	31.1560190253	12.961
6320	0	4	2	1643	102	15.173345652	28.3946633738	27.8773555403	14.961
6320	1	4	1	299	18	15.173345652	32.0278780703	31.5105702369	9.401
6320	1	4	2	1652	103	15.173345652	29.5737535567	29.0564457233	14.158
6321	0	4	1	804	50	26.1711715683	34.5625023878	33.6702435299	6.504
6321	0	4	2	2151	134	26.1711715683	33.9798361308	33.0875772728	14
6322	0	4	1	887	55	19.8338648684	29.9947851973	29.318585373	20.284
6322	0	4	2	2229	139	19.8338648684	30.0804560708	29.4042562464	7.606
6323	0	4	1	186	11	15.1741561271	28.0064026489	27.4890671838	21.842
6323	0	4	2	1528	95	15.1741561271	32.1706216257	31.6532861606	13.905
6324	0	4	1	803	50	24.0143104956	22.8969604091	22.0782358365	13.401
6324	0	4	2	2145	134	24.0143104956	35.1751896588	34.3564650861	6.851
6327	0	4	1	486	30	14.4551271092	29.9399609925	29.4471395239	11.717
6327	0	4	2	1830	114	14.4551271092	32.7387172312	32.2458957626	12.158
6328	0	4	1	954	59	14.0076396024	32.3711744389	31.8936092492	12.284
6328	0	4	2	2295	143	14.0076396024	31.2491560202	30.7715908305	9.149
6329	0	4	1	118	7	21.5278346984	31.1522033626	30.4182506944	11.181
6329	0	4	2	1458	91	21.5278346984	32.6674567299	31.9335040617	12.693
6330	0	4	1	835	52	22.1295606377	25.802670171	25.048202743	17.528
6330	0	4	2	2176	136	22.1295606377	24.0333593238	23.2788918958	14.567
6331	0	4	1	1254	78	13.865231525	26.4121332915	25.9394232482	11.748
6331	0	4	2	2598	162	13.865231525	27.5214539433	27.0487438999	4.063
6332	0	4	1	1002	62	13.2644741678	32.8139628712	32.3617345656	6.126
6332	0	4	2	2347	146	13.2644741678	29.1731145393	28.7208862338	11.716
6333	0	4	1	253	15	16.9715249382	31.3559728209	30.7773593102	11.811
6333	0	4	2	1596	99	16.9715249382	32.1034013103	31.5247877997	16.787
6334	0	4	1	1097	68	5.84329711437	24.871145029	24.6719283605	15.244
6334	0	4	2	2445	152	5.84329711437	26.9086487597	26.7094320912	13.811
6335	0	4	1	313	19	17.8849093095	25.8994402878	25.2896865856	5.843
6335	0	4	2	1658	103	17.8849093095	29.5298476256	28.9200939234	9.134
6337	0	4	1	157	9	26.4351705828	29.4247423872	28.5234829593	4.031
6337	0	4	2	1497	93	26.4351705828	28.6078111872	27.7065517593	23.527
6338	0	4	1	282	17	16.859933748	29.7926837407	29.2178747302	14.126
6338	0	4	2	1627	101	16.859933748	30.5385135848	29.9637045744	16.693
6339	0	4	1	495	30	7.20560801691	11.4025811667	11.1569189669	13.905
6339	0	4	2	1832	114	7.20560801691	12.9334593869	12.687797187	10.252
6339	1	4	1	481	30	7.20560801691	7.25896735299	7.01330515314	6.693
6339	1	4	2	1830	114	7.20560801691	9.06575934771	8.82009714786	15.496
6339	2	4	1	496	31	7.20560801691	13.8402030706	13.5945408707	6.378
6339	2	4	2	1831	114	7.20560801691	10.9648425198	10.71918032	16.771
6340	0	4	1	413	25	8.00125791247	29.3568759766	29.0840875296	7.48
6340	0	4	2	1763	110	8.00125791247	28.8571396986	28.5843512516	15.716
6341	0	4	1	430	26	8.45321097235	15.6038475024	15.3156505316	12.819
6341	0	4	2	1769	110	8.45321097235	29.4355718835	29.1473749127	16
6342	0	4	1	1085	67	18.1766189875	31.3621227118	30.7424236946	15.748
6342	0	4	2	2431	151	18.1766189875	31.1137590222	30.494060005	15.307
6342	1	4	1	1079	67	18.1766189875	30.4656863621	29.845987345	18.22
6342	1	4	2	2428	151	18.1766189875	29.8628603308	29.2431613136	16.158
6343	0	4	1	552	34	10.6042841238	31.4082425327	31.0467086053	7.197
6343	0	4	2	1899	118	10.6042841238	31.1020875399	30.7405536125	5.213
6344	0	4	1	309	19	14.6120769439	28.1944993293	27.6963269394	9.528
6344	0	4	2	1652	103	14.6120769439	30.9759486659	30.477776276	13.26
6345	0	4	1	587	36	11.6440012642	27.8821440156	27.4851628089	6
6345	0	4	2	1936	121	11.6440012642	29.4828989759	29.0859177692	13.937
6345	1	4	1	586	36	11.6440012642	28.4157770429	28.0187958362	13.15
6345	1	4	2	1937	121	11.6440012642	28.889617949	28.4926367423	5.401
6346	0	4	1	551	34	13.4204060121	30.3619352951	29.9043907748	11.134
6346	0	4	2	1899	118	13.4204060121	31.283659965	30.8261154447	11.591
6347	0	4	1	304	19	13.1227964032	23.4489318667	23.0015338088	15.244
6347	0	4	2	1649	103	13.1227964032	28.0352919532	27.5878938954	12.803
6348	0	4	1	440	27	8.50731981615	12.1004885182	11.810446804	7.229
6348	0	4	2	1788	111	8.50731981615	12.9100041609	12.6199624467	16.157
6349	0	4	1	1229	76	20.8481827562	34.6842374217	33.9734562598	6.126
6349	0	4	2	2580	161	20.8481827562	34.6182051123	33.9074239503	10.189
6350	0	4	1	1006	62	15.8471658403	30.9253514938	30.3850709772	13.15
6350	0	4	2	2350	146	15.8471658403	32.8805292284	32.3402487118	6.567
6351	0	4	1	805	50	19.487587248	30.6520974031	29.9877032893	19.496
6351	0	4	2	2146	134	19.487587248	28.8391431496	28.1747490357	15.039
6352	0	4	1	1022	63	11.2551571604	33.0649981276	32.6812738588	6.756
6352	0	4	2	2366	147	11.2551571604	29.745631728	29.3619074591	11.166
6353	0	4	1	267	16	17.3717841351	33.5074464926	32.915186867	14.882
6353	0	4	2	1610	100	17.3717841351	33.5397562944	32.9474966689	11.433
6354	0	4	1	915	57	14.8659325841	19.6179233617	19.1110962219	16.441
6354	0	4	2	2274	142	14.8659325841	28.9573371144	28.4505099746	10.551
6355	0	4	1	1030	64	15.2997614251	35.4945239567	34.9729062056	13.465
6355	0	4	2	2373	148	15.2997614251	35.6841774751	35.162559724	6.221
6357	0	4	1	522	32	4.96660147231	30.4120711994	30.2427438864	8.756
6357	0	4	2	1869	116	4.96660147231	28.8978221267	28.7284948138	5.496
6358	0	4	1	437	27	10.907542833	27.0982596745	26.7263866888	9.134
6358	0	4	2	1783	111	10.907542833	28.8646145633	28.4927415775	7.874
6359	0	4	1	476	29	11.7626936525	33.9466619267	33.5456341173	8.756
6359	0	4	2	1825	114	11.7626936525	29.5612272214	29.160199412	7.402
6360	0	4	1	494	30	12.0662548156	30.2434371053	29.8320599258	7.276
6360	0	4	2	1831	114	12.0662548156	27.0567039647	26.6453267853	6.504
6361	0	4	1	1021	63	18.0714648138	26.6910982682	26.0749842927	5.26
6361	0	4	2	2364	147	18.0714648138	32.2369343072	31.6208203318	6.473
6362	0	4	1	1223	76	13.298935869	30.069253738	29.615850523	7.37
6362	0	4	2	2574	160	13.298935869	30.2446568446	29.7912536295	4.536
6363	0	4	1	1013	63	16.3283792366	29.3380722511	28.7813856323	11.433
6363	0	4	2	2358	147	16.3283792366	30.7996671904	30.2429805716	19.685
6364	0	4	1	306	19	17.8347664035	27.4016032073	26.793559037	7.496
6364	0	4	2	1650	103	17.8347664035	29.8096815548	29.2016373845	12.945
6365	0	4	1	987	61	20.6946505908	28.3782695886	27.6727228288	10.315
6365	0	4	2	2329	145	20.6946505908	32.5987442583	31.8931974984	10.504
6366	0	4	1	999	62	18.8544795911	27.9539061656	27.3110967146	11.433
6366	0	4	2	2344	146	18.8544795911	30.305782112	29.662972661	10.74
6367	0	4	1	918	57	20.3485045026	24.5265755018	23.832829968	17.087
6367	0	4	2	2262	141	20.3485045026	25.6925840837	24.99883855	13.622
6367	1	4	1	919	57	20.3485045026	27.0421567183	26.3484111846	10.158
6367	1	4	2	2263	141	20.3485045026	25.8710234264	25.1772778926	12.85
6368	0	4	1	408	25	12.9884269857	26.3381253362	25.8953083611	22.457
6368	0	4	2	1763	110	12.9884269857	31.9082557041	31.465438729	16.535
6369	0	4	1	889	55	17.4558734432	36.0187735334	35.4236470346	16.897
6369	0	4	2	2231	139	17.4558734432	36.5349616086	35.9398351099	10.992
6369	1	4	1	888	55	17.4558734432	37.7773519428	37.1822254441	9.811
6369	1	4	2	2223	138	17.4558734432	35.4310317501	34.8359052514	7.653
6370	0	4	1	447	27	8.59466882766	26.8459937655	26.5529740444	5.527
6370	0	4	2	1793	112	8.59466882766	26.951500407	26.6584806859	6.787
6371	0	4	1	879	54	19.8182709216	34.0973146843	33.4216465075	23.843
6371	0	4	2	2220	138	19.8182709216	34.8095525197	34.1338843428	6.441
6372	0	4	1	1243	77	4.71825107111	29.2901464453	29.129286191	5.103
6372	0	4	2	2594	162	4.71825107111	29.2570936347	29.0962333805	13.071
6373	0	4	1	487	30	12.520384836	26.5295127905	26.1026528677	17.937
6373	0	4	2	1832	114	12.520384836	29.6730219786	29.2461620558	12.063
6374	0	4	1	597	37	5.33419032304	27.0990242299	26.9171646385	20.252
6374	0	4	2	1946	121	5.33419032304	27.8277094158	27.6458498244	9.811
6375	0	4	1	934	58	20.2855668239	31.2467369325	30.5551371453	8.898
6375	0	4	2	2277	142	20.2855668239	33.0824834971	32.3908837099	5.937
6376	0	4	1	565	35	9.56021418662	25.5958163705	25.2698781231	6.693
6376	0	4	2	1913	119	9.56021418662	26.7644354439	26.4384971966	10.693
6377	0	4	1	375	23	11.5910627134	29.2266904346	28.8315140723	8.409
6377	0	4	2	1720	107	11.5910627134	26.5467342463	26.151557884	18.992
6378	0	4	1	405	25	13.4705137281	28.5268656402	28.0676127878	8.582
6378	0	4	2	1752	109	13.4705137281	30.8724321792	30.4131793268	12.126
6379	0	4	1	505	31	9.16407788529	28.755558832	28.4431261369	11.559
6379	0	4	2	1852	115	9.16407788529	29.7413256535	29.4288929584	7.276
6380	0	4	1	1058	66	15.1970561424	32.0951133399	31.5769971401	11.071
6380	0	4	2	2403	150	15.1970561424	32.0265658778	31.5084496779	16.945
6381	0	4	1	443	27	10.4264956466	29.5838997484	29.2284271982	8.221
6381	0	4	2	1790	111	10.4264956466	28.2529622537	27.8974897035	11.748
6382	0	4	1	429	26	8.50959668592	28.5811530286	28.2910336887	10.85
6382	0	4	2	1775	110	8.50959668592	28.8610258021	28.5709064622	16.992
6383	0	4	1	571	35	11.3418994356	26.0653899363	25.6787083461	7.811
6383	0	4	2	1921	120	11.3418994356	29.4874826358	29.1008010457	10.851
6384	0	4	1	996	62	17.8475305811	28.2578956565	27.6494163145	7.37
6384	0	4	2	2342	146	17.8475305811	30.6723639536	30.0638846116	4
6385	0	4	1	477	29	11.9829474956	27.6956302333	27.2870932666	19.102
6385	0	4	2	1825	114	11.9829474956	28.2474434872	27.8389065205	4.441
6386	0	4	1	311	19	19.3839855235	31.3633106313	30.7024486312	5.653
6386	0	4	2	1653	103	19.3839855235	29.244003042	28.583141042	4.646
6387	0	4	1	918	57	18.9849865428	32.2731621703	31.6259033203	18.929
6387	0	4	2	2262	141	18.9849865428	31.4613761532	30.8141173032	10.032
6388	0	4	1	1212	75	9.19820752508	31.0795684619	30.7659721783	8.724
6388	0	4	2	2562	160	9.19820752508	31.3307454547	31.0171491711	5.275
6389	0	4	1	415	25	10.3016583708	32.3441374387	31.9929209901	7.276
6389	0	4	2	1763	110	10.3016583708	32.0978373452	31.7466208967	15.37
6390	0	4	1	820	51	24.7888931475	29.223823343	28.3786907729	10.22
6390	0	4	2	2164	135	24.7888931475	27.9774133286	27.1322807585	17.905
6391	0	4	1	1093	68	11.6949983157	31.4148197554	31.0160998963	7.37
6391	0	4	2	2442	152	11.6949983157	32.3862676173	31.9875477582	5.433
6392	0	4	1	301	18	17.9856354209	27.4375438684	26.8243560912	9.087
6392	0	4	2	1643	102	17.9856354209	28.2887307857	27.6755430085	7.527
6392	1	4	1	304	19	17.9856354209	26.2428195598	25.6296317826	13.937
6392	1	4	2	1649	103	17.9856354209	28.8243030717	28.2111152945	19.37
6393	0	4	1	564	35	17.9129762921	32.9191717747	32.3084611794	9.528
6393	0	4	2	1912	119	17.9129762921	31.7534022604	31.1426916651	8.756
6394	0	4	1	898	56	16.2530950319	32.0819170531	31.5277971134	16.599
6394	0	4	2	2241	140	16.2530950319	31.7476655308	31.1935455911	11.685
6395	0	4	1	1220	76	10.0040873951	28.4585366906	28.1174653874	7.716
6395	0	4	2	2569	160	10.0040873951	28.9308485413	28.5897772381	8.725
6396	0	4	1	440	27	7.60601586457	26.7447716955	26.4854583127	5.086
6396	0	4	2	1787	111	7.60601586457	26.2269540992	25.9676407165	10.378
6397	0	4	1	803	50	23.8646414521	22.2211432643	21.4075213876	8.929
6397	0	4	2	2145	134	23.8646414521	32.0404903872	31.2268685104	6.614
6398	0	4	1	732	45	19.8014248646	33.1597693993	32.4846755584	10.882
6398	0	4	2	2071	129	19.8014248646	32.8948982113	32.2198043703	10.567
6399	0	4	1	488	30	13.5190008889	30.905611066	30.4447051313	16.095
6399	0	4	2	1834	114	13.5190008889	30.3275309088	29.8666249741	12.693
6400	0	4	1	474	29	7.79792571765	29.7435787611	29.4777225583	15.26
6400	0	4	2	1819	113	7.79792571765	31.9251357617	31.6592795589	4.473
6401	0	4	1	562	35	9.61513200213	31.3640280182	31.0362174471	13.26
6401	0	4	2	1912	119	9.61513200213	33.037529595	32.7097190239	6.771
6402	0	4	1	1041	65	14.9354379497	30.3555657587	29.8463689589	12.819
6402	0	4	2	2394	149	14.9354379497	30.9071319401	30.3979351403	11.008
6403	0	4	1	486	30	12.2745296386	29.4651349818	29.0466570482	20.992
6403	0	4	2	1830	114	12.2745296386	29.2049898169	28.7865118833	9.685
6404	0	4	1	488	30	10.6648418764	29.3385240138	28.9749254791	11.338
6404	0	4	2	1833	114	10.6648418764	29.9279410308	29.5643424961	11.449
6405	0	4	1	431	26	10.287913187	29.0168379337	28.6660901024	12.63
6405	0	4	2	1777	111	10.287913187	27.8421188669	27.4913710356	5.212
6406	0	4	1	1234	77	21.4661128938	28.5837618142	27.8519134395	4.693
6406	0	4	2	2584	161	21.4661128938	29.3891203231	28.6572719484	13.134
6407	0	4	1	285	17	17.4808299055	34.7433606621	34.1473833178	8.095
6407	0	4	2	1628	101	17.4808299055	36.550470172	35.9544928278	7.48
6408	0	4	1	879	54	20.2118480687	29.2238504961	28.5347640168	17.37
6408	0	4	2	2220	138	20.2118480687	35.3864801765	34.6973936972	15.464
6409	0	4	1	997	62	18.7581446001	27.4290002594	26.789475176	18.725
6409	0	4	2	2343	146	18.7581446001	28.9181671478	28.2786420645	11.591
6410	0	4	1	1006	62	10.2238233598	28.7207001312	28.3721373269	10.567
6410	0	4	2	2351	146	10.2238233598	22.2936947259	21.9451319215	20.662
6411	0	4	1	328	20	16.0407434145	31.6723937081	31.1255135135	7.527
6411	0	4	2	1671	104	16.0407434145	21.4973909381	20.9505107435	8.425
6412	0	4	1	807	50	26.1587298526	34.1791367496	33.2873020695	14.677
6412	0	4	2	2149	134	26.1587298526	34.4974004441	33.605565764	8.284
6413	0	4	1	310	19	18.3808481566	28.2018486734	27.5751868313	14.094
6413	0	4	2	1653	103	18.3808481566	28.023043583	27.3963817409	13.197
6414	0	4	1	917	57	11.1469295041	28.7404741917	28.3604397495	19.748
6414	0	4	2	2258	141	11.1469295041	30.325482647	29.9454482048	10.914
6415	0	4	1	969	60	15.8070273856	27.3254237223	26.7865116538	15.166
6415	0	4	2	2313	144	15.8070273856	27.4153829071	26.8764708387	11.433
6416	0	4	1	154	9	25.4642511316	32.5911364978	31.7229788162	13.244
6416	0	4	2	1495	93	25.4642511316	31.2769268441	30.4087691624	17.874
6417	0	4	1	993	62	20.3355123765	29.0588694669	28.3655668762	20.126
6417	0	4	2	2337	146	20.3355123765	28.4097487305	27.7164461398	15.071
6418	0	4	1	456	28	14.7926889233	31.275866972	30.7715369427	6.41
6418	0	4	2	1801	112	14.7926889233	28.6683502893	28.16402026	12.519
6420	0	4	1	865	54	21.9750893838	27.9170357783	27.1678347689	13.149
6420	0	4	2	2209	138	21.9750893838	29.0632372655	28.314036256	17.59
6421	0	4	1	741	46	23.2563959095	34.1452029703	33.3523181275	15.055
6421	0	4	2	2079	129	23.2563959095	37.3869437818	36.594058939	9.906
6422	0	4	1	269	16	19.8410323862	31.8180318359	31.141587648	7.181
6422	0	4	2	1611	100	19.8410323862	26.8731039036	26.1966597157	17.197
6423	0	4	1	242	15	17.9921893568	21.0640737878	20.450662566	10.315
6423	0	4	2	1580	98	17.9921893568	14.9037898995	14.2903786777	6.882
6424	0	4	1	1268	79	11.066031736	28.8390515295	28.4617751507	13.717
6424	0	4	2	2616	163	11.066031736	29.1033604288	28.72608405	5.496
6425	0	4	1	1009	63	15.45688843	27.5639887647	27.037014052	12.378
6425	0	4	2	2354	147	15.45688843	29.0289229105	28.5019481978	5.244
6426	0	4	1	485	30	12.7514918098	29.524378312	29.089639214	17.102
6426	0	4	2	1829	114	12.7514918098	30.6559483519	30.221209254	10.834
6427	0	4	1	246	15	15.2545857491	29.1075809752	28.5875034073	4.157
6427	0	4	2	1588	99	15.2545857491	24.6115614596	24.0914838916	14.992
6428	0	4	1	452	28	7.99809245495	31.8674112018	31.5947306754	16.283
6428	0	4	2	1798	112	7.99809245495	31.8183129704	31.545632444	8.52
6429	0	4	1	765	47	27.2317408361	32.5761001627	31.6476831098	11.779
6429	0	4	2	2106	131	27.2317408361	31.4714584613	30.5430414084	5.134
6430	0	4	1	1003	62	14.5683541154	30.8147648951	30.3180831561	10.283
6430	0	4	2	2349	146	14.5683541154	30.4424246824	29.9457429434	7.716
6431	0	4	1	305	19	17.9288034117	28.1810839683	27.5698337759	11.78
6431	0	4	2	1650	103	17.9288034117	29.438455154	28.8272049616	9.15
6432	0	4	1	1099	68	17.6550314256	27.1307329484	26.5288165177	9.906
6432	0	4	2	2447	152	17.6550314256	30.174842017	29.5729255864	9.843
6433	0	4	1	196	12	18.2206213596	28.9778142719	28.3566150732	11.527
6433	0	4	2	1538	96	18.2206213596	32.945017676	32.3238184773	13.559
6434	0	4	1	892	55	17.0831297682	33.9664574565	33.3840389806	7.78
6434	0	4	2	2235	139	17.0831297682	33.1392252504	32.5568067745	15.355
6435	0	4	1	1032	64	12.8310651235	30.8797945834	30.4423425769	10
6435	0	4	2	2378	148	12.8310651235	28.1582988764	27.7208468699	7.087
6436	0	4	1	592	37	9.06601729846	29.1155165867	28.8064270903	12
6436	0	4	2	1943	121	9.06601729846	30.3879459967	30.0788565003	9.229
6437	0	4	1	601	37	9.47767861924	29.4270359729	29.1039116268	18.693
6437	0	4	2	1952	122	9.47767861924	29.5582700426	29.2351456965	6.882
6438	0	4	1	294	18	17.207382584	30.0595179302	29.4728632788	5.748
6438	0	4	2	1637	102	17.207382584	27.0428059218	26.4561512704	11.449
6439	0	4	1	1002	62	10.9597868724	32.9323400791	32.5586859271	12.835
6439	0	4	2	2350	146	10.9597868724	31.7719302014	31.3982760494	7.843
6440	0	4	1	1094	68	10.0977981391	26.3893926859	26.0451264839	11.906
6440	0	4	2	2441	152	10.0977981391	26.4051857589	26.060919557	8.567
6441	0	4	1	513	32	7.67575028676	30.9402880753	30.6785972234	9.433
6441	0	4	2	1861	116	7.67575028676	33.081683967	32.819993115	11.055
6442	0	4	1	809	50	22.8489839468	34.4927814732	33.7137866059	6.315
6442	0	4	2	2150	134	22.8489839468	32.9704571992	32.1914623319	8.913
6443	0	4	1	809	50	22.951726708	30.740769576	29.9582718797	12.095
6443	0	4	2	2151	134	22.951726708	30.5096690031	29.7271713068	12.551
6444	0	4	1	1029	64	16.038827235	26.1950589424	25.6482440765	7.811
6444	0	4	2	2372	148	16.038827235	28.7631084894	28.2162936235	4.74
6445	0	4	1	455	28	10.6164285859	30.3647071092	30.0027591383	13.905
6445	0	4	2	1800	112	10.6164285859	31.0081119155	30.6461639446	10.032
6446	0	4	1	340	21	6.51331781697	27.2337373972	27.0116775822	9.905
6446	0	4	2	1684	105	6.51331781697	27.5715036614	27.3494438464	15.59
6447	0	4	1	380	23	13.2970232882	31.5375962948	31.0842582858	10.504
6447	0	4	2	1728	108	13.2970232882	31.5451675202	31.0918295112	10.52
6448	0	4	1	413	25	10.7037735886	31.1053465239	30.7404206827	9.024
6448	0	4	2	1760	110	10.7037735886	26.6369912726	26.2720654315	14.095
6449	0	4	1	196	12	20.2817035881	30.637253897	29.9457858198	11.653
6449	0	4	2	1539	96	20.2817035881	32.6817937115	31.9903256344	12.095
6451	0	4	1	489	30	12.2005821122	30.2747634762	29.85880665	4.22
6451	0	4	2	1833	114	12.2005821122	32.0054388571	31.589482031	10.299
6452	0	4	1	487	30	12.6106564111	27.4223901669	26.9924525977	16.094
6452	0	4	2	1832	114	12.6106564111	30.5044817574	30.0745441882	9.102
6454	0	4	1	250	15	18.6112748816	31.3896616918	30.7551438664	16
6454	0	4	2	1593	99	18.6112748816	32.581021508	31.9465036826	10.504
6455	0	4	1	594	37	7.85781767529	30.2222713144	29.9543732034	6.567
6455	0	4	2	1945	121	7.85781767529	30.9740613201	30.7061632091	6.536
6456	0	4	1	895	55	18.4913957938	34.1846289019	33.5541981376	23.464
6456	0	4	2	2237	139	18.4913957938	32.7484690565	32.1180382923	7.15
6457	0	4	1	1090	68	13.7500620155	30.4272265272	29.9584429805	10.756
6457	0	4	2	2438	152	13.7500620155	29.6929224977	29.2241389509	5.37
6458	0	4	1	1022	63	15.5899125624	34.0136622439	33.4821523135	8.976
6458	0	4	2	2370	148	15.5899125624	31.6428070722	31.1112971418	12
6460	0	4	1	1004	62	25.8656270592	35.6869772024	34.805135333	13.213
6460	0	4	2	2350	146	25.8656270592	35.2449582363	34.3631163669	11.055
6460	1	4	1	1003	62	25.8656270592	33.6017370205	32.7198951511	16.787
6460	1	4	2	2351	146	25.8656270592	37.1578495091	36.2760076397	12.284
6461	0	4	1	491	30	12.8693853062	27.2208832064	26.7821247424	12.724
6461	0	4	2	1837	114	12.8693853062	28.2885766288	27.8498181649	16.283
6462	0	4	1	487	30	9.99856391354	27.8838234025	27.5429404124	15.244
6462	0	4	2	1832	114	9.99856391354	30.8769208167	30.5360378266	7.339
6463	0	4	1	467	29	12.0690716808	40.7931533364	40.3816801211	5.528
6463	0	4	2	1812	113	12.0690716808	28.7198713452	28.3083981298	12.819
6464	0	4	1	600	37	7.27508914266	25.7083291087	25.4602980752	13.244
6464	0	4	2	1950	121	7.27508914266	27.1350891782	26.8870581448	7.528
6465	0	4	1	487	30	10.0848258071	26.8351667371	26.4913428035	17.779
6465	0	4	2	1832	114	10.0848258071	27.9686415823	27.6248176487	15.811
6466	0	4	1	558	34	8.98152385422	28.9496010839	28.6433922389	14.851
6466	0	4	2	1907	119	8.98152385422	27.2754375675	26.9692287225	6.803
6467	0	4	1	432	27	13.910635405	33.2733822638	32.7991242571	8.221
6467	0	4	2	1779	111	13.910635405	31.3893282267	30.91507022	9.622
6468	0	4	1	1083	67	14.3272906712	25.975644533	25.4871814171	19.039
6468	0	4	2	2430	151	14.3272906712	28.3645960439	27.8761329279	13.244
6469	0	4	1	1025	64	16.9810734169	31.1059273863	30.5269883375	5.811
6469	0	4	2	2371	148	16.9810734169	29.8125241285	29.2335850796	4.662
6470	0	4	1	811	50	24.0539279396	32.4948553601	31.6747801022	5.181
6470	0	4	2	2152	134	24.0539279396	31.6774613376	30.8573860797	11.433
6471	0	4	1	417	26	9.79701433163	18.6375006058	18.3034890849	24.52
6471	0	4	2	1763	110	9.79701433163	32.9451899196	32.6111783987	16.094
6472	0	4	1	488	30	16.1763862646	27.7984385917	27.246933899	15.449
6472	0	4	2	1833	114	16.1763862646	30.8556175058	30.304112813	13.213
6473	0	4	1	1222	76	9.04028060859	31.8949714754	31.586759425	15.748
6473	0	4	2	2573	160	9.04028060859	28.256758051	27.9485460006	5.843
6474	0	4	1	822	51	19.3905219489	27.3808900392	26.7198051915	11.433
6474	0	4	2	2166	135	19.3905219489	26.5247649286	25.863680081	21.811
6474	1	4	1	824	51	19.3905219489	22.5538657998	21.8927809522	7.937
6474	1	4	2	2167	135	19.3905219489	29.7388323004	29.0777474527	14.378
6475	0	4	1	413	25	12.279262394	29.4280406888	29.0094014005	7.023
6475	0	4	2	1760	110	12.279262394	28.4594527477	28.0408134594	17.559
6476	0	4	1	477	29	7.81174320642	30.2650446748	29.9987173897	13.969
6476	0	4	2	1824	114	7.81174320642	27.9786276346	27.7123003495	10.126
6477	0	4	1	997	62	16.9675919034	30.703641597	30.125162176	8.347
6477	0	4	2	2344	146	16.9675919034	29.7410760127	29.1625965918	6.189
6478	0	4	1	471	29	13.0508051898	30.6073019305	30.1623582831	8.85
6478	0	4	2	1819	113	13.0508051898	33.675371936	33.2304282886	7.401
6479	0	4	1	804	50	23.8142121637	32.0969643213	31.2850617401	12.315
6479	0	4	2	2145	134	23.8142121637	31.9251885622	31.1132859811	8.315
6480	0	4	1	594	37	9.00417061342	27.4639978412	27.1570168959	7.811
6480	0	4	2	1945	121	9.00417061342	28.3424547898	28.0354738445	13.181
6481	0	4	1	567	35	10.0498913659	34.0667060551	33.7240731482	10.472
6481	0	4	2	1917	119	10.0498913659	35.6514661197	35.3088332127	8.158
6482	0	4	1	197	12	20.0215617064	30.2597445316	29.5771455224	16.473
6482	0	4	2	1541	96	20.0215617064	27.9214900656	27.2388910564	20.567
6483	0	4	1	415	25	10.3130362937	32.8614443829	32.5098400246	9.653
6483	0	4	2	1764	110	10.3130362937	35.9807867329	35.6291823746	9.905
6484	0	4	1	902	56	19.3227692308	39.451810421	38.79303548	12.473
6484	0	4	2	2245	140	19.3227692308	37.8266190897	37.1678441487	8.031
6485	0	4	1	237	14	18.7950996302	30.4089923299	29.7682073315	6.662
6485	0	4	2	1579	98	18.7950996302	31.4733721819	30.8325871835	8.599
6486	0	4	1	803	50	23.6065843199	24.9392570497	24.1344331651	7.905
6486	0	4	2	2135	133	23.6065843199	30.8988437508	30.0940198662	13.213
6487	0	4	1	809	50	25.2552242723	31.9355225057	31.0744912176	4.347
6487	0	4	2	2151	134	25.2552242723	32.8838089153	32.0227776272	11.418
6488	0	4	1	487	30	13.3146475414	29.6488902294	29.1949513532	6.095
6488	0	4	2	1831	114	13.3146475414	30.2376461406	29.7837072644	11.811
6489	0	4	1	273	17	13.1241633691	34.1601308229	33.7126861608	16.535
6489	0	4	2	1616	101	13.1241633691	34.1408992093	33.6934545472	11.779
6490	0	4	1	242	15	18.3733108058	34.7242884944	34.0978836247	5.905
6490	0	4	2	1585	99	18.3733108058	31.4087254856	30.7823206159	7.59
6491	0	4	1	569	35	8.3472166736	27.2695183786	26.9849350921	12.189
6491	0	4	2	1915	119	8.3472166736	34.3331084776	34.0485251911	7.323
6492	0	4	1	159	9	17.7030749794	31.3357994923	30.7322451034	9.559
6492	0	4	2	1498	93	17.7030749794	30.034409658	29.4308552691	17.685
6493	0	4	1	577	36	12.8535296971	27.0729357714	26.6347178759	6.898
6493	0	4	2	1925	120	12.8535296971	26.0284038839	25.5901859884	8.22
6494	0	4	1	334	20	16.258997757	30.228323156	29.6740019735	6.41
6494	0	4	2	1677	104	16.258997757	31.8658928002	31.3115716177	8.535
6495	0	4	1	484	30	13.1626304552	29.5257942368	29.0770381088	24.22
6495	0	4	2	1829	114	13.1626304552	30.7159048026	30.2671486746	8.662
6496	0	4	1	269	16	10.2813632456	37.5055394309	37.155014908	6.22
6496	0	4	2	1612	100	10.2813632456	34.4715255472	34.1210010243	5.606
6497	0	4	1	445	27	8.59916091547	27.8180498427	27.524876972	4.96
6497	0	4	2	1791	111	8.59916091547	26.9018840983	26.6087112276	6.897
6498	0	4	1	485	30	15.7889470848	29.8267865594	29.2884909062	7.937
6498	0	4	2	1830	114	15.7889470848	29.7834999684	29.2452043152	8.661
6499	0	4	1	1056	66	16.6560248592	29.5123269314	28.9444698265	11.811
6499	0	4	2	2401	150	16.6560248592	28.714227677	28.1463705721	12.693
6500	0	4	1	797	49	24.7024079991	34.8441481947	34.0019641796	14.724
6500	0	4	2	2151	134	24.7024079991	35.2095749308	34.3673909157	11.134
6501	0	4	1	430	26	9.2019080345	29.9282565296	29.6145340838	16.158
6501	0	4	2	1776	111	9.2019080345	28.6491357998	28.335413354	7.339
6502	0	4	1	819	51	28.0169849572	30.2810822349	29.325893701	13.181
6502	0	4	2	2167	135	28.0169849572	35.1534326446	34.1982441107	7.937
6503	0	4	1	250	15	17.6068267123	31.2202644818	30.6199915039	9.748
6503	0	4	2	1592	99	17.6068267123	31.1814054832	30.5811325053	11.748
6504	0	4	1	441	27	6.38274480049	31.4797216497	31.2621134861	6.126
6504	0	4	2	1787	111	6.38274480049	28.7126726089	28.4950644453	5.937
6505	0	4	1	898	56	18.9152697144	31.6110352842	30.9661533037	16.913
6505	0	4	2	2241	140	18.9152697144	34.107491949	33.4626099685	12.96
6506	0	4	1	822	51	22.4700714384	29.643605375	28.8775288458	11.622
6506	0	4	2	2165	135	22.4700714384	30.5277972959	29.7617207667	18.693
6507	0	4	1	588	36	10.4199271542	27.2538748354	26.8986262261	8.851
6507	0	4	2	1932	120	10.4199271542	28.0380105582	27.682761949	15.433
6508	0	4	1	160	10	20.3777526207	31.3471656453	30.6524229498	17.842
6508	0	4	2	1499	93	20.3777526207	29.9520222701	29.2572795745	19.905
6509	0	4	1	907	56	18.7779840802	29.5135089093	28.8733074347	19.906
6509	0	4	2	2249	140	18.7779840802	30.6930799432	30.0528784686	18.126
6510	0	4	1	1040	65	8.92109307693	26.1570193891	25.8528708224	12.599
6510	0	4	2	2394	149	8.92109307693	28.7469510198	28.4428024532	13.717
6511	0	4	1	807	50	22.6213050162	30.8528953988	30.0816628337	12.614
6511	0	4	2	2151	134	22.6213050162	28.8655918528	28.0943592878	10.567
6513	0	4	1	292	18	15.1868934772	32.8468665729	32.3290968508	10.063
6513	0	4	2	1636	102	15.1868934772	30.6175648213	30.0997950992	13.622
6514	0	4	1	1213	75	10.1007269554	32.1139722034	31.7696061488	7.212
6514	0	4	2	2562	160	10.1007269554	32.3971984787	32.0528324241	5.717
6515	0	4	1	993	62	20.106510114	31.6986958951	31.0132007232	9.244
6515	0	4	2	2340	146	20.106510114	35.0940433079	34.408548136	13.748
6516	0	4	1	562	35	8.76568320692	28.7898227078	28.4909725601	16.441
6516	0	4	2	1910	119	8.76568320692	29.4263523967	29.127502249	7.779
6517	0	4	1	485	30	15.5816792061	27.802715611	27.271486382	14.346
6517	0	4	2	1830	114	15.5816792061	29.693937507	29.1627082781	8.85
6518	0	4	1	1056	66	14.5093878327	30.6106959087	30.1160245187	12.315
6518	0	4	2	2400	150	14.5093878327	30.938511878	30.443840488	19.244
6518	1	4	1	1048	65	14.5093878327	30.0694750404	29.5748036504	13.527
6518	1	4	2	2401	150	14.5093878327	28.361589548	27.8669181581	8.835
6519	0	4	1	478	29	6.39825384965	34.8078728386	34.5897359218	19.48
6519	0	4	2	1826	114	6.39825384965	34.7505674172	34.5324305005	12.976
6520	0	4	1	504	31	6.60287100021	31.6045539253	31.3794409561	10.929
6520	0	4	2	1850	115	6.60287100021	28.7776793778	28.5525664086	10.834
6521	0	4	1	565	35	12.6578555735	26.3975208216	25.9659740821	8.645
6521	0	4	2	1913	119	12.6578555735	29.7704677939	29.3389210544	7.055
6522	0	4	1	1222	76	9.55097238561	31.718413207	31.3927900422	7.433
6522	0	4	2	2573	160	9.55097238561	27.432258519	27.1066353541	8.032
6523	0	4	1	488	30	15.4002648423	30.7027412532	30.1776970196	5.905
6523	0	4	2	1831	114	15.4002648423	30.1911352624	29.6660910288	9.433
6524	0	4	1	1081	67	9.4897654634	30.9085503506	30.5850139253	7.181
6524	0	4	2	2428	151	9.4897654634	33.535448451	33.2119120257	13.874
6525	0	4	1	1061	66	13.4102360865	34.9648922286	34.5076944335	8.772
6525	0	4	2	2406	150	13.4102360865	31.6566708422	31.1994730471	16.22
6526	0	4	1	1227	76	14.5824693489	28.2979495983	27.8007866259	8.41
6526	0	4	2	2579	161	14.5824693489	31.1060560336	30.6088930612	12.409
6527	0	4	1	910	56	22.4119741008	26.9041049947	26.1400091894	12.031
6527	0	4	2	2251	140	22.4119741008	25.6096022563	24.845506451	4.126
6528	0	4	1	490	30	9.22809985045	27.8593139642	27.5446985557	14.41
6528	0	4	2	1835	114	9.22809985045	28.1381260967	27.8235106882	9.465
6529	0	4	1	242	15	15.758060732	31.0491685185	30.5119258797	5.338
6529	0	4	2	1588	99	15.758060732	25.8267396409	25.2894970021	4.378
6530	0	4	1	811	50	18.0405271496	30.9950400514	30.3799808398	8.834
6530	0	4	2	2164	135	18.0405271496	32.1103765233	31.4953173117	8.914
6531	0	4	1	477	29	9.53759349943	30.3027160829	29.9775490471	11.716
6531	0	4	2	1825	114	9.53759349943	26.4128792072	26.0877121713	5.008
6532	0	4	1	293	18	15.0430699752	25.038575449	24.5257091296	4.646
6532	0	4	2	1635	102	15.0430699752	27.2033808887	26.6905145693	5.276
6533	0	4	1	454	28	10.5008269508	29.9554718931	29.5974651513	19.465
6533	0	4	2	1800	112	10.5008269508	27.7308617516	27.3728550098	12.772
6535	0	4	1	314	19	15.2042092919	24.6548250702	24.1364649966	4.945
6535	0	4	2	1659	103	15.2042092919	29.2794062438	28.7610461703	6.724
6536	0	4	1	514	32	10.3601713321	22.4361008995	22.0828895572	7.528
6536	0	4	2	1857	116	10.3601713321	19.5777737394	19.2245623971	5.292
6537	0	4	1	1021	63	19.8352000903	31.7934585302	31.1172131839	5.654
6537	0	4	2	2366	147	19.8352000903	30.3560008772	29.6797555309	6.158
6537	1	4	1	1022	63	19.8352000903	32.4862972096	31.8100518633	8.536
6537	1	4	2	2370	148	19.8352000903	29.9690472899	29.2928019436	4.126
6537	2	4	1	1024	64	19.8352000903	22.2791443799	21.6028990336	14.283
6537	2	4	2	2371	148	19.8352000903	27.9096907207	27.2334453744	14.866
6538	0	4	1	796	49	23.4694069176	31.0133598862	30.2132128175	19.118
6538	0	4	2	2134	133	23.4694069176	41.1890819189	40.3889348502	10.724
6539	0	4	1	459	28	15.8639244373	28.6188790264	28.0780271557	11.323
6539	0	4	2	1805	112	15.8639244373	27.8009209153	27.2600690446	16.803
6540	0	4	1	1269	79	8.00556756681	32.2105092083	31.9375738315	16.126
6540	0	4	2	2619	163	8.00556756681	30.3830125838	30.110077207	9.843
6541	0	4	1	252	15	13.6608380921	31.7608941189	31.2951525008	11.496
6541	0	4	2	1594	99	13.6608380921	31.0590885834	30.5933469653	11.937
6542	0	4	1	144	9	14.4967157438	27.9647205391	27.4704811811	5.685
6542	0	4	2	1483	92	14.4967157438	32.9834297673	32.4891904094	7.055
6543	0	4	1	473	29	9.00864150335	14.3931336171	14.0860002449	16.756
6543	0	4	2	1831	114	9.00864150335	27.6557078518	27.3485744796	10.441
6544	0	4	1	275	17	14.709576732	34.6006574431	34.0991609739	13.717
6544	0	4	2	1619	101	14.709576732	34.508415789	34.0069193199	12.693
6545	0	4	1	1033	64	12.7473945579	29.7118293616	29.2772299521	17.653
6545	0	4	2	2378	148	12.7473945579	22.5253419118	22.0907425022	6.724
6546	0	4	1	488	30	7.42385237196	31.2729869926	31.0198841453	13.969
6546	0	4	2	1834	114	7.42385237196	32.1631304979	31.9100276507	9.26
6547	0	4	1	431	26	9.3486399999	28.7087623891	28.3900373818	14.063
6547	0	4	2	1777	111	9.3486399999	26.9423799872	26.6236549799	8.725
6548	0	4	1	517	32	5.90502065543	27.2845871648	27.0832661436	13.086
6548	0	4	2	1864	116	5.90502065543	29.1062896712	28.90496865	14.362
6549	0	4	1	1104	69	14.1062947644	29.5405459027	29.0596172433	5.087
6549	0	4	2	2454	153	14.1062947644	28.2234224963	27.742493837	13.181
6550	0	4	1	171	10	13.5914933911	30.670130429	30.2067529933	5.654
6550	0	4	2	1513	94	13.5914933911	32.1694856866	31.7061082509	15.527
6551	0	4	1	793	49	24.3087000041	34.4978767265	33.669115475	6.536
6551	0	4	2	2133	133	24.3087000041	35.0457011928	34.2169399412	15.37
6552	0	4	1	485	30	9.70934391558	25.1466817409	24.8156591846	15.276
6552	0	4	2	1829	114	9.70934391558	27.2069530084	26.8759304521	9.748
6553	0	4	1	972	60	21.0253537261	27.3310597096	26.6142382232	9.906
6553	0	4	2	2315	144	21.0253537261	27.1723435093	26.4555220229	9.166
6554	0	4	1	452	28	11.7824366172	30.5477253588	30.1460244486	18.032
6554	0	4	2	1798	112	11.7824366172	30.7623436616	30.3606427514	4.709
6555	0	4	1	474	29	13.2319202026	33.5381980196	33.0870795827	11.244
6555	0	4	2	1821	113	13.2319202026	30.5579280531	30.1068096162	4.441
6556	0	4	1	806	50	23.5648114299	35.0699342099	34.2665344966	5.685
6556	0	4	2	2146	134	23.5648114299	31.8649727562	31.0615730429	10.347
6557	0	4	1	149	9	25.4242461833	31.5823176319	30.7155238468	11.402
6557	0	4	2	1485	92	25.4242461833	29.8009977893	28.9342040042	5.307
6558	0	4	1	170	10	21.8780010237	26.6435300998	25.8976391427	11.118
6558	0	4	2	1512	94	21.8780010237	26.065128517	25.3192375599	12.158
6559	0	4	1	84	5	21.0957910739	30.7827772574	30.0635543367	27.654
6559	0	4	2	1422	88	21.0957910739	30.9984332942	30.2792103736	12.882
6560	0	4	1	1014	63	18.3582616237	27.4402949697	26.8144031747	8.756
6560	0	4	2	2359	147	18.3582616237	28.2803069076	27.6544151126	8.977
6561	0	4	1	1268	79	8.07202846026	25.6422263651	25.367025124	10
6561	0	4	2	2602	162	8.07202846026	32.5302190583	32.2550178172	23.103
6562	0	4	1	338	21	7.65141188589	15.8117233352	15.5508622571	7.842
6562	0	4	2	1682	105	7.65141188589	13.876734845	13.6158737669	8.094
6563	0	4	1	1074	67	19.1204188984	33.4097705985	32.7578944268	4.772
6563	0	4	2	2423	151	19.1204188984	32.4493669907	31.797490819	11.779
6563	1	4	1	1061	66	19.1204188984	27.4905660452	26.8386898735	6.834
6563	1	4	2	2420	151	19.1204188984	27.7422033313	27.0903271596	16.032
6564	0	4	1	1049	65	11.6390928261	32.7695734317	32.3727595693	23.496
6564	0	4	2	2388	149	11.6390928261	32.4533125712	32.0564987088	7.244
6565	0	4	1	414	25	12.8941629045	32.0479876505	31.6083844391	6.346
6565	0	4	2	1762	110	12.8941629045	34.0108616817	33.5712584703	12.284
6566	0	4	1	905	56	14.9456759237	36.3852050677	35.8756592227	15.15
6566	0	4	2	2246	140	14.9456759237	36.2931070368	35.7835611918	13.843
6567	0	4	1	458	28	14.4456032506	28.6769376262	28.1844408565	7.04
6567	0	4	2	1803	112	14.4456032506	28.9282934319	28.4357966621	4.535
6568	0	4	1	600	37	11.8478100946	28.6623954583	28.2584657574	12.504
6568	0	4	2	1950	121	11.8478100946	27.8210070234	27.4170773225	16.96
6569	0	4	1	298	18	21.7310884135	29.4981315028	28.757249266	5.874
6569	0	4	2	1641	102	21.7310884135	29.6430309478	28.902148711	8.252
6570	0	4	1	972	60	18.9394171884	25.9734977508	25.3277925057	14.441
6570	0	4	2	2315	144	18.9394171884	29.1185350595	28.4728298144	7.465
6571	0	4	1	865	54	23.8678237033	27.2171778235	26.4034474537	10.284
6571	0	4	2	2209	138	23.8678237033	30.4913514176	29.6776210478	7.622
6572	0	4	1	1268	79	8.03315122997	26.497405923	26.2235301309	5.654
6572	0	4	2	2615	163	8.03315122997	28.2274396506	27.9535638585	11.055
6573	0	4	1	1254	78	9.27302570677	27.7245327759	27.4083857014	7.748
6573	0	4	2	2601	162	9.27302570677	26.8454510152	26.5293039407	7.905
6574	0	4	1	810	50	24.6726619701	31.4359346607	30.5947647828	13.811
6574	0	4	2	2152	134	24.6726619701	32.1667134073	31.3255435294	11.906
6575	0	4	1	965	60	21.416159458	27.5947636681	26.8646183657	16.74
6575	0	4	2	2311	144	21.416159458	26.0789331442	25.3487878417	7.622
6576	0	4	1	492	30	10.7462269694	31.3211255889	30.9547523763	7.023
6576	0	4	2	1835	114	10.7462269694	30.8597221651	30.4933489525	9.401
6577	0	4	1	430	26	7.35195922414	30.0434188941	29.792767114	10.835
6577	0	4	2	1777	111	7.35195922414	26.3296779269	26.0790261467	5.748
6578	0	4	1	874	54	19.880131349	33.7093688746	33.0315916781	5.622
6578	0	4	2	2212	138	19.880131349	36.9673084195	36.289531223	16.599
6579	0	4	1	468	29	14.5006853661	39.8184645106	39.3240898155	18.347
6579	0	4	2	1814	113	14.5006853661	31.6555520435	31.1611773484	13.276
6580	0	4	1	454	28	12.7203543415	30.8042571291	30.3705796069	27.874
6580	0	4	2	1800	112	12.7203543415	29.2831802593	28.8495027372	11.181
6581	0	4	1	808	50	20.5401895048	32.5883899229	31.888109235	17.685
6581	0	4	2	2150	134	20.5401895048	33.1230166835	32.4227359956	16.504
6582	0	4	1	473	29	13.5802263428	27.6887710013	27.2257776952	5.685
6582	0	4	2	1817	113	13.5802263428	34.0446113656	33.5816180595	7.874
6583	0	4	1	1229	76	10.6791230139	27.2603954058	26.8963099815	13.874
6583	0	4	2	2580	161	10.6791230139	29.9153648367	29.5512794124	13.118
6584	0	4	1	915	57	19.4198714877	32.501751014	31.8396655468	17.78
6584	0	4	2	2257	141	19.4198714877	34.2618687368	33.5997832695	6.189
6585	0	4	1	414	25	11.204206463	31.1109883228	30.7290011261	8.315
6585	0	4	2	1760	110	11.204206463	29.9088242465	29.5268370498	19.59
6586	0	4	1	1048	65	15.1485741042	32.6019798746	32.0855165823	8.22
6586	0	4	2	2401	150	15.1485741042	30.1873852159	29.6709219237	16.977
6587	0	4	1	265	16	19.5644351956	31.6882199003	31.0212057944	11.653
6587	0	4	2	1608	100	19.5644351956	30.4848548469	29.817840741	9.402
6588	0	4	1	530	33	5.32610658408	29.732388742	29.5508047511	5.26
6588	0	4	2	1879	117	5.32610658408	29.1333427945	28.9517588037	6.819
6589	0	4	1	488	30	11.5146920259	27.9028610442	27.5102884025	16.126
6589	0	4	2	1833	114	11.5146920259	27.117879652	26.7253070104	10.063
6590	0	4	1	488	30	13.4615515332	34.1752309207	33.7162836181	13.843
6590	0	4	2	1818	113	13.4615515332	27.8364319146	27.377484612	11.401
6591	0	4	1	811	50	20.5507973722	33.5270660672	32.8264237232	7.339
6591	0	4	2	2153	134	20.5507973722	32.7234734339	32.0228310899	15.464
6592	0	4	1	889	55	23.0509520897	30.8832197572	30.0973391506	22.252
6592	0	4	2	2231	139	23.0509520897	31.3238794501	30.5379988436	12.693
6593	0	4	1	439	27	10.4745057795	30.4169929772	30.0598836082	5.717
6593	0	4	2	1787	111	10.4745057795	28.3531089269	27.9959995579	7.197
6594	0	4	1	407	25	15.2619183531	27.3925836758	26.872256116	9.37
6594	0	4	2	1753	109	15.2619183531	29.1735803349	28.6532527751	7.102
6595	0	4	1	1079	67	10.0228234601	25.0605921198	24.7188820442	6.094
6595	0	4	2	2425	151	10.0228234601	26.6830405608	26.3413304853	18.409
6596	0	4	1	1255	78	11.4119788701	28.4384160016	28.0493451796	15.906
6596	0	4	2	2604	162	11.4119788701	28.5017615598	28.1126907379	18.961
6597	0	4	1	489	30	10.9363034733	29.0265444342	28.6536909063	16.346
6597	0	4	2	1833	114	10.9363034733	29.3712523785	28.9983988507	10.756
6598	0	4	1	1227	76	11.4010696671	25.7293727983	25.3406739059	17.874
6598	0	4	2	2579	161	11.4010696671	26.3307883245	25.9420894322	9.842
6599	0	4	1	1055	65	21.1996856044	30.4679746922	29.7452096751	17.496
6599	0	4	2	2401	150	21.1996856044	30.7498946709	30.0271296538	5.906
6600	0	4	1	876	54	18.9018309263	29.1534339717	28.5090101624	11.433
6600	0	4	2	2218	138	18.9018309263	26.4938749132	25.8494511039	21.496
6601	0	4	1	485	30	12.6849696134	25.4211466869	24.9886755432	19.575
6601	0	4	2	1829	114	12.6849696134	28.5340625953	28.1015914516	12.315
6602	0	4	1	1059	66	8.92769259135	29.0072814717	28.7029079065	10.126
6602	0	4	2	2406	150	8.92769259135	25.9315192931	25.6271457279	23.685
6603	0	4	1	216	13	17.8876155766	31.8239121594	31.2140661919	7.685
6603	0	4	2	1559	97	17.8876155766	36.6984418367	36.0885958692	12.189
6604	0	4	1	773	48	21.6957332809	30.2632032185	29.5235263512	17.433
6604	0	4	2	2114	132	21.6957332809	30.1039740909	29.3642972235	18.724
6605	0	4	1	259	16	21.7711631631	30.0787802596	29.3365317466	8.032
6605	0	4	2	1602	100	21.7711631631	31.6279790773	30.8857305643	7.622
6606	0	4	1	488	30	9.68918781222	29.9143363554	29.584000985	15.527
6606	0	4	2	1833	114	9.68918781222	31.5534613038	31.2231259334	6.945
6607	0	4	1	804	50	24.1408514764	32.7937159474	31.9706771884	12.032
6607	0	4	2	2145	134	24.1408514764	32.6615458947	31.8385071357	8.488
6608	0	4	1	524	32	9.99418838891	26.9117422736	26.5710084591	5.496
6608	0	4	2	1872	117	9.99418838891	29.6284334926	29.2876996781	7.937
6609	0	4	1	1246	77	9.19444615078	28.2668714183	27.9534033719	8.126
6609	0	4	2	2594	162	9.19444615078	28.5703489854	28.256880939	11.496
6609	1	4	1	1248	78	9.19444615078	26.9202229548	26.6067549084	12.536
6609	1	4	2	2597	162	9.19444615078	27.728537477	27.4150694306	13.354
6610	0	4	1	918	57	13.1137059646	35.3394720982	34.8923839624	5.811
6610	0	4	2	2262	141	13.1137059646	37.368518191	36.9214300552	8.567
6611	0	4	1	132	8	23.5631901062	34.307527991	33.5041835538	9.748
6611	0	4	2	1473	92	23.5631901062	32.9192770827	32.1159326455	13.339
6612	0	4	1	282	17	11.7406382135	29.8456493101	29.445373441	9.622
6612	0	4	2	1626	101	11.7406382135	31.5964584785	31.1961826094	8.362
6613	0	4	1	471	29	10.4318344941	27.1371000893	26.7814455207	7.969
6613	0	4	2	1817	113	10.4318344941	28.5800289706	28.2243744021	11.008
6614	0	4	1	1040	65	14.9891606338	29.8754921486	29.3644637709	12.63
6614	0	4	2	2393	149	14.9891606338	33.2490735379	32.7380451602	8.347
6615	0	4	1	293	18	12.1555104603	25.3623442376	24.9479240481	12.221
6615	0	4	2	1640	102	12.1555104603	28.4765484108	28.0621282213	9.339
6616	0	4	1	1013	63	16.9648431724	31.8699061771	31.2915204692	8.252
6616	0	4	2	2356	147	16.9648431724	31.6572354732	31.0788497653	12.221
6617	0	4	1	873	54	22.2747946071	32.7118770923	31.9524581742	11.134
6617	0	4	2	2215	138	22.2747946071	30.7101948816	29.9507759636	19.748
6618	0	4	1	966	60	27.2297691381	32.4740593774	31.545709546	10.756
6618	0	4	2	2311	144	27.2297691381	31.4067781745	30.478428343	10.283
6619	0	4	1	1222	76	6.98673068805	34.5566517173	34.3184517449	14.472
6619	0	4	2	2571	160	6.98673068805	33.8166975184	33.578497546	4.772
6620	0	4	1	982	61	17.6758300636	27.023976069	26.4213505463	17.622
6620	0	4	2	2327	145	17.6758300636	29.9723809906	29.3697554679	8.787
6621	0	4	1	1237	77	5.14288203133	27.5216168859	27.3462796055	4.882
6621	0	4	2	2586	161	5.14288203133	28.1156273219	27.9402900415	15.275
6622	0	4	1	582	36	9.64159974484	28.7746408429	28.4459279018	14.472
6622	0	4	2	1930	120	9.64159974484	26.5595817068	26.2308687657	8.85
6623	0	4	1	470	29	7.57853049444	28.1187874404	27.8604111218	9.968
6623	0	4	2	1817	113	7.57853049444	27.4359794773	27.1776031586	9.717
6624	0	4	1	295	18	16.8988909399	30.5066890632	29.9305518776	7.842
6624	0	4	2	1638	102	16.8988909399	30.9709288374	30.3947916518	8.252
6625	0	4	1	262	16	14.1900543285	32.3701541521	31.8863698615	16.976
6625	0	4	2	1606	100	14.1900543285	32.0297890098	31.5460047193	15.023
6626	0	4	1	489	30	7.88838196848	25.6038134138	25.3348732684	20.788
6626	0	4	2	1834	114	7.88838196848	26.7929798956	26.5240397502	12.157
6627	0	4	1	1018	63	12.3491999252	31.7050309286	31.2840072463	6.094
6627	0	4	2	2363	147	12.3491999252	27.0441052062	26.623081524	11.559
6628	0	4	1	488	30	12.2745783918	29.5896279105	29.1711483148	14.41
6628	0	4	2	1831	114	12.2745783918	29.5964536604	29.1779740647	17.04
6629	0	4	1	557	34	8.82931859554	25.2197618679	24.9187421866	9.685
6629	0	4	2	1907	119	8.82931859554	27.4063275539	27.1053078725	10.472
6630	0	4	1	528	33	13.3041485712	28.2313060073	27.7777250746	15.685
6630	0	4	2	1876	117	13.3041485712	28.8329993062	28.3794183734	5.637
6631	0	4	1	454	28	12.7131255138	31.6420570477	31.2086259793	19.638
6631	0	4	2	1796	112	12.7131255138	30.9885378491	30.5551067808	9.465
6632	0	4	1	487	30	12.5571345055	27.0217142624	26.593601426	20
6632	0	4	2	1831	114	12.5571345055	29.6352398012	29.2071269647	14
6633	0	4	1	898	56	12.9614951635	32.1168331355	31.6749343523	18.567
6633	0	4	2	2241	140	12.9614951635	32.1738293002	31.7319305169	9.307
6634	0	4	1	1029	64	12.547269649	24.8003725805	24.3725960685	24.63
6634	0	4	2	2373	148	12.547269649	38.5853761282	38.1575996163	12.189
6635	0	4	1	457	28	7.76080705706	30.1339746378	29.8693839288	6.834
6635	0	4	2	1801	112	7.76080705706	29.243344572	28.978753863	13.937
6636	0	4	1	215	13	15.6582096747	30.7076494156	30.1738110185	6.819
6636	0	4	2	1558	97	15.6582096747	26.6998242746	26.1659858774	13.496
6637	0	4	1	908	56	20.1243876515	27.1389379142	26.45283324	20.504
6637	0	4	2	2255	140	20.1243876515	30.1202230576	29.4341183833	12.221
6638	0	4	1	449	28	9.77991133004	28.4500491088	28.1166206838	26.724
6638	0	4	2	1796	112	9.77991133004	31.0308672591	30.6974388342	5.48
6639	0	4	1	558	34	7.67687200291	28.3365983525	28.0748692577	5.937
6639	0	4	2	1907	119	7.67687200291	27.5913996257	27.3296705309	7.055
6640	0	4	1	1026	64	17.4293066836	34.1085105616	33.5142898086	9.843
6640	0	4	2	2372	148	17.4293066836	27.2244574007	26.6302366477	17.402
6641	0	4	1	491	30	13.4249031861	27.4575819093	26.9998840659	16.693
6641	0	4	2	1835	114	13.4249031861	30.8464853439	30.3887875006	6.095
6642	0	4	1	312	19	17.2898123179	26.2663434621	25.6768785177	13.276
6642	0	4	2	1657	103	17.2898123179	25.5027341339	24.9132691895	21.968
6643	0	4	1	428	26	11.8395835534	27.6307912435	27.2271420117	14.661
6643	0	4	2	1774	110	11.8395835534	25.8647410036	25.4610917717	15.464
6644	0	4	1	309	19	18.4215771791	27.4831100284	26.8550596038	11.496
6644	0	4	2	1653	103	18.4215771791	29.9015131278	29.2734627032	18.582
6645	0	4	1	1061	66	11.1504488149	33.8338802552	33.4537258284	4.882
6645	0	4	2	2404	150	11.1504488149	27.7420490036	27.3618945769	17.842
6646	0	4	1	485	30	16.0962694111	28.3597501183	27.8109768651	16.063
6646	0	4	2	1829	114	16.0962694111	31.4724449954	30.9236717422	12.41
6647	0	4	1	196	12	19.2451198044	27.5420599164	26.8859322924	6.189
6647	0	4	2	1539	96	19.2451198044	28.6830659009	28.0269382769	18.598
6648	0	4	1	1061	66	13.9249521531	31.6368700715	31.1621239612	9.527
6648	0	4	2	2406	150	13.9249521531	28.3232371776	27.8484910673	21.527
6649	0	4	1	227	14	18.8013924876	30.2766933555	29.6356938134	9.228
6649	0	4	2	1570	98	18.8013924876	29.6757283796	29.0347288376	6.063
6650	0	4	1	1241	77	10.7503383989	39.0331001452	38.6665867609	5.086
6650	0	4	2	2589	161	10.7503383989	40.260196477	39.8936830927	13.874
6651	0	4	1	431	26	10.7375524733	29.7120083237	29.3459308524	18.473
6651	0	4	2	1779	111	10.7375524733	28.0193045501	27.6532270789	11.212
6652	0	4	1	519	32	7.32626739357	28.2258616138	27.9760857503	9.717
6652	0	4	2	1865	116	7.32626739357	29.8688859066	29.6191100431	13.496
6653	0	4	1	1275	79	7.94819954725	29.9977565874	29.7267770697	4.22
6653	0	4	2	2622	163	7.94819954725	33.1253518958	32.854372378	4.504
6654	0	4	1	492	30	11.4066862796	30.6827388889	30.2938485082	8.441
6654	0	4	2	1837	114	11.4066862796	28.5938239023	28.2049335216	12.787
6655	0	4	1	564	35	10.2497720309	37.4653898254	37.115942348	10.33
6655	0	4	2	1912	119	10.2497720309	32.9259693332	32.5765218557	7.275
6656	0	4	1	1009	63	10.8582491694	30.229629609	29.8594372017	16.787
6656	0	4	2	2353	147	10.8582491694	30.8734789342	30.503286527	12.693
6658	0	4	1	193	12	19.9704110288	35.9984493083	35.3175941891	5.433
6658	0	4	2	1535	95	19.9704110288	32.4325050722	31.751649953	11.134
6659	0	4	1	491	30	13.329666849	29.9129852248	29.4585342925	14.74
6659	0	4	2	1838	114	13.329666849	29.9808953456	29.5264444133	10.126
6660	0	4	1	1009	63	16.2827529688	26.7108039124	26.1556728388	15.023
6660	0	4	2	2356	147	16.2827529688	30.1044344704	29.5493033968	10.094
6661	0	4	1	169	10	18.5631959682	28.7218952921	28.0890166305	13.166
6661	0	4	2	1512	94	18.5631959682	28.861575243	28.2286965814	11.748
6662	0	4	1	902	56	17.2380696867	36.5836335604	35.9959326876	13.937
6662	0	4	2	2242	140	17.2380696867	35.8905419682	35.3028410954	8.63
6663	0	4	1	409	25	14.3502762987	32.8209810296	32.3317342601	14.992
6663	0	4	2	1755	109	14.3502762987	33.1823678913	32.6931211218	12.945
6664	0	4	1	1250	78	8.63575289436	28.7528420677	28.4584216596	6.473
6664	0	4	2	2599	162	8.63575289436	27.812327806	27.5179073979	12.74
6665	0	4	1	560	35	15.3137708332	28.8632441039	28.3411487274	4.126
6665	0	4	2	1908	119	15.3137708332	30.1779023477	29.6558069711	9.811
6666	0	4	1	1270	79	10.0856104202	31.3735567579	31.0297060742	12.441
6666	0	4	2	2619	163	10.0856104202	29.2374434774	28.8935927938	8.33
6668	0	4	1	593	37	14.2127637073	29.4608832885	28.9763247627	11.339
6668	0	4	2	1944	121	14.2127637073	27.7641325822	27.2795740564	17.401
6669	0	4	1	471	29	15.2025822813	33.6710833339	33.1527787303	6.504
6669	0	4	2	1817	113	15.2025822813	32.0966571891	31.5783525856	9.26
6670	0	4	1	1091	68	8.95159226442	26.1350573088	25.8298689274	10.74
6670	0	4	2	2441	152	8.95159226442	28.0124433511	27.7072549697	12.347
6671	0	4	1	1098	68	12.706086097	28.5686702781	28.135479206	13.087
6671	0	4	2	2441	152	12.706086097	27.2365359996	26.8033449275	18.457
6672	0	4	1	488	30	14.5816575342	30.1466225601	29.649487265	15.59
6672	0	4	2	1834	114	14.5816575342	30.4785149803	29.9813796853	13.086
6673	0	4	1	1250	78	9.55136456017	29.8088848837	29.4832483484	10.283
6673	0	4	2	2598	162	9.55136456017	30.69062418	30.3649876447	14.677
6675	0	4	1	1056	66	13.2144626729	31.8952779935	31.4447547396	7.149
6675	0	4	2	2401	150	13.2144626729	32.183077129	31.7325538751	13.37
6676	0	4	1	484	30	12.5091151892	30.794362516	30.3678868114	16.22
6676	0	4	2	1828	114	12.5091151892	27.3681106831	26.9416349786	6.945
6677	0	4	1	430	26	11.5641908089	29.8932840078	29.4990237945	11.433
6677	0	4	2	1777	111	11.5641908089	29.5839776002	29.1897173869	8.409
6678	0	4	1	607	37	8.84409925712	26.2987648927	25.9972412913	14.126
6678	0	4	2	1957	122	8.84409925712	28.842111925	28.5405883236	10.536
6679	0	4	1	526	32	11.8284737214	29.4971880797	29.0939176175	9.811
6679	0	4	2	1874	117	11.8284737214	27.016225077	26.6129546148	5.181
6680	0	4	1	1091	68	12.1457379334	26.4082061321	25.9941191193	6.772
6680	0	4	2	2438	152	12.1457379334	30.6976077886	30.2835207758	14.189
6681	0	4	1	1256	78	11.9855377178	26.245976727	25.8373514513	7.197
6681	0	4	2	2603	162	11.9855377178	27.3773756252	26.9687503495	17.103
6682	0	4	1	487	30	11.8687097507	28.3686547028	27.9640124658	11.716
6682	0	4	2	1832	114	11.8687097507	28.7651241039	28.3604818669	4.567
6683	0	4	1	228	14	20.6363635041	31.6934972392	30.9899376723	9.402
6683	0	4	2	1571	98	20.6363635041	30.5726799266	29.8691203597	5.906
6683	1	4	1	227	14	20.6363635041	32.7083134246	32.0047538578	5.969
6683	1	4	2	1570	98	20.6363635041	29.845053248	29.1414936812	8.803
6684	0	4	1	280	17	10.2867267578	33.2688474639	32.9181400817	13.055
6684	0	4	2	1624	101	10.2867267578	32.1285053008	31.7777979186	6.095
6685	0	4	1	522	32	7.69024645348	32.0912777844	31.8290927118	11.197
6685	0	4	2	1869	116	7.69024645348	38.1895553939	37.9273703213	4.52
6686	0	4	1	997	62	14.830660336	26.9969137871	26.491289191	11.779
6686	0	4	2	2342	146	14.830660336	29.8748257836	29.3692011875	9.465
6687	0	4	1	311	19	22.2440512623	31.1142264239	30.3558556447	10.567
6687	0	4	2	1656	103	22.2440512623	28.6537706032	27.895399824	13.685
6689	0	4	1	440	27	12.5459329899	29.9493989296	29.5216679886	7.37
6689	0	4	2	1787	111	12.5459329899	31.9274532786	31.4997223376	11.166
6691	0	4	1	73	4	25.008700651	29.3967549467	28.5441284365	19.559
6691	0	4	2	1413	88	25.008700651	27.3420454391	26.4894189289	17.937
6692	0	4	1	488	30	11.1783245156	29.4682466513	29.0871418528	14.772
6692	0	4	2	1833	114	11.1783245156	29.2196638453	28.8385590468	11.102
6693	0	4	1	1264	79	6.03223076923	30.285550399	30.0798923785	6.283
6693	0	4	2	2615	163	6.03223076923	30.4542253466	30.2485673261	11.086
6695	0	4	1	490	30	8.52861454544	27.2845572601	26.9937895406	17.307
6695	0	4	2	1838	114	8.52861454544	32.0826035502	31.7918358306	8.221
6696	0	4	1	1103	68	16.5775666743	29.5754013104	29.0102190957	13.465
6696	0	4	2	2452	153	16.5775666743	31.7946764252	31.2294942105	7.685
6697	0	4	1	1210	75	14.4749313592	28.9366755013	28.4431788426	10.835
6697	0	4	2	2561	160	14.4749313592	30.2008018952	29.7073052365	4.898
6698	0	4	1	932	58	11.7057524527	31.1396053377	30.7405188357	15.685
6698	0	4	2	2276	142	11.7057524527	31.3821785953	30.9830920933	5.213
6699	0	4	1	1057	66	13.7430602246	31.9409187461	31.4723739127	12.189
6699	0	4	2	2403	150	13.7430602246	31.1251231498	30.6565783165	16
6700	0	4	1	514	32	8.45176033757	29.1720824292	28.8839349151	8.252
6700	0	4	2	1861	116	8.45176033757	32.425249054	32.13710154	11.528
6701	0	4	1	272	17	11.9707427986	36.7046981737	36.2965773041	13.591
6701	0	4	2	1614	100	11.9707427986	35.0515062522	34.6433853826	5.559
6702	0	4	1	1090	68	11.8453375311	35.5021451844	35.0982997811	15.779
6702	0	4	2	2438	152	11.8453375311	31.2008398715	30.7969944681	6.787
6703	0	4	1	807	50	20.6205236735	34.2256014982	33.5225819618	13.717
6703	0	4	2	2146	134	20.6205236735	33.1258731913	32.4228536549	7.969
6704	0	4	1	793	49	25.2712828281	32.4167428083	31.5551640327	15.433
6704	0	4	2	2132	133	25.2712828281	32.5625849125	31.7010061369	16.756
6705	0	4	1	222	13	21.2274393513	30.38794229	29.664231059	13.937
6705	0	4	2	1564	97	21.2274393513	28.0220485152	27.2983372842	8.535
6706	0	4	1	793	49	26.8473069912	34.1300784565	33.2147679817	16.882
6706	0	4	2	2133	133	26.8473069912	32.7657551827	31.8504447079	14
6707	0	4	1	920	57	18.9452318165	25.6182409971	24.9723375128	23.969
6707	0	4	2	2263	141	18.9452318165	30.9098045524	30.2639010681	10.882
6708	0	4	1	1090	68	12.4502445225	30.0250722089	29.6006035935	13.008
6708	0	4	2	2438	152	12.4502445225	31.9083278561	31.4838592407	7.811
6709	0	4	1	471	29	13.5352270459	20.5785619735	20.1171028372	11.197
6709	0	4	2	1818	113	13.5352270459	27.6404280221	27.1789688859	12.158
6710	0	4	1	1012	63	18.9526498907	28.8497302944	28.2035739042	11.433
6710	0	4	2	2356	147	18.9526498907	34.7470105537	34.1008541636	7.055
6711	0	4	1	796	49	23.155807148	32.6282327393	31.8387772887	11.874
6711	0	4	2	2134	133	23.155807148	32.6672815063	31.8778260558	20.347
6712	0	4	1	212	13	18.780661155	29.1687009165	28.5284081719	15.149
6712	0	4	2	1555	97	18.780661155	30.8852458896	30.2449531449	14.882
6714	0	4	1	414	25	14.0353352301	32.2735654542	31.7950560321	13.748
6714	0	4	2	1762	110	14.0353352301	29.9069521394	29.4284427173	14
6715	0	4	1	1103	68	12.534724636	27.6922645939	27.2649157815	10.693
6715	0	4	2	2452	153	12.534724636	30.0920091185	29.6646603061	11.118
6716	0	4	1	486	30	12.6357644788	28.944402266	28.5136086826	14.614
6716	0	4	2	1831	114	12.6357644788	27.5593270283	27.1285334449	9.527
6718	0	4	1	1094	68	11.7165326236	30.8201702289	30.4207161964	13.496
6718	0	4	2	2442	152	11.7165326236	35.8613307979	35.4618767654	9.055
6720	0	4	1	549	34	11.3810703731	27.955622575	27.5676055225	12.708
6720	0	4	2	1899	118	11.3810703731	30.624147702	30.2361306494	7.654
6721	0	4	1	444	27	10.6685090423	30.9190171753	30.5552936152	28.378
6721	0	4	2	1791	111	10.6685090423	28.605274598	28.2415510379	8.063
6722	0	4	1	807	50	24.7891484547	32.8410466467	31.9959053724	15.685
6722	0	4	2	2148	134	24.7891484547	30.3026324302	29.4574911559	6.189
6723	0	4	1	1092	68	10.9026163801	41.1123928602	40.740687833	8.504
6723	0	4	2	2439	152	10.9026163801	44.257049873	43.8853448458	10.914
6724	0	4	1	490	30	12.100287342	27.4940475965	27.0815101396	15.386
6724	0	4	2	1837	114	12.100287342	24.8153090679	24.402771611	13.528
6725	0	4	1	440	27	13.1323311385	30.6987853663	30.2510622389	7.496
6725	0	4	2	1787	111	13.1323311385	31.25079309	30.8030699625	7.464
6726	0	4	1	962	60	19.1598988205	32.2587145078	31.6054923395	5.811
6726	0	4	2	2305	144	19.1598988205	34.5139820666	33.8607598983	5.024
6727	0	4	1	901	56	17.9387007796	34.5854371134	33.9738494881	13.779
6727	0	4	2	2242	140	17.9387007796	35.7555127201	35.1439250948	7.937
6728	0	4	1	1098	68	14.1538279523	35.9152858373	35.4327366197	4.504
6728	0	4	2	2446	152	14.1538279523	34.4148559108	33.9323066932	4.788
6729	0	4	1	305	19	6.97347750626	26.4572476436	26.2194995146	10
6729	0	4	2	1649	103	6.97347750626	25.7080191137	25.4702709846	12.882
6730	0	4	1	579	36	9.56393068054	27.6976788288	27.3716138743	11.874
6730	0	4	2	1928	120	9.56393068054	25.6935412331	25.3674762786	9.559
6731	0	4	1	809	50	22.6419395181	32.4512795288	31.6793434676	4.252
6731	0	4	2	2151	134	22.6419395181	30.6706709381	29.898734877	10.756
6732	0	4	1	430	26	8.94280576964	30.1189708972	29.8140820755	14.63
6732	0	4	2	1776	111	8.94280576964	29.080784438	28.7758956162	7.842
6733	0	4	1	449	28	12.5886510642	27.1094466362	26.6802592996	17.323
6733	0	4	2	1796	112	12.5886510642	29.8794955695	29.4503082329	9.244
6734	0	4	1	958	59	20.8745770239	28.2429380483	27.5312570214	4.347
6734	0	4	2	2301	143	20.8745770239	29.9520474239	29.240366397	4.945
6735	0	4	1	920	57	14.3425291667	32.8456698647	32.3566872198	19.086
6735	0	4	2	2264	141	14.3425291667	30.2967144544	29.8077318095	4.315
6736	0	4	1	247	15	17.2052322772	32.1705759617	31.5839946211	6.567
6736	0	4	2	1588	99	17.2052322772	29.3899509489	28.8033696083	12.535
6737	0	4	1	530	33	10.6703590904	26.480319381	26.1165327469	9.653
6737	0	4	2	1879	117	10.6703590904	29.3429713246	28.9791846904	10.834
6738	0	4	1	931	58	21.3131334614	34.0190340936	33.2924012765	7.968
6738	0	4	2	2274	142	21.3131334614	30.5584031314	29.8317703143	10.788
6739	0	4	1	507	31	8.92219881034	29.9716066948	29.6674204302	14.992
6739	0	4	2	1858	116	8.92219881034	29.5072883619	29.2031020973	9.874
6741	0	4	1	915	57	10.985503565	32.8850070242	32.510476108	18.724
6741	0	4	2	2258	141	10.985503565	35.0902330266	34.7157021104	5.181
6742	0	4	1	282	17	10.9895476961	32.085702863	31.7110340694	14.441
6742	0	4	2	1626	101	10.9895476961	31.2136371423	30.8389683487	10.221
6743	0	4	1	804	50	26.075607	30.5471147524	29.6581139959	18.551
6743	0	4	2	2145	134	26.075607	34.1357237261	33.2467229696	12.835
6744	0	4	1	1096	68	23.0121634243	21.6915581968	20.9070000198	10
6744	0	4	2	2444	152	23.0121634243	21.9005708284	21.1160126513	10.347
6745	0	4	1	1229	76	13.6476250997	26.3525487219	25.8872575769	17.166
6745	0	4	2	2580	161	13.6476250997	27.1210275592	26.6557364142	10.488
6746	0	4	1	808	50	26.9611604612	31.6013672918	30.6821751884	6.803
6746	0	4	2	2149	134	26.9611604612	31.7923801207	30.8731880172	17.355
6747	0	4	1	909	56	17.8615275428	29.6439882467	29.0350317037	12.41
6747	0	4	2	2251	140	17.8615275428	29.233371435	28.6244148919	11.528
6748	0	4	1	235	14	19.4707564745	31.7789146231	31.1150943241	5.244
6748	0	4	2	1578	98	19.4707564745	30.4083613232	29.7445410242	12.63
6749	0	4	1	482	30	7.95106177821	25.6938285637	25.4227514634	29.496
6749	0	4	2	1827	114	7.95106177821	28.3826332309	28.1115561305	6.945
6750	0	4	1	541	33	11.8817479437	33.0459048766	32.6408181259	4.504
6750	0	4	2	1890	118	11.8817479437	31.4029754614	30.9978887108	5.905
6751	0	4	1	218	13	21.5598435342	36.4448378003	35.7097938486	9.37
6751	0	4	2	1561	97	21.5598435342	36.3696498167	35.6346058651	13.496
6752	0	4	1	808	50	22.1043030417	34.8952893604	34.1416830445	10.646
6752	0	4	2	2150	134	22.1043030417	33.6192845348	32.8656782189	10.535
6753	0	4	1	794	49	22.427806413	33.8090219457	33.0443863663	9.433
6753	0	4	2	2134	133	22.427806413	32.6900386007	31.9254030212	10.992
6754	0	4	1	506	31	6.84011464968	30.4738781676	30.2406768044	12.441
6754	0	4	2	1857	116	6.84011464968	29.4134136423	29.1802122791	11.307
6755	0	4	1	1227	76	6.55005972215	30.1138027236	29.8904902596	11.212
6755	0	4	2	2580	161	6.55005972215	30.8519167868	30.6286043229	14.126
6756	0	4	1	1092	68	12.0082474797	31.9140621481	31.5046626241	11.165
6756	0	4	2	2439	152	12.0082474797	32.3109726308	31.9015731068	9.622
6757	0	4	1	180	11	19.7133743219	28.98539736	28.3133054434	18.614
6757	0	4	2	1524	95	19.7133743219	29.7525703861	29.0804784695	16.095
6758	0	4	1	902	56	20.2003037756	33.004423486	32.3157305885	14.315
6758	0	4	2	2244	140	20.2003037756	34.8597298991	34.1710370016	10.252
6759	0	4	1	835	52	21.8722270037	27.6574226521	26.9117285499	8.787
6759	0	4	2	2176	136	21.8722270037	24.5720940854	23.8263999831	7.59
6760	0	4	1	167	10	21.255207303	30.0982419421	29.3735840129	11.622
6760	0	4	2	1509	94	21.255207303	29.0530199456	28.3283620164	13.685
6761	0	4	1	523	32	4.58550916203	28.6893906806	28.5330560221	13.134
6761	0	4	2	1867	116	4.58550916203	30.8212312014	30.664896543	10.645
6762	0	4	1	485	30	12.0884613373	26.3715559794	25.9594217087	20.315
6762	0	4	2	1830	114	12.0884613373	26.1547868274	25.7426525567	7.323
6763	0	4	1	514	32	13.3769060271	26.6038861581	26.1478246912	8.488
6763	0	4	2	1861	116	13.3769060271	31.9435167834	31.4874553165	11.591
6764	0	4	1	935	58	18.3973747987	20.0295655598	19.4023402717	6.315
6764	0	4	2	2272	142	18.3973747987	28.1291467272	27.5019214391	11.039
6765	0	4	1	584	36	11.0031387292	26.03381448	25.6586823247	15.213
6765	0	4	2	1933	120	11.0031387292	28.6798733261	28.3047411708	12.063
6766	0	4	1	250	15	18.441588945	32.6772731957	32.048540506	9.78
6766	0	4	2	1592	99	18.441588945	33.2534658632	32.6247331736	4.032
6767	0	4	1	235	14	19.9378034506	33.1585616321	32.4788182095	6.252
6767	0	4	2	1578	98	19.9378034506	33.8372077271	33.1574643044	8
6768	0	4	1	428	26	11.6823589711	28.1972119496	27.7989230061	5.433
6768	0	4	2	1774	110	11.6823589711	29.9300565667	29.5317676233	11.874
6769	0	4	1	106	6	10.8828675112	31.1062109489	30.7351792237	14.252
6769	0	4	2	1446	90	10.8828675112	29.7292400405	29.3582083154	16.252
6770	0	4	1	490	30	13.4390509204	29.3493215301	28.8911413453	11.086
6770	0	4	2	1835	114	13.4390509204	29.6830469742	29.2248667894	11.087
6771	0	4	1	816	51	20.9172789104	27.480169754	26.7670328834	4.693
6771	0	4	2	2158	134	20.9172789104	31.9653419125	31.2522050419	9.638
6772	0	4	1	810	50	24.725728455	29.28711771	28.4441386261	5.559
6772	0	4	2	2153	134	24.725728455	28.9219991495	28.0790200656	5.843
6774	0	4	1	1041	65	18.5893422635	28.1210217309	27.4872516585	20.126
6774	0	4	2	2394	149	18.5893422635	30.116563392	29.4827933197	18.315
6775	0	4	1	429	26	10.3259398358	28.5598111485	28.2077668672	10.315
6775	0	4	2	1776	111	10.3259398358	30.2226574819	29.8706132006	8.834
6776	0	4	1	290	18	16.7704745763	34.7632032668	34.1914442053	5.937
6776	0	4	2	1631	101	16.7704745763	34.4739128265	33.9021537651	12.189
6778	0	4	1	779	48	22.3165446202	30.4030164507	29.6421741413	11.37
6778	0	4	2	2120	132	22.3165446202	32.4186967361	31.6578544266	25.197
6779	0	4	1	1279	79	11.0711546698	26.462616083	26.085165047	16.677
6779	0	4	2	2628	164	11.0711546698	30.7085097253	30.3310586893	9.339
6780	0	4	1	478	29	14.1933167972	29.8515842125	29.367688694	12.63
6780	0	4	2	1826	114	14.1933167972	27.1130374628	26.6291419443	5.276
6781	0	4	1	431	26	10.4507127532	30.0065694882	29.6502712995	12.551
6781	0	4	2	1779	111	10.4507127532	26.4338998566	26.0776016679	6.252
6782	0	4	1	428	26	9.25241329691	28.0031399896	27.687695658	12
6782	0	4	2	1774	110	9.25241329691	28.9997702417	28.6843259101	13.008
6783	0	4	1	485	30	14.4673975131	26.9477694421	26.4545296363	16.74
6783	0	4	2	1829	114	14.4673975131	28.7634695344	28.2702297285	8.772
6784	0	4	1	428	26	9.00636863959	27.8287495556	27.5216936726	12.41
6784	0	4	2	1775	110	9.00636863959	30.786786849	30.479730966	10.913
6785	0	4	1	470	29	13.8508572143	27.8751465202	27.402926543	8.819
6785	0	4	2	1817	113	13.8508572143	31.2048024823	30.7325825052	8.977
6786	0	4	1	920	57	20.9869477748	28.1150013277	27.3994892229	18.614
6786	0	4	2	2262	141	20.9869477748	30.7091799845	29.9936678797	8.378
6787	0	4	1	453	28	8.69828464639	30.9922639135	30.6957115981	10.063
6787	0	4	2	1799	112	8.69828464639	33.5191201367	33.2225678214	4.819
6788	0	4	1	129	8	21.31313838	25.3651053147	24.6384723299	14.158
6788	0	4	2	1470	91	21.31313838	34.9804441085	34.2538111237	13.559
6789	0	4	1	938	58	19.4232986776	32.9090352652	32.2468329541	11.496
6789	0	4	2	2284	142	19.4232986776	30.7721921276	30.1099898165	12.693
6790	0	4	1	917	57	17.2802082878	18.5005934494	17.9114559371	5.969
6790	0	4	2	2264	141	17.2802082878	29.6374265087	29.0482889964	9.165
6791	0	4	1	1041	65	13.7071373296	29.2068339546	28.7395138475	12.504
6791	0	4	2	2394	149	13.7071373296	30.4397856322	29.9724655251	9.811
6792	0	4	1	1237	77	12.3031930912	29.8394400158	29.4199848535	8.032
6792	0	4	2	2585	161	12.3031930912	31.0329317597	30.6134765974	9.323
6793	0	4	1	276	17	15.9361999046	31.1066728776	30.5633569053	17.244
6793	0	4	2	1620	101	15.9361999046	30.6854875226	30.1421715503	14.252
6794	0	4	1	998	62	18.1921208129	29.3485255537	28.7282980297	8.346
6794	0	4	2	2344	146	18.1921208129	29.449985125	28.829757601	8.095
6795	0	4	1	430	26	12.2418325535	26.3779187357	25.9605555502	12.52
6795	0	4	2	1776	111	12.2418325535	25.1997170806	24.7823538952	14.693
6796	0	4	1	430	26	10.7361616134	33.6036621266	33.2376320742	10.851
6796	0	4	2	1775	110	10.7361616134	32.5884487042	32.2224186518	7.496
6797	0	4	1	972	60	16.2541300055	27.4226348577	26.8684796325	7.339
6797	0	4	2	2317	144	16.2541300055	29.9175326891	29.3633774638	5.134
6798	0	4	1	456	28	11.0845147285	28.8537914846	28.4758849615	5.48
6798	0	4	2	1801	112	11.0845147285	27.6188117373	27.2409052142	14.126
6799	0	4	1	510	31	8.6095862069	27.9085919523	27.6150636501	10.598
6799	0	4	2	1858	116	8.6095862069	30.1275755481	29.8340472459	11.654
6800	0	4	1	1022	63	14.7857987467	31.7290834718	31.2249883506	10.441
6800	0	4	2	2368	148	14.7857987467	28.446594642	27.9424995208	23.213
6801	0	4	1	1262	78	10.904470267	33.1723862857	32.8006180535	7.26
6801	0	4	2	2615	163	10.904470267	29.9579677022	29.5861994701	7.071
6802	0	4	1	864	54	20.8603621598	22.8080499421	22.0968535454	16.488
6802	0	4	2	2209	138	20.8603621598	33.5642680288	32.853071632	22.252
6803	0	4	1	1218	76	8.03237096469	29.7309917883	29.4571425979	4.819
6803	0	4	2	2567	160	8.03237096469	29.7353301286	29.4614809383	5.417
6804	0	4	1	297	18	18.729769985	30.5257324092	29.8871747071	11.811
6804	0	4	2	1640	102	18.729769985	30.9426990714	30.3041413693	7.37
6805	0	4	1	338	21	16.4467662655	33.0984320662	32.5377092554	9.717
6805	0	4	2	1681	105	16.4467662655	33.3565839201	32.7958611092	7.559
6805	1	4	1	337	21	16.4467662655	32.7255700903	32.1648472794	12.315
6805	1	4	2	1682	105	16.4467662655	30.9996898258	30.4389670149	9.968
6806	0	4	1	571	35	12.8969020387	25.3096322229	24.8699356257	15.748
6806	0	4	2	1921	120	12.8969020387	29.6756463993	29.2359498021	13.748
6808	0	4	1	870	54	19.0954933901	33.4088767439	32.7578503624	11.905
6808	0	4	2	2212	138	19.0954933901	33.377145174	32.7261187925	10.032
6810	0	4	1	1012	63	16.4838405145	26.7690536037	26.2070668132	13.717
6810	0	4	2	2357	147	16.4838405145	32.2427212146	31.6807344241	10.929
6811	0	4	1	1265	79	6.97100476992	32.9523494783	32.7146856527	13.969
6811	0	4	2	2616	163	6.97100476992	32.1149677871	31.8773039615	12.473
6812	0	4	1	505	31	7.56129580888	33.5763340208	33.3185452877	6.882
6812	0	4	2	1852	115	7.56129580888	30.3487519911	30.090963258	5.496
6813	0	4	1	488	30	14.8187698446	26.6016686509	26.0964494396	20.158
6813	0	4	2	1832	114	14.8187698446	28.1611677291	27.6559485178	15.779
6815	0	4	1	428	26	16.1009138704	28.4571480807	27.908216483	6.252
6815	0	4	2	1774	110	16.1009138704	27.0712975281	26.5223659304	10.725
6816	0	4	1	806	50	21.8606200579	33.7075251753	32.9622267909	8.961
6816	0	4	2	2146	134	21.8606200579	31.1296996518	30.3844012675	9.874
6817	0	4	1	485	30	11.5802564665	26.607203422	26.2123954791	17.842
6817	0	4	2	1829	114	11.5802564665	27.8574886255	27.4626806826	12.961
6818	0	4	1	810	50	23.6051002645	31.8012281749	30.9964548865	6.756
6818	0	4	2	2151	134	23.6051002645	33.8502497487	33.0454764603	15.433
6819	0	4	1	1227	76	11.7487063713	28.3554142645	27.9548633262	8.346
6819	0	4	2	2579	161	11.7487063713	29.3997321682	28.9991812298	9.527
6820	0	4	1	337	21	11.3676023016	28.3271553645	27.9395974816	4.252
6820	0	4	2	1682	105	11.3676023016	31.6845955448	31.2970376619	8.378
6822	0	4	1	529	33	12.4754667811	31.4407874858	31.015458963	10.693
6822	0	4	2	1879	117	12.4754667811	27.2083296386	26.7830011158	10.929
6823	0	4	1	1230	76	12.3979312785	30.9507265956	30.5280415058	9.37
6823	0	4	2	2580	161	12.3979312785	28.5752953915	28.1526103018	13.843
6824	0	4	1	340	21	15.6473885547	31.8795897058	31.3461202352	14.252
6824	0	4	2	1684	105	15.6473885547	29.825313297	29.2918438264	6.85
6825	0	4	1	1213	75	13.8964976431	30.0191577426	29.5453817374	7.449
6825	0	4	2	2561	160	13.8964976431	30.9606372569	30.4868612517	6.945
6826	0	4	1	562	35	6.867875	32.5506986221	32.3165508199	13.37
6826	0	4	2	1912	119	6.867875	34.6619903873	34.4278425851	4.929
6827	0	4	1	567	35	10.4042866432	33.8011776731	33.4464622988	12.126
6827	0	4	2	1914	119	10.4042866432	30.8893037897	30.5345884154	10.567
6828	0	4	1	1227	76	14.029826667	30.9750606285	30.4967390109	10.378
6828	0	4	2	2578	161	14.029826667	30.8844601574	30.4061385398	11.086
6829	0	4	1	455	28	10.6753389461	29.2207487117	28.8567922984	18.094
6829	0	4	2	1805	112	10.6753389461	30.0966830413	29.7327266279	6.252
6830	0	4	1	413	25	13.6990385103	32.6067737948	32.1397298023	9.496
6830	0	4	2	1760	110	13.6990385103	31.9534089018	31.4863649094	12
6831	0	4	1	1098	68	13.5899546478	28.5420001163	28.0786751413	11.969
6831	0	4	2	2446	152	13.5899546478	28.4109338732	27.9476088981	13.874
6833	0	4	1	920	57	22.3931835982	29.9505135616	29.1870583845	20.756
6833	0	4	2	2263	141	22.3931835982	31.0802194731	30.316764296	8.504
6834	0	4	1	1035	64	15.8288366252	30.8319914161	30.292335801	4.882
6834	0	4	2	2379	148	15.8288366252	38.6752090726	38.1355534575	5.37
6835	0	4	1	551	34	13.7430200857	25.1899207259	24.721377261	8.536
6835	0	4	2	1897	118	13.7430200857	24.6977125862	24.2291691213	14.315
6836	0	4	1	1000	62	12.8903648329	29.6527039844	29.2132302614	12.992
6836	0	4	2	2345	146	12.8903648329	28.9068681461	28.4673944231	7.843
6837	0	4	1	430	26	10.7998560849	30.4640993585	30.095897758	11.874
6837	0	4	2	1777	111	10.7998560849	29.0121888953	28.6439872949	12.441
6838	0	4	1	103	6	21.1303656976	21.0362371598	20.3158354798	20.693
6838	0	4	2	1444	90	21.1303656976	28.9953649062	28.2749632262	18.693
6839	0	4	1	334	20	15.3502132132	30.7864297017	30.263091888	9.307
6839	0	4	2	1677	104	15.3502132132	30.088594078	29.5652562642	5.811
6840	0	4	1	1095	68	12.6451889701	28.0299505734	27.5988356789	9.622
6840	0	4	2	2442	152	12.6451889701	29.2679065655	28.836791671	9.874
6841	0	4	1	901	56	16.1190847413	28.3262243861	27.7766732854	16.252
6841	0	4	2	2242	140	16.1190847413	29.1712667264	28.6217156257	10.63
6842	0	4	1	458	28	9.83399426837	31.3934609143	31.0581886292	13.638
6842	0	4	2	1803	112	9.83399426837	30.4052126369	30.0699403518	7.339
6843	0	4	1	804	50	23.3808927908	34.9195815789	34.1224522397	12.914
6843	0	4	2	2145	134	23.3808927908	35.5802708455	34.7831415062	6.819
6844	0	4	1	803	50	24.0292451915	22.9263945818	22.1071608376	11.496
6844	0	4	2	2148	134	24.0292451915	27.5028526549	26.6836189107	5.338
6844	1	4	1	802	50	24.0292451915	20.5066771893	19.6874434451	15.166
6844	1	4	2	2149	134	24.0292451915	32.3017694726	31.4825357285	8.992
6845	0	4	1	1079	67	14.7003962817	27.2707770047	26.7695935264	9.937
6845	0	4	2	2425	151	14.7003962817	26.9925927654	26.4914092871	15.905
6846	0	4	1	1069	66	15.8964559028	27.9149427349	27.3729817626	9.024
6846	0	4	2	2415	150	15.8964559028	26.7276465929	26.1856856206	21.071
6847	0	4	1	520	32	7.46021248684	29.595120965	29.3407784853	7.118
6847	0	4	2	1867	116	7.46021248684	28.6805004949	28.4261580152	8.378
6848	0	4	1	879	54	19.2679512537	31.6074593853	30.9505533643	14.74
6848	0	4	2	2220	138	19.2679512537	32.7105824453	32.0536764243	14.378
6849	0	4	1	490	30	14.1106510275	27.3577519149	26.8766747366	16.96
6849	0	4	2	1835	114	14.1106510275	30.3841425214	29.9030653431	15.338
6850	0	4	1	488	30	12.4069813577	30.4492769435	30.0262833076	14.583
6850	0	4	2	1833	114	12.4069813577	30.0243607326	29.6013670967	12.772
6851	0	4	1	1218	76	12.1171718334	28.084513886	27.6714007828	8.945
6851	0	4	2	2572	160	12.1171718334	30.1223898725	29.7092767693	10
6852	0	4	1	838	52	18.9533734459	32.3919321465	31.745751088	11.842
6852	0	4	2	2181	136	18.9533734459	27.0589554976	26.4127744391	8.897
6853	0	4	1	297	18	18.3910729461	31.4413879009	30.8143774631	14.441
6853	0	4	2	1641	102	18.3910729461	31.9325859497	31.3055755119	6.834
6854	0	4	1	918	57	16.151563091	34.5886780535	34.038019662	20.771
6854	0	4	2	2261	141	16.151563091	33.8834186499	33.3327602585	5.843
6855	0	4	1	411	25	13.1072424347	31.4616197617	31.0147519883	6.409
6855	0	4	2	1756	109	13.1072424347	31.40922564	30.9623578666	5.653
6857	0	4	1	985	61	11.8736697555	23.9233006319	23.5184892925	10.567
6857	0	4	2	2330	145	11.8736697555	30.9965396204	30.591728281	13.622
6858	0	4	1	491	30	12.3257321552	28.8624583488	28.4422347578	15.906
6858	0	4	2	1837	114	12.3257321552	24.9228753929	24.5026518019	9.559
6859	0	4	1	429	26	9.19090909091	26.2329570275	25.9196095709	17.937
6859	0	4	2	1775	110	9.19090909091	29.6051287307	29.291781274	14
6860	0	4	1	486	30	12.2505586369	30.7413593429	30.3236986573	12.929
6860	0	4	2	1830	114	12.2505586369	28.6585693088	28.2409086232	13.685
6861	0	4	1	205	12	18.6566485296	21.41949031	20.7834255519	16.315
6861	0	4	2	1543	96	18.6566485296	28.9514547284	28.3153899704	12.598
6862	0	4	1	987	61	12.6608278254	29.0563655943	28.6247175212	11.165
6862	0	4	2	2332	145	12.6608278254	32.5262197425	32.0945716694	17.023
6863	0	4	1	1223	76	15.0090552693	29.2356660143	28.7239593649	10.347
6863	0	4	2	2574	160	15.0090552693	30.5668749705	30.0551683211	9.748
6864	0	4	1	240	15	19.7809666587	32.164040157	31.4896438017	7.433
6864	0	4	2	1581	98	19.7809666587	32.3933026071	31.7189062517	9.118
6865	0	4	1	1000	62	13.6014405355	31.8597595297	31.396042964	13.969
6865	0	4	2	2345	146	13.6014405355	31.4476852376	30.983968672	17.465
6866	0	4	1	1090	68	10.0363367737	30.3437391422	30.0015683546	10.724
6866	0	4	2	2438	152	10.0363367737	30.9856947994	30.6435240118	7.166
6867	0	4	1	1090	68	11.8703299418	33.5132134461	33.1085159716	5.118
6867	0	4	2	2437	152	11.8703299418	33.2612924614	32.8565949869	8.756
6868	0	4	1	477	29	10.3418631967	26.7147352301	26.3621480706	11.071
6868	0	4	2	1826	114	10.3418631967	26.5364803923	26.1838932328	5.559
6869	0	4	1	249	15	16.5376194771	29.0791319376	28.5153116505	12.788
6869	0	4	2	1591	99	16.5376194771	28.1523805918	27.5885603047	17.748
6870	0	4	1	237	14	17.0097260746	29.3976287065	28.817712797	6.252
6870	0	4	2	1579	98	17.0097260746	30.7993347499	30.2194188404	5.874
6871	0	4	1	429	26	8.69399442604	28.4548863246	28.1584802766	16.425
6871	0	4	2	1775	110	8.69399442604	30.2628894962	29.9664834482	15.37
6872	0	4	1	1258	78	6.58989418589	29.0929742339	28.8683036858	8.126
6872	0	4	2	2609	163	6.58989418589	29.1582668629	28.9335963148	13.197
6873	0	4	1	807	50	23.7030710362	33.2179495877	32.4098361627	14.378
6873	0	4	2	2149	134	23.7030710362	32.4736540345	31.6655406094	4.284
6875	0	4	1	529	33	7.70582441079	27.1314132692	26.8686970943	6.032
6875	0	4	2	1876	117	7.70582441079	30.4116149578	30.1488987828	6.22
6876	0	4	1	487	30	13.8130692342	30.0116463401	29.540714676	14.031
6876	0	4	2	1831	114	13.8130692342	28.3500087194	27.8790770552	11.874
6877	0	4	1	902	56	17.2413155623	31.3328136297	30.7450020947	18.929
6877	0	4	2	2244	140	17.2413155623	31.3773426914	30.7895311563	16.031
6878	0	4	1	429	26	13.4072331234	28.3792800088	27.9221845943	16.992
6878	0	4	2	1775	110	13.4072331234	30.0051433109	29.5480478964	16.661
6879	0	4	1	1255	78	5.97004449654	29.8655200613	29.6619821696	7.748
6879	0	4	2	2604	162	5.97004449654	32.8212191544	32.6176812627	10.662
6880	0	4	1	994	62	17.2508757979	26.4355789905	25.8474415164	18.882
6880	0	4	2	2331	145	17.2508757979	29.3170811708	28.7289436967	12.567
6881	0	4	1	431	26	9.84736185464	31.4042381121	31.0685100833	10.063
6881	0	4	2	1777	111	9.84736185464	30.7029944446	30.3672664158	6.126
6882	0	4	1	488	30	10.0163728754	30.7156382396	30.3741480851	17.275
6882	0	4	2	1832	114	10.0163728754	30.8945163749	30.5530262204	13.496
6883	0	4	1	1063	66	18.1732649977	26.9497758111	26.3301911422	6.63
6883	0	4	2	2411	150	18.1732649977	26.6603422333	26.0407575644	12.283
6884	0	4	1	1258	78	8.93733225234	48.9752251823	48.6705229702	6.693
6884	0	4	2	2600	162	8.93733225234	49.6522788322	49.3475766201	9.779
6885	0	4	1	232	14	16.5250848543	27.7419743626	27.1785814208	7.433
6885	0	4	2	1575	98	16.5250848543	30.1366137788	29.573220837	4.851
6886	0	4	1	864	54	17.972492746	32.3664953024	31.753755601	13.213
6886	0	4	2	2209	138	17.972492746	33.5112480007	32.8985082993	14.693
6887	0	4	1	489	30	12.164382604	28.8532277787	28.4385051094	19.433
6887	0	4	2	1835	114	12.164382604	29.2264334099	28.8117107406	8.031
6888	0	4	1	1059	66	16.6408565491	29.632671677	29.0653317082	12.661
6888	0	4	2	2404	150	16.6408565491	27.515028583	26.9476886142	19.811
6889	0	4	1	187	11	20.5372093628	30.8086895198	30.1085104344	6.788
6889	0	4	2	1540	96	20.5372093628	32.1506020441	31.4504229587	6.252
6890	0	4	1	1234	77	9.46952305998	28.021844181	27.6989978839	12.834
6890	0	4	2	2584	161	9.46952305998	26.5707200016	26.2478737046	20.819
6892	0	4	1	536	33	8.97071751939	30.5254472265	30.2196068041	14.031
6892	0	4	2	1888	118	8.97071751939	29.8961123757	29.5902719532	7.717
6892	1	4	1	535	33	8.97071751939	32.8209026843	32.5150622618	7.418
6892	1	4	2	1892	118	8.97071751939	34.9517614944	34.6459210719	6.394
6893	0	4	1	469	29	14.0805428814	40.5447675072	40.0647168118	12.945
6893	0	4	2	1816	113	14.0805428814	29.6830738906	29.2030231952	14.063
6894	0	4	1	456	28	10.8039441805	30.7474678541	30.3791268774	4.819
6894	0	4	2	1801	112	10.8039441805	30.7953194686	30.426978492	13.842
6895	0	4	1	526	32	5.27567063454	26.4683805421	26.2885160739	6.189
6895	0	4	2	1874	117	5.27567063454	28.4791348288	28.2992703607	7.48
6896	0	4	1	805	50	24.5836909861	33.1450885039	32.3069519311	7.969
6896	0	4	2	2146	134	24.5836909861	29.3620420135	28.5239054407	4.094
6898	0	4	1	429	26	11.8326064198	28.4523814548	28.0489700957	11.685
6898	0	4	2	1776	111	11.8326064198	29.1070017577	28.7035903987	9.78
6899	0	4	1	1273	79	7.43413972515	25.6299656142	25.3765120382	5.748
6899	0	4	2	2624	164	7.43413972515	30.0792159537	29.8257623778	10.756
6900	0	4	1	1040	65	12.7078178429	29.018519348	28.5852692351	15.213
6900	0	4	2	2393	149	12.7078178429	32.2074217049	31.7741715921	5.874
6901	0	4	1	443	27	11.7797429813	27.9136928358	27.5120837603	5.181
6901	0	4	2	1791	111	11.7797429813	27.3767189102	26.9751098346	6.22
6902	0	4	1	261	16	18.1494586526	31.0268349973	30.4080619627	5.071
6902	0	4	2	1608	100	18.1494586526	30.7385082887	30.1197352541	4.346
6903	0	4	1	1044	65	15.9747001453	21.3289940911	20.7843655226	7.008
6903	0	4	2	2401	150	15.9747001453	29.029395136	28.4847665675	25.307
6904	0	4	1	534	33	8.05536783673	22.2317857467	21.9571525195	5.008
6904	0	4	2	1905	119	8.05536783673	24.6693461384	24.3947129113	10.189
6905	0	4	1	430	26	9.47449915418	29.3354325297	29.0124165816	14.095
6905	0	4	2	1777	111	9.47449915418	26.6465820506	26.3235661026	8.031
6907	0	4	1	998	62	17.7318993423	28.5513333227	27.9467962191	14.567
6907	0	4	2	2343	146	17.7318993423	31.0422299572	30.4376928536	12
6908	0	4	1	1087	67	12.3428089009	27.5240501602	27.1032443684	13.134
6908	0	4	2	2436	152	12.3428089009	30.1106129933	29.6898072015	12.22
6909	0	4	1	470	29	15.4992808244	28.0096147163	27.4811947114	12.252
6909	0	4	2	1816	113	15.4992808244	29.8892935782	29.3608735734	12.094
6910	0	4	1	1021	63	14.6975897751	29.0154265265	28.514338731	14.252
6910	0	4	2	2368	148	14.6975897751	27.2132444949	26.7121566994	23.244
6911	0	4	1	490	30	12.1313976996	27.5860586139	27.1724605054	14.536
6911	0	4	2	1835	114	12.1313976996	30.2125315837	29.7989334752	13.717
6912	0	4	1	488	30	13.1655477654	28.4582176868	28.0093620984	16.598
6912	0	4	2	1833	114	13.1655477654	32.0491115963	31.6002560079	12.378
6913	0	4	1	1103	68	13.6678389384	31.2929629823	30.8269826829	11.433
6913	0	4	2	2456	153	13.6678389384	31.4485657333	30.9825854339	5.874
6914	0	4	1	1105	69	12.2209555331	27.4518880373	27.0352366162	7.307
6914	0	4	2	2452	153	12.2209555331	30.2058551144	29.7892036932	10.158
6915	0	4	1	460	28	14.0964272562	29.4202923022	28.9397000577	5.78
6915	0	4	2	1806	112	14.0964272562	26.8671523404	26.3865600959	12.252
6916	0	4	1	1257	78	5.01172426733	25.9500019933	25.7791363002	8.898
6916	0	4	2	2603	162	5.01172426733	25.7072036702	25.5363379771	13.654
6917	0	4	1	790	49	23.4827129211	26.6982728223	25.8976721095	12.221
6917	0	4	2	2132	133	23.4827129211	32.598093207	31.7974924942	20.094
6918	0	4	1	599	37	9.38803097421	31.4987605636	31.1786925921	9.465
6918	0	4	2	1948	121	9.38803097421	25.7584306179	25.4383626464	13.622
6920	0	4	1	604	37	9.21489278118	27.3086687009	26.9945035635	15.339
6920	0	4	2	1955	122	9.21489278118	26.5669500884	26.2527849511	15.071
6921	0	4	1	1024	64	14.3292310172	38.3493469268	37.8608176583	7.811
6921	0	4	2	2360	147	14.3292310172	35.1077779489	34.6192486803	7.402
6922	0	4	1	902	56	18.8419307296	29.2071962565	28.5648146363	8.22
6922	0	4	2	2245	140	18.8419307296	30.4092241971	29.7668425769	12
6923	0	4	1	240	15	17.6169423119	30.5691604505	29.9685425994	7.685
6923	0	4	2	1580	98	17.6169423119	25.8371606086	25.2365427575	4.063
6924	0	4	1	179	11	20.3041848053	27.9293641776	27.2371296439	8.835
6924	0	4	2	1521	95	20.3041848053	31.3983871043	30.7061525706	10.095
6926	0	4	1	117	7	15.3362695026	31.0568072654	30.5339448374	13.118
6926	0	4	2	1457	91	15.3362695026	36.955803774	36.4329413459	12.063
6927	0	4	1	513	32	6.38819956006	31.1828639131	30.9650697793	8.535
6927	0	4	2	1860	116	6.38819956006	29.9816272509	29.763833117	12.456
6928	0	4	1	265	16	18.9579244021	31.333201481	30.6868652659	15.055
6928	0	4	2	1608	100	18.9579244021	31.37222633	30.7258901149	10.473
6929	0	4	1	328	20	15.2589916938	31.2499413108	30.7297135301	11.874
6929	0	4	2	1671	104	15.2589916938	18.6769372902	18.1567095095	4.346
6930	0	4	1	490	30	12.1109336424	27.3517428794	26.938842456	16.614
6930	0	4	2	1834	114	12.1109336424	29.2920016776	28.8791012543	12.409
6931	0	4	1	1250	78	10.8561715478	28.9033835882	28.5332620137	4.221
6931	0	4	2	2599	162	10.8561715478	30.3604597476	29.9903381731	13.307
6932	0	4	1	275	17	18.7759198415	26.8594202147	26.2192891165	11.654
6932	0	4	2	1619	101	18.7759198415	28.3017912889	27.6616601908	20.724
6933	0	4	1	513	32	10.1981244055	32.739373881	32.3916872361	6.819
6933	0	4	2	1860	116	10.1981244055	28.7896290162	28.4419423713	8.504
6935	0	4	1	488	30	10.9421246487	29.4936778575	29.1206258672	14.961
6935	0	4	2	1831	114	10.9421246487	27.5911511332	27.2180991429	4.567
6936	0	4	1	903	56	18.299797404	34.9672816198	34.3433830568	5.118
6936	0	4	2	2231	139	18.299797404	34.9986187049	34.374720142	10.157
6937	0	4	1	430	26	10.872826087	28.2212360958	27.8505467149	12.095
6937	0	4	2	1777	111	10.872826087	26.3971537343	26.0264643534	7.276
6938	0	4	1	561	35	7.97686425589	29.4260791956	29.1541224063	9.118
6938	0	4	2	1909	119	7.97686425589	29.0212632261	28.7493064368	9.748
6939	0	4	1	586	36	8.31863179949	27.3763839948	27.092775258	16
6939	0	4	2	1933	120	8.31863179949	28.2029060848	27.919297348	8.898
6940	0	4	1	470	29	9.72456379095	27.9712741927	27.6397327422	9.559
6940	0	4	2	1816	113	9.72456379095	26.5035092431	26.1719677927	6.693
6941	0	4	1	1061	66	10.6978580957	31.6979593064	31.3332351433	9.071
6941	0	4	2	2402	150	10.6978580957	32.4390008019	32.0742766388	8.898
6941	1	4	1	1060	66	10.6978580957	28.1346967231	27.76997256	10.725
6941	1	4	2	2408	150	10.6978580957	24.8250080974	24.4602839344	21.166
6942	0	4	1	1014	63	17.5632870853	3.36985926255	2.77107068956	5.654
6942	0	4	2	2359	147	17.5632870853	3.57870985887	2.97992128588	14.646
6943	0	4	1	798	49	27.113448892	29.5561740945	28.6317899919	18.378
6943	0	4	2	2134	133	27.113448892	27.9809229516	27.056538849	10.851
6944	0	4	1	1003	62	15.3820744207	28.645533832	28.1211097679	11.685
6944	0	4	2	2349	146	15.3820744207	28.1276657847	27.6032417206	6.472
6945	0	4	1	489	30	13.7984930452	27.9972124045	27.5267776892	15.071
6945	0	4	2	1834	114	13.7984930452	30.9592552476	30.4888205323	12.74
6946	0	4	1	887	55	20.6011821549	33.9447671316	33.2424070094	17.402
6946	0	4	2	2229	139	20.6011821549	34.0564221001	33.3540619779	10.425
6947	0	4	1	502	31	14.4068215342	31.3308379956	30.8396634184	21.716
6947	0	4	2	1850	115	14.4068215342	27.5006051981	27.009430621	15.086
6948	0	4	1	779	48	20.9347417309	32.0691402999	31.3554080659	4.913
6948	0	4	2	2119	132	20.9347417309	29.8257435027	29.1120112688	22.441
6949	0	4	1	471	29	14.890335066	30.7588307129	30.2511716146	7.937
6949	0	4	2	1817	113	14.890335066	32.352311186	31.8446520877	10.787
6950	0	4	1	841	52	21.2118992093	31.9444204426	31.2212390247	11.071
6950	0	4	2	2184	136	21.2118992093	26.956067867	26.2328864491	13.26
6951	0	4	1	1018	63	14.0182470954	31.8012746977	31.3233478647	21.008
6951	0	4	2	2363	147	14.0182470954	30.0328746522	29.5549478192	17.874
6952	0	4	1	1238	77	7.47934195937	28.446758832	28.1917641675	7.087
6952	0	4	2	2587	161	7.47934195937	29.5656318627	29.3106371981	4.709
6953	0	4	1	561	35	9.73490615709	30.1221413839	29.7902473291	14.347
6953	0	4	2	1909	119	9.73490615709	31.1222869857	30.7903929309	7.213
6954	0	4	1	934	58	11.2443908495	30.896535658	30.5131784471	17.039
6954	0	4	2	2277	142	11.2443908495	30.9958574271	30.6125002162	6.472
6955	0	4	1	449	28	11.3708812706	29.2079509388	28.8202812654	26.409
6955	0	4	2	1796	112	11.3708812706	31.4438191144	31.0561494409	4.85
6956	0	4	1	581	36	9.6578123076	29.420944843	29.0916791639	16.662
6956	0	4	2	1929	120	9.6578123076	29.3910293631	29.061763684	8.803
6957	0	4	1	184	11	12.8187320758	28.2102517379	27.7732202045	5.748
6957	0	4	2	1529	95	12.8187320758	26.7903391662	26.3533076327	14.724
6958	0	4	1	210	13	18.6725972702	30.2683311847	29.6317226832	9.654
6958	0	4	2	1553	97	18.6725972702	30.9112421965	30.2746336949	11.811
6959	0	4	1	901	56	19.2931631222	29.3579006517	28.7001350775	14.977
6959	0	4	2	2244	140	19.2931631222	31.5746132551	30.9168476809	8
6960	0	4	1	792	49	26.1738493716	32.9725328742	32.0801827213	4.158
6960	0	4	2	2132	133	26.1738493716	32.0205628834	31.1282127305	15.969
6961	0	4	1	449	28	14.527204928	28.8663901852	28.3711113535	25.15
6961	0	4	2	1796	112	14.527204928	32.1241209604	31.6288421287	14.063
6962	0	4	1	936	58	17.0838871224	32.2121773755	31.629733079	10.441
6962	0	4	2	2280	142	17.0838871224	32.2851859614	31.7027416649	8.346
6963	0	4	1	249	15	14.2057023115	27.6434995338	27.1591817536	13.748
6963	0	4	2	1591	99	14.2057023115	25.8244911704	25.3401733901	5.78
6964	0	4	1	475	29	8.47344746266	32.5062240224	32.217337125	19.606
6964	0	4	2	1821	113	8.47344746266	30.2521408906	29.9632539932	10.614
6965	0	4	1	805	50	25.2738562368	36.254446188	35.3927796767	8.441
6965	0	4	2	2146	134	25.2738562368	33.9930773098	33.1314107985	6.756
6966	0	4	1	273	17	8.94706190952	32.3473350515	32.0423011243	7.496
6966	0	4	2	1616	101	8.94706190952	34.570952399	34.2659184718	12.945
6967	0	4	1	119	7	26.1059065793	31.0633745468	30.1733407808	14.441
6967	0	4	2	1459	91	26.1059065793	34.4897202394	33.5996864734	18.032
6968	0	4	1	453	28	12.0381849227	30.8190341121	30.408613925	7.843
6968	0	4	2	1798	112	12.0381849227	31.2827297106	30.8723095236	12.772
6969	0	4	1	447	27	8.10042467692	27.9444364238	27.668267065	7.181
6969	0	4	2	1792	112	8.10042467692	26.9744265704	26.6982572116	7.591
6970	0	4	1	537	33	10.4744121748	30.9758691709	30.6187629931	14
6970	0	4	2	1892	118	10.4744121748	37.2383475681	36.8812413904	10.677
6971	0	4	1	234	14	17.187440293	32.4992052612	31.9132305062	11.716
6971	0	4	2	1577	98	17.187440293	30.4767621461	29.8907873911	6.645
6972	0	4	1	1004	62	18.8433398742	32.4583731747	31.8159435123	9.339
6972	0	4	2	2349	146	18.8433398742	30.9929559087	30.3505262463	7.843
6973	0	4	1	438	27	9.32051626478	28.3751607726	28.0573945933	5.811
6973	0	4	2	1783	111	9.32051626478	29.4132796041	29.0955134248	10
6974	0	4	1	594	37	7.70895179692	28.5026671392	28.2398443416	5.811
6974	0	4	2	1945	121	7.70895179692	28.6730387389	28.4102159414	13.811
6975	0	4	1	431	26	12.1961657112	30.6415179405	30.2257116836	14.709
6975	0	4	2	1779	111	12.1961657112	29.3296868469	28.9138805899	6
6977	0	4	1	291	18	17.6143654257	32.4102855946	31.8097555978	13.59
6977	0	4	2	1634	102	17.6143654257	32.9939650524	32.3934350556	13.559
6978	0	4	1	67	4	16.3245123925	32.2246571476	31.6681023619	12.63
6978	0	4	2	1406	87	16.3245123925	33.9695466254	33.4129918397	5.496
6979	0	4	1	594	37	10.4410467796	27.8071457333	27.4511770885	13.244
6979	0	4	2	1944	121	10.4410467796	27.0464865272	26.6905178824	4.394
6980	0	4	1	549	34	5.66775384518	31.4215720228	31.2283401852	10.284
6980	0	4	2	1897	118	5.66775384518	28.2246624256	28.0314305881	13.15
6981	0	4	1	1250	78	6.0110717379	26.7264145605	26.521477919	6.41
6981	0	4	2	2600	162	6.0110717379	25.8833180456	25.6783814042	16.977
6982	0	4	1	297	18	20.2684955178	29.8912174852	29.2001997134	11.527
6982	0	4	2	1640	102	20.2684955178	32.7174216721	32.0264039003	10.708
6983	0	4	1	901	56	20.6487527335	30.994989152	30.2910071968	14.063
6983	0	4	2	2242	140	20.6487527335	30.6740611863	29.970079231	14.992
6984	0	4	1	434	27	12.1678420691	30.9641416077	30.5493009942	6.094
6984	0	4	2	1782	111	12.1678420691	31.2852097466	30.8703691332	6
6985	0	4	1	490	30	13.3173897517	26.7165719317	26.2625395648	12.914
6985	0	4	2	1834	114	13.3173897517	28.6519627392	28.1979303723	13.275
6986	0	4	1	116	7	20.2782778884	5.93985511487	5.24850383076	25.779
6986	0	4	2	1454	90	20.2782778884	15.0358919481	14.344540664	27.653
6987	0	4	1	932	58	17.6413505563	32.3965104178	31.7950604117	13.465
6987	0	4	2	2274	142	17.6413505563	28.568888406	27.9674383998	13.055
6988	0	4	1	509	31	6.84568627248	32.3696136738	32.1362223562	10.063
6988	0	4	2	1858	116	6.84568627248	30.6086926508	30.3753013332	10.882
6989	0	4	1	973	60	13.8793256973	29.0471928344	28.5740022757	14.677
6989	0	4	2	2317	144	13.8793256973	28.9321258655	28.4589353068	8.488
6990	0	4	1	433	27	9.54935963243	28.6591371322	28.3335689513	5.78
6990	0	4	2	1781	111	9.54935963243	27.6857625766	27.3601943957	20.756
6991	0	4	1	487	30	11.0745641604	27.0265888787	26.6490216022	17.465
6991	0	4	2	1831	114	11.0745641604	28.7004675342	28.3229002578	8.221
6992	0	4	1	430	26	9.87153869574	29.2135036527	28.8769513581	16.315
6992	0	4	2	1777	111	9.87153869574	28.6412249392	28.3046726446	8.22
6993	0	4	1	486	30	13.1482069851	27.7375678121	27.2893034263	18.851
6993	0	4	2	1831	114	13.1482069851	27.8850163261	27.4367519402	11.417
6994	0	4	1	1251	78	9.97896210281	31.1686150269	30.8284003251	8.22
6994	0	4	2	2601	162	9.97896210281	30.2317737059	29.8915590041	13.78
6995	0	4	1	558	34	11.8930304217	31.3194721874	30.9140007811	14.882
6995	0	4	2	1909	119	11.8930304217	29.5982063273	29.1927349209	8.158
6996	0	4	1	557	34	9.20735336489	28.3399106996	28.0260026051	15.196
6996	0	4	2	1907	119	9.20735336489	28.1241260133	27.8102179188	9.354
6997	0	4	1	1057	66	13.906735992	30.2547010142	29.780575951	5.433
6997	0	4	2	2407	150	13.906735992	27.907963582	27.4338385188	9.134
6998	0	4	1	429	26	10.8194484039	28.9937516753	28.6248821101	15.228
6998	0	4	2	1776	111	10.8194484039	28.8331002573	28.4642306921	11.086
6999	0	4	1	1227	76	6.18094053862	29.3674736494	29.1567456378	13.291
6999	0	4	2	2579	161	6.18094053862	29.7708141189	29.5600861073	8.409
7000	0	4	1	1001	62	16.3917143114	29.6479252125	29.0890792987	14.929
7000	0	4	2	2349	146	16.3917143114	29.7727264359	29.213880522	10.095
7000	1	4	1	1002	62	16.3917143114	31.2928438822	30.7339979683	14.094
7000	1	4	2	2347	146	16.3917143114	27.1341460877	26.5753001738	16.157
7001	0	4	1	821	51	20.0623641842	28.5082965429	27.8243064468	9.779
7001	0	4	2	2165	135	20.0623641842	37.3228009908	36.6388108948	10.992
7003	0	4	1	431	26	6.56188050542	25.6514182119	25.4277027397	22
7003	0	4	2	1777	111	6.56188050542	26.6541731446	26.4304576724	10.126
7004	0	4	1	449	28	8.72201881766	31.6866278394	31.3892663502	18.646
7004	0	4	2	1796	112	8.72201881766	29.8807909538	29.5834294646	11.354
7005	0	4	1	489	30	12.1645513769	27.988651064	27.5739226408	16.851
7005	0	4	2	1834	114	12.1645513769	30.0124210849	29.5976926616	9.165
7006	0	4	1	1004	62	9.85789230213	30.39472449	30.0586374446	13.811
7006	0	4	2	2350	146	9.85789230213	32.5033425439	32.1672554985	10.315
7007	0	4	1	514	32	10.0225997124	28.7100224996	28.3683200524	4.913
7007	0	4	2	1861	116	10.0225997124	32.8835199101	32.5418174628	16.567
7008	0	4	1	1250	78	7.83046373079	26.5020148584	26.2350493308	4.378
7008	0	4	2	2598	162	7.83046373079	31.1149208011	30.8479552735	16.441
7009	0	4	1	473	29	14.9782752186	34.6277508208	34.1170935617	16.157
7009	0	4	2	1802	112	14.9782752186	33.9311985697	33.4205413106	11.465
7010	0	4	1	73	4	20.182118409	35.6128309248	34.9247580246	10.63
7010	0	4	2	1413	88	20.182118409	36.0328893117	35.3448164115	4.598
7011	0	4	1	487	30	14.7567546001	26.0992153478	25.5961104343	18.409
7011	0	4	2	1832	114	14.7567546001	28.8357988854	28.3326939719	17.937
7012	0	4	1	805	50	22.6283553808	33.8127492742	33.0412763397	5.496
7012	0	4	2	2146	134	22.6283553808	32.7928242119	32.0213512774	6.472
7013	0	4	1	919	57	19.1466644022	32.1733203229	31.5205493581	15.905
7013	0	4	2	2262	141	19.1466644022	29.9661512357	29.3133802709	4.283
7014	0	4	1	478	29	12.5744864624	34.6752646794	34.2465602594	13.937
7014	0	4	2	1826	114	12.5744864624	30.5626635498	30.1339591297	10.032
7015	0	4	1	486	30	12.7914300323	26.3744493355	25.9383486159	15.937
7015	0	4	2	1831	114	12.7914300323	29.2116755084	28.7755747889	12.567
7016	0	4	1	962	60	19.7271083987	29.392240483	28.7196803278	10.409
7016	0	4	2	2306	144	19.7271083987	28.5695532931	27.8969931379	12.456
7017	0	4	1	471	29	8.54765618543	27.3271761413	27.0357592314	11.276
7017	0	4	2	1817	113	8.54765618543	27.5487540656	27.2573371557	14.582
7018	0	4	1	452	28	12.6399891216	29.546045636	29.1151080209	13.622
7018	0	4	2	1797	112	12.6399891216	30.8923486169	30.4614110019	6.772
7019	0	4	1	548	34	8.06718835311	31.860654869	31.5856186427	14.961
7019	0	4	2	1897	118	8.06718835311	29.2368572052	28.9618209788	8.551
7020	0	4	1	783	48	19.0976509022	32.1376409809	31.4865410429	13.78
7020	0	4	2	2119	132	19.0976509022	34.7830591262	34.1319591882	9.544
7021	0	4	1	1217	76	11.2289249835	31.5542664018	31.1714364717	13.496
7021	0	4	2	2566	160	11.2289249835	31.1814444365	30.7986145064	6.032
7022	0	4	1	333	20	18.0732430452	28.6490937842	28.0329191832	14.803
7022	0	4	2	1678	104	18.0732430452	29.3375819422	28.7214073412	9.905
7024	0	4	1	1259	78	7.57790139543	27.4194979545	27.1611430839	13.905
7024	0	4	2	2604	162	7.57790139543	27.4978484519	27.2394935812	8
7025	0	4	1	804	50	26.0350844412	36.967774069	36.080154856	12.567
7025	0	4	2	2145	134	26.0350844412	33.2892361626	32.4016169496	4.772
7026	0	4	1	433	27	7.51138613861	28.257570301	28.001483148	7.811
7026	0	4	2	1781	111	7.51138613861	27.7786370353	27.5225498823	10.252
7027	0	4	1	369	23	10.8511784812	33.7832783257	33.4133269808	4
7027	0	4	2	1714	107	10.8511784812	30.1684986337	29.7985472888	12.252
7028	0	4	1	530	33	8.18439678447	30.2478552519	29.9688230157	5.937
7028	0	4	2	1879	117	8.18439678447	29.954328315	29.6752960787	8.126
7029	0	4	1	211	13	20.0987149149	31.1035209056	30.418291497	10.252
7029	0	4	2	1553	97	20.0987149149	35.5846965205	34.8994671119	8.221
7030	0	4	1	1055	65	13.027798804	28.0954294942	27.651270208	9.354
7030	0	4	2	2401	150	13.027798804	16.8079370641	16.3637777779	13.78
7031	0	4	1	1221	76	8.69538916055	30.9661853566	30.6697317576	11.166
7031	0	4	2	2569	160	8.69538916055	32.7183657748	32.4219121758	7.213
7032	0	4	1	280	17	17.2021633029	32.0450132447	31.4585365353	7.213
7032	0	4	2	1626	101	17.2021633029	33.1540622081	32.5675854987	11.811
7033	0	4	1	529	33	7.74717878333	28.4210983265	28.1569722488	10.929
7033	0	4	2	1878	117	7.74717878333	28.6575134916	28.393387414	4.252
7034	0	4	1	985	61	14.7427725309	26.5258404671	26.0232122471	12
7034	0	4	2	2330	145	14.7427725309	34.8734002826	34.3707720626	12.472
7035	0	4	1	957	59	20.3176149561	29.9437468674	29.251054457	15.402
7035	0	4	2	2299	143	20.3176149561	29.0756133936	28.3829209832	8.095
7036	0	4	1	1277	79	9.12387336628	33.0619545519	32.7508925573	5.685
7036	0	4	2	2626	164	9.12387336628	33.2239931695	32.9129311749	8.63
7037	0	4	1	409	25	11.9648283449	28.6510730979	28.2431538709	25.496
7037	0	4	2	1756	109	11.9648283449	33.5164551804	33.1085359535	12
7038	0	4	1	524	32	9.02783624833	30.7611305683	30.4533427859	6.221
7038	0	4	2	1872	117	9.02783624833	30.3168100087	30.0090222262	6.283
7039	0	4	1	933	58	21.6282779249	29.9216786032	29.1843015044	14.724
7039	0	4	2	2276	142	21.6282779249	29.0572503202	28.3198732215	5.559
7040	0	4	1	966	60	22.9750187801	29.3000020336	28.5167102362	4.126
7040	0	4	2	2311	144	22.9750187801	27.019487413	26.2361956156	9.685
7041	0	4	1	793	49	24.2552111948	36.4493606469	35.6224229998	5.37
7041	0	4	2	2132	133	24.2552111948	35.5496371728	34.7226995256	7.276
7042	0	4	1	486	30	14.2340107645	27.2113760534	26.7260931475	17.527
7042	0	4	2	1831	114	14.2340107645	28.5289658914	28.0436829855	8.851
7043	0	4	1	795	49	22.9103953068	30.8968369913	30.1157484145	12
7043	0	4	2	2133	133	22.9103953068	28.6554601964	27.8743716196	10.032
7044	0	4	1	1246	77	8.53163580522	30.2314997469	29.9406290229	4.095
7044	0	4	2	2597	162	8.53163580522	28.4081484259	28.117277702	14.724
7045	0	4	1	445	27	11.5832910428	28.0759623327	27.6810509314	7.905
7045	0	4	2	1791	111	11.5832910428	27.0517614276	26.6568500263	12.158
7046	0	4	1	282	17	12.4834436961	33.8156061425	33.3900056612	14.157
7046	0	4	2	1626	101	12.4834436961	32.5247748041	32.0991743228	12.598
7047	0	4	1	987	61	14.3058069818	26.1044984032	25.6167677349	13.512
7047	0	4	2	2331	145	14.3058069818	29.2779249985	28.7901943302	17.937
7048	0	4	1	987	61	18.0950112829	22.644593347	22.0276765972	19.842
7048	0	4	2	2332	145	18.0950112829	32.5194606069	31.9025438571	11.559
7049	0	4	1	1021	63	16.4909597843	27.486538799	26.9243092899	13.023
7049	0	4	2	2366	147	16.4909597843	28.3784796617	27.8162501526	14.157
7050	0	4	1	209	13	17.8915058925	32.5063327556	31.8963541548	13.685
7050	0	4	2	1552	97	17.8915058925	31.5372135772	30.9272349764	10.189
7051	0	4	1	311	19	14.3653799346	30.9813482598	30.4915865592	15.307
7051	0	4	2	1655	103	14.3653799346	27.6318790042	27.1421173036	17.905
7052	0	4	1	228	14	20.9391484757	29.7995067603	29.0856242863	8.63
7052	0	4	2	1570	98	20.9391484757	29.6003382196	28.8864557457	7.228
7053	0	4	1	476	29	11.9319779584	31.3480771221	30.9412778698	8.347
7053	0	4	2	1825	114	11.9319779584	30.258528655	29.8517294027	5.37
7054	0	4	1	816	51	27.6272148373	28.5233657019	27.5814656767	5.969
7054	0	4	2	2158	134	27.6272148373	35.3595668586	34.4176668334	4.094
7055	0	4	1	917	57	20.823539524	38.3117829814	37.6018419859	4.126
7055	0	4	2	2255	140	20.823539524	39.257927164	38.5479861686	5.842
7056	0	4	1	73	4	20.6263997083	32.9398072514	32.2365873822	4.126
7056	0	4	2	1414	88	20.6263997083	35.6905040698	34.9872842006	12.252
7057	0	4	1	1031	64	14.2025154814	26.1027568181	25.6185476871	11.748
7057	0	4	2	2375	148	14.2025154814	38.5403420481	38.056132917	10.393
7058	0	4	1	429	26	14.8234968104	30.1959154567	29.6905350881	11.213
7058	0	4	2	1775	110	14.8234968104	34.4971743353	33.9917939667	11.276
7059	0	4	1	478	29	13.3685179053	32.9404486261	32.4846731371	5.181
7059	0	4	2	1826	114	13.3685179053	28.5222051176	28.0664296286	13.37
7062	0	4	1	447	27	15.0997865372	32.4234537097	31.9086537415	12.63
7062	0	4	2	1796	112	15.0997865372	32.476421198	31.9616212298	8.977
7063	0	4	1	123	7	15.9577326199	31.9587656117	31.4147155203	6.441
7063	0	4	2	1463	91	15.9577326199	38.8736596525	38.3296095611	9.401
7064	0	4	1	1006	62	18.2216392667	27.4185411102	26.7973072079	13.874
7064	0	4	2	2350	146	18.2216392667	30.61663389	29.9953999877	8.031
7065	0	4	1	289	18	15.9984021289	30.7844758197	30.2390391748	9.464
7065	0	4	2	1632	102	15.9984021289	33.574285772	33.0288491271	9.842
7066	0	4	1	841	52	19.5119053992	32.9275162225	32.2622930251	4.094
7066	0	4	2	2184	136	19.5119053992	24.4803246897	23.8151014924	5.559
7067	0	4	1	741	46	20.347388628	36.8813982685	36.1876907785	12.441
7067	0	4	2	2079	129	20.347388628	39.8747272536	39.1810197636	9.559
7068	0	4	1	477	29	11.4568580858	32.0325684094	31.6419675116	11.59
7068	0	4	2	1825	114	11.4568580858	26.458243972	26.0676430742	9.622
7069	0	4	1	261	16	20.5231665252	35.7382044095	35.0385040893	9.307
7069	0	4	2	1605	100	20.5231665252	31.1469857357	30.4472854155	14.126
7070	0	4	1	1218	76	11.051231951	28.4313955117	28.0546237048	9.591
7070	0	4	2	2566	160	11.051231951	30.6722692999	30.2954974931	9.086
7071	0	4	1	214	13	18.3016409003	30.9278221502	30.3038607366	4.094
7071	0	4	2	1558	97	18.3016409003	26.5928723788	25.9689109652	14.567
7072	0	4	1	266	16	17.0523200998	27.7765033924	27.1951353165	18.157
7072	0	4	2	1610	100	17.0523200998	27.3194718531	26.7381037772	19.023
7073	0	4	1	1058	66	10.7427783612	32.0146222212	31.6483665827	4.598
7073	0	4	2	2406	150	10.7427783612	29.730204013	29.3639483745	11.905
7074	0	4	1	440	27	9.63328905498	27.9008863947	27.5724567916	11.307
7074	0	4	2	1787	111	9.63328905498	29.8140573597	29.4856277566	7.496
7075	0	4	1	778	48	21.3961102388	34.9649348813	34.2354731208	6.693
7075	0	4	2	2120	132	21.3961102388	33.2612213648	32.5317596043	25.748
7076	0	4	1	599	37	10.6435222612	27.364815194	27.0019435131	17.779
7076	0	4	2	1948	121	10.6435222612	27.7191444839	27.356272803	10.976
7077	0	4	1	429	26	10.3448241182	30.8683652776	30.5156771708	19.15
7077	0	4	2	1774	110	10.3448241182	32.3033613064	31.9506731996	18.519
7078	0	4	1	478	29	15.6991175044	30.4922812201	29.9570481443	15.07
7078	0	4	2	1826	114	15.6991175044	29.6114631005	29.0762300247	7.575
7079	0	4	1	449	28	13.9795818253	28.8407276527	28.3641190422	27.008
7079	0	4	2	1796	112	13.9795818253	29.1142960631	28.6376874527	5.338
7081	0	4	1	1004	62	11.5944596817	32.4290676711	32.0337754952	18.158
7081	0	4	2	2351	146	11.5944596817	33.3170742006	32.9217820247	7.212
7082	0	4	1	1269	79	6.38496868017	29.720406482	29.5027224991	15.905
7082	0	4	2	2619	163	6.38496868017	29.8256994713	29.6080154885	10.504
7083	0	4	1	771	48	17.4430606821	33.7557174648	33.1610277941	18.252
7083	0	4	2	2111	131	17.4430606821	37.2724757087	36.6777860379	14.63
7084	0	4	1	1059	66	14.7461116668	33.3142277323	32.8114856704	14.126
7084	0	4	2	2406	150	14.7461116668	30.656926205	30.1541841431	17.213
7085	0	4	1	1213	75	12.8722501372	30.1942862486	29.7554301135	10.662
7085	0	4	2	2562	160	12.8722501372	32.7986353318	32.3597791967	6.031
7086	0	4	1	372	23	15.4498069943	29.6249891445	29.0982558605	6.945
7086	0	4	2	1716	107	15.4498069943	29.553188004	29.0264547201	11.653
7087	0	4	1	981	61	18.2599644488	28.2957816642	27.6732411339	4.677
7087	0	4	2	2326	145	18.2599644488	29.2949461611	28.6724056309	4.346
7088	0	4	1	1010	63	15.1782523232	25.7996110101	25.2821358925	12.441
7088	0	4	2	2356	147	15.1782523232	30.3771570674	29.8596819499	13.103
7089	0	4	1	1035	64	15.3204867388	31.9689501732	31.44662583	8.157
7089	0	4	2	2379	148	15.3204867388	39.3570802773	38.8347559341	5.937
7090	0	4	1	588	36	10.8867983954	30.3069012763	29.9357355347	9.024
7090	0	4	2	1938	121	10.8867983954	27.5956973001	27.2245315585	7.59
7091	0	4	1	474	29	6.25084501974	27.1494219559	26.9363106772	19.008
7091	0	4	2	1821	113	6.25084501974	27.8314379053	27.6183266266	6.315
7092	0	4	1	910	56	10.6040188108	36.6395390695	36.2780141874	4.032
7092	0	4	2	2251	140	10.6040188108	33.9058729373	33.5443480553	7.338
7093	0	4	1	1004	62	17.2703716665	21.7003788033	21.1115766528	14.819
7093	0	4	2	2363	147	17.2703716665	29.065201065	28.4763989145	6.693
7094	0	4	1	282	17	17.37041986	30.1464121015	29.5541989884	15.496
7094	0	4	2	1626	101	17.37041986	30.0345056169	29.4422925038	13.874
7095	0	4	1	313	19	18.4541718783	25.8660429486	25.2368812666	4.851
7095	0	4	2	1657	103	18.4541718783	27.7255271352	27.0963654532	10.599
7096	0	4	1	299	18	18.6393981483	30.7076121009	30.0721354635	13.905
7096	0	4	2	1642	102	18.6393981483	30.0396061959	29.4041295585	14.252
7097	0	4	1	1091	68	16.0842476706	26.7686774176	26.220314024	8.662
7097	0	4	2	2438	152	16.0842476706	30.4332537508	29.8848903571	13.653
7098	0	4	1	422	26	11.7315557526	31.8968081112	31.4968418922	6.22
7098	0	4	2	1769	110	11.7315557526	32.1257748382	31.7258086193	17.874
7099	0	4	1	433	27	13.2960622654	31.9255033767	31.472198132	5.023
7099	0	4	2	1781	111	13.2960622654	33.1009029254	32.6475976807	10.157
7100	0	4	1	551	34	9.38207968269	25.638726234	25.3188611611	14.299
7100	0	4	2	1898	118	9.38207968269	27.7834647531	27.4635996801	5.228
7101	0	4	1	471	29	8.68102662807	28.9993283449	28.7033644105	7.402
7101	0	4	2	1818	113	8.68102662807	29.2546368643	28.9586729299	6.252
7102	0	4	1	280	17	13.8918196888	26.0687630137	25.595146495	24.472
7102	0	4	2	1624	101	13.8918196888	28.9912463465	28.5176298277	12.063
7103	0	4	1	597	37	9.20327972917	26.6086711852	26.2949019739	11.906
7103	0	4	2	1947	121	9.20327972917	23.9028216716	23.5890524603	4.882
7104	0	4	1	519	32	9.35273161595	30.3696441458	30.0507796422	8.504
7104	0	4	2	1865	116	9.35273161595	33.1043645849	32.7855000813	15.433
7105	0	4	1	491	30	7.1204521797	29.487641485	29.2448825197	14.189
7105	0	4	2	1838	114	7.1204521797	30.7267086248	30.4839496595	8.945
7106	0	4	1	457	28	9.08583276399	31.0427680658	30.7330029969	9.197
7106	0	4	2	1802	112	9.08583276399	30.4001924091	30.0904273401	10.914
7107	0	4	1	460	28	9.2618805823	26.2392969654	25.9235298638	13.905
7107	0	4	2	1808	113	9.2618805823	26.150336242	25.8345691404	10.536
7108	0	4	1	809	50	24.8096370375	32.4617402318	31.6159004362	12.567
7108	0	4	2	2151	134	24.8096370375	28.5882364794	27.7423966838	18.788
7109	0	4	1	486	30	13.5182177094	27.4139051029	26.9530258693	17.874
7109	0	4	2	1830	114	13.5182177094	28.2361637186	27.775284485	10.756
7110	0	4	1	765	47	24.7991949055	33.4330695098	32.5875857199	14.976
7110	0	4	2	2106	131	24.7991949055	31.686291771	30.8408079811	11.04
7111	0	4	1	937	58	15.2685634445	30.2635622916	29.7430081794	23.087
7111	0	4	2	2281	142	15.2685634445	31.5495346453	31.028980533	9.685
7112	0	4	1	528	33	11.707378765	28.6517312955	28.2525893473	14.693
7112	0	4	2	1878	117	11.707378765	29.0841796544	28.6850377062	7.496
7113	0	4	1	1061	66	14.8782951615	34.5911887215	34.083940102	14.897
7113	0	4	2	2408	150	14.8782951615	28.2399010769	27.7326524574	17.591
7114	0	4	1	981	61	17.2158423884	27.6070918385	27.0201487653	11.653
7114	0	4	2	2326	145	17.2158423884	32.4092371128	31.8222940396	8.661
7115	0	4	1	1079	67	9.60737440758	24.27877801	23.95123192	12.441
7115	0	4	2	2425	151	9.60737440758	29.6972823645	29.3697362745	12.851
7116	0	4	1	1213	75	12.3876839209	34.3536433466	33.931307622	10.756
7116	0	4	2	2562	160	12.3876839209	32.0478256031	31.6254898785	5.622
7117	0	4	1	181	11	18.7073604051	29.069517941	28.4317242531	4.756
7117	0	4	2	1522	95	18.7073604051	28.4213270321	27.7835333442	10.473
7118	0	4	1	273	17	15.9100552709	30.2905618326	29.7481372144	13.055
7118	0	4	2	1611	100	15.9100552709	30.1155840516	29.5731594334	9.559
7119	0	4	1	293	18	14.4758683368	25.389267029	24.8957384257	16.598
7119	0	4	2	1635	102	14.4758683368	26.2233171676	25.7297885643	11.654
7120	0	4	1	557	34	12.6440485447	29.3148112162	28.8837352024	7.464
7120	0	4	2	1908	119	12.6440485447	28.8204964223	28.3894204085	8.662
7121	0	4	1	347	21	10.6928529094	31.8558601769	31.4913066566	4.976
7121	0	4	2	1690	105	10.6928529094	28.9213037429	28.5567502226	10.725
7122	0	4	1	876	54	16.4276409403	30.7494075601	30.1893367927	9.874
7122	0	4	2	2218	138	16.4276409403	28.863161617	28.3030908496	6.63
7123	0	4	1	513	32	8.31659178687	31.5148945808	31.2313553945	8.725
7123	0	4	2	1860	116	8.31659178687	31.2345981198	30.9510589335	14.504
7124	0	4	1	917	57	19.3059221358	33.7374118558	33.0792112861	17.748
7124	0	4	2	2260	141	19.3059221358	33.8856424008	33.227441831	4.897
7125	0	4	1	1264	79	10.8985590062	24.7789081808	24.4073414825	15.496
7125	0	4	2	2616	163	10.8985590062	28.8865979696	28.5150312712	10.535
7126	0	4	1	247	15	17.9769892488	31.8313138406	31.218420839	10.866
7126	0	4	2	1587	99	17.9769892488	36.0275026573	35.4146096557	5.386
7127	0	4	1	1214	75	10.6076972469	26.9400608919	26.5784106002	11.008
7127	0	4	2	2565	160	10.6076972469	31.1547587905	30.7931084988	9.023
7128	0	4	1	488	30	14.1593401196	31.1763650744	30.6936279294	16.708
7128	0	4	2	1834	114	14.1593401196	30.6893576126	30.2066204676	13.842
7129	0	4	1	331	20	19.2725586519	36.1072001307	35.4501370287	6.393
7129	0	4	2	1675	104	19.2725586519	34.4003510571	33.7432879551	6
7130	0	4	1	477	29	11.2876633467	29.3553041775	28.970471669	16.063
7130	0	4	2	1824	114	11.2876633467	29.7721721745	29.3873396659	12.976
7131	0	4	1	432	27	12.320175479	33.6450514054	33.2250172592	8
7131	0	4	2	1780	111	12.320175479	32.2411955165	31.8211613704	5.26
7132	0	4	1	1269	79	7.73104572298	29.026826484	28.763250434	5.748
7132	0	4	2	2616	163	7.73104572298	30.3014103615	30.0378343114	19.527
7133	0	4	1	267	16	19.1955888268	34.3654257806	33.7109868259	9.717
7133	0	4	2	1610	100	19.1955888268	33.1859338065	32.5314948518	10.315
7134	0	4	1	441	27	9.58726597418	30.2214368966	29.8945763674	13.37
7134	0	4	2	1788	111	9.58726597418	28.710142648	28.3832821188	17.086
7135	0	4	1	209	13	20.6305924466	36.5495685342	35.8462057211	10.788
7135	0	4	2	1552	97	20.6305924466	35.8001106215	35.0967478084	15.779
7136	0	4	1	824	51	29.0813506845	18.4590404284	17.4675642661	17.276
7136	0	4	2	2166	135	29.0813506845	24.5810363984	23.5895602361	23.118
7137	0	4	1	588	36	8.78738850893	29.0862262932	28.7866361424	13.118
7137	0	4	2	1940	121	8.78738850893	30.0837992918	29.784209141	14.126
7138	0	4	1	328	20	15.4597791883	31.8646305223	31.3375572544	12
7138	0	4	2	1671	104	15.4597791883	17.5553872962	17.0283140283	10.094
7139	0	4	1	333	20	16.4676109502	31.2025280597	30.641094587	7.937
7139	0	4	2	1677	104	16.4676109502	31.762258142	31.2008246692	8.157
7140	0	4	1	585	36	8.14481499127	28.4185173941	28.1408346277	12.708
7140	0	4	2	1933	120	8.14481499127	28.8396747292	28.5619919627	11.905
7141	0	4	1	126	7	25.6020027289	27.6225795008	26.7497254271	4.283
7141	0	4	2	1467	91	25.6020027289	28.7241458814	27.8512918077	10.835
7142	0	4	1	1044	65	13.5611386682	27.5364688404	27.0741262942	7.008
7142	0	4	2	2394	149	13.5611386682	30.5321704388	30.0698278926	10.347
7143	0	4	1	217	13	17.8312323825	27.9742704288	27.3663467445	13.905
7143	0	4	2	1560	97	17.8312323825	28.3972848451	27.7893611608	6.504
7144	0	4	1	976	61	19.4089565859	31.3943594606	30.7326461172	10.835
7144	0	4	2	2321	145	19.4089565859	35.9341742125	35.2724608692	6.851
7145	0	4	1	475	29	12.9451710114	33.3919492057	32.950606965	18.914
7145	0	4	2	1821	113	12.9451710114	33.3722782885	32.9309360478	7.685
7146	0	4	1	430	26	11.8882160193	30.475563276	30.070256008	14.284
7146	0	4	2	1776	111	11.8882160193	30.5591230492	30.1538157812	7.087
7147	0	4	1	341	21	16.5964914837	31.2659479737	30.7001205518	10.677
7147	0	4	2	1684	105	16.5964914837	31.8902501839	31.3244227619	15.717
7148	0	4	1	467	29	13.278164056	37.1250790259	36.6723839883	5.906
7148	0	4	2	1812	113	13.278164056	26.6318586587	26.1791636211	7.165
7149	0	4	1	930	58	11.5720011705	32.0228080993	31.6282816059	13.748
7149	0	4	2	2273	142	11.5720011705	32.6667973487	32.2722708552	10.22
7150	0	4	1	489	30	11.2530615529	28.4242686911	28.0406158683	15.229
7150	0	4	2	1834	114	11.2530615529	29.4658747216	29.0822218988	9.591
7151	0	4	1	309	19	15.7245573771	27.8182378086	27.2821374063	12.189
7151	0	4	2	1655	103	15.7245573771	28.1321971397	27.5960967373	20
7151	1	4	1	311	19	15.7245573771	33.9843703383	33.448269936	4.031
7151	1	4	2	1656	103	15.7245573771	26.7870992883	26.250998886	14
7152	0	4	1	170	10	23.0207790524	31.3884686992	30.6036167879	9.559
7152	0	4	2	1512	94	23.0207790524	26.1195037566	25.3346518453	16.441
7153	0	4	1	138	8	17.1242007417	30.8645437295	30.2807250128	7.559
7153	0	4	2	1479	92	17.1242007417	27.5789159594	26.9950972428	16
7154	0	4	1	67	4	19.5164388999	15.1886001605	14.5232224017	17.968
7154	0	4	2	1404	87	19.5164388999	18.7427754177	18.0773976588	9.622
7155	0	4	1	778	48	25.6759275986	33.3601749912	32.4848005825	14.284
7155	0	4	2	2119	132	25.6759275986	32.3637607285	31.4883863198	19.748
7156	0	4	1	210	13	18.7600127663	28.8001771446	28.1605883695	15.78
7156	0	4	2	1554	97	18.7600127663	28.5351561792	27.8955674041	14.63
7157	0	4	1	431	26	11.48318447	32.6614718997	32.2699734513	13.811
7157	0	4	2	1777	111	11.48318447	31.1286149038	30.7371164554	4.771
7158	0	4	1	491	30	11.4592692508	29.2623469362	28.871663834	10.362
7158	0	4	2	1837	114	11.4592692508	26.1830765831	25.7923934809	7.937
7159	0	4	1	470	29	7.34914223607	30.1158478627	29.8652921227	9.559
7159	0	4	2	1817	113	7.34914223607	29.2361840623	28.9856283223	12.284
7160	0	4	1	252	15	15.4011537321	30.8567881939	30.3317136552	8.378
7160	0	4	2	1595	99	15.4011537321	30.5367343889	30.0116598501	5.748
7161	0	4	1	778	48	21.5027892867	39.2324945568	38.4993957668	15.748
7161	0	4	2	2119	132	21.5027892867	35.4245966739	34.6914978838	14.425
7162	0	4	1	430	26	13.5465552679	35.9755134717	35.5136681202	10.472
7162	0	4	2	1775	110	13.5465552679	30.1191631291	29.6573177776	8.284
7163	0	4	1	1018	63	13.5372972953	35.2640438933	34.8025141756	5.04
7163	0	4	2	2363	147	13.5372972953	32.9696414347	32.508111717	21.464
7164	0	4	1	348	21	9.96321784033	29.9143493107	29.5746713811	7.149
7164	0	4	2	1693	105	9.96321784033	31.4170797403	31.0774018108	4.961
7165	0	4	1	737	46	15.5619865311	33.7799789289	33.2494210862	11.275
7165	0	4	2	2077	129	15.5619865311	35.3850258214	34.8544679786	5.212
7166	0	4	1	306	19	17.9005147787	32.2112917938	31.6010060513	6.882
7166	0	4	2	1650	103	17.9005147787	32.0279466257	31.4176608831	16.977
7167	0	4	1	545	34	14.5503016279	30.4975214767	30.0014552047	17.968
7167	0	4	2	1893	118	14.5503016279	30.0606384754	29.5645722035	10.772
7168	0	4	1	210	13	19.9231808669	34.1541523257	33.4749074337	5.527
7168	0	4	2	1554	97	19.9231808669	32.929837787	32.2505928949	12.441
7169	0	4	1	793	49	22.4549044403	36.6136832473	35.8481238095	10.472
7169	0	4	2	2133	133	22.4549044403	35.1499714972	34.3844120595	17.386
7170	0	4	1	1091	68	10.269699258	34.2990150254	33.9488881651	9.937
7170	0	4	2	2438	152	10.269699258	33.5855784823	33.235451622	11.842
7171	0	4	1	478	29	12.223899682	29.1160520117	28.6993002151	17.559
7171	0	4	2	1826	114	12.223899682	27.5420633063	27.1253115097	7.78
7172	0	4	1	816	51	20.3492191147	26.6433047619	25.9495348647	8.189
7172	0	4	2	2161	135	20.3492191147	31.6528689117	30.9590990145	13.323
7173	0	4	1	414	25	11.1016187981	32.4982578854	32.1197682299	12.504
7173	0	4	2	1762	110	11.1016187981	31.8901889972	31.5116993417	11.874
7174	0	4	1	737	46	18.5026212471	32.8037655557	32.1729520799	11.654
7174	0	4	2	2076	129	18.5026212471	34.6296073937	33.9987939179	13.779
7175	0	4	1	587	36	10.1235454438	28.3945196719	28.0493756621	7.275
7175	0	4	2	1936	121	10.1235454438	28.334101852	27.9889578422	14.567
7175	1	4	1	586	36	10.1235454438	27.2098242527	26.8646802429	11.969
7175	1	4	2	1937	121	10.1235454438	28.297976963	27.9528329532	11.874
7176	0	4	1	1031	64	17.0309441869	26.5799554496	25.9993161469	5.37
7176	0	4	2	2374	148	17.0309441869	39.9391699006	39.3585305979	8.252
7177	0	4	1	583	36	13.4621354097	30.3181475922	29.8591803833	18
7177	0	4	2	1931	120	13.4621354097	31.396889959	30.9379227502	6.756
7178	0	4	1	414	25	7.17958595461	27.9969260463	27.7521510217	6.914
7178	0	4	2	1762	110	7.17958595461	30.5605706845	30.3157956599	9.622
7179	0	4	1	471	29	16.0642979501	31.8941974087	31.3465141647	8.221
7179	0	4	2	1817	113	16.0642979501	32.5245808339	31.9768975899	7.071
7180	0	4	1	431	26	8.70447280925	27.7100450424	27.4132817528	10.252
7180	0	4	2	1779	111	8.70447280925	28.8231622706	28.5263989809	8.158
7181	0	4	1	490	30	12.7368090682	28.1634461367	27.7292076204	19.496
7181	0	4	2	1835	114	12.7368090682	28.6519909226	28.2177524063	11.496
7182	0	4	1	1226	76	10.2264457816	27.2416664466	26.8930142355	13.181
7182	0	4	2	2578	161	10.2264457816	26.4756463761	26.126994165	9.244
7183	0	4	1	1233	77	10.465285642	7.77726045173	7.42046542668	5.26
7183	0	4	2	2596	162	10.465285642	6.4691949777	6.11239995265	15.039
7184	0	4	1	162	10	21.706079633	30.2096050391	29.4695754315	12.725
7184	0	4	2	1504	94	21.706079633	29.8628236186	29.1227940111	13.842
7185	0	4	1	600	37	8.46803810331	27.6755424996	27.3868400246	14.441
7185	0	4	2	1950	121	8.46803810331	27.1265990087	26.8378965336	7.906
7186	0	4	1	838	52	22.6585640168	30.9066666474	30.1341638039	8.063
7186	0	4	2	2180	136	22.6585640168	25.1552647808	24.3827619373	11.071
7187	0	4	1	308	19	16.0085081718	29.7564751224	29.2106939303	11.748
7187	0	4	2	1651	103	16.0085081718	29.8211402508	29.2753590586	16.551
7187	1	4	1	309	19	16.0085081718	30.5218188697	29.9760376775	15.023
7187	1	4	2	1652	103	16.0085081718	31.0544575697	30.5086763775	11.433
7188	0	4	1	373	23	13.1961113854	33.2868791961	32.8369815962	10.063
7188	0	4	2	1718	107	13.1961113854	39.9328178702	39.4829202703	10.977
7189	0	4	1	478	29	12.1444645118	29.5407267286	29.1266831308	16.74
7189	0	4	2	1826	114	12.1444645118	26.7310750292	26.3170314314	11.023
7190	0	4	1	963	60	20.839198722	29.0434366683	28.3329618008	8.708
7190	0	4	2	2308	144	20.839198722	30.2770634911	29.5665886236	12.126
7191	0	4	1	273	17	17.1765366888	35.759954056	35.1743510397	11.04
7191	0	4	2	1614	100	17.1765366888	37.304943005	36.7193399888	8.535
7192	0	4	1	487	30	11.1922229526	26.5054528971	26.1238742565	16.661
7192	0	4	2	1832	114	11.1922229526	29.9878402306	29.60626159	10
7193	0	4	1	380	23	10.3430409594	26.1449845075	25.7923571943	15.937
7193	0	4	2	1727	107	10.3430409594	26.2989450666	25.9463177534	11.04
7194	0	4	1	333	20	15.7612241689	13.9811780752	13.4438275848	13.559
7194	0	4	2	1678	104	15.7612241689	15.8849370164	15.347586526	11.654
7195	0	4	1	949	59	18.1281418645	27.7470449758	27.1289986986	19.181
7195	0	4	2	2291	143	18.1281418645	29.5268735292	28.908827252	9.339
7196	0	4	1	1081	67	11.2389314436	30.0926083766	29.7094372943	6.977
7196	0	4	2	2427	151	11.2389314436	23.3955157221	23.0123446398	20.063
7197	0	4	1	809	50	22.3150240705	29.5930632284	28.8322727593	14.157
7197	0	4	2	2151	134	22.3150240705	28.848973983	28.088183514	13.37
7198	0	4	1	1059	66	17.4388049235	29.4542628531	28.8597182748	16.315
7198	0	4	2	2404	150	17.4388049235	30.1652215718	29.5706769934	22.819
7198	1	4	1	1061	66	17.4388049235	34.4496178565	33.8550732782	4.032
7198	1	4	2	2411	150	17.4388049235	31.1541212406	30.5595766622	11.748
7199	0	4	1	492	30	12.4616312637	26.7722081386	26.3473513128	9.937
7199	0	4	2	1838	114	12.4616312637	30.5977464263	30.1728896005	10.157
7200	0	4	1	77	4	20.3086972497	33.8685007187	33.1761123413	12.063
7200	0	4	2	1416	88	20.3086972497	33.2934722854	32.6010839081	6.772
7201	0	4	1	822	51	24.2670345241	27.783498202	26.9561574598	9.906
7201	0	4	2	2166	135	24.2670345241	21.1027221168	20.2753813746	23.433
7202	0	4	1	810	50	23.6030702627	34.0499398263	33.2452357471	11.402
7202	0	4	2	2151	134	23.6030702627	30.9268149161	30.1221108369	13.008
7203	0	4	1	1034	64	13.8439144367	22.8130144456	22.3410311699	10.504
7203	0	4	2	2378	148	13.8439144367	26.6466445604	26.1746612847	8.473
7204	0	4	1	487	30	9.10223994768	29.4851917366	29.1748672943	17.244
7204	0	4	2	1833	114	9.10223994768	30.5012557726	30.1909313304	11.685
7205	0	4	1	522	32	4.22758278237	26.3429275939	26.1987957893	18.661
7205	0	4	2	1867	116	4.22758278237	28.2618505107	28.1177187061	9.622
7206	0	4	1	485	30	11.6936065205	28.3014042296	27.9027318212	10.835
7206	0	4	2	1830	114	11.6936065205	28.2624914122	27.8638190038	6.158
7207	0	4	1	901	56	18.4249464397	34.0225848927	33.3944195993	14.913
7207	0	4	2	2244	140	18.4249464397	33.3375679211	32.7094026276	7.103
7207	1	4	1	902	56	18.4249464397	33.9362993694	33.308134076	4.788
7207	1	4	2	2241	140	18.4249464397	34.3440821551	33.7159168617	5.055
7208	0	4	1	920	57	10.654388532	34.8077848211	34.4445426744	16.536
7208	0	4	2	2263	141	10.654388532	34.2762966894	33.9130545426	5.339
7209	0	4	1	458	28	10.056524723	30.3954090285	30.0525499692	5.874
7209	0	4	2	1803	112	10.056524723	27.2286931947	26.8858341354	12.441
7210	0	4	1	1047	65	14.866312183	32.4029653151	31.8961252336	18.598
7210	0	4	2	2400	150	14.866312183	33.024223584	32.5173835025	11.969
7211	0	4	1	989	61	19.9471066988	27.5966054095	26.9165448094	10.693
7211	0	4	2	2335	145	19.9471066988	31.0817345369	30.4016739368	15.086
7212	0	4	1	272	17	13.3799174299	27.4338401942	26.977676059	6.662
7212	0	4	2	1616	101	13.3799174299	27.6481173208	27.1919531856	9.559
7212	1	4	1	273	17	13.3799174299	27.7505680597	27.2944039245	13.779
7212	1	4	2	1614	100	13.3799174299	28.9960331867	28.5398690515	12.819
7213	0	4	1	247	15	21.3275038889	32.8867457475	32.1596229966	8.645
7213	0	4	2	1588	99	21.3275038889	29.5001852914	28.7730625406	7.748
7214	0	4	1	273	17	10.2891936819	32.154824987	31.8040334995	12.661
7214	0	4	2	1618	101	10.2891936819	32.4300844633	32.0792929758	7.496
7215	0	4	1	1229	76	14.5477603111	30.4473519877	29.9513723573	7.654
7215	0	4	2	2580	161	14.5477603111	29.5643198695	29.0683402391	11.622
7216	0	4	1	1065	66	15.4137192817	26.7830607543	26.2575578158	13.843
7216	0	4	2	2413	150	15.4137192817	26.152919545	25.6274166065	17.181
7217	0	4	1	933	58	18.1384029926	37.4323987152	36.8140026034	5.433
7217	0	4	2	2282	142	18.1384029926	28.8406737773	28.2222776655	4.284
7218	0	4	1	433	27	14.3043499292	30.9850374227	30.49735643	6.661
7218	0	4	2	1781	111	14.3043499292	30.4462580421	29.9585770494	12.708
7219	0	4	1	1107	69	14.3229762754	30.312426827	29.8241108026	4.126
7219	0	4	2	2455	153	14.3229762754	30.2892319404	29.800915916	8.599
7220	0	4	1	447	27	8.82164490289	26.9647333984	26.6639753377	6.347
7220	0	4	2	1793	112	8.82164490289	27.9932682026	27.6925101419	8.96
7221	0	4	1	985	61	16.3853014559	23.8922593968	23.3336321177	10.126
7221	0	4	2	2331	145	16.3853014559	33.3150405205	32.7564132414	11.433
7222	0	4	1	328	20	9.66847891621	30.7042429156	30.3746135777	8
7222	0	4	2	1671	104	9.66847891621	16.2835517042	15.9539223663	10.787
7223	0	4	1	452	28	8.75194444439	31.4959079991	31.1975262497	18.787
7223	0	4	2	1798	112	8.75194444439	31.5312611978	31.2328794484	6.409
7224	0	4	1	843	52	26.3791421875	29.3484691447	28.4491199039	12.835
7224	0	4	2	2185	136	26.3791421875	25.9195954752	25.0202462343	4.315
7225	0	4	1	218	13	20.7239711392	38.4500935623	37.7435471712	8.378
7225	0	4	2	1562	97	20.7239711392	36.0280091782	35.3214627871	7.008
7226	0	4	1	328	20	8.31888109837	29.0775494899	28.7939322537	6.598
7226	0	4	2	1672	104	8.31888109837	29.071322592	28.7877053558	8.992
7227	0	4	1	281	17	10.4167565633	24.7590316578	24.4038911441	22.661
7227	0	4	2	1624	101	10.4167565633	29.6334336132	29.2782930995	12.315
7229	0	4	1	415	25	11.5483652329	32.9740935544	32.5803728856	9.37
7229	0	4	2	1764	110	11.5483652329	35.5128977541	35.1191770853	8.41
7230	0	4	1	433	27	11.7499551597	30.1218777526	29.721284239	8.63
7230	0	4	2	1782	111	11.7499551597	29.3894114897	28.9888179762	9.229
7231	0	4	1	456	28	7.88565770395	30.4552677427	30.1864204762	4.803
7231	0	4	2	1802	112	7.88565770395	30.3956465062	30.1267992397	8.818
7232	0	4	1	538	33	9.47746417085	26.2944082697	25.9712912348	9.937
7232	0	4	2	1888	118	9.47746417085	27.5667024753	27.2435854404	13.039
7233	0	4	1	572	35	10.41258313	31.0366513782	30.6816531501	10.346
7233	0	4	2	1923	120	10.41258313	32.9475103952	32.5925121672	5.779
7234	0	4	1	1279	79	8.2631912961	25.1988444757	24.9171258828	18.032
7234	0	4	2	2614	163	8.2631912961	31.1560414128	30.8743228199	7.023
7235	0	4	1	447	27	8.91723809957	25.7584794288	25.4544622907	10.567
7235	0	4	2	1793	112	8.91723809957	26.5090628388	26.2050457006	13.874
7236	0	4	1	205	12	16.1984986954	20.0493282503	19.4970696741	15.811
7236	0	4	2	1554	97	16.1984986954	25.3682026329	24.8159440568	12.914
7237	0	4	1	281	17	11.4289479923	31.547722193	31.1580728394	16.095
7237	0	4	2	1625	101	11.4289479923	33.5728182556	33.1831689021	10.882
7238	0	4	1	935	58	10.229356169	32.5935726668	32.2448212313	10.992
7238	0	4	2	2277	142	10.229356169	33.9301546252	33.5814031897	6.252
7239	0	4	1	413	25	9.90164716409	32.7159240654	32.3783452769	6.378
7239	0	4	2	1760	110	9.90164716409	31.0519490148	30.7143702264	13.008
7240	0	4	1	915	57	13.5623840565	30.3419654873	29.8795804818	20.708
7240	0	4	2	2257	141	13.5623840565	31.378387311	30.9160023055	7.527
7241	0	4	1	907	56	19.5731756984	32.0354627836	31.368150686	10.504
7241	0	4	2	2248	140	19.5731756984	30.6472431743	29.9799310767	5.874
7242	0	4	1	305	19	12.218379408	31.6054402981	31.1888767053	8.472
7242	0	4	2	1650	103	12.218379408	31.0614484003	30.6448848075	11.307
7243	0	4	1	306	19	16.3367165893	27.4403095679	26.8833387021	11.15
7243	0	4	2	1650	103	16.3367165893	27.1795301559	26.6225592901	16.252
7244	0	4	1	429	26	9.60300072601	28.8442110678	28.5168140906	10.457
7244	0	4	2	1774	110	9.60300072601	30.1950989959	29.8677020187	12.457
7245	0	4	1	941	58	22.7660155075	30.4931145731	29.716948365	6.126
7245	0	4	2	2285	142	22.7660155075	29.5852810913	28.8091148832	14.441
7246	0	4	1	262	16	15.4955710015	28.3978349646	27.8695414395	8.788
7246	0	4	2	1605	100	15.4955710015	28.1081424014	27.5798488762	15.779
7247	0	4	1	477	29	12.5986200798	32.9440201653	32.5144929531	9.559
7247	0	4	2	1825	114	12.5986200798	27.0663325427	26.6368053305	6.819
7248	0	4	1	933	58	24.2247809701	28.4730991064	27.6471989229	14.929
7248	0	4	2	2277	142	24.2247809701	29.9140932506	29.088193067	6.284
7248	1	4	1	932	58	24.2247809701	32.4393017869	31.6134016033	9.15
7248	1	4	2	2284	142	24.2247809701	28.9447597876	28.118859604	7.48
7249	0	4	1	214	13	19.8826789675	29.0158150314	28.3379509785	15.307
7249	0	4	2	1555	97	19.8826789675	32.8247672648	32.1469032119	5.354
7250	0	4	1	887	55	19.7032627287	33.4636467446	32.7918995645	16.346
7250	0	4	2	2229	139	19.7032627287	33.0138037052	32.3420565251	9.292
7251	0	4	1	915	57	16.0211218841	29.2863191251	28.7401078912	22.63
7251	0	4	2	2257	141	16.0211218841	30.4076813878	29.8614701539	8.772
7252	0	4	1	207	12	20.7887397592	28.8689445082	28.160189948	4.284
7252	0	4	2	1552	97	20.7887397592	33.907121795	33.1983672347	10.031
7253	0	4	1	1029	64	12.9627729303	28.113506664	27.6715643176	13.559
7253	0	4	2	2374	148	12.9627729303	38.241882327	37.7999399806	10
7254	0	4	1	449	28	10.8392930515	28.3354635987	27.9659174661	27.118
7254	0	4	2	1801	112	10.8392930515	26.6786808286	26.309134696	9.748
7255	0	4	1	230	14	15.8540871508	43.1742122693	42.6336957831	9.039
7255	0	4	2	1586	99	15.8540871508	29.0443045818	28.5037880956	10.599
7256	0	4	1	1034	64	12.9434037221	26.3872662803	25.9459842921	10.63
7256	0	4	2	2378	148	12.9434037221	29.4125920686	28.9713100804	5.355
7257	0	4	1	301	18	15.1887732904	28.0797725197	27.5619387087	14.315
7257	0	4	2	1643	102	15.1887732904	29.9493577078	29.4315238969	13.717
7258	0	4	1	458	28	8.35932765419	27.9707944499	27.6857982614	7.528
7258	0	4	2	1805	112	8.35932765419	26.8332288201	26.5482326316	13.087
7259	0	4	1	1107	69	13.8804093925	33.4369597945	32.9637322892	7.087
7259	0	4	2	2455	153	13.8804093925	33.7557209265	33.2824934211	6.725
7260	0	4	1	455	28	8.24484300508	29.7005860341	29.419492993	15.26
7260	0	4	2	1800	112	8.24484300508	29.4217679009	29.1406748598	9.103
7261	0	4	1	472	29	11.2185611788	36.7618482405	36.3793716456	10.677
7261	0	4	2	1828	114	11.2185611788	28.0368275976	27.6543510027	15.937
7262	0	4	1	217	13	17.016595444	25.2980355284	24.7178854202	15.716
7262	0	4	2	1560	97	17.016595444	28.6674063708	28.0872562626	19.055
7263	0	4	1	1024	64	12.5669574372	26.5882649686	26.159817237	6.693
7263	0	4	2	2368	148	12.5669574372	35.6696586121	35.2412108805	13.716
7264	0	4	1	520	32	11.4289317282	28.2678970554	27.8782482563	8.536
7264	0	4	2	1867	116	11.4289317282	28.3665982125	27.9769494134	6.992
7265	0	4	1	915	57	20.8315452941	26.7128862984	26.0026723607	27.748
7265	0	4	2	2257	141	20.8315452941	31.1331455414	30.4229316036	11.559
7265	1	4	1	917	57	20.8315452941	43.5902981318	42.8800841941	15.086
7265	1	4	2	2255	140	20.8315452941	35.0443452493	34.3341313116	14.567
7266	0	4	1	429	26	12.3299829901	30.7033311799	30.2829626644	11.465
7266	0	4	2	1776	111	12.3299829901	31.7837856349	31.3634171194	10
7267	0	4	1	441	27	9.53034401698	28.6198207509	28.294900873	4.378
7267	0	4	2	1788	111	9.53034401698	29.9116878833	29.5867680055	16.063
7268	0	4	1	522	32	6.39767909817	34.8178150863	34.5996977647	7.811
7268	0	4	2	1858	116	6.39767909817	43.6202563984	43.4021390768	5.338
7269	0	4	1	121	7	19.9280337116	30.1234550395	29.4440446984	10.189
7269	0	4	2	1461	91	19.9280337116	36.6670631266	35.9876527856	14.126
7270	0	4	1	447	27	8.38132735314	29.2579305911	28.9721843625	4.158
7270	0	4	2	1790	111	8.38132735314	25.4915555794	25.2058093508	6.032
7271	0	4	1	1107	69	10.9042492426	26.7542687867	26.3825080899	6.472
7271	0	4	2	2455	153	10.9042492426	30.3917544496	30.0199937529	13.874
7272	0	4	1	434	27	9.09219700683	30.106842898	29.7968608516	10.472
7272	0	4	2	1781	111	9.09219700683	27.6566061516	27.3466241053	9.843
7273	0	4	1	214	13	19.7028755177	31.0402495246	30.3685155458	16.189
7273	0	4	2	1558	97	19.7028755177	33.756993569	33.0852595901	12.488
7274	0	4	1	477	29	14.2897231647	31.1923196632	30.7051373435	12.472
7274	0	4	2	1826	114	14.2897231647	27.6047220963	27.1175397767	9.449
7275	0	4	1	966	60	19.7301380066	30.3175252132	29.644861769	13.291
7275	0	4	2	2310	144	19.7301380066	29.3028764096	28.6302129654	10.22
7276	0	4	1	1221	76	5.15359188668	27.3484775506	27.172775137	11.874
7276	0	4	2	2572	160	5.15359188668	27.0599850111	26.8842825975	7.04
7277	0	4	1	486	30	13.5917943112	31.3570068084	30.8936191134	13.937
7277	0	4	2	1831	114	13.5917943112	30.2503788984	29.7869912033	7.512
