event_index	pair_index	fold	layer	pixel	half_bar	ecal_time_ns	cdet_time_master_ns	cdet_time_candidate_ns	tot_ns
0	0	0	1	993	62	23.6772847515	26.7829086863	28.4039926048	6.992
0	0	0	2	2340	146	23.6772847515	29.0406109034	30.6616948219	10.567
1	0	0	1	1225	76	22.0608193918	30.6917197756	32.2021311222	7.401
1	0	0	2	2574	160	22.0608193918	29.5058842003	31.0162955469	8.158
1	1	0	1	1227	76	22.0608193918	26.2813288804	27.791740227	5.008
1	1	0	2	2579	161	22.0608193918	28.7335519366	30.2439632832	13.024
2	0	0	1	1237	77	24.0261860013	28.6778639249	30.3228356419	12.787
2	0	0	2	2586	161	24.0261860013	24.2245381918	25.8695099087	5.654
3	0	0	1	898	56	24.6035931911	26.1462661007	27.830770455	5.197
3	0	0	2	2241	140	24.6035931911	28.4903864807	30.1748908349	12.567
5	0	0	1	1241	77	20.5550626634	29.2884869435	30.6958054716	5.906
5	0	0	2	2589	161	20.5550626634	29.9038685159	31.311187044	9.591
6	0	0	1	805	50	30.4446328544	31.1813390582	33.2657547859	7.418
6	0	0	2	2148	134	30.4446328544	26.7757558912	28.8601716189	9.622
7	0	0	1	919	57	25.9696162402	30.2582908543	32.0363210507	4.819
7	0	0	2	2263	141	25.9696162402	30.462011922	32.2400421184	4.126
8	0	0	1	937	58	28.8106945212	25.4142222486	27.3867691035	21.086
8	0	0	2	2277	142	28.8106945212	25.446227942	27.418774797	6.441
9	0	0	1	224	14	25.0769217849	31.2129565312	32.9298676998	9.591
9	0	0	2	1566	97	25.0769217849	31.8203093581	33.5372205267	10.252
10	0	0	1	1275	79	20.8720289783	30.6720029593	32.1010228354	6.441
10	0	0	2	2624	164	20.8720289783	30.5807077824	32.0097276586	13.023
13	0	0	1	778	48	28.6571366575	29.9952360882	31.9572694832	16.504
13	0	0	2	2119	132	28.6571366575	32.6304780304	34.5925114254	11.654
14	0	0	1	553	34	26.4336140968	30.067101431	31.8768996055	7.307
14	0	0	2	1901	118	26.4336140968	29.1676215258	30.9774197003	10.472
15	0	0	1	1238	77	23.2355084046	31.82263806	33.4134754136	8.158
15	0	0	2	2587	161	23.2355084046	31.4316904682	33.0225278217	9.008
16	0	0	1	1090	68	25.1949262358	27.7915943741	29.5165848102	6.488
16	0	0	2	2438	152	25.1949262358	28.2024727985	29.9274632345	9.717
17	0	0	1	1248	78	22.3810200992	28.8710648179	30.4033989577	11.591
17	0	0	2	2598	162	22.3810200992	36.6447310863	38.1770652261	15.842
18	0	0	1	486	30	25.7206250458	26.5274451432	28.2884279616	17.402
18	0	0	2	1830	114	25.7206250458	26.9228080455	28.683790864	9.717
19	0	0	1	306	19	23.8665590016	43.6969313005	45.3309740294	9.15
19	0	0	2	1651	103	23.8665590016	44.3986901654	46.0327328943	8.803
20	0	0	1	1234	77	23.8221711955	28.0694447379	29.7004484207	9.59
20	0	0	2	2583	161	23.8221711955	28.2882942799	29.9192979627	11.717
21	0	0	1	1230	76	26.2454426893	28.6782049415	30.4751198126	4.221
21	0	0	2	2580	161	26.2454426893	27.5185331475	29.3154480186	13.055
22	0	0	1	1022	63	29.2558056643	28.0076336586	30.010655398	11.229
22	0	0	2	2368	148	29.2558056643	21.7275008306	23.7305225699	23.086
23	0	0	1	250	15	23.2892093767	27.4926382731	29.087152306	9.055
23	0	0	2	1592	99	23.2892093767	29.7613486756	31.3558627085	11.653
24	0	0	1	547	34	23.6387086784	29.8586043249	31.4770471022	8.41
24	0	0	2	1893	118	23.6387086784	35.8304586187	37.448901396	12.221
25	0	0	1	413	25	20.5694129678	32.9925190035	34.4008200365	10.693
25	0	0	2	1762	110	20.5694129678	27.7796882459	29.1879892789	5.968
26	0	0	1	558	34	24.7523922981	31.8245967605	33.5192887626	16.929
26	0	0	2	1907	119	24.7523922981	30.3180603336	32.0127523357	4.725
27	0	0	1	469	29	27.0403224922	28.5130216636	30.3643586054	12.284
27	0	0	2	1816	113	27.0403224922	28.1930835461	30.0444204879	10.158
28	0	0	1	467	29	27.0007382882	38.3599402109	40.2085669891	5.149
28	0	0	2	1813	113	27.0007382882	30.9087982287	32.7574250069	4.41
29	0	0	1	477	29	22.8613957432	29.780826443	31.346049879	14.598
29	0	0	2	1824	114	22.8613957432	27.7130584369	29.2782818729	11.874
30	0	0	1	902	56	27.2356199805	29.2910260465	31.1557341845	12.63
30	0	0	2	2244	140	27.2356199805	27.9558141571	29.820522295	10.535
31	0	0	1	470	29	23.0958599702	30.1817690705	31.7630452842	6.504
31	0	0	2	1818	113	23.0958599702	31.7191735692	33.3004497829	9.874
32	0	0	1	571	35	25.6237753801	27.8911337119	29.6454856419	10.031
32	0	0	2	1918	119	25.6237753801	27.7607164024	29.5150683324	11.465
33	0	0	1	488	30	26.3025313205	32.558081863	34.3589053521	9.181
33	0	0	2	1833	114	26.3025313205	29.530770945	31.3315944342	6.173
34	0	0	1	567	35	25.2216045184	36.0308434567	37.7576604424	11.275
34	0	0	2	1915	119	25.2216045184	38.026566962	39.7533839477	9.937
35	0	0	1	554	34	18.6007522029	32.4826619958	33.7561771215	6.063
35	0	0	2	1901	118	18.6007522029	28.4630779231	29.7365930489	17.244
36	0	0	1	903	56	28.5802304995	33.6750388777	35.6318068322	11.937
36	0	0	2	2245	140	28.5802304995	33.2030400684	35.1598080228	4.677
37	0	0	1	538	33	22.6571693264	28.8355396571	30.3867805709	4.063
37	0	0	2	1889	118	22.6571693264	32.3694450004	33.9206859142	15.654
38	0	0	1	1100	68	22.9486583929	30.2278769867	31.7990749287	4.961
38	0	0	2	2447	152	22.9486583929	31.4439710598	33.0151690017	9.402
39	0	0	1	453	28	17.8605216273	32.2242850987	33.4471197561	6.378
39	0	0	2	1798	112	17.8605216273	28.8818708166	30.104705474	6.283
40	0	0	1	1061	66	20.3447870111	33.6974201613	35.0903420016	6.63
40	0	0	2	2399	149	20.3447870111	31.3453833148	32.7383051551	7.622
41	0	0	1	1217	76	20.5430729306	30.2959228719	31.7024205135	8.063
41	0	0	2	2566	160	20.5430729306	29.4060431645	30.8125408062	14.221
42	0	0	1	531	33	15.9623781499	31.2437326706	32.3366094422	13.937
42	0	0	2	1880	117	15.9623781499	30.1827926709	31.2756694425	8.189
44	0	0	1	288	18	29.0635039343	32.1106667531	34.1005224033	4.315
44	0	0	2	1631	101	29.0635039343	32.9196273328	34.909482983	4.771
45	0	0	1	795	49	26.6564429881	32.2822258931	34.1072802229	5.212
45	0	0	2	2135	133	26.6564429881	29.9688459542	31.7939002839	8.378
46	0	0	1	333	20	21.3845641142	29.5655971688	31.0297081661	14.095
46	0	0	2	1677	104	21.3845641142	31.8814084119	33.3455194091	4.771
47	0	0	1	440	27	20.5270142807	29.7621442124	31.167542386	8.661
47	0	0	2	1787	111	20.5270142807	29.8513891486	31.2567873222	8.315
48	0	0	1	1246	77	19.666753309	32.4460933743	33.792593104	9.528
48	0	0	2	2597	162	19.666753309	27.5659772919	28.9124770216	18.488
49	0	0	1	554	34	26.4935132255	26.885300813	28.6992000284	14.772
49	0	0	2	1901	118	26.4935132255	27.7689163162	29.5828155317	16.283
50	0	0	1	918	57	25.1456609786	28.9479972028	30.6696146544	12.456
50	0	0	2	2262	141	25.1456609786	29.5781264563	31.2997439078	11.59
51	0	0	1	1258	78	23.0504462284	31.6217222364	33.1998891625	5.748
51	0	0	2	2609	163	23.0504462284	28.7678836541	30.3460505802	13.968
52	0	0	1	1260	78	22.062601352	30.7509522479	32.2614855978	4.945
52	0	0	2	2613	163	22.062601352	30.9857926512	32.4963260011	6.756
53	0	0	1	879	54	25.5627457682	30.595335125	32.3455086146	16
53	0	0	2	2220	138	25.5627457682	29.1977445829	30.9479180725	12.378
54	0	0	1	934	58	25.9379179683	30.7125683536	32.4884283029	10.724
54	0	0	2	2277	142	25.9379179683	29.2601732534	31.0360332027	10.032
55	0	0	1	550	34	21.5832308391	32.0582282897	33.5359411605	5.732
55	0	0	2	1898	118	21.5832308391	29.0931505476	30.5708634184	9.023
56	0	0	1	903	56	28.7813300382	30.0564076403	32.0269440328	10.315
56	0	0	2	2245	140	28.7813300382	31.6919056856	33.6624420781	6.472
58	0	0	1	997	62	22.9842303839	28.2355010227	29.809134429	9.008
58	0	0	2	2341	146	22.9842303839	27.8057100873	29.3793434936	4.441
59	0	0	1	489	30	22.7500020101	26.747814836	28.3054116125	14.173
59	0	0	2	1833	114	22.7500020101	27.8926155822	29.4502123586	10.315
60	0	0	1	606	37	17.699110853	28.7402824519	29.9520659937	11.402
60	0	0	2	1957	122	17.699110853	28.6039238122	29.8157073539	11.811
61	0	0	1	114	7	22.1850245113	31.444830704	32.9637458518	6.346
61	0	0	2	1454	90	22.1850245113	26.0366596731	27.5555748209	27.181
62	0	0	1	937	58	22.3189722239	31.13633024	32.6644162232	11.401
62	0	0	2	2282	142	22.3189722239	31.9797906716	33.5078766548	7.181
63	0	0	1	78	4	26.8925144938	28.6950231391	30.5362402901	8.22
63	0	0	2	1418	88	26.8925144938	31.3064290744	33.1476462254	5.212
64	0	0	1	347	21	21.4781403827	32.1676846031	33.6382023732	6.913
64	0	0	2	1693	105	21.4781403827	29.6719603649	31.142478135	4.346
65	0	0	1	586	36	24.9593304546	32.3077407602	34.0166009459	11.842
65	0	0	2	1936	121	24.9593304546	32.5835804028	34.2924405885	6.504
66	0	0	1	935	58	24.341320212	30.2181248793	31.8846725077	8
66	0	0	2	2278	142	24.341320212	32.554553257	34.2211008855	11.622
67	0	0	1	439	27	24.019468689	28.1315455572	29.7760573681	14.519
67	0	0	2	1784	111	24.019468689	30.6684223345	32.3129341454	7.748
68	0	0	1	870	54	26.6750092499	29.4017746612	31.2281001447	13.559
68	0	0	2	2212	138	26.6750092499	32.2754099848	34.1017354682	13.307
69	0	0	1	1238	77	23.2139350931	26.6703198825	28.2596802023	10.189
69	0	0	2	2587	161	23.2139350931	28.2780887088	29.8674490286	12.346
70	0	0	1	532	33	19.3986975458	28.5922076153	29.9203546964	12.756
70	0	0	2	1874	117	19.3986975458	28.6621486306	29.9902957117	4.693
71	0	0	1	526	32	22.3327520421	29.3317610493	30.8607904786	7.244
71	0	0	2	1874	117	22.3327520421	28.5587654987	30.087794928	4.094
72	0	0	1	1237	77	19.440942464	27.7768723589	29.1079117715	5.716
72	0	0	2	2584	161	19.440942464	29.7227777372	31.0538171499	16.614
73	0	0	1	1000	62	20.8576176909	31.3876239423	32.8156571383	5.59
73	0	0	2	2345	146	20.8576176909	29.7175994496	31.1456326457	6.189
74	0	0	1	741	46	27.4573507648	31.3336493348	33.2135384453	9.086
74	0	0	2	2079	129	27.4573507648	32.0827136186	33.9626027291	9.086
75	0	0	1	297	18	25.685987558	31.1858701628	32.9444814985	13.04
75	0	0	2	1641	102	25.685987558	30.6619946081	32.4206059437	7.622
76	0	0	1	1104	69	24.501457224	30.2186135895	31.8961251244	10.189
76	0	0	2	2452	153	24.501457224	33.9927179957	35.6702295306	8.126
77	0	0	1	1229	76	22.1101500763	27.7439244846	29.2577132953	13.811
77	0	0	2	2580	161	22.1101500763	29.865287541	31.3790763517	19.307
78	0	0	1	414	25	21.143901211	28.8528557714	30.3004895937	4.898
78	0	0	2	1760	110	21.143901211	29.9351964826	31.3828303049	10.536
79	0	0	1	1213	75	18.8361254667	27.6569725311	28.9466026725	4.724
79	0	0	2	2562	160	18.8361254667	29.9111763586	31.2008065	4.378
80	0	0	1	488	30	19.4340335048	30.807711636	32.1382780213	12.866
80	0	0	2	1834	114	19.4340335048	31.0585723599	32.3891387453	9.937
81	0	0	1	1233	77	22.3409018565	31.432537274	32.9621246868	8.677
81	0	0	2	2583	161	22.3409018565	30.4466382099	31.9762256227	11.622
82	0	0	1	1026	64	27.0679119729	28.8691848785	30.7224107559	8.929
82	0	0	2	2372	148	27.0679119729	23.6978834586	25.551109336	11.968
83	0	0	1	470	29	24.4260033752	27.6896683752	29.362013903	8.819
83	0	0	2	1817	113	24.4260033752	27.6713377107	29.3436832385	5.969
84	0	0	1	809	50	22.6976909926	30.5955518671	32.1495671286	10.819
84	0	0	2	2151	134	22.6976909926	28.2883510196	29.8423662811	14.378
85	0	0	1	1031	64	26.776606669	19.7469094031	21.5801908338	12.409
85	0	0	2	2376	148	26.776606669	32.2880484375	34.1213298682	7.086
86	0	0	1	273	17	24.0950091092	26.778946353	28.4286300981	10.661
86	0	0	2	1616	101	24.0950091092	27.6606996202	29.3103833653	13.149
87	0	0	1	486	30	26.2180090258	30.0576523511	31.8526889549	4.283
87	0	0	2	1829	114	26.2180090258	30.672266805	32.4673034088	8.441
88	0	0	1	821	51	21.0411555052	26.7759868279	28.2165860847	8.709
88	0	0	2	2164	135	21.0411555052	28.3763394774	29.8169387342	19.212
89	0	0	1	341	21	18.2868187565	29.157786618	30.4098080435	7.654
89	0	0	2	1684	105	18.2868187565	29.7383917119	30.9904131374	11.244
90	0	0	1	378	23	22.8039535436	28.6797982255	30.2410888361	7.181
90	0	0	2	1723	107	22.8039535436	25.0384047821	26.5996953927	14.378
91	0	0	1	587	36	23.4151192293	30.7114176532	32.3145522031	13.181
91	0	0	2	1937	121	23.4151192293	29.393080381	30.9962149309	7.071
92	0	0	1	1251	78	21.0417558305	28.4790885336	29.9197288922	6.063
92	0	0	2	2600	162	21.0417558305	29.0537657239	30.4944060825	20.032
93	0	0	1	965	60	22.0913960693	34.8854788268	36.3979836296	8.725
93	0	0	2	2311	144	22.0913960693	30.4955543389	32.0080591418	8.583
94	0	0	1	489	30	22.664119111	28.8809916776	30.4327084139	10.441
94	0	0	2	1833	114	22.664119111	28.2867544778	29.8384712141	10.094
95	0	0	1	382	23	26.407112523	30.7501588589	32.5581425824	9.181
95	0	0	2	1721	107	26.407112523	32.3124243389	34.1204080623	4.204
96	0	0	1	1255	78	19.7881266416	29.6419942899	30.9968039403	9.402
96	0	0	2	2604	162	19.7881266416	28.8168678415	30.1716774919	4.771
97	0	0	1	267	16	25.1197204043	29.0025586039	30.7224000136	16
97	0	0	2	1611	100	25.1197204043	32.2539647306	33.9738061403	6.126
98	0	0	1	1223	76	22.729580404	29.5772138127	31.1334124079	5.969
98	0	0	2	2573	160	22.729580404	28.8030913276	30.3592899227	8.346
99	0	0	1	583	36	19.4112105673	30.3715841964	31.7005879914	21.811
99	0	0	2	1925	120	19.4112105673	31.8958794156	33.2248832106	8.347
100	0	0	1	1244	77	23.6481192001	27.3971862244	29.0162733005	4.221
100	0	0	2	2594	162	23.6481192001	30.3776124101	31.9966994862	17.811
101	0	0	1	414	25	24.6570940227	30.4909170037	32.1790843344	9.607
101	0	0	2	1762	110	24.6570940227	29.5804394874	31.2686068181	8.819
102	0	0	1	1009	63	30.9937525111	27.178375558	29.3003871948	6.992
102	0	0	2	2354	147	30.9937525111	29.0527647197	31.1747763565	6.992
103	0	0	1	491	30	17.0773373897	32.5794196794	33.7486330121	11.622
103	0	0	2	1838	114	17.0773373897	31.2009175916	32.3701309243	9.748
104	0	0	1	258	16	21.9527604517	28.5665923036	30.0696053099	11.055
104	0	0	2	1602	100	21.9527604517	28.8253429435	30.3283559498	5.307
105	0	0	1	1214	75	17.9210436343	28.0113075912	29.2382859353	12.346
105	0	0	2	2564	160	17.9210436343	27.190017289	28.4169956331	6.41
106	0	0	1	1218	76	22.134621988	31.7209927451	33.2364570445	9.78
106	0	0	2	2567	160	22.134621988	31.8463518759	33.3618161753	8.992
107	0	0	1	1045	65	23.8074784864	19.4852778844	21.1152756194	8.96
107	0	0	2	2408	150	23.8074784864	28.2739081894	29.9039059244	16.63
108	0	0	1	1095	68	22.4142528234	30.1302402012	31.6648496456	5.559
108	0	0	2	2442	152	22.4142528234	32.1680844767	33.7026939211	5.842
109	0	0	1	994	62	21.2448456357	30.3591200486	31.8136651104	10.976
109	0	0	2	2338	146	21.2448456357	28.6481920358	30.1027370975	15.622
110	0	0	1	930	58	26.323177358	28.8314457548	30.6336827912	12.977
110	0	0	2	2273	142	26.323177358	28.471884963	30.2741219993	7.779
111	0	0	1	470	29	21.5846821516	24.7030961015	26.1809083375	13.937
111	0	0	2	1814	113	21.5846821516	30.3545926921	31.8324049282	11.575
112	0	0	1	291	18	24.6895492917	26.4452068124	28.1355962186	6.189
112	0	0	2	1634	102	24.6895492917	27.4994783324	29.1898677386	6.52
113	0	0	1	275	17	25.9176589507	26.4421883244	28.2166612241	11.527
113	0	0	2	1619	101	25.9176589507	27.9970186857	29.7714915855	14.472
114	0	0	1	73	4	27.085662536	28.3144849681	30.1689261517	8.315
114	0	0	2	1413	88	27.085662536	29.8399709366	31.6944121202	11.653
115	0	0	1	1029	64	30.537343225	23.213182032	25.3039452481	5.685
115	0	0	2	2372	148	30.537343225	25.9856866926	28.0764499087	7.622
116	0	0	1	879	54	24.3483794541	29.1566903846	30.8237213296	11.244
116	0	0	2	2222	138	24.3483794541	28.961549253	30.6285801981	5.685
117	0	0	1	916	57	25.8490390491	30.1337225134	31.9034972976	13.181
117	0	0	2	2258	141	25.8490390491	31.6078499925	33.3776247767	6.063
118	0	0	1	429	26	22.630532609	32.4464269704	33.9958441804	10.582
118	0	0	2	1775	110	22.630532609	35.1920277629	36.7414449729	9.166
119	0	0	1	488	30	19.6788251188	34.8137063265	36.1610325622	10.851
119	0	0	2	1832	114	19.6788251188	32.3767367602	33.7240629959	12.031
120	0	0	1	994	62	23.1028498869	30.2103548368	31.7921096206	11.496
120	0	0	2	2340	146	23.1028498869	31.9537296374	33.5354844213	7.181
121	0	0	1	275	17	28.223611074	30.0205188648	31.9528705899	11.968
121	0	0	2	1619	101	28.223611074	30.8142193579	32.746571083	9.512
121	1	0	1	274	17	28.223611074	32.3280037799	34.260355505	15.874
121	1	0	2	1618	101	28.223611074	30.3848952174	32.3172469425	12.158
122	0	0	1	1253	78	19.0740806581	29.3238172473	30.6297391779	11.181
122	0	0	2	2601	162	19.0740806581	29.3178646093	30.6237865399	16.677
123	0	0	1	933	58	25.8788183557	27.1928067317	28.9646203796	12
123	0	0	2	2277	142	25.8788183557	31.2982006263	33.0700142742	9.276
124	0	0	1	1253	78	15.0657529496	30.1114063149	31.1428949372	8.488
124	0	0	2	2602	162	15.0657529496	30.6894485014	31.7209371237	13.78
125	0	0	1	526	32	21.5308683911	26.7581796463	28.2323074809	7.26
125	0	0	2	1874	117	21.5308683911	28.0198724597	29.4940002943	11.118
126	0	0	1	583	36	19.9110982192	30.4772627203	31.8404917164	17.102
126	0	0	2	1932	120	19.9110982192	29.9747354967	31.3379644928	16.441
127	0	0	1	506	31	24.5372714234	27.5978165442	29.2777801264	4.756
127	0	0	2	1859	116	24.5372714234	29.1199832282	30.7999468104	15.118
128	0	0	1	1022	63	27.4560101722	28.4708354916	30.3506328174	13.779
128	0	0	2	2368	148	27.4560101722	23.8311364305	25.7109337562	18.567
129	0	0	1	1250	78	21.1658624859	33.7109333485	35.1600707668	6.63
129	0	0	2	2599	162	21.1658624859	30.8624915296	32.311628948	12.126
130	0	0	1	478	29	23.5044576894	36.7886141993	38.3978653771	8.441
130	0	0	2	1829	114	23.5044576894	31.6949372005	33.3041883783	12.063
131	0	0	1	266	16	24.7698208068	34.0519323803	35.7478176389	11.134
131	0	0	2	1609	100	24.7698208068	33.5628048935	35.2586901521	6.283
133	0	0	1	876	54	23.8060207285	27.9270817758	29.5569797042	15.779
133	0	0	2	2217	138	23.8060207285	30.1865744665	31.8164723949	14.031
134	0	0	1	1230	76	21.6143696951	31.3244284111	32.8042732282	10.315
134	0	0	2	2581	161	21.6143696951	30.5221092519	32.0019540689	12.488
135	0	0	1	585	36	25.9422207835	31.2919915071	33.068146052	9.622
135	0	0	2	1931	120	25.9422207835	32.2969616975	34.0731162424	9.134
136	0	0	1	1061	66	27.5189070888	4.79525163891	6.6793552515	5.291
136	0	0	2	2406	150	27.5189070888	5.05756103298	6.94166464558	9.37
137	0	0	1	597	37	20.2169480497	26.4411649448	27.8253341901	9.528
137	0	0	2	1946	121	20.2169480497	29.3462833668	30.7304526121	10.787
138	0	0	1	1241	77	25.9486558695	29.3514265298	31.128021658	8.535
138	0	0	2	2590	161	25.9486558695	28.5240374172	30.3006325453	14.41
139	0	0	1	547	34	18.6537824188	29.0073294606	30.2844753419	10.22
139	0	0	2	1895	118	18.6537824188	32.0894583266	33.3666042078	12.095
140	0	0	1	1246	77	19.2549445462	30.4807109027	31.7990158217	12.158
140	0	0	2	2596	162	19.2549445462	29.9465140105	31.2648189295	19.37
141	0	0	1	469	29	20.5663662692	26.5600756234	27.9681680618	12.771
141	0	0	2	1815	113	20.5663662692	29.6063955888	31.0144880272	9.338
142	0	0	1	1029	64	21.0233963752	26.6850925676	28.1244759316	6.803
142	0	0	2	2373	148	21.0233963752	37.8001151706	39.2394985346	8.095
143	0	0	1	762	47	28.8029784808	29.8594817479	31.831500318	15.937
143	0	0	2	2106	131	28.8029784808	32.2767469469	34.248765517	5.843
144	0	0	1	110	6	22.5814373513	29.6215538517	31.1676097163	7.906
144	0	0	2	1451	90	22.5814373513	27.2743272473	28.8203831119	6.567
145	0	0	1	1233	77	21.7772373384	32.251011368	33.7420070464	5.968
145	0	0	2	2583	161	21.7772373384	32.6442548927	34.135250571	11.433
146	0	0	1	583	36	21.8032622891	31.1564034334	32.6491809305	9.559
146	0	0	2	1931	120	21.8032622891	31.5905950371	33.0833725341	15.055
147	0	0	1	490	30	20.5371223084	27.6780320864	29.084122314	9.779
147	0	0	2	1835	114	20.5371223084	28.9009926423	30.30708287	13.402
148	0	0	1	808	50	25.5918465508	32.156939888	33.9091057855	7.071
148	0	0	2	2150	134	25.5918465508	29.2834234748	31.0355893724	10.189
149	0	0	1	1253	78	18.5804288953	26.3150414524	27.5871651269	4
149	0	0	2	2601	162	18.5804288953	28.1071453794	29.3792690539	13.811
150	0	0	1	1241	77	19.9025501233	26.8609126713	28.2235564153	10.567
150	0	0	2	2590	161	19.9025501233	27.6844783962	29.0471221402	12.866
151	0	0	1	1229	76	21.1785787298	30.4868640589	31.9368721048	5.559
151	0	0	2	2579	161	21.1785787298	29.4026709813	30.8526790273	8.504
152	0	0	1	452	28	26.5626990644	30.8152681588	32.6339042371	14.393
152	0	0	2	1797	112	26.5626990644	30.8433523768	32.6619884551	8.284
153	0	0	1	554	34	20.5286334054	29.6391168648	31.0446258931	6.472
153	0	0	2	1901	118	20.5286334054	33.1071564109	34.5126654392	17.118
154	0	0	1	333	20	27.7857166976	33.7928839631	35.6952549054	10.221
154	0	0	2	1675	104	27.7857166976	35.0715348501	36.9739057924	6.189
155	0	0	1	470	29	25.0325962144	28.9009506782	30.6148270617	10.063
155	0	0	2	1817	113	25.0325962144	29.512679983	31.2265563665	6.567
156	0	0	1	604	37	21.5706952658	29.449926644	30.9267812569	10.945
156	0	0	2	1955	122	21.5706952658	28.9097325718	30.3865871847	11.937
157	0	0	1	193	12	22.7492197894	31.2225066135	32.7800498346	23.118
157	0	0	2	1534	95	22.7492197894	29.8834968693	31.4410400904	13.024
158	0	0	1	771	48	23.3177307852	27.2764100894	28.8728768629	10.032
158	0	0	2	2113	132	23.3177307852	27.6196730961	29.2161398696	15.339
159	0	0	1	310	19	23.8438208604	11.0555012954	12.6879872396	13.968
159	0	0	2	1659	103	23.8438208604	9.48368808212	11.1161740263	18.472
159	1	0	1	311	19	23.8438208604	15.3120359381	16.9445218823	20.819
159	1	0	2	1671	104	23.8438208604	15.8147455004	17.4472314445	6.882
160	0	0	1	1022	63	19.209153994	32.8376071694	34.1527770022	8.929
160	0	0	2	2366	147	19.209153994	30.0731416139	31.3883114467	13.071
162	0	0	1	1217	76	19.8540685801	31.1909626562	32.5502870732	9.04
162	0	0	2	2567	160	19.8540685801	30.0550075704	31.4143319874	7.244
163	0	0	1	1218	76	19.7394213155	31.0344073058	32.3858823077	11.685
163	0	0	2	2568	160	19.7394213155	31.0050851488	32.3565601507	9.906
164	0	0	1	1246	77	20.1587187321	29.0563686886	30.4365512178	5.559
164	0	0	2	2596	162	20.1587187321	29.247550337	30.6277328662	16.787
165	0	0	1	987	61	26.2195849435	25.0389127137	26.834057214	11.433
165	0	0	2	2331	145	26.2195849435	28.7982372912	30.5933817915	10.347
166	0	0	1	471	29	21.2215974838	30.9549418522	32.4078952109	7.181
166	0	0	2	1817	113	21.2215974838	29.39850495	30.8514583088	8
168	0	0	1	1004	62	25.8859575406	32.0025084158	33.7748108536	7.307
168	0	0	2	2350	146	25.8859575406	30.815277597	32.5875800347	12.283
169	0	0	1	1248	78	24.258088474	28.9567284563	30.6175775584	8.771
169	0	0	2	2598	162	24.258088474	28.8864577469	30.5473068489	19.874
170	0	0	1	155	9	27.6307663164	33.3677042272	35.2594663698	11.653
170	0	0	2	1496	93	27.6307663164	32.1769385219	34.0687006645	16.724
171	0	0	1	585	36	24.019662845	30.434594667	32.0791197709	12.756
171	0	0	2	1936	121	24.019662845	31.3785517854	33.0230768893	6.252
172	0	0	1	1269	79	18.0996552909	29.1311723594	30.3703794911	14.441
172	0	0	2	2619	163	18.0996552909	27.9317164144	29.1709235461	13.37
173	0	0	1	1237	77	23.3182823224	29.5369854442	31.1334899791	10.189
173	0	0	2	2587	161	23.3182823224	32.4015362612	33.9980407961	9.685
174	0	0	1	993	62	24.8498825231	31.6638646714	33.3652314184	8.284
174	0	0	2	2340	146	24.8498825231	34.0713013618	35.7726681088	7.118
175	0	0	1	822	51	29.0194037653	31.7831231318	33.7699594292	6.945
175	0	0	2	2166	135	29.0194037653	28.4035959452	30.3904322426	15.905
176	0	0	1	1241	77	21.3213742256	30.6753849971	32.1351696489	11.15
176	0	0	2	2589	161	21.3213742256	30.2299180128	31.6897026646	4.189
177	0	0	1	577	36	22.2819322075	31.5720952733	33.0976452827	7.717
177	0	0	2	1925	120	22.2819322075	31.4063079076	32.931857917	7.779
178	0	0	1	482	30	18.0167465241	33.065046302	34.2985770197	17.906
178	0	0	2	1828	114	18.0167465241	28.2927152792	29.5262459969	9.087
179	0	0	1	1256	78	25.2785942613	29.7869973902	31.5177162235	9.086
179	0	0	2	2604	162	25.2785942613	28.750051658	30.4807704913	16.158
180	0	0	1	773	48	34.0893827632	24.9083920575	27.2423484537	11.811
180	0	0	2	2114	132	34.0893827632	21.8196963968	24.153652793	21.465
181	0	0	1	1238	77	21.2919090909	29.391627542	30.8493948403	11.118
181	0	0	2	2587	161	21.2919090909	28.4658046297	29.923571928	10.504
182	0	0	1	1094	68	20.4946207955	31.5187003683	32.9218806964	10.347
182	0	0	2	2441	152	20.4946207955	29.3167175628	30.7198978909	6.504
183	0	0	1	1012	63	28.0206832143	29.3071874654	31.225645575	12.284
183	0	0	2	2357	147	28.0206832143	28.9915299494	30.9099880589	4.614
184	0	0	1	1255	78	19.4776815919	28.2414123004	29.5749670864	11.527
184	0	0	2	2603	162	19.4776815919	28.3603635387	29.6939183246	18.378
185	0	0	1	523	32	22.8192590389	17.6936081418	19.2559466553	8.126
185	0	0	2	1865	116	22.8192590389	17.186468415	18.7488069284	10.095
186	0	0	1	824	51	27.6652119457	18.3655714114	20.2596919011	6.914
186	0	0	2	2166	135	27.6652119457	23.7493397633	25.6434602529	13.622
187	0	0	1	1255	78	17.3155620564	30.2147518162	31.400275388	14.22
187	0	0	2	2604	162	17.3155620564	29.379859307	30.5653828788	9.386
188	0	0	1	555	34	22.7717108778	33.0807168055	34.6397998967	12.771
188	0	0	2	1905	119	22.7717108778	30.9705665724	32.5296496636	5.716
189	0	0	1	414	25	23.7469901837	28.560722541	30.1865788968	10.063
189	0	0	2	1760	110	23.7469901837	30.9201002869	32.5459566426	14.063
190	0	0	1	807	50	25.2732466163	14.4332191476	16.1635718502	5.118
190	0	0	2	2148	134	25.2732466163	7.08455633004	8.81490903257	13.433
191	0	0	1	809	50	25.0321425892	32.6501519167	34.3639972425	5.228
191	0	0	2	2152	134	25.0321425892	31.0708679021	32.7847132278	7.181
192	0	0	1	1255	78	16.6844606535	29.2164356337	30.3587503517	6.614
192	0	0	2	2604	162	16.6844606535	30.2348994377	31.3772141557	14.835
193	0	0	1	737	46	22.4150004249	28.4871906115	30.0218512411	16.252
193	0	0	2	2077	129	22.4150004249	28.2447529444	29.779413574	6.567
194	0	0	1	1021	63	26.7755808892	24.6428718463	26.4760830462	12.536
194	0	0	2	2368	148	26.7755808892	28.6927968168	30.5260080167	14.094
195	0	0	1	228	14	25.7942276095	32.3086849894	34.0747070652	10.315
195	0	0	2	1570	98	25.7942276095	31.8861839963	33.6522060722	11.937
196	0	0	1	802	50	22.4766914996	20.5257973521	22.0646817095	5.433
196	0	0	2	2146	134	22.4766914996	30.2579204887	31.7968048462	8.441
197	0	0	1	1020	63	23.6535066841	37.2644950489	38.8839509834	5.685
197	0	0	2	2365	147	23.6535066841	30.3372168849	31.9566728194	15.024
198	0	0	1	440	27	23.3479972011	29.3339019075	30.932440895	5.355
198	0	0	2	1788	111	23.3479972011	29.5849066646	31.183445652	10.567
199	0	0	1	443	27	22.9287428453	29.6853729724	31.2552073807	5.842
199	0	0	2	1790	111	22.9287428453	25.5970513503	27.1668857586	6.63
200	0	0	1	1057	66	27.0339649998	27.2487209661	29.0996226373	9.654
200	0	0	2	2400	150	27.0339649998	28.3127744877	30.1636761588	8.378
201	0	0	1	998	62	19.6664751468	28.1537795234	29.5002602085	7.433
201	0	0	2	2344	146	19.6664751468	26.8711105141	28.2175911992	7.685
202	0	0	1	521	32	19.8540928665	26.8812280819	28.2405541617	4
202	0	0	2	1867	116	19.8540928665	29.8034581161	31.162784196	4.63
203	0	0	1	455	28	19.1239310473	27.8104106924	29.1197456691	14.283
203	0	0	2	1800	112	19.1239310473	29.8712746597	31.1806096365	13.165
204	0	0	1	1220	76	22.7494938015	29.8599594861	31.4175214677	9.622
204	0	0	2	2571	160	22.7494938015	34.1089570289	35.6665190105	12.961
205	0	0	1	804	50	23.4833122876	30.5185524379	32.1263558792	15.622
205	0	0	2	2145	134	23.4833122876	32.0519355139	33.6597389551	10.33
206	0	0	1	547	34	17.4803272583	27.4621805511	28.6589849021	10.41
206	0	0	2	1895	118	17.4803272583	30.3206550115	31.5174593625	14.992
207	0	0	1	74	4	23.8730428494	33.9511646736	35.5856513242	12.283
207	0	0	2	1413	88	23.8730428494	29.8744946748	31.5089813255	12.661
208	0	0	1	797	49	27.3239190792	31.0636204224	32.9343740276	6.63
208	0	0	2	2133	133	27.3239190792	30.7550730742	32.6258266794	16.031
209	0	0	1	1014	63	24.3652043207	32.491957182	34.1601400548	10.929
209	0	0	2	2359	147	24.3652043207	33.118165948	34.7863488207	8.866
210	0	0	1	1031	64	25.5489965335	22.2466945105	23.9959266479	5.654
210	0	0	2	2375	148	25.5489965335	32.0749717796	33.824203917	9.811
211	0	0	1	1081	67	23.3410414917	30.6873489616	32.2854117209	6.252
211	0	0	2	2426	151	23.3410414917	28.6128432569	30.2109060162	10.945
212	0	0	1	411	25	25.8262371854	29.9503470502	31.7185606869	11.338
212	0	0	2	1759	109	25.8262371854	27.7052239539	29.4734375906	5.78
213	0	0	1	1236	77	19.6043205178	31.3103147432	32.6525399628	10
213	0	0	2	2586	161	19.6043205178	32.7032020614	34.045427281	10.488
214	0	0	1	737	46	28.9418105718	34.0095159999	35.9910398183	7.339
214	0	0	2	2076	129	28.9418105718	30.8759692465	32.8574930649	4.221
215	0	0	1	1059	66	21.5579579056	29.8611393381	31.3371218776	16.992
215	0	0	2	2406	150	21.5579579056	30.3882334561	31.8642159956	18.583
216	0	0	1	933	58	29.9329064786	32.6856559113	34.7350358903	8
216	0	0	2	2277	142	29.9329064786	30.5111947468	32.5605747258	4.189
217	0	0	1	514	32	22.0652183395	28.0790314869	29.5897440109	10.315
217	0	0	2	1864	116	22.0652183395	29.4055731676	30.9162856916	7.905
218	0	0	1	936	58	25.9281085257	32.8022214815	34.5774098196	8.724
218	0	0	2	2280	142	25.9281085257	31.00104926	32.7762375981	4.473
219	0	0	1	1236	77	22.3891380353	28.3689856254	29.9018755661	9.229
219	0	0	2	2585	161	22.3891380353	27.4725288575	29.0054187982	8.598
220	0	0	1	1268	79	23.1041628957	29.9799760457	31.5618207257	8.189
220	0	0	2	2619	163	23.1041628957	29.2518934015	30.8337380815	14.22
221	0	0	1	1256	78	14.093740275	30.734729486	31.6996684962	7.906
221	0	0	2	2604	162	14.093740275	30.4363806604	31.4013196705	12.834
222	0	0	1	349	21	15.225028621	28.9697618452	30.0121554015	4.866
222	0	0	2	1693	105	15.225028621	30.0940304931	31.1364240494	9.197
223	0	0	1	215	13	25.9183167006	25.435033506	27.2095514391	7.496
223	0	0	2	1558	97	25.9183167006	28.8453760684	30.6198940015	10.866
224	0	0	1	1094	68	23.9316383371	28.2882743492	29.9267727859	10.032
224	0	0	2	2442	152	23.9316383371	31.6477523653	33.2862508021	6.551
225	0	0	1	773	48	26.1597196966	29.0697444465	30.8607902255	19.307
225	0	0	2	2117	132	26.1597196966	31.169604329	32.960650108	14.284
225	1	0	1	774	48	26.1597196966	27.3394525066	29.1304982857	16.063
225	1	0	2	2116	132	26.1597196966	31.1694306863	32.9604764653	17.071
226	0	0	1	1221	76	19.6111784982	32.0169719873	33.3596667439	13.717
226	0	0	2	2571	160	19.6111784982	32.1882659573	33.5309607139	11.023
227	0	0	1	1223	76	18.89648362	32.6016712106	33.8954338204	8.551
227	0	0	2	2574	160	18.89648362	30.480547594	31.7743102038	12.834
228	0	0	1	583	36	23.336003685	32.3669851978	33.9647030397	5.968
228	0	0	2	1931	120	23.336003685	30.7447756101	32.3424934521	12.095
229	0	0	1	528	33	17.2065330611	25.6760597289	26.8541185448	16
229	0	0	2	1876	117	17.2065330611	26.1985565771	27.376615393	6.961
230	0	0	1	809	50	26.4078185165	30.174740678	31.9827727378	11.244
230	0	0	2	2152	134	26.4078185165	30.0302655397	31.8382975995	13.969
231	0	0	1	918	57	30.7457233423	26.2235222592	28.328552384	20.221
231	0	0	2	2262	141	30.7457233423	26.6863715543	28.791401679	10
232	0	0	1	1242	77	21.0465336898	33.6904293519	35.1313968303	11.307
232	0	0	2	2593	162	21.0465336898	31.226177039	32.6671445175	6.536
233	0	0	1	1029	64	21.7580200385	25.5755123685	27.0651923193	4.598
233	0	0	2	2373	148	21.7580200385	37.3171216334	38.8068015842	15.087
234	0	0	1	375	23	27.1711814137	30.6550428902	32.515339191	6.693
234	0	0	2	1721	107	27.1711814137	30.14031919	32.0006154909	11.685
235	0	0	1	581	36	20.276954762	28.5204623665	29.9087400186	13.165
235	0	0	2	1930	120	20.276954762	29.5677599546	30.9560376066	6.567
236	0	0	1	1245	77	17.7502967656	29.2232060027	30.4384940282	14.693
236	0	0	2	2596	162	17.7502967656	29.4592995823	30.6745876079	20.378
237	0	0	1	1236	77	25.5375370359	29.3138461629	31.0622937168	9.685
237	0	0	2	2586	161	25.5375370359	33.0416101737	34.7900577276	6.315
238	0	0	1	506	31	20.1047124759	25.1446395785	26.5211245269	17.213
238	0	0	2	1857	116	20.1047124759	23.9558773825	25.332362331	13.527
239	0	0	1	462	28	21.8503148869	36.0456772497	37.5416762399	4.032
239	0	0	2	1801	112	21.8503148869	35.87367278	37.3696717701	9.339
240	0	0	1	1031	64	26.0091593082	25.2520927731	27.0328303168	5.213
240	0	0	2	2374	148	26.0091593082	37.8704776789	39.6512152225	6.929
241	0	0	1	558	34	21.0301379523	32.7062260335	34.1460709649	5.15
241	0	0	2	1907	119	21.0301379523	30.2901654372	31.7300103686	8.33
242	0	0	1	1213	75	23.3497373601	30.346778413	31.9454365418	9.275
242	0	0	2	2565	160	23.3497373601	31.1262421625	32.7249002913	10.646
243	0	0	1	1238	77	22.9828467945	28.1666580472	29.740196725	11.748
243	0	0	2	2587	161	22.9828467945	28.3531385713	29.926677249	12.252
244	0	0	1	1064	66	24.1381132544	29.2282877556	30.8809226599	5.874
244	0	0	2	2411	150	24.1381132544	28.7835062117	30.4361411161	15.874
245	0	0	1	469	29	21.5924584817	24.8119627262	26.2903073748	14.567
245	0	0	2	1815	113	21.5924584817	32.8918228151	34.3701674637	6.756
246	0	0	1	567	35	26.8582748367	34.4971361492	36.3360090551	9.024
246	0	0	2	1915	119	26.8582748367	36.398175895	38.237048801	8.63
247	0	0	1	985	61	23.7386101051	16.958922877	18.5842054841	12
247	0	0	2	2331	145	23.7386101051	22.1232497796	23.7485323867	7.37
248	0	0	1	606	37	16.5338175717	32.5816454245	33.7136462455	7.748
248	0	0	2	1955	122	16.5338175717	33.9745359798	35.1065368008	6.929
249	0	0	1	933	58	27.8181662502	30.1977149584	32.1023075848	23.874
249	0	0	2	2276	142	27.8181662502	29.0987670964	31.0033597228	8.284
250	0	0	1	1233	77	21.5451840534	31.2336012669	32.7087092346	7.748
250	0	0	2	2582	161	21.5451840534	31.8432496263	33.318357594	7.275
251	0	0	1	1063	66	24.9999433126	30.587534516	32.299175293	8.819
251	0	0	2	2410	150	24.9999433126	30.2536881769	31.9653289539	10.725
252	0	0	1	347	21	23.7269483665	27.2377639335	28.8622481105	4.977
252	0	0	2	1691	105	23.7269483665	29.1401877535	30.7646719305	7.842
253	0	0	1	779	48	28.4643028503	25.991642019	27.9404728958	10.315
253	0	0	2	2120	132	28.4643028503	29.5583381396	31.5071690163	18.598
254	0	0	1	1003	62	26.7700082582	29.2443338542	31.0771635195	14.252
254	0	0	2	2349	146	26.7700082582	29.9775880325	31.8104176977	11.559
255	0	0	1	1270	79	30.8400328188	22.9677733579	25.0792604551	10.346
255	0	0	2	2619	163	30.8400328188	21.7210115064	23.8324986036	15.213
256	0	0	1	1245	77	20.7729862026	29.1560241816	30.5782630162	5.748
256	0	0	2	2593	162	20.7729862026	31.5944132445	33.0166520791	15.874
257	0	0	1	1061	66	21.9671510149	36.3910051964	37.8950034639	10.709
257	0	0	2	2407	150	21.9671510149	28.9812285949	30.4852268624	14.41
258	0	0	1	1217	76	20.819702718	27.6935843028	29.1190216204	6.409
258	0	0	2	2566	160	20.819702718	29.4845842727	30.9100215903	5.811
260	0	0	1	997	62	26.3459442154	27.6498699913	29.4536657784	9.905
260	0	0	2	2342	146	26.3459442154	30.528751448	32.3325472352	7.874
261	0	0	1	210	13	27.6929745261	28.9254374118	30.8214586884	7.496
261	0	0	2	1553	97	27.6929745261	31.1026986415	32.998719918	6.252
262	0	0	1	545	34	19.8879008834	33.1616718315	34.5233126038	4.536
262	0	0	2	1892	118	19.8879008834	33.0505672634	34.4122080357	10.41
263	0	0	1	1269	79	21.3787928936	29.3401796581	30.8038955242	12.85
263	0	0	2	2618	163	21.3787928936	29.8279402281	31.2916560942	9.716
264	0	0	1	892	55	28.5486361701	33.4508914273	35.4054962512	10.693
264	0	0	2	2234	139	28.5486361701	32.2763659744	34.2309707983	4.992
265	0	0	1	1230	76	21.960540247	32.0698302604	33.5733759165	10.709
265	0	0	2	2581	161	21.960540247	30.6972240208	32.2007696769	12.661
266	0	0	1	1241	77	23.4162817957	30.7565454765	32.3597596224	12.032
266	0	0	2	2590	161	23.4162817957	31.0302082727	32.6334224187	8.378
267	0	0	1	1272	79	22.0956166258	30.8911980407	32.4039918073	4.283
267	0	0	2	2616	163	22.0956166258	31.9487827072	33.4615764738	8.866
268	0	0	1	993	62	18.9974693157	31.5502120123	32.8508886872	6.787
268	0	0	2	2340	146	18.9974693157	31.1483618342	32.4490385091	13.653
269	0	0	1	838	52	25.5743103214	31.5210489789	33.2720142448	12.126
269	0	0	2	2180	136	25.5743103214	27.7222119577	29.4731772235	10.977
270	0	0	1	1240	77	22.3205166125	30.3825417079	31.9107334289	10.882
270	0	0	2	2589	161	22.3205166125	31.0504141471	32.5786058681	13.685
271	0	0	1	1258	78	23.4582767574	30.9239736148	32.5300629788	7.165
271	0	0	2	2609	163	23.4582767574	32.2544977972	33.8605871612	14.662
272	0	0	1	1269	79	19.705373965	31.9800518951	33.3291958184	10.646
272	0	0	2	2619	163	19.705373965	28.7631723883	30.1123163116	18.095
273	0	0	1	782	48	22.6893057398	35.8188513913	37.3722925499	14.158
273	0	0	2	2121	132	22.6893057398	32.4764438282	34.0298849868	15.527
274	0	0	1	1103	68	22.1711310299	32.8443056189	34.3622695385	11.401
274	0	0	2	2452	153	22.1711310299	31.056458577	32.5744224967	8.347
275	0	0	1	597	37	20.7652457989	29.4790380908	30.9007469727	9.874
275	0	0	2	1948	121	20.7652457989	31.1762218857	32.5979307676	9.417
276	0	0	1	558	34	26.9781497256	33.4805711678	35.3276514023	8.252
276	0	0	2	1907	119	26.9781497256	33.6913954014	35.5384756359	9.496
277	0	0	1	538	33	17.7853650334	31.3296391436	32.5473281457	4.788
277	0	0	2	1888	118	17.7853650334	29.7989213887	31.0166103908	12.567
278	0	0	1	599	37	17.7892900196	25.5561614466	26.774119176	17.528
278	0	0	2	1949	121	17.7892900196	27.2451811381	28.4631388674	9.465
279	0	0	1	1257	78	21.4224747537	2.56502248505	4.03172906405	6.834
279	0	0	2	2596	162	21.4224747537	2.79300397895	4.25971055795	10.551
280	0	0	1	506	31	22.2164562062	28.9559023462	30.4769694897	6.315
280	0	0	2	1857	116	22.2164562062	28.1881226319	29.7091897754	14.189
281	0	0	1	802	50	28.356894118	23.1148799796	25.0563570331	7.024
281	0	0	2	2133	133	28.356894118	34.4319323959	36.3734094494	6.221
282	0	0	1	521	32	23.3385371877	27.8284622199	29.4263535201	10.457
282	0	0	2	1869	116	23.3385371877	27.8222144584	29.4201057586	11.716
283	0	0	1	1246	77	20.4754132973	31.1431537599	32.5450190316	10
283	0	0	2	2597	162	20.4754132973	30.3328968685	31.7347621402	17.181
284	0	0	1	528	33	24.4468148197	30.0107017804	31.6844721802	17.339
284	0	0	2	1876	117	24.4468148197	31.3310461373	33.0048165371	5.874
285	0	0	1	822	51	23.4300258558	34.4767968797	36.0809520235	6.346
285	0	0	2	2166	135	23.4300258558	27.7780517462	29.38220689	19.402
286	0	0	1	486	30	21.3534566131	29.7148272169	31.1768084147	13.118
286	0	0	2	1831	114	21.3534566131	26.7189377054	28.1809189032	6.473
287	0	0	1	1056	66	23.0875894303	33.3085805816	34.8892905463	8.221
287	0	0	2	2401	150	23.0875894303	32.766676288	34.3473862527	13.843
288	0	0	1	601	37	18.4699855043	30.9844694502	32.2490315312	10.803
288	0	0	2	1946	121	18.4699855043	29.58982515	30.8543872309	9.654
288	1	0	1	600	37	18.4699855043	31.1259301285	32.3904922094	9.102
288	1	0	2	1952	122	18.4699855043	30.3699682577	31.6345303387	5.969
289	0	0	1	304	19	26.1775772499	28.0176134521	29.8098818625	5.055
289	0	0	2	1649	103	26.1775772499	30.9740275987	32.7662960091	8.283
290	0	0	1	1240	77	22.8454858614	26.9679421236	28.532076277	7.512
290	0	0	2	2590	161	22.8454858614	29.5294703907	31.0936045442	5.071
291	0	0	1	1230	76	22.5885744515	31.2824178935	32.8289624052	11.055
291	0	0	2	2581	161	22.5885744515	31.3607408439	32.9072853557	11.842
292	0	0	1	1265	79	21.6541470499	28.0302725539	29.5128407588	12.409
292	0	0	2	2615	163	21.6541470499	30.2490263139	31.7315945188	15.748
293	0	0	1	1245	77	23.012372937	31.7833794212	33.3589396295	5.811
293	0	0	2	2596	162	23.012372937	30.5960463864	32.1716065947	17.559
294	0	0	1	1030	64	27.9551693818	29.4708117152	31.3847843688	4.96
294	0	0	2	2374	148	27.9551693818	32.555058353	34.4690310065	17.591
295	0	0	1	583	36	20.525667289	30.2304222367	31.6357281874	7.166
295	0	0	2	1931	120	20.525667289	27.4197403901	28.8250463408	9.874
296	0	0	1	529	33	20.0821163265	32.5101640608	33.8851019461	9.732
296	0	0	2	1879	117	20.0821163265	29.872083774	31.2470216593	13.685
297	0	0	1	534	33	23.1704974215	31.4366749992	33.0230613247	18.221
297	0	0	2	1891	118	23.1704974215	20.515897058	22.1022833835	5.385
298	0	0	1	1236	77	23.5577173373	30.649370952	32.2622685935	5.842
298	0	0	2	2589	161	23.5577173373	32.3839694445	33.996867086	15.622
299	0	0	1	973	60	19.9129669144	29.0435786584	30.4069355963	10.284
299	0	0	2	2317	144	19.9129669144	29.2174316467	30.5807885845	10.819
300	0	0	1	1233	77	19.5825122446	30.8257412616	32.1664733606	6.866
300	0	0	2	2583	161	19.5825122446	29.5274673416	30.8681994406	12.882
301	0	0	1	764	47	25.5834864088	7.46133616513	9.212929679	19.055
301	0	0	2	2101	131	25.5834864088	12.9998345196	14.7514280335	17.906
302	0	0	1	524	32	22.6457559052	26.2921825623	27.8426420472	5.622
302	0	0	2	1872	117	22.6457559052	26.4468652181	27.997324703	6.63
303	0	0	1	1217	76	25.7789488377	28.7730199795	30.5379959823	7.024
303	0	0	2	2566	160	25.7789488377	27.3530063096	29.1179823124	5.212
304	0	0	1	520	32	20.2359969896	29.6879170741	31.07339052	7.559
304	0	0	2	1867	116	20.2359969896	27.6872430272	29.0727164731	7.244
305	0	0	1	532	33	17.8525927773	33.9152842814	35.1375760838	11.134
305	0	0	2	1876	117	17.8525927773	32.1304404037	33.3527322061	8.063
306	0	0	1	586	36	21.4384481306	27.7353308404	29.2031310493	4.315
306	0	0	2	1936	121	21.4384481306	29.5777888614	31.0455890702	11.874
307	0	0	1	1245	77	19.1211155494	29.8662353737	31.1753775852	7.229
307	0	0	2	2596	162	19.1211155494	30.2250793522	31.5342215637	6.567
308	0	0	1	521	32	16.3794524804	29.4786553364	30.60008743	4.582
308	0	0	2	1869	116	16.3794524804	26.638602081	27.7600341746	10.252
309	0	0	1	567	35	29.7316432924	33.161822892	35.1974232287	5.591
309	0	0	2	1905	119	29.7316432924	25.7246065148	27.7602068515	4.409
310	0	0	1	488	30	21.1728760575	27.622868995	29.072486603	15.528
310	0	0	2	1832	114	21.1728760575	28.6046440988	30.0542617068	12.945
311	0	0	1	1031	64	24.3570540321	26.8083008678	28.4759257246	10.803
311	0	0	2	2375	148	24.3570540321	34.9097712987	36.5773961556	5.906
312	0	0	1	932	58	22.9438441637	30.7964021029	32.3672704348	7.37
312	0	0	2	2274	142	22.9438441637	27.9126956625	29.4835639944	5.055
313	0	0	1	1246	77	21.4366126879	31.4351685358	32.9028430795	11.591
313	0	0	2	2598	162	21.4366126879	28.6177193714	30.0853939151	18.976
314	0	0	1	1094	68	25.204262404	30.5183746053	32.2440042495	6.851
314	0	0	2	2441	152	25.204262404	27.3989373245	29.1245669687	12.598
315	0	0	1	840	52	24.7931190979	32.3575122442	34.0549926387	7.04
315	0	0	2	2183	136	24.7931190979	24.9244176962	26.6218980906	5.654
316	0	0	1	918	57	27.0071175904	17.3822576739	19.231321216	4.851
316	0	0	2	2268	141	27.0071175904	30.8951981284	32.7442616706	6.866
317	0	0	1	1031	64	28.1237059359	18.3954571946	20.3209688358	5.197
317	0	0	2	2385	149	28.1237059359	24.7362469875	26.6617586287	7.937
318	0	0	1	492	30	22.8601296585	28.6612460549	30.2263828075	4
318	0	0	2	1838	114	22.8601296585	30.395633892	31.9607706445	10.409
319	0	0	1	267	16	30.1683387147	33.2085975008	35.2740965329	9.905
319	0	0	2	1611	100	30.1683387147	32.3099044794	34.3754035116	9.653
320	0	0	1	517	32	20.2192260052	27.4882763874	28.8726015947	5.78
320	0	0	2	1864	116	20.2192260052	30.1653259952	31.5496512025	9.559
321	0	0	1	333	20	20.920841568	30.5805214818	32.0128833503	4.472
321	0	0	2	1678	104	20.920841568	32.1874032952	33.6197651637	8
322	0	0	1	1041	65	22.8391493547	28.4142744151	29.9779747346	18.41
322	0	0	2	2399	149	22.8391493547	33.7586242578	35.3223245773	4.536
323	0	0	1	1019	63	22.0407483938	35.5848334991	37.0938706691	6.473
323	0	0	2	2363	147	22.0407483938	36.0630000904	37.5720372604	6.126
324	0	0	1	917	57	26.9889660686	28.7225948303	30.5704156142	6.504
324	0	0	2	2266	141	26.9889660686	29.8913563554	31.7391771393	12.63
325	0	0	1	966	60	27.5807923797	29.9070747758	31.7954154135	13.685
325	0	0	2	2311	144	27.5807923797	26.8263201456	28.7146607833	5.811
326	0	0	1	567	35	27.79686238	28.966575481	30.8697095212	6
326	0	0	2	1915	119	27.79686238	30.8150386874	32.7181727276	8.771
327	0	0	1	1220	76	23.1341361069	30.858788892	32.4426857114	6.74
327	0	0	2	2569	160	23.1341361069	26.9326383093	28.5165351287	12.032
328	0	0	1	771	48	27.2545981283	26.2151409248	28.0811484166	15.685
328	0	0	2	2113	132	27.2545981283	25.3148740747	27.1808815665	8.961
329	0	0	1	984	61	22.6362052368	25.2509609114	26.8007665023	11.102
329	0	0	2	2329	145	22.6362052368	30.45720135	32.0070069409	8.914
330	0	0	1	1063	66	22.9960903603	29.8465737823	31.4210191912	13.559
330	0	0	2	2408	150	22.9960903603	30.7188963121	32.293341721	16.976
331	0	0	1	1272	79	19.7085535341	1.48919216226	2.83855377728	8.535
331	0	0	2	2614	163	19.7085535341	2.51614314065	3.86550475566	13.968
332	0	0	1	898	56	31.7629022529	33.5958284119	35.7705004906	6.504
332	0	0	2	2241	140	31.7629022529	30.151282193	32.3259542716	4.914
333	0	0	1	162	10	19.8193879523	29.5038470407	30.8607970213	5.103
333	0	0	2	1504	94	19.8193879523	29.1884762968	30.5454262774	5.811
334	0	0	1	822	51	27.7335098075	27.6873701656	29.5861667221	8.41
334	0	0	2	2165	135	27.7335098075	28.9265459559	30.8253425124	14.63
335	0	0	1	934	58	29.1702436754	32.5045229321	34.5016866026	6.819
335	0	0	2	2276	142	29.1702436754	31.711308661	33.7084723315	6.378
336	0	0	1	547	34	23.0141811217	29.1306478869	30.706331894	10.851
336	0	0	2	1894	118	23.0141811217	30.2383346383	31.8140186454	15.086
337	0	0	1	1240	77	22.35099548	29.8972122327	31.4274907133	6.725
337	0	0	2	2589	161	22.35099548	31.5250413516	33.0553198323	8.472
338	0	0	1	550	34	19.8438101362	14.9203766383	16.278998703	16.347
338	0	0	2	1896	118	19.8438101362	15.6912947611	17.0499168258	16.567
339	0	0	1	577	36	20.2278221648	32.463178112	33.8480918621	10.835
339	0	0	2	1926	120	20.2278221648	31.0980976455	32.4830113956	8.284
340	0	0	1	1004	62	30.6678310865	34.0968426261	36.1965397963	5.118
340	0	0	2	2350	146	30.6678310865	36.3824067963	38.4821039665	10.095
341	0	0	1	903	56	24.8297458061	26.0429647717	27.7429528425	12.551
341	0	0	2	2245	140	24.8297458061	23.2989276601	24.9989157309	4.094
342	0	0	1	1248	78	23.4174076657	31.0848470607	32.6881382902	6.551
342	0	0	2	2596	162	23.4174076657	29.8007848598	31.4040760893	19.874
343	0	0	1	1091	68	18.4967711367	31.8086680252	33.0750640055	8.157
343	0	0	2	2438	152	18.4967711367	32.7306856073	33.9970815876	9.418
344	0	0	1	883	55	23.3518727766	28.3765158937	29.9753202255	8.126
344	0	0	2	2226	139	23.3518727766	30.1800082709	31.7788126027	5.26
345	0	0	1	961	60	22.1985313613	30.4269179359	31.9467578408	4.677
345	0	0	2	2305	144	22.1985313613	34.0912663707	35.6111062755	6.441
346	0	0	1	1029	64	22.2148493431	27.5754086911	29.0963658195	6.677
346	0	0	2	2364	147	22.2148493431	34.8188251409	36.3397822693	6.772
347	0	0	1	1236	77	21.7869214627	29.6430074312	31.1346661407	10.473
347	0	0	2	2586	161	21.7869214627	30.1415586835	31.633217393	12.126
348	0	0	1	478	29	22.5214267573	29.8998217097	31.4417689018	6.063
348	0	0	2	1825	114	22.5214267573	31.3289162921	32.8708634841	6.504
349	0	0	1	582	36	27.0296836273	28.2039680423	30.0545765859	10.63
349	0	0	2	1931	120	27.0296836273	27.4658727266	29.3164812702	7.086
350	0	0	1	933	58	28.2688899922	31.3129892773	33.2484410591	6.094
350	0	0	2	2282	142	28.2688899922	27.3523371015	29.2877888833	15.496
351	0	0	1	227	14	22.5923563267	26.794970056	28.3417734968	8.551
351	0	0	2	1569	98	22.5923563267	26.8820169426	28.4288203834	9.654
352	0	0	1	962	60	24.5501774496	30.5673775108	32.2482247143	5.244
352	0	0	2	2306	144	24.5501774496	29.5965740321	31.2774212355	9.339
353	0	0	1	472	29	21.548450468	13.7401407596	15.215472365	9.811
353	0	0	2	1818	113	21.548450468	27.6334604785	29.1087920838	6.882
354	0	0	1	265	16	23.1479018516	29.4903006218	31.0751399238	17.937
354	0	0	2	1609	100	23.1479018516	28.6839360529	30.2687753549	9.748
355	0	0	1	1021	63	24.7870578284	26.6445316213	28.3415970262	5.433
355	0	0	2	2366	147	24.7870578284	30.9291360727	32.6262014775	10.661
356	0	0	1	879	54	26.6749053925	28.3152474398	30.1415658126	12.662
356	0	0	2	2223	138	26.6749053925	27.7945000563	29.6208184291	13.37
357	0	0	1	1279	79	19.0885018431	27.0890757503	28.3959850388	20.63
357	0	0	2	2628	164	19.0885018431	28.0816690185	29.3885783069	13.622
358	0	0	1	549	34	23.5436724591	25.1492508768	26.7611869246	5.008
358	0	0	2	1895	118	23.5436724591	26.3243366753	27.9362727231	17.937
358	1	0	1	545	34	23.5436724591	32.0656647739	33.6776008217	4.315
358	1	0	2	1893	118	23.5436724591	31.9730202765	33.5849563244	12.063
359	0	0	1	489	30	24.2817708684	27.4461423876	29.1086129234	13.606
359	0	0	2	1834	114	24.2817708684	29.4636009106	31.1260714464	15.008
360	0	0	1	478	29	25.5299006575	30.8697332423	32.6176579656	4.221
360	0	0	2	1825	114	25.5299006575	28.0093110005	29.7572357238	4.851
361	0	0	1	1065	66	26.7584214921	29.4942965704	31.3263329386	5.181
361	0	0	2	2411	150	26.7584214921	30.7613894302	32.5934257984	15.433
362	0	0	1	1030	64	27.2816546353	27.306572379	29.1744323158	12.536
362	0	0	2	2374	148	27.2816546353	31.016708976	32.8845689128	15.527
363	0	0	1	1270	79	18.4205724567	29.0241351999	30.2853141777	5.716
363	0	0	2	2619	163	18.4205724567	28.5954322971	29.8566112749	9.087
364	0	0	1	993	62	25.5802421408	35.1030027687	36.8543741612	7.969
364	0	0	2	2340	146	25.5802421408	35.8584267311	37.6097981236	10.221
365	0	0	1	1041	65	24.2361805395	33.2099955867	34.8693447448	6.567
365	0	0	2	2394	149	24.2361805395	33.5052126491	35.1645618072	4.725
366	0	0	1	458	28	23.3197393967	30.4800114576	32.0766157522	8.882
366	0	0	2	1803	112	23.3197393967	31.2508526145	32.8474569092	4.897
367	0	0	1	486	30	23.4099078393	30.5513891107	32.1541668586	13.008
367	0	0	2	1831	114	23.4099078393	31.0154842203	32.6182619683	7.653
368	0	0	1	774	48	24.4110730494	31.8772383262	33.5485616376	5.229
368	0	0	2	2116	132	24.4110730494	33.683951207	35.3552745183	11.166
369	0	0	1	152	9	28.3257815528	29.4473639765	31.3867108837	14.095
369	0	0	2	1496	93	28.3257815528	29.9391032183	31.8784501256	20.315
370	0	0	1	1241	77	23.4030028763	28.3481491633	29.9504541576	6.378
370	0	0	2	2589	161	23.4030028763	30.4473197007	32.049624695	11.496
372	0	0	1	984	61	21.7935236064	27.5077376092	28.9998483396	13.401
372	0	0	2	2329	145	21.7935236064	33.0871954295	34.57930616	13.779
373	0	0	1	1255	78	19.7094629507	30.5699616757	31.9193855547	7.433
373	0	0	2	2604	162	19.7094629507	31.6932407275	33.0426646064	13.78
374	0	0	1	809	50	22.4536517407	31.2745339207	32.811840843	5.748
374	0	0	2	2151	134	22.4536517407	28.8722709936	30.4095779158	5.212
375	0	0	1	1265	79	16.8614888889	32.929467477	34.0839025723	8.504
375	0	0	2	2617	163	16.8614888889	32.8730826181	34.0275177135	7.78
376	0	0	1	1222	76	22.8867299415	31.3893993765	32.9563573383	6.126
376	0	0	2	2572	160	22.8867299415	29.8220531667	31.3890111285	11.291
377	0	0	1	489	30	22.6229435664	31.2028531433	32.7517507635	15.102
377	0	0	2	1833	114	22.6229435664	31.4617064528	33.010604073	10.803
378	0	0	1	521	32	19.8231892858	24.2837218603	25.6409321022	9.149
378	0	0	2	1867	116	19.8231892858	27.6556889234	29.0128991653	4.945
379	0	0	1	291	18	25.9796219498	31.3538395003	33.1325547455	15.874
379	0	0	2	1634	102	25.9796219498	30.6244211773	32.4031364225	12.85
380	0	0	1	917	57	26.790700955	23.8700735276	25.7043199347	12.662
380	0	0	2	2249	140	26.790700955	32.526847342	34.3610937491	5.527
381	0	0	1	478	29	16.3822324333	28.8945452991	30.0161677243	11.118
381	0	0	2	1827	114	16.3822324333	25.9141125902	27.0357350155	6.756
382	0	0	1	842	52	27.1250184884	26.8346892757	28.6918249955	15.654
382	0	0	2	2184	136	27.1250184884	21.480823479	23.3379591988	13.181
383	0	0	1	159	9	25.1132858074	27.391482403	29.1108832629	6.409
383	0	0	2	1499	93	25.1132858074	28.1616472048	29.8810480647	15.811
384	0	0	1	75	4	27.2213958542	30.6438539476	32.5075882196	9.874
384	0	0	2	1415	88	27.2213958542	29.3280263378	31.1917606098	9.023
385	0	0	1	1248	78	20.1417132131	29.1870465414	30.5660647744	8.315
385	0	0	2	2599	162	20.1417132131	30.9281895239	32.307207757	20.158
386	0	0	1	1213	75	18.4090999192	25.7859532613	27.0463467628	12.992
386	0	0	2	2562	160	18.4090999192	30.6173578037	31.8777513052	7.622
387	0	0	1	903	56	30.4119699197	30.6722583164	32.7544377506	10.315
387	0	0	2	2246	140	30.4119699197	31.0331299838	33.115309418	10.725
388	0	0	1	273	17	21.4765443575	29.8499285282	31.3203370251	8.725
388	0	0	2	1616	101	21.4765443575	29.7378732169	31.2082817138	11.685
389	0	0	1	486	30	20.2390940461	28.4389613868	29.8246468752	18.85
389	0	0	2	1831	114	20.2390940461	29.9727444251	31.3584299135	12.582
390	0	0	1	842	52	24.4489567067	30.6330154247	32.3069324704	11.149
390	0	0	2	2185	136	24.4489567067	24.1397851618	25.8137022075	4.85
391	0	0	1	1009	63	21.4712706267	29.8241375756	31.2941850024	7.166
391	0	0	2	2353	147	21.4712706267	29.9348163802	31.404863807	15.307
392	0	0	1	1081	67	26.008193704	29.9281624689	31.7088339017	9.905
392	0	0	2	2427	151	26.008193704	29.6449870026	31.4256584354	9.307
393	0	0	1	1223	76	25.1091542174	27.4838505599	29.2029685474	19.134
393	0	0	2	2573	160	25.1091542174	29.2027695229	30.9218875103	14.519
394	0	0	1	585	36	22.9627182246	31.8514384909	33.4235990503	4
394	0	0	2	1933	120	22.9627182246	34.8172373137	36.3893978731	5.118
395	0	0	1	1243	77	24.20638096	31.1483650285	32.8056739349	8.599
395	0	0	2	2593	162	24.20638096	31.0565964946	32.713905401	12.803
396	0	0	1	86	5	24.5814767294	16.1406443422	17.8236344755	9.874
396	0	0	2	1426	89	24.5814767294	30.4020098853	32.0850000185	18.709
397	0	0	1	452	28	24.0609046845	30.0344222303	31.6817709892	15.527
397	0	0	2	1797	112	24.0609046845	32.2054930994	33.8528418583	6.725
398	0	0	1	520	32	21.5420223144	30.2985369343	31.773428431	10.977
398	0	0	2	1867	116	21.5420223144	31.0241431643	32.499034661	6.661
399	0	0	1	545	34	20.872667706	32.2457999807	33.6748635879	9.811
399	0	0	2	1893	118	20.872667706	31.4177958188	32.846859426	11.37
400	0	0	1	529	33	19.1264509356	29.743370065	31.0528775679	14.094
400	0	0	2	1879	117	19.1264509356	29.5479186947	30.8574261975	7.717
401	0	0	1	895	55	27.5183957595	31.2642840597	33.1483526637	9.402
401	0	0	2	2238	139	27.5183957595	32.6974449734	34.5815135774	4
402	0	0	1	380	23	23.2512530504	30.7619050893	32.3538204124	4.378
402	0	0	2	1722	107	23.2512530504	32.2687099491	33.8606252722	7.181
403	0	0	1	526	32	23.3310951926	28.1913412247	29.7887230029	7.559
403	0	0	2	1874	117	23.3310951926	28.8298880355	30.4272698137	5.102
404	0	0	1	226	14	22.8774718502	27.7606693357	29.326993435	4.897
404	0	0	2	1569	98	22.8774718502	27.9710275034	29.5373516027	5.59
405	0	0	1	555	34	29.0052496786	30.0033986923	31.9892659191	10.646
405	0	0	2	1897	118	29.0052496786	34.5934612778	36.5793285046	12.756
406	0	0	1	1237	77	25.0327346464	29.6233102654	31.3371961268	9.811
406	0	0	2	2586	161	25.0327346464	30.7304033271	32.4442891885	8.819
407	0	0	1	1258	78	24.2804276037	30.7253752944	32.3877538626	6.221
407	0	0	2	2601	162	24.2804276037	28.5526838157	30.2150623839	17.717
408	0	0	1	1218	76	24.0293120737	32.6189452854	34.2641310313	9.544
408	0	0	2	2565	160	24.0293120737	32.0847108093	33.7298965553	5.496
409	0	0	1	582	36	21.8919596764	30.5546758989	32.0535261323	9.748
409	0	0	2	1931	120	21.8919596764	30.4563170405	31.9551672739	6.85
410	0	0	1	411	25	28.5052028703	28.6311832307	30.5828143595	10.158
410	0	0	2	1756	109	28.5052028703	29.3476016094	31.2992327382	14.819
411	0	0	1	565	35	18.7957327577	27.4438105836	28.7306752064	7.843
411	0	0	2	1913	119	18.7957327577	29.5443392675	30.8312038903	8.189
412	0	0	1	949	59	29.0004832699	26.4675700127	28.4531109035	14.284
412	0	0	2	2291	143	29.0004832699	29.0674107989	31.0529516897	7.701
413	0	0	1	328	20	24.4471753634	29.5701598938	31.2439549784	7.653
413	0	0	2	1672	104	24.4471753634	27.9618190878	29.6356141724	4.126
414	0	0	1	603	37	21.9567638616	30.453968486	31.9572555889	17.37
414	0	0	2	1954	122	21.9567638616	28.2425473186	29.7458344215	6.661
415	0	0	1	1021	63	20.8610794932	26.8442040655	28.2724742766	14.236
415	0	0	2	2366	147	20.8610794932	29.8748139403	31.3030841513	11.244
415	1	0	1	1022	63	20.8610794932	33.4446902343	34.8729604454	9.465
415	1	0	2	2357	147	20.8610794932	30.5301575716	31.9584277826	5.717
416	0	1	1	159	9	24.792033341	30.1879744005	31.8853804577	8.063
416	0	1	2	1499	93	24.792033341	27.8324717437	29.529877801	18.756
417	0	1	1	993	62	23.4463541333	31.5354456658	33.1407187379	11.496
417	0	1	2	2338	146	23.4463541333	29.6112627856	31.2165358577	9.496
419	0	1	1	933	58	26.7801884018	28.8684892893	30.7020159461	8.126
419	0	1	2	2276	142	26.7801884018	27.6391560547	29.4726827116	9.433
420	0	1	1	804	50	25.9604779027	30.0799965676	31.8574011005	17.874
420	0	1	2	2145	134	25.9604779027	30.6901766674	32.4675812003	14.772
421	0	1	1	1218	76	22.4717177554	30.9697584156	32.5083022418	7.591
421	0	1	2	2567	160	22.4717177554	31.4042397028	32.942783529	10
422	0	1	1	490	30	22.1421924845	28.8496966571	30.3656792765	16
422	0	1	2	1835	114	22.1421924845	28.7512167303	30.2671993497	11.181
423	0	1	1	1029	64	23.0618974009	22.5516964897	24.1306474294	8.472
423	0	1	2	2373	148	23.0618974009	34.5821578914	36.1611088311	9.528
424	0	1	1	377	23	29.3878225033	31.0652920067	33.0773523827	7.685
424	0	1	2	1722	107	29.3878225033	32.5731016357	34.5851620117	9.575
425	0	1	1	1000	62	26.8098383685	30.5673049363	32.4028616014	8.914
425	0	1	2	2346	146	26.8098383685	32.1780054668	34.0135621319	8.472
426	0	1	1	529	33	18.43490373	30.7313134995	31.9934736791	10.63
426	0	1	2	1878	117	18.43490373	29.6982309368	30.9603911164	9.496
427	0	1	1	1094	68	22.421297693	29.2825850624	30.8176768394	6.189
427	0	1	2	2442	152	22.421297693	28.1741498493	29.7092416262	13.307
428	0	1	1	547	34	21.7417314142	29.0673086943	30.5558734316	9.37
428	0	1	2	1895	118	21.7417314142	32.2207140697	33.709278807	11.465
429	0	1	1	920	57	21.3814207391	24.6672367182	26.1311325018	15.748
429	0	1	2	2263	141	21.3814207391	27.7571025163	29.2209983	11.779
430	0	1	1	488	30	23.7467415254	31.7553037683	33.3811430995	14.094
430	0	1	2	1834	114	23.7467415254	29.7856289128	31.4114682439	9.118
431	0	1	1	1243	77	22.6694146466	29.3587460861	30.9108253853	4.819
431	0	1	2	2593	162	22.6694146466	29.2945663446	30.8466456439	14.189
432	0	1	1	1255	78	18.1007318092	33.9904534588	35.2297342951	8.63
432	0	1	2	2604	162	18.1007318092	34.7543799997	35.993660836	12.866
433	0	1	1	805	50	28.7159181497	34.9160618417	36.8821197578	4.582
433	0	1	2	2146	134	28.7159181497	37.6255606726	39.5916185887	5.401
434	0	1	1	727	45	30.6552822065	31.9632682741	34.0621062754	9.78
434	0	1	2	2079	129	30.6552822065	31.1348455493	33.2336835506	7.213
435	0	1	1	814	50	27.5946008374	29.3751483896	31.2644344342	6
435	0	1	2	2155	134	27.5946008374	30.773244791	32.6625308356	13.528
436	0	1	1	935	58	28.8589286328	32.2655168054	34.2413660467	11.103
436	0	1	2	2277	142	28.8589286328	33.2573424562	35.2331916975	7.165
437	0	1	1	929	58	30.8949948299	29.1870031271	31.3022532416	18.693
437	0	1	2	2274	142	30.8949948299	28.5896277827	30.7048778972	5.622
438	0	1	1	741	46	28.4153481006	28.0242203377	29.969699489	13.086
438	0	1	2	2078	129	28.4153481006	29.2873561751	31.2328353264	9.339
439	0	1	1	582	36	22.9091629575	30.4699899921	32.038483848	10.094
439	0	1	2	1930	120	22.9091629575	25.8775780134	27.4460718693	13.59
440	0	1	1	1021	63	24.7236003722	24.7658474263	26.4585681666	11.181
440	0	1	2	2368	148	24.7236003722	30.9845894436	32.6773101838	13.779
441	0	1	1	276	17	23.3483779665	28.9981549197	30.5967199765	7.528
441	0	1	2	1620	101	23.3483779665	28.2054156048	29.8039806616	16.347
442	0	1	1	545	34	28.0942028894	28.6821991189	30.6056908109	9.968
442	0	1	2	1893	118	28.0942028894	26.7672144309	28.6907061229	6
443	0	1	1	548	34	22.8038781034	27.7595766118	29.3208620574	22.756
443	0	1	2	1893	118	22.8038781034	29.0312660562	30.5925515017	13.843
444	0	1	1	1029	64	25.0817494889	23.3618265083	25.0790682094	8.063
444	0	1	2	2374	148	25.0817494889	35.249978975	36.9672206761	9.181
445	0	1	1	469	29	24.6841920681	30.242963889	31.9329865087	13.166
445	0	1	2	1815	113	24.6841920681	30.8541067397	32.5441293594	10.882
446	0	1	1	529	33	22.1461916796	30.0264342896	31.542690717	11.559
446	0	1	2	1878	117	22.1461916796	31.0425881467	32.5588445741	9.008
447	0	1	1	997	62	25.9635119856	26.8562925492	28.633904813	14.378
447	0	1	2	2343	146	25.9635119856	28.4362771264	30.2138893902	9.244
448	0	1	1	337	21	27.3850423039	30.0786934669	31.9536319217	11.338
448	0	1	2	1681	105	27.3850423039	30.6233492892	32.498287744	4.63
449	0	1	1	471	29	23.7317116387	30.2334962592	31.8583065573	7.465
449	0	1	2	1818	113	23.7317116387	30.9874553515	32.6122656496	9.527
450	0	1	1	843	52	26.1072589904	25.7144326232	27.5018866387	15.307
450	0	1	2	2181	136	26.1072589904	24.644854727	26.4323087425	12.236
451	0	1	1	809	50	26.4657802739	33.7794196162	35.5914200733	10.284
451	0	1	2	2153	134	26.4657802739	34.1688470565	35.9808475137	9.386
452	0	1	1	984	61	29.9023664453	22.7147835382	24.7620725698	6.599
452	0	1	2	2330	145	29.9023664453	30.9005642876	32.9478533192	7.559
453	0	1	1	457	28	22.3305432561	28.9187455541	30.4476237572	7.969
453	0	1	2	1802	112	22.3305432561	29.880305769	31.409183972	7.402
454	0	1	1	518	32	23.2638279394	25.6142918345	27.2070681072	10.756
454	0	1	2	1864	116	23.2638279394	32.374689144	33.9674654167	5.685
455	0	1	1	1022	63	20.5047410998	31.9059092329	33.3097824556	7.481
455	0	1	2	2366	147	20.5047410998	30.7349869784	32.1388602011	7.118
456	0	1	1	930	58	23.7789421224	33.1775927389	34.8056367093	5.717
456	0	1	2	2273	142	23.7789421224	30.2343883859	31.8624323562	11.842
457	0	1	1	1243	77	16.1216989363	30.5746510111	31.6784358056	7.937
457	0	1	2	2593	162	16.1216989363	28.8994420693	30.0032268639	20.566
458	0	1	1	1264	79	21.2547097502	28.1197496251	29.5749700412	10.063
458	0	1	2	2614	163	21.2547097502	28.8927897099	30.348010126	11.969
459	0	1	1	481	30	26.7659534203	26.387798022	28.2203500697	14.835
459	0	1	2	1826	114	26.7659534203	27.9834848234	29.816036871	4.536
460	0	1	1	1030	64	27.478033904	25.5401945584	27.4214997563	12.63
460	0	1	2	2375	148	27.478033904	31.4341162708	33.3154214687	10.094
461	0	1	1	1031	64	27.2523854231	25.7504196047	27.6162756018	11.906
461	0	1	2	2376	148	27.2523854231	37.9526801337	39.8185361309	7.527
462	0	1	1	518	32	20.2009122823	31.2425860597	32.6256574035	4.189
462	0	1	2	1865	116	20.2009122823	31.1743711635	32.5574425073	13.591
463	0	1	1	208	13	23.5444088583	31.2156597292	32.8276461952	5.528
463	0	1	2	1552	97	23.5444088583	26.035660575	27.647647041	4.646
464	0	1	1	106	6	27.494932682	31.1441056039	33.0265677899	10.094
464	0	1	2	1448	90	27.494932682	31.4441914563	33.3266536422	12.094
465	0	1	1	324	20	26.694256827	30.9005712688	32.7282145528	6.063
465	0	1	2	1680	105	26.694256827	34.2132830935	36.0409263775	11.15
466	0	1	1	1213	75	23.1479817669	30.8795967177	32.4644414911	11.653
466	0	1	2	2562	160	23.1479817669	32.3926389058	33.9774836793	11.591
467	0	1	1	1248	78	21.2071034065	29.2443039671	30.6962649775	6.567
467	0	1	2	2597	162	21.2071034065	28.9932401759	30.4452011862	17.559
468	0	1	1	159	9	19.3549952782	36.7589130619	38.0840680329	13.779
468	0	1	2	1499	93	19.3549952782	34.4961388031	35.8212937741	15.685
469	0	1	1	529	33	21.1546015071	30.1781274364	31.626493863	8.284
469	0	1	2	1878	117	21.1546015071	29.2197625513	30.6681289778	4.709
470	0	1	1	373	23	26.4808127946	31.9653915694	33.7784212399	12.252
470	0	1	2	1718	107	26.4808127946	39.5960673111	41.4090969816	9.465
471	0	1	1	1238	77	24.8538492604	29.7022826957	31.4039210285	8.803
471	0	1	2	2587	161	24.8538492604	31.5391465832	33.240784916	12.472
472	0	1	1	545	34	24.2646613552	31.7970401458	33.4583392653	6.645
472	0	1	2	1894	118	24.2646613552	28.386119576	30.0474186956	12
473	0	1	1	1241	77	22.3026740971	29.0357526367	30.5627227559	10.693
473	0	1	2	2590	161	22.3026740971	28.7374178959	30.2643880151	12.536
474	0	1	1	598	37	19.3753458633	29.4733245914	30.7998728812	8.567
474	0	1	2	1948	121	19.3753458633	28.6267769814	29.9533252712	10.189
475	0	1	1	807	50	29.427704617	29.3522139883	31.3670049245	11.023
475	0	1	2	2149	134	29.427704617	29.968909573	31.9837005093	9.118
476	0	1	1	333	20	26.4546078448	31.8651375051	33.676373033	7.527
476	0	1	2	1677	104	26.4546078448	28.3971432549	30.2083787828	6
479	0	1	1	1253	78	17.4614750135	28.8124527947	30.0079664118	5.433
479	0	1	2	2601	162	17.4614750135	28.2786967733	29.4742103905	12.866
480	0	1	1	1257	78	17.2900596108	28.2090696883	29.3928472152	6.158
480	0	1	2	2596	162	17.2900596108	38.2776487698	39.4614262967	8.157
481	0	1	1	490	30	22.493701893	32.3079477606	33.8479967481	10.331
481	0	1	2	1837	114	22.493701893	28.9025194864	30.4425684738	5.339
482	0	1	1	1221	76	25.8521934465	33.3603901114	35.1303808639	7.181
482	0	1	2	2572	160	25.8521934465	33.6946592159	35.4646499684	11.102
483	0	1	1	1211	75	21.5374396199	27.9510730869	29.4256508258	7.464
483	0	1	2	2561	160	21.5374396199	28.7865190772	30.2610968162	11.905
484	0	1	1	561	35	28.4690161106	27.8134950994	29.7626486732	8.504
484	0	1	2	1910	119	28.4690161106	31.8278915848	33.7770451587	5.874
485	0	1	1	1248	78	23.5473264818	30.9913536168	32.6035398402	4.126
485	0	1	2	2597	162	23.5473264818	34.1604750986	35.772661322	9.181
486	0	1	1	601	37	21.6342905852	29.9444687138	31.4256774303	14.346
486	0	1	2	1950	121	21.6342905852	28.1402986506	29.621507367	7.622
487	0	1	1	600	37	20.7227361118	30.2763581754	31.695156598	12.378
487	0	1	2	1950	121	20.7227361118	29.5699615232	30.9887599459	7.874
488	0	1	1	350	21	22.3635098269	31.6976540112	33.2287892964	7.968
488	0	1	2	1694	105	22.3635098269	32.234551893	33.7656871783	4.992
489	0	1	1	1258	78	28.7150486508	28.9840243645	30.9500227496	4.992
489	0	1	2	2609	163	28.7150486508	30.1943411676	32.1603395528	13.465
490	0	1	1	1041	65	18.8270506926	29.1668587396	30.4558675694	7.969
490	0	1	2	2394	149	18.8270506926	33.6453068611	34.9343156909	5.039
491	0	1	1	170	10	22.1219280414	29.5413403624	31.0559355608	4.284
491	0	1	2	1513	94	22.1219280414	29.9405907313	31.4551859296	15.906
492	0	1	1	594	37	16.2758958358	27.9899212071	29.1042632136	4.819
492	0	1	2	1945	121	16.2758958358	27.8650743648	28.9794163713	8.032
493	0	1	1	1241	77	20.5986859902	31.8402249951	33.2505302287	13.559
493	0	1	2	2590	161	20.5986859902	33.2652781678	34.6755834013	7.055
494	0	1	1	807	50	22.1654185	31.9674960822	33.4850688889	12.031
494	0	1	2	2150	134	22.1654185	31.5884623276	33.1060351344	12.378
494	1	1	1	808	50	22.1654185	28.6767355249	30.1943083317	5.024
494	1	1	2	2149	134	22.1654185	30.3300622751	31.8476350819	11.496
496	0	1	1	411	25	19.6192150544	30.0807698973	31.4240148831	9.591
496	0	1	2	1758	109	19.6192150544	28.0463913277	29.3896363134	11.197
497	0	1	1	1032	64	25.9708936152	29.0605788986	30.8386965515	10.929
497	0	1	2	2374	148	25.9708936152	30.4784792297	32.2565968826	12.284
498	0	1	1	547	34	23.2948875821	23.5833771508	25.1782799464	5.78
498	0	1	2	1891	118	23.2948875821	23.5609720903	25.155874886	15.102
499	0	1	1	444	27	19.2213251256	29.176087022	30.4920901609	6.378
499	0	1	2	1791	111	19.2213251256	29.8802787032	31.1962818421	8.095
500	0	1	1	160	10	24.3715962029	30.8338659742	32.5024864722	8.441
500	0	1	2	1502	93	24.3715962029	29.1489991205	30.8176196185	16.599
501	0	1	1	881	55	23.2307226422	29.0103364383	30.6008461309	5.339
501	0	1	2	2224	139	23.2307226422	29.1197453235	30.710255016	7.78
502	0	1	1	567	35	28.527437469	31.9664426602	33.9195960983	5.937
502	0	1	2	1915	119	28.527437469	32.8043119381	34.7574653763	10.488
503	0	1	1	741	46	28.1668213528	28.2975299824	30.2259935545	15.874
503	0	1	2	2079	129	28.1668213528	28.7936981223	30.7221616944	6.961
504	0	1	1	1024	64	26.2952974468	20.0307700257	21.831098242	11.086
504	0	1	2	2370	148	26.2952974468	24.2919222385	26.0922504548	17.213
505	0	1	1	282	17	24.5357091594	26.5853338578	28.2651904784	10.252
505	0	1	2	1626	101	24.5357091594	26.8082488132	28.4881054338	11.039
506	0	1	1	1019	63	18.7913479421	32.0232778279	33.3098422408	9.748
506	0	1	2	2364	147	18.7913479421	33.874934494	35.161498907	10.378
507	0	1	1	210	13	25.8028499479	31.0841667126	32.8507791237	5.654
507	0	1	2	1553	97	25.8028499479	32.4068037024	34.1734161135	6.803
508	0	1	1	1248	78	20.580615304	32.5869847836	33.9960527934	5.969
508	0	1	2	2596	162	20.580615304	33.9806306593	35.3896986691	11.67
509	0	1	1	1286	80	16.3800262943	32.4265725449	33.5480439252	10.221
509	0	1	2	2635	164	16.3800262943	31.4695706138	32.591041994	11.15
510	0	1	1	814	50	26.6281391778	28.6412008774	30.4643173645	11.496
510	0	1	2	2154	134	26.6281391778	27.2619616754	29.0850781625	11.276
511	0	1	1	1237	77	19.5019270046	29.7793374662	31.1145522333	6.583
511	0	1	2	2585	161	19.5019270046	29.4025665411	30.7377813083	12.221
512	0	1	1	485	30	23.605563025	29.4522274062	31.0684008403	16.409
512	0	1	2	1829	114	23.605563025	30.6362190053	32.2523924394	15.874
513	0	1	1	832	52	25.1133355262	32.5633054411	34.2827097051	6.756
513	0	1	2	2173	135	25.1133355262	31.6667631903	33.3861674543	8.252
514	0	1	1	1064	66	23.1020462105	28.5466407263	30.1283404857	4.646
514	0	1	2	2412	150	23.1020462105	30.6607857624	32.2424855218	7.968
515	0	1	1	470	29	19.1771158764	30.7186250703	32.0316013882	7.811
515	0	1	2	1816	113	19.1771158764	30.1655856897	31.4785620076	13.307
517	0	1	1	1230	76	21.054630356	32.168866495	33.6103883181	9.937
517	0	1	2	2581	161	21.054630356	30.5594183735	32.0009401966	11.307
519	0	1	1	180	11	25.2023653869	29.7410330159	31.4665327794	8.22
519	0	1	2	1524	95	25.2023653869	31.4680732527	33.1935730161	4.787
520	0	1	1	246	15	23.0562425845	29.4578958891	31.0364596673	14.488
520	0	1	2	1588	99	23.0562425845	28.6451936998	30.2237574781	12.661
521	0	1	1	1101	68	28.8998728296	34.448899308	36.4275518259	9.811
521	0	1	2	2452	153	28.8998728296	31.0547918379	33.0334443558	13.307
522	0	1	1	1095	68	25.4396417421	27.9650299157	29.7067749914	9.811
522	0	1	2	2442	152	25.4396417421	30.187038892	31.9287839676	11.259
523	0	1	1	489	30	20.1689724295	31.2464375901	32.6273221468	14.284
523	0	1	2	1834	114	20.1689724295	30.2724775844	31.6533621411	9.685
524	0	1	1	1224	76	23.4296165559	30.767184417	32.3713115378	10.977
524	0	1	2	2575	160	23.4296165559	28.6129282146	30.2170553354	12.551
525	0	1	1	297	18	25.1028886443	32.2866065908	34.0052956008	12.221
525	0	1	2	1641	102	25.1028886443	30.1674201306	31.8861091406	9.543
526	0	1	1	1217	76	24.3251952596	28.9928819557	30.6583255766	4.74
526	0	1	2	2565	160	24.3251952596	30.6881285452	32.3535721661	4.378
527	0	1	1	535	33	19.2846840287	29.4358464174	30.7561874734	13.276
527	0	1	2	1891	118	19.2846840287	31.6446867535	32.9650278095	9.937
528	0	1	1	485	30	22.9613988866	30.5932795556	32.1653497854	11.071
528	0	1	2	1830	114	22.9613988866	29.3872804308	30.9593506607	6.882
529	0	1	1	530	33	24.745291006	30.2412160793	31.9354218859	8.693
529	0	1	2	1879	117	24.745291006	33.4071652039	35.1013710104	8.456
530	0	1	1	564	35	23.7896142183	34.986514381	36.6152890247	10.472
530	0	1	2	1912	119	23.7896142183	32.2710777842	33.899852428	14.661
531	0	1	1	153	9	25.5724689255	29.7176369333	31.4684761265	9.811
531	0	1	2	1495	93	25.5724689255	28.6070358039	30.3578749971	5.874
534	0	1	1	475	29	26.2598192196	32.2088116855	34.006710857	9.024
534	0	1	2	1821	113	26.2598192196	31.9030735833	33.7009727549	6
535	0	1	1	1243	77	18.0099618576	25.5600728751	26.7931390754	16.819
535	0	1	2	2594	162	18.0099618576	24.3771453825	25.6102115827	26.284
536	0	1	1	1079	67	25.3414678101	29.1911547639	30.9261782841	4.914
536	0	1	2	2425	151	25.3414678101	29.4583267869	31.1933503071	12.315
537	0	1	1	1271	79	23.3941062102	30.6124960545	32.2141919315	8.693
537	0	1	2	2615	163	23.3941062102	30.0780627517	31.6797586287	12.032
538	0	1	1	1091	68	22.7323321496	29.752854452	31.3092414476	4.158
538	0	1	2	2438	152	22.7323321496	30.740572158	32.2969591536	9.275
539	0	1	1	139	8	24.5310629662	30.9208127351	32.6003512504	7.874
539	0	1	2	1480	92	24.5310629662	26.8165246448	28.4960631601	7.401
540	0	1	1	1248	78	25.1483140072	30.0489118568	31.77071095	7.716
540	0	1	2	2594	162	25.1483140072	29.4995064738	31.2213055671	17.292
541	0	1	1	994	62	22.4636489847	26.1015457397	27.6395371311	12.252
541	0	1	2	2337	146	22.4636489847	24.6964806422	26.2344720336	16.488
542	0	1	1	985	61	24.1287049585	26.1388674127	27.7908581707	7.591
542	0	1	2	2331	145	24.1287049585	31.8098028337	33.4617935917	6.063
543	0	1	1	490	30	21.4594924815	29.880391425	31.3496324519	15.212
543	0	1	2	1834	114	21.4594924815	28.1553375766	29.6245786035	9.622
544	0	1	1	985	61	26.6682361961	22.8991143339	24.7249760949	9.748
544	0	1	2	2335	145	26.6682361961	28.7986178127	30.6244795737	8.709
545	0	1	1	1248	78	21.3082991557	30.7308069782	32.1896964352	4.693
545	0	1	2	2598	162	21.3082991557	33.0196751063	34.4785645632	16.441
546	0	1	1	519	32	20.8056351286	31.5272375527	32.9517117217	8.473
546	0	1	2	1865	116	20.8056351286	30.5996996508	32.0241738199	9.149
547	0	1	1	1268	79	13.5850668836	28.9340947952	29.8642070817	6.724
547	0	1	2	2617	163	13.5850668836	30.513342892	31.4434551784	9.355
548	0	1	1	323	20	23.3665452265	27.3699335785	28.9697424711	10.347
548	0	1	2	1670	104	23.3665452265	29.9196659909	31.5194748835	19.685
549	0	1	1	941	58	26.8291946882	30.101945714	31.9388276247	18.063
549	0	1	2	2286	142	26.8291946882	30.0381158631	31.8749977738	4.914
550	0	1	1	997	62	27.3167295112	25.1626779518	27.0329393176	7.15
550	0	1	2	2342	146	27.3167295112	25.7929032404	27.6631646062	16.488
551	0	1	1	587	36	18.0347668097	28.3185977888	29.5533622796	7.685
551	0	1	2	1945	121	18.0347668097	29.4242260279	30.6589905187	4.094
552	0	1	1	1240	77	20.4551173297	30.7321625455	32.1326382378	5.212
552	0	1	2	2589	161	20.4551173297	32.7453945741	34.1458702664	12
553	0	1	1	518	32	19.0528038911	30.103338022	31.407803222	5.15
553	0	1	2	1865	116	19.0528038911	32.1593614351	33.4638266351	11.748
554	0	1	1	781	48	29.0530577797	30.8342391741	32.8233796201	15.559
554	0	1	2	2121	132	29.0530577797	29.3636702178	31.3528106638	22.032
555	0	1	1	214	13	25.283737693	30.2080367824	31.9391077647	6.598
555	0	1	2	1556	97	25.283737693	31.0584302238	32.7895012061	5.102
556	0	1	1	1009	63	18.9514717796	31.9019100718	33.1994374891	7.354
556	0	1	2	2353	147	18.9514717796	31.7909213639	33.0884487812	8.536
557	0	1	1	1233	77	26.8021877611	29.2094322214	31.0444650816	7.15
557	0	1	2	2583	161	26.8021877611	30.8125130533	32.6475459136	8.095
558	0	1	1	273	17	23.0808074971	31.4559552639	33.0362008982	12.504
558	0	1	2	1616	101	23.0808074971	30.9294475376	32.5096931718	10.866
560	0	1	1	337	21	26.2267523037	32.0521768384	33.8478120575	5.433
560	0	1	2	1681	105	26.2267523037	31.0740117462	32.8696469654	8.126
561	0	1	1	1264	79	22.5258862239	31.0616185292	32.6038710421	6.914
561	0	1	2	2613	163	22.5258862239	31.3467595834	32.8890120963	10.819
563	0	1	1	1246	77	21.6120490836	33.5911045931	35.0707905277	9.449
563	0	1	2	2597	162	21.6120490836	34.2432003925	35.7228863271	19.842
564	0	1	1	197	12	22.0646799328	30.8947058633	32.4053815249	12.158
564	0	1	2	1540	96	22.0646799328	30.7495910519	32.2602667135	13.244
565	0	1	1	826	51	28.753735272	17.6021133713	19.5707604664	9.559
565	0	1	2	2165	135	28.753735272	27.8627299524	29.8313770475	16.725
567	0	1	1	919	57	28.7251430088	30.661851316	32.6285408194	14.504
567	0	1	2	2261	141	28.7251430088	30.1363742786	32.103063782	5.307
568	0	1	1	334	20	24.5476939971	27.6334707829	29.3141479548	11.275
568	0	1	2	1678	104	24.5476939971	28.1610530354	29.8417302073	14.378
569	0	1	1	490	30	24.2557154722	28.231565105	29.8922517376	10.094
569	0	1	2	1835	114	24.2557154722	28.6176347107	30.2783213433	11.906
570	0	1	1	328	20	28.2655467232	30.3054595538	32.2406824361	13.59
570	0	1	2	1670	104	28.2655467232	28.0464064121	29.9816292943	17.465
571	0	1	1	993	62	21.1131328699	28.6924659528	30.1379931965	7.874
571	0	1	2	2337	146	21.1131328699	28.7659587811	30.2114860248	8.441
572	0	1	1	1010	63	23.7513837955	28.9528227168	30.5789798846	6.52
572	0	1	2	2354	147	23.7513837955	30.4491814436	32.0753386114	14
573	0	1	1	901	56	22.1411892009	25.6492712753	27.1651852041	8.063
573	0	1	2	2244	140	22.1411892009	26.5303962189	28.0463101477	14.599
574	0	1	1	816	51	28.3587057902	27.1963825571	29.1379836482	4.378
574	0	1	2	2165	135	28.3587057902	34.3892521717	36.3308532627	8.944
575	0	1	1	533	33	24.3952153697	38.0767507567	39.7469883595	9.717
575	0	1	2	1890	118	24.3952153697	30.2116016106	31.8818392134	7.559
576	0	1	1	820	51	26.7132878118	26.5773101978	28.4062564531	16.882
576	0	1	2	2166	135	26.7132878118	27.1301447565	28.9590910119	16.63
577	0	1	1	832	52	19.7980335328	32.8887189625	34.244206896	5.685
577	0	1	2	2173	135	19.7980335328	34.3926483377	35.7481362711	5.449
578	0	1	1	564	35	20.0683248199	34.5182962794	35.8922899184	9.276
578	0	1	2	1912	119	20.0683248199	32.3777772967	33.7517709356	10.834
579	0	1	1	136	8	24.27396073	29.6655740756	31.3275098842	15.244
579	0	1	2	1478	92	24.27396073	30.7556881313	32.4176239399	8.157
580	0	1	1	1061	66	12.6979956264	28.4213087484	29.2906870037	4.031
580	0	1	2	2408	150	12.6979956264	22.3207874138	23.1901656691	16.158
581	0	1	1	561	35	25.0750018325	28.6015527908	30.3183325083	10.267
581	0	1	2	1907	119	25.0750018325	27.4309144737	29.1476941912	4.834
582	0	1	1	1021	63	26.0476082099	22.2723292485	24.0556992264	14.063
582	0	1	2	2366	147	26.0476082099	25.5705522212	27.3539221991	10.771
583	0	1	1	776	48	27.3569491513	27.4622587715	29.3352738065	5.969
583	0	1	2	2117	132	27.3569491513	29.0737107982	30.9467258332	7.149
584	0	1	1	116	7	20.0513827047	30.8812555485	32.2540892322	6.473
584	0	1	2	1456	91	20.0513827047	29.9281862497	31.3010199334	10.347
585	0	1	1	338	21	26.887661012	31.3805144176	33.2213992711	9.905
585	0	1	2	1682	105	26.887661012	31.9627455624	33.803630416	11.591
586	0	1	1	457	28	24.41773331	27.2378155803	28.9095948916	8.535
586	0	1	2	1802	112	24.41773331	30.5120102942	32.1837896055	6.441
587	0	1	1	1248	78	23.8130913935	29.6716561957	31.3020382228	9.685
587	0	1	2	2597	162	23.8130913935	29.4147181189	31.0451001459	10.032
588	0	1	1	478	29	22.23863314	29.5343210317	31.0569065364	17.811
588	0	1	2	1826	114	22.23863314	27.6033049491	29.1258904537	9.779
589	0	1	1	259	16	24.0851347841	26.8430967419	28.4921044336	7.842
589	0	1	2	1602	100	24.0851347841	28.0626425735	29.7116502652	12.315
590	0	1	1	1030	64	27.9714250113	27.1102408687	29.0253264767	9.653
590	0	1	2	2374	148	27.9714250113	30.4309511672	32.3460367752	16.866
591	0	1	1	582	36	23.9437839053	29.8166173939	31.4559473865	15.748
591	0	1	2	1931	120	23.9437839053	30.3244630628	31.9637930555	13.417
592	0	1	1	1281	80	17.6840631412	29.4415758018	30.6523290901	13.433
592	0	1	2	2631	164	17.6840631412	31.152851952	32.3636052404	9.26
593	0	1	1	760	47	28.2081798272	30.5720120917	32.5033073043	8.41
593	0	1	2	2100	131	28.2081798272	30.6650546989	32.5963499115	9.717
594	0	1	1	1103	68	24.1001731068	31.9091113662	33.5591486685	4.283
594	0	1	2	2447	152	24.1001731068	27.0651813405	28.7152186428	4.22
595	0	1	1	962	60	27.624132857	33.8471775849	35.7384855625	8.457
595	0	1	2	2305	144	27.624132857	33.1602590369	35.0515670144	4.567
596	0	1	1	737	46	21.9578270723	28.1556032818	29.6589631782	16.614
596	0	1	2	2077	129	21.9578270723	28.9650178191	30.4683777155	13.213
597	0	1	1	920	57	22.6877194986	27.3176659268	28.8709984822	18.535
597	0	1	2	2263	141	22.6877194986	29.4225907734	30.9759233288	4.283
598	0	1	1	741	46	30.5125028757	32.6729266601	34.7619891622	10.787
598	0	1	2	2079	129	30.5125028757	31.9254593764	34.0145218784	4.519
599	0	1	1	917	57	29.8958574609	30.5498497541	32.596693143	12.063
599	0	1	2	2258	141	29.8958574609	33.7145925831	35.7614359719	6.992
601	0	1	1	519	32	21.5542210656	30.1663535506	31.6420802445	6.945
601	0	1	2	1866	116	21.5542210656	28.8026042139	30.2783309077	13.04
602	0	1	1	820	51	27.2725436584	30.1708644908	32.0381006375	13.559
602	0	1	2	2165	135	27.2725436584	32.9580765363	34.8253126829	7.071
603	0	1	1	949	59	24.6531615847	31.2909322152	32.9788303084	8.031
603	0	1	2	2285	142	24.6531615847	31.0031470845	32.6910451777	8.535
604	0	1	1	438	27	20.9650589875	29.9811061065	31.4164953554	8.724
604	0	1	2	1784	111	20.9650589875	29.6594495826	31.0948388315	6.661
605	0	1	1	1243	77	26.7990487662	27.8235139687	29.6583319152	10.536
605	0	1	2	2593	162	26.7990487662	29.9678551897	31.8026731362	17.04
606	0	1	1	1063	66	25.2835742278	30.8519175935	32.5829773841	10.378
606	0	1	2	2411	150	25.2835742278	31.0489034911	32.7799632817	16.362
607	0	1	1	154	9	25.4396912971	33.524489074	35.2662375425	9.685
607	0	1	2	1495	93	25.4396912971	29.6283415439	31.3700900123	14.157
608	0	1	1	897	56	27.2492978056	21.2434453443	23.1090899454	4.126
608	0	1	2	2247	140	27.2492978056	29.7328963938	31.5985409948	10.441
609	0	1	1	593	37	24.1421929061	31.2634207436	32.9163349644	4.961
609	0	1	2	1944	121	24.1421929061	28.5823873753	30.2353015962	9.401
610	0	1	1	774	48	24.1617770904	31.2047738397	32.8590289071	11.496
610	0	1	2	2114	132	24.1617770904	31.6538853722	33.3081404396	9.181
611	0	1	1	297	18	32.5253547498	28.0298307452	30.2567047336	6.724
611	0	1	2	1641	102	32.5253547498	26.3966888491	28.6235628375	10
612	0	1	1	997	62	22.7813680637	30.4505853315	32.0103296095	9.527
612	0	1	2	2340	146	22.7813680637	34.4098416637	35.9695859417	10.22
613	0	1	1	487	30	25.3275696822	31.1934942025	32.9275661764	8.709
613	0	1	2	1832	114	25.3275696822	32.4419604608	34.1760324348	12.094
614	0	1	1	814	50	27.1797598931	30.0673255344	31.9282091675	8
614	0	1	2	2154	134	27.1797598931	28.8445237983	30.7054074314	9.134
615	0	1	1	123	7	22.5764142365	30.819321954	32.3650339071	9.307
615	0	1	2	1461	91	22.5764142365	35.304161928	36.849873881	4.158
616	0	1	1	1244	77	19.3707331762	29.9072568802	31.2334893587	8.315
616	0	1	2	2594	162	19.3707331762	28.7384627306	30.0646952092	15.37
617	0	1	1	968	60	26.630983727	29.3246922328	31.1480034742	12.378
617	0	1	2	2312	144	26.630983727	29.3520673975	31.1753786389	11.748
618	0	1	1	737	46	26.0761824469	33.3758778329	35.1612041684	5.937
618	0	1	2	2076	129	26.0761824469	33.8050528837	35.5903792192	8.788
619	0	1	1	1009	63	24.8909439948	31.6527897085	33.3569677614	14.315
619	0	1	2	2353	147	24.8909439948	33.1472849987	34.8514630517	7.244
620	0	1	1	907	56	23.0815795547	24.6980867557	26.2783852495	6.094
620	0	1	2	2246	140	23.0815795547	28.2109561047	29.7912545985	8.567
621	0	1	1	340	21	23.7547103143	26.5885623937	28.2149473143	5.78
621	0	1	2	1684	105	23.7547103143	27.3730619433	28.9994468638	13.307
622	0	1	1	429	26	24.8718774772	29.2390110009	30.9418836498	9.165
622	0	1	2	1775	110	24.8718774772	28.2209337934	29.9238064422	10.63
623	0	1	1	1022	63	28.4666471306	26.9714722362	28.920463616	12.378
623	0	1	2	2368	148	28.4666471306	21.1651381897	23.1141295694	20.221
624	0	1	1	105	6	21.9961317159	32.0173350079	33.5233174619	18.708
624	0	1	2	1446	90	21.9961317159	30.1630424466	31.6690249006	9.528
625	0	1	1	602	37	15.9615865264	29.2648105347	30.3576331072	16.094
625	0	1	2	1952	122	15.9615865264	32.9793869823	34.0722095548	10.834
626	0	1	1	870	54	25.2618166388	34.056189526	35.7857596662	7.055
626	0	1	2	2212	138	25.2618166388	37.5835636799	39.31313382	11.748
627	0	1	1	1255	78	25.3264988611	30.0062278735	31.7402265328	4.567
627	0	1	2	2602	162	25.3264988611	29.0346914066	30.7686900659	13.559
628	0	1	1	807	50	28.0357850039	29.0496891774	30.9691812429	14.74
628	0	1	2	2149	134	28.0357850039	32.6562686957	34.5757607612	12.126
629	0	1	1	781	48	26.7120958185	31.1223240323	32.9511886769	16.252
629	0	1	2	2121	132	26.7120958185	35.1042141505	36.9330787951	7.811
631	0	1	1	1026	64	26.2848468118	31.0511755988	32.8507883042	13.04
631	0	1	2	2372	148	26.2848468118	26.5855022434	28.3851149487	15.874
632	0	1	1	1246	77	23.303267396	28.8670165171	30.4624930433	4.095
632	0	1	2	2590	161	23.303267396	28.0297874302	29.6252639564	8.866
633	0	1	1	1214	75	26.1717204976	31.0614191134	32.8532865367	12.661
633	0	1	2	2564	160	26.1717204976	31.3765934142	33.1684608375	11.055
634	0	1	1	1003	62	26.3459622962	30.6110561641	32.4148531891	7.937
634	0	1	2	2350	146	26.3459622962	29.5640956496	31.3678926747	13.118
635	0	1	1	273	17	25.7092563099	33.8943170583	35.6545215074	6.661
635	0	1	2	1618	101	25.7092563099	32.0909461506	33.8511505996	5.197
636	0	1	1	1245	77	26.3772405621	32.1923141132	33.9982526293	6.85
636	0	1	2	2598	162	26.3772405621	29.4123462696	31.2182847857	19.087
637	0	1	1	1227	76	19.8647094897	27.7995856529	29.1596386082	4.441
637	0	1	2	2579	161	19.8647094897	27.6745673963	29.0346203516	10.252
638	0	1	1	564	35	19.2914586057	37.6839151352	39.0047200179	6
638	0	1	2	1912	119	19.2914586057	35.485491127	36.8062960098	9.622
639	0	1	1	1238	77	21.2701080223	30.4495337759	31.9058084469	6.504
639	0	1	2	2586	161	21.2701080223	31.3544038837	32.8106785546	12.866
639	1	1	1	1237	77	21.2701080223	31.0417387907	32.4980134616	6.945
639	1	1	2	2587	161	21.2701080223	33.6093155617	35.0655902327	7.716
640	0	1	1	819	51	29.4206072228	25.1149740359	27.1292790435	8.834
640	0	1	2	2161	135	29.4206072228	27.673518977	29.6878239846	16.346
641	0	1	1	1227	76	20.8514013745	30.438790732	31.866398323	11.055
641	0	1	2	2579	161	20.8514013745	29.6008849447	31.0284925357	12.378
642	0	1	1	1062	66	20.8736367249	27.6474314509	29.0765614027	9.118
642	0	1	2	2407	150	20.8736367249	27.077630937	28.5067608888	8.378
643	0	1	1	486	30	26.0309873914	29.7947528301	31.5769848507	16.378
643	0	1	2	1831	114	26.0309873914	29.2591532188	31.0413852393	4.787
644	0	1	1	1243	77	21.8266168896	30.1974153095	31.6917917976	7.528
644	0	1	2	2593	162	21.8266168896	27.2013046002	28.6956810883	16.032
645	0	1	1	1083	67	25.2005060732	26.5842802432	28.3096527072	15.071
645	0	1	2	2427	151	25.2005060732	27.7418699856	29.4672424496	9.937
646	0	1	1	489	30	22.8008549497	27.9481773518	29.5092558148	16
646	0	1	2	1833	114	22.8008549497	28.406916412	29.967994875	12.567
647	0	1	1	530	33	22.0320483877	27.2068138572	28.7152553744	14.347
647	0	1	2	1879	117	22.0320483877	28.2044255919	29.7128671091	10.551
648	0	1	1	1103	68	21.8373289879	29.562446815	31.0575567153	8.126
648	0	1	2	2455	153	21.8373289879	29.9433348989	31.4384447992	9.197
649	0	1	1	1093	68	24.0434709931	32.8557537598	34.5019089072	5.275
649	0	1	2	2444	152	24.0434709931	31.6949344861	33.3410896336	6.504
650	0	1	1	1246	77	22.9054018201	29.8409203176	31.4091566643	12.567
650	0	1	2	2597	162	22.9054018201	30.5328657716	32.1011021183	15.685
651	0	1	1	1063	66	23.5227881424	31.087062027	32.6975682137	6.85
651	0	1	2	2410	150	23.5227881424	30.4128936777	32.0233998644	10.803
652	0	1	1	547	34	25.8256979667	27.3289476395	29.0971243582	12.283
652	0	1	2	1895	118	25.8256979667	30.4086904483	32.1768671669	9.811
653	0	1	1	917	57	27.2125673043	20.7076250713	22.5707548897	12.158
653	0	1	2	2264	141	27.2125673043	34.1952073179	36.0583371362	6.992
654	0	1	1	476	29	22.1172959019	30.7960021823	32.3102802375	11.685
654	0	1	2	1822	113	22.1172959019	29.5331012083	31.0473792635	8.315
655	0	1	1	591	36	23.1101797639	30.6148278142	32.1970844438	11.843
655	0	1	2	1940	121	23.1101797639	30.973062579	32.5553192087	10.473
656	0	1	1	382	23	19.4772108358	31.4499552855	32.7834778408	12.803
656	0	1	2	1728	108	19.4772108358	31.0965316032	32.4300541585	8.158
657	0	1	1	765	47	23.6136379862	30.3998306943	32.016556987	11.906
657	0	1	2	2106	131	23.6136379862	28.4972333402	30.1139596328	7.685
658	0	1	1	1246	77	23.8787100799	30.6257715827	32.2606462447	7.087
658	0	1	2	2597	162	23.8787100799	31.1243522577	32.7592269198	15.276
659	0	1	1	528	33	17.8152729961	27.6916780507	28.9114147249	13.275
659	0	1	2	1878	117	17.8152729961	27.8541061589	29.0738428331	5.275
660	0	1	1	585	36	21.5145729183	29.2002401099	30.6732522622	6.63
660	0	1	2	1933	120	21.5145729183	30.5622897968	32.0353019491	7.811
661	0	1	1	1264	79	21.9783538754	28.6544683221	30.1592336022	5.086
661	0	1	2	2615	163	21.9783538754	31.6023791021	33.1071443823	11.087
662	0	1	1	781	48	27.2624897656	34.5767673287	36.4433151277	6.032
662	0	1	2	2121	132	27.2624897656	33.5911342595	35.4576820584	16.299
663	0	1	1	935	58	30.1643170932	26.8320402243	28.897263913	10.788
663	0	1	2	2280	142	30.1643170932	26.7925673749	28.8577910636	9.748
664	0	1	1	910	56	29.3047821343	32.5315004521	34.537875404	11.37
664	0	1	2	2251	140	29.3047821343	31.9887006657	33.9950756176	6.851
665	0	1	1	899	56	23.7084210709	30.535787158	32.1590028491	7.654
665	0	1	2	2241	140	23.7084210709	34.2301276624	35.8533433536	5.496
666	0	1	1	513	32	23.8197773068	30.2636086555	31.8944484389	5.496
666	0	1	2	1861	116	23.8197773068	31.8979193684	33.5287591518	8.772
667	0	1	1	1244	77	24.5537193221	30.4485107376	32.1296004381	4.189
667	0	1	2	2593	162	24.5537193221	32.2146093006	33.8956990011	16.378
668	0	1	1	919	57	23.4864656856	28.026107671	29.6341270122	14.393
668	0	1	2	2261	141	23.4864656856	28.1840862108	29.7921055519	5.654
669	0	1	1	340	21	25.0531879286	28.0100810065	29.725367218	10.252
669	0	1	2	1684	105	25.0531879286	26.9765443255	28.691830537	16.189
670	0	1	1	1004	62	24.3819171755	31.551707323	33.2210344545	11.355
670	0	1	2	2350	146	24.3819171755	29.159839137	30.8291662685	4.693
672	0	1	1	1251	78	20.7806830915	31.1991270234	32.6218928316	10.63
672	0	1	2	2601	162	20.7806830915	30.8326841962	32.2554500044	18.126
673	0	1	1	594	37	21.0257343223	27.1530569028	28.5926003362	8.803
673	0	1	2	1944	121	21.0257343223	28.0325056145	29.4720490479	12.189
674	0	1	1	169	10	26.2425289523	30.3150014664	32.1117168462	8.378
674	0	1	2	1512	94	26.2425289523	30.2128281982	32.009543578	8.693
675	0	1	1	1026	64	26.2294495052	29.8306352283	31.6264551135	6.284
675	0	1	2	2372	148	26.2294495052	22.6745548169	24.4703747021	9.401
676	0	1	1	1022	63	28.5586459898	28.2597931608	30.2150833148	11.071
676	0	1	2	2368	148	28.5586459898	24.2028748304	26.1581649844	16.693
678	0	1	1	1275	79	21.9290117926	30.3366264886	31.8380135243	11.418
678	0	1	2	2618	163	21.9290117926	28.7136272868	30.2150143224	12.819
679	0	1	1	583	36	23.1442027079	30.831977902	32.4165639392	17.401
679	0	1	2	1931	120	23.1442027079	29.5442370052	31.1288230424	8.52
680	0	1	1	597	37	20.5806334788	32.937222557	34.3462918112	7.874
680	0	1	2	1947	121	20.5806334788	30.5579034598	31.966972714	6.85
681	0	1	1	131	8	20.5722739883	30.9925144608	32.4010113759	12.756
681	0	1	2	1473	92	20.5722739883	29.2266928614	30.6351897765	14.851
682	0	1	1	555	34	26.6790453603	35.4017080584	37.2283098773	9.181
682	0	1	2	1906	119	26.6790453603	31.201949493	33.0285513119	6.221
683	0	1	1	1019	63	24.7733310507	36.6538393844	38.3499649746	13.071
683	0	1	2	2363	147	24.7733310507	33.0250190596	34.7211446499	16.063
684	0	1	1	1258	78	23.124880182	32.0418777913	33.6251408966	4.41
684	0	1	2	2609	163	23.124880182	30.9051244063	32.4883875116	15.622
685	0	1	1	158	9	25.2045148274	30.0889062871	31.8145532137	6.315
685	0	1	2	1498	93	25.2045148274	31.2790176598	33.0046645864	13.213
686	0	1	1	593	37	20.7026234582	28.1380712592	29.5554926532	9.496
686	0	1	2	1943	121	20.7026234582	27.5239476989	28.941369093	7.087
687	0	1	1	550	34	20.1068099887	32.345761045	33.7223896013	10.929
687	0	1	2	1894	118	20.1068099887	32.4575183818	33.8341469382	5.591
688	0	1	1	901	56	22.6032007366	24.2257604784	25.7733063903	10.032
688	0	1	2	2244	140	22.6032007366	25.8618007173	27.4093466291	9.622
689	0	1	1	587	36	27.9408884064	29.9781485055	31.8911434008	7.59
689	0	1	2	1936	121	27.9408884064	29.2905371221	31.2035320175	7.118
690	0	1	1	1081	67	20.7082435026	30.2446081789	31.6624143537	8.063
690	0	1	2	2428	151	20.7082435026	28.4870202642	29.904826439	6.094
691	0	1	1	915	57	24.873630956	26.5211739016	28.2241666037	15.024
691	0	1	2	2257	141	24.873630956	30.1206505554	31.8236432575	9.78
692	0	1	1	415	25	18.4212478171	28.0350391334	29.2962643503	5.906
692	0	1	2	1762	110	18.4212478171	29.872450411	31.1336756279	9.181
693	0	1	1	422	26	24.7585190485	31.3900899656	33.0852014404	5.149
693	0	1	2	1768	110	24.7585190485	32.8110189284	34.5061304032	12.598
694	0	1	1	1094	68	22.8799077	28.5877731956	30.1542640673	15.37
694	0	1	2	2442	152	22.8799077	30.0691911794	31.6356820511	9.638
695	0	1	1	807	50	28.9734584811	31.764479112	33.7481697294	11.433
695	0	1	2	2150	134	28.9734584811	31.8785912618	33.8622818792	9.496
696	0	1	1	528	33	22.8374921977	29.6446858769	31.2082727379	17.496
696	0	1	2	1876	117	22.8374921977	31.6440897314	33.2076765924	6.425
697	0	1	1	1230	76	22.7674217175	30.6992537375	32.258043168	6.157
697	0	1	2	2580	161	22.7674217175	32.1633011633	33.7220905937	10.63
698	0	1	1	329	20	21.193285506	29.0759336543	30.5269486113	8.378
698	0	1	2	1673	104	21.193285506	32.480753662	33.931768619	7.213
699	0	1	1	469	29	21.3257050045	27.1083283163	28.5684094783	13.968
699	0	1	2	1815	113	21.3257050045	29.5603265037	31.0204076657	10.536
700	0	1	1	778	48	28.4684077225	31.1209194086	33.0700313287	7.339
700	0	1	2	2114	132	28.4684077225	26.460058825	28.4091707451	17.307
701	0	1	1	340	21	24.5065567064	32.5706640606	34.2485247355	6.992
701	0	1	2	1684	105	24.5065567064	29.5226079685	31.2004686434	7.118
702	0	1	1	1022	63	31.3587636366	29.1639568657	31.3109592763	11.811
702	0	1	2	2368	148	31.3587636366	26.9997041162	29.1467065267	18.095
703	0	1	1	901	56	30.0470327188	33.596866418	35.6540601398	9.103
703	0	1	2	2244	140	30.0470327188	29.3453370531	31.4025307749	4.851
704	0	1	1	879	54	27.18130087	31.0106450889	32.8716342263	5.338
704	0	1	2	2222	138	27.18130087	31.7860479804	33.6470371178	7.874
705	0	1	1	1246	77	23.243046612	29.8399119488	31.4312654117	11.213
705	0	1	2	2596	162	23.243046612	28.555944256	30.1472977189	16.22
706	0	1	1	1224	76	24.8476858619	30.7523805441	32.453596895	11.842
706	0	1	2	2574	160	24.8476858619	30.8765498148	32.5777661656	9.843
707	0	1	1	470	29	18.7861501577	29.0826405759	30.3688491184	9.591
707	0	1	2	1818	113	18.7861501577	28.6975454032	29.9837539458	9.717
708	0	1	1	551	34	21.986474079	32.2071884337	33.71250967	7.969
708	0	1	2	1899	118	21.986474079	32.9959210324	34.5012422687	5.905
709	0	1	1	158	9	13.5614023205	41.3470890897	42.2755811632	5.622
709	0	1	2	1497	93	13.5614023205	36.7376074284	37.666099502	20.378
710	0	1	1	474	29	23.5624332504	29.1081807692	30.7214012894	12.725
710	0	1	2	1821	113	23.5624332504	27.7753343214	29.3885548416	12.819
711	0	1	1	1238	77	21.5073189764	29.5028461211	30.9753616265	4.598
711	0	1	2	2581	161	21.5073189764	30.5479136202	32.0204291256	9.78
712	0	1	1	517	32	16.6382791586	29.6898402846	30.8289931503	10.441
712	0	1	2	1864	116	16.6382791586	29.4808070755	30.6199599412	12.473
713	0	1	1	839	52	28.911049583	27.5684910196	29.5479087628	5.685
713	0	1	2	2181	136	28.911049583	22.7037413422	24.6831590854	12.409
714	0	1	1	1225	76	24.2716035544	30.8822598264	32.5440342491	4.819
714	0	1	2	2578	161	24.2716035544	30.4317483303	32.093522753	16.189
715	0	1	1	158	9	27.7382838796	29.3502049379	31.249328355	7.244
715	0	1	2	1499	93	27.7382838796	29.2864398965	31.1855633135	16.662
717	0	1	1	765	47	25.467306241	31.4157833117	33.159422459	16.221
717	0	1	2	2106	131	25.467306241	31.115190719	32.8588298663	11.323
718	0	1	1	1057	66	22.084797638	29.5278686117	31.0399216478	6.598
718	0	1	2	2402	150	22.084797638	30.9805254629	32.492578499	9.622
719	0	1	1	538	33	18.1992096634	33.8589861871	35.1050093872	10.504
719	0	1	2	1889	118	18.1992096634	31.6897663407	32.9357895408	9.937
720	0	1	1	938	58	28.7102424936	25.4409871494	27.4066564772	12.157
720	0	1	2	2284	142	28.7102424936	26.1259753808	28.0916447087	5.559
721	0	1	1	929	58	26.714403236	27.9603080056	29.7893306293	23.969
721	0	1	2	2273	142	26.714403236	29.2651985271	31.0942211508	10.535
722	0	1	1	444	27	21.9692061818	29.5668633687	31.0710023449	5.685
722	0	1	2	1791	111	21.9692061818	28.6051325936	30.1092715698	5.213
723	0	1	1	478	29	23.0438914739	30.0782391589	31.6559573086	13.528
723	0	1	2	1825	114	23.0438914739	29.1638614092	30.7415795589	10.22
724	0	1	1	1009	63	23.2896436618	32.0139536376	33.6084974041	6.252
724	0	1	2	2353	147	23.2896436618	31.1464944004	32.7410381669	9.464
725	0	1	1	1064	66	27.6090933369	30.702101616	32.592379901	6.283
725	0	1	2	2412	150	27.6090933369	32.9867752416	34.8770535266	7.086
726	0	1	1	309	19	23.7862851263	33.0758988997	34.7044456145	10.346
726	0	1	2	1653	103	23.7862851263	34.4464773743	36.0750240891	8.472
727	0	1	1	506	31	19.722583262	30.6964432479	32.0467654193	9.906
727	0	1	2	1857	116	19.722583262	31.1688604356	32.519182607	9.559
728	0	1	1	1251	78	27.9252915859	29.2190281378	31.1309551845	4.158
728	0	1	2	2597	162	27.9252915859	33.6678855425	35.5798125892	6.126
729	0	1	1	1021	63	25.9849721662	21.1642907374	22.9433722893	12.378
729	0	1	2	2371	148	25.9849721662	24.5123656693	26.2914472213	14.347
730	0	1	1	1257	78	20.8596965659	27.6100815465	29.0382570743	4.708
730	0	1	2	2609	163	20.8596965659	22.7046052431	24.1327807709	5.559
731	0	1	1	1021	63	27.9564281386	21.2587940711	23.1728529064	10.661
731	0	1	2	2366	147	27.9564281386	22.271355945	24.1854147803	4.22
732	0	1	1	1031	64	28.2593073636	19.1766455168	21.1114412164	6.945
732	0	1	2	2368	148	28.2593073636	21.9526072171	23.8874029167	21.622
734	0	1	1	811	50	25.9875509037	30.6037478415	32.3830059488	9.118
734	0	1	2	2150	134	25.9875509037	32.4923680229	34.2716261301	13.496
735	0	1	1	1031	64	27.8113642429	18.6824170251	20.5865439467	11.449
735	0	1	2	2375	148	27.8113642429	30.0067840997	31.9109110213	10
737	0	1	1	490	30	19.7313817369	29.3555931344	30.7065177002	13.26
737	0	1	2	1835	114	19.7313817369	31.8233202305	33.1742447963	7.937
738	0	1	1	490	30	25.2717293065	28.868259341	30.5985081597	19.559
738	0	1	2	1834	114	25.2717293065	30.9222736605	32.6525224792	4.677
739	0	1	1	429	26	25.3838659693	31.0799345897	32.8178609332	8.472
739	0	1	2	1776	111	25.3838659693	31.7596388594	33.4975652029	8.283
740	0	1	1	1217	76	20.8716745537	27.2860178187	28.7150134289	4.346
740	0	1	2	2566	160	20.8716745537	28.6384825694	30.0674781796	7.937
741	0	1	1	737	46	28.7097707177	31.7837452472	33.7493822746	8.756
741	0	1	2	2077	129	28.7097707177	31.0356765277	33.0013135551	12.378
742	0	1	1	564	35	24.3126772863	36.3639989471	38.0285855152	7.748
742	0	1	2	1912	119	24.3126772863	31.8296495542	33.4942361222	8.063
743	0	1	1	930	58	27.9625299634	28.1096429818	30.0241195833	17.874
743	0	1	2	2274	142	27.9625299634	29.0249934642	30.9394700657	9.071
744	0	1	1	1236	77	18.7961697685	29.4445240624	30.7314186054	11.323
744	0	1	2	2585	161	18.7961697685	30.4496760875	31.7365706306	11.197
745	0	1	1	577	36	23.5624849403	33.878969014	35.4921930731	12
745	0	1	2	1925	120	23.5624849403	32.0497407723	33.6629648314	7.433
746	0	1	1	972	60	28.6755362188	32.2523144508	34.2156075863	5.748
746	0	1	2	2313	144	28.6755362188	29.7923370138	31.7556301493	5.779
747	0	1	1	1009	63	23.2108592092	29.603249725	31.192399452	15.811
747	0	1	2	2354	147	23.2108592092	28.1609754031	29.7501251301	17.307
748	0	1	1	984	61	22.0790802344	27.6342022796	29.1458638691	14.929
748	0	1	2	2329	145	22.0790802344	32.2069856867	33.7186472763	6.662
749	0	1	1	488	30	19.993313129	30.3392175386	31.7080754432	13.401
749	0	1	2	1832	114	19.993313129	31.765033448	33.1338913526	9.024
750	0	1	1	820	51	28.9219405293	29.6324124086	31.612575809	5.968
750	0	1	2	2161	135	28.9219405293	29.1100601329	31.0902235332	17.685
751	0	1	1	824	51	27.3076795072	21.6507058191	23.5203475692	8.283
751	0	1	2	2166	135	27.3076795072	29.2625120327	31.1321537829	12.378
752	0	1	1	788	49	25.2084466846	23.9869651778	25.712881302	9.59
752	0	1	2	2132	133	25.2084466846	31.8241918345	33.5501079588	17.402
753	0	1	1	1246	77	17.7369579289	32.7514889576	33.9658637292	5.591
753	0	1	2	2598	162	17.7369579289	28.9959220113	30.2102967828	12.504
754	0	1	1	1051	65	16.9882184705	20.0607253616	21.2238370974	5.244
754	0	1	2	2388	149	16.9882184705	33.9697873099	35.1328990457	4.977
755	0	1	1	1004	62	22.4281537278	32.8503322415	34.3858934223	10.536
755	0	1	2	2351	146	22.4281537278	32.4597651152	33.9953262959	8.977
756	0	1	1	490	30	25.9874966339	28.910912479	30.6901668706	11.464
756	0	1	2	1834	114	25.9874966339	30.8416325566	32.6208869482	10.551
757	0	1	1	311	19	24.3327605433	34.0545131181	35.7204747021	6.614
757	0	1	2	1655	103	24.3327605433	31.5889361044	33.2548976885	12.441
758	0	1	1	779	48	26.8219406	26.949327303	28.7857125569	11.213
758	0	1	2	2120	132	26.8219406	30.4575537113	32.2939389652	25.433
759	0	1	1	1234	77	22.1574344349	31.4738891916	32.990915363	11.213
759	0	1	2	2583	161	22.1574344349	34.366820826	35.8838469975	7.685
760	0	1	1	1255	78	15.0124399887	27.7781115871	28.8059500956	15.622
760	0	1	2	2596	162	15.0124399887	29.0641842049	30.0920227134	18.031
760	1	1	1	1256	78	15.0124399887	28.0945404328	29.1223789413	6.977
760	1	1	2	2602	162	15.0124399887	28.4605264652	29.4883649737	14.945
761	0	1	1	487	30	22.6437982735	26.8686809919	28.419006446	20.189
761	0	1	2	1832	114	22.6437982735	28.9876669689	30.537992423	10.756
762	0	1	1	136	8	26.1079051322	28.5074963091	30.2949945633	17.118
762	0	1	2	1477	92	26.1079051322	27.4337468542	29.2212451083	11.433
763	0	1	1	1057	66	24.6761647266	28.8453179968	30.5347910182	7.433
763	0	1	2	2403	150	24.6761647266	28.3524799295	30.0419529509	9.717
764	0	1	1	489	30	24.3079573923	30.4754491542	32.139712571	13.244
764	0	1	2	1834	114	24.3079573923	29.2778931593	30.9421565761	14.614
765	0	1	1	154	9	24.7249935982	34.2049834415	35.89779957	6.866
765	0	1	2	1495	93	24.7249935982	30.9566835039	32.6494996324	14.22
767	0	1	1	477	29	19.7228798463	31.234942554	32.5852850313	9.811
767	0	1	2	1825	114	19.7228798463	28.2909484556	29.6412909328	6.189
768	0	1	1	1031	64	26.3121476555	20.9578746133	22.7593564924	6.221
768	0	1	2	2364	147	26.3121476555	12.6736090688	14.4750909479	8.819
769	0	1	1	1256	78	22.0249546813	29.1672291944	30.6751850354	4.662
769	0	1	2	2604	162	22.0249546813	31.0157724858	32.5237283268	10
770	0	1	1	827	51	25.5617250615	21.7212600997	23.4713637058	6.866
770	0	1	2	2166	135	25.5617250615	29.4490242297	31.1991278358	8.346
771	0	1	1	280	17	24.7286232952	30.13851526	31.8315798986	10
771	0	1	2	1624	101	24.7286232952	31.0844331705	32.7774978091	10.158
772	0	1	1	1234	77	21.1989100051	27.2385295816	28.6899296243	4.378
772	0	1	2	2581	161	21.1989100051	29.4205682036	30.8719682463	10.661
773	0	1	1	530	33	22.8476585809	35.7374254473	37.3017083577	6.519
773	0	1	2	1879	117	22.8476585809	30.2340804197	31.7983633301	7.591
774	0	1	1	1026	64	25.8355984051	28.7126890412	30.4815436012	5.118
774	0	1	2	2373	148	25.8355984051	31.2306678189	32.9995223788	14.441
775	0	1	1	227	14	26.7313635265	26.332090938	28.1622747613	13.339
775	0	1	2	1570	98	26.7313635265	29.4719783345	31.3021621578	9.213
776	0	1	1	985	61	21.8902831151	24.5036782313	26.0024136776	9.685
776	0	1	2	2329	145	21.8902831151	31.647788238	33.1465236843	7.559
777	0	1	1	1244	77	21.9728883171	32.9729957651	34.4773868415	7.181
777	0	1	2	2594	162	21.9728883171	31.5468545167	33.0512455931	17.528
778	0	1	1	155	9	23.4644599063	31.9038801265	33.5103928246	8.567
778	0	1	2	1496	93	23.4644599063	32.2474479577	33.8539606558	15.212
779	0	1	1	1019	63	25.2578305239	32.4492999474	34.178597175	18.456
779	0	1	2	2364	147	25.2578305239	33.2242609946	34.9535582223	13.212
780	0	1	1	1245	77	14.2587743267	30.1925043972	31.1687425935	8.662
780	0	1	2	2596	162	14.2587743267	32.125378241	33.1016164373	9.78
781	0	1	1	1230	76	18.4303374009	29.2889075636	30.550755106	4.063
781	0	1	2	2580	161	18.4303374009	29.7128410616	30.974688604	15.559
782	0	1	1	832	52	23.7763081808	33.1596180722	34.7874817077	9.149
782	0	1	2	2173	135	23.7763081808	32.2036429259	33.8315065614	8.126
783	0	1	1	538	33	20.8057584037	33.8824211359	35.3069037451	5.811
783	0	1	2	1889	118	20.8057584037	33.1868784513	34.6113610605	6.819
784	0	1	1	1250	78	27.6681150493	29.7237344719	31.6180537249	9.149
784	0	1	2	2599	162	27.6681150493	30.8914268988	32.7857461518	14.929
785	0	1	1	1079	67	25.3296172865	25.9173888836	27.6516010484	11.654
785	0	1	2	2425	151	25.3296172865	28.9407051178	30.6749172826	11.229
786	0	1	1	910	56	30.377225229	27.5202105692	29.6000111808	5.779
786	0	1	2	2251	140	30.377225229	26.9343339387	29.0141345504	9.591
787	0	1	1	587	36	24.2899209875	31.7993177602	33.4623463003	17.622
787	0	1	2	1940	121	24.2899209875	30.0820361448	31.745064685	8.032
788	0	1	1	1057	66	23.3504090749	32.5523968755	34.1511009938	8.504
788	0	1	2	2402	150	23.3504090749	32.7326226289	34.3313267472	7.386
788	1	1	1	1048	65	23.3504090749	33.5523655757	35.151069694	8.22
788	1	1	2	2400	150	23.3504090749	36.8199117951	38.4186159134	5.622
789	0	1	1	192	12	24.4690916901	30.58284281	32.2581384132	9.748
789	0	1	2	1535	95	24.4690916901	31.8338635438	33.509159147	9.433
790	0	1	1	105	6	25.7547330291	30.8015141542	32.5648322025	20.929
790	0	1	2	1446	90	25.7547330291	25.9786521397	27.7419701881	9.165
791	0	1	1	1275	79	18.076562918	28.7152277103	29.9528538045	10.74
791	0	1	2	2615	163	18.076562918	29.5029532578	30.740579352	9.622
791	1	1	1	1268	79	18.076562918	31.3715897138	32.609215808	10.456
791	1	1	2	2625	164	18.076562918	29.0523242414	30.2899503356	19.401
792	0	1	1	547	34	26.6754395828	24.864258931	26.6906138776	14.756
792	0	1	2	1894	118	26.6754395828	27.7671990398	29.5935539864	15.748
793	0	1	1	774	48	23.0340383393	30.6760750892	32.2531186363	15.37
793	0	1	2	2119	132	23.0340383393	30.1919988356	31.7690423827	5.78
794	0	1	1	1019	63	24.4048604003	31.6301605997	33.3010585571	20.41
794	0	1	2	2363	147	24.4048604003	34.458115048	36.1290130054	7.213
795	0	1	1	506	31	19.4688718324	31.9622001202	33.295151739	7.905
795	0	1	2	1857	116	19.4688718324	32.2443402424	33.5772918612	9.937
796	0	1	1	997	62	21.0315047788	29.527001343	30.9669398552	12.283
796	0	1	2	2342	146	21.0315047788	29.4329966569	30.8729351692	5.969
797	0	1	1	1019	63	23.4362821702	35.6728489257	37.2774324129	5.386
797	0	1	2	2364	147	23.4362821702	31.586920082	33.1915035693	10.032
798	0	1	1	118	7	24.6590950471	28.7135223603	30.4018266927	7.527
798	0	1	2	1458	91	24.6590950471	31.864506746	33.5528110784	17.811
799	0	1	1	528	33	21.9646002113	28.7570366864	30.2608603111	9.275
799	0	1	2	1876	117	21.9646002113	31.0822373612	32.5860609859	5.748
800	0	1	1	232	14	25.045225419	26.2539012123	27.9686422643	10.96
800	0	1	2	1575	98	25.045225419	30.9558170821	32.670558134	11.874
801	0	1	1	1243	77	20.7203880281	32.3194784981	33.7381161573	10
801	0	1	2	2593	162	20.7203880281	33.3099462102	34.7285838695	14.157
802	0	1	1	937	58	29.1797819519	26.5978180751	28.5956347912	17.842
802	0	1	2	2273	142	29.1797819519	25.9749750599	27.972791776	8.157
803	0	1	1	574	35	21.055286458	24.6222945948	26.0638613384	17.244
803	0	1	2	1923	120	21.055286458	31.0141673858	32.4557341294	10.992
804	0	1	1	873	54	25.6233373432	29.1115721303	30.8658940697	6.41
804	0	1	2	2216	138	25.6233373432	27.0342572399	28.7885791793	11.464
805	0	1	1	383	23	23.1368634497	29.9431497666	31.5272333157	5.229
805	0	1	2	1728	108	23.1368634497	27.9586635501	29.5427470993	13.496
806	0	1	1	1236	77	21.6825163927	31.913090283	33.3976008173	10.158
806	0	1	2	2585	161	21.6825163927	29.7876053346	31.2721158689	13.087
807	0	1	1	135	8	23.9487282387	30.1913477268	31.8310162371	9.779
807	0	1	2	1476	92	23.9487282387	31.0994883078	32.7391568181	16
808	0	1	1	430	26	25.8701022141	30.5426641695	32.3138810599	7.717
808	0	1	2	1779	111	25.8701022141	30.6299315381	32.4011484285	9.039
809	0	1	1	470	29	21.1243469332	29.4974673194	30.9437623427	9.055
809	0	1	2	1814	113	21.1243469332	27.3687223204	28.8150173438	4.488
810	0	1	1	1061	66	22.5598305759	35.6548115846	37.1993881243	9.024
810	0	1	2	2408	150	22.5598305759	32.004137018	33.5487135577	13.37
811	0	1	1	1056	66	24.9293022737	31.1755844319	32.8823887145	5.748
811	0	1	2	2401	150	24.9293022737	32.5707600981	34.2775643808	11.937
812	0	1	1	336	21	23.8866058866	29.0813866577	30.7168019123	13.811
812	0	1	2	1681	105	23.8866058866	30.1031546513	31.7385699059	14.914
813	0	1	1	457	28	24.7941416722	31.2332685502	32.930818956	9.716
813	0	1	2	1800	112	24.7941416722	30.893364275	32.5909146808	16.126
814	0	1	1	778	48	26.7934360175	37.4783029215	39.3127365867	11.118
814	0	1	2	2118	132	26.7934360175	35.0168358578	36.851269523	14.189
815	0	1	1	1251	78	20.6289012887	30.1431478118	31.5555217595	5.37
815	0	1	2	2600	162	20.6289012887	27.9355836624	29.3479576101	22.961
816	0	1	1	920	57	25.4984427601	28.5551636533	30.3009345869	14.031
816	0	1	2	2263	141	25.4984427601	29.7766399659	31.5224108995	7.622
817	0	1	1	1062	66	28.2322380611	28.8588760675	30.791818446	8.284
817	0	1	2	2410	150	28.2322380611	30.1574237538	32.0903661323	13.496
818	0	1	1	158	9	23.452889468	27.2399945163	28.8457150353	5.748
818	0	1	2	1498	93	23.452889468	29.9492665943	31.5549871133	12
819	0	1	1	1090	68	20.3522833327	30.1521184405	31.5455535224	6.441
819	0	1	2	2438	152	20.3522833327	28.7768216819	30.1702567637	12.441
820	0	1	1	794	49	26.0795035384	29.0665644622	30.8521181788	4.63
820	0	1	2	2134	133	26.0795035384	26.3735715922	28.1591253088	18.378
821	0	1	1	160	10	24.1301638597	32.7053230686	34.3574137113	8.409
821	0	1	2	1499	93	24.1301638597	32.5833011941	34.2353918369	15.591
822	0	1	1	997	62	22.0690699045	26.4947653303	28.0057415548	9.811
822	0	1	2	2342	146	22.0690699045	27.7087407093	29.2197169337	7.055
823	0	1	1	1244	77	21.9128589983	27.188475464	28.6887565859	14.063
823	0	1	2	2594	162	21.9128589983	25.8280127348	27.3282938567	24
824	0	1	1	937	58	26.0164979047	30.8373745817	32.6186145681	5.527
824	0	1	2	2282	142	26.0164979047	31.3520036819	33.1332436684	12.063
825	0	1	1	128	8	27.9314524681	33.7110899446	35.623438801	5.874
825	0	1	2	1467	91	27.9314524681	32.185671751	34.0980206074	8.189
826	0	1	1	1246	77	23.5966007463	30.2964808733	31.9120406979	8.819
826	0	1	2	2597	162	23.5966007463	31.5613172182	33.1768770429	15.181
827	0	1	1	737	46	26.110256588	29.2483934705	31.0360527189	5.496
827	0	1	2	2078	129	26.110256588	28.1995164922	29.9871757406	16.662
828	0	1	1	1256	78	21.9429549864	29.2996905352	30.8020322026	8.095
828	0	1	2	2602	162	21.9429549864	28.7513635879	30.2537052553	5.906
829	0	1	1	997	62	29.3809494939	29.7780308828	31.7896206928	13.59
829	0	1	2	2342	146	29.3809494939	28.7663749233	30.7779647334	5.748
830	0	1	1	429	26	20.8646555659	26.0990559962	27.5275710458	18.788
830	0	1	2	1775	110	20.8646555659	27.0699772014	28.4984922511	17.212
831	0	1	1	985	61	24.2439763468	25.0474172927	26.7073001969	16.787
831	0	1	2	2331	145	24.2439763468	29.5898217475	31.2497046517	10.662
832	0	1	1	1224	76	22.7413064123	30.6315869011	32.1885883266	6.221
832	0	1	2	2575	160	22.7413064123	29.7606228377	31.3176242633	9.906
833	0	1	1	557	34	21.8704199637	28.9393952523	30.4367707523	6.346
833	0	1	2	1907	119	21.8704199637	25.0213050371	26.5186805371	10.977
834	0	1	1	530	33	23.4398672841	29.5421422892	31.1469712342	11.339
834	0	1	2	1879	117	23.4398672841	31.26162554	32.8664544849	7.969
835	0	1	1	1063	66	13.4411044474	28.3701017265	29.2903575116	7.307
835	0	1	2	2411	150	13.4411044474	28.8517378844	29.7719936695	12.315
836	0	1	1	1245	77	21.412503763	29.7058895381	31.1719134453	6.032
836	0	1	2	2596	162	21.412503763	27.461471885	28.9274957922	10.347
837	0	1	1	506	31	20.2992118971	28.4680841623	29.8578856666	8
837	0	1	2	1858	116	20.2992118971	27.6258281644	29.0156296687	10.63
838	0	1	1	584	36	24.8557210355	30.8952959921	32.5970624774	13.622
838	0	1	2	1933	120	24.8557210355	32.8808874218	34.5826539072	9.842
839	0	1	1	604	37	22.1714674815	29.4684614945	30.9864484495	7.685
839	0	1	2	1954	122	22.1714674815	28.5486656872	30.0666526423	5.591
840	0	1	1	490	30	24.4336862367	30.4399088564	32.1127803974	15.559
840	0	1	2	1835	114	24.4336862367	29.3373515552	31.0102230962	10.614
841	0	2	1	447	27	23.1024100939	31.0915569034	32.6732815764	6.819
841	0	2	2	1793	112	23.1024100939	32.845991176	34.427715849	4.52
842	0	2	1	1245	77	20.1627853474	31.600878198	32.9813391513	13.402
842	0	2	2	2596	162	20.1627853474	31.8547644604	33.2352254137	22.819
843	0	2	1	1255	78	20.2446323856	29.4633772322	30.8494419073	5.685
843	0	2	2	2597	162	20.2446323856	32.2390459694	33.6251106446	15.37
844	0	2	1	449	28	26.7743461707	26.818346377	28.6514730408	17.654
844	0	2	2	1795	112	26.7743461707	26.561607423	28.3947340869	4.504
845	0	2	1	348	21	21.7042988993	29.2812602154	30.7672621062	9.086
845	0	2	2	1691	105	21.7042988993	31.7847002447	33.2707021355	10.189
846	0	2	1	486	30	22.0235733668	33.5287728603	35.0366341286	6.456
846	0	2	2	1830	114	22.0235733668	31.8405290762	33.3483903444	7.559
847	0	2	1	429	26	24.6210442043	30.7128832344	32.398582386	10.158
847	0	2	2	1775	110	24.6210442043	31.2668255735	32.952524725	8.347
848	0	2	1	455	28	22.914746267	31.3917519939	32.9606281155	13.748
848	0	2	2	1800	112	22.914746267	27.0796556309	28.6485317525	15.039
849	0	2	1	453	28	22.9010185272	29.6037093651	31.1716456062	11.78
849	0	2	2	1798	112	22.9010185272	27.8487717052	29.4167079462	10.252
850	0	2	1	415	25	23.4222806833	30.8151428785	32.4187677429	9.732
850	0	2	2	1760	110	23.4222806833	30.6513226791	32.2549475436	12.535
851	0	2	1	807	50	27.5186575334	29.3662497506	31.2503362772	13.717
851	0	2	2	2149	134	27.5186575334	29.5829877595	31.4670742861	10.898
852	0	2	1	1269	79	16.5795493354	31.3127154173	32.4478472994	10.787
852	0	2	2	2619	163	16.5795493354	29.7428902385	30.8780221207	13.355
853	0	2	1	822	51	20.3348495304	32.7665918738	34.1588333366	8.032
853	0	2	2	2166	135	20.3348495304	26.7652796008	28.1575210637	12.441
854	0	2	1	73	4	22.9333743607	29.0522277123	30.6223792209	5.528
854	0	2	2	1413	88	22.9333743607	29.2426525439	30.8128040525	10.929
855	0	2	1	593	37	29.1049866328	28.242302652	30.2349984477	10.41
855	0	2	2	1946	121	29.1049866328	25.8811684395	27.8738642352	7.181
856	0	2	1	819	51	25.9459095592	29.9119668695	31.6883739693	6.63
856	0	2	2	2161	135	25.9459095592	34.0654550864	35.8418621862	11.717
857	0	2	1	75	4	28.2640430696	31.7584578756	33.693577809	8.929
857	0	2	2	1415	88	28.2640430696	31.1840964116	33.119216345	13.874
858	0	2	1	567	35	18.7535651237	33.8120137158	35.0959912983	9.701
858	0	2	2	1917	119	18.7535651237	35.9997657764	37.283743359	7.78
859	0	2	1	1081	67	21.8403335375	31.1672498262	32.6625654354	4.787
859	0	2	2	2427	151	21.8403335375	29.7723704527	31.2676860619	10.882
860	0	2	1	1245	77	23.7294988193	33.6333298283	35.257988624	13.134
860	0	2	2	2596	162	23.7294988193	31.9887370136	33.6133958093	19.528
861	0	2	1	580	36	21.1667591727	31.7488737834	33.198072594	7.622
861	0	2	2	1928	120	21.1667591727	31.1385940469	32.5877928576	5.59
862	0	2	1	529	33	24.0445091956	30.7436080757	32.3898343045	14.284
862	0	2	2	1878	117	24.0445091956	30.8606187422	32.506844971	7.071
863	0	2	1	486	30	22.8950104994	28.5376481767	30.1051730734	5.59
863	0	2	2	1830	114	22.8950104994	30.758345433	32.3258703297	4.157
864	0	2	1	1255	78	18.5787640936	28.5728787184	29.844888411	12.347
864	0	2	2	2602	162	18.5787640936	29.3735231025	30.6455327951	5.118
865	0	2	1	804	50	27.3682855548	33.6323361627	35.5061273535	7.465
865	0	2	2	2145	134	27.3682855548	28.7844806758	30.6582718667	4.756
866	0	2	1	808	50	27.0386165727	30.4694663023	32.320686447	7.622
866	0	2	2	2150	134	27.0386165727	29.5794030769	31.4306232216	13.118
867	0	2	1	545	34	19.8417073057	33.5644902554	34.9229683481	10
867	0	2	2	1894	118	19.8417073057	30.1268725011	31.4853505938	15.653
868	0	2	1	506	31	21.4065225255	32.5526124631	34.0182268603	6.063
868	0	2	2	1857	116	21.4065225255	29.1857407764	30.6513551735	10.095
869	0	2	1	954	59	26.5014930133	25.2028295385	27.0172750964	5.402
869	0	2	2	2297	143	26.5014930133	25.9385739176	27.7530194755	7.654
870	0	2	1	477	29	23.9937197346	27.6680915848	29.3108404732	14.74
870	0	2	2	1824	114	23.9937197346	28.8160022803	30.4587511688	5.465
871	0	2	1	247	15	22.2802775785	24.7672081193	26.2926448432	15.591
871	0	2	2	1590	99	22.2802775785	27.1247104289	28.6501471528	17.465
872	0	2	1	1009	63	21.6711298512	32.9753196974	34.4590506432	7.779
872	0	2	2	2354	147	21.6711298512	31.6570789783	33.1408099241	8.677
873	0	2	1	998	62	21.2232969734	30.1443312214	31.597400937	8.866
873	0	2	2	2343	146	21.2232969734	29.139580436	30.5926501516	6.473
874	0	2	1	1253	78	20.9183846801	29.5251756501	30.9573693058	4.267
874	0	2	2	2601	162	20.9183846801	30.7990631902	32.231256846	16.535
875	0	2	1	270	16	19.8321208192	30.3029624819	31.6607842283	5.716
875	0	2	2	1613	100	19.8321208192	26.1664131957	27.5242349421	5.559
876	0	2	1	807	50	26.9233320763	30.1808199144	32.0241470155	8.441
876	0	2	2	2149	134	26.9233320763	32.6998773037	34.5432044048	11.213
877	0	2	1	521	32	16.9373283913	26.2136028053	27.3732303119	5.937
877	0	2	2	1867	116	16.9373283913	27.4220584241	28.5816859306	10.393
878	0	2	1	592	37	23.0305898191	29.763677617	31.3404850585	6.221
878	0	2	2	1941	121	23.0305898191	28.8484721498	30.4252795913	9.37
879	0	2	1	1022	63	26.0391524454	30.3045127676	32.087303815	8.725
879	0	2	2	2368	148	26.0391524454	30.5487252072	32.3315162546	13.779
880	0	2	1	1022	63	27.6036280082	27.8252544202	29.7151585172	9.087
880	0	2	2	2368	148	27.6036280082	20.5856765677	22.4755806646	22.126
881	0	2	1	933	58	24.3733217717	31.7958031283	33.4645417687	10.094
881	0	2	2	2274	142	24.3733217717	32.4249293389	34.0936679793	7.433
882	0	2	1	1021	63	22.4097068352	28.260479451	29.7947776508	11.874
882	0	2	2	2368	148	22.4097068352	29.489423422	31.0237216218	16.882
883	0	2	1	1021	63	27.6709145846	25.0658434257	26.960354351	9.717
883	0	2	2	2366	147	27.6709145846	27.4439958833	29.3385068086	12.378
884	0	2	1	737	46	25.4590546284	28.6236751255	30.3667493197	13.465
884	0	2	2	2077	129	25.4590546284	29.1120534517	30.8551276458	7.606
885	0	2	1	987	61	21.6356260918	26.5996539699	28.0809541228	8.189
885	0	2	2	2329	145	21.6356260918	33.1903763863	34.6716765392	9.59
886	0	2	1	1061	66	27.6233229799	30.4573481569	32.3486006856	10.724
886	0	2	2	2408	150	27.6233229799	26.7807961399	28.6720486686	20.708
887	0	2	1	594	37	20.2487830324	26.5457568413	27.9321056937	9.134
887	0	2	2	1941	121	20.2487830324	26.8475595023	28.2339083547	10.756
888	0	2	1	550	34	21.0508883031	32.6496153465	34.090880967	14.189
888	0	2	2	1898	118	21.0508883031	29.0018848196	30.44315044	10.536
889	0	2	1	773	48	26.4818107907	29.1252833762	30.9383813752	12.126
889	0	2	2	2105	131	26.4818107907	29.7835869765	31.5966849756	8.898
890	0	2	1	234	14	26.7003796006	31.9079761703	33.7360386547	6.992
890	0	2	2	1577	98	26.7003796006	32.5148939284	34.3429564129	5.134
891	0	2	1	1279	79	24.7914092841	30.8895835105	32.5869468412	7.433
891	0	2	2	2629	164	24.7914092841	30.5223225515	32.2196858822	13.496
892	0	2	1	487	30	22.1615297435	31.747175206	33.264481766	5.275
892	0	2	2	1832	114	22.1615297435	32.216389869	33.7336964291	14.157
893	0	2	1	1269	79	20.6603741558	31.0490642524	32.4635930147	9.906
893	0	2	2	2619	163	20.6603741558	28.9698683389	30.3843971012	10.157
894	0	2	1	1229	76	22.4721910543	28.9094860998	30.4480623307	6.614
894	0	2	2	2579	161	22.4721910543	29.1245388861	30.6631151171	12.567
895	0	2	1	931	58	29.6189811908	28.9463666018	30.9742534392	17.59
895	0	2	2	2274	142	29.6189811908	26.4802921445	28.5081789819	9.559
896	0	2	1	1225	76	19.9884957844	36.160111681	37.5286397623	5.244
896	0	2	2	2575	160	19.9884957844	28.3624586857	29.730986767	9.402
897	0	2	1	907	56	23.5202717254	27.8121136092	29.4224475074	15.937
897	0	2	2	2249	140	23.5202717254	30.0136429062	31.6239768045	10.252
898	0	2	1	804	50	25.4313127884	32.0023551991	33.7435300264	14.882
898	0	2	2	2145	134	25.4313127884	32.4318677624	34.1730425896	7.685
899	0	2	1	1255	78	22.0760878411	31.1980579006	32.7095146136	9.307
899	0	2	2	2604	162	22.0760878411	31.6502289056	33.1616856186	20.031
900	0	2	1	238	14	27.4987388138	32.6451304385	34.5278532143	10.898
900	0	2	2	1580	98	27.4987388138	21.2773107494	23.1600335252	20.866
901	0	2	1	974	60	22.7652750647	28.7566272456	30.3152697038	13.905
901	0	2	2	2318	144	22.7652750647	28.5152027684	30.0738452265	11.276
902	0	2	1	997	62	24.5246851803	26.3304880257	28.0095898809	9.874
902	0	2	2	2342	146	24.5246851803	27.4519485253	29.1310503805	8.378
903	0	2	1	920	57	25.721756777	29.9792405616	31.740300865	16.126
903	0	2	2	2263	141	25.721756777	31.1714228401	32.9324831435	5.748
904	0	2	1	1040	65	22.1255004884	29.9875192105	31.5023589993	4.472
904	0	2	2	2393	149	22.1255004884	28.480908627	29.9957484158	8.646
905	0	2	1	1238	77	25.3514063409	30.2969388647	32.0326428342	4.882
905	0	2	2	2587	161	25.3514063409	31.1710231996	32.9067271691	10.347
906	0	2	1	1251	78	17.0349272465	31.5088497621	32.6751594509	5.748
906	0	2	2	2600	162	17.0349272465	31.8972885873	33.0635982762	19.401
907	0	2	1	893	55	25.0157379521	33.0158346792	34.7285568486	5.339
907	0	2	2	2236	139	25.0157379521	30.2802979041	31.9930200734	11.496
908	0	2	1	1217	76	22.6943429123	27.4251920878	28.9789781204	7.181
908	0	2	2	2566	160	22.6943429123	27.8592227948	29.4130088273	10.772
909	0	2	1	347	21	24.1970185558	27.5188514728	29.1755193749	9.307
909	0	2	2	1690	105	24.1970185558	27.8279826486	29.4846505507	9.449
910	0	2	1	433	27	23.1444192511	31.4743590637	33.0589599267	9.811
910	0	2	2	1781	111	23.1444192511	31.8825743245	33.4671751875	9.779
911	0	2	1	430	26	23.2487407046	20.055158408	21.6469017214	7.307
911	0	2	2	1775	110	23.2487407046	18.6843452683	20.2760885816	11.275
912	0	2	1	1248	78	19.7358850963	29.0004739378	30.3517068297	7.039
912	0	2	2	2598	162	19.7358850963	28.1146537191	29.465886611	22.252
913	0	2	1	600	37	19.6729502572	27.1734957296	28.5204197382	14.725
913	0	2	2	1950	121	19.6729502572	26.4735712944	27.8204953031	13.811
914	0	2	1	490	30	25.743954811	29.9567708233	31.7193509326	12.992
914	0	2	2	1835	114	25.743954811	26.9537470658	28.716327175	6.614
915	0	2	1	579	36	19.3665159631	32.5765958243	33.902539568	6.788
915	0	2	2	1927	120	19.3665159631	30.5554349559	31.8813786996	7.559
916	0	2	1	1009	63	29.3163466561	33.1409207585	35.1480874845	6.567
916	0	2	2	2353	147	29.3163466561	32.0512832337	34.0584499596	9.496
917	0	2	1	488	30	18.1762322668	26.8951522058	28.1396022403	17.103
917	0	2	2	1830	114	18.1762322668	26.2828456105	27.5272956451	18
917	1	2	1	487	30	18.1762322668	27.3316217372	28.5760717717	6.661
917	1	2	2	1833	114	18.1762322668	26.9837797972	28.2282298318	8.583
918	0	2	1	1262	78	19.3306007003	31.7438340514	33.0673188284	4.599
918	0	2	2	2615	163	19.3306007003	31.9146526063	33.2381373833	13.149
919	0	2	1	521	32	24.2106623623	28.5062209726	30.1638230086	7.039
919	0	2	2	1867	116	24.2106623623	28.2756838533	29.9332858893	17.527
920	0	2	1	443	27	24.5952070517	29.5740821255	31.2580123161	4.52
920	0	2	2	1790	111	24.5952070517	27.8549773238	29.5389075144	9.275
921	0	2	1	1236	77	21.9210372517	31.0168044665	32.5176455189	11.04
921	0	2	2	2585	161	21.9210372517	30.7198213772	32.2206624297	10.409
922	0	2	1	557	34	28.8822262699	27.7698348876	29.74727922	10.425
922	0	2	2	1907	119	28.8822262699	31.3561308322	33.3335751646	6.898
923	0	2	1	488	30	18.6644874445	32.7381485325	34.0160273417	9.276
923	0	2	2	1833	114	18.6644874445	32.0544041765	33.3322829857	13.386
924	0	2	1	937	58	27.6829513074	32.7388583245	34.6341933535	5.37
924	0	2	2	2282	142	27.6829513074	29.3188015752	31.2141366042	4.031
925	0	2	1	1036	64	24.0885127687	29.7945248256	31.4437637937	8.189
925	0	2	2	2380	148	24.0885127687	27.3962485317	29.0454874998	6.409
926	0	2	1	77	4	28.91068923	32.2322658162	34.2116588875	7.685
926	0	2	2	1417	88	28.91068923	32.6365575537	34.6159506249	8.315
927	0	2	1	737	46	26.841811842	30.0382066164	31.8759523705	14.897
927	0	2	2	2076	129	26.841811842	30.7501574669	32.587903221	16.252
928	0	2	1	762	47	26.0524096421	31.0679839079	32.8516826197	14.504
928	0	2	2	2106	131	26.0524096421	28.6112991269	30.3949978386	5.512
929	0	2	1	488	30	20.7199582034	31.5328079469	32.9514161779	12.992
929	0	2	2	1833	114	20.7199582034	30.2815406066	31.7001488376	11.102
930	0	2	1	470	29	22.5800397211	28.2605406972	29.806500872	8.835
930	0	2	2	1817	113	22.5800397211	31.0087725411	32.5547327158	19.307
931	0	2	1	807	50	23.2929991142	27.2877865958	28.882560096	14.504
931	0	2	2	2149	134	23.2929991142	27.2091145154	28.8038880156	18.882
932	0	2	1	547	34	21.6552828007	28.3762867384	29.8589327034	7.401
932	0	2	2	1895	118	21.6552828007	30.8294317223	32.3120776873	12.126
933	0	2	1	903	56	25.9257275365	30.9185065661	32.6935318879	8.724
933	0	2	2	2246	140	25.9257275365	30.159074058	31.9340993798	15.653
934	0	2	1	795	49	28.4767609929	34.7992426677	36.748926501	5.653
934	0	2	2	2134	133	28.4767609929	34.632067537	36.5817513703	12.898
935	0	2	1	488	30	18.6591692035	32.3024361079	33.5799507996	9.811
935	0	2	2	1834	114	18.6591692035	32.1542315338	33.4317462255	12.094
936	0	2	1	346	21	23.1444082435	27.9232375716	29.5078376809	6.347
936	0	2	2	1690	105	23.1444082435	28.0964045701	29.6810046795	9.559
937	0	2	1	564	35	19.4152674299	34.1408494571	35.4701310083	9.906
937	0	2	2	1912	119	19.4152674299	33.12764476	34.4569263113	7.685
938	0	2	1	814	50	26.383235041	33.6462051856	35.4525541185	14.567
938	0	2	2	2155	134	26.383235041	32.1646220425	33.9709709754	11.197
939	0	2	1	1057	66	21.0049784287	28.3880085509	29.8261309158	5.275
939	0	2	2	2403	150	21.0049784287	30.3589083789	31.7970307437	11.622
940	0	2	1	533	33	19.6526562629	30.9720807199	32.3176152843	11.575
940	0	2	2	1896	118	19.6526562629	26.8396084293	28.1851429937	8.882
941	0	2	1	1024	64	30.1228005637	20.2735524211	22.3359336479	10.63
941	0	2	2	2368	148	30.1228005637	21.3006530121	23.3630342389	17.716
942	0	2	1	997	62	26.6881736282	30.1411632181	31.9683900111	7.591
942	0	2	2	2343	146	26.6881736282	29.2642983456	31.0915251386	7.465
943	0	2	1	1021	63	27.2612228483	23.1568703197	25.0233313781	14.252
943	0	2	2	2368	148	27.2612228483	22.079932388	23.9463934464	17.905
944	0	2	1	278	17	25.9348235813	28.646395039	30.4220431286	13.874
944	0	2	2	1621	101	25.9348235813	29.9494592166	31.7251073062	11.465
945	0	2	1	1217	76	24.3446758585	34.2087531235	35.8755304989	12.252
945	0	2	2	2567	160	24.3446758585	28.5472383979	30.2140157733	11.086
946	0	2	1	485	30	19.4099989835	30.8141985275	32.1431193705	5.622
946	0	2	2	1830	114	19.4099989835	32.4069820116	33.7359028546	9.811
947	0	2	1	832	52	31.257730987	31.3702461937	33.5103313244	9.622
947	0	2	2	2173	135	31.257730987	31.2384688333	33.378553964	13.008
948	0	2	1	571	35	25.3404264144	25.1442205655	26.8791727857	12.284
948	0	2	2	1921	120	25.3404264144	27.8552023923	29.5901546126	6
949	0	2	1	273	17	19.8136534629	28.8911103921	30.2476677563	6.819
949	0	2	2	1618	101	19.8136534629	30.595838811	31.9523961753	8.599
950	0	2	1	1056	66	24.7286051196	29.3608205934	31.0538839876	12.031
950	0	2	2	2402	150	24.7286051196	27.3007817801	28.9938451743	24
951	0	2	1	1012	63	26.1962747618	30.7277359683	32.5212845186	11.937
951	0	2	2	2357	147	26.1962747618	33.4127064187	35.206254969	10.283
952	0	2	1	528	33	19.6918835323	29.5716930843	30.9199133745	10.834
952	0	2	2	1878	117	19.6918835323	30.7518927604	32.1001130506	5.811
953	0	2	1	778	48	28.9446572111	29.4563101287	31.4380288445	5.433
953	0	2	2	2120	132	28.9446572111	25.9505227069	27.9322414227	12.126
954	0	2	1	1236	77	20.4643780767	28.326829118	29.7279388546	14.393
954	0	2	2	2584	161	20.4643780767	31.0227027951	32.4238125318	12.221
955	0	2	1	1264	79	17.2753289728	30.3185821081	31.5013510903	10.346
955	0	2	2	2614	163	17.2753289728	30.3717881342	31.5545571163	14.252
956	0	2	1	487	30	20.029746922	32.2412264936	33.6125788665	8
956	0	2	2	1833	114	20.029746922	33.3264936301	34.697846003	10.063
957	0	2	1	266	16	18.4862354575	29.5715723633	30.83724701	12.724
957	0	2	2	1609	100	18.4862354575	27.0333858148	28.2990604616	5.339
958	0	2	1	440	27	27.8384907118	26.6177815812	28.5237657378	4.803
958	0	2	2	1788	111	27.8384907118	26.0886124316	27.9945965882	13.748
959	0	2	1	532	33	21.9993444531	32.3233767054	33.829579122	4.787
959	0	2	2	1894	118	21.9993444531	29.3371177668	30.8433201834	8.221
960	0	2	1	566	35	18.6087200443	26.6888172188	27.9628778692	16.158
960	0	2	2	1913	119	18.6087200443	28.3199130413	29.5939736916	10.284
961	0	2	1	1217	76	24.8820798599	29.2968760796	31.0004472426	8.536
961	0	2	2	2566	160	24.8820798599	29.2746665671	30.9782377301	15.338
962	0	2	1	471	29	23.441333145	29.3436216418	30.9485509481	5.937
962	0	2	2	1817	113	23.441333145	30.7523624606	32.3572917669	13.874
963	0	2	1	585	36	21.3658041637	30.6138674088	32.0766939913	10
963	0	2	2	1933	120	21.3658041637	30.5688206727	32.0316472552	11.716
964	0	2	1	592	37	19.8389031119	27.6267721588	28.9850582602	4.347
964	0	2	2	1943	121	19.8389031119	28.5864512951	29.9447373964	9.37
965	0	2	1	308	19	26.7178703645	29.1368124727	30.9660724761	16.032
965	0	2	2	1652	103	26.7178703645	28.6816446128	30.5109046162	15.402
966	0	2	1	413	25	26.3939470344	30.3212543222	32.1283366601	5.968
966	0	2	2	1759	109	26.3939470344	30.4804345555	32.2875168934	4.157
967	0	2	1	774	48	24.6900545706	32.8622189468	34.5526429474	16.221
967	0	2	2	2117	132	24.6900545706	33.9440373273	35.6344613279	12.661
968	0	2	1	898	56	25.0845396774	29.9217901463	31.6392228799	12.41
968	0	2	2	2242	140	25.0845396774	31.491897967	33.2093307006	7.024
969	0	2	1	564	35	21.2423827144	32.428548913	33.8829253489	6.157
969	0	2	2	1907	119	21.2423827144	29.8361375613	31.2905139973	9.622
970	0	2	1	930	58	26.0898778135	27.209680728	28.9959447275	16.819
970	0	2	2	2273	142	26.0898778135	27.6619534332	29.4482174327	4.898
971	0	2	1	740	46	25.2754573994	30.6395748706	32.3700789361	9.685
971	0	2	2	2079	129	25.2754573994	29.7638190409	31.4943231064	9.339
972	0	2	1	497	31	22.1232318103	31.5951254398	33.1098099017	18.929
972	0	2	2	1865	116	22.1232318103	29.995655725	31.5103401869	5.118
973	0	2	1	765	47	23.6512863886	31.234319136	32.8536230562	15.937
973	0	2	2	2107	131	23.6512863886	30.1144434895	31.7337474096	10.536
974	0	2	1	1227	76	22.9143449916	30.1951679916	31.7640166395	14.725
974	0	2	2	2579	161	22.9143449916	31.0051627178	32.5740113657	16
975	0	2	1	1029	64	24.1192030748	22.9774513999	24.628791604	5.275
975	0	2	2	2373	148	24.1192030748	37.3917614769	39.043101681	15.969
976	0	2	1	763	47	27.9547584006	31.3006869088	33.2146314242	5.905
976	0	2	2	2106	131	27.9547584006	30.042748366	31.9566928814	5.023
977	0	2	1	553	34	22.1235139431	29.1986275873	30.7133313656	5.78
977	0	2	2	1901	118	22.1235139431	28.9733174918	30.4880212701	19.039
978	0	2	1	337	21	23.4362734323	33.5038655541	35.1084484431	5.338
978	0	2	2	1682	105	23.4362734323	31.9166058807	33.5211887697	7.181
979	0	2	1	1243	77	23.8606321051	27.136397241	28.7700341802	5.78
979	0	2	2	2593	162	23.8606321051	28.0048734921	29.6385104313	13.512
980	0	2	1	237	14	20.926493245	27.7138119727	29.1465607877	4.787
980	0	2	2	1578	98	20.926493245	30.5691202056	32.0018690207	11.37
981	0	2	1	832	52	30.1384454756	29.1993922498	31.2628446178	8.063
981	0	2	2	2173	135	30.1384454756	28.962648614	31.0261009821	9.685
982	0	2	1	795	49	26.0365821515	32.2895349121	34.0721499822	14.472
982	0	2	2	2134	133	26.0365821515	31.077181442	32.8597965122	23.843
983	0	2	1	807	50	21.1142529348	28.1368691175	29.5824730473	9.291
983	0	2	2	2146	134	21.1142529348	29.0808861015	30.5264900313	10.535
984	0	2	1	553	34	30.1358474364	4.66928999372	6.73256448497	12.74
984	0	2	2	1901	118	30.1358474364	6.32358200034	8.3868564916	14.662
985	0	2	1	1223	76	20.5431928063	28.2890315132	29.6955373623	14.551
985	0	2	2	2574	160	20.5431928063	31.0470997844	32.4536056335	15.086
986	0	2	1	539	33	21.5133974328	28.8004757765	30.2734074482	19.748
986	0	2	2	1889	118	21.5133974328	28.2176684971	29.6906001688	11.323
987	0	2	1	337	21	24.4190363976	28.7752863223	30.4471548505	6.819
987	0	2	2	1681	105	24.4190363976	29.3461590378	31.0180275661	10.851
988	0	2	1	469	29	21.3305467078	25.1157113713	26.5761240243	13.59
988	0	2	2	1816	113	21.3305467078	28.7650008965	30.2254135495	4.725
989	0	2	1	444	27	22.9670830111	29.0229074512	30.5953668491	4.914
989	0	2	2	1791	111	22.9670830111	27.8386530711	29.411112469	5.527
990	0	2	1	1062	66	26.0037321918	29.5592643564	31.3396303283	8.063
990	0	2	2	2411	150	26.0037321918	30.6658384156	32.4462043875	14.41
991	0	2	1	837	52	29.5488178385	29.2386906288	31.261773677	13.968
991	0	2	2	2179	136	29.5488178385	26.7225664598	28.745649508	7.811
992	0	2	1	142	8	24.9605430782	30.9029839715	32.6119271804	14.252
992	0	2	2	1483	92	24.9605430782	30.5238502305	32.2327934394	10.031
993	0	2	1	568	35	24.0148807598	32.2632373559	33.9074350506	9.591
993	0	2	2	1918	119	24.0148807598	29.0488281406	30.6930258353	9.748
994	0	2	1	822	51	21.964991855	31.5607704131	33.064620852	9.244
994	0	2	2	2165	135	21.964991855	34.3550755054	35.8589259443	10.788
996	0	2	1	583	36	19.5562285969	30.0521649404	31.3910975088	10.661
996	0	2	2	1931	120	19.5562285969	29.8832012941	31.2221338625	10.914
997	0	2	1	350	21	26.6904860206	30.6544932606	32.4818783734	6.504
997	0	2	2	1694	105	26.6904860206	29.1846821315	31.0120672443	9.78
998	0	2	1	1239	77	22.725529326	29.1465736782	30.7024949131	7.653
998	0	2	2	2589	161	22.725529326	30.0391462513	31.5950674862	14.708
999	0	2	1	1004	62	21.3958067024	30.7093229707	32.1742037006	12.157
999	0	2	2	2350	146	21.3958067024	31.7034377079	33.1683184378	6.614
1000	0	2	1	1030	64	22.9531371141	31.9949506253	33.5664552064	10.913
1000	0	2	2	2377	148	22.9531371141	23.8779237175	25.4494282986	4.456
1001	0	2	1	1243	77	20.7326965948	31.7973032619	33.2167836369	9.039
1001	0	2	2	2593	162	20.7326965948	31.0534752281	32.4729556031	8.582
1002	0	2	1	1230	76	20.36036868	29.5604346873	30.9544233388	14.031
1002	0	2	2	2581	161	20.36036868	27.0336099187	28.4275985702	15.622
1003	0	2	1	169	10	21.1028533452	33.7645371381	35.2093605861	11.559
1003	0	2	2	1509	94	21.1028533452	33.5609240913	35.0057475392	6.095
1004	0	2	1	452	28	25.4840523865	31.0213436263	32.7661293116	15.937
1004	0	2	2	1796	112	25.4840523865	30.0874206203	31.8322063056	4.929
1005	0	2	1	1097	68	22.5962839347	30.1183373902	31.6654097378	9.465
1005	0	2	2	2444	152	22.5962839347	30.7733452893	32.3204176369	16.094
1006	0	2	1	561	35	21.3189602671	29.3864104089	30.8460297871	9.811
1006	0	2	2	1909	119	21.3189602671	28.3290778395	29.7886972178	7.843
1008	0	2	1	478	29	21.5122855224	30.5687843793	32.0416399232	9.181
1008	0	2	2	1826	114	21.5122855224	27.1408077474	28.6136632913	8.992
1009	0	2	1	1024	64	28.5662278407	18.6835924267	20.6394016781	5.748
1009	0	2	2	2370	148	28.5662278407	25.5031611802	27.4589704316	10.063
1010	0	2	1	1056	66	21.9683140023	33.028087183	34.5321650753	6.898
1010	0	2	2	2402	150	21.9683140023	28.0856274638	29.5897053561	15.717
1011	0	2	1	1265	79	21.9564236439	30.0205484916	31.5238123013	8.094
1011	0	2	2	2616	163	21.9564236439	29.7964059282	31.2996697378	15.528
1012	0	2	1	1081	67	25.5877524429	27.6734372192	29.4253228105	8.315
1012	0	2	2	2427	151	25.5877524429	30.0815490522	31.8334346434	5.874
1013	0	2	1	804	50	22.9968234906	26.6362598001	28.2107554033	15.968
1013	0	2	2	2145	134	22.9968234906	29.1800769525	30.7545725557	8.189
1014	0	2	1	987	61	21.6753609884	23.9031566893	25.3871773232	15.779
1014	0	2	2	2332	145	21.6753609884	28.1459210237	29.6299416576	11.811
1015	0	2	1	1246	77	22.7897678248	30.8837286947	32.444048069	7.276
1015	0	2	2	2596	162	22.7897678248	30.5321440722	32.0924634465	19.906
1016	0	2	1	1217	76	26.291354283	26.4988819785	28.2989402229	6.898
1016	0	2	2	2566	160	26.291354283	25.6142405232	27.4142987677	11.323
1017	0	2	1	467	29	17.6235816556	39.9841954963	41.1908078722	6.756
1017	0	2	2	1812	113	17.6235816556	30.041791958	31.2484043339	8.409
1018	0	2	1	1026	64	30.5611658099	34.2345993443	36.3269935925	5.086
1018	0	2	2	2374	148	30.5611658099	38.5481529718	40.6405472199	9.968
1019	0	2	1	538	33	21.4467605575	33.9445624135	35.4129317391	17.464
1019	0	2	2	1888	118	21.4467605575	31.4514254697	32.9197947954	12.866
1020	0	2	1	792	49	23.2205840801	31.9345533224	33.5243688704	14.315
1020	0	2	2	2132	133	23.2205840801	30.9334045137	32.5232200616	17.716
1022	0	2	1	1061	66	22.6729052607	33.1045143285	34.6568326154	8.063
1022	0	2	2	2406	150	22.6729052607	28.4795847334	30.0319030203	13.15
1023	0	2	1	1033	64	28.9212532142	34.1695914255	36.1497077683	7.874
1023	0	2	2	2377	148	28.9212532142	27.0202142153	29.0003305581	7.969
1024	0	2	1	155	9	24.4173300584	31.6267937055	33.2985454078	17.055
1024	0	2	2	1496	93	24.4173300584	27.1680742557	28.8398259581	22.693
1025	0	2	1	934	58	27.3451819301	24.2651994113	26.1374087943	22.504
1025	0	2	2	2277	142	27.3451819301	26.7066338157	28.5788431987	10.929
1026	0	2	1	597	37	21.2539737722	26.8165839608	28.2717539876	8.126
1026	0	2	2	1948	121	21.2539737722	27.8738856586	29.3290556854	10.378
1027	0	2	1	267	16	25.5114087704	28.1341794619	29.8808381235	10.582
1027	0	2	2	1613	100	25.5114087704	27.9985435969	29.7452022585	9.906
1028	0	2	1	585	36	23.0266789497	35.7419695474	37.3185092281	6.598
1028	0	2	2	1936	121	23.0266789497	34.1514901991	35.7280298798	9.464
1029	0	2	1	598	37	23.6734026312	23.3280609655	24.9488790916	21.496
1029	0	2	2	1940	121	23.6734026312	30.5936936672	32.2145117933	8.646
1030	0	2	1	456	28	24.7033753722	31.730330761	33.4216667807	5.338
1030	0	2	2	1801	112	24.7033753722	30.1933006707	31.8846366904	5.118
1031	0	2	1	586	36	26.1421189261	29.2455091224	31.0353498508	6.378
1031	0	2	2	1936	121	26.1421189261	31.5794900618	33.3693307902	8.961
1032	0	2	1	567	35	22.9590733575	32.1769024757	33.7488134864	8.787
1032	0	2	2	1915	119	22.9590733575	34.8021653493	36.3740763599	10.315
1033	0	2	1	1237	77	16.3206950001	28.3459771	29.4633863165	8.378
1033	0	2	2	2586	161	16.3206950001	31.6353505095	32.752759726	7.527
1034	0	2	1	380	23	23.9269342818	28.16562844	29.8038048099	5.118
1034	0	2	2	1727	107	23.9269342818	32.6868144309	34.3249908008	9.716
1035	0	2	1	1021	63	28.8578193908	26.0746861014	28.0504593976	15.748
1035	0	2	2	2366	147	28.8578193908	26.7384983973	28.7142716935	5.339
1036	0	2	1	1256	78	23.5319452013	31.0647730811	32.675906213	7.228
1036	0	2	2	2603	162	23.5319452013	32.2897397896	33.9008729215	16.914
1037	0	2	1	579	36	31.745346498	30.5240211676	32.6974912777	8.189
1037	0	2	2	1913	119	31.745346498	28.5625715317	30.7360416418	7.78
1038	0	2	1	1021	63	23.9381261552	29.0980381026	30.7369807329	4.835
1038	0	2	2	2366	147	23.9381261552	30.45320544	32.0921480703	6.851
1039	0	2	1	1224	76	22.4142668461	30.5294472834	32.0640576878	10.032
1039	0	2	2	2575	160	22.4142668461	28.8760983528	30.4107087573	13.15
1040	0	2	1	1055	65	18.9736402782	30.3403793246	31.6394245256	6.394
1040	0	2	2	2392	149	18.9736402782	28.2209612124	29.5200064135	8.519
1041	0	2	1	583	36	26.8414378695	32.0300212949	33.8677414447	14.835
1041	0	2	2	1932	120	26.8414378695	30.089954303	31.9276744528	6.976
1042	0	2	1	528	33	21.3057059612	26.9798626806	28.4385745924	14.362
1042	0	2	2	1876	117	21.3057059612	29.8484343276	31.3071462394	7.449
1043	0	2	1	1021	63	27.9789107572	20.7023376355	22.6179357609	16.126
1043	0	2	2	2366	147	27.9789107572	24.7525486302	26.6681467556	14.425
1044	0	2	1	920	57	26.8971016225	28.9278511782	30.7693823906	19.055
1044	0	2	2	2263	141	26.8971016225	29.5597746074	31.4013058198	11.559
1045	0	2	1	1240	77	19.7838047282	28.5465687306	29.9010824778	8.63
1045	0	2	2	2590	161	19.7838047282	31.2503569565	32.6048707037	13.874
1046	0	2	1	778	48	28.3400768749	30.6740978481	32.6144234958	14.677
1046	0	2	2	2118	132	28.3400768749	32.5444585838	34.4847842315	14.803
1048	0	2	1	890	55	27.7390824798	30.9584718374	32.8576499313	11.055
1048	0	2	2	2233	139	27.7390824798	28.209030026	30.1082081199	6.913
1050	0	2	1	523	32	19.574304096	27.6823973255	29.0225674471	11.559
1050	0	2	2	1872	117	19.574304096	30.4510267281	31.7911968498	8.063
1051	0	2	1	932	58	26.5755612379	29.6884640616	31.5079807587	15.622
1051	0	2	2	2276	142	26.5755612379	30.51454737	32.3340640672	11.607
1051	1	2	1	949	59	26.5755612379	37.6400823596	39.4595990568	9.969
1051	1	2	2	2272	142	26.5755612379	30.3039054816	32.1234221787	5.969
1052	0	2	1	548	34	21.5938422607	35.0598243299	36.53826372	8.598
1052	0	2	2	1895	118	21.5938422607	33.4620335464	34.9404729365	14.331
1053	0	2	1	1012	63	26.1910450081	29.2136383183	31.0068288094	14.347
1053	0	2	2	2357	147	26.1910450081	29.0792689061	30.8724593973	6.032
1054	0	2	1	545	34	18.8642456109	35.593043814	36.8845992232	16.252
1054	0	2	2	1893	118	18.8642456109	33.2596586832	34.5512140924	11.417
1055	0	2	1	1242	77	20.18050268	26.164971207	27.5466451914	12.977
1055	0	2	2	2593	162	20.18050268	28.2903698167	29.6720438011	8.063
1056	0	2	1	584	36	25.7281507125	31.7590331375	33.5205312066	9.071
1056	0	2	2	1931	120	25.7281507125	30.0479099924	31.8094080616	7.906
1058	0	2	1	824	51	21.568339387	20.5650426084	22.0417359242	7.811
1058	0	2	2	2167	135	21.568339387	30.0734838567	31.5501771725	14.599
1059	0	2	1	763	47	26.9968634875	24.2504691607	26.0988306477	11.716
1059	0	2	2	2105	131	26.9968634875	23.5231776983	25.3715391852	5.023
1060	0	2	1	514	32	18.1532819162	15.5531203288	16.7959990495	8.094
1060	0	2	2	1860	116	18.1532819162	16.2094270621	17.4523057828	17.811
1061	0	2	1	184	11	23.9297826897	32.0389986367	33.6773700251	8.535
1061	0	2	2	1527	95	23.9297826897	28.5400949102	30.1784662986	11.528
1062	0	2	1	485	30	24.3466986296	29.0271423553	30.6940582213	9.842
1062	0	2	2	1830	114	24.3466986296	30.8389304885	32.5058463545	7.433
1063	0	2	1	1031	64	27.0740796157	24.1202485977	25.9738967476	9.843
1063	0	2	2	2375	148	27.0740796157	34.7256396353	36.5792877851	12.614
1064	0	2	1	1218	76	20.6913110632	27.2011994286	28.6178463106	10.961
1064	0	2	2	2568	160	20.6913110632	27.9423223956	29.3589692776	6.882
1065	0	2	1	262	16	23.7585483613	28.7212438548	30.3478915503	19.276
1065	0	2	2	1606	100	23.7585483613	30.222782148	31.8494298435	11.748
1066	0	2	1	1217	76	19.2067259217	30.9063122404	32.2213158334	14.189
1066	0	2	2	2566	160	19.2067259217	27.2723742637	28.5873778567	15.086
1067	0	2	1	292	18	21.3080875088	31.0813178499	32.5401928162	12.771
1067	0	2	2	1636	102	21.3080875088	29.632748719	31.0916236854	8.126
1068	0	2	1	1248	78	25.0309228374	29.5204876673	31.2342494818	6.772
1068	0	2	2	2598	162	25.0309228374	29.1684062014	30.8821680159	17.559
1069	0	2	1	1021	63	24.9775623132	28.1417951136	29.8519035579	9.905
1069	0	2	2	2366	147	24.9775623132	28.3727986616	30.0829071058	12.158
1071	0	2	1	1245	77	16.6343313973	31.2096638107	32.3485463897	8.315
1071	0	2	2	2596	162	16.6343313973	30.2632527757	31.4021353547	18.599
1072	0	2	1	561	35	30.0520951527	31.0986501779	33.1561905032	6.646
1072	0	2	2	1910	119	30.0520951527	31.8766333344	33.9341736597	4.252
1073	0	2	1	485	30	19.9222718511	30.3193663977	31.6833604054	10.929
1073	0	2	2	1829	114	19.9222718511	29.7399476313	31.1039416389	11.307
1074	0	2	1	768	48	26.9077161856	28.031840217	29.8740981638	7.717
1074	0	2	2	2109	131	26.9077161856	30.1408251139	31.9830830607	14.819
1075	0	2	1	275	17	19.0803921472	28.8623563654	30.1687104172	6.032
1075	0	2	2	1619	101	19.0803921472	28.6616187644	29.9679728161	6.772
1076	0	2	1	762	47	24.4180682189	31.7650584374	33.4368606785	13.465
1076	0	2	2	2105	131	24.4180682189	28.9192066183	30.5910088594	11.779
1077	0	2	1	1062	66	28.4465315569	29.9652046988	31.91281885	6.284
1077	0	2	2	2410	150	28.4465315569	31.1271142934	33.0747284446	7.78
1078	0	2	1	429	26	16.3445278287	28.0393159829	29.1583569327	4.756
1078	0	2	2	1775	110	16.3445278287	28.7430429376	29.8620838875	9.811
1079	0	2	1	333	20	23.9996440305	31.542432472	33.185586972	4.378
1079	0	2	2	1670	104	23.9996440305	32.8576631352	34.5008176352	13.496
1080	0	2	1	917	57	24.6896806327	30.3817018726	32.0721002712	16.567
1080	0	2	2	2260	141	24.6896806327	28.6353386099	30.3257370084	13.244
1081	0	2	1	1237	77	23.3947987507	30.3239016691	31.9256449614	9.969
1081	0	2	2	2586	161	23.3947987507	29.1322127528	30.7339560451	11.685
1082	0	2	1	1019	63	21.4500339454	33.4184530716	34.8870465123	12.126
1082	0	2	2	2364	147	21.4500339454	35.9515538807	37.4201473214	11.275
1083	0	2	1	1030	64	29.5707602076	28.6081528961	30.6327382459	5.874
1083	0	2	2	2375	148	29.5707602076	33.5278978099	35.5524831596	13.905
1084	0	2	1	1022	63	28.0018609672	29.7118083357	31.6289777653	19.071
1084	0	2	2	2357	147	28.0018609672	28.3949942841	30.3121637138	10.85
1085	0	2	1	584	36	27.1800516434	29.5283624278	31.3892660359	12.536
1085	0	2	2	1932	120	27.1800516434	32.4163722129	34.2772758209	5.937
1086	0	2	1	529	33	18.1459694145	31.5107052249	32.7530832895	11.339
1086	0	2	2	1878	117	18.1459694145	30.3119589964	31.5543370609	4.976
1087	0	2	1	1211	75	23.3850860498	30.7987071122	32.3997854168	9.433
1087	0	2	2	2561	160	23.3850860498	32.2580437953	33.8591221	13.685
1088	0	2	1	1243	77	21.1709763706	29.3458565045	30.7953440489	7.008
1088	0	2	2	2593	162	21.1709763706	27.9809552515	29.4304427959	12.85
1090	0	2	1	994	62	22.603547624	27.8404343633	29.3880040251	12.315
1090	0	2	2	2338	146	22.603547624	28.1359909517	29.6835606135	11.843
1091	0	2	1	1256	78	23.3184197253	29.1160296073	30.7125435496	7.465
1091	0	2	2	2604	162	23.3184197253	29.6584251826	31.2549391249	12.945
1092	0	2	1	1238	77	27.8618827923	31.462480528	33.3700662418	8.488
1092	0	2	2	2586	161	27.8618827923	32.196513724	34.1040994378	13.402
1093	0	2	1	1258	78	23.6504269867	30.7419939422	32.3612390227	4.614
1093	0	2	2	2609	163	23.6504269867	34.058028856	35.6772739365	14.157
1094	0	2	1	113	7	25.5285430989	30.4852057176	32.2330374945	5.748
1094	0	2	2	1453	90	25.5285430989	29.1987410745	30.9465728514	5.622
1095	0	2	1	297	18	24.9386401589	29.8845174901	31.5919610984	12.22
1095	0	2	2	1640	102	24.9386401589	31.4153012605	33.1227448689	7.969
1096	0	2	1	1079	67	22.0666432941	31.3374691086	32.8482791933	15.055
1096	0	2	2	2426	151	22.0666432941	28.6287235566	30.1395336413	11.906
1097	0	2	1	1022	63	24.1187050357	39.7806642434	41.4319703487	5.528
1097	0	2	2	2366	147	24.1187050357	35.1624043092	36.8137104146	8.662
1098	0	2	1	548	34	21.1356108845	32.3542411771	33.8013073958	5.37
1098	0	2	2	1895	118	21.1356108845	30.7922608536	32.2393270722	10.803
1099	0	2	1	901	56	27.4696610259	27.6103823148	29.491114257	11.307
1099	0	2	2	2242	140	27.4696610259	29.220309969	31.1010419112	14.567
1100	0	2	1	1031	64	25.7621960673	19.5903766866	21.3542056978	11.559
1100	0	2	2	2374	148	25.7621960673	29.0560714738	30.819900485	10.866
1101	0	2	1	551	34	25.2762959342	31.6182158919	33.3487773684	7.433
1101	0	2	2	1899	118	25.2762959342	34.3727740081	36.1033354846	9.134
1102	0	2	1	74	4	25.313721507	31.6184031881	33.3515270359	18.157
1102	0	2	2	1414	88	25.313721507	30.2150342939	31.9481581417	12.094
1103	0	2	1	1217	76	19.3591489819	29.7235649604	31.049004318	7.559
1103	0	2	2	2565	160	19.3591489819	32.3982338843	33.7236732419	6.284
1104	0	2	1	998	62	24.9542657373	29.4038153816	31.1123288074	4.221
1104	0	2	2	2343	146	24.9542657373	29.0713102637	30.7798236896	7.528
1105	0	2	1	1031	64	27.0975329599	21.2054936822	23.0607475838	15.307
1105	0	2	2	2375	148	27.0975329599	31.9693052486	33.8245591502	14.095
1106	0	2	1	1079	67	22.3920526372	24.0125259515	25.5456154427	4.126
1106	0	2	2	2425	151	22.3920526372	29.1723266245	30.7054161157	10.284
1107	0	2	1	985	61	25.0063168708	24.8575466711	26.5696238187	11.181
1107	0	2	2	2329	145	25.0063168708	34.1153975984	35.8274747461	10.095
1108	0	2	1	487	30	26.1218929434	30.5422199205	32.3306758611	11.716
1108	0	2	2	1832	114	26.1218929434	32.3512322388	34.1396881794	7.024
1109	0	2	1	1012	63	23.3827906419	29.9582762062	31.5591973539	8.441
1109	0	2	2	2356	147	23.3827906419	29.7610292974	31.3619504452	6.834
1110	0	2	1	934	58	26.9040138375	28.7574587749	30.5994632376	13.181
1110	0	2	2	2277	142	26.9040138375	29.4938669064	31.335871369	8.063
1111	0	2	1	439	27	25.3513528429	30.1459019493	31.8816022561	8.788
1111	0	2	2	1783	111	25.3513528429	27.581214367	29.3169146737	9.401
1112	0	2	1	550	34	26.2857104915	32.0705459485	33.8702177864	10.725
1112	0	2	2	1898	118	26.2857104915	32.1995902399	33.9992620777	4.756
1113	0	2	1	348	21	23.8852996969	30.9120353391	32.5473611645	12.536
1113	0	2	2	1691	105	23.8852996969	29.575134127	31.2104599523	14.519
1114	0	2	1	1217	76	20.1335559342	25.5794361334	26.9578958719	4.662
1114	0	2	2	2566	160	20.1335559342	27.6937236451	29.0721833836	17.071
1115	0	2	1	1242	77	20.2058440317	28.8602640875	30.2436730875	14.032
1115	0	2	2	2590	161	20.2058440317	29.0297164724	30.4131254723	15.401
1116	0	2	1	460	28	21.6816993806	30.0672190712	31.5516736681	5.78
1116	0	2	2	1806	112	21.6816993806	32.3077009022	33.7921554992	7.622
1117	0	2	1	430	26	21.0945300968	28.6048033539	30.0490569441	5.748
1117	0	2	2	1776	111	21.0945300968	28.6534863345	30.0977399247	7.37
1118	0	2	1	1238	77	19.4117264726	29.1912901098	30.5203292266	8.662
1118	0	2	2	2589	161	19.4117264726	31.9387589606	33.2677980775	8.095
1119	0	2	1	1245	77	15.1247287312	30.369601426	31.4051278716	10.661
1119	0	2	2	2596	162	15.1247287312	30.2086101807	31.2441366262	16
1120	0	2	1	903	56	23.9184553501	27.1913138729	28.8289097261	17.78
1120	0	2	2	2246	140	23.9184553501	27.9903132335	29.6279090867	15.779
1121	0	2	1	583	36	23.0970082434	33.1515170841	34.7328719153	10.504
1121	0	2	2	1931	120	23.0970082434	31.2598371311	32.8411919622	7.842
1122	0	2	1	274	17	24.3194941823	34.9766975339	36.6417508261	8.283
1122	0	2	2	1618	101	24.3194941823	31.7002179323	33.3652712245	5.166
1123	0	2	1	951	59	25.6054904419	29.1593607877	30.912460825	14.63
1123	0	2	2	2293	143	25.6054904419	29.8827859257	31.635885963	11.402
1124	0	2	1	903	56	26.6656795952	31.2088496904	33.0345364118	13.228
1124	0	2	2	2246	140	26.6656795952	32.2068846229	34.0325713442	7.779
1125	0	2	1	485	30	25.2016014212	28.300971012	30.0264184699	8.693
1125	0	2	2	1829	114	25.2016014212	26.7266997662	28.4521472241	6.409
1126	0	2	1	786	49	23.7404789104	23.984615641	25.6100261973	4.441
1126	0	2	2	2132	133	23.7404789104	27.9972358943	29.6226464506	11.244
1127	0	2	1	1003	62	23.6441968385	30.6316020177	32.2504205463	10.063
1127	0	2	2	2349	146	23.6441968385	26.9464598314	28.5652783599	15.685
1128	0	2	1	347	21	23.1287914911	32.691628806	34.2751597022	11.528
1128	0	2	2	1690	105	23.1287914911	31.0581423772	32.6416732733	8.063
1129	0	2	1	550	34	23.7048387919	32.0474324182	33.6704028458	5.748
1129	0	2	2	1897	118	23.7048387919	30.7854916841	32.4084621116	13.464
1130	0	2	1	819	51	25.4897141804	28.043307727	29.7884810515	9.842
1130	0	2	2	2161	135	25.4897141804	31.9062150179	33.6513883424	11.433
1131	0	2	1	550	34	23.5668276661	35.5569252412	37.1704466285	4.457
1131	0	2	2	1897	118	23.5668276661	29.6649322485	31.2784536358	14.158
1132	0	2	1	1236	77	20.5044536232	26.4481609569	27.8520144974	13.323
1132	0	2	2	2602	162	20.5044536232	22.7440716173	24.1479251577	15.244
1133	0	2	1	741	46	27.1743213656	28.6999444319	30.560455712	15.118
1133	0	2	2	2079	129	27.1743213656	30.0280032835	31.8885145636	9.78
1134	0	2	1	1230	76	26.2767055538	32.1542215222	33.9532768299	9.779
1134	0	2	2	2580	161	26.2767055538	29.9310183501	31.7300736579	14.456
1135	0	2	1	1029	64	28.1574566752	22.8244623463	24.7522847584	4.063
1135	0	2	2	2374	148	28.1574566752	33.6245600212	35.5523824333	7.716
1136	0	2	1	487	30	25.9973359897	30.6790125696	32.4589406205	13.559
1136	0	2	2	1833	114	25.9973359897	31.495173712	33.2751017628	11.071
1137	0	2	1	1240	77	19.7293983391	30.5734307425	31.9242195135	5.843
1137	0	2	2	2602	162	19.7293983391	33.2184474204	34.5692361913	8.126
1138	0	2	1	577	36	22.4267991584	30.9894693128	32.5249377519	4.803
1138	0	2	2	1925	120	22.4267991584	32.3808850213	33.9163534604	5.559
1139	0	2	1	1248	78	21.4695862991	30.2231632742	31.6930953822	7.118
1139	0	2	2	2598	162	21.4695862991	31.7065940258	33.1765261338	21.685
1140	0	2	1	1061	66	25.1720255493	33.8988241476	35.6222466701	8.661
1140	0	2	2	2408	150	25.1720255493	24.6540011846	26.3774237071	15.039
1141	0	2	1	737	46	23.1399037447	30.5896060767	32.173897782	12.772
1141	0	2	2	2077	129	23.1399037447	32.0643118939	33.6486035992	10.787
1142	0	2	1	549	34	24.3427035083	26.2441172612	27.9107595981	13.008
1142	0	2	2	1897	118	24.3427035083	24.1669483	25.8335906369	16.662
1143	0	2	1	517	32	23.4764714106	29.5108698937	31.1182049689	8.347
1143	0	2	2	1864	116	23.4764714106	32.7171870881	34.3245221633	10.221
1144	0	2	1	903	56	21.0350649817	30.4929238317	31.9331060961	6.693
1144	0	2	2	2245	140	21.0350649817	30.9218112939	32.3619935583	11.843
1145	0	2	1	1001	62	25.4001126878	30.3394321867	32.0784708746	7.433
1145	0	2	2	2347	146	25.4001126878	30.986598451	32.7256371388	9.591
1146	0	2	1	1243	77	23.9028250257	31.0214498149	32.6579755257	11.527
1146	0	2	2	2594	162	23.9028250257	26.5121851228	28.1487108336	24.677
1147	0	2	1	810	50	27.6859562722	35.4464632472	37.3420040135	8.788
1147	0	2	2	2151	134	27.6859562722	33.6547306227	35.550271389	9.339
1148	0	2	1	1022	63	22.680165596	35.9597980757	37.5126134471	9.685
1148	0	2	2	2366	147	22.680165596	31.4916520348	33.0444674063	5.339
1149	0	2	1	1063	66	25.5800533429	31.8039225588	33.5552810251	4.473
1149	0	2	2	2408	150	25.5800533429	31.6191602972	33.3705187635	15.307
1150	0	2	1	471	29	21.1707022104	29.6755949827	31.1250637566	7.103
1150	0	2	2	1818	113	21.1707022104	28.8790475317	30.3285163056	14.063
1151	0	2	1	551	34	26.0561745164	32.6463282642	34.430284741	10.252
1151	0	2	2	1899	118	26.0561745164	33.8171784248	35.6011349017	13.213
1152	0	2	1	795	49	25.8136942159	33.2436568499	35.0110117223	4.221
1152	0	2	2	2135	133	25.8136942159	29.7225693512	31.4899242236	18.803
1153	0	2	1	1265	79	21.2514116098	30.4475941447	31.902588751	6.693
1153	0	2	2	2616	163	21.2514116098	29.3560585751	30.8110531814	14.346
1154	0	2	1	997	62	22.7119071971	31.530903886	33.0858924711	6.063
1154	0	2	2	2342	146	22.7119071971	31.4983271741	33.0533157593	5.843
1155	0	2	1	1254	78	24.3107480954	29.5218350758	31.1862895603	5.197
1155	0	2	2	2603	162	24.3107480954	32.27004339	33.9344978744	17.023
1156	0	2	1	334	20	22.3827702436	27.1402163605	28.6726703254	14.63
1156	0	2	2	1678	104	22.3827702436	28.6356397342	30.168093699	12.063
1157	0	2	1	149	9	16.7119305649	35.0498113438	36.1940068109	18.693
1157	0	2	2	1484	92	16.7119305649	35.9011194424	37.0453149095	11.213
1158	0	2	1	585	36	25.4261688884	27.5576725718	29.2984952179	9.78
1158	0	2	2	1933	120	25.4261688884	27.9850780276	29.7259006737	14.866
1159	0	2	1	1256	78	19.9402546976	31.5373817414	32.9026069588	7.023
1159	0	2	2	2604	162	19.9402546976	33.7940153181	35.1592405355	12.567
1160	0	2	1	1218	76	24.990788742	29.4527506687	31.1637646707	11.055
1160	0	2	2	2567	160	24.990788742	28.7544314165	30.4654454186	9.244
1161	0	2	1	1065	66	26.3016887549	30.4069493332	32.2077151354	4.63
1161	0	2	2	2412	150	26.3016887549	31.1942113878	32.9949771901	18.441
1161	1	2	1	1064	66	26.3016887549	30.5611380146	32.3619038169	5.654
1161	1	2	2	2411	150	26.3016887549	33.0757212056	34.8764870078	13.118
1162	0	2	1	1218	76	25.9083445049	30.9264269191	32.7002620979	4.551
1162	0	2	2	2567	160	25.9083445049	28.3171741193	30.0910092982	9.559
1163	0	2	1	489	30	21.849161881	30.5721752715	32.0680953202	11.905
1163	0	2	2	1834	114	21.849161881	31.3573581071	32.8532781558	12.661
1165	0	2	1	1248	78	22.0806926264	29.3716176368	30.88338962	5.969
1165	0	2	2	2597	162	22.0806926264	30.3499668113	31.8617387946	8.283
1166	0	2	1	1259	78	18.2481372523	27.4017442632	28.6511173291	7.26
1166	0	2	2	2610	163	18.2481372523	26.7604130784	28.0097861443	4.157
1168	0	2	1	1262	78	20.1304380795	32.2675522881	33.6457985602	6.095
1168	0	2	2	2613	163	20.1304380795	30.7752358818	32.1534821539	9.733
1169	0	2	1	804	50	24.0313503444	29.4545852916	31.0999105893	16
1169	0	2	2	2146	134	24.0313503444	28.2882780571	29.9336033548	16.473
1170	0	2	1	1022	63	25.7935645613	30.4699556342	32.235932314	10.756
1170	0	2	2	2368	148	25.7935645613	28.5669171528	30.3328938325	14.693
1171	0	2	1	984	61	27.8231410045	24.1340354606	26.0389686875	6
1171	0	2	2	2329	145	27.8231410045	32.9837700247	34.8887032516	6.488
1172	0	2	1	879	54	22.0834348736	30.4931242152	32.0050839485	12.976
1172	0	2	2	2222	138	22.0834348736	29.7267343559	31.2386940893	17.433
1173	0	2	1	765	47	26.6825300615	26.0044264675	27.8312668693	17.118
1173	0	2	2	2105	131	26.6825300615	24.2390001739	26.0658405757	10.96
1173	1	2	1	758	47	26.6825300615	16.8028968672	18.6297372689	23.433
1173	1	2	2	2106	131	26.6825300615	20.9258058902	22.752646292	8.929
1174	0	2	1	518	32	16.5813326041	30.8261647057	31.9614186807	7.087
1174	0	2	2	1865	116	16.5813326041	31.1730385712	32.3082925462	6.362
1175	0	2	1	346	21	19.6759837356	26.4528922315	27.8000239296	9.685
1175	0	2	2	1689	105	19.6759837356	27.0168990943	28.3640307925	6.032
1176	0	2	1	763	47	25.9809366379	23.4448182328	25.2236234891	10
1176	0	2	2	2105	131	25.9809366379	25.2678275676	27.0466328239	4.189
1177	0	2	1	282	17	27.4237557521	30.6471308799	32.5247198814	12.63
1177	0	2	2	1626	101	27.4237557521	26.0508910862	27.9284800877	12.708
1179	0	2	1	71	4	30.1123036188	2.98771385623	5.0493764015	13.307
1179	0	2	2	1411	88	30.1123036188	4.3390498543	6.40071239957	12.756
1180	0	2	1	1030	64	27.0666665682	23.7252864685	25.5784270782	4.032
1180	0	2	2	2374	148	27.0666665682	32.1493198383	34.002460448	10.551
1181	0	2	1	821	51	29.1077769282	24.8700995116	26.8629863471	12.929
1181	0	2	2	2164	135	29.1077769282	28.3302353527	30.3231221882	19.228
1182	0	2	1	1062	66	23.3644359825	28.86489504	30.4645595215	6.031
1182	0	2	2	2412	150	23.3644359825	30.8841105226	32.4837750041	9.149
1183	0	2	1	72	4	27.5486044922	31.1953360394	33.0814729081	5.969
1183	0	2	2	1412	88	27.5486044922	30.4550905634	32.3412274321	8.473
1184	0	2	1	348	21	22.6917312439	31.2161077614	32.7697149841	8.157
1184	0	2	2	1689	105	22.6917312439	30.3221583071	31.8757655297	13.291
1185	0	2	1	1253	78	17.2572127312	30.540967663	31.7224963023	8.063
1185	0	2	2	2601	162	17.2572127312	31.6508420348	32.8323706742	6.126
1186	0	2	1	522	32	18.137320187	30.708552795	31.9503386835	7.748
1186	0	2	2	1869	116	18.137320187	30.0865337235	31.3283196119	9.591
1187	0	2	1	1230	76	23.1496091843	35.0993588254	36.6843150213	6.126
1187	0	2	2	2580	161	23.1496091843	32.1119341049	33.6968903008	11.386
1188	0	2	1	336	21	23.8353206342	28.1219337891	29.7538377586	7.008
1188	0	2	2	1680	105	23.8353206342	29.4476434769	31.0795474464	12.646
1189	0	2	1	737	46	24.5260399465	29.2638374725	30.9430320828	5.339
1189	0	2	2	2076	129	24.5260399465	31.3634621113	33.0426567216	8.158
1190	0	2	1	491	30	20.5511067148	29.7887344253	31.1957821064	7.071
1190	0	2	2	1837	114	20.5511067148	28.6361296632	30.0431773442	9.78
1191	0	2	1	810	50	26.5755188112	29.9822342289	31.8017480213	4.456
1191	0	2	2	2152	134	26.5755188112	32.3605071941	34.1800209865	10.756
1193	0	2	1	209	13	26.8874257351	29.7899252311	31.6307939763	7.465
1193	0	2	2	1552	97	26.8874257351	28.9382091605	30.7790779057	11.906
1194	0	2	1	1233	77	21.1829403038	30.0247263419	31.4750330065	5.685
1194	0	2	2	2582	161	21.1829403038	30.0324123165	31.4827189811	14.189
1195	0	2	1	1250	78	20.4217232751	29.9949195473	31.3931088894	8.252
1195	0	2	2	2600	162	20.4217232751	31.7299547043	33.1281440464	17.307
1195	1	2	1	1246	77	20.4217232751	31.0586021566	32.4567914987	5.134
1195	1	2	2	2601	162	20.4217232751	27.2721682516	28.6703575937	11.78
1196	0	2	1	997	62	24.8503635543	31.4024990483	33.1038987295	8.378
1196	0	2	2	2342	146	24.8503635543	30.3734403129	32.0748399941	10.126
1197	0	2	1	331	20	25.1687181297	30.6465198587	32.3697159362	4.189
1197	0	2	2	1677	104	25.1687181297	31.1440775611	32.8672736386	6.158
1197	1	2	1	333	20	25.1687181297	29.2378054881	30.9610015656	9.465
1197	1	2	2	1675	104	25.1687181297	34.3103807263	36.0335768038	8.598
1198	0	2	1	879	54	26.0539543779	32.2014971644	33.9853016377	10.677
1198	0	2	2	2222	138	26.0539543779	31.2028979244	32.9867023977	5.969
1199	0	2	1	1033	64	25.3683198558	36.1414503719	37.8783123386	7.465
1199	0	2	2	2377	148	25.3683198558	26.606998902	28.3438608686	4.662
1201	0	2	1	1268	79	23.9457940223	29.4759134335	31.1153810504	8.819
1201	0	2	2	2618	163	23.9457940223	30.1569491246	31.7964167414	5.622
1202	0	2	1	380	23	23.1283964124	28.6518340047	30.2353378515	10.677
1202	0	2	2	1726	107	23.1283964124	28.6438196326	30.2273234794	19.212
1203	0	2	1	558	34	26.5348583087	31.4730233564	33.2897532955	13.528
1203	0	2	2	1908	119	26.5348583087	30.4142561019	32.230986041	7.968
1204	0	2	1	545	34	20.4108026959	32.4865937194	33.8840353754	21.622
1204	0	2	2	1894	118	20.4108026959	30.3698136635	31.7672553196	18.567
1205	0	2	1	1019	63	20.1308552439	35.9878170321	37.3660918657	13.055
1205	0	2	2	2364	147	20.1308552439	34.0920152299	35.4702900635	10.63
1206	0	2	1	440	27	22.2848659013	27.7753357187	29.3010865857	4.992
1206	0	2	2	1788	111	22.2848659013	26.5140784085	28.0398292756	15.213
1208	0	2	1	1244	77	24.6761477387	27.7574386373	29.4469104957	6.347
1208	0	2	2	2593	162	24.6761477387	29.5404589546	31.229930813	12.976
1209	0	2	1	1029	64	24.362892062	28.387100131	30.0551246931	5.59
1209	0	2	2	2373	148	24.362892062	38.7649425052	40.4329670673	8.63
1210	0	2	1	514	32	18.8076493826	27.3843488486	28.6720293524	6.252
1210	0	2	2	1861	116	18.8076493826	29.7448724996	31.0325530034	9.339
1211	0	2	1	534	33	15.2507452104	29.6377616806	30.6819159435	14.189
1211	0	2	2	1883	117	15.2507452104	31.9919436583	33.0360979212	6.095
1212	0	2	1	1245	77	21.0858584556	30.9161068089	32.3597666884	8.787
1212	0	2	2	2596	162	21.0858584556	32.8700397983	34.3136996778	20.977
1213	0	2	1	1214	75	24.3859237534	29.6060624464	31.2756638914	9.071
1213	0	2	2	2565	160	24.3859237534	29.0796101255	30.7492115705	12.74
1214	0	2	1	257	16	23.3227083156	28.7944886765	30.3912962405	5.748
1214	0	2	2	1589	99	23.3227083156	29.2315222598	30.8283298239	10.772
1215	0	2	1	1210	75	18.7258272395	33.5565104821	34.8385889686	13.023
1215	0	2	2	2562	160	18.7258272395	36.0104642879	37.2925427744	12.441
1216	0	2	1	768	48	25.0210250975	30.3684832168	32.0815673747	6.315
1216	0	2	2	2109	131	25.0210250975	30.8104150893	32.5234992472	10.661
1217	0	2	1	1238	77	24.7066314685	31.4706997405	33.1622586914	10.536
1217	0	2	2	2586	161	24.7066314685	32.7748129803	34.4663719312	11.433
1218	0	2	1	561	35	27.6422981792	27.3735456511	29.2660973317	12.22
1218	0	2	2	1910	119	27.6422981792	27.0660747013	28.9586263819	4.315
1219	0	2	1	1218	76	24.540687757	33.3348270627	35.0150245469	9.528
1219	0	2	2	2567	160	24.540687757	31.3977891344	33.0779866186	6.063
1220	0	2	1	1041	65	18.1282045331	32.4106375919	33.6517993699	9.149
1220	0	2	2	2394	149	18.1282045331	31.8230223125	33.0641840904	6.031
1221	0	2	1	1217	76	21.3800367189	31.5547558133	33.0185568389	4.33
1221	0	2	2	2567	160	21.3800367189	31.5799335283	33.0437345539	9.811
1222	0	2	1	820	51	26.8783723638	42.3971507241	44.2373996231	6.661
1222	0	2	2	2150	134	26.8783723638	30.5261806478	32.3664295468	5.071
1223	0	2	1	584	36	18.6166346929	30.1471109213	31.4217134542	7.842
1223	0	2	2	1933	120	18.6166346929	29.2329968527	30.5075993856	8.788
1224	0	2	1	1234	77	26.8446211914	26.3076889327	28.1456270312	5.401
1224	0	2	2	2583	161	26.8446211914	24.8690527126	26.706990811	15.402
1225	0	2	1	121	7	24.3143974272	30.4712132837	32.1359176226	10.756
1225	0	2	2	1461	91	24.3143974272	38.1302269024	39.7949312412	9.969
1226	0	2	1	1275	79	24.4406221954	26.2229951759	27.8963415927	9.134
1226	0	2	2	2625	164	24.4406221954	30.3808955702	32.0542419871	5.212
1227	0	2	1	528	33	19.0476012672	29.3911081167	30.695217115	10.63
1227	0	2	2	1878	117	19.0476012672	30.5573021199	31.8614111182	4.803
1228	0	2	1	1103	68	24.4657939775	31.2514718684	32.9265416911	9.118
1228	0	2	2	2452	153	24.4657939775	27.9375584094	29.6126282321	8.299
1229	0	2	1	1218	76	20.5187506988	30.0521610837	31.4569934847	12.409
1229	0	2	2	2567	160	20.5187506988	31.45359557	32.858427971	8.472
1230	0	2	1	910	56	26.6631881474	30.0237485547	31.8492646971	10.315
1230	0	2	2	2251	140	26.6631881474	28.7106448168	30.5361609592	10
1231	0	2	1	1030	64	27.7981163457	27.2398633839	29.1430832778	5.307
1231	0	2	2	2374	148	27.7981163457	30.0573900823	31.9606099762	13.118
1232	0	2	1	1213	75	26.6295338723	29.4609113887	31.2841233647	10.347
1232	0	2	2	2562	160	26.6295338723	27.1503932236	28.9736051996	15.197
1233	0	2	1	894	55	24.7033219454	28.5772773339	30.2686096957	16.063
1233	0	2	2	2237	139	24.7033219454	29.2245671562	30.915899518	14.284
1233	1	2	1	895	55	24.7033219454	28.5349833345	30.2263156963	7.811
1233	1	2	2	2236	139	24.7033219454	29.6559924427	31.3473248045	5.37
1234	0	2	1	834	52	24.8345738937	31.3172125248	33.0175311544	8.094
1234	0	2	2	2176	136	24.8345738937	20.882523571	22.5828422007	10
1235	0	2	1	1091	68	21.8164220386	26.3281101456	27.8217886353	4.599
1235	0	2	2	2439	152	21.8164220386	28.6132750442	30.1069535338	6.788
1236	0	2	1	737	46	29.211036258	30.630841783	32.6307983498	14.094
1236	0	2	2	2076	129	29.211036258	31.8481754698	33.8481320365	9.055
1237	0	2	1	1081	67	20.1272773984	29.1137544818	30.4917843555	5.811
1237	0	2	2	2428	151	20.1272773984	28.7484059	30.1264357736	13.37
1238	0	2	1	1246	77	22.4815611914	31.0174114518	32.5566292165	5.04
1238	0	2	2	2598	162	22.4815611914	31.4844892174	33.0237069822	5.496
1239	0	2	1	1265	79	22.5558650807	30.495176454	32.0394814929	8.252
1239	0	2	2	2616	163	22.5558650807	30.2032847713	31.7475898103	6.819
1240	0	2	1	489	30	19.5413732602	30.1917676155	31.5296831016	14.252
1240	0	2	2	1835	114	19.5413732602	30.2097964468	31.5477119329	10.661
1241	0	2	1	879	54	25.5530213551	28.7049500578	30.4544577578	11.181
1241	0	2	2	2222	138	25.5530213551	30.3856967168	32.1352044168	9.292
1242	0	2	1	773	48	27.0842680332	28.9260692899	30.7804149978	15.622
1242	0	2	2	2114	132	27.0842680332	26.5360017207	28.3903474286	15.905
1243	0	2	1	1055	65	23.4813254298	27.1724695185	28.7801369279	11.276
1243	0	2	2	2393	149	23.4813254298	28.3217260377	29.9293934471	16.189
1244	0	2	1	1264	79	20.1645597278	28.2677165085	29.6482989461	5.276
1244	0	2	2	2615	163	20.1645597278	27.4974212402	28.8780036778	11.464
1245	0	2	1	987	61	25.1154663619	28.3987036759	30.1182538292	6.819
1245	0	2	2	2331	145	25.1154663619	29.3364698686	31.056020022	7.654
1246	0	2	1	737	46	29.1796745969	30.5748446962	32.5726540622	7.717
1246	0	2	2	2076	129	29.1796745969	30.7315617254	32.7293710913	11.118
1247	0	2	1	1062	66	23.2561202671	30.3421941732	31.9344427341	9.04
1247	0	2	2	2408	150	23.2561202671	29.7824051883	31.3746537492	16.551
1248	0	2	1	980	61	25.8594719712	29.1358194583	30.9063085407	11.968
1248	0	2	2	2325	145	25.8594719712	33.9150595875	35.6855486699	5.842
1249	0	2	1	736	46	27.1564279397	26.7353875782	28.5946737708	4.898
1249	0	2	2	2076	129	27.1564279397	28.3293103493	30.1885965419	14.504
1250	0	2	1	1090	68	20.1019095262	31.1258823134	32.5021753557	6.189
1250	0	2	2	2438	152	20.1019095262	31.3958647243	32.7721577666	9.071
1251	0	2	1	473	29	21.0945010074	28.5394660102	29.9837176088	8.252
1251	0	2	2	1818	113	21.0945010074	31.6136487838	33.0579003823	8.709
1253	0	2	1	600	37	21.2253869997	27.9420067401	29.395219551	13.716
1253	0	2	2	1950	121	21.2253869997	28.0906468342	29.5438596451	11.15
1254	0	2	1	489	30	19.3266993294	29.7156198045	31.0388374711	10.315
1254	0	2	2	1833	114	19.3266993294	30.5245389375	31.8477566041	11.78
1255	0	2	1	1004	62	23.4697238707	30.6870044521	32.2938775517	12.378
1255	0	2	2	2350	146	23.4697238707	30.8293897289	32.4362628285	11.59
1255	1	2	1	1003	62	23.4697238707	29.663184758	31.2700578576	12.882
1255	1	2	2	2351	146	23.4697238707	29.0071701202	30.6140432198	4.803
1256	0	2	1	529	33	24.6866576557	34.3910940362	36.0812854643	7.638
1256	0	2	2	1878	117	24.6866576557	32.2453481333	33.9355395614	7.071
1257	0	2	1	1067	66	24.5531406562	29.4549451546	31.1359952364	6.929
1257	0	2	2	2414	150	24.5531406562	29.572482669	31.2535327508	14.473
1258	0	2	1	486	30	24.9824231768	31.9055972322	33.6160384793	7.543
1258	0	2	2	1831	114	24.9824231768	31.5402453285	33.2506865756	6.567
1259	0	2	1	902	56	28.8766497383	31.5886083393	33.56567087	8.787
1259	0	2	2	2244	140	28.8766497383	29.9839015104	31.9609640411	7.433
1260	0	2	1	485	30	20.2365960063	30.0528812736	31.4383957317	12.284
1260	0	2	2	1830	114	20.2365960063	30.2516016974	31.6371161554	8.882
1261	0	3	1	1048	65	26.402603919	32.4777275506	34.2854025889	6.441
1261	0	3	2	2401	150	26.402603919	30.5447468826	32.3524219209	7.622
1262	0	3	1	920	57	21.1144694934	26.5540719912	27.9996907478	15.906
1262	0	3	2	2263	141	21.1144694934	26.0984935249	27.5441122816	11.307
1263	0	3	1	1103	68	22.8778422972	30.2148848338	31.7812342961	9.086
1263	0	3	2	2452	153	22.8778422972	28.5980404882	30.1643899505	9.591
1264	0	3	1	1256	78	18.7633553997	28.544418963	29.8290668445	6.834
1264	0	3	2	2604	162	18.7633553997	29.5248423097	30.8094901912	24.063
1265	0	3	1	1224	76	20.2474507156	27.7720715639	29.1583291982	12.725
1265	0	3	2	2574	160	20.2474507156	26.8526644392	28.2389220735	11.338
1266	0	3	1	232	14	26.116583914	29.709432848	31.4975253018	7.212
1266	0	3	2	1574	98	26.116583914	28.6777044684	30.4657969222	4.409
1267	0	3	1	737	46	23.390160217	30.5833963127	32.1848220241	11.228
1267	0	3	2	2071	129	23.390160217	27.6835409461	29.2849666575	7.181
1268	0	3	1	1269	79	19.5052869149	29.4915015734	30.8269463795	10.094
1268	0	3	2	2619	163	19.5052869149	28.4679554485	29.8034002546	12.929
1269	0	3	1	586	36	23.7875885004	31.3057151364	32.9343510878	12.929
1269	0	3	2	1933	120	23.7875885004	30.9050979054	32.5337338568	12.645
1270	0	3	1	1040	65	17.6957126128	28.6558333678	29.8673842464	6.315
1270	0	3	2	2393	149	17.6957126128	30.9686659568	32.1802168354	7.15
1271	0	3	1	121	7	24.4473791299	30.7165930868	32.3904021225	12
1271	0	3	2	1461	91	24.4473791299	36.7669797817	38.4407888174	12.441
1272	0	3	1	179	11	23.7304832969	28.1632017341	29.7879279329	11.401
1272	0	3	2	1521	95	23.7304832969	28.1489689033	29.773695102	5.165
1273	0	3	1	273	17	30.0443585483	30.9651765405	33.0221871731	15.433
1273	0	3	2	1616	101	30.0443585483	31.3349473165	33.3919579491	14.095
1274	0	3	1	521	32	21.0983963653	29.1142249004	30.5587431977	7.102
1274	0	3	2	1869	116	21.0983963653	27.5446593209	28.9891776182	9.528
1275	0	3	1	1221	76	21.9489527348	29.6374603182	31.1402126261	9.339
1275	0	3	2	2565	160	21.9489527348	28.9671081609	30.4698604688	15.779
1275	1	3	1	1214	75	21.9489527348	29.4041282725	30.9068805805	9.842
1275	1	3	2	2562	160	21.9489527348	28.593913112	30.0966654199	9.15
1275	2	3	1	1213	75	21.9489527348	26.0732237201	27.5759760281	5.055
1275	2	3	2	2572	160	21.9489527348	27.3002594204	28.8030117283	16
1276	0	3	1	1237	77	23.2041303171	29.8676374636	31.4563264917	12.315
1276	0	3	2	2596	162	23.2041303171	23.2712013537	24.8598903819	16.41
1277	0	3	1	1237	77	17.8490769085	29.1888024863	30.410853572	7.527
1277	0	3	2	2585	161	17.8490769085	29.7102821452	30.9323332309	12.095
1278	0	3	1	562	35	20.5581459967	7.4218661782	8.82939580921	16.976
1278	0	3	2	1909	119	20.5581459967	7.80094698007	9.20847661108	14.693
1279	0	3	1	1253	78	19.7347919827	30.0180584802	31.3692165312	5.654
1279	0	3	2	2601	162	19.7347919827	34.819076555	36.170234606	10.441
1280	0	3	1	1264	79	23.7643028344	29.5459534564	31.1729951364	6.284
1280	0	3	2	2615	163	23.7643028344	29.9481438084	31.5751854884	9.213
1281	0	3	1	506	31	16.8858810011	31.2266664772	32.3827715977	5.748
1281	0	3	2	1857	116	16.8858810011	31.5832275885	32.739332709	11.559
1282	0	3	1	545	34	22.2869479423	33.8101851058	35.3360785214	10.472
1282	0	3	2	1893	118	22.2869479423	37.3065076972	38.8324011128	8.362
1283	0	3	1	1221	76	20.919050425	29.6136030644	31.0458423009	7.37
1283	0	3	2	2572	160	20.919050425	29.6191581757	31.0513974122	21.874
1284	0	3	1	474	29	18.9465179552	28.4063252374	29.7035134873	12.126
1284	0	3	2	1818	113	18.9465179552	29.0721739906	30.3693622405	7.685
1285	0	3	1	1224	76	18.0068622511	29.4228547143	30.6557086975	17.149
1285	0	3	2	2579	161	18.0068622511	29.2000267379	30.4328807212	10.473
1286	0	3	1	997	62	24.655186045	29.6111932631	31.2992299626	4.725
1286	0	3	2	2342	146	24.655186045	29.5946099779	31.2826466775	9.905
1287	0	3	1	1217	76	22.5417388327	27.8176427089	29.3609805831	8.189
1287	0	3	2	2566	160	22.5417388327	30.4627607014	32.0060985757	11.244
1288	0	3	1	1021	63	24.7376669498	23.2629493194	24.9566331389	18.346
1288	0	3	2	2363	147	24.7376669498	27.9150545825	29.6087384021	13.433
1289	0	3	1	282	17	26.3457250653	29.1526036071	30.9563843899	15.685
1289	0	3	2	1626	101	26.3457250653	30.1282292374	31.9320100202	7.229
1289	1	3	1	272	17	26.3457250653	32.1726564982	33.976437281	5.717
1289	1	3	2	1614	100	26.3457250653	29.6036522254	31.4074330083	16.662
1290	0	3	1	1268	79	22.3024192333	30.9157401225	32.4426927922	6.898
1290	0	3	2	2618	163	22.3024192333	30.7261726375	32.2531253072	9.937
1291	0	3	1	431	26	22.5080284805	30.0068248825	31.547854751	5.559
1291	0	3	2	1777	111	22.5080284805	30.5608055211	32.1018353896	4.378
1292	0	3	1	1233	77	24.7740024829	30.6886035452	32.3847751055	8.283
1292	0	3	2	2583	161	24.7740024829	30.3475882085	32.0437597688	8.945
1293	0	3	1	330	20	21.4250797212	26.7526959359	28.2195808661	6.252
1293	0	3	2	1674	104	21.4250797212	30.2945019464	31.7613868765	10.724
1295	0	3	1	1240	77	28.5273743717	28.7166899298	30.6698390479	11.968
1295	0	3	2	2590	161	28.5273743717	29.194234956	31.1473840741	8.158
1296	0	3	1	1021	63	21.5299657257	26.441072798	27.9151388309	10.095
1296	0	3	2	2366	147	21.5299657257	25.353879533	26.8279455659	5.102
1297	0	3	1	833	52	20.3241826122	31.7358370683	33.1273482123	7.528
1297	0	3	2	2175	135	20.3241826122	31.8059548087	33.1974659526	6.567
1298	0	3	1	1237	77	22.7996621311	30.1741446471	31.7351414428	9.748
1298	0	3	2	2586	161	22.7996621311	30.828550968	32.3895477637	16.866
1299	0	3	1	1094	68	22.2772793387	31.4148112	32.9400426471	7.244
1299	0	3	2	2442	152	22.2772793387	33.0232736989	34.548505146	10.504
1300	0	3	1	530	33	22.4857684804	26.6977186192	28.2372244393	22.205
1300	0	3	2	1879	117	22.4857684804	29.1326711784	30.6721769985	12.347
1301	0	3	1	506	31	27.6446245378	29.644145506	31.5368564626	11.811
1301	0	3	2	1853	115	27.6446245378	31.2732289933	33.1659399499	13.496
1302	0	3	1	262	16	19.51078671	30.1610513572	31.4968727111	9.685
1302	0	3	2	1609	100	19.51078671	30.0961457205	31.4319670744	4.992
1303	0	3	1	565	35	28.0204981969	27.815212089	29.7336575312	12.724
1303	0	3	2	1913	119	28.0204981969	27.2380912162	29.1565366584	11.622
1304	0	3	1	903	56	25.5201865926	31.0750807603	32.8223404024	13.181
1304	0	3	2	2245	140	25.5201865926	30.3988769977	32.1461366399	6.346
1305	0	3	1	265	16	22.9927116351	32.2994678001	33.8736818819	15.401
1305	0	3	2	1608	100	22.9927116351	30.9692057342	32.543419816	9.055
1306	0	3	1	965	60	21.1282129356	33.2907728471	34.7373325593	13.087
1306	0	3	2	2310	144	21.1282129356	28.3169807645	29.7635404767	11.905
1307	0	3	1	892	55	24.1230497302	29.8645411085	31.5161446768	11.937
1307	0	3	2	2234	139	24.1230497302	31.2899516151	32.9415551834	6.189
1308	0	3	1	938	58	22.9353646125	32.9222839429	34.4925717157	11.874
1308	0	3	2	2284	142	22.9353646125	29.0993111168	30.6695988896	5.685
1309	0	3	1	789	49	24.7520106971	21.3663739902	23.0610398657	12.551
1309	0	3	2	2116	132	24.7520106971	32.151745585	33.8464114605	7.937
1310	0	3	1	727	45	28.3275062457	37.7861399112	39.7256049009	10.504
1310	0	3	2	2079	129	28.3275062457	31.4091289182	33.3485939079	10.157
1311	0	3	1	811	50	26.4497982622	31.6052303365	33.4161365726	6.835
1311	0	3	2	2153	134	26.4497982622	34.0253045801	35.8362108162	10.582
1312	0	3	1	1009	63	23.3329030591	33.8345179687	35.4320235238	10.252
1312	0	3	2	2354	147	23.3329030591	32.1111671062	33.7086726614	17.464
1313	0	3	1	807	50	28.1831545457	29.2114859422	31.1410677793	9.748
1313	0	3	2	2149	134	28.1831545457	28.0423658995	29.9719477366	18.315
1314	0	3	1	585	36	27.8099976966	27.4937689432	29.3978023032	16.992
1314	0	3	2	1929	120	27.8099976966	27.6564557911	29.560489151	14.378
1315	0	3	1	1233	77	21.5267524268	27.9528331597	29.4266791916	7.591
1315	0	3	2	2583	161	21.5267524268	29.2188722654	30.6927182972	5.165
1316	0	3	1	577	36	20.3152830623	31.3823239459	32.7732257752	10.063
1316	0	3	2	1925	120	20.3152830623	31.2143716487	32.605273478	12.851
1317	0	3	1	431	26	27.2927679508	31.9631201131	33.8317409318	6.693
1317	0	3	2	1777	111	27.2927679508	31.1042352705	32.9728560892	8.63
1318	0	3	1	737	46	28.5150185742	27.0951078515	29.0474110202	11.591
1318	0	3	2	2077	129	28.5150185742	28.3603832216	30.3126863904	12.472
1319	0	3	1	155	9	26.5389194871	29.4284293998	31.2454373907	13.307
1319	0	3	2	1496	93	26.5389194871	30.0677107373	31.8847187281	16.708
1320	0	3	1	917	57	27.3579667323	30.0573895097	31.9304742142	16.221
1320	0	3	2	2262	141	27.3579667323	29.8435677465	31.716652451	6.284
1321	0	3	1	1218	76	21.8483611461	32.9243475991	34.4202128249	4.221
1321	0	3	2	2568	160	21.8483611461	31.7105358861	33.2064011119	9.386
1322	0	3	1	155	9	22.999229564	28.407113791	29.9817741279	5.779
1322	0	3	2	1498	93	22.999229564	28.4098408549	29.9845011918	4.992
1323	0	3	1	286	17	22.6232254743	30.3504635357	31.899380457	4
1323	0	3	2	1609	100	22.6232254743	32.9494250099	34.4983419312	7.213
1324	0	3	1	737	46	27.7786316658	30.3374526233	32.2393384832	13.937
1324	0	3	2	2076	129	27.7786316658	31.1867401642	33.0886260242	6.189
1325	0	3	1	1040	65	24.7797837763	31.955926857	33.6524942381	5.811
1325	0	3	2	2393	149	24.7797837763	33.8755718655	35.5721392467	7.59
1326	0	3	1	807	50	28.5745983487	33.9796252375	35.9360075824	7.874
1326	0	3	2	2149	134	28.5745983487	35.0005069766	36.9568893214	8.724
1327	0	3	1	1248	78	22.4280124462	29.1049501449	30.6405016527	4.157
1327	0	3	2	2598	162	22.4280124462	26.8138284305	28.3493799383	19.559
1327	1	3	1	1243	77	22.4280124462	29.466955017	31.0025065248	9.433
1327	1	3	2	2600	162	22.4280124462	27.8376478327	29.3731993405	21.559
1328	0	3	1	561	35	24.1406606064	32.5209564911	34.1737658018	8.189
1328	0	3	2	1911	119	24.1406606064	34.2144423645	35.8672516753	6.031
1329	0	3	1	771	48	24.3114337266	30.4670506849	32.1315521117	6.756
1329	0	3	2	2111	131	24.3114337266	33.7624232345	35.4269246612	6.536
1330	0	3	1	1250	78	25.5116798932	28.8659229545	30.6126001788	8
1330	0	3	2	2598	162	25.5116798932	26.8560434084	28.6027206327	5.37
1331	0	3	1	192	12	24.6931412483	32.0335427659	33.7241780982	7.811
1331	0	3	2	1535	95	24.6931412483	32.1351303088	33.8257656412	9.244
1332	0	3	1	1100	68	22.3710940896	30.7896263593	32.321280907	6.409
1332	0	3	2	2447	152	22.3710940896	27.971338586	29.5029931338	8.788
1333	0	3	1	1056	66	26.4444463089	30.9484441241	32.7589839345	8.945
1333	0	3	2	2402	150	26.4444463089	30.0603012817	31.8708410921	8.992
1334	0	3	1	1031	64	26.9663973303	23.2496417829	25.0959173805	13.15
1334	0	3	2	2375	148	26.9663973303	30.9310239517	32.7772995492	10.472
1335	0	3	1	997	62	26.9313842734	25.0278212311	26.8716996322	6.347
1335	0	3	2	2342	146	26.9313842734	26.6555075755	28.4993859765	12.031
1336	0	3	1	1214	75	25.5606927656	26.9658856644	28.7159185935	9.842
1336	0	3	2	2565	160	25.5606927656	28.5055992451	30.2556321742	10.882
1337	0	3	1	443	27	19.7999428749	32.9234892586	34.2791079167	6.913
1337	0	3	2	1791	111	19.7999428749	31.1499229231	32.5055415812	10.74
1338	0	3	1	452	28	22.0949521319	28.6429693018	30.1557175733	20.772
1338	0	3	2	1797	112	22.0949521319	31.6412852378	33.1540335093	10.913
1339	0	3	1	547	34	22.4350559801	28.7559932327	30.2920269816	9.496
1339	0	3	2	1894	118	22.4350559801	31.6597301391	33.1957638879	12.945
1340	0	3	1	741	46	21.7497446504	27.7204269186	29.2095402884	10.378
1340	0	3	2	2078	129	21.7497446504	29.1569802248	30.6460935946	6.63
1341	0	3	1	807	50	27.0110368837	28.8410648335	30.6903967132	9.559
1341	0	3	2	2149	134	27.0110368837	34.5651924194	36.4145242991	10.771
1342	0	3	1	808	50	21.9666680961	33.5817041516	35.0856693557	7.559
1342	0	3	2	2150	134	21.9666680961	32.0594695925	33.5634347966	8.095
1343	0	3	1	795	49	27.5485394094	32.608208776	34.4943411887	4.945
1343	0	3	2	2134	133	27.5485394094	31.677982271	33.5641146837	10.095
1344	0	3	1	1242	77	24.7739637594	31.4775273783	33.1736962874	7.906
1344	0	3	2	2590	161	24.7739637594	30.1740176431	31.8701865522	7.15
1345	0	3	1	1253	78	20.1125249232	30.7057904137	32.0828102475	7.78
1345	0	3	2	2602	162	20.1125249232	29.0120895552	30.389109389	18.693
1346	0	3	1	1239	77	20.4505601735	32.4913110285	33.8914747116	6.063
1346	0	3	2	2589	161	20.4505601735	30.7396736446	32.1398373276	14
1347	0	3	1	762	47	24.8660320619	32.8158341752	34.5183066131	9.559
1347	0	3	2	2101	131	24.8660320619	31.6965546474	33.3990270852	12.488
1348	0	3	1	266	16	26.3100930176	30.0658522111	31.8671934178	13.685
1348	0	3	2	1609	100	26.3100930176	30.1098873044	31.9112285111	6.378
1349	0	3	1	810	50	27.3658782745	32.8088790927	34.6825054672	6.567
1349	0	3	2	2152	134	27.3658782745	32.5371975329	34.4108239074	4.472
1350	0	3	1	984	61	23.0116817439	18.9388739786	20.5143868639	13.465
1350	0	3	2	2329	145	23.0116817439	25.2846139081	26.8601267934	14.22
1351	0	3	1	347	21	21.1337326012	32.4409877196	33.8879253401	8.582
1351	0	3	2	1690	105	21.1337326012	30.0882387859	31.5351764064	5.968
1352	0	3	1	1083	67	31.0698266843	31.5427090044	33.6699291193	4.189
1352	0	3	2	2423	151	31.0698266843	32.2185754804	34.3457955953	6.661
1353	0	3	1	933	58	28.7803820927	26.8047889903	28.775260481	11.086
1353	0	3	2	2277	142	28.7803820927	26.2605226653	28.2309941559	6.929
1354	0	3	1	1002	62	23.1420066113	29.8918508622	31.476286542	5.969
1354	0	3	2	2349	146	23.1420066113	30.0209267603	31.6053624401	11.968
1355	0	3	1	577	36	20.5030856633	30.6273957133	32.0311555953	11.559
1355	0	3	2	1925	120	20.5030856633	28.3644456854	29.7682055674	10.803
1356	0	3	1	1009	63	27.5283989009	32.3382085994	34.2229620764	9.811
1356	0	3	2	2353	147	27.5283989009	31.6427701875	33.5275236645	9.559
1357	0	3	1	1255	78	23.0349512626	27.5660643367	29.1431703878	5.78
1357	0	3	2	2604	162	23.0349512626	28.6745411552	30.2516472063	16
1358	0	3	1	1255	78	27.6335417617	31.0074704698	32.8994226354	6.284
1358	0	3	2	2604	162	27.6335417617	31.1279665712	33.0199187368	16.441
1359	0	3	1	1079	67	25.3461119444	28.5944487255	30.32979021	4.897
1359	0	3	2	2425	151	25.3461119444	28.349427402	30.0847688866	5.433
1360	0	3	1	265	16	21.2680124993	28.983045353	30.4391765523	16.063
1360	0	3	2	1609	100	21.2680124993	29.0938014157	30.549932615	16.252
1361	0	3	1	1060	66	27.1281094739	29.8192854942	31.6766328408	4.126
1361	0	3	2	2407	150	27.1281094739	30.7347531236	32.5921004702	12.095
1361	1	3	1	1061	66	27.1281094739	36.3711218758	38.2284692224	5.401
1361	1	3	2	2406	150	27.1281094739	31.2482659023	33.1056132489	4.536
1362	0	3	1	1268	79	19.7695311999	30.8311546644	32.1846911632	8.378
1362	0	3	2	2618	163	19.7695311999	31.267351679	32.6208881779	15.969
1363	0	3	1	778	48	26.783316781	32.8738775633	34.7076184071	15.008
1363	0	3	2	2120	132	26.783316781	31.6982888549	33.5320296986	10.315
1364	0	3	1	486	30	21.4682407489	28.6904705531	30.1603105369	9.622
1364	0	3	2	1830	114	21.4682407489	28.2867181461	29.7565581299	13.512
1365	0	3	1	1024	64	27.8195409002	22.9009770667	24.8056638096	13.465
1365	0	3	2	2368	148	27.8195409002	24.245907325	26.1505940679	21.622
1366	0	3	1	539	33	22.5161418152	28.0808117598	29.6223971141	13.811
1366	0	3	2	1889	118	22.5161418152	26.3681658478	27.9097512021	12.567
1367	0	3	1	1269	79	25.9897708712	29.0181034644	30.7975135634	4.189
1367	0	3	2	2617	163	25.9897708712	28.0763796548	29.8557897538	8.095
1368	0	3	1	1022	63	28.3631298564	27.9485630064	29.8904669947	9.528
1368	0	3	2	2368	148	28.3631298564	25.8780595526	27.8199635408	17.591
1369	0	3	1	1255	78	20.2186593562	29.5638678383	30.9481542495	9.748
1369	0	3	2	2602	162	20.2186593562	33.5085772662	34.8928636774	15.465
1370	0	3	1	896	56	29.4058160514	24.1505881216	26.1638804401	8.897
1370	0	3	2	2238	139	29.4058160514	26.5850232932	28.5983156116	10.063
1371	0	3	1	414	25	23.0491039694	32.129584671	33.7076596984	7.937
1371	0	3	2	1760	110	23.0491039694	31.7375322698	33.3156072971	7.401
1372	0	3	1	547	34	23.5967979593	30.1649328617	31.7805061887	11.15
1372	0	3	2	1894	118	23.5967979593	33.5317251959	35.1472985229	6.882
1374	0	3	1	591	36	20.7580793556	30.7366675804	32.1578858061	9.165
1374	0	3	2	1940	121	20.7580793556	32.1260544862	33.5472727118	10.221
1375	0	3	1	1063	66	23.2235740465	27.3247330051	28.9147532635	5.59
1375	0	3	2	2410	150	23.2235740465	30.7765053432	32.3665256015	14.284
1376	0	3	1	158	9	23.8494104712	27.5597675074	29.1926361487	5.528
1376	0	3	2	1498	93	23.8494104712	28.8752277136	30.5080963549	16.866
1377	0	3	1	440	27	23.276860255	29.9329228047	31.5265913452	6.315
1377	0	3	2	1785	111	23.276860255	30.9060644065	32.499732947	10.126
1378	0	3	1	547	34	22.4186478669	26.5557748194	28.0906851739	12.441
1378	0	3	2	1894	118	22.4186478669	28.7312431188	30.2661534733	11.055
1380	0	3	1	795	49	24.6176464774	33.4285525917	35.1140191152	10.347
1380	0	3	2	2135	133	24.6176464774	31.3334277386	33.0188942621	16.409
1381	0	3	1	491	30	21.3447156437	30.3570958102	31.8184785506	12.315
1381	0	3	2	1837	114	21.3447156437	27.9707403285	29.4321230689	6.063
1382	0	3	1	577	36	24.2760632271	32.4700265375	34.1321062952	10.126
1382	0	3	2	1926	120	24.2760632271	33.8832822809	35.5453620386	8.787
1383	0	3	1	1236	77	21.5411225792	30.3351108479	31.8099407436	9.433
1383	0	3	2	2586	161	21.5411225792	31.8717323855	33.3465622812	11.811
1384	0	3	1	917	57	26.970528974	43.3728182829	45.2193767566	5.465
1384	0	3	2	2269	141	26.970528974	31.9479860096	33.7945444834	6.158
1385	0	3	1	1238	77	22.6715363588	29.850569166	31.4027937299	5.181
1385	0	3	2	2586	161	22.6715363588	32.9810898585	34.5333144225	12.63
1386	0	3	1	832	52	27.5998257394	32.1119217824	34.0015655541	6.536
1386	0	3	2	2173	135	27.5998257394	31.7371361604	33.626779932	10.094
1387	0	3	1	778	48	26.7692637488	29.9696246214	31.8024033133	21.307
1387	0	3	2	2121	132	26.7692637488	29.9121659268	31.7449446187	12.788
1388	0	3	1	1234	77	26.300601989	29.6956680839	31.4963594799	6.189
1388	0	3	2	2584	161	26.300601989	30.5978422942	32.3985336902	13.244
1389	0	3	1	521	32	23.5947570379	31.2540406957	32.8694742894	6.63
1389	0	3	2	1869	116	23.5947570379	30.6361631602	32.2515967539	10.945
1390	0	3	1	1029	64	28.3388375145	22.8164189804	24.7566597743	8.378
1390	0	3	2	2373	148	28.3388375145	31.5100643296	33.4503051235	7.78
1391	0	3	1	807	50	27.8924956444	30.4256491624	32.3353308092	13.433
1391	0	3	2	2149	134	27.8924956444	30.520212905	32.4298945518	10.599
1392	0	3	1	1003	62	23.4974587209	29.358262734	30.9670347219	9.685
1392	0	3	2	2350	146	23.4974587209	28.9330722343	30.5418442222	5.653
1393	0	3	1	336	21	21.215253252	32.2636260752	33.7161450711	6.284
1393	0	3	2	1680	105	21.215253252	30.5535667498	32.0060857457	9.086
1394	0	3	1	438	27	20.0125904587	31.6853456198	33.0555233619	12.882
1394	0	3	2	1785	111	20.0125904587	29.8172854698	31.1874632119	4.284
1395	0	3	1	876	54	25.8581584374	27.9595533609	29.7299525112	13.591
1395	0	3	2	2218	138	25.8581584374	27.9284576947	29.698856845	20.473
1396	0	3	1	487	30	23.8781861496	31.1081600707	32.7429988614	11.496
1396	0	3	2	1831	114	23.8781861496	28.41934064	30.0541794307	6.882
1397	0	3	1	348	21	29.1334556185	31.1265152203	33.1211601675	8.929
1397	0	3	2	1693	105	29.1334556185	30.038584115	32.0332290623	6.725
1398	0	3	1	1021	63	20.9193722253	30.2593924084	31.6916536772	7.874
1398	0	3	2	2368	148	20.9193722253	29.5109633867	30.9432246555	18
1399	0	3	1	1259	78	15.8979275721	30.0050649786	31.0935290908	10.488
1399	0	3	2	2609	163	15.8979275721	28.1833146492	29.2717787614	18.315
1399	1	3	1	1258	78	15.8979275721	31.05135769	32.1398218021	6.378
1399	1	3	2	2613	163	15.8979275721	29.3522619398	30.4407260519	6.977
1400	0	3	1	340	21	17.7396635691	32.9425113692	34.1570713846	5.811
1400	0	3	2	1681	105	17.7396635691	31.3296278819	32.5441878973	8.898
1401	0	3	1	1025	64	26.6480554007	24.4332724389	26.2577525059	6.819
1401	0	3	2	2371	148	26.6480554007	23.9769967435	25.8014768105	13.528
1402	0	3	1	518	32	19.6518835616	30.2791348287	31.6246164894	5.071
1402	0	3	2	1865	116	19.6518835616	32.7928649816	34.1383466424	11.134
1403	0	3	1	997	62	22.5733570105	27.6205030077	29.1660056454	9.055
1403	0	3	2	2342	146	22.5733570105	27.6567862293	29.2022888669	12.945
1404	0	3	1	564	35	29.2382313633	34.5896928456	36.5915113466	11.04
1404	0	3	2	1912	119	29.2382313633	35.5186622258	37.5204807268	6.362
1405	0	3	1	805	50	27.2779174102	31.3526546325	33.2202586972	7.15
1405	0	3	2	2146	134	27.2779174102	33.4430894845	35.3106935492	8.504
1406	0	3	1	1236	77	23.8451965362	29.1879950601	30.820575191	7.401
1406	0	3	2	2585	161	23.8451965362	30.5239620641	32.156542195	13.181
1407	0	3	1	1241	77	23.0779499258	31.0864807658	32.6665307542	7.355
1407	0	3	2	2590	161	23.0779499258	31.0902672372	32.6703172256	7.842
1408	0	3	1	1234	77	19.0714918811	28.5039889974	29.8097336854	5.622
1408	0	3	2	2583	161	19.0714918811	26.9868242292	28.2925689172	15.969
1409	0	3	1	491	30	26.0954529982	25.3694910907	27.1561367997	10.031
1409	0	3	2	1835	114	26.0954529982	26.0026405379	27.7892862469	10
1410	0	3	1	249	15	22.157437479	31.171548827	32.6885752069	7.527
1410	0	3	2	1591	99	22.157437479	30.9299511781	32.4469775581	6.158
1411	0	3	1	282	17	24.7933673978	29.5578227284	31.2553201229	5.149
1411	0	3	2	1626	101	24.7933673978	29.9029464831	31.6004438776	11.244
1412	0	3	1	438	27	21.2056973715	28.8286594018	30.2805241469	5.905
1412	0	3	2	1783	111	21.2056973715	28.973653156	30.4255179011	7.307
1413	0	3	1	583	36	21.8377261775	30.5145630163	32.0097001106	17.024
1413	0	3	2	1931	120	21.8377261775	30.4008617015	31.8959987957	14.851
1414	0	3	1	1256	78	21.6768430296	31.0348649797	32.5189870828	6.063
1414	0	3	2	2604	162	21.6768430296	31.6339157272	33.1180378302	11.653
1415	0	3	1	1211	75	23.0000535401	25.5347901443	27.1095068954	5.37
1415	0	3	2	2561	160	23.0000535401	27.1447472991	28.7194640502	7.685
1416	0	3	1	584	36	20.6069454839	29.1291812862	30.5400520125	14
1416	0	3	2	1932	120	20.6069454839	29.7656749686	31.1765456948	7.59
1417	0	3	1	1256	78	17.2060831144	34.7573475152	35.9353755252	8.63
1417	0	3	2	2604	162	17.2060831144	31.0779271926	32.2559552026	16.22
1418	0	3	1	1090	68	24.4019328418	29.392835969	31.0635334889	10.677
1418	0	3	2	2438	152	24.4019328418	29.6577356209	31.3284331408	6.504
1419	0	3	1	1213	75	20.0492219047	30.2214648172	31.59415056	4.662
1419	0	3	2	2562	160	20.0492219047	32.9442784187	34.3169641616	14.441
1420	0	3	1	582	36	27.1199834465	30.3283021897	32.1850931814	7.906
1420	0	3	2	1930	120	27.1199834465	27.9474627759	29.8042537676	4.961
1421	0	3	1	485	30	20.2856135053	26.2681189064	27.6569893861	13.118
1421	0	3	2	1830	114	20.2856135053	27.9232375584	29.3121080381	13.622
1421	1	3	1	486	30	20.2856135053	24.9815052775	26.3703757572	8.725
1421	1	3	2	1831	114	20.2856135053	28.4725846035	29.8614550832	4.535
1422	0	3	1	737	46	25.3490865449	26.8152101977	28.5507553406	13.748
1422	0	3	2	2077	129	25.3490865449	28.3906474902	30.1261926331	15.244
1423	0	3	1	1079	67	24.4052040062	27.542610353	29.2135318357	5.653
1423	0	3	2	2425	151	24.4052040062	29.5872035025	31.2581249852	8.504
1424	0	3	1	550	34	28.449628214	30.0569101554	32.0047363217	11.779
1424	0	3	2	1898	118	28.449628214	29.0490120109	30.9968381772	6.803
1425	0	3	1	470	29	18.813526212	29.9596088188	31.2476916844	8.725
1425	0	3	2	1817	113	18.813526212	26.8488398239	28.1369226895	4.094
1426	0	3	1	1241	77	23.5381681083	28.1544390381	29.7659982263	10.504
1426	0	3	2	2590	161	23.5381681083	27.8517251769	29.463284365	14.661
1428	0	3	1	526	32	19.8484732112	28.0425231679	29.4014644937	4.866
1428	0	3	2	1872	117	19.8484732112	31.0723034712	32.4312447969	7.732
1429	0	3	1	405	25	26.3562887794	33.086797438	34.8913014739	8.158
1429	0	3	2	1751	109	26.3562887794	30.6349628139	32.4394668498	11.307
1430	0	3	1	1009	63	30.8205050255	31.6995441601	33.8096942715	7.528
1430	0	3	2	2354	147	30.8205050255	34.0822415202	36.1923916317	11.906
1431	0	3	1	1244	77	20.0164711755	31.6258622417	32.9963056802	9.401
1431	0	3	2	2594	162	20.0164711755	29.518894406	30.8893378445	16.095
1432	0	3	1	1079	67	22.8658097895	26.0999159289	27.6654415761	6.851
1432	0	3	2	2426	151	22.8658097895	28.6000650973	30.1655907444	5.275
1434	0	3	1	1243	77	24.8295805763	30.7425047042	32.4424814625	5.118
1434	0	3	2	2594	162	24.8295805763	29.0452046136	30.7451813719	15.653
1435	0	3	1	232	14	27.6701811008	33.8683216381	35.7627823449	8.96
1435	0	3	2	1574	98	27.6701811008	33.6423170768	35.5367777835	6.504
1436	0	3	1	116	7	23.7521290114	29.9693120354	31.595520225	4.063
1436	0	3	2	1456	91	23.7521290114	29.9323587957	31.5585669854	6.063
1437	0	3	1	449	28	18.1964875193	29.5086031391	30.7544399655	19.748
1437	0	3	2	1796	112	18.1964875193	28.3564420763	29.6022789026	4.976
1438	0	3	1	920	57	24.41837558	26.4666989559	28.1385222407	6.504
1438	0	3	2	2264	141	24.41837558	27.535918611	29.2077418959	12.41
1439	0	3	1	574	35	22.2514478204	30.2127345762	31.736197448	14.866
1439	0	3	2	1923	120	22.2514478204	34.9250158626	36.4484787345	9.969
1440	0	3	1	529	33	20.7912467515	27.6103343509	29.0338234084	13.213
1440	0	3	2	1878	117	20.7912467515	29.2410935948	30.6645826523	11.465
1441	0	3	1	1230	76	21.5099391208	31.5808050114	33.053499907	4.063
1441	0	3	2	2581	161	21.5099391208	29.7442541494	31.2169490451	14.378
1442	0	3	1	1258	78	24.1723437436	28.6563843728	30.3113628945	4.536
1442	0	3	2	2609	163	24.1723437436	29.2327987927	30.8877773144	16.346
1443	0	3	1	485	30	22.1800589588	28.9799138796	30.4984890569	15.779
1443	0	3	2	1830	114	22.1800589588	31.4638611446	32.9824363219	7.401
1444	0	3	1	439	27	25.4152914191	30.7575943522	32.4976722638	4.504
1444	0	3	2	1784	111	25.4152914191	30.8606079796	32.6006858913	7.969
1445	0	3	1	933	58	28.1016932214	33.8027421747	35.7267466981	18.535
1445	0	3	2	2276	142	28.1016932214	32.0858531931	34.0098577165	5.748
1446	0	3	1	552	34	19.9575646465	34.9928662431	36.3592765998	14.094
1446	0	3	2	1898	118	19.9575646465	34.5744826824	35.940893039	4.74
1447	0	3	1	489	30	22.1144305895	30.5205395322	32.0346214116	16.441
1447	0	3	2	1834	114	22.1144305895	30.9331037786	32.447185658	12.032
1448	0	3	1	1013	63	23.8420212949	29.620141795	31.2525045304	9.811
1448	0	3	2	2358	147	23.8420212949	33.152008017	34.7843707525	15.906
1449	0	3	1	561	35	24.9447093933	30.7725151749	32.4803743181	14.284
1449	0	3	2	1910	119	24.9447093933	32.9227945242	34.6306536674	4.126
1450	0	3	1	1230	76	25.0553496898	32.7904519113	34.5058861294	6.536
1450	0	3	2	2581	161	25.0553496898	33.0997503304	34.8151845486	6.504
1451	0	3	1	1229	76	22.9078695413	29.8993866091	31.4677919103	5.433
1451	0	3	2	2580	161	22.9078695413	30.3575231017	31.9259284028	13.496
1452	0	3	1	533	33	22.4891380704	34.135048613	35.6747851347	15.401
1452	0	3	2	1882	117	22.4891380704	34.3312093641	35.8709458858	7.244
1453	0	3	1	820	51	24.0626120562	28.8103598942	30.4578255496	11.087
1453	0	3	2	2164	135	24.0626120562	27.3766656996	29.0241313551	7.464
1454	0	3	1	459	28	20.8773139956	32.3139209015	33.7433026205	8.441
1454	0	3	2	1806	112	20.8773139956	31.477325329	32.906707048	5.717
1455	0	3	1	580	36	21.128919825	30.0305204578	31.4771285677	7.433
1455	0	3	2	1929	120	21.128919825	31.2575260565	32.7041341664	13.149
1456	0	3	1	469	29	20.9899068058	23.2603997054	24.6974901798	15.008
1456	0	3	2	1816	113	20.9899068058	28.8581132945	30.2952037688	7.433
1457	0	3	1	488	30	19.9882459841	30.1624626605	31.5309736391	18.221
1457	0	3	2	1833	114	19.9882459841	32.5781691376	33.9466801161	8.032
1458	0	3	1	1280	80	22.0807514969	30.2249297493	31.7367057632	7.937
1458	0	3	2	2629	164	22.0807514969	29.4794256396	30.9912016535	13.527
1459	0	3	1	1029	64	27.141995122	21.1308592978	22.9891573362	8.976
1459	0	3	2	2374	148	27.141995122	35.0750353063	36.9333333447	6.095
1460	0	3	1	765	47	22.8110107033	35.7778510579	37.3396248425	8.929
1460	0	3	2	2106	131	22.8110107033	33.9437830413	35.5055568259	5.748
1461	0	3	1	1234	77	23.7138004792	28.4999219265	30.1235059231	10.74
1461	0	3	2	2584	161	23.7138004792	30.3709021626	31.9944861591	9.339
1462	0	3	1	1236	77	21.719968309	30.6275372911	32.1146120003	11.905
1462	0	3	2	2585	161	21.719968309	30.3108242025	31.7978989117	10.661
1463	0	3	1	889	55	29.1207871166	31.3245592354	33.3183368236	18.898
1463	0	3	2	2231	139	29.1207871166	32.0609589145	34.0547365028	8.032
1464	0	3	1	1245	77	20.8710993871	32.3105482096	33.7395044405	9.118
1464	0	3	2	2598	162	20.8710993871	33.3130832097	34.7420394406	12.897
1465	0	3	1	985	61	22.7066734872	25.0804098728	26.6350401279	4.252
1465	0	3	2	2336	146	22.7066734872	30.2280803526	31.7827106076	5.685
1466	0	3	1	414	25	24.0435313613	29.0621999616	30.7083592422	11.59
1466	0	3	2	1760	110	24.0435313613	27.566215299	29.2123745797	18.835
1467	0	3	1	415	25	24.0659699542	26.5954336509	28.2431292075	4.504
1467	0	3	2	1762	110	24.0659699542	27.9540137435	29.6017093001	15.433
1468	0	3	1	889	55	25.5194933927	32.421044177	34.1682563587	14.409
1468	0	3	2	2231	139	25.5194933927	32.0287111021	33.7759232838	7.417
1469	0	3	1	471	29	25.3057165017	28.9868091342	30.719384913	7.275
1469	0	3	2	1817	113	25.3057165017	27.6117829841	29.3443587628	4.771
1470	0	3	1	1034	64	30.9273508198	19.0216466995	21.1391120922	10.803
1470	0	3	2	2368	148	30.9273508198	22.7369997372	24.85446513	20.661
1471	0	3	1	349	21	19.3969354202	30.6236957354	31.9517221712	6.551
1471	0	3	2	1693	105	19.3969354202	29.8903636074	31.2183900432	6.189
1472	0	3	1	819	51	26.8428736702	27.3169082822	29.1547267352	11.528
1472	0	3	2	2161	135	26.8428736702	28.0221581482	29.8599766012	15.401
1473	0	3	1	488	30	19.9524301352	32.198314939	33.5643737573	7.969
1473	0	3	2	1834	114	19.9524301352	30.9040684215	32.2701272398	4.283
1474	0	3	1	485	30	23.4849043907	29.8496603132	31.457572759	10.724
1474	0	3	2	1830	114	23.4849043907	31.0226557072	32.6305681531	8.142
1475	0	3	1	491	30	26.2444183374	31.0032677412	32.8001124793	14.914
1475	0	3	2	1838	114	26.2444183374	33.4259508719	35.22279561	8.945
1476	0	3	1	530	33	20.3622416067	29.7559113113	31.1500281942	10.094
1476	0	3	2	1879	117	20.3622416067	30.9719098762	32.3660267591	7.386
1477	0	3	1	737	46	29.4220336318	34.8131737966	36.8275764645	9.37
1477	0	3	2	2076	129	29.4220336318	31.3817496467	33.3961523145	6.126
1478	0	3	1	598	37	19.1493312748	32.4379632909	33.7490373142	10.22
1478	0	3	2	1947	121	19.1493312748	28.209967687	29.5210417103	12.063
1479	0	3	1	1245	77	19.5392939177	28.6604248462	29.9981979685	10.031
1479	0	3	2	2596	162	19.5392939177	28.9218252134	30.2595983356	13.559
1480	0	3	1	765	47	24.6792950864	31.0531798621	32.7428672061	19.118
1480	0	3	2	2109	131	24.6792950864	31.1345206356	32.8242079796	11.165
1481	0	3	1	592	37	19.8048619852	29.2488982038	30.6048536527	12.646
1481	0	3	2	1943	121	19.8048619852	30.469437724	31.8253931728	7.811
1482	0	3	1	1081	67	24.1500884565	28.7034440004	30.3568987964	6.346
1482	0	3	2	2427	151	24.1500884565	30.8366570874	32.4901118833	10.032
1483	0	3	1	478	29	23.394301469	30.7306392484	32.3323484939	13.354
1483	0	3	2	1827	114	23.394301469	29.7061282915	31.3078375371	8.898
1484	0	3	1	1230	76	20.9181969396	30.0300020591	31.462182861	9.811
1484	0	3	2	2581	161	20.9181969396	29.7201328999	31.1523137019	14.598
1485	0	3	1	75	4	22.1825163263	29.9014409318	31.4201843547	15.716
1485	0	3	2	1416	88	22.1825163263	29.7277518295	31.2464952524	8.567
1485	1	3	1	74	4	22.1825163263	33.007293368	34.5260367909	14.126
1485	1	3	2	1414	88	22.1825163263	30.9612096078	32.4799530307	8.693
1486	0	3	1	224	14	22.2440206326	32.4803906003	34.003344964	4.929
1486	0	3	2	1566	97	22.2440206326	33.3757547612	34.8987091248	6.031
1487	0	3	1	1218	76	23.4131033585	29.4185339483	31.02153048	5.874
1487	0	3	2	2567	160	23.4131033585	29.2676738578	30.8706703895	9.103
1488	0	3	1	1245	77	22.6552916826	32.6876349949	34.2387473543	9.685
1488	0	3	2	2596	162	22.6552916826	31.4717268077	33.0228391671	20.221
1489	0	3	1	280	17	26.0640208976	28.8561256639	30.6406193494	8.787
1489	0	3	2	1625	101	26.0640208976	30.3033313375	32.087825023	4.96
1490	0	3	1	1103	68	28.3324740147	30.3614908885	32.3012960004	8.441
1490	0	3	2	2452	153	28.3324740147	31.5194034775	33.4592085894	11.276
1491	0	3	1	529	33	23.225232516	28.3768521662	29.966985973	8.977
1491	0	3	2	1879	117	23.225232516	28.348103619	29.9382374258	9.055
1492	0	3	1	987	61	21.8260468129	23.4546149791	24.9489524365	6.693
1492	0	3	2	2332	145	21.8260468129	31.3108134906	32.8051509479	10.945
1493	0	3	1	383	23	25.7869928855	31.9192482198	33.6847749647	13.291
1493	0	3	2	1728	108	25.7869928855	30.7349352467	32.5004619915	9.496
1494	0	3	1	1254	78	22.4416203373	29.0042079928	30.5406911756	5.197
1494	0	3	2	2602	162	22.4416203373	32.7453445138	34.2818276966	13.779
1495	0	3	1	807	50	22.7867637531	31.4879461904	33.0480598885	7.874
1495	0	3	2	2149	134	22.7867637531	29.4764594116	31.0365731097	12.473
1496	0	3	1	429	26	23.8639197057	27.063488959	28.6973509864	18.347
1496	0	3	2	1775	110	23.8639197057	28.2390742091	29.8729362365	12.897
1497	0	3	1	933	58	28.9909663783	28.6222132301	30.6071025395	13.528
1497	0	3	2	2273	142	28.9909663783	28.1324863952	30.1173757045	9.417
1498	0	3	1	865	54	27.4348461697	28.7649394536	30.6432877693	5.685
1498	0	3	2	2209	138	27.4348461697	31.2965200331	33.1748683488	15.622
1499	0	3	1	1233	77	19.4269366865	28.5152678486	29.8453483447	6.063
1499	0	3	2	2583	161	19.4269366865	31.0589932698	32.3890737659	8.536
1500	0	3	1	491	30	21.2955114021	32.9335454798	34.3915594131	10.897
1500	0	3	2	1838	114	21.2955114021	31.028397561	32.4864114943	7.622
1501	0	3	1	586	36	19.1603064909	30.8211458402	32.1329712903	13.717
1501	0	3	2	1933	120	19.1603064909	29.5487627538	30.8605882039	9.685
1502	0	3	1	529	33	19.3722588953	30.2399138549	31.566250793	12.094
1502	0	3	2	1878	117	19.3722588953	28.9303395265	30.2566764646	5.78
1503	0	3	1	1061	66	28.0544859216	34.0529105392	35.9736829777	8.725
1503	0	3	2	2408	150	28.0544859216	28.5131100486	30.4338824871	15.811
1504	0	3	1	918	57	26.8749060364	30.0663210262	31.9063326004	13.071
1504	0	3	2	2260	141	26.8749060364	30.0056865299	31.845698104	11.464
1505	0	3	1	1254	78	24.5412133755	30.439784254	32.1200177251	5.78
1505	0	3	2	2601	162	24.5412133755	32.6047319581	34.2849654292	10.693
1506	0	3	1	281	17	26.1276076503	28.9984267498	30.7872739523	12.788
1506	0	3	2	1625	101	26.1276076503	29.8877865744	31.6766337769	10.063
1507	0	3	1	1022	63	20.461186714	32.9538163303	34.3547075677	10.472
1507	0	3	2	2366	147	20.461186714	29.7580894155	31.158980653	6.094
1508	0	3	1	159	9	26.5040304982	29.9439902564	31.7586095452	13.906
1508	0	3	2	1499	93	26.5040304982	29.1656660798	30.9802853686	20.441
1509	0	3	1	337	21	21.9605252465	31.4209773949	32.924522024	4.315
1509	0	3	2	1681	105	21.9605252465	33.0539740168	34.5575186459	7.401
1510	0	3	1	452	28	21.8010794092	27.7862170594	29.2788451039	12
1510	0	3	2	1797	112	21.8010794092	29.0055751742	30.4982032186	8.851
1511	0	3	1	797	49	26.791811508	31.2362359408	33.0705583827	12
1511	0	3	2	2135	133	26.791811508	29.9097095767	31.7440320187	13.779
1513	0	3	1	530	33	17.7675229141	28.6758964459	29.8923638733	12.662
1513	0	3	2	1879	117	17.7675229141	30.0799257472	31.2963931745	8.851
1514	0	3	1	1003	62	22.5166115402	28.5877014029	30.1293189173	12.851
1514	0	3	2	2350	146	22.5166115402	29.9082551801	31.4498726945	14.535
1515	0	3	1	879	54	26.1304978846	28.1974503094	29.9864953941	11.307
1515	0	3	2	2222	138	26.1304978846	29.3546287163	31.143673801	14.252
1516	0	3	1	1275	79	20.6659892146	29.1684755118	30.5833887135	5.212
1516	0	3	2	2624	164	20.6659892146	30.3956782456	31.8105914473	5.401
1517	0	3	1	522	32	22.4966608084	31.0101121765	32.5503637484	9.276
1517	0	3	2	1869	116	22.4966608084	30.9931127987	32.5333643706	6.189
1518	0	3	1	457	28	20.818061425	29.0229231103	30.4482480555	5.244
1518	0	3	2	1803	112	20.818061425	28.0203993222	29.4457242674	8.126
1519	0	3	1	1277	79	22.5992704149	31.5108318511	33.0581086704	8
1519	0	3	2	2626	164	22.5992704149	29.610341186	31.1576180053	5.811
1520	0	3	1	1091	68	29.8243813835	28.7377718225	30.7797215455	6.898
1520	0	3	2	2438	152	29.8243813835	30.5821944598	32.6241441829	6.662
1521	0	3	1	102	6	22.4502866934	18.5036739192	20.0407504509	26.221
1521	0	3	2	1442	90	22.4502866934	30.503394865	32.0404713967	12.567
1522	0	3	1	1229	76	23.941669795	32.9264378399	34.5656230883	9.874
1522	0	3	2	2580	161	23.941669795	32.0704727311	33.7096579795	15.229
1523	0	3	1	1248	78	21.8772192558	29.6103149626	31.1081559815	6.126
1523	0	3	2	2598	162	21.8772192558	31.1189445675	32.6167855864	16.126
1524	0	3	1	1246	77	21.1588373535	33.3533139925	34.8019704296	13.654
1524	0	3	2	2597	162	21.1588373535	32.0029807964	33.4516372335	19.748
1525	0	3	1	1210	75	26.5975499404	29.8979263133	31.7189484843	12.284
1525	0	3	2	2561	160	26.5975499404	28.3190480103	30.1400701812	12.473
1526	0	3	1	1234	77	21.0883689492	30.3610528565	31.8048846189	6.787
1526	0	3	2	2584	161	21.0883689492	30.3011236732	31.7449554356	10.157
1527	0	3	1	824	51	25.9936861748	20.9746168483	22.7542950117	6.74
1527	0	3	2	2167	135	25.9936861748	29.250678796	31.0303569594	15.338
1528	0	3	1	1248	78	23.7790915315	30.2812805498	31.9093347496	5.071
1528	0	3	2	2598	162	23.7790915315	31.7807000221	33.4087542219	20.252
1529	0	3	1	473	29	21.8961857143	28.9186057224	30.4177452948	17.905
1529	0	3	2	1814	113	21.8961857143	29.2073879312	30.7065275036	13.149
1530	0	3	1	1268	79	20.9266541436	29.9683254011	31.4010852322	6.74
1530	0	3	2	2618	163	20.9266541436	30.6957592557	32.1285190867	10.41
1531	0	3	1	551	34	15.4145315947	37.9088476348	38.9642156613	8.96
1531	0	3	2	1899	118	15.4145315947	38.7793080596	39.834676086	10.788
1532	0	3	1	1224	76	21.213106906	30.5618796528	32.0142516975	11.134
1532	0	3	2	2575	160	21.213106906	30.5418846915	31.9942567362	10.095
1533	0	3	1	1033	64	26.7962533336	32.9403712984	34.7749978534	7.906
1533	0	3	2	2377	148	26.7962533336	23.7291817733	25.5638083283	4.315
1534	0	3	1	457	28	23.1290284427	30.831092417	32.4146395363	6.661
1534	0	3	2	1802	112	23.1290284427	29.0443706754	30.6279177946	7.402
1535	0	3	1	778	48	27.8626589104	32.5370788427	34.444717694	11.055
1535	0	3	2	2118	132	27.8626589104	33.1181891096	35.0258279609	16.252
1536	0	3	1	1243	77	21.2073275607	31.8068853823	33.2588617396	9.102
1536	0	3	2	2593	162	21.2073275607	31.6796459104	33.1316222677	16.094
1537	0	3	1	1220	76	24.4370353833	29.5852947915	31.2583956344	5.323
1537	0	3	2	2571	160	24.4370353833	31.7254416543	33.3985424973	19.685
1538	0	3	1	471	29	19.2139446608	35.7758831659	37.0913809954	6
1538	0	3	2	1817	113	19.2139446608	31.7608790828	33.0763769124	8.031
1539	0	3	1	1218	76	20.6167871983	29.4977592675	30.9093038145	6.504
1539	0	3	2	2567	160	20.6167871983	28.8372412746	30.2487858216	9.37
1540	0	3	1	1004	62	26.3313169594	30.6940311635	32.4968254841	11.874
1540	0	3	2	2349	146	26.3313169594	32.1695968524	33.972391173	8.284
1541	0	3	1	1004	62	26.4860688826	32.1010953314	33.9144848641	7.181
1541	0	3	2	2351	146	26.4860688826	29.1380419243	30.951431457	8.756
1542	0	3	1	737	46	28.0773038586	33.4475516633	35.3698863498	13.354
1542	0	3	2	2076	129	28.0773038586	33.4302713108	35.3526059973	11.244
1543	0	3	1	189	11	27.1126849411	32.8232298167	34.6795211105	8.095
1543	0	3	2	1531	95	27.1126849411	27.7047821351	29.561073429	11.086
1544	0	3	1	469	29	24.4141286289	29.3033580806	30.9748905946	14
1544	0	3	2	1816	113	24.4141286289	29.8839374517	31.5554699656	8.094
1545	0	3	1	1259	78	21.9956578879	26.6546172065	28.1605672195	11.464
1545	0	3	2	2613	163	21.9956578879	25.6788958412	27.1848458542	14
1546	0	3	1	490	30	17.6688027274	30.5591053986	31.7688138708	13.402
1546	0	3	2	1834	114	17.6688027274	31.0654457306	32.2751542027	13.654
1547	0	3	1	545	34	27.4714257931	34.5154796688	36.3963324371	9.386
1547	0	3	2	1893	118	27.4714257931	37.2819622018	39.1628149702	8.929
1548	0	3	1	1236	77	21.0933002069	29.0515631951	30.4957325799	6.378
1548	0	3	2	2585	161	21.0933002069	29.684534416	31.1287038009	8.897
1549	0	3	1	1214	75	18.7151207762	30.1360705191	31.4174159792	4.473
1549	0	3	2	2565	160	18.7151207762	32.0599999764	33.3413454365	14.063
1550	0	3	1	737	46	23.9853777402	26.7762494927	28.41842724	8.095
1550	0	3	2	2077	129	23.9853777402	29.3387868226	30.9809645698	14.126
1551	0	3	1	903	56	29.7006026624	32.5043614219	34.5378365375	8.221
1551	0	3	2	2245	140	29.7006026624	29.3470345487	31.3805096642	13.244
1553	0	3	1	1045	65	28.0250862519	21.5227359083	23.4414954753	6.283
1553	0	3	2	2401	150	28.0250862519	30.0542460589	31.973005626	14.346
1554	0	3	1	825	51	27.2837695612	15.2018769151	17.069881652	6.283
1554	0	3	2	2167	135	27.2837695612	30.0052789969	31.8732837338	16.252
1555	0	3	1	997	62	26.2164234777	28.6067040185	30.4016320665	15.433
1555	0	3	2	2343	146	26.2164234777	29.760165192	31.55509324	8.126
1556	0	3	1	895	55	26.9340095452	32.2923963073	34.1364544496	26.835
1556	0	3	2	2238	139	26.9340095452	30.1342804	31.9783385424	6.346
1557	0	3	1	1280	80	18.4099555065	29.7502909346	31.0107430145	10.803
1557	0	3	2	2630	164	18.4099555065	29.4342881743	30.6947402543	16.945
1558	0	3	1	806	50	26.9224667234	30.4120898444	32.2553576984	8.378
1558	0	3	2	2146	134	26.9224667234	30.3040582808	32.1473261348	6.835
1559	0	3	1	1250	78	21.2462745664	29.0383236803	30.492966575	7.008
1559	0	3	2	2596	162	21.2462745664	28.730162399	30.1848052937	23.559
1559	1	3	1	1245	77	21.2462745664	29.2045263896	30.6591692842	11.575
1559	1	3	2	2597	162	21.2462745664	24.04232428	25.4969671746	20.284
1560	0	3	1	288	18	23.0646386079	34.8592589386	36.4383975572	8.441
1560	0	3	2	1632	102	23.0646386079	33.4736285291	35.0527671476	9.023
1561	0	3	1	1281	80	18.7059258551	29.4723753945	30.7530913171	13.717
1561	0	3	2	2632	164	18.7059258551	27.9805182365	29.2612341591	14.221
1562	0	3	1	1255	78	22.6475763987	31.574798563	33.1253826895	6.409
1562	0	3	2	2603	162	22.6475763987	31.1243818201	32.6749659466	8.725
1563	0	3	1	1275	79	20.6153217244	30.2474829907	31.6589272028	9.307
1563	0	3	2	2625	164	20.6153217244	30.4960702168	31.907514429	12.788
1564	0	3	1	169	10	22.9082148604	27.101281974	28.6697109177	5.906
1564	0	3	2	1512	94	22.9082148604	27.1434627173	28.7118916609	13.748
1565	0	3	1	331	20	22.9511317416	30.5079633607	32.0793306424	8.378
1565	0	3	2	1675	104	22.9511317416	30.8950675024	32.4664347841	6.315
1566	0	3	1	607	37	18.9227842875	32.5860647291	33.8816280348	9.653
1566	0	3	2	1957	122	18.9227842875	31.7972393791	33.0928026848	6.063
1567	0	3	1	378	23	28.9155051589	26.8872429191	28.8669657167	15.748
1567	0	3	2	1723	107	28.9155051589	26.0429643874	28.0226871851	9.102
1568	0	3	1	470	29	19.8930871754	27.5673728085	28.9293686643	10.976
1568	0	3	2	1817	113	19.8930871754	28.461933062	29.8239289179	10.378
1569	0	3	1	577	36	19.9701181479	31.4865060658	32.8537759078	13.024
1569	0	3	2	1928	120	19.9701181479	30.8689090073	32.2361788492	9.969
1570	0	3	1	865	54	24.3242577487	29.4214453303	31.0868247638	5.244
1570	0	3	2	2209	138	24.3242577487	31.2308854454	32.8962648789	17.622
1571	0	3	1	1253	78	24.1300870519	28.3416999041	29.9937852881	6.992
1571	0	3	2	2601	162	24.1300870519	27.4912289348	29.1433143189	23.622
1572	0	3	1	773	48	27.7327188524	28.4556628129	30.354405216	13.118
1572	0	3	2	2114	132	27.7327188524	26.163695739	28.0624381421	11.338
1573	0	3	1	584	36	17.9379267184	28.9370887828	30.1652230405	6.992
1573	0	3	2	1932	120	17.9379267184	28.5705068515	29.7986411093	12.378
1574	0	3	1	965	60	24.7512134478	34.7591031135	36.4537144046	7.118
1574	0	3	2	2310	144	24.7512134478	29.6359666518	31.330577943	10.567
1575	0	3	1	585	36	20.5927184795	28.1807853582	29.5906820214	6.661
1575	0	3	2	1933	120	20.5927184795	29.7480478894	31.1579445526	10.819
1576	0	3	1	1009	63	29.9172265257	30.9635406118	33.0118470505	7.292
1576	0	3	2	2354	147	29.9172265257	31.1884301411	33.2367365798	14.126
1576	1	3	1	1012	63	29.9172265257	31.3025625166	33.3508689553	7.842
1576	1	3	2	2353	147	29.9172265257	31.7678420411	33.8161484798	12.788
1577	0	3	1	783	48	28.5277392167	30.9769466011	32.9301206986	9.307
1577	0	3	2	2121	132	28.5277392167	33.6472018332	35.6003759307	16.787
1578	0	3	1	1241	77	22.7762196536	29.69855412	31.2579459081	8.756
1578	0	3	2	2590	161	22.7762196536	29.6173211453	31.1767129334	11.323
1579	0	3	1	171	10	23.5651764044	33.4190261122	35.0324344445	4.599
1579	0	3	2	1513	94	23.5651764044	31.8013890703	33.4147974027	14.315
1580	0	3	1	432	27	23.9216943659	29.1955834714	30.8334010864	8.315
1580	0	3	2	1779	111	23.9216943659	28.8100813622	30.4478989772	7.37
1581	0	3	1	820	51	26.0278189236	29.5169582141	31.298973303	8.063
1581	0	3	2	2158	134	26.0278189236	31.2361957916	33.0182108805	7.008
1582	0	3	1	1253	78	22.030486529	30.5168674394	32.0252020227	7.04
1582	0	3	2	2600	162	22.030486529	30.3569600283	31.8652946116	16.96
1583	0	3	1	1012	63	20.7316022186	30.2037550997	31.6231605473	8.914
1583	0	3	2	2356	147	20.7316022186	30.0208449069	31.4402503546	8.283
1584	0	3	1	1237	77	24.9082029885	27.2186046884	28.9239643919	10.851
1584	0	3	2	2593	162	24.9082029885	28.5153553914	30.2207150949	11.591
1584	1	3	1	1233	77	24.9082029885	28.6280829198	30.3334426234	4.504
1584	1	3	2	2594	162	24.9082029885	27.3504628585	29.055822562	16.614
1585	0	3	1	937	58	28.7917193514	24.7405125885	26.7117602935	15.843
1585	0	3	2	2282	142	28.7917193514	28.2766762084	30.2479239134	5.402
1586	0	3	1	602	37	19.2021467112	9.85069239095	11.1653824646	14.724
1586	0	3	2	1952	122	19.2021467112	9.63271702434	10.947407098	8
1587	0	3	1	564	35	19.6534708887	34.4406027012	35.7861930396	12.33
1587	0	3	2	1912	119	19.6534708887	34.2980256985	35.6436160369	4
1588	0	3	1	879	54	26.1747518156	31.5732361454	33.3653111103	13.527
1588	0	3	2	2220	138	26.1747518156	31.3637864069	33.1558613718	11.874
1589	0	3	1	280	17	22.5467140861	30.2784195571	31.822098066	9.559
1589	0	3	2	1624	101	22.5467140861	30.363218352	31.9068968609	13.527
1590	0	3	1	516	32	17.140429035	31.8615275304	33.0350604822	5.401
1590	0	3	2	1864	116	17.140429035	30.7323353315	31.9058682833	5.842
1591	0	3	1	936	58	28.058330256	30.9983941341	32.919429778	5.591
1591	0	3	2	2280	142	28.058330256	28.1220900514	30.0431256953	14.535
1592	0	3	1	348	21	22.1269589154	30.2076450489	31.72258469	7.559
1592	0	3	2	1693	105	22.1269589154	27.8288972008	29.3438368419	12.441
1593	0	3	1	918	57	25.1929980672	29.2346431475	30.95950157	19.528
1593	0	3	2	2261	141	25.1929980672	27.9500985921	29.6749570146	10.032
1594	0	3	1	1257	78	18.6018100685	28.8774203943	30.1510079477	6.189
1594	0	3	2	2604	162	18.6018100685	28.6283830991	29.9019706524	12.488
1595	0	3	1	997	62	25.6154436081	29.2497953201	31.0035768087	9.055
1595	0	3	2	2343	146	25.6154436081	33.0993873834	34.8531688721	9.969
1596	0	3	1	727	45	27.878602477	28.2479611082	30.1566915484	24.677
1596	0	3	2	2078	129	27.878602477	30.5266779511	32.4354083913	8.692
1597	0	3	1	545	34	25.9811537325	34.6056961262	36.3845162461	6.992
1597	0	3	2	1893	118	25.9811537325	35.5467455582	37.3255656781	15.307
1598	0	3	1	1248	78	23.5181161819	28.5597083977	30.169894715	4.976
1598	0	3	2	2598	162	23.5181161819	31.1376923886	32.7478787058	9.449
1599	0	3	1	1234	77	21.3804565397	29.1648835615	30.6287133304	12.945
1599	0	3	2	2585	161	21.3804565397	29.8821329741	31.345962743	8.504
1600	0	3	1	520	32	15.3319017703	30.8357421733	31.8854528838	5.717
1600	0	3	2	1867	116	15.3319017703	30.6510529272	31.7007636377	4.756
1601	0	3	1	521	32	17.8998814556	30.1433296497	31.3688591086	9.748
1601	0	3	2	1869	116	17.8998814556	30.1106873859	31.3362168449	10.567
1602	0	3	1	155	9	21.9602228135	29.7270339649	31.2305578877	11.937
1602	0	3	2	1497	93	21.9602228135	28.9530054108	30.4565293336	14.598
1603	0	3	1	1233	77	26.6773473314	31.9278683017	33.7543538638	8.709
1603	0	3	2	2583	161	26.6773473314	31.1958832009	33.022368763	10.567
1604	0	3	1	456	28	22.0015087686	28.906893824	30.4132444221	6.063
1604	0	3	2	1802	112	22.0015087686	29.5486654873	31.0550160855	8
1605	0	3	1	431	26	21.3288922593	29.4576263061	30.9179256861	6.252
1605	0	3	2	1776	111	21.3288922593	29.4788633788	30.9391627587	5.811
1606	0	3	1	773	48	27.4419010998	32.4916970921	34.3705284291	5.496
1606	0	3	2	2114	132	27.4419010998	30.290923044	32.169754381	8.221
1607	0	3	1	918	57	26.1387545081	29.3693470332	31.1589574141	18.094
1607	0	3	2	2261	141	26.1387545081	28.0794240003	29.8690343812	7.811
1608	0	3	1	180	11	25.0668518319	26.0449129103	27.7611346316	5.843
1608	0	3	2	1524	95	25.0668518319	29.1807680849	30.8969898062	12.189
1609	0	3	1	455	28	23.2225476123	28.3972090664	29.9871590491	12.536
1609	0	3	2	1800	112	23.2225476123	32.8995706025	34.4895205852	7.701
1610	0	3	1	526	32	21.8804905017	29.6875916927	31.1856566801	6.961
1610	0	3	2	1873	117	21.8804905017	32.4921834257	33.990248413	4.158
1611	0	3	1	933	58	28.0458570285	25.8163821236	27.7365637782	17.181
1611	0	3	2	2277	142	28.0458570285	27.4360269901	29.3562086446	14.22
1612	0	3	1	1243	77	21.1708227838	28.6649294906	30.1144065197	12.851
1612	0	3	2	2593	162	21.1708227838	30.5742153203	32.0236923493	9.339
1613	0	3	1	879	54	24.541794936	24.7189854951	26.3992587832	16.189
1613	0	3	2	2222	138	24.541794936	25.455435703	27.1357089911	18.693
1614	0	3	1	554	34	29.7045233215	10.0988549794	12.132598526	17.748
1614	0	3	2	1910	119	29.7045233215	12.5783834501	14.6121269966	9.212
1615	0	3	1	1269	79	21.3950856757	29.4911272753	30.9559586396	13.543
1615	0	3	2	2618	163	21.3950856757	31.8510172472	33.3158486114	8.284
1615	1	3	1	1268	79	21.3950856757	28.5083825736	29.9732139379	9.937
1615	1	3	2	2619	163	21.3950856757	32.3212243219	33.7860556861	8.204
1616	0	3	1	67	4	22.2477292915	24.4566562638	25.9798645436	11.78
1616	0	3	2	1424	89	22.2477292915	31.4826971568	33.0059054367	9.842
1617	0	3	1	434	27	27.8915205248	29.4684439765	31.3780588609	6.221
1617	0	3	2	1784	111	27.8915205248	28.0645790969	29.9741939814	7.134
1618	0	3	1	774	48	27.9277393271	30.0290370778	31.941131711	18.976
1618	0	3	2	2119	132	27.9277393271	30.3876751329	32.2997697662	7.811
1619	0	3	1	1012	63	21.9662569164	31.3749625194	32.8788995718	6
1619	0	3	2	2357	147	21.9662569164	31.5345679249	33.0385049772	11.591
1620	0	3	1	865	54	26.2969956197	31.6082712412	33.4087157243	5.717
1620	0	3	2	2209	138	26.2969956197	33.96355274	35.763997223	14.221
1621	0	3	1	1284	80	23.8411362368	29.5175311333	31.1498332726	6.472
1621	0	3	2	2634	164	23.8411362368	28.7144052204	30.3467073597	11.071
1622	0	3	1	1255	78	20.9237858916	28.2039334877	29.6364969417	12.567
1622	0	3	2	2603	162	20.9237858916	27.5137887112	28.9463521652	19.464
1623	0	3	1	869	54	25.5329573062	36.5204104743	38.2685444735	4.472
1623	0	3	2	2233	139	25.5329573062	30.7350282385	32.4831622376	8.284
1624	0	3	1	1253	78	22.8306585613	30.4063196507	31.9694386414	4.866
1624	0	3	2	2601	162	22.8306585613	34.0354487146	35.5985677053	16
1625	0	3	1	469	29	24.7459250877	26.0837629492	27.7780121686	14.693
1625	0	3	2	1816	113	24.7459250877	27.3530942396	29.047343459	4.252
1626	0	3	1	920	57	29.0396248484	31.808251397	33.7964721467	17.496
1626	0	3	2	2263	141	29.0396248484	31.0314940471	33.0197147969	7.212
1627	0	3	1	1217	76	23.0961112856	29.6635660194	31.2448594396	9.275
1627	0	3	2	2566	160	23.0961112856	26.7410302909	28.3223237111	11.968
1628	0	3	1	833	52	30.0389411978	29.5551097247	31.6117494542	12
1628	0	3	2	2175	135	30.0389411978	29.3946598095	31.4512995389	17.842
1629	0	3	1	930	58	24.0269632593	27.4021552983	29.0471802308	5.811
1629	0	3	2	2280	142	24.0269632593	32.1886518405	33.833676773	12.992
1630	0	3	1	935	58	28.3329471066	33.6046108135	35.544448316	8.614
1630	0	3	2	2278	142	28.3329471066	33.3376226504	35.2774601529	7.418
1631	0	3	1	1031	64	29.0316458382	25.4880415959	27.4757160565	5.654
1631	0	3	2	2376	148	29.0316458382	39.4119573637	41.3996318243	11.622
1632	0	3	1	737	46	27.2734051446	30.5267158425	32.3940109714	9.654
1632	0	3	2	2077	129	27.2734051446	30.6551477474	32.5224428763	10.126
1633	0	3	1	429	26	22.9732086638	30.266313988	31.8391927835	5.086
1633	0	3	2	1776	111	22.9732086638	30.0127683443	31.5856471398	5.969
1634	0	3	1	1004	62	20.8483709927	31.0065230287	32.4339231422	7.244
1634	0	3	2	2349	146	20.8483709927	31.062882629	32.4902827426	4.945
1635	0	3	1	1240	77	20.4601304919	31.6378929834	33.0387119058	8.693
1635	0	3	2	2587	161	20.4601304919	31.0568935537	32.4577124761	10.693
1636	0	3	1	759	47	25.7619313298	19.8935651187	21.6573760044	14.095
1636	0	3	2	2100	131	25.7619313298	23.4552142905	25.2190251762	13.968
1637	0	3	1	432	27	20.3169488456	27.7736892678	29.1647051462	9.937
1637	0	3	2	1779	111	20.3169488456	30.8547827759	32.2457986543	6.252
1638	0	3	1	459	28	21.3439079826	30.6530702671	32.1143977103	9.118
1638	0	3	2	1806	112	21.3439079826	28.3955632156	29.8568906589	12.567
1639	0	3	1	993	62	24.2107487453	29.8524347988	31.5100427491	4.378
1639	0	3	2	2335	145	24.2107487453	33.3820226213	35.0396305716	4.914
1640	0	3	1	1040	65	19.1922271031	30.1943261824	31.5083371023	11.874
1640	0	3	2	2394	149	19.1922271031	31.8212429881	33.135253908	17.402
1641	0	3	1	1243	77	21.9911961753	29.5421350497	31.047779588	10.914
1641	0	3	2	2593	162	21.9911961753	29.4928490453	30.9984935836	17.244
1642	0	3	1	179	11	28.8388920527	27.7575343711	29.7320117922	10.063
1642	0	3	2	1524	95	28.8388920527	28.8237436966	30.7982211176	10.473
1643	0	3	1	340	21	23.2171543799	30.7302955497	32.3198762806	11.055
1643	0	3	2	1683	105	23.2171543799	31.1453310512	32.7349117821	5.417
1644	0	3	1	168	10	20.7345853881	29.5989664538	31.0185761465	7.071
1644	0	3	2	1511	94	20.7345853881	29.0541512779	30.4737609705	12.346
1645	0	3	1	1243	77	23.6902138521	32.0359522915	33.6579214111	9.842
1645	0	3	2	2593	162	23.6902138521	31.8668855889	33.4888547085	16.708
1646	0	3	1	806	50	26.7214956766	31.9793447314	33.8088529446	14.693
1646	0	3	2	2148	134	26.7214956766	30.4012391223	32.2307473356	16.032
1647	0	3	1	1211	75	25.4856419088	28.2396535453	29.9845480585	8.788
1647	0	3	2	2561	160	25.4856419088	29.5896074468	31.3345019601	8.771
1648	0	3	1	457	28	23.7631339923	31.004757472	32.6317191263	5.748
1648	0	3	2	1803	112	23.7631339923	29.030202323	30.6571639773	4
1649	0	3	1	1224	76	22.9381416	29.4178255704	30.9883034719	4.535
1649	0	3	2	2579	161	22.9381416	31.564729175	33.1352070765	6.473
1650	0	3	1	920	57	25.8158346852	31.3970697783	33.1645711996	17.339
1650	0	3	2	2262	141	25.8158346852	31.7779512744	33.5454526958	8.095
1651	0	3	1	458	28	21.6332827846	20.9524941922	22.4336339089	4.331
1651	0	3	2	1802	112	21.6332827846	24.5966581237	26.0777978403	6.346
1652	0	3	1	778	48	22.9672883667	32.9175921965	34.4900656542	8.662
1652	0	3	2	2119	132	22.9672883667	32.6862110394	34.2586844971	11.103
1653	0	3	1	1241	77	19.548689647	30.8566870264	32.1951034347	11.008
1653	0	3	2	2589	161	19.548689647	29.1412555012	30.4796719095	8.646
1654	0	3	1	155	9	26.6607426238	30.3336240829	32.1589727906	12.158
1654	0	3	2	1496	93	26.6607426238	27.2881227537	29.1134714614	20.315
1655	0	3	1	1018	63	22.1788043434	32.8661989233	34.3846882024	6.961
1655	0	3	2	2363	147	22.1788043434	28.339629983	29.858119262	15.433
1656	0	3	1	297	18	25.6944183381	32.4576790639	34.2168676196	7.811
1656	0	3	2	1641	102	25.6944183381	32.4985240717	34.2577126274	12.378
1657	0	3	1	879	54	26.8613600141	31.3392705442	33.1783546793	8.315
1657	0	3	2	2216	138	26.8613600141	30.8099062908	32.6489904259	7.433
1658	0	3	1	582	36	19.6256554508	29.9736677528	31.3173536853	8.158
1658	0	3	2	1931	120	19.6256554508	29.3473042569	30.6909901894	6.095
1659	0	3	1	1022	63	30.0525822744	31.881559856	33.9391335325	11.842
1659	0	3	2	2371	148	30.0525822744	25.4623453232	27.5199189996	12.189
1660	0	3	1	1245	77	19.412625878	33.3920970686	34.721197764	13.197
1660	0	3	2	2596	162	19.412625878	32.7642383892	34.0933390846	21.008
1661	0	3	1	932	58	24.3832471135	31.3444974966	33.0139156833	15.402
1661	0	3	2	2274	142	24.3832471135	29.4710218418	31.1404400285	9.134
1662	0	3	1	485	30	26.0938758683	27.9567869658	29.7433246953	7.37
1662	0	3	2	1829	114	26.0938758683	30.8105771418	32.5971148714	5.544
1663	0	3	1	406	25	20.8019775195	34.6355833886	36.0598071366	8.677
1663	0	3	2	1753	109	20.8019775195	30.2995034515	31.7237271994	6.96
1664	0	3	1	432	27	22.0532184704	27.8044465576	29.3143375011	15.937
1664	0	3	2	1779	111	22.0532184704	28.4239334077	29.9338243513	10.535
1665	0	3	1	1213	75	22.1735751175	26.8930378581	28.4111691141	5.228
1665	0	3	2	2564	160	22.1735751175	30.0475734601	31.5657047161	14.693
1666	0	3	1	807	50	29.1210634172	33.7153880661	35.7091845715	8.252
1666	0	3	2	2148	134	29.1210634172	28.8356061779	30.8294026834	13.748
1667	0	3	1	1061	66	29.2325371838	35.1744026102	37.1758312547	5.008
1667	0	3	2	2410	150	29.2325371838	33.0433978998	35.0448265443	10.441
1668	0	3	1	740	46	27.0989826154	32.8142019999	34.6695551532	5.811
1668	0	3	2	2078	129	27.0989826154	30.8805963657	32.735949519	7.355
1669	0	3	1	794	49	25.3832954404	32.3367923378	34.0746796196	6.441
1669	0	3	2	2133	133	25.3832954404	31.5183062408	33.2561935226	16.378
1670	0	3	1	469	29	21.4605476005	27.0768373179	28.5461505843	14.567
1670	0	3	2	1817	113	21.4605476005	30.5084717194	31.9777849858	7.008
1671	0	3	1	1227	76	25.2598195523	31.2177593503	32.9471927583	5.244
1671	0	3	2	2572	160	25.2598195523	34.032775702	35.7622091101	6.961
1672	0	3	1	806	50	25.5739377957	30.7985531788	32.5494929394	6.378
1672	0	3	2	2148	134	25.5739377957	32.8739920706	34.6249318311	9.968
1673	0	3	1	1258	78	20.0522180638	29.018258803	30.3911496803	7.654
1673	0	3	2	2598	162	20.0522180638	29.9731114783	31.3460023556	16.976
1674	0	4	1	1244	77	14.369856401	32.7149095956	33.6987531135	8.535
1674	0	4	2	2594	162	14.369856401	30.5538854008	31.5377289186	23.307
1675	0	4	1	265	16	18.8619719556	31.9322606538	33.2236603954	7.023
1675	0	4	2	1609	100	18.8619719556	27.6351471964	28.9265469379	10.315
1676	0	4	1	1246	77	20.9079643981	30.6767131925	32.1081934154	13.008
1676	0	4	2	2596	162	20.9079643981	30.0490444978	31.4805247208	17.559
1676	1	4	1	1245	77	20.9079643981	31.0217867789	32.4532670018	10.425
1676	1	4	2	2597	162	20.9079643981	29.8282388174	31.2597190404	19.748
1677	0	4	1	174	10	23.8386739666	28.2320694778	29.8642030358	5.307
1677	0	4	2	1515	94	23.8386739666	30.6861730636	32.3183066216	14.85
1678	0	4	1	951	59	26.6373212612	30.9109249529	32.7346700986	13.37
1678	0	4	2	2293	143	26.6373212612	30.1472489258	31.9709940715	8.897
1679	0	4	1	159	9	24.0892851555	31.1321095751	32.7814014253	8.158
1679	0	4	2	1499	93	24.0892851555	29.0681216793	30.7174135295	17.276
1680	0	4	1	521	32	20.6694220911	27.9162940651	29.3314423015	11.37
1680	0	4	2	1867	116	20.6694220911	29.1083733856	30.5235216219	10.535
1681	0	4	1	567	35	22.7613227617	37.6431913172	39.2015631778	6.378
1681	0	4	2	1915	119	22.7613227617	36.9529325993	38.5113044599	7.039
1682	0	4	1	343	21	21.5319014001	30.9120712527	32.3862698131	8.929
1682	0	4	2	1686	105	21.5319014001	31.0194901147	32.4936886751	6.724
1683	0	4	1	1021	63	19.9294814927	26.3435340984	27.7080217198	10.126
1683	0	4	2	2366	147	19.9294814927	28.5292797976	29.893767419	8.882
1684	0	4	1	1031	64	28.2187837233	18.375958447	20.3079796637	8.158
1684	0	4	2	2376	148	28.2187837233	31.3088599689	33.2408811856	16.157
1685	0	4	1	472	29	23.2291540133	16.5403698369	18.1307721321	6.504
1685	0	4	2	1818	113	23.2291540133	30.8073390568	32.397741352	10.189
1686	0	4	1	1031	64	23.3516644985	26.1836796413	27.7824697131	8.126
1686	0	4	2	2375	148	23.3516644985	38.8060812914	40.4048713632	9.023
1687	0	4	1	997	62	24.9118628695	31.5804573559	33.2860676361	15.527
1687	0	4	2	2329	145	24.9118628695	35.1788244635	36.8844347436	6.158
1688	0	4	1	1000	62	26.1803064167	30.7962691223	32.5887243873	4.032
1688	0	4	2	2344	146	26.1803064167	27.2319670218	29.0244222868	6.866
1689	0	4	1	761	47	24.5086619402	26.7186229048	28.3966277163	13.937
1689	0	4	2	2101	131	24.5086619402	26.0098887882	27.6878935996	7.212
1690	0	4	1	1009	63	30.4414700968	33.9488762938	36.0330754808	8.031
1690	0	4	2	2354	147	30.4414700968	32.66487618	34.749075367	9.748
1691	0	4	1	1004	62	25.4696590405	31.1747078106	32.9185080442	9.811
1691	0	4	2	2350	146	25.4696590405	30.0904730309	31.8342732645	9.968
1692	0	4	1	1001	62	24.5461330205	31.7911974683	33.4717677667	5.937
1692	0	4	2	2349	146	24.5461330205	29.5989636164	31.2795339148	7.779
1693	0	4	1	962	60	28.8135935769	28.5493847351	30.5221300762	7.969
1693	0	4	2	2306	144	28.8135935769	29.6579516258	31.6306969668	11.26
1694	0	4	1	154	9	26.0145844257	30.9339274655	32.7150364441	13.433
1694	0	4	2	1495	93	26.0145844257	30.8141023992	32.5952113778	13.527
1695	0	4	1	819	51	23.7564854302	28.6729544093	30.2994608646	4.126
1695	0	4	2	2161	135	23.7564854302	35.4836054294	37.1101118847	9.968
1696	0	4	1	1279	79	26.0032743734	31.32419342	33.104528047	9.653
1696	0	4	2	2626	164	26.0032743734	32.5489104126	34.3292450396	5.307
1697	0	4	1	1243	77	24.6710606104	30.3813361032	32.0704596673	9.465
1697	0	4	2	2594	162	24.6710606104	30.0881139452	31.7772375093	16.567
1698	0	4	1	586	36	25.2901174825	28.4595959728	30.1911037525	10.787
1698	0	4	2	1936	121	25.2901174825	30.1676422039	31.8991499835	12.347
1699	0	4	1	488	30	22.5424164231	32.0564178279	33.5998020939	9.039
1699	0	4	2	1833	114	22.5424164231	31.2589875666	32.8023718327	5.559
1700	0	4	1	520	32	18.7414842676	29.294009854	30.5771603113	6.63
1700	0	4	2	1867	116	18.7414842676	31.1871637455	32.4703142028	8.897
1701	0	4	1	788	49	25.3991741864	18.967745442	20.7067198746	7.622
1701	0	4	2	2132	133	25.3991741864	31.312638885	33.0516133176	12.629
1702	0	4	1	1244	77	20.8578990123	30.596508728	32.0245611849	5.559
1702	0	4	2	2594	162	20.8578990123	33.2189458868	34.6469983437	16.126
1703	0	4	1	1238	77	24.7530259355	27.5185432422	29.2132786267	14.882
1703	0	4	2	2586	161	24.7530259355	27.5491765686	29.2439119531	16.488
1704	0	4	1	822	51	28.5173301762	31.2870735651	33.2395349995	10.252
1704	0	4	2	2166	135	28.5173301762	27.8038513465	29.7563127809	13.071
1705	0	4	1	1244	77	18.5680908443	33.6842793984	34.9555583385	9.748
1705	0	4	2	2597	162	18.5680908443	30.910319804	32.1815987442	16.976
1706	0	4	1	1022	63	27.7381717418	30.8702211925	32.769336932	7.055
1706	0	4	2	2368	148	27.7381717418	30.4161966713	32.3153124108	12.63
1707	0	4	1	592	37	21.7463107016	27.2399313593	28.7288096211	5.874
1707	0	4	2	1933	120	21.7463107016	28.5973303487	30.0862086105	4.882
1708	0	4	1	184	11	28.3153862691	31.6566263362	33.5952615221	9.401
1708	0	4	2	1528	95	28.3153862691	28.5882426647	30.5268778507	9.307
1709	0	4	1	1022	63	30.2877762298	27.8167361779	29.8904125935	7.197
1709	0	4	2	2366	147	30.2877762298	29.2908209802	31.3644973957	6.032
1710	0	4	1	266	16	22.0208242481	30.8692904972	32.3769635448	14.567
1710	0	4	2	1610	100	22.0208242481	29.9606490674	31.468322115	9.402
1711	0	4	1	545	34	21.1139080619	37.4651159869	38.9106963048	4.677
1711	0	4	2	1892	118	21.1139080619	32.335836385	33.7814167028	8.74
1712	0	4	1	377	23	24.9209378575	29.4394288502	31.1456604565	5.843
1712	0	4	2	1721	107	24.9209378575	30.6684379074	32.3746695137	4.535
1713	0	4	1	920	57	23.5634421898	29.2536383943	30.8669279924	19.464
1713	0	4	2	2262	141	23.5634421898	31.3025380137	32.9158276117	5.04
1714	0	4	1	210	13	20.5928475445	28.6299930768	30.0398985766	8.567
1714	0	4	2	1552	97	20.5928475445	31.0739982182	32.483903718	10.96
1715	0	4	1	1240	77	21.1259893443	31.7946470903	33.2410545626	7.654
1715	0	4	2	2589	161	21.1259893443	30.4287074551	31.8751149274	14.535
1716	0	4	1	1009	63	23.1898704961	27.4365576305	29.0242703487	8.882
1716	0	4	2	2354	147	23.1898704961	30.2472062775	31.8349189958	9.023
1717	0	4	1	555	34	25.6616156353	30.4681152008	32.2250578936	9.937
1717	0	4	2	1904	119	25.6616156353	24.4966605818	26.2536032746	10.473
1718	0	4	1	879	54	25.1320185628	29.3569933389	31.0776767517	10.913
1718	0	4	2	2222	138	25.1320185628	28.1559446251	29.8766280379	10.315
1719	0	4	1	1022	63	26.8352988402	28.1150499964	29.9523498327	12.851
1719	0	4	2	2368	148	26.8352988402	24.4163975481	26.2536973844	22.063
1720	0	4	1	1061	66	22.1252253805	35.9382252561	37.4530462094	5.433
1720	0	4	2	2408	150	22.1252253805	29.4030347165	30.9178556698	14.787
1721	0	4	1	488	30	18.874915976	28.8380463606	30.1303323246	13.874
1721	0	4	2	1832	114	18.874915976	30.5360987865	31.8283847506	8.189
1722	0	4	1	773	48	23.5325764538	31.6666487344	33.2778250855	11.905
1722	0	4	2	2114	132	23.5325764538	27.1083331145	28.7195094657	5.591
1723	0	4	1	1081	67	22.6822017521	31.0915065379	32.6444613164	7.78
1723	0	4	2	2427	151	22.6822017521	32.3991401067	33.9520948852	6.22
1724	0	4	1	430	26	22.1926133257	31.5711208691	33.090555591	7.968
1724	0	4	2	1777	111	22.1926133257	30.4223066131	31.941741335	5.118
1725	0	4	1	313	19	18.8342577281	27.9182001238	29.207702389	6.835
1725	0	4	2	1657	103	18.8342577281	31.3876926764	32.6771949416	7.023
1726	0	4	1	903	56	31.2431887784	31.63848869	33.777578177	8.032
1726	0	4	2	2245	140	31.2431887784	30.2821075056	32.4211969926	7.307
1727	0	4	1	1265	79	23.3496948066	30.2250369581	31.8236921735	6.724
1727	0	4	2	2616	163	23.3496948066	30.9719007589	32.5705559742	15.323
1728	0	4	1	1255	78	19.6658692911	29.3428438072	30.6892830119	10.283
1728	0	4	2	2603	162	19.6658692911	29.0004811446	30.3469203493	16.536
1729	0	4	1	1021	63	21.5363639268	28.783038077	30.2575421678	6.724
1729	0	4	2	2366	147	21.5363639268	32.9311993782	34.405703469	5.716
1730	0	4	1	1245	77	23.5945386293	29.3497332213	30.9651518615	10.819
1730	0	4	2	2596	162	23.5945386293	30.2780485688	31.893467209	17.528
1731	0	4	1	822	51	26.4937709144	35.1821815232	36.9960983815	7.842
1731	0	4	2	2165	135	26.4937709144	34.6415307419	36.4554476002	9.811
1732	0	4	1	432	27	20.8556264621	26.9716657305	28.3995625954	8.945
1732	0	4	2	1779	111	20.8556264621	25.6442737258	27.0721705908	11.874
1733	0	4	1	919	57	28.953333127	40.7967611259	42.7790738452	7.905
1733	0	4	2	2269	141	28.953333127	30.8583922452	32.8407049644	9.874
1734	0	4	1	778	48	26.0947930798	37.8891832553	39.6757837825	9.496
1734	0	4	2	2118	132	26.0947930798	33.630557002	35.4171575292	12.189
1735	0	4	1	330	20	27.0378638191	30.8475650642	32.6987336711	7.78
1735	0	4	2	1675	104	27.0378638191	32.7679923785	34.6191609854	7.433
1736	0	4	1	1103	68	25.4208820956	30.1990980269	31.9395587086	13.716
1736	0	4	2	2452	153	25.4208820956	32.4624587077	34.2029193894	13.544
1737	0	4	1	1079	67	25.2906074257	27.8961985555	29.6277398795	14.221
1737	0	4	2	2425	151	25.2906074257	30.1887699697	31.9203112937	11.024
1738	0	4	1	474	29	18.8470710307	30.2030387657	31.4934183037	16.898
1738	0	4	2	1819	113	18.8470710307	31.0767549529	32.3671344909	9.843
1739	0	4	1	1244	77	23.657977403	19.299597711	20.9193597367	4.347
1739	0	4	2	2583	161	23.657977403	32.5509661589	34.1707281846	7.512
1740	0	4	1	1237	77	23.7434498261	29.5486977619	31.1743117242	8.284
1740	0	4	2	2585	161	23.7434498261	29.7721955832	31.3978095456	9.275
1741	0	4	1	598	37	22.6177379925	28.2888314606	29.8373726771	6.126
1741	0	4	2	1948	121	22.6177379925	25.7926949841	27.3412362006	7.213
1742	0	4	1	1245	77	20.7986279693	32.3823831732	33.8063775915	9.559
1742	0	4	2	2598	162	20.7986279693	31.1234478616	32.54744228	15.968
1742	1	4	1	1242	77	20.7986279693	29.2580733597	30.6820677781	8.189
1742	1	4	2	2599	162	20.7986279693	28.6887995565	30.1127939749	19.906
1743	0	4	1	1029	64	28.7699264527	21.0496036054	23.0193592425	9.653
1743	0	4	2	2372	148	28.7699264527	27.231966154	29.201721791	6.189
1744	0	4	1	489	30	22.9095246855	32.3159479108	33.8844665327	14.032
1744	0	4	2	1838	114	22.9095246855	29.414358596	30.9828772178	6.724
1745	0	4	1	1268	79	19.251712451	30.8398064138	32.1578900449	9.449
1745	0	4	2	2618	163	19.251712451	32.748625052	34.0667086831	9.779
1746	0	4	1	336	21	25.0644067456	30.5024830822	32.2185373987	10.347
1746	0	4	2	1681	105	25.0644067456	29.3795425	31.0955968166	8.74
1747	0	4	1	774	48	25.1454560403	32.6448326305	34.3664360508	13.37
1747	0	4	2	2111	131	25.1454560403	32.0182555757	33.739858996	6.158
1748	0	4	1	1227	76	20.8759622742	29.2951233524	30.7244125248	13.086
1748	0	4	2	2578	161	20.8759622742	29.8840842232	31.3133733955	6.614
1749	0	4	1	1230	76	22.530741591	30.5807831036	32.1233680431	9.874
1749	0	4	2	2581	161	22.530741591	30.9674238066	32.510008746	11.527
1750	0	4	1	1062	66	25.2369869351	29.0795044823	30.8073746372	4.914
1750	0	4	2	2413	150	25.2369869351	30.0250553113	31.7529254662	12.551
1751	0	4	1	567	35	25.8560061551	34.5930937209	36.3633455135	7.37
1751	0	4	2	1914	119	25.8560061551	34.0225048671	35.7927566597	7.717
1752	0	4	1	449	28	17.3989192995	28.4565643644	29.6477950554	24.158
1752	0	4	2	1796	112	17.3989192995	31.2907151814	32.4819458725	11.638
1753	0	4	1	994	62	26.6152127191	29.6651143723	31.4873458393	14.063
1753	0	4	2	2337	146	26.6152127191	29.0844437907	30.9066752576	11.039
1754	0	4	1	462	28	21.2610757033	30.1873725413	31.6430288074	9.402
1754	0	4	2	1809	113	21.2610757033	31.7133572663	33.1690135324	10.851
1755	0	4	1	443	27	20.4395477156	29.9366999953	31.3361097017	7.307
1755	0	4	2	1790	111	20.4395477156	26.7059078423	28.1053175487	4.378
1756	0	4	1	825	51	27.1693465008	22.7521436737	24.6123143458	7.04
1756	0	4	2	2167	135	27.1693465008	33.774826208	35.6349968801	10.929
1758	0	4	1	1234	77	24.9205388966	30.967238147	32.6734424382	5.37
1758	0	4	2	2583	161	24.9205388966	30.0670696171	31.7732739083	12.252
1760	0	4	1	591	36	25.7610039712	27.2220969821	28.9858443755	4.976
1760	0	4	2	1945	121	25.7610039712	23.7334199716	25.497167365	6.74
1761	0	4	1	1012	63	20.831112652	28.6083781479	30.0345966556	10.158
1761	0	4	2	2357	147	20.831112652	32.1029042156	33.5291227234	10.819
1762	0	4	1	778	48	29.4097096074	32.2662602034	34.2798190972	12.063
1762	0	4	2	2118	132	29.4097096074	31.3774780317	33.3910369256	15.874
1763	0	4	1	554	34	18.7909355247	31.3043699366	32.5909061131	13.276
1763	0	4	2	1901	118	18.7909355247	31.091776994	32.3783131704	16.788
1764	0	4	1	807	50	21.6992982965	28.0862653032	29.5719248237	15.244
1764	0	4	2	2150	134	21.6992982965	28.4742150021	29.9598745227	15.496
1765	0	4	1	1250	78	15.5595823348	31.9565184477	33.0218174871	4.519
1765	0	4	2	2597	162	15.5595823348	31.0866442826	32.151943322	13.59
1765	1	4	1	1248	78	15.5595823348	29.5435003783	30.6087994177	7.024
1765	1	4	2	2598	162	15.5595823348	32.5716071233	33.6369061627	20.315
1766	0	4	1	920	57	20.3482798816	25.6725422876	27.06570327	20.725
1766	0	4	2	2264	141	20.3482798816	27.3599973188	28.7531583012	12.898
1767	0	4	1	490	30	17.3632798032	31.7958407391	32.9846313439	6.914
1767	0	4	2	1835	114	17.3632798032	31.8708756831	33.059666288	6.897
1768	0	4	1	838	52	28.0042982784	32.6174399481	34.5347762501	10.788
1768	0	4	2	2181	136	28.0042982784	27.0354493758	28.9527856779	4.976
1769	0	4	1	1250	78	15.6875067152	28.4681722296	29.5422297123	6.063
1769	0	4	2	2600	162	15.6875067152	30.5798648059	31.6539222887	16.661
1770	0	4	1	994	62	26.8889670055	27.1900397001	29.0310139696	9.717
1770	0	4	2	2337	146	26.8889670055	30.4543691761	32.2953434456	8.41
1771	0	4	1	1029	64	26.6837668456	21.3651221373	23.1920472165	11.307
1771	0	4	2	2373	148	26.6837668456	31.9953188496	33.8222439288	12.945
1772	0	4	1	336	21	21.8075111937	28.5869256193	30.0799940209	11.04
1772	0	4	2	1681	105	21.8075111937	28.907996307	30.4010647086	5.418
1773	0	4	1	1240	77	23.6343023926	28.9460713277	30.5642124253	9.071
1773	0	4	2	2590	161	23.6343023926	28.2552411835	29.8733822811	11.685
1774	0	4	1	1279	79	18.3419822049	29.2894243544	30.5452225888	8.929
1774	0	4	2	2628	164	18.3419822049	30.4088979988	31.6646962332	16.441
1775	0	4	1	347	21	22.7439703148	28.2502513927	29.8074352044	6.929
1775	0	4	2	1691	105	22.7439703148	27.2109018624	28.7680856741	10
1776	0	4	1	306	19	25.183709189	30.6853439729	32.4095664251	9.244
1776	0	4	2	1666	104	25.183709189	28.2101624436	29.9343848958	10.819
1777	0	4	1	977	61	22.4235225253	28.4026384941	29.937882596	7.653
1777	0	4	2	2322	145	22.4235225253	31.4279968409	32.9632409428	7.654
1778	0	4	1	567	35	25.599762665	30.3869193034	32.1396271839	6.315
1778	0	4	2	1918	119	25.599762665	28.1428032695	29.8955111501	14.094
1779	0	4	1	486	30	21.4487899815	27.6323435918	29.1008518636	10.315
1779	0	4	2	1832	114	21.4487899815	28.9530820109	30.4215902826	6.693
1780	0	4	1	587	36	24.4637048811	33.0247157989	34.69964259	7.811
1780	0	4	2	1936	121	24.4637048811	32.6232422519	34.298169043	5.433
1781	0	4	1	579	36	24.6973021217	29.7566389619	31.4475591717	6.063
1781	0	4	2	1928	120	24.6973021217	29.996159603	31.6870798128	5.811
1782	0	4	1	545	34	23.0335536233	31.0738800607	32.6508904213	9.59
1782	0	4	2	1893	118	23.0335536233	30.8292845809	32.4062949416	16.819
1783	0	4	1	340	21	26.5274270594	30.2832742924	32.0994954452	13.906
1783	0	4	2	1683	105	26.5274270594	29.1442690467	30.9604901994	8.378
1784	0	4	1	349	21	17.9931780997	28.9264638755	30.1583809625	4.409
1784	0	4	2	1693	105	17.9931780997	27.3509249618	28.5828420488	5.087
1785	0	4	1	919	57	27.6612530631	27.9601803696	29.8540298112	13.307
1785	0	4	2	2262	141	27.6612530631	28.3801292453	30.2739786869	10.315
1786	0	4	1	1033	64	28.2049014907	33.2449004767	35.1759712354	7.464
1786	0	4	2	2376	148	28.2049014907	35.8090891904	37.7401599491	5.37
1787	0	4	1	774	48	28.268456457	30.5020103272	32.4374324267	14.614
1787	0	4	2	2116	132	28.268456457	31.5466608355	33.482082935	22.977
1788	0	4	1	930	58	26.9466611912	32.3568038527	34.2017281999	9.338
1788	0	4	2	2274	142	26.9466611912	30.6163523148	32.461276662	7.496
1789	0	4	1	585	36	25.7992939096	31.9944763017	33.7608452458	9.842
1789	0	4	2	1931	120	25.7992939096	31.3046033695	33.0709723136	6.882
1790	0	4	1	944	59	23.294947962	33.2499572074	34.8448641369	5.244
1790	0	4	2	2284	142	23.294947962	30.4131732766	32.0080802062	6.693
1791	0	4	1	808	50	24.7497156236	30.4719314914	32.1664402329	15.134
1791	0	4	2	2151	134	24.7497156236	29.5080309923	31.2025397338	16.834
1792	0	4	1	336	21	21.6243565017	30.4815949492	31.9621235208	8.347
1792	0	4	2	1680	105	21.6243565017	30.0283103181	31.5088388898	5.59
1793	0	4	1	1254	78	21.0479520081	28.8888664635	30.3299310482	6.032
1793	0	4	2	2602	162	21.0479520081	28.301487832	29.7425524167	25.417
1794	0	4	1	280	17	19.4213379154	28.2243892856	29.5540864574	5.874
1794	0	4	2	1624	101	19.4213379154	28.8128912419	30.1425884137	5.779
1795	0	4	1	894	55	26.6378513693	31.3552630527	33.1790444927	17.937
1795	0	4	2	2236	139	26.6378513693	32.3467638987	34.1705453387	6.535
1796	0	4	1	1242	77	22.1594433684	30.4973451479	32.0145088626	9.087
1796	0	4	2	2590	161	22.1594433684	32.3637732137	33.8809369285	8.094
1797	0	4	1	518	32	18.6496674848	27.2841181375	28.5609822865	4.976
1797	0	4	2	1865	116	18.6496674848	29.5884260959	30.8652902449	9.969
1798	0	4	1	1236	77	21.2509221854	27.5887854712	29.0437465687	5.906
1798	0	4	2	2585	161	21.2509221854	28.7789104287	30.2338715262	6.488
1799	0	4	1	510	31	20.4093602193	30.2552047267	31.6525476224	9.575
1799	0	4	2	1859	116	20.4093602193	32.0712775646	33.4686204604	13.905
1800	0	4	1	993	62	22.4772867631	32.9815249154	34.5204500281	4.472
1800	0	4	2	2337	146	22.4772867631	28.0715845775	29.6105096902	8.85
1801	0	4	1	486	30	26.1329761529	28.9666325617	30.755847323	5.087
1801	0	4	2	1830	114	26.1329761529	29.9110909552	31.7003057164	5.292
1803	0	4	1	474	29	24.3458485184	27.9976419817	29.6644996442	10.567
1803	0	4	2	1819	113	24.3458485184	30.5240409037	32.1908985663	4.771
1804	0	4	1	367	22	23.4513737297	31.0763342689	32.6819510117	10.095
1804	0	4	2	1712	107	23.4513737297	30.5693986812	32.1750154239	12.315
1806	0	4	1	832	52	32.3570197674	28.4146544224	30.6300032238	13.874
1806	0	4	2	2175	135	32.3570197674	29.073679727	31.2890285285	12.866
1807	0	4	1	429	26	23.2735729332	29.8549059738	31.4483494453	13.307
1807	0	4	2	1774	110	23.2735729332	30.5165634242	32.1100068957	5.055
1808	0	4	1	1230	76	23.8904531537	28.3658853842	30.001564045	16.252
1808	0	4	2	2581	161	23.8904531537	29.3627120822	30.998390743	13.874
1809	0	4	1	1019	63	23.6481005617	36.5656360676	38.1847218676	11.307
1809	0	4	2	2365	147	23.6481005617	32.1959126103	33.8149984103	8.063
1810	0	4	1	902	56	30.0484915618	30.6185882736	32.6758818763	12.835
1810	0	4	2	2245	140	30.0484915618	30.941402032	32.9986956346	10.567
1811	0	4	1	583	36	19.7929374863	30.4593746097	31.8145136384	14.662
1811	0	4	2	1931	120	19.7929374863	27.5915809834	28.946720012	11.969
1812	0	4	1	458	28	25.647109655	30.5894624287	32.3454119582	9.622
1812	0	4	2	1802	112	25.647109655	32.4937734976	34.249723027	6.252
1813	0	4	1	327	20	21.5043905754	30.6841283584	32.1564433686	10.803
1813	0	4	2	1671	104	21.5043905754	15.8942770549	17.366592065	11.37
1814	0	4	1	1234	77	23.6025471992	31.0855965271	32.7015634803	8.851
1814	0	4	2	2584	161	23.6025471992	34.1193924826	35.7353594358	12.315
1815	0	4	1	915	57	28.3131093425	32.5010429182	34.4395222126	14.725
1815	0	4	2	2258	141	28.3131093425	32.2881754434	34.2266547378	5.071
1816	0	4	1	758	47	25.388863905	26.1554878075	27.8937563387	18.031
1816	0	4	2	2097	131	25.388863905	33.8040671498	35.5423356809	11.874
1817	0	4	1	1009	63	25.3351597925	28.5782942418	30.3128858787	9.37
1817	0	4	2	2341	146	25.3351597925	33.595151025	35.3297426618	9.401
1819	0	4	1	1009	63	21.3151114307	31.1502441521	32.6096000168	7.086
1819	0	4	2	2354	147	21.3151114307	30.2543691074	31.7137249721	12.063
1820	0	4	1	1213	75	21.1166912311	28.9251250259	30.3708958956	6.095
1820	0	4	2	2562	160	21.1166912311	30.1376542479	31.5834251175	13.181
1821	0	4	1	471	29	21.1365590262	29.9661752391	31.413306373	6
1821	0	4	2	1817	113	21.1365590262	30.3680623698	31.8151935037	7.37
1822	0	4	1	937	58	27.5678585438	26.8220277391	28.7094828516	9.717
1822	0	4	2	2280	142	27.5678585438	27.3615365929	29.2489917054	7.559
1823	0	4	1	1239	77	19.9588733363	34.3343099367	35.7008098938	8.708
1823	0	4	2	2589	161	19.9588733363	35.1829834227	36.5494833798	6.598
1824	0	4	1	343	21	21.7383703743	30.9822388166	32.4705734377	9.244
1824	0	4	2	1686	105	21.7383703743	32.0268393134	33.5151739345	10.882
1825	0	4	1	1064	66	20.6326904244	30.251218009	31.6638513828	5.496
1825	0	4	2	2411	150	20.6326904244	31.072412654	32.4850460278	12.063
1826	0	4	1	958	59	24.7495390401	32.4863575732	34.1808542247	13.087
1826	0	4	2	2301	143	24.7495390401	30.6643113821	32.3588080337	8.725
1827	0	4	1	234	14	26.6090211792	31.5151196049	33.3369271632	5.968
1827	0	4	2	1577	98	26.6090211792	30.9225072655	32.7443148238	7.496
1828	0	4	1	1270	79	23.8984154631	29.1129759249	30.7491997315	8.536
1828	0	4	2	2619	163	23.8984154631	30.0100259121	31.6462497186	12.472
1829	0	4	1	155	9	26.1298220674	31.676566831	33.4655656454	8.22
1829	0	4	2	1496	93	26.1298220674	33.403116925	35.1921157393	11.906
1830	0	4	1	276	17	26.8794053768	31.8474265942	33.6877462193	11.748
1830	0	4	2	1619	101	26.8794053768	31.9273934316	33.7677130566	11.748
1831	0	4	1	1045	65	21.2561463619	23.0948043547	24.5501231296	9.528
1831	0	4	2	2394	149	21.2561463619	34.3456877032	35.8010064781	8.158
1832	0	4	1	488	30	23.3977224021	30.0428668533	31.6448103158	10.189
1832	0	4	2	1832	114	23.3977224021	30.5053616576	32.10730512	6.551
1833	0	4	1	1242	77	21.8434771184	32.0475882442	33.5431190811	8.567
1833	0	4	2	2593	162	21.8434771184	30.3926370359	31.8881678729	13.496
1834	0	4	1	485	30	26.594605774	30.6195975238	32.4404181201	6.284
1834	0	4	2	1830	114	26.594605774	31.1691307354	32.9899513317	15.464
1835	0	4	1	1217	76	22.8388781058	28.1586899337	29.722371682	8.456
1835	0	4	2	2566	160	22.8388781058	26.8051082909	28.3687900392	14
1836	0	4	1	1245	77	16.4188483193	31.4443260663	32.568455427	6.583
1836	0	4	2	2597	162	16.4188483193	28.2253182461	29.3494476068	23.843
1837	0	4	1	1033	64	28.4123757311	28.8237251449	30.7690007906	7.842
1837	0	4	2	2377	148	28.4123757311	20.803093931	22.7483695768	6.992
1838	0	4	1	541	33	24.2887858047	33.9593537016	35.6223045206	6.646
1838	0	4	2	1892	118	24.2887858047	34.8049246693	36.4678754883	11.638
1839	0	4	1	282	17	25.416044124	28.7921592562	30.5322887023	6.441
1839	0	4	2	1626	101	25.416044124	28.2216947829	29.9618242291	11.653
1840	0	4	1	1239	77	23.8328369024	36.6904297579	38.3221636767	7.653
1840	0	4	2	2589	161	23.8328369024	33.5245711843	35.1563051031	14.409
1841	0	4	1	431	26	20.2512692107	28.5457518972	29.9322709678	11.354
1841	0	4	2	1779	111	20.2512692107	28.2641319672	29.6506510377	5.055
1842	0	4	1	262	16	25.7769949903	34.0187365629	35.783578794	5.433
1842	0	4	2	1605	100	25.7769949903	31.9084500797	33.6732923108	14.157
1843	0	4	1	246	15	24.5646644124	27.4106908396	29.0925299043	4.677
1843	0	4	2	1588	99	24.5646644124	23.4211452453	25.10298431	17.622
1844	0	4	1	1234	77	22.9168476491	29.5443244805	31.1133444748	8.725
1844	0	4	2	2583	161	22.9168476491	30.299695118	31.8687151124	6.645
1845	0	4	1	486	30	24.0880743712	28.9012397337	30.5504486865	18.032
1845	0	4	2	1832	114	24.0880743712	30.9500464482	32.599255401	12.662
1846	0	4	1	346	21	26.5861067397	28.7945726218	30.6148113251	12.914
1846	0	4	2	1689	105	26.5861067397	29.9169362714	31.7371749746	16.976
1847	0	4	1	1210	75	22.5154114823	33.1633671103	34.7049024618	10.977
1847	0	4	2	2578	161	22.5154114823	30.2451586102	31.7866939617	5.496
1848	0	4	1	1237	77	19.746931702	30.4661268179	31.8181160244	11.496
1848	0	4	2	2585	161	19.746931702	30.9944274085	32.346416615	11.78
1849	0	4	1	903	56	28.6182331711	33.0229621735	34.9823320108	7.874
1849	0	4	2	2246	140	28.6182331711	33.8930307852	35.8524006225	5.591
1850	0	4	1	893	55	25.5800763071	27.5380398103	29.2893998489	9.906
1850	0	4	2	2236	139	25.5800763071	25.7484491213	27.4998091598	9.607
1851	0	4	1	865	54	26.7116449385	29.4960375616	31.3248713363	7.103
1851	0	4	2	2209	138	26.7116449385	30.1613697803	31.990203555	16.614
1852	0	4	1	1279	79	26.4128355472	31.1851313351	32.9935068899	5.622
1852	0	4	2	2628	164	26.4128355472	30.847330096	32.6557056508	12.441
1853	0	4	1	1255	78	19.9430661891	30.0619326487	31.427350357	10.897
1853	0	4	2	2604	162	19.9430661891	29.7510350661	31.1164527745	13.748
1854	0	4	1	824	51	28.3352601122	19.126061966	21.0660578303	7.653
1854	0	4	2	2166	135	28.3352601122	24.9934014886	26.9333973528	18.189
1855	0	4	1	903	56	26.8253079263	29.0658824113	30.9024982118	11.937
1855	0	4	2	2246	140	26.8253079263	29.405010187	31.2416259876	6.032
1855	1	4	1	897	56	26.8253079263	30.3336911933	32.1703069939	8.378
1855	1	4	2	2241	140	26.8253079263	27.9850821851	29.8216979856	8.126
1856	0	4	1	778	48	29.335965492	31.0794742613	33.0879842063	9.654
1856	0	4	2	2119	132	29.335965492	31.5018807494	33.5103906944	11.134
1857	0	4	1	291	18	25.9171782205	30.7727586166	32.5471986027	11.402
1857	0	4	2	1634	102	25.9171782205	29.4381260822	31.2125660683	5.527
1858	0	4	1	808	50	26.9272413415	29.5953761403	31.4389708922	8.945
1858	0	4	2	2150	134	26.9272413415	29.4166587778	31.2602535297	9.401
1859	0	4	1	333	20	25.4384627364	31.776183658	33.5178480121	5.591
1859	0	4	2	1677	104	25.4384627364	31.6673967534	33.4090611075	6.929
1860	0	4	1	810	50	25.842896395	36.1789899274	37.9483441499	6.157
1860	0	4	2	2153	134	25.842896395	31.3249025193	33.0942567418	17.055
1861	0	4	1	985	61	20.4838955529	23.489269716	24.891715732	12.913
1861	0	4	2	2331	145	20.4838955529	29.5449851836	30.9474311996	11.37
1862	0	4	1	266	16	25.1849579958	30.5203529499	32.2446609026	14.031
1862	0	4	2	1609	100	25.1849579958	28.0032870371	29.7275949898	15.654
1863	0	4	1	1003	62	23.8292673503	27.8146969699	29.4461864965	6.283
1863	0	4	2	2350	146	23.8292673503	30.6894293471	32.3209188737	8.961
1864	0	4	1	333	20	22.588683161	29.1270055155	30.6735574701	5.906
1864	0	4	2	1677	104	22.588683161	30.3407046506	31.8872566053	17.37
1865	0	4	1	379	23	25.5306412367	30.3791831562	32.1271585839	13.906
1865	0	4	2	1726	107	25.5306412367	32.0643058698	33.8122812974	6.535
1866	0	4	1	431	26	21.1267005106	27.1188559532	28.5653121161	11.307
1866	0	4	2	1779	111	21.1267005106	27.4742481591	28.920704322	6.315
1867	0	4	1	1250	78	23.4185645852	28.1533248068	29.7566952457	4.41
1867	0	4	2	2598	162	23.4185645852	31.1973262568	32.8006966957	5.496
1868	0	4	1	113	7	23.9497908342	30.7503123674	32.3900536291	7.339
1868	0	4	2	1453	90	23.9497908342	28.511510124	30.1512513857	13.843
1869	0	4	1	282	17	25.1169123038	29.850770983	31.5704201339	5.402
1869	0	4	2	1626	101	25.1169123038	29.9063489548	31.6259981057	8.536
1870	0	4	1	301	18	24.3106895495	30.5702919847	32.2347424608	9.338
1870	0	4	2	1642	102	24.3106895495	30.7025981159	32.3670485919	9.512
1871	0	4	1	879	54	27.8205421284	29.6596189185	31.5643742113	9.622
1871	0	4	2	2223	138	27.8205421284	28.5700409946	30.4747962874	14.315
1872	0	4	1	740	46	29.3012953854	28.5087381633	30.5148743922	12.567
1872	0	4	2	2079	129	29.3012953854	28.1890063204	30.1951425493	14.772
1873	0	4	1	822	51	21.7188060507	33.0656175559	34.5526126902	9.906
1873	0	4	2	2165	135	21.7188060507	33.5593741813	35.0463693156	12
1874	0	4	1	1251	78	20.2126201984	29.7111409533	31.0950138888	7.37
1874	0	4	2	2602	162	20.2126201984	31.2135933644	32.5974662999	4.914
1875	0	4	1	296	18	27.3118980777	35.5726414049	37.4425719828	11.118
1875	0	4	2	1640	102	27.3118980777	33.0369437929	34.9068743708	4.032
1876	0	4	1	1022	63	23.4772396012	30.3000957301	31.9074834001	7.433
1876	0	4	2	2368	148	23.4772396012	30.2363131167	31.8437007867	14.347
1877	0	4	1	521	32	22.8664920187	31.2580871447	32.8236595012	9.055
1877	0	4	2	1869	116	22.8664920187	31.4604414615	33.0260138181	6
1878	0	4	1	545	34	20.6157078287	36.1621570392	37.5736276863	11.937
1878	0	4	2	1894	118	20.6157078287	32.3946139528	33.8060845999	12.236
1879	0	4	1	1250	78	18.7941149954	30.0056728773	31.2924267387	10.882
1879	0	4	2	2604	162	18.7941149954	30.6893584972	31.9761123587	14
1880	0	4	1	413	25	19.2020597793	29.6919322664	31.0066163882	4.504
1880	0	4	2	1760	110	19.2020597793	31.7667058977	33.0813900195	12.598
1881	0	4	1	1029	64	27.0535150589	21.108179055	22.9604192363	7.779
1881	0	4	2	2374	148	27.0535150589	31.8283187222	33.6805589036	8.709
1882	0	4	1	159	9	24.8424599055	29.7821635617	31.4830221133	10.283
1882	0	4	2	1499	93	24.8424599055	29.7008325097	31.4016910613	22.74
1883	0	4	1	779	48	25.7822479517	28.1969671315	29.9621690107	11.449
1883	0	4	2	2119	132	25.7822479517	29.7650137725	31.5302156517	20.315
1884	0	4	1	936	58	25.7945557511	29.0796193918	30.8456639342	24.095
1884	0	4	2	2284	142	25.7945557511	30.1187581921	31.8848027345	4.992
1885	0	4	1	267	16	25.413963784	32.8310164897	34.5710035038	8.063
1885	0	4	2	1611	100	25.413963784	33.1277530095	34.8677400235	8.094
1886	0	4	1	1248	78	22.4944698748	30.3023987063	31.8425002742	5.402
1886	0	4	2	2598	162	22.4944698748	32.3750400665	33.9151416344	15.685
1887	0	4	1	138	8	24.4519882411	31.07254687	32.7466714721	6.582
1887	0	4	2	1480	92	24.4519882411	29.5932105348	31.2673351369	9.622
1888	0	4	1	1022	63	25.2310033676	32.5195899973	34.2470504826	11.181
1888	0	4	2	2366	147	25.2310033676	31.4673253584	33.1947858437	5.559
1889	0	4	1	376	23	24.3002740947	31.6155824951	33.2793198689	4.63
1889	0	4	2	1722	107	24.3002740947	29.3680118289	31.0317492027	10.788
1891	0	4	1	1218	76	21.1616097855	31.0938608674	32.5427071212	9.134
1891	0	4	2	2569	160	21.1616097855	30.6347742596	32.0836205135	12.252
1892	0	4	1	887	55	22.6803415911	29.2319892747	30.7848166958	7.008
1892	0	4	2	2229	139	22.6803415911	27.7530203512	29.3058477723	12.284
1893	0	4	1	1211	75	19.7427766266	32.3245294814	33.6762342074	8.441
1893	0	4	2	2561	160	19.7427766266	32.5074509158	33.8591556418	7.008
1894	0	4	1	1245	77	23.6208937004	29.3792121846	30.9964352455	12.347
1894	0	4	2	2596	162	23.6208937004	31.9475981673	33.5648212282	19.149
1895	0	4	1	238	14	23.4162518944	30.6145010054	32.2177131041	8
1895	0	4	2	1580	98	23.4162518944	26.7996778042	28.4028899029	5.433
1896	0	4	1	879	54	27.2211111828	27.7639281363	29.627642918	5.937
1896	0	4	2	2222	138	27.2211111828	29.5355613722	31.3992761539	15.338
1897	0	4	1	938	58	27.274285612	7.68145017507	9.5488055859	16.252
1897	0	4	2	2282	142	27.274285612	10.2174085715	12.0847639824	14.992
1898	0	4	1	737	46	24.736568537	30.7633718237	32.4569804396	13.653
1898	0	4	2	2077	129	24.736568537	29.9133211745	31.6069297903	8.456
1898	1	4	1	739	46	24.736568537	28.7815501675	30.4751587833	14.315
1898	1	4	2	2078	129	24.736568537	27.1573474977	28.8509561135	12.504
1899	0	4	1	250	15	25.9898753643	27.831656099	29.6110733523	5.275
1899	0	4	2	1591	99	25.9898753643	30.5751780527	32.354595306	15.685
1900	0	4	1	1253	78	21.0795761334	29.1327921119	30.5760218673	5.622
1900	0	4	2	2601	162	21.0795761334	30.6450570947	32.0882868501	11.622
1901	0	4	1	1055	65	15.0481203388	28.6415366462	29.6718180379	13.023
1901	0	4	2	2392	149	15.0481203388	27.958307737	28.9885891287	5.559
1902	0	4	1	377	23	28.9237254338	28.9567408923	30.9370264975	8.252
1902	0	4	2	1722	107	28.9237254338	30.206977416	32.1872630212	6.567
1903	0	4	1	545	34	20.7802357641	34.7052602234	36.127995405	6.221
1903	0	4	2	1893	118	20.7802357641	33.2775617721	34.7002969537	11.244
1904	0	4	1	333	20	22.2268115788	31.0137287926	32.5355049248	11.464
1904	0	4	2	1677	104	22.2268115788	31.4792753917	33.0010515239	12.126
1905	0	4	1	1061	66	24.4958363363	35.5380537885	37.2151804849	4.441
1905	0	4	2	2408	150	24.4958363363	31.2664572677	32.9435839642	14.378
1906	0	4	1	347	21	23.1672956109	31.2760066586	32.8621737696	4.378
1906	0	4	2	1691	105	23.1672956109	32.0749452071	33.6611123181	4.315
1907	0	4	1	557	34	22.6087297073	28.560760074	30.1086845312	4.866
1907	0	4	2	1907	119	22.6087297073	29.3255126084	30.8734370656	9.496
1908	0	4	1	934	58	25.0399630764	30.4163258759	32.1307066374	17.685
1908	0	4	2	2277	142	25.0399630764	29.5335100542	31.2478908157	12.347
1909	0	4	1	1211	75	19.1520293758	29.5524203922	30.8636791431	5.607
1909	0	4	2	2561	160	19.1520293758	30.1678937566	31.4791525076	10.22
1910	0	4	1	124	7	26.0130561801	28.9999400082	30.7809443543	10.914
1910	0	4	2	1464	91	26.0130561801	31.1368900574	32.9178944034	12.866
1911	0	4	1	584	36	25.8865862341	31.3927653896	33.1651108713	10.74
1911	0	4	2	1933	120	25.8865862341	30.8330467195	32.6053922012	10.095
1912	0	4	1	544	34	24.3594599883	36.1151082529	37.7828978354	6.315
1912	0	4	2	1892	118	24.3594599883	35.5499412232	37.2177308057	15.228
1913	0	4	1	585	36	26.3018894764	30.0517658593	31.852545404	11.181
1913	0	4	2	1933	120	26.3018894764	31.2080014685	33.0087810133	7.779
1914	0	4	1	935	58	23.5959190561	29.6234890617	31.2390022139	11.748
1914	0	4	2	2278	142	23.5959190561	31.1170858216	32.7325989738	13.716
1915	0	4	1	939	58	25.5386533013	33.9088194614	35.6573434413	15.843
1915	0	4	2	2282	142	25.5386533013	32.9434151111	34.691939091	9.386
1916	0	4	1	1227	76	21.5056253126	30.0795063775	31.5519059249	5.37
1916	0	4	2	2574	160	21.5056253126	28.2562608881	29.7286604355	11.559
1917	0	4	1	569	35	20.7019938505	26.4217475379	27.8391258253	12.63
1917	0	4	2	1918	119	20.7019938505	26.63915669	28.0565349775	12.866
1918	0	4	1	773	48	24.4569728901	28.9793541155	30.6538199955	5.748
1918	0	4	2	2114	132	24.4569728901	27.7543990138	29.4288648938	18.33
1919	0	4	1	732	45	28.3031294717	30.3689025605	32.3066985752	8.032
1919	0	4	2	2071	129	28.3031294717	29.7116165087	31.6494125234	11.433
1920	0	4	1	584	36	23.4685751614	30.979068375	32.5858628273	8.96
1920	0	4	2	1930	120	23.4685751614	30.494594633	32.1013890853	13.103
1920	1	4	1	583	36	23.4685751614	31.8278871221	33.4346815744	11.496
1920	1	4	2	1933	120	23.4685751614	29.7757544267	31.382548879	12.819
1921	0	4	1	1002	62	26.6915574309	30.8282869437	32.6557454114	14.346
1921	0	4	2	2349	146	26.6915574309	30.8590342606	32.6864927283	15.969
1921	1	4	1	1001	62	26.6915574309	29.6633827666	31.4908412343	13.008
1921	1	4	2	2343	146	26.6915574309	28.4151204518	30.2425789195	5.842
1922	0	4	1	1021	63	27.0576190988	22.9768695797	24.8293907473	15.559
1922	0	4	2	2366	147	27.0576190988	27.3753877361	29.2279089037	11.102
1923	0	4	1	105	6	21.3029889594	30.5250848596	31.9836107498	20.803
1923	0	4	2	1447	90	21.3029889594	31.4197148893	32.8782407794	7.401
1924	0	4	1	561	35	21.1338702906	30.4691324564	31.9160795039	14.362
1924	0	4	2	1910	119	21.1338702906	30.3881122008	31.8350592483	5.276
1926	0	4	1	1061	66	28.2449178312	35.6494039183	37.5832144272	5.937
1926	0	4	2	2407	150	28.2449178312	31.2614475623	33.1952580712	12.788
1927	0	4	1	1029	64	24.2734368747	23.0965654251	24.7584653675	6.252
1927	0	4	2	2373	148	24.2734368747	33.8374966548	35.4993965972	12.315
1928	0	4	1	1012	63	26.643460718	29.4221653873	31.2463308757	10.284
1928	0	4	2	2357	147	26.643460718	32.3848602711	34.2090257595	6.441
1930	0	4	1	551	34	22.1845020231	30.1818913614	31.7007707366	10.504
1930	0	4	2	1890	118	22.1845020231	31.1659319429	32.6848113181	5.055
1931	0	4	1	1013	63	27.8617624914	27.9062301731	29.8138076505	19.229
1931	0	4	2	2358	147	27.8617624914	33.556899719	35.4644771963	6.094
1932	0	4	1	1004	62	29.1931076879	27.8436792777	29.8424083508	4.504
1932	0	4	2	2351	146	29.1931076879	29.9824682557	31.9811973288	7.465
1933	0	4	1	1004	62	31.2898283467	32.4043565731	34.5466392748	11.937
1933	0	4	2	2350	146	31.2898283467	32.2452125391	34.3874952408	8.189
1934	0	4	1	930	58	25.4659052903	29.7528205349	31.496363765	13.905
1934	0	4	2	2274	142	25.4659052903	32.5571197407	34.3006629709	9.874
1935	0	4	1	490	30	21.6332002331	30.253247444	31.7343815087	11.842
1935	0	4	2	1835	114	21.6332002331	29.3694618513	30.850595916	15.496
1936	0	4	1	1236	77	23.1365997603	30.0709686897	31.6550341851	12.535
1936	0	4	2	2586	161	23.1365997603	29.9408786522	31.5249441477	13.464
1937	0	4	1	1079	67	20.8073892247	29.7336561899	31.1582504545	7.354
1937	0	4	2	2425	151	20.8073892247	33.0851701618	34.5097644264	12.063
1938	0	4	1	592	37	18.6692561237	28.4258035618	29.7040088624	15.244
1938	0	4	2	1956	122	18.6692561237	27.7973363861	29.0755416866	5.401
1939	0	4	1	1234	77	25.0814877718	29.5860136464	31.3032374289	10.378
1939	0	4	2	2584	161	25.0814877718	31.1214033732	32.8386271557	12.913
1940	0	4	1	1041	65	23.4748254958	29.4322580253	31.0394804116	10.157
1940	0	4	2	2394	149	23.4748254958	31.0627362166	32.669958603	9.213
1941	0	4	1	954	59	23.0768074838	29.9226438752	31.5026156454	9.67
1941	0	4	2	2296	143	23.0768074838	26.7455476812	28.3255194514	8.189
1942	0	4	1	901	56	29.1430882285	29.1192812247	31.1145856762	10.189
1942	0	4	2	2241	140	29.1430882285	30.5749256681	32.5702301195	6.095
1943	0	4	1	550	34	21.3715857248	29.5605541429	31.0237765645	5.811
1943	0	4	2	1897	118	21.3715857248	28.1388534135	29.6020758351	8.724
1944	0	4	1	474	29	25.3949654846	27.8812003124	29.6198865929	9.874
1944	0	4	2	1821	113	25.3949654846	28.2295395928	29.9682258733	12.126
1945	0	4	1	119	7	21.3940004517	30.1771921901	31.6419492536	12.252
1945	0	4	2	1460	91	21.3940004517	32.4694766195	33.934233683	12.803
1946	0	4	1	158	9	25.9274202771	27.657989634	29.4331308506	10.614
1946	0	4	2	1498	93	25.9274202771	29.9165124962	31.6916537128	21.527
1947	0	4	1	737	46	26.0391616408	29.4534632907	31.2362549677	16.22
1947	0	4	2	2077	129	26.0391616408	31.1363147258	32.9191064027	9.874
1948	0	4	1	1064	66	27.6332506784	31.0523430894	32.9442753258	5.496
1948	0	4	2	2412	150	27.6332506784	32.6436864629	34.5356186993	14.425
1949	0	4	1	1031	64	27.5724213652	24.5518557278	26.4396232374	5.433
1949	0	4	2	2365	147	27.5724213652	28.3875182573	30.2752857669	12.473
1950	0	4	1	491	30	24.3097738595	30.0794012997	31.7437890823	8.252
1950	0	4	2	1838	114	24.3097738595	30.1852468413	31.849634624	4.614
1951	0	4	1	276	17	21.5144262176	27.465524361	28.9385264693	10.252
1951	0	4	2	1620	101	21.5144262176	27.0131357583	28.4861378666	20.032
1952	0	4	1	258	16	25.0383825939	28.4668823887	30.1811549413	5.559
1952	0	4	2	1596	99	25.0383825939	29.8242210427	31.5384935952	10.677
1953	0	4	1	838	52	26.6545983768	30.175441861	32.000369898	6.866
1953	0	4	2	2181	136	26.6545983768	22.8255122212	24.6504402582	7.338
1954	0	4	1	808	50	27.7440019531	30.3243550564	32.2238699659	9.339
1954	0	4	2	2150	134	27.7440019531	29.2730051065	31.172520016	9.512
1955	0	4	1	582	36	25.1554486369	23.2561624171	24.9784499884	11.937
1955	0	4	2	1930	120	25.1554486369	24.8425714366	26.5648590078	6.771
1956	0	4	1	1061	66	26.3651982478	36.3221721076	38.1272861372	6.725
1956	0	4	2	2408	150	26.3651982478	33.6833452969	35.4884593265	6.22
1957	0	4	1	297	18	26.5753547774	31.2351624584	33.0546650201	9.842
1957	0	4	2	1641	102	26.5753547774	30.6154980478	32.4350006095	7.449
1958	0	4	1	1256	78	22.744949795	18.0184545472	19.5757054198	6.504
1958	0	4	2	2596	162	22.744949795	18.2036363386	19.7608872112	13.591
1959	0	4	1	112	7	25.2559596698	28.9019622466	30.6311313848	8
1959	0	4	2	1451	90	25.2559596698	28.6474859345	30.3766550727	7.528
1960	0	4	1	1095	68	21.5383882386	31.6145579397	33.0892006266	4.504
1960	0	4	2	2442	152	21.5383882386	31.8991102378	33.3737529247	8.504
1961	0	4	1	822	51	24.5938132177	34.2199044668	35.9037392275	6.189
1961	0	4	2	2166	135	24.5938132177	26.0273834822	27.7112182428	15.465
1962	0	4	1	771	48	32.8082922998	28.970745272	31.2169908022	6.346
1962	0	4	2	2113	132	32.8082922998	30.3507021923	32.5969477225	9.433
1963	0	4	1	1103	68	24.5794127357	30.3167250256	31.9995738459	4.725
1963	0	4	2	2457	153	24.5794127357	31.05393761	32.7367864303	5.906
1964	0	4	1	1234	77	20.6967245847	29.5056642075	30.9226817305	7.591
1964	0	4	2	2583	161	20.6967245847	29.0756958481	30.4927133711	5.338
1965	0	4	1	1257	78	15.2449178795	29.146140573	30.1898958631	5.04
1965	0	4	2	2617	163	15.2449178795	29.6033493907	30.6471046808	4.095
1966	0	4	1	431	26	23.3297786921	29.224132183	30.8214238259	6.819
1966	0	4	2	1767	110	23.3297786921	33.8604507325	35.4577423754	11.59
1967	0	4	1	586	36	21.1410260697	31.4584358367	32.9058728102	5.779
1967	0	4	2	1933	120	21.1410260697	31.0135497444	32.460986718	7.874
1968	0	4	1	807	50	26.7693599384	31.5917709845	33.4245562621	7.653
1968	0	4	2	2150	134	26.7693599384	30.5040646416	32.3368499191	8.441
1969	0	4	1	265	16	21.3446053717	31.5922017058	33.0535768963	8.315
1969	0	4	2	1609	100	21.3446053717	27.8168254141	29.2782006047	4.378
1970	0	4	1	584	36	23.5621305874	29.2959762697	30.9091760678	11.874
1970	0	4	2	1933	120	23.5621305874	29.079535894	30.6927356922	5.653
1971	0	4	1	489	30	23.0706565368	27.6642522365	29.2438028773	9.906
1971	0	4	2	1834	114	23.0706565368	29.8458954422	31.425446083	19.717
1972	0	4	1	77	4	26.4275404682	32.1480096783	33.9573920171	14.599
1972	0	4	2	1417	88	26.4275404682	31.1029320485	32.9123143873	7.04
1973	0	4	1	832	52	23.9201572222	27.7277229451	29.3654353183	11.307
1973	0	4	2	2173	135	23.9201572222	28.4617011627	30.0994135359	10.961
1974	0	4	1	520	32	20.0536867142	30.2865156515	31.659507081	6.535
1974	0	4	2	1867	116	20.0536867142	30.0665584159	31.4395498454	9.59
1975	0	4	1	1279	79	21.0330572412	27.9192580064	29.3593028092	11.339
1975	0	4	2	2629	164	21.0330572412	31.9904653397	33.4305101425	10.126
1976	0	4	1	794	49	21.9138539634	34.3572994582	35.8576487012	4.977
1976	0	4	2	2132	133	21.9138539634	31.5481970612	33.0485463042	16.031
1977	0	4	1	488	30	22.8827014072	30.8816627967	32.4483449417	5.685
1977	0	4	2	1834	114	22.8827014072	30.4327188987	31.9994010437	7.528
1978	0	4	1	962	60	24.0334142052	34.5833571625	36.2288237641	7.496
1978	0	4	2	2306	144	24.0334142052	31.9453155554	33.590782157	5.874
1979	0	4	1	1244	77	22.8884370252	30.4592378483	32.0263126869	10.284
1979	0	4	2	2594	162	22.8884370252	30.5315882942	32.0986631329	11.323
1980	0	4	1	1064	66	24.7975218375	27.1263646497	28.8241464812	5.433
1980	0	4	2	2413	150	24.7975218375	25.649119979	27.3469018105	16.158
1981	0	4	1	1246	77	21.9342451501	28.5303839185	30.0321292601	11.969
1981	0	4	2	2596	162	21.9342451501	28.8177047806	30.3194501222	8.504
1982	0	4	1	879	54	23.8943963362	28.0313849706	29.6673336045	7.622
1982	0	4	2	2222	138	23.8943963362	28.1394087513	29.7753573852	17.779
1983	0	4	1	1209	75	16.622677987	31.4821535649	32.6202382841	7.906
1983	0	4	2	2565	160	16.622677987	31.7931980315	32.9312827507	9.874
1984	0	4	1	1217	76	20.0104025823	32.4604063359	33.8304342834	6.599
1984	0	4	2	2566	160	20.0104025823	29.7205412628	31.0905692103	13.653
1985	0	4	1	510	31	18.9095644647	25.4383628451	26.7330210452	16.283
1985	0	4	2	1850	115	18.9095644647	28.6560495437	29.9507077438	8.772
1986	0	4	1	538	33	21.9667155677	31.7432770013	33.2472454556	5.653
1986	0	4	2	1889	118	21.9667155677	32.1170999903	33.6210684446	10
1987	0	4	1	553	34	22.7506557926	29.4678888167	31.0255303549	12.819
1987	0	4	2	1901	118	22.7506557926	29.015746145	30.5733876832	4.378
1988	0	4	1	159	9	25.1132480232	32.2229471236	33.9423453967	8.315
1988	0	4	2	1499	93	25.1132480232	31.5763811191	33.2957793921	16.441
1989	0	4	1	514	32	22.5260163992	29.5802310377	31.1224924632	11.275
1989	0	4	2	1861	116	22.5260163992	30.6320503885	32.174311814	7.401
1990	0	4	1	778	48	25.2764720856	34.9396226434	36.6701961802	4.158
1990	0	4	2	2117	132	25.2764720856	35.2346183023	36.9651918392	9.654
1991	0	4	1	574	35	22.0296420548	27.6375095034	29.1457862691	6.693
1991	0	4	2	1924	120	22.0296420548	30.9043960612	32.4126728269	8.126
1992	0	4	1	298	18	23.9260891232	33.3258101211	34.9639286265	9.59
1992	0	4	2	1638	102	23.9260891232	34.820821159	36.4589396645	16.189
1993	0	4	1	247	15	21.0188222886	28.2208986687	29.6599688643	7.874
1993	0	4	2	1588	99	21.0188222886	27.5820172294	29.021087425	9.165
1994	0	4	1	1056	66	25.9360304439	28.9750098511	30.7507405695	10.032
1994	0	4	2	2402	150	25.9360304439	28.8083489646	30.584079683	15.968
1995	0	4	1	1009	63	19.8723311623	30.2477137742	31.6082885533	6.582
1995	0	4	2	2354	147	19.8723311623	31.4966421276	32.8572169067	9.339
1996	0	4	1	440	27	22.7445916068	29.8455130201	31.4027393691	6.929
1996	0	4	2	1785	111	22.7445916068	29.2240904558	30.7813168048	4.803
1997	0	4	1	994	62	23.7547827642	29.3265631021	30.952952983	7.354
1997	0	4	2	2337	146	23.7547827642	29.857349564	31.4837394448	14.126
1999	0	4	1	289	18	26.1346311793	32.4245514146	34.2138794886	12
1999	0	4	2	1633	102	26.1346311793	35.7558337496	37.5451618236	8.189
2001	0	4	1	1240	77	21.3603523182	28.8278280269	30.2902813446	7.591
2001	0	4	2	2590	161	21.3603523182	30.3761973737	31.8386506913	10.977
2002	0	4	1	919	57	31.5257118236	27.686875587	29.8453082364	9.78
2002	0	4	2	2262	141	31.5257118236	27.1856340954	29.3440667448	4.41
2003	0	4	1	1272	79	24.8579753238	30.8218717732	32.5237926002	5.78
2003	0	4	2	2622	163	24.8579753238	33.3612246634	35.0631454904	5.874
2004	0	4	1	337	21	22.9934919256	30.269112018	31.843379523	4.158
2004	0	4	2	1681	105	22.9934919256	31.294985421	32.869252926	8.346
2006	0	4	1	154	9	23.4681404119	31.6827232933	33.2894879802	8.22
2006	0	4	2	1495	93	23.4681404119	30.6106851614	32.2174498482	13.244
2007	0	4	1	1240	77	26.0612954559	25.9327753527	27.7170824387	7.59
2007	0	4	2	2590	161	26.0612954559	27.7815787449	29.5658858309	13.843
2008	0	4	1	238	14	22.3609016923	29.3683101956	30.8992669128	7.401
2008	0	4	2	1580	98	22.3609016923	22.0941449428	23.6251016601	20.977
2009	0	4	1	994	62	19.9576183174	27.7754617551	29.1418757863	16.394
2009	0	4	2	2337	146	19.9576183174	28.3239143141	29.6903283453	12.771
2010	0	4	1	430	26	22.1664853741	29.6410580313	31.1587038825	8.677
2010	0	4	2	1776	111	22.1664853741	27.4391210912	28.9567669424	5.716
2011	0	4	1	1279	79	18.7813657258	28.2276335988	29.5135145715	10.504
2011	0	4	2	2628	164	18.7813657258	27.1781617494	28.4640427221	6.41
2012	0	4	1	1081	67	25.5672346302	33.1716974452	34.9221782683	6.787
2012	0	4	2	2427	151	25.5672346302	28.6421752518	30.3926560749	8.347
2013	0	4	1	275	17	22.5660102278	30.256791049	31.8017906834	5.527
2013	0	4	2	1619	101	22.5660102278	29.0575675989	30.6025672333	8.709
2014	0	4	1	538	33	20.468296378	28.2003430491	29.6017210554	16.504
2014	0	4	2	1889	118	20.468296378	27.555867186	28.9572451922	9.527
2015	0	4	1	534	33	26.8505391487	30.3771620373	32.2155053133	15.04
2015	0	4	2	1883	117	26.8505391487	30.7829945658	32.6213378419	9.402
2016	0	4	1	754	47	24.8330641955	23.9048271272	25.6050423942	9.401
2016	0	4	2	2101	131	24.8330641955	32.1091427435	33.8093580105	4.976
2017	0	4	1	1233	77	19.2330320766	30.727553443	32.0443581075	4.599
2017	0	4	2	2583	161	19.2330320766	29.5192211686	30.8360258331	15.244
2019	0	4	1	771	48	23.741419252	28.4394705204	30.0649454579	12.851
2019	0	4	2	2111	131	23.741419252	31.6892570267	33.3147319642	11.244
2020	0	4	1	513	32	22.2566522157	30.1350674805	31.6588866754	4.441
2020	0	4	2	1860	116	22.2566522157	30.6446360472	32.1684552421	13.905
2021	0	4	1	179	11	24.006827882	28.6246483802	30.2682947283	17.307
2021	0	4	2	1522	95	24.006827882	26.7057050295	28.3493513776	12
2022	0	4	1	1024	64	18.9305901144	24.6177272339	25.9138249716	8.189
2022	0	4	2	2370	148	18.9305901144	30.6295800001	31.9256777379	7.37
2023	0	4	1	581	36	23.9389241124	33.156308177	34.7953054401	12.519
2023	0	4	2	1930	120	23.9389241124	31.556467339	33.1954646021	4.158
2024	0	4	1	916	57	26.4648302516	33.0396631357	34.8515985488	12
2024	0	4	2	2257	141	26.4648302516	33.3539614263	35.1658968394	5.905
2025	0	4	1	490	30	24.0069052152	27.4594107386	29.1030623814	12.582
2025	0	4	2	1835	114	24.0069052152	27.6100988743	29.2537505171	7.78
2026	0	4	1	1062	66	23.7478229761	29.8838503825	31.5097637561	6.252
2026	0	4	2	2410	150	23.7478229761	32.3318732811	33.9577866547	8.315
2028	0	4	1	212	13	22.7951577056	28.6774953101	30.2381837068	11.748
2028	0	4	2	1556	97	22.7951577056	27.979928736	29.5406171327	9.276
2029	0	4	1	920	57	26.9491385589	30.5794383315	32.4245322936	15.59
2029	0	4	2	2262	141	26.9491385589	30.1443722756	31.9894662378	4.834
2030	0	4	1	458	28	27.5197041812	28.7404616591	30.6246198452	9.417
2030	0	4	2	1803	112	27.5197041812	30.7577898988	32.6419480849	7.622
2031	0	4	1	806	50	29.7255339316	31.2081553566	33.2433374111	9.843
2031	0	4	2	2146	134	29.7255339316	32.001332494	34.0365145485	18.315
2032	0	4	1	490	30	24.0870612489	31.8116940377	33.4608336263	14.929
2032	0	4	2	1835	114	24.0870612489	28.4655788622	30.1147184508	15.118
2033	0	4	1	1264	79	15.0624779846	29.4612555232	30.4925199224	6.929
2033	0	4	2	2601	162	15.0624779846	37.5951629617	38.6264273609	11.37
2034	0	4	1	558	34	20.1777346347	32.8515944252	34.2330788932	14.284
2034	0	4	2	1908	119	20.1777346347	33.5137998497	34.8952843177	8.095
2035	0	4	1	1221	76	19.3799922507	30.4529313735	31.7797977819	5.433
2035	0	4	2	2571	160	19.3799922507	33.1549731385	34.4818395469	12
2036	0	4	1	1229	76	21.2002799375	30.0545731566	31.5060669928	12.22
2036	0	4	2	2580	161	21.2002799375	29.1245951475	30.5760889837	9.685
2037	0	4	1	1254	78	14.3625085531	27.9232277325	28.9065681742	4.788
2037	0	4	2	2601	162	14.3625085531	26.7896634103	27.773003852	13.244
2038	0	4	1	242	15	26.4042003758	34.0356616053	35.8434459463	7.685
2038	0	4	2	1582	98	26.4042003758	30.8235914031	32.6313757441	5.717
2039	0	4	1	490	30	21.8030443037	25.3861629022	26.8789254747	10.63
2039	0	4	2	1834	114	21.8030443037	26.0862572825	27.579019855	13.213
2040	0	4	1	893	55	24.9314526125	29.0732282684	30.7801797757	15.433
2040	0	4	2	2235	139	24.9314526125	25.4929266941	27.1998782014	7.418
2041	0	4	1	1259	78	22.1845017965	29.6898002131	31.2086795728	6.52
2041	0	4	2	2609	163	22.1845017965	29.0917357252	30.6106150849	18.977
2042	0	4	1	545	34	21.6306667552	35.5172520552	36.9982126633	14.677
2042	0	4	2	1894	118	21.6306667552	33.7580281906	35.2389887987	8.599
2043	0	4	1	1012	63	23.690570984	30.3399001094	31.9618936803	10.85
2043	0	4	2	2357	147	23.690570984	33.6807418581	35.302735429	10.63
2044	0	4	1	1019	63	26.8834554408	35.2217282905	37.0623252063	8
2044	0	4	2	2365	147	26.8834554408	30.2518115414	32.0924084572	7.338
2045	0	4	1	1241	77	21.7868375502	30.627274325	32.1189272894	11.748
2045	0	4	2	2587	161	21.7868375502	29.1815552788	30.6732082432	6.425
2045	1	4	1	1238	77	21.7868375502	27.5603288662	29.0519818306	8.252
2045	1	4	2	2590	161	21.7868375502	28.5400671141	30.0317200784	9.213
2046	0	4	1	1041	65	19.9050459027	31.5021191232	32.8649337427	9.197
2046	0	4	2	2394	149	19.9050459027	30.1319290862	31.4947437058	6.535
2047	0	4	1	547	34	20.7616947115	30.0582935433	31.4797592971	12.866
2047	0	4	2	1895	118	20.7616947115	33.5101553458	34.9316210996	8.409
2048	0	4	1	443	27	23.3785011935	33.1452692388	34.7458967061	8.284
2048	0	4	2	1790	111	23.3785011935	27.4302589226	29.0308863898	9.024
2049	0	4	1	732	45	28.2389407512	27.6961378826	29.629539166	6.536
2049	0	4	2	2072	129	28.2389407512	29.6480089427	31.5814102262	15.244
2050	0	4	1	762	47	31.0446202662	33.2201127324	35.34560707	14.315
2050	0	4	2	2102	131	31.0446202662	31.3871580659	33.5126524035	5.496
2051	0	4	1	740	46	26.9775295821	32.1457228945	33.9927606704	7.149
2051	0	4	2	2079	129	26.9775295821	31.3729606324	33.2199984083	8.378
2052	0	4	1	903	56	22.3641239936	27.636442459	29.1676197937	13.433
2052	0	4	2	2245	140	22.3641239936	27.1796350004	28.7108123351	4.945
2053	0	4	1	1237	77	17.180272295	28.9885106518	30.1647715038	10.52
2053	0	4	2	2586	161	17.180272295	30.6187281375	31.7949889895	10.551
2054	0	4	1	292	18	29.1507613534	36.1255920019	38.1214217998	6.378
2054	0	4	2	1635	102	29.1507613534	33.8669815224	35.8628113204	10.346
2055	0	4	1	1240	77	21.3698874132	29.7296380493	31.1927441947	9.213
2055	0	4	2	2589	161	21.3698874132	30.6951653969	32.1582715423	7.559
2056	0	4	1	489	30	19.8636841865	29.2012265792	30.5612093364	10.693
2056	0	4	2	1835	114	19.8636841865	30.9598602166	32.3198429737	6.346
2057	0	4	1	1234	77	24.3169261342	29.899071046	31.5639485148	8.473
2057	0	4	2	2583	161	24.3169261342	31.3536164118	33.0184938805	14.898
2058	0	4	1	154	9	27.8618442941	33.4312235001	35.3388065781	8.441
2058	0	4	2	1496	93	27.8618442941	32.4031405408	34.3107236188	15.717
2059	0	4	1	989	61	24.5473868466	26.643944818	28.3246009607	11.779
2059	0	4	2	2333	145	24.5473868466	26.0486372732	27.7292934158	13.78
2060	0	4	1	919	57	33.6401852441	26.9809319641	29.2841336989	15.433
2060	0	4	2	2264	141	33.6401852441	27.9673773219	30.2705790567	6.819
2061	0	4	1	917	57	27.9093746185	31.6586241187	33.5694613977	13.528
2061	0	4	2	2260	141	27.9093746185	30.1048516334	32.0156889125	7.685
2062	0	4	1	1229	76	21.6243394564	29.5200737934	31.000601198	8.095
2062	0	4	2	2580	161	21.6243394564	28.5468341919	30.0273615965	12.378
2063	0	4	1	890	55	28.679362684	14.109785409	16.0733405265	11.433
2063	0	4	2	2231	139	28.679362684	13.2821544874	15.2457096048	10.535
2064	0	4	1	814	50	24.8754150599	29.3491267748	31.052241627	4.976
2064	0	4	2	2155	134	24.8754150599	29.2454088083	30.9485236605	14.929
2065	0	4	1	458	28	22.2118151844	29.5169452827	31.0376946749	5.575
2065	0	4	2	1803	112	22.2118151844	31.5024494378	33.02319883	6.346
2066	0	4	1	1064	66	21.981365256	29.7261365994	31.2311080561	11.685
2066	0	4	2	2411	150	21.981365256	31.3735984147	32.8785698714	7.874
2067	0	4	1	1238	77	22.4412624038	28.5897518263	30.1262105028	8.472
2067	0	4	2	2586	161	22.4412624038	30.3773226889	31.9137813654	11.37
2068	0	4	1	1230	76	21.6880206264	30.1797564382	31.6646438242	6.315
2068	0	4	2	2581	161	21.6880206264	31.4163323386	32.9012197246	11.78
2069	0	4	1	764	47	29.4900791541	20.8586333059	22.877694764	12.346
2069	0	4	2	2106	131	29.4900791541	20.7629974376	22.7820588956	9.433
2070	0	4	1	330	20	22.4624649619	29.7738009932	31.3117113196	11.401
2070	0	4	2	1678	104	22.4624649619	29.0721177728	30.6100280991	6.677
2071	0	4	1	481	30	21.4561313643	26.253650003	27.7226609084	20.063
2071	0	4	2	1827	114	21.4561313643	29.1078216187	30.576832524	7.04
2072	0	4	1	1031	64	21.4332086388	21.8934519134	23.3608933963	4.252
2072	0	4	2	2365	147	21.4332086388	28.0540268061	29.521468289	8.85
2073	0	4	1	773	48	21.3960633326	32.0425575401	33.5074558404	11.811
2073	0	4	2	2114	132	21.3960633326	29.246565152	30.7114634523	11.874
2074	0	4	1	1022	63	25.3912432444	33.6278643017	35.3662957362	7.244
2074	0	4	2	2370	148	25.3912432444	29.393018103	31.1314495375	14.834
2075	0	4	1	1033	64	28.1457452872	30.0889833195	32.0160039023	12.567
2075	0	4	2	2377	148	28.1457452872	19.6793529339	21.6063735166	14.976
2076	0	4	1	1251	78	23.2446143656	28.4490721704	30.0405329707	4.756
2076	0	4	2	2601	162	23.2446143656	28.3099431425	29.9014039428	13.102
2077	0	4	1	972	60	28.0226264366	29.2911468654	31.2097380192	4.646
2077	0	4	2	2315	144	28.0226264366	29.2852836881	31.2038748419	12.441
2078	0	4	1	523	32	19.3160514542	31.8975760947	33.2200647461	5.244
2078	0	4	2	1875	117	19.3160514542	25.2104574986	26.5329461501	8.189
2079	0	4	1	1241	77	22.9237262444	29.1359640269	30.7054549697	9.969
2079	0	4	2	2590	161	22.9237262444	29.905647704	31.4751386468	16.347
2080	0	4	1	737	46	28.0653859716	10.2244799006	12.1459986196	13.433
2080	0	4	2	2077	129	28.0653859716	12.9507675328	14.8722862518	9.843
2081	0	4	1	485	30	23.7551084823	30.5061855137	32.1325976951	9.275
2081	0	4	2	1830	114	23.7551084823	30.2674544726	31.8938666541	11.842
2082	0	4	1	1237	77	26.1249272788	31.4580128711	33.2466765599	9.653
2082	0	4	2	2585	161	26.1249272788	32.5292950608	34.3179587496	9.906
2083	0	4	1	879	54	22.9404173092	27.6944841355	29.2651178452	12.914
2083	0	4	2	2218	138	22.9404173092	28.1241117987	29.6947455084	12.788
2084	0	4	1	985	61	24.7359833925	22.9956859504	24.6892545038	11.086
2084	0	4	2	2331	145	24.7359833925	29.5128328131	31.2064013665	15.149
2085	0	4	1	1258	78	23.56104689	29.6879193555	31.3010449574	10.063
2085	0	4	2	2609	163	23.56104689	27.2409085095	28.8540341114	21.181
2086	0	4	1	903	56	29.5454681017	28.3606600814	30.3835137873	10.441
2086	0	4	2	2246	140	29.5454681017	29.0676424645	31.0904961704	9.197
2087	0	4	1	1250	78	25.5502041765	29.4919484482	31.2412632679	5.37
2087	0	4	2	2600	162	25.5502041765	28.8528659718	30.6021807914	17.622
2088	0	4	1	443	27	20.6386337122	31.1094377393	32.5224780251	5.496
2088	0	4	2	1790	111	20.6386337122	29.3300962897	30.7431365754	9.338
2089	0	4	1	1259	78	21.0627418252	31.7872721336	33.2293493148	9.165
2089	0	4	2	2609	163	21.0627418252	29.2021405332	30.6442177144	17.181
2090	0	4	1	602	37	18.3960962847	27.232215329	28.4917185264	18.378
2090	0	4	2	1952	122	18.3960962847	27.8704941797	29.1299973771	6.929
2091	0	4	1	1253	78	24.5185830538	30.3956894085	32.0743734768	5.78
2091	0	4	2	2601	162	24.5185830538	30.3652821678	32.0439662361	15.842
