event_index	pair_index	fold	layer	pixel	half_bar	ecal_time_ns	cdet_time_master_ns	cdet_time_candidate_ns	tot_ns
0	0	0	1	809	50	30.0488446753	30.7312663324	33.8384230586	9.717
0	0	0	2	2151	134	30.0488446753	30.866012959	33.9731696852	7.654
1	0	0	1	1264	79	22.116425959	29.7126885569	31.9996051562	8.409
1	0	0	2	2615	163	22.116425959	31.0888808049	33.3757974042	13.653
2	0	0	1	160	10	21.6571877189	31.0921353319	33.3315650744	8.724
2	0	0	2	1499	93	21.6571877189	30.0192993624	32.2587291049	14.126
3	0	0	1	336	21	26.5675957777	28.4629992709	31.210182559	5.055
3	0	0	2	1680	105	26.5675957777	27.7304943034	30.4776775915	4.409
4	0	0	1	106	6	24.4791650825	29.5542341649	32.0854663391	7.055
4	0	0	2	1447	90	24.4791650825	29.5934304403	32.1246626145	9.244
5	0	0	1	457	28	21.4997388625	29.9266127856	32.1497617599	9.37
5	0	0	2	1803	112	21.4997388625	27.7757617581	29.9989107324	7.465
6	0	0	1	1022	63	19.2806509771	34.1651686155	36.1588560606	4.693
6	0	0	2	2368	148	19.2806509771	33.0960251925	35.0897126377	15.244
7	0	0	1	487	30	19.9460529957	28.7985950039	30.8610873692	15.087
7	0	0	2	1832	114	19.9460529957	30.5233800403	32.5858724055	14.346
8	0	0	1	491	30	25.3063050036	29.7766506857	32.3934120507	16.315
8	0	0	2	1834	114	25.3063050036	29.3705715025	31.9873328675	10.677
9	0	0	1	1081	67	26.9349675115	24.8078415684	27.5930123921	4.945
9	0	0	2	2427	151	26.9349675115	25.3784513179	28.1636221415	15.276
10	0	0	1	993	62	22.4549829037	27.5405741771	29.8624987609	8.031
10	0	0	2	2341	146	22.4549829037	27.9051890779	30.2271136617	4.095
11	0	0	1	809	50	24.6218823984	28.2838361334	30.8298257823	6.346
11	0	0	2	2148	134	24.6218823984	24.8314754973	27.3774651462	14.221
12	0	0	1	341	21	20.115692684	29.2690515933	31.3490853018	17.78
12	0	0	2	1682	105	20.115692684	31.1600376136	33.2400713221	13.528
13	0	0	1	807	50	22.563760559	33.2893319966	35.6225045744	13.654
13	0	0	2	2148	134	22.563760559	27.9840138576	30.3171864354	5.102
14	0	0	1	513	32	20.7916706623	26.8130251082	28.9629573284	15.37
14	0	0	2	1860	116	20.7916706623	27.8551816402	30.0051138604	19.496
15	0	0	1	1012	63	30.0369572004	30.1679854723	33.2739129916	9.59
15	0	0	2	2356	147	30.0369572004	29.7163234525	32.8222509718	5.244
16	0	0	1	488	30	21.8434799924	27.5801653609	29.8388583827	13.102
16	0	0	2	1832	114	21.8434799924	29.9075946855	32.1662877073	15.811
17	0	0	1	471	29	21.8674470119	29.5681915458	31.8293628422	6.189
17	0	0	2	1818	113	21.8674470119	29.9602625147	32.2214338111	8.409
19	0	0	1	1033	64	27.0128017583	29.8867090115	32.6799281713	10.551
19	0	0	2	2377	148	27.0128017583	21.2373482608	24.0305674206	16.724
20	0	0	1	1061	66	29.0643972609	32.5484003811	35.5537617658	5.433
20	0	0	2	2407	150	29.0643972609	30.9594367481	33.9647981329	5.402
21	0	0	1	1217	76	21.7558151375	31.5095828124	33.7592109784	13.685
21	0	0	2	2566	160	21.7558151375	28.8539551664	31.1035833324	14.725
22	0	0	1	534	33	21.2495209348	26.5691816872	28.7664572435	15.481
22	0	0	2	1883	117	21.2495209348	27.3839139428	29.5811894991	9.59
23	0	0	1	526	32	19.7490668364	31.0871472959	33.1292705962	8.095
23	0	0	2	1874	117	19.7490668364	32.5276638734	34.5697871736	7.149
24	0	0	1	1018	63	29.8597693346	32.4089510426	35.4965567104	10.189
24	0	0	2	2363	147	29.8597693346	28.3729372906	31.4605429585	15.874
25	0	0	1	155	9	26.1777492333	32.1592810058	34.8661527836	8.032
25	0	0	2	1496	93	26.1777492333	32.3730116037	35.0798833816	16.992
26	0	0	1	163	10	24.0406772911	34.0800605808	36.5659515678	7.78
26	0	0	2	1506	94	24.0406772911	30.5985938079	33.0844847949	10.347
27	0	0	1	915	57	25.9520353582	30.2436100751	32.9271422406	21.843
27	0	0	2	2257	141	25.9520353582	31.1286591777	33.8121913432	6.221
28	0	0	1	932	58	23.1644671248	29.3766501872	31.7719379466	16.488
28	0	0	2	2272	142	23.1644671248	29.2872655618	31.6825533213	5.307
29	0	0	1	432	27	23.0087033004	27.868536439	30.2477176686	4.693
29	0	0	2	1781	111	23.0087033004	27.5054301879	29.8846114174	5.527
30	0	0	1	110	6	20.4522661441	29.7466524676	31.8614890612	7.937
30	0	0	2	1450	90	20.4522661441	32.9847309251	35.0995675187	5.276
31	0	0	1	487	30	24.8674068232	30.5860316185	33.1574093606	10.063
31	0	0	2	1832	114	24.8674068232	30.8505052974	33.4218830396	7.937
32	0	0	1	170	10	22.7315117996	26.8138128484	29.1643314973	11.086
32	0	0	2	1512	94	22.7315117996	26.6272891445	28.9778077934	10.803
33	0	0	1	1245	77	20.9420902143	32.3590233911	34.5245095245	9.244
33	0	0	2	2594	162	20.9420902143	33.2362917206	35.4017778541	8.74
34	0	0	1	558	34	27.9253322222	31.4271495456	34.3147275801	13.968
34	0	0	2	1907	119	27.9253322222	30.6727200348	33.5602980693	6.063
35	0	0	1	910	56	26.2478205504	30.7770462718	33.4911636714	12.535
35	0	0	2	2251	140	26.2478205504	28.0977004646	30.8118178643	9.811
36	0	0	1	490	30	20.9842730974	30.7103887241	32.8802367167	12.504
36	0	0	2	1837	114	20.9842730974	27.900126978	30.0699749707	15.134
38	0	0	1	1224	76	22.8307869226	32.5597008586	34.920484906	6.41
38	0	0	2	2575	160	22.8307869226	29.6843027168	32.0450867642	10.094
39	0	0	1	1236	77	21.0954413029	27.6233744461	29.804717624	8.882
39	0	0	2	2585	161	21.0954413029	29.2794682085	31.4608113864	9.433
40	0	0	1	1224	76	21.6965721562	31.1537182906	33.3972205231	12.378
40	0	0	2	2575	160	21.6965721562	34.3005975405	36.544099773	8.756
41	0	0	1	470	29	20.8074354388	29.9233241824	32.0748865362	8.094
41	0	0	2	1818	113	20.8074354388	30.7974345543	32.9489969081	10.457
42	0	0	1	581	36	27.9419112531	31.9126438664	34.8019362313	8.063
42	0	0	2	1929	120	27.9419112531	29.8252906572	32.7145830221	11.653
43	0	0	1	309	19	27.2127290458	29.9446968982	32.758589246	12.283
43	0	0	2	1652	103	27.2127290458	30.8855748502	33.6994671981	6.126
44	0	0	1	557	34	28.2088090869	28.0124295563	30.9293201003	7.512
44	0	0	2	1906	119	28.2088090869	29.2030615442	32.1199520883	6.315
45	0	0	1	795	49	30.3505928492	27.4671915437	30.6055500975	5.748
45	0	0	2	2135	133	30.3505928492	27.3869823397	30.5253408934	15.843
46	0	0	1	467	29	20.8754693109	43.1880322267	45.3466295233	5.275
46	0	0	2	1812	113	20.8754693109	29.3364221781	31.4950194747	10.74
47	0	0	1	519	32	21.7774330161	27.0298378166	29.2817013477	5.906
47	0	0	2	1867	116	21.7774330161	28.4328705511	30.6847340822	9.37
48	0	0	1	1246	77	16.5926255351	31.7747393805	33.490475496	4.851
48	0	0	2	2597	162	16.5926255351	29.891121208	31.6068573235	9.968
49	0	0	1	1245	77	21.8534789994	28.878897331	31.1386242855	11.386
49	0	0	2	2587	161	21.8534789994	27.1374552766	29.3971822311	4.535
50	0	0	1	289	18	23.6840382343	29.4766391963	31.9256524446	10.252
50	0	0	2	1633	102	23.6840382343	31.667043789	34.1160570372	7.04
51	0	0	1	1253	78	13.2209371039	30.225005367	31.5920969838	4.803
51	0	0	2	2601	162	13.2209371039	31.085113385	32.4522050017	23.433
52	0	0	1	1237	77	25.7792908193	29.4174394899	32.0831092597	5.464
52	0	0	2	2587	161	25.7792908193	29.5248009219	32.1904706916	16.63
53	0	0	1	154	9	24.1726935078	30.0884750276	32.5880169579	11.276
53	0	0	2	1495	93	24.1726935078	27.7832620418	30.2828039722	21.654
54	0	0	1	1218	76	24.3910915978	27.2491907927	29.7713158573	7.086
54	0	0	2	2568	160	24.3910915978	29.4451857339	31.9673107985	5.307
55	0	0	1	1021	63	27.4420581061	25.2209765711	28.0585823542	13.402
55	0	0	2	2366	147	27.4420581061	25.6759438917	28.5135496748	14.787
56	0	0	1	1218	76	20.1951438095	29.3747488743	31.4629981099	9.811
56	0	0	2	2567	160	20.1951438095	30.2063207523	32.294569988	11.874
57	0	0	1	1079	67	27.6249056292	29.2107148173	32.0672276804	6.063
57	0	0	2	2426	151	27.6249056292	32.1062648195	34.9627776826	9.779
58	0	0	1	523	32	22.4417328813	24.6748954927	26.9954499774	7.181
58	0	0	2	1872	117	22.4417328813	30.2137347559	32.5342892405	7.654
59	0	0	1	997	62	20.17029974	30.3247395775	32.4104198486	10.22
59	0	0	2	2342	146	20.17029974	29.3818361621	31.4675164332	4.535
60	0	0	1	1013	63	30.5241910574	32.0456160988	35.2019253207	5.716
60	0	0	2	2357	147	30.5241910574	34.9157238042	38.0720330261	5.181
61	0	0	1	598	37	18.3782907372	28.3467942026	30.2471744101	11.401
61	0	0	2	1948	121	18.3782907372	25.4934834954	27.3938637029	7.622
62	0	0	1	819	51	20.9290007659	33.6301633517	35.7942959899	7.213
62	0	0	2	2161	135	20.9290007659	37.148380468	39.3125131062	10.063
63	0	0	1	1022	63	30.8836526803	27.5161640312	30.7096428552	12.693
63	0	0	2	2368	148	30.8836526803	21.2129231877	24.4064020117	24.315
64	0	0	1	1244	77	25.4015852139	29.4198658509	32.0464795263	6.536
64	0	0	2	2594	162	25.4015852139	31.0732606004	33.6998742758	19.528
65	0	0	1	1268	79	19.2672445774	28.7875954023	30.7798965783	11.212
65	0	0	2	2617	163	19.2672445774	29.9330868107	31.9253879867	10.457
66	0	0	1	1185	74	18.5921476031	34.9091170327	36.8316107959	8.094
66	0	0	2	2538	158	18.5921476031	40.0805273907	42.0030211539	5.591
67	0	0	1	1245	77	24.8553318918	26.8574631864	29.4275923379	7.843
67	0	0	2	2598	162	24.8553318918	29.7563090022	32.3264381537	6.284
68	0	0	1	581	36	23.8843159852	30.6741638267	33.1438865021	13.338
68	0	0	2	1929	120	23.8843159852	31.1346442992	33.6043669746	13.559
69	0	0	1	337	21	24.3778686716	31.8904128206	34.4111705879	7.15
69	0	0	2	1681	105	24.3778686716	31.9989926365	34.5197504039	10.472
70	0	0	1	491	30	19.3708828597	29.920959384	31.9239771246	11.843
70	0	0	2	1837	114	19.3708828597	26.1704182352	28.1734359758	8.221
71	0	0	1	337	21	24.7069982866	30.1498200566	32.7046109892	8.063
71	0	0	2	1681	105	24.7069982866	30.5034006159	33.0581915485	6.347
72	0	0	1	1250	78	17.7846467367	30.1188908899	31.95788621	8.898
72	0	0	2	2597	162	17.7846467367	31.7161395953	33.5551349154	14.504
73	0	0	1	819	51	25.873436838	28.2058699637	30.8812747645	13.496
73	0	0	2	2161	135	25.873436838	31.6558122297	34.3312170305	17.401
74	0	0	1	440	27	22.0313782762	28.8016825947	31.0798049631	6.74
74	0	0	2	1787	111	22.0313782762	29.3847846808	31.6629070492	6.756
75	0	0	1	864	54	26.5960516178	29.1542583476	31.9043840702	12.063
75	0	0	2	2209	138	26.5960516178	29.5680971162	32.3182228388	20.347
76	0	0	1	530	33	23.2369787378	28.2962829878	30.6990687043	4.646
76	0	0	2	1879	117	23.2369787378	30.5366906763	32.9394763928	7.527
77	0	0	1	518	32	19.2217157031	28.5982394049	30.5858327344	5.67
77	0	0	2	1864	116	19.2217157031	28.0968431195	30.084436449	10.284
78	0	0	1	429	26	22.3362769999	26.5628936782	28.8725436521	21.071
78	0	0	2	1775	110	22.3362769999	27.9646110935	30.2742610674	13.496
79	0	0	1	577	36	20.7549178365	31.6276398854	33.7737717336	10.315
79	0	0	2	1925	120	20.7549178365	31.172267821	33.3183996692	9.906
80	0	0	1	997	62	21.6547405159	29.522119644	31.761296337	5.149
80	0	0	2	2343	146	21.6547405159	31.9692968242	34.2084735172	10.473
82	0	0	1	1022	63	26.222743264	27.4198854797	30.1314097993	12.504
82	0	0	2	2370	148	26.222743264	24.9682924341	27.6798167537	12.441
84	0	0	1	1244	77	16.9609411485	30.4639271549	32.2177484063	7.591
84	0	0	2	2596	162	16.9609411485	30.4771217993	32.2309430507	18.22
85	0	0	1	1275	79	18.8137234302	30.6932858787	32.6386913654	11.213
85	0	0	2	2625	164	18.8137234302	32.3067005111	34.2521059978	10.536
86	0	0	1	939	58	25.2922967672	34.2583253081	36.873638172	10.252
86	0	0	2	2285	142	25.2922967672	30.9489063207	33.5642191845	9.433
87	0	0	1	544	34	26.0397867442	32.0524737413	34.7450797102	9.527
87	0	0	2	1891	118	26.0397867442	30.2207954634	32.9134014323	9.134
88	0	0	1	1241	77	24.3666858102	27.9795961625	30.4991975824	6.504
88	0	0	2	2590	161	24.3666858102	31.6561530492	34.1757544692	12.252
89	0	0	1	159	9	26.2548180719	33.1932345696	35.9080755377	8.567
89	0	0	2	1498	93	26.2548180719	35.1008187809	37.815659749	15.118
90	0	0	1	895	55	30.642520866	32.4919179047	35.660462847	6.835
90	0	0	2	2237	139	30.642520866	31.9539560074	35.1225009497	5.968
91	0	0	1	276	17	26.4379647515	30.9789350221	33.712714004	16.189
91	0	0	2	1620	101	26.4379647515	31.40171846	34.1354974419	12.472
92	0	0	1	969	60	19.8600320471	25.7923913345	27.8459888296	4.693
92	0	0	2	2313	144	19.8600320471	24.7742761113	26.8278736065	4.708
93	0	0	1	1264	79	19.447008135	27.4376833772	29.4485727403	4.535
93	0	0	2	2615	163	19.447008135	30.5640210837	32.5749104469	10.126
94	0	0	1	807	50	28.8689064824	25.7984401035	28.7835870509	13.622
94	0	0	2	2149	134	28.8689064824	26.0808733996	29.0660203471	9.433
95	0	0	1	1064	66	27.2457885741	30.6507468989	33.4680577188	8
95	0	0	2	2412	150	27.2457885741	31.0115952926	33.8289061126	15.181
96	0	0	1	538	33	21.2658676346	33.5647473386	35.7637132015	11.433
96	0	0	2	1888	118	21.2658676346	35.2642393579	37.4632052208	9.37
97	0	0	1	1233	77	26.3944632539	27.8055944056	30.5348751789	6.189
97	0	0	2	2583	161	26.3944632539	27.8190205001	30.5483012734	10.724
98	0	0	1	344	21	22.7826383381	29.0843283752	31.4401336888	9.748
98	0	0	2	1687	105	22.7826383381	30.4757402779	32.8315455915	8.582
99	0	0	1	1056	66	21.8895339574	31.0411548369	33.3046100015	4.283
99	0	0	2	2402	150	21.8895339574	29.8158824769	32.0793376415	20.803
100	0	0	1	1223	76	18.6114590932	28.3690768201	30.2935674596	13.26
100	0	0	2	2574	160	18.6114590932	32.0333347918	33.9578254313	8.709
101	0	0	1	1244	77	23.4264393928	31.3570440637	33.7794206814	8
101	0	0	2	2594	162	23.4264393928	28.9845623478	31.4069389655	18.488
102	0	0	1	1009	63	25.2090536937	27.1916268585	29.7983320944	6.535
102	0	0	2	2345	146	25.2090536937	27.2143231919	29.8210284277	11.654
103	0	0	1	807	50	27.4836495357	31.4488239112	34.2907303951	15.023
103	0	0	2	2150	134	27.4836495357	32.6578410228	35.4997475067	10.787
104	0	0	1	1251	78	22.3037112347	27.0542933192	29.3605758779	5.055
104	0	0	2	2600	162	22.3037112347	30.4656509089	32.7719334676	21.307
105	0	0	1	1021	63	25.569059775	26.4506473237	29.0945784606	9.386
105	0	0	2	2366	147	25.569059775	28.8428687495	31.4867998864	10.661
106	0	0	1	833	52	29.1408009081	26.0796490626	29.0929108545	8.645
106	0	0	2	2175	135	29.1408009081	27.0379533194	30.0512151113	14.536
107	0	0	1	484	30	23.9266330568	33.0829426453	35.5570410555	14.425
107	0	0	2	1829	114	23.9266330568	32.631192712	35.1052911222	5.937
108	0	0	1	586	36	20.1135155755	32.9449104066	35.0247189944	10.157
108	0	0	2	1936	121	20.1135155755	30.4314357679	32.5112443557	9.244
109	0	0	1	1275	79	18.4016253243	30.225870578	32.1286636644	10.347
109	0	0	2	2625	164	18.4016253243	28.699221852	30.6020149383	9.276
111	0	0	1	1001	62	29.1466500662	28.0021774869	31.0160441024	5.102
111	0	0	2	2347	146	29.1466500662	27.4714490142	30.4853156296	5.433
112	0	0	1	440	27	25.1939009372	31.0300855233	33.6352239106	6.787
112	0	0	2	1783	111	25.1939009372	32.2561221398	34.8612605271	4.96
113	0	0	1	937	58	25.767890984	27.8507168508	30.5152078373	6.866
113	0	0	2	2282	142	25.767890984	31.1915468928	33.8560378793	4.158
114	0	0	1	984	61	25.3888287956	23.3936175357	26.0189121523	10.85
114	0	0	2	2330	145	25.3888287956	30.8217373237	33.4470319403	9.086
115	0	0	1	169	10	21.2934760609	29.7308424002	31.9326630719	6.693
115	0	0	2	1512	94	21.2934760609	33.7786978159	35.9805184876	14.662
116	0	0	1	296	18	22.0803247472	32.1615581343	34.4447417407	7.905
116	0	0	2	1638	102	22.0803247472	28.6377960067	30.9209796132	10.488
117	0	0	1	1029	64	24.6146102488	28.776914726	31.322152409	8.724
117	0	0	2	2373	148	24.6146102488	39.1015748435	41.6468125265	8.41
118	0	0	1	1031	64	26.0742981581	22.0704542903	24.7666288614	15.244
118	0	0	2	2375	148	26.0742981581	30.5240852604	33.2202598314	4.866
119	0	0	1	346	21	22.9184310683	30.2271538757	32.5970006374	5.591
119	0	0	2	1690	105	22.9184310683	31.4580599473	33.8279067091	12.992
120	0	0	1	1237	77	18.0111555084	27.2470115798	29.1094287073	10.63
120	0	0	2	2586	161	18.0111555084	27.3170876823	29.1795048098	4.126
121	0	0	1	580	36	28.2121630575	29.7261653152	32.6434026717	10.866
121	0	0	2	1929	120	28.2121630575	28.6281564222	31.5453937787	12.662
122	0	0	1	810	50	21.3966431158	26.2246801213	28.4371686311	14.221
122	0	0	2	2152	134	21.3966431158	28.6740809015	30.8865694112	15.591
123	0	0	1	333	20	24.7465067991	33.0283864805	35.5872627329	5.874
123	0	0	2	1677	104	24.7465067991	30.1598265159	32.7187027684	9.464
124	0	0	1	376	23	23.3153008839	32.5704119568	34.98129646	8.283
124	0	0	2	1720	107	23.3153008839	29.1384576329	31.549342136	14.378
125	0	0	1	1237	77	20.6151558577	27.137713841	29.2693938067	7.685
125	0	0	2	2586	161	20.6151558577	26.7549028371	28.8865828028	17.906
126	0	0	1	983	61	26.5230577961	21.2622536664	24.0048315699	4.85
126	0	0	2	2329	145	26.5230577961	25.0487771413	27.7913550447	9.118
127	0	0	1	1253	78	24.7482162791	29.1423041174	31.7013571361	10.284
127	0	0	2	2601	162	24.7482162791	26.9155456398	29.4745986584	15.842
128	0	0	1	336	21	23.405173467	29.6343793565	32.0545570024	7.59
128	0	0	2	1678	104	23.405173467	29.9450172402	32.3651948861	8.032
129	0	0	1	1254	78	22.4303611008	28.2268584282	30.5462370306	4.708
129	0	0	2	2601	162	22.4303611008	29.2745800412	31.5939586436	8
130	0	0	1	409	25	20.974480893	27.6691928757	29.8380283198	18.095
130	0	0	2	1756	109	20.974480893	29.7201906369	31.889026081	5.559
131	0	0	1	778	48	29.6854502636	32.983383282	36.0529637419	11.969
131	0	0	2	2119	132	29.6854502636	28.2649528355	31.3345332954	14.787
132	0	0	1	1224	76	22.3006755778	29.2464636205	31.5524322815	4.441
132	0	0	2	2574	160	22.3006755778	33.2883201958	35.5942888568	10.583
133	0	0	1	1022	63	23.7515490108	33.7722101903	36.2282042914	6.441
133	0	0	2	2368	148	23.7515490108	32.3239830933	34.7799771944	16.378
134	0	0	1	582	36	23.7624848847	31.3566779179	33.813802827	12.315
134	0	0	2	1931	120	23.7624848847	31.1677157168	33.6248406259	9.213
135	0	0	1	778	48	25.301083929	34.1025196987	36.7187411861	6.252
135	0	0	2	2118	132	25.301083929	36.5985817824	39.2148032698	11.685
136	0	0	1	1021	63	24.8876598626	29.5045793281	32.0780513061	8.315
136	0	0	2	2366	147	24.8876598626	29.4292150001	32.0026869781	7.465
137	0	0	1	489	30	25.410159381	20.8123691423	23.4398694169	15.622
137	0	0	2	1834	114	25.410159381	26.5193011851	29.1468014597	10.095
138	0	0	1	548	34	24.2726148128	28.9176821243	31.4275562707	11.244
138	0	0	2	1891	118	24.2726148128	28.3802339278	30.8901080742	15.78
139	0	0	1	197	12	27.9485706592	30.5496323	33.439613271	11.433
139	0	0	2	1540	96	27.9485706592	28.8677590777	31.7577400487	12.914
140	0	0	1	802	50	20.7473752538	15.1728548468	17.3182067652	23.37
140	0	0	2	2133	133	20.7473752538	23.3910497193	25.5364016377	4.41
141	0	0	1	1262	78	24.9232162209	26.788967137	29.3661157681	5.496
141	0	0	2	2601	162	24.9232162209	25.9278317671	28.5049803982	7.811
142	0	0	1	561	35	25.3118739178	31.146650284	33.7639874944	10.346
142	0	0	2	1909	119	25.3118739178	29.5001740583	32.1175112686	8.961
143	0	0	1	951	59	26.0562754652	29.0425971764	31.7369081374	18.378
143	0	0	2	2293	143	26.0562754652	29.0366240115	31.7309349725	9.559
144	0	0	1	821	51	20.8060793628	29.9901582267	32.1415803575	7.527
144	0	0	2	2164	135	20.8060793628	35.0312661205	37.1826882513	8.74
145	0	0	1	258	16	27.1311080414	35.88758546	38.6930379076	12.567
145	0	0	2	1600	100	27.1311080414	33.2197148308	36.0251672784	6.708
146	0	0	1	478	29	25.7661998156	31.1440916837	33.8084077974	7.008
146	0	0	2	1826	114	25.7661998156	30.6484360629	33.3127521766	4.819
147	0	0	1	491	30	19.3539641062	28.1233565874	30.1246248692	6.74
147	0	0	2	1838	114	19.3539641062	29.2460144057	31.2472826875	13.213
148	0	0	1	520	32	17.1946767782	30.2492536688	32.0272440103	7.086
148	0	0	2	1866	116	17.1946767782	30.8335547007	32.6115450422	8.551
149	0	0	1	1071	66	28.7389769873	29.5301474292	32.5018592077	9.969
149	0	0	2	2414	150	28.7389769873	31.4626254178	34.4343371963	7.338
150	0	0	1	519	32	23.0269944457	26.4101516837	28.7912242824	11.622
150	0	0	2	1866	116	23.0269944457	25.5176712384	27.898743837	8.283
152	0	0	1	1229	76	22.9088823485	28.6874631272	31.0563225176	8.441
152	0	0	2	2580	161	22.9088823485	31.2903501759	33.6592095663	14.945
153	0	0	1	1242	77	25.0648405273	28.3094878592	30.901280944	17.244
153	0	0	2	2590	161	25.0648405273	28.447958909	31.0397519938	13.874
154	0	0	1	170	10	22.6339624891	29.9005678459	32.2409995514	12.063
154	0	0	2	1518	94	22.6339624891	33.9624168429	36.3028485483	11.906
156	0	0	1	822	51	19.1734331551	32.0386985858	34.0212993293	6.661
156	0	0	2	2166	135	19.1734331551	27.7510863884	29.7336871318	10.583
157	0	0	1	158	9	27.0350247155	28.6721780866	31.4676951787	10.74
157	0	0	2	1497	93	27.0350247155	29.5630115478	32.35852864	20.536
158	0	0	1	490	30	32.4435105042	25.0965476338	28.451321269	14.267
158	0	0	2	1835	114	32.4435105042	26.7249910535	30.0797646887	5.937
159	0	0	1	953	59	23.9462380025	31.0754054945	33.5515311253	8.929
159	0	0	2	2294	143	23.9462380025	30.5810719172	33.057197548	7.622
160	0	0	1	1251	78	22.8930371379	28.7283296318	31.0955505714	12
160	0	0	2	2600	162	22.8930371379	29.1035190018	31.4707399414	23.386
161	0	0	1	444	27	20.7478035	32.2381723154	34.383568516	5.78
161	0	0	2	1791	111	20.7478035	32.1817650098	34.3271612104	9.149
162	0	0	1	879	54	25.0215067591	31.6863201216	34.2736323417	7.685
162	0	0	2	2223	138	25.0215067591	32.2480156902	34.8353279102	16.725
163	0	0	1	1255	78	22.2695184714	28.4557750106	30.7585219167	4
163	0	0	2	2600	162	22.2695184714	26.4430504313	28.7457973374	23.149
163	1	0	1	1251	78	22.2695184714	28.3309684707	30.6337153768	7.527
163	1	0	2	2602	162	22.2695184714	30.8131973006	33.1159442068	14.063
164	0	0	1	333	20	25.0928635449	28.1275464868	30.7222372507	12.536
164	0	0	2	1678	104	25.0928635449	31.456596721	34.0512874849	6.96
165	0	0	1	1245	77	19.8530981467	31.1356523619	33.1885328673	10
165	0	0	2	2596	162	19.8530981467	30.5151693262	32.5680498316	8.504
166	0	0	1	1041	65	18.8808833865	28.6067124989	30.5590625624	13.339
166	0	0	2	2393	149	18.8808833865	28.2639830615	30.216333125	6.834
167	0	0	1	1238	77	26.5993744421	31.1261322895	33.8766016039	9.386
167	0	0	2	2586	161	26.5993744421	30.1008894566	32.8513587709	9.244
168	0	0	1	1230	76	25.2586446602	22.1675006873	24.7793338043	4.851
168	0	0	2	2581	161	25.2586446602	26.3408265823	28.9526596993	7.905
169	0	0	1	170	10	25.0435338347	29.7259876921	32.3155775896	7.338
169	0	0	2	1514	94	25.0435338347	32.5704249556	35.1600148531	10.803
170	0	0	1	429	26	22.3251742896	31.792444714	34.1009466284	6.33
170	0	0	2	1776	111	22.3251742896	30.2472937218	32.5557956362	7.402
171	0	0	1	824	51	28.0945429963	17.0655532988	19.9706283253	17.717
171	0	0	2	2166	135	28.0945429963	24.7438653796	27.6489404061	20.756
172	0	0	1	1061	66	24.5011045767	36.5673295026	39.100830298	5.622
172	0	0	2	2407	150	24.5011045767	30.3334649025	32.8669656979	12.063
173	0	0	1	160	10	28.2582649406	30.188566275	33.1105707291	9.748
173	0	0	2	1501	93	28.2582649406	25.9116528553	28.8336573094	11.685
174	0	0	1	1224	76	21.5397523224	28.7059485395	30.933235047	8.157
174	0	0	2	2574	160	21.5397523224	30.3172723929	32.5445589003	15.591
175	0	0	1	774	48	24.3032019099	27.5493410211	30.0623779814	6.346
175	0	0	2	2116	132	24.3032019099	34.5740751958	37.0871121561	6.315
176	0	0	1	732	45	28.1680656809	28.3454115123	31.2580890443	4.315
176	0	0	2	2071	129	28.1680656809	27.6712262209	30.5839037529	8.913
177	0	0	1	1057	66	24.8223890802	27.11374384	29.6804665885	14.662
177	0	0	2	2402	150	24.8223890802	26.776530242	29.3432529904	24.661
178	0	0	1	819	51	27.8497277947	31.0962762645	33.976036534	8.126
178	0	0	2	2161	135	27.8497277947	32.1815388038	35.0612990733	11.37
179	0	0	1	1218	76	24.3310862877	31.7391618304	34.2550821339	5.622
179	0	0	2	2568	160	24.3310862877	32.5289412361	35.0448615396	13.968
181	0	0	1	487	30	25.2052113673	30.2268791346	32.8331870603	12
181	0	0	2	1832	114	25.2052113673	30.6479687165	33.2542766422	5.134
182	0	0	1	1236	77	24.2455325566	29.3123783453	31.8194520907	7.213
182	0	0	2	2585	161	24.2455325566	30.7979655994	33.3050393447	12.126
183	0	0	1	833	52	25.2458354919	30.570177009	33.1806856127	4.85
183	0	0	2	2175	135	25.2458354919	29.1226273324	31.7331359362	6.992
184	0	0	1	1244	77	22.7537830257	28.4235329494	30.7763545217	14.535
184	0	0	2	2594	162	22.7537830257	30.7493461297	33.102167702	19.559
185	0	0	1	490	30	22.0917003861	28.8346775297	31.1190374175	15.402
185	0	0	2	1835	114	22.0917003861	32.055828685	34.3401885727	4.315
186	0	0	1	804	50	27.7408355204	32.2673134567	35.1358138803	6.851
186	0	0	2	2146	134	27.7408355204	32.622549971	35.4910503946	7.228
187	0	0	1	893	55	25.3529435559	29.8243199812	32.4459039373	13.874
187	0	0	2	2242	140	25.3529435559	30.0056968937	32.6272808498	6.866
188	0	0	1	1054	65	23.1997958241	37.4756693313	39.8746102031	11.134
188	0	0	2	2392	149	23.1997958241	29.4634018174	31.8623426892	20.819
189	0	0	1	759	47	26.0705812126	26.7015630891	29.3973533149	7.842
189	0	0	2	2098	131	26.0705812126	30.3270178826	33.0228081084	5.37
190	0	0	1	1243	77	20.9469679453	28.2767518417	30.4427423497	10.158
190	0	0	2	2590	161	20.9469679453	29.142141327	31.3081318351	14.992
191	0	0	1	881	55	28.2746431865	27.4018592297	30.3255572523	13.716
191	0	0	2	2224	139	28.2746431865	27.8047998853	30.7284979079	10.252
192	0	0	1	1103	68	26.4815552325	31.1461297312	33.8844161229	12.535
192	0	0	2	2452	153	26.4815552325	27.2638217882	30.00210818	18.724
193	0	0	1	773	48	26.1311866275	35.3145738747	38.0166309145	11.685
193	0	0	2	2114	132	26.1311866275	32.6606309307	35.3626879706	6.662
194	0	0	1	903	56	24.0610195875	26.2783258378	28.7663202901	19.323
194	0	0	2	2245	140	24.0610195875	25.9791695105	28.4671639628	13.559
195	0	0	1	551	34	18.1387750175	30.8270539214	32.7026673571	8.945
195	0	0	2	1896	118	18.1387750175	33.9095876234	35.7852010591	20.409
196	0	0	1	1021	63	25.4545805986	24.1532852946	26.78537888	9.402
196	0	0	2	2366	147	25.4545805986	32.0923298098	34.7244233952	4.189
197	0	0	1	438	27	21.6746313825	30.9172597928	33.1584932717	13.528
197	0	0	2	1784	111	21.6746313825	29.1865429968	31.4277764758	9.716
198	0	0	1	1103	68	27.0771904996	29.9041895299	32.7040667131	13.685
198	0	0	2	2452	153	27.0771904996	30.7974720296	33.5973492128	8.504
199	0	0	1	919	57	27.0733307581	32.9013004834	35.7007785557	10.378
199	0	0	2	2261	141	27.0733307581	32.2054924267	35.004970499	7.528
200	0	0	1	997	62	21.983431654	30.1434428808	32.416607399	4.346
200	0	0	2	2342	146	21.983431654	28.6868680396	30.9600325578	4.929
201	0	0	1	1236	77	21.0563070514	27.3108341187	29.4881306767	9.386
201	0	0	2	2585	161	21.0563070514	27.3339264239	29.5112229819	16.897
202	0	0	1	291	18	23.7916013891	31.8074613916	34.2675970502	5.842
202	0	0	2	1635	102	23.7916013891	30.4589116407	32.9190472993	10.157
203	0	0	1	1029	64	31.4876930025	25.9090022842	29.1649410121	5.103
203	0	0	2	2373	148	31.4876930025	36.7984614477	40.0544001756	7.653
204	0	0	1	1242	77	21.8004725916	28.0403307336	30.2945766382	9.197
204	0	0	2	2593	162	21.8004725916	29.5349486376	31.7891945422	15.181
205	0	0	1	305	19	29.0492934758	29.9773810963	32.9811806963	10.929
205	0	0	2	1649	103	29.0492934758	29.7028895105	32.7066891105	4.85
206	0	0	1	474	29	19.4942174212	29.1778989375	31.1936699076	13.402
206	0	0	2	1821	113	19.4942174212	29.1939859916	31.2097569618	7.26
207	0	0	1	1021	63	19.6513660161	29.2123487532	31.2443694434	6.441
207	0	0	2	2365	147	19.6513660161	30.1010299126	32.1330506028	4.315
208	0	0	1	994	62	21.9306034881	28.0633263223	30.3310282214	11.292
208	0	0	2	2333	145	21.9306034881	31.5915104133	33.8592123125	8.614
209	0	0	1	432	27	22.4187114682	31.6279654842	33.9461394734	6
209	0	0	2	1779	111	22.4187114682	30.2478640074	32.5660379966	7.339
210	0	0	1	137	8	28.8035151476	30.6637336413	33.6421188936	11.008
210	0	0	2	1478	92	28.8035151476	31.4814059913	34.4597912436	4.189
211	0	0	1	153	9	18.9956467751	35.9890679503	37.9532849538	5.78
211	0	0	2	1495	93	18.9956467751	38.703828414	40.6680454175	11.59
213	0	0	1	1242	77	22.7696269352	29.1241719581	31.4786318467	8.252
213	0	0	2	2590	161	22.7696269352	28.2478864993	30.6023463879	4.032
214	0	0	1	993	62	20.942075488	30.5376910459	32.7031756566	9.008
214	0	0	2	2337	146	20.942075488	29.4937995559	31.6592841666	8.472
215	0	0	1	1021	63	26.4357724126	27.7825066718	30.5160589581	10.299
215	0	0	2	2365	147	26.4357724126	31.1298905595	33.8634428459	10.063
216	0	0	1	181	11	24.1662011202	29.6484368919	32.1473074864	12.252
216	0	0	2	1518	94	24.1662011202	32.0168301575	34.515700752	12.095
217	0	0	1	833	52	27.4677117849	29.8849766336	32.7252350978	5.685
217	0	0	2	2175	135	27.4677117849	27.5164150919	30.356673556	12.756
218	0	0	1	1021	63	26.7175013735	28.0463083595	30.8089924161	5.685
218	0	0	2	2366	147	26.7175013735	31.3853757252	34.1480597817	7.086
219	0	0	1	1246	77	17.9510634367	29.0590291133	30.9152325083	14.063
219	0	0	2	2584	161	17.9510634367	27.5819695888	29.4381729838	9.433
219	1	0	1	1239	77	17.9510634367	32.3391746392	34.1953780341	5.275
219	1	0	2	2597	162	17.9510634367	32.7915605095	34.6477639044	16.835
220	0	0	1	1217	76	20.5383480525	28.7879303565	30.9116681236	6.347
220	0	0	2	2569	160	20.5383480525	28.5682670265	30.6920047937	15.528
221	0	0	1	799	49	26.540201942	28.7654408554	31.5097915241	4.41
221	0	0	2	2133	133	26.540201942	29.6260013068	32.3703519755	17.433
222	0	0	1	930	58	25.3304442471	23.6111235822	26.2303810302	7.118
222	0	0	2	2273	142	25.3304442471	25.8004849714	28.4197424195	7.716
223	0	0	1	1250	78	20.1951034975	30.8080833131	32.8963283803	7.244
223	0	0	2	2603	162	20.1951034975	22.4778450614	24.5660901286	7.78
224	0	0	1	1032	64	26.6506038067	27.8616967171	30.6174633288	7.307
224	0	0	2	2376	148	26.6506038067	32.2755713947	35.0313380064	13.055
225	0	0	1	796	49	23.8837953007	29.1005195323	31.5701883671	8.189
225	0	0	2	2135	133	23.8837953007	28.9783588392	31.448027674	12.677
226	0	0	1	478	29	21.4411604245	30.9756450564	33.1927368132	8.33
226	0	0	2	1825	114	21.4411604245	31.8168337515	34.0339255083	10.504
227	0	0	1	594	37	17.356431072	29.3589821162	31.1536984233	13.717
227	0	0	2	1945	121	17.356431072	30.8202136943	32.6149300014	7.212
228	0	0	1	1258	78	22.5287497388	31.9313629906	34.2609153258	5.339
228	0	0	2	2609	163	22.5287497388	31.7333741477	34.062926483	15.275
229	0	0	1	822	51	19.1732766469	34.0247978615	36.0073824214	6.945
229	0	0	2	2165	135	19.1732766469	33.7896038921	35.772188452	8.614
230	0	0	1	994	62	19.1204382386	28.8533537343	30.8304746161	12.063
230	0	0	2	2341	146	19.1204382386	26.5716050423	28.5487259241	9.15
231	0	0	1	1234	77	27.414272258	28.6910916007	31.5258242289	11.559
231	0	0	2	2584	161	27.414272258	28.7826176292	31.6173502575	12.709
232	0	0	1	572	35	21.9698382957	30.0021301155	32.2738890324	8.41
232	0	0	2	1921	120	21.9698382957	30.4039826558	32.6757415727	6.977
233	0	0	1	1253	78	24.2265774301	29.2411932129	31.7463069312	4.992
233	0	0	2	2598	162	24.2265774301	27.0805104069	29.5856241252	4.063
234	0	0	1	1245	77	22.9648761226	34.7016082722	37.0762576167	9.969
234	0	0	2	2596	162	22.9648761226	31.9583693942	34.3330187387	17.905
235	0	0	1	883	55	31.4767622855	28.9001829306	32.1549913837	23.527
235	0	0	2	2226	139	31.4767622855	30.5596941328	33.8145025859	9.716
236	0	0	1	1245	77	20.8759783576	31.9441731922	34.102823126	7.905
236	0	0	2	2594	162	20.8759783576	31.1405411462	33.29919108	17.386
237	0	0	1	160	10	26.0537372998	31.3050093959	33.9990579015	4.473
237	0	0	2	1499	93	26.0537372998	30.6413671767	33.3354156824	16.472
238	0	0	1	234	14	25.6920281814	31.4654729448	34.1221194495	9.276
238	0	0	2	1577	98	25.6920281814	31.1264286712	33.7830751758	5.559
239	0	0	1	430	26	24.5759232473	30.1410972314	32.6823345418	9.811
239	0	0	2	1775	110	24.5759232473	29.2982741653	31.8395114756	12.031
240	0	0	1	932	58	27.030428442	29.5450127672	32.3400545884	15.843
240	0	0	2	2274	142	27.030428442	28.3746010648	31.169642886	9.465
241	0	0	1	1253	78	21.066025182	29.9221767999	32.100478247	9.134
241	0	0	2	2601	162	21.066025182	31.1330259718	33.3113274189	15.275
242	0	0	1	1064	66	24.2806173411	27.5810089149	30.091710551	4.992
242	0	0	2	2412	150	24.2806173411	29.5721017921	32.0828034282	12.095
243	0	0	1	1251	78	22.3045460948	29.4579257623	31.7642946485	4.032
243	0	0	2	2600	162	22.3045460948	30.5845657433	32.8909346295	18.74
244	0	0	1	1079	67	23.2554639248	24.7078908268	27.112587977	5.843
244	0	0	2	2425	151	23.2554639248	29.7517584136	32.1564555637	11.307
245	0	0	1	485	30	22.7956711641	29.2990876589	31.6562406128	16.094
245	0	0	2	1830	114	22.7956711641	28.8708198657	31.2279728196	18.992
247	0	0	1	582	36	29.359173871	27.7286764159	30.7645187438	13.748
247	0	0	2	1930	120	29.359173871	30.0462270158	33.0820693438	9.622
248	0	0	1	491	30	17.5804504949	31.6481089323	33.4659896394	11.622
248	0	0	2	1840	115	17.5804504949	29.5494928905	31.3673735976	11.118
249	0	0	1	1246	77	19.6848442674	33.4018666708	35.4373491305	13.37
249	0	0	2	2597	162	19.6848442674	30.941048124	32.9765305837	8.504
250	0	0	1	1250	78	17.75548173	32.1519677102	33.9879472655	8.582
250	0	0	2	2599	162	17.75548173	29.897868471	31.7338480264	21.496
251	0	0	1	909	56	27.7998943982	29.4822533108	32.3568606311	7.15
251	0	0	2	2251	140	27.7998943982	30.6617915827	33.536398903	6.834
252	0	0	1	1230	76	23.7607902713	31.5084784723	33.9654281524	9.905
252	0	0	2	2582	161	23.7607902713	29.6354409567	32.0923906368	9.906
253	0	0	1	809	50	26.3180726008	32.5497832736	35.2711649835	8.74
253	0	0	2	2151	134	26.3180726008	28.6648359963	31.3862177062	8.441
254	0	0	1	1048	65	23.7186320281	33.6649552911	36.1175456599	7.779
254	0	0	2	2400	150	23.7186320281	32.7080165847	35.1606069534	20.315
255	0	0	1	822	51	24.6791356766	31.4266441403	33.9785539806	11.086
255	0	0	2	2166	135	24.6791356766	26.0710079821	28.6229178223	13.527
256	0	0	1	333	20	20.7274442942	29.1171181219	31.2604091087	9.275
256	0	0	2	1677	104	20.7274442942	32.3382237624	34.4815147492	5.276
257	0	0	1	1236	77	24.100222989	26.9166876767	29.4087358993	14.126
257	0	0	2	2584	161	24.100222989	27.153832554	29.6458807766	15.937
258	0	0	1	415	25	24.5563088599	31.7326501325	34.2718592458	5.087
258	0	0	2	1762	110	24.5563088599	27.5779902266	30.11719934	12.063
259	0	0	1	1243	77	22.1608037864	31.8374379988	34.1289434223	9.244
259	0	0	2	2594	162	22.1608037864	31.6339148284	33.9254202519	18.835
260	0	0	1	1251	78	21.1601681827	29.8914915514	32.0795277174	5.276
260	0	0	2	2600	162	21.1601681827	28.6774602896	30.8654964556	22.252
261	0	0	1	273	17	24.5827527037	33.6689726232	36.2109161235	8.756
261	0	0	2	1616	101	24.5827527037	32.575501156	35.1174446563	6.032
262	0	0	1	1233	77	22.1095802906	31.6279994365	33.9142081695	7.04
262	0	0	2	2583	161	22.1095802906	30.3782937296	32.6645024626	6.031
263	0	0	1	1094	68	21.3023890415	31.9563494656	34.159091771	9.811
263	0	0	2	2441	152	21.3023890415	31.039094227	33.2418365324	6.346
264	0	0	1	737	46	25.457191374	31.5035256312	34.13588918	10.504
264	0	0	2	2076	129	25.457191374	35.1121433841	37.7445069329	11.339
266	0	0	1	584	36	19.5180635536	28.1633704571	30.1816072016	11.275
266	0	0	2	1933	120	19.5180635536	28.3309386314	30.3491753759	18.882
267	0	0	1	604	37	26.5803251005	2.66245371138	5.41095325651	14.346
267	0	0	2	1953	122	26.5803251005	1.27551241418	4.02401195931	4.614
268	0	0	1	160	10	24.9652838099	31.4799643625	34.0614629309	11.59
268	0	0	2	1499	93	24.9652838099	30.4665247372	33.0480233056	19.843
269	0	0	1	583	36	21.2000823331	24.8057660481	26.9979294783	14.866
269	0	0	2	1931	120	21.2000823331	25.375655509	27.5678189392	12.472
271	0	0	1	1081	67	25.0973235187	28.621442994	31.2165949349	8.221
271	0	0	2	2428	151	25.0973235187	29.0923172978	31.6874692387	8.567
272	0	0	1	1029	64	25.9604873102	21.7560452121	24.4404513394	5.023
272	0	0	2	2373	148	25.9604873102	35.3623561755	38.0467623027	6.189
273	0	0	1	1264	79	18.9991454227	30.1097199059	32.0742986819	10.032
273	0	0	2	2614	163	18.9991454227	28.3008144133	30.2653931893	11.229
274	0	0	1	763	47	21.5134280699	31.7544962738	33.9790607606	16.031
274	0	0	2	2105	131	21.5134280699	33.0907909442	35.3153554309	7.402
275	0	0	1	1236	77	25.5107291103	27.4939134516	30.1318129916	9.244
275	0	0	2	2585	161	25.5107291103	31.3277490099	33.9656485498	7.024
276	0	0	1	429	26	26.9999140881	29.9094006287	32.7012871579	7.748
276	0	0	2	1775	110	26.9999140881	26.769679682	29.5615662112	18.709
277	0	0	1	1229	76	21.2329611437	28.1717571905	30.367320406	4.914
277	0	0	2	2580	161	21.2329611437	29.9943201192	32.1898833346	8.157
278	0	0	1	1217	76	24.9818665787	31.4712563262	34.0544696116	12.267
278	0	0	2	2566	160	24.9818665787	33.387697546	35.9709108313	8.929
279	0	0	1	970	60	24.656482388	31.5480325557	34.0975999658	5.401
279	0	0	2	2313	144	24.656482388	26.8957495943	29.4453170045	5.937
280	0	0	1	1237	77	21.2140975137	30.3178930264	32.5115056758	10.851
280	0	0	2	2586	161	21.2140975137	31.4496782315	33.6432908809	10.52
281	0	0	1	1021	63	19.773305521	26.885314459	28.9299441249	14.473
281	0	0	2	2368	148	19.773305521	25.9915582074	28.0361878733	20.126
282	0	0	1	545	34	20.6142770022	35.6705847987	37.8021738876	6.819
282	0	0	2	1892	118	20.6142770022	35.23803436	37.3696234489	13.37
283	0	0	1	1251	78	21.9376880156	29.5490108815	31.8174453459	10.032
283	0	0	2	2600	162	21.9376880156	29.2972040191	31.5656384835	21.307
284	0	0	1	310	19	25.5004226047	32.4415738966	35.0784077075	10.126
284	0	0	2	1653	103	25.5004226047	32.1450301587	34.7818639696	12.283
286	0	0	1	305	19	24.5320486463	27.7487689499	30.2854694714	8.504
286	0	0	2	1649	103	24.5320486463	29.2694283553	31.8061288768	12.473
287	0	0	1	1233	77	22.4485787248	30.8298217907	33.1510841598	5.134
287	0	0	2	2582	161	22.4485787248	30.2933405163	32.6146028854	16.189
288	0	0	1	1244	77	25.1479334953	32.7163913846	35.316776576	9.118
288	0	0	2	2594	162	25.1479334953	31.8266067165	34.4269919079	17.008
289	0	0	1	1251	78	17.5307366012	27.3818283772	29.194568492	8.661
289	0	0	2	2596	162	17.5307366012	15.4192804374	17.2320205522	14.126
290	0	0	1	138	8	25.8796197479	30.0351991466	32.7112432821	4.22
290	0	0	2	1479	92	25.8796197479	29.5070972546	32.1831413902	12.126
291	0	0	1	1031	64	28.5932391013	17.2776143162	20.2342562823	4.425
291	0	0	2	2375	148	28.5932391013	31.6089028433	34.5655448093	11.968
292	0	0	1	1019	63	25.1754261023	32.0749628497	34.6781908737	19.055
292	0	0	2	2363	147	25.1754261023	33.1011268909	35.704354915	4.992
293	0	0	1	519	32	22.6435982246	31.0375806015	33.379008676	6.315
293	0	0	2	1865	116	22.6435982246	30.0703193609	32.4117474354	11.008
294	0	0	1	379	23	19.4969676632	26.7417395221	28.757794877	13.212
294	0	0	2	1724	107	19.4969676632	26.0227711077	28.0388264625	12.945
295	0	0	1	1012	63	24.0122438315	32.365787505	34.8487383718	8.095
295	0	0	2	2356	147	24.0122438315	36.1031906865	38.5861415533	10.063
296	0	0	1	565	35	19.787403192	25.359197554	27.405284969	10.96
296	0	0	2	1914	119	19.787403192	30.8617900686	32.9078774835	4.441
297	0	0	1	964	60	21.3698521347	31.7881731367	33.9978913644	10.725
297	0	0	2	2309	144	21.3698521347	27.1217563188	29.3314745465	5.527
298	0	0	1	1240	77	26.6829929543	30.3949346366	33.1540504006	12.441
298	0	0	2	2581	161	26.6829929543	29.9944236991	32.7535394631	12.189
299	0	0	1	1012	63	29.1739558116	24.8854219676	27.9021120936	13.968
299	0	0	2	2357	147	29.1739558116	26.7448522116	29.7615423377	13.937
300	0	0	1	520	32	20.6974998585	30.3836186332	32.5238132596	8.598
300	0	0	2	1867	116	20.6974998585	30.2249668572	32.3651614835	8.189
301	0	0	1	547	34	26.0665823892	25.2297042472	27.9250809805	18.393
301	0	0	2	1894	118	26.0665823892	27.6645776335	30.3599543668	11.685
302	0	0	1	1229	76	25.0917772701	29.1877015191	31.7822799583	6.961
302	0	0	2	2580	161	25.0917772701	26.5991731614	29.1937516006	12.205
303	0	0	1	487	30	21.4695762107	29.5868875108	31.8069175603	12.299
303	0	0	2	1829	114	21.4695762107	29.308335944	31.5283659936	8.032
303	1	0	1	486	30	21.4695762107	31.0940777204	33.3141077699	11.905
303	1	0	2	1831	114	21.4695762107	29.8915152804	32.1115453299	8.189
304	0	0	1	821	51	28.6597249289	30.0253739996	32.9888908352	7.779
304	0	0	2	2164	135	28.6597249289	34.6328891269	37.5964059625	9.496
305	0	0	1	895	55	29.7303896	33.3549139055	36.4291412516	7.339
305	0	0	2	2251	140	29.7303896	30.1111947596	33.1854221056	9.874
306	0	0	1	901	56	23.663726613	29.3532417187	31.8001546735	8.315
306	0	0	2	2249	140	23.663726613	27.6622772895	30.1091902443	11.26
307	0	0	1	561	35	21.861920697	31.5934360023	33.8540358581	10.189
307	0	0	2	1896	118	21.861920697	23.115433249	25.3760331048	4.252
308	0	0	1	1222	76	20.9392620161	30.1613265642	32.326520252	4.63
308	0	0	2	2572	160	20.9392620161	30.3823188379	32.5475125257	14.567
309	0	0	1	444	27	24.993926652	27.9188118191	30.5032721586	4.126
309	0	0	2	1791	111	24.993926652	29.7392434882	32.3237038277	10
310	0	0	1	432	27	23.5783655781	31.713736538	34.1518228601	4.378
310	0	0	2	1779	111	23.5783655781	31.2701263803	33.7082127024	7.402
311	0	0	1	347	21	23.782493689	31.3975514385	33.8567453286	12.834
311	0	0	2	1691	105	23.782493689	29.1429619656	31.6021558557	8.315
312	0	0	1	919	57	21.5609675978	27.1737419084	29.4032221503	16.441
312	0	0	2	2261	141	21.5609675978	27.4393763462	29.6688565881	9.78
313	0	0	1	564	35	27.6125672786	34.312446826	37.1676838601	8.63
313	0	0	2	1912	119	27.6125672786	33.352128788	36.207365822	11.528
314	0	0	1	567	35	26.3132516824	33.6877486748	36.4086318847	9.26
314	0	0	2	1915	119	26.3132516824	32.6946301493	35.4155133592	5.402
315	0	0	1	55	3	23.8918459858	26.1134638691	28.5839651732	11.402
315	0	0	2	1395	87	23.8918459858	24.5015199609	26.972021265	21.685
316	0	0	1	994	62	17.5535008834	25.6699562744	27.4850502964	17.307
316	0	0	2	2337	146	17.5535008834	25.6969942802	27.5120883022	16.378
317	0	0	1	457	28	23.820148795	29.4650185736	31.9281061348	8.819
317	0	0	2	1802	112	23.820148795	27.146260665	29.6093482262	9.055
318	0	0	1	280	17	26.2806954097	32.2505105552	34.9680273315	10.929
318	0	0	2	1624	101	26.2806954097	31.8321647141	34.5496814904	6.063
319	0	0	1	1244	77	21.2305795776	29.0149882998	31.2103052529	7.622
319	0	0	2	2593	162	21.2305795776	23.7848320068	25.9801489599	6.677
320	0	0	1	1222	76	21.2488854792	32.3485359895	34.5457458375	4.409
320	0	0	2	2572	160	21.2488854792	28.4539978004	30.6512076484	9.559
321	0	0	1	1059	66	19.8143393448	32.2859949421	34.3348676504	13.149
321	0	0	2	2403	150	19.8143393448	30.5190998207	32.567972529	14.662
322	0	0	1	591	36	22.3990727076	33.6862970327	36.0024403046	14.992
322	0	0	2	1941	121	22.3990727076	28.4521368152	30.7682800872	4.378
323	0	0	1	931	58	24.896121445	34.9254705222	37.4998174577	5.165
323	0	0	2	2274	142	24.896121445	31.6582717614	34.2326186969	12.362
324	0	0	1	1034	64	28.8565158145	21.0380798462	24.0219455548	5.874
324	0	0	2	2378	148	28.8565158145	21.6946766236	24.6785423321	11.748
325	0	0	1	297	18	23.0830267713	32.0809825863	34.4678491254	6.914
325	0	0	2	1641	102	23.0830267713	30.7431210018	33.1299875409	6.551
326	0	0	1	545	34	25.8973802275	32.44846357	35.1263442019	6.709
326	0	0	2	1893	118	25.8973802275	30.3767016314	33.0545822633	13.04
327	0	0	1	196	12	26.4335000391	26.7031820125	29.4364993275	5.969
327	0	0	2	1539	96	26.4335000391	28.1695669425	30.9028842574	14.063
328	0	0	1	1225	76	23.2121978597	33.6890448238	36.0892681099	6.031
328	0	0	2	2580	161	23.2121978597	31.9950043256	34.3952276117	13.685
329	0	0	1	1248	78	21.746499404	29.6882328363	31.9368977226	5.15
329	0	0	2	2599	162	21.746499404	31.6725899505	33.9212548368	16.441
330	0	0	1	1031	64	29.3766127434	20.5294064659	23.5670520348	11.811
330	0	0	2	2375	148	29.3766127434	31.4227737913	34.4604193602	16.992
331	0	0	1	1040	65	26.3132017501	28.1638016276	30.8846796743	9.842
331	0	0	2	2393	149	26.3132017501	32.0448753524	34.7657533992	4.567
332	0	0	1	1030	64	26.0621043738	30.8919219315	33.5868356222	5.559
332	0	0	2	2373	148	26.0621043738	32.8274124162	35.5223261069	9.307
332	1	0	1	1026	64	26.0621043738	31.1644278537	33.8593415444	6.551
332	1	0	2	2374	148	26.0621043738	33.7543253108	36.4492390015	10.315
333	0	0	1	1100	68	24.2074697043	28.1847764433	30.6879143552	12.473
333	0	0	2	2447	152	24.2074697043	28.4908063572	30.9939442692	15.905
333	1	0	1	1099	68	24.2074697043	29.1809461752	31.6840840872	7.244
333	1	0	2	2454	153	24.2074697043	29.1469365256	31.6500744376	10.598
334	0	0	1	1269	79	20.4255816107	32.4058059877	34.5178833063	7.905
334	0	0	2	2619	163	20.4255816107	30.6184773734	32.730554692	13.228
335	0	0	1	1022	63	24.721737358	33.4738997447	36.0302147494	4.473
335	0	0	2	2368	148	24.721737358	28.6859472734	31.2422622781	17.622
336	0	0	1	1063	66	25.399707302	30.4259790092	33.0523985019	4.378
336	0	0	2	2411	150	25.399707302	32.4005066285	35.0269261212	7.465
337	0	0	1	309	19	20.8694999542	30.0288493802	32.1868294243	11.37
337	0	0	2	1652	103	20.8694999542	31.5368622487	33.6948422927	4.378
337	1	0	1	310	19	20.8694999542	29.7766926268	31.9346726708	10.693
337	1	0	2	1653	103	20.8694999542	34.1382021065	36.2961821505	6.929
338	0	0	1	1248	78	23.0171100622	31.6958334562	34.0758839746	5.937
338	0	0	2	2599	162	23.0171100622	31.539789216	33.9198397344	16.834
339	0	0	1	415	25	26.4350292694	30.932547151	33.6660225938	5.323
339	0	0	2	1763	110	26.4350292694	31.0373780804	33.7708535231	14.189
340	0	0	1	264	16	21.0561117281	29.0999546413	31.2772310022	11.197
340	0	0	2	1607	100	21.0561117281	28.0626904909	30.2399668518	14.945
341	0	0	1	477	29	26.3339328457	30.9585575032	33.6815792185	11.338
341	0	0	2	1825	114	26.3339328457	29.4191870094	32.1422087247	7.15
342	0	0	1	209	13	25.1311975431	29.1147695045	31.7134241392	14.519
342	0	0	2	1552	97	25.1311975431	29.3370462995	31.9357009342	8.472
343	0	0	1	1227	76	20.3625193281	27.3117495211	29.4173059769	6.567
343	0	0	2	2579	161	20.3625193281	28.6618589579	30.7674154136	10.032
344	0	0	1	803	50	23.0167850822	22.6247178504	25.0047347647	4.126
344	0	0	2	2145	134	23.0167850822	31.7352004595	34.1152173739	7.307
345	0	0	1	739	46	27.1491402578	27.6396335017	30.4469505442	17.906
345	0	0	2	2077	129	27.1491402578	28.3815107932	31.1888278357	7.685
345	1	0	1	727	45	27.1491402578	32.9144738025	35.7217908449	7.433
345	1	0	2	2076	129	27.1491402578	28.2337596063	31.0410766487	14.819
347	0	0	1	824	51	26.4169660637	18.8499178211	21.5815254645	4.347
347	0	0	2	2166	135	26.4169660637	24.5981628052	27.3297704487	15.024
348	0	0	1	591	36	20.8329571146	29.4573104398	31.6115118251	13.197
348	0	0	2	1940	121	20.8329571146	30.9539974116	33.1081987969	12.473
349	0	0	1	259	16	23.6046879533	30.8561678069	33.2969759557	8.221
349	0	0	2	1602	100	23.6046879533	29.0656526515	31.5064608002	4.992
350	0	0	1	262	16	28.8582683596	31.9260561974	34.9101031253	8.094
350	0	0	2	1605	100	28.8582683596	30.1214569411	33.105503869	17.433
351	0	0	1	1234	77	22.6737580303	28.5245137879	30.8690604929	7.622
351	0	0	2	2585	161	22.6737580303	30.3108402581	32.6553869631	5.055
352	0	0	1	1031	64	30.7458041349	23.5853594097	26.7645842069	6.788
352	0	0	2	2376	148	30.7458041349	31.2443528184	34.4235776156	16.992
353	0	0	1	1061	66	23.7991917687	35.334836885	37.7957574156	6.441
353	0	0	2	2408	150	23.7991917687	28.6221575155	31.0830780461	9.008
354	0	0	1	984	61	22.7765878744	22.3935793802	24.7487590545	7.134
354	0	0	2	2329	145	22.7765878744	28.2741758559	30.6293555301	16.63
355	0	0	1	930	58	24.5001168842	31.4083561418	33.9417548063	11.717
355	0	0	2	2273	142	24.5001168842	29.5174494772	32.0508481417	9.905
356	0	0	1	1279	79	17.1586966638	28.9151222553	30.6893921258	6.567
356	0	0	2	2629	164	17.1586966638	29.9411017107	31.7153715812	10.441
357	0	0	1	1248	78	21.0886507326	29.5907587167	31.7713997256	10.63
357	0	0	2	2594	162	21.0886507326	30.0094536733	32.1900946823	24.567
358	0	0	1	1019	63	27.9589728795	31.8764391056	34.767495703	12.536
358	0	0	2	2364	147	27.9589728795	29.7840020761	32.6750586735	14.094
359	0	0	1	489	30	22.6596917915	29.8990904719	32.2421826781	12.504
359	0	0	2	1834	114	22.6596917915	30.6838900982	33.0269823045	9.716
360	0	0	1	825	51	23.8539520553	20.6810126906	23.1475956284	14.96
360	0	0	2	2167	135	23.8539520553	28.2607652559	30.7273481937	16
361	0	1	1	554	34	22.8877726526	28.3951463807	30.761822954	12.882
361	0	1	2	1901	118	22.8877726526	28.809777924	31.1764544972	5.465
362	0	1	1	1255	78	23.095461439	30.7310599803	33.119212308	9.843
362	0	1	2	2603	162	23.095461439	29.4210543594	31.809206687	17.874
363	0	1	1	157	9	25.3662287822	31.6709801341	34.2939378295	9.591
363	0	1	2	1497	93	25.3662287822	31.3965640746	34.0195217701	17.937
364	0	1	1	1217	76	24.41539954	30.8951541524	33.4197927442	6.504
364	0	1	2	2566	160	24.41539954	31.3935872703	33.918225862	10.441
365	0	1	1	903	56	26.8224909614	30.640427846	33.4139681969	8.157
365	0	1	2	2245	140	26.8224909614	32.9052003556	35.6787407065	12
366	0	1	1	865	54	22.2586530157	28.68847216	30.9900955396	12.283
366	0	1	2	2209	138	22.2586530157	30.8433365297	33.1449599093	18.126
367	0	1	1	1031	64	26.1458045827	20.7378714958	23.4414400839	10.63
367	0	1	2	2375	148	26.1458045827	32.1961317305	34.8997003186	10.567
368	0	1	1	1099	68	21.9762438601	28.4598922883	30.7323135632	14.094
368	0	1	2	2446	152	21.9762438601	29.6113167433	31.8837380183	12.409
369	0	1	1	1244	77	20.8178804682	30.0032356015	32.1558780083	5.102
369	0	1	2	2594	162	20.8178804682	28.2361843766	30.3888267833	18.693
370	0	1	1	235	14	32.0461398255	28.8505353487	32.1642194516	10.441
370	0	1	2	1578	98	32.0461398255	30.7172049944	34.0308890973	9.717
371	0	1	1	1253	78	23.3891940171	31.5088247809	33.9273500951	9.213
371	0	1	2	2601	162	23.3891940171	32.9734860884	35.3920114027	14.41
372	0	1	1	330	20	20.9556024693	31.0754266833	33.2423100317	9.339
372	0	1	2	1674	104	20.9556024693	29.2027312711	31.3696146194	12.347
373	0	1	1	978	61	26.2107288521	28.4183103054	31.1285922923	6.441
373	0	1	2	2323	145	26.2107288521	29.6112373128	32.3215192998	8.976
374	0	1	1	808	50	27.5777257203	29.625073561	32.4767078548	8.63
374	0	1	2	2150	134	27.5777257203	29.9361787869	32.7878130808	13.874
375	0	1	1	894	55	26.9413311564	28.4293500267	31.2151788737	21.48
375	0	1	2	2237	139	26.9413311564	30.7552135541	33.5410424011	11.04
376	0	1	1	545	34	18.0602118819	33.581493006	35.4489827359	18.032
376	0	1	2	1894	118	18.0602118819	30.8220039256	32.6894936555	16
377	0	1	1	521	32	23.5026766993	30.8641142047	33.2943740294	9.906
377	0	1	2	1869	116	23.5026766993	29.959383582	32.3896434066	14.157
378	0	1	1	550	34	21.3366405316	32.5568718558	34.7631558864	11.008
378	0	1	2	1897	118	21.3366405316	32.0705260192	34.2768100497	13.464
380	0	1	1	879	54	25.0161054965	28.8504484843	31.4372021948	14.315
380	0	1	2	2222	138	25.0161054965	29.460683326	32.0474370365	16.898
381	0	1	1	549	34	25.6039625296	32.6909000182	35.3384402232	13.276
381	0	1	2	1897	118	25.6039625296	31.5317135113	34.1792537163	12.473
382	0	1	1	1032	64	29.3421839318	29.1608401391	32.1949256473	8.787
382	0	1	2	2376	148	29.3421839318	31.2039135772	34.2379990854	11.464
383	0	1	1	72	4	24.8262877891	31.7971186303	34.364244519	7.37
383	0	1	2	1411	88	24.8262877891	30.0527762974	32.6199021861	8.126
385	0	1	1	1241	77	20.3299158884	29.5533508747	31.6555360196	6.189
385	0	1	2	2590	161	20.3299158884	29.9114491334	32.0136342783	11.103
386	0	1	1	457	28	22.876221185	29.7778295065	32.1433116172	6.599
386	0	1	2	1803	112	22.876221185	28.6010936192	30.9665757298	5.544
387	0	1	1	541	33	24.3764013664	35.0819684646	37.6025745074	8.677
387	0	1	2	1890	118	24.3764013664	29.9600188286	32.4806248714	16.189
388	0	1	1	1217	76	17.3500626779	31.0371347075	32.8311925001	6.599
388	0	1	2	2566	160	17.3500626779	30.1405079804	31.9345657731	11.37
389	0	1	1	334	20	20.501635223	26.3370502028	28.4569917337	7.622
389	0	1	2	1680	105	20.501635223	29.6331566374	31.7530981683	12
390	0	1	1	248	15	27.5863805758	32.9753469387	35.8278761752	11.811
390	0	1	2	1590	99	27.5863805758	33.461031185	36.3135604215	8.519
391	0	1	1	1211	75	21.4805595589	32.1827629209	34.4039286875	6.189
391	0	1	2	2561	160	21.4805595589	32.9089823723	35.1301481389	5.654
392	0	1	1	1248	78	22.3891449955	31.2479595694	33.5630762809	8.41
392	0	1	2	2597	162	22.3891449955	29.2253519669	31.5404686784	20.315
393	0	1	1	489	30	16.8502925345	28.6410822918	30.3834620856	15.591
393	0	1	2	1834	114	16.8502925345	29.8753050597	31.6176848534	7.717
394	0	1	1	741	46	25.979782407	27.255636442	29.9420377504	18
394	0	1	2	2079	129	25.979782407	28.6652993151	31.3517006236	6.268
395	0	1	1	1243	77	21.867360621	28.8577001275	31.1188624907	9.748
395	0	1	2	2594	162	21.867360621	28.8179654601	31.0791278233	22.819
396	0	1	1	542	33	22.4367344741	32.610251225	34.9302888567	10.63
396	0	1	2	1889	118	22.4367344741	26.8226074393	29.142645071	7.59
397	0	1	1	471	29	25.5160113883	22.2252946748	24.863740421	22.189
397	0	1	2	1844	115	25.5160113883	31.3530070291	33.9914527753	8.504
398	0	1	1	1229	76	21.3325901886	31.4578240318	33.6636892426	9.134
398	0	1	2	2580	161	21.3325901886	28.381917071	30.5877822818	12.189
399	0	1	1	1022	63	29.2859802004	27.2259951218	30.2542689655	7.906
399	0	1	2	2370	148	29.2859802004	25.7713611999	28.7996350436	15.748
400	0	1	1	1255	78	24.3310169719	31.2584910913	33.7744042273	7.654
400	0	1	2	2603	162	24.3310169719	31.324319805	33.840232941	6.347
401	0	1	1	1001	62	29.118540573	28.2078982287	31.2188582232	4.158
401	0	1	2	2347	146	29.118540573	29.7751517402	32.7861117347	13.685
402	0	1	1	1256	78	22.6279755271	30.2050931453	32.5449057777	6.252
402	0	1	2	2604	162	22.6279755271	30.0179329535	32.3577455859	17.59
403	0	1	1	1003	62	23.4932245249	29.6814479989	32.1107304353	10.221
403	0	1	2	2349	146	23.4932245249	29.8631661875	32.2924486239	11.591
404	0	1	1	570	35	19.4167061967	25.093779552	27.1015355877	13.528
404	0	1	2	1920	120	19.4167061967	30.7488284203	32.756584456	12.315
405	0	1	1	879	54	29.0778627367	29.7554238998	32.7621776623	5.37
405	0	1	2	2220	138	29.0778627367	30.8286886193	33.8354423818	13.26
406	0	1	1	1214	75	18.1411557029	30.8358955693	32.7117551763	13.055
406	0	1	2	2564	160	18.1411557029	31.0759657721	32.9518253791	10.095
407	0	1	1	1022	63	27.9125320773	29.9895742323	32.8758286866	12.315
407	0	1	2	2370	148	27.9125320773	27.9201402655	30.8063947198	14.22
408	0	1	1	737	46	27.8808745909	28.9085572008	31.7915381591	17.37
408	0	1	2	2077	129	27.8808745909	31.2676181428	34.1505991011	13.039
410	0	1	1	477	29	25.5929779838	31.6116348328	34.258039197	5.149
410	0	1	2	1824	114	25.5929779838	24.8357979049	27.482202269	6.85
411	0	1	1	1246	77	21.8323089408	32.3888473646	34.6463852602	7.622
411	0	1	2	2597	162	21.8323089408	29.3961678378	31.6537057334	20.346
412	0	1	1	1103	68	22.964944151	34.0856434787	36.4602998575	9.843
412	0	1	2	2452	153	22.964944151	32.1720001396	34.5466565185	7.622
413	0	1	1	1218	76	20.9329388173	30.418338784	32.5828786307	9.622
413	0	1	2	2567	160	20.9329388173	33.6704865895	35.8350264361	9.811
414	0	1	1	1236	77	22.2387204791	29.2109799195	31.5105422044	8.032
414	0	1	2	2584	161	22.2387204791	29.6446655196	31.9442278045	12.662
415	0	1	1	1236	77	22.9899766958	28.0645669559	30.4418117883	5.969
415	0	1	2	2585	161	22.9899766958	32.0495177826	34.4267626151	12.914
416	0	1	1	1021	63	25.425266974	29.4243831223	32.0534455753	15.653
416	0	1	2	2366	147	25.425266974	32.0574810567	34.6865435098	11.528
417	0	1	1	551	34	25.9767045339	29.4441876753	32.1302707208	10.095
417	0	1	2	1899	118	25.9767045339	30.3158949808	33.0019780263	7.181
418	0	1	1	266	16	26.9965305585	37.749071661	40.5406083212	4.866
418	0	1	2	1610	100	26.9965305585	30.7993589131	33.5908955734	9.26
419	0	1	1	993	62	22.7323605645	33.0992467494	35.4498531636	7.37
419	0	1	2	2340	146	22.7323605645	31.1773033602	33.5279097744	11.465
420	0	1	1	1259	78	22.1070492282	26.3800277641	28.6659747764	11.087
420	0	1	2	2609	163	22.1070492282	27.4332151294	29.7191621417	14.504
421	0	1	1	343	21	24.5698957212	26.7415993621	29.2822134049	13.307
421	0	1	2	1686	105	24.5698957212	26.6909812679	29.2315953107	18.095
422	0	1	1	774	48	23.7867846543	35.1109723448	37.570609936	6.63
422	0	1	2	2114	132	23.7867846543	30.300505267	32.7601428582	10.473
423	0	1	1	1238	77	19.8683013923	29.413072283	31.4675248577	8.158
423	0	1	2	2586	161	19.8683013923	30.0201433505	32.0745959252	11.779
424	0	1	1	826	51	27.9335644851	19.0460809181	21.9345101977	11.622
424	0	1	2	2167	135	27.9335644851	27.3478535671	30.2362828467	11.969
425	0	1	1	551	34	21.6397380029	28.366240269	30.6038656491	7.023
425	0	1	2	1889	118	21.6397380029	28.7803648414	31.0179902215	14.819
426	0	1	1	994	62	23.1959149473	30.0594070439	32.4579466193	5.748
426	0	1	2	2338	146	23.1959149473	30.8909605992	33.2895001747	13.622
427	0	1	1	1246	77	22.1149457744	28.9180223571	31.2047859001	6.567
427	0	1	2	2593	162	22.1149457744	29.6819081023	31.9686716453	15.008
428	0	1	1	1244	77	22.9823554738	27.8401097283	30.2165664995	17.685
428	0	1	2	2593	162	22.9823554738	29.3226474336	31.6991042048	12.032
428	1	1	1	1243	77	22.9823554738	27.8490562945	30.2255130657	9.181
428	1	1	2	2594	162	22.9823554738	29.0519867443	31.4284435155	22.866
429	0	1	1	528	33	22.245219526	27.7407639951	30.0409983044	13.527
429	0	1	2	1876	117	22.245219526	26.8658303962	29.1660647054	6.535
430	0	1	1	1236	77	22.7106731498	28.6869276343	31.0352914931	7.055
430	0	1	2	2583	161	22.7106731498	27.4955195816	29.8438834404	14.189
431	0	1	1	1022	63	23.295913876	34.1676038643	36.5764836823	4.126
431	0	1	2	2368	148	23.295913876	26.95064906	29.359528878	23.386
432	0	1	1	1238	77	23.7597066606	29.1599725356	31.6168101665	8.378
432	0	1	2	2587	161	23.7597066606	29.6212916006	32.0781292316	15.748
433	0	1	1	1056	66	24.6091955456	27.6416514002	30.1863291838	12.315
433	0	1	2	2402	150	24.6091955456	26.5941363511	29.1388141346	20.315
435	0	1	1	1241	77	22.832412162	31.1620498155	33.5230019184	9.181
435	0	1	2	2590	161	22.832412162	31.2050397767	33.5659918796	9.937
436	0	1	1	1012	63	20.3842373648	30.2712546654	32.3790568429	5.244
436	0	1	2	2357	147	20.3842373648	33.3623307086	35.4701328861	5.15
437	0	1	1	488	30	19.2825493707	26.1853439367	28.1792276824	20.189
437	0	1	2	1833	114	19.2825493707	32.1636537065	34.1575374522	12.283
438	0	1	1	545	34	20.2767528198	34.900031061	36.9967189567	10.252
438	0	1	2	1894	118	20.2767528198	33.1208979861	35.2175858818	9.591
439	0	1	1	154	9	26.5900540694	31.2766225166	34.0261280714	11.433
439	0	1	2	1495	93	26.5900540694	29.0622075944	31.8117131493	18.063
440	0	1	1	1275	79	22.9979830175	30.0927588742	32.4708315887	9.244
440	0	1	2	2624	164	22.9979830175	31.5824675321	33.9605402465	9.716
441	0	1	1	296	18	31.1648659092	30.2300831279	33.4526403935	15.843
441	0	1	2	1639	102	31.1648659092	28.5725861361	31.7951434017	13.024
443	0	1	1	280	17	25.1717978527	31.0306686623	33.6335215125	11.654
443	0	1	2	1624	101	25.1717978527	30.7100241993	33.3128770496	8.189
444	0	1	1	470	29	26.770042522	24.187031305	26.9551483019	10.157
444	0	1	2	1817	113	26.770042522	26.0066272771	28.774744274	8.74
445	0	1	1	879	54	29.6044841949	28.0163641901	31.0775724724	10.693
445	0	1	2	2223	138	29.6044841949	28.2358523156	31.2970605979	10.441
446	0	1	1	431	26	25.5433866835	30.7101047681	33.3513812166	9.149
446	0	1	2	1779	111	25.5433866835	30.238659135	32.8799355835	9.181
447	0	1	1	822	51	20.6019870276	27.7562361355	29.8865543976	4.315
447	0	1	2	2166	135	20.6019870276	26.6001589148	28.7304771769	12.661
448	0	1	1	1238	77	23.3698492761	28.1527189426	30.5692439422	7.338
448	0	1	2	2587	161	23.3698492761	30.4191049911	32.8356299908	13.481
449	0	1	1	592	37	15.6631497323	36.510208762	38.1298337949	11.622
449	0	1	2	1944	121	15.6631497323	30.9700696919	32.5896947248	5.937
450	0	1	1	1245	77	23.011549502	30.8713412678	33.2508168047	9.244
450	0	1	2	2596	162	23.011549502	30.1717357258	32.5512112627	17.307
451	0	1	1	737	46	25.9747101903	32.0364499552	34.7223267785	8.851
451	0	1	2	2076	129	25.9747101903	30.2523484022	32.9382252255	11.811
452	0	1	1	333	20	22.4076897821	31.6765431863	33.9935774942	9.339
452	0	1	2	1677	104	22.4076897821	30.6935833664	33.0106176744	4.866
453	0	1	1	1280	80	19.0486867863	29.5680659316	31.5377674597	10.158
453	0	1	2	2630	164	19.0486867863	32.9927253418	34.9624268699	18.441
454	0	1	1	737	46	23.838941363	28.0214491584	30.4864799376	17.654
454	0	1	2	2077	129	23.838941363	28.9891080996	31.4541388787	4.126
455	0	1	1	1224	76	21.5646764555	25.752122743	27.9819864939	13.779
455	0	1	2	2575	160	21.5646764555	23.9559437067	26.1858074576	16.567
456	0	1	1	1211	75	24.3767964987	28.840661869	31.3613087698	5.37
456	0	1	2	2561	160	24.3767964987	29.5262616019	32.0469085027	12.709
457	0	1	1	1090	68	24.2659429862	31.8815551213	34.3907393772	4.992
457	0	1	2	2438	152	24.2659429862	32.2614666909	34.7706509468	7.244
458	0	1	1	825	51	32.4688600786	22.1036501927	25.4610450635	7.654
458	0	1	2	2167	135	32.4688600786	30.6053354366	33.9627303074	5.622
459	0	1	1	572	35	24.0825175844	30.0000492384	32.4902666596	6.063
459	0	1	2	1921	120	24.0825175844	30.8566812448	33.346898666	9.338
460	0	1	1	1237	77	22.9980233754	30.4934236119	32.8715004995	7.527
460	0	1	2	2586	161	22.9980233754	30.6114090987	32.9894859863	12.157
461	0	1	1	63	3	24.0444645585	27.037875023	29.5241576269	11.717
461	0	1	2	1400	87	24.0444645585	28.4362652592	30.9225478631	6.929
462	0	1	1	330	20	28.6366571214	28.0109611994	30.9720927422	4.535
462	0	1	2	1674	104	28.6366571214	27.8174736646	30.7786052074	4.283
463	0	1	1	758	47	30.5157899174	24.5497999345	27.7052404489	14.031
463	0	1	2	2097	131	30.5157899174	31.0606760637	34.216116578	5.402
464	0	1	1	545	34	22.832373102	32.7823995111	35.143347575	15.528
464	0	1	2	1893	118	22.832373102	34.3002335581	36.6611816221	8.63
465	0	1	1	258	16	24.7977189234	34.7549977889	37.3191695559	15.37
465	0	1	2	1601	100	24.7977189234	34.0224304758	36.5866022428	5.197
466	0	1	1	809	50	24.7448002306	32.2574347411	34.8161345283	13.149
466	0	1	2	2152	134	24.7448002306	30.5448288567	33.1035286439	15.355
467	0	1	1	1001	62	28.275080379	30.5633823459	33.4871255758	18.157
467	0	1	2	2346	146	28.275080379	32.3840671946	35.3078104245	8.126
468	0	1	1	1055	65	22.3474865421	27.5728409732	29.8836500533	8.756
468	0	1	2	2392	149	22.3474865421	30.4737135663	32.7845226464	10.032
469	0	1	1	1246	77	22.9139666768	29.1456920758	31.5150772037	5.134
469	0	1	2	2598	162	22.9139666768	30.9581639382	33.3275490661	19.811
470	0	1	1	292	18	22.2717076641	28.0993222825	30.4022955589	12.031
470	0	1	2	1636	102	22.2717076641	27.3584907349	29.6614640113	14.189
472	0	1	1	558	34	20.6546904703	29.4258898943	31.5616578786	11.512
472	0	1	2	1907	119	20.6546904703	25.9168279324	28.0525959168	10.662
473	0	1	1	336	21	25.4811267534	29.00358637	31.6384249217	4.866
473	0	1	2	1681	105	25.4811267534	32.4030515572	35.0378901088	8
474	0	1	1	347	21	26.4147732683	27.9864429126	30.7178238133	12.315
474	0	1	2	1691	105	26.4147732683	27.663202524	30.3945834246	14.52
475	0	1	1	259	16	25.3963713168	30.9556303526	33.5817048926	9.968
475	0	1	2	1602	100	25.3963713168	33.2306870498	35.8567615898	9.465
476	0	1	1	269	16	27.1768887151	34.6778413733	37.4880277044	14.22
476	0	1	2	1612	100	27.1768887151	30.8860844726	33.6962708036	16.126
478	0	1	1	1254	78	20.5170859217	30.1680353106	32.2895744983	4.441
478	0	1	2	2594	162	20.5170859217	26.8044553311	28.9259945189	8
479	0	1	1	993	62	23.9424508224	31.1271792374	33.6029132605	7.417
479	0	1	2	2340	146	23.9424508224	32.8662800016	35.3420140246	8.662
480	0	1	1	488	30	20.0207406148	30.5656479672	32.6358632962	8.851
480	0	1	2	1833	114	20.0207406148	29.6724157385	31.7426310675	8.284
481	0	1	1	1041	65	22.854023551	30.6341942613	32.9973810581	10.897
481	0	1	2	2394	149	22.854023551	32.2839552789	34.6471420758	11.213
482	0	1	1	893	55	23.4840616993	33.0492989872	35.4776339551	10.599
482	0	1	2	2235	139	23.4840616993	31.4816810131	33.9100159809	8.158
483	0	1	1	1230	76	20.4490052882	29.2773956745	31.3918950841	6.504
483	0	1	2	2580	161	20.4490052882	31.3101120911	33.4246115007	11.811
484	0	1	1	1211	75	20.4404169149	29.7546163983	31.8682277398	8.897
484	0	1	2	2561	160	20.4404169149	31.8295264015	33.943137743	13.843
485	0	1	1	932	58	27.6735661321	29.8263030562	32.6878475873	14.504
485	0	1	2	2274	142	27.6735661321	29.9794564993	32.8410010304	5.78
486	0	1	1	1022	63	22.5859456764	35.6304674323	37.9659340296	13.481
486	0	1	2	2366	147	22.5859456764	28.3937758986	30.7292424959	10
487	0	1	1	558	34	28.2275019323	30.8820057552	33.8008292056	15.622
487	0	1	2	1908	119	28.2275019323	26.8523529138	29.7711763641	5.165
488	0	1	1	1255	78	22.5704813401	28.2671352809	30.6010028112	9.811
488	0	1	2	2602	162	22.5704813401	26.7433896227	29.077257153	4.929
489	0	1	1	526	32	22.7245542846	29.7234190338	32.073218251	5.275
489	0	1	2	1874	117	22.7245542846	32.0132712636	34.3630704808	6.11
490	0	1	1	333	20	21.0445537634	29.2601463674	31.436227594	14.63
490	0	1	2	1677	104	21.0445537634	32.4777804938	34.6538617204	11.465
491	0	1	1	964	60	30.2636906793	32.0573485842	35.1867211465	6.347
491	0	1	2	2309	144	30.2636906793	30.6671043951	33.7964769573	4.189
492	0	1	1	997	62	24.335443727	29.4982096975	32.0145805756	9.512
492	0	1	2	2342	146	24.335443727	29.7002141156	32.2165849938	8.063
493	0	1	1	1213	75	22.0144292799	27.4300177211	29.7063875034	4.851
493	0	1	2	2564	160	22.0144292799	29.4102330994	31.6866028817	14.646
494	0	1	1	337	21	23.227562801	31.9658119101	34.3676239854	9.811
494	0	1	2	1682	105	23.227562801	28.2095290157	30.6113410911	13.401
495	0	1	1	932	58	24.3038092969	29.3806229973	31.8937227636	11.59
495	0	1	2	2274	142	24.3038092969	28.5606751493	31.0737749156	7.055
496	0	1	1	1241	77	22.605686656	29.9338260276	32.271333912	9.937
496	0	1	2	2590	161	22.605686656	28.9536988654	31.2912067497	9.653
497	0	1	1	774	48	26.0470389382	31.8548509456	34.548206817	10.551
497	0	1	2	2115	132	26.0470389382	28.3859150164	31.0792708878	4.409
498	0	1	1	1064	66	25.9047029693	29.929130629	32.6077684583	5.496
498	0	1	2	2412	150	25.9047029693	32.0542598551	34.7328976843	11.386
499	0	1	1	443	27	18.1796005426	29.5523398951	31.4321748344	4.189
499	0	1	2	1790	111	18.1796005426	27.4156442737	29.295479213	10.535
501	0	1	1	1275	79	20.8154962734	30.2389349407	32.3913308133	10.346
501	0	1	2	2624	164	20.8154962734	29.2863819584	31.438777831	6.614
502	0	1	1	1268	79	23.6293463321	29.2721794309	31.7155373432	6.189
502	0	1	2	2618	163	23.6293463321	30.1971306305	32.6404885428	11.622
503	0	1	1	1238	77	22.0865174364	31.3812561373	33.6650800897	6.992
503	0	1	2	2586	161	22.0865174364	33.7864209949	36.0702449473	6.252
504	0	1	1	1255	78	21.613357897	29.2967800517	31.5316776357	8.347
504	0	1	2	2597	162	21.613357897	31.4539560427	33.6888536267	8.347
505	0	1	1	1022	63	17.4882156078	36.4273096258	38.2356529196	5.118
505	0	1	2	2368	148	17.4882156078	32.1630620483	33.9714053421	15.433
506	0	1	1	1032	64	28.1469066839	34.1785373491	37.0890269659	13.307
506	0	1	2	2376	148	28.1469066839	38.5122914411	41.422781058	9.905
507	0	1	1	1260	78	15.6575085275	30.2080205363	31.8270622487	4.283
507	0	1	2	2601	162	15.6575085275	30.0282641875	31.6473058999	13.59
508	0	1	1	342	21	23.6287490989	31.0701194507	33.513415607	8.945
508	0	1	2	1685	105	23.6287490989	30.1023501161	32.5456462724	4.535
509	0	1	1	607	37	20.4842219065	29.5765049587	31.6946458911	12
509	0	1	2	1957	122	20.4842219065	29.573523717	31.6916646494	7.433
510	0	1	1	1218	76	21.0362693774	30.2458239542	32.4210485459	4.094
510	0	1	2	2569	160	21.0362693774	26.0903747865	28.2655993782	16.189
511	0	1	1	987	61	25.1072350152	25.7523045775	28.3484814022	6.614
511	0	1	2	2331	145	25.1072350152	28.3435973762	30.9397742009	13.843
512	0	1	1	739	46	25.1838320809	27.2897568123	29.8938540443	10.803
512	0	1	2	2078	129	25.1838320809	26.2005921257	28.8046893576	17.023
513	0	1	1	930	58	27.4387431505	32.7091322768	35.5463952818	5.276
513	0	1	2	2273	142	27.4387431505	31.5872575445	34.4245205495	6.126
514	0	1	1	920	57	29.4819138211	25.8231800245	28.871714097	23.968
514	0	1	2	2263	141	29.4819138211	28.081159565	31.1296936375	13.338
516	0	1	1	901	56	28.828422654	30.4349893641	33.4159501406	12.866
516	0	1	2	2242	140	28.828422654	30.9913861346	33.9723469111	8.536
517	0	1	1	305	19	25.5960424208	29.0812900283	31.7280112661	16.409
517	0	1	2	1650	103	25.5960424208	28.6684340976	31.3151553354	13.906
517	1	1	1	304	19	25.5960424208	26.347568725	28.9942899628	11.339
517	1	1	2	1643	102	25.5960424208	34.2606603424	36.9073815802	8.315
518	0	1	1	513	32	20.6816377208	30.7628592023	32.9014136276	12.094
518	0	1	2	1860	116	20.6816377208	30.8153377348	32.95389216	8.598
519	0	1	1	259	16	23.4995384908	30.9830120809	33.4129474037	7.024
519	0	1	2	1591	99	23.4995384908	30.753109924	33.1830452468	11.181
520	0	1	1	490	30	27.0312623687	31.2557467955	34.0508748477	10.945
520	0	1	2	1835	114	27.0312623687	32.5340528188	35.329180871	7.465
521	0	1	1	530	33	22.8557863805	28.0886192258	30.4519883054	16.315
521	0	1	2	1879	117	22.8557863805	29.2991934845	31.6625625641	11.591
522	0	1	1	958	59	25.3468831057	28.6925687322	31.3135260163	5.843
522	0	1	2	2299	143	25.3468831057	28.6592538378	31.2802111219	5.024
523	0	1	1	557	34	20.698656111	33.8115221688	35.9518363557	10.725
523	0	1	2	1908	119	20.698656111	34.0728251333	36.2131393203	8.551
524	0	1	1	309	19	21.9550486958	31.1989147807	33.4691444007	8.866
524	0	1	2	1653	103	21.9550486958	35.1613106172	37.4315402373	9.402
525	0	1	1	598	37	20.6251509326	29.6943197745	31.8270332662	7.338
525	0	1	2	1948	121	20.6251509326	29.6827328379	31.8154463296	11.134
526	0	1	1	1248	78	22.8942954575	31.5762219357	33.94357299	7.181
526	0	1	2	2598	162	22.8942954575	29.3400378166	31.7073888709	9.055
527	0	1	1	1004	62	21.6621937371	31.5401118764	33.7800592589	10.063
527	0	1	2	2350	146	21.6621937371	31.0038039898	33.2437513722	8.945
528	0	1	1	761	47	23.2072500947	35.5975710383	37.997282708	7.433
528	0	1	2	2102	131	23.2072500947	34.1968597696	36.5965714393	9.811
530	0	1	1	1094	68	21.4483063827	32.1229832679	34.340813942	7.78
530	0	1	2	2442	152	21.4483063827	31.5494201467	33.7672508208	11.071
531	0	1	1	803	50	25.1755955899	24.0991910942	26.7024366438	14.095
531	0	1	2	2145	134	25.1755955899	33.976174473	36.5794200227	5.906
532	0	1	1	469	29	24.5060552266	26.2216578443	28.7556705544	15.165
532	0	1	2	1815	113	24.5060552266	27.0273856654	29.5613983755	9.071
534	0	1	1	1236	77	18.5868172969	28.1346301191	30.0565727098	9.276
534	0	1	2	2585	161	18.5868172969	30.0512301509	31.9731727416	15.653
535	0	1	1	1009	63	24.3299045129	29.232093598	31.7478917018	7.465
535	0	1	2	2354	147	24.3299045129	29.8709273542	32.386725458	11.653
536	0	1	1	345	21	28.0538181962	28.6282051495	31.5290690878	12.662
536	0	1	2	1689	105	28.0538181962	26.9867970549	29.8876609931	4.63
537	0	1	1	1079	67	23.8063693526	26.4164896295	28.8781523477	13.181
537	0	1	2	2425	151	23.8063693526	27.2939615499	29.7556242681	8.645
538	0	1	1	820	51	26.1622661905	28.4218667903	31.1271375668	12.913
538	0	1	2	2165	135	26.1622661905	29.2839557789	31.9892265554	7.969
539	0	1	1	1004	62	24.8399469612	30.3398623552	32.9084006505	11.086
539	0	1	2	2351	146	24.8399469612	30.9795666274	33.5481049228	5.229
540	0	1	1	778	48	26.911902426	36.3269343866	39.109720199	10.346
540	0	1	2	2119	132	26.911902426	27.2012930643	29.9840788766	19.528
541	0	1	1	1211	75	27.9358849911	34.3858397116	37.2745089397	8
541	0	1	2	2561	160	27.9358849911	33.6847892245	36.5734584526	7.496
542	0	1	1	545	34	23.3858218364	34.2846686965	36.7028453153	4.504
542	0	1	2	1893	118	23.3858218364	33.9569442257	36.3751208446	9.779
543	0	1	1	1022	63	28.3695179063	35.9711833867	38.9046917906	11.086
543	0	1	2	2368	148	28.3695179063	28.0807118486	31.0142202525	21.433
544	0	1	1	1243	77	23.4060836005	31.2719633439	33.6922351008	11.149
544	0	1	2	2593	162	23.4060836005	26.0207538948	28.4410256516	17.622
545	0	1	1	1244	77	20.4149652705	31.485099824	33.5960793755	5.244
545	0	1	2	2596	162	20.4149652705	32.8634228875	34.974402439	16.929
546	0	1	1	906	56	22.8705852668	30.8663251789	33.2312245157	10.441
546	0	1	2	2248	140	22.8705852668	31.263298672	33.6281980088	6.284
547	0	1	1	432	27	23.2185512028	30.9564728396	33.3573530839	11.055
547	0	1	2	1779	111	23.2185512028	28.588031338	30.9889115822	5.528
548	0	1	1	545	34	22.8142533199	34.0158879243	36.3749623388	13.811
548	0	1	2	1894	118	22.8142533199	32.9469118749	35.3059862893	12.536
549	0	1	1	933	58	29.0298163438	26.7477664961	29.7495520918	15.969
549	0	1	2	2276	142	29.0298163438	26.8501430458	29.8519286415	12.598
550	0	1	1	1022	63	25.200768471	32.3499875211	34.9558360356	14.819
550	0	1	2	2370	148	25.200768471	32.2112408849	34.8170893995	10.598
551	0	1	1	1230	76	23.9038432721	31.39354309	33.8652849559	10.347
551	0	1	2	2580	161	23.9038432721	29.8803870492	32.3521289151	15.496
552	0	1	1	893	55	21.7141608766	26.5748996287	28.8202205969	18.582
552	0	1	2	2235	139	21.7141608766	29.9751613865	32.2204823548	10.347
553	0	1	1	587	36	25.1823544029	24.1665668608	26.7705112956	19.906
553	0	1	2	1941	121	25.1823544029	23.1215138183	25.7254582531	7.37
554	0	1	1	1010	63	30.2813190613	28.7795141616	31.9107095609	4.866
554	0	1	2	2354	147	30.2813190613	34.8954532462	38.0266486455	8.929
555	0	1	1	1234	77	21.3531878708	29.0586953655	31.2666904493	6.835
555	0	1	2	2584	161	21.3531878708	29.8620447591	32.070039843	12.157
556	0	1	1	1272	79	21.1306507468	28.4775399501	30.662523909	12.441
556	0	1	2	2622	163	21.1306507468	33.4499333057	35.6349172646	15.181
557	0	1	1	994	62	20.8698592649	26.9778146422	29.1358318402	10.599
557	0	1	2	2337	146	20.8698592649	25.9320031089	28.0900203069	12.441
558	0	1	1	183	11	22.6453747067	27.8716988478	30.2133106169	14.834
558	0	1	2	1526	95	22.6453747067	30.9261135075	33.2677252766	12.315
559	0	1	1	939	58	27.1444555738	30.5733939399	33.3802265695	7.464
559	0	1	2	2285	142	27.1444555738	28.8354288229	31.6422614525	12.614
560	0	1	1	1214	75	20.2166791133	31.1743069771	33.2647830393	5.969
560	0	1	2	2565	160	20.2166791133	30.2241151097	32.3145911718	11.591
561	0	1	1	516	32	22.7862078154	28.1608320812	30.5170064914	5.811
561	0	1	2	1864	116	22.7862078154	30.628971062	32.9851454722	12.252
562	0	1	1	486	30	24.0073811721	30.7843558771	33.2668039278	5.685
562	0	1	2	1830	114	24.0073811721	28.96307809	31.4455261406	5.433
563	0	1	1	1012	63	25.839104851	30.8602843095	33.5321390615	12.441
563	0	1	2	2356	147	25.839104851	34.5931529584	37.2650077104	7.071
564	0	1	1	1222	76	23.1573804964	29.8303820742	32.2249370512	6.756
564	0	1	2	2572	160	23.1573804964	27.9455011006	30.3400560776	10.504
565	0	1	1	582	36	21.760083194	26.712535855	28.9626053532	8
565	0	1	2	1931	120	21.760083194	26.5446755958	28.794745094	9.465
566	0	1	1	170	10	21.0383991909	30.0426745342	32.2181193562	11.685
566	0	1	2	1513	94	21.0383991909	32.1216319934	34.2970768153	14.599
567	0	1	1	267	16	24.6268247749	30.0809253303	32.6274260384	9.087
567	0	1	2	1610	100	24.6268247749	30.4792765658	33.025777274	14.031
568	0	1	1	1255	78	26.7198211515	31.6883566791	34.4512806089	7.338
568	0	1	2	2604	162	26.7198211515	32.0410012043	34.8039251341	10.315
569	0	1	1	903	56	25.3598913009	26.2060000108	28.8283023883	10.756
569	0	1	2	2245	140	25.3598913009	27.6139098116	30.2362121891	10.346
570	0	1	1	804	50	26.5003117163	31.2873395558	34.0275654343	12.283
570	0	1	2	2145	134	26.5003117163	31.2129885756	33.9532144541	6.788
571	0	1	1	337	21	23.1851284643	30.1826100388	32.5800342538	8.158
571	0	1	2	1682	105	23.1851284643	30.1957585429	32.5931827579	6.095
572	0	1	1	267	16	26.5809572271	31.8732276106	34.6217925199	19.087
572	0	1	2	1611	100	26.5809572271	33.1193823433	35.8679472526	12.157
573	0	1	1	985	61	23.5852191442	24.5745951063	27.0133901115	8.346
573	0	1	2	2331	145	23.5852191442	28.2709776937	30.7097726988	12
574	0	1	1	437	27	22.6291787437	29.9103544163	32.2502914656	4.032
574	0	1	2	1783	111	22.6291787437	29.503737226	31.8436742753	7.118
575	0	1	1	235	14	24.7747596576	32.2975134237	34.8593111215	7.748
575	0	1	2	1578	98	24.7747596576	31.4468470411	34.0086447389	10.992
576	0	1	1	1057	66	21.3296670433	32.8328418525	35.0384047997	5.937
576	0	1	2	2402	150	21.3296670433	31.5471259436	33.7526888908	20.095
577	0	1	1	974	60	21.9528860981	29.7463697984	32.0163757982	10.441
577	0	1	2	2314	144	21.9528860981	28.2736835977	30.5436895975	4
578	0	1	1	583	36	24.3248869889	30.7393042737	33.2545835478	7.433
578	0	1	2	1931	120	24.3248869889	31.5970074952	34.1122867693	7.968
579	0	1	1	1009	63	23.7869162167	29.965528943	32.4251801382	7.449
579	0	1	2	2354	147	23.7869162167	30.7360908093	33.1957420045	8.031
580	0	1	1	440	27	21.7198314725	30.4730822605	32.7189895885	4.693
580	0	1	2	1787	111	21.7198314725	30.0926537004	32.3385610284	7.811
581	0	1	1	298	18	24.0720525315	27.3411013658	29.8302366636	7.559
581	0	1	2	1642	102	24.0720525315	28.155396691	30.6445319887	8.803
582	0	1	1	934	58	28.741207398	31.0099198697	33.9818622805	9.653
582	0	1	2	2278	142	28.741207398	30.7657909129	33.7377333238	7.102
583	0	1	1	824	51	26.3803477176	22.6469678249	25.374789002	7.433
583	0	1	2	2167	135	26.3803477176	32.2840537327	35.0118749098	5.937
584	0	1	1	431	26	24.7816446629	27.435599291	29.9981089227	11.969
584	0	1	2	1777	111	24.7816446629	27.4540599221	30.0165695538	4
585	0	1	1	1217	76	27.2065114764	33.4935540659	36.3068034951	10.378
585	0	1	2	2567	160	27.2065114764	32.7768875148	35.5901369441	15.465
586	0	1	1	1241	77	21.8504171236	31.419862445	33.6792727907	9.559
586	0	1	2	2590	161	21.8504171236	31.1380784631	33.3974888088	10.472
587	0	1	1	521	32	20.3530938368	31.3144980879	33.4190799145	5.04
587	0	1	2	1869	116	20.3530938368	29.9650332167	32.0696150433	7.37
588	0	1	1	972	60	22.2056643918	25.0063038233	27.302447992	4.599
588	0	1	2	2314	144	22.2056643918	27.0075909889	29.3037351576	8
589	0	1	1	901	56	24.9132745874	27.9399882919	30.5161089229	11.275
589	0	1	2	2241	140	24.9132745874	30.2223179084	32.7984385394	4.63
590	0	1	1	158	9	26.4246229185	30.5269899089	33.2593892982	9.275
590	0	1	2	1498	93	26.4246229185	34.5204674092	37.2528667985	18.063
591	0	1	1	820	51	21.2452848587	30.8007660344	32.9976035656	12.22
591	0	1	2	2164	135	21.2452848587	33.1320633799	35.328900911	7.968
592	0	1	1	1079	67	25.3972648657	24.4448319377	27.0709988738	11.496
592	0	1	2	2427	151	25.3972648657	27.1753342993	29.8015012354	8.662
593	0	1	1	74	4	25.8907962322	31.8984558323	34.5756556558	15.212
593	0	1	2	1417	88	25.8907962322	29.3458254818	32.0230253053	10.756
594	0	1	1	547	34	26.5719094808	29.2311977133	31.9788270536	8.157
594	0	1	2	1894	118	26.5719094808	31.1785167149	33.9261460552	6.914
595	0	1	1	1029	64	24.1468705157	19.5574228688	22.0542946105	6.252
595	0	1	2	2373	148	24.1468705157	31.9813267748	34.4781985165	17.055
596	0	1	1	440	27	17.8320066518	33.9860508041	35.8299433067	4.41
596	0	1	2	1787	111	17.8320066518	29.8189157244	31.6628082271	6.031
597	0	1	1	554	34	23.3396735038	11.385746181	13.7991508992	8.63
597	0	1	2	1904	119	23.3396735038	8.60707110541	11.0204758236	14.992
598	0	1	1	1079	67	25.0779381951	30.1113883587	32.7045357887	6.346
598	0	1	2	2425	151	25.0779381951	30.6950501171	33.288197547	11.055
599	0	1	1	183	11	23.4100282379	27.9512416321	30.3719212784	12.504
599	0	1	2	1527	95	23.4100282379	30.5912670429	33.0119466892	8.614
600	0	1	1	281	17	20.3193030197	33.7437413253	35.844829062	9.338
600	0	1	2	1626	101	20.3193030197	29.7230567679	31.8241445047	8.378
601	0	1	1	1238	77	19.3447291788	30.0215582395	32.0218715971	7.937
601	0	1	2	2586	161	19.3447291788	31.6628803664	33.663193724	11.039
602	0	1	1	506	31	19.8032235394	30.347226327	32.3949496218	17.071
602	0	1	2	1852	115	19.8032235394	31.6505026642	33.698225959	7.622
603	0	1	1	413	25	24.7619436021	29.8952008727	32.4556733451	6.283
603	0	1	2	1760	110	24.7619436021	27.4789450006	30.039417473	5.37
604	0	1	1	438	27	23.9885470741	27.1445955768	29.6250961151	10.582
604	0	1	2	1784	111	23.9885470741	29.5482216493	32.0287221877	6.756
605	0	1	1	380	23	16.5544284535	32.179786606	33.8915730083	14.189
605	0	1	2	1726	107	16.5544284535	30.0520723353	31.7638587376	5.323
606	0	1	1	554	34	23.9116980788	31.7125754636	34.1851295442	15.843
606	0	1	2	1896	118	23.9116980788	32.7882887707	35.2608428514	23.433
607	0	1	1	1031	64	26.2797598113	20.0901959918	22.8076160239	4.567
607	0	1	2	2375	148	26.2797598113	32.7747510744	35.4921711065	14.788
608	0	1	1	155	9	24.8236063657	31.611248243	34.1780968631	12.945
608	0	1	2	1496	93	24.8236063657	32.5391372274	35.1059858475	18.63
609	0	1	1	100	6	28.8308363441	1.93368272541	4.91489308599	19.307
609	0	1	2	1431	89	28.8308363441	4.61090500397	7.59211536456	10.598
610	0	1	1	1030	64	26.3974480385	27.6438664149	30.3734558255	4.914
610	0	1	2	2374	148	26.3974480385	32.4988430263	35.228432437	9.717
611	0	1	1	378	23	25.5987896904	27.5708642639	30.2178695791	4.63
611	0	1	2	1723	107	25.5987896904	28.4329918297	31.0799971449	11.559
612	0	1	1	469	29	27.0870402368	25.6189629027	28.4198585836	13.748
612	0	1	2	1815	113	27.0870402368	29.0627309187	31.8636265995	10.819
613	0	1	1	882	55	24.8452775496	25.8074490004	28.3765384974	13.811
613	0	1	2	2223	138	24.8452775496	25.8912183486	28.4603078456	19.024
614	0	1	1	594	37	24.0121533052	26.8284775282	29.3114190342	11.842
614	0	1	2	1945	121	24.0121533052	26.9714969289	29.454438435	11.008
615	0	1	1	1258	78	23.8798986943	26.9807997096	29.4500656215	4.803
615	0	1	2	2602	162	23.8798986943	29.1696939326	31.6389598445	9.401
615	1	1	1	1256	78	23.8798986943	24.6434698917	27.1127358036	6.441
615	1	1	2	2604	162	23.8798986943	24.5399041399	27.0091700519	18.598
616	0	1	1	1269	79	20.8537497114	30.745805405	32.9021568183	10.96
616	0	1	2	2618	163	20.8537497114	30.4987289624	32.6550803757	8.913
617	0	1	1	802	50	26.2531892542	16.4224733926	19.1371459351	14.646
617	0	1	2	2150	134	26.2531892542	25.7978233474	28.51249589	5.716
618	0	1	1	996	62	21.1609406223	30.028525868	32.216641907	6.772
618	0	1	2	2342	146	21.1609406223	27.1567229385	29.3448389775	15.008
619	0	1	1	1255	78	21.5368794879	30.7689766574	32.9959661036	9.071
619	0	1	2	2604	162	21.5368794879	30.9350043608	33.161993807	15.465
620	0	1	1	1213	75	23.1027430055	31.8529171149	34.2418223823	10.63
620	0	1	2	2562	160	23.1027430055	34.3676209484	36.7565262158	12.189
621	0	1	1	997	62	23.5611219162	29.6901295064	32.126432773	6.031
621	0	1	2	2342	146	23.5611219162	33.0209296862	35.4572329528	5.748
622	0	1	1	1245	77	22.0667615511	30.9892446793	33.2710258034	8.693
622	0	1	2	2594	162	22.0667615511	29.0003614244	31.2821425484	13.181
623	0	1	1	600	37	19.5510623166	30.3484356871	32.3700846203	9.071
623	0	1	2	1950	121	19.5510623166	29.1466978073	31.1683467405	12.284
624	0	1	1	898	56	25.6168872354	32.3179786596	34.9668553249	6.85
624	0	1	2	2250	140	25.6168872354	27.6246996932	30.2735763584	5.134
625	0	1	1	1067	66	28.1015111709	33.8529467632	36.7587423236	4.299
625	0	1	2	2414	150	28.1015111709	32.8713260801	35.7771216405	14.504
626	0	1	1	472	29	18.7974521057	16.4007239513	18.3444469256	10
626	0	1	2	1818	113	18.7974521057	30.9900028142	32.9337257885	7.37
627	0	1	1	1256	78	24.687654201	30.6386121438	33.1914028296	4.677
627	0	1	2	2599	162	24.687654201	29.9253921316	32.4781828174	21.37
627	1	1	1	1248	78	24.687654201	29.6964316215	32.2492223073	6.346
627	1	1	2	2597	162	24.687654201	30.3141453816	32.8669360673	17.008
628	0	1	1	430	26	24.7445460706	28.2898090008	30.848482507	10.866
628	0	1	2	1777	111	24.7445460706	25.9554853132	28.5141588194	4.031
629	0	1	1	342	21	19.3548026007	26.4563343319	28.457689317	11.244
629	0	1	2	1684	105	19.3548026007	27.9477371304	29.9490921154	7.905
630	0	1	1	985	61	25.6374693357	24.2021105567	26.8531154839	5.685
630	0	1	2	2332	145	25.6374693357	31.0074735686	33.6584784958	9.118
631	0	1	1	1234	77	23.1353582541	29.5650308379	31.9573086372	8.599
631	0	1	2	2586	161	23.1353582541	30.9703927369	33.3626705363	14.914
632	0	1	1	714	44	28.5452734643	26.1881552487	29.1398373984	11.591
632	0	1	2	2072	129	28.5452734643	26.1973260294	29.1490081791	7.071
633	0	1	1	931	58	22.5793338311	26.5407300039	28.8755129131	5.811
633	0	1	2	2274	142	22.5793338311	26.6902396482	29.0250225573	9.181
634	0	1	1	490	30	26.9303677017	31.5562542992	34.3409494863	14.708
634	0	1	2	1835	114	26.9303677017	31.0784648023	33.8631599894	10.772
635	0	1	1	564	35	28.0654684903	34.3633008098	37.2653694297	12.441
635	0	1	2	1914	119	28.0654684903	30.938161549	33.8402301689	9.527
636	0	1	1	1224	76	18.0089978732	26.3638328603	28.2260268807	4.898
636	0	1	2	2580	161	18.0089978732	28.8233531218	30.6855471422	15.086
637	0	1	1	474	29	21.2023292436	31.0420852022	33.2344809709	7.685
637	0	1	2	1821	113	21.2023292436	30.0260834833	32.218479252	9.496
638	0	1	1	1256	78	21.3412991412	32.0856551141	34.2924208613	12.929
638	0	1	2	2604	162	21.3412991412	31.1837351068	33.390500854	12.441
639	0	1	1	920	57	22.7599961356	25.4347539276	27.7882179575	17.905
639	0	1	2	2263	141	22.7599961356	30.5117342667	32.8651982965	10.126
640	0	1	1	820	51	29.3791133168	25.3228547782	28.3607589153	10.032
640	0	1	2	2155	134	29.3791133168	25.3330442451	28.3709483822	6.535
641	0	1	1	1055	65	19.1367765625	27.1761210732	29.1549313954	5.653
641	0	1	2	2392	149	19.1367765625	29.1892095584	31.1680198806	13.968
642	0	1	1	931	58	28.4428368089	29.86920553	32.8102953675	9.039
642	0	1	2	2274	142	28.4428368089	29.2264593408	32.1675491783	7.496
643	0	1	1	1265	79	20.541330944	22.454531521	24.5785777297	7.37
643	0	1	2	2616	163	20.541330944	22.2906527914	24.4146990001	12.583
644	0	1	1	1103	68	27.7203925342	34.652442949	37.5188294955	12.378
644	0	1	2	2452	153	27.7203925342	29.4542154459	32.3206019925	15.968
645	0	1	1	1010	63	23.1368182238	27.0525689099	29.4449976753	11.591
645	0	1	2	2356	147	23.1368182238	30.3583968674	32.7508256328	7.15
646	0	1	1	1268	79	20.7182779119	29.923089642	32.0654327925	10.473
646	0	1	2	2617	163	20.7182779119	30.6010795884	32.7434227389	5.118
647	0	1	1	1258	78	15.9629562687	31.8103310533	33.4609571415	8.598
647	0	1	2	2609	163	15.9629562687	28.7884759193	30.4391020075	17.559
648	0	1	1	821	51	25.3833330694	27.9716257934	30.5963521326	10.031
648	0	1	2	2164	135	25.3833330694	28.9364763327	31.5612026718	19.59
649	0	1	1	379	23	23.0684974647	30.7844069724	33.1697711299	6.992
649	0	1	2	1724	107	23.0684974647	28.8925559216	31.277920079	16
650	0	1	1	1030	64	29.1742587309	28.0579226171	31.074644066	14.221
650	0	1	2	2374	148	29.1742587309	31.8826017289	34.8993231778	10.536
651	0	1	1	470	29	22.327974393	30.4706871478	32.7794786028	9.433
651	0	1	2	1817	113	22.327974393	30.6792365128	32.9880279678	4.567
652	0	1	1	265	16	20.4112754568	29.3118283652	31.422426377	9.811
652	0	1	2	1609	100	20.4112754568	27.2275891925	29.3381872042	7.103
653	0	1	1	417	26	17.0969879195	27.7646575599	29.5325465282	4.756
653	0	1	2	1749	109	17.0969879195	27.2190584363	28.9869474047	13.968
655	0	1	1	1269	79	24.5092345144	28.9313736962	31.4657151559	10.787
655	0	1	2	2619	163	24.5092345144	28.3190682882	30.8534097479	9.717
656	0	1	1	1238	77	16.5891805088	30.3504468353	32.0658267229	7.843
656	0	1	2	2587	161	16.5891805088	31.2001108911	32.9154907786	13.654
657	0	1	1	949	59	27.3255673262	24.3750252603	27.2005854851	7.811
657	0	1	2	2277	142	27.3255673262	27.8391201191	30.6646803439	11.779
658	0	1	1	838	52	28.9769392355	27.6601980159	30.6565159317	6.157
658	0	1	2	2181	136	28.9769392355	21.6386879	24.6350058159	4.347
659	0	1	1	51	3	29.3948824933	11.918170477	14.9577052026	15.402
659	0	1	2	1393	87	29.3948824933	19.440361141	22.4798958666	11.654
660	0	1	1	1210	75	19.7367853587	31.7284790146	33.7693323666	6.709
660	0	1	2	2561	160	19.7367853587	30.8588443305	32.8996976826	9.433
661	0	1	1	584	36	24.3447714084	31.9352888414	34.4526242348	9.339
661	0	1	2	1933	120	24.3447714084	30.3294679027	32.8468032961	13.937
662	0	1	1	1251	78	23.3934926201	32.3531253647	34.7720951697	5.716
662	0	1	2	2599	162	23.3934926201	33.8073072436	36.2262770486	6.032
663	0	1	1	485	30	24.1901228332	27.9253527197	30.4266969039	12.536
663	0	1	2	1830	114	24.1901228332	29.2877236185	31.7890678027	12.74
664	0	1	1	989	61	28.8283339916	26.9089565045	29.889908113	10.472
664	0	1	2	2335	145	28.8283339916	27.156169664	30.1371212725	16.41
665	0	1	1	737	46	27.6882275292	32.2458914501	35.1089520215	12.315
665	0	1	2	2076	129	27.6882275292	31.9364675322	34.7995281036	14.693
666	0	1	1	1237	77	21.206458692	30.3360975775	32.5289203458	9.071
666	0	1	2	2586	161	21.206458692	31.8519008024	34.0447235707	8.158
667	0	1	1	553	34	19.2132162297	34.2127831523	36.1994976063	10.315
667	0	1	2	1898	118	19.2132162297	33.3443595824	35.3310740363	7.165
668	0	1	1	561	35	25.8311393179	32.6761203202	35.3471514079	10.409
668	0	1	2	1909	119	25.8311393179	33.3415091319	36.0125402196	7.134
669	0	1	1	430	26	23.6712473427	28.8916976296	31.3393882544	11.811
669	0	1	2	1776	111	23.6712473427	27.9052714225	30.3529620473	11.559
670	0	1	1	198	12	29.6148266144	31.1789573828	34.2412351079	10.772
670	0	1	2	1539	96	29.6148266144	29.9073939232	32.9696716482	5.905
671	0	1	1	1062	66	21.4946338256	16.6785945866	18.901215682	6.536
671	0	1	2	2410	150	21.4946338256	17.278661629	19.5012827244	16.33
672	0	1	1	1245	77	23.4517103813	30.4650290307	32.890018758	10.41
672	0	1	2	2597	162	23.4517103813	28.2762491145	30.7012388417	21.937
673	0	1	1	1243	77	22.1938736222	32.9281766217	35.2231015831	8.756
673	0	1	2	2593	162	22.1938736222	29.3806788727	31.6756038341	15.716
674	0	1	1	232	14	27.0175019989	15.6635312819	18.4572364633	10.504
674	0	1	2	1576	98	27.0175019989	29.8117405323	32.6054457137	15.622
675	0	1	1	895	55	29.8881581135	31.7435515562	34.8340927241	12.126
675	0	1	2	2247	140	29.8881581135	30.0171482202	33.1076893881	11.937
676	0	1	1	550	34	25.2095322855	31.3652852633	33.9720399873	8.472
676	0	1	2	1898	118	25.2095322855	26.7656490972	29.3724038211	8.709
677	0	1	1	1067	66	21.732884809	29.9252455566	32.1725026457	10.787
677	0	1	2	2414	150	21.732884809	30.867771688	33.115028777	7.213
678	0	1	1	346	21	21.2729284959	28.4375129463	30.6372089272	9.008
678	0	1	2	1690	105	21.2729284959	28.4752812196	30.6749772005	15.811
679	0	1	1	107	6	21.4660535067	33.5612922081	35.7809579976	17.464
679	0	1	2	1448	90	21.4660535067	33.3028979494	35.5225637389	13.874
680	0	1	1	1250	78	22.668502012	32.5479128387	34.8919160529	4.126
680	0	1	2	2601	162	22.668502012	30.2189462544	32.5629494686	18.661
681	0	1	1	585	36	21.1634407785	32.6918073339	34.8801818979	7.559
681	0	1	2	1933	120	21.1634407785	30.2294784104	32.4178529744	9.717
682	0	1	1	930	58	23.6456460632	29.8208604777	32.2659038398	14.252
682	0	1	2	2273	142	23.6456460632	29.8820245076	32.3270678697	11.685
683	0	1	1	74	4	19.1262586906	32.444485865	34.4222086022	7.654
683	0	1	2	1415	88	19.1262586906	30.4920094156	32.4697321527	18.693
684	0	1	1	1268	79	19.0888069631	29.1429710209	31.1168211171	5.496
684	0	1	2	2619	163	19.0888069631	31.2190783392	33.1929284354	16.441
685	0	1	1	779	48	27.8960487999	27.1117886057	29.9963386309	11.906
685	0	1	2	2119	132	27.8960487999	28.7708002785	31.6553503037	15.622
686	0	1	1	531	33	21.1540312681	29.5912303265	31.7786319138	5.748
686	0	1	2	1879	117	21.1540312681	26.4334150121	28.6208165995	9.937
687	0	1	1	485	30	21.4980194554	30.5339766813	32.7569478628	12.252
687	0	1	2	1830	114	21.4980194554	29.9553848296	32.1783560111	10.661
688	0	1	1	488	30	25.8605445274	33.0543406114	35.7284123017	11.937
688	0	1	2	1833	114	25.8605445274	34.0227074473	36.6967791376	8.22
689	0	1	1	306	19	23.8123440124	31.2620971997	33.7243777188	6.094
689	0	1	2	1650	103	23.8123440124	31.7044899482	34.1667704673	13.307
690	0	1	1	1254	78	16.6546574065	29.7989342972	31.5210847273	7.969
690	0	1	2	2602	162	16.6546574065	28.229818861	29.9519692912	15.307
691	0	1	1	1243	77	22.4250514607	29.9208098864	32.2396394533	14.252
691	0	1	2	2593	162	22.4250514607	31.5609909801	33.8798205469	15.04
692	0	1	1	484	30	22.726580827	31.7054721903	34.0554809591	18.945
692	0	1	2	1829	114	22.726580827	30.1955517659	32.5455605348	7.118
693	0	1	1	1012	63	26.1537079084	30.770677974	33.4750637939	9.968
693	0	1	2	2357	147	26.1537079084	36.7140846523	39.4184704722	4.96
694	0	1	1	599	37	20.1742780648	30.4656925786	32.5517842225	10.472
694	0	1	2	1948	121	20.1742780648	28.6142029974	30.7002946413	12.599
695	0	1	1	1241	77	22.2859551502	27.7833419962	30.0877885129	7.04
695	0	1	2	2590	161	22.2859551502	30.0007499338	32.3051964506	10.221
696	0	1	1	737	46	26.7676324042	31.460200596	34.2280683783	8.63
696	0	1	2	2077	129	26.7676324042	31.7052278178	34.4730956001	9.276
697	0	1	1	952	59	25.2562808813	32.3270749052	34.9386635991	7.78
697	0	1	2	2286	142	25.2562808813	34.5410840155	37.1526727094	10.473
698	0	1	1	1254	78	23.6168537694	29.7878949078	32.2299610449	5.402
698	0	1	2	2603	162	23.6168537694	28.5819575222	31.0240236593	19.748
699	0	1	1	452	28	19.9287562646	30.4931866561	32.5538904783	15.78
699	0	1	2	1796	112	19.9287562646	31.1967873063	33.2574911285	11.59
700	0	1	1	901	56	28.989323876	31.0737973045	34.071395836	15.339
700	0	1	2	2242	140	28.989323876	29.8417921549	32.8393906864	6.819
700	1	1	1	902	56	28.989323876	31.0715225183	34.0691210497	8.031
700	1	1	2	2244	140	28.989323876	29.3751901864	32.3727887178	9.212
701	0	1	1	1234	77	23.9844283368	26.9337230192	29.4137976656	13.433
701	0	1	2	2582	161	23.9844283368	27.9384911762	30.4185658225	10.472
701	1	1	1	1233	77	23.9844283368	27.4236381581	29.9037128044	9.559
701	1	1	2	2585	161	23.9844283368	32.2892488944	34.7693235407	8.409
702	0	1	1	469	29	20.7836642929	28.6018480154	30.7509523488	12.677
702	0	1	2	1816	113	20.7836642929	28.450575967	30.5996803004	9.071
703	0	1	1	170	10	22.8041260758	31.2287157665	33.5867429881	7.087
703	0	1	2	1512	94	22.8041260758	26.5371633296	28.8951905513	14.315
704	0	1	1	783	48	23.6641796428	31.3518374882	33.7987972879	4.709
704	0	1	2	2118	132	23.6641796428	36.4241641461	38.8711239458	8.662
705	0	1	1	290	18	21.4909092675	26.8824469257	29.1046828887	11.307
705	0	1	2	1635	102	21.4909092675	26.8902170439	29.1124530069	10.032
706	0	1	1	487	30	22.1572469426	30.3571334126	32.6482710459	14.661
706	0	1	2	1832	114	22.1572469426	33.9350633782	36.2262010115	11.071
707	0	1	1	1241	77	23.1227762029	27.792381439	30.1833582098	11.307
707	0	1	2	2593	162	23.1227762029	29.0516448571	31.4426216279	17.748
708	0	1	1	338	21	16.1188198292	30.7340450341	32.4007879652	10.74
708	0	1	2	1682	105	16.1188198292	29.0129683841	30.6797113152	9.307
709	0	1	1	1209	75	22.7386883774	30.3682856063	32.7195463386	17.937
709	0	1	2	2569	160	22.7386883774	29.0092289364	31.3604896688	16.315
710	0	1	1	778	48	24.3437481742	32.8929717806	35.4102013679	9.968
710	0	1	2	2119	132	24.3437481742	29.9852824489	32.5025120362	10.504
711	0	1	1	1253	78	21.216782664	32.1349132655	34.328803569	4.567
711	0	1	2	2601	162	21.216782664	32.0377366195	34.231626923	10.851
712	0	1	1	808	50	23.4733463786	28.6806569394	31.1078839052	8.913
712	0	1	2	2150	134	23.4733463786	28.8553280195	31.2825549853	10.063
713	0	1	1	917	57	23.4541534215	33.2396799701	35.6649223163	16
713	0	1	2	2258	141	23.4541534215	33.8808033025	36.3060456487	7.008
714	0	1	1	233	14	23.708483784	34.0866642824	36.5382052868	14.158
714	0	1	2	1571	98	23.708483784	32.8300663226	35.281607327	6.031
715	0	1	1	894	55	26.3211075284	31.5645816247	34.2862771569	16.378
715	0	1	2	2237	139	26.3211075284	31.7806490804	34.5023446125	9.087
716	0	1	1	1268	79	20.5003563011	30.6852797794	32.8050890652	7.276
716	0	1	2	2618	163	20.5003563011	29.5872197155	31.7070290014	7.716
717	0	1	1	821	51	28.0386607716	30.219195296	33.118491903	11.937
717	0	1	2	2164	135	28.0386607716	34.1326846133	37.0319812203	10.661
718	0	1	1	444	27	24.3114267832	27.9613881674	30.4752756087	5.559
718	0	1	2	1791	111	24.3114267832	29.1510880019	31.6649754432	11.433
720	0	1	1	1241	77	21.3925265164	28.7751652088	30.9872280477	11.087
720	0	1	2	2590	161	21.3925265164	28.718308189	30.9303710279	16.22
721	0	2	1	488	30	25.026753218	9.33065283545	11.9185075579	16.536
721	0	2	2	1833	114	25.026753218	9.65283462834	12.2406893508	15.969
722	0	2	1	1227	76	22.4052250249	27.9542194936	30.2709989369	11.008
722	0	2	2	2579	161	22.4052250249	28.0376301372	30.3544095805	13.685
723	0	2	1	997	62	22.8115911649	28.9315146465	31.2903137847	12.992
723	0	2	2	2342	146	22.8115911649	29.1099691117	31.4687682499	12.74
724	0	2	1	1213	75	18.736987922	30.1269688508	32.0644396149	10.536
724	0	2	2	2561	160	18.736987922	30.5853088143	32.5227795783	12.189
725	0	2	1	930	58	26.8645984705	29.3748584633	32.1527528794	18.063
725	0	2	2	2274	142	26.8645984705	28.6241980141	31.4020924303	7.559
726	0	2	1	1246	77	20.1046499388	29.6485521206	31.7274439702	9.212
726	0	2	2	2597	162	20.1046499388	28.6880073139	30.7668991635	24.378
727	0	2	1	1090	68	20.7836502911	33.4877850376	35.6368879231	4.913
727	0	2	2	2438	152	20.7836502911	31.3008339238	33.4499368093	5.197
728	0	2	1	1242	77	21.5302856395	33.7764628384	36.0027704574	5.653
728	0	2	2	2590	161	21.5302856395	30.1997164068	32.4260240258	12.929
729	0	2	1	155	9	17.1638676483	37.7264945295	39.5012990981	9.338
729	0	2	2	1495	93	17.1638676483	37.8267719145	39.6015764831	14.063
730	0	2	1	539	33	12.7466586852	32.7089448023	34.0269943546	13.874
730	0	2	2	1889	118	12.7466586852	30.584938886	31.9029884383	12.252
731	0	2	1	994	62	24.9601440315	29.538165474	32.1191325712	19.37
731	0	2	2	2337	146	24.9601440315	27.2903159614	29.8712830585	12.504
732	0	2	1	1290	80	21.0314953997	16.1204533135	18.2951842591	8.677
732	0	2	2	2628	164	21.0314953997	29.7926428968	31.9673738424	9.464
733	0	2	1	558	34	27.4157992278	38.6665090456	41.5013995679	4.284
733	0	2	2	1908	119	27.4157992278	27.1642679383	29.9991584606	4.378
734	0	2	1	137	8	25.8839581779	29.7052780437	32.3817707882	6.095
734	0	2	2	1479	92	25.8839581779	27.0035832556	29.6800760001	10.346
735	0	2	1	430	26	22.0201740238	30.9770441742	33.2540079833	10.063
735	0	2	2	1777	111	22.0201740238	29.695107174	31.9720709831	13.716
736	0	2	1	1237	77	21.5202854336	28.4319588516	30.657232414	9.339
736	0	2	2	2586	161	21.5202854336	29.3994887694	31.6247623318	13.338
737	0	2	1	550	34	26.3552848992	31.8006297735	34.5258593665	11.622
737	0	2	2	1896	118	26.3552848992	31.0541587653	33.7793883584	17.969
738	0	2	1	1021	63	27.4014757367	24.458576734	27.2919861567	6.221
738	0	2	2	2366	147	27.4014757367	28.4183146763	31.251724099	11.811
739	0	2	1	1012	63	29.5779835009	23.3775227125	26.4359907294	8.283
739	0	2	2	2370	148	29.5779835009	28.8408603499	31.8993283668	9.527
740	0	2	1	457	28	19.7173709315	28.9059743934	30.9448202251	10.851
740	0	2	2	1802	112	19.7173709315	28.5752021811	30.6140480128	7.905
741	0	2	1	517	32	18.9979196831	29.0415700942	31.0060221244	5.339
741	0	2	2	1864	116	18.9979196831	29.4959771138	31.460429144	11.528
742	0	2	1	737	46	28.2980345818	29.9144341521	32.8405509277	4.52
742	0	2	2	2076	129	28.2980345818	31.3679111007	34.2940278762	4.315
743	0	2	1	1253	78	21.4198512366	30.1848521476	32.3997404591	4.693
743	0	2	2	2601	162	21.4198512366	33.4919725381	35.7068608496	11.905
744	0	2	1	519	32	20.5123823758	29.1379510006	31.259003825	14.819
744	0	2	2	1866	116	20.5123823758	29.202593273	31.3236460975	9.653
745	0	2	1	983	61	21.9142299276	30.5471766958	32.813185511	10.598
745	0	2	2	2329	145	21.9142299276	34.7817156946	37.0477245097	8.898
746	0	2	1	1063	66	25.5248062241	32.1723278987	34.811683062	7.37
746	0	2	2	2411	150	25.5248062241	31.9931187578	34.6324739211	8.189
747	0	2	1	542	33	21.7469735069	32.1039424441	34.3526563543	20.315
747	0	2	2	1892	118	21.7469735069	28.6230458523	30.8717597625	22.189
749	0	2	1	116	7	19.1423033963	31.6283422019	33.6077240182	8.992
749	0	2	2	1453	90	19.1423033963	29.6611770935	31.6405589099	13.937
750	0	2	1	491	30	21.2592690121	31.2657828599	33.4640664019	5.968
750	0	2	2	1838	114	21.2592690121	33.2880759501	35.4863594921	10.582
751	0	2	1	903	56	25.7047211992	31.4786346246	34.1365936321	7.937
751	0	2	2	2245	140	25.7047211992	30.4002927474	33.0582517549	6.063
752	0	2	1	1041	65	24.4220376769	31.3056201656	33.8309451641	13.843
752	0	2	2	2394	149	24.4220376769	28.6458624265	31.1711874251	7.04
752	1	2	1	1040	65	24.4220376769	31.7717300828	34.2970550813	5.26
752	1	2	2	2392	149	24.4220376769	27.170358787	29.6956837856	18.126
753	0	2	1	984	61	25.2022051148	28.4938623645	31.0998594331	7.229
753	0	2	2	2330	145	25.2022051148	33.1606820965	35.7666791651	5.244
754	0	2	1	585	36	28.132124677	22.8236001166	25.7325612217	15.149
754	0	2	2	1933	120	28.132124677	22.2201269896	25.1290880947	12.945
755	0	2	1	1022	63	27.2580842004	30.8342885312	33.6528707623	9.843
755	0	2	2	2366	147	27.2580842004	27.0488487324	29.8674309636	10.189
756	0	2	1	455	28	21.9486456842	32.6344938125	34.9040613385	12.819
756	0	2	2	1800	112	21.9486456842	29.8038021236	32.0733696496	13.292
757	0	2	1	607	37	18.5910030431	27.8363472875	29.7587226991	10.961
757	0	2	2	1957	122	18.5910030431	30.9078452055	32.8302206171	6.33
758	0	2	1	1064	66	27.8677531432	31.4133418415	34.2949659957	8.284
758	0	2	2	2412	150	27.8677531432	30.584777964	33.4664021183	22.725
759	0	2	1	383	23	20.0690326873	33.598402384	35.6736112839	4.582
759	0	2	2	1728	108	20.0690326873	32.8040053386	34.8792142385	5.59
760	0	2	1	934	58	31.3657469303	27.2470367904	30.4903658635	15.338
760	0	2	2	2278	142	31.3657469303	29.5373096268	32.7806386999	4.914
761	0	2	1	378	23	21.8243215202	30.1321837798	32.3888957479	6.85
761	0	2	2	1723	107	21.8243215202	30.0105303112	32.2672422793	13.401
762	0	2	1	1021	63	21.7273471773	31.486752673	33.7334371513	12.252
762	0	2	2	2366	147	21.7273471773	31.4426057892	33.6892902676	10.221
763	0	2	1	809	50	27.7363449224	28.8859201574	31.7539562373	7.748
763	0	2	2	2151	134	27.7363449224	30.1239007748	32.9919368547	10.992
764	0	2	1	994	62	19.9358842204	28.0850968168	30.1465376948	12.977
764	0	2	2	2337	146	19.9358842204	28.5037960294	30.5652369074	4.85
765	0	2	1	154	9	27.2442490528	33.0139816136	35.8311332416	8.551
765	0	2	2	1495	93	27.2442490528	31.2806608809	34.0978125088	15.906
767	0	2	1	1222	76	22.9746405584	33.3322380936	35.7078971153	6.834
767	0	2	2	2572	160	22.9746405584	28.7496367234	31.125295745	9.244
768	0	2	1	1224	76	21.9950005571	29.6120792809	31.8864400646	6.189
768	0	2	2	2575	160	21.9950005571	32.7630275409	35.0373883245	6.063
769	0	2	1	505	31	19.9182522238	33.0741152313	35.1337328985	10.22
769	0	2	2	1853	115	19.9182522238	28.6090401897	30.6686578569	8
770	0	2	1	773	48	22.5848845756	28.846845363	31.1822022387	20.126
770	0	2	2	2114	132	22.5848845756	24.858648338	27.1940052137	19.843
771	0	2	1	487	30	24.4320148171	28.36484676	30.8912034302	10.866
771	0	2	2	1831	114	24.4320148171	29.1145021673	31.6408588374	13.275
772	0	2	1	597	37	16.6532930693	31.5764343654	33.2984437182	11.087
772	0	2	2	1948	121	16.6532930693	33.0843175672	34.8063269201	4.473
773	0	2	1	585	36	21.6103090307	31.1655929397	33.4001752602	14.41
773	0	2	2	1936	121	21.6103090307	30.6930911319	32.9276734523	14.866
774	0	2	1	734	45	22.299742533	29.0754593828	31.3813315637	5.402
774	0	2	2	2074	129	22.299742533	30.2384541163	32.5443262971	10.126
776	0	2	1	1081	67	24.4268897777	30.5245086333	33.0503353563	5.811
776	0	2	2	2424	151	24.4268897777	30.6546235717	33.1804502946	10.158
777	0	2	1	491	30	22.4220982749	28.3220875208	30.6406117178	7.26
777	0	2	2	1832	114	22.4220982749	27.8443044513	30.1628286483	10.913
777	1	2	1	488	30	22.4220982749	28.2279040334	30.5464282303	15.937
777	1	2	2	1833	114	22.4220982749	26.4847133029	28.8032374999	4.095
778	0	2	1	966	60	28.4080554106	32.3769552041	35.3144485221	5.748
778	0	2	2	2310	144	28.4080554106	29.2166728664	32.1541661844	8.866
779	0	2	1	1009	63	20.7611498729	29.8431940633	31.989970326	10.441
779	0	2	2	2354	147	20.7611498729	32.3783361438	34.5251124066	12.283
780	0	2	1	1211	75	18.4383973265	26.6001872058	28.5067826471	7.654
780	0	2	2	2561	160	18.4383973265	30.9412857321	32.8478811734	6.126
781	0	2	1	1061	66	24.5172393753	34.4005872427	36.9357564333	8.189
781	0	2	2	2408	150	24.5172393753	29.977700307	32.5128694976	18.22
782	0	2	1	173	10	26.5628760893	24.3370766559	27.0837719116	11.023
782	0	2	2	1514	94	26.5628760893	19.7954265996	22.5421218553	21.969
783	0	2	1	1243	77	23.0794917962	29.4934497361	31.8799507463	11.968
783	0	2	2	2593	162	23.0794917962	29.8053103606	32.1918113708	21.292
784	0	2	1	582	36	19.068976619	28.8061812102	30.7779807786	12.771
784	0	2	2	1931	120	19.068976619	29.6980057219	31.6698052904	7.622
785	0	2	1	1057	66	20.0314444429	31.0402351982	33.1115573409	6.221
785	0	2	2	2403	150	20.0314444429	30.8227731537	32.8940952964	10.771
786	0	2	1	430	26	23.2069382187	27.7900824014	30.189761822	4.851
786	0	2	2	1777	111	23.2069382187	28.3908794865	30.7905589072	4.819
787	0	2	1	135	8	23.1511561517	31.2208962842	33.614807642	7.496
787	0	2	2	1476	92	23.1511561517	33.5814699076	35.9753812654	6.441
788	0	2	1	513	32	22.238939956	28.7689989552	31.0685839347	6.299
788	0	2	2	1860	116	22.238939956	30.4822597354	32.781844715	6.41
789	0	2	1	491	30	24.7963879125	28.9712450131	31.5352791489	10.409
789	0	2	2	1837	114	24.7963879125	27.4332341026	29.9972682384	10.173
790	0	2	1	519	32	22.3080495536	31.0925102204	33.3992413766	9.496
790	0	2	2	1865	116	22.3080495536	29.7023111956	32.0090423518	8.803
791	0	2	1	552	34	23.0323848593	31.9167635123	34.2983934988	7.449
791	0	2	2	1899	118	23.0323848593	31.4257465918	33.8073765783	13.197
791	1	2	1	551	34	23.0323848593	31.6693447706	34.0509747571	9.527
791	1	2	2	1901	118	23.0323848593	27.6364595637	30.0180895502	5.811
792	0	2	1	803	50	26.3094117252	23.1881691962	25.908655341	13.685
792	0	2	2	2151	134	26.3094117252	32.6608026529	35.3812887977	15.024
793	0	2	1	458	28	22.4870855678	31.513483173	33.8387272857	8.535
793	0	2	2	1805	112	22.4870855678	31.6224004465	33.9476445592	11.528
794	0	2	1	1062	66	22.7577667052	29.564352035	31.9175855339	9.496
794	0	2	2	2408	150	22.7577667052	29.9213302387	32.2745637375	10.945
795	0	2	1	1233	77	18.4153415557	29.6853617561	31.5895731492	4.599
795	0	2	2	2582	161	18.4153415557	30.7234471473	32.6276585404	13.748
796	0	2	1	1236	77	26.0030960414	29.7330044511	32.4218164717	7.307
796	0	2	2	2585	161	26.0030960414	30.1743883905	32.8632004111	11.086
797	0	2	1	920	57	24.7877644887	28.3780260648	30.9411685081	4.063
797	0	2	2	2264	141	24.7877644887	32.4579319194	35.0210743627	7.149
798	0	2	1	964	60	28.5141130022	31.8747351132	34.823195161	8.252
798	0	2	2	2308	144	28.5141130022	34.7845234171	37.7329834648	6.473
799	0	2	1	561	35	23.7470092744	18.0707122773	20.5262369536	9.008
799	0	2	2	1909	119	23.7470092744	17.8997515204	20.3552761967	10.063
800	0	2	1	1256	78	22.3910154085	30.1247261239	32.4400362426	8.677
800	0	2	2	2604	162	22.3910154085	31.5100009106	33.8253110293	16.409
801	0	2	1	126	7	22.5581317975	27.6188454863	29.9514360303	7.559
801	0	2	2	1465	91	22.5581317975	29.9526014469	32.2851919909	17.874
802	0	2	1	1255	78	19.3429063764	31.6587469618	33.6588718352	10.189
802	0	2	2	2602	162	19.3429063764	30.1477746551	32.1478995285	13.37
803	0	2	1	341	21	21.7712630126	29.8074232823	32.0586488133	10.409
803	0	2	2	1685	105	21.7712630126	30.9470472084	33.1982727393	14.598
804	0	2	1	430	26	26.6086635251	29.6975645323	32.4489943707	9.118
804	0	2	2	1776	111	26.6086635251	28.4388317061	31.1902615445	4.378
805	0	2	1	452	28	21.8047870904	30.5358640225	32.7905560616	14.992
805	0	2	2	1797	112	21.8047870904	30.9153206747	33.1700127138	6.63
806	0	2	1	61	3	25.910307694	3.46653182979	6.14574920737	7.937
806	0	2	2	1411	88	25.910307694	4.41033561507	7.08955299265	12.189
807	0	2	1	273	17	22.9314565515	28.1871214648	30.5583151075	14.504
807	0	2	2	1616	101	22.9314565515	26.9623901003	29.3335837431	12.252
808	0	2	1	585	36	23.944098323	31.1621563528	33.6380607332	9.181
808	0	2	2	1933	120	23.944098323	31.8301920099	34.3060963903	11.716
809	0	2	1	551	34	23.2650266436	26.8021458465	29.2078318155	10.599
809	0	2	2	1898	118	23.2650266436	28.6940949533	31.0997809223	8.189
810	0	2	1	567	35	20.5665056698	34.0434917014	36.1701410657	7.292
810	0	2	2	1908	119	20.5665056698	33.06515885	35.1918082143	9.843
811	0	2	1	1019	63	22.5069545868	32.9581405267	35.2854391662	21.464
811	0	2	2	2363	147	22.5069545868	33.6460415325	35.973340172	13.086
812	0	2	1	250	15	23.9396822319	29.2116802797	31.6871280207	14.126
812	0	2	2	1592	99	23.9396822319	30.8426762714	33.3181240124	11.528
813	0	2	1	1103	68	25.5901974311	29.9696759198	32.615792765	8.74
813	0	2	2	2452	153	25.5901974311	30.6623251464	33.3084419916	6.189
814	0	2	1	192	12	25.5897007517	30.2956434958	32.9417089826	4.96
814	0	2	2	1534	95	25.5897007517	33.4627150241	36.1087805108	8.945
815	0	2	1	433	27	22.9018049125	29.546704329	31.9148318875	9.906
815	0	2	2	1781	111	22.9018049125	29.9837824548	32.3519100133	7.78
816	0	2	1	1040	65	22.9134142101	29.7009794767	32.0703074776	12.095
816	0	2	2	2394	149	22.9134142101	33.8828237481	36.252151749	6.252
817	0	2	1	879	54	25.0283173558	29.9130499858	32.5010664456	10.85
817	0	2	2	2222	138	25.0283173558	29.7682809421	32.356297402	6.347
818	0	2	1	1239	77	21.8392615184	33.3313585422	35.589615359	13.622
818	0	2	2	2586	161	21.8392615184	30.6390028002	32.897259617	6.693
819	0	2	1	538	33	23.9519034486	33.1228865891	35.599598047	10.095
819	0	2	2	1889	118	23.9519034486	32.0430792211	34.5197906791	10.504
820	0	2	1	1253	78	19.3759378619	29.5432049505	31.5467453963	5.008
820	0	2	2	2601	162	19.3759378619	29.6279941658	31.6315346116	12.284
821	0	2	1	266	16	24.6435222558	31.349703262	33.8979305487	12.126
821	0	2	2	1610	100	24.6435222558	31.0942382887	33.6424655754	6.646
822	0	2	1	504	31	22.2425548022	33.0706878252	35.3706465926	6.441
822	0	2	2	1852	115	22.2425548022	29.2263299541	31.5262887215	4.536
823	0	2	1	488	30	23.103658416	31.8388492655	34.2278491896	9.842
823	0	2	2	1830	114	23.103658416	31.8576323403	34.2466322643	8.315
824	0	2	1	1255	78	18.3619579937	32.9359148011	34.8346061453	9.276
824	0	2	2	2603	162	18.3619579937	33.204912765	35.1036041092	12.96
825	0	2	1	1244	77	22.6505760492	32.7884328762	35.1305824825	7.559
825	0	2	2	2596	162	22.6505760492	29.4379013928	31.780050999	22.992
826	0	2	1	1230	76	23.2936118612	29.9692352189	32.3778770005	6.866
826	0	2	2	2581	161	23.2936118612	31.1341167567	33.5427585383	12.803
827	0	2	1	1064	66	22.9052364857	29.0081159032	31.3765982985	10.456
827	0	2	2	2410	150	22.9052364857	27.9659908894	30.3344732847	10.882
828	0	2	1	1061	66	23.9576717306	33.4503996157	35.9277075345	5.685
828	0	2	2	2410	150	23.9576717306	25.773812021	28.2511199397	19.354
831	0	2	1	583	36	15.1230859644	28.5540973729	30.1178779036	8.708
831	0	2	2	1932	120	15.1230859644	34.2805799545	35.8443604853	5.071
832	0	2	1	488	30	22.9855910513	31.8292870582	34.2060783995	7.811
832	0	2	2	1832	114	22.9855910513	29.4705619829	31.8473533242	4.803
833	0	2	1	1234	77	22.7852162576	31.0284831084	33.384554988	8.158
833	0	2	2	2584	161	22.7852162576	31.536207702	33.8922795816	11.905
834	0	2	1	824	51	26.569843548	15.053124162	17.8005398776	14.882
834	0	2	2	2166	135	26.569843548	23.4181090422	26.1655247578	15.134
835	0	2	1	429	26	22.5547573483	29.4215500423	31.7537916563	13.496
835	0	2	2	1775	110	22.5547573483	30.7786099424	33.1108515564	16.221
836	0	2	1	467	29	19.1019695911	39.8702158937	41.8454270521	4.725
836	0	2	2	1812	113	19.1019695911	28.1847913869	30.1600025453	15.197
837	0	2	1	1031	64	26.6387906044	20.9014733043	23.6560183891	5.59
837	0	2	2	2375	148	26.6387906044	32.4173383358	35.1718834206	14.535
838	0	2	1	586	36	22.7787544813	30.9875596531	33.3429633622	17.086
838	0	2	2	1933	120	22.7787544813	30.953952896	33.3093566051	9.37
839	0	2	1	430	26	22.8819954216	15.5454032069	17.911482394	7.874
839	0	2	2	1773	110	22.8819954216	30.4618704374	32.8279496245	10.094
840	0	2	1	737	46	23.1925041994	26.9753964444	29.3735833364	12.126
840	0	2	2	2077	129	23.1925041994	28.5721875825	30.9703744745	14.425
841	0	2	1	1246	77	19.5961757823	29.5078639057	31.5341777307	12.551
841	0	2	2	2597	162	19.5961757823	29.0743139856	31.1006278106	19.213
842	0	2	1	997	62	18.3674169778	29.6356994636	31.534955286	9.969
842	0	2	2	2343	146	18.3674169778	31.7480995146	33.647355337	11.874
843	0	2	1	430	26	23.6115789361	31.0069468041	33.4484675049	9.496
843	0	2	2	1776	111	23.6115789361	30.1623846782	32.603905379	7.008
844	0	2	1	429	26	22.2940108979	31.6362638885	33.9415433981	12.976
844	0	2	2	1775	110	22.2940108979	30.4875883374	32.792867847	11.717
845	0	2	1	469	29	22.4394088597	28.5034852087	30.8237993814	13.307
845	0	2	2	1814	113	22.4394088597	29.4461455182	31.7664596908	6
846	0	2	1	1244	77	21.2561839316	32.8477292451	35.0456937789	5.433
846	0	2	2	2594	162	21.2561839316	33.387498895	35.5854634288	11.685
847	0	2	1	154	9	26.0667869256	30.5873801957	33.2827780788	11.118
847	0	2	2	1495	93	26.0667869256	31.6504526911	34.3458505742	10.693
848	0	2	1	1217	76	19.5281635748	30.9253935568	32.9446746792	8.834
848	0	2	2	2566	160	19.5281635748	29.1688210148	31.1881021372	13.496
849	0	2	1	1217	76	21.1430883328	29.8187216323	32.0049916815	10.063
849	0	2	2	2567	160	21.1430883328	32.7905889571	34.9768590063	9.685
850	0	2	1	1021	63	26.3541805872	25.5570328687	28.282148272	11.213
850	0	2	2	2366	147	26.3541805872	27.0691750835	29.7942904868	9.213
851	0	2	1	1243	77	18.8571600372	27.6817027252	29.6315997106	11.15
851	0	2	2	2593	162	18.8571600372	28.1731562124	30.1230531978	18.803
852	0	2	1	554	34	24.2346109102	33.2845459597	35.7904903682	9.465
852	0	2	2	1901	118	24.2346109102	31.4901889877	33.9961333962	10.583
853	0	2	1	1029	64	26.7608103248	20.6275493504	23.3947117055	11.874
853	0	2	2	2373	148	26.7608103248	32.0552630325	34.8224253876	11.496
854	0	2	1	280	17	25.9215176942	35.2960722863	37.9764488175	7.433
854	0	2	2	1624	101	25.9215176942	33.8683614329	36.5487379641	13.181
855	0	2	1	1218	76	21.6641203247	27.5730548356	29.813201434	7.59
855	0	2	2	2568	160	21.6641203247	27.3908793037	29.6310259021	12.756
856	0	2	1	993	62	22.7801648042	28.3826810736	30.7382306151	5.181
856	0	2	2	2337	146	22.7801648042	30.1596678123	32.5152173537	9.905
857	0	2	1	933	58	31.1769714791	27.4229144264	30.6467234508	4.788
857	0	2	2	2274	142	31.1769714791	27.8626076289	31.0864166533	9.339
858	0	2	1	1022	63	30.1980021751	27.6260930179	30.7486731567	9.811
858	0	2	2	2368	148	30.1980021751	28.5311798926	31.6537600314	14
859	0	2	1	1029	64	26.6418002865	19.7730794564	22.527935753	11.481
859	0	2	2	2373	148	26.6418002865	30.2455097227	33.0003660193	16.126
860	0	2	1	865	54	29.4295304379	26.7354405013	29.7785579468	17.307
860	0	2	2	2209	138	29.4295304379	28.8190799143	31.8621973599	9.622
861	0	2	1	598	37	20.1871198341	29.0747680909	31.1621876191	11.969
861	0	2	2	1947	121	20.1871198341	26.7091852186	28.7966047468	6.661
862	0	2	1	1048	65	23.9028598275	32.7253800311	35.1970202053	6
862	0	2	2	2401	150	23.9028598275	30.5041384047	32.9757785789	19.528
863	0	2	1	1243	77	23.7733209044	30.1649991091	32.623244501	10.252
863	0	2	2	2593	162	23.7733209044	28.5335613452	30.991806737	7.905
864	0	2	1	310	19	25.1193021953	31.1187521768	33.7161767906	9.937
864	0	2	2	1655	103	25.1193021953	31.0484741756	33.6458987893	10.535
865	0	2	1	159	9	26.3209613323	32.6593456006	35.3810260155	9.717
865	0	2	2	1499	93	26.3209613323	32.3222786596	35.0439590746	14.252
866	0	2	1	932	58	27.8422344565	25.0239112934	27.9028967253	19.244
866	0	2	2	2276	142	27.8422344565	27.1792449955	30.0582304274	14.031
867	0	2	1	1237	77	23.366943475	31.598719877	34.0149444066	10.315
867	0	2	2	2586	161	23.366943475	31.959945148	34.3761696775	11.874
868	0	2	1	1240	77	23.3703240169	30.2193255228	32.6358996123	7.055
868	0	2	2	2590	161	23.3703240169	29.9594029951	32.3759770847	7.607
869	0	2	1	538	33	19.9724806892	26.9057214007	28.9709464829	11.842
869	0	2	2	1888	118	19.9724806892	24.4153762615	26.4806013436	11.559
870	0	2	1	572	35	22.4612719953	32.7668005055	35.0893754036	8.347
870	0	2	2	1923	120	22.4612719953	31.7719655229	34.094540421	13.622
871	0	2	1	1241	77	18.4884040032	31.6075204224	33.5192867308	13.433
871	0	2	2	2593	162	18.4884040032	29.338640115	31.2504064234	17.874
872	0	2	1	443	27	19.2797048246	29.8568016811	31.8503912907	11.937
872	0	2	2	1789	111	19.2797048246	29.2502679065	31.2438575161	5.937
873	0	2	1	598	37	18.7328043055	27.0354390627	28.972477226	16.74
873	0	2	2	1948	121	18.7328043055	26.7005480019	28.6375861652	14.41
874	0	2	1	345	21	23.8863329735	28.848560601	31.3184918401	5.433
874	0	2	2	1688	105	23.8863329735	30.9852257376	33.4551569768	8.441
875	0	2	1	291	18	23.886837073	29.813398555	32.2833819198	8.756
875	0	2	2	1634	102	23.886837073	29.1069140191	31.5768973839	4.331
876	0	2	1	456	28	23.2265926586	32.2511839708	34.6528957299	7.748
876	0	2	2	1801	112	23.2265926586	32.4490229471	34.8507347063	11.134
877	0	2	1	406	25	22.7881316428	30.2576333388	32.6140066795	13.134
877	0	2	2	1753	109	22.7881316428	30.2002523825	32.5566257232	8.504
878	0	2	1	521	32	20.2874667755	29.0094339298	31.1072296864	6.929
878	0	2	2	1867	116	20.2874667755	27.8938937982	29.9916895548	13.26
879	0	2	1	1243	77	19.270793087	30.6535538205	32.646221925	9.779
879	0	2	2	2593	162	19.270793087	29.2866249537	31.2792930582	13.969
880	0	2	1	477	29	19.7089677137	32.124855121	34.1628320303	15.102
880	0	2	2	1825	114	19.7089677137	30.3937050247	32.431681934	12.22
881	0	2	1	1269	79	21.8264123398	30.1891842172	32.4461123834	9.811
881	0	2	2	2619	163	21.8264123398	30.2204057471	32.4773339134	13.307
882	0	2	1	1031	64	25.69479533	21.3393943486	23.9963269861	12.283
882	0	2	2	2375	148	25.69479533	31.8942803239	34.5512129615	17.496
883	0	2	1	997	62	19.3802331787	28.796990847	30.8009754436	13.874
883	0	2	2	2342	146	19.3802331787	26.179541479	28.1835260756	10.63
884	0	2	1	310	19	28.4888777151	26.8799764732	29.8258271031	11.622
884	0	2	2	1655	103	28.4888777151	24.9705638086	27.9164144385	12
885	0	2	1	529	33	23.7496629001	30.4500672407	32.9058663113	14.834
885	0	2	2	1878	117	23.7496629001	31.0347784879	33.4905775585	7.04
886	0	2	1	1211	75	22.1089537465	34.7610555639	37.0471995101	10.74
886	0	2	2	2561	160	22.1089537465	29.8143692358	32.100513182	14.803
887	0	2	1	993	62	22.7929126172	26.458116929	28.8149846393	13.496
887	0	2	2	2337	146	22.7929126172	30.0183118774	32.3751795878	13.212
888	0	2	1	1248	78	22.2884829199	31.5785511948	33.8832590919	5.748
888	0	2	2	2599	162	22.2884829199	31.4941902933	33.7988981904	7.59
889	0	2	1	1055	65	22.3770787892	28.6112819364	30.9251509595	6.378
889	0	2	2	2392	149	22.3770787892	30.3062530756	32.6201220987	16.536
890	0	2	1	275	17	20.8483475073	30.483425369	32.6392181753	4.378
890	0	2	2	1619	101	20.8483475073	31.0840583186	33.2398511249	10.866
891	0	2	1	883	55	27.3620020469	30.5773456062	33.4066733098	17.843
891	0	2	2	2226	139	27.3620020469	30.3881904438	33.2175181475	11.937
892	0	2	1	933	58	25.4282329604	29.5505971426	32.1799662892	6
892	0	2	2	2277	142	25.4282329604	32.3527872653	34.9821564119	6
893	0	2	1	440	27	21.9225529717	32.0021666903	34.2690361376	4.441
893	0	2	2	1785	111	21.9225529717	32.7899302996	35.0567997469	5.779
894	0	2	1	901	56	22.4511311288	28.1400537912	30.4615800878	13.307
894	0	2	2	2244	140	22.4511311288	27.1216899575	29.4432162541	11.338
895	0	2	1	1246	77	22.1291451963	31.4928130965	33.7810449099	4.032
895	0	2	2	2598	162	22.1291451963	30.3049144352	32.5931462487	21.323
896	0	2	1	533	33	21.6978781846	27.2098615078	29.4534987882	17.968
896	0	2	2	1879	117	21.6978781846	26.9128176598	29.1564549402	10.693
897	0	2	1	1022	63	24.1815009461	31.9751503732	34.4756030238	12.425
897	0	2	2	2368	148	24.1815009461	25.6923108458	28.1927634964	21.401
898	0	2	1	902	56	27.0520290169	31.3133090159	34.1105844129	5.559
898	0	2	2	2244	140	27.0520290169	27.5938698424	30.3911452394	12.031
899	0	2	1	932	58	27.6551276113	23.6614339149	26.5210718377	19.401
899	0	2	2	2276	142	27.6551276113	26.0367250882	28.8963630111	14.551
900	0	2	1	806	50	24.7080104661	30.5547764264	33.1096720219	15.654
900	0	2	2	2148	134	24.7080104661	30.7516073625	33.306502958	9.307
901	0	2	1	582	36	25.4173509958	29.9441253497	32.5723692627	7.086
901	0	2	2	1930	120	25.4173509958	32.0034102123	34.6316541253	5.339
902	0	2	1	558	34	22.1131994576	29.4087416493	31.695324617	8.063
902	0	2	2	1905	119	22.1131994576	27.3697834712	29.6563664389	7.165
903	0	2	1	552	34	22.4796242378	31.7749441417	34.0994167265	7.906
903	0	2	2	1901	118	22.4796242378	32.7276390835	35.0521116683	13.401
904	0	2	1	1246	77	23.1497889788	30.2319280215	32.6256980087	8.599
904	0	2	2	2597	162	23.1497889788	30.2442188167	32.637988804	19.748
905	0	2	1	1237	77	24.1553970545	31.2953849462	33.7931383621	6.504
905	0	2	2	2585	161	24.1553970545	32.5739361915	35.0716896075	9.528
906	0	2	1	1246	77	23.6402421289	18.4513130798	20.895797656	9.937
906	0	2	2	2596	162	23.6402421289	21.1187294286	23.5632140048	18.441
907	0	2	1	597	37	19.3731102041	31.9501309628	33.9533790187	15.433
907	0	2	2	1947	121	19.3731102041	30.6367170138	32.6399650697	7.59
908	0	2	1	1217	76	20.6082098561	27.115806873	29.2467685976	15.024
908	0	2	2	2568	160	20.6082098561	27.0158827035	29.146844428	14.441
909	0	2	1	994	62	30.8115326885	25.8315032789	29.0175246409	9.307
909	0	2	2	2337	146	30.8115326885	25.6536498858	28.8396712478	8.567
910	0	2	1	534	33	19.7612398546	26.575275329	28.6186573624	15.874
910	0	2	2	1883	117	19.7612398546	27.685444101	29.7288261343	11.386
911	0	2	1	793	49	30.7089983312	37.2792777763	40.4546967234	4.772
911	0	2	2	2133	133	30.7089983312	34.4946572256	37.6700761728	15.276
912	0	2	1	879	54	26.4675765063	27.5484020149	30.2852429569	11.086
912	0	2	2	2222	138	26.4675765063	28.6318060855	31.3686470276	8.252
913	0	2	1	1253	78	16.4658344435	31.9032259558	33.6058514243	5.528
913	0	2	2	2601	162	16.4658344435	30.9832364831	32.6858619516	16.252
914	0	2	1	1093	68	27.3917116486	30.5287119041	33.3611116855	8.945
914	0	2	2	2441	152	27.3917116486	25.3175182193	28.1499180008	10.535
915	0	2	1	1268	79	22.1561159056	30.0884026169	32.379423297	9.779
915	0	2	2	2617	163	22.1561159056	29.766029509	32.057050189	9.008
916	0	2	1	1061	66	27.0327686055	33.2786868701	36.0739706725	6.898
916	0	2	2	2408	150	27.0327686055	27.1911342306	29.9864180329	21.276
917	0	2	1	1239	77	20.8709348016	32.9381898569	35.0963182692	5.071
917	0	2	2	2589	161	20.8709348016	17.9510669342	20.1091953465	5.969
918	0	2	1	519	32	21.5484961908	32.0366146687	34.2648053231	8.803
918	0	2	2	1866	116	21.5484961908	28.4483337082	30.6765243626	12.803
919	0	2	1	253	15	22.3262785905	29.865956563	32.174572666	13.969
919	0	2	2	1595	99	22.3262785905	30.6651025516	32.9737186546	15.15
921	0	2	1	907	56	26.5374392459	30.9371039838	33.68116898	7.307
921	0	2	2	2250	140	26.5374392459	24.4809524851	27.2250174813	4.189
922	0	2	1	825	51	25.5137825922	18.3892097314	21.0274250122	8.551
922	0	2	2	2167	135	25.5137825922	26.848970352	29.4871856328	18.221
923	0	2	1	821	51	19.1883983188	25.3062810158	27.2904292101	4.031
923	0	2	2	2164	135	19.1883983188	31.3981729603	33.3823211546	10
924	0	2	1	1004	62	29.361654203	27.4838248563	30.5199236593	12.677
924	0	2	2	2351	146	29.361654203	25.5712516653	28.6073504683	6.992
925	0	2	1	1259	78	17.6462759707	28.0291723426	29.8538596365	7.008
925	0	2	2	2602	162	17.6462759707	28.2840269361	30.10871423	18.708
926	0	2	1	937	58	28.1733174648	30.0209234093	32.9341439942	20.866
926	0	2	2	2284	142	28.1733174648	33.4153167733	36.3285373582	11.512
927	0	2	1	344	21	23.3390019279	32.2488051235	34.6621403984	7.118
927	0	2	2	1687	105	23.3390019279	33.2591905719	35.6725258468	6.646
928	0	2	1	577	36	30.1119139617	32.6875919612	35.8012702745	10.221
928	0	2	2	1925	120	30.1119139617	30.9118687957	34.0255471091	10.346
929	0	2	1	253	15	30.8097135617	30.7424537231	33.928286981	5.937
929	0	2	2	1594	99	30.8097135617	29.8989856786	33.0848189365	5.055
930	0	2	1	774	48	25.6790474247	28.9589505267	31.6142547752	15.969
930	0	2	2	2116	132	25.6790474247	30.6345545135	33.289858762	14.74
931	0	2	1	980	61	21.0696496861	27.4816298651	29.6603060987	4.788
931	0	2	2	2330	145	21.0696496861	30.8694542974	33.048130531	4.772
931	1	2	1	985	61	21.0696496861	26.1404558557	28.3191320894	11.811
931	1	2	2	2325	145	21.0696496861	32.3842169105	34.5628931441	7.339
932	0	2	1	778	48	32.7860299549	34.4652727527	37.8554641095	6.221
932	0	2	2	2118	132	32.7860299549	35.7485435298	39.1387348866	12.536
933	0	2	1	1021	63	26.2039380932	27.5888537355	30.298433534	8.708
933	0	2	2	2366	147	26.2039380932	30.8409976291	33.5505774276	7.906
934	0	2	1	273	17	20.9602907247	31.1764252607	33.3437933912	7.433
934	0	2	2	1616	101	20.9602907247	29.9482740056	32.1156421362	4.74
935	0	2	1	819	51	24.8873011556	26.6939972346	29.267432121	14.977
935	0	2	2	2161	135	24.8873011556	28.1770165465	30.7504514329	9.874
936	0	2	1	139	8	26.9855070207	29.3483549616	32.1387517491	15.464
936	0	2	2	1481	92	26.9855070207	30.2935473726	33.0839441601	15.464
937	0	2	1	1057	66	25.3878582461	31.3852203157	34.0104145742	4.567
937	0	2	2	2402	150	25.3878582461	35.6992105769	38.3244048353	8.882
938	0	2	1	1100	68	24.6084774173	31.3078458892	33.8524494158	6.346
938	0	2	2	2447	152	24.6084774173	34.0845940582	36.6291975848	5.244
939	0	2	1	158	9	26.0589880355	26.274508546	28.9690999963	7.401
939	0	2	2	1497	93	26.0589880355	30.7529494735	33.4475409238	20.788
940	0	2	1	1250	78	23.4091970587	32.0648202194	34.4854139188	6.409
940	0	2	2	2600	162	23.4091970587	30.0007640703	32.4213577698	19.023
941	0	2	1	334	20	24.6078910809	28.760838815	31.3053817123	14.094
941	0	2	2	1678	104	24.6078910809	30.4071829556	32.9517258529	14.599
942	0	2	1	1248	78	18.1635949079	29.3841440719	31.2623239721	4.346
942	0	2	2	2599	162	18.1635949079	28.0089836501	29.8871635502	14.504
943	0	2	1	266	16	21.6107782598	27.1859417629	29.4205726033	12.378
943	0	2	2	1609	100	21.6107782598	27.8262105952	30.0608414356	13.166
943	1	2	1	269	16	21.6107782598	28.8708035056	31.105434346	16.063
943	1	2	2	1610	100	21.6107782598	29.2223014245	31.4569322649	9.134
943	2	2	1	265	16	21.6107782598	32.4039897015	34.6386205419	5.937
943	2	2	2	1611	100	21.6107782598	30.3176030136	32.552233854	4.41
944	0	2	1	1258	78	26.7652040565	28.3750667268	31.1426834093	6.977
944	0	2	2	2609	163	26.7652040565	28.3151719082	31.0827885907	17.811
945	0	2	1	997	62	25.441574981	31.0168988425	33.6476476012	4.063
945	0	2	2	2342	146	25.441574981	30.4196106182	33.0503593768	9.04
947	0	2	1	1094	68	24.8127029806	30.5902217189	33.1559428904	10.158
947	0	2	2	2441	152	24.8127029806	30.5181090829	33.0838302544	16.315
948	0	2	1	409	25	23.2252230399	29.9553003062	32.356870442	5.496
948	0	2	2	1760	110	23.2252230399	29.4206135161	31.8221836519	13.874
949	0	2	1	1101	68	26.9245339016	28.881230164	31.6653221155	9.748
949	0	2	2	2440	152	26.9245339016	28.7840150644	31.568107016	10.032
950	0	2	1	434	27	26.4591850976	32.0531516625	34.7891249033	10.63
950	0	2	2	1782	111	26.4591850976	29.5954455621	32.3314188029	15.811
951	0	2	1	74	4	28.3505477543	32.7255370989	35.6570839221	9.213
951	0	2	2	1412	88	28.3505477543	28.1482925109	31.0798393341	7.055
952	0	2	1	541	33	25.6319760535	33.3265130679	35.9769499703	7.685
952	0	2	2	1890	118	25.6319760535	28.9653673823	31.6158042846	13.023
953	0	2	1	879	54	24.2360184946	31.56009831	34.0661882677	14.189
953	0	2	2	2222	138	24.2360184946	32.36118021	34.8672701678	10.598
954	0	2	1	139	8	24.9879860882	30.1331489907	32.7169950549	11.779
954	0	2	2	1480	92	24.9879860882	30.0992615407	32.6831076049	13.181
955	0	2	1	1283	80	19.4834125669	30.037300503	32.0519542131	9.212
955	0	2	2	2631	164	19.4834125669	28.9474652723	30.9621189824	8.866
956	0	2	1	514	32	22.4306661706	30.1362329076	32.4556430553	5.244
956	0	2	2	1861	116	22.4306661706	28.8268898166	31.1462999643	11.496
957	0	2	1	985	61	21.255205123	22.2345023043	24.4323656259	9.386
957	0	2	2	2330	145	21.255205123	33.7826985329	35.9805618544	7.874
958	0	2	1	383	23	22.7519671949	30.1367634882	32.4893972972	7.622
958	0	2	2	1728	108	22.7519671949	29.599099248	31.951733057	13.969
959	0	2	1	192	12	24.4912699758	31.4218133926	33.9542972555	8.221
959	0	2	2	1535	95	24.4912699758	30.8171821098	33.3496659727	4.882
960	0	2	1	1255	78	20.0768645229	29.2128965841	31.2889153236	7.166
960	0	2	2	2602	162	20.0768645229	29.2716040275	31.3476227669	6
961	0	2	1	530	33	20.8207174219	31.7266496739	33.8795854317	5.968
961	0	2	2	1879	117	20.8207174219	30.4749247436	32.6278605014	10.157
962	0	2	1	1241	77	18.6730519429	30.6699128451	32.6007724029	6.85
962	0	2	2	2590	161	18.6730519429	30.3562796002	32.287139158	11.716
963	0	2	1	1000	62	28.1278885056	37.0440941896	39.9526172596	8.992
963	0	2	2	2351	146	28.1278885056	31.8951945292	34.8037175992	6.095
964	0	2	1	929	58	22.1652735049	28.5211816785	30.8131492867	15.78
964	0	2	2	2272	142	22.1652735049	26.0876738435	28.3796414517	7.197
965	0	2	1	935	58	28.4328505413	28.8636931427	31.8037503649	9.559
965	0	2	2	2278	142	28.4328505413	28.8964865118	31.836543734	7.811
966	0	2	1	1233	77	21.2245716995	29.8602456946	32.0549414118	8.504
966	0	2	2	2582	161	21.2245716995	29.6031283872	31.7978241045	7.496
967	0	2	1	169	10	23.4734819107	32.2661436032	34.6933845835	16.126
967	0	2	2	1511	94	23.4734819107	30.5286601671	32.9559011474	12.157
968	0	2	1	116	7	23.5628537273	31.7718191926	34.2083015346	9.023
968	0	2	2	1456	91	23.5628537273	30.4269599009	32.8634422429	10.52
969	0	2	1	380	23	23.764774887	34.062759508	36.5201212114	4.425
969	0	2	2	1728	108	23.764774887	30.6270836535	33.084445357	6.126
970	0	2	1	290	18	23.0723737701	30.9480072257	33.3337722068	9.275
970	0	2	2	1633	102	23.0723737701	32.0090842315	34.3948492126	9.905
971	0	2	1	1221	76	22.956430961	30.1219962336	32.4957723185	4.63
971	0	2	2	2573	160	22.956430961	33.3707319029	35.7445079879	9.118
972	0	2	1	1212	75	18.5246653277	31.0769320364	32.9924478939	12.315
972	0	2	2	2561	160	18.5246653277	30.0643860564	31.9799019138	16.599
973	0	2	1	1217	76	14.9373898316	29.0416918802	30.5862707747	5.622
973	0	2	2	2566	160	14.9373898316	30.3336031949	31.8781820893	14.41
974	0	2	1	917	57	24.9111272377	32.6975841036	35.2734826911	5.685
974	0	2	2	2261	141	24.9111272377	29.0838226859	31.6597212734	4.898
975	0	2	1	1256	78	20.861958376	29.2839003192	31.4411005374	10.315
975	0	2	2	2604	162	20.861958376	29.9558928131	32.1130930313	6.441
976	0	2	1	822	51	26.0426806849	31.9660038868	34.6589090994	6.284
976	0	2	2	2165	135	26.0426806849	33.4334915953	36.126396808	13.417
977	0	2	1	804	50	24.4916598023	33.1040891416	35.636613314	15.527
977	0	2	2	2145	134	24.4916598023	32.5349140215	35.0674381939	12.725
978	0	2	1	1253	78	19.0175810148	31.6829607923	33.6494458737	5.717
978	0	2	2	2600	162	19.0175810148	32.6981010315	34.6645861129	11.197
979	0	2	1	1243	77	20.3267735877	30.7106076457	32.8124678656	12.614
979	0	2	2	2593	162	20.3267735877	34.0737274689	36.1755876887	9.229
980	0	2	1	1029	64	30.2201228497	25.7890827782	28.9139502729	5.212
980	0	2	2	2373	148	30.2201228497	35.9569840816	39.0818515763	6.094
981	0	2	1	1243	77	23.2444185412	32.8445918246	35.248146843	8.347
981	0	2	2	2593	162	23.2444185412	30.8564076396	33.2599626581	17.15
982	0	2	1	1009	63	22.962398414	31.5793719846	33.9537651252	12.583
982	0	2	2	2353	147	22.962398414	29.8667184705	32.2411116112	9.59
983	0	2	1	920	57	27.1402816147	30.7387835607	33.5451845881	17.937
983	0	2	2	2262	141	27.1402816147	31.3902228581	34.1966238856	9.843
984	0	2	1	962	60	25.902770783	31.101171088	33.7796091223	4
984	0	2	2	2306	144	25.902770783	30.433714008	33.1121520423	9.874
985	0	2	1	1237	77	22.3091180535	32.2039732903	34.5108149331	11.622
985	0	2	2	2586	161	22.3091180535	33.7688487387	36.0756903815	9.37
986	0	2	1	571	35	22.1851454263	27.250774762	29.5447971971	11.969
986	0	2	2	1914	119	22.1851454263	27.7590321385	30.0530545736	6.599
987	0	2	1	457	28	25.6614743796	28.4523281651	31.1058152986	7.969
987	0	2	2	1803	112	25.6614743796	27.4932070084	30.146694142	10.897
988	0	2	1	1002	62	22.4461615844	29.3977651309	31.7187775591	13.307
988	0	2	2	2349	146	22.4461615844	29.6873891344	32.0084015626	13.338
989	0	2	1	265	16	25.4376250005	31.9180572163	34.548397533	9.748
989	0	2	2	1610	100	25.4376250005	33.07788055	35.7082208667	15.968
990	0	2	1	571	35	22.0154324258	28.2853447917	30.5618183029	8.063
990	0	2	2	1921	120	22.0154324258	32.8540439592	35.1305174703	9.197
991	0	2	1	898	56	29.4552353196	32.2774025101	35.3231779312	11.197
991	0	2	2	2234	139	29.4552353196	29.4206267513	32.4664021724	4
992	0	2	1	1062	66	26.0472865306	28.1523452734	30.8457267467	4.725
992	0	2	2	2410	150	26.0472865306	30.5543242847	33.247705758	8.252
993	0	2	1	164	10	25.4288058061	35.0223553555	37.6517837363	6.504
993	0	2	2	1496	93	25.4288058061	28.3900330225	31.0194614033	16
994	0	2	1	1236	77	21.921763937	29.1527790608	31.4195669192	8.032
994	0	2	2	2585	161	21.921763937	30.41943881	32.6862266684	6.519
995	0	2	1	1251	78	21.9966751437	32.8402423002	35.114776242	8.456
995	0	2	2	2601	162	21.9966751437	33.8346620023	36.1091959442	19.166
996	0	2	1	506	31	25.3059547235	33.4804630677	36.0971882124	7.118
996	0	2	2	1857	116	25.3059547235	33.1905676036	35.8072927483	9.433
997	0	2	1	1218	76	20.6527685024	31.7594475823	33.8950168283	10.315
997	0	2	2	2568	160	20.6527685024	30.3601889157	32.4957581618	8.834
998	0	2	1	234	14	26.9513959266	34.0641307432	36.851000323	12.441
998	0	2	2	1576	98	26.9513959266	35.8003977302	38.5872673101	9.464
999	0	2	1	487	30	21.7011161791	32.8838042572	35.1277763577	15.181
999	0	2	2	1832	114	21.7011161791	30.129523673	32.3734957734	8.567
1000	0	2	1	209	13	29.4068554439	33.6572286243	36.6980013954	7.087
1000	0	2	2	1552	97	29.4068554439	31.3643047776	34.4050775487	5.622
1001	0	2	1	1021	63	26.4565679579	26.3275869179	29.0632895371	12.031
1001	0	2	2	2368	148	26.4565679579	26.3327325183	29.0684351375	19.165
1002	0	2	1	488	30	17.9526649513	29.7715024275	31.6278714247	9.229
1002	0	2	2	1832	114	17.9526649513	29.1751857186	31.0315547158	4.378
1003	0	2	1	1255	78	23.0181764891	33.2685928075	35.6487535983	6.441
1003	0	2	2	2602	162	23.0181764891	32.4295591523	34.8097199431	15.433
1004	0	2	1	1222	76	20.8554516893	33.5380736947	35.6946010985	9.464
1004	0	2	2	2572	160	20.8554516893	32.3145051814	34.4710325852	14.284
1005	0	2	1	1041	65	26.3836560334	31.5685019665	34.2966652351	6.472
1005	0	2	2	2394	149	26.3836560334	30.0497632081	32.7779264767	13.622
1006	0	2	1	901	56	24.6098174653	32.1849272091	34.7296693013	5.654
1006	0	2	2	2242	140	24.6098174653	28.0702096933	30.6149517856	5.292
1007	0	2	1	290	18	24.4289606393	31.3601635419	33.8862043992	6.961
1007	0	2	2	1633	102	24.4289606393	31.6313500444	34.1573909017	5.339
1008	0	2	1	159	9	27.0179691305	31.9296409543	34.7233944387	5.338
1008	0	2	2	1499	93	27.0179691305	28.8476678784	31.6414213627	18
1009	0	2	1	1218	76	22.4574937026	30.170591271	32.4927754803	8.284
1009	0	2	2	2567	160	22.4574937026	30.3957566907	32.7179409	10.157
1010	0	2	1	538	33	18.5011951938	33.095228744	35.0083177067	7.717
1010	0	2	2	1889	118	18.5011951938	31.7241879938	33.6372769565	10
1011	0	2	1	1241	77	19.0482470094	29.2756294996	31.2452855531	14.834
1011	0	2	2	2590	161	19.0482470094	30.2939088444	32.263564898	14.929
1012	0	2	1	1240	77	22.1897099535	29.7116462375	32.0061406609	13.433
1012	0	2	2	2590	161	22.1897099535	31.0830107401	33.3775051635	11.969
1013	0	2	1	965	60	25.627912538	36.4136765401	39.0636932606	7.402
1013	0	2	2	2309	144	25.627912538	32.289505796	34.9395225166	9.811
1014	0	2	1	1245	77	21.8590120901	28.8851387007	31.1454377964	7.307
1014	0	2	2	2596	162	21.8590120901	31.0418509873	33.3021500829	22.157
1015	0	2	1	514	32	17.1820604759	27.5366238497	29.313309621	4.189
1015	0	2	2	1853	115	17.1820604759	26.5107445094	28.2874302807	7.401
1016	0	2	1	952	59	27.1697894516	30.0925525624	32.9020048045	7.905
1016	0	2	2	2294	143	27.1697894516	27.836123383	30.6455756251	11.748
1017	0	2	1	583	36	22.1643293395	34.740785565	37.0326555432	5.496
1017	0	2	2	1931	120	22.1643293395	30.626992169	32.9188621472	6.315
1018	0	2	1	984	61	23.3907163478	27.9132345842	30.3319173129	12.378
1018	0	2	2	2329	145	23.3907163478	32.7498140619	35.1684967905	10.252
1019	0	2	1	583	36	19.7428224701	30.8659569282	32.9074345389	5.748
1019	0	2	2	1932	120	19.7428224701	32.4900478551	34.5315254659	14
1020	0	2	1	779	48	27.099195436	28.42326224	31.2254148114	11.055
1020	0	2	2	2119	132	27.099195436	33.5158100318	36.3179626032	4.158
1021	0	2	1	1237	77	22.0428846336	28.2958287687	30.5751409351	10.787
1021	0	2	2	2586	161	22.0428846336	28.7276915449	31.0070037113	12.095
1022	0	2	1	582	36	20.8552099938	30.2032980341	32.3598004457	8.772
1022	0	2	2	1929	120	20.8552099938	29.8317667202	31.9882691318	12.929
1023	0	2	1	918	57	21.6796195874	28.6565015001	30.8982507771	15.418
1023	0	2	2	2262	141	21.6796195874	26.0199327797	28.2616820567	12.599
1024	0	2	1	933	58	25.3186284378	27.208369398	29.8264050497	14.787
1024	0	2	2	2278	142	25.3186284378	31.8931045709	34.5111402226	5.244
1025	0	2	1	814	50	28.0467102306	31.3289203882	34.2290493377	4.346
1025	0	2	2	2155	134	28.0467102306	35.6692853305	38.56941428	14.189
1026	0	2	1	825	51	30.9897840131	15.4056561853	18.6101093642	7.402
1026	0	2	2	2167	135	30.9897840131	28.5434843571	31.7479375359	12.063
1027	0	2	1	985	61	22.8560779413	27.6525919594	30.0159911875	4.441
1027	0	2	2	2335	145	22.8560779413	27.9174417609	30.280840989	9.905
1028	0	2	1	183	11	28.337441873	30.2147066866	33.1448983153	10.283
1028	0	2	2	1524	95	28.337441873	32.3251979283	35.255389557	5.748
1029	0	2	1	1071	66	25.3976431384	31.5271131865	34.1533192374	10.709
1029	0	2	2	2418	151	25.3976431384	31.9111516292	34.5373576801	6.315
1030	0	2	1	893	55	28.7018045107	31.127698162	34.0955661751	9.685
1030	0	2	2	2235	139	28.7018045107	31.8804050981	34.8482731112	7.212
1031	0	2	1	162	10	22.790163053	32.315298093	34.6718814887	6.882
1031	0	2	2	1506	94	22.790163053	33.6108635053	35.967446901	11.039
1032	0	2	1	920	57	23.7027808114	39.9438596691	42.3948109661	4.536
1032	0	2	2	2273	142	23.7027808114	29.1036858232	31.5546371201	7.591
1033	0	2	1	938	58	26.6785715783	34.1175319469	36.8761905251	14.157
1033	0	2	2	2282	142	26.6785715783	33.0658949126	35.8245534907	9.969
1034	0	2	1	1224	76	19.7239537432	27.9704827844	30.0100093021	12.221
1034	0	2	2	2572	160	19.7239537432	31.8921022122	33.9316287299	13.654
1035	0	2	1	341	21	24.8405665579	30.8259045419	33.3945069057	5.275
1035	0	2	2	1683	105	24.8405665579	30.0054642133	32.5740665771	5.717
1036	0	2	1	331	20	24.3458755681	32.1391795328	34.6566291001	7.276
1036	0	2	2	1675	104	24.3458755681	31.617640578	34.1350901453	14.662
1036	1	2	1	333	20	24.3458755681	31.0327487749	33.5501983423	10.834
1036	1	2	2	1674	104	24.3458755681	30.7027441124	33.2201936797	10.897
1037	0	2	1	238	14	26.3756974773	28.2835971577	31.0109374835	6.803
1037	0	2	2	1580	98	26.3756974773	20.7534779334	23.4808182592	20.914
1038	0	2	1	443	27	22.7598426694	27.5836241117	29.9370722726	4.032
1038	0	2	2	1790	111	22.7598426694	25.8222304804	28.1756786413	5.905
1039	0	2	1	1218	76	19.9825509536	32.1872607332	34.2535271163	11.244
1039	0	2	2	2567	160	19.9825509536	30.2662301865	32.3324965696	11.622
1040	0	2	1	1244	77	19.8697692489	6.93420985606	8.98881421232	9.654
1040	0	2	2	2593	162	19.8697692489	7.23235555104	9.2869599073	10.882
1040	1	2	1	1238	77	19.8697692489	29.3056796779	31.3602840341	8.441
1040	1	2	2	2587	161	19.8697692489	29.5818352414	31.6364395977	8
1041	0	2	1	1218	76	20.3018221312	30.7001543063	32.7994344574	7.118
1041	0	2	2	2567	160	20.3018221312	31.0746800547	33.1739602058	10.504
1042	0	2	1	557	34	24.0841295036	32.6070276123	35.0974117116	12.567
1042	0	2	2	1907	119	24.0841295036	29.71276859	32.2031526893	9.307
1043	0	2	1	984	61	23.8603097728	17.9624091876	20.4296495358	15.559
1043	0	2	2	2329	145	23.8603097728	23.497944434	25.9651847822	5.37
1044	0	2	1	249	15	21.8332551325	27.7807120057	30.0383477409	6.315
1044	0	2	2	1591	99	21.8332551325	28.4178480675	30.6754838027	6.189
1045	0	2	1	600	37	20.0366797959	28.5799639293	30.6518274259	8.252
1045	0	2	2	1950	121	20.0366797959	29.7515184721	31.8233819687	9.59
1046	0	2	1	126	7	21.7586878986	30.8754377509	33.1253629706	7.685
1046	0	2	2	1466	91	21.7586878986	29.922997846	32.1729230657	11.15
1047	0	2	1	85	5	31.2202916683	17.3551185334	20.5834070184	8.897
1047	0	2	2	1426	89	31.2202916683	30.494277357	33.722565842	10.787
1048	0	2	1	1257	78	23.486387658	28.7898942371	31.2184697173	4.347
1048	0	2	2	2600	162	23.486387658	26.3941686041	28.8227440843	15.591
1049	0	2	1	411	25	20.9576747355	30.0570798575	32.2241774855	6.252
1049	0	2	2	1756	109	20.9576747355	31.184051331	33.3511489591	6.094
1050	0	2	1	1245	77	18.8032426666	31.3382416915	33.2825634302	12.519
1050	0	2	2	2596	162	18.8032426666	29.698274625	31.6425963638	22.473
1051	0	2	1	429	26	25.2638988161	34.1841816821	36.7965580974	7.292
1051	0	2	2	1775	110	25.2638988161	31.9377848157	34.550161231	12.819
1052	0	2	1	1218	76	20.5473620482	29.0643295571	31.1889994033	7.418
1052	0	2	2	2567	160	20.5473620482	27.1556210395	29.2802908857	10.22
1053	0	2	1	821	51	24.2042298548	24.7169138629	27.219716763	8.897
1053	0	2	2	2164	135	24.2042298548	31.9124576986	34.4152605987	13.968
1054	0	2	1	1248	78	25.0981216665	29.8859113774	32.4811458496	5.071
1054	0	2	2	2594	162	25.0981216665	31.2037278633	33.7989623356	5.685
1055	0	2	1	454	28	24.9343029521	24.2265446559	26.8048396941	20.41
1055	0	2	2	1798	112	24.9343029521	27.8406773365	30.4189723748	8.756
1056	0	2	1	471	29	19.1198980204	27.756326232	29.7333912533	8.032
1056	0	2	2	1817	113	19.1198980204	28.1526602644	30.1297252858	6.693
1057	0	2	1	475	29	27.6071403751	32.7464572755	35.6011331486	10.063
1057	0	2	2	1821	113	27.6071403751	27.5971401308	30.4518160038	9.008
1058	0	2	1	518	32	19.4319125445	28.885572497	30.8949009228	4.882
1058	0	2	2	1866	116	19.4319125445	30.1502729855	32.1596014112	11.166
1059	0	2	1	1226	76	21.4055564425	28.9042402899	31.1176504692	4.882
1059	0	2	2	2579	161	21.4055564425	27.8444473448	30.0578575241	8.756
1060	0	2	1	1224	76	23.7414132481	27.9681229111	30.4230689385	5.654
1060	0	2	2	2574	160	23.7414132481	28.1211973643	30.5761433917	5.402
1061	0	2	1	773	48	25.5957933443	28.9868237396	31.633519222	7.149
1061	0	2	2	2115	132	25.5957933443	28.7179114775	31.3646069599	8.378
1062	0	2	1	491	30	21.9186756601	30.0901853079	32.3566538275	12.693
1062	0	2	2	1835	114	21.9186756601	33.2928008731	35.5592693928	10.898
1063	0	2	1	920	57	24.7490431478	30.6647932349	33.2239317547	11.811
1063	0	2	2	2263	141	24.7490431478	31.1160350393	33.6751735591	4.425
1064	0	2	1	973	60	26.8846875653	31.3709924304	34.1509641299	9.559
1064	0	2	2	2317	144	26.8846875653	31.3746552007	34.1546269002	4.378
1065	0	2	1	1223	76	19.4729493234	28.0948294929	30.1084012665	6.441
1065	0	2	2	2574	160	19.4729493234	26.3656168406	28.3791886142	10.788
1066	0	2	1	591	36	19.9672444988	32.1608997204	34.2255833619	7.59
1066	0	2	2	1941	121	19.9672444988	28.9464439592	31.0111276008	5.102
1067	0	2	1	1265	79	18.3786920114	28.931579465	30.8320011657	6.819
1067	0	2	2	2615	163	18.3786920114	30.1445912723	32.045012973	17.228
1068	0	2	1	471	29	23.6314297432	29.8275669172	32.2711402615	8.063
1068	0	2	2	1817	113	23.6314297432	28.7586747221	31.2022480665	15.134
1069	0	2	1	1241	77	18.7801198053	31.4024393946	33.3443701478	9.969
1069	0	2	2	2590	161	18.7801198053	30.4916425613	32.4335733145	10.472
1070	0	2	1	930	58	29.0068834769	29.212316329	32.2117305852	7.197
1070	0	2	2	2273	142	29.0068834769	27.2963231755	30.2957374317	4.551
1071	0	2	1	1253	78	18.138855526	28.0487876501	29.9244094107	6.315
1071	0	2	2	2600	162	18.138855526	27.6051933255	29.4808150861	7.874
1072	0	2	1	263	16	25.431696897	29.0134710218	31.6431983517	15.874
1072	0	2	2	1606	100	25.431696897	31.6008207898	34.2305481197	8.41
1073	0	2	1	1063	66	26.8799232986	32.4105304679	35.1900095254	4.898
1073	0	2	2	2411	150	26.8799232986	33.4733698857	36.2528489432	7.275
1074	0	2	1	487	30	20.158427933	29.1327099191	31.2171626034	4.504
1074	0	2	2	1832	114	20.158427933	33.6656624371	35.7501151214	10.441
1075	0	3	1	1021	63	29.8049653871	22.7769848111	25.8589235571	15.968
1075	0	3	2	2366	147	29.8049653871	24.1404308697	27.2223696157	5.339
1076	0	3	1	478	29	25.4149666502	31.4607559165	34.0887532797	12.378
1076	0	3	2	1826	114	25.4149666502	28.5021013727	31.1300987359	6.378
1077	0	3	1	552	34	22.7350161423	28.5521994619	30.9030804722	16.693
1077	0	3	2	1899	118	22.7350161423	29.2834963008	31.634377311	10.851
1078	0	3	1	217	13	25.3037303497	27.3863137091	30.0028088458	8.472
1078	0	3	2	1560	97	25.3037303497	28.4266826674	31.043177804	7.937
1079	0	3	1	491	30	21.1689567258	27.7259369012	29.9148818337	14.41
1079	0	3	2	1835	114	21.1689567258	29.3247153161	31.5136602486	9.559
1080	0	3	1	1253	78	16.0752712814	30.2630468611	31.9252867185	4.693
1080	0	3	2	2601	162	16.0752712814	30.4588051893	32.1210450467	8.582
1081	0	3	1	894	55	20.0195325247	28.2784190783	30.3485094866	11.465
1081	0	3	2	2234	139	20.0195325247	26.543527444	28.6136178522	4.662
1082	0	3	1	936	58	30.6718927433	30.301316674	33.4728987722	16.567
1082	0	3	2	2281	142	30.6718927433	29.1858647766	32.3574468748	6.315
1083	0	3	1	488	30	21.2542113937	29.4449516295	31.6427121958	4.756
1083	0	3	2	1833	114	21.2542113937	31.4593702115	33.6571307779	10.85
1084	0	3	1	80	5	25.0269765326	30.9134819841	33.5013597981	7.496
1084	0	3	2	1412	88	25.0269765326	29.8219222253	32.4098000393	6.882
1085	0	3	1	1263	78	24.8594145063	30.3054209453	32.8759722536	4.158
1085	0	3	2	2615	163	24.8594145063	32.4016476916	34.9721989999	11.102
1086	0	3	1	1012	63	24.8636637325	26.3000335983	28.8710242917	8.393
1086	0	3	2	2357	147	24.8636637325	30.2575562887	32.8285469821	11.527
1088	0	3	1	489	30	24.4720961326	29.3844810394	31.9149822591	13.622
1088	0	3	2	1835	114	24.4720961326	28.6913454691	31.2218466889	9.842
1089	0	3	1	1224	76	23.6603727916	30.2405980147	32.6871641726	11.906
1089	0	3	2	2575	160	23.6603727916	31.6762000305	34.1227661883	11.843
1090	0	3	1	558	34	23.3418322284	31.4881160843	33.9017440222	10.315
1090	0	3	2	1908	119	23.3418322284	32.8178313477	35.2314592857	5.874
1091	0	3	1	310	19	27.1740085035	29.7460503335	32.5559388405	16.725
1091	0	3	2	1655	103	27.1740085035	29.5416791157	32.3515676227	6.819
1091	1	3	1	309	19	27.1740085035	31.3293126251	34.1392011321	10.393
1091	1	3	2	1653	103	27.1740085035	30.9682531223	33.7781416293	12.063
1092	0	3	1	1245	77	20.8812795833	30.8764992868	33.0356973862	8.74
1092	0	3	2	2596	162	20.8812795833	29.3153862979	31.4745843972	23.26
1093	0	3	1	602	37	20.9611483162	32.2805457766	34.4480025851	10.252
1093	0	3	2	1955	122	20.9611483162	34.420214713	36.5876715215	9.039
1094	0	3	1	1087	67	22.7643196057	30.6585390862	33.0124501781	11.496
1094	0	3	2	2429	151	22.7643196057	29.912385748	32.26629684	7.622
1095	0	3	1	606	37	22.7929293243	30.5255432107	32.8824126486	8.803
1095	0	3	2	1956	122	22.7929293243	25.8849156233	28.2417850612	5.968
1096	0	3	1	582	36	19.7090600208	31.2131091825	33.2510956367	14.819
1096	0	3	2	1931	120	19.7090600208	32.5303202908	34.568306745	8.284
1097	0	3	1	214	13	21.549205778	27.970574734	30.1988387622	11.086
1097	0	3	2	1558	97	21.549205778	26.1168416444	28.3451056725	12.126
1098	0	3	1	583	36	21.66051295	30.1782150565	32.4179886396	15.654
1098	0	3	2	1931	120	21.66051295	29.3966674597	31.6364410428	11.559
1099	0	3	1	933	58	27.2973306464	30.8027978298	33.6254382821	20.347
1099	0	3	2	2277	142	27.2973306464	30.6412905182	33.4639309705	8.315
1099	1	3	1	934	58	27.2973306464	29.895059153	32.7176996054	13.937
1099	1	3	2	2278	142	27.2973306464	30.7057505235	33.5283909758	5.401
1100	0	3	1	1217	76	22.0549373973	31.5813877553	33.86194622	7.842
1100	0	3	2	2566	160	22.0549373973	30.5974479859	32.8780064507	13.37
1101	0	3	1	582	36	20.6877017663	32.9921192089	35.1313006779	12.992
1101	0	3	2	1931	120	20.6877017663	30.6345512167	32.7737326857	10.504
1102	0	3	1	1090	68	29.3384957862	29.8648187753	32.8985229161	8.788
1102	0	3	2	2438	152	29.3384957862	29.6137522346	32.6474563755	12.504
1103	0	3	1	471	29	25.5481482901	30.0826294042	32.7243982196	8.425
1103	0	3	2	1817	113	25.5481482901	31.4685182299	34.1102870453	10.252
1104	0	3	1	1244	77	24.9188138545	27.5436695406	30.1203629515	9.685
1104	0	3	2	2594	162	24.9188138545	28.0176066955	30.5943001063	24.221
1105	0	3	1	333	20	22.9862378742	32.3326800541	34.7095382792	5.181
1105	0	3	2	1677	104	22.9862378742	34.6075769985	36.9844352237	8.693
1106	0	3	1	155	9	22.9667041526	32.8519085484	35.2267469177	10.535
1106	0	3	2	1496	93	22.9667041526	31.0836254718	33.4584638411	18.961
1107	0	3	1	571	35	19.2908577004	27.9136197998	29.9083626562	10.315
1107	0	3	2	1921	120	19.2908577004	33.9221282937	35.9168711501	6.441
1108	0	3	1	566	35	23.2854229812	27.208626467	29.6164214894	7.748
1108	0	3	2	1914	119	23.2854229812	27.3731980212	29.7809930436	9.748
1109	0	3	1	1244	77	18.9008200073	30.2762710005	32.2306825811	7.008
1109	0	3	2	2597	162	18.9008200073	31.4209296723	33.3753412529	13.527
1110	0	3	1	440	27	24.5848588182	29.5544214244	32.0965827044	4.189
1110	0	3	2	1787	111	24.5848588182	30.1365834133	32.6787446932	5.653
1111	0	3	1	879	54	26.0496797837	32.2196490585	34.9132780027	6.567
1111	0	3	2	2222	138	26.0496797837	30.7129256695	33.4065546136	14.393
1112	0	3	1	1262	78	14.7003039653	30.1883817835	31.7084451616	6.788
1112	0	3	2	2613	163	14.7003039653	31.211704958	32.731768336	9.354
1113	0	3	1	1269	79	18.9139753524	29.8391189604	31.7948908502	9.874
1113	0	3	2	2619	163	18.9139753524	30.6525228276	32.6082947174	12.094
1114	0	3	1	1021	63	23.5134329216	30.3069269913	32.7382990474	7.811
1114	0	3	2	2365	147	23.5134329216	29.615210687	32.046582743	9.086
1115	0	3	1	577	36	20.8621003615	30.2038005146	32.3610154146	6.315
1115	0	3	2	1931	120	20.8621003615	29.7335084341	31.8907233342	11.275
1116	0	3	1	490	30	20.7104005389	32.1676585255	34.3091871278	9.937
1116	0	3	2	1837	114	20.7104005389	29.4511982946	31.5927268969	8.472
1117	0	3	1	487	30	19.1994229534	25.297459976	27.2827481564	4.945
1117	0	3	2	1832	114	19.1994229534	27.7496628098	29.7349509903	11.685
1118	0	3	1	521	32	20.0407247431	31.4815301588	33.5538119173	10.346
1118	0	3	2	1867	116	20.0407247431	31.3859293212	33.4582110797	11.842
1119	0	3	1	763	47	24.9582049888	29.9463800587	32.527146652	5.339
1119	0	3	2	2105	131	24.9582049888	30.8737322586	33.4544988519	6.504
1120	0	3	1	488	30	27.8256895109	30.6423194589	33.519594085	9.055
1120	0	3	2	1833	114	27.8256895109	30.8423626748	33.7196373009	8.929
1121	0	3	1	1227	76	21.2681239491	30.7795491663	32.9787483401	12.74
1121	0	3	2	2579	161	21.2681239491	30.0607547258	32.2599538995	9.685
1122	0	3	1	902	56	29.8293810493	30.1987678013	33.2832312131	13.401
1122	0	3	2	2245	140	29.8293810493	30.1628791578	33.2473425696	10.535
1123	0	3	1	822	51	25.9450537449	35.6675161482	38.3503263903	6.771
1123	0	3	2	2166	135	25.9450537449	30.9127415451	33.5955517871	7.181
1124	0	3	1	935	58	28.7524004686	30.1155662742	33.0886660881	19.465
1124	0	3	2	2278	142	28.7524004686	30.3584069216	33.3315067355	9.433
1126	0	3	1	1259	78	22.4162947199	29.3967147247	31.7146388136	7.276
1126	0	3	2	2609	163	22.4162947199	30.0301010746	32.3480251635	16.96
1127	0	3	1	819	51	22.4357998004	28.5197440694	30.8396850525	14.441
1127	0	3	2	2167	135	22.4357998004	28.6055632487	30.9255042318	10.473
1128	0	3	1	1272	79	23.3784071064	27.8518880715	30.2692979811	6.787
1128	0	3	2	2622	163	23.3784071064	32.0943541759	34.5117640855	6.347
1129	0	3	1	452	28	21.3748912988	30.250523713	32.460763008	15.78
1129	0	3	2	1798	112	21.3748912988	27.750322466	29.9605617611	5.843
1130	0	3	1	1258	78	21.6036413989	29.1687473403	31.4026402041	8.346
1130	0	3	2	2601	162	21.6036413989	28.1931313053	30.4270241691	7.355
1131	0	3	1	516	32	17.9822239332	32.9330173408	34.7924428412	6.346
1131	0	3	2	1861	116	17.9822239332	33.1166671172	34.9760926176	6
1132	0	3	1	1233	77	22.3128624585	28.8336457497	31.1408745772	4.252
1132	0	3	2	2585	161	22.3128624585	31.4458302382	33.7530590657	5.968
1133	0	3	1	933	58	30.0948658815	28.3730566567	31.4849721383	17.024
1133	0	3	2	2278	142	30.0948658815	29.2263395963	32.3382550779	7.212
1134	0	3	1	811	50	27.7860685884	29.3971751211	32.2703528037	5.464
1134	0	3	2	2153	134	27.7860685884	29.7520855486	32.6252632313	9.905
1135	0	3	1	1275	79	15.0660339665	26.3985374341	27.9564185867	18.094
1135	0	3	2	2625	164	15.0660339665	28.619389359	30.1772705116	13.023
1136	0	3	1	524	32	20.4046849866	29.8029533202	31.912869854	7.716
1136	0	3	2	1872	117	20.4046849866	33.0652973816	35.1752139154	8.441
1137	0	3	1	266	16	20.8957298151	29.1911695192	31.3518618235	7.118
1137	0	3	2	1609	100	20.8957298151	31.5456948318	33.7063871361	6.504
1138	0	3	1	429	26	23.1454320188	30.3767978356	32.7701172979	5.276
1138	0	3	2	1776	111	23.1454320188	29.8630053615	32.2563248238	10.283
1139	0	3	1	822	51	26.6052783861	29.3986740319	32.1497538349	10.031
1139	0	3	2	2164	135	26.6052783861	27.3785851079	30.129664911	19.937
1140	0	3	1	430	26	21.8657476107	30.6964994818	32.9574950541	7.528
1140	0	3	2	1777	111	21.8657476107	27.3939362604	29.6549318327	4.473
1141	0	3	1	110	6	25.8401033373	27.7202582939	30.3922162929	12.252
1141	0	3	2	1447	90	25.8401033373	27.4211925971	30.0931505961	19.591
1142	0	3	1	341	21	21.5817216712	28.7927554982	31.0243817846	12.378
1142	0	3	2	1684	105	21.5817216712	30.7492013367	32.9808276231	5.559
1143	0	3	1	547	34	19.2734785038	22.5843384435	24.5772842296	10.094
1143	0	3	2	1893	118	19.2734785038	28.4405868025	30.4335325886	7.402
1144	0	3	1	519	32	20.4894311778	31.6129029507	33.7315825401	7.213
1144	0	3	2	1866	116	20.4894311778	31.6173127634	33.7359923529	10.914
1145	0	3	1	994	62	28.0213362977	23.5243266247	26.4218318199	14.504
1145	0	3	2	2337	146	28.0213362977	24.2117290399	27.1092342351	15.275
1146	0	3	1	778	48	26.8465350385	33.6064098605	36.3824364539	8.693
1146	0	3	2	2119	132	26.8465350385	30.8438645577	33.6198911511	12.032
1147	0	3	1	1069	66	24.4872009554	32.1281854401	34.6602485519	10.803
1147	0	3	2	2415	150	24.4872009554	30.1068459844	32.6389090962	23.26
1148	0	3	1	551	34	26.9657300877	31.3917916685	34.1801434512	4.472
1148	0	3	2	1898	118	26.9657300877	24.9329092149	27.7212609976	6.788
1149	0	3	1	1244	77	24.0046637237	32.4592090222	34.9413760791	6.693
1149	0	3	2	2593	162	24.0046637237	33.8733891743	36.3555562312	4.756
1150	0	3	1	737	46	23.1040454386	28.649016161	31.0380561046	18
1150	0	3	2	2076	129	23.1040454386	30.9020938372	33.2911337807	9.622
1151	0	3	1	1032	64	26.4484913333	29.0531168821	31.7879843498	6.284
1151	0	3	2	2376	148	26.4484913333	32.191264706	34.9261321737	13.465
1152	0	3	1	1031	64	29.3487864847	21.312331936	24.3471001715	10.126
1152	0	3	2	2375	148	29.3487864847	31.6648311822	34.6995994176	9.433
1153	0	3	1	174	10	26.9878574676	30.2478103794	33.0384502115	4.756
1153	0	3	2	1515	94	26.9878574676	32.790863628	35.58150346	9.323
1154	0	3	1	997	62	24.2076019047	28.7914417791	31.294593361	5.843
1154	0	3	2	2342	146	24.2076019047	28.8775746413	31.3807262232	6.819
1155	0	3	1	550	34	21.6458532173	35.4978568585	37.7361145735	5.055
1155	0	3	2	1897	118	21.6458532173	30.5217726259	32.7600303408	11.496
1156	0	3	1	443	27	23.6718692027	29.2483074085	31.6960623359	4.252
1156	0	3	2	1791	111	23.6718692027	30.3185259945	32.7662809218	9.103
1157	0	3	1	994	62	23.7422667592	26.2274378013	28.6824720848	13.842
1157	0	3	2	2338	146	23.7422667592	26.7927162797	29.2477505631	16.646
1157	1	3	1	1009	63	23.7422667592	24.2261140854	26.6811483689	8.992
1157	1	3	2	2354	147	23.7422667592	27.3039876497	29.7590219332	7.843
1158	0	3	1	549	34	20.4860282227	31.7210918002	33.8394195121	6.032
1158	0	3	2	1897	118	20.4860282227	31.0421614598	33.1604891717	8.095
1159	0	3	1	935	58	27.0245605661	30.591709451	33.3861445131	11.149
1159	0	3	2	2282	142	27.0245605661	33.4731778238	36.2676128859	8.803
1160	0	3	1	554	34	25.6919489074	28.6076666678	31.2643049752	12.157
1160	0	3	2	1901	118	25.6919489074	31.3980997608	34.0547380682	18.519
1161	0	3	1	993	62	25.0684896976	30.9023913172	33.4945617391	4.441
1161	0	3	2	2340	146	25.0684896976	31.7393466197	34.3315170416	5.528
1162	0	3	1	1233	77	20.1938469157	29.1924421009	31.2805572331	6.441
1162	0	3	2	2583	161	20.1938469157	29.6377955505	31.7259106828	17.229
1163	0	3	1	919	57	21.0168997792	26.0525689286	28.2257906355	13.559
1163	0	3	2	2261	141	21.0168997792	25.9430262025	28.1162479094	6.756
1164	0	3	1	1217	76	21.0187630138	30.7026912383	32.8761056101	8.693
1164	0	3	2	2567	160	21.0187630138	33.2182826414	35.3916970133	8.882
1165	0	3	1	1040	65	18.8427836461	29.1596902689	31.1081006847	14.756
1165	0	3	2	2394	149	18.8427836461	29.9109513578	31.8593617735	15.906
1166	0	3	1	1265	79	20.3982195223	28.9817944701	31.091042452	10.898
1166	0	3	2	2617	163	20.3982195223	27.5038534003	29.6131013822	7.496
1167	0	3	1	378	23	21.1385692589	29.4686584575	31.6544612185	7.433
1167	0	3	2	1723	107	21.1385692589	30.1867609076	32.3725636685	9.118
1168	0	3	1	809	50	23.9134097282	31.6689300671	34.1416611383	11.937
1168	0	3	2	2151	134	23.9134097282	31.0395672603	33.5122983316	7.544
1169	0	3	1	74	4	28.1765660504	33.480685275	36.3942417751	11.181
1169	0	3	2	1413	88	28.1765660504	29.8411540863	32.7547105865	13.37
1170	0	3	1	931	58	29.6017074198	29.1821908692	32.2431120232	10.252
1170	0	3	2	2274	142	29.6017074198	26.5243306289	29.5852517828	7.622
1171	0	3	1	1210	75	20.4937860742	38.9756666527	41.0947965539	6.095
1171	0	3	2	2566	160	20.4937860742	33.3186054518	35.4377353529	8.551
1172	0	3	1	334	20	25.9989763305	29.9437768909	32.6321629189	9.654
1172	0	3	2	1677	104	25.9989763305	30.4977673167	33.1861533447	8.157
1173	0	3	1	561	35	27.7850441358	31.9375085951	34.8105803457	4.866
1173	0	3	2	1908	119	27.7850441358	34.4802651555	37.3533369062	6.661
1173	1	3	1	560	35	27.7850441358	27.591240267	30.4643120176	6.803
1173	1	3	2	1927	120	27.7850441358	30.7640798597	33.6371516103	8.252
1174	0	3	1	741	46	25.7672467324	29.5449467304	32.209371099	13.937
1174	0	3	2	2078	129	25.7672467324	28.1915265386	30.8559509072	8.126
1175	0	3	1	1256	78	21.3001712035	29.6136722394	31.8161852125	4.929
1175	0	3	2	2604	162	21.3001712035	28.4201224702	30.6226354433	13.401
1176	0	3	1	169	10	24.7148078763	30.7172675109	33.2728659826	9.024
1176	0	3	2	1517	94	24.7148078763	28.3807189299	30.9363174017	10.126
1177	0	3	1	1103	68	26.444450322	28.7037501903	31.4381998032	10.913
1177	0	3	2	2446	152	26.444450322	29.2986097479	32.0330593607	13.937
1178	0	3	1	1243	77	21.2507047473	31.8541828621	34.0515808288	9.134
1178	0	3	2	2593	162	21.2507047473	28.4536042277	30.6510021944	13.165
1179	0	3	1	485	30	18.1565363023	28.8301908069	30.7076408223	10.221
1179	0	3	2	1830	114	18.1565363023	28.6131193647	30.49056938	12.897
1180	0	3	1	490	30	25.5860305869	15.9703886563	18.6160746351	6.536
1180	0	3	2	1812	113	25.5860305869	18.9384909165	21.5841768953	9.181
1181	0	3	1	1026	64	27.5584653318	32.3183879456	35.1680306472	6.063
1181	0	3	2	2373	148	27.5584653318	34.6378640318	37.4875067334	7.811
1182	0	3	1	1275	79	22.5301442344	30.4204662594	32.7501627904	6.614
1182	0	3	2	2624	164	22.5301442344	31.4464543323	33.7761508633	7.653
1183	0	3	1	1062	66	21.6043646191	31.8617365247	34.0957041719	5.039
1183	0	3	2	2408	150	21.6043646191	32.5208496028	34.75481725	11.842
1184	0	3	1	824	51	23.6664087154	16.5089804575	18.9561707512	11.654
1184	0	3	2	2166	135	23.6664087154	23.1503828103	25.597573104	18.347
1185	0	3	1	795	49	21.8243913555	30.2762028086	32.5329219979	11.874
1185	0	3	2	2135	133	21.8243913555	28.6221738878	30.8788930772	18.189
1187	0	3	1	234	14	26.7059922426	33.1318511334	35.8933451051	6.031
1187	0	3	2	1578	98	26.7059922426	31.1822901467	33.9437841184	10.819
1188	0	3	1	581	36	18.1134578356	30.3395335998	32.2125291495	16.551
1188	0	3	2	1929	120	18.1134578356	29.6556232078	31.5286187575	11.465
1189	0	3	1	582	36	25.6924648914	35.0680378376	37.7247294995	6.473
1189	0	3	2	1927	120	25.6924648914	29.722407651	32.379099313	7.307
1190	0	3	1	1022	63	26.8825496693	30.8230432902	33.6027939237	11.055
1190	0	3	2	2365	147	26.8825496693	23.9094051175	26.6891557511	13.843
1191	0	3	1	594	37	19.7699726515	29.9866785346	32.03096357	7.433
1191	0	3	2	1945	121	19.7699726515	31.0406908277	33.0849758631	5.559
1192	0	3	1	574	35	20.0846303388	25.6523508577	27.7291726099	8.756
1192	0	3	2	1927	120	20.0846303388	27.1057868702	29.1826086225	4.157
1193	0	3	1	493	30	23.9543513593	29.6625258926	32.1394904732	11.559
1193	0	3	2	1837	114	23.9543513593	25.0828242632	27.5597888438	6.378
1194	0	3	1	340	21	25.9995573862	30.672580889	33.3610270002	9.685
1194	0	3	2	1684	105	25.9995573862	30.1632424592	32.8516885704	11.874
1195	0	3	1	152	9	20.0068753891	41.6979991882	43.7667808039	8.74
1195	0	3	2	1517	94	20.0068753891	27.9183043865	29.9870860021	10.284
1196	0	3	1	793	49	22.1238846369	34.3909053844	36.6785932373	5.275
1196	0	3	2	2132	133	22.1238846369	32.6338672883	34.9215551413	12.252
1197	0	3	1	997	62	18.5364326194	26.6139240945	28.5306567315	8.914
1197	0	3	2	2343	146	18.5364326194	27.3045642219	29.2212968589	5.496
1198	0	3	1	1004	62	27.722247792	29.9497780317	32.8163564185	12.598
1198	0	3	2	2351	146	27.722247792	30.4248136429	33.2913920297	10.378
1199	0	3	1	531	33	21.9255404013	32.1126887612	34.3798671193	17.118
1199	0	3	2	1880	117	21.9255404013	30.0746065645	32.3417849226	9.166
1200	0	3	1	368	23	25.5037876784	30.9909960008	33.6281777722	9.149
1200	0	3	2	1712	107	25.5037876784	31.4289812522	34.0661630236	4.599
1201	0	3	1	491	30	23.9821095052	31.5916791662	34.0715140372	5.527
1201	0	3	2	1837	114	23.9821095052	30.056478387	32.5363132579	6.756
1202	0	3	1	1063	66	26.1216876535	28.5188902071	31.2199650194	13.874
1202	0	3	2	2410	150	26.1216876535	30.0742472196	32.775322032	11.276
1203	0	3	1	168	10	21.5827121518	31.8061960454	34.0379247511	15.307
1203	0	3	2	1511	94	21.5827121518	27.190155075	29.4218837806	4.472
1204	0	3	1	997	62	22.0144520975	27.8405994001	30.1169715418	9.874
1204	0	3	2	2342	146	22.0144520975	30.1643726805	32.4407448222	12.126
1205	0	3	1	584	36	22.2313608023	28.0864809009	30.3852821692	17.103
1205	0	3	2	1933	120	22.2313608023	27.7940863151	30.0928875834	16.85
1206	0	3	1	1002	62	22.3157560743	30.1943265942	32.5018546318	4.157
1206	0	3	2	2347	146	22.3157560743	30.036792017	32.3443200547	10.771
1207	0	3	1	1250	78	21.5462840292	30.5708641656	32.7988260746	5.685
1207	0	3	2	2600	162	21.5462840292	29.973723605	32.201685514	16.158
1209	0	3	1	893	55	24.5671542956	27.9965225409	30.5368531106	22.095
1209	0	3	2	2236	139	24.5671542956	27.1240156675	29.6643462373	4.788
1210	0	3	1	430	26	24.7025167851	29.3569338328	31.9112613623	10
1210	0	3	2	1777	111	24.7025167851	27.0461181309	29.6004456604	5.433
1211	0	3	1	174	10	27.0444672532	14.3042549655	17.1007484494	4.63
1211	0	3	2	1532	95	27.0444672532	28.8001245675	31.5966180514	6.897
1212	0	3	1	985	61	24.8215103806	24.3486399771	26.9152718649	7.15
1212	0	3	2	2331	145	24.8215103806	27.2901083816	29.8567402693	4.661
1213	0	3	1	434	27	23.543076518	27.1917097608	29.6261470694	9.433
1213	0	3	2	1781	111	23.543076518	28.4100941127	30.8445314213	6.945
1214	0	3	1	1241	77	20.9348872342	30.4579660022	32.6227073221	7.78
1214	0	3	2	2590	161	20.9348872342	30.3929821978	32.5577235177	12.189
1215	0	3	1	547	34	28.4310198046	30.0687295482	33.0085974657	11.307
1215	0	3	2	1894	118	28.4310198046	33.5878719044	36.527739822	9.843
1216	0	3	1	1021	63	23.5072492748	25.0156301384	27.4463627835	7.748
1216	0	3	2	2365	147	23.5072492748	28.5718102199	31.002542865	9.165
1217	0	3	1	238	14	26.7571548618	30.2322479584	32.9990323257	6.582
1217	0	3	2	1580	98	26.7571548618	22.4474612843	25.2142456517	20.567
1218	0	3	1	414	25	29.1027317646	30.0387530889	33.0480783968	8.63
1218	0	3	2	1760	110	29.1027317646	29.8196410244	32.8289663323	12.599
1219	0	3	1	280	17	22.2650872456	28.6502164921	30.9525051938	10.441
1219	0	3	2	1624	101	22.2650872456	28.5101900352	30.812478737	9.906
1220	0	3	1	993	62	25.5329825774	28.3788211566	31.0190217837	5.087
1220	0	3	2	2338	146	25.5329825774	28.3098669642	30.9500675913	11.843
1221	0	3	1	582	36	24.4767643237	31.7236913309	34.2546752581	10.74
1221	0	3	2	1931	120	24.4767643237	30.5927805327	33.1237644599	9.811
1222	0	3	1	1004	62	25.3878259387	28.4764469499	31.1016378676	5.496
1222	0	3	2	2350	146	25.3878259387	27.5682213984	30.1934123161	4.346
1223	0	3	1	1031	64	27.7733507048	19.2408462493	22.1127088579	7.716
1223	0	3	2	2374	148	27.7733507048	33.4074678335	36.279330442	6
1224	0	3	1	1217	76	24.8406350504	32.2934606316	34.8620700778	9.275
1224	0	3	2	2567	160	24.8406350504	33.000532249	35.5691416952	7.559
1225	0	3	1	1254	78	19.6502582348	29.5451229937	31.5770291354	6.031
1225	0	3	2	2601	162	19.6502582348	28.329601452	30.3615075937	4.157
1226	0	3	1	275	17	30.2757246675	30.4784639755	33.6090808947	16.63
1226	0	3	2	1619	101	30.2757246675	30.6227790881	33.7533960073	10.567
1227	0	3	1	1019	63	20.5716478916	32.5101678563	34.6373489445	14.693
1227	0	3	2	2364	147	20.5716478916	32.4320689363	34.5592500245	4
1228	0	3	1	824	51	23.0451211703	21.1481315656	23.5310785316	7.307
1228	0	3	2	2166	135	23.0451211703	27.2622282449	29.6451752109	11.165
1229	0	3	1	340	21	26.2261705705	30.7161596945	33.4280384097	5.465
1229	0	3	2	1684	105	26.2261705705	29.5130884915	32.2249672067	9.307
1230	0	3	1	429	26	24.9781359525	30.6639971573	33.2468246827	8.992
1230	0	3	2	1775	110	24.9781359525	31.7164532597	34.2992807851	11.968
1231	0	3	1	1244	77	21.6592454791	29.9836663242	32.2233088463	11.653
1231	0	3	2	2594	162	21.6592454791	29.7831166229	32.0227591451	14.708
1232	0	3	1	1250	78	25.6187309069	29.4303073749	32.0793746823	5.811
1232	0	3	2	2599	162	25.6187309069	32.4134831755	35.062550483	11.086
1234	0	3	1	1265	79	18.6449950541	27.1047055372	29.0326639137	5.843
1234	0	3	2	2615	163	18.6449950541	27.1677698854	29.0957282618	12.126
1235	0	3	1	807	50	20.1146228965	29.7292116294	31.8091347181	7.78
1235	0	3	2	2150	134	20.1146228965	30.8956958802	32.9756189689	12.441
1236	0	3	1	558	34	30.0191240707	7.43594943151	10.5400329422	13.433
1236	0	3	2	1907	119	30.0191240707	5.69236953651	8.79645304721	11.433
1237	0	3	1	807	50	23.1689142751	28.8987393047	31.2944869153	4.346
1237	0	3	2	2150	134	23.1689142751	28.6947121809	31.0904597914	11.559
1238	0	3	1	1245	77	22.2916371986	30.0869553427	32.3919894034	8.158
1238	0	3	2	2597	162	22.2916371986	36.9179987186	39.2230327793	7.496
1239	0	3	1	807	50	24.9466461621	27.5804920826	30.1600634524	14.126
1239	0	3	2	2149	134	24.9466461621	27.5492444343	30.1288158041	5.212
1240	0	3	1	985	61	25.9252767154	23.2036230688	25.8843882961	10.977
1240	0	3	2	2329	145	25.9252767154	29.6965123863	32.3772776136	5.842
1241	0	3	1	1241	77	23.5484271794	31.1969107267	33.6319013127	5.055
1241	0	3	2	2590	161	23.5484271794	31.8972894831	34.3322800691	13.276
1242	0	3	1	443	27	26.1431763092	30.1992266188	32.9025234341	8.095
1242	0	3	2	1789	111	26.1431763092	28.4831121196	31.1864089349	5.212
1243	0	3	1	545	34	21.0879979211	37.0099463833	39.1905198893	12.756
1243	0	3	2	1893	118	21.0879979211	38.4735249492	40.6540984552	11.244
1244	0	3	1	431	26	24.7888133461	32.3315065892	34.8947574881	5.874
1244	0	3	2	1779	111	24.7888133461	30.7255132573	33.2887641562	5.338
1245	0	3	1	1081	67	24.4677907855	24.8921940196	27.4222500513	4.473
1245	0	3	2	2427	151	24.4677907855	26.2341961278	28.7642521595	16.866
1246	0	3	1	960	60	22.8094746901	30.9285213691	33.2871016563	10.284
1246	0	3	2	2304	144	22.8094746901	31.7136791484	34.0722594357	10.378
1247	0	3	1	1217	76	23.8538632321	31.9307069936	34.3972807467	9.417
1247	0	3	2	2566	160	23.8538632321	31.2567895288	33.7233632819	6.221
1248	0	3	1	1031	64	26.5693336963	20.6691152729	23.416478268	8.709
1248	0	3	2	2375	148	26.5693336963	31.8961400024	34.6435029975	13.228
1249	0	3	1	1224	76	23.9498725159	34.3706565263	36.8471579787	8.693
1249	0	3	2	2575	160	23.9498725159	32.5620694702	35.0385709225	11.229
1250	0	3	1	430	26	24.4190717855	29.8338552799	32.3588735948	9.307
1250	0	3	2	1776	111	24.4190717855	29.649282116	32.1743004309	12.063
1251	0	3	1	1251	78	23.2419409889	29.2920719018	31.6953707326	4.063
1251	0	3	2	2599	162	23.2419409889	31.1748866953	33.5781855261	12.913
1252	0	3	1	564	35	20.8675466333	36.1880238784	38.3458019421	12.599
1252	0	3	2	1913	119	20.8675466333	28.9806939245	31.1384719883	4.803
1253	0	3	1	1230	76	20.5259390467	29.9235273939	32.045982026	15.969
1253	0	3	2	2580	161	20.5259390467	29.506440639	31.6288952711	8.378
1254	0	3	1	530	33	20.3436832535	27.6846159703	29.7882247094	9.937
1254	0	3	2	1878	117	20.3436832535	30.6196544099	32.723263149	4.315
1256	0	3	1	214	13	22.3702247994	30.4595922009	32.7727524972	7.78
1256	0	3	2	1558	97	22.3702247994	30.9071064809	33.2202667772	14.158
1257	0	3	1	773	48	27.5407557067	28.9211968915	31.7690083553	15.969
1257	0	3	2	2114	132	27.5407557067	27.3883142721	30.2361257359	17.968
1258	0	3	1	917	57	34.6364552863	37.0731756904	40.6547075656	8.63
1258	0	3	2	2263	141	34.6364552863	25.9704391787	29.5519710539	8.725
1259	0	3	1	1031	64	24.5462083424	25.4670629912	28.0052276753	4.661
1259	0	3	2	2375	148	24.5462083424	38.0584529149	40.596617599	6.977
1260	0	3	1	430	26	23.8481513964	31.3038339913	33.7698171205	8.094
1260	0	3	2	1773	110	23.8481513964	29.2687089442	31.7346920733	14.582
1261	0	3	1	737	46	30.4092403202	30.1830977691	33.3275206786	13.685
1261	0	3	2	2077	129	30.4092403202	31.0154924154	34.1599153249	10.976
1262	0	3	1	1244	77	23.3549533593	30.8128038133	33.2277885225	5.024
1262	0	3	2	2596	162	23.3549533593	30.2935092539	32.7084939631	17.811
1264	0	3	1	505	31	21.3533460508	30.5145407092	32.7225521494	6.724
1264	0	3	2	1852	115	21.3533460508	29.4029399614	31.6109514016	6.535
1265	0	3	1	1220	76	22.0321951737	32.8131733856	35.0913802241	5.811
1265	0	3	2	2571	160	22.0321951737	35.5402267134	37.8184335519	13.968
1266	0	3	1	879	54	23.7419176232	28.8099190897	31.2649172713	10.441
1266	0	3	2	2222	138	23.7419176232	30.3243586687	32.7793568503	9.59
1267	0	3	1	1253	78	21.5625694106	30.3418788493	32.5715247243	6.677
1267	0	3	2	2602	162	21.5625694106	30.7014291203	32.9310749953	19.716
1268	0	3	1	341	21	24.2966691782	27.1497652814	29.6621267341	14.032
1268	0	3	2	1684	105	24.2966691782	27.4889572422	30.0013186949	7.78
1269	0	3	1	334	20	22.8324357702	34.5212827263	36.8822372704	4
1269	0	3	2	1678	104	22.8324357702	32.1938013577	34.5547559017	4.929
1270	0	3	1	1229	76	25.5221508364	31.6078407416	34.2469213285	6.41
1270	0	3	2	2580	161	25.5221508364	31.6976857427	34.3367663295	11.622
1271	0	3	1	903	56	23.7729303679	28.6754558805	31.1336608895	15.496
1271	0	3	2	2246	140	23.7729303679	28.246911279	30.705116288	17.118
1272	0	3	1	470	29	19.0728514932	29.5951075899	31.5673078341	8.693
1272	0	3	2	1816	113	19.0728514932	29.7241409306	31.6963411748	7.26
1273	0	3	1	184	11	22.6331327037	32.4278410665	34.7681869692	11.339
1273	0	3	2	1527	95	22.6331327037	29.7095931613	32.049939064	11.591
1274	0	3	1	819	51	26.7633404422	26.285532481	29.0529564592	11.323
1274	0	3	2	2161	135	26.7633404422	29.6526315766	32.4200555548	6.315
1275	0	3	1	577	36	21.9635560712	32.0696485415	34.3407578542	7.275
1275	0	3	2	1925	120	21.9635560712	32.0803688516	34.3514781643	13.228
1275	1	3	1	574	35	21.9635560712	28.0070146826	30.2781239953	12.929
1275	1	3	2	1926	120	21.9635560712	34.6593626348	36.9304719475	10.221
1276	0	3	1	524	32	21.2182819947	28.9527979619	31.1468433014	5.496
1276	0	3	2	1872	117	21.2182819947	31.5618870313	33.7559323709	7.433
1277	0	3	1	917	57	27.8477254284	30.1197409915	32.9992942093	22.283
1277	0	3	2	2260	141	27.8477254284	30.9450775634	33.8246307812	10.725
1278	0	3	1	1240	77	22.0468749084	29.4269266933	31.7066514682	7.811
1278	0	3	2	2589	161	22.0468749084	29.6109686122	31.8906933872	12.095
1279	0	3	1	932	58	29.676318394	28.8315477139	31.9001839063	6.284
1279	0	3	2	2268	141	29.676318394	29.7744549531	32.8430911454	6.032
1280	0	3	1	1021	63	28.4382502475	23.363538136	26.3041537069	9.969
1280	0	3	2	2366	147	28.4382502475	24.2039316785	27.1445472494	15.591
1281	0	3	1	1211	75	22.1722143811	14.5148225204	16.8075078397	12.094
1281	0	3	2	2560	160	22.1722143811	15.9201568528	18.2128421721	10.157
1282	0	3	1	1218	76	23.8351192019	27.1987517632	29.6633873174	5.071
1282	0	3	2	2567	160	23.8351192019	29.6064108251	32.0710463793	7.937
1283	0	3	1	774	48	26.5185857145	30.8333649455	33.5754804199	12.031
1283	0	3	2	2116	132	26.5185857145	29.6360417588	32.3781572332	19.118
1284	0	3	1	798	49	26.67195214	33.8231580325	36.5811321373	5.213
1284	0	3	2	2133	133	26.67195214	33.2299190146	35.9878931194	10.221
1285	0	3	1	489	30	23.6941839373	30.3190514302	32.76911378	15.134
1285	0	3	2	1834	114	23.6941839373	29.602151188	32.0522135378	10.945
1286	0	3	1	916	57	20.7345698463	28.5196461859	30.66367398	4.693
1286	0	3	2	2257	141	20.7345698463	28.5922046599	30.736232454	7.055
1287	0	3	1	1081	67	23.2522754754	28.3137915074	30.7181589606	7.937
1287	0	3	2	2426	151	23.2522754754	30.1851503302	32.5895177834	9.905
1288	0	3	1	485	30	22.2038667573	28.0973062215	30.3932645084	11.055
1288	0	3	2	1830	114	22.2038667573	29.0086356131	31.3045939	7.149
1289	0	3	1	996	62	22.362803119	32.1191329054	34.4315257737	9.527
1289	0	3	2	2342	146	22.362803119	29.54757936	31.8599722283	11.228
1290	0	3	1	411	25	23.9371679421	31.7967731817	34.2719609362	8.347
1290	0	3	2	1756	109	23.9371679421	33.5950011762	36.0701889307	6.756
1291	0	3	1	1237	77	21.6678501578	30.5361019881	32.7766342644	10.472
1291	0	3	2	2586	161	21.6678501578	28.4996809276	30.7402132039	16.882
1292	0	3	1	469	29	20.8696187541	30.7843346457	32.9423269741	12.189
1292	0	3	2	1815	113	20.8696187541	28.9909978388	31.1489901672	9.559
1292	1	3	1	485	30	20.8696187541	23.8504656904	26.0084580188	20.441
1292	1	3	2	1831	114	20.8696187541	28.2656373239	30.4236296523	11.843
1293	0	3	1	1021	63	17.628938461	27.2644514556	29.0873459898	10.378
1293	0	3	2	2366	147	17.628938461	27.1290141145	28.9519086486	8.472
1294	0	3	1	336	21	23.767576231	25.4350934349	27.8927448072	12
1294	0	3	2	1678	104	23.767576231	23.6047157627	26.062367135	9.417
1295	0	3	1	1220	76	22.460908052	31.9411666692	34.2637039343	6.094
1295	0	3	2	2569	160	22.460908052	32.1130049526	34.4355422177	15.165
1296	0	3	1	902	56	20.5332064087	29.6399844301	31.7631905332	13.653
1296	0	3	2	2245	140	20.5332064087	28.7343232291	30.8575293322	8.598
1297	0	3	1	1236	77	23.4228325793	26.4808578154	28.9028614758	10
1297	0	3	2	2585	161	23.4228325793	28.3209633218	30.7429669823	10.095
1298	0	3	1	1233	77	20.5985270346	29.2142688346	31.3442293212	5.527
1298	0	3	2	2582	161	20.5985270346	29.725643485	31.8556039716	7.906
1299	0	3	1	1062	66	27.1420313571	29.4909813509	32.2975633079	9.968
1299	0	3	2	2408	150	27.1420313571	28.3244966712	31.1310786283	14.771
1300	0	3	1	1079	67	24.5975371088	23.6024987984	26.1459710584	4.158
1300	0	3	2	2425	151	24.5975371088	28.6482925406	31.1917648006	13.874
1301	0	3	1	488	30	25.5178207597	33.133130996	35.7717638376	8.551
1301	0	3	2	1833	114	25.5178207597	30.1320082601	32.7706411017	4.598
1302	0	3	1	584	36	20.4011922165	30.2598962032	32.3694515723	19.937
1302	0	3	2	1932	120	20.4011922165	30.037266305	32.1468216741	13.905
1303	0	3	1	604	37	20.9170357062	27.7696315009	29.9325269097	10.315
1303	0	3	2	1955	122	20.9170357062	28.5552454965	30.7181409053	9.748
1304	0	3	1	1022	63	28.8018875152	28.5903460407	31.5685629901	9.37
1304	0	3	2	2368	148	28.8018875152	27.9070536665	30.8852706159	12.598
1305	0	3	1	469	29	20.4876317801	26.7961397266	28.914633252	15.402
1305	0	3	2	1816	113	20.4876317801	30.961838482	33.0803320074	16.535
1306	0	3	1	1242	77	21.682915008	29.9680458533	32.2101358884	5.307
1306	0	3	2	2590	161	21.682915008	31.6382213851	33.8803114201	13.528
1308	0	3	1	1223	76	21.696715021	29.4974934643	31.7410104694	4.378
1308	0	3	2	2573	160	21.696715021	32.4949278865	34.7384448917	8.519
1309	0	3	1	520	32	17.5049070869	27.9530276391	29.7630968908	4.441
1309	0	3	2	1866	116	17.5049070869	30.2552149354	32.0652841872	9.842
1310	0	3	1	1246	77	22.3471799135	29.6114736238	31.9222509974	4.315
1310	0	3	2	2596	162	22.3471799135	30.0930665351	32.4038439087	8.63
1311	0	3	1	333	20	25.1793783099	29.0115520442	31.6151887405	10.409
1311	0	3	2	1677	104	25.1793783099	30.5549899999	33.1586266962	5.874
1312	0	3	1	740	46	29.1974633186	32.9850316269	36.0041525122	12
1312	0	3	2	2079	129	29.1974633186	32.461147913	35.4802687983	13.323
1313	0	3	1	1236	77	21.8151788122	28.9868710935	31.2426376733	8.346
1313	0	3	2	2585	161	21.8151788122	29.9001014415	32.1558680213	12.646
1314	0	3	1	1230	76	22.0987576877	30.6686942369	32.9537838745	8.315
1314	0	3	2	2582	161	22.0987576877	31.3414351761	33.6265248138	9.591
1315	0	3	1	487	30	24.8006645241	28.5106740618	31.0751504144	13.339
1315	0	3	2	1832	114	24.8006645241	31.7677416515	34.332218004	8.347
1316	0	3	1	894	55	28.6531781283	29.1005114155	32.0633512887	7.292
1316	0	3	2	2236	139	28.6531781283	29.9051258441	32.8679657174	6.772
1316	1	3	1	895	55	28.6531781283	31.9457125403	34.9085524136	5.528
1316	1	3	2	2235	139	28.6531781283	32.2423259948	35.2051658681	5.811
1317	0	3	1	1270	79	19.7660509741	26.240103166	28.2839826861	13.716
1317	0	3	2	2618	163	19.7660509741	29.7473778272	31.7912573473	4.157
1318	0	3	1	1242	77	25.4449435229	30.1600677299	32.7911648076	9.59
1318	0	3	2	2593	162	25.4449435229	30.1444582911	32.7755553689	13.275
1319	0	3	1	439	27	22.8392214584	33.5298947678	35.891550976	13.386
1319	0	3	2	1784	111	22.8392214584	31.4864623941	33.8481186023	4.346
1320	0	3	1	592	37	22.1650361731	29.1079653598	31.399908427	11.402
1320	0	3	2	1944	121	22.1650361731	28.661737456	30.9536805232	12.347
1321	0	3	1	1209	75	18.4543207374	29.7306681286	31.6389101068	10.535
1321	0	3	2	2566	160	18.4543207374	29.6036384027	31.511880381	5.149
1322	0	3	1	280	17	23.4713224618	34.4497916965	36.8768093822	6.882
1322	0	3	2	1624	101	23.4713224618	32.7052284607	35.1322461464	7.969
1323	0	3	1	430	26	24.6942996157	31.8648859279	34.418363773	14.284
1323	0	3	2	1776	111	24.6942996157	32.8745769212	35.4280547663	9.59
1324	0	3	1	903	56	29.1218991443	34.1017259872	37.1130332699	10
1324	0	3	2	2245	140	29.1218991443	30.9840580681	33.9953653507	4.063
1325	0	3	1	1223	76	21.5291880049	29.7105614058	31.9367555255	5.197
1325	0	3	2	2574	160	21.5291880049	31.0720090492	33.2982031689	7.433
1326	0	3	1	1246	77	27.1500901967	26.9076179664	29.7150332359	8.095
1326	0	3	2	2596	162	27.1500901967	26.717284805	29.5247000745	7.087
1327	0	3	1	1000	62	27.3178340172	30.6006384647	33.4253990381	8
1327	0	3	2	2345	146	27.3178340172	29.3336536868	32.1584142602	12.41
1328	0	3	1	762	47	27.8589866593	31.29761423	34.1783318989	7.181
1328	0	3	2	2102	131	27.8589866593	33.0633889669	35.9441066358	10.897
1329	0	3	1	773	48	23.7609585425	31.1392424466	33.5962095265	19.937
1329	0	3	2	2115	132	23.7609585425	32.2083950307	34.6653621107	7.748
1329	1	3	1	774	48	23.7609585425	31.0650534805	33.5220205605	9.906
1329	1	3	2	2114	132	23.7609585425	29.4734398643	31.9304069442	7.433
1330	0	3	1	430	26	24.4920523554	30.3853424541	32.9179072178	9.165
1330	0	3	2	1776	111	24.4920523554	29.9807988809	32.5133636447	7.464
1331	0	3	1	1245	77	25.6461205128	28.9167203503	31.5686198397	8.961
1331	0	3	2	2597	162	25.6461205128	28.0126514713	30.6645509608	20.598
1332	0	3	1	1213	75	22.5266120612	25.6626183131	27.9919496049	9.433
1332	0	3	2	2564	160	22.5266120612	27.9376318485	30.2669631404	15.937
1333	0	3	1	1255	78	14.8384682353	30.1845921076	31.7189421594	8.787
1333	0	3	2	2602	162	14.8384682353	29.6879495648	31.2222996166	12.362
1334	0	3	1	485	30	22.2410363446	29.1161513362	31.4159530898	4.504
1334	0	3	2	1830	114	22.2410363446	31.2094434045	33.5092451581	14.74
1335	0	3	1	1022	63	28.2061892287	26.9526768228	29.8692964643	14.551
1335	0	3	2	2368	148	28.2061892287	22.2390677608	25.1556874022	23.937
1336	0	3	1	170	10	26.8420538183	32.5124886066	35.2880518261	8.189
1336	0	3	2	1513	94	26.8420538183	30.8226800546	33.598243274	10.851
1337	0	3	1	478	29	19.0407214415	32.7067633158	34.6756411991	9.559
1337	0	3	2	1826	114	19.0407214415	27.2854283432	29.2543062264	6.063
1338	0	3	1	1009	63	26.4956873005	27.061978598	29.8017262955	8.567
1338	0	3	2	2354	147	26.4956873005	27.8966470176	30.6363947151	16.945
1339	0	3	1	1041	65	19.2861302682	30.0244548999	32.0187089231	12.898
1339	0	3	2	2394	149	19.2861302682	28.8105352255	30.8047892487	16.819
1340	0	3	1	529	33	21.7801679719	29.8395226351	32.0916689703	10.157
1340	0	3	2	1878	117	21.7801679719	30.7707573689	33.0229037041	5.78
1341	0	3	1	739	46	29.589643741	21.8949103408	24.9545840677	11.748
1341	0	3	2	2078	129	29.589643741	20.2457853793	23.3054591062	13.843
1342	0	3	1	489	30	15.8161966449	30.0547142728	31.6901648972	12.992
1342	0	3	2	1834	114	15.8161966449	28.1358315707	29.7712821952	10.63
1343	0	3	1	1248	78	14.0530036183	30.7197585045	32.1728887392	6.488
1343	0	3	2	2599	162	14.0530036183	33.0131812034	34.4663114381	15.102
1344	0	3	1	1236	77	24.7228943141	30.3458893684	32.9023240064	12.772
1344	0	3	2	2586	161	24.7228943141	29.5718516819	32.1282863199	14.126
1345	0	3	1	258	16	25.6693477859	30.6117723005	33.2660735721	7.811
1345	0	3	2	1600	100	25.6693477859	30.3203641107	32.9746653823	12.441
1346	0	3	1	917	57	26.5197371203	32.0144832498	34.7567177836	19.307
1346	0	3	2	2260	141	26.5197371203	29.9828094027	32.7250439366	9.78
1347	0	3	1	1056	66	23.4085858414	29.9474883238	32.3680188212	7.181
1347	0	3	2	2402	150	23.4085858414	26.3086986555	28.7292291529	21.275
1349	0	3	1	488	30	21.2999845576	30.6440243281	32.8465180014	7.04
1349	0	3	2	1832	114	21.2999845576	30.2557933105	32.4582869838	12.456
1350	0	3	1	1217	76	23.5750256274	30.0701493859	32.5078903454	4.582
1350	0	3	2	2572	160	23.5750256274	32.6573148455	35.0950558049	12.063
1351	0	3	1	1275	79	24.1878556835	23.3932288454	25.8943385983	12.693
1351	0	3	2	2612	163	24.1878556835	30.5347562578	33.0358660107	7.244
1352	0	3	1	1218	76	18.9188479151	27.9478794547	29.9041551847	9.591
1352	0	3	2	2567	160	18.9188479151	29.3692011251	31.3254768551	12.393
1353	0	3	1	1253	78	21.5249235502	28.4454283874	30.6711815474	7.748
1353	0	3	2	2601	162	21.5249235502	26.0616084386	28.2873615986	16.756
1354	0	3	1	895	55	28.3938711165	19.3589165684	22.2949431803	12.094
1354	0	3	2	2228	139	28.3938711165	21.3656934196	24.3017200315	5.559
1355	0	3	1	106	6	23.2099230481	34.8335442777	37.2335323403	10.473
1355	0	3	2	1448	90	23.2099230481	31.5102966254	33.910284688	4.126
1356	0	3	1	1041	65	21.9685043238	15.7447994791	18.0164204586	8.819
1356	0	3	2	2382	148	21.9685043238	28.3797105193	30.6513314988	5.527
1357	0	3	1	1041	65	24.7778761657	28.9409799068	31.5030998626	16.661
1357	0	3	2	2396	149	24.7778761657	27.7267051641	30.2888251198	15.212
1358	0	3	1	492	30	21.4228176764	30.383371862	32.5985669138	5.811
1358	0	3	2	1840	115	21.4228176764	29.8268982739	32.0420933258	6.834
1359	0	3	1	597	37	20.1432434056	28.9724408078	31.0553233583	5.969
1359	0	3	2	1945	121	20.1432434056	29.248786284	31.3316688345	5.843
1360	0	3	1	517	32	21.5310481442	28.0822155368	30.3086020014	4.882
1360	0	3	2	1864	116	21.5310481442	30.028807095	32.2551935597	6
1361	0	3	1	489	30	24.2052058139	28.547262775	31.0501665926	14.22
1361	0	3	2	1834	114	24.2052058139	29.6060028391	32.1089066568	10.032
1362	0	3	1	561	35	26.2720400754	28.1485633542	30.8651851383	10.977
1362	0	3	2	1910	119	26.2720400754	31.5947903667	34.3114121508	7.496
1363	0	3	1	564	35	26.7925481416	32.474103345	35.2445475025	11.559
1363	0	3	2	1912	119	26.7925481416	33.0042141665	35.774658324	7.276
1364	0	3	1	1094	68	22.0608620359	32.1973672889	34.4785383822	9.496
1364	0	3	2	2442	152	22.0608620359	32.0818447157	34.363015809	5.307
1365	0	3	1	892	55	26.5336107784	31.2372503326	33.9809194517	22.898
1365	0	3	2	2234	139	26.5336107784	30.850368353	33.5940374722	15.527
1366	0	3	1	1251	78	21.4481533624	29.7226451525	31.9404600038	4.772
1366	0	3	2	2600	162	21.4481533624	28.2264593234	30.4442741747	22.283
1367	0	3	1	1275	79	20.564990921	31.4532717719	33.5797645058	8.598
1367	0	3	2	2625	164	20.564990921	29.799635513	31.9261282469	11.874
1368	0	3	1	521	32	23.6728282783	28.0835114819	30.5313655811	5.212
1368	0	3	2	1867	116	23.6728282783	27.5145039076	29.9623580068	8.677
1369	0	3	1	1021	63	28.3528442777	23.2996855376	26.2314698293	8.898
1369	0	3	2	2368	148	28.3528442777	24.1371406792	27.068924971	18.063
1370	0	3	1	280	17	26.6802799044	30.8409650216	33.5998002467	4.819
1370	0	3	2	1624	101	26.6802799044	29.2732414414	32.0320766665	4.96
1371	0	3	1	273	17	28.6789697962	31.0593933189	34.0249001417	4
1371	0	3	2	1616	101	28.6789697962	32.536248526	35.5017553489	7.716
1372	0	3	1	933	58	22.5604538732	32.1094384088	34.4422690636	10.929
1372	0	3	2	2274	142	22.5604538732	30.9896354984	33.3224661532	7.937
1373	0	3	1	530	33	21.3207253422	30.5440241647	32.7486625084	13.15
1373	0	3	2	1879	117	21.3207253422	30.1069238576	32.3115622013	6.914
1374	0	3	1	273	17	23.0325888679	29.8064261127	32.1880771943	9.37
1374	0	3	2	1616	101	23.0325888679	33.4099330625	35.7915841442	8.598
1375	0	3	1	879	54	25.372575334	28.1754462965	30.7990602478	9.559
1375	0	3	2	2220	138	25.372575334	30.1396873777	32.763301329	12.315
1376	0	3	1	819	51	27.5013809581	27.9988403548	30.8425803305	9.37
1376	0	3	2	2161	135	27.5013809581	30.4976495423	33.341389518	13.874
1378	0	3	1	1030	64	26.1972313101	30.6454296099	33.3543159033	7.544
1378	0	3	2	2374	148	26.1972313101	33.2738155996	35.982701893	8.032
1379	0	3	1	170	10	24.0622774556	29.7830067001	32.2711312204	5.559
1379	0	3	2	1513	94	24.0622774556	28.861877063	31.3500015833	14.551
1380	0	3	1	901	56	31.2282169614	29.5582223089	32.7873302972	18.614
1380	0	3	2	2241	140	31.2282169614	30.7131450761	33.9422530644	8.126
1381	0	3	1	1060	66	28.8394531205	30.0682551754	33.0503565412	8.756
1381	0	3	2	2407	150	28.8394531205	29.8697042449	32.8518056106	16.63
1382	0	3	1	433	27	23.4211834048	31.65343207	34.0752652	8.961
1382	0	3	2	1781	111	23.4211834048	32.6907654645	35.1125985945	11.811
1383	0	3	1	1227	76	21.9570755668	29.8515791476	32.1220183533	14.126
1383	0	3	2	2578	161	21.9570755668	29.1966843886	31.4671235943	7.906
1384	0	3	1	833	52	29.3675776191	26.5256816676	29.5623929728	13.244
1384	0	3	2	2175	135	29.3675776191	25.9648617048	29.0015730099	9.968
1385	0	3	1	1217	76	22.1723903452	28.8412372938	31.1339408085	11.748
1385	0	3	2	2566	160	22.1723903452	27.844411674	30.1371151886	14
1387	0	3	1	280	17	21.8381422369	31.8036675792	34.0618086582	5.622
1387	0	3	2	1624	101	21.8381422369	33.5567058559	35.814846935	16.346
1388	0	3	1	154	9	13.3986253607	40.5494676168	41.9349328272	5.937
1388	0	3	2	1495	93	13.3986253607	41.0705079885	42.455973199	17.591
1389	0	3	1	1240	77	21.8347393254	31.8614601672	34.1192493732	14.031
1389	0	3	2	2589	161	21.8347393254	31.9951810342	34.2529702402	13.118
1390	0	3	1	485	30	20.5250882697	29.0381000819	31.1604667407	9.937
1390	0	3	2	1831	114	20.5250882697	29.5298618535	31.6522285123	7.591
1391	0	3	1	522	32	20.4227342084	27.7413881681	29.8531710552	7.969
1391	0	3	2	1866	116	20.4227342084	26.9393863591	29.0511692463	8.693
1392	0	3	1	1031	64	28.7249573828	18.4893426582	21.4596047601	9.748
1392	0	3	2	2374	148	28.7249573828	31.2117117969	34.1819738987	12.677
1393	0	3	1	1238	77	21.1314761823	32.2286176126	34.4136869244	8.252
1393	0	3	2	2604	162	21.1314761823	32.0901091098	34.2751784216	13.843
1394	0	3	1	832	52	29.6812610297	26.6374335028	29.7065807811	6.063
1394	0	3	2	2173	135	29.6812610297	26.0052248721	29.0743721504	5.402
1395	0	3	1	1224	76	21.2535642947	28.253235564	30.450929218	7.779
1395	0	3	2	2575	160	21.2535642947	30.3617705864	32.5594642404	12.582
1396	0	3	1	557	34	22.6452065595	30.0827206836	32.4243150657	10.441
1396	0	3	2	1907	119	22.6452065595	29.8557396259	32.1973340079	11.433
1397	0	3	1	1081	67	24.3553380828	30.2379138206	32.7563418454	9.969
1397	0	3	2	2427	151	24.3553380828	29.6248469302	32.143274955	8.41
1398	0	3	1	920	57	26.5052637271	31.2536858095	33.9944237434	17.276
1398	0	3	2	2264	141	26.5052637271	34.2030624987	36.9438004325	8.409
1399	0	3	1	930	58	20.9485624926	26.3917702004	28.5579255903	16.189
1399	0	3	2	2273	142	20.9485624926	27.6202346427	29.7863900326	12.85
1401	0	3	1	771	48	29.4587847768	21.0658399785	24.1119824261	14.835
1401	0	3	2	2113	132	29.4587847768	22.873609641	25.9197520886	19.653
1402	0	3	1	876	54	28.1456612188	29.8443664561	32.7547272875	9.622
1402	0	3	2	2220	138	28.1456612188	28.6802614214	31.5906222528	6.929
1403	0	3	1	895	55	23.5784104631	27.3348012739	29.7728922373	6.031
1403	0	3	2	2223	138	23.5784104631	30.8218512041	33.2599421676	10.945
1404	0	3	1	600	37	18.985642554	28.2203915704	30.1835741021	9.843
1404	0	3	2	1950	121	18.985642554	29.2133307836	31.1765133153	5.433
1405	0	3	1	489	30	23.1770890875	31.3777677493	33.7743606643	9.402
1405	0	3	2	1834	114	23.1770890875	31.6205587741	34.0171516891	7.906
1406	0	3	1	265	16	22.7074034824	28.917575587	31.2656013507	17.15
1406	0	3	2	1608	100	22.7074034824	29.675659698	32.0236854617	11.654
1406	1	3	1	259	16	22.7074034824	30.2464349971	32.5944607608	19.591
1406	1	3	2	1609	100	22.7074034824	31.1980498692	33.5460756328	6.315
1407	0	3	1	1281	80	18.7737378774	27.69057961	29.6318504493	12.598
1407	0	3	2	2632	164	18.7737378774	27.4051687731	29.3464396123	11.811
1408	0	3	1	895	55	26.0438866865	30.7337216645	33.426751582	12.724
1408	0	3	2	2238	139	26.0438866865	30.5926240137	33.2856539311	6.803
1409	0	3	1	958	59	25.5008792258	33.1187075918	35.7555886189	14.85
1409	0	3	2	2301	143	25.5008792258	29.8040418278	32.4409228549	9.055
1412	0	3	1	564	35	21.6973701347	35.7524441136	37.9960288599	10.567
1412	0	3	2	1913	119	21.6973701347	32.4699217616	34.7135065079	9.118
1415	0	3	1	1255	78	19.1050968537	29.9933181637	31.9688526921	9.559
1415	0	3	2	2602	162	19.1050968537	31.8013154808	33.7768500092	15.78
1416	0	3	1	337	21	26.6494998085	29.6578593292	32.4135117836	7.748
1416	0	3	2	1682	105	26.6494998085	28.4477341806	31.203386635	5.811
1417	0	3	1	1054	65	23.2282511509	30.9602856288	33.3621688819	6.536
1417	0	3	2	2391	149	23.2282511509	30.0852826048	32.4871658579	10.914
1418	0	3	1	528	33	19.7715933777	31.1554615879	33.1999142121	8.268
1418	0	3	2	1876	117	19.7715933777	31.3113310767	33.355783701	5.748
1419	0	3	1	1224	76	23.3691202036	30.045775987	32.462225598	11.779
1419	0	3	2	2574	160	23.3691202036	32.0769792574	34.4934288684	9.685
1420	0	3	1	930	58	24.7278324902	26.5056923021	29.0626375649	11.937
1420	0	3	2	2273	142	24.7278324902	27.647616239	30.2045615019	11.748
1421	0	3	1	778	48	30.4197876768	27.3442544796	30.489768023	7.653
1421	0	3	2	2118	132	30.4197876768	27.8763056406	31.021819184	6.189
1422	0	3	1	474	29	18.4347340801	30.9114587912	32.8176754399	12.031
1422	0	3	2	1821	113	18.4347340801	30.8558191213	32.76203577	6.063
1423	0	3	1	935	58	27.8516091172	27.3096310612	30.1895858661	14.929
1423	0	3	2	2280	142	27.8516091172	28.2873682394	31.1673230443	7.842
1424	0	3	1	1097	68	22.000185545	31.0898870669	33.3647839966	6.536
1424	0	3	2	2444	152	22.000185545	30.7467580041	33.0216549339	7.969
1425	0	3	1	778	48	22.8070584076	35.0340442312	37.3923746663	5.149
1425	0	3	2	2119	132	22.8070584076	34.0574091842	36.4157396193	6.819
1426	0	3	1	1230	76	19.6455279948	29.5233547063	31.5547717245	14.536
1426	0	3	2	2582	161	19.6455279948	27.4194834479	29.450900466	15.969
1427	0	3	1	282	17	26.4003533412	29.4752840096	32.2051738389	15.213
1427	0	3	2	1626	101	26.4003533412	28.7275175021	31.4574073313	11.653
1428	0	3	1	598	37	16.2849531008	30.4251353162	32.1090570147	9.937
1428	0	3	2	1949	121	16.2849531008	31.1727484062	32.8566701047	8.661
1429	0	3	1	1057	66	23.92449259	30.6494204964	33.1232975748	6.031
1429	0	3	2	2403	150	23.92449259	31.4705050056	33.944382084	10.063
1430	0	3	1	137	8	25.453241387	29.774300057	32.4062551633	12.567
1430	0	3	2	1478	92	25.453241387	26.8220024891	29.4539575954	6.283
1431	0	3	1	1026	64	24.2554134502	34.9747447099	37.4828401746	6.441
1431	0	3	2	2372	148	24.2554134502	29.7831716592	32.2912671239	7.15
1432	0	3	1	557	34	25.887703995	29.1607709315	31.8376510067	14.834
1432	0	3	2	1906	119	25.887703995	28.3888039649	31.0656840402	7.843
1436	0	3	1	377	23	20.2417655964	26.301849969	28.3949200621	13.559
1436	0	3	2	1722	107	20.2417655964	25.9136946326	28.0067647257	18.346
1437	0	3	1	138	8	23.4863781007	32.631437675	35.060012167	9.275
1437	0	3	2	1479	92	23.4863781007	25.9670981588	28.3956726508	5.591
1438	0	3	1	822	51	22.5174366288	33.2690840612	35.5974665809	4.834
1438	0	3	2	2166	135	22.5174366288	28.9032506644	31.2316331841	15.717
1439	0	3	1	966	60	22.9675149056	29.9387649968	32.3136872008	7.37
1439	0	3	2	2311	144	22.9675149056	29.8262563853	32.2011785893	15.071
1441	0	3	1	1279	79	23.2975189425	28.1921125538	30.6011583414	5.276
1441	0	3	2	2628	164	23.2975189425	30.2382568199	32.6473026074	8.346
1442	0	4	1	793	49	29.6295707327	30.4577115162	33.5215138351	9.622
1442	0	4	2	2133	133	29.6295707327	25.4803500637	28.5441523827	17.244
1443	0	4	1	1275	79	20.0906597108	28.9755660397	31.0530112503	7.26
1443	0	4	2	2637	164	20.0906597108	30.4566770306	32.5341222412	5.78
1444	0	4	1	486	30	24.6652326049	27.5227690859	30.0732412994	12.252
1444	0	4	2	1830	114	24.6652326049	27.1968852626	29.7473574762	15.559
1445	0	4	1	1246	77	19.7015559474	29.0164748621	31.0536853685	8.913
1445	0	4	2	2597	162	19.7015559474	31.7271334301	33.7643439366	17.464
1446	0	4	1	1246	77	20.7194247381	30.4050431685	32.5475049049	5.464
1446	0	4	2	2597	162	20.7194247381	26.7891183363	28.9315800726	21.339
1447	0	4	1	382	23	24.7072892931	29.6563765603	32.211197584	4.63
1447	0	4	2	1727	107	24.7072892931	32.5958518721	35.1506728958	4.788
1448	0	4	1	530	33	21.984025217	27.4174656281	29.6906915228	13.433
1448	0	4	2	1879	117	21.984025217	28.4245448969	30.6977707917	13.401
1449	0	4	1	533	33	19.6937928577	32.8987427684	34.9351505439	16.094
1449	0	4	2	1896	118	19.6937928577	32.0403538245	34.0767616001	27.968
1450	0	4	1	902	56	23.413978492	27.688402888	30.1094910046	13.685
1450	0	4	2	2242	140	23.413978492	28.2917589606	30.7128470772	9.748
1451	0	4	1	471	29	27.4594291458	29.7534735147	32.5928755247	6.457
1451	0	4	2	1818	113	27.4594291458	33.9534424415	36.7928444515	6.141
1452	0	4	1	1224	76	23.3865570326	31.7543533326	34.1726059733	12
1452	0	4	2	2574	160	23.3865570326	30.4852571448	32.9035097855	11.37
1453	0	4	1	1234	77	23.1713514691	29.6064609219	32.0024605469	10.031
1453	0	4	2	2584	161	23.1713514691	32.124376571	34.520376196	10.85
1454	0	4	1	930	58	30.3937087443	27.4342177866	30.5770346762	10.85
1454	0	4	2	2274	142	30.3937087443	28.3167501073	31.4595669969	9.37
1455	0	4	1	583	36	22.9063956934	29.5263916134	31.8949938749	12.347
1455	0	4	2	1932	120	22.9063956934	31.5636961581	33.9322984196	13.685
1456	0	4	1	430	26	24.9547282213	29.4420796528	32.0224867361	15.937
1456	0	4	2	1777	111	24.9547282213	28.5128496237	31.093256707	6.315
1457	0	4	1	1246	77	21.3662225237	32.1615350333	34.3708779463	10.347
1457	0	4	2	2598	162	21.3662225237	30.1949854488	32.4043283619	21.087
1458	0	4	1	266	16	22.6172047608	26.4092226033	28.7479215004	7.244
1458	0	4	2	1610	100	22.6172047608	28.0343590781	30.3730579752	7.528
1459	0	4	1	1242	77	22.7599768047	30.4890402519	32.8425022829	7.071
1459	0	4	2	2593	162	22.7599768047	31.7413025077	34.0947645387	5.212
1460	0	4	1	773	48	26.9943491171	31.3929022713	34.1842133628	13.874
1460	0	4	2	2114	132	26.9943491171	31.6278828528	34.4191939443	14.819
1461	0	4	1	1211	75	24.9956718386	30.2793469244	32.8639877224	5.433
1461	0	4	2	2566	160	24.9956718386	31.0527653574	33.6374061554	13.685
1462	0	4	1	1012	63	28.4414139553	32.0803972054	35.0213399148	7.779
1462	0	4	2	2356	147	28.4414139553	36.4613337381	39.4022764475	9.149
1463	0	4	1	298	18	23.773721057	33.1087745295	35.5670612985	7.843
1463	0	4	2	1641	102	23.773721057	31.7674596514	34.2257464204	4
1464	0	4	1	903	56	24.0372084186	27.8344500748	30.3199823681	12.882
1464	0	4	2	2246	140	24.0372084186	26.3057352997	28.791267593	6.74
1465	0	4	1	1245	77	21.3636682048	31.1911859708	33.4002647582	8.284
1465	0	4	2	2593	162	21.3636682048	29.4975011264	31.7065799138	16.063
1466	0	4	1	467	29	24.1536566938	24.8925151254	27.3900885819	5.087
1466	0	4	2	1810	113	24.1536566938	28.4875526459	30.9851261024	5.717
1467	0	4	1	571	35	24.7520539293	27.733565143	30.2930149883	11.401
1467	0	4	2	1921	120	24.7520539293	32.0344257629	34.5938756082	7.386
1468	0	4	1	1224	76	24.4233391957	31.9830873781	34.5085469583	4.378
1468	0	4	2	2574	160	24.4233391957	29.589911049	32.1153706292	10.677
1469	0	4	1	489	30	17.0597212377	29.6886823174	31.4527177791	9.087
1469	0	4	2	1834	114	17.0597212377	30.9059988792	32.6700343409	8.22
1470	0	4	1	129	8	26.150154486	27.3582029442	30.0622213276	7.213
1470	0	4	2	1467	91	26.150154486	28.8306163837	31.5346347671	8.032
1471	0	4	1	1236	77	22.4779783441	29.75823606	32.0825384536	6.85
1471	0	4	2	2585	161	22.4779783441	31.0726064729	33.3969088665	9.26
1472	0	4	1	456	28	22.9841254153	30.8001479388	33.1767877282	6.378
1472	0	4	2	1802	112	22.9841254153	30.1119547172	32.4885945066	6.221
1473	0	4	1	1030	64	26.611274953	27.3498205539	30.1015204231	14.866
1473	0	4	2	2376	148	26.611274953	28.0550455737	30.806745443	4.189
1474	0	4	1	1021	63	29.6405001544	24.0758152105	27.1407476703	14.504
1474	0	4	2	2368	148	29.6405001544	28.2429427507	31.3078752104	13.591
1475	0	4	1	489	30	25.5333404499	27.3963929499	30.0366305823	10.96
1475	0	4	2	1833	114	25.5333404499	25.1840831803	27.8243208127	8.456
1476	0	4	1	1229	76	25.2430718008	30.2803800265	32.8906028548	5.874
1476	0	4	2	2581	161	25.2430718008	30.5099479588	33.1201707872	10.157
1477	0	4	1	73	4	22.6793458225	29.5126321129	31.8577566154	8.189
1477	0	4	2	1413	88	22.6793458225	30.319583238	32.6647077405	10.756
1478	0	4	1	1214	75	26.4310397441	29.6478740229	32.3809369347	7.04
1478	0	4	2	2564	160	26.4310397441	32.5562569109	35.2893198226	9.874
1479	0	4	1	469	29	21.6669800993	26.9339790574	29.1744213665	13.937
1479	0	4	2	1816	113	21.6669800993	28.2775386188	30.517980928	8
1480	0	4	1	1224	76	23.5352226668	30.0049128744	32.4385380671	7.811
1480	0	4	2	2574	160	23.5352226668	29.4932758052	31.9269009979	9.654
1481	0	4	1	931	58	24.0637279799	33.1039089846	35.5921834943	6.693
1481	0	4	2	2274	142	24.0637279799	31.4646077966	33.9528823063	8.677
1482	0	4	1	929	58	25.5273655176	31.7043594276	34.3439792309	11.023
1482	0	4	2	2272	142	25.5273655176	31.1267990184	33.7664188217	8.126
1483	0	4	1	917	57	24.7884806817	33.3865940452	35.9498105454	12.315
1483	0	4	2	2261	141	24.7884806817	29.6994985106	32.2627150108	7.181
1485	0	4	1	565	35	25.5247353824	30.3927400309	33.0320878689	5.842
1485	0	4	2	1921	120	25.5247353824	27.8916494983	30.5309973364	10.52
1486	0	4	1	587	36	21.2046379958	28.1344693426	30.3271038445	16.787
1486	0	4	2	1928	120	21.2046379958	28.9618115243	31.1544460262	6.409
1487	0	4	1	935	58	27.7838127777	24.1465126037	27.0194570276	16.126
1487	0	4	2	2278	142	27.7838127777	25.4713140822	28.344258506	10.095
1488	0	4	1	824	51	25.966568485	17.1056368263	19.7906717685	4.094
1488	0	4	2	2167	135	25.966568485	29.2417922605	31.9268272026	16.252
1489	0	4	1	210	13	22.7469175828	29.3425862583	31.6946979196	9.843
1489	0	4	2	1553	97	22.7469175828	27.8019182766	30.1540299379	8.126
1490	0	4	1	932	58	28.990899448	26.6132561701	29.6110176213	4.441
1490	0	4	2	2282	142	28.990899448	28.4423634356	31.4401248868	14.409
1491	0	4	1	1056	66	22.7605503149	33.6668636251	36.020384959	6
1491	0	4	2	2402	150	22.7605503149	32.9593203437	35.3128416777	7.086
1492	0	4	1	242	15	24.7213348506	31.7531422194	34.3094156033	6.96
1492	0	4	2	1582	98	24.7213348506	27.0224864952	29.5787598792	5.591
1493	0	4	1	1006	62	23.1528079708	29.1665699	31.5606520618	7.386
1493	0	4	2	2353	147	23.1528079708	31.0802433993	33.4743255611	6.189
1494	0	4	1	269	16	23.063530263	30.6183857126	33.0032362439	13.149
1494	0	4	2	1612	100	23.063530263	31.2950483142	33.6798988454	12.788
1495	0	4	1	735	45	26.5245876217	24.6669676159	27.4097037088	9.527
1495	0	4	2	2075	129	26.5245876217	29.3548668334	32.0976029262	16.472
1496	0	4	1	952	59	22.7413662148	28.7068804251	31.0584180553	13.842
1496	0	4	2	2294	143	22.7413662148	30.4417681722	32.7933058024	11.716
1497	0	4	1	997	62	20.3488549529	31.3920556432	33.4961991542	6.519
1497	0	4	2	2342	146	20.3488549529	32.4703945939	34.5745381049	5.969
1498	0	4	1	987	61	23.3761823867	27.6791586189	30.0963384846	6.189
1498	0	4	2	2331	145	23.3761823867	29.2486285207	31.6658083864	10.252
1499	0	4	1	585	36	22.1767798731	29.9164349238	32.2095923312	11.134
1499	0	4	2	1933	120	22.1767798731	30.6179253614	32.9110827687	7.591
1500	0	4	1	932	58	25.9267656303	32.9820599676	35.6629791539	15.905
1500	0	4	2	2276	142	25.9267656303	30.0797824793	32.7607016656	4.031
1501	0	4	1	805	50	22.3499153639	31.8436895572	34.1547497861	13.78
1501	0	4	2	2146	134	22.3499153639	31.9972310074	34.3082912363	5.779
1502	0	4	1	825	51	25.4861009556	21.8465763194	24.4819292211	6
1502	0	4	2	2167	135	25.4861009556	31.5669328874	34.2022857892	13.118
1503	0	4	1	1245	77	20.0788270742	32.2454967547	34.3217184289	7.433
1503	0	4	2	2594	162	20.0788270742	31.3651227682	33.4413444424	20
1504	0	4	1	1064	66	25.1183401594	27.8442640132	30.441589149	7.622
1504	0	4	2	2412	150	25.1183401594	27.2882953625	29.8856204984	8.834
1505	0	4	1	270	16	22.6323029889	26.1361914274	28.4764515346	14.315
1505	0	4	2	1613	100	22.6323029889	23.6397008471	25.9799609543	16.866
1507	0	4	1	548	34	26.4193968629	24.0414901065	26.7733491032	15.575
1507	0	4	2	1895	118	26.4193968629	24.5987105898	27.3305695865	19.323
1508	0	4	1	529	33	19.9584529099	29.1861326881	31.2499072483	8.598
1508	0	4	2	1878	117	19.9584529099	32.5151720439	34.5789466041	6.284
1509	0	4	1	1244	77	15.2400850848	30.0287713888	31.6046500421	5.969
1509	0	4	2	2594	162	15.2400850848	30.7242694922	32.3001481455	17.181
1510	0	4	1	897	56	29.8725221283	33.5170232568	36.6059476086	6.378
1510	0	4	2	2241	140	29.8725221283	31.0466632947	34.1355876465	5.968
1511	0	4	1	985	61	25.2663644123	25.7981285554	28.410759922	6.252
1511	0	4	2	2330	145	25.2663644123	31.8506682096	34.4632995763	13.842
1512	0	4	1	1009	63	24.0149718121	31.1805783742	33.6638113238	10.315
1512	0	4	2	2356	147	24.0149718121	29.205583965	31.6888169147	10.535
1513	0	4	1	1218	76	20.7496243786	32.5475091595	34.6930936454	5.937
1513	0	4	2	2567	160	20.7496243786	31.2828218595	33.4284063455	14.094
1514	0	4	1	1234	77	20.8214743034	26.6078365583	28.7608505803	15.622
1514	0	4	2	2584	161	20.8214743034	27.7536452951	29.9066593171	18.567
1515	0	4	1	1243	77	21.7560313044	30.4920055791	32.7416560976	12.095
1515	0	4	2	2594	162	21.7560313044	31.6758809599	33.9255314784	22.126
1516	0	4	1	902	56	25.3914798889	28.4942572184	31.1198259675	13.905
1516	0	4	2	2244	140	25.3914798889	27.3773103399	30.002879089	15.937
1517	0	4	1	1056	66	27.3300976197	31.6012491379	34.4272778111	9.464
1517	0	4	2	2401	150	27.3300976197	28.7783500476	31.6043787208	23.653
1518	0	4	1	1217	76	20.8125848588	32.6553499985	34.8074448206	5.496
1518	0	4	2	2567	160	20.8125848588	28.691120691	30.8432155131	14.945
1519	0	4	1	521	32	21.5405561384	32.8803137256	35.1076833505	7.418
1519	0	4	2	1869	116	21.5405561384	31.3631376594	33.5905072843	15.071
1520	0	4	1	963	60	29.0907629109	31.160809739	34.1688974251	10.898
1520	0	4	2	2308	144	29.0907629109	30.8374086007	33.8454962868	4.252
1521	0	4	1	67	4	25.5484883782	29.4958778242	32.1376818059	14.945
1521	0	4	2	1406	87	25.5484883782	29.7460530413	32.387857023	10.378
1522	0	4	1	470	29	30.0024408805	23.9636750101	27.06603342	10.095
1522	0	4	2	1817	113	30.0024408805	24.5056063843	27.6079647942	12.457
1523	0	4	1	1079	67	25.7313380329	28.611414533	31.2721258152	6.252
1523	0	4	2	2425	151	25.7313380329	30.5741060204	33.2348173026	7.559
1524	0	4	1	1223	76	22.210414378	26.8922927041	29.1889280381	4.378
1524	0	4	2	2574	160	22.210414378	28.357478277	30.654113611	11.323
1525	0	4	1	1256	78	18.7035110029	28.8860467858	30.8200559181	9.654
1525	0	4	2	2597	162	18.7035110029	29.025425764	30.9594348963	17.78
1525	1	4	1	1248	78	18.7035110029	29.536419844	31.4704289763	6.882
1525	1	4	2	2596	162	18.7035110029	31.610313628	33.5443227603	7.055
1526	0	4	1	470	29	22.2990968507	30.5299023497	32.8357077647	9.716
1526	0	4	2	1817	113	22.2990968507	34.8527993257	37.1586047408	8.882
1527	0	4	1	918	57	22.1356150262	30.4483652389	32.7372660556	14.662
1527	0	4	2	2261	141	22.1356150262	30.7019069803	32.990807797	6.252
1528	0	4	1	261	16	31.7554674232	30.3337810811	33.6174086304	15.37
1528	0	4	2	1605	100	31.7554674232	30.3387126576	33.6223402068	11.842
1529	0	4	1	170	10	25.7353380525	28.3860648259	31.0471897242	4.032
1529	0	4	2	1513	94	25.7353380525	29.2169276335	31.8780525318	13.465
1530	0	4	1	478	29	23.2083862591	30.8933957068	33.2932248599	4.693
1530	0	4	2	1826	114	23.2083862591	31.3799334684	33.7797626216	8.221
1531	0	4	1	1217	76	19.8298983892	31.2543497283	33.3048312968	5.15
1531	0	4	2	2568	160	19.8298983892	32.7828500581	34.8333316266	10.41
1532	0	4	1	488	30	18.2906406736	31.9652808477	33.856597729	8.724
1532	0	4	2	1833	114	18.2906406736	29.4556248398	31.3469417211	12.032
1533	0	4	1	1018	63	24.3500110978	34.2772757336	36.7951529293	18.756
1533	0	4	2	2365	147	24.3500110978	33.9445843405	36.4624615362	7.275
1534	0	4	1	444	27	20.4526557467	30.0884214538	32.2032983337	9.307
1534	0	4	2	1791	111	20.4526557467	32.1972593229	34.3121362029	9.716
1535	0	4	1	203	12	29.8136789417	20.8413613363	23.9242010947	13.969
1535	0	4	2	1560	97	29.8136789417	28.7325878643	31.8154276227	8.095
1536	0	4	1	249	15	25.1049448081	30.9016928552	33.4976328644	6.441
1536	0	4	2	1591	99	25.1049448081	28.4106919552	31.0066319644	10.599
1537	0	4	1	489	30	22.711378369	30.4893113137	32.8377480947	10.819
1537	0	4	2	1834	114	22.711378369	30.2633513337	32.6117881147	11.197
1538	0	4	1	899	56	27.4256760196	31.4389503171	34.2748621346	10.724
1538	0	4	2	2241	140	27.4256760196	31.6173089781	34.4532207956	9.291
1540	0	4	1	963	60	24.3788285576	30.4991664948	33.0200235177	5.874
1540	0	4	2	2306	144	24.3788285576	31.7929468288	34.3138038517	9.275
1541	0	4	1	902	56	33.2714486352	30.906253658	34.3466390218	4.158
1541	0	4	2	2245	140	33.2714486352	30.3228805009	33.7632658646	4.347
1542	0	4	1	429	26	22.0360619831	29.0299664853	31.3085731656	8.41
1542	0	4	2	1776	111	22.0360619831	30.0003762524	32.2789829326	4.788
1543	0	4	1	305	19	26.9164120446	36.3076201481	39.0908722709	8.567
1543	0	4	2	1644	102	26.9164120446	37.5737321571	40.35698428	7.591
1544	0	4	1	1010	63	25.4530115622	24.6313442639	27.2632756055	13.527
1544	0	4	2	2356	147	25.4530115622	26.757822511	29.3897538525	5.087
1545	0	4	1	438	27	23.001604791	28.9837260224	31.362173241	10.063
1545	0	4	2	1784	111	23.001604791	32.8056016701	35.1840488887	11.055
1546	0	4	1	1224	76	20.6852456958	31.2757380234	33.414665526	11.969
1546	0	4	2	2575	160	20.6852456958	31.304749774	33.4436772767	12.378
1547	0	4	1	567	35	22.6770457059	35.0886667293	37.4335533916	10.284
1547	0	4	2	1915	119	22.6770457059	36.457363529	38.8022501913	6.362
1548	0	4	1	564	35	24.364766801	30.2570116427	32.7764146303	13.15
1548	0	4	2	1921	120	24.364766801	27.9189884128	30.4383914004	14.756
1548	1	4	1	562	35	24.364766801	26.5864246692	29.1058276568	11.276
1548	1	4	2	1924	120	24.364766801	32.5456936165	35.0650966041	4
1549	0	4	1	491	30	24.3419281738	30.959968931	33.4770103238	11.118
1549	0	4	2	1837	114	24.3419281738	28.8668159107	31.3838573035	8.126
1550	0	4	1	478	29	20.6713086276	31.4353463567	33.5728327172	10.347
1550	0	4	2	1826	114	20.6713086276	29.9891692754	32.1266556359	5.496
1551	0	4	1	1234	77	25.7348091676	28.6004503758	31.2615205856	8.032
1551	0	4	2	2587	161	25.7348091676	31.3423360055	34.0034062153	6.378
1553	0	4	1	587	36	18.3060370348	29.9788790822	31.8717880016	14.315
1553	0	4	2	1938	121	18.3060370348	29.0202658272	30.9131747466	9.591
1554	0	4	1	348	21	25.5491401005	28.4355417937	31.0774131658	17.843
1554	0	4	2	1691	105	25.5491401005	28.7303712243	31.3722425965	16.362
1555	0	4	1	804	50	24.1659775702	28.4628534484	30.9617009271	10.441
1555	0	4	2	2146	134	24.1659775702	27.6127923504	30.111639829	6.189
1556	0	4	1	1254	78	22.5344760611	30.4966585272	32.8268029844	6.126
1556	0	4	2	2602	162	22.5344760611	31.3047536642	33.6348981214	15.275
1557	0	4	1	962	60	28.6954079547	29.2164998575	32.1837064441	11.748
1557	0	4	2	2306	144	28.6954079547	29.3465003511	32.3137069376	9.039
1558	0	4	1	261	16	21.5066844359	31.5244031072	33.7482702783	14.504
1558	0	4	2	1605	100	21.5066844359	29.1205506329	31.3444178041	8.693
1559	0	4	1	330	20	22.5319419879	30.2742008194	32.6040832445	6.315
1559	0	4	2	1674	104	22.5319419879	32.1151769895	34.4450594146	8.095
1560	0	4	1	340	21	21.0378842432	27.2460111608	29.4214027354	8.693
1560	0	4	2	1683	105	21.0378842432	25.7950466262	27.9704382007	9.685
1561	0	4	1	139	8	26.229975592	33.9242760036	36.6365481715	7.023
1561	0	4	2	1480	92	26.229975592	32.0183810781	34.730653246	12.252
1562	0	4	1	137	8	19.6846681621	31.552519383	33.5879836328	9.04
1562	0	4	2	1478	92	19.6846681621	30.1536510001	32.1891152499	10.803
1564	0	4	1	470	29	21.968067293	29.7912210037	32.0627967927	9.197
1564	0	4	2	1817	113	21.968067293	29.5610520159	31.8326278049	10.567
1565	0	4	1	490	30	18.4590068628	29.1457501718	31.0544767119	13.874
1565	0	4	2	1835	114	18.4590068628	30.2328834618	32.141610002	10.803
1566	0	4	1	993	62	22.923586752	30.3041143682	32.6744942459	6.914
1566	0	4	2	2340	146	22.923586752	32.4035637073	34.773943585	9.15
1567	0	4	1	1240	77	21.2667008959	31.6847962068	33.8838482319	6.456
1567	0	4	2	2589	161	21.2667008959	31.9821591673	34.1812111923	11.559
1568	0	4	1	1031	64	24.7112779808	26.6822923491	29.2375258172	11.086
1568	0	4	2	2374	148	24.7112779808	37.9750530868	40.5302865549	8.221
1569	0	4	1	1258	78	22.3993361153	33.3094483002	35.6256188094	10.095
1569	0	4	2	2609	163	22.3993361153	33.0606704946	35.3768410039	12.126
1570	0	4	1	920	57	28.2830718939	31.2302975302	34.1548671109	11.968
1570	0	4	2	2264	141	28.2830718939	29.6768669431	32.6014365238	8.221
1571	0	4	1	996	62	22.0515719519	28.2614378062	30.541648272	13.842
1571	0	4	2	2341	146	22.0515719519	28.2403780109	30.5205884767	12.41
1572	0	4	1	1004	62	22.6515740397	33.2050513145	35.5473041165	7.591
1572	0	4	2	2350	146	22.6515740397	30.1233288891	32.4655816911	8.788
1573	0	4	1	469	29	24.2979292717	17.5083127346	20.0208044854	12.126
1573	0	4	2	1816	113	24.2979292717	10.3230929847	12.8355847356	4.283
1574	0	4	1	137	8	26.2526089808	28.1288978784	30.8435104186	9.008
1574	0	4	2	1477	92	26.2526089808	30.4380528617	33.1526654019	10.126
1575	0	4	1	547	34	20.7687797203	29.4180879273	31.5656531432	12.756
1575	0	4	2	1894	118	20.7687797203	33.6488558602	35.7964210761	6.158
1576	0	4	1	1238	77	21.9191955054	30.1499139032	32.4164361767	9.402
1576	0	4	2	2586	161	21.9191955054	28.420951675	30.6874739485	12.63
1577	0	4	1	1221	76	21.854019684	27.4574316189	29.7172144821	8.551
1577	0	4	2	2572	160	21.854019684	28.6894415233	30.9492243865	13.181
1578	0	4	1	778	48	30.768670923	30.9105775865	34.0921668904	14.961
1578	0	4	2	2119	132	30.768670923	29.4717632225	32.6533525264	16.976
1579	0	4	1	1245	77	23.0843471699	25.1653127513	27.5523158243	5.559
1579	0	4	2	2596	162	23.0843471699	25.5527633971	27.9397664701	25.008
1580	0	4	1	731	45	21.7523416385	30.7236065185	32.9728755125	9.023
1580	0	4	2	2071	129	21.7523416385	29.155562797	31.404831791	12.772
1581	0	4	1	810	50	25.1978276268	31.0014739457	33.6070183666	5.591
1581	0	4	2	2152	134	25.1978276268	30.2377031775	32.8432475984	11.78
1582	0	4	1	1097	68	23.0148322892	33.1582703373	35.538085326	7.118
1582	0	4	2	2444	152	23.0148322892	34.7447850673	37.124600056	4.85
1583	0	4	1	1009	63	23.9587053112	27.0563406487	29.5337554433	17.496
1583	0	4	2	2354	147	23.9587053112	28.4307462589	30.9081610535	5.528
1584	0	4	1	1022	63	30.0809806732	30.1210332048	33.2315129067	11.653
1584	0	4	2	2370	148	30.0809806732	22.3570037366	25.4674834386	5.843
1585	0	4	1	1251	78	21.2762807024	32.9754006841	35.175443295	7.906
1585	0	4	2	2600	162	21.2762807024	31.1778507248	33.3778933357	18.866
1586	0	4	1	835	52	25.6234141417	27.5646519804	30.2142035508	14.709
1586	0	4	2	2178	136	25.6234141417	23.69033236	26.3398839304	8.96
1587	0	4	1	333	20	22.782536253	31.4434194914	33.7992142491	9.37
1587	0	4	2	1670	104	22.782536253	25.3684615196	27.7242562772	19.04
1588	0	4	1	1064	66	23.2915588082	32.05722183	34.4656513186	7.843
1588	0	4	2	2408	150	23.2915588082	32.4580429528	34.8664724415	10.094
1589	0	4	1	821	51	28.6565999527	28.7642716078	31.7274653098	9.402
1589	0	4	2	2167	135	28.6565999527	30.2003273087	33.1635210107	15.654
1590	0	4	1	110	6	20.9563497314	32.54759216	34.7145527779	5.779
1590	0	4	2	1450	90	20.9563497314	31.7295219943	33.8964826122	10.126
1591	0	4	1	821	51	20.6237487799	29.0082041719	31.1407726761	9.748
1591	0	4	2	2164	135	20.6237487799	31.3347876228	33.467356127	12.535
1592	0	4	1	1238	77	20.6648577439	28.1693997518	30.3062190681	8.157
1592	0	4	2	2589	161	20.6648577439	31.8947068081	34.0315261244	5.906
1593	0	4	1	933	58	27.4712782162	31.371498015	34.2121252608	10
1593	0	4	2	2289	143	27.4712782162	27.7474366	30.5880638457	4.157
1594	0	4	1	249	15	29.5859826716	27.6219883842	30.6812835436	6.378
1594	0	4	2	1591	99	29.5859826716	28.1361918818	31.1954870411	5.78
1595	0	4	1	778	48	24.5306556278	34.1948639704	36.7314204489	7.244
1595	0	4	2	2118	132	24.5306556278	37.2298968229	39.7664533015	6.41
1596	0	4	1	1243	77	14.052673033	29.3508959486	30.8039919997	11.654
1596	0	4	2	2593	162	14.052673033	28.2254017817	29.6784978327	12.63
1597	0	4	1	1238	77	20.6228370185	29.3248248296	31.4572990545	7.039
1597	0	4	2	2587	161	20.6228370185	30.172398494	32.3048727188	11.386
1598	0	4	1	487	30	19.4427336183	30.637300945	32.647748308	18.441
1598	0	4	2	1832	114	19.4427336183	34.4289478273	36.4393951903	7.197
1599	0	4	1	821	51	27.1563233163	23.8765211169	26.684580913	10.189
1599	0	4	2	2166	135	27.1563233163	24.3606045857	27.1686643818	13.512
1599	1	4	1	822	51	27.1563233163	27.5227046583	30.3307644544	13.906
1599	1	4	2	2165	135	27.1563233163	29.8417122962	32.6497720923	11.433
1600	0	4	1	1093	68	22.8272901016	26.1800153385	28.5404378022	9.386
1600	0	4	2	2441	152	22.8272901016	25.4401752313	27.8005976951	14.441
1602	0	4	1	902	56	25.0693618262	29.9264951836	32.5187557867	16.788
1602	0	4	2	2244	140	25.0693618262	29.6250503718	32.2173109749	15.339
1603	0	4	1	486	30	19.695361813	30.4656161322	32.5021861433	11.527
1603	0	4	2	1831	114	19.695361813	31.2082135377	33.2447835487	12.473
1604	0	4	1	838	52	27.7451523411	33.0007335183	35.8696803163	13.559
1604	0	4	2	2181	136	27.7451523411	24.2779718845	27.1469186826	5.906
1605	0	4	1	471	29	21.2837573158	26.9958165277	29.1966322468	7.591
1605	0	4	2	1818	113	21.2837573158	28.2157729642	30.4165886834	12.252
1606	0	4	1	1265	79	22.9268691077	31.4784746567	33.8491939415	6.535
1606	0	4	2	2616	163	22.9268691077	30.1995040845	32.5702233694	15.748
1607	0	4	1	734	45	29.7557715061	29.3849334822	32.4617854071	6.992
1607	0	4	2	2075	129	29.7557715061	25.9983065828	29.0751585076	7.181
1608	0	4	1	985	61	23.8282645346	27.8060064414	30.2699331987	4.252
1608	0	4	2	2330	145	23.8282645346	36.7971492382	39.2610759955	9.149
1609	0	4	1	1074	67	26.6286224291	30.5649563792	33.3184500388	4.346
1609	0	4	2	2420	151	26.6286224291	28.1508579854	30.904351645	13.559
1610	0	4	1	1030	64	28.6398894719	32.2653905658	35.226856345	7.338
1610	0	4	2	2375	148	28.6398894719	33.4707856438	36.432251423	4.504
1611	0	4	1	266	16	24.8177218314	31.9316282535	34.4978683919	12.708
1611	0	4	2	1610	100	24.8177218314	33.0928458803	35.6590860187	6.126
1612	0	4	1	1245	77	22.3057136167	31.8816634332	34.1881530453	5.37
1612	0	4	2	2597	162	22.3057136167	32.5359463828	34.8424359949	19.937
1613	0	4	1	184	11	26.0675717306	30.8402951549	33.5357741896	10.441
1613	0	4	2	1526	95	26.0675717306	29.9789023608	32.6743813955	10.819
1614	0	4	1	987	61	23.7516132844	26.1519189648	28.607919712	6.378
1614	0	4	2	2331	145	23.7516132844	32.6405935689	35.0965943161	7.402
1615	0	4	1	529	33	21.2504740516	26.2824954529	28.4798695649	11.165
1615	0	4	2	1878	117	21.2504740516	27.6943551647	29.8917292767	12.252
1616	0	4	1	1258	78	22.7642800675	28.6543129965	31.00822	12
1616	0	4	2	2609	163	22.7642800675	28.6131507171	30.9670577206	14.472
1617	0	4	1	811	50	22.2183335002	24.9320081224	27.2294623216	4.787
1617	0	4	2	2153	134	22.2183335002	27.3701574457	29.6676116449	7.37
1618	0	4	1	1012	63	23.289213361	31.1258030068	33.5339899679	14.032
1618	0	4	2	2360	147	23.289213361	34.1835098079	36.591696769	5.968
1619	0	4	1	521	32	20.4626579704	31.245527815	33.3614389602	8.031
1619	0	4	2	1869	116	20.4626579704	28.8506449058	30.966556051	7.653
1620	0	4	1	1063	66	19.8580781058	30.0947811878	32.1481766385	9.087
1620	0	4	2	2410	150	19.8580781058	30.9572702856	33.0106657364	14.567
1621	0	4	1	1275	79	18.0300782037	27.8054986107	29.6698724117	12.63
1621	0	4	2	2625	164	18.0300782037	27.8352122634	29.6995860644	11.78
1622	0	4	1	1218	76	18.7849124094	30.388289844	32.3307161693	6.063
1622	0	4	2	2561	160	18.7849124094	31.2306396422	33.1730659676	12.315
1623	0	4	1	336	21	25.424024832	29.5575973611	32.1865313723	4.662
1623	0	4	2	1680	105	25.424024832	29.8688329872	32.4977669984	5.528
1624	0	4	1	879	54	24.2548927716	28.1697432363	30.677784861	9.843
1624	0	4	2	2223	138	24.2548927716	29.2718395394	31.7798811641	9.244
1625	0	4	1	1021	63	17.860063081	26.8278973564	28.6746909929	5.969
1625	0	4	2	2366	147	17.860063081	29.7184349797	31.5652286163	13.685
1626	0	4	1	1237	77	22.6161448953	28.8089049022	31.1474942054	4.221
1626	0	4	2	2579	161	22.6161448953	30.722560786	33.0611500893	13.716
1628	0	4	1	136	8	23.4003782502	30.2577735042	32.6774553077	13.748
1628	0	4	2	1478	92	23.4003782502	33.9153131839	36.3349949874	10
1629	0	4	1	548	34	22.0333869169	30.2482624338	32.5265925028	17.622
1629	0	4	2	1893	118	22.0333869169	32.0348139193	34.3131439882	14.189
1630	0	4	1	429	26	25.6260751777	28.1804865764	30.8303133074	14.221
1630	0	4	2	1776	111	25.6260751777	29.9893491786	32.6391759095	15.969
1631	0	4	1	136	8	27.9045216366	32.1994089814	35.0848351278	5.685
1631	0	4	2	1478	92	27.9045216366	30.7040626202	33.5894887666	9.622
1631	1	4	1	135	8	27.9045216366	32.623887916	35.5093140624	8.22
1631	1	4	2	1472	92	27.9045216366	30.9702347404	33.8556608868	22.614
1632	0	4	1	431	26	26.5676080997	28.7257905094	31.4729750717	7.292
1632	0	4	2	1782	111	26.5676080997	30.0736597967	32.820844359	5.134
1633	0	4	1	599	37	21.9043835356	15.8507238487	18.1157145121	11.275
1633	0	4	2	1948	121	21.9043835356	9.69262564362	11.9576163071	13.591
1634	0	4	1	1063	66	26.3600869356	27.6667257794	30.39245192	14.74
1634	0	4	2	2410	150	26.3600869356	30.607819038	33.3335451786	15.055
1635	0	4	1	1233	77	21.3957037726	28.8086577413	31.0210491196	5.685
1635	0	4	2	2583	161	21.3957037726	24.9665099713	27.1789013496	14.378
1636	0	4	1	771	48	23.7806841098	27.0190447672	29.4780515405	14.441
1636	0	4	2	2113	132	23.7806841098	28.4949536571	30.9539604304	16.567
1637	0	4	1	488	30	25.1092083991	31.0177203344	33.614101214	15.165
1637	0	4	2	1834	114	25.1092083991	31.2492418267	33.8456227062	12.945
1638	0	4	1	1275	79	24.1181482606	32.3880861576	34.8819879166	6.063
1638	0	4	2	2625	164	24.1181482606	33.1597945364	35.6536962955	13.811
1639	0	4	1	530	33	20.7615964513	30.6386135639	32.7854360044	5.276
1639	0	4	2	1879	117	20.7615964513	29.8638905609	32.0107130015	5.905
1640	0	4	1	487	30	24.7903227588	28.5660299803	31.1294369578	14.378
1640	0	4	2	1832	114	24.7903227588	27.9318732747	30.4952802522	6.032
1641	0	4	1	1250	78	19.9376037763	30.4584600036	32.5200786897	6.536
1641	0	4	2	2598	162	19.9376037763	32.6925215393	34.7541402254	5.323
1642	0	4	1	348	21	23.6845131868	31.8072134871	34.2562758471	9.843
1642	0	4	2	1691	105	23.6845131868	29.8158754649	32.2649378249	10.598
1643	0	4	1	561	35	25.256115918	30.2129514639	32.8245231	6.977
1643	0	4	2	1909	119	25.256115918	29.2458144649	31.857386101	4.567
1644	0	4	1	804	50	26.2139078361	30.5585266812	33.2691373864	7.496
1644	0	4	2	2145	134	26.2139078361	32.7953004095	35.5059111147	6.095
1645	0	4	1	1236	77	23.4044923188	29.8651410835	32.2852482963	10.441
1645	0	4	2	2585	161	23.4044923188	30.3855827497	32.8056899624	10.992
1646	0	4	1	550	34	24.4596789246	30.0907991348	32.6200163714	7.086
1646	0	4	2	1898	118	24.4596789246	29.6404056302	32.1696228668	5.811
1647	0	4	1	765	47	25.2491846899	30.6913579803	33.302212903	13.748
1647	0	4	2	2106	131	25.2491846899	30.2496353176	32.8604902403	7.842
1648	0	4	1	879	54	27.8104615393	31.9568621143	34.8325621143	7.212
1648	0	4	2	2223	138	27.8104615393	30.085699668	32.9613996679	8.74
1649	0	4	1	1217	76	21.5398509017	32.9185821994	35.1458789003	17.59
1649	0	4	2	2566	160	21.5398509017	29.1516143111	31.378911012	17.527
1650	0	4	1	1013	63	24.0253162003	20.6130205306	23.0973231266	9.591
1650	0	4	2	2360	147	24.0253162003	22.0448451271	24.529147723	6.771
1651	0	4	1	457	28	25.306348418	32.5131166276	35.1298824818	7.654
1651	0	4	2	1802	112	25.306348418	33.209708351	35.8264742051	7.433
1652	0	4	1	819	51	30.2383032903	24.8792694244	28.0060168409	5.843
1652	0	4	2	2161	135	30.2383032903	29.4822373821	32.6089847986	12.929
1653	0	4	1	877	54	28.4566293336	32.1170900075	35.0596060408	11.244
1653	0	4	2	2219	138	28.4566293336	29.7418841979	32.6844002313	17.417
1654	0	4	1	1062	66	26.0233590015	29.2911086158	31.9820158981	5.654
1654	0	4	2	2410	150	26.0233590015	31.0262393656	33.7171466479	13.874
1655	0	4	1	183	11	22.7249771382	32.0974226923	34.4472656341	12.913
1655	0	4	2	1526	95	22.7249771382	32.7143279666	35.0641709084	10.252
1656	0	4	1	1021	63	24.6074090214	28.3643667158	30.9088597664	9.653
1656	0	4	2	2368	148	24.6074090214	27.3849017895	29.9293948401	16.977
1657	0	4	1	1021	63	26.2752810923	28.7353427551	31.4522996718	15.937
1657	0	4	2	2368	148	26.2752810923	28.8955175166	31.6124744333	20.662
1658	0	4	1	488	30	26.4637006562	31.5504943114	34.2869344768	9.811
1658	0	4	2	1834	114	26.4637006562	30.5483374503	33.2847776157	9.37
1659	0	4	1	1283	80	19.705090823	30.499323023	32.5368990481	10.992
1659	0	4	2	2632	164	19.705090823	28.9902713141	31.0278473392	10.866
1660	0	4	1	1220	76	19.3477115947	29.5734391596	31.5740609096	10.41
1660	0	4	2	2571	160	19.3477115947	29.9449685001	31.9455902501	13.622
1661	0	4	1	529	33	21.8765696569	26.7126285651	28.9747431752	7.102
1661	0	4	2	1878	117	21.8765696569	28.6615415024	30.9236561125	8.803
1662	0	4	1	808	50	25.5746513258	35.9626159136	38.6071252365	8.709
1662	0	4	2	2150	134	25.5746513258	33.7485748771	36.3930842001	4.409
1663	0	4	1	1056	66	23.4530965707	30.2156565104	32.6407895745	9.37
1663	0	4	2	2401	150	23.4530965707	28.8300477332	31.2551807973	15.905
1664	0	4	1	600	37	21.1630362277	29.1738761026	31.3622088347	7.874
1664	0	4	2	1952	122	21.1630362277	27.750234467	29.9385671991	7.937
1665	0	4	1	1221	76	19.2538171629	32.2648787537	34.2557914876	13.559
1665	0	4	2	2572	160	19.2538171629	31.7861045877	33.7770173216	8.992
1666	0	4	1	920	57	20.64980617	26.4477137822	28.5829767126	16.425
1666	0	4	2	2263	141	20.64980617	26.9169134315	29.0521763619	13.118
1667	0	4	1	1056	66	25.50918601	29.8881256495	32.5258656274	5.402
1667	0	4	2	2402	150	25.50918601	31.7089363853	34.3466763633	11.59
1668	0	4	1	1269	79	28.3328451613	19.5470352351	22.4767515476	15.496
1668	0	4	2	2617	163	28.3328451613	28.5231601939	31.4528765064	8.945
1669	0	4	1	472	29	19.2810966099	14.8509227179	16.844656243	10.551
1669	0	4	2	1818	113	19.2810966099	29.8081993233	31.8019328484	10.992
1671	0	4	1	383	23	21.0878486719	31.153923824	33.334481897	5.559
1671	0	4	2	1728	108	21.0878486719	30.5583883471	32.7389464202	9.874
1672	0	4	1	513	32	22.2724817109	33.6298044223	35.9328577379	5.748
1672	0	4	2	1861	116	22.2724817109	34.2495527623	36.5526060778	7.905
1673	0	4	1	1090	68	26.8844332402	31.5823214394	34.3622668409	6.409
1673	0	4	2	2437	152	26.8844332402	32.1924717592	34.9724171607	10.441
1674	0	4	1	442	27	23.2646800473	8.73897612048	11.1446262503	5.496
1674	0	4	2	1789	111	23.2646800473	7.64718559861	10.0528357284	17.307
1675	0	4	1	550	34	20.4723621351	34.2674038992	36.3843184894	6.346
1675	0	4	2	1897	118	20.4723621351	31.7315568236	33.8484714137	15.685
1676	0	4	1	154	9	26.0020592926	30.4780780531	33.1667828702	13.181
1676	0	4	2	1495	93	26.0020592926	28.8422512698	31.5309560869	15.559
1677	0	4	1	894	55	25.5464230213	32.6736532526	35.3152436692	6.992
1677	0	4	2	2236	139	25.5464230213	29.729176771	32.3707671876	8.945
1678	0	4	1	819	51	28.6240848	24.9749179965	27.9347495168	6.929
1678	0	4	2	2164	135	28.6240848	29.5437815078	32.5036130281	11.685
1679	0	4	1	795	49	26.3759003747	28.1288114932	30.8561727993	10.283
1679	0	4	2	2135	133	26.3759003747	28.4148044882	31.1421657943	14.189
1680	0	4	1	1245	77	19.3973656334	35.157000751	37.162756904	4.787
1680	0	4	2	2587	161	19.3973656334	29.6783633274	31.6841194804	16.961
1681	0	4	1	488	30	26.5651247991	32.6199494327	35.366877213	11.811
1681	0	4	2	1834	114	26.5651247991	31.6860632285	34.4329910087	13.291
1682	0	4	1	1012	63	24.5300584464	28.984422039	31.5209167668	10.96
1682	0	4	2	2357	147	24.5300584464	31.0830334283	33.6195281561	8.441
1683	0	4	1	933	58	31.7707798214	29.8073438163	33.0925547216	14.662
1683	0	4	2	2274	142	31.7707798214	27.6051984984	30.8904094037	7.717
1684	0	4	1	773	48	28.729172626	32.0148262446	34.9855242175	11.433
1684	0	4	2	2114	132	28.729172626	29.2972934236	32.2679913964	20.378
1685	0	4	1	310	19	19.5277371424	29.7915438778	31.8107809055	11.433
1685	0	4	2	1653	103	19.5277371424	32.6654311159	34.6846681437	5.685
1687	0	4	1	965	60	24.2275508964	37.2652365031	39.7704508812	5.748
1687	0	4	2	2309	144	24.2275508964	31.940440209	34.4456545872	5.527
1688	0	4	1	1031	64	28.4458925832	25.0803802927	28.0217861081	9.969
1688	0	4	2	2376	148	28.4458925832	34.3016696687	37.2430754841	11.591
1689	0	4	1	302	18	25.1374360625	29.9396927954	32.5389925151	9.528
1689	0	4	2	1645	102	25.1374360625	36.0028900104	38.6021897301	4.063
1690	0	4	1	1061	66	22.5846482286	34.9217121057	37.2570445423	4.913
1690	0	4	2	2408	150	22.5846482286	30.5239720711	32.8593045077	12.85
1691	0	4	1	376	23	28.9966297502	28.326792646	31.3251466306	8.22
1691	0	4	2	1721	107	28.9966297502	27.0496165612	30.0479705459	14.063
1692	0	4	1	1265	79	22.3903473891	31.4152930915	33.7305341347	6.189
1692	0	4	2	2616	163	22.3903473891	30.0351380697	32.3503791129	14.787
1693	0	4	1	930	58	22.2213761746	29.749922362	32.0476911845	13.464
1693	0	4	2	2273	142	22.2213761746	28.7999617564	31.0977305789	8.677
1694	0	4	1	337	21	24.0143300135	30.3511545936	32.834321179	12.662
1694	0	4	2	1681	105	24.0143300135	28.8578937635	31.3410603489	4.252
1695	0	4	1	1245	77	16.7917797258	33.1372425452	34.8735719078	7.937
1695	0	4	2	2594	162	16.7917797258	29.4751987756	31.2115281382	17.842
1696	0	4	1	1012	63	27.712774403	27.5059388154	30.3715376202	11.905
1696	0	4	2	2360	147	27.712774403	29.8773127333	32.7429115382	6.882
1698	0	4	1	1061	66	25.5019438075	35.9016254224	38.5386165311	9.166
1698	0	4	2	2407	150	25.5019438075	32.175509536	34.8125006446	8.834
1699	0	4	1	1241	77	23.3500695173	30.5054383381	32.9199180408	9.37
1699	0	4	2	2593	162	23.3500695173	28.8262661629	31.2407458656	14.913
1700	0	4	1	569	35	25.4753792271	26.2082718762	28.8425161134	5.039
1700	0	4	2	1918	119	25.4753792271	26.1095098838	28.743754121	4.677
1701	0	4	1	429	26	28.5860556201	28.6785708194	31.6344699881	4.819
1701	0	4	2	1775	110	28.5860556201	30.9438887209	33.8997878897	8.63
1702	0	4	1	820	51	23.7316257123	26.5559417649	29.0098757265	10.158
1702	0	4	2	2164	135	23.7316257123	28.4166743851	30.8706083468	13.937
1703	0	4	1	1243	77	20.5450598748	30.815754405	32.9401861983	8.473
1703	0	4	2	2593	162	20.5450598748	31.7054563059	33.8298880992	17.591
1705	0	4	1	1245	77	23.8190689277	30.5023491045	32.9653250036	15.716
1705	0	4	2	2594	162	23.8190689277	29.7365249991	32.1995008982	17.717
1706	0	4	1	996	62	24.8188173758	26.4793387856	29.0456922072	5.937
1706	0	4	2	2342	146	24.8188173758	26.6208055845	29.1871590061	14.031
1707	0	4	1	486	30	23.1309108594	31.7095939423	34.1014118653	10.835
1707	0	4	2	1830	114	23.1309108594	32.8521269622	35.2439448852	7.969
1708	0	4	1	1254	78	13.1376209423	30.2997659136	31.6582423448	4.96
1708	0	4	2	2602	162	13.1376209423	27.6176851353	28.9761615665	28.441
1709	0	4	1	1250	78	24.0516803379	29.4841786654	31.9712074064	4.567
1709	0	4	2	2600	162	24.0516803379	30.0778055525	32.5648342934	15.464
1710	0	4	1	919	57	28.0525240835	27.6574745028	30.5582046252	8.63
1710	0	4	2	2262	141	28.0525240835	28.0370061187	30.9377362411	7.559
1711	0	4	1	488	30	21.6007271213	32.2595173868	34.4931089039	6.378
1711	0	4	2	1833	114	21.6007271213	31.7413545316	33.9749460487	12.409
1712	0	4	1	492	30	23.2916638114	29.1831321849	31.5915725313	5.937
1712	0	4	2	1838	114	23.2916638114	29.8441481374	32.2525884838	8.378
1713	0	4	1	1061	66	22.2518155234	34.1767157431	36.4776321019	6.662
1713	0	4	2	2408	150	22.2518155234	27.6121223386	29.9130386973	12.315
1714	0	4	1	106	6	27.6817109707	31.1168627539	33.9792494901	10.787
1714	0	4	2	1449	90	27.6817109707	30.9574594443	33.8198461805	15.843
1715	0	4	1	487	30	22.9088529503	29.7852474971	32.1541038476	16.063
1715	0	4	2	1833	114	22.9088529503	30.8167382207	33.1855945712	9.937
1716	0	4	1	1237	77	21.6483454528	30.7593841302	32.9978995511	7.275
1716	0	4	2	2586	161	21.6483454528	28.9104674616	31.1489828825	12.378
1717	0	4	1	1004	62	25.6645353138	32.3228709469	34.9766745918	7.496
1717	0	4	2	2351	146	25.6645353138	30.4986569955	33.1524606404	7.78
1718	0	4	1	266	16	21.7439583098	26.6805742636	28.9289763918	15.906
1718	0	4	2	1610	100	21.7439583098	31.6907626537	33.9391647819	7.968
1719	0	4	1	469	29	20.9247093556	28.4923676405	30.6560565317	12.708
1719	0	4	2	1817	113	20.9247093556	28.5400909118	30.7037798031	10.882
1720	0	4	1	557	34	22.5453705491	34.621638653	36.9529096387	17.26
1720	0	4	2	1907	119	22.5453705491	34.1832706012	36.5145415869	15.244
1721	0	4	1	582	36	19.7518418031	32.3053636961	34.3477739377	13.559
1721	0	4	2	1931	120	19.7518418031	31.5760231869	33.6184334285	10.347
1722	0	4	1	1094	68	25.4793029144	28.0073553087	30.6420052689	8.032
1722	0	4	2	2442	152	25.4793029144	29.4542261842	32.0888761445	10
1723	0	4	1	210	13	22.0993884273	30.6549609903	32.9401158486	10.126
1723	0	4	2	1553	97	22.0993884273	28.6356072717	30.9207621301	16.756
1724	0	4	1	985	61	24.7838029508	24.8912911898	27.4540239961	7.969
1724	0	4	2	2331	145	24.7838029508	28.6893439279	31.2520767342	13.37
1725	0	4	1	778	48	27.36231509	30.384769829	33.2141299025	16.41
1725	0	4	2	2119	132	27.36231509	30.2443572039	33.0737172773	18.599
1726	0	4	1	1063	66	20.5472023482	26.4603438094	28.584997142	4.189
1726	0	4	2	2411	150	20.5472023482	29.5949883497	31.7196416824	12.063
1727	0	4	1	429	26	22.4327538726	28.6786140082	30.9982400316	8.095
1727	0	4	2	1775	110	22.4327538726	31.0288112361	33.3484372595	11.213
1728	0	4	1	1103	68	21.4566180376	28.3160764133	30.534766542	10.976
1728	0	4	2	2440	152	21.4566180376	28.4105781393	30.6292682679	9.843
1729	0	4	1	1019	63	26.773077948	31.0288150452	33.7972459159	19.78
1729	0	4	2	2365	147	26.773077948	27.4728715378	30.2413024085	6.157
1730	0	4	1	1029	64	26.5416520778	23.8288887138	26.5733893317	4.252
1730	0	4	2	2373	148	26.5416520778	31.1104379764	33.8549385943	8.851
1731	0	4	1	487	30	27.1120000811	32.6527217896	35.4561984066	10.488
1731	0	4	2	1833	114	27.1120000811	30.9580330901	33.761509707	7.716
1732	0	4	1	987	61	18.7044612281	26.5588096297	28.4929170186	16.221
1732	0	4	2	2331	145	18.7044612281	33.4308609609	35.3649683499	6.126
1733	0	4	1	1236	77	21.992040581	27.9969277776	30.2709824893	9.905
1733	0	4	2	2584	161	21.992040581	30.1547887705	32.4288434822	11.464
1734	0	4	1	820	51	23.910401001	29.671546054	32.1439660123	10.536
1734	0	4	2	2164	135	23.910401001	29.9170439968	32.389463955	10.252
1735	0	4	1	994	62	19.8191390298	26.9434626049	28.9928316176	13.685
1735	0	4	2	2337	146	19.8191390298	27.3258330435	29.3752020562	11.968
1736	0	4	1	740	46	24.5197261064	30.8912298421	33.4266561695	11.401
1736	0	4	2	2079	129	24.5197261064	30.0730826015	32.6085089289	13.008
1737	0	4	1	935	58	27.4354498971	25.5700136903	28.4069361612	15.622
1737	0	4	2	2278	142	27.4354498971	25.9941985457	28.8311210167	9.212
1738	0	4	1	557	34	25.7735181842	29.2502483061	31.9153211649	8.22
1738	0	4	2	1907	119	25.7735181842	26.9852610468	29.6503339057	5.78
1739	0	4	1	523	32	17.3721974927	28.9061467478	30.7024933586	8.126
1739	0	4	2	1866	116	17.3721974927	30.5849279466	32.3812745573	8.52
1740	0	4	1	1091	68	25.5864959105	29.5305250948	32.1762591896	4.819
1740	0	4	2	2438	152	25.5864959105	32.3237599309	34.9694940258	9.905
1741	0	4	1	819	51	26.6715768629	23.8660900541	26.6240253539	14.126
1741	0	4	2	2161	135	26.6715768629	29.0452711564	31.8032064562	14.095
1742	0	4	1	1094	68	23.5580972731	29.7507699949	32.1867605027	5.937
1742	0	4	2	2442	152	23.5580972731	33.1192174487	35.5552079565	6.567
1743	0	4	1	586	36	18.4975816132	28.7673820568	30.6800973625	11.842
1743	0	4	2	1936	121	18.4975816132	31.8997105386	33.8124258443	10.221
1744	0	4	1	1229	76	23.709449999	30.5129924164	32.964633331	5.622
1744	0	4	2	2580	161	23.709449999	30.3492279231	32.8008688376	16.488
1745	0	4	1	471	29	25.402028032	29.3097376163	31.9363970807	5.622
1745	0	4	2	1817	113	25.402028032	29.3113325018	31.9379919662	10.283
1746	0	4	1	278	17	23.8207259857	28.1502009257	30.6133481704	5.779
1746	0	4	2	1621	101	23.8207259857	31.4242026394	33.8873498841	7.339
1747	0	4	1	1238	77	21.8546895236	28.6518485641	30.9117006911	6.221
1747	0	4	2	2586	161	21.8546895236	29.8413312417	32.1011833687	9.213
1748	0	4	1	1064	66	24.2760607428	30.2052672267	32.7154976944	11.748
1748	0	4	2	2411	150	24.2760607428	30.7463506067	33.2565810744	14.032
1749	0	4	1	530	33	21.2017879945	30.5724590627	32.7647988643	13.779
1749	0	4	2	1879	117	21.2017879945	29.5390422529	31.7313820546	8.882
1750	0	4	1	259	16	26.6415698439	29.2205024697	31.9753349378	9.685
1750	0	4	2	1604	100	26.6415698439	30.2605489211	33.0153813891	11.275
1751	0	4	1	487	30	26.9362141229	30.5123314692	33.2976311969	14.63
1751	0	4	2	1832	114	26.9362141229	34.942992622	37.7282923497	9.37
1752	0	4	1	1047	65	25.7271011806	29.53895694	32.1992301167	16.583
1752	0	4	2	2400	150	25.7271011806	31.3603696783	34.020642855	18.252
1753	0	4	1	1213	75	18.8612312771	28.7758559563	30.7261739223	6.945
1753	0	4	2	2564	160	18.8612312771	28.1889647273	30.1392826933	7.716
1754	0	4	1	1269	79	20.2125861659	30.9925054098	33.0825582468	11.527
1754	0	4	2	2619	163	20.2125861659	29.3061601795	31.3962130164	11.244
1755	0	4	1	903	56	22.6090097594	26.5940245778	28.9318760828	10.158
1755	0	4	2	2246	140	22.6090097594	28.5077861149	30.8456376199	10.898
1756	0	4	1	347	21	17.4664425743	33.282699536	35.0887914212	9.244
1756	0	4	2	1693	105	17.4664425743	30.2348058187	32.0408977039	6.535
1757	0	4	1	1245	77	18.7826872235	28.757871769	30.7000680023	13.59
1757	0	4	2	2598	162	18.7826872235	29.9144870043	31.8566832376	17.433
1758	0	4	1	1227	76	22.1207065621	31.9530451932	34.240404422	5.811
1758	0	4	2	2578	161	22.1207065621	29.62986347	31.9172226988	7.559
1759	0	4	1	470	29	23.5078130581	28.0545968523	30.4853877945	9.716
1759	0	4	2	1817	113	23.5078130581	28.338342993	30.7691339353	9.181
1760	0	4	1	1033	64	19.964343103	36.2733867019	38.3377703289	5.449
1760	0	4	2	2377	148	19.964343103	28.8510008717	30.9153844986	5.906
1761	0	4	1	490	30	20.9060804976	30.2291180359	32.3908806374	9.937
1761	0	4	2	1833	114	20.9060804976	30.316520544	32.4782831455	6.252
1762	0	4	1	1022	63	25.8731325078	31.7966214658	34.4719947978	11.213
1762	0	4	2	2362	147	25.8731325078	31.960434688	34.6358080199	4.646
1763	0	4	1	485	30	22.8039958456	29.4706785347	31.8286922901	8.645
1763	0	4	2	1831	114	22.8039958456	29.34191446	31.6999282153	11.748
1764	0	4	1	469	29	20.1217133576	31.678124919	33.7587811865	12.41
1764	0	4	2	1817	113	20.1217133576	29.7369677235	31.8176239909	10.929
1765	0	4	1	1250	78	20.8479510317	28.2195339977	30.375285807	4.63
1765	0	4	2	2597	162	20.8479510317	28.8364217653	30.9921735746	9.779
1766	0	4	1	519	32	20.4129786138	30.0391517612	32.1499258853	8.126
1766	0	4	2	1866	116	20.4129786138	30.992890405	33.1036645291	11.622
1768	0	4	1	820	51	30.0193905194	28.4647274944	31.5688385569	4.409
1768	0	4	2	2165	135	30.0193905194	30.1905845285	33.2946955909	12.032
1769	0	4	1	519	32	23.5310731339	30.0031315352	32.4363276515	5.779
1769	0	4	2	1866	116	23.5310731339	30.6474890022	33.0806851185	7.276
1770	0	4	1	793	49	25.3634841532	33.448418534	36.0710924251	7.905
1770	0	4	2	2132	133	25.3634841532	34.1406729654	36.7633468565	11.622
1770	1	4	1	803	50	25.3634841532	33.9228190186	36.5454929097	6.473
1770	1	4	2	2133	133	25.3634841532	31.7534435208	34.3761174119	19.937
1771	0	4	1	1022	63	28.0993769755	29.7513716442	32.6569465212	14.095
1771	0	4	2	2366	147	28.0993769755	24.262534325	27.168109202	14.032
1772	0	4	1	1250	78	23.2135352421	29.7393257464	32.1396873225	4.236
1772	0	4	2	2599	162	23.2135352421	30.5055897037	32.9059512799	18.378
1773	0	4	1	1022	63	23.1142438355	34.0667460061	36.4568404999	10.897
1773	0	4	2	2368	148	23.1142438355	26.8682543498	29.2583488437	20.41
1774	0	4	1	1243	77	21.394610924	23.1192477568	25.3315261307	9.37
1774	0	4	2	2597	162	21.394610924	23.4701037882	25.6823821622	15.087
1775	0	4	1	1240	77	21.8976508006	30.2125281921	32.4768226669	6.347
1775	0	4	2	2590	161	21.8976508006	30.3414648342	32.6057593091	10.882
1776	0	4	1	545	34	24.2637918962	30.7385643451	33.2475261708	17.969
1776	0	4	2	1893	118	24.2637918962	32.334922561	34.8438843866	5.906
1777	0	4	1	139	8	24.7928087647	30.0578755295	32.6215395688	6.882
1777	0	4	2	1480	92	24.7928087647	30.0154005409	32.5790645801	12.158
1778	0	4	1	163	10	18.2668765326	30.3459591523	32.2348187374	4.771
1778	0	4	2	1504	94	18.2668765326	31.2851150507	33.1739746358	7.212
1779	0	4	1	903	56	28.8104067885	33.5894459247	36.568543797	8.567
1779	0	4	2	2246	140	28.8104067885	33.0573293051	36.0364271774	9.527
1780	0	4	1	1265	79	16.4824288976	32.1573772118	33.8617186056	8.488
1780	0	4	2	2615	163	16.4824288976	29.8625549931	31.5668963868	7.969
1781	0	4	1	571	35	23.2610994961	26.4702436231	28.8755235113	14.535
1781	0	4	2	1921	120	23.2610994961	31.6548070244	34.0600869125	9.717
1782	0	4	1	538	33	22.9205319771	33.8189806823	36.1890446855	7.496
1782	0	4	2	1888	118	22.9205319771	33.1792569717	35.5493209749	14.567
1783	0	4	1	888	55	28.0761558811	32.2432999686	35.1464737024	7.969
1783	0	4	2	2231	139	28.0761558811	33.1082800083	36.0114537421	7.118
1784	0	4	1	810	50	26.7258432943	30.6795128515	33.4430594921	5.716
1784	0	4	2	2152	134	26.7258432943	29.83536318	32.5989098206	5.355
1785	0	4	1	1048	65	23.9106494128	34.5434116531	37.015857298	6.599
1785	0	4	2	2400	150	23.9106494128	31.7911389605	34.2635846054	19.37
1786	0	4	1	556	34	21.3035390082	28.4246376775	30.6274988936	4.724
1786	0	4	2	1906	119	21.3035390082	28.9634636359	31.166324852	4.866
1787	0	4	1	1022	63	25.2912523551	30.6565407783	33.2717456462	20
1787	0	4	2	2363	147	25.2912523551	29.34287852	31.9580833879	11.307
1788	0	4	1	431	26	20.9652196166	30.7495998143	32.9174776097	9.087
1788	0	4	2	1779	111	20.9652196166	27.148429712	29.3163075073	6.551
1789	0	4	1	487	30	25.256339744	31.140766509	33.7523612895	14.819
1789	0	4	2	1834	114	25.256339744	30.5328920338	33.1444868143	8.661
1790	0	4	1	918	57	23.1147571293	28.2496999951	30.6398475654	18.913
1790	0	4	2	2261	141	23.1147571293	27.7563825426	30.1465301129	9.37
1791	0	4	1	1000	62	26.9541181946	33.0124971576	35.7996482296	10.315
1791	0	4	2	2340	146	26.9541181946	34.6318290195	37.4189800915	9.843
1792	0	4	1	71	4	22.3272114863	23.788521604	26.0972341717	16.772
1792	0	4	2	1408	88	22.3272114863	27.8114281487	30.1201407164	11.055
1793	0	4	1	174	10	25.0573609398	27.7886257501	30.3796454191	6.094
1793	0	4	2	1517	94	25.0573609398	29.5371873662	32.1282070352	8.441
1794	0	4	1	1081	67	23.7783894666	31.6267343243	34.0855038234	5.165
1794	0	4	2	2428	151	23.7783894666	27.8705930803	30.3293625793	6.126
1795	0	4	1	1064	66	25.8332734954	30.2546078772	32.9258596464	14.063
1795	0	4	2	2412	150	25.8332734954	28.7082941992	31.3795459684	11.685
1796	0	4	1	1258	78	15.6053569444	29.7228311387	31.3364801931	8.378
1796	0	4	2	2609	163	15.6053569444	28.1692894926	29.782938547	17.748
1797	0	4	1	1057	66	23.5858341083	27.7691295716	30.2079881662	11.496
1797	0	4	2	2402	150	23.5858341083	27.2899000246	29.7287586191	20.977
1798	0	4	1	1246	77	20.9022497459	29.0405293452	31.2018958335	15.417
1798	0	4	2	2597	162	20.9022497459	28.1159448643	30.2773113525	21.464
1799	0	4	1	806	50	25.1098474664	32.8133254054	35.4097723667	7.055
1799	0	4	2	2149	134	25.1098474664	29.0739292041	31.6703761655	9.591
