event_index	pair_index	fold	layer	pixel	half_bar	ecal_time_ns	cdet_time_master_ns	cdet_time_candidate_ns	tot_ns
0	0	0	1	250	15	27.5054721476	28.7791965648	30.6752588546	5.339
0	0	0	2	1593	99	27.5054721476	29.1052445903	31.0013068801	8.221
1	0	0	1	918	57	20.5254250843	27.776590662	29.191490369	5.307
1	0	0	2	2265	141	20.5254250843	27.2373594252	28.6522591323	7.843
2	0	0	1	584	36	25.8713155007	28.0445567856	29.8279701168	8.409
2	0	0	2	1933	120	25.8713155007	29.1726329243	30.9560462555	5.842
3	0	0	1	1255	78	15.0064448166	30.7683879292	31.8028422359	8
3	0	0	2	2604	162	15.0064448166	32.6774213902	33.7118756969	12
4	0	0	1	248	15	26.3067172765	31.2048776272	33.0183049455	7.811
4	0	0	2	1591	99	26.3067172765	29.2243287783	31.0377560966	8.819
5	0	0	1	152	9	24.6505715387	30.3570958931	32.0563584568	9.528
5	0	0	2	1499	93	24.6505715387	29.5627195981	31.2619821618	6.157
6	0	0	1	898	56	26.571461127	29.9566372065	31.7883143781	10.961
6	0	0	2	2240	140	26.571461127	29.6262035672	31.4578807388	11.465
7	0	0	1	520	32	16.5645334613	31.0696638589	32.2115234523	12.22
7	0	0	2	1866	116	16.5645334613	32.8389432554	33.9808028488	6.708
8	0	0	1	961	60	24.6731766633	35.4469076919	37.1477285173	7.78
8	0	0	2	2305	144	24.6731766633	37.2833535795	38.9841744049	9.354
9	0	0	1	1259	78	16.8668256976	26.8586902921	28.0213880993	5.055
9	0	0	2	2609	163	16.8668256976	28.3123052618	29.4750030691	15.685
10	0	0	1	566	35	19.1340884338	30.7946051713	32.113594474	7.748
10	0	0	2	1913	119	19.1340884338	26.0827936897	27.4017829925	10.63
11	0	0	1	933	58	26.5648043589	33.658122096	35.48934039	9.685
11	0	0	2	2278	142	26.5648043589	33.9675642169	35.7987825108	7.15
12	0	0	1	585	36	19.9944624426	31.2818835343	32.6601818612	10.221
12	0	0	2	1936	121	19.9944624426	30.5336622676	31.9119605945	11.213
13	0	0	1	1220	76	19.3818475701	30.4034628545	31.7395311861	13.591
13	0	0	2	2569	160	19.3818475701	29.8769335504	31.213001882	14.992
14	0	0	1	1055	65	28.5078648363	28.2007385626	30.1658997926	12.677
14	0	0	2	2392	149	28.5078648363	27.3988185661	29.3639797962	6.095
15	0	0	1	1211	75	17.5299236796	29.15951836	30.3679261653	7.59
15	0	0	2	2561	160	17.5299236796	29.7198390523	30.9282468576	13.071
16	0	0	1	159	9	24.3222737383	32.2181948901	33.8948265723	10
16	0	0	2	1499	93	24.3222737383	31.9510931978	33.6277248801	20.772
16	1	0	1	158	9	24.3222737383	29.8272703779	31.5039020601	6.771
16	1	0	2	1498	93	24.3222737383	31.4467568504	33.1233885326	12
17	0	0	1	1223	76	22.3165060516	31.985550072	33.5239161592	6.756
17	0	0	2	2594	162	22.3165060516	19.2815560218	20.819922109	22.063
18	0	0	1	833	52	26.8031253064	31.7469206163	33.5945673271	5.654
18	0	0	2	2175	135	26.8031253064	28.3430966725	30.1907433833	10.032
19	0	0	1	226	14	23.329862594	28.5866814988	30.1949023086	7.402
19	0	0	2	1569	98	23.329862594	29.933909173	31.5421299828	9.355
20	0	0	1	160	10	23.5141302738	31.0287540221	32.6496771406	5.023
20	0	0	2	1502	93	23.5141302738	27.0465729979	28.6674961164	14.803
21	0	0	1	778	48	24.3791511207	28.970906388	30.6514588558	7.968
21	0	0	2	2118	132	24.3791511207	29.1488256254	30.8293780933	14.662
22	0	0	1	601	37	25.0810219592	29.5978451475	31.3267803815	10.582
22	0	0	2	1952	122	25.0810219592	30.296770814	32.0257060481	7.276
24	0	0	1	1230	76	20.1438020644	26.9304545051	28.3190474099	11.937
24	0	0	2	2581	161	20.1438020644	28.0597048681	29.4482977729	13.937
25	0	0	1	1004	62	19.193456502	32.3928451906	33.7159269719	10.063
25	0	0	2	2350	146	19.193456502	31.1640712949	32.4871530762	7.969
26	0	0	1	291	18	28.9513676831	33.8137170571	35.8094507136	4.914
26	0	0	2	1634	102	28.9513676831	32.3110399993	34.3067736557	10.158
27	0	0	1	1243	77	16.3860585737	31.2565045426	32.3860611476	14.504
27	0	0	2	2593	162	16.3860585737	28.9274783986	30.0570350036	16.535
28	0	0	1	1234	77	23.5211293186	29.3813929885	31.0027985792	10.598
28	0	0	2	2584	161	23.5211293186	29.9811270942	31.6025326849	12.157
29	0	0	1	1026	64	26.4096720482	30.2415674718	32.0620918746	12.74
29	0	0	2	2372	148	26.4096720482	24.1712186737	25.9917430766	15.906
30	0	0	1	333	20	21.2661623635	28.3926996834	29.8586613761	10.063
30	0	0	2	1677	104	21.2661623635	30.3509370592	31.8168987518	6.41
31	0	0	1	1057	66	26.4205538077	30.7994300657	32.6207045918	10.756
31	0	0	2	2401	150	26.4205538077	31.5832676199	33.404542146	20.977
31	1	0	1	1048	65	26.4205538077	33.6748501814	35.4961247075	7.906
31	1	0	2	2387	149	26.4205538077	32.3444972055	34.1657717316	4.913
31	2	0	1	1056	66	26.4205538077	33.2180534758	35.0393280018	9.008
31	2	0	2	2403	150	26.4205538077	30.3320722149	32.153346741	18.063
32	0	0	1	897	56	27.4487377048	30.3276009044	32.2197522619	8
32	0	0	2	2241	140	27.4487377048	28.4659586482	30.3581100057	6.961
34	0	0	1	266	16	27.2124410558	30.8865164709	32.7623789547	11.37
34	0	0	2	1610	100	27.2124410558	30.8152234716	32.6910859553	12.425
35	0	0	1	1013	63	24.6548595088	29.2038000729	30.9033582235	9.512
35	0	0	2	2358	147	24.6548595088	31.3414372796	33.0409954302	11.59
36	0	0	1	567	35	24.9128870416	32.7360086402	34.4533536614	8.347
36	0	0	2	1914	119	24.9128870416	29.7972083747	31.514553396	9.968
37	0	0	1	1255	78	22.2677440548	29.4406158665	30.9756205941	11.086
37	0	0	2	2603	162	22.2677440548	29.6149594963	31.1499642239	18.756
38	0	0	1	1234	77	23.3460982573	29.2895742792	30.8989142782	7.087
38	0	0	2	2584	161	23.3460982573	30.2668998775	31.8762398765	12.788
39	0	0	1	1250	78	20.5803219889	30.1251336005	31.5438175709	4.063
39	0	0	2	2599	162	20.5803219889	30.6764326803	32.0951166508	19.748
40	0	0	1	953	59	23.9968218977	30.8096606764	32.4638576606	6.567
40	0	0	2	2295	143	23.9968218977	29.9864281166	31.6406251008	4.472
41	0	0	1	308	19	19.4156180819	31.7492912878	33.0876875561	9.748
41	0	0	2	1651	103	19.4156180819	30.6157065445	31.9541028127	6.126
42	0	0	1	1268	79	18.1049273344	33.7028038349	34.9508489437	8.882
42	0	0	2	2615	163	18.1049273344	30.35199132	31.6000364288	12.41
43	0	0	1	429	26	26.5577234661	34.1080949114	35.9388250911	10.41
43	0	0	2	1760	110	26.5577234661	31.6546956671	33.4854258468	12.378
44	0	0	1	998	62	23.7865816477	28.1227571233	29.7624614055	5.622
44	0	0	2	2343	146	23.7865816477	29.3199108607	30.959615143	17.843
45	0	0	1	1256	78	23.3120382676	29.9976295139	31.6046216215	7.937
45	0	0	2	2602	162	23.3120382676	30.734236963	32.3412290706	11.716
46	0	0	1	481	30	19.4407838625	30.5640608691	31.9041919153	17.527
46	0	0	2	1827	114	19.4407838625	28.3819190639	29.7220501101	4.158
47	0	0	1	1218	76	24.3737196647	30.468226145	32.1484042008	5.181
47	0	0	2	2562	160	24.3737196647	28.769411465	30.4495895209	12.347
49	0	0	1	821	51	27.4880329879	24.4765151269	26.3713752657	4.283
49	0	0	2	2165	135	27.4880329879	27.5619222163	29.456782355	16.441
50	0	0	1	1224	76	25.4507384659	31.6601945696	33.4146158424	11.559
50	0	0	2	2575	160	25.4507384659	31.3492969968	33.1037182695	8.536
51	0	0	1	994	62	22.3227377235	27.0036965928	28.5424922541	11.622
51	0	0	2	2337	146	22.3227377235	28.4635901036	30.0023857649	7.464
52	0	0	1	549	34	23.5737885564	28.3259753855	29.9510109883	8.913
52	0	0	2	1897	118	23.5737885564	27.4129816732	29.0380172759	8.693
53	0	0	1	1026	64	29.1588581006	29.4355983092	31.4456351106	10.095
53	0	0	2	2372	148	29.1588581006	26.1094465036	28.1194833051	12.126
54	0	0	1	1000	62	24.4210598514	31.0656810865	32.7491224909	8.284
54	0	0	2	2345	146	24.4210598514	30.1258584973	31.8092999017	4.819
55	0	0	1	413	25	26.8302615181	30.3291554411	32.1786727596	6.315
55	0	0	2	1760	110	26.8302615181	29.7915213364	31.6410386549	8.094
56	0	0	1	340	21	25.8286830127	29.754046216	31.5345207191	8.283
56	0	0	2	1684	105	25.8286830127	29.4632121316	31.2436866348	5.937
57	0	0	1	1103	68	23.3730461173	28.8741585813	30.4853562042	7.024
57	0	0	2	2452	153	23.3730461173	30.224030988	31.8352286109	7.149
58	0	0	1	1001	62	30.5772902062	32.3826017172	34.4904167212	9.811
58	0	0	2	2347	146	30.5772902062	31.5118045839	33.6196195879	16.504
58	1	0	1	1003	62	30.5772902062	30.3349051674	32.4427201713	14.536
58	1	0	2	2338	146	30.5772902062	34.5615363027	36.6693513067	8.346
59	0	0	1	1246	77	22.5663014348	32.0547527676	33.6103382504	10.409
59	0	0	2	2597	162	22.5663014348	28.9817806813	30.5373661641	19.874
60	0	0	1	1243	77	21.4960352641	19.6661811293	21.1479888811	11.465
60	0	0	2	2593	162	21.4960352641	20.5920491359	22.0738568877	7.418
61	0	0	1	1245	77	21.8643513777	31.0836840941	32.5908813498	9.937
61	0	0	2	2596	162	21.8643513777	32.2747544512	33.7819517069	17.811
62	0	0	1	267	16	25.7419774062	31.234440328	33.0089378666	6.661
62	0	0	2	1610	100	25.7419774062	32.7432619986	34.5177595372	7.811
63	0	0	1	521	32	18.6691724111	30.0324571917	31.3193979721	7.433
63	0	0	2	1867	116	18.6691724111	31.222250851	32.5091916314	12.787
64	0	0	1	1033	64	21.2932304582	37.6357930359	39.1036206406	6.063
64	0	0	2	2377	148	21.2932304582	28.8062569831	30.2740845879	6.095
65	0	0	1	1061	66	22.2015981994	34.9566604897	36.4871055187	7.276
65	0	0	2	2408	150	22.2015981994	31.2322328401	32.7626778691	11.748
66	0	0	1	822	51	19.378804257	30.7575304066	32.0933889505	7.244
66	0	0	2	2166	135	19.378804257	24.8775171954	26.2133757393	17.433
67	0	0	1	210	13	27.2395163919	28.7508923203	30.6286212154	10.456
67	0	0	2	1552	97	27.2395163919	27.7014349432	29.5791638382	6.409
68	0	0	1	1236	77	21.9889959096	31.4028375361	32.9186270384	11.653
68	0	0	2	2585	161	21.9889959096	30.9753370549	32.4911265571	11.181
70	0	0	1	469	29	22.2391860232	28.9788961415	30.5119322497	14.441
70	0	0	2	1816	113	22.2391860232	31.3394610854	32.8724971936	7.811
71	0	0	1	1257	78	20.852085971	31.4402739384	32.8776916879	6.85
71	0	0	2	2604	162	20.852085971	30.7931903972	32.2306081467	16.441
72	0	0	1	528	33	16.3031346881	25.0401944169	26.1640347466	15.338
72	0	0	2	1859	116	16.3031346881	33.2118027242	34.3356430539	10.488
73	0	0	1	740	46	26.9251330508	31.318700784	33.174757977	14.504
73	0	0	2	2079	129	26.9251330508	32.0645808317	33.9206380246	7.843
74	0	0	1	1001	62	21.9570389689	29.9728201164	31.4864066988	13.134
74	0	0	2	2349	146	21.9570389689	29.1172058317	30.6307924141	10.063
74	1	0	1	1009	63	21.9570389689	29.4247291277	30.93831571	5.212
74	1	0	2	2357	147	21.9570389689	31.3743587639	32.8879453462	9.937
75	0	0	1	309	19	24.5308140861	31.9260888142	33.6170960174	15.087
75	0	0	2	1653	103	24.5308140861	33.048332223	34.7393394261	13.134
76	0	0	1	1030	64	28.9915808061	28.4142609052	30.4127666132	8.74
76	0	0	2	2374	148	28.9915808061	31.0689291641	33.0674348721	12.031
77	0	0	1	347	21	25.5530131126	31.5382582065	33.29972968	4.41
77	0	0	2	1691	105	25.5530131126	31.6860774593	33.4475489328	8.945
78	0	0	1	309	19	25.9006298125	31.1077467645	32.8931808485	12.504
78	0	0	2	1653	103	25.9006298125	33.480861905	35.2662959891	11.04
80	0	0	1	542	33	25.4159644182	33.4299323904	35.1819565489	8.252
80	0	0	2	1891	118	25.4159644182	27.4742659215	29.22629008	14.961
81	0	0	1	1240	77	21.715823615	28.7922735696	30.2892322121	8.252
81	0	0	2	2589	161	21.715823615	26.2790362483	27.7759948908	14.315
82	0	0	1	491	30	24.1633605351	31.7353318917	33.4010090508	11.544
82	0	0	2	1837	114	24.1633605351	28.8143983666	30.4800755257	9.559
83	0	0	1	469	29	19.9337435515	41.4351639843	42.809276715	13.433
83	0	0	2	1826	114	19.9337435515	32.8340098295	34.2081225602	9.181
84	0	0	1	530	33	25.720417112	29.1917610583	30.9647723595	13.748
84	0	0	2	1879	117	25.720417112	29.2023593949	30.9753706962	7.78
85	0	0	1	298	18	24.1869577781	29.0822742717	30.7495780832	11.008
85	0	0	2	1642	102	24.1869577781	30.8701832584	32.5374870699	9.653
86	0	0	1	586	36	20.4138286593	30.7023955271	32.1096024459	12.157
86	0	0	2	1928	120	20.4138286593	31.522617231	32.9298241498	9.339
88	0	0	1	1090	68	25.0253946792	31.6881143292	33.4132149523	10.913
88	0	0	2	2434	152	25.0253946792	29.9437071171	31.6688077401	7.166
89	0	0	1	310	19	25.4383555802	31.4897440225	33.2433116934	9.197
89	0	0	2	1655	103	25.4383555802	30.8974649926	32.6510326634	16.74
90	0	0	1	583	36	17.7665919977	30.2903476558	31.5150699555	9.591
90	0	0	2	1931	120	17.7665919977	30.9232683551	32.1479906549	8.882
91	0	0	1	86	5	28.2293171614	16.7144499579	18.6604097818	12.095
91	0	0	2	1426	89	28.2293171614	28.9625185468	30.9084783707	11.134
92	0	0	1	1254	78	21.5474127397	29.1543598056	30.6397092124	5.464
92	0	0	2	2601	162	21.5474127397	30.7462427247	32.2315921315	5.654
93	0	0	1	415	25	20.3915808413	30.2117157144	31.6173890021	7.433
93	0	0	2	1762	110	20.3915808413	29.3831249238	30.7887982115	8
94	0	0	1	530	33	22.9603078364	28.8285443813	30.4112903025	9.275
94	0	0	2	1879	117	22.9603078364	29.6676493914	31.2503953126	6.252
95	0	0	1	1256	78	26.1213526045	31.0081235241	32.8087729137	6.567
95	0	0	2	2604	162	26.1213526045	31.1362528713	32.9369022609	17.685
96	0	0	1	253	15	23.1375695102	29.8066519596	31.4016172374	8.063
96	0	0	2	1595	99	23.1375695102	32.6521013343	34.2470666121	9.464
97	0	0	1	485	30	20.8754132185	12.0515494651	13.4905752551	15.244
97	0	0	2	1830	114	20.8754132185	14.5447625654	15.9837883555	11.039
98	0	0	1	469	29	19.1608627536	27.1045699874	28.4254049511	14.031
98	0	0	2	1814	113	19.1608627536	28.3837390806	29.7045740444	5.04
101	0	0	1	259	16	25.4708087838	26.7675693909	28.523374191	5.937
101	0	0	2	1602	100	25.4708087838	29.5442846566	31.3000894567	7.701
102	0	0	1	1246	77	20.1333297307	30.5025402341	31.890411239	10.582
102	0	0	2	2597	162	20.1333297307	27.9418021283	29.3296731332	25.622
103	0	0	1	987	61	26.0920235559	23.8420256978	25.6406533187	12.315
103	0	0	2	2337	146	26.0920235559	27.1613374814	28.9599651022	5.103
104	0	0	1	338	21	22.4188899627	28.4602852242	30.0057090442	12.094
104	0	0	2	1681	105	22.4188899627	29.1675245918	30.7129484118	13.543
105	0	0	1	112	7	26.7233965792	26.7369966719	28.5791473624	7.339
105	0	0	2	1453	90	26.7233965792	30.9247018825	32.766852573	9.26
106	0	0	1	937	58	28.9241099092	28.0383854616	30.0322401306	11.339
106	0	0	2	2282	142	28.9241099092	31.205271603	33.199126272	10.441
107	0	0	1	282	17	27.0171501342	31.5135170035	33.3759173023	11.433
107	0	0	2	1626	101	27.0171501342	28.9390771126	30.8014774114	6.898
108	0	0	1	1003	62	23.7046141929	31.115666143	32.7497200805	8.158
108	0	0	2	2349	146	23.7046141929	30.5322727181	32.1663266556	10.929
109	0	0	1	1009	63	27.9339121577	29.7863101594	31.711906534	14.456
109	0	0	2	2356	147	27.9339121577	30.2171672222	32.1427635968	8.536
111	0	0	1	347	21	26.1327787983	33.6950817133	35.4965187561	8.095
111	0	0	2	1690	105	26.1327787983	32.7257330012	34.527170044	17.118
112	0	0	1	1229	76	22.8933379683	31.3820655627	32.9601949828	11.622
112	0	0	2	2579	161	22.8933379683	30.1485445868	31.7266740068	14.315
113	0	0	1	1081	67	29.3378902226	27.6511159711	29.6734941733	14.126
113	0	0	2	2427	151	29.3378902226	29.8485438172	31.8709220194	7.874
114	0	0	1	158	9	26.0034401421	31.8307236021	33.6232448137	13.401
114	0	0	2	1498	93	26.0034401421	31.2320635871	33.0245847986	15.276
115	0	0	1	108	6	26.0961809624	28.9257827884	30.7246969959	24.693
115	0	0	2	1450	90	26.0961809624	31.8094777838	33.6083919913	14.803
116	0	0	1	486	30	23.3614792825	32.4541884783	34.064588753	11.512
116	0	0	2	1831	114	23.3614792825	30.1063579696	31.7167582443	8.473
117	0	0	1	443	27	22.3285572655	28.7333716813	30.2725685069	7.968
117	0	0	2	1790	111	22.3285572655	26.6126000309	28.1517968565	9.37
118	0	0	1	1006	62	28.1091077892	32.3264208166	34.2640941273	5.26
118	0	0	2	2350	146	28.1091077892	32.5696539304	34.5073272411	6.771
119	0	0	1	1250	78	19.5562634091	29.3656788661	30.7137703797	5.654
119	0	0	2	2599	162	19.5562634091	27.7914008915	29.1394924051	22.063
120	0	0	1	739	46	25.4010488253	28.7357210028	30.4867169697	4.898
120	0	0	2	2078	129	25.4010488253	27.8290693082	29.5800652751	11.905
121	0	0	1	1060	66	27.2736735027	25.6677605059	27.5478439873	6.394
121	0	0	2	2408	150	27.2736735027	25.3936292338	27.2737127152	24.582
122	0	0	1	1062	66	24.2217498338	29.2447615317	30.9144636988	5.023
122	0	0	2	2410	150	24.2217498338	34.7175520324	36.3872541995	10.22
123	0	0	1	1233	77	21.6960589791	26.6676238615	28.1632200485	12.708
123	0	0	2	2583	161	21.6960589791	32.0924460804	33.5880422675	11.906
124	0	0	1	1264	79	23.120709824	30.315064493	31.9088675652	5.78
124	0	0	2	2612	163	23.120709824	32.9623937623	34.5561968344	10.441
124	1	0	1	1262	78	23.120709824	30.8217143697	32.4155174419	4.315
124	1	0	2	2615	163	23.120709824	30.399859415	31.9936624872	11.055
125	0	0	1	1031	64	29.0348459272	22.3247437478	24.3262318937	7.748
125	0	0	2	2375	148	29.0348459272	35.0389252167	37.0404133626	8.882
126	0	0	1	920	57	22.5343540292	28.5926322667	30.1460154869	13.685
126	0	0	2	2264	141	22.5343540292	31.8320637619	33.3854469822	4.347
127	0	0	1	1019	63	28.1196156544	30.7267581661	32.665155826	8.961
127	0	0	2	2366	147	28.1196156544	30.3173532618	32.2557509217	10.441
128	0	0	1	915	57	28.8545149098	28.1047328351	30.0937900422	7.086
128	0	0	2	2263	141	28.8545149098	29.2039157755	31.1929729826	7.811
129	0	0	1	1255	78	23.2726196939	27.7909493929	29.3952242205	7.433
129	0	0	2	2602	162	23.2726196939	27.9027974167	29.5070722443	16.662
130	0	0	1	524	32	17.9711928745	30.7041633063	31.9429895634	7.433
130	0	0	2	1872	117	17.9711928745	30.3924297161	31.6312559732	10.945
131	0	0	1	1089	68	25.6185410903	30.3347692344	32.1007578137	5.559
131	0	0	2	2439	152	25.6185410903	30.0288218416	31.7948104209	14.315
132	0	0	1	1019	63	21.1620270941	34.2386539046	35.6974371363	13.622
132	0	0	2	2364	147	21.1620270941	32.7659648863	34.224748118	14.158
133	0	0	1	470	29	21.3232225317	31.515431806	32.9853268844	9.339
133	0	0	2	1816	113	21.3232225317	29.8138107194	31.2837057978	8.866
134	0	0	1	1246	77	23.4045788367	31.2323549751	32.8457262746	7.685
134	0	0	2	2601	162	23.4045788367	26.6968187014	28.3101900009	14.315
135	0	0	1	308	19	23.8068151058	33.8336810462	35.4747801017	7.323
135	0	0	2	1653	103	23.8068151058	33.69487969	35.3359787455	13.701
136	0	0	1	592	37	19.235619731	29.6724705484	30.9984588098	8.535
136	0	0	2	1941	121	19.235619731	27.8299773258	29.1559655873	6.803
137	0	0	1	1245	77	21.6029537991	26.7642299496	28.253408024	4.992
137	0	0	2	2601	162	21.6029537991	14.8586185625	16.3477966369	5.496
138	0	0	1	788	49	32.79253568	23.4528203294	25.7133410708	7.59
138	0	0	2	2121	132	32.79253568	30.8933646325	33.1538853738	9.811
139	0	0	1	1275	79	18.0282670888	28.2831828079	29.5259434191	17.748
139	0	0	2	2625	164	18.0282670888	28.2225366547	29.4652972659	17.212
140	0	0	1	1243	77	24.7847716942	28.6112882655	30.319801783	9.181
140	0	0	2	2593	162	24.7847716942	27.1608508806	28.8693643981	10.756
141	0	0	1	771	48	25.8737554031	31.2147829709	32.9983644943	9.464
141	0	0	2	2111	131	25.8737554031	32.0650706361	33.8486521595	11.685
142	0	0	1	1230	76	22.570454098	31.3837195904	32.9395913329	5.842
142	0	0	2	2581	161	22.570454098	30.2489993294	31.8048710719	9.591
143	0	0	1	490	30	19.6384102827	25.7498076549	27.1035618813	10.315
143	0	0	2	1834	114	19.6384102827	25.1798190848	26.5335733112	9.653
144	0	0	1	773	48	24.2910236704	34.6002476043	36.2747250943	6.158
144	0	0	2	2114	132	24.2910236704	30.138396444	31.812873934	12.441
146	0	0	1	167	10	23.5086415378	31.3001305128	32.9206752708	8.346
146	0	0	2	1509	94	23.5086415378	32.9834986529	34.6040434108	9.59
147	0	0	1	1279	79	21.161034781	29.53068544	30.9894002676	6.378
147	0	0	2	2629	164	21.161034781	29.8818206577	31.3405354853	15.937
148	0	0	1	1218	76	23.3944818441	26.0842813779	27.6969566512	4.409
148	0	0	2	2567	160	23.3944818441	28.3103404946	29.9230157679	8.803
149	0	0	1	154	9	24.5843628945	31.4592599186	33.1539584554	15.811
149	0	0	2	1495	93	24.5843628945	32.4023247048	34.0970232416	17.15
150	0	0	1	488	30	25.7779043245	31.2694458541	33.046419979	13.276
150	0	0	2	1832	114	25.7779043245	32.6882958261	34.465269951	9.496
152	0	0	1	488	30	22.5600375032	30.9154959572	32.4706496422	10.756
152	0	0	2	1833	114	22.5600375032	30.546831424	32.1019851089	7.874
153	0	0	1	1019	63	24.1336100137	32.6843137768	34.3479401133	17.15
153	0	0	2	2363	147	24.1336100137	31.3134036868	32.9770300233	5.464
154	0	0	1	1253	78	21.2620932155	32.0408934055	33.5065745955	7.59
154	0	0	2	2600	162	21.2620932155	31.6494299125	33.1151111025	7.717
155	0	0	1	903	56	31.7222260006	31.118467711	33.3052077221	15.496
155	0	0	2	2246	140	31.7222260006	31.9268649888	34.1136049998	8.598
156	0	0	1	1224	76	23.2564104453	30.2422767662	31.8454342253	13.906
156	0	0	2	2573	160	23.2564104453	32.4500634029	34.053220862	11.386
157	0	0	1	930	58	31.0889450599	26.7190291541	28.8621145751	6.614
157	0	0	2	2272	142	31.0889450599	26.6423379417	28.7854233628	7.244
158	0	0	1	273	17	22.3236932076	29.1674766031	30.7063381297	13.433
158	0	0	2	1616	101	22.3236932076	30.3828325578	31.9216940844	15.149
159	0	0	1	1268	79	21.1960879487	28.8111573149	30.2722884977	8.504
159	0	0	2	2618	163	21.1960879487	31.1777852529	32.6389164356	4.284
160	0	0	1	881	55	24.8475173038	27.8900567883	29.6028956119	14.378
160	0	0	2	2225	139	24.8475173038	27.2428988695	28.9557376931	5.323
161	0	0	1	1024	64	25.7191490416	19.4336589537	21.2065828418	7.024
161	0	0	2	2370	148	25.7191490416	27.0429848367	28.8159087248	12.771
162	0	0	1	470	29	22.2393359091	28.7969679062	30.3300143466	9.055
162	0	0	2	1817	113	22.2393359091	31.5919608946	33.125007335	9.307
163	0	0	1	1269	79	21.6729541732	30.1883257992	31.6823292795	9.149
163	0	0	2	2619	163	21.6729541732	29.0495272525	30.5435307328	8.63
164	0	0	1	1257	78	18.1315975078	32.3073375758	33.5572211664	4.803
164	0	0	2	2612	163	18.1315975078	33.3568013481	34.6066849387	6.96
165	0	0	1	1003	62	29.5476404427	35.072476195	37.1093133194	9.843
165	0	0	2	2350	146	29.5476404427	34.0195544884	36.0563916129	9.811
166	0	0	1	932	58	25.976176027	30.0229447231	31.8135865101	11.748
166	0	0	2	2274	142	25.976176027	30.5932540666	32.3838958536	11.37
167	0	0	1	1255	78	23.3108554912	29.0998642512	30.7067748253	6.378
167	0	0	2	2602	162	23.3108554912	29.3558352104	30.9627457845	7.905
168	0	0	1	1230	76	22.270041113	26.044861477	27.58002455	9.449
168	0	0	2	2580	161	22.270041113	29.30232458	30.837487653	8.315
169	0	0	1	1256	78	21.5983552139	29.9487678554	31.4376289308	5.969
169	0	0	2	2604	162	21.5983552139	32.389896583	33.8787576584	15.275
171	0	0	1	1093	68	22.4484595173	26.1014793686	27.6489415363	13.086
171	0	0	2	2441	152	22.4484595173	26.4596404949	28.0071026626	14.567
173	0	0	1	567	35	27.4319212971	33.0321916083	34.9231837436	8
173	0	0	2	1915	119	27.4319212971	36.2429749655	38.1339671008	8
174	0	0	1	1241	77	22.7720002049	31.8802574207	33.4500225431	6.378
174	0	0	2	2590	161	22.7720002049	32.9668606095	34.5366257318	8.882
175	0	0	1	933	58	27.4546404409	29.6502086599	31.5427669167	9.244
175	0	0	2	2276	142	27.4546404409	31.1826814479	33.0752397047	4.441
176	0	0	1	154	9	24.5924159954	28.547180823	30.2424344922	10
176	0	0	2	1497	93	24.5924159954	28.8475954608	30.5428491301	7.685
177	0	0	1	1259	78	20.3071092093	30.212186066	31.6120363859	6.819
177	0	0	2	2609	163	20.3071092093	29.4618740264	30.8617243464	13.276
178	0	0	1	1243	77	20.2868475303	30.03972554	31.4381791413	8.834
178	0	0	2	2594	162	20.2868475303	30.5385118112	31.9369654125	17.433
179	0	0	1	1022	63	25.9847395687	23.9962029024	25.7874350086	6.158
179	0	0	2	2370	148	25.9847395687	20.8943392097	22.6855713159	14.614
180	0	0	1	519	32	21.7800727953	29.59804258	31.0994301757	4.031
180	0	0	2	1838	114	21.7800727953	31.9684500782	33.4698376739	17.716
181	0	0	1	1014	63	25.0940448518	31.7923298835	33.5221628378	9.748
181	0	0	2	2360	147	25.0940448518	29.8640953303	31.5939282845	11.338
181	1	0	1	1012	63	25.0940448518	26.5028328614	28.2326658156	12.835
181	1	0	2	2357	147	25.0940448518	29.5869317079	31.3167646621	16.882
182	0	0	1	1234	77	21.2443370847	31.5459259044	33.0103830932	7.874
182	0	0	2	2584	161	21.2443370847	32.1078341193	33.5722913081	7.433
183	0	0	1	895	55	30.4524828314	32.0368956982	34.1361072303	11.024
183	0	0	2	2238	139	30.4524828314	30.9523510328	33.0515625649	11.653
184	0	0	1	1213	75	21.0878674055	31.945188273	33.3988593805	6.614
184	0	0	2	2562	160	21.0878674055	33.2708741006	34.7245452081	12.504
185	0	0	1	452	28	26.4499601045	27.8547471191	29.678048739	17.937
185	0	0	2	1798	112	26.4499601045	28.654934868	30.4782364878	6
186	0	0	1	1022	63	28.6812353615	27.9829537811	29.9600661354	7.653
186	0	0	2	2368	148	28.6812353615	30.8297791659	32.8068915202	14.189
187	0	0	1	902	56	28.9576253537	31.3980513286	33.3942163514	10.708
187	0	0	2	2242	140	28.9576253537	30.6948846785	32.6910497012	4.315
188	0	0	1	1229	76	24.4407429885	26.653102647	28.3379008888	5.181
188	0	0	2	2579	161	24.4407429885	29.1213448817	30.8061431236	13.528
188	1	0	1	1230	76	24.4407429885	26.0942899442	27.779088186	6.472
188	1	0	2	2572	160	24.4407429885	35.7771476252	37.4619458671	11.622
189	0	0	1	1004	62	24.8819642705	29.3917515513	31.1069649422	16.614
189	0	0	2	2351	146	24.8819642705	27.8519386094	29.5671520003	4.898
190	0	0	1	472	29	23.7627446481	15.7464920204	17.3845531229	7.748
190	0	0	2	1821	113	23.7627446481	29.6361319979	31.2741931003	12
191	0	0	1	1265	79	24.9293606906	29.411074936	31.1295555518	6.094
191	0	0	2	2615	163	24.9293606906	30.2418737774	31.9603543932	16.551
192	0	0	1	469	29	20.7135480021	27.306603116	28.7344708888	13.103
192	0	0	2	1817	113	20.7135480021	29.0221789629	30.4500467357	12.441
193	0	0	1	519	32	17.9570335649	30.0215484525	31.2593986517	4.283
193	0	0	2	1865	116	17.9570335649	29.4894753208	30.7273255201	5.275
194	0	0	1	1062	66	26.9234100597	23.7487735737	25.604711994	4.126
194	0	0	2	2411	150	26.9234100597	25.2148899034	27.0708283237	13.307
195	0	0	1	1268	79	21.5675922518	31.5735930774	33.0603335387	7.748
195	0	0	2	2616	163	21.5675922518	32.1137608289	33.6005012902	14.74
196	0	0	1	763	47	22.0615593477	31.5877886326	33.108580223	16.252
196	0	0	2	2105	131	22.0615593477	30.6714624153	32.1922540057	4.252
196	1	0	1	762	47	22.0615593477	35.0225497032	36.5433412937	4.803
196	1	0	2	2113	132	22.0615593477	31.1820491671	32.7028407576	14.504
197	0	0	1	902	56	30.9363184267	30.9453779237	33.07794218	4.032
197	0	0	2	2242	140	30.9363184267	30.3361503177	32.468714574	4.929
198	0	0	1	1063	66	26.3309677334	32.5515782599	34.3666772593	7.716
198	0	0	2	2411	150	26.3309677334	31.4474982191	33.2625972185	11.905
199	0	0	1	820	51	24.6828636388	29.6265339957	31.3280225831	10.914
199	0	0	2	2165	135	24.6828636388	30.4615153384	32.1630039258	13.843
200	0	0	1	806	50	26.4714497684	28.6933541406	30.518137129	13.244
200	0	0	2	2148	134	26.4714497684	27.4504251579	29.2752081463	19.086
201	0	0	1	807	50	22.9883500637	31.5103920863	33.0950710704	8.126
201	0	0	2	2151	134	22.9883500637	28.2227670988	29.8074460829	13.149
202	0	0	1	1062	66	16.7627505066	30.21928272	31.3748062078	11.748
202	0	0	2	2410	150	16.7627505066	28.5826393985	29.7381628863	15.118
203	0	0	1	1245	77	20.0717651923	30.2623763068	31.6460034217	4.977
203	0	0	2	2597	162	20.0717651923	30.201532118	31.5851592329	14.22
204	0	0	1	1233	77	24.4267039266	30.5616349472	32.2454654203	9.165
204	0	0	2	2584	161	24.4267039266	29.8438078237	31.5276382968	18.583
205	0	0	1	934	58	29.7122890498	30.3059933687	32.3541803807	11.433
205	0	0	2	2277	142	29.7122890498	31.8471336798	33.8953206918	7.843
207	0	0	1	888	55	28.4509935983	30.3127701727	32.2740110407	8
207	0	0	2	2230	139	28.4509935983	28.3461423526	30.3073832205	4.63
208	0	0	1	1229	76	17.4724475055	27.7941626791	28.9986084216	7.323
208	0	0	2	2580	161	17.4724475055	29.2524562702	30.4569020128	17.969
209	0	0	1	1275	79	16.9963832022	28.8146200051	29.9862487298	7.024
209	0	0	2	2625	164	16.9963832022	28.3699448762	29.5415736008	10.771
210	0	0	1	432	27	24.4505185131	31.8644361269	33.5499082347	9.055
210	0	0	2	1779	111	24.4505185131	31.0089911389	32.6944632468	6.63
211	0	0	1	520	32	18.9881196307	27.9825912015	29.2915182904	8.031
211	0	0	2	1867	116	18.9881196307	27.5225665441	28.831493633	11.559
212	0	0	1	1022	63	28.6902679931	33.2819101438	35.2596451535	7.197
212	0	0	2	2368	148	28.6902679931	26.001258893	27.9789939028	17.418
213	0	0	1	1222	76	23.369190074	33.7873481712	35.3982799816	8.788
213	0	0	2	2565	160	23.369190074	34.4948775837	36.1058093941	7.874
213	1	0	1	1218	76	23.369190074	30.5568054435	32.1677372539	6.977
213	1	0	2	2572	160	23.369190074	30.3736641016	31.984595912	16.441
214	0	0	1	809	50	27.0927244087	34.9015969334	36.7692068695	6.771
214	0	0	2	2151	134	27.0927244087	32.9362368582	34.8038467942	9.339
215	0	0	1	937	58	27.5361461134	29.5345288204	31.4327055894	8.252
215	0	0	2	2282	142	27.5361461134	25.5911099848	27.4892867539	4.283
216	0	0	1	478	29	25.3405015728	31.9973689927	33.7441911951	11.465
216	0	0	2	1827	114	25.3405015728	30.7102642338	32.4570864363	8.063
217	0	0	1	373	23	28.0890308595	32.9051269155	34.8414162431	9.433
217	0	0	2	1718	107	28.0890308595	37.2986257714	39.234915099	16.504
218	0	0	1	965	60	27.126424757	34.4038630721	36.2737961081	11.843
218	0	0	2	2310	144	27.126424757	28.162922737	30.032855773	6.756
219	0	0	1	415	25	24.8691213415	31.2031044713	32.9174325476	10.472
219	0	0	2	1763	110	24.8691213415	32.087477822	33.8018058984	15.323
220	0	0	1	528	33	21.9561860961	29.1657764941	30.6793042845	16.157
220	0	0	2	1876	117	21.9561860961	30.821401892	32.3349296824	6.346
221	0	0	1	807	50	25.6737763559	31.631450517	33.4012466842	11.969
221	0	0	2	2149	134	25.6737763559	29.3916916669	31.1614878342	10.551
222	0	0	1	429	26	27.9727082685	28.770169641	30.6984403868	7.181
222	0	0	2	1775	110	27.9727082685	30.8929264591	32.8211972049	15.213
223	0	0	1	545	34	20.8621013597	33.452988618	34.8910967684	10.961
223	0	0	2	1893	118	20.8621013597	32.808607614	34.2467157643	11.213
224	0	0	1	470	29	23.4777643364	29.1224408069	30.7408570758	9.528
224	0	0	2	1817	113	23.4777643364	29.5678248938	31.1862411627	9.04
225	0	0	1	438	27	23.050161542	31.1518894836	32.7408293803	9.716
225	0	0	2	1784	111	23.050161542	32.1139748116	33.7029147084	10
226	0	0	1	1269	79	21.6911724389	30.6807948227	32.176054161	10.63
226	0	0	2	2619	163	21.6911724389	28.6014962234	30.0967555617	11.339
227	0	0	1	305	19	23.1112287614	30.7515159004	32.344665405	6.22
227	0	0	2	1650	103	23.1112287614	28.3332819865	29.9264314911	9.275
228	0	0	1	170	10	22.7612263357	28.5920929908	30.1611154272	11.37
228	0	0	2	1511	94	22.7612263357	26.5846013619	28.1536237983	10.41
229	0	0	1	1254	78	25.4724157498	29.7961628649	31.5520784396	5.37
229	0	0	2	2602	162	25.4724157498	30.5067836543	32.262699229	18.504
230	0	0	1	549	34	29.4057066748	29.1393436114	31.1663966731	7.386
230	0	0	2	1897	118	29.4057066748	29.1115441518	31.1385972135	11.622
231	0	0	1	774	48	26.6308238021	29.4912420233	31.3270113018	18.126
231	0	0	2	2120	132	26.6308238021	31.6643812927	33.5001505711	8.063
233	0	0	1	160	10	26.6235083535	29.2378866732	31.0731516685	8.315
233	0	0	2	1499	93	26.6235083535	29.266209404	31.1014743992	8.63
234	0	0	1	1237	77	17.686028643	29.5439853415	30.7631540868	10.63
234	0	0	2	2586	161	17.686028643	31.1845929963	32.4037617416	10.157
235	0	0	1	918	57	26.773681144	43.8909053906	45.7365223974	10.913
235	0	0	2	2245	140	26.773681144	32.4054281239	34.2510451307	7.937
236	0	0	1	1259	78	22.7259549265	30.7112276581	32.2778186951	4.473
236	0	0	2	2609	163	22.7259549265	35.5531805916	37.1197716286	8.347
237	0	0	1	470	29	20.3101682167	31.1185189776	32.5185801672	11.323
237	0	0	2	1817	113	20.3101682167	30.126055118	31.5261163076	5.433
238	0	0	1	1022	63	29.9869494427	28.3630847587	30.4302052109	11.874
238	0	0	2	2372	148	29.9869494427	25.2243002323	27.2914206845	12.157
239	0	0	1	340	21	22.8674754639	30.861487448	32.4378340622	9.275
239	0	0	2	1684	105	22.8674754639	30.0830944774	31.6594410915	7.134
240	0	0	1	1250	78	20.7287751769	29.7654920811	31.1944095239	6.41
240	0	0	2	2598	162	20.7287751769	29.72218514	31.1511025829	14.063
241	0	0	1	347	21	24.7181931524	32.6625064591	34.3664304513	4.504
241	0	0	2	1690	105	24.7181931524	32.4281258053	34.1320497974	7.496
242	0	0	1	72	4	22.1092845541	18.8919381521	20.416019632	11.276
242	0	0	2	1426	89	22.1092845541	29.059161069	30.5832425489	8.63
243	0	0	1	879	54	27.9177743908	29.4419891873	31.366473121	7.244
243	0	0	2	2222	138	27.9177743908	27.013602976	28.9380869098	17.433
244	0	0	1	582	36	27.8708260836	26.6958112179	28.6170588169	12.347
244	0	0	2	1931	120	27.8708260836	27.0652316356	28.9864792346	10.63
245	0	0	1	1006	62	25.0492002917	31.9590870521	33.6858286913	8.882
245	0	0	2	2351	146	25.0492002917	36.270395919	37.9971375582	8.126
246	0	0	1	587	36	15.9399075244	26.912414672	28.0112162994	17.496
246	0	0	2	1940	121	15.9399075244	31.1402706653	32.2390722928	6.126
247	0	0	1	170	10	23.9442090713	27.879371088	29.5299412595	13.496
247	0	0	2	1512	94	23.9442090713	29.712513133	31.3630833044	5.591
248	0	0	1	434	27	20.5382813481	32.1026493759	33.5184353167	8
248	0	0	2	1781	111	20.5382813481	30.8433414823	32.2591274231	4.992
249	0	0	1	1217	76	21.0246842446	30.3998768569	31.8491924963	6.504
249	0	0	2	2566	160	21.0246842446	31.5662182902	33.0155339296	10.205
250	0	0	1	1236	77	25.4939087708	28.7591189426	30.5165161173	7.716
250	0	0	2	2585	161	25.4939087708	31.3463022695	33.1036994442	11.323
251	0	0	1	108	6	23.9527021172	28.5875696491	30.2387252803	22.441
251	0	0	2	1450	90	23.9527021172	29.9810418451	31.6321974762	17.906
252	0	0	1	192	12	23.4452625735	30.5420629294	32.1582387217	14.708
252	0	0	2	1535	95	23.4452625735	32.7609127127	34.377088505	7.622
253	0	0	1	488	30	18.8033656483	28.8054912807	30.1016825381	16.441
253	0	0	2	1833	114	18.8033656483	28.9964185549	30.2926098123	12.126
254	0	0	1	130	8	26.3888864729	31.5788750989	33.3979666689	14.646
254	0	0	2	1469	91	26.3888864729	31.6668757369	33.4859673069	12.788
255	0	0	1	1097	68	20.7159354982	31.0490547128	32.4770870652	6.252
255	0	0	2	2446	152	20.7159354982	31.6068672044	33.0348995568	6.315
256	0	0	1	336	21	23.7409061827	29.2571842689	30.8937399585	4.977
256	0	0	2	1680	105	23.7409061827	29.2845112635	30.9210669531	10.063
257	0	0	1	1003	62	24.9396182505	31.7244002382	33.4435879487	8.661
257	0	0	2	2349	146	24.9396182505	31.4732217493	33.1924094598	6.094
258	0	0	1	794	49	20.4099879437	31.9148106794	33.3217528423	12.378
258	0	0	2	2133	133	20.4099879437	28.7971623231	30.204104486	22.536
259	0	0	1	488	30	26.1428200422	32.0906281005	33.8927573265	9.653
259	0	0	2	1833	114	26.1428200422	33.5443002165	35.3464294425	9.843
260	0	0	1	1210	75	20.2324882116	28.011401326	29.4061077219	19.417
260	0	0	2	2562	160	20.2324882116	28.3196236996	29.7143300955	5.748
261	0	0	1	1227	76	22.666263135	28.2830386737	29.8455149166	4.378
261	0	0	2	2578	161	22.666263135	31.4159737356	32.9784499786	7.291
262	0	0	1	535	33	24.008620968	30.9241697701	32.5791801114	13.685
262	0	0	2	1884	117	24.008620968	29.1242710557	30.7792813971	7.338
263	0	0	1	519	32	20.9929982476	28.9203451017	30.3674764985	10.362
263	0	0	2	1866	116	20.9929982476	27.0875661939	28.5346975906	7.055
264	0	0	1	433	27	24.673718096	29.5347972216	31.2356553701	9.323
264	0	0	2	1781	111	24.673718096	28.1389276992	29.8397858477	13.748
265	0	0	1	456	28	21.5331175053	31.9494670577	33.4338310368	8.347
265	0	0	2	1801	112	21.5331175053	31.5808221522	33.0651861312	10.473
266	0	0	1	538	33	22.3673888093	31.9694770163	33.5113506557	11.197
266	0	0	2	1888	118	22.3673888093	30.7209527752	32.2628264145	5.905
267	0	0	1	274	17	25.5184899014	30.557977539	32.3170691893	9.622
267	0	0	2	1618	101	25.5184899014	27.8527633077	29.6118549581	14.945
268	0	0	1	832	52	23.0802428187	33.9920860592	35.5830995787	11.906
268	0	0	2	2173	135	23.0802428187	33.7155891663	35.3066026859	6.803
269	0	0	1	528	33	24.627451587	29.6607194669	31.3583882798	9.842
269	0	0	2	1876	117	24.627451587	29.1734987358	30.8711675487	15.102
270	0	0	1	521	32	17.6083786877	31.0662593213	32.2800753443	7.213
270	0	0	2	1869	116	17.6083786877	32.1422438616	33.3560598846	14.189
271	0	0	1	552	34	20.4336393588	28.471029069	29.8796016186	21.843
271	0	0	2	1900	118	20.4336393588	32.8440122236	34.2525847733	14.599
272	0	0	1	1240	77	21.6868989912	28.5991352336	30.094099986	8.945
272	0	0	2	2586	161	21.6868989912	30.8832850378	32.3782497902	8.598
273	0	0	1	444	27	22.8818035673	31.3775201166	32.9548544243	6.425
273	0	0	2	1791	111	22.8818035673	29.4191876608	30.9965219684	4.661
274	0	0	1	1253	78	20.8427249833	28.8820190713	30.3187915304	6.803
274	0	0	2	2600	162	20.8427249833	30.0574841085	31.4942565677	11.59
275	0	0	1	406	25	20.5779181122	28.1447614189	29.5632796805	15.04
275	0	0	2	1753	109	20.5779181122	29.6587399484	31.07725821	8.157
276	0	0	1	561	35	21.4766451848	29.892628324	31.37309944	4.976
276	0	0	2	1910	119	21.4766451848	29.3509175375	30.8313886535	8
277	0	0	1	604	37	18.3262350849	32.312466016	33.5757667538	10.945
277	0	0	2	1955	122	18.3262350849	31.7130813333	32.9763820712	11.024
278	0	0	1	510	31	28.6004146886	30.2922268827	32.2637679445	7.024
278	0	0	2	1860	116	28.6004146886	31.2596004615	33.2311415233	9.496
279	0	0	1	1012	63	31.7181392798	29.7840401567	31.9704984538	6.094
279	0	0	2	2356	147	31.7181392798	33.3074083719	35.4938666689	10.378
280	0	0	1	737	46	26.2922911652	26.640199559	28.4526324277	18.063
280	0	0	2	2077	129	26.2922911652	28.651662178	30.4640950468	5.842
281	0	0	1	821	51	30.0060804864	25.4040511309	27.4724903625	7.213
281	0	0	2	2164	135	30.0060804864	27.7013412064	29.7697804381	11.528
282	0	0	1	550	34	20.6468612419	32.850546855	34.2738176425	5.04
282	0	0	2	1897	118	20.6468612419	31.5527969299	32.9760677174	14.032
283	0	0	1	521	32	19.5877905914	30.1338776677	31.4841424761	6.74
283	0	0	2	1869	116	19.5877905914	28.2098119535	29.560076762	8.536
284	0	0	1	309	19	21.1664184258	33.2175571977	34.6766431415	9.528
284	0	0	2	1653	103	21.1664184258	29.8087310093	31.267816953	6.519
285	0	0	1	1240	77	22.1888811162	31.0435951558	32.5731635453	6.708
285	0	0	2	2589	161	22.1888811162	29.9939817769	31.5235501665	14.126
286	0	0	1	1055	65	19.1313030436	27.3422907791	28.6610880737	4.031
286	0	0	2	2393	149	19.1313030436	31.3801510018	32.6989482965	11.654
287	0	0	1	809	50	26.3661106178	32.7712495696	34.5887711087	8.157
287	0	0	2	2151	134	26.3661106178	30.7067001965	32.5242217355	15.464
288	0	0	1	1290	80	21.346849458	35.32345828	36.794982057	4.409
288	0	0	2	2638	164	21.346849458	33.8043317698	35.2758555468	5.339
289	0	0	1	1060	66	24.8186318662	30.4005112411	32.1113588759	5.433
289	0	0	2	2407	150	24.8186318662	29.6587733312	31.369620966	13.969
291	0	0	1	174	10	23.1610565383	29.2070068641	30.8035911968	14.866
291	0	0	2	1517	94	23.1610565383	28.9974961596	30.5940804923	5.26
292	0	0	1	1213	75	21.8617446761	26.8331793469	28.3401969123	11.748
292	0	0	2	2562	160	21.8617446761	28.6679933064	30.1750108718	12.819
293	0	0	1	1210	75	20.4243155602	32.6725463721	34.0804761949	10.158
293	0	0	2	2562	160	20.4243155602	29.6801244764	31.0880542993	15.748
294	0	0	1	486	30	21.1663273997	28.5115562143	29.9706358833	11.842
294	0	0	2	1831	114	21.1663273997	30.1727390937	31.6318187626	7.496
295	0	0	1	985	61	25.425728491	23.0967965659	24.8494938009	10.157
295	0	0	2	2331	145	25.425728491	27.888293394	29.6409906291	6
296	0	0	1	951	59	26.937275483	29.0949457447	30.9518399641	17.78
296	0	0	2	2293	143	26.937275483	30.1057415166	31.962635736	7.748
297	0	0	1	1029	64	22.8673147126	28.4092595609	29.9855950938	7.559
297	0	0	2	2373	148	22.8673147126	38.4796895536	40.0560250865	8.787
298	0	0	1	1218	76	21.3687310969	31.0413503717	32.5143825377	8.346
298	0	0	2	2568	160	21.3687310969	30.9725577785	32.4455899445	10.283
299	0	0	1	561	35	25.5191320237	29.6646750013	31.4238109157	6.032
299	0	0	2	1909	119	25.5191320237	32.2148149907	33.9739509052	6.473
300	0	0	1	234	14	25.6048475557	30.2967377077	32.0617823369	5.811
300	0	0	2	1576	98	25.6048475557	27.6874532425	29.4524978717	5.906
301	0	0	1	76	4	24.4635727288	30.3242899468	32.010661934	7.685
301	0	0	2	1415	88	24.4635727288	30.4511070885	32.1374790757	9.165
302	0	0	1	973	60	20.5325782877	28.1979151498	29.6133079558	10.536
302	0	0	2	2318	144	20.5325782877	27.8737877128	29.2891805188	9.338
303	0	0	1	158	9	23.7972736582	30.3357500293	31.9761913546	8
303	0	0	2	1498	93	23.7972736582	32.6411882224	34.2816295477	13.937
304	0	0	1	541	33	24.8438940807	34.29281994	36.0054090003	13.969
304	0	0	2	1890	118	24.8438940807	31.0146483424	32.7272374026	14.725
305	0	0	1	917	57	25.480846774	32.4548889889	34.2113857479	15.213
305	0	0	2	2258	141	25.480846774	33.1314964255	34.8879931844	7.181
306	0	0	1	1255	78	23.3116642832	28.6127142814	30.2196806088	11.181
306	0	0	2	2603	162	23.3116642832	25.4566249594	27.0635912867	15.59
306	1	0	1	1257	78	23.3116642832	15.5219680386	17.128934366	5.118
306	1	0	2	2600	162	23.3116642832	9.92547617621	11.5324425036	15.008
307	0	1	1	758	47	27.5594727858	26.316058119	28.2158428889	6.661
307	0	1	2	2097	131	27.5594727858	33.3258327766	35.2256175465	11.748
308	0	1	1	1021	63	26.7156570712	28.9672374113	30.8088545866	19.291
308	0	1	2	2366	147	26.7156570712	29.3804156578	31.2220328331	17.465
309	0	1	1	1259	78	17.4384230533	29.4124162026	30.6145165035	4.441
309	0	1	2	2609	163	17.4384230533	30.1992497004	31.4013500013	15.717
310	0	1	1	805	50	24.544063692	31.0239169387	32.7158374902	9.811
310	0	1	2	2151	134	24.544063692	35.2620374616	36.953958013	4.441
311	0	1	1	807	50	29.8109602741	29.276069502	31.3310583164	11.716
311	0	1	2	2150	134	29.8109602741	29.5380257942	31.5930146086	5.339
312	0	1	1	933	58	26.3971244	29.0122738267	30.8319332699	15.716
312	0	1	2	2277	142	26.3971244	30.528951887	32.3486113302	7.024
313	0	1	1	1213	75	21.8872249562	27.4356690393	28.9444430624	11.103
313	0	1	2	2564	160	21.8872249562	30.3607750291	31.8695490521	14.724
314	0	1	1	1256	78	21.8281760862	30.5254758969	32.0301794449	9.181
314	0	1	2	2601	162	21.8281760862	33.2193993986	34.7241029467	17.181
315	0	1	1	938	58	28.6233721656	32.8575887044	34.830712317	16.283
315	0	1	2	2284	142	28.6233721656	33.4897359826	35.4628595952	11.039
316	0	1	1	1272	79	21.333962589	30.4468710403	31.9175064738	11.197
316	0	1	2	2622	163	21.333962589	35.2755167768	36.7461522103	12.725
317	0	1	1	487	30	19.5104933461	28.9763297332	30.3212661332	10.441
317	0	1	2	1832	114	19.5104933461	26.5727046762	27.9176410762	11.622
318	0	1	1	1062	66	24.8723282743	32.2647782503	33.9793273933	5.433
318	0	1	2	2408	150	24.8723282743	30.5870261069	32.3015752499	18.677
318	1	1	1	1061	66	24.8723282743	37.0653857672	38.7799349103	7.244
318	1	1	2	2411	150	24.8723282743	33.0435758164	34.7581249595	10.788
319	0	1	1	577	36	23.5094851865	32.7989706534	34.4195735674	5.937
319	0	1	2	1926	120	23.5094851865	32.121463168	33.742066082	5.937
320	0	1	1	1063	66	23.699919131	30.0589043192	31.6926346073	4.031
320	0	1	2	2410	150	23.699919131	29.2034149564	30.8371452445	12.504
321	0	1	1	155	9	25.2971626149	30.3428561573	32.0866908319	7.842
321	0	1	2	1498	93	25.2971626149	30.8560507511	32.5998854258	12.22
321	1	1	1	158	9	25.2971626149	27.0306705516	28.7745052262	7.717
321	1	1	2	1506	94	25.2971626149	31.7976689351	33.5415036097	6.063
322	0	1	1	1262	78	22.0029722793	31.1778558797	32.694608829	5.905
322	0	1	2	2613	163	22.0029722793	29.8534547466	31.3702076959	8
323	0	1	1	348	21	24.5473766997	28.7076580523	30.3998069827	9.086
323	0	1	2	1693	105	24.5473766997	28.6067083455	30.2988572759	6.63
324	0	1	1	1033	64	28.0959894643	29.6885644293	31.6253334413	13.102
324	0	1	2	2377	148	28.0959894643	20.0979406582	22.0347096702	11.023
325	0	1	1	417	26	21.0626623237	38.5925279304	40.0444615508	8.662
325	0	1	2	1760	110	21.0626623237	30.2537274686	31.7056610889	10.347
326	0	1	1	919	57	21.0640862504	26.3820472419	27.8340790192	14.787
326	0	1	2	2262	141	21.0640862504	25.3081765797	26.7602083571	4.819
327	0	1	1	1071	66	24.5504508591	31.8583582976	33.5507191421	5.433
327	0	1	2	2415	150	24.5504508591	30.6263802098	32.3187410543	15.118
328	0	1	1	1003	62	28.2358905306	31.7261370085	33.672549961	7.465
328	0	1	2	2350	146	28.2358905306	31.306068382	33.2524813345	6.378
329	0	1	1	1210	75	22.9221710651	32.621792199	34.2019091998	7.685
329	0	1	2	2566	160	22.9221710651	31.2946930516	32.8748100524	14.598
330	0	1	1	126	7	22.2442699156	28.2315727439	29.7649593051	7.685
330	0	1	2	1469	91	22.2442699156	29.982780156	31.5161667172	4.189
331	0	1	1	601	37	19.6102642397	32.2656322395	33.6174462465	13.244
331	0	1	2	1950	121	19.6102642397	32.3158506435	33.6676646505	6.126
332	0	1	1	1245	77	18.1329661145	37.7819425062	39.0319204403	4.945
332	0	1	2	2587	161	18.1329661145	35.858554083	37.1085320172	5.527
333	0	1	1	250	15	30.2949866255	30.88354318	32.9718978682	10.882
333	0	1	2	1599	99	30.2949866255	36.0393738276	38.1277285158	11.055
334	0	1	1	249	15	25.0536268541	30.7823482163	32.5093949962	7.937
334	0	1	2	1591	99	25.0536268541	30.7388459595	32.4658927394	6.378
335	0	1	1	1002	62	22.1178552937	30.8404590381	32.3651313334	7.339
335	0	1	2	2349	146	22.1178552937	33.2808688506	34.8055411459	12.346
336	0	1	1	822	51	27.8699548477	29.2600448269	31.1812323681	7.937
336	0	1	2	2165	135	27.8699548477	27.9653936754	29.8865812166	13.292
337	0	1	1	863	53	24.4381773805	28.8865588066	30.5711801909	9.717
337	0	1	2	2223	138	24.4381773805	32.3277423863	34.0123637705	8.992
338	0	1	1	240	15	30.3839014367	30.0917926952	32.1862766372	4.536
338	0	1	2	1581	98	30.3839014367	30.1669525119	32.261436454	9.937
339	0	1	1	935	58	28.4658296224	32.6903300349	34.6525936094	17.275
339	0	1	2	2277	142	28.4658296224	33.7708040038	35.7330675783	6.126
340	0	1	1	1040	65	21.0665591179	30.2795830225	31.7317852644	5.528
340	0	1	2	2393	149	21.0665591179	31.4013617352	32.8535639771	7.228
341	0	1	1	485	30	21.6320629681	33.2260114391	34.717196125	7.244
341	0	1	2	1829	114	21.6320629681	30.6087639747	32.0999486606	8.599
342	0	1	1	519	32	22.5368750055	30.5447017029	32.0982587041	6.772
342	0	1	2	1865	116	22.5368750055	28.4149876099	29.9685446112	4.567
343	0	1	1	1242	77	19.2956349162	30.9651823247	32.295307673	10.347
343	0	1	2	2593	162	19.2956349162	30.1850584723	31.5151838207	18.362
344	0	1	1	1271	79	21.3292957644	30.0029349529	31.4732486836	11.937
344	0	1	2	2629	164	21.3292957644	31.3891763841	32.8594901147	5.78
345	0	1	1	1230	76	23.0202456364	30.8768969447	32.4637746183	12.473
345	0	1	2	2581	161	23.0202456364	29.2890185657	30.8758962393	9.969
346	0	1	1	1234	77	20.3403829312	31.3534068438	32.7555508545	10.803
346	0	1	2	2583	161	20.3403829312	29.9892272893	31.3913713001	6.126
347	0	1	1	1265	79	17.3097742237	28.4878609946	29.6810930167	12
347	0	1	2	2603	162	17.3097742237	30.2653588908	31.4585909129	8
348	0	1	1	1021	63	25.9595639984	27.3698013439	29.1592979973	9.811
348	0	1	2	2366	147	25.9595639984	31.1833498415	32.9728464948	8.52
349	0	1	1	288	18	23.5851725007	30.5504118536	32.1762321972	12.189
349	0	1	2	1632	102	23.5851725007	31.8843604749	33.5101808185	5.465
350	0	1	1	489	30	19.1288187066	25.8556382604	27.1742642998	12.756
350	0	1	2	1833	114	19.1288187066	25.0777860692	26.3964121085	8.441
351	0	1	1	282	17	19.8564652179	26.3505004334	27.7192860592	13.149
351	0	1	2	1626	101	19.8564652179	23.9027286039	25.2715142298	6.315
352	0	1	1	1244	77	19.9724541188	29.8486923428	31.2254735479	8.787
352	0	1	2	2594	162	19.9724541188	29.7660704776	31.1428516826	11.213
353	0	1	1	550	34	21.0220385943	31.7316352906	33.1807685547	10.252
353	0	1	2	1897	118	21.0220385943	31.7373638876	33.1864971517	11.118
354	0	1	1	929	58	21.5816025583	29.9402196774	31.4279259253	9.212
354	0	1	2	2270	141	21.5816025583	29.0313508074	30.5190570552	7.591
354	1	1	1	930	58	21.5816025583	31.7295388266	33.2172450745	4.898
354	1	1	2	2272	142	21.5816025583	26.8992946261	28.387000874	9.622
354	2	1	1	920	57	21.5816025583	30.1283999072	31.6161061551	5.969
354	2	1	2	2276	142	21.5816025583	26.8416471134	28.3293533612	10.504
355	0	1	1	344	21	24.6048074363	31.9930429097	33.6891507706	9.244
355	0	1	2	1688	105	24.6048074363	30.0329677216	31.7290755826	5.843
356	0	1	1	997	62	22.8844739244	27.5539392334	29.1314576195	13.229
356	0	1	2	2343	146	22.8844739244	26.1156862794	27.6932046655	14.284
356	1	1	1	998	62	22.8844739244	29.9826692955	31.5601876816	6.709
356	1	1	2	2349	146	22.8844739244	28.229427961	29.806946347	13.134
357	0	1	1	545	34	20.4191810228	35.2025727075	36.6101485861	6.866
357	0	1	2	1894	118	20.4191810228	30.6292660807	32.0368419593	9.134
358	0	1	1	1240	77	19.987695594	30.4595023678	31.8373342288	13.779
358	0	1	2	2590	161	19.987695594	29.065216773	30.443048634	14.284
359	0	1	1	601	37	18.6568617594	28.9309618331	30.2170539909	11.59
359	0	1	2	1952	122	18.6568617594	30.6831363653	31.9692285232	11.275
360	0	1	1	432	27	20.1203852144	26.7014340057	28.0884126933	4.63
360	0	1	2	1768	110	20.1203852144	29.8249524884	31.211931176	10.158
361	0	1	1	485	30	24.1408682985	29.6112930364	31.2754197155	5.78
361	0	1	2	1830	114	24.1408682985	32.8971063979	34.561233077	4.929
363	0	1	1	822	51	28.4278720855	28.6822971171	30.6419441266	4.488
363	0	1	2	2165	135	28.4278720855	31.0094208683	32.9690678779	10.662
364	0	1	1	528	33	19.019191811	33.2691020418	34.5801710604	9.748
364	0	1	2	1878	117	19.019191811	31.4246743825	32.7357434011	4.992
365	0	1	1	414	25	27.6160268312	28.6893920542	30.5930753209	4.819
365	0	1	2	1762	110	27.6160268312	29.8815006313	31.785183898	9.811
366	0	1	1	430	26	21.1323975672	29.179753245	30.6364939948	8.378
366	0	1	2	1777	111	21.1323975672	28.4891244271	29.9458651769	7.969
367	0	1	1	1257	78	15.3965023953	29.2606100946	30.3219526315	10.032
367	0	1	2	2604	162	15.3965023953	29.8685086856	30.9298512224	17.213
368	0	1	1	1030	64	29.1209684875	29.1420255119	31.1494504307	7.874
368	0	1	2	2374	148	29.1209684875	31.1493835095	33.1568084283	14.961
369	0	1	1	952	59	26.6248445048	30.7877659315	32.623123033	6.992
369	0	1	2	2294	143	26.6248445048	29.6017805508	31.4371376524	9.843
370	0	1	1	478	29	24.9769797887	25.2279397496	26.9497029405	15.055
370	0	1	2	1827	114	24.9769797887	26.7268713231	28.4486345139	5.622
371	0	1	1	235	14	30.8034256332	30.4436113922	32.5670148163	7.039
371	0	1	2	1579	98	30.8034256332	32.3624388832	34.4858423073	8.914
372	0	1	1	452	28	23.1520426658	27.9542078551	29.5501708255	12.221
372	0	1	2	1797	112	23.1520426658	29.2449192552	30.8408822256	9.055
373	0	1	1	1041	65	24.8508534954	27.5478872836	29.2609560842	14
373	0	1	2	2394	149	24.8508534954	27.0108563887	28.7239251893	12.677
374	0	1	1	1236	77	22.9274887659	27.2927817505	28.8732653217	5.244
374	0	1	2	2586	161	22.9274887659	28.5675962485	30.1480798198	17.023
375	0	1	1	491	30	28.0216882912	2.65471324507	4.58636037988	13.748
375	0	1	2	1838	114	28.0216882912	2.95243766564	4.88408480044	8.866
376	0	1	1	470	29	21.1475077529	26.9575229006	28.415305256	9.843
376	0	1	2	1816	113	21.1475077529	26.1910786161	27.6488609715	11.496
377	0	1	1	443	27	21.4155118728	31.9372769573	33.4135339094	8.362
377	0	1	2	1790	111	21.4155118728	29.7779418165	31.2541987686	5.653
378	0	1	1	1222	76	18.5340745636	32.7676268953	34.0452548403	9.244
378	0	1	2	2573	160	18.5340745636	29.1964679856	30.4740959306	12.945
379	0	1	1	994	62	21.3899707725	26.6650520492	28.139548351	8
379	0	1	2	2338	146	21.3899707725	29.3095159709	30.7840122727	10.315
380	0	1	1	67	4	23.8990042709	26.4516502715	28.0991042952	10.063
380	0	1	2	1413	88	23.8990042709	29.2573296029	30.9047836265	15.654
381	0	1	1	585	36	21.9495058941	31.529417556	33.0424848533	5.937
381	0	1	2	1933	120	21.9495058941	31.6772162394	33.1902835368	13.559
382	0	1	1	486	30	23.0284859242	31.3325898181	32.9200355278	7.842
382	0	1	2	1831	114	23.0284859242	30.7803008599	32.3677465696	5.339
383	0	1	1	879	54	25.4443099231	27.7295421076	29.4835202352	13.04
383	0	1	2	2220	138	25.4443099231	27.5797866462	29.3337647738	14.031
384	0	1	1	82	5	28.3212793537	32.919143363	34.8714425089	9.402
384	0	1	2	1422	88	28.3212793537	28.197147949	30.1494470949	10.614
385	0	1	1	530	33	20.5532864958	23.7542161541	25.1710364598	9.874
385	0	1	2	1876	117	20.5532864958	25.5662038827	26.9830241884	10.756
386	0	1	1	1055	65	27.8472719643	26.1482774683	28.0679013876	6.094
386	0	1	2	2392	149	27.8472719643	28.5296786073	30.4493025265	6
387	0	1	1	1217	76	22.6330686417	30.9130446565	32.4732326701	5.465
387	0	1	2	2567	160	22.6330686417	31.2932534483	32.8534414619	8.173
388	0	1	1	485	30	20.9581716585	30.4268456	31.8715762605	7.055
388	0	1	2	1830	114	20.9581716585	28.8052227615	30.2499534221	6.473
389	0	1	1	1090	68	32.2597620035	22.8279171292	25.0517116485	12.693
389	0	1	2	2438	152	32.2597620035	21.584330788	23.8081253073	8.63
390	0	1	1	485	30	25.288507553	31.506196164	33.2494342106	4.929
390	0	1	2	1832	114	25.288507553	33.9989805661	35.7422186126	10.929
391	0	1	1	1012	63	21.5682367483	33.7874900552	35.2742749442	9.937
391	0	1	2	2357	147	21.5682367483	34.6571281168	36.1439130059	9.779
392	0	1	1	1254	78	17.0820387394	30.7765682699	31.9541015736	6.378
392	0	1	2	2601	162	17.0820387394	33.0793854195	34.2569187231	9.339
393	0	1	1	376	23	24.2032984686	31.4540520984	33.1224823391	9.26
393	0	1	2	1721	107	24.2032984686	30.3316057543	32.000035995	8.709
394	0	1	1	1062	66	24.2923395794	28.7309905265	30.4055587274	7.102
394	0	1	2	2410	150	24.2923395794	29.6440989428	31.3186671436	11.087
395	0	1	1	485	30	21.8060243596	30.7491030343	32.2522795752	11.465
395	0	1	2	1828	114	21.8060243596	30.1746138259	31.6777903668	6.095
396	0	1	1	1236	77	20.9180567153	28.6554880055	30.0974533824	7.716
396	0	1	2	2585	161	20.9180567153	28.643729578	30.085694955	8.693
397	0	1	1	487	30	19.5982691855	31.7437741873	33.0947613272	10.536
397	0	1	2	1832	114	19.5982691855	30.7829410733	32.1339282132	9.559
398	0	1	1	1211	75	25.2788641329	25.5075372586	27.2501105456	13.401
398	0	1	2	2561	160	25.2788641329	27.9679984438	29.7105717309	14.662
399	0	1	1	155	9	25.5581036049	33.8819920138	35.6438143953	10.063
399	0	1	2	1496	93	25.5581036049	31.9075426088	33.6693649904	14.126
400	0	1	1	444	27	22.9099727242	29.3257925433	30.9050686637	4.126
400	0	1	2	1790	111	22.9099727242	27.4028048221	28.9820809425	7.401
401	0	1	1	1227	76	21.3695622653	29.2785885479	30.7516780097	6.331
401	0	1	2	2579	161	21.3695622653	31.6726856814	33.1457751431	4.346
402	0	1	1	1227	76	20.6352865217	31.9301168002	33.3525896959	5.071
402	0	1	2	2579	161	20.6352865217	29.4035812118	30.8260541074	6.725
403	0	1	1	879	54	26.0385779584	30.2548661795	32.0498095814	4.346
403	0	1	2	2222	138	26.0385779584	29.0821307464	30.8770741483	14.158
404	0	1	1	310	19	25.9767380358	33.0892797968	34.8799603253	12.866
404	0	1	2	1655	103	25.9767380358	33.1702716586	34.9609521871	14.095
405	0	1	1	585	36	20.3395830562	27.449901635	28.8519905072	5.071
405	0	1	2	1933	120	20.3395830562	29.7839763579	31.1860652301	8.473
406	0	1	1	1009	63	28.3914966749	27.7334698483	29.6906093552	4.661
406	0	1	2	2354	147	28.3914966749	28.7938147087	30.7509542156	7.874
407	0	1	1	1218	76	23.5642151003	29.641416132	31.265791798	4.031
407	0	1	2	2567	160	23.5642151003	31.0790707937	32.7034464598	7.527
408	0	1	1	538	33	23.4769381737	26.9654805399	28.5838398581	12.221
408	0	1	2	1888	118	23.4769381737	27.4940544578	29.1124137759	16.063
409	0	1	1	1004	62	32.2475521373	27.1231972671	29.3461501115	4.409
409	0	1	2	2350	146	32.2475521373	23.2258497507	25.4488025951	9.779
410	0	1	1	802	50	21.7487854848	16.7974632516	18.2966940877	9.307
410	0	1	2	2132	133	21.7487854848	27.1095011821	28.6087320182	19.244
411	0	1	1	1062	66	26.2203148582	30.5515523054	32.3590235592	4.378
411	0	1	2	2410	150	26.2203148582	30.9022489131	32.7097201669	6.74
412	0	1	1	809	50	25.5593180469	33.9372798916	35.6991859894	4.945
412	0	1	2	2151	134	25.5593180469	30.4578590962	32.2197651941	15.307
413	0	1	1	1233	77	18.8605623431	29.2099676392	30.5101016937	4.315
413	0	1	2	2582	161	18.8605623431	30.4877632555	31.7878973099	12.409
414	0	1	1	915	57	29.2417803161	30.7959365026	32.8116894643	13.717
414	0	1	2	2255	140	29.2417803161	30.9781406775	32.9938936392	14.598
415	0	1	1	935	58	30.9282113133	25.9626326411	28.0946380416	21.811
415	0	1	2	2278	142	30.9282113133	27.5399050865	29.671910487	9.905
416	0	1	1	1271	79	21.413918371	28.2052883779	29.6814354835	5.355
416	0	1	2	2622	163	21.413918371	34.3823553353	35.8585024409	5.339
417	0	1	1	1096	68	25.5368999299	29.1039758544	30.8643365818	6.535
417	0	1	2	2442	152	25.5368999299	30.9498265268	32.7101872542	10.315
418	0	1	1	958	59	28.1815664853	30.4471597521	32.3898279308	4.756
418	0	1	2	2293	143	28.1815664853	28.5383643584	30.481032537	6.897
419	0	1	1	1061	66	20.3067444936	35.8028934082	37.2027185869	6.189
419	0	1	2	2407	150	20.3067444936	29.2784738444	30.6782990231	11.906
420	0	1	1	405	25	23.2876343164	31.8466420403	33.4519518859	8.977
420	0	1	2	1752	109	23.2876343164	32.1051873918	33.7104972374	6.929
421	0	1	1	920	57	28.1064485697	27.7865052174	29.7239952174	14.095
421	0	1	2	2269	141	28.1064485697	29.4629942117	31.4004842117	4.913
422	0	1	1	1019	63	24.0413180512	39.878820991	41.5360852731	12
422	0	1	2	2365	147	24.0413180512	35.1643865447	36.8216508268	9.685
423	0	1	1	338	21	23.2520191247	27.7126223608	29.3154771087	8.315
423	0	1	2	1682	105	23.2520191247	25.9496285273	27.5524832751	5.528
424	0	1	1	519	32	18.0983967597	29.1775875721	30.4251825022	5.748
424	0	1	2	1865	116	18.0983967597	29.9588291393	31.2064240694	7.874
425	0	1	1	1264	79	22.0680605343	29.8577554752	31.3789952185	6.032
425	0	1	2	2619	163	22.0680605343	30.0681298567	31.5893695999	15.811
426	0	1	1	1217	76	24.1716158887	27.444069751	29.1103159846	12.315
426	0	1	2	2567	160	24.1716158887	28.0360276289	29.7022738625	6.945
427	0	1	1	1226	76	22.0594839883	28.7836721165	30.3043206441	18.929
427	0	1	2	2574	160	22.0594839883	30.5038466113	32.0244951389	6.519
428	0	1	1	530	33	20.4938310189	30.4697050585	31.8824268601	8.52
428	0	1	2	1879	117	20.4938310189	28.8039279157	30.2166497174	7.559
429	0	1	1	1236	77	22.4314211384	29.5191914201	31.0654790642	6.945
429	0	1	2	2585	161	22.4314211384	30.0081139077	31.5544015518	12.599
430	0	1	1	1227	76	21.5168444142	29.4808409782	30.964083188	7.307
430	0	1	2	2578	161	21.5168444142	31.3355267297	32.8187689394	4.157
431	0	1	1	551	34	21.7064454773	32.0753159732	33.5716281431	8.409
431	0	1	2	1898	118	21.7064454773	31.7818035996	33.2781157696	5.874
432	0	1	1	1230	76	21.1768826771	30.161163358	31.6209706445	5.527
432	0	1	2	2589	161	21.1768826771	32.9936017087	34.4534089952	10.851
433	0	1	1	522	32	18.6775830984	30.432264112	31.7197846747	9.023
433	0	1	2	1869	116	18.6775830984	30.0733444043	31.360864967	8.661
434	0	1	1	539	33	22.0495464172	36.709988033	38.2299515241	5.496
434	0	1	2	1889	118	22.0495464172	31.807126667	33.3270901581	11.071
435	0	1	1	1256	78	24.3808281211	29.0339442924	30.7146123626	5.906
435	0	1	2	2602	162	24.3808281211	34.714703674	36.3953717442	5.717
437	0	1	1	486	30	23.7905971225	27.2837334598	28.9237145448	20.315
437	0	1	2	1830	114	23.7905971225	27.8181353317	29.4581164167	14.22
438	0	1	1	485	30	24.771617708	31.7801176899	33.4877244505	13.008
438	0	1	2	1830	114	24.771617708	31.2667243541	32.9743311147	6.488
439	0	1	1	919	57	22.7071425309	30.8946375914	32.4599318147	12.945
439	0	1	2	2262	141	22.7071425309	31.9822625565	33.5475567798	4.661
440	0	1	1	1003	62	25.4207804474	30.9192411015	32.6715972481	5.402
440	0	1	2	2349	146	25.4207804474	31.5612446416	33.3136007882	11.197
442	0	1	1	1081	67	23.1837050202	31.4814164937	33.0795620769	4.252
442	0	1	2	2419	151	23.1837050202	26.0080184217	27.6061640049	17.276
443	0	1	1	1009	63	21.5920627689	28.1680267368	29.6564540488	6.567
443	0	1	2	2353	147	21.5920627689	31.7776401485	33.2660674605	6.095
444	0	1	1	1245	77	22.0171895681	32.9554617512	34.4731947552	4.536
444	0	1	2	2594	162	22.0171895681	32.0030015006	33.5207345046	15.323
445	0	1	1	1211	75	20.2617468252	30.423796086	31.8205193952	5.654
445	0	1	2	2561	160	20.2617468252	29.9075748052	31.3042981144	8.803
446	0	1	1	908	56	28.2950118971	25.7587977861	27.7092862111	20
446	0	1	2	2246	140	28.2950118971	28.3669413785	30.3174298035	7.37
447	0	1	1	1245	77	24.1012409859	32.7792539216	34.4406489315	5.213
447	0	1	2	2594	162	24.1012409859	30.4832967367	32.1446917466	16.693
448	0	1	1	1243	77	22.2874016525	31.9698751202	33.5062349247	9.969
448	0	1	2	2594	162	22.2874016525	28.0841945191	29.6205543235	16.473
449	0	1	1	937	58	27.6565173681	27.9428053046	29.849279746	17.874
449	0	1	2	2282	142	27.6565173681	27.1170276154	29.0235020568	17.165
450	0	1	1	1229	76	20.4171190298	30.348105492	31.7555392292	10.315
450	0	1	2	2579	161	20.4171190298	29.6043988885	31.0118326258	11.024
451	0	1	1	170	10	23.5042228253	29.5075960379	31.1278361963	9.78
451	0	1	2	1512	94	23.5042228253	33.1410286768	34.7612688353	11.811
452	0	1	1	1258	78	20.0118731978	30.1971901682	31.5766886881	6.819
452	0	1	2	2597	162	20.0118731978	17.7951332462	19.1746317662	16.252
453	0	1	1	1224	76	26.4650077601	29.394485723	31.218824638	8.944
453	0	1	2	2575	160	26.4650077601	32.447494423	34.2718333379	4.409
454	0	1	1	1245	77	20.2921419416	27.5711170252	28.9699355915	6.378
454	0	1	2	2587	161	20.2921419416	26.0183580687	27.4171766349	5.748
454	1	1	1	1236	77	20.2921419416	28.7374724709	30.1362910372	12.157
454	1	1	2	2583	161	20.2921419416	26.4202335533	27.8190521196	4.725
455	0	1	1	158	9	23.8725886858	0.274729567977	1.92036265961	8
455	0	1	2	1505	94	23.8725886858	2.65308895372	4.29872204535	7.748
456	0	1	1	1236	77	23.5456436209	28.9892365626	30.6123320223	4.897
456	0	1	2	2585	161	23.5456436209	30.2127643524	31.8358598121	10.583
457	0	1	1	1230	76	23.0944906312	30.2283025717	31.8202982499	10.914
457	0	1	2	2580	161	23.0944906312	29.7529472077	31.344942886	15.276
458	0	1	1	547	34	23.43141441	23.2224020561	24.837623239	10.724
458	0	1	2	1894	118	23.43141441	24.2216424955	25.8368636784	13.527
459	0	1	1	266	16	25.3763020467	29.6712271318	31.4205172043	15.307
459	0	1	2	1610	100	25.3763020467	31.1425725065	32.891862579	9.685
460	0	1	1	490	30	17.2564695245	29.0260686336	30.2156261494	8.315
460	0	1	2	1837	114	17.2564695245	28.9563103424	30.1458678583	14.472
461	0	1	1	530	33	19.1397759682	31.2362502605	32.5556316277	15.008
461	0	1	2	1879	117	19.1397759682	31.0321100726	32.3514914398	11.039
462	0	1	1	1097	68	24.4914510701	29.4914613795	31.1797551324	9.654
462	0	1	2	2445	152	24.4914510701	30.0979324394	31.7862261922	5.024
463	0	1	1	1009	63	22.6685729079	28.7415830428	30.3042185076	7.165
463	0	1	2	2354	147	22.6685729079	29.677121495	31.2397569598	10.834
465	0	1	1	814	50	23.1535338157	32.334128811	33.9301945723	11.937
465	0	1	2	2155	134	23.1535338157	32.8123219927	34.408387754	13.055
466	0	1	1	1222	76	23.3971830549	30.8371638031	32.4500252818	4.504
466	0	1	2	2572	160	23.3971830549	32.4733134464	34.086174925	16.41
467	0	1	1	489	30	24.9064764582	29.9809552168	31.6978583309	13.528
467	0	1	2	1833	114	24.9064764582	29.0672735935	30.7841767076	5.496
468	0	1	1	490	30	24.9512066105	32.0188940184	33.7388805609	10.346
468	0	1	2	1834	114	24.9512066105	31.8551605431	33.5751470856	9.04
470	0	1	1	1259	78	21.9106428492	29.707019997	31.2174083091	7.622
470	0	1	2	2609	163	21.9106428492	31.8493771987	33.3597655109	15.212
471	0	1	1	1021	63	26.5602412473	26.6983087497	28.5292124901	10.409
471	0	1	2	2366	147	26.5602412473	24.4066965421	26.2376002825	6.252
472	0	1	1	919	57	26.6518018867	25.6357499655	27.4729653473	12.536
472	0	1	2	2262	141	26.6518018867	26.9803929394	28.8176083212	7.307
473	0	1	1	1009	63	22.3608713237	33.2027076499	34.7441320129	7.228
473	0	1	2	2353	147	22.3608713237	31.379889657	32.92131402	8.409
474	0	1	1	471	29	22.2103847408	31.2141353798	32.7451861002	4.835
474	0	1	2	1817	113	22.2103847408	30.5794329425	32.110483663	5.905
475	0	1	1	1254	78	23.0115741172	30.6228887305	32.2091686416	7.59
475	0	1	2	2602	162	23.0115741172	31.8489131654	33.4351930765	17.528
476	0	1	1	773	48	26.1371589161	31.579400778	33.3811397599	16.788
476	0	1	2	2114	132	26.1371589161	30.6332930909	32.4350320727	9.181
477	0	1	1	1234	77	26.5304465262	28.0423044615	29.8711543325	8.536
477	0	1	2	2584	161	26.5304465262	26.8111198795	28.6399697505	4.724
478	0	1	1	808	50	22.4127439861	32.3972084529	33.9422086061	6.819
478	0	1	2	2150	134	22.4127439861	28.9748347336	30.5198348868	12.284
479	0	1	1	1244	77	20.2539177444	28.8508061018	30.2469897212	12.473
479	0	1	2	2596	162	20.2539177444	27.35159738	28.7477809993	22.583
480	0	1	1	309	19	21.3249380126	27.6836594393	29.1536727727	9.779
480	0	1	2	1652	103	21.3249380126	26.7827506482	28.2527639816	16.977
481	0	1	1	984	61	25.5484379389	24.5451987377	26.3063548262	9.166
481	0	1	2	2329	145	25.5484379389	30.7097809405	32.470937029	8.504
482	0	1	1	604	37	19.1912897894	31.8415237659	33.164456187	9.653
482	0	1	2	1955	122	19.1912897894	33.348109612	34.6710420331	13.528
483	0	1	1	548	34	16.4890758997	31.2896346583	32.42629266	5.528
483	0	1	2	1895	118	16.4890758997	31.1069059665	32.2435639682	13.496
484	0	1	1	1255	78	23.2560348697	29.9650370534	31.5681686227	8.126
484	0	1	2	2603	162	23.2560348697	29.8646005451	31.4677321144	12.473
485	0	1	1	1104	69	24.4545553964	29.9798561477	31.6656065341	5.276
485	0	1	2	2454	153	24.4545553964	28.3034259339	29.9891763203	13.401
486	0	1	1	1021	63	24.7405406077	26.3110500827	28.0165145744	9.748
486	0	1	2	2366	147	24.7405406077	31.3418821961	33.0473466878	9.811
487	0	1	1	169	10	26.1655982978	30.4932794351	32.2969788574	8.63
487	0	1	2	1511	94	26.1655982978	31.8120144484	33.6157138707	8.409
488	0	1	1	1234	77	22.2209476058	31.661771725	33.193550586	7.906
488	0	1	2	2579	161	22.2209476058	32.3701175145	33.9018963755	13.244
489	0	1	1	1225	76	25.309558539	31.1409001113	32.8855892866	5.59
489	0	1	2	2575	160	25.309558539	27.7578887433	29.5025779186	6.693
490	0	1	1	1004	62	20.4212804802	30.4212994701	31.8290200727	15.307
490	0	1	2	2350	146	20.4212804802	29.449180799	30.8569014016	11.181
491	0	1	1	1031	64	24.1822485279	28.847519265	30.514498449	6.882
491	0	1	2	2375	148	24.1822485279	38.40882547	40.075804654	6.536
492	0	1	1	1275	79	21.0448013176	27.8553367033	29.306039093	15.071
492	0	1	2	2625	164	21.0448013176	29.3442974729	30.7949998626	11.528
493	0	1	1	1021	63	26.9549770534	23.9492683149	25.8073827744	12.567
493	0	1	2	2366	147	26.9549770534	24.9603822127	26.8184966722	10.709
494	0	1	1	1237	77	21.104562203	29.7316004308	31.1864223775	8.284
494	0	1	2	2585	161	21.104562203	31.1706073631	32.6254293098	8.252
495	0	1	1	529	33	23.0984358416	28.6199676146	30.2122352521	4.661
495	0	1	2	1878	117	23.0984358416	33.7519400669	35.3442077043	6.221
496	0	1	1	999	62	24.7285564362	31.7041049332	33.408743308	7.874
496	0	1	2	2344	146	24.7285564362	31.332951974	33.0375903488	8.866
497	0	1	1	443	27	24.5158297493	27.8445858954	29.5345601682	4.504
497	0	1	2	1789	111	24.5158297493	30.4641956608	32.1541699336	12.645
498	0	1	1	935	58	25.4778166629	26.5617414987	28.31802938	14.094
498	0	1	2	2280	142	25.4778166629	29.0783052264	30.8345931077	4.378
499	0	1	1	1213	75	20.2590640437	32.491649389	33.8881877634	7.937
499	0	1	2	2562	160	20.2590640437	33.0191331743	34.4156715487	12.189
500	0	1	1	1255	78	14.4326006042	28.7158526664	29.7107495946	10.441
500	0	1	2	2603	162	14.4326006042	31.0551486052	32.0500455335	19.654
501	0	1	1	591	36	22.4775997177	28.4632030525	30.0126739709	6.22
501	0	1	2	1941	121	22.4775997177	27.8559580246	29.4054289431	6.347
502	0	1	1	1209	75	20.6129749016	29.8047975847	31.2257324511	15.181
502	0	1	2	2568	160	20.6129749016	27.8857804368	29.3067153032	10.63
503	0	1	1	1218	76	25.7055458289	31.2607146152	33.0327007794	7.685
503	0	1	2	2567	160	25.7055458289	30.5018680093	32.2738541735	16.378
504	0	1	1	1213	75	22.2701012488	30.1253836169	31.6605508353	12.315
504	0	1	2	2562	160	22.2701012488	28.7040719309	30.2392391493	16
505	0	1	1	101	6	28.7175693448	29.85586145	31.8354784512	26.347
505	0	1	2	1441	90	28.7175693448	32.5160570603	34.4956740615	8
507	0	1	1	790	49	26.0294689346	27.6156743224	29.4099898028	8.709
507	0	1	2	2132	133	26.0294689346	34.6442888986	36.438604379	15.843
508	0	1	1	1234	77	18.066469723	27.8670917489	29.1124858205	5.418
508	0	1	2	2584	161	18.066469723	25.0478247025	26.2932187742	17.843
509	0	1	1	72	4	25.3935605213	29.9583020737	31.7087818418	10.221
509	0	1	2	1412	88	25.3935605213	29.12986842	30.8803481882	8.189
510	0	1	1	288	18	22.4864976264	32.5811173818	34.1312016687	14.535
510	0	1	2	1628	101	22.4864976264	36.4064474986	37.9565317855	8.189
511	0	1	1	1233	77	21.3657310107	29.3596031138	30.8324284718	7.37
511	0	1	2	2583	161	21.3657310107	28.3632125341	29.8360378921	8
512	0	1	1	1091	68	19.9022603029	29.5499956279	30.9219380923	6.63
512	0	1	2	2438	152	19.9022603029	33.0589813118	34.4309237762	4.929
513	0	1	1	1049	65	23.0458641408	33.7076439145	35.2962875742	15.307
513	0	1	2	2387	149	23.0458641408	31.2694541865	32.8580978461	8.347
514	0	1	1	266	16	24.8640698883	29.9785496968	31.6925295563	15.465
514	0	1	2	1609	100	24.8640698883	28.5992202168	30.3132000762	4.85
515	0	1	1	820	51	30.0094786928	26.9828943427	29.0515678263	4.914
515	0	1	2	2161	135	30.0094786928	26.6657190994	28.734392583	18.284
515	1	1	1	819	51	30.0094786928	22.8416888527	24.9103623364	15.906
515	1	1	2	2164	135	30.0094786928	29.2574426041	31.3261160877	6.661
516	0	1	1	1004	62	20.7011883259	27.5172763437	28.9442921145	10.063
516	0	1	2	2347	146	20.7011883259	27.2058972759	28.6329130467	8.725
517	0	1	1	447	27	25.8757472011	29.3438665131	31.1275853391	5.37
517	0	1	2	1793	112	25.8757472011	31.6174208351	33.4011396612	5.874
519	0	1	1	583	36	21.5870397352	30.568802006	32.0568830602	11.103
519	0	1	2	1931	120	21.5870397352	31.1201531766	32.6082342309	16.85
521	0	1	1	591	36	20.6311679392	28.9718847269	30.3940737122	7.811
521	0	1	2	1941	121	20.6311679392	28.9073019388	30.3294909241	10.945
522	0	1	1	1230	76	22.5155336696	31.3237416994	32.8758275569	9.842
522	0	1	2	2580	161	22.5155336696	29.8857087558	31.4377946133	16.63
523	0	1	1	806	50	27.0412794814	32.4942476503	34.3583112816	12.095
523	0	1	2	2146	134	27.0412794814	29.0098345723	30.8738982036	5.685
524	0	1	1	1019	63	27.1878089103	32.7064085946	34.580573086	16.457
524	0	1	2	2364	147	27.1878089103	32.5624732821	34.4366377734	4.157
525	0	1	1	1250	78	21.0983078776	27.8665760368	29.3209668479	5.149
525	0	1	2	2600	162	21.0983078776	29.2305250556	30.6849158667	19.213
526	0	1	1	570	35	19.6405137065	25.0122579794	26.3661572032	6.504
526	0	1	2	1931	120	19.6405137065	31.3938557817	32.7477550055	7.968
528	0	1	1	571	35	26.3829585006	27.519696007	29.3383789381	8.662
528	0	1	2	1921	120	26.3829585006	32.7874400739	34.6061230049	7.575
529	0	1	1	1024	64	25.9621650494	21.1210308661	22.9107068203	4.441
529	0	1	2	2370	148	25.9621650494	28.9515136742	30.7411896284	7.465
530	0	1	1	992	62	23.4103118466	27.0029761209	28.6167426197	8.252
530	0	1	2	2336	146	23.4103118466	27.6898121517	29.3035786505	5.716
530	1	1	1	1004	62	23.4103118466	28.0680985934	29.6818650922	5.591
530	1	1	2	2350	146	23.4103118466	26.2973209015	27.9110874003	7.023
531	0	1	1	902	56	25.9874567171	27.8436197277	29.6350391378	13.149
531	0	1	2	2245	140	25.9874567171	28.4690133795	30.2604327896	14.74
532	0	1	1	1254	78	21.4615092406	18.5903065692	20.069734304	12.504
532	0	1	2	2602	162	21.4615092406	16.611643388	18.0910711228	25.968
533	0	1	1	571	35	28.5638350279	25.2139734449	27.1829929243	8.882
533	0	1	2	1921	120	28.5638350279	28.0752936581	30.0443131375	7.874
534	0	1	1	1240	77	20.4749096438	33.1060967518	34.5175142274	6.473
534	0	1	2	2589	161	20.4749096438	32.3451261157	33.7565435913	12.063
535	0	1	1	1241	77	20.5597959039	29.034218065	30.4514870902	16.409
535	0	1	2	2590	161	20.5597959039	29.6789538851	31.0962229103	10.882
536	0	1	1	182	11	22.9036914683	29.9300276507	31.508870779	8.063
536	0	1	2	1526	95	22.9036914683	29.0217285943	30.6005717226	14.599
537	0	1	1	304	19	24.5473993078	29.4006356882	31.092786177	5.464
537	0	1	2	1652	103	24.5473993078	29.7510640696	31.4432145585	12.63
538	0	1	1	1229	76	22.8583403114	28.5963817225	30.1720986141	5.103
538	0	1	2	2580	161	22.8583403114	30.4804158899	32.0561327814	11.355
539	0	1	1	819	51	25.8875738224	27.9732996707	29.757833753	6.787
539	0	1	2	2165	135	25.8875738224	30.1521307316	31.936664814	5.401
540	0	1	1	876	54	26.276690906	28.4244229912	30.2357804716	7.528
540	0	1	2	2218	138	26.276690906	28.6941725741	30.5055300545	17.401
541	0	1	1	551	34	23.6060641851	28.0819756636	29.7092361546	4
541	0	1	2	1898	118	23.6060641851	30.4209045705	32.0481650615	4.095
542	0	1	1	1230	76	19.7718980072	31.2122743073	32.5752303768	11.465
542	0	1	2	2581	161	19.7718980072	30.0222059119	31.3851619814	12.457
543	0	1	1	513	32	20.4059981096	30.5475594584	31.954226586	4.221
543	0	1	2	1860	116	20.4059981096	31.0431327997	32.4497999274	8.409
544	0	1	1	534	33	18.7714700739	32.6088222088	33.9028147765	12.441
544	0	1	2	1883	117	18.7714700739	31.2319465533	32.525939121	8.204
545	0	1	1	1217	76	22.318749117	29.0162657821	30.5547864928	8.126
545	0	1	2	2566	160	22.318749117	27.1831660753	28.721686786	9.307
546	0	1	1	1240	77	25.0413631576	32.0789850434	33.8051864375	5.338
546	0	1	2	2589	161	25.0413631576	31.8793777685	33.6055791626	11.071
547	0	1	1	547	34	23.4661517542	28.4907362741	30.1083520412	6.992
547	0	1	2	1894	118	23.4661517542	32.9376069569	34.555222724	12.977
548	0	1	1	916	57	25.6519508105	31.3520329863	33.1203246314	10.567
548	0	1	2	2246	140	25.6519508105	31.7477803422	33.5160719872	5.874
549	0	1	1	330	20	23.5323057917	31.809721642	33.4318976717	5.968
549	0	1	2	1674	104	23.5323057917	28.8457882008	30.4679642305	10.158
550	0	1	1	1003	62	27.8793887265	31.1685772895	33.0904151458	11.685
550	0	1	2	2349	146	27.8793887265	32.8737611955	34.7955990517	15.496
551	0	1	1	538	33	18.3976636673	29.1274460115	30.3956706075	5.292
551	0	1	2	1888	118	18.3976636673	30.6037287557	31.8719533516	7.496
552	0	1	1	1236	77	22.7602544501	28.3170130237	29.8859684642	8.347
552	0	1	2	2584	161	22.7602544501	31.2948899086	32.8638453491	16.189
553	0	1	1	1288	80	20.0340159817	31.3979230855	32.7789479962	8.567
553	0	1	2	2637	164	20.0340159817	30.1350969964	31.5161219071	8.284
554	0	1	1	257	16	29.2447076518	32.1848877115	34.2008424661	6.693
554	0	1	2	1600	100	29.2447076518	32.256445678	34.2724004326	4.614
555	0	1	1	1060	66	23.0801176321	30.107216913	31.6982218029	12.315
555	0	1	2	2407	150	23.0801176321	28.9621210037	30.5531258937	18.221
556	0	1	1	539	33	23.9664769979	32.0944839909	33.7465891797	14.614
556	0	1	2	1890	118	23.9664769979	32.0074067126	33.6595119014	10.362
557	0	1	1	444	27	30.1383897322	25.5844048031	27.6619646407	4.787
557	0	1	2	1791	111	30.1383897322	25.0080148031	27.0855746406	10.33
558	0	1	1	280	17	21.2720855701	30.6639189326	32.1302889356	4.598
558	0	1	2	1625	101	21.2720855701	31.0310464879	32.4974164909	19.685
559	0	1	1	604	37	17.6435698675	33.0807270696	34.2969689615	9.59
559	0	1	2	1955	122	17.6435698675	31.3693317363	32.5855736282	8.252
560	0	1	1	902	56	26.7169609067	30.3258576606	32.1675647144	12.252
560	0	1	2	2244	140	26.7169609067	28.1581518	29.9998588538	7.685
562	0	1	1	136	8	23.9223184467	29.2997444463	30.9488056094	11.181
562	0	1	2	1477	92	23.9223184467	28.30919487	29.9582560331	15.685
564	0	1	1	581	36	26.4402110792	28.0973836309	29.9200132114	8.032
564	0	1	2	1928	120	26.4402110792	28.1167191186	29.9393486991	15.197
565	0	1	1	487	30	19.5771507279	28.5095754578	29.8591068178	9.244
565	0	1	2	1832	114	19.5771507279	30.6211226369	31.970653997	14.473
566	0	1	1	822	51	21.2521908468	33.0143840842	34.4793826643	6.283
566	0	1	2	2164	135	21.2521908468	33.460294463	34.9252930431	9.228
567	0	1	1	86	5	25.2631658176	26.8787217252	28.6202128645	28.095
567	0	1	2	1425	89	25.2631658176	33.1474641895	34.8889553288	15.401
568	0	1	1	1012	63	23.6664660496	26.8851338323	28.5165580656	9.842
568	0	1	2	2356	147	23.6664660496	29.6414146964	31.2728389297	7.874
569	0	1	1	541	33	25.2597533061	33.8771934605	35.6184493617	5.59
569	0	1	2	1890	118	25.2597533061	28.2595172456	30.0007731469	14.441
570	0	1	1	762	47	22.6680745063	34.7031297762	36.2657308842	16.693
570	0	1	2	2102	131	22.6680745063	36.5635809524	38.1261820604	11.276
571	0	1	1	338	21	18.3000327582	27.3718185216	28.6333130282	7.685
571	0	1	2	1682	105	18.3000327582	26.193946311	27.4554408176	14.157
572	0	1	1	1218	76	25.1997771118	26.8459625784	28.5830840805	7.717
572	0	1	2	2567	160	25.1997771118	27.9241909122	29.6613124143	13.244
573	0	1	1	1240	77	21.1124905004	29.281095869	30.736464345	8.252
573	0	1	2	2590	161	21.1124905004	29.3544354128	30.8098038888	9.685
574	0	1	1	1010	63	28.8463481948	25.2901191291	27.2786133719	19.685
574	0	1	2	2356	147	28.8463481948	27.558318299	29.5468125418	19.528
575	0	1	1	153	9	22.4674403396	25.7710060571	27.3197766489	12.851
575	0	1	2	1497	93	22.4674403396	27.6816044807	29.2303750725	17.622
576	0	1	1	570	35	26.0126306512	23.5309081372	25.3240628873	5.874
576	0	1	2	1918	119	26.0126306512	26.4737311438	28.2668858939	10.897
577	0	1	1	1004	62	22.2195876314	31.4311897372	32.9628748497	14.74
577	0	1	2	2349	146	22.2195876314	31.1547271857	32.6864122983	11.779
578	0	1	1	457	28	23.4510399201	33.4146478089	35.0312218567	4.22
578	0	1	2	1802	112	23.4510399201	31.6084623458	33.2250363936	8.961
579	0	1	1	1238	77	21.2722929826	25.6581095829	27.1244938836	4.126
579	0	1	2	2593	162	21.2722929826	27.7597539304	29.2261382311	18
580	0	1	1	599	37	18.2149553861	31.8786602937	33.1342900764	10.85
580	0	1	2	1950	121	18.2149553861	31.6151244721	32.8707542549	10.378
581	0	1	1	160	10	24.3909113388	29.240332734	30.9216958808	6.677
581	0	1	2	1499	93	24.3909113388	27.556009991	29.2373731378	17.811
582	0	1	1	993	62	24.5502681926	30.9398222107	32.6321704632	8.378
582	0	1	2	2338	146	24.5502681926	29.2169290598	30.9092773124	6.693
583	0	1	1	1009	63	24.8606555314	23.8415841037	25.5553285978	8.094
583	0	1	2	2353	147	24.8606555314	29.4671686392	31.1809131333	7.087
584	0	1	1	1019	63	27.0962049809	31.4953444806	33.3631943464	5.969
584	0	1	2	2364	147	27.0962049809	29.2151622198	31.0830120856	13.04
585	0	1	1	1227	76	23.9425412679	32.0694788524	33.7199340555	5.339
585	0	1	2	2578	161	23.9425412679	31.1249124696	32.7753676727	4.85
586	0	1	1	1286	80	21.7114830203	28.1183117468	29.6149711748	14.536
586	0	1	2	2635	164	21.7114830203	30.2036187526	31.7002781805	13.37
587	0	1	1	343	21	18.0004368161	27.2327109412	28.4735531003	12.788
587	0	1	2	1687	105	18.0004368161	28.5425559843	29.7833981434	15.102
588	0	1	1	192	12	24.7676272357	32.7756621996	34.4829938809	5.275
588	0	1	2	1535	95	24.7676272357	30.1784864305	31.8858181119	5.307
589	0	1	1	486	30	20.5032529625	30.8833326189	32.2967039129	8.283
589	0	1	2	1831	114	20.5032529625	30.7110288644	32.1244001583	7.181
590	0	1	1	422	26	24.4833119176	29.5506665703	31.2383992588	17.355
590	0	1	2	1771	110	24.4833119176	29.7827477654	31.4704804539	16.725
591	0	1	1	1222	76	21.3357976837	35.1875202944	36.6582822283	6.693
591	0	1	2	2572	160	21.3357976837	31.7322915291	33.2030534631	12.85
592	0	1	1	429	26	22.0140044269	28.8315684945	30.3490819339	8.362
592	0	1	2	1775	110	22.0140044269	29.2339032468	30.7514166862	10.063
593	0	1	1	141	8	21.59635628	31.4548766349	32.9435999158	9.685
593	0	1	2	1481	92	21.59635628	29.3412266802	30.8299499611	6.819
594	0	1	1	154	9	25.9938639043	32.6913933668	34.48325445	12.866
594	0	1	2	1495	93	25.9938639043	31.2187922158	33.0106532989	17.937
595	0	1	1	280	17	25.986670942	32.2301231813	34.0214884248	5.181
595	0	1	2	1624	101	25.986670942	31.2415881167	33.0329533602	5.811
596	0	1	1	1079	67	26.0780514105	27.0473863977	28.8450508627	7.811
596	0	1	2	2425	151	26.0780514105	31.7731317292	33.5707961941	15.748
597	0	1	1	816	51	24.8462440912	27.257536239	28.970287295	12.504
597	0	1	2	2158	134	24.8462440912	33.1576409796	34.8703920355	10.645
598	0	1	1	1213	75	22.4578904715	29.1679151409	30.7160274221	9.906
598	0	1	2	2562	160	22.4578904715	28.9558775463	30.5039898275	14.094
599	0	1	1	343	21	24.0407930513	30.1230768204	31.7803049122	14.031
599	0	1	2	1687	105	24.0407930513	30.2261112899	31.8833393817	8.472
600	0	1	1	280	17	29.3116183459	34.0739912504	36.094558427	11.937
600	0	1	2	1624	101	29.3116183459	31.8801456354	33.900712812	4.662
601	0	1	1	1220	76	19.8314679512	32.9439657002	34.3110281644	5.874
601	0	1	2	2571	160	19.8314679512	29.940383214	31.3074456782	15.685
602	0	1	1	1275	79	20.2130795806	28.5157750769	29.9091435582	10.85
602	0	1	2	2626	164	20.2130795806	29.1405640401	30.5339325214	12.535
603	0	1	1	870	54	21.2979545842	32.5752620325	34.0434152902	4.599
603	0	1	2	2212	138	21.2979545842	34.2024331542	35.6705864118	11.874
604	0	1	1	1259	78	30.1169033873	27.0475110769	29.1235897747	4.662
604	0	1	2	2612	163	30.1169033873	26.2165990609	28.2926777587	14.913
605	0	1	1	487	30	25.5737334483	28.3441844084	30.1070842176	15.433
605	0	1	2	1832	114	25.5737334483	32.775564774	34.5384645832	8.189
606	0	1	1	997	62	20.8560569776	26.9279598643	28.3656513512	13.323
606	0	1	2	2342	146	20.8560569776	25.7307636567	27.1684551436	11.937
607	0	1	1	1248	78	21.8866253405	28.0031378562	29.5118705453	4.851
607	0	1	2	2599	162	21.8866253405	31.2188911779	32.727623867	14.315
608	0	2	1	290	18	22.4965420532	30.898730301	32.4495069904	7.402
608	0	2	2	1633	102	22.4965420532	32.2039999392	33.7547766286	5.78
609	0	2	1	1211	75	20.6605497094	29.5796218973	31.0038362856	9.276
609	0	2	2	2561	160	20.6605497094	30.4035437719	31.8277581602	9.071
610	0	2	1	491	30	17.0707809052	30.1075057912	31.2842630473	14.693
610	0	2	2	1837	114	17.0707809052	27.8598076761	29.0365649322	6.929
611	0	2	1	1242	77	24.3867964575	31.2015023347	32.8825818262	9.433
611	0	2	2	2593	162	24.3867964575	30.2696529603	31.9507324518	12.661
612	0	2	1	832	52	29.4679189604	30.0197446663	32.0510862699	8.315
612	0	2	2	2173	135	29.4679189604	29.1296644834	31.161006087	5.59
613	0	2	1	265	16	20.5395059573	26.8436798096	28.2595501676	20.157
613	0	2	2	1608	100	20.5395059573	26.9620694684	28.3779398264	19.418
614	0	2	1	930	58	22.8186921687	33.0929919254	34.6659757118	6.22
614	0	2	2	2285	142	22.8186921687	33.3464919228	34.9194757091	10.094
615	0	2	1	209	13	25.3442601156	28.1628445878	29.9099258817	6.031
615	0	2	2	1553	97	25.3442601156	28.4222193824	30.1693006763	15.024
616	0	2	1	262	16	19.6540250208	30.8424486751	32.1972792879	4.866
616	0	2	2	1606	100	19.6540250208	28.4991927391	29.8540233519	4
617	0	2	1	163	10	22.8838679215	30.6092461434	32.1867227553	13.307
617	0	2	2	1506	94	22.8838679215	29.0100545719	30.5875311838	4.504
618	0	2	1	1211	75	24.9372914695	26.5225388724	28.2415661885	6.063
618	0	2	2	2561	160	24.9372914695	26.3403472037	28.0593745198	9.464
619	0	2	1	216	13	26.115067328	25.8502504649	27.6504665852	11.527
619	0	2	2	1559	97	26.115067328	30.3321363478	32.132352468	13.26
620	0	2	1	1004	62	25.174369876	31.3515161397	33.0868862194	8.189
620	0	2	2	2351	146	25.174369876	30.8778224887	32.6131925683	8.662
621	0	2	1	809	50	22.8053354293	32.1003806179	33.6724436708	12.646
621	0	2	2	2152	134	22.8053354293	32.1395217694	33.7115848222	10.158
622	0	2	1	1245	77	20.6510255566	28.2264622392	29.6500200895	10.693
622	0	2	2	2596	162	20.6510255566	26.1997484177	27.623306268	13.023
623	0	2	1	879	54	24.3470480916	27.9640445802	29.6423840578	17.465
623	0	2	2	2222	138	24.3470480916	28.0504170242	29.7287565017	17.023
624	0	2	1	1264	79	23.2728649667	29.3759444487	30.9802361839	4.756
624	0	2	2	2614	163	23.2728649667	30.9833471348	32.58763887	12.284
625	0	2	1	919	57	21.1039974501	24.259829794	25.7146128101	16.961
625	0	2	2	2261	141	21.1039974501	26.3057135936	27.7604966096	12.189
626	0	2	1	492	30	23.8737005227	30.2401985747	31.8859083097	8.504
626	0	2	2	1837	114	23.8737005227	28.7801954589	30.4259051939	9.496
627	0	2	1	1234	77	25.1951284406	30.522042458	32.2588435086	6.504
627	0	2	2	2583	161	25.1951284406	28.9341969084	30.670997959	4.661
628	0	2	1	1234	77	17.5591264236	28.7888709347	29.999291802	8.992
628	0	2	2	2584	161	17.5591264236	30.2127613438	31.4231822111	12.772
629	0	2	1	414	25	26.7540080361	29.9019812823	31.746242143	6.158
629	0	2	2	1760	110	26.7540080361	32.2565690499	34.1008299107	11.118
630	0	2	1	272	17	21.6886367063	27.7745659524	29.2696504925	4.598
630	0	2	2	1614	100	21.6886367063	27.7663117514	29.2613962915	13.023
631	0	2	1	341	21	25.0647243161	30.987233044	32.7150448163	4.693
631	0	2	2	1684	105	25.0647243161	31.338175806	33.0659875783	9.969
633	0	2	1	795	49	26.6406648834	33.976422514	35.8128701776	9.843
633	0	2	2	2135	133	26.6406648834	32.1286300506	33.9650777141	8.598
634	0	2	1	778	48	22.7313600415	33.8079965721	35.3749602053	13.008
634	0	2	2	2119	132	22.7313600415	32.4954308246	34.0623944579	7.181
635	0	2	1	158	9	27.7331641951	27.3489891545	29.2607471685	9.433
635	0	2	2	1498	93	27.7331641951	28.4131131183	30.3248711323	15.04
636	0	2	1	489	30	20.8431921661	30.3326814827	31.7694861467	10.724
636	0	2	2	1833	114	20.8431921661	33.9439627995	35.3807674634	7.717
637	0	2	1	1033	64	28.6259182704	30.2382621245	32.2115612503	9.433
637	0	2	2	2377	148	28.6259182704	22.0119370341	23.9852361599	6
638	0	2	1	376	23	28.0617028173	31.4117054715	33.3461109677	7.464
638	0	2	2	1721	107	28.0617028173	29.707017469	31.6414229652	13.023
639	0	2	1	1063	66	22.9858627475	27.1133675421	28.6978750655	9.307
639	0	2	2	2407	150	22.9858627475	25.8646778183	27.4491853417	10.094
640	0	2	1	557	34	23.5918281539	28.0554072015	29.6816863459	14.41
640	0	2	2	1907	119	23.5918281539	27.004637032	28.6309161764	11.024
641	0	2	1	895	55	25.1123190819	28.7642929779	30.495385648	5.433
641	0	2	2	2234	139	25.1123190819	27.4644547783	29.1955474484	5.055
642	0	2	1	584	36	21.9186703374	30.2137665104	31.7247081894	10.441
642	0	2	2	1933	120	21.9186703374	28.8766302005	30.3875718795	20.094
643	0	2	1	1243	77	24.124645487	30.1490472487	31.8120556245	10.031
643	0	2	2	2593	162	24.124645487	30.1013656658	31.7643740416	12.126
644	0	2	1	550	34	22.4494886825	33.5891281234	35.1366612356	10.819
644	0	2	2	1897	118	22.4494886825	31.7524761568	33.300009269	11.527
645	0	2	1	265	16	20.1008974136	22.6080792856	23.9937146011	8.63
645	0	2	2	1624	101	20.1008974136	25.1221742669	26.5078095824	8.536
646	0	2	1	1241	77	18.457104202	32.9442505132	34.2165725831	9.244
646	0	2	2	2590	161	18.457104202	31.7160041205	32.9883261904	9.527
647	0	2	1	183	11	20.2689568789	31.1502278679	32.547448195	12.252
647	0	2	2	1528	95	20.2689568789	31.6710876087	33.0683079358	5.622
648	0	2	1	470	29	24.6690733017	31.7528257397	33.4533637039	8.567
648	0	2	2	1818	113	24.6690733017	30.2793949578	31.979932922	6.393
649	0	2	1	1251	78	12.3585887833	22.8209015649	23.6728285568	8.126
649	0	2	2	2600	162	12.3585887833	24.1835060914	25.0354330833	19.527
650	0	2	1	1260	78	20.8387817755	13.0608825691	14.4973832071	5.937
650	0	2	2	2600	162	20.8387817755	9.76159328279	11.1980939208	8.929
651	0	2	1	994	62	18.1124272302	29.3040215797	30.5525836863	12.315
651	0	2	2	2338	146	18.1124272302	26.852389983	28.1009520896	15.37
652	0	2	1	471	29	21.1695542994	26.935487092	28.3947892041	8.095
652	0	2	2	1818	113	21.1695542994	29.5278721317	30.9871742437	6.567
653	0	2	1	1229	76	23.4418196721	25.0618229343	26.6777613936	8.614
653	0	2	2	2579	161	23.4418196721	25.9988757013	27.6148141606	13.969
654	0	2	1	765	47	28.6570568688	31.5306963052	33.5061419392	4.409
654	0	2	2	2106	131	28.6570568688	31.8773132735	33.8527589075	5.086
655	0	2	1	1262	78	20.3417718128	28.7363882033	30.1386279553	4.409
655	0	2	2	2613	163	20.3417718128	29.2827700287	30.6850097807	9.748
656	0	2	1	433	27	28.2526978267	29.2448819568	31.1924535035	8.095
656	0	2	2	1781	111	28.2526978267	30.0856604938	32.0332320405	12.315
657	0	2	1	895	55	24.2889387393	30.9849219345	32.6592557018	8.032
657	0	2	2	2247	140	24.2889387393	28.2677037881	29.9420375554	6.866
658	0	2	1	492	30	29.0414381498	31.3411002981	33.3430428724	6.095
658	0	2	2	1838	114	29.0414381498	32.4613831964	34.4633257707	12.882
659	0	2	1	337	21	23.8629821193	30.6306819847	32.2756528573	7.433
659	0	2	2	1682	105	23.8629821193	29.9330606379	31.5780315104	13.118
660	0	2	1	1239	77	23.4519992814	29.6885686157	31.3052087963	11.843
660	0	2	2	2589	161	23.4519992814	28.7039123488	30.3205525293	11.811
661	0	2	1	174	10	23.6080909304	29.2572003798	30.8846005824	7.37
661	0	2	2	1517	94	23.6080909304	27.4835461012	29.1109463039	15.103
662	0	2	1	1245	77	20.3375155174	30.5182022724	31.9201486209	14.504
662	0	2	2	2596	162	20.3375155174	29.713287192	31.1152335405	18.882
663	0	2	1	470	29	21.3626597109	34.729384584	36.201998225	6.645
663	0	2	2	1816	113	21.3626597109	29.8460702492	31.3186838903	9.779
664	0	2	1	1246	77	18.7412331127	29.7252424105	31.0171506235	12.929
664	0	2	2	2594	162	18.7412331127	28.8188090581	30.1107172711	5.213
664	1	2	1	1245	77	18.7412331127	31.3431291381	32.635037351	6.866
664	1	2	2	2596	162	18.7412331127	31.7373586675	33.0292668805	16.835
665	0	2	1	1059	66	22.6457797449	32.2160591981	33.7771234389	7.811
665	0	2	2	2404	150	22.6457797449	29.0495447986	30.6106090394	22.567
666	0	2	1	1264	79	23.5864528478	29.3311864797	30.9570950827	4.882
666	0	2	2	2615	163	23.5864528478	29.852942947	31.4788515501	12.095
667	0	2	1	470	29	21.7591719791	28.7407916108	30.2407384296	10.252
667	0	2	2	1817	113	21.7591719791	29.0286861187	30.5286329374	6.567
668	0	2	1	439	27	20.4549856792	30.6369872477	32.0470312846	8.252
668	0	2	2	1785	111	20.4549856792	29.2275755166	30.6376195535	5.622
669	0	2	1	281	17	25.3116309602	31.9962325967	33.7410646323	7.338
669	0	2	2	1626	101	25.3116309602	27.3989501376	29.1437821732	6.598
670	0	2	1	378	23	20.1311196835	28.4205453909	29.8082640485	17.842
670	0	2	2	1723	107	20.1311196835	29.0477994815	30.4355181391	15.685
671	0	2	1	266	16	24.9346381599	30.5152725583	32.2341169712	7.842
671	0	2	2	1610	100	24.9346381599	28.7556477815	30.4744921944	6.425
672	0	2	1	1026	64	26.6570451957	30.6176373165	32.4552141406	10.724
672	0	2	2	2371	148	26.6570451957	25.74618501	27.583761834	8.032
674	0	2	1	821	51	27.1456184631	24.7647154676	26.6359716026	5.717
674	0	2	2	2165	135	27.1456184631	27.314978229	29.186234364	13.527
675	0	2	1	280	17	24.0242790527	30.7356528295	32.3917425453	4.536
675	0	2	2	1624	101	24.0242790527	34.6724306948	36.3285204106	9.181
676	0	2	1	816	51	31.7497326604	29.570595927	31.7592320823	9.055
676	0	2	2	2159	134	31.7497326604	30.0995549678	32.288191123	7.04
677	0	2	1	935	58	28.9261581416	25.7335299508	27.7275258126	19.968
677	0	2	2	2278	142	28.9261581416	27.3746826682	29.36867853	4
678	0	2	1	486	30	24.6874748197	30.0944912904	31.7962977449	7.496
678	0	2	2	1831	114	24.6874748197	27.9094615248	29.6112679793	8.409
679	0	2	1	1218	76	18.3997071097	32.0981543367	33.3665197953	12.032
679	0	2	2	2567	160	18.3997071097	30.126421025	31.3947864836	15.401
680	0	2	1	934	58	28.108907515	26.1357338033	28.0733933083	14.283
680	0	2	2	2277	142	28.108907515	27.0497714801	28.9874309851	10.063
681	0	2	1	737	46	28.6313699977	27.7756870603	29.7493619955	4.992
681	0	2	2	2077	129	28.6313699977	30.1304715576	32.1041464928	6.834
682	0	2	1	984	61	29.4586868247	23.4928307209	25.5235359165	11.402
682	0	2	2	2330	145	29.4586868247	30.2244192638	32.2551244593	5.401
683	0	2	1	304	19	24.8339838532	29.0682965815	30.7802024901	9.969
683	0	2	2	1649	103	24.8339838532	29.6303665477	31.3422724564	16.409
684	0	2	1	586	36	23.2709375168	27.9798748188	29.5840336871	14.96
684	0	2	2	1933	120	23.2709375168	28.7503259684	30.3544848368	12.536
685	0	2	1	520	32	23.6852769116	31.3489657321	32.9816866734	8.709
685	0	2	2	1866	116	23.6852769116	31.0696955497	32.702416491	6.708
686	0	2	1	773	48	21.5540841721	32.5595090501	34.0453183454	6.614
686	0	2	2	2114	132	21.5540841721	31.224598154	32.7104074494	11.086
687	0	2	1	920	57	24.0314327616	27.2931246562	28.9497075057	12.267
687	0	2	2	2267	141	24.0314327616	32.4798456429	34.1364284925	7.527
688	0	2	1	994	62	26.0134201247	25.3904747538	27.1836839255	19.118
688	0	2	2	2338	146	26.0134201247	26.9515833185	28.7447924902	15.591
689	0	2	1	1081	67	21.8681828867	26.9429594519	28.4504208288	4.315
689	0	2	2	2428	151	21.8681828867	29.0243600496	30.5318214266	7.26
690	0	2	1	1240	77	16.6986308037	29.6722444897	30.8233479497	14.724
690	0	2	2	2589	161	16.6986308037	28.9870481977	30.1381516577	10.378
691	0	2	1	1256	78	16.2542013942	28.5815598804	29.7020270423	9.622
691	0	2	2	2604	162	16.2542013942	28.3146307456	29.4350979076	22.756
692	0	2	1	819	51	26.0003340868	29.0899662148	30.8822733135	9.496
692	0	2	2	2161	135	26.0003340868	32.8457205017	34.6380276004	12.251
693	0	2	1	180	11	22.9965638335	26.1558108119	27.741056004	17.591
693	0	2	2	1529	95	22.9965638335	26.2124147648	27.7976599569	15.275
694	0	2	1	469	29	21.2513450732	29.3253300561	30.7902703336	12.567
694	0	2	2	1816	113	21.2513450732	28.3257487813	29.7906890588	11.969
695	0	2	1	1081	67	22.6613241179	29.498901245	31.0610370217	5.905
695	0	2	2	2427	151	22.6613241179	29.1610491473	30.723184924	5.323
696	0	2	1	1243	77	21.4447098963	29.7971291904	31.2753988791	5.591
696	0	2	2	2594	162	21.4447098963	30.4618857919	31.9401554806	16.032
697	0	2	1	472	29	25.3076520247	14.9252184875	16.6697762391	9.527
697	0	2	2	1818	113	25.3076520247	29.5308225032	31.2753802548	10.945
698	0	2	1	999	62	22.0141009638	30.4147446329	31.932264727	8.882
698	0	2	2	2344	146	22.0141009638	31.1706065248	32.6881266189	17.968
698	1	2	1	987	61	22.0141009638	25.6653161463	27.1828362404	11.843
698	1	2	2	2331	145	22.0141009638	32.843796172	34.361316266	6.504
699	0	2	1	567	35	19.655872913	32.9640415866	34.318999582	6.535
699	0	2	2	1915	119	19.655872913	35.1340494737	36.4890074691	10.536
700	0	2	1	820	51	25.4475940226	28.3753003164	30.1295048301	4.882
700	0	2	2	2164	135	25.4475940226	27.777368109	29.5315726227	11.244
701	0	2	1	985	61	24.2929223325	25.7822598434	27.4568682157	6.536
701	0	2	2	2331	145	24.2929223325	27.4366375515	29.1112459239	9.165
702	0	2	1	992	62	21.2069463032	30.0629176746	31.5247973672	16.567
702	0	2	2	2338	146	21.2069463032	28.4479946721	29.9098743647	13.464
703	0	2	1	805	50	19.8695373075	34.2026297589	35.5723164962	8.095
703	0	2	2	2146	134	19.8695373075	33.9905508369	35.3602375743	5.071
704	0	2	1	1255	78	22.9519544988	31.2516216891	32.8337917812	5.937
704	0	2	2	2603	162	22.9519544988	32.6022433503	34.1844134425	14.567
705	0	2	1	1001	62	29.1089942295	32.9015401947	34.90813968	9.181
705	0	2	2	2347	146	29.1089942295	32.8943709151	34.9009704003	9.716
706	0	2	1	897	56	26.7041756478	28.2804583885	30.1212841033	11.04
706	0	2	2	2240	140	26.7041756478	28.0351744973	29.8760002121	5.086
708	0	2	1	1255	78	23.9376436116	29.8991187559	31.5492363439	9.465
708	0	2	2	2603	162	23.9376436116	27.4256083275	29.0757259156	16.929
709	0	2	1	538	33	19.2393077994	31.8280900087	33.1543325035	6.284
709	0	2	2	1888	118	19.2393077994	30.4719047821	31.7981472769	9.055
710	0	2	1	534	33	17.6708176735	32.9096883706	34.1278085628	13.653
710	0	2	2	1896	118	17.6708176735	33.4114438649	34.6295640572	16.378
711	0	2	1	584	36	27.265221802	29.0008345227	30.8803353946	10.756
711	0	2	2	1931	120	27.265221802	32.4447721933	34.3242730651	6.882
712	0	2	1	1063	66	25.6763614862	30.8567687785	32.6267431491	9.78
712	0	2	2	2410	150	25.6763614862	29.1514982069	30.9214725775	18.504
713	0	2	1	1029	64	22.7885086864	30.298605477	31.8695085951	6.221
713	0	2	2	2374	148	22.7885086864	39.4727084771	41.0436115952	9.086
714	0	2	1	1237	77	19.8534414321	30.9912750483	32.3598522325	8.945
714	0	2	2	2584	161	19.8534414321	30.7017351074	32.0703122916	11.433
715	0	2	1	1279	79	19.3299391006	29.0899390739	30.422429147	10.992
715	0	2	2	2629	164	19.3299391006	29.8069522496	31.1394423227	13.874
716	0	2	1	1243	77	22.5189684064	26.6144320891	28.1667547168	14.346
716	0	2	2	2593	162	22.5189684064	25.7986883364	27.3510109641	22.866
717	0	2	1	1280	80	17.5652050857	32.1989625247	33.4098024186	8.645
717	0	2	2	2629	164	17.5652050857	30.9215298676	32.1323697615	12.898
718	0	2	1	346	21	21.8858506777	27.1571733631	28.6658526516	5.087
718	0	2	2	1690	105	21.8858506777	30.9831726694	32.491851958	10.095
719	0	2	1	443	27	25.6196160393	32.2133291319	33.9793918117	6.284
719	0	2	2	1790	111	25.6196160393	28.1793368489	29.9453995288	11.118
720	0	2	1	1064	66	27.6385185583	29.6033003996	31.508534111	4.945
720	0	2	2	2412	150	27.6385185583	29.1779017489	31.0831354604	14.914
721	0	2	1	1224	76	22.7155503522	30.4396938701	32.0055676782	14.473
721	0	2	2	2572	160	22.7155503522	31.0459367214	32.6118105295	13.559
722	0	2	1	822	51	25.2402782524	28.7730098509	30.5129232588	5.811
722	0	2	2	2164	135	25.2402782524	29.8775035482	31.6174169561	8.094
723	0	2	1	583	36	20.726649209	30.4628129039	31.8915837953	8.126
723	0	2	2	1931	120	20.726649209	28.8058821478	30.2346530392	9.906
724	0	2	1	477	29	21.1603505625	31.6034542023	33.062121864	4.535
724	0	2	2	1825	114	21.1603505625	28.6986893613	30.157357023	8.803
725	0	2	1	814	50	27.8079545809	29.3443992995	31.2613129142	10.032
725	0	2	2	2153	134	27.8079545809	32.0393264027	33.9562400173	5.527
726	0	2	1	617	38	19.7480500716	40.9919257872	42.3532379231	7.842
726	0	2	2	1966	122	19.7480500716	30.8706281955	32.2319403314	9.937
727	0	2	1	1003	62	27.3250299245	30.5692141493	32.4528378344	12.189
727	0	2	2	2357	147	27.3250299245	31.8118707599	33.6954944451	5.559
728	0	2	1	773	48	23.4458505495	32.0583407429	33.6745570667	16.032
728	0	2	2	2114	132	23.4458505495	29.7447742821	31.3609906059	17.212
731	0	2	1	737	46	28.7811289716	33.1823797894	35.1663782101	11.276
731	0	2	2	2077	129	28.7811289716	33.9096746526	35.8936730733	8.031
732	0	2	1	794	49	30.0711325064	32.0074267777	34.0803503054	10.094
732	0	2	2	2132	133	30.0711325064	33.0328736962	35.1057972239	13.653
733	0	2	1	522	32	15.8898294817	29.6286321691	30.7239817166	4
733	0	2	2	1869	116	15.8898294817	30.2902621793	31.3856117269	12.441
734	0	2	1	1248	78	22.9105918584	31.434717599	33.0140363988	4.913
734	0	2	2	2598	162	22.9105918584	33.7631932953	35.342512095	13.055
735	0	2	1	447	27	28.7903196336	28.4784711845	30.4631031543	5.37
735	0	2	2	1793	112	28.7903196336	30.4825084289	32.4671403987	7.008
737	0	2	1	584	36	25.2598476059	29.7257798319	31.4670422336	8.709
737	0	2	2	1933	120	25.2598476059	30.98440609	32.7256684917	14.535
738	0	2	1	567	35	21.9745366379	31.6820523468	33.1968451135	5.653
738	0	2	2	1918	119	21.9745366379	28.5473064002	30.0620991669	7.937
739	0	2	1	1046	65	21.1446315641	21.7577473948	23.215331483	15.937
739	0	2	2	2410	150	21.1446315641	29.5456890874	31.0032731756	8.992
740	0	2	1	1238	77	25.883185273	31.102687548	32.8869191101	6.284
740	0	2	2	2587	161	25.883185273	30.761367613	32.5455991751	10.378
741	0	2	1	210	13	23.8751289738	30.0536007591	31.699408963	4.693
741	0	2	2	1553	97	23.8751289738	29.4785892249	31.1243974288	16.189
742	0	2	1	795	49	25.0317242197	32.4767234099	34.2022603535	10.346
742	0	2	2	2133	133	25.0317242197	32.2419156908	33.9674526344	6.347
743	0	2	1	1244	77	19.7913401241	30.2459141705	31.610210463	12.551
743	0	2	2	2593	162	19.7913401241	29.3640635588	30.7283598513	13.229
744	0	2	1	1100	68	26.4747410008	32.9498005456	34.7748104118	12.094
744	0	2	2	2447	152	26.4747410008	34.05312834	35.8781382062	9.023
745	0	2	1	1047	65	24.7934401013	29.4582697459	31.1673808114	18.347
745	0	2	2	2400	150	24.7934401013	31.72697598	33.4360870456	17.811
746	0	2	1	1245	77	24.7858696401	32.5010089959	34.2095981992	8.567
746	0	2	2	2594	162	24.7858696401	33.2861868583	34.9947760617	15.433
747	0	2	1	902	56	25.8371522653	34.6277300503	36.4087883729	9.653
747	0	2	2	2244	140	25.8371522653	29.7399230391	31.5209813617	4.929
748	0	2	1	178	11	26.1149400095	29.782177799	31.5823851427	14.032
748	0	2	2	1526	95	26.1149400095	28.536416298	30.3366236417	8.74
749	0	2	1	343	21	24.2590680131	28.8836827099	30.5559573685	5.968
749	0	2	2	1687	105	24.2590680131	31.8412545682	33.5135292268	12.772
750	0	2	1	583	36	21.5220670867	31.6579122762	33.1415145057	18.819
750	0	2	2	1931	120	21.5220670867	33.0983222848	34.5819245143	9.874
751	0	2	1	1040	65	26.3032792442	30.162468324	31.975658645	11.512
751	0	2	2	2394	149	26.3032792442	29.6992163676	31.5124066886	18.031
752	0	2	1	489	30	18.2350213692	29.4785674697	30.735580481	13.968
752	0	2	2	1834	114	18.2350213692	32.8298251651	34.0868381764	8.488
754	0	2	1	1022	63	23.2266653862	32.1882177875	33.7893248007	7.968
754	0	2	2	2368	148	23.2266653862	26.6961917471	28.2972987602	22.331
755	0	2	1	1238	77	18.8484993273	29.2374235323	30.5367260348	6.063
755	0	2	2	2586	161	18.8484993273	30.3896629251	31.6889654276	16.866
756	0	2	1	249	15	24.9491254354	31.3202671034	33.0401101822	5.906
756	0	2	2	1591	99	24.9491254354	32.2186572654	33.9385003442	4.599
757	0	2	1	230	14	29.0763666844	31.4630842767	33.4674346147	4.189
757	0	2	2	1572	98	29.0763666844	31.5294042861	33.533754624	9.134
758	0	2	1	1243	77	20.3492642688	27.8324229484	29.2351791854	12.346
758	0	2	2	2593	162	20.3492642688	29.4317638337	30.8345200706	15.26
759	0	2	1	561	35	21.5142083754	32.0782096776	33.5612701747	5.071
759	0	2	2	1911	119	21.5142083754	33.6204425731	35.1035030702	8.914
760	0	2	1	1248	78	20.5757356523	29.4732048035	30.8915726194	7.591
760	0	2	2	2599	162	20.5757356523	29.9649694502	31.3833372661	14.976
761	0	2	1	1243	77	25.0621794257	29.9916085368	31.7192448796	8.095
761	0	2	2	2593	162	25.0621794257	29.9619453123	31.6895816551	11.905
762	0	2	1	1004	62	22.9179357937	30.0381358173	31.6179608639	8.378
762	0	2	2	2350	146	22.9179357937	33.3896298734	34.96945492	8.582
763	0	2	1	601	37	21.2249869301	31.9869591978	33.450082503	10.378
763	0	2	2	1952	122	21.2249869301	29.8891491941	31.3522724993	9.465
764	0	2	1	408	25	20.0632396227	41.3399225956	42.7229620088	17.716
764	0	2	2	1767	110	20.0632396227	29.6375012817	31.0205406949	12.866
765	0	2	1	336	21	28.2438802409	29.5683423493	31.5153060646	4.252
765	0	2	2	1682	105	28.2438802409	29.7829719071	31.7299356224	9.229
766	0	2	1	937	58	26.9091632241	30.7940125503	32.6489688792	15.937
766	0	2	2	2281	142	26.9091632241	30.9745528549	32.8295091838	6.472
768	0	2	1	765	47	23.384603963	34.443437671	36.0554320224	7.276
768	0	2	2	2106	131	23.384603963	29.046461647	30.6584559984	5.323
769	0	2	1	567	35	20.3710120898	33.9835926285	35.3878480298	8.772
769	0	2	2	1915	119	20.3710120898	36.9883602286	38.3926156299	6.945
770	0	2	1	1253	78	24.0689568893	28.4458068712	30.1049764091	9.559
770	0	2	2	2601	162	24.0689568893	28.5022972052	30.161466743	16.724
771	0	2	1	1226	76	23.6227200429	29.8209033417	31.4493119877	10.221
771	0	2	2	2578	161	23.6227200429	29.5255213385	31.1539299845	6.992
772	0	2	1	1062	66	25.8729536865	30.2004717868	31.9839980447	5.591
772	0	2	2	2413	150	25.8729536865	31.5909445205	33.3744707784	15.748
773	0	2	1	344	21	18.6799705214	28.3568851708	29.6445703081	9.653
773	0	2	2	1687	105	18.6799705214	29.2073255508	30.4950106882	17.055
774	0	2	1	1229	76	21.6499516734	31.1864447058	32.6788625317	8.599
774	0	2	2	2580	161	21.6499516734	31.0566249186	32.5490427446	11.78
775	0	2	1	1217	76	19.3314129212	33.2553957612	34.5879874307	13.685
775	0	2	2	2564	160	19.3314129212	30.8133929251	32.1459845945	13.685
776	0	2	1	1246	77	21.9320345401	30.6552777042	32.1671406313	7.811
776	0	2	2	2598	162	21.9320345401	31.2518506315	32.7637135585	19.464
777	0	2	1	490	30	23.1448492747	29.8508037091	31.4462708102	12.961
777	0	2	2	1835	114	23.1448492747	30.8100371792	32.4055042804	7.244
778	0	2	1	1012	63	21.200669479	30.7025283862	32.1639753921	12.976
778	0	2	2	2357	147	21.200669479	32.794687706	34.256134712	4.835
779	0	2	1	903	56	24.8504134473	31.6371833667	33.350221833	9.496
779	0	2	2	2245	140	24.8504134473	31.3249315062	33.0379699725	8.378
780	0	2	1	1098	68	22.7034537828	32.158281031	33.7233209742	10.031
780	0	2	2	2446	152	22.7034537828	31.3819798214	32.9470197645	13.213
782	0	2	1	473	29	17.7713380076	31.6668474461	32.8918969073	6.315
782	0	2	2	1818	113	17.7713380076	31.6555812933	32.8806307546	8.598
783	0	2	1	820	51	24.7805872733	27.0491182001	28.7573432687	17.307
783	0	2	2	2161	135	24.7805872733	28.2183667728	29.9265918414	17.905
784	0	2	1	1010	63	23.889657926	24.7682950619	26.4151048046	9.968
784	0	2	2	2354	147	23.889657926	26.6952585047	28.3420682474	11.464
785	0	2	1	584	36	20.9318281147	29.340560775	30.7834754696	9.244
785	0	2	2	1931	120	20.9318281147	27.9081253622	29.3510400568	4.787
786	0	2	1	1234	77	20.6795337377	28.8371682908	30.2626913242	6.347
786	0	2	2	2584	161	20.6795337377	30.5159579068	31.9414809402	10.819
787	0	2	1	1021	63	28.7799784274	25.467322501	27.45124161	8.929
787	0	2	2	2365	147	28.7799784274	27.89150819	29.8754272991	11.307
788	0	2	1	1064	66	22.6196212295	29.8163523287	31.3756133584	5.292
788	0	2	2	2414	150	22.6196212295	30.471809643	32.0310706727	7.717
790	0	2	1	530	33	23.2647827225	30.2552252143	31.8589598081	16.85
790	0	2	2	1879	117	23.2647827225	31.4560895073	33.059824101	8.661
791	0	2	1	486	30	21.5137917897	30.8053185143	32.2883502945	13.748
791	0	2	2	1830	114	21.5137917897	28.2604723243	29.7435041044	8.252
792	0	2	1	513	32	23.3005738543	27.4470871172	29.0532889369	7.276
792	0	2	2	1859	116	23.3005738543	28.1792611603	29.78546298	16.74
793	0	2	1	1270	79	17.6751144941	29.1510413097	30.369457699	10.693
793	0	2	2	2618	163	17.6751144941	28.9673867525	30.1858031418	14.693
794	0	2	1	478	29	25.7531322941	30.2854960334	32.0607625231	11.512
794	0	2	2	1825	114	25.7531322941	26.142978128	27.9182446177	10.535
795	0	2	1	1220	76	23.4770438622	28.2617241205	29.8800907242	10.567
795	0	2	2	2571	160	23.4770438622	29.8694828803	31.4878494841	10.725
796	0	2	1	585	36	24.0476849355	30.2628161414	31.9205193184	5.134
796	0	2	2	1936	121	24.0476849355	33.5897162036	35.2474193805	6.252
797	0	2	1	459	28	21.9887697113	30.3881105523	31.9038844618	6.961
797	0	2	2	1805	112	21.9887697113	28.3555463547	29.8713202641	10.63
798	0	2	1	459	28	22.9893788573	30.4066445105	31.9913944135	10.063
798	0	2	2	1805	112	22.9893788573	29.6781862671	31.2629361701	6.992
799	0	2	1	141	8	21.8737564257	31.405255194	32.9131007774	4.803
799	0	2	2	1482	92	21.8737564257	32.0892928336	33.5971384169	8.41
800	0	2	1	778	48	27.4858509832	32.0553834106	33.950093135	13.937
800	0	2	2	2119	132	27.4858509832	32.530452678	34.4251624024	5.402
801	0	2	1	538	33	25.3902056502	33.8487906029	35.5990391064	5.968
801	0	2	2	1896	118	25.3902056502	37.0628486684	38.8130971719	21.401
802	0	2	1	1251	78	24.1190286355	31.6344381279	33.2970593117	7.905
802	0	2	2	2599	162	24.1190286355	32.991171998	34.6537931818	16.945
803	0	2	1	1062	66	25.8236860751	32.7359372228	34.5160672671	7.15
803	0	2	2	2410	150	25.8236860751	33.3767924709	35.1569225151	12.094
804	0	2	1	547	34	18.1164870185	29.9924077737	31.2412497377	9.528
804	0	2	2	1894	118	18.1164870185	31.4189145545	32.6677565186	10.661
805	0	2	1	931	58	25.4556771098	26.5450178188	28.2997795321	20.472
805	0	2	2	2274	142	25.4556771098	25.9861527997	27.7409145129	12.41
806	0	2	1	488	30	22.0776992209	27.6732880209	29.1951921974	13.528
806	0	2	2	1832	114	22.0776992209	23.7517618717	25.2736660482	4.504
807	0	2	1	1258	78	15.2557823922	32.00949742	33.0611395638	5.559
807	0	2	2	2609	163	15.2557823922	31.9901736743	33.041815818	15.402
808	0	2	1	1262	78	14.4856771236	29.8178070524	30.8163627575	5.197
808	0	2	2	2612	163	14.4856771236	31.3637720215	32.3623277266	9.008
809	0	2	1	929	58	26.5187968709	30.3490287012	32.1770755149	5.591
809	0	2	2	2284	142	26.5187968709	31.0754645719	32.9035113856	7.055
810	0	2	1	1022	63	21.3795674646	31.6555154263	33.1292945865	5.685
810	0	2	2	2375	148	21.3795674646	34.7583037537	36.2320829139	9.339
811	0	2	1	1245	77	19.2412806719	30.2216616247	31.5480401175	11.716
811	0	2	2	2593	162	19.2412806719	29.2441688889	30.5705473817	16.535
812	0	2	1	918	57	23.5044624749	28.6684775818	30.2887342603	17.275
812	0	2	2	2249	140	23.5044624749	27.3135337319	28.9337904104	8.63
813	0	2	1	470	29	20.5638322752	30.424971256	31.8425185245	8.945
813	0	2	2	1817	113	20.5638322752	29.5088192005	30.926366469	7.103
814	0	2	1	1236	77	21.2883921883	29.1285911086	30.596085192	10.614
814	0	2	2	2589	161	21.2883921883	27.8517528357	29.3192469191	11.307
815	0	2	1	170	10	25.9526469482	32.0005444812	33.7895643146	11.338
815	0	2	2	1511	94	25.9526469482	30.9228840129	32.7119038462	12.819
816	0	2	1	1248	78	21.1857149997	29.0502170856	30.5106332195	7.338
816	0	2	2	2597	162	21.1857149997	28.7500998912	30.2105160251	14.567
817	0	2	1	550	34	21.5839391784	30.7478757163	32.2357430367	8.708
817	0	2	2	1897	118	21.5839391784	30.7101093305	32.1979766509	9.874
818	0	2	1	250	15	23.0699412965	36.141410856	37.7317142503	13.685
818	0	2	2	1593	99	23.0699412965	37.8704588926	39.4607622869	17.433
819	0	2	1	1004	62	25.6992022256	33.866013487	35.6375623612	11.968
819	0	2	2	2351	146	25.6992022256	32.2058987998	33.977447674	4.599
820	0	2	1	338	21	25.2872669392	32.7218423045	34.4649948306	8.992
820	0	2	2	1682	105	25.2872669392	32.3833254412	34.1264779673	6.063
821	0	2	1	1234	77	22.5536275993	31.4533350866	33.0080469112	8.536
821	0	2	2	2584	161	22.5536275993	32.807043161	34.3617549856	11.102
822	0	2	1	1056	66	26.0300252426	29.4932615383	31.2876153672	5.937
822	0	2	2	2402	150	26.0300252426	27.2846006745	29.0789545035	15.748
823	0	2	1	429	26	22.1592761317	28.9755079268	30.5030355263	4.992
823	0	2	2	1776	111	22.1592761317	30.2477899857	31.7753175852	6.992
824	0	2	1	1229	76	20.6133080099	26.9039364863	28.3248943152	7.37
824	0	2	2	2579	161	20.6133080099	28.8880634343	30.3090212632	6.834
825	0	2	1	164	10	24.0126498977	29.7196152438	31.3749033154	10.063
825	0	2	2	1506	94	24.0126498977	29.9915947564	31.646882828	8.914
826	0	2	1	1244	77	19.5419835576	29.9195313948	31.2666385411	8.866
826	0	2	2	2594	162	19.5419835576	28.3935895308	29.740696677	20.473
827	0	2	1	574	35	25.2809283676	27.1550548173	28.8977704003	6.725
827	0	2	2	1924	120	25.2809283676	31.9695976713	33.7123132543	7.685
828	0	2	1	1021	63	27.2320723605	31.0255169662	32.9027327143	15.181
828	0	2	2	2366	147	27.2320723605	30.3131036179	32.190319366	5.968
829	0	2	1	1241	77	23.6259998721	31.2973178395	32.9259525772	4.96
829	0	2	2	2590	161	23.6259998721	30.243451732	31.8720864697	14.284
830	0	2	1	821	51	25.2786683793	25.8383846609	27.5809444538	6.851
830	0	2	2	2165	135	25.2786683793	29.7875595203	31.5301193133	13.622
831	0	2	1	1092	68	22.401820121	30.9709760631	32.5152231906	7.418
831	0	2	2	2439	152	22.401820121	28.8961029772	30.4403501047	5.874
832	0	2	1	1227	76	21.1209977834	32.9987358517	34.4546907688	10.095
832	0	2	2	2579	161	21.1209977834	30.7101968132	32.1661517303	9.086
834	0	2	1	838	52	29.5262621018	30.6371169472	32.6724803771	9.527
834	0	2	2	2181	136	29.5262621018	23.1108736815	25.1462371113	6.504
835	0	2	1	803	50	25.6837791152	20.7144936706	22.4849793681	10.473
835	0	2	2	2134	133	25.6837791152	33.3814062553	35.1518919528	14.299
836	0	2	1	432	27	27.3446241045	29.5681092013	31.4530835917	4
836	0	2	2	1779	111	27.3446241045	26.2724280935	28.1574024838	9.748
837	0	2	1	937	58	27.3920970464	30.6591750841	32.5474219744	16.724
837	0	2	2	2281	142	27.3920970464	30.441681358	32.3299282483	6.126
838	0	2	1	985	61	23.195781388	26.3767479805	27.975726036	6.661
838	0	2	2	2330	145	23.195781388	33.0328169089	34.6317949644	9.748
839	0	2	1	1022	63	23.4435408856	34.3338446691	35.9499017786	13.118
839	0	2	2	2368	148	23.4435408856	30.4267093748	32.0427664842	16.725
840	0	2	1	822	51	26.5117972561	31.3816792901	33.2092435923	7.685
840	0	2	2	2165	135	26.5117972561	34.4231936676	36.2507579698	13.118
841	0	2	1	378	23	24.25850805	4.90915189771	6.58138795581	17.087
841	0	2	2	1726	107	24.25850805	5.06830471235	6.74054077045	25.024
842	0	2	1	306	19	22.3546956457	33.8327128921	35.3737115409	5.59
842	0	2	2	1650	103	22.3546956457	31.4900647289	33.0310633777	8.22
843	0	2	1	997	62	19.8398121224	27.8710025511	29.2386402125	4.252
843	0	2	2	2342	146	19.8398121224	28.1935017375	29.5611393988	8.74
843	1	2	1	996	62	19.8398121224	27.9669237981	29.3345614595	8.866
843	1	2	2	2344	146	19.8398121224	27.9019757476	29.2696134089	10.456
844	0	2	1	918	57	20.095123903	24.4994654538	25.8847027781	6.914
844	0	2	2	2284	142	20.095123903	29.6786866138	31.0639239381	13.149
845	0	2	1	275	17	24.4275942618	27.9381677354	29.6220595829	13.023
845	0	2	2	1619	101	24.4275942618	27.8053481041	29.4892399516	9.213
846	0	2	1	1237	77	24.1229752546	26.2102132227	27.8731064628	15.874
846	0	2	2	2586	161	24.1229752546	29.21709086	30.8799841	17.276
847	0	2	1	980	61	26.9535664326	26.010979181	27.8689964007	7.622
847	0	2	2	2328	145	26.9535664326	27.8446283643	29.7026455841	6.347
848	0	2	1	879	54	28.6567879289	30.5519883716	32.5274154665	5.748
848	0	2	2	2223	138	28.6567879289	31.0333042388	33.0087313338	6.976
849	0	2	1	1230	76	24.258688311	28.7022498497	30.3744983339	17.087
849	0	2	2	2580	161	24.258688311	28.3580992992	30.0303477834	16.189
850	0	2	1	825	51	28.5026391213	17.1631227914	19.127923792	9.716
850	0	2	2	2167	135	28.5026391213	24.4548320151	26.4196330157	20.913
850	1	2	1	824	51	28.5026391213	16.2218695088	18.1866705094	6.063
850	1	2	2	2165	135	28.5026391213	27.477960276	29.4427612766	12
851	0	2	1	517	32	24.6924007323	28.0171172254	29.7192632428	5.118
851	0	2	2	1860	116	24.6924007323	32.1367975812	33.8389435986	7.118
852	0	2	1	1004	62	27.627352886	31.9198842827	33.8243482996	14.031
852	0	2	2	2350	146	27.627352886	30.6127987805	32.5172627974	10.378
853	0	2	1	1009	63	18.5395479877	26.6622743891	27.9402796391	15.969
853	0	2	2	2354	147	18.5395479877	26.1971483858	27.4751536359	15.228
854	0	2	1	1019	63	28.3493640114	37.4310112398	39.3852463736	8.252
854	0	2	2	2364	147	28.3493640114	34.9845801056	36.9388152393	6.189
855	0	2	1	1269	79	22.6022493884	29.0121608412	30.5702243603	11.275
855	0	2	2	2619	163	22.6022493884	29.5012969674	31.0593604866	13.716
856	0	2	1	105	6	23.2102613128	29.9240020138	31.5239782286	18.126
856	0	2	2	1446	90	23.2102613128	27.3165500051	28.9165262198	11.401
857	0	2	1	160	10	22.4721070324	30.2142008419	31.7632931275	5.118
857	0	2	2	1502	93	22.4721070324	30.4209523149	31.9700446005	14
858	0	2	1	521	32	23.049068234	30.1728826961	31.7617472267	4.992
858	0	2	2	1869	116	23.049068234	32.3154447535	33.9043092841	8.095
859	0	2	1	487	30	23.2022730572	30.2688257914	31.8682513437	9.071
859	0	2	2	1832	114	23.2022730572	31.2137978753	32.8132234276	9.37
860	0	2	1	281	17	26.1373176886	33.4959499961	35.2976999228	7.842
860	0	2	2	1625	101	26.1373176886	30.5680329982	32.3697829249	4.094
861	0	2	1	430	26	18.1076146985	30.6607906956	31.9090210551	12.882
861	0	2	2	1776	111	18.1076146985	31.565496526	32.8137268855	5.386
862	0	2	1	334	20	25.1082906498	30.2392091337	31.9700241078	7.559
862	0	2	2	1678	104	25.1082906498	30.9021753673	32.6329903414	11.212
863	0	2	1	1245	77	23.5490263229	33.2953999999	34.9187286427	5.04
863	0	2	2	2598	162	23.5490263229	29.9579669264	31.5812955692	20
864	0	2	1	531	33	20.2595007214	32.8466850598	34.2432535361	14.929
864	0	2	2	1880	117	20.2595007214	29.8751073956	31.2716758719	10.693
865	0	2	1	1063	66	25.2948721764	31.2741010227	33.0177778083	12.913
865	0	2	2	2411	150	25.2948721764	33.5320824299	35.2757592154	14.157
866	0	2	1	554	34	18.2736088145	27.8572165945	29.1168895929	17.527
866	0	2	2	1901	118	18.2736088145	28.5331743332	29.7928473315	14.346
867	0	2	1	347	21	25.3485710249	29.3608880799	31.108266542	11.087
867	0	2	2	1691	105	25.3485710249	28.5534584505	30.3008369126	5.197
868	0	2	1	520	32	24.1374629097	30.6904518439	32.354343776	4.504
868	0	2	2	1869	116	24.1374629097	30.7882818473	32.4521737794	8.094
869	0	2	1	1240	77	20.2684523393	30.1960146906	31.5932002378	10.315
869	0	2	2	2589	161	20.2684523393	29.1647233603	30.5619089075	10.929
870	0	2	1	545	34	23.0670102978	36.1266479799	37.7167493288	12.126
870	0	2	2	1894	118	23.0670102978	33.307298437	34.8973997859	14.945
871	0	2	1	1004	62	26.1217269836	30.288184359	32.088859556	15.149
871	0	2	2	2351	146	26.1217269836	30.8116938508	32.6123690478	9.811
872	0	2	1	779	48	27.4110198861	27.3927603963	29.2823117137	9.213
872	0	2	2	2119	132	27.4110198861	30.1889707851	32.0785221025	19.071
873	0	2	1	901	56	31.1657155238	30.0321491663	32.1805266826	8.645
873	0	2	2	2244	140	31.1657155238	30.3755557517	32.5239332681	9.291
874	0	2	1	179	11	18.961490429	20.307906113	21.6149975444	7.559
874	0	2	2	1524	95	18.961490429	19.3005333809	20.6076248123	19.433
875	0	2	1	154	9	28.0651865895	31.5556136973	33.4902593439	16.126
875	0	2	2	1495	93	28.0651865895	31.4597723903	33.3944180369	12.646
876	0	2	1	1062	66	25.5699181879	27.5469258072	29.3095626152	6.063
876	0	2	2	2410	150	25.5699181879	27.4439641934	29.2066010014	10.252
877	0	2	1	266	16	19.712731098	27.1252799012	28.4841573589	18.756
877	0	2	2	1610	100	19.712731098	26.9187088992	28.2775863568	16
878	0	2	1	153	9	23.5935326024	28.1533126862	29.779709325	10.315
878	0	2	2	1496	93	23.5935326024	28.9224860376	30.5488826764	20.709
879	0	2	1	586	36	18.2850224812	28.3360514372	29.5965112253	17.968
879	0	2	2	1936	121	18.2850224812	29.1987406691	30.4592004572	13.78
880	0	2	1	1044	65	24.9285664744	26.8024311176	28.5208569849	10.866
880	0	2	2	2401	150	24.9285664744	28.6222063382	30.3406322055	6.252
881	0	2	1	1254	78	14.4360313429	28.736718062	29.7318514848	4.898
881	0	2	2	2602	162	14.4360313429	31.67953931	32.6746727328	16.283
882	0	2	1	816	51	25.453946967	28.2720283489	30.0266707965	7.874
882	0	2	2	2158	134	25.453946967	32.3000597837	34.0547022313	8.771
883	0	2	1	547	34	17.2969709797	29.8090024943	31.0013519376	8.126
883	0	2	2	1894	118	17.2969709797	33.8475700365	35.0399194798	6.504
884	0	2	1	1233	77	19.9400268573	28.4961575565	29.8707034206	8.189
884	0	2	2	2583	161	19.9400268573	27.1792791657	28.5538250298	14.772
885	0	2	1	733	45	31.5780616123	28.0947928463	30.2715950291	6.582
885	0	2	2	2071	129	31.5780616123	24.7970602295	26.9738624123	14.221
886	0	2	1	1240	77	26.0045714474	26.5111704816	28.3037696786	9.685
886	0	2	2	2589	161	26.0045714474	26.771127816	28.5637270129	15.213
887	0	2	1	489	30	23.7178201507	28.326146326	29.961110603	14.567
887	0	2	2	1834	114	23.7178201507	29.9265532114	31.5615174884	10.504
888	0	2	1	259	16	22.9355559266	31.8621205878	33.4431602607	10.63
888	0	2	2	1602	100	22.9355559266	32.2078006581	33.7888403311	11.055
889	0	2	1	529	33	20.0828402466	30.0199222599	31.4043128226	10.536
889	0	2	2	1876	117	20.0828402466	31.0534290806	32.4378196433	4.441
890	0	2	1	455	28	20.5220256427	32.5100079134	33.9246732833	14.851
890	0	2	2	1801	112	20.5220256427	31.3988130363	32.8134784062	15.544
891	0	2	1	832	52	30.7121422853	28.6976443813	30.8147552788	11.323
891	0	2	2	2175	135	30.7121422853	26.5481971167	28.6653080143	15.181
892	0	2	1	1026	64	26.0644140543	30.6594751871	32.4561995745	12.031
892	0	2	2	2372	148	26.0644140543	25.6241028621	27.4208272495	16.094
893	0	2	1	1243	77	24.5239493967	30.8499827633	32.5405167559	8.189
893	0	2	2	2593	162	24.5239493967	27.2865966568	28.9771306494	18.992
894	0	2	1	539	33	23.0885969429	31.9498887108	33.5414781136	9.464
894	0	2	2	1889	118	23.0885969429	27.2724808516	28.8640702544	15.858
896	0	2	1	841	52	29.9452993833	30.5995876137	32.6638369606	8.252
896	0	2	2	2184	136	29.9452993833	23.2675120559	25.3317614028	4.819
897	0	2	1	962	60	27.7763397467	31.3301340972	33.2448683747	10.409
897	0	2	2	2305	144	27.7763397467	33.2476707957	35.1624050733	6.835
898	0	2	1	1220	76	20.1348884293	27.3643710888	28.752349541	6.582
898	0	2	2	2571	160	20.1348884293	27.6507245589	29.0387030112	13.59
899	0	2	1	584	36	22.5063361613	29.0762139628	30.6276657993	10
899	0	2	2	1933	120	22.5063361613	30.9564309091	32.5078827456	12.693
900	0	2	1	1099	68	22.6187019124	28.2553431792	29.8145408367	10.614
900	0	2	2	2447	152	22.6187019124	28.573746587	30.1329442445	15.465
901	0	2	1	1067	66	25.9256440539	27.1237287871	28.9108872029	8.96
901	0	2	2	2413	150	25.9256440539	27.837696964	29.6248553798	14.834
902	0	2	1	214	13	23.1036384802	23.3825695937	24.9751958698	6.252
902	0	2	2	1558	97	23.1036384802	23.6297550249	25.222381301	4.85
903	0	2	1	1233	77	20.9711091634	25.9328741271	27.3784966217	4
903	0	2	2	2584	161	20.9711091634	27.8508740145	29.2964965091	5.071
904	0	2	1	275	17	24.1668615568	27.6623489683	29.3282674668	12.929
904	0	2	2	1620	101	24.1668615568	28.3418032802	30.0077217787	10.866
905	0	2	1	937	58	23.8647855584	29.0426803287	30.6877755195	18.897
905	0	2	2	2282	142	23.8647855584	32.2525628217	33.8976580125	10.063
906	0	2	1	1238	77	21.381759708	30.2352723682	31.7092026485	10.063
906	0	2	2	2586	161	21.381759708	30.712541649	32.1864719293	12.882
907	0	2	1	962	60	27.1490691329	29.998043406	31.8695374094	7.024
907	0	2	2	2306	144	27.1490691329	28.1932015047	30.0646955081	13.559
908	0	2	1	519	32	24.1017469708	28.8967391129	30.5581690023	6.315
908	0	2	2	1866	116	24.1017469708	28.2828328401	29.9442627295	10.63
909	0	2	1	520	32	21.5214552546	28.728255691	30.2118157445	6.378
909	0	2	2	1866	116	21.5214552546	26.5238890385	28.0074490919	5.26
910	0	3	1	585	36	20.6866356424	30.5309690482	31.9569816443	13.59
910	0	3	2	1936	121	20.6866356424	30.080925182	31.5069377781	17.386
911	0	3	1	1284	80	22.3463535431	30.7818635933	32.3222871876	8.126
911	0	3	2	2634	164	22.3463535431	31.3231384051	32.8635619994	17.842
912	0	3	1	1244	77	25.180805428	32.526995259	34.262808967	8.504
912	0	3	2	2594	162	25.180805428	28.6856930668	30.4215067748	17.307
913	0	3	1	570	35	24.9996730959	27.7854327046	29.5087602359	5.071
913	0	3	2	1923	120	24.9996730959	32.9296898574	34.6530173887	8.032
914	0	3	1	839	52	26.3735859412	27.422510232	29.240547075	5.402
914	0	3	2	2182	136	26.3735859412	22.2173052698	24.0353421128	4.378
915	0	3	1	804	50	30.6027454134	32.0248056261	34.1343753594	6.567
915	0	3	2	2145	134	30.6027454134	36.2520903976	38.3616601309	8.913
916	0	3	1	898	56	23.9748891303	31.7596721839	33.4123572547	9.685
916	0	3	2	2241	140	23.9748891303	30.5320518631	32.1847369339	9.26
917	0	3	1	1241	77	21.2274332993	30.0494029263	31.5126948695	12.284
917	0	3	2	2590	161	21.2274332993	29.7717746677	31.2350666109	16.661
918	0	3	1	773	48	24.2902592845	30.424822513	32.0992473108	12.409
918	0	3	2	2115	132	24.2902592845	28.335368299	30.0097930968	8.961
919	0	3	1	478	29	21.6317789093	31.2519856462	32.7431507508	6.315
919	0	3	2	1825	114	21.6317789093	30.3746643244	31.865829429	6.914
920	0	3	1	489	30	23.83157286	31.2124094989	32.8552152054	10.614
920	0	3	2	1833	114	23.83157286	29.7857988052	31.4286045118	12.63
921	0	3	1	597	37	22.9292619285	19.4629279441	21.0435337466	15.559
921	0	3	2	1947	121	22.9292619285	20.7897847875	22.3703905899	6.63
922	0	3	1	1250	78	22.3042808547	29.2824412674	30.8199646228	5.874
922	0	3	2	2599	162	22.3042808547	32.140035793	33.6775591484	12.283
923	0	3	1	739	46	27.3792925994	32.4012191875	34.288583416	8.063
923	0	3	2	2078	129	27.3792925994	32.5812706057	34.4686348342	9.937
924	0	3	1	1275	79	20.5843970545	28.6814289452	30.1003938263	9.779
924	0	3	2	2619	163	20.5843970545	29.0380121822	30.4569770632	7.26
925	0	3	1	1281	80	23.300514134	25.3167541982	26.9229519011	7.843
925	0	3	2	2639	164	23.300514134	31.6879908238	33.2941885268	13.023
926	0	3	1	821	51	29.7477983188	25.9626422003	28.0132770083	5.307
926	0	3	2	2164	135	29.7477983188	30.7481221777	32.7987569857	10.252
927	0	3	1	1034	64	30.743049091	17.6592071794	19.7784486068	11.575
927	0	3	2	2376	148	30.743049091	31.5804428865	33.6996843139	7.874
928	0	3	1	936	58	28.5829745218	31.7772855765	33.7476244178	17.543
928	0	3	2	2280	142	28.5829745218	34.4301160234	36.4004548647	6.662
929	0	3	1	1244	77	23.0265811224	30.4383646121	32.0256790161	6.189
929	0	3	2	2594	162	23.0265811224	29.9879514443	31.5752658483	23.449
930	0	3	1	586	36	21.2846762076	29.7422675222	31.2095054482	10
930	0	3	2	1930	120	21.2846762076	30.0722113074	31.5394492334	11.166
931	0	3	1	1041	65	19.0746559669	31.9649445342	33.2798369191	7.748
931	0	3	2	2394	149	19.0746559669	31.5383662234	32.8532586083	9.323
932	0	3	1	520	32	21.8089417239	31.5136055929	33.0169832394	9.575
932	0	3	2	1867	116	21.8089417239	29.5618493885	31.065227035	12.094
933	0	3	1	1271	79	21.7158357137	29.4042023693	30.9011618458	8.756
933	0	3	2	2631	164	21.7158357137	18.4263669897	19.9233264663	4.85
934	0	3	1	158	9	26.0332304519	28.171342113	29.9659168899	10.032
934	0	3	2	1498	93	26.0332304519	30.1429787851	31.937553562	16.063
935	0	3	1	489	30	25.9296432656	30.4385725162	32.2260066137	11.78
935	0	3	2	1834	114	25.9296432656	31.8857099605	33.673144058	6.772
936	0	3	1	343	21	25.453425775	28.9223132937	30.6769198134	4.063
936	0	3	2	1686	105	25.453425775	29.5539953958	31.3086019155	7.811
937	0	3	1	1237	77	20.2057136079	32.8822640185	34.2751247338	8.221
937	0	3	2	2586	161	20.2057136079	29.809328548	31.2021892633	11.149
938	0	3	1	819	51	19.6386513977	30.2934844063	31.6472552537	4
938	0	3	2	2161	135	19.6386513977	32.6787325339	34.0325033813	11.37
939	0	3	1	1238	77	19.1477060284	31.6269589639	32.9468869819	4.315
939	0	3	2	2587	161	19.1477060284	31.1531277547	32.4730557727	7.717
940	0	3	1	1103	68	21.8938075885	28.9544479081	30.4636756983	9.307
940	0	3	2	2452	153	21.8938075885	26.654050924	28.1632787143	17.37
941	0	3	1	530	33	18.3095216547	28.2519916076	29.5141402218	8.677
941	0	3	2	1879	117	18.3095216547	31.5088734173	32.7710220315	7.023
942	0	3	1	1258	78	22.9529984807	28.5206767218	30.1029187798	9.559
942	0	3	2	2615	163	22.9529984807	26.9430007522	28.5252428102	11.653
943	0	3	1	930	58	27.7303866454	32.6254802577	34.5370468041	9.244
943	0	3	2	2273	142	27.7303866454	31.0356678685	32.9472344148	5.307
944	0	3	1	838	52	23.8915925597	30.1409119516	31.7878550563	7.023
944	0	3	2	2180	136	23.8915925597	24.4606517566	26.1075948613	6.772
945	0	3	1	767	47	26.060090819	35.1171977359	36.9136241054	9.307
945	0	3	2	2107	131	26.060090819	33.7225339094	35.5189602789	10.347
946	0	3	1	1022	63	28.8221333666	29.2440883635	31.2309133813	10.378
946	0	3	2	2368	148	28.8221333666	28.824896401	30.8117214188	14.96
947	0	3	1	1009	63	21.6234223972	25.9992740519	27.4898631087	12.157
947	0	3	2	2353	147	21.6234223972	30.5941357217	32.0847247784	11.59
948	0	3	1	959	59	29.9893705074	19.7527450587	21.8200324046	5.811
948	0	3	2	2299	143	29.9893705074	20.4198473355	22.4871346814	7.559
949	0	3	1	1224	76	22.4844383936	30.0366946647	31.5866370004	10.283
949	0	3	2	2575	160	22.4844383936	31.3983652601	32.9483075958	8.315
951	0	3	1	1214	75	22.5082328265	28.6884334188	30.240016	16.504
951	0	3	2	2564	160	22.5082328265	31.1377055551	32.6892881363	15.338
951	1	3	1	1217	76	22.5082328265	27.9807952317	29.5323778129	14.094
951	1	3	2	2565	160	22.5082328265	31.007744953	32.5593275342	15.842
952	0	3	1	1019	63	23.5689218183	32.5040192844	34.1287194033	17.071
952	0	3	2	2364	147	23.5689218183	33.1671369037	34.7918370227	18.032
953	0	3	1	235	14	25.2457389927	32.9075034239	34.6477932624	9.496
953	0	3	2	1578	98	25.2457389927	31.6923452171	33.4326350556	8.409
954	0	3	1	234	14	21.7322210665	27.0508881579	28.5489771424	4.961
954	0	3	2	1577	98	21.7322210665	28.1181768566	29.6162658411	6.126
955	0	3	1	471	29	23.8387741792	27.2801133957	28.9234155181	7.244
955	0	3	2	1817	113	23.8387741792	27.1296337162	28.7729358386	9.418
956	0	3	1	961	60	19.5922231266	30.6324626877	31.9830330485	5.307
956	0	3	2	2301	143	19.5922231266	30.2637362983	31.6143066591	13.008
957	0	3	1	514	32	21.4894153538	29.0013326081	30.4826840229	6.536
957	0	3	2	1861	116	21.4894153538	28.5771098802	30.0584612951	13.685
958	0	3	1	430	26	24.8194390841	31.3719887478	33.0828920273	7.244
958	0	3	2	1777	111	24.8194390841	27.8558655619	29.5667688414	9.307
959	0	3	1	901	56	29.6748541237	29.0995983558	31.1452048285	10.284
959	0	3	2	2242	140	29.6748541237	29.6668059059	31.7124123786	8.914
960	0	3	1	1257	78	21.1938317943	28.9367160406	30.3976916976	11.969
960	0	3	2	2602	162	21.1938317943	24.9698848822	26.4308605392	4.252
961	0	3	1	1251	78	19.8089823377	30.2936039677	31.6591164086	7.811
961	0	3	2	2600	162	19.8089823377	28.8735003628	30.2390128037	9.465
962	0	3	1	158	9	23.4512680539	28.3653497815	29.9819395556	4.094
962	0	3	2	1497	93	23.4512680539	31.3603354851	32.9769252592	15.748
963	0	3	1	557	34	26.3533977339	31.1139531895	32.9305983786	11.433
963	0	3	2	1907	119	26.3533977339	30.0501473533	31.8667925424	6.725
965	0	3	1	475	29	20.8708097601	31.9640286179	33.4027370731	19.653
965	0	3	2	1822	113	20.8708097601	32.4574118209	33.8961202761	7.842
967	0	3	1	1245	77	21.8252600437	30.8347371098	32.3392396434	8.126
967	0	3	2	2593	162	21.8252600437	29.7634165841	31.2679191177	19.401
968	0	3	1	1248	78	22.1777316881	30.1871602154	31.7159600303	4.725
968	0	3	2	2597	162	22.1777316881	29.5581867177	31.0869865325	9.15
969	0	3	1	1243	77	22.1687714919	28.4798295353	30.0080116879	10.897
969	0	3	2	2593	162	22.1687714919	25.909894862	27.4380770146	12.315
970	0	3	1	1056	66	24.1650740116	29.0981129011	30.7639081769	11.103
970	0	3	2	2411	150	24.1650740116	40.7295305148	42.3953257907	5.15
971	0	3	1	1246	77	17.4230339384	29.4405021365	30.6415416041	7.118
971	0	3	2	2597	162	17.4230339384	28.2488220329	29.4498615005	20.756
972	0	3	1	1220	76	20.2257224463	31.1498747158	32.5441147204	5.291
972	0	3	2	2571	160	20.2257224463	32.2265210007	33.6207610054	8.504
974	0	3	1	1259	78	20.226699178	29.1244383186	30.5187456533	8.63
974	0	3	2	2603	162	20.226699178	30.0032370192	31.3975443539	15.717
974	1	3	1	1258	78	20.226699178	30.6879937839	32.0823011185	7.906
974	1	3	2	2615	163	20.226699178	27.5490618145	28.9433691491	5.654
975	0	3	1	266	16	20.341995168	27.0635097991	28.4657649478	20
975	0	3	2	1610	100	20.341995168	28.0273161972	29.4295713459	12.74
976	0	3	1	1244	77	24.8318552745	30.6027789264	32.3145381036	7.622
976	0	3	2	2594	162	24.8318552745	31.0721304766	32.7838896538	17.685
977	0	3	1	1223	76	21.4127226425	30.9741498313	32.4502145106	5.78
977	0	3	2	2575	160	21.4127226425	28.5426059312	30.0186706104	12.283
978	0	3	1	822	51	27.9439210786	27.0616941593	28.9879804889	4.929
978	0	3	2	2165	135	27.9439210786	29.3558921734	31.2821785029	15.716
978	1	3	1	819	51	27.9439210786	25.0218154593	26.9481017889	5.654
978	1	3	2	2161	135	27.9439210786	27.9056650538	29.8319513833	11.779
979	0	3	1	166	10	22.7588235029	18.7591431484	20.327999948	11.559
979	0	3	2	1506	94	22.7588235029	19.3426701194	20.9115269189	16.157
980	0	3	1	478	29	23.0279649629	29.8051562603	31.3925660579	14.347
980	0	3	2	1827	114	23.0279649629	29.6121659194	31.1995757171	15.748
981	0	3	1	447	27	24.5817469219	31.3192180509	33.0137362582	7.055
981	0	3	2	1793	112	24.5817469219	32.6207417948	34.3152600022	8
983	0	3	1	1248	78	23.4309262496	30.9803300606	32.5955175927	8.221
983	0	3	2	2598	162	23.4309262496	28.830518888	30.4457064201	21.37
984	0	3	1	102	6	24.0525227426	23.4851839749	25.1432206412	28.441
984	0	3	2	1442	90	24.0525227426	34.0623438013	35.7203804677	11.685
985	0	3	1	174	10	23.9200868978	28.6864443279	30.3353516614	13.654
985	0	3	2	1515	94	23.9200868978	31.4806426874	33.1295500209	12.425
986	0	3	1	258	16	21.3461650189	21.4623383346	22.9338149304	4.803
986	0	3	2	1593	99	21.3461650189	27.5410581758	29.0125347717	7.386
987	0	3	1	931	58	27.2059219053	32.180970003	34.0563830956	6.85
987	0	3	2	2274	142	27.2059219053	25.1139157743	26.9893288669	5.307
988	0	3	1	1250	78	23.9034469943	27.7624607677	29.4102210461	6.063
988	0	3	2	2599	162	23.9034469943	29.6471166699	31.2948769482	21.355
989	0	3	1	155	9	24.9073349861	27.5035556297	29.2205179255	17.464
989	0	3	2	1498	93	24.9073349861	28.170773447	29.8877357428	14.063
989	1	3	1	154	9	24.9073349861	28.5641132003	30.2810754961	19.212
989	1	3	2	1499	93	24.9073349861	29.240154513	30.9571168089	5.716
990	0	3	1	275	17	22.0308033882	28.0188221768	29.5374936358	4.126
990	0	3	2	1619	101	22.0308033882	29.530430678	31.049102137	10.063
991	0	3	1	737	46	21.505875918	24.9307535004	26.4132396078	7.433
991	0	3	2	2077	129	21.505875918	26.4328673362	27.9153534436	11.811
992	0	3	1	345	21	25.2375105423	31.6020854485	33.341808067	14.189
992	0	3	2	1689	105	25.2375105423	31.021572508	32.7612951265	7.905
993	0	3	1	159	9	23.922918189	29.1638260295	30.8129285352	7.59
993	0	3	2	1499	93	23.922918189	29.4298681547	31.0789706605	16.126
994	0	3	1	1012	63	19.2461208689	31.7718631436	33.0985752905	8.252
994	0	3	2	2356	147	19.2461208689	33.3849751073	34.7116872542	8.252
995	0	3	1	460	28	21.2408995682	34.2031598742	35.6673801012	12.488
995	0	3	2	1805	112	21.2408995682	33.226094326	34.690314553	14.031
996	0	3	1	918	57	23.7303833183	40.1669527468	41.8027830533	7.118
996	0	3	2	2277	142	23.7303833183	29.2500952186	30.8859255251	5.15
997	0	3	1	1220	76	23.477681248	31.4838069882	33.1022175294	6.567
997	0	3	2	2571	160	23.477681248	32.3790622149	33.9974727562	13.418
998	0	3	1	1004	62	23.6422692507	29.964753263	31.5945095141	10.189
998	0	3	2	2351	146	23.6422692507	29.9650928169	31.594849068	5.905
1000	0	3	1	437	27	22.0010978165	28.288904303	29.8055280381	4.394
1000	0	3	2	1783	111	22.0010978165	27.3620499638	28.8786736989	9.811
1001	0	3	1	1250	78	20.3096860854	27.1729213813	28.5729493357	4.347
1001	0	3	2	2598	162	20.3096860854	29.4417674162	30.8417953706	20.834
1002	0	3	1	1211	75	17.6982480965	29.9087830087	31.1287940898	9.37
1002	0	3	2	2561	160	17.6982480965	28.6028319974	29.8228430785	8.315
1003	0	3	1	1012	63	24.6529491838	28.4040280577	30.103454522	11.591
1003	0	3	2	2356	147	24.6529491838	30.670038148	32.3694646123	8.787
1004	0	3	1	160	10	23.5369181374	29.4262212454	31.0487152225	5.244
1004	0	3	2	1499	93	23.5369181374	30.2874703551	31.9099643322	5.716
1005	0	3	1	74	4	27.7920515784	31.5459863339	33.4618036909	4.031
1005	0	3	2	1413	88	27.7920515784	31.5859076619	33.5017250189	7.528
1006	0	3	1	1255	78	23.706294906	26.6288545356	28.2630243314	15.969
1006	0	3	2	2604	162	23.706294906	25.0962211454	26.7303909412	17.716
1007	0	3	1	597	37	19.5893790133	28.5910712542	29.941445559	4.031
1007	0	3	2	1947	121	19.5893790133	27.1466383962	28.4970127009	10.567
1008	0	3	1	1229	76	21.7921472016	30.2181514651	31.7203713979	13.685
1008	0	3	2	2580	161	21.7921472016	31.2746011266	32.7768210595	15.969
1009	0	3	1	1021	63	29.1599584862	24.2553708254	26.2654834808	9.339
1009	0	3	2	2366	147	29.1599584862	25.0136363272	27.0237489826	16.284
1010	0	3	1	1255	78	20.486164416	30.3894888406	31.8016821527	9.244
1010	0	3	2	2603	162	20.486164416	30.1900338728	31.6022271849	14.567
1011	0	3	1	530	33	18.5511063093	27.1211770916	28.399979103	17.905
1011	0	3	2	1879	117	18.5511063093	27.9659255928	29.2447276042	6.929
1012	0	3	1	1022	63	27.4822925026	31.4619959596	33.3564603837	9.591
1012	0	3	2	2368	148	27.4822925026	23.7023163314	25.5967807555	22.725
1013	0	3	1	1268	79	19.0007427231	30.9270027194	32.2367999685	7.37
1013	0	3	2	2617	163	19.0007427231	31.4683920557	32.7781893049	11.37
1014	0	3	1	1234	77	22.8700717826	31.025521733	32.6020473217	8.599
1014	0	3	2	2584	161	22.8700717826	32.1200597519	33.6965853407	15.937
1015	0	3	1	794	49	21.8613548335	33.2434292546	34.7504199466	10.032
1015	0	3	2	2134	133	21.8613548335	28.832244724	30.3392354159	25.496
1016	0	3	1	452	28	25.2326578723	31.7924933209	33.5318814255	12.488
1016	0	3	2	1797	112	25.2326578723	30.9649377363	32.7043258408	6.409
1017	0	3	1	1227	76	25.4773221377	29.3602617008	31.1165154924	5.874
1017	0	3	2	2579	161	25.4773221377	31.1335713441	32.8898251357	9.842
1018	0	3	1	467	29	19.2309469942	41.6207493022	42.9464154532	4.788
1018	0	3	2	1812	113	19.2309469942	27.1624508108	28.4881169618	7.433
1019	0	3	1	1009	63	22.005074205	32.0231722231	33.5400700666	8.504
1019	0	3	2	2353	147	22.005074205	35.1767553488	36.6936531923	5.779
1020	0	3	1	1243	77	23.7641859996	30.2532028231	31.8913632837	9.622
1020	0	3	2	2594	162	23.7641859996	27.8351255632	29.4732860238	18.535
1021	0	3	1	1031	64	24.9445430619	28.4815743116	30.201101509	5.622
1021	0	3	2	2374	148	24.9445430619	40.867621221	42.5871484185	10
1022	0	3	1	1221	76	21.3376119375	32.5993534307	34.0702404285	6.126
1022	0	3	2	2572	160	21.3376119375	29.2428267802	30.713713778	15.874
1023	0	3	1	1234	77	22.8539160419	31.2263773371	32.801789246	8.158
1023	0	3	2	2584	161	22.8539160419	30.4438321166	32.0192440255	13.842
1024	0	3	1	1230	76	21.6704282823	33.0236127867	34.5174421473	10.85
1024	0	3	2	2580	161	21.6704282823	30.4651417555	31.958971116	12.41
1025	0	3	1	932	58	24.1114087757	26.8205883919	28.4826843082	7.779
1025	0	3	2	2276	142	24.1114087757	27.1732359548	28.8353318712	9.055
1026	0	3	1	1217	76	23.3206581784	28.0029787099	29.6105650224	8.803
1026	0	3	2	2566	160	23.3206581784	28.5000916306	30.1076779432	13.355
1027	0	3	1	915	57	28.8830399566	32.8683800185	34.8594035712	4.677
1027	0	3	2	2255	140	28.8830399566	30.3298527961	32.3208763489	9.811
1028	0	3	1	1019	63	22.427554249	31.5068294717	33.0528505556	15.716
1028	0	3	2	2363	147	22.427554249	32.9120824016	34.4581034855	9.118
1029	0	3	1	415	25	21.9239981049	30.5258590528	32.0371679962	4.41
1029	0	3	2	1762	110	21.9239981049	30.5643874066	32.07569635	9.843
1030	0	3	1	1261	78	26.2240850829	29.0557176995	30.86344885	6.504
1030	0	3	2	2612	163	26.2240850829	27.8665866454	29.6743177959	11.307
1031	0	3	1	266	16	23.559708497	29.8239592522	31.4480242601	6.094
1031	0	3	2	1610	100	23.559708497	29.4514696767	31.0755346845	6.095
1032	0	3	1	1254	78	23.2578970379	31.2491506783	32.8524106142	6.63
1032	0	3	2	2601	162	23.2578970379	33.8963545996	35.4996145356	15.055
1033	0	3	1	901	56	25.6678710732	27.3094880553	29.0788771477	14.189
1033	0	3	2	2242	140	25.6678710732	25.8927145304	27.6621036228	7.685
1034	0	3	1	1251	78	21.070355093	33.3739414416	34.8264053553	6.977
1034	0	3	2	2600	162	21.070355093	30.0440972806	31.4965611943	21.055
1035	0	3	1	429	26	22.9586608524	31.2036592394	32.7862916274	7.906
1035	0	3	2	1775	110	22.9586608524	32.7600532734	34.3426856613	9.842
1037	0	3	1	809	50	24.3890644387	33.197312588	34.8785484206	7.968
1037	0	3	2	2151	134	24.3890644387	30.7305020245	32.4117378571	7.575
1038	0	3	1	1248	78	25.090179377	29.2365160791	30.9660825706	4.977
1038	0	3	2	2614	163	25.090179377	22.1715546055	23.9011210971	8.582
1039	0	3	1	305	19	27.6973515532	27.9763456471	29.8856349523	17.654
1039	0	3	2	1650	103	27.6973515532	29.1623588522	31.0716481574	16.284
1040	0	3	1	764	47	27.0389713189	33.5656705183	35.4295750388	10.834
1040	0	3	2	2106	131	27.0389713189	34.2846647085	36.1485692289	13.134
1041	0	3	1	933	58	28.1249073847	26.8180208035	28.7567832436	12.378
1041	0	3	2	2277	142	28.1249073847	27.9799616763	29.9187241164	10.866
1042	0	3	1	521	32	23.6260795167	29.7907940776	31.4194343055	6.221
1042	0	3	2	1869	116	23.6260795167	29.6332436774	31.2618839053	6.095
1043	0	3	1	1230	76	27.3822287536	31.3366158538	33.2241824831	8.772
1043	0	3	2	2582	161	27.3822287536	30.9052389883	32.7928056176	13.228
1044	0	3	1	438	27	19.0970963279	27.98526382	29.3017031088	7.591
1044	0	3	2	1784	111	19.0970963279	27.6477475836	28.9641868724	5.307
1045	0	3	1	899	56	25.8800454529	27.8229856502	29.6070007719	7.779
1045	0	3	2	2242	140	25.8800454529	29.598305776	31.3823208977	13.26
1046	0	3	1	587	36	21.0398761655	9.83480711283	11.2851699921	12.787
1046	0	3	2	1938	121	21.0398761655	7.54160789975	8.991970779	14.315
1047	0	3	1	1021	63	27.4017047372	27.0933537549	28.9822629417	7.906
1047	0	3	2	2365	147	27.4017047372	25.3616746017	27.2505837885	15.874
1047	1	3	1	1020	63	27.4017047372	36.1137825508	38.0026917377	5.622
1047	1	3	2	2370	148	27.4017047372	31.7107346653	33.5996438521	7.276
1048	0	3	1	1269	79	20.3320413572	32.120284914	33.5218539067	11.071
1048	0	3	2	2618	163	20.3320413572	30.3415317675	31.7431007602	10.347
1049	0	3	1	246	15	27.0125618566	32.3378985194	34.1999825299	9.937
1049	0	3	2	1588	99	27.0125618566	29.2458378173	31.1079218278	12.645
1050	0	3	1	814	50	24.4927783548	32.5290057819	34.2173910299	11.779
1050	0	3	2	2156	134	24.4927783548	34.5961587115	36.2845439594	8.456
1051	0	3	1	1055	65	23.542812749	27.4637790349	29.0866793512	7.575
1051	0	3	2	2392	149	23.542812749	28.2016612062	29.8245615225	12.788
1052	0	3	1	1063	66	25.8683890364	30.757313179	32.5405247772	5.779
1052	0	3	2	2411	150	25.8683890364	30.5557589994	32.3389705977	16.095
1053	0	3	1	1243	77	16.6643060486	30.0091907144	31.1579280316	10.346
1053	0	3	2	2593	162	16.6643060486	30.996130928	32.1448682452	16.63
1054	0	3	1	519	32	19.8705251738	30.3747689048	31.7445237397	8.41
1054	0	3	2	1865	116	19.8705251738	31.8393621714	33.2091170063	5.622
1055	0	3	1	474	29	23.5194691998	28.5499116533	30.1712028054	17.464
1055	0	3	2	1821	113	23.5194691998	28.8151095478	30.4364006999	7.496
1056	0	3	1	1241	77	20.8544433931	30.8187121163	32.2562923723	7.04
1056	0	3	2	2590	161	20.8544433931	31.9181571202	33.3557373762	14.472
1058	0	3	1	765	47	28.9838122412	32.1786958247	34.1766660145	10.504
1058	0	3	2	2107	131	28.9838122412	27.6658218557	29.6637920454	5.779
1059	0	3	1	898	56	26.7523438562	28.248211549	30.0923576912	7.181
1059	0	3	2	2241	140	26.7523438562	30.4982456616	32.3423918038	8.41
1060	0	3	1	1020	63	26.5710985089	39.0139868869	40.8456390618	8.756
1060	0	3	2	2364	147	26.5710985089	35.7469105886	37.5785627635	6.473
1060	1	3	1	1021	63	26.5710985089	25.8043350898	27.6359872647	19.622
1060	1	3	2	2365	147	26.5710985089	29.2786342596	31.1102864345	15.874
1061	0	3	1	347	21	25.5104505821	28.2273802132	29.9859176811	10.63
1061	0	3	2	1691	105	25.5104505821	28.0436550402	29.8021925081	5.292
1062	0	3	1	1012	63	26.2990327777	25.7443743921	27.5572719872	17.874
1062	0	3	2	2357	147	26.2990327777	27.8878704219	29.700768017	10.063
1063	0	3	1	439	27	22.5862020399	30.0776770333	31.6346343445	4
1063	0	3	2	1784	111	22.5862020399	29.672299308	31.2292566192	6.708
1064	0	3	1	821	51	28.2132518684	24.7912065059	26.7360588849	12.536
1064	0	3	2	2164	135	28.2132518684	28.0525718933	29.9974242723	16.063
1065	0	3	1	1002	62	25.5056346421	30.9609120132	32.7191174991	17.402
1065	0	3	2	2349	146	25.5056346421	31.6627119077	33.4209173936	13.811
1065	1	3	1	1001	62	25.5056346421	30.9943792584	32.7525847443	4.725
1065	1	3	2	2347	146	25.5056346421	29.5184563434	31.2766618293	11.843
1066	0	3	1	1224	76	22.5300920484	28.681692524	30.2347819489	7.969
1066	0	3	2	2574	160	22.5300920484	29.5647395598	31.1178289847	13.496
1067	0	3	1	1000	62	27.4268117013	30.1613052892	32.0519451995	12.095
1067	0	3	2	2345	146	27.4268117013	30.8779542972	32.7685942076	9.811
1068	0	3	1	1056	66	26.4710094419	28.912911849	30.7376644839	10.158
1068	0	3	2	2402	150	26.4710094419	28.1882321653	30.0129848002	19.244
1069	0	3	1	1059	66	26.8586850606	29.9413167098	31.7927933768	5.748
1069	0	3	2	2404	150	26.8586850606	32.2256068034	34.0770834704	14.346
1070	0	3	1	1213	75	21.4581979271	32.2092194884	33.6884189611	6.725
1070	0	3	2	2562	160	21.4581979271	32.5071002695	33.9862997422	9.874
1071	0	3	1	1056	66	25.6402820019	29.143098799	30.9105860663	10.834
1071	0	3	2	2400	150	25.6402820019	29.6089755514	31.3764628187	10.158
1072	0	3	1	1254	78	18.3979365287	30.7162145153	31.9844579207	7.811
1072	0	3	2	2601	162	18.3979365287	29.7918886825	31.0601320879	7.496
1073	0	3	1	915	57	23.1439255038	31.6367726758	33.2321760978	8.473
1073	0	3	2	2257	141	23.1439255038	30.5426857658	32.1380891877	8.221
1074	0	3	1	1003	62	26.6395048236	26.8191150141	28.6554827101	11.166
1074	0	3	2	2350	146	26.6395048236	27.5011844785	29.3375521745	8.22
1075	0	3	1	431	26	24.7906889397	28.5527775652	30.2616989821	7.779
1075	0	3	2	1779	111	24.7906889397	30.5481085858	32.2570300028	9.118
1076	0	3	1	1213	75	18.6594765227	27.9564037241	29.2426761281	10.315
1076	0	3	2	2564	160	18.6594765227	30.1682708034	31.4545432074	20.126
1077	0	3	1	773	48	25.787296315	31.7768262779	33.5544478303	14.882
1077	0	3	2	2114	132	25.787296315	28.4824182485	30.2600398009	17.842
1078	0	3	1	1256	78	20.4752073773	28.5448025866	29.9562405861	5.905
1078	0	3	2	2604	162	20.4752073773	30.6815371793	32.0929751788	7.717
1079	0	3	1	430	26	23.163917403	30.1576252271	31.7544067707	6.394
1079	0	3	2	1776	111	23.163917403	30.5131871677	32.1099687112	5.496
1080	0	3	1	949	59	24.4518716246	27.9344424275	29.6200078107	9.937
1080	0	3	2	2286	142	24.4518716246	28.2507522581	29.9363176413	8.504
1081	0	3	1	1258	78	22.4284519281	25.6449749363	27.1910579008	10.441
1081	0	3	2	2609	163	22.4284519281	24.1358288751	25.6819118397	19.654
1082	0	3	1	932	58	28.2112806004	31.5505021684	33.4952186599	12.913
1082	0	3	2	2276	142	28.2112806004	29.8554855074	31.800201999	7.465
1083	0	3	1	600	37	20.0305896626	32.2276959156	33.6084846364	7.244
1083	0	3	2	1950	121	20.0305896626	28.2167001404	29.5974888612	9.78
1084	0	3	1	1064	66	23.91063172	28.68219453	30.3304500803	5.559
1084	0	3	2	2411	150	23.91063172	30.9660251347	32.6142806849	8.409
1085	0	3	1	159	9	25.4844750092	31.2524162903	33.009163158	10.031
1085	0	3	2	1499	93	25.4844750092	32.200458092	33.9572049597	16.157
1086	0	3	1	249	15	23.694462936	33.1840573785	34.8174115492	8.441
1086	0	3	2	1590	99	23.694462936	33.1014930817	34.7348472524	8.819
1087	0	3	1	1031	64	21.4027296515	26.0580105608	27.5333863832	8.441
1087	0	3	2	2374	148	21.4027296515	37.2063684509	38.6817442734	10.41
1088	0	3	1	506	31	22.5707619438	27.9685248898	29.5244178534	8.551
1088	0	3	2	1857	116	22.5707619438	28.5860766194	30.141969583	10.693
1089	0	3	1	806	50	25.2854490702	31.2184954635	32.9615226766	12.063
1089	0	3	2	2148	134	25.2854490702	27.2020257295	28.9450529426	21.102
1090	0	3	1	807	50	29.0412256363	33.7523677505	35.7542956754	7.811
1090	0	3	2	2150	134	29.0412256363	31.9670128756	33.9689408004	6.031
1091	0	3	1	1221	76	21.9067850376	30.1123321832	31.6224545609	14.22
1091	0	3	2	2572	160	21.9067850376	29.6497198097	31.1598421875	16.409
1092	0	3	1	1240	77	21.4714930163	32.9004914452	34.3806074016	8.599
1092	0	3	2	2587	161	21.4714930163	30.8274265034	32.3075424598	8.346
1093	0	3	1	1250	78	21.1342808957	30.374388798	31.8312593732	9.968
1093	0	3	2	2597	162	21.1342808957	28.0709023756	29.5277729507	17.244
1094	0	3	1	481	30	16.7663364523	25.8678928083	27.0236634897	23.071
1094	0	3	2	1827	114	16.7663364523	28.5163859063	29.6721565876	11.134
1095	0	3	1	1029	64	26.902008227	19.4013612403	21.2558243466	5.811
1095	0	3	2	2374	148	26.902008227	31.3302970915	33.1847601978	15.716
1096	0	3	1	550	34	19.3416274657	31.9691845126	33.3024803115	13.496
1096	0	3	2	1897	118	19.3416274657	31.8283126609	33.1616084598	12.347
1097	0	3	1	485	30	24.0548910211	32.1952947414	33.8534946627	6.095
1097	0	3	2	1832	114	24.0548910211	31.7017918747	33.359991796	13.527
1098	0	3	1	174	10	18.5340960297	28.6491684298	29.9267978545	6.126
1098	0	3	2	1512	94	18.5340960297	29.2491825266	30.5268119513	13.937
1099	0	3	1	898	56	19.4589563578	31.4390846942	32.7804684433	8.646
1099	0	3	2	2241	140	19.4589563578	28.9646604058	30.3060441548	10.441
1100	0	3	1	1021	63	26.5580960903	28.2520134387	30.0827693048	7.622
1100	0	3	2	2366	147	26.5580960903	30.6370691428	32.467825009	6.661
1101	0	3	1	273	17	27.2286035745	29.1021467851	30.9791234159	11.307
1101	0	3	2	1616	101	27.2286035745	30.6857187367	32.5626953675	8.74
1102	0	3	1	170	10	23.4242361565	29.4672079697	31.0819343269	8.96
1102	0	3	2	1512	94	23.4242361565	30.408136568	32.0228629252	14.063
1103	0	3	1	568	35	23.7176239076	22.4129255387	24.0478762879	5.779
1103	0	3	2	1918	119	23.7176239076	20.7915925376	22.4265432868	12.158
1104	0	3	1	519	32	25.1701741537	30.2494126631	31.9844935148	8.126
1104	0	3	2	1866	116	25.1701741537	29.3901646082	31.1252454599	7.212
1105	0	3	1	485	30	25.0560423002	30.1845679924	31.9117812786	6.63
1105	0	3	2	1830	114	25.0560423002	33.5386820377	35.2658953239	7.685
1106	0	3	1	994	62	20.9839485745	28.6521475068	30.0986550733	7.717
1106	0	3	2	2337	146	20.9839485745	29.8539394266	31.3004469932	15.779
1107	0	3	1	1029	64	28.5421729825	22.1786689678	24.1461951957	7.527
1107	0	3	2	2373	148	28.5421729825	31.7653913692	33.7329175971	10.095
1108	0	3	1	170	10	23.6506093618	29.3191189247	30.949450093	5.779
1108	0	3	2	1513	94	23.6506093618	30.643480554	32.2738117223	16.346
1109	0	3	1	431	26	21.1335925999	28.2919540741	29.7487772023	7.842
1109	0	3	2	1774	110	21.1335925999	28.4858473292	29.9426704573	6.756
1111	0	3	1	982	61	23.1100218012	27.0848765082	28.6779428122	12.898
1111	0	3	2	2327	145	23.1100218012	28.102122224	29.695188528	12.96
1112	0	3	1	155	9	27.7433456529	29.7602453227	31.6727051854	16.252
1112	0	3	2	1496	93	27.7433456529	29.1012782963	31.0137381589	22.063
1112	1	3	1	154	9	27.7433456529	31.2206854833	33.1331453459	8.535
1112	1	3	2	1495	93	27.7433456529	31.728722056	33.6411819187	15.905
1114	0	3	1	1239	77	24.1029869775	32.3138114657	33.9753268337	6.992
1114	0	3	2	2589	161	24.1029869775	30.0001164909	31.6616318589	11.717
1115	0	3	1	993	62	22.3774805234	28.8389481592	30.3815174608	8.315
1115	0	3	2	2340	146	22.3774805234	31.1890866701	32.7316559717	11.811
1116	0	3	1	529	33	21.4450131835	28.3270906295	29.805381225	17.874
1116	0	3	2	1878	117	21.4450131835	30.602705557	32.0809961525	16.236
1117	0	3	1	1245	77	16.7227724172	27.8518194428	29.0045870809	6.725
1117	0	3	2	2596	162	16.7227724172	30.143184076	31.295951714	19.779
1118	0	3	1	379	23	18.3583792312	28.9510143553	30.2165309178	10.378
1118	0	3	2	1724	107	18.3583792312	29.6814024898	30.9469190523	9.811
1119	0	3	1	763	47	25.0059376598	31.7173116494	33.4410710222	8.504
1119	0	3	2	2103	131	25.0059376598	32.2837804524	34.0075398252	4.913
1120	0	3	1	1240	77	22.4121345193	33.1877564752	34.7327146155	8.866
1120	0	3	2	2590	161	22.4121345193	32.475747069	34.0207052093	6.882
1121	0	3	1	192	12	25.8636039856	32.3114992608	34.0943810064	8.221
1121	0	3	2	1534	95	25.8636039856	30.1371779666	31.9200597122	12.977
1122	0	3	1	547	34	16.9821156048	29.312852582	30.483497784	10.488
1122	0	3	2	1894	118	16.9821156048	31.0412376305	32.2118828326	10.992
1123	0	3	1	1236	77	21.6281077076	29.3624873878	30.8533994217	10.41
1123	0	3	2	2586	161	21.6281077076	29.4963294568	30.9872414907	10.882
1124	0	3	1	783	48	26.6351257747	25.3597318377	27.1957976683	17.874
1124	0	3	2	2133	133	26.6351257747	32.3083283124	34.144394143	4.063
1125	0	3	1	487	30	22.9445486735	31.1007516324	32.6824112113	9.969
1125	0	3	2	1831	114	22.9445486735	30.1772859932	31.7589455722	12.614
1126	0	3	1	1040	65	22.0179536274	29.5048530962	31.0226387698	15.307
1126	0	3	2	2394	149	22.0179536274	30.0098321231	31.5276177967	10.882
1127	0	3	1	1029	64	20.7854211233	30.0404590133	31.473281288	6.347
1127	0	3	2	2374	148	20.7854211233	40.7332386009	42.1660608756	8.614
1128	0	3	1	839	52	25.9371137074	29.2783176085	31.0662666734	13.165
1128	0	3	2	2182	136	25.9371137074	22.2965419789	24.0844910438	4.929
1129	0	3	1	265	16	24.3938256586	31.9224352882	33.6039993307	10.661
1129	0	3	2	1609	100	24.3938256586	30.3031781959	31.9847422384	8.44
1130	0	3	1	992	62	24.9531349822	27.406623829	29.1267433019	7.843
1130	0	3	2	2335	145	24.9531349822	27.013456797	28.7335762698	10.252
1131	0	3	1	545	34	19.5748117621	36.4027296789	37.7520998047	9.496
1131	0	3	2	1893	118	19.5748117621	37.2727035765	38.6220737023	7.023
1132	0	3	1	144	9	23.5650679276	31.9823011458	33.6067356007	12.725
1132	0	3	2	1483	92	23.5650679276	41.2317056104	42.8561400653	5.968
1133	0	3	1	1022	63	19.056705811	34.9513870845	36.2650420933	6.378
1133	0	3	2	2368	148	19.056705811	31.0505967589	32.3642517677	17.559
1134	0	3	1	383	23	24.180442568	29.4858401436	31.1526948356	9.276
1134	0	3	2	1727	107	24.180442568	30.394276341	32.061131033	8.347
1135	0	3	1	535	33	19.8083434875	33.1948631349	34.5603315373	6.441
1135	0	3	2	1888	118	19.8083434875	28.787772293	30.1532406954	13.811
1136	0	3	1	1242	77	21.1065902825	31.8287430256	33.283704776	10.126
1136	0	3	2	2590	161	21.1065902825	31.5477029476	33.002664698	11.78
1137	0	3	1	1248	78	20.1894943063	32.3959548536	33.7876975075	4.866
1137	0	3	2	2598	162	20.1894943063	31.9616898925	33.3534325464	13.402
1138	0	3	1	1224	76	22.8784376354	30.9102445671	32.4873468475	9.906
1138	0	3	2	2575	160	22.8784376354	27.4464987335	29.023601014	14.961
1139	0	3	1	975	60	22.0149770935	28.2439573062	29.7615377954	10.126
1139	0	3	2	2318	144	22.0149770935	30.14494206	31.6625225492	10.095
1140	0	3	1	520	32	19.3134936495	29.8683269371	31.1996833595	9.008
1140	0	3	2	1869	116	19.3134936495	28.0293852236	29.3607416459	4.63
1141	0	3	1	1227	76	22.4048592572	30.0324065041	31.5768631314	5.496
1141	0	3	2	2579	161	22.4048592572	30.1234205196	31.6678771469	15.622
1142	0	3	1	893	55	24.4391835883	33.3208812882	35.0055720343	5.654
1142	0	3	2	2235	139	24.4391835883	31.447239064	33.1319298101	7.748
1143	0	3	1	297	18	24.8141243557	31.0566104901	32.7671474041	7.905
1143	0	3	2	1641	102	24.8141243557	29.7289613508	31.4394982648	5.748
1144	0	3	1	1227	76	27.6294090113	30.9231517544	32.8277575082	6.725
1144	0	3	2	2580	161	27.6294090113	29.8512875001	31.7558932539	14.756
1145	0	3	1	742	46	26.0962285611	28.4401568598	30.2390743484	5.874
1145	0	3	2	2071	129	26.0962285611	27.4758909571	29.2748084458	10.267
1146	0	3	1	920	57	30.1217024897	27.7945040527	29.8709135718	11.905
1146	0	3	2	2247	140	30.1217024897	34.0933632706	36.1697727897	5.37
1147	0	3	1	957	59	24.6340898947	29.6722916314	31.3704180494	6.031
1147	0	3	2	2298	143	24.6340898947	30.0567913733	31.7549177913	7.968
1148	0	3	1	533	33	25.6449263219	33.6779110369	35.4457184558	16.472
1148	0	3	2	1882	117	25.6449263219	29.6635700942	31.4313775132	8.189
1149	0	3	1	486	30	19.5240830375	28.9540902628	30.2999634546	14.473
1149	0	3	2	1831	114	19.5240830375	30.7124606827	32.0583338744	5.685
1150	0	3	1	1240	77	20.8641052301	27.5541478061	28.9923940913	13.969
1150	0	3	2	2589	161	20.8641052301	29.4776071232	30.9158534083	16
1151	0	3	1	297	18	24.2816335935	29.5991152915	31.2729454859	11.685
1151	0	3	2	1641	102	24.2816335935	31.2207465979	32.8945767923	11.653
1152	0	3	1	443	27	26.8566683425	0.314372957072	2.16571060365	8.409
1152	0	3	2	1766	110	26.8566683425	1.93122007661	3.78255772319	5.433
1152	1	3	1	444	27	26.8566683425	0.398228211782	2.24956585836	14.031
1152	1	3	2	1765	110	26.8566683425	2.58804942028	4.43938706686	6.252
1152	2	3	1	445	27	26.8566683425	0.235295727981	2.08663337456	11.653
1152	2	3	2	1764	110	26.8566683425	1.27080701771	3.12214466429	5.622
1154	0	3	1	108	6	23.1520909661	28.2015788206	29.7975451205	27.874
1154	0	3	2	1449	90	23.1520909661	31.2734758712	32.8694421711	12.819
1155	0	3	1	552	34	24.9621661686	32.1890652751	33.9098073038	10.284
1155	0	3	2	1899	118	24.9621661686	33.9773508193	35.698092848	6.346
1156	0	3	1	74	4	25.963615526	33.7235253658	35.5133013072	5.401
1156	0	3	2	1413	88	25.963615526	28.7102127025	30.4999886439	12.378
1157	0	3	1	1032	64	25.6174725259	29.1517205514	30.9176354702	6.787
1157	0	3	2	2376	148	25.6174725259	32.681911036	34.4478259548	11.244
1159	0	3	1	552	34	21.7076823663	29.8421827491	31.3385801827	15.118
1159	0	3	2	1899	118	21.7076823663	29.2079878239	30.7043852576	16.473
1160	0	3	1	1250	78	24.5440707024	27.9398594468	29.6317804815	7.402
1160	0	3	2	2599	162	24.5440707024	28.4957047479	30.1876257827	19.307
1161	0	3	1	1243	77	22.9134464582	30.5993285599	32.1788441387	10.347
1161	0	3	2	2593	162	22.9134464582	29.0728215998	30.6523371785	20.126
1162	0	3	1	937	58	29.9768304517	25.7258229132	27.7922458229	4.441
1162	0	3	2	2278	142	29.9768304517	30.877050715	32.9434736247	7.685
1163	0	3	1	469	29	21.778072814	29.7821426036	31.2833923326	11.197
1163	0	3	2	1817	113	21.778072814	29.8838283647	31.3850780937	6.315
1164	0	3	1	1063	66	20.5898435662	32.643470923	34.0628112539	9.559
1164	0	3	2	2411	150	20.5898435662	30.2354661204	31.6548064513	15.118
1165	0	3	1	430	26	23.8464610309	32.2194848475	33.8633168553	14.882
1165	0	3	2	1776	111	23.8464610309	30.3911566581	32.0349886659	7.748
1166	0	3	1	993	62	22.0227042369	31.0317881215	32.5499012737	11.402
1166	0	3	2	2340	146	22.0227042369	32.5318222207	34.0499353728	10.756
1168	0	3	1	1265	79	22.0501836917	31.3864550343	32.9064624552	5.811
1168	0	3	2	2615	163	22.0501836917	29.8212173049	31.3412247258	8.724
1170	0	3	1	518	32	19.4411217774	27.8072710476	29.1474253877	5.433
1170	0	3	2	1864	116	19.4411217774	27.4104361843	28.7505905243	8.441
1171	0	3	1	430	26	24.9615790919	30.9711902029	32.691891762	10.346
1171	0	3	2	1776	111	24.9615790919	30.1386948082	31.8593963674	5.008
1172	0	3	1	582	36	26.9188473292	28.2419464966	30.0975703896	11.527
1172	0	3	2	1930	120	26.9188473292	29.5123281187	31.3679520117	11.039
1173	0	3	1	1217	76	21.5206785339	30.594564496	32.078071007	10.63
1173	0	3	2	2567	160	21.5206785339	27.8478134509	29.3313199619	12.41
1174	0	3	1	740	46	26.5017639989	31.1696855511	32.9965582207	14.599
1174	0	3	2	2079	129	26.5017639989	32.3028225915	34.1296952611	7.559
1175	0	3	1	474	29	20.7619397392	29.1939855847	30.6251891936	12.882
1175	0	3	2	1819	113	20.7619397392	31.9024746769	33.3336782858	5.496
1176	0	3	1	737	46	27.9214142281	28.2046593734	30.1293942157	15.748
1176	0	3	2	2077	129	27.9214142281	27.0989846931	29.0237195353	16.567
1177	0	3	1	585	36	28.403841443	23.5941383531	25.5521288343	12.787
1177	0	3	2	1937	121	28.403841443	23.9807759182	25.9387663994	6.284
1178	0	3	1	1248	78	16.2282780422	30.0855970012	31.2042771627	5.401
1178	0	3	2	2599	162	16.2282780422	31.1851523098	32.3038324713	15.071
1179	0	3	1	1021	63	25.4314229198	25.9044967629	27.6575865378	12.346
1179	0	3	2	2366	147	25.4314229198	30.4600374068	32.2131271817	13.055
1180	0	3	1	999	62	19.7067632558	31.6103351938	32.9688012643	6.409
1180	0	3	2	2344	146	19.7067632558	32.9802512646	34.338717335	14.063
1181	0	3	1	1254	78	24.868572836	28.1781485315	29.8924387972	4.929
1181	0	3	2	2601	162	24.868572836	31.8978250374	33.6121153031	14.378
1182	0	3	1	545	34	26.6938216463	31.5832598121	33.4233717841	10.284
1182	0	3	2	1894	118	26.6938216463	28.6670790389	30.5071910109	11.59
1183	0	3	1	804	50	29.5845273085	29.4451074105	31.4844872943	8.063
1183	0	3	2	2146	134	29.5845273085	28.9305617605	30.9699416442	5.496
1184	0	3	1	1253	78	24.8691517515	29.6022028604	31.316533033	4.063
1184	0	3	2	2601	162	24.8691517515	28.6907156765	30.4050458492	19.685
1185	0	3	1	471	29	21.9022583781	30.5192870578	32.0290973948	7.118
1185	0	3	2	1817	113	21.9022583781	30.2567213066	31.7665316436	11.338
1186	0	3	1	488	30	17.6885293362	31.3149017024	32.5342428305	12.032
1186	0	3	2	1833	114	17.6885293362	29.9219959831	31.1413371112	9.906
1187	0	3	1	1081	67	26.081543525	34.2518387506	36.049743941	7.213
1187	0	3	2	2427	151	26.081543525	30.7587660047	32.5566711951	12.126
1188	0	3	1	506	31	20.7461539302	29.0862057266	30.5163211565	6.96
1188	0	3	2	1848	115	20.7461539302	29.7621362444	31.1922516744	8.677
1189	0	3	1	902	56	25.1162928786	29.9550883272	31.686454927	6.031
1189	0	3	2	2245	140	25.1162928786	29.5610848926	31.2924514923	7.118
1190	0	3	1	1223	76	20.190465876	30.7536598559	32.145469484	5.512
1190	0	3	2	2574	160	20.190465876	30.1984263915	31.5902360197	10.126
1191	0	3	1	379	23	23.6801293327	29.6535226758	31.2858887739	12.898
1191	0	3	2	1723	107	23.6801293327	29.5539284798	31.1862945778	16.96
1192	0	3	1	778	48	28.7546841827	36.2823207033	38.2644961788	15.685
1192	0	3	2	2119	132	28.7546841827	34.9604503432	36.9426258188	13.937
1193	0	3	1	1279	79	24.3465073823	32.4640442981	34.1423465025	10.095
1193	0	3	2	2628	164	24.3465073823	29.0519566793	30.7302588836	12
1194	0	3	1	274	17	26.3624321207	30.8628593826	32.6801273482	9.811
1194	0	3	2	1616	101	26.3624321207	28.3885029687	30.2057709342	15.654
1195	0	3	1	1004	62	30.0816705007	32.1952639279	34.2689138818	9.622
1195	0	3	2	2350	146	30.0816705007	32.1373222401	34.210972194	7.748
1196	0	3	1	209	13	28.6086131577	35.5495281181	37.5216343332	6.032
1196	0	3	2	1552	97	28.6086131577	32.4635137856	34.4356200007	6.535
1197	0	3	1	489	30	30.5001616608	25.8831538567	27.9856520813	13.937
1197	0	3	2	1833	114	30.5001616608	25.3391549865	27.4416532111	9.15
1198	0	3	1	1056	66	23.5716060989	27.9993316592	29.6242168164	6.126
1198	0	3	2	2401	150	23.5716060989	30.6378053428	32.2626905	7.811
1199	0	3	1	1248	78	25.6092085672	28.8926785655	30.6580238167	4.126
1199	0	3	2	2598	162	25.6092085672	31.6487690295	33.4141142806	15.968
1200	0	3	1	1246	77	22.0809118452	29.0821315193	30.6042571549	8
1200	0	3	2	2597	162	22.0809118452	29.8151864085	31.3373120441	12.819
1201	0	3	1	1021	63	24.5141907804	23.2585527761	24.9484140682	15.181
1201	0	3	2	2366	147	24.5141907804	25.8967818695	27.5866431616	5.653
1202	0	3	1	139	8	28.6970120828	30.7295925599	32.7077924668	8.992
1202	0	3	2	1480	92	28.6970120828	29.204853975	31.1830538818	12.709
1203	0	3	1	554	34	28.9014216899	30.070616465	32.0629071442	10.756
1203	0	3	2	1904	119	28.9014216899	27.0900122288	29.082302908	5.275
1205	0	3	1	997	62	20.2193458935	28.6814996317	30.075300075	8.441
1205	0	3	2	2341	146	20.2193458935	31.1209709077	32.5147713511	12.724
1206	0	3	1	470	29	21.5801243743	29.0550200245	30.5426243752	9.874
1206	0	3	2	1817	113	21.5801243743	29.9253977425	31.4130020932	10.504
1207	0	3	1	879	54	25.2040247788	32.2210533044	33.9584676152	10.126
1207	0	3	2	2223	138	25.2040247788	28.6946254002	30.432039711	14.473
1208	0	3	1	491	30	26.774571053	32.5418828005	34.3875611523	12.945
1208	0	3	2	1837	114	26.774571053	32.1383768702	33.984055222	8.598
1209	0	3	1	949	59	26.7326918433	28.7303803339	30.5731717842	11.244
1209	0	3	2	2284	142	26.7326918433	31.6784791096	33.5212705599	9.338
1210	0	3	1	1245	77	22.869352367	15.6090534069	17.1855294035	6.378
1210	0	3	2	2597	162	22.869352367	29.6510601444	31.227536141	10.74
1211	0	3	1	519	32	22.4532992276	28.0123164198	29.5601122081	6.315
1211	0	3	2	1866	116	22.4532992276	27.2693418977	28.8171376861	10.551
1212	0	3	1	1021	63	24.7668531936	29.0806513303	30.7879296538	8.693
1212	0	3	2	2366	147	24.7668531936	30.8305791445	32.5378574681	7.37
1213	0	3	1	485	30	21.7720365232	30.4765028215	31.9773364448	12.094
1213	0	3	2	1830	114	21.7720365232	32.826252138	34.3270857613	10.614
1214	0	3	1	488	30	23.599691893	30.6459413541	32.2727625774	10.032
1214	0	3	2	1833	114	23.599691893	28.288518828	29.9153400514	16.74
1215	0	4	1	773	48	25.7859369202	27.6695086167	29.4470364606	15.842
1215	0	4	2	2114	132	25.7859369202	27.7988059009	29.5763337448	11.401
1216	0	4	1	286	17	25.1589972805	27.4527467751	29.1870571602	14.346
1216	0	4	2	1630	101	25.1589972805	29.3282707385	31.0625811236	11.37
1217	0	4	1	737	46	30.9568089664	33.0992724788	35.23324923	10.441
1217	0	4	2	2077	129	30.9568089664	33.278865938	35.4128426892	4.897
1218	0	4	1	979	61	24.3605735685	24.6736121397	26.3528839825	10.662
1218	0	4	2	2324	145	24.3605735685	31.9337245448	33.6129963876	13.354
1219	0	4	1	1265	79	21.9140820465	28.9987702077	30.5093955975	7.465
1219	0	4	2	2616	163	21.9140820465	28.2557034499	29.7663288396	13.653
1220	0	4	1	1243	77	24.6257288906	30.7668688576	32.4644189181	9.685
1220	0	4	2	2593	162	24.6257288906	31.1505077893	32.8480578498	12.866
1221	0	4	1	778	48	27.9514978549	30.1019213232	32.0287299503	18.41
1221	0	4	2	2120	132	27.9514978549	31.8409066502	33.7677152773	16.913
1222	0	4	1	762	47	28.6334868833	28.6115387227	30.5853595833	16.866
1222	0	4	2	2103	131	28.6334868833	27.7870869239	29.7609077845	17.04
1223	0	4	1	768	48	27.0747320413	29.4783503747	31.3447200248	20.095
1223	0	4	2	2113	132	27.0747320413	27.3170217048	29.183391355	5.59
1224	0	4	1	916	57	25.681399018	30.908841222	32.6791628499	7.339
1224	0	4	2	2258	141	25.681399018	31.8133114717	33.5836330996	6.693
1225	0	4	1	562	35	25.1361274973	27.8385685451	29.5713024245	7.496
1225	0	4	2	1910	119	25.1361274973	28.1056384854	29.8383723648	4.41
1226	0	4	1	584	36	21.3478508256	33.3141163808	34.7857091861	11.118
1226	0	4	2	1933	120	21.3478508256	31.0442666357	32.515859441	11.59
1227	0	4	1	814	50	30.0394282275	34.1902096472	36.2609476721	9.716
1227	0	4	2	2155	134	30.0394282275	35.8907130058	37.9614510307	5.811
1228	0	4	1	882	55	24.8980176248	28.5862274879	30.3025475007	12.63
1228	0	4	2	2225	139	24.8980176248	27.9335097641	29.6498297769	5.433
1229	0	4	1	1279	79	26.6917076131	29.5669440521	31.4069102953	6.126
1229	0	4	2	2629	164	26.6917076131	29.9688820478	31.808848291	12.63
1230	0	4	1	1001	62	25.6998912047	25.8030093741	27.5746057424	18.535
1230	0	4	2	2347	146	25.6998912047	26.386632945	28.1582293133	13.874
1231	0	4	1	154	9	24.4950719837	30.8562669303	32.5448102873	10.189
1231	0	4	2	1495	93	24.4950719837	28.0239187702	29.7124621272	19.905
1232	0	4	1	274	17	26.3239638734	32.6945192991	34.5091354944	6.252
1232	0	4	2	1619	101	26.3239638734	30.3051803972	32.1197965925	14.882
1233	0	4	1	583	36	22.592332083	30.1751904433	31.7325703228	11.685
1233	0	4	2	1931	120	22.592332083	29.6471215811	31.2045014607	10.724
1234	0	4	1	1236	77	23.4953570674	30.5107810192	32.1304100255	9.969
1234	0	4	2	2586	161	23.4953570674	32.0407849993	33.6604140056	7.653
1235	0	4	1	1224	76	23.1762621468	27.6967066491	29.2943391653	5.465
1235	0	4	2	2585	161	23.1762621468	33.0218867421	34.6195192582	15.37
1236	0	4	1	1253	78	26.0381744628	29.3611115027	31.15602709	5.086
1236	0	4	2	2601	162	26.0381744628	31.7521740669	33.5470896542	17.527
1237	0	4	1	305	19	22.2419656251	32.784776035	34.3180037523	7.716
1237	0	4	2	1649	103	22.2419656251	32.8763106696	34.4095383868	7.591
1238	0	4	1	1245	77	24.152769399	31.5641513631	33.2290984328	12.567
1238	0	4	2	2593	162	24.152769399	30.8345795879	32.4995266576	12.126
1239	0	4	1	1227	76	22.9619131413	29.6690300428	31.251886624	7.276
1239	0	4	2	2579	161	22.9619131413	30.4034467963	31.9863033776	8.094
1240	0	4	1	544	34	23.3394493224	31.1027670649	32.7116487262	12.126
1240	0	4	2	1892	118	23.3394493224	31.457109661	33.0659913223	15.937
1241	0	4	1	894	55	25.1221294453	29.4005638313	31.1323327689	10.851
1241	0	4	2	2236	139	25.1221294453	27.6682993404	29.4000682781	4.252
1242	0	4	1	1280	80	20.5912112112	29.3947803471	30.8142149552	7.78
1242	0	4	2	2629	164	20.5912112112	30.2844857553	31.7039203634	11.874
1243	0	4	1	902	56	21.7698987046	29.9212769571	31.421963212	11.323
1243	0	4	2	2244	140	21.7698987046	29.3519451185	30.8526313734	9.212
1244	0	4	1	1080	67	23.5309472792	30.6179883512	32.2400707332	6.866
1244	0	4	2	2426	151	23.5309472792	30.5886626798	32.2107450618	7.433
1246	0	4	1	935	58	25.4667614188	23.9961453472	25.7516711462	4.929
1246	0	4	2	2294	143	25.4667614188	30.467374959	32.222900758	10.315
1247	0	4	1	444	27	26.1111434561	29.6171356193	31.4170812513	8.645
1247	0	4	2	1791	111	26.1111434561	27.9790342312	29.7789798633	12.252
1248	0	4	1	936	58	26.5198668545	33.2412237607	35.0693443326	10.725
1248	0	4	2	2281	142	26.5198668545	30.8571163557	32.6852369276	10.567
1249	0	4	1	1223	76	20.169940674	29.8659958066	31.2563905504	7.039
1249	0	4	2	2573	160	20.169940674	29.8566532104	31.2470479542	10.221
1250	0	4	1	1233	77	26.5585568879	30.2340639123	32.0648515431	5.906
1250	0	4	2	2583	161	26.5585568879	28.8856129518	30.7164005826	9.811
1251	0	4	1	1090	68	21.2951756585	29.1232100262	30.5911717214	4.567
1251	0	4	2	2438	152	21.2951756585	29.461323427	30.9292851222	12.63
1252	0	4	1	233	14	28.7074253652	31.0375056625	33.0164233986	13.401
1252	0	4	2	1575	98	28.7074253652	33.355524099	35.334441835	13.008
1253	0	4	1	1024	64	24.1028485201	30.1787374964	31.8402433201	8.158
1253	0	4	2	2368	148	24.1028485201	30.8619882977	32.5234941214	13.622
1254	0	4	1	917	57	27.2692193916	30.3621694569	32.2419458986	13.401
1254	0	4	2	2260	141	27.2692193916	31.5664410045	33.4462174462	9.087
1255	0	4	1	78	4	23.6634796776	30.9847636175	32.6159819882	13.213
1255	0	4	2	1417	88	23.6634796776	31.8884717105	33.5196900812	9.402
1256	0	4	1	918	57	23.0710769189	40.2384223569	41.8288040343	5.024
1256	0	4	2	2272	142	23.0710769189	25.9420397585	27.5324214359	8.882
1257	0	4	1	810	50	20.1686859874	32.3884301069	33.7787383602	12
1257	0	4	2	2152	134	20.1686859874	32.3299928523	33.7203011056	14.095
1258	0	4	1	1211	75	27.4887278912	30.553725538	32.4486335792	11.717
1258	0	4	2	2561	160	27.4887278912	32.1676557767	34.0625638179	9.086
1259	0	4	1	489	30	24.2826867334	29.5955947523	31.2694975439	12.819
1259	0	4	2	1834	114	24.2826867334	28.9457483108	30.6196511023	10.158
1260	0	4	1	1256	78	17.7902403937	29.0678088881	30.2941613665	10.252
1260	0	4	2	2604	162	17.7902403937	30.0135656441	31.2399181225	17.118
1261	0	4	1	1236	77	23.4916076237	27.4579841648	29.0773547069	8.189
1261	0	4	2	2586	161	23.4916076237	27.7679988523	29.3873693944	14.126
1262	0	4	1	601	37	19.8054735878	32.7511491783	34.116419747	13.228
1262	0	4	2	1952	122	19.8054735878	32.0150424441	33.3803130128	6.126
1263	0	4	1	1213	75	20.6428472558	32.6156604624	34.0386545497	9.401
1263	0	4	2	2562	160	20.6428472558	33.1019769674	34.5249710548	15.087
1264	0	4	1	536	33	19.5168856698	32.6185214991	33.9638985475	17.591
1264	0	4	2	1879	117	19.5168856698	29.1878606786	30.533237727	11.134
1265	0	4	1	1229	76	23.8305006174	29.3458901813	30.9886219739	8.126
1265	0	4	2	2580	161	23.8305006174	29.2154842482	30.8582160408	13.118
1266	0	4	1	491	30	17.7957548886	30.2345702027	31.4613028173	16.252
1266	0	4	2	1830	114	17.7957548886	29.7118909102	30.9386235248	7.968
1267	0	4	1	136	8	28.1682211431	30.2254060944	32.1671543252	12.189
1267	0	4	2	1478	92	28.1682211431	29.6911693328	31.6329175636	9.937
1268	0	4	1	1062	66	22.8485058736	28.4709295387	30.0459685031	7.559
1268	0	4	2	2410	150	22.8485058736	29.4292088391	31.0042478035	10
1269	0	4	1	105	6	20.3209596478	31.3476180754	32.7484231615	21.874
1269	0	4	2	1446	90	20.3209596478	27.4690387726	28.8698438587	8.961
1270	0	4	1	469	29	22.0293271409	35.9471762649	37.4657459603	10.819
1270	0	4	2	1814	113	22.0293271409	30.1279620479	31.6465317433	6.992
1271	0	4	1	1236	77	23.1631177547	30.4487851184	32.045511539	9.622
1271	0	4	2	2585	161	23.1631177547	31.1888911812	32.7856176018	10.536
1272	0	4	1	530	33	21.063768149	27.6556223872	29.1076322365	9.874
1272	0	4	2	1879	117	21.063768149	28.4482315358	29.9002413851	6.252
1273	0	4	1	905	56	25.1830491235	29.3198944394	31.0558628143	11.465
1273	0	4	2	2246	140	25.1830491235	28.4283704323	30.1643388072	14.945
1274	0	4	1	1059	66	19.5860785278	30.3848074019	31.7349541909	5.717
1274	0	4	2	2404	150	19.5860785278	30.0103241861	31.3604709752	16.409
1275	0	4	1	529	33	17.059767811	31.3611294792	32.5371275586	8
1275	0	4	2	1878	117	17.059767811	30.8197768154	31.9957748948	6.787
1276	0	4	1	601	37	19.429884593	27.1790028256	28.5183825416	9.622
1276	0	4	2	1952	122	19.429884593	28.2348976941	29.57427741	10.645
1277	0	4	1	600	37	18.2257338263	34.0354849792	35.291857763	10.819
1277	0	4	2	1950	121	18.2257338263	34.500365777	35.7567385608	6.693
1278	0	4	1	457	28	24.1336739376	29.5574199847	31.2210507278	8.252
1278	0	4	2	1803	112	24.1336739376	28.4717225645	30.1353533076	6.63
1279	0	4	1	918	57	27.7663043021	30.1901005669	32.1041430611	6.095
1279	0	4	2	2263	141	27.7663043021	33.083323927	34.9973664212	5.181
1280	0	4	1	378	23	21.570448105	27.3111961266	28.7981334533	4.724
1280	0	4	2	1723	107	21.570448105	26.4371382118	27.9240755385	11.024
1281	0	4	1	545	34	26.258983388	27.8072601589	29.6173969893	17.527
1281	0	4	2	1893	118	26.258983388	28.3961385958	30.2062754261	15.842
1282	0	4	1	462	28	21.6765904235	37.5840733311	39.0783274727	5.748
1282	0	4	2	1808	113	21.6765904235	36.5495847552	38.0438388968	5.748
1283	0	4	1	994	62	27.4276852163	30.3251666082	32.2158667335	6.441
1283	0	4	2	2338	146	27.4276852163	29.5046820794	31.3953822047	7.748
1284	0	4	1	788	49	33.6715746636	17.1874377318	19.5085541488	8
1284	0	4	2	2117	132	33.6715746636	24.3662422239	26.6873586408	12.315
1285	0	4	1	491	30	24.0730725659	31.0419195125	32.7013727604	9.843
1285	0	4	2	1838	114	24.0730725659	28.4520550484	30.1115082963	20.126
1286	0	4	1	1061	66	19.8248661338	36.7069604355	38.07356781	7.496
1286	0	4	2	2407	150	19.8248661338	29.4060472348	30.7726546093	10.929
1287	0	4	1	1217	76	22.7921075697	29.6907746269	31.2619258304	7.591
1287	0	4	2	2566	160	22.7921075697	29.5074316117	31.0785828152	14.693
1288	0	4	1	586	36	24.4559544065	31.3233889829	33.0092358087	11.04
1288	0	4	2	1928	120	24.4559544065	29.4750569488	31.1609037746	9.748
1289	0	4	1	488	30	21.6275846969	32.2633221763	33.754198157	13.559
1289	0	4	2	1833	114	21.6275846969	29.1555615127	30.6464374934	9.906
1290	0	4	1	1275	79	22.3033758057	30.5903616246	32.1278225914	9.622
1290	0	4	2	2625	164	22.3033758057	30.6566135013	32.1940744681	7.874
1291	0	4	1	1064	66	26.478326738	27.7988365446	29.62409359	6.378
1291	0	4	2	2412	150	26.478326738	30.3437781001	32.1690351455	14.725
1292	0	4	1	932	58	23.0576892427	28.1238390792	29.7132978904	17.905
1292	0	4	2	2274	142	23.0576892427	27.0765000757	28.665958887	5.008
1293	0	4	1	984	61	21.6526109831	22.1875322049	23.6801333477	10.315
1293	0	4	2	2329	145	21.6526109831	29.058030678	30.5506318208	12.283
1294	0	4	1	1064	66	15.8482151516	27.8297396651	28.9222205703	7.087
1294	0	4	2	2412	150	15.8482151516	27.9035811153	28.9960620205	19.843
1295	0	4	1	340	21	20.8052875919	28.7438093751	30.178001125	11.654
1295	0	4	2	1682	105	20.8052875919	31.017292804	32.4514845539	7.528
1296	0	4	1	895	55	28.5221402547	31.8334429929	33.7995882847	7.717
1296	0	4	2	2237	139	28.5221402547	28.8839999454	30.8501452371	10.708
1297	0	4	1	456	28	21.1670270095	28.9967121005	30.4558399964	7.811
1297	0	4	2	1802	112	21.1670270095	29.5296722161	30.988800112	6.693
1298	0	4	1	440	27	23.7048298603	31.6684021009	33.3024709052	6.74
1298	0	4	2	1785	111	23.7048298603	30.8615637682	32.4956325725	5.055
1299	0	4	1	584	36	21.4061513537	32.2479826394	33.7235943335	4
1299	0	4	2	1932	120	21.4061513537	30.6021202197	32.0777319138	16.567
1300	0	4	1	259	16	24.4025355557	30.7117846771	32.3939491277	9.779
1300	0	4	2	1602	100	24.4025355557	26.8087705184	28.490934969	11.559
1302	0	4	1	1061	66	28.1465486131	34.3064464332	36.2467006898	7.213
1302	0	4	2	2408	150	28.1465486131	28.7025301478	30.6427844044	17.134
1303	0	4	1	1029	64	26.6623435302	20.1644979279	22.0024399873	14.126
1303	0	4	2	2372	148	26.6623435302	24.5482044568	26.3861465162	9.842
1304	0	4	1	1253	78	24.8319168912	30.5520765449	32.2638399696	6.504
1304	0	4	2	2601	162	24.8319168912	32.5224826552	34.2342460799	15.748
1305	0	4	1	1218	76	20.9780486214	30.5624911881	32.0085920472	6.157
1305	0	4	2	2568	160	20.9780486214	30.7229294297	32.1690302888	9.197
1306	0	4	1	1259	78	17.8461967709	30.5578238971	31.7880336725	8.22
1306	0	4	2	2609	163	17.8461967709	29.2559059911	30.4861157665	14.441
1307	0	4	1	1033	64	22.4170322379	36.7254627951	38.2707585547	7.622
1307	0	4	2	2377	148	22.4170322379	26.5631696842	28.1084654437	6.756
1308	0	4	1	1229	76	22.5301739746	27.2320486831	28.7851437554	11.968
1308	0	4	2	2579	161	22.5301739746	28.069897454	29.6229925263	8.032
1309	0	4	1	289	18	23.0722691393	32.2009267801	33.791390642	6.441
1309	0	4	2	1632	102	23.0722691393	31.1028268793	32.6932907412	9.59
1310	0	4	1	487	30	16.6019179435	27.9741682655	29.118604921	11.653
1310	0	4	2	1832	114	16.6019179435	30.646593801	31.7910304565	8.898
1311	0	4	1	1061	66	26.7206230386	33.2264922691	35.0684517684	4.063
1311	0	4	2	2408	150	26.7206230386	28.8280266492	30.6699861484	15.023
1312	0	4	1	1091	68	22.8478513999	27.7416614792	29.3166553281	11.559
1312	0	4	2	2438	152	22.8478513999	26.3192102184	27.8942040673	16.645
1313	0	4	1	468	29	21.7826574124	30.2972342465	31.7988000102	15.654
1313	0	4	2	1814	113	21.7826574124	30.6329578953	32.134523659	5.622
1314	0	4	1	822	51	23.0389836474	31.8542367859	33.4424061456	10.504
1314	0	4	2	2165	135	23.0389836474	34.5244563572	36.112625717	11.464
1315	0	4	1	1287	80	23.1440342409	30.5711472866	32.1665582042	9.386
1315	0	4	2	2634	164	23.1440342409	30.1834037214	31.778814639	14.787
1316	0	4	1	233	14	28.8048278091	30.1206989793	32.1063310557	7.811
1316	0	4	2	1576	98	28.8048278091	31.401154589	33.3867866654	9.401
1317	0	4	1	825	51	24.0792206058	19.4903207656	21.1501978226	12.252
1317	0	4	2	2166	135	24.0792206058	28.2481864544	29.9080635114	7.528
1318	0	4	1	1271	79	20.4728555191	30.0289565685	31.440232445	5.874
1318	0	4	2	2620	163	20.4728555191	29.8725005582	31.2837764347	6.599
1319	0	4	1	997	62	22.4134969028	29.9403843926	31.4854364474	6.992
1319	0	4	2	2343	146	22.4134969028	28.599053289	30.1441053438	4.378
1320	0	4	1	234	14	25.9267187981	16.4962616345	18.2834941368	9.433
1320	0	4	2	1566	97	25.9267187981	27.0344342591	28.8216667613	17.59
1321	0	4	1	139	8	25.3883425475	30.601013976	32.3511340483	8.126
1321	0	4	2	1480	92	25.3883425475	29.3575890303	31.1077091026	6.819
1322	0	4	1	1240	77	24.5994019881	30.3525207705	32.0482560122	8.22
1322	0	4	2	2590	161	24.5994019881	28.9407108826	30.6364461243	18.063
1323	0	4	1	989	61	27.4918158076	28.4188834249	30.3140043285	12.284
1323	0	4	2	2335	145	27.4918158076	31.2969625517	33.1920834553	9.968
1324	0	4	1	329	20	23.2749047588	30.8672460286	32.4716783748	5.496
1324	0	4	2	1673	104	23.2749047588	31.7661516557	33.3705840019	4.929
1325	0	4	1	1237	77	22.0872212499	31.5206956631	33.0432562312	5.779
1325	0	4	2	2586	161	22.0872212499	32.1403940677	33.6629546358	12.693
1327	0	4	1	1026	64	26.9968347045	26.8988440427	28.7598439177	9.654
1327	0	4	2	2372	148	26.9968347045	25.0914877405	26.9524876154	4.472
1328	0	4	1	760	47	23.4855808558	32.6060560258	34.2250111187	24.63
1328	0	4	2	2101	131	23.4855808558	32.2850101613	33.9039652541	14.85
1329	0	4	1	123	7	26.069286498	34.7342851551	36.5313454195	10.378
1329	0	4	2	1462	91	26.069286498	38.4679116298	40.2649718942	7.433
1331	0	4	1	941	58	29.3959889713	32.6042808867	34.6306640682	14.299
1331	0	4	2	2285	142	29.3959889713	32.0595127196	34.0858959011	10.535
1332	0	4	1	379	23	22.6565927537	29.9985118163	31.5603214411	5.433
1332	0	4	2	1724	107	22.6565927537	31.4400289162	33.001838541	8.189
1333	0	4	1	984	61	23.0233152458	22.8904473063	24.4775365804	15.527
1333	0	4	2	2328	145	23.0233152458	26.5374365255	28.1245257996	9.937
1334	0	4	1	1048	65	25.143166643	31.5976297799	33.3308488958	6.725
1334	0	4	2	2400	150	25.143166643	29.7141804298	31.4473995457	19.622
1335	0	4	1	804	50	26.7074995256	30.2102888541	32.051343697	15.685
1335	0	4	2	2145	134	26.7074995256	30.7424777722	32.5835326152	12.913
1336	0	4	1	530	33	22.4228729601	30.747141432	32.292839816	16.536
1336	0	4	2	1878	117	22.4228729601	31.1289309537	32.6746293376	6
1337	0	4	1	987	61	27.7982164421	28.2222761903	30.1385185161	9.118
1337	0	4	2	2331	145	27.7982164421	29.8039616223	31.720203948	8.771
1338	0	4	1	1213	75	22.2040113869	28.3891105951	29.9197219748	6.063
1338	0	4	2	2566	160	22.2040113869	31.4999916975	33.0306030772	16.709
1339	0	4	1	1032	64	28.506804873	28.7570200772	30.7221082398	6.284
1339	0	4	2	2377	148	28.506804873	24.3713032761	26.3363914386	8.567
1340	0	4	1	1236	77	26.2411804038	31.7042893765	33.5131989759	4.756
1340	0	4	2	2584	161	26.2411804038	33.2846109719	35.0935205713	13.212
1341	0	4	1	1021	63	23.9674952327	29.0468290077	30.6990043875	10.094
1341	0	4	2	2368	148	23.9674952327	32.3255232012	33.977698581	14.567
1342	0	4	1	1021	63	24.7544596265	25.3079314831	27.0143554685	8.567
1342	0	4	2	2366	147	24.7544596265	24.9693443961	26.6757683815	14
1343	0	4	1	740	46	25.0547819411	29.2821125664	31.009238971	8.22
1343	0	4	2	2078	129	25.0547819411	28.6465497689	30.3736761735	7.905
1344	0	4	1	1275	79	23.947760949	28.4733328479	30.1241478645	8.756
1344	0	4	2	2624	164	23.947760949	33.0119586516	34.6627736682	10.126
1345	0	4	1	1030	64	25.6514697489	28.7582492809	30.5265077644	10.252
1345	0	4	2	2374	148	25.6514697489	32.4438907911	34.2121492746	12.504
1346	0	4	1	1264	79	17.26174124	31.4079294914	32.5978504077	5.905
1346	0	4	2	2614	163	17.26174124	32.3259503869	33.5158713032	7.748
1347	0	4	1	1032	64	27.0065115652	29.9528941834	31.8145611231	7.307
1347	0	4	2	2376	148	27.0065115652	32.6950926892	34.5567596289	13.039
1348	0	4	1	932	58	23.855611158	29.8524845091	31.4969472718	12.032
1348	0	4	2	2277	142	23.855611158	30.1452019822	31.7896647448	8.094
1349	0	4	1	341	21	21.1210578283	31.1655647522	32.6215238084	14.095
1349	0	4	2	1684	105	21.1210578283	29.8451966839	31.3011557401	14.189
1350	0	4	1	585	36	19.1411163772	30.4164883714	31.7359621384	10.378
1350	0	4	2	1932	120	19.1411163772	29.6138307922	30.9333045592	15.622
1350	1	4	1	584	36	19.1411163772	29.744714276	31.064188043	15.779
1350	1	4	2	1933	120	19.1411163772	29.1831887134	30.5026624804	16.866
1351	0	4	1	1284	80	20.6279742103	32.3808286228	33.8027974516	5.842
1351	0	4	2	2626	164	20.6279742103	29.9578621558	31.3798309846	8.85
1351	1	4	1	1277	79	20.6279742103	29.283218708	30.7051875368	15.481
1351	1	4	2	2627	164	20.6279742103	29.1633721406	30.5853409693	13.465
1352	0	4	1	930	58	28.1323915089	31.0796543736	33.0189327243	14.834
1352	0	4	2	2274	142	28.1323915089	28.0159296778	29.9552080285	10.063
1353	0	4	1	1242	77	18.9665044927	28.5467782587	29.8542153296	10.693
1353	0	4	2	2593	162	18.9665044927	27.9032826755	29.2107197464	16.772
1354	0	4	1	740	46	24.8268637261	31.9532535682	33.664668658	10
1354	0	4	2	2078	129	24.8268637261	29.0754244211	30.7868395108	12.378
1355	0	4	1	468	29	21.4782376434	36.6729551716	38.1535360622	15.401
1355	0	4	2	1815	113	21.4782376434	30.1377673499	31.6183482404	5.969
1356	0	4	1	807	50	21.4698336822	31.1288711964	32.6088727682	6.158
1356	0	4	2	2149	134	21.4698336822	28.3358901545	29.8158917263	12.126
1357	0	4	1	903	56	24.2599400612	32.0495195964	33.7218543688	6.315
1357	0	4	2	2246	140	24.2599400612	28.417344852	30.0896796244	6.897
1358	0	4	1	751	46	27.9178126883	34.5532416795	36.4777282532	8.126
1358	0	4	2	2071	129	27.9178126883	26.1634640921	28.0879506659	10.425
1360	0	4	1	273	17	22.7218283592	23.2900602126	24.8563667888	7.653
1360	0	4	2	1616	101	22.7218283592	27.4234525944	28.9897591707	10.945
1361	0	4	1	489	30	26.5033563428	28.6886033242	30.5155857604	16.095
1361	0	4	2	1834	114	26.5033563428	29.5359414533	31.3629238895	6.677
1362	0	4	1	1062	66	25.3334023871	29.4994208882	31.2457537154	7.118
1362	0	4	2	2411	150	25.3334023871	30.7501978465	32.4965306737	10.315
1363	0	4	1	577	36	22.7561445828	31.1458579132	32.7145300441	5.37
1363	0	4	2	1926	120	22.7561445828	32.3268836298	33.8955557607	9.338
1364	0	4	1	530	33	19.6405387074	31.8410291978	33.1949301451	6.221
1364	0	4	2	1879	117	19.6405387074	29.0510815686	30.4049825158	6.646
1365	0	4	1	141	8	21.110824455	29.7191847525	31.1744383814	11.528
1365	0	4	2	1482	92	21.110824455	28.9711111761	30.426364805	14.221
1366	0	4	1	1229	76	19.7205563147	31.7366158489	33.0960327301	10.189
1366	0	4	2	2580	161	19.7205563147	32.7891610869	34.1485779681	14.063
1368	0	4	1	433	27	22.7253375951	32.9569144556	34.5234629375	8.378
1368	0	4	2	1781	111	22.7253375951	32.2590310899	33.8255795718	7.622
1369	0	4	1	811	50	27.0441731666	31.5989467679	33.4632098726	12
1369	0	4	2	2156	134	27.0441731666	31.586409286	33.4506723906	4.882
1370	0	4	1	1055	65	20.4484747488	29.9836519639	31.3932471763	13.37
1370	0	4	2	2387	149	20.4484747488	28.3871341578	29.7967293702	13.527
1371	0	4	1	1273	79	22.2190272001	26.1026242989	27.6342707787	4.189
1371	0	4	2	2624	164	22.2190272001	29.5171680064	31.0488144862	7.842
1372	0	4	1	1048	65	23.8338053656	33.6716126225	35.3145722246	6.583
1372	0	4	2	2400	150	23.8338053656	31.1830638345	32.8260234367	9.843
1373	0	4	1	934	58	26.3633967893	32.909584287	34.726918751	13.969
1373	0	4	2	2277	142	26.3633967893	32.1205611188	33.9378955828	8.599
1374	0	4	1	1280	80	22.5048339973	29.4962834286	31.0476317149	8.85
1374	0	4	2	2631	164	22.5048339973	27.8670181281	29.4183664144	15.118
1375	0	4	1	1224	76	25.4944449477	27.7215473446	29.4789814801	9.843
1375	0	4	2	2573	160	25.4944449477	30.1820948114	31.9395289468	9.575
1376	0	4	1	485	30	22.6852582223	35.5843478949	37.1481335452	11.402
1376	0	4	2	1829	114	22.6852582223	35.8364291545	37.4002148048	12.488
1377	0	4	1	1234	77	20.1215032755	28.7410441745	30.1280999345	13.654
1377	0	4	2	2585	161	20.1215032755	27.7137733681	29.1008291281	10.661
1378	0	4	1	1243	77	21.9483078663	29.5735910232	31.0865757357	13.591
1378	0	4	2	2593	162	21.9483078663	29.5006196533	31.0136043658	15.339
1378	1	4	1	1244	77	21.9483078663	31.9560159905	33.469000703	6.819
1378	1	4	2	2594	162	21.9483078663	29.3587214757	30.8717061882	5.102
1379	0	4	1	1241	77	21.2724878189	33.2851654443	34.7515631759	4.724
1379	0	4	2	2596	162	21.2724878189	30.6437368855	32.1101346171	12.063
1379	1	4	1	1238	77	21.2724878189	28.5289063413	29.9953040729	12.724
1379	1	4	2	2597	162	21.2724878189	31.8727368008	33.3391345324	20.598
1380	0	4	1	934	58	27.8847531132	25.3744027491	27.296610394	18.614
1380	0	4	2	2278	142	27.8847531132	26.5189063471	28.4411139919	8.252
1381	0	4	1	586	36	21.2019619792	26.9237858855	28.3853219887	11.307
1381	0	4	2	1931	120	21.2019619792	26.7968296141	28.2583657173	9.654
1381	1	4	1	585	36	21.2019619792	25.7847844836	27.2463205867	16.945
1381	1	4	2	1933	120	21.2019619792	26.3878593346	27.8493954378	14.913
1382	0	4	1	1079	67	21.62720662	23.9607605982	25.4516105165	11.779
1382	0	4	2	2425	151	21.62720662	26.7961832465	28.2870331649	12.851
1383	0	4	1	432	27	21.8395379876	29.0511486311	30.5566354006	4.284
1383	0	4	2	1781	111	21.8395379876	28.9225719639	30.4280587333	17.244
1384	0	4	1	152	9	23.3961319439	31.8640605516	33.476849573	4.819
1384	0	4	2	1498	93	23.3961319439	32.4944564124	34.1072454337	18.598
1385	0	4	1	1226	76	22.0520114158	31.9017309006	33.4218643139	4.504
1385	0	4	2	2578	161	22.0520114158	30.4389595221	31.9590929354	6.819
1386	0	4	1	1241	77	24.082872919	31.0399349534	32.7000637789	4.819
1386	0	4	2	2590	161	24.082872919	30.9375266956	32.5976555211	12.756
1387	0	4	1	1001	62	25.7376972379	32.0185706511	33.7927731406	6.031
1387	0	4	2	2347	146	25.7376972379	29.15994119	30.9341436795	5.401
1388	0	4	1	1031	64	26.8117787169	22.0773186793	23.9255619043	6.583
1388	0	4	2	2375	148	26.8117787169	31.9953785771	33.8436218021	11.244
1389	0	4	1	248	15	27.6619669095	30.207730834	32.1145809341	12.095
1389	0	4	2	1591	99	27.6619669095	31.1719789424	33.0788290425	6.599
1390	0	4	1	554	34	23.2165291164	33.3566507799	34.9570590595	4.771
1390	0	4	2	1896	118	23.2165291164	31.2317753819	32.8321836614	8.204
1391	0	4	1	530	33	20.8300333433	27.0012107963	28.4371083699	13.779
1391	0	4	2	1879	117	20.8300333433	25.3228234736	26.7587210472	10.173
1392	0	4	1	266	16	19.1752906019	30.0143600109	31.336189544	10.96
1392	0	4	2	1610	100	19.1752906019	28.6955997524	30.0174292855	14.158
1393	0	4	1	486	30	23.1257127593	28.7788821581	30.3730301026	19.276
1393	0	4	2	1831	114	23.1257127593	29.6051668571	31.1993148016	9.323
1394	0	4	1	238	14	22.9925759679	31.8407654243	33.4257357169	7.166
1394	0	4	2	1580	98	22.9925759679	27.024411305	28.6093815976	5.685
1395	0	4	1	349	21	23.6231840602	31.9112980482	33.5397386807	9.087
1395	0	4	2	1694	105	23.6231840602	29.9795429275	31.60798356	11.811
1396	0	4	1	1248	78	19.8166879304	30.4404697059	31.8065133242	6.189
1396	0	4	2	2598	162	19.8166879304	31.2016834984	32.5677271166	12.882
1398	0	4	1	282	17	24.8820056447	30.9164111789	32.6316274219	7.181
1398	0	4	2	1626	101	24.8820056447	30.3868214164	32.1020376594	8.819
1399	0	4	1	564	35	28.0530292074	35.5541130095	37.4879205991	9.008
1399	0	4	2	1912	119	28.0530292074	34.7107729131	36.6445805027	6.488
1400	0	4	1	1003	62	26.3895433697	32.7256848509	34.5448217034	5.417
1400	0	4	2	2350	146	26.3895433697	33.7821226127	35.6012594652	10.283
1401	0	4	1	558	34	27.4408493089	27.1499834178	29.0415909967	14.378
1401	0	4	2	1908	119	27.4408493089	26.6978839042	28.589491483	6.945
1402	0	4	1	545	34	19.7859615999	35.1023219863	36.4662475156	9.008
1402	0	4	2	1893	118	19.7859615999	36.431808394	37.7957339232	11.496
1403	0	4	1	1056	66	22.9792415067	29.8246428339	31.4086939287	11.811
1403	0	4	2	2401	150	22.9792415067	29.9764636359	31.5605147307	17.449
1404	0	4	1	108	6	25.5045428552	26.8775867625	28.6357169871	29.59
1404	0	4	2	1450	90	25.5045428552	30.7042657777	32.4623960023	19.654
1405	0	4	1	485	30	18.2467995574	32.7549567122	34.0127816412	10.504
1405	0	4	2	1830	114	18.2467995574	30.9925798043	32.2504047333	10.095
1406	0	4	1	1234	77	21.7209901553	29.2441802596	30.7414950524	9.181
1406	0	4	2	2584	161	21.7209901553	29.8979114282	31.395226221	14.598
1407	0	4	1	737	46	28.1086746938	32.9798658439	34.9175092996	13.811
1407	0	4	2	2077	129	28.1086746938	32.3334443687	34.2710878244	5.323
1408	0	4	1	1029	64	25.7095184942	20.5291354948	22.3013955107	11.134
1408	0	4	2	2373	148	25.7095184942	31.540131708	33.3123917239	14.472
1409	0	4	1	816	51	28.4259566713	29.0064597507	30.9659747231	11.496
1409	0	4	2	2164	135	28.4259566713	29.9416989499	31.9012139223	11.071
1409	1	4	1	821	51	28.4259566713	25.9016946587	27.861209631	11.906
1409	1	4	2	2165	135	28.4259566713	31.5334716539	33.4929866262	14.33
1410	0	4	1	1218	76	23.2054637147	31.4650856587	33.0647311558	4.347
1410	0	4	2	2567	160	23.2054637147	32.9632379791	34.5628834762	4.284
1411	0	4	1	521	32	17.6220550584	31.7995170065	33.0142757965	14.472
1411	0	4	2	1869	116	17.6220550584	29.7520848347	30.9668436247	8.094
1412	0	4	1	898	56	24.0502547947	29.6258376434	31.2837179711	10.063
1412	0	4	2	2242	140	24.0502547947	28.7121079925	30.3699883201	6.929
1412	1	4	1	902	56	24.0502547947	28.0770064651	29.7348867928	15.338
1412	1	4	2	2244	140	24.0502547947	26.9851023133	28.642982641	13.874
1413	0	4	1	1012	63	22.8362181631	28.1950581254	29.7692500487	9.338
1413	0	4	2	2357	147	22.8362181631	27.7503588391	29.3245507624	11.716
1414	0	4	1	739	46	27.005034037	30.6333804919	32.4949455796	12.693
1414	0	4	2	2077	129	27.005034037	29.7632846361	31.6248497239	7.779
1415	0	4	1	470	29	20.7485314422	29.3040165831	30.7342959045	9.15
1415	0	4	2	1817	113	20.7485314422	30.1073255568	31.5376048781	9.78
1416	0	4	1	265	16	31.488345504	34.556809318	36.7274270103	7.716
1416	0	4	2	1609	100	31.488345504	34.1968628816	36.3674805738	5.811
1417	0	4	1	938	58	28.9001134768	28.0067536246	29.9989541234	18.976
1417	0	4	2	2284	142	28.9001134768	26.837846508	28.8300470068	15.118
1418	0	4	1	987	61	20.5225870845	26.6643431514	28.0790472238	11.905
1418	0	4	2	2331	145	20.5225870845	32.2208085694	33.6355126418	4.598
1419	0	4	1	987	61	27.939340241	28.3343178011	30.2602883552	11.339
1419	0	4	2	2331	145	27.939340241	31.8903995939	33.816370148	6.787
1420	0	4	1	1103	68	25.3327081029	30.7411274363	32.4874124036	6.599
1420	0	4	2	2452	153	25.3327081029	29.7311377092	31.4774226766	11.37
1421	0	4	1	337	21	26.7152903905	31.89693881	33.7385307084	4.567
1421	0	4	2	1681	105	26.7152903905	32.0326464638	33.8742383623	7.906
1422	0	4	1	795	49	28.2879042087	29.1167849156	31.0667833792	5.465
1422	0	4	2	2134	133	28.2879042087	27.1265601849	29.0765586484	20.346
1424	0	4	1	487	30	23.5208816581	28.7603974669	30.3817859854	6.977
1424	0	4	2	1833	114	23.5208816581	30.9837945702	32.6051830886	9.339
1425	0	4	1	1071	66	23.9254071466	33.0905580296	34.7398321091	8.158
1425	0	4	2	2417	151	23.9254071466	31.0637180485	32.712992128	12.441
1426	0	4	1	549	34	18.9159280885	28.687968927	29.9919195639	8.756
1426	0	4	2	1897	118	18.9159280885	29.8223350732	31.1262857101	7.433
1427	0	4	1	898	56	31.4490432439	31.3222800335	33.4901884637	4.063
1427	0	4	2	2242	140	31.4490432439	30.0734357276	32.2413441578	8.41
1428	0	4	1	1031	64	26.4121574868	28.8181100005	30.6388057346	6.063
1428	0	4	2	2376	148	26.4121574868	40.1069811949	41.927676929	5.149
1429	0	4	1	1048	65	22.2771547196	36.1004956498	37.6361490922	5.433
1429	0	4	2	2400	150	22.2771547196	34.6578427098	36.1934961522	7.339
1430	0	4	1	567	35	19.273261066	29.4579064346	30.7864894639	11.087
1430	0	4	2	1915	119	19.273261066	30.8834448861	32.2120279154	6.866
1431	0	4	1	554	34	24.9156033838	31.4977441929	33.2152764624	6.252
1431	0	4	2	1901	118	24.9156033838	28.9622319714	30.679764241	15.496
1432	0	4	1	1019	63	29.1873408927	29.7039582243	31.7159584586	16.189
1432	0	4	2	2363	147	29.1873408927	29.9679764031	31.9799766374	4.661
1433	0	4	1	557	34	27.7389052343	27.5730308508	29.4851846176	8.693
1433	0	4	2	1907	119	27.7389052343	29.9974021194	31.9095558862	9.197
1434	0	4	1	984	61	24.5117175876	26.4049014652	28.0945922702	9.338
1434	0	4	2	2329	145	24.5117175876	31.1560962666	32.8457870717	8.756
1435	0	4	1	333	20	25.2215756074	32.7855484197	34.5241725793	5.307
1435	0	4	2	1677	104	25.2215756074	28.5207110653	30.2593352249	5.244
1436	0	4	1	571	35	26.5014177346	25.8404447529	27.6672935531	6.284
1436	0	4	2	1921	120	26.5014177346	31.0322650192	32.8591138194	9.842
1437	0	4	1	1234	77	24.4579530375	28.8162446186	30.502229218	7.874
1437	0	4	2	2586	161	24.4579530375	30.3632760897	32.0492606891	8.992
1438	0	4	1	1255	78	25.8997943485	26.4021986864	28.1875751786	15.606
1438	0	4	2	2603	162	25.8997943485	29.9953648682	31.7807413603	15.04
1439	0	4	1	193	12	21.7468949339	31.1452105566	32.6443110695	5.055
1439	0	4	2	1535	95	21.7468949339	29.9374530366	31.4365535495	9.59
1440	0	4	1	494	30	26.6608758413	32.8179600954	34.6558009812	4
1440	0	4	2	1841	115	26.6608758413	30.6654551931	32.5032960789	5.653
1441	0	4	1	822	51	22.3398569715	31.9325898971	33.4725656567	7.654
1441	0	4	2	2164	135	22.3398569715	32.1162603484	33.656236108	10.709
1442	0	4	1	343	21	24.5878963039	29.0555479836	30.7504900924	8.441
1442	0	4	2	1687	105	24.5878963039	30.7937657028	32.4887078116	11.307
1443	0	4	1	520	32	22.8452784005	29.6903305687	31.2651470504	11.622
1443	0	4	2	1867	116	22.8452784005	29.7116013058	31.2864177875	8.772
1444	0	4	1	873	54	28.0238994409	27.4623475199	29.3941470781	16.315
1444	0	4	2	2214	138	28.0238994409	28.6382085781	30.5700081363	9.78
1445	0	4	1	485	30	23.4140988124	29.5984589936	31.2124865431	11.433
1445	0	4	2	1830	114	23.4140988124	32.2744237545	33.888451304	6.299
1446	0	4	1	525	32	24.6018219663	32.1191719919	33.8150740524	5.78
1446	0	4	2	1873	117	24.6018219663	31.6314502433	33.3273523038	10.882
1447	0	4	1	1236	77	23.2875249407	31.8070545193	33.4123568252	5.275
1447	0	4	2	2586	161	23.2875249407	30.4608352342	32.0661375401	12.095
1448	0	4	1	821	51	25.9571268371	28.1691509041	29.9584795542	5.228
1448	0	4	2	2166	135	25.9571268371	32.8531917286	34.6425203786	13.559
1449	0	4	1	583	36	21.9505319041	32.2130275043	33.7261655287	9.748
1449	0	4	2	1932	120	21.9505319041	28.4116090444	29.9247470687	5.874
1450	0	4	1	538	33	18.688388058	26.3806580981	27.66892349	14.095
1450	0	4	2	1891	118	18.688388058	25.9987320796	27.2869974715	12.284
1451	0	4	1	902	56	28.0235883912	29.2259099838	31.1576881001	12.189
1451	0	4	2	2244	140	28.0235883912	28.7849442089	30.7167223252	13.15
1452	0	4	1	1029	64	27.1638817855	28.7310248771	30.603539976	5.968
1452	0	4	2	2373	148	27.1638817855	38.8225758389	40.6950909377	7.055
1453	0	4	1	795	49	26.5522344978	27.9080964921	29.7384482953	8
1453	0	4	2	2135	133	26.5522344978	25.1169367944	26.9472885975	19.591
1454	0	4	1	280	17	25.5113120125	30.0741090923	31.8327059421	10.095
1454	0	4	2	1624	101	25.5113120125	30.708563459	32.4671603087	6.992
1455	0	4	1	773	48	24.9356075577	29.5301482603	31.2490594977	7.716
1455	0	4	2	2114	132	24.9356075577	30.8211389445	32.5400501819	16.929
1457	0	4	1	164	10	23.8137554147	31.2913356124	32.9329130911	8.031
1457	0	4	2	1506	94	23.8137554147	31.2134868285	32.8550643072	7.402
1458	0	4	1	347	21	25.7028165292	27.1664838706	28.9382818932	5.244
1458	0	4	2	1690	105	25.7028165292	29.1761186875	30.9479167102	13.402
1459	0	4	1	299	18	21.1464886123	34.294308585	35.752020687	10.693
1459	0	4	2	1643	102	21.1464886123	29.0631304099	30.5208425118	9.023
1460	0	4	1	1021	63	25.3296217724	33.6271555096	35.3732277239	11.528
1460	0	4	2	2365	147	25.3296217724	27.5938670827	29.339939297	12.157
1461	0	4	1	169	10	21.1311513471	27.9285116781	29.3851665209	9.496
1461	0	4	2	1511	94	21.1311513471	28.3664972586	29.8231521015	19.622
1462	0	4	1	994	62	24.7999781427	32.467090298	34.1766520569	11.653
1462	0	4	2	2337	146	24.7999781427	31.9845549064	33.6941166653	6.378
1463	0	4	1	158	9	25.157767526	32.0823888978	33.816614511	10.347
1463	0	4	2	1498	93	25.157767526	30.3852564307	32.1194820439	14.441
1464	0	4	1	1003	62	25.6464058804	32.3083769807	34.0762863915	4.898
1464	0	4	2	2350	146	25.6464058804	31.7424465169	33.5103559277	7.78
1465	0	4	1	1222	76	23.3126737378	31.7229340531	33.3299699662	9.276
1465	0	4	2	2572	160	23.3126737378	28.8459154945	30.4529514076	12.441
1466	0	4	1	189	11	23.2476703887	29.6308555237	31.2334104957	13.401
1466	0	4	2	1531	95	23.2476703887	29.5683137069	31.170868679	11.134
1467	0	4	1	1236	77	24.1100984629	28.9379925366	30.5999981279	5.307
1467	0	4	2	2585	161	24.1100984629	29.7171713426	31.3791769338	12.409
1468	0	4	1	1230	76	24.3549285906	30.3483969221	32.027279634	9.292
1468	0	4	2	2581	161	24.3549285906	30.0970669223	31.7759496342	17.527
1470	0	4	1	1283	80	19.3693302354	29.7672918457	31.1024973074	7.716
1470	0	4	2	2632	164	19.3693302354	29.550544472	30.8857499336	8.157
1471	0	4	1	1062	66	24.0019753475	32.6353855232	34.2899377553	7.276
1471	0	4	2	2410	150	24.0019753475	31.2376051651	32.8921573972	6.378
1473	0	4	1	158	9	26.0417786228	26.2203558741	28.0155199106	10
1473	0	4	2	1502	93	26.0417786228	25.9709126478	27.7660766842	12.126
1474	0	4	1	1004	62	25.9278585423	28.7186694278	30.5059804972	14.189
1474	0	4	2	2351	146	25.9278585423	28.5706274764	30.3579385457	10.504
1475	0	4	1	1021	63	30.448560394	22.7935353013	24.892476444	13.906
1475	0	4	2	2366	147	30.448560394	22.1275431386	24.2264842814	17.685
1476	0	4	1	169	10	23.228129481	28.7550277457	30.3562356848	7.338
1476	0	4	2	1512	94	23.228129481	28.261407634	29.8626155731	14.126
1477	0	4	1	1244	77	18.2411810203	29.7762477808	31.0336854015	4.851
1477	0	4	2	2593	162	18.2411810203	28.3303755632	29.5878131839	12.284
1478	0	4	1	340	21	23.9276164223	30.4823950039	32.1318213776	8.756
1478	0	4	2	1683	105	23.9276164223	30.5240079864	32.1734343601	5.937
1479	0	4	1	551	34	21.0965858493	31.7602970747	33.2145691795	10.456
1479	0	4	2	1899	118	21.0965858493	31.3262637631	32.7805358679	12.031
1480	0	4	1	452	28	22.8365814324	33.3001452079	34.8743621728	12.74
1480	0	4	2	1797	112	22.8365814324	30.7966801215	32.3708970864	7.937
1481	0	4	1	824	51	25.5282058346	21.6684692127	23.4282306212	10.914
1481	0	4	2	2167	135	25.5282058346	29.7577662706	31.5175276791	11.197
1483	0	4	1	1029	64	29.1051676629	22.9654766448	24.9718123495	8.221
1483	0	4	2	2373	148	29.1051676629	33.1718862821	35.1782219868	9.103
1484	0	4	1	528	33	23.3351040742	30.5330494717	32.1416315977	11.654
1484	0	4	2	1878	117	23.3351040742	29.9349096655	31.5434917915	6.535
1486	0	4	1	565	35	20.8674332833	27.2485808556	28.6870565567	6.409
1486	0	4	2	1914	119	20.8674332833	33.1227595041	34.5612352052	6.977
1487	0	4	1	281	17	25.3440673668	33.7200248976	35.4670929045	7.716
1487	0	4	2	1626	101	25.3440673668	30.7828554067	32.5299234136	10.283
1488	0	4	1	430	26	24.8171062226	31.2828419837	32.9935844497	11.338
1488	0	4	2	1776	111	24.8171062226	28.3893484222	30.1000908882	8.189
1489	0	4	1	1234	77	19.6000159392	28.7130841651	30.0641917157	4.693
1489	0	4	2	2584	161	19.6000159392	29.9246439614	31.275751512	10.536
1490	0	4	1	1056	66	24.159581515	30.4024185492	32.0678352053	5.212
1490	0	4	2	2402	150	24.159581515	29.9199148968	31.5853315529	7.811
1491	0	4	1	1238	77	20.6050000037	32.5555592587	33.9759443835	8.788
1491	0	4	2	2587	161	20.6050000037	30.5647438968	31.9851290216	15.559
1493	0	4	1	997	62	18.5720130419	26.8836191967	28.1638623929	6.96
1493	0	4	2	2341	146	18.5720130419	27.1888209117	28.4690641078	13.15
1494	0	4	1	337	21	21.5273646227	31.0639042158	32.5478716257	5.339
1494	0	4	2	1682	105	21.5273646227	27.7620838729	29.2460512827	6.677
1496	0	4	1	1238	77	25.7697256693	30.5558370916	32.332247429	7.906
1496	0	4	2	2587	161	25.7697256693	31.245744011	33.0221543485	11.15
1497	0	4	1	551	34	22.9765277492	32.0009119799	33.5847760046	7.969
1497	0	4	2	1896	118	22.9765277492	28.057373634	29.6412376587	17.779
1498	0	4	1	1090	68	25.9803661314	32.5286440804	34.319574708	4.897
1498	0	4	2	2438	152	25.9803661314	30.9933370413	32.7842676689	7.717
1499	0	4	1	879	54	32.7569984176	30.0235320029	32.2816030185	12.819
1499	0	4	2	2222	138	32.7569984176	28.0119826921	30.2700537077	6.221
1500	0	4	1	1026	64	25.3990642256	27.9557200815	29.706579242	14.787
1500	0	4	2	2372	148	25.3990642256	26.5921271959	28.3429863564	13.716
1501	0	4	1	549	34	20.1788342589	29.7460684643	31.1370762785	4.473
1501	0	4	2	1897	118	20.1788342589	29.8887470687	31.2797548829	13.748
1502	0	4	1	521	32	25.3226964561	30.8718698391	32.6174646636	7.37
1502	0	4	2	1869	116	25.3226964561	30.5073338816	32.2529287061	6.599
1503	0	4	1	584	36	21.4152708167	30.1972813272	31.6735216623	10.221
1503	0	4	2	1933	120	21.4152708167	29.7129199701	31.1891603052	12.157
1504	0	4	1	1217	76	24.9743940378	29.9509569005	31.6725418452	7.307
1504	0	4	2	2566	160	24.9743940378	32.7681023525	34.4896872972	13.969
1505	0	4	1	1217	76	22.7513398821	32.2994811622	33.8678220858	10.221
1505	0	4	2	2567	160	22.7513398821	31.0316590681	32.5999999917	9.276
1506	0	4	1	809	50	23.9751234491	28.6546633943	30.3073646176	14
1506	0	4	2	2152	134	23.9751234491	27.9468276969	29.5995289202	8.221
1506	1	4	1	808	50	23.9751234491	31.0517759491	32.7044771724	9.496
1506	1	4	2	2149	134	23.9751234491	28.0905199624	29.7432211856	17.087
1506	2	4	1	803	50	23.9751234491	20.5645905015	22.2172917248	11.591
1506	2	4	2	2148	134	23.9751234491	26.4948105914	28.1475118147	10.897
1507	0	4	1	935	58	29.9429452781	31.4813004883	33.5453875573	5.779
1507	0	4	2	2280	142	29.9429452781	26.7968486924	28.8609357614	7.622
1508	0	4	1	737	46	27.9713990427	35.1360322661	37.0642127617	4
1508	0	4	2	2077	129	27.9713990427	30.6117670769	32.5399475725	13.511
1509	0	4	1	591	36	16.6729398473	32.7854212537	33.9347537332	10.41
1509	0	4	2	1940	121	16.6729398473	32.8574991687	34.0068316482	11.307
1510	0	4	1	1230	76	26.1965555556	29.2035909102	31.0094243402	13.433
1510	0	4	2	2581	161	26.1965555556	29.9850415543	31.7908749843	13.906
1511	0	4	1	474	29	21.4370139824	29.8081606383	31.2858998169	13.275
1511	0	4	2	1818	113	21.4370139824	31.7862178971	33.2639570757	8.157
1512	0	4	1	487	30	26.131195934	24.401366789	26.2026947187	18.267
1512	0	4	2	1831	114	26.131195934	28.1039495041	29.9052774338	10
1513	0	4	1	1245	77	21.4920499252	28.9828242853	30.4643573117	11.04
1513	0	4	2	2596	162	21.4920499252	29.1029542626	30.584487289	11.937
1514	0	4	1	1003	62	21.8924655308	31.7599872722	33.269122549	5.37
1514	0	4	2	2349	146	21.8924655308	33.5034085428	35.0125438196	12.22
1515	0	4	1	1241	77	24.7230092821	29.5320121578	31.2362681451	12.882
1515	0	4	2	2590	161	24.7230092821	28.5882636126	30.2925195999	13.197
1516	0	4	1	485	30	23.7638131258	30.231388263	31.8695230199	11.716
1516	0	4	2	1829	114	23.7638131258	31.5227289932	33.1608637501	9.055
1517	0	4	1	1275	79	23.896101525	29.4739629929	31.1212169187	10.41
1517	0	4	2	2626	164	23.896101525	31.0262078339	32.6734617597	11.024
1518	0	4	1	430	26	22.9964016336	32.6887849536	34.2740189646	9.118
1518	0	4	2	1776	111	22.9964016336	32.0654810484	33.6507150594	9.969
1519	0	4	1	607	37	18.4980083435	29.2920608391	30.5672025952	14.693
1519	0	4	2	1958	122	18.4980083435	28.9697132443	30.2448550004	11.402
