event_index	pair_index	fold	layer	pixel	half_bar	ecal_time_ns	cdet_time_master_ns	cdet_time_candidate_ns	tot_ns
0	0	0	1	214	13	21.5442669928	25.3777625601	26.0613972522	7.716
0	0	0	2	1556	97	21.5442669928	27.7700210898	28.4536557819	11.496
1	0	0	1	1253	78	20.7747284241	29.3000520112	29.9592679908	9.748
1	0	0	2	2600	162	20.7747284241	29.8112671392	30.4704831187	20.866
2	0	0	1	920	57	25.7273650145	29.4293336542	30.2457048617	9.023
2	0	0	2	2264	141	25.7273650145	30.31267115	31.1290423576	6.284
3	0	0	1	814	50	25.4012741157	27.3499576506	28.1559814626	15.874
3	0	0	2	2161	135	25.4012741157	28.1350610143	28.9410848263	12.977
3	1	0	1	821	51	25.4012741157	23.8413080706	24.6473318827	14.063
3	1	0	2	2164	135	25.4012741157	26.6499608811	27.4559846931	15.717
4	0	0	1	295	18	29.2004631173	27.5770278813	28.5036061501	15.653
4	0	0	2	1638	102	29.2004631173	27.7817296665	28.7083079353	6.614
5	0	0	1	1238	77	24.6807021069	29.7442509092	30.5274097974	7.181
5	0	0	2	2587	161	24.6807021069	29.4409012581	30.2240601463	15.118
6	0	0	1	242	15	24.4778742399	28.1781854183	28.9549082479	7.275
6	0	0	2	1582	98	24.4778742399	28.1434745869	28.9201974164	13.465
6	1	0	1	241	15	24.4778742399	34.3128227883	35.0895456178	5.244
6	1	0	2	1585	99	24.4778742399	30.6125369618	31.3892597914	8.567
7	0	0	1	551	34	21.2627814748	32.2742975698	32.9490002678	13.874
7	0	0	2	1896	118	21.2627814748	32.2371908487	32.9118935467	21.055
8	0	0	1	338	21	23.0413573984	36.2703445635	37.0014843733	7.496
8	0	0	2	1682	105	23.0413573984	32.3283053581	33.0594451679	4.724
9	0	0	1	189	11	24.999138432	30.2456629669	31.0389263585	5.748
9	0	0	2	1532	95	24.999138432	28.8342034362	29.6274668278	8.756
10	0	0	1	783	48	26.6152431636	29.6948486106	30.5393936384	4.63
10	0	0	2	2121	132	26.6152431636	23.5953400518	24.4398850796	4.126
11	0	0	1	899	56	23.9091579252	29.6591593468	30.4178358811	13.118
11	0	0	2	2241	140	23.9091579252	30.661285675	31.4199622093	11.906
12	0	0	1	224	14	23.7414502191	28.5223981827	29.2757530783	9.906
12	0	0	2	1566	97	23.7414502191	29.4524686389	30.2058235345	4.725
13	0	0	1	879	54	27.4359601646	26.4654633061	27.3360510214	6.599
13	0	0	2	2222	138	27.4359601646	26.9849704482	27.8555581635	6.252
14	0	0	1	346	21	25.9312800798	11.1678584218	11.9907001866	4.882
14	0	0	2	1691	105	25.9312800798	11.7739777396	12.5968195044	8.536
15	0	0	1	1246	77	22.2165586452	31.6500547062	32.3550223077	5.323
15	0	0	2	2597	162	22.2165586452	33.4232797076	34.1282473091	18.063
16	0	0	1	1064	66	24.752692151	29.7613541965	30.5467974461	6.126
16	0	0	2	2412	150	24.752692151	30.7240738809	31.5095171305	5.307
17	0	0	1	155	9	26.7624507882	30.2752066271	31.1244227926	7.559
17	0	0	2	1496	93	26.7624507882	29.4528333002	30.3020494658	15.748
18	0	0	1	520	32	17.5359470169	31.2967103359	31.8531545048	4.063
18	0	0	2	1867	116	17.5359470169	32.309961022	32.8664051909	10.977
19	0	0	1	344	21	24.3819552358	33.6929309389	34.4666101022	4.063
19	0	0	2	1689	105	24.3819552358	32.4876882182	33.2613673815	7.244
20	0	0	1	1244	77	18.6934473072	27.9094335302	28.5026070691	10.095
20	0	0	2	2596	162	18.6934473072	28.375578393	28.9687519319	19.811
21	0	0	1	486	30	18.9461716233	32.1414557176	32.7426486108	5.165
21	0	0	2	1831	114	18.9461716233	32.7889946679	33.390187561	12.535
22	0	0	1	997	62	28.4091228292	30.3403613054	31.2418290576	4.929
22	0	0	2	2342	146	28.4091228292	34.1993410785	35.1008088307	7.717
23	0	0	1	120	7	23.3293865733	29.8891608115	30.6294402562	9.969
23	0	0	2	1460	91	23.3293865733	34.614379486	35.3546589308	16.315
24	0	0	1	822	51	26.7344185602	26.2853668717	27.1336935289	14.094
24	0	0	2	2165	135	26.7344185602	26.0437696311	26.8920962883	14.157
25	0	0	1	490	30	19.6489143363	27.9057931169	28.5292851813	12.315
25	0	0	2	1835	114	19.6489143363	26.1675256352	26.7910176996	6.063
26	0	0	1	429	26	22.5275465045	27.2719864641	27.9868222171	22.378
26	0	0	2	1772	110	22.5275465045	29.7669808441	30.4818165971	9.874
27	0	0	1	1256	78	19.933682587	26.8392090651	27.47173729	13.181
27	0	0	2	2599	162	19.933682587	25.2106190627	25.8431472877	21.969
28	0	0	1	987	61	26.267162829	24.5777806854	25.4112805571	13.433
28	0	0	2	2331	145	26.267162829	28.167737769	29.0012376406	6
29	0	0	1	737	46	29.2291782511	28.3661474154	29.2936368621	16.709
29	0	0	2	2077	129	29.2291782511	28.9008407823	29.8283302291	8.031
30	0	0	1	983	61	21.7874666046	30.0950007409	30.7863525529	9.118
30	0	0	2	2329	145	21.7874666046	31.3614625345	32.0528143465	13.118
31	0	0	1	266	16	21.3766491212	25.5289087407	26.2072246447	10.221
31	0	0	2	1611	100	21.3766491212	28.5457563496	29.2240722536	6.378
32	0	0	1	1210	75	20.7034869518	1.86359405471	2.52054942632	5.276
32	0	0	2	2572	160	20.7034869518	5.83848902306	6.49544439467	7.905
33	0	0	1	1244	77	20.0223432899	28.033405901	28.6687474745	12.898
33	0	0	2	2594	162	20.0223432899	30.173420571	30.8087621445	18.063
34	0	0	1	1029	64	27.6239705659	22.9786341647	23.8551877564	11.653
34	0	0	2	2375	148	27.6239705659	33.7457512299	34.6223048216	12.283
35	0	0	1	211	13	25.1359179532	26.846337117	27.6439407457	7.039
35	0	0	2	1554	97	25.1359179532	26.3739759024	27.1715795311	8.819
36	0	0	1	810	50	24.9824012591	35.3167723712	36.1095046651	7.165
36	0	0	2	2153	134	24.9824012591	32.8786158846	33.6713481785	5.685
37	0	0	1	169	10	21.1987852096	29.6218578538	30.294529846	11.559
37	0	0	2	1512	94	21.1987852096	30.7644971679	31.4371691601	14.961
38	0	0	1	1255	78	20.8285676046	26.958215323	27.6191397075	9.685
38	0	0	2	2598	162	20.8285676046	24.5736068315	25.234531216	7.023
39	0	0	1	168	10	20.9441173769	29.5854072593	30.2499982263	8.708
39	0	0	2	1511	94	20.9441173769	29.980994985	30.645585952	14.929
40	0	0	1	183	11	23.9046528764	30.893282354	31.6518159358	8.536
40	0	0	2	1512	94	23.9046528764	29.6500234013	30.4085569831	6.189
41	0	0	1	832	52	24.9564520604	32.3455383204	33.1374472039	8.74
41	0	0	2	2173	135	24.9564520604	30.7871312241	31.5790401076	9.59
42	0	0	1	438	27	26.1514746519	22.047582378	22.8774112753	8.913
42	0	0	2	1783	111	26.1514746519	21.1931184775	22.0229473748	12.441
43	0	0	1	1047	65	28.0482078703	31.2169572246	32.1069725571	16.409
43	0	0	2	2400	150	28.0482078703	30.8927471509	31.7827624835	18.504
44	0	0	1	1033	64	25.8907815781	29.4599224477	30.281479129	14.866
44	0	0	2	2378	148	25.8907815781	21.6904286341	22.5119853155	10.63
45	0	0	1	795	49	24.2094095968	31.5316285227	32.2998325317	10.63
45	0	0	2	2134	133	24.2094095968	27.7761685687	28.5443725777	11.874
47	0	0	1	444	27	24.8711474411	30.2983795708	31.0875815998	4.819
47	0	0	2	1791	111	24.8711474411	29.3069870333	30.0961890623	11.716
48	0	0	1	1033	64	22.6458153954	36.1320185441	36.8506071617	5.197
48	0	0	2	2377	148	22.6458153954	26.6556216552	27.3742102728	7.071
49	0	0	1	134	8	25.2881039813	31.236130794	32.0385635333	8.897
49	0	0	2	1475	92	25.2881039813	33.741736787	34.5441695263	4.441
50	0	0	1	184	11	21.6594694079	34.3895045979	35.0767948504	8.031
50	0	0	2	1526	95	21.6594694079	30.6629598788	31.3502501312	5.181
51	0	0	1	1243	77	22.730331741	28.9576881655	29.6789586245	8.662
51	0	0	2	2593	162	22.730331741	27.9307702662	28.6520407251	15.528
52	0	0	1	804	50	28.9338393142	31.4507277432	32.3688456044	6.788
52	0	0	2	2151	134	28.9338393142	30.8778889322	31.7960067934	5.748
54	0	0	1	413	25	18.6140804752	30.7353808652	31.3260359652	6.614
54	0	0	2	1749	109	18.6140804752	33.9319299422	34.5225850422	12.032
55	0	0	1	762	47	26.6585689253	34.0416727161	34.8875925409	5.433
55	0	0	2	2113	132	26.6585689253	29.9094588365	30.7553786613	16.945
56	0	0	1	1003	62	23.3514167895	31.0311823367	31.7721608361	12.771
56	0	0	2	2349	146	23.3514167895	31.4152923857	32.1562708852	11.071
57	0	0	1	820	51	23.753905362	29.4769981648	30.2307482824	8.473
57	0	0	2	2164	135	23.753905362	31.9985017125	32.7522518301	11.701
58	0	0	1	164	10	26.0177242466	32.1946636415	33.0202484205	6.96
58	0	0	2	1506	94	26.0177242466	33.6542395477	34.4798243268	7.622
59	0	0	1	778	48	22.4479136744	33.19537323	33.9076821036	6.063
59	0	0	2	2119	132	22.4479136744	31.5638970283	32.2762059019	12.315
60	0	0	1	547	34	25.2588309324	29.3220104308	30.1235142886	9.197
60	0	0	2	1897	118	25.2588309324	30.2838780067	31.0853818645	9.874
61	0	0	1	535	33	23.9963544255	33.7104997378	34.4719431592	11.339
61	0	0	2	1883	117	23.9963544255	31.325567669	32.0870110903	4.504
62	0	0	1	228	14	24.3423644864	28.7163821165	29.4888050008	14.378
62	0	0	2	1571	98	24.3423644864	32.0709494729	32.8433723573	11.339
63	0	0	1	491	30	22.688204216	27.6316629411	28.3515966251	12.63
63	0	0	2	1835	114	22.688204216	27.313254863	28.0331885469	4.252
64	0	0	1	932	58	27.8936326552	31.8555926105	32.7407030197	11.748
64	0	0	2	2276	142	27.8936326552	33.5930700175	34.4781804266	6.189
65	0	0	1	170	10	21.9116961781	28.9653905142	29.660684333	13.654
65	0	0	2	1513	94	21.9116961781	28.4682115351	29.1635053539	17.37
65	1	0	1	169	10	21.9116961781	31.6010076567	32.2963014755	6.126
65	1	0	2	1511	94	21.9116961781	29.1341012351	29.8293950539	12.866
66	0	0	1	518	32	21.2719597148	29.0210037041	29.6959976427	11.165
66	0	0	2	1864	116	21.2719597148	30.5873814751	31.2623754137	7.496
67	0	0	1	1243	77	20.7827881887	33.9753075601	34.6347792891	4.031
67	0	0	2	2593	162	20.7827881887	34.7102979192	35.3697696482	13.669
68	0	0	1	523	32	19.1012259738	30.3475429901	30.9536560104	9.055
68	0	0	2	1872	117	19.1012259738	32.9014546757	33.507567696	8.661
69	0	0	1	822	51	23.9521679848	33.0341563246	33.7941976382	5.402
69	0	0	2	2166	135	23.9521679848	26.1338788424	26.893920156	16.473
70	0	0	1	170	10	18.8992697619	28.0258824338	28.6255870545	11.401
70	0	0	2	1513	94	18.8992697619	30.4101807045	31.0098853252	13.559
71	0	0	1	1250	78	22.1551900535	29.6838205154	30.3868407916	4.725
71	0	0	2	2599	162	22.1551900535	29.9733217156	30.6763419917	14.614
72	0	0	1	471	29	18.1114424417	33.2509133779	33.8256189542	5.906
72	0	0	2	1817	113	18.1114424417	31.8797830304	32.4544886067	12.315
73	0	0	1	485	30	21.4935842963	30.4868841978	31.1689106454	14.157
73	0	0	2	1830	114	21.4935842963	31.9757193079	32.6577457555	7.622
74	0	0	1	1238	77	21.248628539	27.2299086316	27.9041622339	9.464
74	0	0	2	2587	161	21.248628539	30.0938025834	30.7680561857	18.063
76	0	0	1	1056	66	25.9534147856	30.4052907534	31.2288348885	8.126
76	0	0	2	2401	150	25.9534147856	32.8355148768	33.6590590119	13.339
77	0	0	1	915	57	27.0403024653	32.2441760574	33.1022089094	6.472
77	0	0	2	2269	141	27.0403024653	31.6849681145	32.5430009665	6.315
78	0	0	1	1213	75	21.530745299	27.8153041119	28.4985097386	5.166
78	0	0	2	2564	160	21.530745299	28.0480501172	28.731255744	13.055
79	0	0	1	1029	64	23.7514325466	26.1729784878	26.9266501389	5.968
79	0	0	2	2372	148	23.7514325466	29.2608775145	30.0145491656	9.811
80	0	0	1	768	48	23.0830591247	30.5083432174	31.2408062909	15.433
80	0	0	2	2109	131	23.0830591247	33.1879507419	33.9204138154	14.252
81	0	0	1	131	8	23.2950476104	33.2815306655	34.020720479	9.843
81	0	0	2	1470	91	23.2950476104	33.2793761193	34.0185659328	4.693
82	0	0	1	894	55	25.8171105496	28.2080716227	29.0272906023	8.284
82	0	0	2	2236	139	25.8171105496	28.4198025741	29.2390215537	12.252
83	0	0	1	920	57	27.2982432585	30.2446633867	31.1108811202	15.433
83	0	0	2	2263	141	27.2982432585	32.0806509684	32.9468687019	4.032
84	0	0	1	831	51	27.5373178045	16.2190660463	17.0928700047	7.874
84	0	0	2	2173	135	27.5373178045	29.4102000626	30.284004021	4.677
85	0	0	1	919	57	27.4461977081	21.7124348989	22.5833474682	10.347
85	0	0	2	2274	142	27.4461977081	30.4890400597	31.359952629	7.653
86	0	0	1	215	13	27.8717539321	26.7228398025	27.6072559641	6.441
86	0	0	2	1558	97	27.8717539321	29.2054946679	30.0899108295	7.811
87	0	0	1	934	58	23.849581777	29.7815740638	30.5383601499	6.567
87	0	0	2	2277	142	23.849581777	31.8438325024	32.6006185885	11.339
88	0	0	1	212	13	23.4800493407	28.7729038776	29.5179640974	5.276
88	0	0	2	1556	97	23.4800493407	27.0125403267	27.7576005465	15.087
89	0	0	1	1275	79	19.0918846247	30.199044833	30.8048614371	11.906
89	0	0	2	2624	164	19.0918846247	30.8496936696	31.4555102737	13.275
90	0	0	1	1254	78	21.0397491651	28.027403324	28.6950288435	4.063
90	0	0	2	2600	162	21.0397491651	31.5585837417	32.2262092611	13.103
91	0	0	1	379	23	22.9138426783	30.3827309324	31.1098244923	5.811
91	0	0	2	1723	107	22.9138426783	28.5180396456	29.2451332055	9.024
92	0	0	1	1211	75	24.9222068842	31.0583713778	31.8491936061	7.402
92	0	0	2	2561	160	24.9222068842	30.6035095193	31.3943317476	11.716
93	0	0	1	1246	77	26.3303132451	30.8346492404	31.6701529777	7.748
93	0	0	2	2596	162	26.3303132451	31.7680161258	32.6035198631	12.031
94	0	0	1	519	32	18.285773107	29.1865017022	29.7667390745	7.102
94	0	0	2	1866	116	18.285773107	29.0182631432	29.5985005155	8.441
95	0	0	1	778	48	27.5185803104	31.7881584873	32.6613678745	5.102
95	0	0	2	2119	132	27.5185803104	32.8495455755	33.7227549627	13.874
96	0	0	1	1238	77	21.2713463382	31.8933315191	32.5683059942	8.189
96	0	0	2	2587	161	21.2713463382	31.6486111282	32.3235856033	14.095
97	0	0	1	557	34	27.566030096	29.6850199942	30.5597350404	8.882
97	0	0	2	1906	119	27.566030096	28.815300268	29.6900153142	8.977
98	0	0	1	732	45	26.0967678281	24.3147854253	25.142878386	8.252
98	0	0	2	2071	129	26.0967678281	23.4738285522	24.3019215129	9.118
100	0	0	1	78	4	25.4307975701	29.8468017779	30.6537624173	15.905
100	0	0	2	1418	88	25.4307975701	29.7123992719	30.5193599113	12.535
102	0	0	1	548	34	21.9904768338	32.8129941047	33.510787762	13.811
102	0	0	2	1895	118	21.9904768338	32.7656510942	33.4634447515	13.339
103	0	0	1	346	21	25.5524562057	6.6203780615	7.43119912758	10.189
103	0	0	2	1685	105	25.5524562057	8.8535600385	9.66438110459	15.842
104	0	0	1	997	62	21.5521634978	30.0618013033	30.7456865644	11.276
104	0	0	2	2342	146	21.5521634978	27.3112852928	27.9951705538	6.504
105	0	0	1	918	57	21.922810027	42.9829767839	43.6786232632	12.032
105	0	0	2	2248	140	21.922810027	31.7697867849	32.4654332643	6.52
106	0	0	1	1234	77	26.5229836282	36.5915922204	37.4332097028	5.685
106	0	0	2	2585	161	26.5229836282	32.3150799401	33.1566974226	5.874
107	0	0	1	1236	77	21.9214686824	30.5853787568	31.2809826731	8.85
107	0	0	2	2585	161	21.9214686824	30.1941160547	30.889719971	14.772
109	0	0	1	520	32	22.7411725518	29.8779885927	30.5996030482	11.071
109	0	0	2	1867	116	22.7411725518	29.804747751	30.5263622065	11.103
110	0	0	1	1094	68	27.0188599201	32.639391554	33.4967439991	4.283
110	0	0	2	2441	152	27.0188599201	29.5947914021	30.4521438471	11.354
111	0	0	1	376	23	21.6252843424	26.0262862439	26.7124917486	8.095
111	0	0	2	1723	107	21.6252843424	24.4401524314	25.1263579361	16.63
112	0	0	1	1238	77	20.6364469746	30.5621141111	31.216942195	8.504
112	0	0	2	2587	161	20.6364469746	30.3753841951	31.030212279	12.677
113	0	0	1	572	35	23.6004744494	33.1350344643	33.883915969	11.622
113	0	0	2	1921	120	23.6004744494	30.7709623	31.5198438048	7.78
114	0	0	1	474	29	18.8433825362	32.7054505157	33.3033817437	11.386
114	0	0	2	1821	113	18.8433825362	32.4004611715	32.9983923995	4.85
115	0	0	1	430	26	26.3089293921	29.0964861536	29.9313113464	11.685
115	0	0	2	1774	110	26.3089293921	29.1621245182	29.996949711	20.346
115	1	0	1	431	26	26.3089293921	31.2611789952	32.0960041879	10.331
115	1	0	2	1767	110	26.3089293921	31.676595094	32.5114202868	13.417
116	0	0	1	1237	77	22.4062332814	29.3275292387	30.0385155255	4.85
116	0	0	2	2586	161	22.4062332814	30.7657463401	31.4767326269	13.559
117	0	0	1	550	34	22.4758316291	30.7923400136	31.5055347693	11.559
117	0	0	2	1898	118	22.4758316291	29.7346048303	30.4477995861	6.96
118	0	0	1	73	4	24.7728812306	28.6646204065	29.4507042886	10.693
118	0	0	2	1413	88	24.7728812306	28.1100943468	28.8961782288	9.433
119	0	0	1	734	45	25.4124049658	29.8069442305	30.6133212426	9.023
119	0	0	2	2074	129	25.4124049658	30.1366762595	30.9430532716	17.544
120	0	0	1	1001	62	24.5605188375	29.9314563313	30.7108016087	14.441
120	0	0	2	2347	146	24.5605188375	30.2297044642	31.0090497415	11.181
121	0	0	1	1233	77	22.4412343252	29.768595557	30.480692484	5.244
121	0	0	2	2582	161	22.4412343252	28.9107717861	29.6228687131	17.244
122	0	0	1	1211	75	24.5332099147	28.4492534387	29.2277321594	9.37
122	0	0	2	2561	160	24.5332099147	28.8446522685	29.6231309892	14.693
123	0	0	1	153	9	25.1270162406	29.159806913	29.9571280758	4.252
123	0	0	2	1506	94	25.1270162406	28.9382939458	29.7356151086	11.685
124	0	0	1	1002	62	22.223823135	32.3343312158	33.0395293315	5.968
124	0	0	2	2349	146	22.223823135	28.2210301366	28.9262282523	18.504
125	0	0	1	457	28	21.9035180073	32.6617188626	33.3567531747	4.961
125	0	0	2	1802	112	21.9035180073	30.1855058002	30.8805401123	5.78
126	0	0	1	1009	63	26.4439508976	28.5392145011	29.3783241462	10.709
126	0	0	2	2353	147	26.4439508976	30.8516948538	31.6908044989	14.976
127	0	0	1	1004	62	22.4078381422	27.2503538674	27.961391079	21.37
127	0	0	2	2350	146	22.4078381422	30.6653714748	31.3764086864	8.725
128	0	0	1	1224	76	24.090936457	30.4650970323	31.2295416956	7.748
128	0	0	2	2574	160	24.090936457	30.0027076659	30.7671523292	9.181
129	0	0	1	1240	77	21.7533119028	28.2115925234	28.9018605511	11.307
129	0	0	2	2589	161	21.7533119028	29.4001169977	30.0903850254	6.126
130	0	0	1	1094	68	21.1315414128	30.3871329878	31.0576712248	5.433
130	0	0	2	2441	152	21.1315414128	31.0634291314	31.7339673685	15.449
131	0	0	1	1220	76	22.2229304082	28.4118090074	29.1169787954	9.496
131	0	0	2	2569	160	22.2229304082	26.5784384263	27.2836082143	5.276
132	0	0	1	491	30	23.9384942304	30.3534503009	31.113057724	11.969
132	0	0	2	1837	114	23.9384942304	31.2039164849	31.963523908	10.189
133	0	0	1	247	15	23.7181055659	26.4286265175	27.1812406492	9.969
133	0	0	2	1589	99	23.7181055659	25.7566192101	26.5092333418	14.252
134	0	0	1	932	58	26.9046810955	27.5941950216	28.4479243865	8.504
134	0	0	2	2274	142	26.9046810955	28.2835388212	29.1372681861	7.213
135	0	0	1	554	34	19.6879507968	29.2070979099	29.8318286648	16.96
135	0	0	2	1901	118	19.6879507968	28.0528948227	28.6776255776	14.488
136	0	0	1	138	8	21.8628439458	30.8315089524	31.5252526102	4.504
136	0	0	2	1469	91	21.8628439458	31.6226451549	32.3163888127	7.968
139	0	0	1	807	50	24.5291102247	12.8715809975	13.6499296283	5.496
139	0	0	2	2132	133	24.5291102247	9.02442015753	9.80276878838	14
140	0	0	1	600	37	20.1628106616	27.9503567904	28.5901556224	15.339
140	0	0	2	1950	121	20.1628106616	26.6710863314	27.3108851634	4.645
141	0	0	1	1258	78	19.5441911618	28.8490837476	29.4692527751	8.22
141	0	0	2	2609	163	19.5441911618	25.794884164	26.4150531915	16.315
142	0	0	1	314	19	18.2526974788	26.3588383861	26.9380262148	5.307
142	0	0	2	1658	103	18.2526974788	27.8047319132	28.3839197419	5.654
143	0	0	1	457	28	26.357004012	36.2671284232	37.103479102	7.527
143	0	0	2	1790	111	26.357004012	27.615627155	28.4519778337	11.055
144	0	0	1	1222	76	20.6322144086	34.323258024	34.9779518017	10.551
144	0	0	2	2573	160	20.6322144086	30.2325426161	30.8872363938	6.472
145	0	0	1	591	36	20.4183239823	32.6987693636	33.3466760496	9.244
145	0	0	2	1941	121	20.4183239823	28.5284535416	29.1763602276	4.914
146	0	0	1	587	36	21.7209894055	3.40223290745	4.09147528965	7.433
146	0	0	2	1954	122	21.7209894055	2.48826821117	3.17751059337	5.465
147	0	0	1	930	58	24.2688601269	28.3066518348	29.0767423061	7.779
147	0	0	2	2273	142	24.2688601269	25.2608578508	26.030948322	7.228
148	0	0	1	347	21	26.5364508453	27.8742216305	28.7162664496	7.653
148	0	0	2	1691	105	26.5364508453	27.2162905287	28.0583353478	4.315
149	0	0	1	1220	76	23.9960297556	30.9012028192	31.6626359383	6.157
149	0	0	2	2569	160	23.9960297556	31.4650891143	32.2265222334	8.551
150	0	0	1	439	27	23.8574477528	30.999211127	31.7562468133	6.819
150	0	0	2	1787	111	23.8574477528	28.8926876044	29.6497232908	5.748
152	0	0	1	1258	78	17.7344566713	29.2428170412	29.8055602447	10
152	0	0	2	2603	162	17.7344566713	28.0548657495	28.6176089531	13.402
152	1	0	1	1245	77	17.7344566713	28.3400575922	28.9028007958	13.527
152	1	0	2	2594	162	17.7344566713	27.4140281827	27.9767713863	16.362
153	0	0	1	561	35	24.6237813204	29.2501720419	30.0315247408	8
153	0	0	2	1910	119	24.6237813204	30.1969645068	30.9783172057	8.504
154	0	0	1	1272	79	17.3167782881	30.8133284784	31.3628180664	10.834
154	0	0	2	2624	164	17.3167782881	31.4573077269	32.0067973149	6.85
155	0	0	1	1012	63	25.1348600226	30.7850336055	31.5826036644	9.134
155	0	0	2	2357	147	25.1348600226	33.8482400054	34.6458100642	6.693
156	0	0	1	920	57	27.6643242177	29.2208942891	30.098728368	12.599
156	0	0	2	2262	141	27.6643242177	31.2081654406	32.0859995194	8.834
157	0	0	1	208	13	27.7678019413	30.5250144566	31.4061320522	9.496
157	0	0	2	1552	97	27.7678019413	30.2821986369	31.1633162325	5.008
158	0	0	1	136	8	24.3160595323	31.0735838432	31.8451720285	6.756
158	0	0	2	1477	92	24.3160595323	31.4314053376	32.2029935229	4.63
160	0	0	1	599	37	20.2800982358	30.6613494283	31.3048699862	9.402
160	0	0	2	1947	121	20.2800982358	28.4374961796	29.0810167374	6.157
161	0	0	1	1237	77	18.6733729437	28.352274076	28.9448106226	14.252
161	0	0	2	2586	161	18.6733729437	28.7677601442	29.3602966908	5.969
162	0	0	1	275	17	24.8456346783	34.3160831199	35.1044755873	7.307
162	0	0	2	1619	101	24.8456346783	33.5403965339	34.3287890013	5.244
163	0	0	1	296	18	25.7255943087	39.8254361151	40.6417511353	8.221
163	0	0	2	1634	102	25.7255943087	38.5178479272	39.3341629474	4.315
164	0	0	1	1253	78	22.4217779898	29.9329465986	30.6444261443	5.968
164	0	0	2	2602	162	22.4217779898	28.5286463231	29.2401258688	17.213
165	0	0	1	374	23	27.4888095072	14.4946559799	15.366920691	13.874
165	0	0	2	1719	107	27.4888095072	16.9131945525	17.7854592636	19.811
166	0	0	1	1264	79	19.8788885621	30.6814890792	31.3122786004	10.063
166	0	0	2	2615	163	19.8788885621	29.8756572027	30.5064467239	4.945
167	0	0	1	1237	77	22.0334628444	32.9773694312	33.6765271047	8.961
167	0	0	2	2587	161	22.0334628444	32.8936018109	33.5927594845	11.181
169	0	0	1	809	50	29.7627244639	33.5823574792	34.5267772166	8.961
169	0	0	2	2152	134	29.7627244639	31.8759496021	32.8203693395	10.504
170	0	0	1	333	20	23.6484251353	32.4707255952	33.2211286533	13.307
170	0	0	2	1677	104	23.6484251353	31.109723925	31.8601269831	11.386
171	0	0	1	531	33	22.0802720761	29.6682624805	30.3689054872	13.244
171	0	0	2	1882	117	22.0802720761	27.8129044539	28.5135474606	8.788
172	0	0	1	1241	77	25.120162954	26.8359404247	27.6330441216	5.102
172	0	0	2	2590	161	25.120162954	28.2163772024	29.0134808993	11.937
173	0	0	1	519	32	21.7236214001	31.8186639997	32.5079898994	10.882
173	0	0	2	1865	116	21.7236214001	30.7287745011	31.4181004008	10.204
174	0	0	1	489	30	15.8261757043	29.4757351392	29.9779254786	9.937
174	0	0	2	1834	114	15.8261757043	31.3261755052	31.8283658447	5.496
175	0	0	1	196	12	24.7016481517	25.0596520304	25.8434755708	10.346
175	0	0	2	1540	96	24.7016481517	30.7844741019	31.5682976423	5.496
176	0	0	1	337	21	22.0002701899	32.9369725379	33.6350769544	12.41
176	0	0	2	1682	105	22.0002701899	29.5222919992	30.2203964157	7.937
177	0	0	1	1003	62	25.1501113902	32.3491086683	33.1471626778	4.851
177	0	0	2	2349	146	25.1501113902	32.1904458675	32.9884998771	9.307
178	0	0	1	538	33	22.2908863344	32.4559998175	33.1633259578	7.181
178	0	0	2	1888	118	22.2908863344	31.8231687545	32.5304948947	14.504
179	0	0	1	1227	76	21.7765556339	28.1172559696	28.8082615588	11.685
179	0	0	2	2580	161	21.7765556339	30.5960221639	31.287027753	8.803
180	0	0	1	1269	79	21.4883782244	29.8439708377	30.5258320882	13.04
180	0	0	2	2619	163	21.4883782244	29.7840341165	30.4658953669	10.252
181	0	0	1	1286	80	18.1001016236	28.6399037476	29.2142494613	15.496
181	0	0	2	2635	164	18.1001016236	25.3721618551	25.9465075687	18.095
182	0	0	1	1035	64	26.9495686179	22.9775202342	23.8326739533	12.441
182	0	0	2	2379	148	26.9495686179	31.3825161932	32.2376699123	12.504
183	0	0	1	985	61	20.9856831405	26.2005164462	26.8664263626	9.78
183	0	0	2	2329	145	20.9856831405	32.539438624	33.2053485404	7.654
184	0	0	1	577	36	21.8273393252	33.8719820519	34.5645990903	6.158
184	0	0	2	1926	120	21.8273393252	29.8376425467	30.5302595851	4.567
185	0	0	1	1245	77	25.4341019996	30.7647103726	31.5717758669	7.59
185	0	0	2	2596	162	25.4341019996	29.6272450232	30.4343105175	19.512
186	0	0	1	1237	77	22.4074587416	33.3881011569	34.0991263296	7.496
186	0	0	2	2597	162	22.4074587416	39.1112884844	39.8223136571	4.788
187	0	0	1	1270	79	24.3669912609	29.8656072115	30.6388115435	6.63
187	0	0	2	2619	163	24.3669912609	31.1356761335	31.9088804655	12.992
188	0	0	1	486	30	17.4800564482	29.7705345122	30.3252051823	7.433
188	0	0	2	1831	114	17.4800564482	29.8391473868	30.3938180568	6.126
189	0	0	1	439	27	22.3831771779	31.4713431356	32.1815978146	16
189	0	0	2	1785	111	22.3831771779	32.7771741166	33.4874287957	10.126
190	0	0	1	520	32	21.8208398209	26.6378539055	27.330264704	4.536
190	0	0	2	1867	116	21.8208398209	28.0240466146	28.7164574132	5.449
191	0	0	1	1004	62	24.63995744	33.181006865	33.9628728585	6.378
191	0	0	2	2351	146	24.63995744	29.5374204648	30.3192864584	7.37
192	0	0	1	1255	78	20.5815372127	28.8730350115	29.5261207192	7.134
192	0	0	2	2604	162	20.5815372127	30.0618547086	30.7149404163	18.74
193	0	0	1	1256	78	19.0274196411	28.9249524285	29.5287234536	6.409
193	0	0	2	2604	162	19.0274196411	30.4790266976	31.0827977227	20.945
194	0	0	1	170	10	22.1434691341	24.5011389387	25.203787291	12.63
194	0	0	2	1512	94	22.1434691341	28.7668515182	29.4694998705	9.969
195	0	0	1	489	30	16.6318973443	30.8761814938	31.4039386936	6.851
195	0	0	2	1834	114	16.6318973443	32.9716132329	33.4993704327	9.197
196	0	0	1	592	37	24.4357111376	25.9961052517	26.7714901773	6.709
196	0	0	2	1943	121	24.4357111376	28.6387847065	29.4141696321	11.591
197	0	0	1	737	46	27.5582367787	31.2411511807	32.1156189323	5.276
197	0	0	2	2076	129	27.5582367787	33.4232284948	34.2976962463	9.937
199	0	0	1	917	57	29.5046902927	30.1782113881	31.1144432808	15.543
199	0	0	2	2261	141	29.5046902927	30.2672408639	31.2034727566	7.401
200	0	0	1	1236	77	22.6712520843	30.2312297241	30.9506254893	12.677
200	0	0	2	2585	161	22.6712520843	31.81211777	32.5315135351	11.197
201	0	0	1	737	46	27.6839992508	31.6931098088	32.5715682085	15.37
201	0	0	2	2077	129	27.6839992508	32.9865739778	33.8650323774	10.41
203	0	0	1	470	29	22.2670665977	31.1974270595	31.9039973607	8.409
203	0	0	2	1818	113	22.2670665977	31.4342627743	32.1408330755	7.197
205	0	0	1	1040	65	24.4595550146	26.5277090704	27.3038506011	5.748
205	0	0	2	2400	150	24.4595550146	31.3203234273	32.096464958	5.622
206	0	0	1	958	59	24.1891076722	27.749677016	28.5172368119	5.134
206	0	0	2	2302	143	24.1891076722	29.4424939563	30.2100537522	8.346
207	0	0	1	1224	76	19.8229127324	28.0016184995	28.6306318165	6.362
207	0	0	2	2575	160	19.8229127324	30.9347553631	31.5637686801	13.496
208	0	0	1	545	34	23.564854736	31.5831747362	32.3309259695	18.063
208	0	0	2	1891	118	23.564854736	32.8995607713	33.6473120045	4
209	0	0	1	935	58	29.8079543394	27.2606293275	28.2064842825	16.535
209	0	0	2	2278	142	29.8079543394	30.5289992863	31.4748542414	4.929
210	0	0	1	405	25	15.2611670985	32.5092008469	32.9934625428	13.212
210	0	0	2	1751	109	15.2611670985	33.7127649492	34.1970266451	4.929
211	0	0	1	1241	77	20.7555860308	31.5185587828	32.177167343	11.37
211	0	0	2	2590	161	20.7555860308	30.1517542357	30.810362796	10.961
212	0	0	1	343	21	21.1569163803	29.3100873368	29.9814307629	12.315
212	0	0	2	1687	105	21.1569163803	27.6335261364	28.3048695626	12.347
213	0	0	1	1061	66	30.2029117974	36.449517184	37.4079047827	5.244
213	0	0	2	2408	150	30.2029117974	27.7119676292	28.6703552278	17.401
214	0	0	1	551	34	24.0293305882	31.4787940329	32.2412838416	7.968
214	0	0	2	1899	118	24.0293305882	31.9336407127	32.6961305214	12.677
215	0	0	1	981	61	27.7404052976	31.864942002	32.7451902574	8.913
215	0	0	2	2327	145	27.7404052976	32.0891669603	32.9694152158	9.685
216	0	0	1	811	50	26.3231433258	32.267787847	33.103064071	8
216	0	0	2	2154	134	26.3231433258	32.8854152852	33.7206915092	6.063
217	0	0	1	993	62	27.0916675331	36.9261123218	37.785775071	6.63
217	0	0	2	2345	146	27.0916675331	39.1408722107	40.0005349599	5.843
218	0	0	1	1227	76	22.243142747	29.6539832439	30.3597944023	11.559
218	0	0	2	2578	161	22.243142747	30.5024385766	31.208249735	8.346
219	0	0	1	902	56	28.5263292366	3.31188685429	4.21707375675	8.645
219	0	0	2	2244	140	28.5263292366	1.65997927487	2.56516617734	7.103
220	0	0	1	1218	76	23.2723776606	29.0845787312	29.8230491903	8.551
220	0	0	2	2567	160	23.2723776606	29.9270782088	30.6655486679	15.527
221	0	0	1	879	54	25.7951877724	26.6928761592	27.5113994933	13.275
221	0	0	2	2222	138	25.7951877724	26.963421246	27.7819445801	18.284
222	0	0	1	1268	79	18.9974689185	31.010672407	31.613493047	6.189
222	0	0	2	2618	163	18.9974689185	31.0254101449	31.6282307848	13.906
223	0	0	1	564	35	17.8568348596	33.1423251228	33.7089515857	9.086
223	0	0	2	1912	119	17.8568348596	33.8701872979	34.4368137608	8.52
224	0	0	1	1021	63	25.964017994	21.8290462269	22.6529268191	9.307
224	0	0	2	2366	147	25.964017994	26.3180334677	27.1419140598	13.78
225	0	0	1	1256	78	15.6025622493	27.3016639044	27.7967586246	9.181
225	0	0	2	2604	162	15.6025622493	31.5952307134	32.0903254337	13.842
226	0	0	1	69	4	26.1639275825	24.3837271816	25.2139512307	8.221
226	0	0	2	1430	89	26.1639275825	29.1496895916	29.9799136407	16.346
227	0	0	1	1103	68	24.3705743999	30.0726555355	30.8459735663	12.961
227	0	0	2	2453	153	24.3705743999	33.0147585299	33.7880765607	7.59
228	0	0	1	591	36	16.9757969724	28.9024234493	29.4410931446	12.693
228	0	0	2	1941	121	16.9757969724	27.4366462103	27.9753159056	5.874
229	0	0	1	158	9	23.7441963161	28.905422185	29.6588642188	8.126
229	0	0	2	1498	93	23.7441963161	29.6582114952	30.4116535289	12.756
230	0	0	1	106	6	19.8198053529	33.6722215272	34.301136242	10.378
230	0	0	2	1448	90	19.8198053529	31.1944608542	31.8233755689	6.157
231	0	0	1	906	56	27.846857872	32.9218231335	33.8054493025	5.748
231	0	0	2	2249	140	27.846857872	31.7277984734	32.6114246425	7.905
232	0	0	1	348	21	24.036456416	32.9046888703	33.6674047931	8.032
232	0	0	2	1694	105	24.036456416	32.1440003205	32.9067162433	9.811
233	0	0	1	1224	76	23.0300829636	34.7708061559	35.5015882095	4.756
233	0	0	2	2575	160	23.0300829636	29.9341613009	30.6649433545	12.599
234	0	0	1	1217	76	17.4787240996	29.6238791552	30.1785075476	8.945
234	0	0	2	2567	160	17.4787240996	27.7265535341	28.2811819266	11.527
235	0	0	1	487	30	18.8105263762	33.2099773346	33.8068659831	12.032
235	0	0	2	1833	114	18.8105263762	32.2346424122	32.8315310607	6.473
236	0	0	1	806	50	26.6423971335	33.9029103803	34.7483170478	5.843
236	0	0	2	2148	134	26.6423971335	30.0583887486	30.9037954161	13.181
237	0	0	1	1217	76	18.7700149696	31.5343463628	32.1299495184	6.252
237	0	0	2	2565	160	18.7700149696	29.7520619117	30.3476650673	16.22
238	0	0	1	1253	78	14.7564280999	30.3808886061	30.8491341112	5.748
238	0	0	2	2601	162	14.7564280999	30.7076938463	31.1759393514	12.614
239	0	0	1	820	51	28.9152925057	27.6334512452	28.5509805859	15.087
239	0	0	2	2164	135	28.9152925057	27.848587965	28.7661173057	12.456
240	0	0	1	1243	77	24.732809861	28.5016114087	29.2864237609	12.063
240	0	0	2	2594	162	24.732809861	26.8541295171	27.6389418693	16.567
241	0	0	1	487	30	25.0269659974	28.6387972255	29.4329436311	17.464
241	0	0	2	1831	114	25.0269659974	31.28921045	32.0833568556	7.275
242	0	0	1	526	32	23.2011379978	31.17540267	31.9116125785	7.464
242	0	0	2	1874	117	23.2011379978	30.8840473895	31.620257298	8.032
243	0	0	1	567	35	23.5862512704	34.5394316139	35.287861794	7.15
243	0	0	2	1915	119	23.5862512704	36.8060276867	37.5544578668	6.724
244	0	0	1	821	51	26.0336121157	24.5220964025	25.3481853295	10.977
244	0	0	2	2164	135	26.0336121157	29.8678392798	30.6939282068	11.622
245	0	0	1	1234	77	25.0472421317	26.4924935211	27.2872833215	6.835
245	0	0	2	2583	161	25.0472421317	27.8060787898	28.6008685902	12.977
246	0	0	1	429	26	23.7488834219	32.2263298682	32.9799206314	4.756
246	0	0	2	1775	110	23.7488834219	31.7671887564	32.5207795197	11.401
248	0	0	1	346	21	20.7174946958	29.0162037962	29.6736036563	8.378
248	0	0	2	1690	105	20.7174946958	30.5555760554	31.2129759156	8.551
249	0	0	1	932	58	26.4357254261	28.3256632311	29.1645118686	17.024
249	0	0	2	2274	142	26.4357254261	27.9336046301	28.7724532675	7.685
249	1	0	1	935	58	26.4357254261	14.4497935088	15.2886421463	7.591
249	1	0	2	2273	142	26.4357254261	29.0109444418	29.8497930793	7.874
250	0	0	1	113	7	24.4278230459	32.350141066	33.1252756896	10.315
250	0	0	2	1453	90	24.4278230459	28.5393458845	29.3144805082	14.535
251	0	0	1	179	11	24.4128280482	30.6220254392	31.3966842471	4.725
251	0	0	2	1522	95	24.4128280482	28.1133022498	28.8879610578	4
252	0	0	1	1250	78	24.3855556483	29.9941584542	30.7679518645	8.094
252	0	0	2	2598	162	24.3855556483	31.9059592232	32.6797526335	9.307
253	0	0	1	488	30	17.0929545452	30.2164414137	30.7588287097	5.843
253	0	0	2	1833	114	17.0929545452	30.5650629811	31.107450277	8.378
254	0	0	1	591	36	20.3917984102	30.7925598936	31.43962488	14.22
254	0	0	2	1940	121	20.3917984102	30.7996562937	31.44672128	10.63
255	0	0	1	494	30	23.9399690734	30.5953628282	31.3550170505	10.488
255	0	0	2	1841	115	23.9399690734	32.0410491616	32.8007033839	7.748
256	0	0	1	487	30	21.4164000308	35.242180216	35.9217574811	4.834
256	0	0	2	1832	114	21.4164000308	33.434790155	34.1143674201	8.094
257	0	0	1	737	46	27.1140287033	26.9513843304	27.811756636	4.835
257	0	0	2	2078	129	27.1140287033	26.8112840307	27.6716563363	12.819
258	0	0	1	1039	64	25.671235884	29.2116803598	30.0262704986	7.433
258	0	0	2	2385	149	25.671235884	31.9383305571	32.7529206959	7.906
260	0	0	1	814	50	28.5214539352	30.5972497519	31.5022819531	7.149
260	0	0	2	2155	134	28.5214539352	29.4730652646	30.3780974658	13.071
261	0	0	1	138	8	27.583606732	28.9182713484	29.7935441299	6.677
261	0	0	2	1479	92	27.583606732	30.3501100955	31.225382877	6.283
262	0	0	1	1012	63	21.2386959971	28.8076465096	29.4815849362	6.709
262	0	0	2	2357	147	21.2386959971	30.6480608256	31.3219992522	8.74
263	0	0	1	1255	78	23.3394272355	29.5319987222	30.2725967736	7.433
263	0	0	2	2604	162	23.3394272355	29.2564253576	29.9970234089	16.094
264	0	0	1	1096	68	22.1827318958	31.3514489242	32.0553431479	7.937
264	0	0	2	2444	152	22.1827318958	29.2651969455	29.9690911692	6.189
265	0	0	1	582	36	24.4012700679	31.9924915863	32.7667836407	13.15
265	0	0	2	1930	120	24.4012700679	32.7652454163	33.5395374707	6.788
266	0	0	1	134	8	19.5048815098	27.9517501214	28.5706717895	6.126
266	0	0	2	1476	92	19.5048815098	30.5054157896	31.1243374577	11.716
267	0	0	1	929	58	26.1924988121	29.6703475265	30.5014781872	5.307
267	0	0	2	2273	142	26.1924988121	31.8195004447	32.6506311055	4.677
268	0	0	1	807	50	23.9512207852	27.449115501	28.2091267585	9.717
268	0	0	2	2150	134	23.9512207852	28.3421238096	29.102135067	11.779
269	0	0	1	908	56	26.9578195671	27.5892634404	28.4446789756	18.378
269	0	0	2	2249	140	26.9578195671	31.326083936	32.1814994712	10.41
270	0	0	1	112	7	24.3391505978	28.9138247507	29.6861456531	9.968
270	0	0	2	1452	90	24.3391505978	28.1839089284	28.9562298308	5.717
271	0	0	1	1067	66	28.3286638033	30.1868372557	31.0857519119	9.606
271	0	0	2	2414	150	28.3286638033	29.6774068142	30.5763214705	12.866
272	0	0	1	1244	77	22.5252304926	31.5462379838	32.261000246	9.748
272	0	0	2	2594	162	22.5252304926	32.6003040262	33.3150662884	11.087
273	0	0	1	805	50	27.6973622409	29.6805027922	30.5593852213	6
273	0	0	2	2148	134	27.6973622409	28.7087597873	29.5876422164	7.008
274	0	0	1	253	15	23.4612170699	27.2910126739	28.0354753151	9.26
274	0	0	2	1596	99	23.4612170699	31.3797974293	32.1242600705	8.693
275	0	0	1	1004	62	20.0406262663	31.9850900382	32.6210117603	7.275
275	0	0	2	2350	146	20.0406262663	33.5811197969	34.217041519	5.307
276	0	0	1	1217	76	23.9027312136	28.5767092561	29.3351818604	4.189
276	0	0	2	2566	160	23.9027312136	29.4043858343	30.1628584386	8.441
277	0	0	1	1286	80	20.8695539793	29.9170253201	30.579250269	12.22
277	0	0	2	2635	164	20.8695539793	26.4768873969	27.1391123459	12.189
278	0	0	1	591	36	23.0714720202	27.1383164875	27.8704118833	8.441
278	0	0	2	1940	121	23.0714720202	27.2435077073	27.9756031031	6.977
280	0	0	1	963	60	20.3416333061	29.1331986741	29.77867184	6.551
280	0	0	2	2308	144	20.3416333061	30.5552961228	31.2007692886	9.339
281	0	0	1	488	30	22.5125431021	30.1505342388	30.8648939094	10.834
281	0	0	2	1832	114	22.5125431021	33.924327122	34.6386867927	6.221
282	0	0	1	774	48	24.882774082	34.0654963335	34.8550672947	7.559
282	0	0	2	2117	132	24.882774082	34.2635867652	35.0531577264	14.063
283	0	0	1	935	58	22.6951607806	37.3189398803	38.0390943074	4.567
283	0	0	2	2261	141	22.6951607806	29.0238935252	29.7440479523	6.787
284	0	0	1	554	34	22.9014809965	30.7476289682	31.4743302719	18.866
284	0	0	2	1901	118	22.9014809965	31.8836239366	32.6103252403	19.716
284	1	0	1	553	34	22.9014809965	30.3602455216	31.0869468253	21.969
284	1	0	2	1905	119	22.9014809965	29.8731092356	30.5998105393	10
285	0	0	1	778	48	23.0325376015	34.5276790583	35.2585390016	6.945
285	0	0	2	2118	132	23.0325376015	34.8791442628	35.6100042061	13.969
286	0	0	1	771	48	28.9014406573	27.9072779293	28.8243677283	15.591
286	0	0	2	2113	132	28.9014406573	27.1689944102	28.0860842092	8.189
287	0	0	1	577	36	27.5718628644	29.5995022753	30.4744024047	10.378
287	0	0	2	1925	120	27.5718628644	31.6806496916	32.555549821	8.315
288	0	0	1	1269	79	26.7925553161	28.1653596079	29.0155310392	6.378
288	0	0	2	2619	163	26.7925553161	29.1143822901	29.9645537213	15.874
289	0	0	1	895	55	21.3052458772	29.5508753699	30.2269255326	11.149
289	0	0	2	2236	139	21.3052458772	29.4935528358	30.1696029985	9.26
291	0	0	1	1288	80	18.651988295	30.4201490985	31.0120070753	9.023
291	0	0	2	2625	164	18.651988295	36.7309276371	37.322785614	12.882
292	0	0	1	552	34	20.0100041349	31.9731475744	32.6080976064	5.78
292	0	0	2	1899	118	20.0100041349	29.3805340754	30.0154841074	13.842
293	0	0	1	1255	78	20.8023901635	30.2372606258	30.8973543575	7.874
293	0	0	2	2604	162	20.8023901635	30.0011141501	30.6612078817	18.032
294	0	0	1	1220	76	19.0691497675	26.5801636733	27.1852588634	10.756
294	0	0	2	2572	160	19.0691497675	26.5756727242	27.1807679143	14.347
295	0	0	1	1258	78	18.8817362949	30.4004925307	30.9996407859	4.032
295	0	0	2	2601	162	18.8817362949	29.9120915856	30.5112398408	9.78
296	0	0	1	571	35	21.7641334159	25.1542316064	25.8448430184	10.85
296	0	0	2	1891	118	21.7641334159	33.4130338058	34.1036452178	6.535
297	0	0	1	1006	62	27.8854194908	30.5706084221	31.4554582142	9.559
297	0	0	2	2351	146	27.8854194908	31.7999514492	32.6848012412	9.78
298	0	0	1	778	48	23.2961020387	34.1386181785	34.8778414507	5.181
298	0	0	2	2118	132	23.2961020387	35.097957744	35.8371810163	13.307
299	0	0	1	1055	65	20.8208495229	28.9052392639	29.5659187411	8.252
299	0	0	2	2392	149	20.8208495229	27.2051119739	27.8657914511	4.835
300	0	0	1	920	57	25.0061564681	31.352503382	32.1459894674	17.118
300	0	0	2	2263	141	25.0061564681	31.3926387781	32.1861248635	7.008
301	0	0	1	1223	76	21.0032492777	29.3269236612	29.9933909798	6.472
301	0	0	2	2574	160	21.0032492777	29.4969817767	30.1634490953	9.528
302	0	0	1	347	21	25.6606675204	30.6739542767	31.4882090641	12.693
302	0	0	2	1691	105	25.6606675204	28.0460442663	28.8602990537	14.347
303	0	0	1	577	36	20.2790297438	33.4760800578	34.1195667106	7.528
303	0	0	2	1925	120	20.2790297438	33.2937301606	33.9372168135	8
304	0	0	1	455	28	23.821352986	27.5735151479	28.3294054885	6.252
304	0	0	2	1801	112	23.821352986	31.0514410934	31.807331434	8.457
305	0	0	1	550	34	20.6130719814	30.6679604328	31.3220467901	10.284
305	0	0	2	1897	118	20.6130719814	30.8187066571	31.4727930144	10.126
306	0	0	1	430	26	26.0503404027	35.3260860471	36.15270579	14.094
306	0	0	2	1776	111	26.0503404027	34.5170760519	35.3436957947	4.221
307	0	0	1	1255	78	22.4875011703	29.7128587691	30.4264238185	11.055
307	0	0	2	2602	162	22.4875011703	29.0779271733	29.7914922226	16.032
307	1	0	1	1248	78	22.4875011703	30.8029668577	31.516531907	6.567
307	1	0	2	2603	162	22.4875011703	30.7270564897	31.4406215391	14.914
308	0	0	1	346	21	21.125026216	30.3710205359	31.0413520351	8.378
308	0	0	2	1690	105	21.125026216	29.8915046368	30.5618361361	13.008
309	0	0	1	487	30	24.6510207486	35.9697456215	36.7519626719	6.693
309	0	0	2	1830	114	24.6510207486	31.8855707428	32.6677877932	14.284
310	0	0	1	1221	76	22.7058473717	28.9085982577	29.6290917877	6.41
310	0	0	2	2572	160	22.7058473717	30.8236648341	31.5441583641	14.22
311	0	0	1	934	58	28.4334796001	29.2092796145	30.1115202467	11.307
311	0	0	2	2277	142	28.4334796001	29.3357771296	30.2380177619	5.402
312	0	0	1	340	21	21.9691080772	32.1302812512	32.827396843	5.37
312	0	0	2	1682	105	21.9691080772	32.8545018847	33.5516174766	4.709
313	0	0	1	1029	64	27.8162032915	22.6314270331	23.5140804823	11.465
313	0	0	2	2374	148	27.8162032915	34.1549010191	35.0375544683	4.189
314	0	0	1	1237	77	22.2266206709	31.0454342071	31.7507210931	5.78
314	0	0	2	2586	161	22.2266206709	30.9171308139	31.6224176999	6.126
315	0	0	1	1224	76	24.3154230998	29.4458403481	30.2174083383	5.024
315	0	0	2	2575	160	24.3154230998	31.0814369823	31.8530049725	14.158
316	0	0	1	778	48	23.693942966	34.2246741663	34.9765215793	20.693
316	0	0	2	2118	132	23.693942966	32.9583928308	33.7102402438	17.874
317	0	0	1	982	61	22.5058801664	31.0499301399	31.7640783847	6.567
317	0	0	2	2327	145	22.5058801664	32.016248047	32.7303962918	10.063
318	0	0	1	810	50	27.9221744641	29.2071376463	30.0931537335	13.748
318	0	0	2	2152	134	27.9221744641	27.8114141618	28.697430249	9.055
319	0	0	1	258	16	28.2835919793	31.3920568315	32.2895412853	6.409
319	0	0	2	1602	100	28.2835919793	30.5416964817	31.4391809355	12.992
320	0	0	1	519	32	17.8227449072	30.4823657974	31.0479105306	8.063
320	0	0	2	1866	116	17.8227449072	32.4822604082	33.0478051414	5.78
321	0	0	1	919	57	24.4721012956	31.9047554488	32.6812950934	13.937
321	0	0	2	2261	141	24.4721012956	30.1950848341	30.9716244788	4.378
322	0	0	1	737	46	26.289468526	31.8585568899	32.6927645576	11.874
322	0	0	2	2077	129	26.289468526	33.9704893395	34.8046970072	9.937
323	0	0	1	126	7	24.745836205	29.2855818085	30.0708075078	6.599
323	0	0	2	1467	91	24.745836205	29.6812852464	30.4665109457	6.063
324	0	0	1	579	36	18.6174932845	28.6028896782	29.1936530722	9.338
324	0	0	2	1926	120	18.6174932845	30.3580730663	30.9488364602	11.024
325	0	0	1	930	58	26.2042143038	28.4292553275	29.2607577399	11.937
325	0	0	2	2273	142	26.2042143038	30.1098116883	30.9413141007	6.662
327	0	0	1	110	6	23.1464197059	33.6263484672	34.3608220752	7.055
327	0	0	2	1451	90	23.1464197059	29.7394853222	30.4739589302	16.441
328	0	0	1	476	29	21.9938599631	30.2755766459	30.9734776554	14.158
328	0	0	2	1824	114	21.9938599631	30.2800426623	30.9779436719	12.693
329	0	0	1	1240	77	19.4303825062	29.6749360268	30.2914937202	6.756
329	0	0	2	2589	161	19.4303825062	29.0873158168	29.7038735102	8.992
330	0	0	1	470	29	18.8064571614	29.1214816349	29.7182411605	9.181
330	0	0	2	1815	113	18.8064571614	29.4501136187	30.0468731444	11.842
331	0	0	1	901	56	22.9197786558	26.4563893695	27.1836712877	13.323
331	0	0	2	2244	140	22.9197786558	25.0248580298	25.7521399481	15.244
332	0	0	1	208	13	25.1765029415	35.4394709992	36.2383624557	5.842
332	0	0	2	1552	97	25.1765029415	36.0320386845	36.830930141	13.591
333	0	0	1	1004	62	21.1232610218	34.6742290762	35.344504563	10.598
333	0	0	2	2350	146	21.1232610218	31.6530524426	32.3233279293	4.22
334	0	0	1	582	36	21.409945586	29.4413448788	30.1207173338	10.756
334	0	0	2	1930	120	21.409945586	29.4190787811	30.0984512361	7.748
335	0	0	1	1012	63	23.2159065744	34.7505887834	35.4872673229	10.22
335	0	0	2	2357	147	23.2159065744	38.9797890891	39.7164676287	9.496
336	0	0	1	273	17	23.326257575	28.1767163134	28.91689647	16.504
336	0	0	2	1621	101	23.326257575	31.2732858074	32.013465964	9.449
337	0	0	1	804	50	26.9526448558	33.4393582138	34.294609547	5.622
337	0	0	2	2146	134	26.9526448558	32.9301127808	33.785364114	7.842
338	0	0	1	741	46	24.4566516383	27.4717574422	28.247806844	15.433
338	0	0	2	2079	129	24.4566516383	27.1023266801	27.8783760819	7.417
339	0	0	1	528	33	17.8367619179	26.7455026254	27.3114921411	5.307
339	0	0	2	1876	117	17.8367619179	26.7832798522	27.349269368	6.913
340	0	0	1	584	36	19.2287572346	30.9992219772	31.6093817723	11.905
340	0	0	2	1933	120	19.2287572346	30.5501342355	31.1602940305	11.559
341	0	0	1	898	56	27.5518063599	30.2038482784	31.0781119822	12.41
341	0	0	2	2235	139	27.5518063599	28.8812090376	29.7554727415	10.882
342	0	0	1	581	36	12.9803641794	28.739109919	29.1509980223	7.023
342	0	0	2	1929	120	12.9803641794	27.2592189935	27.6711070968	12.252
343	0	0	1	870	54	28.3977010034	38.51912772	39.420233039	5.716
343	0	0	2	2212	138	28.3977010034	38.4840340515	39.3851393706	6.378
344	0	0	1	415	25	23.064224846	29.8555209882	30.5873864194	8.378
344	0	0	2	1760	110	23.064224846	30.4025325519	31.1343979831	15.559
345	0	0	1	908	56	28.207190905	30.3730557634	31.2681158866	12.409
345	0	0	2	2250	140	28.207190905	29.9205295507	30.815589674	9.496
346	0	0	1	432	27	22.0257166511	31.3984293566	32.0973412308	4.378
346	0	0	2	1779	111	22.0257166511	29.7463893329	30.4453012071	5.716
347	0	0	1	590	36	19.9544269378	28.5643501706	29.1975366476	12.158
347	0	0	2	1933	120	19.9544269378	29.5012821702	30.1344686472	13.78
347	1	0	1	587	36	19.9544269378	29.3591824317	29.9923689087	12
347	1	0	2	1937	121	19.9544269378	29.5840041506	30.2171906276	4.63
348	0	0	1	75	4	27.1175934791	30.6932890219	31.5537744436	19.779
348	0	0	2	1414	88	27.1175934791	30.411434008	31.2719194297	6.378
348	1	0	1	74	4	27.1175934791	33.0201978713	33.8806832931	10.866
348	1	0	2	1412	88	27.1175934791	30.2866173352	31.1471027569	7.748
350	0	0	1	487	30	20.2332008591	33.5155855254	34.1576179531	10.473
350	0	0	2	1832	114	20.2332008591	32.0686780296	32.7107104573	6.851
351	0	0	1	154	9	25.6985984845	26.5443989098	27.3598573085	9.307
351	0	0	2	1495	93	25.6985984845	28.7796034454	29.595061844	11.559
352	0	0	1	153	9	27.3734762438	30.0802076328	30.9488126315	14.315
352	0	0	2	1495	93	27.3734762438	30.6379241312	31.50652913	15.622
354	0	0	1	1218	76	18.819063818	26.4764820493	27.0736416048	5.811
354	0	0	2	2567	160	18.819063818	27.769926696	28.3670862514	10.693
355	0	0	1	1237	77	22.9805619477	29.5381377942	30.2673484653	10.252
355	0	0	2	2585	161	22.9805619477	29.767928101	30.4971387721	7.087
355	1	0	1	1236	77	22.9805619477	29.6260492637	30.3552599347	11.149
355	1	0	2	2586	161	22.9805619477	30.3497354279	31.0789460989	13.086
356	0	0	1	490	30	19.7847550671	30.7528846755	31.3806871876	6.693
356	0	0	2	1837	114	19.7847550671	29.4398401108	30.0676426229	7.59
357	0	0	1	599	37	19.7387965192	32.3013863958	32.9277305682	4.662
357	0	0	2	1948	121	19.7387965192	29.5340904981	30.1604346706	10.221
358	0	0	1	1264	79	22.4935226821	30.1529142708	30.8666703925	8.536
358	0	0	2	2614	163	22.4935226821	31.0856144735	31.7993705952	12.315
359	0	0	1	1227	76	21.7842635647	31.0636209197	31.754871094	9.622
359	0	0	2	2579	161	21.7842635647	29.3557042996	30.046954474	9.04
360	0	0	1	1243	77	20.7922980078	28.67353408	29.3333075712	11.102
360	0	0	2	2593	162	20.7922980078	28.1638618989	28.82363539	13.748
361	0	0	1	583	36	23.5331732146	35.4576226909	36.2043686178	10.063
361	0	0	2	1931	120	23.5331732146	31.587614768	32.334360695	11.748
362	0	0	1	571	35	22.4534599951	28.7857999704	29.4982848378	10.095
362	0	0	2	1921	120	22.4534599951	32.6373092273	33.3497940947	6.189
363	0	0	1	549	34	27.7185905461	28.1296190864	29.0091751243	6.378
363	0	0	2	1897	118	27.7185905461	30.2397638413	31.1193198791	11.15
364	0	0	1	998	62	22.7240282324	27.5008553273	28.2219257657	9.937
364	0	0	2	2343	146	22.7240282324	26.1318417344	26.8529121728	12.158
365	0	0	1	1217	76	20.5868443293	28.153709408	28.8069635191	7.78
365	0	0	2	2567	160	20.5868443293	27.4269994285	28.0802535396	9.15
366	0	0	1	1264	79	19.8879791219	28.9009327697	29.5320107492	6.346
366	0	0	2	2616	163	19.8879791219	30.6325831288	31.2636611083	13.622
367	0	0	1	879	54	26.4870904937	29.1003806751	29.9408592099	7.937
367	0	0	2	2222	138	26.4870904937	31.0920283286	31.9325068634	11.181
368	0	0	1	1234	77	20.0492436506	31.3887992787	32.0249944444	6.63
368	0	0	2	2584	161	20.0492436506	29.2378702308	29.8740653966	10.851
370	0	0	1	452	28	22.075417172	31.5010038952	32.2014928478	14.882
370	0	0	2	1797	112	22.075417172	32.1603752814	32.860864234	7.78
372	0	0	1	1254	78	23.4285179905	27.2673083146	28.0107333607	12.725
372	0	0	2	2578	161	23.4285179905	27.2498691157	27.9932941619	9.905
373	0	0	1	1246	77	22.6736937667	30.7360776308	31.4555508746	11.717
373	0	0	2	2596	162	22.6736937667	28.1427658579	28.8622391016	8.473
374	0	0	1	428	26	23.366539499	30.784503838	31.5259622056	5.087
374	0	0	2	1774	110	23.366539499	29.7193719423	30.4608303099	18.157
375	0	0	1	489	30	21.6426053788	31.6035733824	32.2903285117	9.291
375	0	0	2	1834	114	21.6426053788	27.7592314804	28.4459866097	13.323
376	0	0	1	822	51	27.3254210567	33.1607008577	34.0277809871	9.811
376	0	0	2	2165	135	27.3254210567	32.611143528	33.4782236574	16.614
377	0	0	1	586	36	25.7691427388	26.7225497481	27.5402466309	7.118
377	0	0	2	1936	121	25.7691427388	26.7447132404	27.5624101232	5.212
378	0	0	1	289	18	27.2126603723	31.8880519508	32.7515539999	10.756
378	0	0	2	1632	102	27.2126603723	32.6199701793	33.4834722284	10.504
379	0	0	1	1233	77	18.9733844545	29.9934487468	30.5955051475	7.244
379	0	0	2	2582	161	18.9733844545	29.8904840258	30.4925404265	12.315
380	0	0	1	486	30	21.2214839787	30.426862857	31.1002551182	4.819
380	0	0	2	1832	114	21.2214839787	31.4123666345	32.0857588957	7.04
381	0	0	1	265	16	21.3262927603	30.9350264502	31.6117444648	6.725
381	0	0	2	1609	100	21.3262927603	28.7142792558	29.3909972704	6.788
382	0	0	1	485	30	18.2619776403	28.1778444324	28.7573267358	7.118
382	0	0	2	1830	114	18.2619776403	33.2794594759	33.8589417793	10.095
383	0	0	1	935	58	28.7574654588	27.1436231315	28.0561443629	16.315
383	0	0	2	2276	142	28.7574654588	27.3726391196	28.285160351	7.402
385	0	0	1	993	62	19.9502077188	30.424892696	31.0579452903	8.992
385	0	0	2	2338	146	19.9502077188	31.0824774963	31.7155300906	8.221
386	0	0	1	997	62	20.9884784897	28.1882516743	28.8542502917	14.473
386	0	0	2	2342	146	20.9884784897	30.4262429804	31.0922415978	7.212
387	0	0	1	1279	79	17.1202545173	28.8817592214	29.4250127899	9.591
387	0	0	2	2628	164	17.1202545173	28.4557323373	28.9989859058	12.031
388	0	0	1	457	28	21.8100934471	33.6811808986	34.3732506972	10
388	0	0	2	1802	112	21.8100934471	31.6487820875	32.3408518861	13.716
389	0	0	1	155	9	24.1093531264	29.403093568	30.1681226223	13.15
389	0	0	2	1496	93	24.1093531264	27.812818746	28.5778478003	17.559
390	0	0	1	443	27	20.5373873087	30.2148504638	30.8665352231	6.677
390	0	0	2	1790	111	20.5373873087	24.8057303658	25.4574151251	12.52
391	0	0	1	167	10	21.8011956003	28.1251979607	28.8169854161	10
391	0	0	2	1509	94	21.8011956003	28.7264757213	29.4182631767	5.78
392	0	0	1	430	26	25.9487646244	30.7058616328	31.5292582106	9.055
392	0	0	2	1774	110	25.9487646244	32.0718968667	32.8952934446	10.724
393	0	0	1	1026	64	26.7416470629	28.1474198428	28.9959758722	15.906
393	0	0	2	2372	148	26.7416470629	23.5427423571	24.3912983865	8.378
394	0	0	1	1242	77	26.5573240365	30.2420079223	31.0847150818	5.874
394	0	0	2	2590	161	26.5573240365	26.7236152371	27.5663223966	10
395	0	0	1	489	30	21.3892301576	28.8930821471	29.5717972678	12.567
395	0	0	2	1834	114	21.3892301576	28.6963907731	29.3751058939	7.449
396	0	0	1	984	61	24.6286715003	24.7231822099	25.5046900822	16.693
396	0	0	2	2329	145	24.6286715003	28.7430231027	29.5245309751	15.968
397	0	0	1	550	34	26.175406787	28.8272572605	29.6578455634	14.567
397	0	0	2	1898	118	26.175406787	28.2341191995	29.0647075025	10.961
398	0	0	1	1243	77	21.9887542693	31.3229274828	32.0206664803	11.874
398	0	0	2	2593	162	21.9887542693	31.1615050488	31.8592440463	14.158
399	0	0	1	485	30	17.7538095937	29.0125556597	29.575912963	10.504
399	0	0	2	1830	114	17.7538095937	30.9867383445	31.5500956478	6.803
400	0	0	1	980	61	23.2989776992	29.6973421346	30.4366566562	7.968
400	0	0	2	2324	145	23.2989776992	33.6521788671	34.3914933887	6.158
401	0	0	1	1021	63	27.9672936855	23.3171462146	24.2045940082	14.583
401	0	0	2	2365	147	27.9672936855	27.2584596487	28.1459074423	6
402	0	0	1	571	35	24.7193382651	21.0930969015	21.877481778	5.748
402	0	0	2	1896	118	24.7193382651	32.0837256378	32.8681105143	28.031
403	0	0	1	528	33	19.6316197689	29.3169472032	29.9398904828	9.717
403	0	0	2	1876	117	19.6316197689	31.9992700108	32.6222132904	5.103
404	0	0	1	1026	64	24.6345743333	36.1847156494	36.9664108282	13.275
404	0	0	2	2372	148	24.6345743333	29.9706686954	30.7523638743	14.158
405	0	0	1	917	57	29.4521963149	39.5699040203	40.5044701936	4.315
405	0	0	2	2262	141	29.4521963149	29.0467687071	29.9813348804	4.882
406	0	0	1	902	56	30.2596459358	32.9139257648	33.8741136301	4.977
406	0	0	2	2244	140	30.2596459358	29.6968017425	30.6569896078	10.693
407	0	0	1	1022	63	22.8991777194	29.2857588574	30.0123870743	13.055
407	0	0	2	2368	148	22.8991777194	27.0874761766	27.8141043936	21.307
408	0	0	1	331	20	24.4665116624	32.1792800046	32.9556422811	10.535
408	0	0	2	1675	104	24.4665116624	31.8340315402	32.6103938167	14.315
409	0	0	1	78	4	28.3346797239	27.6194067673	28.5185123184	10.378
409	0	0	2	1417	88	28.3346797239	27.7087796911	28.6078852422	7.417
410	0	0	1	1243	77	30.4265740815	27.4397601362	28.4052449035	10.189
410	0	0	2	2596	162	30.4265740815	24.9099361321	25.8754208994	17.937
411	0	0	1	902	56	22.2612695798	31.210676839	31.9170631914	16.031
411	0	0	2	2244	140	22.2612695798	31.9580348646	32.6644212169	7.905
412	0	0	1	297	18	22.4853910431	33.4310711531	34.1445692447	9.008
412	0	0	2	1641	102	22.4853910431	32.3272967336	33.0407948251	6.22
413	0	0	1	879	54	27.6976659828	34.3962744395	35.2751665069	18.283
413	0	0	2	2220	138	27.6976659828	34.4969477016	35.375839769	10.094
414	0	0	1	1004	62	20.5884831049	31.7536773331	32.4069834453	13.496
414	0	0	2	2350	146	20.5884831049	32.1042053659	32.757511478	8.126
415	0	0	1	1033	64	28.2302821615	30.6813917019	31.5771845484	12
415	0	0	2	2377	148	28.2302821615	21.7207968388	22.6165896852	9.118
416	0	0	1	1217	76	21.2494108851	28.8634577269	29.5377361544	4.126
416	0	0	2	2566	160	21.2494108851	31.2897773765	31.9640558039	14.126
417	0	0	1	1000	62	20.1824043144	32.0656154872	32.7060360578	8.252
417	0	0	2	2345	146	20.1824043144	29.7193432895	30.3597638601	11.37
418	0	0	1	1229	76	29.2020267234	28.6088865777	29.5355144623	5.433
418	0	0	2	2579	161	29.2020267234	28.5262463353	29.4528742199	12.252
419	0	0	1	281	17	25.1305067477	32.0076499819	32.8050819043	16.834
419	0	0	2	1625	101	25.1305067477	31.7357649075	32.5331968299	17.197
420	0	0	1	471	29	19.0525618026	27.2388991738	27.8434680007	6.409
420	0	0	2	1817	113	19.0525618026	31.5059719453	32.1105407722	10.063
421	0	0	1	1246	77	23.6295135683	30.5942939478	31.3440969111	11.291
421	0	0	2	2597	162	23.6295135683	28.4939491983	29.2437521616	18.646
423	0	0	1	1243	77	23.3221602402	31.7024793697	32.4425295112	12.22
423	0	0	2	2593	162	23.3221602402	30.2053373206	30.9453874621	17.37
424	0	0	1	737	46	26.4186474013	28.5154095819	29.3537163058	7.685
424	0	0	2	2075	129	26.4186474013	31.1211661589	31.9594728828	5.496
425	0	0	1	558	34	19.5229189434	34.8365885234	35.4560825487	12.473
425	0	0	2	1908	119	19.5229189434	33.4190653457	34.038559371	6.409
426	0	0	1	266	16	27.2223984471	31.6056719122	32.4694829664	6.252
426	0	0	2	1610	100	27.2223984471	30.5848224688	31.4486335229	10.488
427	0	0	1	1238	77	18.8596103141	29.9397762696	30.5382224314	5.685
427	0	0	2	2586	161	18.8596103141	29.8905194675	30.4889656293	11.071
428	0	0	1	1062	66	24.2789509264	28.9023619716	29.6727726403	4.929
428	0	0	2	2411	150	24.2789509264	28.1064140076	28.8768246763	11.685
429	0	0	1	1251	78	17.5137670626	32.5897366895	33.1454770522	7.512
429	0	0	2	2600	162	17.5137670626	32.5921519525	33.1478923152	12.662
430	0	0	1	432	27	23.40885693	29.910472117	30.6532732856	10.599
430	0	0	2	1779	111	23.40885693	30.5729327729	31.3157339415	7.906
431	0	0	1	210	13	25.7285331895	30.3325649935	31.1489732692	5.465
431	0	0	2	1552	97	25.7285331895	31.292632772	32.1090410476	12.771
432	0	0	1	438	27	21.2199112136	30.410330887	31.0836732418	8.756
432	0	0	2	1783	111	21.2199112136	30.8795683187	31.5529106735	6.96
433	0	0	1	966	60	23.5737745026	28.4558680271	29.2039022991	14.378
433	0	0	2	2311	144	23.5737745026	28.7231352091	29.471169481	8.378
434	0	0	1	530	33	19.7704604708	29.3472936747	29.9746425959	8.22
434	0	0	2	1879	117	19.7704604708	29.0108467581	29.6381956794	8.126
435	0	0	1	343	21	24.8040555411	31.0220246914	31.8090977851	11.086
435	0	0	2	1681	105	24.8040555411	30.3899169627	31.1769900564	9.166
436	0	0	1	468	29	21.7137444727	26.036544971	26.7255574597	16.063
436	0	0	2	1815	113	21.7137444727	31.0903045723	31.7793170609	8.662
437	0	0	1	1218	76	25.6988492978	30.0443023726	30.85976873	5.323
437	0	0	2	2566	160	25.6988492978	31.2223990708	32.0378654282	6.913
438	0	0	1	597	37	23.5905875498	9.08980411214	9.83837188945	19.748
438	0	0	2	1945	121	23.5905875498	11.645501444	12.3940692214	10.725
439	0	0	1	1242	77	14.5349453274	30.0865451544	30.5477626503	11.244
439	0	0	2	2590	161	14.5349453274	29.4973233155	29.9585408114	4.157
440	0	0	1	1258	78	24.2689069656	30.3700047398	31.1400966973	6.473
440	0	0	2	2609	163	24.2689069656	30.2268203814	30.9969123389	13.811
441	0	0	1	822	51	21.0259838085	33.0787774757	33.745966198	6.126
441	0	0	2	2165	135	21.0259838085	32.7630585261	33.4302472483	10.425
442	0	0	1	1253	78	24.8654158766	30.7705607848	31.5595809419	6.032
442	0	0	2	2601	162	24.8654158766	29.5559021669	30.344922324	14.284
443	0	0	1	1250	78	18.4613753243	25.5475227165	26.1333322333	11.465
443	0	0	2	2599	162	18.4613753243	28.1334706042	28.7192801209	25.622
444	0	0	1	431	26	17.7127278193	27.0026395346	27.5646932463	7.244
444	0	0	2	1783	111	17.7127278193	28.9219320614	29.4839857731	5.622
445	0	0	1	1268	79	20.0291266729	31.552447688	32.1880045093	7.134
445	0	0	2	2618	163	20.0291266729	30.5826297362	31.2181865575	8.158
446	0	0	1	519	32	23.2624613139	30.1252137274	30.8633695247	9.275
446	0	0	2	1865	116	23.2624613139	28.3434936098	29.081649407	9.685
447	0	0	1	154	9	26.2807858514	33.2774309351	34.1113630874	10.851
447	0	0	2	1495	93	26.2807858514	32.6598781942	33.4938103465	11.275
448	0	0	1	985	61	23.5361599792	19.1952581256	19.9420988274	13.292
448	0	0	2	2330	145	23.5361599792	28.2946085764	29.0414492782	12
449	0	0	1	933	58	25.9702499996	31.3355937799	32.1596721238	11.811
449	0	0	2	2276	142	25.9702499996	30.2154658715	31.0395442153	5.685
451	0	0	1	737	46	30.5444077948	31.3600399643	32.3292637873	13.197
451	0	0	2	2077	129	30.5444077948	30.8455919373	31.8148157603	11.354
452	0	0	1	1080	67	25.0079133903	32.6422150073	33.4357568427	8.347
452	0	0	2	2426	151	25.0079133903	33.5242117352	34.3177535706	13.464
453	0	0	1	262	16	19.5530485416	27.4922224572	28.1126725437	5.969
453	0	0	2	1606	100	19.5530485416	29.9396581012	30.5601081878	8.031
454	0	0	1	557	34	22.7596813577	27.2899095002	28.0121112703	5.339
454	0	0	2	1906	119	22.7596813577	26.710145403	27.4323471731	4.882
455	0	0	1	1250	78	23.9814444668	30.2751104677	31.0360807717	5.291
455	0	0	2	2595	162	23.9814444668	28.3104181399	29.071388444	8.756
456	0	0	1	1012	63	22.7128652998	31.1135650874	31.8342813077	7.969
456	0	0	2	2357	147	22.7128652998	32.1818300566	32.9025462769	8.598
457	0	0	1	1275	79	19.5481501722	32.5461285874	33.1664232407	8.599
457	0	0	2	2624	164	19.5481501722	32.3540948765	32.9743895298	7.023
458	0	0	1	1238	77	23.7023563204	30.0975705074	30.8496848899	4.22
458	0	0	2	2587	161	23.7023563204	31.1398725086	31.8919868911	14.284
459	0	0	1	545	34	17.7645321392	38.4017619036	38.9654594508	8.189
459	0	0	2	1893	118	17.7645321392	36.7563595344	37.3200570815	15.212
460	0	0	1	773	48	23.8432130528	30.0609942526	30.8175782488	10.646
460	0	0	2	2114	132	23.8432130528	28.6153606568	29.3719446529	16.095
460	1	0	1	774	48	23.8432130528	32.5809491927	33.3375331888	10.22
460	1	0	2	2111	131	23.8432130528	32.6711171637	33.4277011598	4.126
461	0	0	1	440	27	22.5398350185	30.448187113	31.1634128005	4.378
461	0	0	2	1785	111	22.5398350185	30.5591058488	31.2743315364	5.78
462	0	0	1	169	10	22.8026897252	32.475822617	33.1993891126	12.472
462	0	0	2	1511	94	22.8026897252	28.5757358373	29.299302333	10.315
463	0	0	1	538	33	23.9413292096	29.0626722272	29.8223696088	4.347
463	0	0	2	1888	118	23.9413292096	27.7580467981	28.5177441797	12.771
464	0	0	1	530	33	22.2279001941	29.752712513	30.4580400004	5.622
464	0	0	2	1879	117	22.2279001941	29.6343113111	30.3396387985	13.937
465	0	0	1	107	6	25.6408629897	30.7365243346	31.5501506919	26
465	0	0	2	1448	90	25.6408629897	33.4940941417	34.3077204991	12.347
467	0	0	1	488	30	22.5913887997	33.0335241322	33.7503857053	10.158
467	0	0	2	1834	114	22.5913887997	34.1375725996	34.8544341726	10.33
468	0	0	1	1020	63	26.1713957232	36.2827143173	37.1131753427	9.181
468	0	0	2	2366	147	26.1713957232	27.4508272512	28.2812882766	9.086
469	0	0	1	415	25	20.9124201478	31.6999346853	32.3635198476	8.977
469	0	0	2	1760	110	20.9124201478	31.27971794	31.9433031023	10.645
470	0	0	1	1004	62	22.1077566068	30.0743963881	30.7759115237	14.882
470	0	0	2	2350	146	22.1077566068	30.9817260253	31.6832411609	11.338
471	0	0	1	340	21	20.3176012091	31.9894171597	32.6341277479	8.756
471	0	0	2	1684	105	20.3176012091	26.7280438536	27.3727544419	11.748
472	0	0	1	1089	68	22.525878503	34.3334361617	35.0482189864	7.118
472	0	0	2	2436	152	22.525878503	29.65265279	30.3674356146	8.788
473	0	0	1	1236	77	19.6820538229	27.7873603425	28.4119039768	6.536
473	0	0	2	2585	161	19.6820538229	28.8102655512	29.4348091855	9.874
474	0	0	1	1257	78	23.5293084707	27.5377289295	28.2843522218	11.811
474	0	0	2	2604	162	23.5293084707	27.8171508571	28.5637741494	17.968
475	0	0	1	288	18	26.0921508553	31.2203476198	32.0482940764	14.803
475	0	0	2	1631	101	26.0921508553	32.0162016981	32.8441481547	6.378
476	0	0	1	584	36	28.0165736568	29.4438491359	30.3328606633	11.402
476	0	0	2	1931	120	28.0165736568	31.0417543062	31.9307658336	7.087
477	0	0	1	1064	66	24.6006672848	32.4670783876	33.2476976406	6.992
477	0	0	2	2411	150	24.6006672848	30.4378761166	31.2184953696	9.59
478	0	0	1	881	55	26.4600468115	35.6738622106	36.5134826053	4.473
478	0	0	2	2224	139	26.4600468115	32.8013242878	33.6409446824	5.937
479	0	0	1	295	18	20.1312894838	29.2976744435	29.9364730572	12.441
479	0	0	2	1638	102	20.1312894838	30.7368171853	31.375615799	7.811
480	0	0	1	432	27	21.3652137951	25.4945255355	26.172478578	13.103
480	0	0	2	1779	111	21.3652137951	24.6637231767	25.3416762191	17.78
481	0	0	1	552	34	22.5487069604	32.9452975548	33.6608047635	6.221
481	0	0	2	1899	118	22.5487069604	32.1910609745	32.9065681833	12
482	0	0	1	1031	64	21.5736712913	24.7718868435	25.456454582	5.969
482	0	0	2	2375	148	21.5736712913	37.9690620244	38.6536297629	15.086
483	0	0	1	1279	79	26.0884580132	30.6629306349	31.4907599116	9.968
483	0	0	2	2629	164	26.0884580132	29.3619560371	30.1897853138	15.874
484	0	0	1	529	33	20.643310859	29.2457341026	29.9007799887	8.157
484	0	0	2	1879	117	20.643310859	30.1557332985	30.8107791847	10.661
485	0	0	1	591	36	22.3848578033	33.4511192526	34.1614272606	7.842
485	0	0	2	1944	121	22.3848578033	29.7059527346	30.4162607427	6.252
486	0	0	1	491	30	21.4432379855	29.0464373414	29.7268662185	11.307
486	0	0	2	1837	114	21.4432379855	30.0134671077	30.6938959848	19.008
487	0	0	1	879	54	25.5667500956	28.8171444136	29.6284190481	8.284
487	0	0	2	2222	138	25.5667500956	27.3747757296	28.1860503641	12.536
488	0	0	1	999	62	22.11210966	29.2137397184	29.9153929835	13.779
488	0	0	2	2344	146	22.11210966	27.8941589754	28.5958122405	13.433
489	0	0	1	963	60	28.4216601635	29.0770094072	29.9788749894	8.772
489	0	0	2	2306	144	28.4216601635	29.2262025693	30.1280681515	13.874
490	0	0	1	1246	77	13.6006703395	23.5271498036	23.958721232	7.653
490	0	0	2	2597	162	13.6006703395	25.6180745186	26.049645947	21.197
491	0	0	1	105	6	25.0841686385	34.2869738943	35.082935433	9.055
491	0	0	2	1448	90	25.0841686385	34.0978265955	34.8937881341	5.622
492	0	0	1	186	11	28.3919185027	30.2824300431	31.183351874	9.338
492	0	0	2	1531	95	28.3919185027	28.5268154482	29.427737279	5.212
493	0	0	1	1217	76	18.8981771837	27.7889590633	28.3886290147	14.473
493	0	0	2	2566	160	18.8981771837	29.0382517344	29.6379216858	12.756
494	0	0	1	132	8	24.8846958298	30.7669616655	31.5565936069	15.244
494	0	0	2	1465	91	24.8846958298	30.1312165883	30.9208485297	12.095
495	0	0	1	920	57	23.7041470937	30.0479857222	30.8001569289	16.677
495	0	0	2	2261	141	23.7041470937	30.3831404516	31.1353116583	5.496
496	0	0	1	1056	66	23.2352562507	31.0999657933	31.8372583295	8.299
496	0	0	2	2401	150	23.2352562507	31.8244682209	32.5617607572	14.693
497	0	0	1	987	61	23.8871661467	24.4528064721	25.2107851715	17.937
497	0	0	2	2331	145	23.8871661467	29.1690982189	29.9270769183	12.378
498	0	0	1	1246	77	24.0515665072	29.2111457288	29.9743411195	12.284
498	0	0	2	2596	162	24.0515665072	29.9914863874	30.754681778	13.48
499	0	0	1	602	37	19.8168986208	28.9994606194	29.6282830988	8.441
499	0	0	2	1946	121	19.8168986208	25.4438229724	26.0726454518	10.425
500	0	0	1	920	57	34.6201176619	27.3921803165	28.4907330539	17.968
500	0	0	2	2261	141	34.6201176619	15.263171379	16.3617241164	13.59
501	0	0	1	582	36	19.9627825885	32.0889655763	32.7224171916	4.283
501	0	0	2	1929	120	19.9627825885	32.2864937873	32.9199454027	11.244
503	0	0	1	577	36	28.9307375839	28.7363422962	29.6543617344	8.283
503	0	0	2	1925	120	28.9307375839	29.3727975888	30.290817027	5.181
504	0	0	1	462	28	23.3378626236	33.211754439	33.9523028427	10.772
504	0	0	2	1806	112	23.3378626236	32.0673263153	32.807874719	6.472
505	0	0	1	485	30	24.1203409693	29.4001570298	30.1655347462	9.323
505	0	0	2	1830	114	24.1203409693	29.6702394181	30.4356171345	8.378
506	0	0	1	562	35	27.1707402559	32.0830916254	32.9452634809	9.496
506	0	0	2	1912	119	27.1707402559	30.8943176557	31.7564895113	5.969
507	0	0	1	1236	77	22.57396063	27.6759764571	28.392285006	5.559
507	0	0	2	2584	161	22.57396063	32.1751444905	32.8914530393	8.851
508	0	0	1	574	35	18.4135626784	31.288729622	31.8730219656	4.221
508	0	0	2	1923	120	18.4135626784	35.5107375561	36.0950298997	5.622
509	0	0	1	903	56	25.5207197641	17.6141322949	18.423946312	8.252
509	0	0	2	2244	140	25.5207197641	16.1588960591	16.9687100762	6.536
510	0	0	1	824	51	29.265068492	19.4513056056	20.3799339082	5.15
510	0	0	2	2166	135	29.265068492	26.7438751649	27.6725034675	9.339
511	0	0	1	821	51	31.6886293233	24.9110576683	25.9165895046	5.842
511	0	0	2	2164	135	31.6886293233	29.2171865403	30.2227183766	16.032
513	0	0	1	964	60	25.2408191012	34.672200359	35.473132672	6.189
513	0	0	2	2308	144	25.2408191012	33.8281972332	34.6291295463	4.095
514	0	0	1	1240	77	25.2994892161	31.6958933995	32.4986874109	10.866
514	0	0	2	2589	161	25.2994892161	28.9906407278	29.7934347392	6.976
515	0	0	1	599	37	21.7326407949	28.6077320922	29.2973441919	13.653
515	0	0	2	1946	121	21.7326407949	27.3686442205	28.0582563203	5.465
516	0	0	1	938	58	26.4745313094	30.5370123082	31.3770923196	14.283
516	0	0	2	2284	142	26.4745313094	29.7350305507	30.5751105621	5.339
517	0	0	1	490	30	21.3242774589	32.6029351983	33.2795892641	6.567
517	0	0	2	1833	114	21.3242774589	32.002494724	32.6791487898	13.858
518	0	0	1	903	56	25.5429714105	30.8136920723	31.6242121704	7.906
518	0	0	2	2245	140	25.5429714105	32.9842412874	33.7947613855	7.055
519	0	0	1	591	36	26.8696093568	26.474730303	27.3273467845	8.346
519	0	0	2	1940	121	26.8696093568	28.0508187982	28.9034352797	7.937
520	0	0	1	910	56	26.0992533426	30.4420546178	31.2702264479	10.441
520	0	0	2	2251	140	26.0992533426	29.8097050598	30.6378768899	10.126
521	0	0	1	1214	75	20.8751202796	31.3996024852	32.0620040619	10.473
521	0	0	2	2564	160	20.8751202796	32.0185355336	32.6809371104	17.59
522	0	0	1	165	10	24.2295662791	23.1991457516	23.9679893651	10
522	0	0	2	1506	94	24.2295662791	23.0576502041	23.8264938175	14.22
522	1	0	1	158	9	24.2295662791	27.121832643	27.8906762565	5.244
522	1	0	2	1499	93	24.2295662791	25.376664974	26.1455085874	18.315
523	0	0	1	582	36	18.8341077397	30.5076428894	31.105279813	5.591
523	0	0	2	1931	120	18.8341077397	29.2457012221	29.8433381456	6.504
524	0	0	1	550	34	20.2782696619	34.372581314	35.0160438482	10.063
524	0	0	2	1898	118	20.2782696619	29.957933993	30.6013965272	7.937
525	0	0	1	1018	63	30.1878883824	29.2031563896	30.1610672708	6.945
525	0	0	2	2363	147	30.1878883824	25.7216910673	26.6796019485	15.433
526	0	0	1	1238	77	19.9526921363	26.7136235851	27.346755014	8.756
526	0	0	2	2587	161	19.9526921363	27.0839248353	27.7170562642	15.37
527	0	0	1	1090	68	23.3733290154	36.0850044037	36.8266782137	7.969
527	0	0	2	2438	152	23.3733290154	29.9136063889	30.6552801989	9.905
528	0	0	1	297	18	24.7822129881	28.6925163612	29.4788963551	9.339
528	0	0	2	1640	102	24.7822129881	29.4192907214	30.2056707153	12.315
529	0	0	1	1021	63	30.1069819225	22.4087536659	23.3640972534	12.504
529	0	0	2	2366	147	30.1069819225	23.7973952513	24.7527388388	10.189
530	0	0	1	1259	78	20.9657840379	31.686800647	32.3520791325	6
530	0	0	2	2609	163	20.9657840379	30.8923279907	31.5576064761	17.685
531	0	0	1	798	49	25.2472787006	30.7805179389	31.5816552256	16.063
531	0	0	2	2134	133	25.2472787006	31.3740268349	32.1751641215	14.094
532	0	0	1	1246	77	20.7208885605	29.4736413943	30.1311489473	11.748
532	0	0	2	2596	162	20.7208885605	28.931947677	29.58945523	11.338
533	0	0	1	739	46	25.0235612241	28.9529133635	29.7469517301	18.063
533	0	0	2	2078	129	25.0235612241	29.4357057545	30.2297441211	11.244
534	0	0	1	933	58	25.8708732813	28.6344102466	29.4553352053	12.819
534	0	0	2	2276	142	25.8708732813	31.5840313518	32.4049563105	4.441
535	0	0	1	545	34	25.273324702	31.9519581773	32.753921946	9.339
535	0	0	2	1893	118	25.273324702	34.0110844312	34.8130482	7.748
536	0	0	1	737	46	26.6938360508	31.3221935096	32.1692324177	14.284
536	0	0	2	2076	129	26.6938360508	32.6673084555	33.5143473636	10.772
537	0	0	1	169	10	23.7701741912	28.9918166213	29.7460829754	12.63
537	0	0	2	1512	94	23.7701741912	29.0386661402	29.7929324942	12.158
538	0	0	1	985	61	23.2827922569	19.7349476713	20.4737486025	10.63
538	0	0	2	2331	145	23.2827922569	18.9152490666	19.6540499978	4.094
539	0	0	1	577	36	24.1204856142	34.3342522922	35.0996345984	10.693
539	0	0	2	1925	120	24.1204856142	32.7747287156	33.5401110218	10.409
540	0	0	1	825	51	27.8334787393	18.2421049407	19.1253065681	6.41
540	0	0	2	2167	135	27.8334787393	28.5354022538	29.4186038812	15.386
541	0	0	1	1021	63	19.404161918	24.8555687235	25.4712943949	5.748
541	0	0	2	2366	147	19.404161918	31.384404785	32.0001304564	4.252
542	0	0	1	993	62	19.3238966942	27.6490164299	28.262195155	15.622
542	0	0	2	2337	146	19.3238966942	27.8355162464	28.4486949714	5.307
543	0	0	1	383	23	17.8061933051	29.3467821398	29.9118016637	5.149
543	0	0	2	1728	108	17.8061933051	30.3093780819	30.8743976058	9.527
544	0	0	1	141	8	28.8434897788	33.3143142911	34.2295652143	12.472
544	0	0	2	1481	92	28.8434897788	34.5805288976	35.4957798208	8.284
545	0	0	1	252	15	18.486026674	30.4722649585	31.0588567027	11.968
545	0	0	2	1594	99	18.486026674	30.3379751354	30.9245668797	7.843
546	0	0	1	169	10	25.7139607134	26.426586792	27.2425326593	6.409
546	0	0	2	1512	94	25.7139607134	29.0800625254	29.8960083927	11.323
547	0	0	1	139	8	24.4813832815	31.1716454971	31.9484796743	8.158
547	0	0	2	1481	92	24.4813832815	31.8072936144	32.5841277916	12.22
548	0	0	1	1056	66	25.2497203434	30.1283389918	30.9295537558	11.118
548	0	0	2	2402	150	25.2497203434	29.2292676105	30.0304823744	17.118
549	0	0	1	288	18	22.0151545109	32.3751033309	33.0736800512	7.275
549	0	0	2	1631	101	22.0151545109	33.3777656644	34.0763423846	6
550	0	0	1	822	51	26.8946709492	34.3351315953	35.1885433219	5.402
550	0	0	2	2166	135	26.8946709492	29.6901499462	30.5435616729	11.559
551	0	0	1	1004	62	26.2782021394	30.7368098903	31.5706600572	10.693
551	0	0	2	2351	146	26.2782021394	30.0845157628	30.9183659298	10.378
552	0	0	1	1268	79	24.8822576963	28.9673581713	29.7569127468	6.551
552	0	0	2	2619	163	24.8822576963	30.7941926591	31.5837472346	8.882
553	0	0	1	375	23	23.8787857046	29.1773899608	29.9351027351	11.905
553	0	0	2	1721	107	23.8787857046	28.2332640739	28.9909768482	14.803
554	0	0	1	999	62	27.384481868	31.5984834683	32.4674376935	4.315
554	0	0	2	2345	146	27.384481868	32.0411571332	32.9101113584	7.244
555	0	0	1	248	15	24.8950824725	30.1851989714	30.9751604979	7.37
555	0	0	2	1590	99	24.8950824725	30.5525692272	31.3425307538	7.118
556	0	0	1	521	32	17.4046510249	30.861512327	31.41379026	6.252
556	0	0	2	1869	116	17.4046510249	30.6810457504	31.2333236835	6.724
557	0	0	1	1019	63	21.7838803581	32.7442531415	33.4354911561	8.504
557	0	0	2	2364	147	21.7838803581	32.4043562004	33.095594215	11.59
558	0	0	1	1004	62	32.0336977788	34.0438872512	35.0603686718	14.977
558	0	0	2	2351	146	32.0336977788	34.8321804795	35.8486619001	5.843
559	0	0	1	1079	67	21.0622857409	28.0996256231	28.7679662649	6.189
559	0	0	2	2426	151	21.0622857409	28.1625527798	28.8308934216	5.811
561	0	0	1	520	32	17.6871546455	29.0042657734	29.5655080067	5.874
561	0	0	2	1867	116	17.6871546455	31.9245348054	32.4857770386	7.527
562	0	0	1	552	34	24.8235867239	32.8123307714	33.6000236213	7.134
562	0	0	2	1899	118	24.8235867239	29.7096523788	30.4973452288	12.126
563	0	0	1	822	51	28.174955163	28.4954032699	29.3894405006	10.346
563	0	0	2	2165	135	28.174955163	30.2239559045	31.1179931352	10.598
564	0	0	1	987	61	22.9867900411	17.0676955088	17.7971038075	19.528
564	0	0	2	2332	145	22.9867900411	21.0007960944	21.730204393	17.779
565	0	0	1	1021	63	27.9871686573	24.8079287154	25.6960071743	10.992
565	0	0	2	2366	147	27.9871686573	25.4227288078	26.3108072667	12.472
566	0	0	1	487	30	24.0321832404	29.9026768483	30.6652571763	10.63
566	0	0	2	1832	114	24.0321832404	31.6230654333	32.3856457613	8.756
567	0	0	1	893	55	23.008693696	27.7563139175	28.4864172547	18.866
567	0	0	2	2236	139	23.008693696	26.9607069609	27.6908102982	9.717
568	0	0	1	898	56	22.9183567588	26.4975305176	27.2247673167	16.315
568	0	0	2	2240	140	22.9183567588	30.4418969577	31.1691337568	9.212
569	0	0	1	774	48	24.2061189617	30.1908227329	30.9589223248	5.008
569	0	0	2	2116	132	24.2061189617	32.1833197934	32.9514193853	16.929
570	0	0	1	835	52	27.769347459	27.0300577379	27.9112243752	14.504
570	0	0	2	2176	136	27.769347459	22.1073382464	22.9885048837	15.574
571	0	0	1	1056	66	28.3890523543	29.2334151483	30.1342460316	9.874
571	0	0	2	2401	150	28.3890523543	30.2140093198	31.1148402031	15.622
572	0	0	1	1040	65	26.2443391107	28.9845420087	29.8173176466	9.149
572	0	0	2	2392	149	26.2443391107	27.2559500744	28.0887257123	14.378
573	0	0	1	536	33	15.351039975	34.7958813816	35.2829948903	10.756
573	0	0	2	1888	118	15.351039975	31.8369322751	32.3240457838	11.433
574	0	0	1	1012	63	28.7298476443	30.6165651283	31.5282100015	6.96
574	0	0	2	2356	147	28.7298476443	33.3314400624	34.2430849355	5.039
575	0	0	1	805	50	26.902748729	33.2387555744	34.0924236222	11.102
575	0	0	2	2149	134	26.902748729	31.1586924351	32.0123604828	13.087
575	1	0	1	803	50	26.902748729	22.0275672339	22.8812352817	7.685
575	1	0	2	2148	134	26.902748729	28.504684825	29.3583528728	15.055
576	0	0	1	930	58	31.2235188546	32.2538301469	33.2446032703	4.189
576	0	0	2	2274	142	31.2235188546	29.2106129071	30.2013860305	9.685
577	0	0	1	1045	65	21.880451001	17.9905807733	18.6848831317	13.401
577	0	0	2	2399	149	21.880451001	31.5305088522	32.2248112106	6
578	0	0	1	903	56	25.1195300178	28.9695840436	29.7666676564	12.851
578	0	0	2	2245	140	25.1195300178	28.6676236483	29.4647072612	14.85
578	1	0	1	902	56	25.1195300178	29.7029418774	30.5000254902	15.512
578	1	0	2	2247	140	25.1195300178	33.1282549075	33.9253385203	5.023
579	0	0	1	1237	77	20.9630214492	30.5269905618	31.1921813858	9.229
579	0	0	2	2585	161	20.9630214492	31.6472694076	32.3124602316	6.094
580	0	0	1	1031	64	26.3658810148	21.9224913537	22.7591237143	5.464
580	0	0	2	2376	148	26.3658810148	32.4099351197	33.2465674802	14.346
581	0	0	1	1003	62	24.955334672	30.1125631964	30.9044366234	13.212
581	0	0	2	2350	146	24.955334672	29.850316037	30.642189464	12.283
582	0	0	1	490	30	27.1476135319	29.4881892631	30.34962727	8.063
582	0	0	2	1835	114	27.1476135319	30.3156953872	31.1771333942	11.969
583	0	0	1	1241	77	21.1984296288	27.2605789955	27.9332397046	8.882
583	0	0	2	2589	161	21.1984296288	29.8204379264	30.4930986355	11.339
584	0	0	1	1269	79	23.9385375	30.5041068409	31.263715637	7.071
584	0	0	2	2619	163	23.9385375	30.9894313638	31.7490401599	7.905
585	0	0	1	1256	78	23.290193693	29.8255561051	30.5645918959	6.284
585	0	0	2	2604	162	23.290193693	29.6514746597	30.3905104505	19.118
586	0	0	1	1214	75	21.2346244181	28.9009114852	29.5747207139	4.724
586	0	0	2	2564	160	21.2346244181	31.2913623858	31.9651716146	12.22
587	0	0	1	1279	79	21.0358057549	28.3449840141	29.0124844027	5.229
587	0	0	2	2628	164	21.0358057549	31.3163919222	31.9838923108	11.874
588	0	0	1	101	6	21.6931799887	14.0223984674	14.7107584115	10.441
588	0	0	2	1442	90	21.6931799887	28.5169204364	29.2052803805	11.968
589	0	0	1	1217	76	25.1664324271	32.2185275047	33.0170994073	13.842
589	0	0	2	2567	160	25.1664324271	33.0774660851	33.8760379878	9.118
590	0	0	1	72	4	21.278890109	29.7036034907	30.378817342	11.433
590	0	0	2	1413	88	21.278890109	28.0157511424	28.6909649936	14.095
591	0	0	1	1248	78	22.3122473863	29.6294439156	30.3374478768	4
591	0	0	2	2597	162	22.3122473863	30.7269385758	31.434942537	16.189
592	0	0	1	347	21	25.6540078677	30.1074698259	30.9215132916	4.725
592	0	0	2	1691	105	25.6540078677	30.9132556491	31.7272991148	7.622
593	0	0	1	86	5	23.5063032548	14.9252546023	15.6711479016	10.661
593	0	0	2	1426	89	23.5063032548	28.0164482156	28.7623415149	12.157
594	0	0	1	532	33	18.2894461709	29.6368024697	30.2171563943	17.181
594	0	0	2	1881	117	18.2894461709	30.9755374042	31.5558913288	15.654
595	0	0	1	1242	77	20.205671982	24.8326623087	25.4738212003	14.567
595	0	0	2	2593	162	20.205671982	25.1149665428	25.7561254344	22.346
596	0	0	1	937	58	30.0816874354	27.304313938	28.2588548901	13.055
596	0	0	2	2282	142	30.0816874354	28.2698092137	29.2243501659	10.252
597	0	0	1	487	30	18.8429121633	34.1286305796	34.7265468819	7.559
597	0	0	2	1832	114	18.8429121633	32.7051036412	33.3030199435	9.874
598	0	0	1	1233	77	22.460936178	30.5467470803	31.2594691791	5.78
598	0	0	2	2583	161	22.460936178	33.933051022	34.6457731208	8
599	0	0	1	987	61	29.5824567053	23.4554714771	24.3941710248	12.031
599	0	0	2	2331	145	29.5824567053	32.518978681	33.4576782287	4.866
600	0	0	1	577	36	21.1650718951	31.5617036783	32.2333058922	9.465
600	0	0	2	1925	120	21.1650718951	30.7495997557	31.4212019696	7.78
601	0	0	1	584	36	21.0584720942	30.9660966356	31.6343162642	12.787
601	0	0	2	1932	120	21.0584720942	31.3312336169	31.9994532454	8.693
602	0	0	1	547	34	25.2315000282	23.2199582489	24.0205948526	12.645
602	0	0	2	1894	118	25.2315000282	29.6875223875	30.4881589911	7.843
603	0	0	1	149	9	25.550426015	31.8115129026	32.6222695474	9.37
603	0	0	2	1497	93	25.550426015	34.5130633965	35.3238200413	10.032
604	0	0	1	338	21	21.265420087	30.9260756766	31.6008621021	4.284
604	0	0	2	1681	105	21.265420087	32.7936394809	33.4684259063	12.157
605	0	0	1	835	52	26.8961441835	24.2394483816	25.0929068564	18
605	0	0	2	2178	136	26.8961441835	21.6195254599	22.4729839347	15.969
606	0	0	1	122	7	22.8851876692	31.5560520962	32.282236386	9.969
606	0	0	2	1463	91	22.8851876692	34.9448037738	35.6709880636	16.599
607	0	0	1	1248	78	23.6756349417	30.5028403669	31.2541068365	6.725
607	0	0	2	2598	162	23.6756349417	31.6861515915	32.4374180611	20.41
608	0	0	1	1279	79	27.8726802429	29.6373847903	30.5218303452	9.213
608	0	0	2	2627	164	27.8726802429	27.8411373672	28.7255829222	4.882
610	0	0	1	1262	78	25.4726853145	30.6875137167	31.4958035224	6.22
610	0	0	2	2613	163	25.4726853145	29.4177375717	30.2260273774	12.157
611	0	0	1	105	6	22.4472406933	32.3275935498	33.0398810686	13.779
611	0	0	2	1447	90	22.4472406933	30.1485213005	30.8608088193	7.496
612	0	0	1	601	37	19.6136098763	29.0377984111	29.6601702075	10.441
612	0	0	2	1952	122	19.6136098763	27.0421097261	27.6644815224	7.559
613	0	0	1	1003	62	24.0290682574	26.766437609	27.5289190935	7.181
613	0	0	2	2350	146	24.0290682574	26.5984920076	27.3609734921	16.063
614	0	0	1	1041	65	20.5269472825	30.7410868882	31.3924403685	13.244
614	0	0	2	2394	149	20.5269472825	30.5266070237	31.177960504	6.315
615	0	0	1	768	48	24.4436188439	30.3472300266	31.1228658766	4.221
615	0	0	2	2109	131	24.4436188439	32.0856722028	32.8613080529	5.843
616	0	0	1	771	48	24.129792292	27.7328842765	28.4985618988	6.803
616	0	0	2	2113	132	24.129792292	27.0036380834	27.7693157057	13.464
617	0	0	1	529	33	17.8952647395	28.3522591914	28.9201050969	11.937
617	0	0	2	1878	117	17.8952647395	27.2161584006	27.7840043062	4.693
618	0	0	1	771	48	26.4409332733	26.3453415505	27.1843554415	18.456
618	0	0	2	2113	132	26.4409332733	27.5322538905	28.3712677814	9.528
619	0	0	1	471	29	23.0370829352	29.576075093	30.3070792671	7.181
619	0	0	2	1818	113	23.0370829352	29.8017343058	30.5327384799	9.653
620	0	0	1	1211	75	22.3595066811	32.0881827656	32.7976863413	6.788
620	0	0	2	2561	160	22.3595066811	31.3398593983	32.049362974	7.338
621	0	0	1	580	36	20.6851898802	30.8071194482	31.4634942239	12.913
621	0	0	2	1928	120	20.6851898802	30.3186732589	30.9750480346	12.961
622	0	0	1	819	51	27.576873687	28.4754119848	29.3504711158	6.22
622	0	0	2	2161	135	27.576873687	30.1288806643	31.0039397953	15.244
623	0	0	1	1244	77	23.1464551207	29.108264207	29.8427389387	6.693
623	0	0	2	2584	161	23.1464551207	26.7088588247	27.4433335564	6.898
624	0	0	1	1048	65	24.8163028637	31.8580942498	32.645555971	11.78
624	0	0	2	2400	150	24.8163028637	31.4348428682	32.2223045894	13.591
625	0	0	1	973	60	26.7784509552	31.2287578753	32.0784817522	10.913
625	0	0	2	2317	144	26.7784509552	32.3377059516	33.1874298285	10.504
626	0	0	1	737	46	26.1099446101	34.7887870624	35.6172981439	9.716
626	0	0	2	2059	128	26.1099446101	42.0166538927	42.8451649741	7.701
627	0	0	1	490	30	19.2425984556	27.4385926797	28.0491916792	10.536
627	0	0	2	1835	114	19.2425984556	28.3566221507	28.9672211502	15.118
628	0	0	1	534	33	21.1580540825	18.9519884709	19.6233679982	8.929
628	0	0	2	1888	118	21.1580540825	28.4777815604	29.1491610877	9.339
629	0	0	1	1021	63	24.660356669	27.2923625507	28.0748758451	12.897
629	0	0	2	2366	147	24.660356669	30.2344628904	31.0169761848	5.874
629	1	0	1	1012	63	24.660356669	33.0398952617	33.822408556	15.023
629	1	0	2	2365	147	24.660356669	31.504030581	32.2865438753	10.897
630	0	0	1	1275	79	23.1243233043	30.2594504322	30.9932228853	9.118
630	0	0	2	2625	164	23.1243233043	29.3609979841	30.0947704373	8.835
631	0	0	1	478	29	25.3751828645	29.9436748482	30.7488707423	4.74
631	0	0	2	1826	114	25.3751828645	28.1424086604	28.9476045546	11.968
632	0	0	1	1237	77	22.8559570234	30.1463890367	30.8716457905	9.433
632	0	0	2	2585	161	22.8559570234	30.2093772939	30.9346340477	8.961
633	0	0	1	983	61	21.3973964528	23.5283497091	24.2073239597	11.134
633	0	0	2	2329	145	21.3973964528	26.3863375478	27.0653117984	17.779
634	0	0	1	557	34	27.368813604	30.6099290335	31.4783860791	5.748
634	0	0	2	1907	119	27.368813604	30.7623450887	31.6308021343	6.063
635	0	0	1	1254	78	13.1289310324	27.0035490693	27.4201514409	7.086
635	0	0	2	2602	162	13.1289310324	23.3269415348	23.7435439064	18.346
636	0	0	1	547	34	24.096757149	26.9074311912	27.6720605546	11.496
636	0	0	2	1891	118	24.096757149	26.9004328431	27.6650622064	15.764
637	0	0	1	1243	77	11.9775634875	28.8888204989	29.2688881025	12.189
637	0	0	2	2597	162	11.9775634875	28.4219707922	28.8020383958	21.307
639	0	0	1	430	26	23.9154484964	30.622578117	31.3814542614	5.433
639	0	0	2	1784	111	23.9154484964	32.0611497243	32.8200258687	6.409
640	0	0	1	737	46	25.8238972932	28.1090666152	28.9285009492	11.685
640	0	0	2	2077	129	25.8238972932	28.7881046168	29.6075389508	10.063
641	0	0	1	528	33	18.9488814722	27.7278955082	28.3291743893	11.496
641	0	0	2	1876	117	18.9488814722	27.0346472153	27.6359260964	4.725
642	0	0	1	299	18	24.6722682848	33.5742463342	34.3571376035	6.157
642	0	0	2	1642	102	24.6722682848	32.2477597109	33.0306509802	6.914
643	0	0	1	1243	77	26.5010474287	30.5983865415	31.4393079525	9.275
643	0	0	2	2593	162	26.5010474287	27.3900464677	28.2309678788	6.378
644	0	0	1	1103	68	24.9439350136	30.2992120089	31.0907237061	10.221
644	0	0	2	2452	153	24.9439350136	27.3987062753	28.1902179725	16.299
645	0	0	1	839	52	26.9823318452	24.6308424767	25.4870358264	4
645	0	0	2	2181	136	26.9823318452	23.642686844	24.4988801937	7.496
647	0	0	1	993	62	19.3365925822	31.0129534685	31.6265350548	6.535
647	0	0	2	2340	146	19.3365925822	29.8237635483	30.4373451346	8.803
648	0	0	1	570	35	17.1873537966	24.8402897611	25.3856724991	12.189
648	0	0	2	1920	120	17.1873537966	27.9889409145	28.5343236525	11.811
649	0	0	1	984	61	25.8481090862	27.5148488477	28.3350514614	6.929
649	0	0	2	2329	145	25.8481090862	33.1228800508	33.9430826645	9.748
650	0	0	1	1063	66	30.5046054982	30.996622385	31.9645832163	6.677
650	0	0	2	2410	150	30.5046054982	30.9801957976	31.9481566289	8.409
651	0	0	1	153	9	24.5277263466	31.3968840412	32.1751887593	12.772
651	0	0	2	1495	93	24.5277263466	32.0920030978	32.8703078159	18.725
651	1	0	1	154	9	24.5277263466	31.9127271609	32.691031879	15.654
651	1	0	2	1496	93	24.5277263466	34.5149038895	35.2932086076	9.212
652	0	0	1	138	8	19.4948093154	26.9923733313	27.6109753923	15.024
652	0	0	2	1480	92	19.4948093154	26.0558506311	26.6744526921	11.118
653	0	0	1	119	7	21.5695564619	31.4715556718	32.15599284	10.252
653	0	0	2	1459	91	21.5695564619	32.2960211243	32.9804582925	16.347
654	0	0	1	305	19	23.4743437326	32.9786355608	33.7235147324	8.882
654	0	0	2	1649	103	23.4743437326	30.1129385571	30.8578177287	6.677
655	0	0	1	806	50	27.7645883074	26.8384811721	27.7194967938	18.708
655	0	0	2	2148	134	27.7645883074	25.7387498023	26.619765424	22.661
656	0	0	1	415	25	18.2256334574	30.9260549999	31.5043840431	6.409
656	0	0	2	1762	110	18.2256334574	30.8884634261	31.4667924694	11.149
657	0	0	1	485	30	23.4228875344	30.1859612797	30.9292076623	9.197
657	0	0	2	1829	114	23.4228875344	33.3070458385	34.0502922211	6.835
658	0	0	1	1238	77	21.3852057072	27.5165474067	28.1951348251	8.977
658	0	0	2	2587	161	21.3852057072	27.5609720042	28.2395594226	14.126
659	0	0	1	989	61	22.8810505181	28.5439873085	29.2700403198	5.559
659	0	0	2	2333	145	22.8810505181	27.3744277343	28.1004807456	13.843
660	0	0	1	580	36	24.6624386991	31.3859989343	32.1685782949	6.094
660	0	0	2	1928	120	24.6624386991	31.3142738499	32.0968532105	10.347
661	0	0	1	802	50	23.8447833489	16.9269473655	17.6835811897	11.937
661	0	0	2	2133	133	23.8447833489	30.633262604	31.3898964282	9.937
662	0	0	1	1238	77	24.8566951435	27.3069913192	28.0957347532	7.149
662	0	0	2	2587	161	24.8566951435	30.326525583	31.115269017	13.433
663	0	0	1	413	25	22.733905201	28.6937555953	29.415139446	4.536
663	0	0	2	1760	110	22.733905201	29.3648684836	30.0862523342	9.055
664	0	0	1	160	10	23.1541274963	31.7756255688	32.5103437575	12.094
664	0	0	2	1499	93	23.1541274963	29.7030433031	30.4377614918	15.716
665	0	0	1	1059	66	21.4002205665	30.4113899773	31.0904538417	14.472
665	0	0	2	2403	150	21.4002205665	30.1290405473	30.8081044117	10.583
666	0	0	1	760	47	28.1807082225	30.8748791576	31.7690989422	12.898
666	0	0	2	2100	131	28.1807082225	28.9130459532	29.8072657378	4.284
667	0	0	1	987	61	22.8905223497	29.2013922973	29.9277458652	12.677
667	0	0	2	2330	145	22.8905223497	33.6271780979	34.3535316659	6.063
668	0	0	1	903	56	21.1197794423	26.442476479	27.1126414896	17.386
668	0	0	2	2245	140	21.1197794423	28.8941739951	29.5643390057	10.693
669	0	0	1	1237	77	20.4775912488	30.993653421	31.6434407539	10.378
669	0	0	2	2587	161	20.4775912488	31.4838991759	32.1336865088	9.433
670	0	0	1	517	32	20.5765281903	32.0389553802	32.6918821435	5.464
670	0	0	2	1864	116	20.5765281903	30.6638057382	31.3167325015	9.937
671	0	0	1	1021	63	21.5524134869	30.0398827878	30.7237759815	4.252
671	0	0	2	2365	147	21.5524134869	31.8721238589	32.5560170526	5.969
672	0	0	1	1064	66	22.2457994367	29.5049912436	30.2108867031	4
672	0	0	2	2413	150	22.2457994367	28.7235910121	29.4294864716	7.401
673	0	0	1	1019	63	19.7802956381	35.3532000731	35.9808610802	14.662
673	0	0	2	2364	147	19.7802956381	33.0278297303	33.6554907374	14.992
674	0	0	1	1246	77	22.8685405267	30.5235551092	31.2492111581	5.464
674	0	0	2	2596	162	22.8685405267	29.3405208741	30.066176923	8.992
675	0	0	1	564	35	31.4830496978	35.0665303067	36.0655387666	9.355
675	0	0	2	1913	119	31.4830496978	29.4792574229	30.4782658827	4.756
676	0	0	1	1268	79	27.5028312365	26.3886920773	27.2614017207	6.441
676	0	0	2	2617	163	27.5028312365	26.6496563884	27.5223660318	12.473
677	0	0	1	280	17	24.2116451833	31.5230460528	32.2913210006	5.339
677	0	0	2	1624	101	24.2116451833	32.1081752683	32.8764502161	4.725
678	0	0	1	1022	63	26.1991185521	27.62231137	28.4536520859	10.929
678	0	0	2	2368	148	26.1991185521	25.1793295366	26.0106702525	15.874
679	0	0	1	120	7	23.6756431101	28.7006254206	29.4518921494	11.149
679	0	0	2	1460	91	23.6756431101	32.4698099978	33.2210767266	9.418
680	0	0	1	66	4	26.4054171399	25.347157615	26.1850445212	11.654
680	0	0	2	1401	87	26.4054171399	23.4251935503	24.2630804565	11.275
681	0	0	1	457	28	20.9726795921	30.1544260106	30.8199233032	5.008
681	0	0	2	1802	112	20.9726795921	29.7061316786	30.3716289712	5.402
682	0	0	1	1262	78	23.620738184	30.3043236203	31.0538481264	7.213
682	0	0	2	2613	163	23.620738184	30.6847216299	31.4342461359	8.473
683	0	0	1	937	58	27.352408617	27.4185772748	28.2865137634	4.189
683	0	0	2	2282	142	27.352408617	29.7787621701	30.6466986587	8.031
684	0	0	1	1236	77	19.8541251929	28.1088767841	28.7388805233	9.055
684	0	0	2	2586	161	19.8541251929	30.4262163807	31.0562201199	4.283
685	0	0	1	259	16	23.8508678362	33.1069387897	33.8637656846	4.756
685	0	0	2	1602	100	23.8508678362	32.8646190995	33.6214459943	16
686	0	0	1	584	36	20.9259170477	31.2911158948	31.9551293358	11.622
686	0	0	2	1933	120	20.9259170477	33.2900115189	33.9540249599	7.559
687	0	0	1	1264	79	19.6905387255	27.9362172465	28.5610301205	4.189
687	0	0	2	2614	163	19.6905387255	30.8640473455	31.4888602195	12.378
688	0	1	1	778	48	25.0627851892	31.2648481614	32.0601311683	18.63
688	0	1	2	2114	132	25.0627851892	28.5581722951	29.353455302	6.96
689	0	1	1	879	54	25.8812206769	28.7179955219	29.5392488203	11.874
689	0	1	2	2222	138	25.8812206769	28.1260750992	28.9473283976	14.504
690	0	1	1	920	57	27.7412859113	29.1842414621	30.0645176608	19.023
690	0	1	2	2264	141	27.7412859113	31.1150510291	31.9953272278	8.835
691	0	1	1	1246	77	20.5263023129	32.0835842962	32.7349173105	7.544
691	0	1	2	2596	162	20.5263023129	30.7338951332	31.3852281475	18.803
692	0	1	1	551	34	25.6575090874	25.2125953672	26.0267499324	14.189
692	0	1	2	1898	118	25.6575090874	26.2365814084	27.0507359735	9.496
693	0	1	1	759	47	29.0431923679	31.9945474239	32.9161352356	8.252
693	0	1	2	2098	131	29.0431923679	36.1632829651	37.0848707768	4.032
694	0	1	1	879	54	24.4738248054	29.8178449219	30.5944392563	16.252
694	0	1	2	2220	138	24.4738248054	30.2394661076	31.016060442	11.418
695	0	1	1	737	46	25.4854645401	32.9311078754	33.7398031868	12.929
695	0	1	2	2075	129	25.4854645401	33.4246996624	34.2333949738	7.874
696	0	1	1	491	30	22.1395435613	29.4142285853	30.1167523728	11.323
696	0	1	2	1835	114	22.1395435613	31.7723665171	32.4748903046	18.536
697	0	1	1	1246	77	15.3720167351	31.742100875	32.2298800104	9.559
697	0	1	2	2597	162	15.3720167351	33.7249137562	34.2126928916	17.039
698	0	1	1	1244	77	18.3320780143	30.199980251	30.7816869535	4.913
698	0	1	2	2596	162	18.3320780143	30.9353137779	31.5170204804	14.945
699	0	1	1	1243	77	22.2722633774	30.9123043446	31.6190395481	9.559
699	0	1	2	2593	162	22.2722633774	30.9519714373	31.6587066408	15.685
700	0	1	1	903	56	23.7378997884	26.4326217686	27.1858640033	21.181
700	0	1	2	2246	140	23.7378997884	26.8289206335	27.5821628682	15.307
701	0	1	1	1029	64	26.4953453489	25.0279593374	25.8686998121	9.842
701	0	1	2	2373	148	26.4953453489	33.7554077962	34.596148271	16.032
702	0	1	1	743	46	25.790356399	27.0554376209	27.8738076477	15.559
702	0	1	2	2078	129	25.790356399	27.4835724155	28.3019424423	10.63
703	0	1	1	1248	78	21.992627887	28.116486023	28.8143479368	5.197
703	0	1	2	2596	162	21.992627887	25.6311050892	26.328967003	16.362
703	1	1	1	1250	78	21.992627887	29.4469136253	30.144775539	6.189
703	1	1	2	2599	162	21.992627887	27.51133625	28.2091981638	24.661
704	0	1	1	918	57	21.0508141988	29.8463510251	30.5143276561	24.315
704	0	1	2	2262	141	21.0508141988	28.3988052588	29.0667818899	6.441
705	0	1	1	552	34	26.7700822655	32.3281266185	33.1775849432	6.221
705	0	1	2	1901	118	26.7700822655	30.4100070791	31.2594654039	10.567
706	0	1	1	1255	78	20.3265446371	27.0064937074	27.6514880852	7.15
706	0	1	2	2603	162	20.3265446371	28.716806046	29.3618004238	14.819
707	0	1	1	1003	62	24.3090561012	31.5210254661	32.2923914211	9.181
707	0	1	2	2350	146	24.3090561012	30.8056425058	31.5770084608	8.409
708	0	1	1	340	21	23.8251320459	29.856396526	30.6124067823	9.433
708	0	1	2	1682	105	23.8251320459	32.0146956105	32.7707058668	6.897
709	0	1	1	444	27	24.2199584901	28.4849008258	29.2534395685	7.937
709	0	1	2	1791	111	24.2199584901	30.6983689569	31.4669076996	6.992
710	0	1	1	807	50	30.8801067061	32.0645570696	33.044433166	11.118
710	0	1	2	2150	134	30.8801067061	33.1375146207	34.1173907171	11.78
711	0	1	1	478	29	19.144818058	33.4055300686	34.0130263368	11.433
711	0	1	2	1825	114	19.144818058	28.9175352939	29.5250315621	7.811
712	0	1	1	562	35	19.7385128351	30.1973050243	30.823640195	15.134
712	0	1	2	1911	119	19.7385128351	29.9172447	30.5435798707	8.992
713	0	1	1	918	57	20.0942508218	24.6658435565	25.3034668731	14.252
713	0	1	2	2261	141	20.0942508218	27.2565491467	27.8941724633	10.614
714	0	1	1	342	21	27.6600428359	29.9240282631	30.8017264867	11.716
714	0	1	2	1685	105	27.6600428359	30.105968451	30.9836666746	9.118
715	0	1	1	994	62	24.8124041759	27.5481287761	28.3354667856	17.905
715	0	1	2	2337	146	24.8124041759	26.9257820756	27.7131200851	17.401
716	0	1	1	899	56	27.1408919974	28.8081785983	29.66940332	6.189
716	0	1	2	2241	140	27.1408919974	27.5318728728	28.3930975945	6.535
717	0	1	1	993	62	19.9259940916	30.8171214736	31.44940573	11.622
717	0	1	2	2340	146	19.9259940916	30.8414262138	31.4737104702	7.843
718	0	1	1	1047	65	25.9578376277	32.1926576435	33.0163421226	14.063
718	0	1	2	2399	149	25.9578376277	32.3163754175	33.1400598966	12.598
719	0	1	1	210	13	25.5269196949	28.3151548962	29.1251656472	6.315
719	0	1	2	1554	97	25.5269196949	25.9561951848	26.7662059358	10.598
720	0	1	1	966	60	21.8244463054	30.071440101	30.7639653392	9.023
720	0	1	2	2312	144	21.8244463054	27.5449691047	28.2374943429	14.063
721	0	1	1	1246	77	25.2543832408	30.6871485021	31.4885112274	5.086
721	0	1	2	2598	162	25.2543832408	32.5398451776	33.3412079029	5.103
722	0	1	1	918	57	30.6578164815	29.7718608316	30.7446832971	23.401
722	0	1	2	2261	141	30.6578164815	27.6305783077	28.6034007731	9.968
723	0	1	1	937	58	28.462723599	27.2658645707	28.1690331627	10.095
723	0	1	2	2281	142	28.462723599	27.7189807033	28.6221492952	11.338
725	0	1	1	248	15	21.8263464063	30.2289505169	30.9215360484	7.937
725	0	1	2	1591	99	21.8263464063	29.1639356385	29.85652117	11.103
726	0	1	1	72	4	23.3199820265	30.4861940557	31.2261750789	6.441
726	0	1	2	1412	88	23.3199820265	30.1118058893	30.8517869125	5.244
727	0	1	1	1056	66	22.6181673655	32.2237612487	32.9414725493	6.378
727	0	1	2	2401	150	22.6181673655	35.0096602792	35.7273715798	7.969
729	0	1	1	526	32	21.3265241183	29.0362645418	29.7129898978	4.551
729	0	1	2	1874	117	21.3265241183	32.5073945979	33.1841199538	9.811
730	0	1	1	592	37	21.0617983623	27.8441778684	28.5125030449	11.307
730	0	1	2	1943	121	21.0617983623	27.4152328547	28.0835580311	5.008
731	0	1	1	267	16	23.0194591576	29.3962816347	30.1267265776	7.118
731	0	1	2	1610	100	23.0194591576	29.3771829213	30.1076278643	6.976
732	0	1	1	586	36	22.3986709698	31.9624457521	32.6731920744	14.095
732	0	1	2	1936	121	22.3986709698	30.9810223142	31.6917686365	6.662
733	0	1	1	1248	78	24.0020402796	30.3569215786	31.1185454214	5.134
733	0	1	2	2597	162	24.0020402796	29.4250680767	30.1866919195	15.464
735	0	1	1	488	30	20.4224837253	31.6722526461	32.3202913275	11.968
735	0	1	2	1832	114	20.4224837253	32.1105499644	32.7585886458	10.095
736	0	1	1	547	34	21.3584461164	28.37305316	29.050791453	11.78
736	0	1	2	1892	118	21.3584461164	33.34538004	34.023118333	7.213
737	0	1	1	472	29	19.1316581859	18.2797237038	18.8868023878	10.473
737	0	1	2	1818	113	19.1316581859	32.1208820515	32.7279607355	4.126
738	0	1	1	470	29	25.5409253126	30.2571403078	31.0675954798	10.095
738	0	1	2	1817	113	25.5409253126	32.2643466688	33.0748018408	5.559
739	0	1	1	920	57	25.9306039084	31.0898612992	31.912681608	16.189
739	0	1	2	2263	141	25.9306039084	30.7788775592	31.601697868	14.536
740	0	1	1	874	54	21.4663899229	30.2562024853	30.9373660111	12
740	0	1	2	2216	138	21.4663899229	30.1206828164	30.8018463422	17.196
741	0	1	1	1256	78	22.6818028745	29.766676228	30.486406787	7.685
741	0	1	2	2594	162	22.6818028745	29.133048786	29.852779345	15.937
742	0	1	1	1239	77	22.1081744177	33.2585486888	33.9600770822	4.992
742	0	1	2	2589	161	22.1081744177	30.1735770683	30.8751054618	11.748
743	0	1	1	1237	77	19.3483984065	30.7710030193	31.3849592237	6.441
743	0	1	2	2585	161	19.3483984065	31.4139340737	32.027890278	11.181
744	0	1	1	1048	65	20.0539330869	34.9156853767	35.5520293459	7.087
744	0	1	2	2400	150	20.0539330869	33.8769261142	34.5132700834	15.716
745	0	1	1	820	51	27.6880795778	28.0566552967	28.9352431718	9.717
745	0	1	2	2161	135	27.6880795778	29.1824845392	30.0610724143	18.819
746	0	1	1	337	21	20.8536278381	31.6103882797	32.2721078662	7.59
746	0	1	2	1681	105	20.8536278381	31.38039167	32.0421112565	10.772
747	0	1	1	491	30	23.9361955084	28.7792155792	29.5387500601	10.221
747	0	1	2	1835	114	23.9361955084	29.1912975688	29.9508320497	8.771
748	0	1	1	148	9	21.6491318674	30.8100921541	31.4970543796	12.504
748	0	1	2	1485	92	21.6491318674	30.7847485119	31.4717107373	11.402
749	0	1	1	1055	65	26.8499493059	30.8064396593	31.6584322954	10.41
749	0	1	2	2392	149	26.8499493059	31.2012244904	32.0532171265	10.472
750	0	1	1	930	58	24.9097125821	33.6830341063	34.47345987	15.433
750	0	1	2	2272	142	24.9097125821	29.5610131203	30.351438884	4.252
751	0	1	1	1012	63	25.4859567324	29.0918115339	29.9005224633	8.189
751	0	1	2	2357	147	25.4859567324	30.7404367314	31.5491476608	12.063
752	0	1	1	304	19	21.1944489469	27.3585262481	28.0310606437	6.74
752	0	1	2	1649	103	21.1944489469	29.0101669851	29.6827013807	4.409
753	0	1	1	582	36	20.1809550505	30.9907246719	31.6310992549	9.024
753	0	1	2	1930	120	20.1809550505	28.3053700933	28.9457446763	9.811
754	0	1	1	893	55	25.1173874951	26.8310881959	27.6281038229	11.338
754	0	1	2	2235	139	25.1173874951	28.5523120848	29.3493277119	7.622
755	0	1	1	1236	77	20.3786760652	29.1426190636	29.7892676566	10.094
755	0	1	2	2584	161	20.3786760652	31.4215800385	32.0682286315	11.811
756	0	1	1	1063	66	25.33576532	32.519527443	33.3234725543	4.094
756	0	1	2	2408	150	25.33576532	29.0951705279	29.8991156391	18.378
757	0	1	1	737	46	27.9787137714	30.9713230275	31.8591331991	13.339
757	0	1	2	2077	129	27.9787137714	29.2588887608	30.1466989324	5.937
758	0	1	1	489	30	19.6025084569	29.4536560659	30.0756755962	12.535
758	0	1	2	1833	114	19.6025084569	30.1096353944	30.7316549246	9.685
760	0	1	1	1019	63	19.8475756685	33.2294467657	33.8592426778	7.59
760	0	1	2	2364	147	19.8475756685	32.6473243695	33.2771202816	4.63
761	0	1	1	189	11	23.6828699241	29.3281872637	30.0796833111	10.032
761	0	1	2	1532	95	23.6828699241	26.1421977025	26.8936937499	17.402
762	0	1	1	136	8	21.2932349331	28.2634289708	28.9390980067	8.724
762	0	1	2	1478	92	21.2932349331	31.0256060604	31.7012750963	8.693
763	0	1	1	998	62	27.8411523749	28.1302913328	29.0137364571	12.772
763	0	1	2	2344	146	27.8411523749	29.6226063823	30.5060515067	8.535
764	0	1	1	1004	62	27.2553899007	33.9990051768	34.8638631035	8.992
764	0	1	2	2350	146	27.2553899007	30.5304397108	31.3952976375	4.189
765	0	1	1	1021	63	24.4172691871	29.2628852495	30.037684982	9.024
765	0	1	2	2365	147	24.4172691871	28.4865908354	29.2613905679	11.26
765	1	1	1	1020	63	24.4172691871	38.2013747005	38.976174433	8.85
765	1	1	2	2368	148	24.4172691871	26.7795114495	27.554311182	18.409
766	0	1	1	737	46	24.629754769	29.4014045433	30.1829467896	15.559
766	0	1	2	2079	129	24.629754769	29.1784855265	29.9600277728	13.465
767	0	1	1	338	21	22.6596113678	27.6852879009	28.4043142872	8.252
767	0	1	2	1681	105	22.6596113678	28.2581560191	28.9771824054	9.071
767	1	1	1	340	21	22.6596113678	29.8901207479	30.6091471342	8.945
767	1	1	2	1684	105	22.6596113678	28.2817991419	29.0008255282	10.504
769	0	1	1	346	21	22.1451047037	28.3493257932	29.0520260448	8.22
769	0	1	2	1690	105	22.1451047037	30.1356237109	30.8383239625	6.063
770	0	1	1	528	33	22.1323594789	29.4721598512	30.174455676	8.457
770	0	1	2	1874	117	22.1323594789	29.2586562183	29.9609520431	4.646
771	0	1	1	251	15	23.4354499936	33.5107777572	34.2544227671	6.661
771	0	1	2	1593	99	23.4354499936	30.6632091607	31.4068541706	7.496
772	0	1	1	1181	73	18.1172943832	34.8739818542	35.4488731221	6.157
772	0	1	2	2519	157	18.1172943832	27.2796998065	27.8545910745	18.032
773	0	1	1	269	16	20.7049363296	28.1434581355	28.8004594983	11.622
773	0	1	2	1616	101	20.7049363296	29.3725371431	30.0295385058	6.74
774	0	1	1	933	58	33.0412135438	27.6176002013	28.6660517386	12.252
774	0	1	2	2274	142	33.0412135438	26.3390364783	27.3874880156	6.504
775	0	1	1	266	16	17.2668684013	30.2750857554	30.8229916214	13.937
775	0	1	2	1610	100	17.2668684013	30.3482231619	30.8961290278	14.567
776	0	1	1	1002	62	25.4212117672	30.7484859487	31.555142415	7.481
776	0	1	2	2347	146	25.4212117672	30.5514110675	31.3580675337	18.834
777	0	1	1	524	32	18.6872078383	30.9590112072	31.5519867576	8.22
777	0	1	2	1872	117	18.6872078383	31.8690976871	32.4620732375	5.496
778	0	1	1	528	33	20.2184076908	29.9264951484	30.5680581647	7.653
778	0	1	2	1876	117	20.2184076908	29.5121657162	30.1537287325	8.724
779	0	1	1	454	28	20.2422328879	28.1251965183	28.767515547	17.969
779	0	1	2	1800	112	20.2422328879	30.5562073182	31.1985263469	8.788
780	0	1	1	1213	75	21.9343699459	30.5474523314	31.2434656258	11.622
780	0	1	2	2562	160	21.9343699459	32.5678761805	33.2638894748	17.37
781	0	1	1	1032	64	24.5116810704	31.5043477437	32.2821433191	9.685
781	0	1	2	2376	148	24.5116810704	30.9147953864	31.6925909618	7.748
782	0	1	1	778	48	25.3489650376	32.6013824182	33.405746378	5.181
782	0	1	2	2119	132	25.3489650376	33.1516413906	33.9560053504	8.41
783	0	1	1	901	56	29.7318608111	31.9281479891	32.8715883725	6.315
783	0	1	2	2242	140	29.7318608111	31.3576677278	32.3011081112	6.977
784	0	1	1	762	47	29.1062028271	26.2236230349	27.1472102711	16.063
784	0	1	2	2105	131	29.1062028271	20.9853254396	21.9089126758	7.559
785	0	1	1	1022	63	27.8389025186	29.1726606514	30.0560343841	10.221
785	0	1	2	2368	148	27.8389025186	28.0079853671	28.8913590998	15.622
786	0	1	1	1097	68	22.4501314574	30.1544439065	30.866823154	8.661
786	0	1	2	2445	152	22.4501314574	28.8350849062	29.5474641537	13.559
787	0	1	1	915	57	27.3506957722	32.5787558338	33.446637971	9.134
787	0	1	2	2245	140	27.3506957722	29.0395412539	29.9074233912	6.283
788	0	1	1	1056	66	24.2225092399	30.2582210742	31.0268407563	4.835
788	0	1	2	2402	150	24.2225092399	27.5766441204	28.3452638024	14.74
789	0	1	1	937	58	22.4174628833	28.2188159398	28.9301585601	20.315
789	0	1	2	2281	142	22.4174628833	29.1055021224	29.8168447428	9.134
791	0	1	1	917	57	23.8695064873	39.6792199243	40.4366382539	5.496
791	0	1	2	2272	142	23.8695064873	27.0290326671	27.7864509968	4.74
792	0	1	1	433	27	21.2247878909	32.6979937051	33.3714908048	5.874
792	0	1	2	1783	111	21.2247878909	29.4378603779	30.1113574776	4.094
793	0	1	1	452	28	24.226093869	30.5758359312	31.3445693594	13.653
793	0	1	2	1798	112	24.226093869	33.5693973751	34.3381308033	11.748
794	0	1	1	919	57	28.1192391986	28.0984392226	28.9907084949	15.307
794	0	1	2	2262	141	28.1192391986	29.0218673225	29.9141365948	5.622
795	0	1	1	1012	63	26.6558804381	31.2083906138	32.0542251286	6.598
795	0	1	2	2357	147	26.6558804381	33.1593675147	34.0052020294	12.126
796	0	1	1	919	57	29.3150218674	29.4979855559	30.4281989605	22.409
796	0	1	2	2262	141	29.3150218674	29.0535140981	29.9837275027	5.717
797	0	1	1	918	57	25.3011726248	31.7077199457	32.5105673743	19.874
797	0	1	2	2262	141	25.3011726248	31.2840064649	32.0868538935	7.26
798	0	1	1	919	57	26.0676018402	29.9203273055	30.7474947818	14.803
798	0	1	2	2263	141	26.0676018402	30.1481112385	30.9752787149	9.339
799	0	1	1	577	36	20.763766434	31.8055686547	32.4644367925	9.654
799	0	1	2	1926	120	20.763766434	31.0626096518	31.7214777896	11.181
800	0	1	1	1251	78	22.3204777473	28.6516279564	29.3598930804	10.221
800	0	1	2	2598	162	22.3204777473	30.8747721302	31.5830372542	14.614
801	0	1	1	585	36	20.5358298422	30.8217959156	31.473431254	13.339
801	0	1	2	1930	120	20.5358298422	30.4381805458	31.0898158842	8.882
802	0	1	1	1034	64	20.7035704218	22.1560446149	22.8130026352	13.354
802	0	1	2	2378	148	20.7035704218	24.7723780367	25.4293360569	17.229
803	0	1	1	816	51	29.1580686931	26.5225419428	27.4477749675	5.213
803	0	1	2	2158	134	29.1580686931	34.2785489389	35.2037819636	5.607
804	0	1	1	1021	63	26.8594372609	31.0964309716	31.9487246759	11.181
804	0	1	2	2366	147	26.8594372609	32.1328116589	32.9851053632	12.221
805	0	1	1	951	59	24.7440103369	30.7209743537	31.5061421152	11.212
805	0	1	2	2293	143	24.7440103369	31.7991980891	32.5843658507	7.244
806	0	1	1	1031	64	24.6902458844	27.1867984643	27.9702601922	7.339
806	0	1	2	2375	148	24.6902458844	39.7012834625	40.4847451903	6.347
807	0	1	1	1234	77	21.9525787641	26.9032096513	27.5998007412	6.992
807	0	1	2	2584	161	21.9525787641	27.4298286288	28.1264197186	10.788
808	0	1	1	1217	76	22.3520851259	30.7109693354	31.420237413	11.212
808	0	1	2	2567	160	22.3520851259	28.0216848884	28.730952966	11.969
809	0	1	1	167	10	25.8273636654	28.3508257582	29.1703700859	9.685
809	0	1	2	1512	94	25.8273636654	28.1568375072	28.9763818349	12.315
810	0	1	1	1256	78	22.7086968651	30.9083997031	31.6289836522	5.905
810	0	1	2	2602	162	22.7086968651	30.6663195248	31.3869034739	4.866
811	0	1	1	282	17	28.9107017783	26.4997355021	27.4171191715	9.212
811	0	1	2	1626	101	28.9107017783	29.5639648012	30.4813484707	10.031
812	0	1	1	1236	77	24.4247268385	27.2638173028	28.0388536788	15.905
812	0	1	2	2585	161	24.4247268385	27.2600115548	28.0350479307	15.779
813	0	1	1	809	50	29.666165951	31.4706986313	32.4120544098	11.779
813	0	1	2	2152	134	29.666165951	28.0124360797	28.9537918582	7.118
814	0	1	1	486	30	22.9966659779	32.0315256447	32.7612473229	12.095
814	0	1	2	1830	114	22.9966659779	29.3464357874	30.0761574656	9.59
815	0	1	1	521	32	21.7609856359	25.4211718195	26.1116833472	11.622
815	0	1	2	1867	116	21.7609856359	30.1512863818	30.8417979095	7.528
816	0	1	1	1255	78	23.8645842837	29.189261763	29.9465239031	7.874
816	0	1	2	2603	162	23.8645842837	29.4820867346	30.2393488746	16.772
817	0	1	1	112	7	27.0932410286	27.7983242988	28.6580369776	8.347
817	0	1	2	1451	90	27.0932410286	29.8466019519	30.7063146307	9.37
818	0	1	1	429	26	19.908249097	27.3387280311	27.97044921	4.126
818	0	1	2	1775	110	19.908249097	29.8871713609	30.5188925397	13.307
819	0	1	1	533	33	20.5894355669	31.6729577257	32.3262940611	16.567
819	0	1	2	1883	117	20.5894355669	29.8087785298	30.4621148651	15.134
820	0	1	1	1256	78	22.1265589839	29.5767626143	30.27887438	4.472
820	0	1	2	2604	162	22.1265589839	31.8246238713	32.5267356369	13.968
821	0	1	1	103	6	23.5701977311	24.1366648482	24.8845856233	19.528
821	0	1	2	1444	90	23.5701977311	29.097579373	29.8455001481	17.149
822	0	1	1	739	46	26.0532817336	29.3333494149	30.160062491	20.158
822	0	1	2	2077	129	26.0532817336	30.9420349723	31.7687480484	12.252
823	0	1	1	994	62	22.8849977073	30.0256885052	30.7518667673	6.378
823	0	1	2	2340	146	22.8849977073	32.2435135215	32.9696917836	7.811
824	0	1	1	485	30	25.1967234542	32.3167669321	33.1163000184	6.283
824	0	1	2	1830	114	25.1967234542	31.9514848686	32.7510179549	7.103
825	0	1	1	601	37	19.0726116358	14.832768353	15.4379733937	15.906
825	0	1	2	1950	121	19.0726116358	13.2258051862	13.8310102269	9.528
826	0	1	1	133	8	22.9356442136	37.1668463321	37.8946316903	9.527
826	0	1	2	1475	92	22.9356442136	35.9441963941	36.6719817523	8.126
828	0	1	1	470	29	25.7658508079	27.1264370005	27.9440294249	12.851
828	0	1	2	1817	113	25.7658508079	28.9800503551	29.7976427796	6.063
829	0	1	1	1069	66	22.4108304332	30.2599797142	30.9711118761	8.661
829	0	1	2	2415	150	22.4108304332	29.5709420797	30.2820742416	18.536
830	0	1	1	370	23	22.3723997243	26.9339756488	27.6438883417	7.748
830	0	1	2	1721	107	22.3723997243	27.3520166805	28.0619293734	12.283
831	0	1	1	1032	64	28.4558464595	30.59853371	31.5014840792	4.693
831	0	1	2	2376	148	28.4558464595	31.4495895946	32.3525399637	9.622
832	0	1	1	994	62	21.8246634318	29.2125542751	29.9050864031	12.63
832	0	1	2	2338	146	21.8246634318	31.6830858182	32.3756179462	9.874
833	0	1	1	768	48	23.0576899088	11.2926692961	12.0243273631	14.457
833	0	1	2	2108	131	23.0576899088	15.5760119707	16.3076700376	11.181
834	0	1	1	456	28	21.3897779773	30.6424959532	31.3212284572	5.087
834	0	1	2	1801	112	21.3897779773	32.9301366295	33.6088691334	11.433
835	0	1	1	1268	79	21.5283297315	29.7143211424	30.3974501193	7.37
835	0	1	2	2618	163	21.5283297315	31.7344723378	32.4176013147	10.347
836	0	1	1	504	31	22.7518340477	32.5660308715	33.2879836337	7.291
836	0	1	2	1852	115	22.7518340477	31.1712930818	31.893245844	6.961
837	0	1	1	561	35	27.4691663892	23.7866268571	24.65826826	7.307
837	0	1	2	1909	119	27.4691663892	23.1918320198	24.0634734227	8.819
838	0	1	1	309	19	24.8139121931	32.5396805459	33.3270664072	9.181
838	0	1	2	1653	103	24.8139121931	32.1067818942	32.8941677555	5.212
839	0	1	1	538	33	18.590516712	32.5539696297	33.1438770131	8.284
839	0	1	2	1888	118	18.590516712	30.1191510435	30.7090584269	13.906
840	0	1	1	288	18	19.8872625048	27.6704018717	28.3014571117	13.086
840	0	1	2	1632	102	19.8872625048	28.2886808465	28.9197360866	6.63
841	0	1	1	1275	79	21.3203835397	28.8376454754	29.5141759808	13.559
841	0	1	2	2625	164	21.3203835397	28.752739135	29.4292696404	11.496
842	0	1	1	920	57	30.1594848986	25.9207487657	26.8777583581	13.874
842	0	1	2	2262	141	30.1594848986	28.7804186422	29.7374282346	7.622
843	0	1	1	577	36	30.1067045294	28.8125647132	29.7678994985	11.213
843	0	1	2	1925	120	30.1067045294	30.820670562	31.7760053473	7.716
844	0	1	1	551	34	22.0585053401	28.5578401599	29.2577924726	7.354
844	0	1	2	1898	118	22.0585053401	28.6793888453	29.379341158	11.843
845	0	1	1	820	51	28.3237479788	27.0135845784	27.9123432475	7.402
845	0	1	2	2161	135	28.3237479788	27.3153105129	28.214069182	10.945
846	0	1	1	1022	63	19.2241468248	32.5588024967	33.1688159959	10.662
846	0	1	2	2368	148	19.2241468248	25.1228018267	25.7328153259	21.748
847	0	1	1	1284	80	24.1767284809	28.7074039233	29.4745709073	6.819
847	0	1	2	2631	164	24.1767284809	31.0173804989	31.7845474829	14.551
848	0	1	1	994	62	23.7677277585	32.2595242484	33.0137129731	5.779
848	0	1	2	2337	146	23.7677277585	30.17715859	30.9313473147	9.023
849	0	1	1	1255	78	22.3960572421	29.8563925918	30.5670559763	13.843
849	0	1	2	2603	162	22.3960572421	29.3964363358	30.1070997203	20.441
850	0	1	1	491	30	25.3280947278	30.3352417925	31.1389435034	15.118
850	0	1	2	1837	114	25.3280947278	31.0776079544	31.8813096653	5.244
851	0	1	1	972	60	28.0968096773	29.6835937872	30.5751513343	13.906
851	0	1	2	2317	144	28.0968096773	31.0212328423	31.9127903893	7.969
852	0	1	1	879	54	26.0133082602	28.7797968837	29.6052415363	8.882
852	0	1	2	2222	138	26.0133082602	28.2017155925	29.0271602451	15.874
853	0	1	1	577	36	27.7129318876	31.3039419236	32.183318403	4.598
853	0	1	2	1925	120	27.7129318876	31.0431632461	31.9225397255	5.78
854	0	1	1	802	50	22.3387251427	23.0657000791	23.7745442227	14.315
854	0	1	2	2154	134	22.3387251427	28.4529431351	29.1617872787	7.905
855	0	1	1	781	48	25.2024708798	33.4167781322	34.2164935937	9.181
855	0	1	2	2121	132	25.2024708798	32.6242969276	33.4240123891	16.536
856	0	1	1	954	59	25.2198802927	29.2302073121	30.0304752026	9.433
856	0	1	2	2295	143	25.2198802927	27.1702303244	27.9704982149	4.221
857	0	1	1	1270	79	12.0534967864	30.0771694822	30.459646573	7.071
857	0	1	2	2619	163	12.0534967864	27.3122437421	27.694720833	11.134
858	0	1	1	550	34	27.5780750506	29.489453889	30.3645511413	5.905
858	0	1	2	1897	118	27.5780750506	28.3238367543	29.1989340066	6
859	0	1	1	1240	77	22.5908538689	32.0140282541	32.7308728529	4.315
859	0	1	2	2589	161	22.5908538689	33.0726439811	33.7894885799	13.433
860	0	1	1	901	56	27.5628616805	31.1980540599	32.0726685671	9.685
860	0	1	2	2244	140	27.5628616805	29.4626961201	30.3373106273	8.945
861	0	1	1	987	61	29.3434936096	19.6148812975	20.5459981569	14.378
861	0	1	2	2332	145	29.3434936096	26.5629139323	27.4940307917	8.662
863	0	1	1	934	58	21.1582537159	29.8810527422	30.5524386042	16.189
863	0	1	2	2277	142	21.1582537159	32.0946716765	32.7660575384	5.276
864	0	1	1	987	61	19.4100506866	26.865963323	27.4818758546	8.835
864	0	1	2	2331	145	19.4100506866	30.4075250825	31.0234376141	13.039
865	0	1	1	329	20	22.6826994796	28.6431048077	29.3628638174	9.811
865	0	1	2	1673	104	22.6826994796	30.9801877075	31.6999467172	5.811
866	0	1	1	903	56	28.5417815013	31.8441617995	32.7498390275	8.094
866	0	1	2	2245	140	28.5417815013	32.1095982895	33.0152755175	5.244
867	0	1	1	1009	63	23.1256887964	29.6007837181	30.3345995006	11.874
867	0	1	2	2354	147	23.1256887964	31.6233866647	32.3572024472	8.567
869	0	1	1	296	18	23.1311929647	32.9069066354	33.6408970741	6.882
869	0	1	2	1640	102	23.1311929647	33.9438054902	34.6777959289	6.834
870	0	1	1	1256	78	21.6388220394	28.53537683	29.2220119078	8.929
870	0	1	2	2597	162	21.6388220394	30.405047027	31.0916821048	4.677
870	1	1	1	1258	78	21.6388220394	27.2924234959	27.9790585737	9.197
870	1	1	2	2603	162	21.6388220394	25.3977755405	26.0844106183	14.347
870	2	1	1	1257	78	21.6388220394	27.7845778285	28.4712129063	8.535
870	2	1	2	2602	162	21.6388220394	24.5761513906	25.2627864684	17.905
870	3	1	1	1255	78	21.6388220394	27.6248983181	28.3115333959	12.788
870	3	1	2	2594	162	21.6388220394	24.6648652867	25.3515003645	10.283
871	0	1	1	470	29	20.8563140212	32.3936988398	33.0555036633	9.197
871	0	1	2	1817	113	20.8563140212	32.7134493571	33.3752541806	10.095
872	0	1	1	1255	78	25.0390573604	31.9269536992	32.7214837835	5.024
872	0	1	2	2603	162	25.0390573604	31.6843681231	32.4788982074	17.37
873	0	1	1	439	27	24.3876333744	32.7206103953	33.4944697352	6.346
873	0	1	2	1785	111	24.3876333744	32.8773275658	33.6511869057	7.559
874	0	1	1	560	35	18.5857235066	28.6828279918	29.272583279	5.622
874	0	1	2	1910	119	18.5857235066	32.1406783716	32.7304336588	6.473
875	0	1	1	1237	77	22.8756054219	27.9464357512	28.6723159807	16.473
875	0	1	2	2585	161	22.8756054219	28.6160011862	29.3418814158	10.189
876	0	1	1	920	57	19.7917457775	34.2525825734	34.8806069122	16.189
876	0	1	2	2263	141	19.7917457775	29.3469188518	29.9749431905	4.708
877	0	1	1	1275	79	18.7285739313	30.9680131274	31.5623012913	5.023
877	0	1	2	2624	164	18.7285739313	33.8321530992	34.4264412631	7.906
878	0	1	1	488	30	22.1685606079	29.031243049	29.7346875947	8.504
878	0	1	2	1834	114	22.1685606079	27.6431035978	28.3465481434	12.031
880	0	1	1	1270	79	20.4567008539	28.1452371543	28.7943616009	7.591
880	0	1	2	2620	163	20.4567008539	29.2354919341	29.8846163807	6.488
881	0	1	1	918	57	21.4672830159	32.8568659786	33.5380578437	5.937
881	0	1	2	2264	141	21.4672830159	27.881880529	28.5630723941	11.842
882	0	1	1	478	29	21.9568209338	30.9746076199	31.6713333208	13.433
882	0	1	2	1826	114	21.9568209338	31.1445565019	31.8412822027	6.882
883	0	1	1	297	18	26.2378708115	29.6348809057	30.4674512939	13.37
883	0	1	2	1641	102	26.2378708115	26.8652432431	27.6978136313	14.473
884	0	1	1	443	27	20.2526269589	31.5666489444	32.2092977939	4.378
884	0	1	2	1791	111	20.2526269589	29.8580999941	30.5007488436	10.031
885	0	1	1	1245	77	20.9326651467	28.0303942594	28.6946218285	8.504
885	0	1	2	2596	162	20.9326651467	32.0350793627	32.6993069318	12.393
886	0	1	1	1248	78	20.4752035367	30.5824209047	31.2321324716	6.472
886	0	1	2	2598	162	20.4752035367	30.4406481598	31.0903597267	18.095
887	0	1	1	519	32	16.9923395125	31.2682953635	31.8074899805	12.662
887	0	1	2	1865	116	16.9923395125	28.9749322906	29.5141269077	5.197
888	0	1	1	116	7	25.167176381	29.0519558267	29.8505513363	6.63
888	0	1	2	1456	91	25.167176381	29.5474807589	30.3460762685	16.158
889	0	1	1	929	58	18.8360849542	29.729584554	30.3272842178	15.685
889	0	1	2	2270	141	18.8360849542	29.544010199	30.1417098628	4.756
890	0	1	1	1240	77	22.5193986891	30.7153677804	31.4299449899	12.063
890	0	1	2	2589	161	22.5193986891	30.7875364057	31.5021136153	17.118
891	0	1	1	1213	75	16.9781194709	27.1274242267	27.6661676186	13.842
891	0	1	2	2562	160	16.9781194709	29.637462734	30.1762061259	17.071
892	0	1	1	773	48	24.6876098735	34.0519992175	34.8353773004	14.488
892	0	1	2	2118	132	24.6876098735	48.3455803196	49.1289584026	13.197
893	0	1	1	969	60	22.3831632931	28.5897298297	29.2999840682	6.96
893	0	1	2	2313	144	22.3831632931	30.4260391686	31.136293407	7.212
894	0	1	1	903	56	27.0694134926	33.8656825491	34.7246391414	6.882
894	0	1	2	2245	140	27.0694134926	31.1853469573	32.0443035495	6.063
895	0	1	1	545	34	20.9002230698	32.7822332735	33.4454314027	15.055
895	0	1	2	1893	118	20.9002230698	31.981643134	32.6448412631	16.897
896	0	1	1	1009	63	22.3317773112	27.1615804922	27.8702041698	5.843
896	0	1	2	2354	147	22.3317773112	28.2361202481	28.9447439257	18.158
897	0	1	1	1031	64	28.0561932372	22.6091266268	23.4993953481	7.591
897	0	1	2	2375	148	28.0561932372	33.6411169153	34.5313856366	5.874
898	0	1	1	792	49	24.1919572168	36.172883767	36.9405339836	5.937
898	0	1	2	2132	133	24.1919572168	33.807170006	34.5748202226	7.811
899	0	1	1	280	17	26.0813819242	30.5385152774	31.3661200182	12.063
899	0	1	2	1624	101	26.0813819242	28.9417024391	29.7693071799	20.252
900	0	1	1	1236	77	21.8848746843	28.1416108102	28.8360535393	5.622
900	0	1	2	2584	161	21.8848746843	29.442458082	30.1369008111	10.882
901	0	1	1	1012	63	21.0962144086	28.6152096075	29.2846268611	16.677
901	0	1	2	2356	147	21.0962144086	28.5390437758	29.2084610295	8.771
902	0	1	1	1218	76	20.2265473885	28.2312404185	28.8730617207	10.85
902	0	1	2	2567	160	20.2265473885	28.8947346075	29.5365559097	11.039
903	0	1	1	1248	78	24.133285346	29.0096695685	29.775458031	6.094
903	0	1	2	2598	162	24.133285346	30.414234721	31.1800231835	20.74
904	0	1	1	1025	64	27.5598912524	25.7034398537	26.5779601044	10.788
904	0	1	2	2372	148	27.5598912524	24.0026020304	24.8771222811	17.323
905	0	1	1	169	10	23.7642590617	28.2374028428	28.9914815001	4.284
905	0	1	2	1512	94	23.7642590617	25.1933388569	25.9474175142	18.519
906	0	1	1	763	47	22.9874597411	31.798092738	32.5275222873	9.968
906	0	1	2	2105	131	22.9874597411	31.3633196416	32.0927491909	10.709
907	0	1	1	488	30	21.5083427998	33.3253536893	34.0078484482	13.37
907	0	1	2	1833	114	21.5083427998	32.1910149518	32.8735097108	12.126
908	0	1	1	209	13	25.1380630809	31.0892638895	31.8869355866	5.811
908	0	1	2	1552	97	25.1380630809	30.5982339742	31.3959056713	10.945
909	0	1	1	345	21	21.5836510036	29.5738902788	30.2587746897	6.456
909	0	1	2	1689	105	21.5836510036	29.0726342484	29.7575186594	15.685
911	0	1	1	334	20	24.3043683542	29.9446904714	30.7159076766	9.842
911	0	1	2	1678	104	24.3043683542	33.6383960454	34.4096132505	10.803
912	0	1	1	1234	77	23.1925749548	30.8060515969	31.5419897861	4.362
912	0	1	2	2584	161	23.1925749548	31.1915673595	31.9275055487	7.354
913	0	1	1	494	30	23.1281263283	32.6984844601	33.4323775894	4.141
913	0	1	2	1841	115	23.1281263283	32.5844661648	33.3183592941	7.78
914	0	1	1	585	36	19.2133508124	31.6554901748	32.265161099	14.126
914	0	1	2	1933	120	19.2133508124	28.9125481545	29.5222190787	11.118
915	0	1	1	1029	64	19.2459945734	25.6805095715	26.2912163354	4.157
915	0	1	2	2373	148	19.2459945734	36.9173127375	37.5280195014	5.622
916	0	1	1	478	29	18.2983450704	32.5019778944	33.0826141956	11.354
916	0	1	2	1826	114	18.2983450704	31.9242848028	32.504921104	5.811
917	0	1	1	1022	63	19.4488403596	34.2090093892	34.8261527804	6.488
917	0	1	2	2368	148	19.4488403596	28.2701239047	28.8872672958	16.662
918	0	1	1	1245	77	19.038102343	28.9731322286	29.5772422333	13.339
918	0	1	2	2596	162	19.038102343	25.90456343	26.5086734347	19.78
919	0	1	1	1230	76	21.2028294124	32.8566102729	33.5294105944	4.803
919	0	1	2	2581	161	21.2028294124	32.6513265958	33.3241269172	13.15
921	0	1	1	1081	67	24.428014745	33.0844439452	33.8595846518	12.33
921	0	1	2	2427	151	24.428014745	31.4081855608	32.1833262674	8.756
922	0	1	1	1262	78	12.3986000987	41.1750568181	41.5684845993	4.96
922	0	1	2	2613	163	12.3986000987	41.2643670444	41.6577948257	10.74
923	0	1	1	1212	75	18.8812577256	32.2910990337	32.8902321031	7.433
923	0	1	2	2562	160	18.8812577256	29.6201913802	30.2193244497	11.559
924	0	1	1	1233	77	19.2116613265	32.9512742596	33.5608915736	13.591
924	0	1	2	2583	161	19.2116613265	31.455351042	32.064968356	7.465
925	0	1	1	1029	64	23.9753834705	27.6022234208	28.3630013996	13.78
925	0	1	2	2373	148	23.9753834705	36.708498907	37.4692768858	5.843
926	0	1	1	491	30	22.0876859525	29.4385345477	30.1394128087	15.433
926	0	1	2	1837	114	22.0876859525	28.5866128119	29.287491073	15.528
927	0	1	1	604	37	19.005411103	33.3483097014	33.9513823598	7.528
927	0	1	2	1955	122	19.005411103	32.5166438853	33.1197165437	6.063
928	0	1	1	1245	77	21.1954957074	30.4323667655	31.1049343765	9.811
928	0	1	2	2593	162	21.1954957074	31.2392857917	31.9118534027	6.693
929	0	1	1	572	35	21.3692000868	29.400535904	30.078615438	5.748
929	0	1	2	1929	120	21.3692000868	29.5097857614	30.1878652953	4.788
930	0	1	1	822	51	30.8158669118	26.9402423966	27.9180800597	10.74
930	0	1	2	2165	135	30.8158669118	27.3200323767	28.2978700397	15.906
931	0	1	1	469	29	17.7524309872	25.7513383973	26.3146519552	12.472
931	0	1	2	1817	113	17.7524309872	28.386413972	28.9497275299	6.504
933	0	1	1	937	58	25.0216040465	31.9769882586	32.7709645208	5.748
933	0	1	2	2282	142	25.0216040465	33.0310604572	33.8250367194	4.063
934	0	1	1	256	16	22.7247189625	30.3337411946	31.0548335509	5.213
934	0	1	2	1598	99	22.7247189625	30.0387075534	30.7597999098	12.315
935	0	1	1	934	58	29.0174223049	36.0146630675	36.9354331531	4.095
935	0	1	2	2277	142	29.0174223049	32.2499737295	33.1707438152	7.969
936	0	1	1	879	54	24.5478355009	30.4370833282	31.2160261426	7.149
936	0	1	2	2222	138	24.5478355009	29.3993207018	30.1782635161	13.685
937	0	1	1	892	55	24.2620536976	28.5629294513	29.3328039434	16.095
937	0	1	2	2235	139	24.2620536976	27.9555593734	28.7254338655	6.851
938	0	1	1	1021	63	23.5222350916	27.2907393656	28.037138208	13.039
938	0	1	2	2366	147	23.5222350916	26.3913222162	27.1377210586	8.536
939	0	1	1	265	16	24.954753785	31.6272475929	32.4191025874	10.441
939	0	1	2	1609	100	24.954753785	33.4786215032	34.2704764977	7.906
940	0	1	1	582	36	18.0780657781	29.7925546659	30.3662011463	4.189
940	0	1	2	1930	120	18.0780657781	31.114851893	31.6884983733	6.283
941	0	1	1	1238	77	15.262488447	29.4386276821	29.9229313065	12.283
941	0	1	2	2587	161	15.262488447	27.6136995632	28.0980031876	15.292
942	0	1	1	1283	80	18.1864946845	32.0230577919	32.6001448981	4.221
942	0	1	2	2631	164	18.1864946845	29.0566771246	29.6337642308	7.685
943	0	1	1	572	35	20.8252905466	30.7624148255	31.4232352236	12.929
943	0	1	2	1926	120	20.8252905466	29.7086674422	30.3694878403	7.811
944	0	1	1	488	30	17.9465395956	31.9214765167	32.490949457	10.189
944	0	1	2	1834	114	17.9465395956	31.1919298133	31.7614027536	11.559
945	0	1	1	996	62	19.212092908	31.0943750484	31.7040060572	11.15
945	0	1	2	2341	146	19.212092908	28.6082401769	29.2178711857	16.693
946	0	1	1	1245	77	23.4190740502	31.3970013927	32.1401267672	11.591
946	0	1	2	2596	162	23.4190740502	29.678392802	30.4215181765	21.071
946	1	1	1	1244	77	23.4190740502	31.4173430411	32.1604684156	11.433
946	1	1	2	2597	162	23.4190740502	29.4446351542	30.1877605288	11.339
947	0	1	1	214	13	23.9512002697	27.5598675528	28.3198781592	6.283
947	0	1	2	1556	97	23.9512002697	28.7595352925	29.519545899	9.874
948	0	1	1	915	57	27.200584397	30.7098169226	31.5729357814	20.063
948	0	1	2	2257	141	27.200584397	31.5502073246	32.4133261833	7.843
949	0	1	1	1093	68	23.6413209165	27.3826005339	28.1327781636	4.52
949	0	1	2	2441	152	23.6413209165	35.2023174593	35.952495089	6.63
950	0	1	1	280	17	24.6801180296	29.6092000059	30.3923403604	11.685
950	0	1	2	1624	101	24.6801180296	28.330236277	29.1133766315	7.591
951	0	1	1	1029	64	26.8462437169	20.7590213482	21.6108963999	9.118
951	0	1	2	2373	148	26.8462437169	35.18767022	36.0395452717	11.59
952	0	1	1	430	26	24.7017361073	29.0727683124	29.8565946438	8.315
952	0	1	2	1776	111	24.7017361073	29.0689743526	29.8528006839	7.496
953	0	1	1	941	58	25.7128870422	31.2245570294	32.0404688273	5.464
953	0	1	2	2285	142	25.7128870422	29.8233590356	30.6392708335	15.307
954	0	1	1	740	46	22.6854286451	29.5829454867	30.3027910972	4.315
954	0	1	2	2078	129	22.6854286451	29.2108896913	29.9307353018	8.819
955	0	1	1	1244	77	22.6103859478	29.3787852129	30.0962495964	12.158
955	0	1	2	2596	162	22.6103859478	31.2448827028	31.9623470863	15.386
956	0	1	1	1246	77	18.8535437648	29.5004262644	30.0986799247	5.717
956	0	1	2	2594	162	18.8535437648	27.927175821	28.5254294813	8.913
957	0	1	1	1063	66	27.539917264	30.6997309932	31.5736174367	6.221
957	0	1	2	2415	150	27.539917264	32.2653790884	33.1392655319	10.063
958	0	1	1	1064	66	25.8092262064	31.1996756518	32.0186444484	7.15
958	0	1	2	2412	150	25.8092262064	31.9630662447	32.7820350413	8.85
959	0	1	1	574	35	27.8465311997	26.2272246963	27.1108404995	6.315
959	0	1	2	1923	120	27.8465311997	31.2774757451	32.1610915483	9.275
961	0	1	1	1062	66	23.8395007735	29.7177764562	30.4742426556	8.599
961	0	1	2	2408	150	23.8395007735	26.7017804898	27.4582466893	23.969
962	0	1	1	737	46	29.1208764304	31.4347997454	32.358852599	9.779
962	0	1	2	2076	129	29.1208764304	29.7355883873	30.6596412409	6.645
963	0	1	1	1031	64	29.9551979399	20.9293456855	21.8798729199	4.032
963	0	1	2	2376	148	29.9551979399	35.0895242186	36.040051453	13.906
964	0	1	1	521	32	23.2338482942	28.8539421741	29.5911900337	8.661
964	0	1	2	1869	116	23.2338482942	28.9742857566	29.7115336161	5.748
965	0	1	1	840	52	26.8074336501	31.0621746356	31.9128181807	6.252
965	0	1	2	2182	136	26.8074336501	24.830477566	25.6811211111	7.118
966	0	1	1	934	58	27.4618817241	29.4944380532	30.3658483019	8.315
966	0	1	2	2278	142	27.4618817241	27.1407231467	28.0121333954	4.409
967	0	1	1	486	30	22.6685633689	27.7835940735	28.5029045214	6.945
967	0	1	2	1830	114	22.6685633689	30.9339883536	31.6532988014	14.677
968	0	1	1	184	11	25.2391478411	30.571780026	31.3726593073	6.032
968	0	1	2	1528	95	25.2391478411	30.0733004237	30.8741797049	11.213
969	0	1	1	154	9	25.2543533215	32.6501691257	33.4515309016	9.559
969	0	1	2	1495	93	25.2543533215	33.4919824819	34.2933442578	11.748
970	0	1	1	429	26	24.2712971296	31.3187146325	32.0888824338	8.645
970	0	1	2	1776	111	24.2712971296	29.9703370246	30.7405048259	4
971	0	1	1	1009	63	27.7963844889	28.0855192223	28.9675437886	6.032
971	0	1	2	2354	147	27.7963844889	30.7232822231	31.6053067895	13.969
972	0	1	1	989	61	22.0328081506	22.8019979561	23.5011348551	14.535
972	0	1	2	2338	146	22.0328081506	23.4684857116	24.1676226106	8.252
973	0	1	1	1094	68	27.1080850825	26.8782380348	27.7384217396	5.15
973	0	1	2	2442	152	27.1080850825	27.4983126324	28.3584963372	7.086
974	0	1	1	1218	76	23.1224532525	31.596444257	32.3301573704	5.464
974	0	1	2	2566	160	23.1224532525	31.9397104584	32.6734235718	10.583
975	0	1	1	1003	62	25.3223791592	30.1622945218	30.9658148684	12.693
975	0	1	2	2349	146	25.3223791592	31.5630179858	32.3665383324	12.771
976	0	1	1	577	36	22.0804980249	30.547641277	31.2482914534	10.661
976	0	1	2	1926	120	22.0804980249	29.1685885747	29.8692387511	4.929
977	0	1	1	821	51	24.122851138	26.4611192413	27.2265766095	16.41
977	0	1	2	2165	135	24.122851138	30.7186407568	31.4840981249	15.464
978	0	1	1	1004	62	25.8568123374	29.8482128127	30.6686915947	12.158
978	0	1	2	2350	146	25.8568123374	31.7048974786	32.5253762606	7.843
979	0	1	1	997	62	22.1786794898	29.4914723706	30.1952380049	5.905
979	0	1	2	2342	146	22.1786794898	29.6017343738	30.305500008	8.378
980	0	1	1	1248	78	23.3464243097	27.7050726315	28.4458927114	9.181
980	0	1	2	2599	162	23.3464243097	25.297304008	26.0381240879	26.756
981	0	1	1	1245	77	22.0103819714	29.9286761143	30.6271013941	11.181
981	0	1	2	2596	162	22.0103819714	29.6503233941	30.3487486739	20.835
982	0	1	1	485	30	21.5431320918	30.19233171	30.8759303899	14.63
982	0	1	2	1829	114	21.5431320918	30.6317904775	31.3153891573	13.496
983	0	1	1	585	36	19.6159482308	29.8218335977	30.4442795938	12.929
983	0	1	2	1936	121	19.6159482308	31.7619629753	32.3844089715	13.401
984	0	1	1	599	37	16.5274287271	30.7793748899	31.3038171303	11.559
984	0	1	2	1948	121	16.5274287271	28.2484422024	28.7728844428	5.496
985	0	1	1	1218	76	22.6133649437	27.4469135744	28.1644724863	7.969
985	0	1	2	2569	160	22.6133649437	27.8571483179	28.5747072298	13.102
986	0	1	1	597	37	19.6000074785	25.700239479	26.3221796491	14
986	0	1	2	1947	121	19.6000074785	26.1243394724	26.7462796425	9.354
987	0	1	1	550	34	25.9560104534	31.4464569955	32.2700834953	9.874
987	0	1	2	1897	118	25.9560104534	30.0780980508	30.9017245506	11.937
988	0	1	1	521	32	24.600483375	31.3540758733	32.1346892905	9.733
988	0	1	2	1867	116	24.600483375	32.3811881042	33.1618015214	14.913
989	0	1	1	739	46	26.5906543395	28.8957274185	29.7394922029	4.882
989	0	1	2	2078	129	26.5906543395	31.0644067914	31.9081715757	13.701
990	0	1	1	982	61	23.6859410209	29.6920234452	30.4436169435	7.023
990	0	1	2	2327	145	23.6859410209	31.7785015195	32.5300950178	9.04
991	0	1	1	1234	77	22.0175681931	31.1318399145	31.8304932248	6.189
991	0	1	2	2584	161	22.0175681931	30.7180553263	31.4167086366	16.882
992	0	1	1	309	19	21.5116103725	32.5608338533	33.2434322976	10.158
992	0	1	2	1655	103	21.5116103725	31.5876917738	32.2702902182	8.378
994	0	1	1	879	54	25.6727218964	30.0887180705	30.9033553629	12.189
994	0	1	2	2220	138	25.6727218964	28.8470000562	29.6616373486	14.378
995	0	1	1	1255	78	22.1286354633	27.0073342129	27.7095118686	4.945
995	0	1	2	2604	162	22.1286354633	27.1447356714	27.8469133272	12.882
996	0	1	1	488	30	24.347022533	28.6995312367	29.4721019284	5.622
996	0	1	2	1833	114	24.347022533	30.2441704157	31.0167411075	9.37
997	0	1	1	1230	76	21.4529863943	30.0051429863	30.6858811963	5.748
997	0	1	2	2580	161	21.4529863943	30.2596629401	30.9404011501	6.189
998	0	1	1	599	37	18.670371272	27.2459479329	27.8383892316	9.165
998	0	1	2	1950	121	18.670371272	28.4756371011	29.0680783998	11.622
999	0	1	1	545	34	22.9855697261	32.9428654828	33.6722350588	11.906
999	0	1	2	1894	118	22.9855697261	27.2102343134	27.9396038894	15.37
1000	0	1	1	438	27	21.5446573293	31.1324150391	31.8160621173	8.284
1000	0	1	2	1784	111	21.5446573293	27.9243105202	28.6079575983	4.535
1001	0	1	1	562	35	26.0081210098	28.1753928893	29.000672942	5.401
1001	0	1	2	1910	119	26.0081210098	30.8538951574	31.6791752101	14.126
1003	0	1	1	246	15	20.4113707827	32.9450282832	33.5927143328	6.914
1003	0	1	2	1588	99	20.4113707827	30.9216380726	31.5693241222	11.386
1004	0	1	1	933	58	24.7040987705	27.0629263036	27.8468276061	23.843
1004	0	1	2	2276	142	24.7040987705	29.1847936743	29.9686949768	6.157
1005	0	1	1	895	55	29.9586274889	30.9942510671	31.9448871266	12.708
1005	0	1	2	2238	139	29.9586274889	29.0354741532	29.9861102127	6.283
1006	0	1	1	1275	79	17.1188329567	12.9291847632	13.4723932234	10.315
1006	0	1	2	2625	164	17.1188329567	14.2143957896	14.7576042497	9.937
1007	0	1	1	529	33	17.7006634221	30.5072644364	31.0689353252	11.213
1007	0	1	2	1879	117	17.7006634221	29.030794991	29.5924658797	6.378
1008	0	1	1	586	36	20.5097001999	27.7824642618	28.4332704641	9.496
1008	0	1	2	1937	121	20.5097001999	29.9952193461	30.6460255483	6.063
1009	0	1	1	1257	78	22.2772929557	29.5970120032	30.3039068034	8.819
1009	0	1	2	2602	162	22.2772929557	41.7209149548	42.427809755	5.496
1010	0	1	1	1024	64	29.919849606	21.8213917803	22.7707973545	8.031
1010	0	1	2	2368	148	29.919849606	27.2313208174	28.1807263915	13.496
1011	0	1	1	123	7	20.6824541375	32.4803737247	33.1366616908	14.787
1011	0	1	2	1463	91	20.6824541375	40.2051104041	40.8613983702	8.929
1012	0	1	1	741	46	27.5182709704	32.8018550352	33.6750546066	14.898
1012	0	1	2	2073	129	27.5182709704	31.8344242884	32.7076238597	4.252
1013	0	1	1	485	30	24.4948887254	30.4306195629	31.2078822898	9.496
1013	0	1	2	1831	114	24.4948887254	31.688284191	32.4655469179	5.843
1014	0	1	1	470	29	17.1970118796	33.0696732771	33.6153624818	9.496
1014	0	1	2	1817	113	17.1970118796	32.0306078606	32.5762970653	6.598
1015	0	1	1	982	61	25.1612665087	29.521397627	30.3198056067	12.032
1015	0	1	2	2328	145	25.1612665087	29.7456257227	30.5440337024	5.685
1016	0	1	1	521	32	18.7654923305	28.9071752806	29.5026349255	4.756
1016	0	1	2	1867	116	18.7654923305	28.7906434785	29.3861031233	8.598
1017	0	1	1	582	36	19.2606071264	31.5180604043	32.1292308482	5.937
1017	0	1	2	1929	120	19.2606071264	28.7595119011	29.3706823451	9.748
1018	0	1	1	1236	77	22.9419526281	30.5272247485	31.255210283	7.717
1018	0	1	2	2585	161	22.9419526281	31.0741555127	31.8021410472	10.488
1019	0	1	1	879	54	31.2088042269	28.1324187559	29.1227249602	5.086
1019	0	1	2	2222	138	31.2088042269	28.5406937039	29.5309999082	16.772
1021	0	1	1	1243	77	24.2321475349	29.4151808995	30.1841064203	5.874
1021	0	1	2	2593	162	24.2321475349	32.4036855981	33.172611119	14.85
1022	0	1	1	1221	76	19.5513693381	28.900730125	29.5211269277	4.063
1022	0	1	2	2572	160	19.5513693381	27.2125752142	27.8329720169	11.748
1024	0	1	1	1018	63	23.6472878068	31.6436542489	32.3940212178	6
1024	0	1	2	2365	147	23.6472878068	31.6480020613	32.3983690302	8.866
1025	0	1	1	997	62	18.8750179588	27.2926009973	27.8915360687	11.842
1025	0	1	2	2342	146	18.8750179588	26.8466869635	27.4456220349	6.803
1026	0	1	1	157	9	20.0551869113	35.9445844584	36.5809682134	8.22
1026	0	1	2	1498	93	20.0551869113	37.2931661502	37.9295499053	11.338
1027	0	1	1	158	9	23.5720924729	29.9082040127	30.6561849111	15.338
1027	0	1	2	1498	93	23.5720924729	32.2983686898	33.0463495882	13.496
1029	0	1	1	491	30	18.3987353291	30.961982899	31.5458047467	12.315
1029	0	1	2	1838	114	18.3987353291	30.0096400987	30.5934619464	10.693
1030	0	1	1	170	10	13.2329546509	29.9592209823	30.3791241928	6.599
1030	0	1	2	1512	94	13.2329546509	27.9950460813	28.4149492918	15.968
1031	0	1	1	534	33	17.0841979619	32.6058021781	33.1479116134	8.835
1031	0	1	2	1897	118	17.0841979619	30.6653261048	31.2074355401	10.708
1032	0	1	1	1244	77	25.100256489	29.4108845105	30.2073565428	11.181
1032	0	1	2	2593	162	25.100256489	32.2358563219	33.0323283542	13.37
1033	0	1	1	1062	66	23.5002026637	31.4237452726	32.1694449903	5.212
1033	0	1	2	2410	150	23.5002026637	31.0644200475	31.8101197651	12.583
1034	0	1	1	1061	66	21.8721650593	36.7845488083	37.4785882403	5.401
1034	0	1	2	2408	150	21.8721650593	31.6377858356	32.3318252676	12.756
1035	0	1	1	489	30	24.7308152611	29.7262285565	30.5109776168	6.677
1035	0	1	2	1834	114	24.7308152611	30.1368238935	30.9215729538	6.157
1036	0	1	1	1022	63	24.1898900839	35.3694584086	36.1370430317	12.126
1036	0	1	2	2368	148	24.1898900839	30.1360298095	30.9036144326	13.969
1037	0	1	1	1021	63	27.7280574062	21.8478719835	22.7277284202	13.906
1037	0	1	2	2357	147	27.7280574062	21.5712820722	22.4511385089	9.716
1038	0	1	1	168	10	24.0213230074	29.0699215282	29.8321572434	13.654
1038	0	1	2	1511	94	24.0213230074	28.7946325937	29.5568683089	13.433
1039	0	1	1	1239	77	19.5624533785	32.1249376653	32.7456861826	5.937
1039	0	1	2	2589	161	19.5624533785	28.7355985282	29.3563470455	11.968
1040	0	1	1	1221	76	19.1684384001	30.4575095409	31.0657553211	4.614
1040	0	1	2	2571	160	19.1684384001	31.1972149203	31.8054607004	12.96
1041	0	1	1	809	50	23.9715217956	28.0764870823	28.8371425238	7.276
1041	0	1	2	2153	134	23.9715217956	27.9871280623	28.7477835039	9.402
1041	1	1	1	810	50	23.9715217956	29.7844056243	30.5450610659	9.307
1041	1	1	2	2152	134	23.9715217956	29.2870255271	30.0476809686	14.914
1042	0	1	1	522	32	23.4740955592	29.4961519408	30.2410232374	6.693
1042	0	1	2	1869	116	23.4740955592	29.6621774209	30.4070487176	6.851
1043	0	1	1	832	52	30.0487081386	29.921221295	30.8747157603	11.905
1043	0	1	2	2173	135	30.0487081386	29.1756752941	30.1291697594	6.536
1044	0	1	1	1013	63	26.0316303031	19.9079749146	20.7340009554	14.472
1044	0	1	2	2356	147	26.0316303031	20.1575906974	20.9836167383	20.094
1045	0	1	1	952	59	25.2321743568	30.3055983508	31.1062563521	9.37
1045	0	1	2	2294	143	25.2321743568	29.7622515226	30.5629095238	8.693
1045	1	1	1	949	59	25.2321743568	29.1490664689	29.9497244701	7.401
1045	1	1	2	2293	143	25.2321743568	29.8850885153	30.6857465165	6.189
1046	0	1	1	504	31	25.9050826412	29.4931106066	30.3151210839	16.472
1046	0	1	2	1851	115	25.9050826412	30.5634943596	31.385504837	10.236
1047	0	1	1	824	51	21.7236157304	22.1406074772	22.829933197	4.157
1047	0	1	2	2166	135	21.7236157304	30.3704878869	31.0598136067	11.811
1048	0	1	1	1218	76	21.2633540541	26.6533976773	27.3281185442	5.748
1048	0	1	2	2567	160	21.2633540541	26.5526223864	27.2273432533	12.63
1049	0	1	1	901	56	23.9342911437	31.7319142529	32.4913883052	12.504
1049	0	1	2	2242	140	23.9342911437	32.6344968314	33.3939708837	7.811
1050	0	1	1	601	37	17.6033720807	32.1017032116	32.6602868875	5.559
1050	0	1	2	1952	122	17.6033720807	31.1263854871	31.684969163	5.842
1051	0	1	1	1254	78	16.3997200908	31.7274834762	32.2478733135	5.15
1051	0	1	2	2601	162	16.3997200908	32.7960637771	33.3164536144	19.166
1052	0	1	1	1265	79	22.2861014247	29.5339937579	30.2411680651	8.708
1052	0	1	2	2615	163	22.2861014247	31.106932689	31.8141069963	11.276
1053	0	1	1	510	31	21.9337764752	30.3129146239	31.0089090865	6.914
1053	0	1	2	1860	116	21.9337764752	30.4565367542	31.1525312168	15.307
1054	0	1	1	586	36	20.5761113921	27.4300013776	28.0829149152	5.401
1054	0	1	2	1936	121	20.5761113921	29.8201011146	30.4730146522	6.315
1055	0	1	1	1217	76	21.4974881858	28.0291814551	28.7113317794	4.441
1055	0	1	2	2565	160	21.4974881858	28.5209970873	29.2031474117	11.181
1056	0	1	1	879	54	26.7409182296	30.6328318892	31.4813647915	12.63
1056	0	1	2	2222	138	26.7409182296	30.9814954382	31.8300283405	12.661
1057	0	1	1	1246	77	24.9548957066	32.12268787	32.9145473679	12.032
1057	0	1	2	2597	162	24.9548957066	29.4768425581	30.2687020559	17.653
1058	0	1	1	153	9	26.4308349129	29.2486019654	30.087295419	10.897
1058	0	1	2	1495	93	26.4308349129	27.5346631071	28.3733565606	18.803
1059	0	1	1	997	62	20.4935621469	29.0387905832	29.6890846988	6.157
1059	0	1	2	2343	146	20.4935621469	29.7355903126	30.3858844281	5.874
1060	0	1	1	930	58	27.9141945571	28.2197889704	29.1055518422	16.095
1060	0	1	2	2273	142	27.9141945571	28.4526653934	29.3384282652	9.307
1061	0	1	1	523	32	15.1864303516	29.5267439464	30.0086341235	8.96
1061	0	1	2	1872	117	15.1864303516	30.9552155442	31.4371057213	5.15
1062	0	1	1	822	51	23.4953178358	32.2293031615	32.9748478756	11.874
1062	0	1	2	2165	135	23.4953178358	32.3017032002	33.0472479143	18.409
1063	0	1	1	478	29	24.4380953378	32.5337161266	33.3091767068	10.378
1063	0	1	2	1826	114	24.4380953378	30.4579144151	31.2333749953	5.071
1064	0	1	1	1237	77	24.4157135256	27.0243244949	27.7990748637	8.992
1064	0	1	2	2586	161	24.4157135256	27.7169708916	28.4917212605	6.52
1065	0	1	1	275	17	23.8057206219	30.181163444	30.9365577442	4.866
1065	0	1	2	1619	101	23.8057206219	32.8373234863	33.5927177865	11.338
1066	0	1	1	1240	77	22.1563008863	29.6801128273	30.383168352	8.582
1066	0	1	2	2589	161	22.1563008863	28.3954073323	29.098462857	4.788
1067	0	1	1	274	17	23.2755005149	33.4933352047	34.2319047571	6.85
1067	0	1	2	1618	101	23.2755005149	31.8420147694	32.5805843217	9.37
1068	0	1	1	1033	64	28.6727854167	35.6173935423	36.527227738	10.724
1068	0	1	2	2377	148	28.6727854167	26.7140859603	27.623920156	6.772
1069	0	1	1	121	7	22.9332746444	31.8339520933	32.5616622612	8.252
1069	0	1	2	1461	91	22.9332746444	36.8764604092	37.6041705771	10.189
1070	0	1	1	949	59	23.5680680216	27.9632315471	28.7110847431	7.685
1070	0	1	2	2291	143	23.5680680216	28.7129781568	29.4608313528	5.071
1071	0	1	1	1019	63	24.865214675	29.5305882497	30.3196020223	18.756
1071	0	1	2	2364	147	24.865214675	27.7397087867	28.5287225594	18.504
1072	0	1	1	159	9	24.6799305031	29.7772912785	30.5604256825	5.811
1072	0	1	2	1499	93	24.6799305031	30.6829053091	31.4660397131	15.685
1073	0	1	1	1244	77	20.4273295026	28.5545692058	29.2027616516	12.788
1073	0	1	2	2594	162	20.4273295026	29.4683555823	30.1165480282	15.354
1074	0	1	1	1019	63	23.6557792599	35.2513542389	36.0019906554	13.465
1074	0	1	2	2363	147	23.6557792599	32.8256028641	33.5762392806	13.464
1075	0	1	1	1021	63	27.6817829331	24.4630461618	25.3414342341	6.724
1075	0	1	2	2365	147	27.6817829331	25.7673810165	26.6457690888	13.15
1076	0	1	1	490	30	18.0704760992	30.1149537702	30.6883594177	6.189
1076	0	1	2	1835	114	18.0704760992	30.7695333727	31.3429390202	5.307
1077	0	1	1	326	20	25.9421260016	29.4405162562	30.2637021798	6.882
1077	0	1	2	1677	104	25.9421260016	30.8652308246	31.6884167481	4.346
1078	0	1	1	814	50	26.5383611918	33.7085925221	34.5506979597	13.402
1078	0	1	2	2155	134	26.5383611918	31.6328065774	32.4749120149	13.37
1079	0	1	1	538	33	23.2462246964	33.3259244663	34.0635650493	10.504
1079	0	1	2	1889	118	23.2462246964	32.0901914064	32.8278319893	13.717
1080	0	1	1	136	8	21.8596239771	29.6004218171	30.2940633001	13.622
1080	0	1	2	1477	92	21.8596239771	28.7433792459	29.437020729	20.095
1081	0	1	1	209	13	23.6466993883	29.942872009	30.6932203064	4.189
1081	0	1	2	1552	97	23.6466993883	29.0401294317	29.7904777291	15.748
1082	0	1	1	814	50	23.5722598798	29.6570304535	30.405016664	5.685
1082	0	1	2	2158	134	23.5722598798	28.8129360603	29.5609222708	7.118
1083	0	1	1	564	35	22.3310981256	35.6433078952	36.351910021	9.338
1083	0	1	2	1912	119	22.3310981256	34.9372290426	35.6458311685	4.756
1084	0	1	1	1245	77	25.9159531141	31.0154637482	31.8378191634	4.866
1084	0	1	2	2596	162	25.9159531141	27.8613842932	28.6837397084	21.685
1085	0	1	1	1243	77	22.8187603081	29.8308539055	30.5549303469	13.716
1085	0	1	2	2593	162	22.8187603081	28.4083897077	29.1324661492	15.149
1086	0	1	1	557	34	23.1284346143	28.6734788241	29.4073817359	5.622
1086	0	1	2	1906	119	23.1284346143	24.9293736219	25.6632765336	7.118
1087	0	1	1	1244	77	22.5496206429	29.2319104467	29.9474466481	12.504
1087	0	1	2	2594	162	22.5496206429	28.3605407208	29.0760769222	24.645
1088	0	1	1	257	16	26.5155273605	32.8850220403	33.7264029232	7.937
1088	0	1	2	1600	100	26.5155273605	31.19129491	32.0326757928	14.158
1089	0	1	1	1230	76	19.8531482363	31.4447622957	32.0747350344	7.591
1089	0	1	2	2581	161	19.8531482363	29.7645531604	30.3945258991	10.646
1090	0	1	1	935	58	27.1072104563	29.4413255173	30.3014814688	7.339
1090	0	1	2	2277	142	27.1072104563	28.7727902432	29.6329461947	6.598
1091	0	1	1	1001	62	27.6034381942	29.9404233366	30.8163254027	6
1091	0	1	2	2347	146	27.6034381942	27.0549020597	27.9308041258	12.567
1092	0	1	1	1250	78	18.4786939359	30.5785178415	31.164876906	10.283
1092	0	1	2	2602	162	18.4786939359	40.9691643702	41.5555234347	5.292
1093	0	1	1	598	37	22.4912446547	29.6541007219	30.3677845581	13.086
1093	0	1	2	1948	121	22.4912446547	28.4280840096	29.1417678458	7.37
1094	0	1	1	1056	66	25.1025855909	30.4489377196	31.2454836582	7.307
1094	0	1	2	2402	150	25.1025855909	28.4030023682	29.1995483068	18
1095	0	1	1	1256	78	22.3162482358	26.856428226	27.5645591407	11.149
1095	0	1	2	2609	163	22.3162482358	26.8424687605	27.5505996752	18.992
1096	0	1	1	485	30	22.2426067474	30.0704836427	30.776277793	14.661
1096	0	1	2	1831	114	22.2426067474	29.8403880341	30.5461821844	6.347
1097	0	1	1	342	21	24.5285911697	31.1671199468	31.9454521072	10.693
1097	0	1	2	1685	105	24.5285911697	29.8465557988	30.6248879591	10.158
1098	0	1	1	1245	77	18.4919042004	30.619306771	31.2060850188	8.898
1098	0	1	2	2596	162	18.4919042004	33.7684685045	34.3552467522	13.559
1099	0	1	1	773	48	32.8121214508	23.5960023768	24.6371844487	9.622
1099	0	1	2	2118	132	32.8121214508	26.3941952717	27.4353773436	5.118
1100	0	1	1	1031	64	27.3246182401	19.8805592779	20.7476139325	9.559
1100	0	1	2	2374	148	27.3246182401	34.1132068882	34.9802615429	15.654
1101	0	1	1	994	62	22.6202139325	28.839728482	29.5575047235	9.339
1101	0	1	2	2337	146	22.6202139325	29.294332719	30.0121089605	7.937
1102	0	1	1	469	29	19.8189894311	27.9351824601	28.5640712843	13.418
1102	0	1	2	1816	113	19.8189894311	31.5036251461	32.1325139703	11.496
1103	0	1	1	530	33	20.213475655	29.529639625	30.1710461399	9.039
1103	0	1	2	1879	117	20.213475655	29.3397428914	29.9811494062	5.118
1104	0	1	1	591	36	22.2057106159	32.9649628162	33.6695861921	4.126
1104	0	1	2	1940	121	22.2057106159	28.5483435364	29.2529669123	6
1105	0	1	1	1009	63	19.2203798556	27.9147175088	28.524611476	8.551
1105	0	1	2	2354	147	19.2203798556	26.9074316385	27.5173256056	13.212
1106	0	1	1	237	14	27.6423518888	31.7381636541	32.6153005151	5.559
1106	0	1	2	1578	98	27.6423518888	31.7195118916	32.5966487526	7.811
1107	0	1	1	489	30	20.007841339	30.6821517805	31.3170331835	8.945
1107	0	1	2	1837	114	20.007841339	29.9124589075	30.5473403105	8.095
1108	0	1	1	155	9	24.0885546314	29.9871534891	30.7515225732	17.402
1108	0	1	2	1496	93	24.0885546314	29.9812175621	30.7455866462	22.032
1109	0	1	1	827	51	26.6476259043	19.1031332607	19.9487058456	9.37
1109	0	1	2	2167	135	26.6476259043	27.5463915422	28.3919641271	12.252
1110	0	1	1	994	62	19.4017541777	27.3546446329	27.9702939027	7.008
1110	0	1	2	2337	146	19.4017541777	28.0605989877	28.6762482575	9.244
1111	0	1	1	525	32	15.4561579628	31.7635900385	32.2540391122	12.567
1111	0	1	2	1873	117	15.4561579628	30.6347393755	31.1251884492	11.575
1112	0	1	1	1033	64	27.3861615115	29.8720038732	30.7410113962	8.693
1112	0	1	2	2377	148	27.3861615115	21.7648072282	22.6338147511	12.677
1113	0	1	1	1010	63	22.125328244	29.7645269204	30.4665996327	5.087
1113	0	1	2	2356	147	22.125328244	30.59471246	31.2967851723	4.788
1115	0	1	1	518	32	19.1937388565	29.9436196329	30.5526682377	6.662
1115	0	1	2	1865	116	19.1937388565	30.3854195485	30.9944681533	9.528
1116	0	1	1	545	34	23.2327979942	32.3632535363	33.1004680681	16.22
1116	0	1	2	1893	118	23.2327979942	32.1226242156	32.8598387473	14
1117	0	1	1	1009	63	24.1623021005	29.2159613399	29.9826705514	10.221
1117	0	1	2	2354	147	24.1623021005	29.2003236464	29.9670328578	7.339
1118	0	1	1	737	46	25.2411290581	28.9105298543	29.7114720028	19.937
1118	0	1	2	2076	129	25.2411290581	29.0666291975	29.8675713459	7.465
1119	0	1	1	597	37	19.439267833	25.7191287454	26.3359683847	18.504
1119	0	1	2	1948	121	19.439267833	28.6119056173	29.2287452566	11.275
1120	0	1	1	457	28	19.1675340754	31.9118131299	32.5200302144	12.504
1120	0	1	2	1801	112	19.1675340754	33.1899067263	33.7981238107	6.945
1121	0	1	1	1226	76	22.0989598596	28.8180714942	29.5193074947	13.48
1121	0	1	2	2578	161	22.0989598596	29.4120102443	30.1132462448	10.283
1122	0	1	1	1255	78	19.9863131929	30.4348393211	31.0690376009	10.063
1122	0	1	2	2602	162	19.9863131929	28.1823909356	28.8165892154	10
1123	0	1	1	903	56	27.7256883134	29.2949322421	30.1747135037	19.323
1123	0	1	2	2245	140	27.7256883134	29.2009404963	30.0807217579	16.189
1124	0	1	1	778	48	25.3669263342	36.0618807645	36.8668146655	10.315
1124	0	1	2	2119	132	25.3669263342	34.0255484343	34.8304823352	10.929
1125	0	1	1	972	60	22.2139495667	27.6133419468	28.318226758	6.771
1125	0	1	2	2314	144	22.2139495667	28.9319840168	29.6368688281	6.378
1126	0	1	1	1033	64	23.5430438622	33.0086319893	33.7556911279	6.094
1126	0	1	2	2377	148	23.5430438622	22.9065276365	23.6535867752	7.15
1127	0	1	1	377	23	23.2448992466	28.5607502404	29.2983487647	4.221
1127	0	1	2	1722	107	23.2448992466	26.9023764031	27.6399749274	5.118
1128	0	1	1	1240	77	20.4002342611	28.1520381499	28.7993708196	5.654
1128	0	1	2	2589	161	20.4002342611	29.5696385236	30.2169711932	11.811
1129	0	1	1	538	33	22.6502052018	31.449714518	32.1684424313	10.992
1129	0	1	2	1889	118	22.6502052018	30.481165222	31.1998931354	5.149
1130	0	1	1	214	13	27.0170726846	27.6717227846	28.5290185177	5.685
1130	0	1	2	1556	97	27.0170726846	29.2473952945	30.1046910276	11.528
1131	0	1	1	485	30	19.8107755659	27.8660836113	28.4947117962	15.04
1131	0	1	2	1830	114	19.8107755659	30.1278485503	30.7564767352	5.748
1132	0	1	1	993	62	24.2877612818	30.0383212192	30.8090114548	8.126
1132	0	1	2	2341	146	24.2877612818	27.2811195045	28.0518097402	13.433
1133	0	1	1	1067	66	28.8724493847	27.2033808626	28.1195507213	5.212
1133	0	1	2	2415	150	28.8724493847	28.4132948477	29.3294647064	17.165
1134	0	1	1	139	8	27.8213531812	29.0142466351	29.8970634987	12.41
1134	0	1	2	1482	92	27.8213531812	30.1533686738	31.0361855375	8.662
1135	0	1	1	487	30	24.1498216259	31.1783289209	31.9446421065	11.37
1135	0	1	2	1833	114	24.1498216259	31.8082419542	32.5745551398	11.685
1136	0	1	1	333	20	20.6705607991	29.4003978458	30.0563084169	4.063
1136	0	1	2	1687	105	20.6705607991	43.4109251797	44.0668357508	13.055
1137	0	1	1	485	30	17.5140687751	31.1175757295	31.6733256661	7.528
1137	0	1	2	1830	114	17.5140687751	32.650961341	33.2067112776	7.843
1138	0	1	1	490	30	21.4107542588	22.8830907959	23.5624889115	12.094
1138	0	1	2	1850	115	21.4107542588	24.0234102392	24.7028083547	4.473
1139	0	1	1	1243	77	21.6765219711	30.8882179372	31.5760492952	12.284
1139	0	1	2	2594	162	21.6765219711	28.3273770292	29.0152083872	22.157
1140	0	1	1	1062	66	24.6909231832	30.3718175278	31.1553007475	6.347
1140	0	1	2	2407	150	24.6909231832	30.8603842338	31.6438674534	11.905
1140	1	1	1	1061	66	24.6909231832	35.3177333311	36.1012165508	4.851
1140	1	1	2	2411	150	24.6909231832	30.1128098431	30.8962930627	14.031
1141	0	1	1	1021	63	28.4551632879	23.1941716774	24.0971003684	15.134
1141	0	1	2	2366	147	28.4551632879	24.0953165388	24.9982452297	16.473
1142	0	1	1	807	50	27.3607605724	31.1011004523	31.9693019621	10.772
1142	0	1	2	2149	134	27.3607605724	32.4582342619	33.3264357717	8.535
1143	0	1	1	488	30	15.5965037651	29.76719057	30.2620930447	19.527
1143	0	1	2	1832	114	15.5965037651	30.9709424458	31.4658449205	19.496
1144	0	1	1	1029	64	28.0345793569	18.1315582643	19.0211411419	14.063
1144	0	1	2	2372	148	28.0345793569	23.1733096001	24.0628924777	13.874
1145	0	1	1	807	50	29.279854247	31.8359013378	32.7649988165	8.693
1145	0	1	2	2149	134	29.279854247	30.5566883362	31.4857858149	11.465
1147	0	1	1	1224	76	22.9661639741	28.4156665086	29.1444203085	12.315
1147	0	1	2	2575	160	22.9661639741	27.8903683384	28.6191221384	7.559
1148	0	1	1	1045	65	21.9855209914	19.0075277497	19.7051641501	12.662
1148	0	1	2	2394	149	21.9855209914	32.4583780228	33.1560144232	11.465
1149	0	1	1	491	30	17.5868176026	27.6775100651	28.2355684405	12.882
1149	0	1	2	1835	114	17.5868176026	28.736265817	29.2943241924	10.803
1150	0	1	1	551	34	21.2392306114	30.5345186149	31.2084740056	11.481
1150	0	1	2	1896	118	21.2392306114	31.1181068735	31.7920622643	21.59
1151	0	1	1	488	30	21.8761240695	31.470461807	32.1646268649	12.063
1151	0	1	2	1826	114	21.8761240695	28.6379941602	29.332159218	12.882
1152	0	1	1	597	37	21.5818207039	28.8390085792	29.5238349117	12.315
1152	0	1	2	1946	121	21.5818207039	30.0674401722	30.7522665047	7.496
1153	0	1	1	1269	79	18.6494516464	31.5095200645	32.1012975494	10.189
1153	0	1	2	2619	163	18.6494516464	29.9962250466	30.5880025315	4.63
1154	0	1	1	290	18	25.0299323535	29.3334132986	30.1276538316	10.315
1154	0	1	2	1634	102	25.0299323535	29.7063957484	30.5006362814	12.315
1156	0	1	1	541	33	21.8954496427	33.2432592082	33.938037498	18.409
1156	0	1	2	1891	118	21.8954496427	27.4262580075	28.1210362972	20.158
1157	0	1	1	1237	77	22.8524019225	27.1999209866	27.9250649313	5.779
1157	0	1	2	2587	161	22.8524019225	31.0575887448	31.7827326895	13.968
1158	0	1	1	997	62	22.9662347599	26.0585246893	26.7872807354	8.708
1158	0	1	2	2342	146	22.9662347599	27.3259699498	28.0547259958	10.504
1159	0	1	1	440	27	22.9520357966	19.3680877706	20.0963932605	9.071
1159	0	1	2	1785	111	22.9520357966	19.6512960811	20.379601571	13.968
1159	1	1	1	431	26	22.9520357966	30.9469757532	31.6752812431	8.315
1159	1	1	2	1779	111	22.9520357966	30.3018903297	31.0301958195	11.937
1160	0	1	1	998	62	21.9918621783	28.8517030614	29.549540678	5.04
1160	0	1	2	2343	146	21.9918621783	29.3924401558	30.0902777724	13.275
1161	0	1	1	471	29	22.6636650506	29.2321347471	29.9512897633	7.402
1161	0	1	2	1818	113	22.6636650506	31.2191338648	31.938288881	9.465
1162	0	1	1	740	46	27.6069297831	32.1340847839	33.0100976438	7.59
1162	0	1	2	2079	129	27.6069297831	30.4210250263	31.2970378862	12.536
1163	0	1	1	1246	77	16.3339947248	30.1149841566	30.633288421	4
1163	0	1	2	2597	162	16.3339947248	31.0686676658	31.5869719301	19.166
1164	0	1	1	551	34	19.0268033083	31.4384848533	32.0422363212	9.811
1164	0	1	2	1899	118	19.0268033083	29.654448502	30.2581999699	11.118
1165	0	1	1	774	48	26.0449740024	28.2314093383	29.0578587965	17.433
1165	0	1	2	2114	132	26.0449740024	37.8442279132	38.6706773714	15.874
1166	0	1	1	234	14	25.2423579427	32.6985559433	33.4995370863	8.851
1166	0	1	2	1577	98	25.2423579427	32.1487438005	32.9497249435	15.181
1167	0	1	1	74	4	29.5375834489	33.163191478	34.1004671242	11.59
1167	0	1	2	1414	88	29.5375834489	31.7403925736	32.6776682197	15.59
1168	0	1	1	116	7	23.7199853825	27.6846310577	28.4373048391	9.906
1168	0	1	2	1456	91	23.7199853825	28.47155353	29.2242273114	8.284
1169	0	1	1	737	46	25.3315141016	28.514013348	29.3178235612	12.284
1169	0	1	2	2077	129	25.3315141016	30.1976872466	31.0014974597	9.291
1171	0	1	1	281	17	20.9280099784	31.1918893298	31.8559691828	7.181
1171	0	1	2	1625	101	20.9280099784	32.8453646849	33.5094445379	11.906
1172	0	1	1	832	52	28.5403886196	34.341291425	35.2469244546	6.284
1172	0	1	2	2173	135	28.5403886196	29.4478688724	30.353501902	7.055
1173	0	1	1	1056	66	24.8217196749	33.1323658414	33.9199994469	8.787
1173	0	1	2	2401	150	24.8217196749	35.6515188078	36.4391524132	10.599
1174	0	1	1	343	21	20.1083714992	29.6009164454	30.2389878342	8.504
1174	0	1	2	1686	105	20.1083714992	31.4766977637	32.1147691524	7.685
1175	0	1	1	1089	68	20.6410168224	32.9842378111	33.6392109037	6.347
1175	0	1	2	2436	152	20.6410168224	33.4443025299	34.0992756226	8.724
1176	0	1	1	520	32	22.7662354791	27.4566201679	28.179029911	7.496
1176	0	1	2	1866	116	22.7662354791	29.8403220512	30.5627317942	8.189
1178	0	1	1	816	51	27.6315893921	26.8791653139	27.7559606633	5.008
1178	0	1	2	2159	134	27.6315893921	27.720889051	28.5976844004	10.347
1179	0	1	1	234	14	27.0017384356	30.2918860251	31.1486951775	9.654
1179	0	1	2	1576	98	27.0017384356	31.6037245271	32.4605336795	6.22
1180	0	1	1	136	8	22.624434262	31.9871023932	32.7050125526	9.528
1180	0	1	2	1477	92	22.624434262	32.016117246	32.7340274054	7.433
1181	0	1	1	820	51	24.4901946425	30.8306706314	31.6077844074	9.969
1181	0	1	2	2165	135	24.4901946425	33.065862533	33.842976309	13.292
1182	0	1	1	1026	64	22.6428898198	29.6417978208	30.3602936051	5.559
1182	0	1	2	2372	148	22.6428898198	25.6136212698	26.3321170541	17.811
1183	0	1	1	519	32	16.8148593401	31.1073318544	31.6408947365	4.882
1183	0	1	2	1865	116	16.8148593401	33.3374053174	33.8709681994	12.945
1184	0	1	1	1253	78	23.4427582935	30.1378947307	30.8817716449	8.536
1184	0	1	2	2601	162	23.4427582935	28.9717665589	29.715643473	17.969
1185	0	1	1	743	46	22.0758725008	30.950246207	31.650749608	13.937
1185	0	1	2	2078	129	22.0758725008	31.6856680791	32.3861714801	11.339
1186	0	1	1	1227	76	20.1988240535	28.8606668721	29.5016084677	7.04
1186	0	1	2	2579	161	20.1988240535	29.2581784226	29.8991200183	7.024
1187	0	1	1	1244	77	23.8319738005	30.5374491322	31.2936764885	9.969
1187	0	1	2	2593	162	23.8319738005	30.5601389355	31.3163662919	6.41
1188	0	1	1	259	16	24.4741328556	29.5229978119	30.2996019212	11.685
1188	0	1	2	1606	100	24.4741328556	29.6323595537	30.4089636631	10.126
1189	0	1	1	1253	78	22.2901268439	31.6591569199	32.3664589603	7.213
1189	0	1	2	2601	162	22.2901268439	28.9483032004	29.6556052408	16.834
1190	0	1	1	490	30	21.8630418863	30.7145679253	31.4083178642	18.441
1190	0	1	2	1837	114	21.8630418863	30.6532874966	31.3470374355	7.717
1191	0	1	1	263	16	22.6849280314	27.9188774905	28.6387072158	16.031
1191	0	1	2	1607	100	22.6849280314	29.8836471621	30.6034768874	12.031
1192	0	1	1	997	62	26.3939971698	30.4076424827	31.2451670146	8.976
1192	0	1	2	2343	146	26.3939971698	28.2968255688	29.1343501008	9.213
1193	0	1	1	1012	63	19.3697845165	32.3181766747	32.9328114952	7.842
1193	0	1	2	2358	147	19.3697845165	36.5379709715	37.1526057919	7.244
1194	0	1	1	415	25	27.9169399476	24.8268356285	25.712685616	5.685
1194	0	1	2	1764	110	27.9169399476	29.6409671811	30.5268171686	7.685
1195	0	1	1	994	62	21.6757458181	30.5801897354	31.2679964649	11.008
1195	0	1	2	2337	146	21.6757458181	30.8249289124	31.5127356419	4.094
1196	0	1	1	257	16	21.4897555952	31.2128725503	31.894777507	13.464
1196	0	1	2	1596	99	21.4897555952	29.4492132801	30.1311182367	15.465
1197	0	1	1	548	34	24.7778504239	27.2527021123	28.0389436749	9.402
1197	0	1	2	1898	118	24.7778504239	26.1209266578	26.9071682204	7.843
1198	0	1	1	1031	64	26.9802799702	20.8415587226	21.697686963	11.149
1198	0	1	2	2376	148	26.9802799702	31.1210173755	31.9771456159	17.181
1199	0	1	1	936	58	29.0496140688	27.923668876	28.8454604587	19.008
1199	0	1	2	2281	142	29.0496140688	25.0089374656	25.9307290483	7.197
1200	0	1	1	983	61	27.9510392754	33.158931392	34.0458634067	5.716
1200	0	1	2	2328	145	27.9510392754	31.4577988189	32.3447308336	6.882
1201	0	1	1	591	36	19.0323117037	31.0404309852	31.6443572434	11.008
1201	0	1	2	1941	121	19.0323117037	31.2017976015	31.8057238597	8.221
1202	0	1	1	1056	66	26.0030700026	32.1055682137	32.9306879897	8
1202	0	1	2	2402	150	26.0030700026	28.4680949495	29.2932147255	6.094
1203	0	1	1	958	59	23.5442736862	30.8029497156	31.5500478785	10.409
1203	0	1	2	2299	143	23.5442736862	29.9158877212	30.6629858841	6
1204	0	1	1	1257	78	24.8506778581	29.2360339262	30.0245864219	8.283
1204	0	1	2	2616	163	24.8506778581	29.5230852135	30.3116377092	16.645
1205	0	1	1	761	47	25.4908199193	31.8079306361	32.6167958824	15.04
1205	0	1	2	2106	131	25.4908199193	27.6790968114	28.4879620577	11.26
1206	0	1	1	525	32	19.276532033	30.0638570326	30.6755327998	6.157
1206	0	1	2	1872	117	19.276532033	31.448237601	32.0599133682	7.465
1207	0	1	1	592	37	15.5744518519	29.7636539499	30.2578566814	6.347
1207	0	1	2	1945	121	15.5744518519	33.4761802712	33.9703830028	11.685
1208	0	1	1	137	8	24.949386402	30.2368381818	31.0285228605	9.496
1208	0	1	2	1485	92	24.949386402	33.5607006389	34.3523853176	4.567
1209	0	1	1	1255	78	20.8034306281	28.9198577413	29.5799844885	9.181
1209	0	1	2	2602	162	20.8034306281	27.7585094563	28.4186362035	23.968
1210	0	1	1	1245	77	14.6797592011	31.5383165994	32.0041292755	7.874
1210	0	1	2	2596	162	14.6797592011	31.3967566149	31.862569291	20.409
1211	0	1	1	547	34	22.3636603995	23.2259608974	23.9355962773	9.323
1211	0	1	2	1895	118	22.3636603995	26.8638908697	27.5735262496	15.213
1212	0	1	1	902	56	29.1676283389	29.8884675487	30.8140039165	11.197
1212	0	1	2	2247	140	29.1676283389	30.7822910374	31.7078274052	7.59
1213	0	1	1	458	28	17.208225338	28.0730834058	28.6191284318	7.842
1213	0	1	2	1805	112	17.208225338	28.9793746733	29.5254196993	6.284
1214	0	1	1	1093	68	27.8707413954	28.7172656451	29.6016496773	8.567
1214	0	1	2	2441	152	27.8707413954	31.1370026602	32.0213866924	6.646
1215	0	1	1	778	48	27.669340088	28.271318855	29.1493120956	14.189
1215	0	1	2	2119	132	27.669340088	28.0336829975	28.9116762381	16.189
1216	0	1	1	567	35	29.468014154	33.1554811098	34.090549209	5.779
1216	0	1	2	1915	119	29.468014154	35.3282161063	36.2632842054	6.929
1217	0	1	1	1225	76	24.4659381264	30.5939985917	31.3703426689	8.22
1217	0	1	2	2575	160	24.4659381264	30.061644568	30.8379886453	8.819
1218	0	1	1	764	47	23.2387408445	31.0801731339	31.817576242	5.402
1218	0	1	2	2105	131	23.2387408445	32.1491607403	32.8865638484	7.559
1219	0	1	1	1062	66	22.8297050773	31.4433394129	32.1677631497	7.276
1219	0	1	2	2410	150	22.8297050773	29.7344393453	30.4588630821	14.803
1220	0	1	1	567	35	21.6677513735	34.057669395	34.7452224477	10.473
1220	0	1	2	1915	119	21.6677513735	36.1297965482	36.8173496009	11.78
1221	0	1	1	561	35	31.836690128	22.948356384	23.9585864309	6.472
1221	0	1	2	1909	119	31.836690128	27.6604939023	28.6707239492	4.662
1222	0	1	1	994	62	24.4692770095	30.2997245485	31.076174574	8.063
1222	0	1	2	2338	146	24.4692770095	29.3091023563	30.0855523817	4.221
1223	0	1	1	838	52	25.2074179619	29.7694362286	30.5693086691	9.78
1223	0	1	2	2181	136	25.2074179619	23.4866372537	24.2865096942	4.126
1224	0	1	1	984	61	27.5785357446	27.6341732908	28.5092851616	7.433
1224	0	1	2	2329	145	27.5785357446	32.6736960312	33.548807902	5.149
1225	0	1	1	1246	77	23.0176070258	38.2215705487	38.9519567205	6.315
1225	0	1	2	2600	162	23.0176070258	29.0666465795	29.7970327513	5.874
1226	0	1	1	1029	64	27.225923876	19.5860783409	20.4500012626	7.559
1226	0	1	2	2373	148	27.225923876	33.0103102279	33.8742331496	13.37
1227	0	1	1	933	58	25.6174184709	30.3451903327	31.1580727573	15.654
1227	0	1	2	2276	142	25.6174184709	30.3482153073	31.1610977319	9.874
1228	0	1	1	547	34	23.3868452033	29.2665054211	30.0086081218	7.622
1228	0	1	2	1895	118	23.3868452033	31.3128807482	32.054983449	12.378
1229	0	1	1	1092	68	26.3015157224	28.0880701019	28.9226600468	5.969
1229	0	1	2	2440	152	26.3015157224	27.1894026184	28.0239925634	6.126
1230	0	1	1	1255	78	24.2094116452	28.2026478794	28.9708519534	7.449
1230	0	1	2	2602	162	24.2094116452	26.5223188474	27.2905229214	7.023
1231	0	1	1	558	34	24.3447762414	33.0371578669	33.8096572801	15.212
1231	0	1	2	1908	119	24.3447762414	31.9482445221	32.7207439353	7.024
1232	0	1	1	1044	65	21.9113493514	14.8967751333	15.5920579467	10.158
1232	0	1	2	2394	149	21.9113493514	29.8947422376	30.590025051	15.748
1233	0	1	1	1245	77	23.239335387	30.6431409434	31.3805629173	9.779
1233	0	1	2	2596	162	23.239335387	27.7503334288	28.4877554027	18.819
1234	0	1	1	338	21	23.8128722998	28.2075487268	28.9631699614	6.378
1234	0	1	2	1683	105	23.8128722998	29.1566612549	29.9122824894	4.725
1235	0	1	1	1241	77	19.8491487871	27.7200549603	28.3499007901	14.252
1235	0	1	2	2580	161	19.8491487871	29.7797963851	30.4096422148	9.465
1236	0	1	1	1001	62	20.094401944	31.5646974512	32.2023255632	8.063
1236	0	1	2	2346	146	20.094401944	32.5034909373	33.1411190493	10.063
1237	0	1	1	530	33	17.6157100578	28.1576929629	28.7166681429	6.582
1237	0	1	2	1878	117	17.6157100578	30.886862486	31.4458376661	7.717
1238	0	1	1	843	52	30.2963562565	28.0379013952	28.9992541388	12.347
1238	0	1	2	2185	136	30.2963562565	23.1468204168	24.1081731604	6.032
1239	0	1	1	598	37	19.3891387491	27.6446579507	28.2599069125	8.441
1239	0	1	2	1948	121	19.3891387491	26.4019144004	27.0171633622	5.653
1240	0	1	1	525	32	18.1881903202	27.6932705136	28.2704114251	4.441
1240	0	1	2	1872	117	18.1881903202	29.4138400097	29.9909809212	8.441
1241	0	1	1	581	36	18.8475405639	31.1082647278	31.7063278968	6.126
1241	0	1	2	1930	120	18.8475405639	31.0233488665	31.6214120355	6.536
1242	0	1	1	1213	75	21.4089502213	32.6773246659	33.3566655364	4.551
1242	0	1	2	2564	160	21.4089502213	34.020757981	34.7000988515	9.905
1243	0	1	1	987	61	23.4896651927	24.5257353353	25.2711006818	7.874
1243	0	1	2	2332	145	23.4896651927	24.6506994315	25.396064778	12.189
1243	1	1	1	985	61	23.4896651927	21.4359875307	22.1813528772	12.158
1243	1	1	2	2329	145	23.4896651927	29.4121299367	30.1574952832	6.032
1244	0	1	1	774	48	25.3039687504	27.0008367161	27.8037728704	22.315
1244	0	1	2	2117	132	25.3039687504	27.8592755926	28.6622117468	12.693
1245	0	1	1	492	30	20.7122487758	29.7295960201	30.3868294186	5.197
1245	0	1	2	1838	114	20.7122487758	31.4504487176	32.1076821162	11.086
1246	0	1	1	444	27	17.8942631884	27.7613201746	28.3291342993	4.724
1246	0	1	2	1765	110	17.8942631884	38.7233901907	39.2912043154	4.126
1247	0	1	1	732	45	27.4017695978	28.8887874424	29.7582902354	5.118
1247	0	1	2	2071	129	27.4017695978	29.5279272379	30.3974300309	11.292
1248	0	1	1	583	36	25.4156566493	31.518506748	32.3249869413	8.41
1248	0	1	2	1930	120	25.4156566493	32.3589677972	33.1654479905	7.654
1249	0	1	1	1236	77	22.6222789933	30.048592052	30.7664338213	11.527
1249	0	1	2	2585	161	22.6222789933	29.4616668682	30.1795086374	12.52
1250	0	1	1	485	30	20.1722904956	29.8405892864	30.480688929	12.22
1250	0	1	2	1830	114	20.1722904956	31.3475059294	31.987605572	10.882
1251	0	1	1	581	36	30.8692730789	23.0380391357	24.0175714635	9.591
1251	0	1	2	1929	120	30.8692730789	24.5852321569	25.5647644847	12.126
1254	0	1	1	162	10	20.8575574265	31.6214479781	32.2832922569	9.055
1254	0	1	2	1504	94	20.8575574265	29.3346237128	29.9964679915	12.834
1255	0	1	1	1250	78	22.2891032639	32.9314324918	33.6387020523	6.725
1255	0	1	2	2600	162	22.2891032639	32.9059107743	33.6131803348	19.149
1256	0	1	1	1001	62	24.85967973	30.8404552284	31.6292933683	10.614
1256	0	1	2	2347	146	24.85967973	28.2280180591	29.0168561989	12.961
1257	0	1	1	338	21	19.4009571618	32.590023267	33.2056472462	7.685
1257	0	1	2	1682	105	19.4009571618	31.7700190881	32.3856430673	7.307
1258	0	1	1	741	46	26.296801973	28.7847397982	29.6191801682	12.031
1258	0	1	2	2079	129	26.296801973	32.7228614871	33.5573018571	6.488
1259	0	1	1	1246	77	17.7318786424	30.4381200966	31.0007814951	5.59
1259	0	1	2	2597	162	17.7318786424	30.8443393505	31.407000749	14.488
1260	0	1	1	970	60	21.5821767572	30.6650582749	31.3498959056	15.654
1260	0	1	2	2315	144	21.5821767572	28.3551631909	29.0400008216	10.095
1261	0	1	1	1272	79	24.7497894769	29.4427002605	30.2280514036	5.229
1261	0	1	2	2624	164	24.7497894769	31.4698900208	32.2552411639	15.622
1262	0	1	1	413	25	19.0717537435	30.2465030663	30.8516808847	10.914
1262	0	1	2	1760	110	19.0717537435	31.1924502078	31.7976280263	11.748
1263	0	1	1	1265	79	19.3755298363	28.3717394257	28.9865565545	11.276
1263	0	1	2	2616	163	19.3755298363	28.1288784027	28.7436955315	19.874
1264	0	1	1	550	34	20.6048868532	30.0800510134	30.7338776432	12.063
1264	0	1	2	1897	118	20.6048868532	29.2845250627	29.9383516926	10.882
1265	0	1	1	1031	64	26.4009944512	22.5619521655	23.3996987326	6.456
1265	0	1	2	2375	148	26.4009944512	37.0658067522	37.9035533193	13.086
1266	0	1	1	993	62	21.2220124426	31.5931252289	32.2665342591	5.118
1266	0	1	2	2337	146	21.2220124426	31.6050486901	32.2784577203	12.551
1267	0	1	1	902	56	22.885770254	25.8728970464	26.5990998226	7.968
1267	0	1	2	2241	140	22.885770254	27.1851832608	27.911386037	11.024
1268	0	1	1	807	50	20.9875642781	29.8726432827	30.5386128907	6.725
1268	0	1	2	2149	134	20.9875642781	29.4704082992	30.1363779072	11.496
1269	0	1	1	816	51	19.651076781	32.1063452024	32.7299058847	6.347
1269	0	1	2	2155	134	19.651076781	31.1474376772	31.7709983595	9.433
1270	0	1	1	1240	77	20.85016071	31.6828197363	32.3444293052	8.095
1270	0	1	2	2589	161	20.85016071	29.8912371449	30.5528467138	7.37
1271	0	1	1	281	17	26.1301961213	32.6208594827	33.4500131775	17.055
1271	0	1	2	1624	101	26.1301961213	29.8426625144	30.6718162093	14.63
1272	0	1	1	158	9	24.8358870691	28.4666597012	29.2547428612	5.023
1272	0	1	2	1499	93	24.8358870691	29.2628888241	30.050971984	21.496
1273	0	1	1	917	57	28.8651021687	23.076613276	23.9925499956	6.661
1273	0	1	2	2268	141	28.8651021687	27.8116892162	28.7276259357	13.338
1274	0	1	1	269	16	22.9879861122	29.1659329039	29.8953791558	15.023
1274	0	1	2	1611	100	22.9879861122	33.8202799831	34.549726235	7.339
1275	0	1	1	78	4	24.5318076642	33.8225016838	34.6009359088	14.346
1275	0	1	2	1424	89	24.5318076642	32.7399215071	33.5183557321	6.74
1276	0	1	1	1001	62	20.6460964335	30.0282431848	30.6833774618	6.441
1276	0	1	2	2347	146	20.6460964335	28.2120379582	28.8671722351	7.528
1277	0	1	1	821	51	24.9984236093	26.3908612902	27.1841019994	11.433
1277	0	1	2	2164	135	24.9984236093	30.1885806852	30.9818213943	22.598
1278	0	1	1	1000	62	21.2061516328	28.9580349639	29.6309407048	6.126
1278	0	1	2	2345	146	21.2061516328	28.2960317443	28.9689374852	10.126
1281	0	1	1	379	23	20.4083536572	28.5718153147	29.219405626	8.63
1281	0	1	2	1724	107	20.4083536572	27.4696140701	28.1172043814	12.819
1282	0	1	1	1060	66	23.6602114527	29.7028568241	30.4536338813	11.496
1282	0	1	2	2407	150	23.6602114527	28.9143770967	29.6651541538	19.842
1283	0	1	1	529	33	16.0473805585	27.9102903098	28.4194998397	13.559
1283	0	1	2	1878	117	16.0473805585	30.5317282573	31.0409377872	5.481
1284	0	1	1	807	50	22.8261106375	26.0157453265	26.7400550058	22.834
1284	0	1	2	2150	134	22.8261106375	29.8673137277	30.5916234071	12.362
1285	0	1	1	1248	78	22.8778181509	28.8587267328	29.5846771758	6.63
1285	0	1	2	2594	162	22.8778181509	29.2516776668	29.9776281098	9.307
1286	0	1	1	1257	78	20.3057569997	28.7021416265	29.3464763787	6.283
1286	0	1	2	2604	162	20.3057569997	29.0062638598	29.650598612	11.402
1287	0	1	1	1250	78	18.2142772432	32.2663827287	32.8443514208	9.102
1287	0	1	2	2600	162	18.2142772432	32.4540983742	33.0320670662	17.386
1288	0	1	1	477	29	27.4302868743	29.4971367724	30.367544465	10.567
1288	0	1	2	1825	114	27.4302868743	24.7067473568	25.5771550494	5.008
1289	0	1	1	1227	76	22.6914260362	31.0035800799	31.7236159974	5.874
1289	0	1	2	2578	161	22.6914260362	28.9435455949	29.6635815125	6.96
1290	0	1	1	893	55	22.6071252922	28.3708848471	29.0882457647	6.221
1290	0	1	2	2235	139	22.6071252922	29.0433258745	29.7606867921	9.937
1291	0	1	1	469	29	23.3454814888	26.0847118538	26.8255020164	14.094
1291	0	1	2	1816	113	23.3454814888	28.735201395	29.4759915577	6.567
1292	0	1	1	112	7	22.2192506572	25.4121251765	26.1171782	4.457
1292	0	1	2	1451	90	22.2192506572	26.8439021681	27.5489551916	12.74
1293	0	1	1	889	55	26.1418067036	32.5391298824	33.368652	8.866
1293	0	1	2	2231	139	26.1418067036	33.0342047076	33.8637268252	7.181
1294	0	1	1	74	4	23.6916422179	31.8775506149	32.6293250215	18.189
1294	0	1	2	1410	88	23.6916422179	34.5596949614	35.311469368	6.126
1295	0	1	1	545	34	20.7304677642	28.9547973293	29.612608846	15.622
1295	0	1	2	1893	118	20.7304677642	28.8059903357	29.4638018525	12.882
1296	0	1	1	519	32	19.977896367	30.2938186026	30.9277498028	12.834
1296	0	1	2	1866	116	19.977896367	31.6887219212	32.3226531214	8.882
1297	0	1	1	838	52	26.2834722148	30.2829509307	31.1169683258	14.158
1297	0	1	2	2181	136	26.2834722148	24.802260002	25.6362773971	10.567
1298	0	1	1	1255	78	24.9853819044	30.8287107982	31.6215376729	9.937
1298	0	1	2	2604	162	24.9853819044	30.0195736597	30.8124005343	16.646
1299	0	1	1	591	36	16.7415497245	30.4910330976	31.0222697461	13.874
1299	0	1	2	1940	121	16.7415497245	30.7875377222	31.3187743707	6.567
1301	0	1	1	1253	78	24.4527146901	28.5946091601	29.3705336362	13.134
1301	0	1	2	2602	162	24.4527146901	30.3873912424	31.1633157184	15.685
1302	0	1	1	1079	67	28.5558585702	23.5979736246	24.5040975409	6.284
1302	0	1	2	2425	151	28.5558585702	27.2599967132	28.1661206296	15.134
1303	0	1	1	293	18	20.5892856215	29.1310290244	29.7843606017	13.464
1303	0	1	2	1637	102	20.5892856215	29.5607549432	30.2140865205	11.276
1304	0	1	1	261	16	23.3095670603	30.247654654	30.9873051933	9.212
1304	0	1	2	1604	100	23.3095670603	27.0860181179	27.8256686572	5.622
1305	0	1	1	297	18	22.8271172083	30.175513179	30.8998547985	7.748
1305	0	1	2	1641	102	22.8271172083	29.4021101336	30.1264517532	6.063
1306	0	1	1	152	9	25.4484491993	29.2965090376	30.1040297919	12.126
1306	0	1	2	1495	93	25.4484491993	29.2295320366	30.037052791	5.969
1307	0	1	1	170	10	23.3905953329	30.5793753775	31.321597076	17.748
1307	0	1	2	1513	94	23.3905953329	32.2511172248	32.9933389232	14.504
1308	0	1	1	796	49	25.8457446441	29.2500589805	30.0701865666	8.536
1308	0	1	2	2135	133	25.8457446441	25.6618273235	26.4819549096	11.292
1309	0	1	1	949	59	26.8892746036	27.4550762377	28.3083167296	8.063
1309	0	1	2	2292	143	26.8892746036	27.7008170412	28.554057533	5.37
1309	1	1	1	934	58	26.8892746036	29.4339822625	30.2872227544	11.464
1309	1	1	2	2277	142	26.8892746036	27.862329947	28.7155704389	13.874
1310	0	1	1	806	50	24.0065983035	31.974902064	32.7366705403	5.905
1310	0	1	2	2148	134	24.0065983035	28.3701432005	29.1319116768	15.969
1311	0	1	1	918	57	25.2671892784	30.8489209654	31.6506900471	23.937
1311	0	1	2	2262	141	25.2671892784	30.0540724354	30.8558415171	13.024
1312	0	1	1	920	57	22.1327743447	29.5664318013	30.2687407905	10.441
1312	0	1	2	2263	141	22.1327743447	30.6427678795	31.3450768687	7.496
1313	0	1	1	1026	64	24.8596268833	28.2638764315	29.0527128944	9.37
1313	0	1	2	2372	148	24.8596268833	25.527918136	26.3167545989	10.126
1314	0	1	1	984	61	25.2658675767	28.9454627038	29.7471898457	8.914
1314	0	1	2	2329	145	25.2658675767	35.7632081879	36.5649353299	8
1315	0	1	1	893	55	27.6748425105	28.3177426752	29.1959105166	22.614
1315	0	1	2	2235	139	27.6748425105	30.7689602923	31.6471281337	4.63
1316	0	1	1	456	28	27.5019379314	32.4523977948	33.3250790922	8.346
1316	0	1	2	1801	112	27.5019379314	31.6203138713	32.4929951687	7.874
1317	0	1	1	431	26	20.6935708005	31.7410687691	32.3977094851	6.598
1317	0	1	2	1774	110	20.6935708005	31.6702096875	32.3268504034	4.725
1318	0	1	1	997	62	28.3175362967	30.6361375467	31.534699109	13.811
1318	0	1	2	2343	146	28.3175362967	32.2970740534	33.1956356157	11.449
1319	0	1	1	584	36	22.7732217143	27.6166263631	28.3392577908	6.41
1319	0	1	2	1930	120	22.7732217143	29.5586404859	30.2812719136	8.74
1320	0	1	1	545	34	25.6395988984	33.1902604525	34.0038466982	13.905
1320	0	1	2	1894	118	25.6395988984	28.5106439418	29.3242301875	14.803
1321	0	1	1	1217	76	25.2219844314	27.0817207101	27.8820553683	11.402
1321	0	1	2	2565	160	25.2219844314	30.1172910039	30.9176256621	15.244
1322	0	1	1	1022	63	23.9436882646	31.877325522	32.6370977603	13.307
1322	0	1	2	2368	148	23.9436882646	27.5356650286	28.2954372669	18.677
1323	0	1	1	737	46	28.9233815197	32.0556946645	32.9734806828	11.969
1323	0	1	2	2075	129	28.9233815197	34.3080009363	35.2257869546	9.102
1325	0	1	1	1211	75	19.168103163	29.9829848901	30.5912200326	12.441
1325	0	1	2	2561	160	19.168103163	29.4980300273	30.1062651698	11.78
1326	0	1	1	490	30	21.6373591067	32.2032585885	32.8898472451	17.244
1326	0	1	2	1835	114	21.6373591067	33.4631355288	34.1497241854	6.976
1327	0	1	1	547	34	20.4003572238	30.2077765361	30.8551131075	8.394
1327	0	1	2	1894	118	20.4003572238	30.4141616031	31.0614981746	7.528
1328	0	1	1	879	54	25.557052231	28.867209872	29.6781767774	9.386
1328	0	1	2	2223	138	25.557052231	28.8026582699	29.6136251753	10.693
1329	0	1	1	1019	63	27.580127351	37.1093621405	37.9845245156	12.914
1329	0	1	2	2363	147	27.580127351	34.686551668	35.5617140431	11.937
1330	0	1	1	893	55	22.8880005624	27.7508389976	28.4771125451	6.189
1330	0	1	2	2235	139	22.8880005624	29.0771227449	29.8033962925	9.15
1332	0	1	1	805	50	28.8407445067	30.8189123584	31.7340761696	5.937
1332	0	1	2	2146	134	28.8407445067	30.0743228974	30.9894867087	10.252
1333	0	1	1	585	36	20.2772024732	30.3355420066	30.9789706772	9.685
1333	0	1	2	1936	121	20.2772024732	31.2193774879	31.8628061585	13.559
1334	0	1	1	583	36	20.5545289819	29.1654989187	29.8177276112	13.716
1334	0	1	2	1931	120	20.5545289819	30.3895822689	31.0418109614	11.969
1335	0	1	1	158	9	21.9589614275	30.2568142459	30.9536078681	9.275
1335	0	1	2	1498	93	21.9589614275	31.1981163985	31.8949100206	14.126
1336	0	1	1	1238	77	22.6113029045	3.66409027011	4.38158375015	6.189
1336	0	1	2	2578	161	22.6113029045	2.07461604492	2.79210952496	6.914
1337	0	1	1	838	52	25.9062182404	29.4085197165	30.2305662283	6.441
1337	0	1	2	2181	136	25.9062182404	24.2754716217	25.0975181335	9.212
1339	0	1	1	1026	64	27.3104583988	29.443127325	30.3097326648	7.843
1339	0	1	2	2372	148	27.3104583988	24.7478779594	25.6144832992	13.149
1340	0	1	1	814	50	24.6160040391	31.6436290038	32.424734917	6.032
1340	0	1	2	2166	135	24.6160040391	32.2322921651	33.0133980782	6.614
1341	0	1	1	994	62	20.2651382677	29.0125434934	29.6555893471	10.835
1341	0	1	2	2337	146	20.2651382677	29.3800818572	30.0231277109	9.905
1343	0	1	1	993	62	21.0430138813	30.7803959867	31.4481251009	7.685
1343	0	1	2	2332	145	21.0430138813	31.2772834244	31.9450125386	12.094
1344	0	1	1	1268	79	18.6435940687	30.7408232834	31.3324148978	12.094
1344	0	1	2	2629	164	18.6435940687	31.9315748753	32.5231664897	14.472
1345	0	1	1	1055	65	22.9936855696	32.3219231823	33.0515502873	5.842
1345	0	1	2	2391	149	22.9936855696	31.8741677559	32.6037948609	12.032
1346	0	1	1	1003	62	21.9582410725	30.8808044818	31.5775752459	6.677
1346	0	1	2	2349	146	21.9582410725	32.47610494	33.1728757042	7.118
1347	0	1	1	344	21	21.5931621496	31.5787300481	32.2639162632	9.166
1347	0	1	2	1693	105	21.5931621496	33.3233384631	34.0085246782	15.748
1348	0	1	1	1255	78	14.8904668171	30.8947536926	31.3672524646	4.787
1348	0	1	2	2597	162	14.8904668171	33.2766726866	33.7491714586	11.008
1350	0	1	1	1241	77	20.0570857648	30.3520037304	30.9884477392	6.535
1350	0	1	2	2589	161	20.0570857648	30.2528555467	30.8892995555	9.874
1351	0	1	1	892	55	28.8547477774	29.7318291271	30.647437285	19.937
1351	0	1	2	2234	139	28.8547477774	30.7646779916	31.6802861495	8.22
1353	0	1	1	737	46	23.9719872215	30.6078520631	31.3685222733	10.252
1353	0	1	2	2079	129	23.9719872215	31.0543024726	31.8149726829	13.102
1354	0	1	1	1243	77	19.4979373347	28.6578662553	29.2765675735	9.055
1354	0	1	2	2589	161	19.4979373347	29.2728792823	29.8915806004	9.874
1355	0	1	1	157	9	23.876822439	30.0721623921	30.8298128688	13.465
1355	0	1	2	1497	93	23.876822439	28.8644079329	29.6220584096	22.535
1356	0	1	1	918	57	26.490318161	31.8129296539	32.6535106078	4.031
1356	0	1	2	2255	140	26.490318161	31.276273448	32.1168544019	6.882
1357	0	1	1	931	58	28.7431547213	29.7528027373	30.6648698656	5.748
1357	0	1	2	2274	142	28.7431547213	27.2530881412	28.1651552695	10.189
1358	0	1	1	467	29	20.6762843225	42.1170254858	42.7731176737	5.055
1358	0	1	2	1815	113	20.6762843225	31.1399944798	31.7960866676	16.913
1359	0	1	1	490	30	24.1209865803	33.8617428868	34.6271410895	12.441
1359	0	1	2	1833	114	24.1209865803	34.4247196652	35.1901178679	16.945
1360	0	1	1	1229	76	22.6009864414	30.8475738578	31.5647399797	4.441
1360	0	1	2	2580	161	22.6009864414	30.1707171039	30.8878832258	13.748
1361	0	1	1	920	57	24.5518874677	26.6608641628	27.4399355527	18.598
1361	0	1	2	2263	141	24.5518874677	27.495244455	28.2743158449	12.598
1362	0	1	1	340	21	18.5199252564	31.1399978131	31.7276652146	13.401
1362	0	1	2	1683	105	18.5199252564	29.8695526021	30.4572200036	9.874
1363	0	1	1	821	51	27.7397395155	26.2296113108	27.1098384398	7.905
1363	0	1	2	2164	135	27.7397395155	27.6544843388	28.5347114679	15.008
1364	0	1	1	764	47	26.445626137	28.4913564207	29.3305192239	15.37
1364	0	1	2	2107	131	26.445626137	28.2155260444	29.0546888475	7.685
1365	0	1	1	1245	77	22.142185475	34.4223014062	35.124909026	9.481
1365	0	1	2	2594	162	22.142185475	31.8039066834	32.5065143031	17.118
1366	0	1	1	1242	77	24.121907226	31.0655206402	31.8309480565	11.811
1366	0	1	2	2590	161	24.121907226	32.2846631423	33.0500905586	8.63
1366	1	1	1	1241	77	24.121907226	32.9735783155	33.7390057318	6.41
1366	1	1	2	2598	162	24.121907226	31.8970656859	32.6624931022	13.323
1367	0	1	1	487	30	20.9763708766	28.9620656687	29.6276800918	9.685
1367	0	1	2	1833	114	20.9763708766	31.7988696539	32.464484077	7.024
1368	0	1	1	1033	64	23.9800229491	34.3082597498	35.0691849469	11.779
1368	0	1	2	2376	148	23.9800229491	31.0329518713	31.7938770683	7.843
1369	0	1	1	893	55	29.063816432	28.1394219656	29.0616642125	4.567
1369	0	1	2	2235	139	29.063816432	31.1298750885	32.0521173353	7.055
1370	0	1	1	1055	65	23.9259669015	29.4103102077	30.1695201182	12.189
1370	0	1	2	2392	149	23.9259669015	26.7812303425	27.5404402531	13.307
1371	0	1	1	1236	77	23.1245114359	27.8760320265	28.6098104493	7.622
1371	0	1	2	2584	161	23.1245114359	32.9097747562	33.6435531791	7.339
1372	0	1	1	582	36	20.743458644	29.3733985121	30.0316222507	8.567
1372	0	1	2	1930	120	20.743458644	28.7470754782	29.4052992168	13.197
1373	0	1	1	933	58	25.2254722611	32.7141548597	33.5146001925	15.275
1373	0	1	2	2276	142	25.2254722611	32.7808763267	33.5813216595	6.788
1374	0	1	1	1081	67	23.3462381416	28.724735101	29.4655492734	9.685
1374	0	1	2	2427	151	23.3462381416	29.6193410581	30.3601552306	9.338
1375	0	1	1	1246	77	22.5595235981	29.7047214768	30.420571915	10.913
1375	0	1	2	2597	162	22.5595235981	29.5736636494	30.2895140877	23.086
1376	0	1	1	346	21	22.5557153648	28.6557514847	29.3714810816	12.504
1376	0	1	2	1690	105	22.5557153648	30.3004507303	31.0161803271	12.693
1377	0	1	1	905	56	28.1185862577	31.1975320808	32.0897806343	7.748
1377	0	1	2	2247	140	28.1185862577	31.6668874251	32.5591359785	9.716
1378	0	2	1	1245	77	19.5403961396	29.1062785694	29.7263271746	15.874
1378	0	2	2	2596	162	19.5403961396	25.3885620391	26.0086106443	19.276
1379	0	2	1	1032	64	27.8961705181	29.5443984617	30.4295894014	8.897
1379	0	2	2	2376	148	27.8961705181	35.9822323498	36.8674232894	4.41
1380	0	2	1	1248	78	21.0698420303	31.6537138068	32.3222942219	5.905
1380	0	2	2	2598	162	21.0698420303	31.6569776605	32.3255580756	8.693
1381	0	2	1	984	61	21.3406615812	26.1865627832	26.8637367439	10.929
1381	0	2	2	2330	145	21.3406615812	31.7724474818	32.4496214425	9.906
1382	0	2	1	1022	63	28.390169572	25.2965207524	26.1973870869	20
1382	0	2	2	2363	147	28.390169572	26.2703220688	27.1711884033	6.472
1383	0	2	1	102	6	19.9247691934	21.8113812785	22.4436266669	22.992
1383	0	2	2	1444	90	19.9247691934	29.4141045273	30.0463499157	17.086
1384	0	2	1	604	37	19.8323373079	32.3335731909	32.962885565	13.402
1384	0	2	2	1955	122	19.8323373079	31.9769812438	32.6062936179	9.244
1385	0	2	1	1246	77	23.4508480139	31.5547389486	32.2988725628	7.354
1385	0	2	2	2597	162	23.4508480139	30.8284409315	31.5725745456	16.189
1386	0	2	1	74	4	24.4472188328	34.2028161333	34.9785662169	9.937
1386	0	2	2	1414	88	24.4472188328	31.8369634817	32.6127135652	10.409
1387	0	2	1	824	51	27.8334938789	18.3020512128	19.1852533206	10.504
1387	0	2	2	2166	135	27.8334938789	24.5347480809	25.4179501887	16.094
1388	0	2	1	1033	64	23.6113630263	35.712629115	36.461856132	8.126
1388	0	2	2	2377	148	23.6113630263	30.0669773359	30.8162043529	14.252
1389	0	2	1	547	34	20.7635522986	28.9825496615	29.6414110044	11.008
1389	0	2	2	1893	118	20.7635522986	39.228945293	39.8878066359	4.708
1390	0	2	1	108	6	24.6728885427	31.1931640665	31.9760750177	23.559
1390	0	2	2	1449	90	24.6728885427	33.9946606083	34.7775715595	7.181
1391	0	2	1	562	35	19.6999764008	30.4093826115	31.0344949584	12.945
1391	0	2	2	1911	119	19.6999764008	28.2115016006	28.8366139474	12.158
1392	0	2	1	768	48	24.2838833986	28.9355996168	29.7061668009	11.654
1392	0	2	2	2114	132	24.2838833986	28.6324745613	29.4030417455	8.63
1392	1	2	1	767	47	24.2838833986	31.7171957278	32.487762912	13.874
1392	1	2	2	2109	131	24.2838833986	33.2716310239	34.0421982081	10.032
1393	0	2	1	148	9	23.5589538602	24.4932882236	25.2408522124	17.717
1393	0	2	2	1485	92	23.5589538602	29.4585737464	30.2061377352	16.504
1394	0	2	1	520	32	20.5656862831	32.0805905332	32.733173265	7.606
1394	0	2	2	1867	116	20.5656862831	33.1213807656	33.7739634974	7.874
1395	0	2	1	209	13	24.739418965	30.4310209114	31.2160429812	14.441
1395	0	2	2	1552	97	24.739418965	31.8430234523	32.6280455221	11.433
1396	0	2	1	1244	77	23.9543371903	31.4622970952	32.2224072413	9.559
1396	0	2	2	2596	162	23.9543371903	32.1391748803	32.8992850263	17.212
1397	0	2	1	517	32	23.8859624311	30.6736597167	31.4316002203	8.189
1397	0	2	2	1864	116	23.8859624311	28.5848879716	29.3428284752	8.756
1398	0	2	1	1245	77	20.9819682058	30.5933945129	31.2591865484	8.866
1398	0	2	2	2596	162	20.9819682058	32.3899852347	33.0557772702	21.622
1399	0	2	1	809	50	23.4521080199	32.7821170831	33.5262906794	14.504
1399	0	2	2	2152	134	23.4521080199	32.5527885115	33.2969621077	7.622
1400	0	2	1	1237	77	18.7288601161	29.615093108	30.209390353	11.212
1400	0	2	2	2586	161	18.7288601161	29.0331895418	29.6274867868	9.968
1401	0	2	1	564	35	28.4129331798	30.9311894033	31.8327780642	10.283
1401	0	2	2	1912	119	28.4129331798	33.5159323799	34.4175210407	6.221
1402	0	2	1	592	37	20.9850615309	29.8235763357	30.4894665275	16.095
1402	0	2	2	1943	121	20.9850615309	31.1683933334	31.8342835251	9.67
1403	0	2	1	741	46	25.2227350798	30.2547236524	31.05508213	14.409
1403	0	2	2	2079	129	25.2227350798	30.5508353032	31.3511937807	7.197
1404	0	2	1	1022	63	23.5412723955	38.4541755569	39.201178484	8.851
1404	0	2	2	2366	147	23.5412723955	33.2113954612	33.9583983883	5.559
1405	0	2	1	737	46	27.3598462111	30.4026229889	31.2707954845	11.748
1405	0	2	2	2077	129	27.3598462111	30.0097791896	30.8779516852	15.291
1407	0	2	1	935	58	28.1214884619	22.933685585	23.8260262301	13.591
1407	0	2	2	2270	141	28.1214884619	30.5229490827	31.4152897278	6.582
1408	0	2	1	1229	76	23.3322169845	30.8434887207	31.5838579791	7.023
1408	0	2	2	2580	161	23.3322169845	31.0957101008	31.8360793591	16.472
1409	0	2	1	541	33	22.9036739326	31.0695053497	31.7962762388	4.977
1409	0	2	2	1890	118	22.9036739326	29.5995917758	30.3263626649	14.645
1410	0	2	1	994	62	22.9415172385	26.9643765451	27.6923482639	10.645
1410	0	2	2	2337	146	22.9415172385	29.4058747772	30.1338464961	6.913
1412	0	2	1	933	58	31.4900236796	26.9450776335	27.9443073892	18.725
1412	0	2	2	2277	142	31.4900236796	26.0447540648	27.0439838205	4.378
1413	0	2	1	430	26	22.8981789018	31.2661448391	31.9927413619	5.937
1413	0	2	2	1776	111	22.8981789018	32.8118338856	33.5384304084	7.291
1414	0	2	1	1218	76	19.9272399391	30.4851500637	31.1174738529	9.323
1414	0	2	2	2567	160	19.9272399391	28.4039941314	29.0363179206	9.323
1415	0	2	1	1004	62	26.0186389749	30.3885331508	31.2141469557	13.685
1415	0	2	2	2351	146	26.0186389749	28.9031055968	29.7287194017	10.158
1416	0	2	1	1218	76	23.1908085387	32.221035539	32.9569176769	8.063
1416	0	2	2	2567	160	23.1908085387	30.9709698963	31.7068520342	5.906
1418	0	2	1	741	46	26.610988716	30.6741152522	31.5185252795	15.874
1418	0	2	2	2079	129	26.610988716	30.3442234624	31.1886334897	7.055
1419	0	2	1	1245	77	21.9577689839	31.2022342207	31.8989900047	10.032
1419	0	2	2	2586	161	21.9577689839	32.0989266469	32.7956824309	9.591
1419	1	2	1	1246	77	21.9577689839	31.4679328471	32.1646886311	8.378
1419	1	2	2	2596	162	21.9577689839	29.8806407292	30.5773965132	22
1420	0	2	1	70	4	24.3701350387	26.0358831323	26.8091872214	7.843
1420	0	2	2	1408	88	24.3701350387	32.8758006613	33.6491047505	6.095
1421	0	2	1	920	57	28.1301941842	29.9049461694	30.7975630613	17.748
1421	0	2	2	2263	141	28.1301941842	29.0518007245	29.9444176164	9.843
1422	0	2	1	1006	62	26.7185040428	28.3116797815	29.1595014452	6.598
1422	0	2	2	2351	146	26.7185040428	30.2631696327	31.1109912964	9.622
1423	0	2	1	1226	76	22.3294452134	30.9855632452	31.6941129215	16.693
1423	0	2	2	2567	160	22.3294452134	31.7645238745	32.4730735508	8.425
1424	0	2	1	1268	79	18.986681229	28.8232762868	29.4257546158	5.906
1424	0	2	2	2618	163	18.986681229	28.0440342995	28.6465126284	8.756
1425	0	2	1	1012	63	27.2430787768	27.1526216353	28.01708891	11.843
1425	0	2	2	2356	147	27.2430787768	28.489404312	29.3538715867	13.653
1426	0	2	1	582	36	27.6621417326	23.0763673302	23.9541321552	6.85
1426	0	2	2	1931	120	27.6621417326	23.7122102426	24.5899750676	10.315
1427	0	2	1	297	18	20.9971087745	30.7366804537	31.4029529241	9.811
1427	0	2	2	1640	102	20.9971087745	32.1772328164	32.8435052868	6.945
1428	0	2	1	108	6	20.8593046782	28.7810016037	29.4429013256	29.559
1428	0	2	2	1449	90	20.8593046782	30.7532481875	31.4151479095	10.126
1429	0	2	1	490	30	23.7369857659	29.5984609563	30.3516741876	13.78
1429	0	2	2	1835	114	23.7369857659	29.9306184441	30.6838316753	11.811
1430	0	2	1	526	32	21.7711650465	27.971084222	28.661918759	12.409
1430	0	2	2	1874	117	21.7711650465	31.0557491884	31.7465837254	6.425
1431	0	2	1	1258	78	22.5433605859	29.075178821	29.7905163806	5.606
1431	0	2	2	2609	163	22.5433605859	28.6478233932	29.3631609527	23.528
1432	0	2	1	809	50	24.2840644077	26.9632442923	27.7338172201	9.26
1432	0	2	2	2151	134	24.2840644077	27.5341334354	28.3047063633	10.834
1433	0	2	1	1012	63	26.1365174026	30.8479841532	31.6773384327	7.685
1433	0	2	2	2357	147	26.1365174026	33.8612016066	34.690555886	10.126
1434	0	2	1	310	19	23.282581943	29.5902265051	30.3290207627	12.992
1434	0	2	2	1653	103	23.282581943	32.929719077	33.6685133346	14.598
1435	0	2	1	1090	68	27.1698159104	28.1588078047	29.0209503292	12.456
1435	0	2	2	2438	152	27.1698159104	28.1798564383	29.0419989629	15.433
1436	0	2	1	430	26	25.699276954	31.33144444	32.1469243676	10.961
1436	0	2	2	1776	111	25.699276954	31.7115316975	32.5270116251	4.252
1437	0	2	1	893	55	26.6073393089	28.988935815	29.8332300406	19.906
1437	0	2	2	2235	139	26.6073393089	29.9389106772	30.7832049028	13.071
1438	0	2	1	994	62	22.2493889015	28.5776782656	29.2836876246	12.787
1438	0	2	2	2337	146	22.2493889015	27.5877343274	28.2937436865	14.851
1439	0	2	1	1003	62	27.1196065254	32.4574313586	33.3179806575	12.126
1439	0	2	2	2350	146	27.1196065254	31.0090313289	31.8695806278	6
1440	0	2	1	333	20	23.7098493144	28.3746087542	29.1269609016	7.181
1440	0	2	2	1677	104	23.7098493144	28.9468298695	29.6991820169	11.449
1441	0	2	1	76	4	27.4129781967	31.0029429016	31.8728013617	8.851
1441	0	2	2	1416	88	27.4129781967	30.9612331776	31.8310916376	11.401
1442	0	2	1	1221	76	23.965635384	32.0676911375	32.8281597936	7.449
1442	0	2	2	2572	160	23.965635384	29.8432931272	30.6037617833	11.37
1443	0	2	1	1251	78	21.0540098842	27.6485730264	28.3166510618	9.024
1443	0	2	2	2601	162	21.0540098842	27.2379712983	27.9060493336	26.315
1444	0	2	1	469	29	22.3859725691	28.9171177908	29.6274611722	12.126
1444	0	2	2	1815	113	22.3859725691	30.1017561594	30.8120995408	6.315
1445	0	2	1	1283	80	18.507639492	29.4917775795	30.0790551337	10.095
1445	0	2	2	2632	164	18.507639492	27.5390568627	28.1263344168	13.197
1446	0	2	1	601	37	22.2484390477	31.9077900599	32.6137692786	10.898
1446	0	2	2	1952	122	22.2484390477	31.1340186984	31.8399979171	5.717
1447	0	2	1	1213	75	22.8637323107	33.7785316965	34.5040351729	7.134
1447	0	2	2	2562	160	22.8637323107	32.2958681096	33.021371586	10.252
1448	0	2	1	1230	76	21.1461737987	27.2777484588	27.9487510053	13.874
1448	0	2	2	2580	161	21.1461737987	27.593181402	28.2641839484	11.874
1448	1	2	1	1240	77	21.1461737987	29.1218123216	29.7928148681	6
1448	1	2	2	2590	161	21.1461737987	29.1250457556	29.796048302	10.882
1449	0	2	1	1211	75	21.9439183183	27.6155756304	28.3118919103	12.693
1449	0	2	2	2561	160	21.9439183183	27.9880663208	28.6843826006	14.74
1450	0	2	1	263	16	21.7706048675	29.5482153995	30.2390321612	11.905
1450	0	2	2	1606	100	21.7706048675	31.8979521868	32.5887689484	9.559
1451	0	2	1	478	29	18.5825062387	30.1410805932	30.7307337913	17.087
1451	0	2	2	1825	114	18.5825062387	27.7076430741	28.2972962721	17.401
1452	0	2	1	1254	78	23.6726406041	30.2252133365	30.9763847909	6
1452	0	2	2	2601	162	23.6726406041	33.0102074569	33.7613789113	19.291
1453	0	2	1	1062	66	28.9101824145	30.2038821283	31.1212493175	7.843
1453	0	2	2	2408	150	28.9101824145	25.988182184	26.9055493732	13.654
1454	0	2	1	1245	77	22.247303503	29.2952102134	30.0011533994	9.276
1454	0	2	2	2597	162	22.247303503	28.2268432759	28.9327864619	4.929
1455	0	2	1	126	7	25.8403912065	31.5220629674	32.3420206801	7.78
1455	0	2	2	1466	91	25.8403912065	31.2188765752	32.038834288	7.496
1456	0	2	1	768	48	28.3134764495	29.5248049689	30.4232377056	5.874
1456	0	2	2	2106	131	28.3134764495	26.6018064174	27.5002391541	6.063
1457	0	2	1	603	37	18.9355235251	33.5221603939	34.1230154056	11.103
1457	0	2	2	1954	122	18.9355235251	34.359872282	34.9607272937	10.725
1458	0	2	1	529	33	23.9021102362	20.7898724353	21.548325335	14.252
1458	0	2	2	1876	117	23.9021102362	23.339106456	24.0975593557	6.189
1459	0	2	1	447	27	29.8991680146	28.2120968127	29.1608461262	6.662
1459	0	2	2	1792	112	29.8991680146	28.4875139238	29.4362632373	5.906
1460	0	2	1	901	56	19.2475162815	31.9552062752	32.5659613253	9.244
1460	0	2	2	2242	140	19.2475162815	28.138921156	28.7496762061	6.63
1461	0	2	1	1288	80	28.095323518	28.6848055766	29.5763159654	4.347
1461	0	2	2	2639	164	28.095323518	30.0119188885	30.9034292773	7.559
1462	0	2	1	444	27	19.4943540947	30.1063749816	30.7249625977	7.055
1462	0	2	2	1790	111	19.4943540947	27.9376554026	28.5562430187	11.008
1463	0	2	1	740	46	25.9671762602	30.4444505646	31.2684313737	5.213
1463	0	2	2	2078	129	25.9671762602	30.2913506724	31.1153314815	14.094
1464	0	2	1	1019	63	29.702230628	30.4955540454	31.4380542148	13.811
1464	0	2	2	2365	147	29.702230628	28.6422409847	29.5847411541	5.748
1465	0	2	1	1002	62	23.9752978343	30.8284243118	31.5891995732	7.559
1465	0	2	2	2341	146	23.9752978343	30.4740626178	31.2348378792	11.717
1466	0	2	1	898	56	23.6575265811	27.9041721551	28.6548640169	13.748
1466	0	2	2	2241	140	23.6575265811	28.4804673375	29.2311591994	5.748
1467	0	2	1	580	36	20.134543092	28.7611103985	29.4000122544	5.339
1467	0	2	2	1928	120	20.134543092	29.3075951989	29.9464970549	10.126
1468	0	2	1	532	33	19.5378146427	28.2300380506	28.8500047407	18
1468	0	2	2	1881	117	19.5378146427	31.1123005213	31.7322672114	13.433
1470	0	2	1	737	46	28.4821750594	30.1568385963	31.0606244148	8.882
1470	0	2	2	2077	129	28.4821750594	28.8419428152	29.7457286337	12.567
1471	0	2	1	805	50	21.1782918885	29.5564664062	30.228488112	9.071
1471	0	2	2	2146	134	21.1782918885	28.0141754178	28.6861971236	5.716
1472	0	2	1	234	14	23.9600559074	29.1119507735	29.8722423837	9.559
1472	0	2	2	1577	98	23.9600559074	30.4797664182	31.2400580284	5.937
1473	0	2	1	1237	77	25.6365975721	29.277724474	30.0912154827	10.189
1473	0	2	2	2586	161	25.6365975721	29.1074562334	29.9209472422	7.244
1474	0	2	1	933	58	27.0071926834	28.5451794786	29.4021617032	8.41
1474	0	2	2	2277	142	27.0071926834	28.2460269889	29.1030092135	11.811
1475	0	2	1	1000	62	26.7102651002	32.2692809779	33.1168412066	5.15
1475	0	2	2	2345	146	26.7102651002	31.8175702995	32.6651305281	7.449
1476	0	2	1	489	30	23.2206281975	31.2420008702	31.9788292345	9.307
1476	0	2	2	1835	114	23.2206281975	30.6087377862	31.3455661505	9.102
1477	0	2	1	798	49	27.0493486347	32.5269377905	33.3852576921	10.819
1477	0	2	2	2134	133	27.0493486347	30.8631791997	31.7214991014	13.811
1478	0	2	1	824	51	28.3070804016	15.3778678755	16.2760976552	14
1478	0	2	2	2166	135	28.3070804016	24.047185712	24.9454154917	19.086
1479	0	2	1	548	34	22.0631401989	37.5814295704	38.2815289547	11.716
1479	0	2	2	1895	118	22.0631401989	34.1333644056	34.8334637899	15.228
1480	0	2	1	486	30	22.7014058194	26.5199687322	27.2403213245	4.315
1480	0	2	2	1832	114	22.7014058194	31.2045870291	31.9249396214	9.071
1481	0	2	1	1217	76	21.2701340072	27.7996907749	28.4746267808	11.874
1481	0	2	2	2567	160	21.2701340072	29.025754648	29.7006906538	12.315
1482	0	2	1	1021	63	23.7447543881	25.8959892647	26.649449007	13.685
1482	0	2	2	2366	147	23.7447543881	30.9047511762	31.6582109185	10.126
1484	0	2	1	129	8	25.1248950326	22.7249435546	23.5221974081	7.811
1484	0	2	2	1472	92	25.1248950326	34.0656297587	34.8628836122	20.504
1485	0	2	1	250	15	18.9195459618	27.2370076659	27.8373556835	12.22
1485	0	2	2	1593	99	18.9195459618	26.2658472764	26.866195294	13.528
1486	0	2	1	338	21	21.3712991554	22.8131342415	23.4912803823	5.244
1486	0	2	2	1684	105	21.3712991554	27.5698651861	28.248011327	6.189
1487	0	2	1	1180	73	26.9903656048	37.9988480274	38.8552963014	9.512
1487	0	2	2	2540	158	26.9903656048	40.4468835566	41.3033318305	5.197
1488	0	2	1	439	27	22.5214539683	29.844571271	30.5592136979	8.992
1488	0	2	2	1787	111	22.5214539683	31.3397797625	32.0544221894	5.685
1489	0	2	1	821	51	26.2461865704	26.5994445739	27.4322788347	13.008
1489	0	2	2	2164	135	26.2461865704	29.8591621424	30.6919964032	16.126
1490	0	2	1	895	55	23.6000487008	5.86796697607	6.61683497111	5.527
1490	0	2	2	2236	139	23.6000487008	0.366103368992	1.11497136404	6.472
1491	0	2	1	551	34	21.5881408451	27.8952094682	28.5802363492	15.748
1491	0	2	2	1896	118	21.5881408451	27.3716515061	28.056678387	21.811
1492	0	2	1	1254	78	14.7621495701	31.4155976605	31.8840247172	5.874
1492	0	2	2	2601	162	14.7621495701	33.4307386369	33.8991656936	17.748
1493	0	2	1	1229	76	18.984390847	27.8032877471	28.4056933985	10.914
1493	0	2	2	2579	161	18.984390847	29.0145142618	29.6169199132	9.055
1494	0	2	1	1030	64	21.0205499749	31.1542979635	31.8213142614	13.086
1494	0	2	2	2376	148	21.0205499749	32.4685653285	33.1355816264	5.559
1495	0	2	1	899	56	26.6418392126	25.9118033278	26.7571922915	15.496
1495	0	2	2	2242	140	26.6418392126	27.6962132582	28.5416022219	6.473
1496	0	2	1	1031	64	28.6774638723	20.8187481972	21.7287308479	12.315
1496	0	2	2	2375	148	28.6774638723	31.9916375395	32.9016201902	10.788
1497	0	2	1	487	30	25.1934394213	30.6536323396	31.4530612182	8
1497	0	2	2	1832	114	25.1934394213	31.1579072616	31.9573361402	8.976
1498	0	2	1	1019	63	25.6585150015	29.6850081809	30.4991946654	17.15
1498	0	2	2	2364	147	25.6585150015	31.5989780552	32.4131645397	11.685
1499	0	2	1	1227	76	24.9014897654	29.2337537342	30.0239185745	12.41
1499	0	2	2	2571	160	24.9014897654	30.4937280025	31.2838928428	15.559
1500	0	2	1	489	30	19.4936245312	27.3006492148	27.9192136807	13.338
1500	0	2	2	1834	114	19.4936245312	29.9410591048	30.5596235707	17.354
1501	0	2	1	953	59	21.3438164011	30.4852674533	31.1625415215	9.874
1501	0	2	2	2295	143	21.3438164011	29.2670930572	29.9443671255	9.118
1502	0	2	1	948	59	28.4245770616	32.0152060116	32.9171641518	10.347
1502	0	2	2	2286	142	28.4245770616	33.8477817287	34.7497398689	5.433
1503	0	2	1	1004	62	20.4052123681	32.3427263976	32.9902170307	11.685
1503	0	2	2	2351	146	20.4052123681	32.0960560807	32.7435467138	5.842
1503	1	2	1	1003	62	20.4052123681	29.6066948726	30.2541855057	5.654
1503	1	2	2	2347	146	20.4052123681	30.1000003457	30.7474909788	7.717
1504	0	2	1	1236	77	16.1211638866	27.8817033475	28.3932541426	7.969
1504	0	2	2	2581	161	16.1211638866	28.5031645517	29.0147153468	8
1505	0	2	1	485	30	15.9495814036	30.040296139	30.5464023424	4.819
1505	0	2	2	1830	114	15.9495814036	28.0865403556	28.5926465589	11.15
1506	0	2	1	879	54	23.8497327412	34.8101496126	35.5669404891	4.661
1506	0	2	2	2223	138	23.8497327412	30.6559625617	31.4127534382	6.929
1507	0	2	1	973	60	25.7452609612	32.6514503045	33.4683893796	9.023
1507	0	2	2	2317	144	25.7452609612	30.8073763892	31.6243154643	5.291
1509	0	2	1	601	37	20.725904728	37.8348676401	38.4925343642	8.536
1509	0	2	2	1952	122	20.725904728	33.1712927364	33.8289594606	7.748
1510	0	2	1	430	26	23.1985474793	31.949572261	32.6856999682	11.008
1510	0	2	2	1777	111	23.1985474793	31.2276255194	31.9637532266	6.961
1511	0	2	1	1224	76	21.6950849935	28.5337373894	29.2221577824	4.882
1511	0	2	2	2575	160	21.6950849935	26.3119418864	27.0003622794	13.181
1512	0	2	1	553	34	27.7803525435	30.5168594195	31.3983752661	5.968
1512	0	2	2	1901	118	27.7803525435	29.4401455806	30.3216614273	11.165
1513	0	2	1	767	47	28.861712718	23.2725764506	24.1884056173	11.055
1513	0	2	2	2107	131	28.861712718	24.1573382528	25.0731674196	14.221
1514	0	2	1	1245	77	19.6680126248	28.1356561073	28.7597541915	14.662
1514	0	2	2	2596	162	19.6680126248	28.8629031699	29.487001254	17.275
1515	0	2	1	936	58	23.6340269921	30.2402163808	30.9901625624	17.842
1515	0	2	2	2280	142	23.6340269921	31.0831257142	31.8330718958	15.653
1516	0	2	1	775	48	23.3670698569	31.8886624527	32.6301376495	8.488
1516	0	2	2	2117	132	23.3670698569	30.8648488715	31.6063240683	10.378
1517	0	2	1	993	62	25.3643114984	29.19839688	30.003247808	5.654
1517	0	2	2	2340	146	25.3643114984	32.0817956272	32.8866465552	8
1518	0	2	1	446	27	23.8032314629	27.7812477172	28.5365630324	10.425
1518	0	2	2	1792	112	23.8032314629	28.3480768818	29.103392197	12.929
1519	0	2	1	1246	77	23.774496234	32.1313748708	32.8857783702	11.213
1519	0	2	2	2597	162	23.774496234	29.5912781699	30.3456816694	8.945
1520	0	2	1	1243	77	23.4031255293	29.1353655483	29.8779848503	12.63
1520	0	2	2	2584	161	23.4031255293	29.3514373749	30.0940566769	14.473
1521	0	2	1	776	48	24.6079091671	26.9575472802	27.7383963299	8.598
1521	0	2	2	2117	132	24.6079091671	29.3723114812	30.1531605308	18.504
1522	0	2	1	601	37	20.0650893614	26.9969063643	27.6336043403	14.63
1522	0	2	2	1950	121	20.0650893614	27.5377863801	28.1744843561	11.103
1523	0	2	1	915	57	27.7704975313	30.3081279672	31.1893310982	5.906
1523	0	2	2	2257	141	27.7704975313	28.7261387359	29.6073418669	15.118
1525	0	2	1	130	8	22.9119980767	33.6863931312	34.413428159	9.244
1525	0	2	2	1470	91	22.9119980767	33.3474869835	34.0745220113	6.126
1526	0	2	1	1208	75	22.6552728463	33.09845118	33.8173398979	7.134
1526	0	2	2	2561	160	22.6552728463	33.7533600882	34.4722488061	10.031
1527	0	2	1	987	61	23.5561268267	25.2988358306	26.046310113	10.504
1527	0	2	2	2332	145	23.5561268267	30.3646882396	31.112162522	15.716
1528	0	2	1	379	23	20.9293386556	26.3799635513	27.0440855654	15.906
1528	0	2	2	1724	107	20.9293386556	25.7811165204	26.4452385346	16.693
1529	0	2	1	490	30	23.7670054885	30.0653161314	30.8194819374	7.464
1529	0	2	2	1835	114	23.7670054885	29.2167133983	29.9708792042	10.095
1532	0	2	1	584	36	20.7967954386	28.9700629194	29.6299791213	9.811
1532	0	2	2	1932	120	20.7967954386	30.9673816227	31.6272978246	7.685
1533	0	2	1	1244	77	21.1336257969	30.3918674302	31.0624718082	7.496
1533	0	2	2	2594	162	21.1336257969	25.5480098332	26.2186142111	21.071
1534	0	2	1	1237	77	22.1385919522	29.7080052083	30.4104987997	6.992
1534	0	2	2	2586	161	22.1385919522	27.8607648909	28.5632584823	15.166
1535	0	2	1	734	45	29.6657049965	26.1003657076	27.0417068593	9.496
1535	0	2	2	2074	129	29.6657049965	27.171657523	28.1129986747	12.74
1536	0	2	1	491	30	17.9523191995	29.8135289209	30.3831852574	8.425
1536	0	2	2	1837	114	17.9523191995	30.5348785708	31.1045349073	9.843
1537	0	2	1	214	13	23.8297780771	26.4452796507	27.2014373332	14
1537	0	2	2	1556	97	23.8297780771	25.7665886873	26.5227463697	8.425
1538	0	2	1	1240	77	22.8076779597	29.3863724791	30.1100972596	6.693
1538	0	2	2	2589	161	22.8076779597	29.4789126523	30.2026374328	7.433
1539	0	2	1	932	58	23.896806289	27.3521301569	28.1104147537	6.378
1539	0	2	2	2276	142	23.896806289	28.5835162975	29.3418008943	12.677
1540	0	2	1	1237	77	19.9671723337	30.7445498922	31.3781408014	7.165
1540	0	2	2	2586	161	19.9671723337	30.7158878185	31.3494787277	8.85
1541	0	2	1	510	31	22.2598455252	29.8874284109	30.5937695757	7.654
1541	0	2	2	1859	116	22.2598455252	29.9117347098	30.6180758746	12.063
1542	0	2	1	933	58	26.9261675542	24.9524454257	25.806856591	4.158
1542	0	2	2	2285	142	26.9261675542	27.2942223832	28.1486335485	10.031
1543	0	2	1	1255	78	19.0486044197	28.8412025849	29.4456458376	11.906
1543	0	2	2	2602	162	19.0486044197	27.2378481431	27.8422913958	6.63
1544	0	2	1	489	30	21.148484036	31.2186745899	31.8897504439	6.252
1544	0	2	2	1834	114	21.148484036	31.6929972141	32.3640730682	11.291
1545	0	2	1	298	18	23.6986007096	29.7997472811	30.5517424919	13.008
1545	0	2	2	1638	102	23.6986007096	31.0498590393	31.8018542502	13.37
1546	0	2	1	170	10	26.9242505333	32.0760459356	32.9303962707	8.157
1546	0	2	2	1512	94	26.9242505333	27.3985113792	28.2528617143	15.905
1547	0	2	1	582	36	24.0275407641	22.0793790336	22.8418120483	9.087
1547	0	2	2	1931	120	24.0275407641	30.6597115271	31.4221445418	9.118
1548	0	2	1	1032	64	26.9245631808	29.5987281494	30.4530884053	8.41
1548	0	2	2	2377	148	26.9245631808	26.469911504	27.3242717599	9.716
1549	0	2	1	898	56	30.4171300977	32.0934146824	33.0585997767	12.158
1549	0	2	2	2240	140	30.4171300977	29.1802192306	30.1454043249	5.244
1551	0	2	1	1279	79	20.8984404647	31.2737349651	31.9368765293	5.685
1551	0	2	2	2629	164	20.8984404647	32.1053047168	32.7684462809	11.055
1553	0	2	1	821	51	26.2622099418	27.0889823036	27.9223250121	6.693
1553	0	2	2	2165	135	26.2622099418	33.0308454619	33.8641881704	11.779
1554	0	2	1	821	51	27.834507845	23.5776120921	24.4608463747	11.37
1554	0	2	2	2164	135	27.834507845	26.7844448224	27.667679105	5.134
1555	0	2	1	824	51	18.5718020902	33.4706040324	34.0599175703	9.969
1555	0	2	2	2167	135	18.5718020902	42.4233256866	43.0126392246	15.197
1556	0	2	1	585	36	19.6619196023	31.4849819096	32.1088866522	4.346
1556	0	2	2	1936	121	19.6619196023	31.4601953752	32.0841001179	11.118
1557	0	2	1	429	26	24.6055695686	33.6283655801	34.4091403905	13.339
1557	0	2	2	1774	110	24.6055695686	33.2815267597	34.0623015701	10.567
1558	0	2	1	545	34	25.3951394685	29.1848670412	29.9906961909	7.465
1558	0	2	2	1892	118	25.3951394685	30.5857524003	31.39158155	12.756
1559	0	2	1	881	55	27.282237543	29.9645252562	30.8302351023	14.63
1559	0	2	2	2224	139	27.282237543	27.626912531	28.4926223771	9.779
1560	0	2	1	327	20	22.6150912025	28.787046971	29.5046606599	6.614
1560	0	2	2	1671	104	22.6150912025	14.9429573842	15.6605710731	13.748
1561	0	2	1	116	7	20.5636793711	28.9366069282	29.5891259775	17.874
1561	0	2	2	1454	90	20.5636793711	27.8203771402	28.4728961895	27.748
1562	0	2	1	183	11	23.3074272062	31.323054086	32.0626367242	17.149
1562	0	2	2	1527	95	23.3074272062	31.3464215331	32.0860041714	11.024
1563	0	2	1	1238	77	18.2684614863	31.2036090011	31.7832970475	6.378
1563	0	2	2	2587	161	18.2684614863	29.0525596767	29.6322477231	8.771
1565	0	2	1	1251	78	18.3129149629	27.8393021302	28.4204007578	6
1565	0	2	2	2601	162	18.3129149629	29.098331592	29.6794302197	15.528
1566	0	2	1	272	17	21.6530762215	31.263114766	31.9502021522	5.937
1566	0	2	2	1614	100	21.6530762215	30.3829951831	31.0700825693	4.441
1567	0	2	1	519	32	17.0990108347	27.472806324	28.015385796	7.842
1567	0	2	2	1866	116	17.0990108347	28.082049689	28.6246291609	16.158
1568	0	2	1	541	33	24.1391855983	26.3105712954	27.0765469826	7.811
1568	0	2	2	1890	118	24.1391855983	23.7273859738	24.4933616609	12.346
1569	0	2	1	380	23	28.1803268002	32.6306391444	33.5248468258	12.315
1569	0	2	2	1726	107	28.1803268002	32.2229331727	33.1171408542	16.693
1570	0	2	1	1013	63	23.2982546321	28.2482595147	28.9875510922	21.071
1570	0	2	2	2357	147	23.2982546321	31.2792476546	32.0185392321	9.339
1571	0	2	1	1022	63	22.0738113539	33.5478738609	34.2483118584	8.284
1571	0	2	2	2366	147	22.0738113539	31.567446803	32.2678848005	4.252
1572	0	2	1	251	15	22.8602577625	31.6652233026	32.3906165258	6.709
1572	0	2	2	1593	99	22.8602577625	29.0499404968	29.7753337201	11.622
1573	0	2	1	227	14	20.7098487639	26.6771669174	27.3343241596	9.716
1573	0	2	2	1569	98	20.7098487639	28.0401614793	28.6973187216	10.96
1574	0	2	1	1000	62	23.2264435795	29.531988314	30.2690012098	5.779
1574	0	2	2	2346	146	23.2264435795	31.0524975058	31.7895104017	4.031
1575	0	2	1	487	30	23.3249614254	29.7049301772	30.4450692048	4.031
1575	0	2	2	1832	114	23.3249614254	30.662803319	31.4029423466	5.716
1576	0	2	1	538	33	22.9378111177	27.2729878198	28.0008419374	16.252
1576	0	2	2	1888	118	22.9378111177	26.8131082049	27.5409623225	19.496
1577	0	2	1	983	61	25.777074588	22.066931904	22.8848804773	10.157
1577	0	2	2	2328	145	25.777074588	24.00304387	24.8209924433	8.378
1578	0	2	1	1004	62	24.416566383	35.9557720281	36.7305494595	8.535
1578	0	2	2	2349	146	24.416566383	33.4846132205	34.2593906519	9.685
1579	0	2	1	1237	77	18.8319687383	29.3874718015	29.9850408511	12.189
1579	0	2	2	2586	161	18.8319687383	31.2771303063	31.8746993559	5.811
1580	0	2	1	1244	77	25.1613352748	29.3625848822	30.1609950439	7.134
1580	0	2	2	2594	162	25.1613352748	28.5422188969	29.3406290586	21.937
1581	0	2	1	414	25	19.8936670175	28.4838000293	29.115058495	4.835
1581	0	2	2	1760	110	19.8936670175	30.6838795188	31.3151379846	12.96
1583	0	2	1	296	18	20.3270703489	31.3221552772	31.9671663368	14.851
1583	0	2	2	1640	102	20.3270703489	30.2640010222	30.9090120817	12.094
1584	0	2	1	931	58	28.867376611	29.1778539858	30.0938628771	6.346
1584	0	2	2	2274	142	28.867376611	26.6641032833	27.5801121746	10.126
1585	0	2	1	1006	62	25.2285840186	27.7621973437	28.5627414176	9.969
1585	0	2	2	2351	146	25.2285840186	27.7963210329	28.5968651069	14.819
1586	0	2	1	789	49	23.967880842	21.3528577312	22.1133976393	14.693
1586	0	2	2	2134	133	23.967880842	28.6972070819	29.45774699	6.96
1587	0	2	1	1026	64	27.6834834047	27.8728114884	28.7512535195	8.724
1587	0	2	2	2372	148	27.6834834047	23.4084745912	24.2869166222	8
1588	0	2	1	550	34	19.7425107159	33.4996267141	34.1260887441	11.496
1588	0	2	2	1897	118	19.7425107159	30.5118030785	31.1382651085	16.851
1589	0	2	1	588	36	22.4578906401	24.7336241368	25.4462495957	16.992
1589	0	2	2	1941	121	22.4578906401	27.7075409885	28.4201664474	9.212
1590	0	2	1	1265	79	22.9182796514	29.4280796274	30.1553139798	5.401
1590	0	2	2	2617	163	22.9182796514	29.3713923256	30.098626678	8.158
1591	0	2	1	591	36	19.1715834185	28.1459404617	28.7542860384	13.653
1591	0	2	2	1940	121	19.1715834185	30.2637058431	30.8720514197	9.496
1592	0	2	1	1006	62	21.2301067642	29.280777428	29.9544433042	11.181
1592	0	2	2	2351	146	21.2301067642	29.7530060841	30.4266719603	6.094
1593	0	2	1	1224	76	21.1485354758	31.9398163075	32.6108937938	16.032
1593	0	2	2	2575	160	21.1485354758	29.182622784	29.8537002703	6.74
1594	0	2	1	1245	77	21.5840945681	29.68451331	30.369411796	13.354
1594	0	2	2	2596	162	21.5840945681	30.2699786359	30.9548771218	13.071
1595	0	2	1	376	23	23.5661038789	25.9334060547	26.6811969253	10.803
1595	0	2	2	1721	107	23.5661038789	24.3839459377	25.1317368083	16.74
1596	0	2	1	1217	76	17.6743883239	27.4529529762	28.0137901133	5.528
1596	0	2	2	2567	160	17.6743883239	28.488011264	29.0488484011	17.055
1597	0	2	1	1031	64	25.8181413999	20.2931050622	21.1123567524	8.283
1597	0	2	2	2375	148	25.8181413999	34.715489674	35.5347413641	5.905
1598	0	2	1	1090	68	23.4858001759	31.1755364703	31.9207791736	4.567
1598	0	2	2	2438	152	23.4858001759	34.0643520037	34.809594707	9.622
1600	0	2	1	521	32	19.9893623006	29.3696805136	30.0039755466	11.071
1600	0	2	2	1869	116	19.9893623006	27.45276142	28.0870564529	14.158
1601	0	2	1	431	26	21.6435073009	30.5931127612	31.27989651	9.59
1601	0	2	2	1777	111	21.6435073009	31.4385935673	32.1253773161	9.37
1602	0	2	1	598	37	19.9902695457	28.2967519814	28.9310758027	14
1602	0	2	2	1948	121	19.9902695457	27.0984329684	27.7327567897	13.969
1603	0	2	1	993	62	24.8480258468	28.4358480785	29.2243164216	13.748
1603	0	2	2	2340	146	24.8480258468	30.3646496755	31.1531180186	12.646
1604	0	2	1	530	33	20.2910951037	27.9339794673	28.5778489737	7.717
1604	0	2	2	1880	117	20.2910951037	29.2150673777	29.8589368841	13.307
1605	0	2	1	134	8	23.8337165504	29.2701613813	30.0264440379	11.906
1605	0	2	2	1475	92	23.8337165504	33.2132376896	33.9695203463	13.118
1606	0	2	1	917	57	27.2115921588	28.5822935661	29.445761719	14.095
1606	0	2	2	2266	141	27.2115921588	30.4349330058	31.2984011588	9.937
1607	0	2	1	1243	77	20.7076600788	6.95908387065	7.61617166237	8.063
1607	0	2	2	2593	162	20.7076600788	7.81713891738	8.47422670909	18.252
1608	0	2	1	1245	77	19.3175299699	31.3260542337	31.9390309322	8.032
1608	0	2	2	2593	162	19.3175299699	30.8850941818	31.4980708803	11.433
1609	0	2	1	929	58	27.8348574058	30.4809441008	31.3641894755	8.851
1609	0	2	2	2272	142	27.8348574058	28.8963717569	29.7796171316	7.118
1609	1	2	1	930	58	27.8348574058	34.2742285643	35.157473939	8
1609	1	2	2	2270	141	27.8348574058	32.7610023603	33.644247735	8.189
1610	0	2	1	994	62	21.8927012016	29.2012255295	29.8959166068	7.417
1610	0	2	2	2342	146	21.8927012016	26.8952022269	27.5898933042	8.645
1611	0	2	1	1004	62	27.3860826885	31.28342693	32.1524319518	12.835
1611	0	2	2	2350	146	27.3860826885	28.31503223	29.1840372518	4.536
1612	0	2	1	582	36	20.2804756138	30.2809409692	30.9244735019	10.535
1612	0	2	2	1926	120	20.2804756138	30.7375270857	31.3810596184	6.661
1613	0	2	1	903	56	29.7335331514	35.3541409922	36.2976344417	7.244
1613	0	2	2	2245	140	29.7335331514	30.4681653532	31.4116588026	9.37
1614	0	2	1	920	57	21.2334615461	25.3060318282	25.9798041571	24.157
1614	0	2	2	2263	141	21.2334615461	26.2508783447	26.9246506736	6.63
1615	0	2	1	929	58	23.5386274289	31.0915070606	31.8384260586	8.835
1615	0	2	2	2272	142	23.5386274289	30.1637301837	30.9106491817	8.63
1616	0	2	1	1238	77	22.9409645892	31.4740285356	32.201982718	6.819
1616	0	2	2	2587	161	22.9409645892	30.9699769897	31.6979311721	11.071
1617	0	2	1	1245	77	21.8906411833	30.7590308531	31.4536565626	8.315
1617	0	2	2	2596	162	21.8906411833	25.8815553311	26.5761810406	20.551
1618	0	2	1	1213	75	22.2546059922	27.3575626782	28.063737584	4.063
1618	0	2	2	2564	160	22.2546059922	31.2950395598	32.0012144657	11.701
1619	0	2	1	1024	64	23.4869493861	23.6578963845	24.403175554	6.835
1619	0	2	2	2370	148	23.4869493861	33.9789634213	34.7242425908	6.094
1620	0	2	1	1021	63	28.2248176087	23.9650352063	24.8606546536	14.756
1620	0	2	2	2366	147	28.2248176087	30.0423663259	30.9379857732	7.528
1621	0	2	1	1269	79	22.416563474	28.4989151219	29.2102292025	10.693
1621	0	2	2	2616	163	22.416563474	28.2520843988	28.9633984794	24.252
1621	1	2	1	1270	79	22.416563474	30.2440589735	30.9553730541	9.559
1621	1	2	2	2619	163	22.416563474	30.0138478976	30.7251619783	5.811
1622	0	2	1	987	61	26.9471871631	27.9247176381	28.7797957898	14.803
1622	0	2	2	2331	145	26.9471871631	29.3774519311	30.2325300828	11.37
1623	0	2	1	1064	66	25.0416549702	29.8872745571	30.6818870678	8
1623	0	2	2	2412	150	25.0416549702	31.5652304061	32.3598429168	13.134
1624	0	2	1	1024	64	29.0707481216	21.2427038878	22.1651660884	10.599
1624	0	2	2	2370	148	29.0707481216	25.181228524	26.1036907247	15.071
1625	0	2	1	819	51	25.6021213457	26.5657749747	27.3781719966	11.149
1625	0	2	2	2161	135	25.6021213457	31.2162061862	32.0286032081	13.654
1626	0	2	1	888	55	31.152215103	36.4130840997	37.4015946389	6.063
1626	0	2	2	2230	139	31.152215103	34.3280156672	35.3165262064	5.78
1627	0	2	1	1275	79	19.9428724138	30.2431579304	30.8759777635	10.221
1627	0	2	2	2626	164	19.9428724138	31.7355433389	32.368363172	8.677
1628	0	2	1	897	56	22.3658302061	25.4630185871	26.1727228185	17.811
1628	0	2	2	2241	140	22.3658302061	29.052154746	29.7618589774	6.598
1630	0	2	1	215	13	24.29706202	27.2461790232	28.0171643864	12.756
1630	0	2	2	1555	97	24.29706202	30.2471186398	31.0181040031	10.819
1631	0	2	1	601	37	15.8501913867	31.4644507261	31.9674031223	14
1631	0	2	2	1958	122	15.8501913867	31.8286203874	32.3315727836	4.347
1632	0	2	1	1064	66	26.9220520552	27.0877711977	27.9420517715	8
1632	0	2	2	2412	150	26.9220520552	28.022533472	28.8768140457	12.126
1633	0	2	1	530	33	20.3081557405	27.1157079346	27.7601188028	13.717
1633	0	2	2	1879	117	20.3081557405	30.4812044375	31.1256153057	8.126
1635	0	2	1	919	57	28.3120202867	25.0953630929	25.9937496232	15.071
1635	0	2	2	2247	140	28.3120202867	32.8652326021	33.7636191324	4.189
1636	0	2	1	155	9	26.6981262104	32.5443212192	33.3914962611	15.008
1636	0	2	2	1495	93	26.6981262104	33.8981675373	34.7453425791	16.693
1637	0	2	1	309	19	24.7124147551	29.6612040402	30.4453692225	8.756
1637	0	2	2	1653	103	24.7124147551	27.3319723092	28.1161374914	12.976
1638	0	2	1	1063	66	30.2072155156	29.2060736004	30.164597763	6.063
1638	0	2	2	2410	150	30.2072155156	30.8454870447	31.8040112074	9.905
1639	0	2	1	1095	68	24.0846144131	28.2652146877	29.0294587422	8
1639	0	2	2	2442	152	24.0846144131	32.3331607563	33.0974048109	9.937
1640	0	2	1	227	14	27.0375525224	30.7501479145	31.6080935063	9.527
1640	0	2	2	1571	98	27.0375525224	30.4664471798	31.3243927716	5.748
1641	0	2	1	301	18	22.9875221664	32.581895463	33.3113269931	7.811
1641	0	2	2	1643	102	22.9875221664	28.6074872984	29.3369188285	4.378
1642	0	2	1	1214	75	20.096605597	31.25511708	31.8928151175	6.756
1642	0	2	2	2564	160	20.096605597	32.1233995795	32.761097617	14.158
1643	0	2	1	737	46	26.6332802016	28.1774864261	29.0226037985	15.748
1643	0	2	2	2077	129	26.6332802016	28.4081129977	29.2532303701	9.906
1644	0	2	1	808	50	23.3924928522	31.4408682757	32.1831501856	7.402
1644	0	2	2	2151	134	23.3924928522	28.5377839166	29.2800658264	9.134
1645	0	2	1	457	28	21.357716904	32.5394778442	33.2171929981	10.535
1645	0	2	2	1802	112	21.357716904	32.2129480334	32.8906631872	8.945
1646	0	2	1	163	10	19.8001173451	32.1474629003	32.7757528825	6.929
1646	0	2	2	1507	94	19.8001173451	31.429548021	32.0578380032	9.401
1647	0	2	1	266	16	26.1005112943	28.4881935245	29.3164052714	17.905
1647	0	2	2	1610	100	26.1005112943	30.3983890246	31.2266007716	9.748
1648	0	2	1	1246	77	20.3230454071	31.6979995478	32.3428828894	6.284
1648	0	2	2	2593	162	20.3230454071	32.0662500361	32.7111333777	13.717
1649	0	2	1	1089	68	28.8435302079	30.113997935	31.0292501411	13.717
1649	0	2	2	2437	152	28.8435302079	30.7810228543	31.6962750603	13.575
1653	0	2	1	305	19	24.3570827292	30.8485805412	31.6214704594	10
1653	0	2	2	1650	103	24.3570827292	32.8737253755	33.6466152937	5.811
1654	0	2	1	984	61	21.7956312355	28.119368266	28.8109791551	5.937
1654	0	2	2	2329	145	21.7956312355	36.3164829696	37.0080938586	7.307
1655	0	2	1	1275	79	21.8275773006	31.4114674127	32.1040920025	11.008
1655	0	2	2	2624	164	21.8275773006	32.7873682845	33.4799928742	8
1656	0	2	1	997	62	18.9758012066	25.789030217	26.3911633052	9.685
1656	0	2	2	2342	146	18.9758012066	25.9339828323	26.5361159204	13.591
1657	0	2	1	1236	77	20.5604267828	32.2906655515	32.9430813908	8.41
1657	0	2	2	2585	161	20.5604267828	29.2564826439	29.9088984832	8.567
1658	0	2	1	1270	79	23.4464758389	29.4680237671	30.212018645	4.315
1658	0	2	2	2619	163	23.4464758389	29.7343844329	30.4783793108	4.441
1659	0	2	1	112	7	21.7470931831	27.4235489677	28.1136196653	6.504
1659	0	2	2	1451	90	21.7470931831	30.1053603954	30.795431093	6.567
1660	0	2	1	558	34	22.3831313665	30.4104458298	31.1206990552	6.425
1660	0	2	2	1907	119	22.3831313665	29.9271647943	30.6374180197	9.78
1661	0	2	1	1021	63	29.1098576507	26.0715801399	26.9952833497	7.906
1661	0	2	2	2368	148	29.1098576507	30.9489899808	31.8726931906	18.126
1663	0	2	1	1062	66	23.2418026943	25.2144765466	25.9519768122	9.212
1663	0	2	2	2410	150	23.2418026943	29.3077212727	30.0452215383	10.63
1664	0	2	1	305	19	27.9290944022	27.51950685	28.4057425181	5.748
1664	0	2	2	1650	103	27.9290944022	29.0028043192	29.8890399874	8.756
1665	0	2	1	1236	77	22.7144825992	28.0182449671	28.739012507	6.598
1665	0	2	2	2584	161	22.7144825992	26.9614969625	27.6822645024	7.937
1666	0	2	1	469	29	20.0170830501	34.0517407069	34.6869153644	11.591
1666	0	2	2	1816	113	20.0170830501	32.4579993367	33.0931739942	6.441
1667	0	2	1	1253	78	22.4243062832	30.255734071	30.9672938436	7.292
1667	0	2	2	2601	162	22.4243062832	30.1330806614	30.844640434	11.685
1668	0	2	1	985	61	27.4346349061	18.4226382874	19.2931839502	10.126
1668	0	2	2	2330	145	27.4346349061	28.1982868173	29.06883248	16.094
1669	0	2	1	490	30	21.4174806854	31.6869267531	32.3665383091	8.945
1669	0	2	2	1834	114	21.4174806854	29.3879361997	30.0675477557	11.716
1670	0	2	1	491	30	24.3285912091	29.4036272735	30.1756131093	8.945
1670	0	2	2	1835	114	24.3285912091	29.8160374651	30.5880233009	7.276
1671	0	2	1	1022	63	27.3287339672	29.585179239	30.4523644924	7.905
1671	0	2	2	2368	148	27.3287339672	25.1509461268	26.0181313802	22.961
1672	0	2	1	545	34	24.4553339748	32.8624395984	33.6384471886	13.37
1672	0	2	2	1893	118	24.4553339748	32.8297608768	33.605768467	13.276
1673	0	2	1	1081	67	25.3088494092	32.9435793621	33.7466703876	5.937
1673	0	2	2	2427	151	25.3088494092	32.0253326793	32.8284237048	8.677
1674	0	2	1	217	13	24.6134177133	27.1815900574	27.9626139022	8.551
1674	0	2	2	1560	97	24.6134177133	28.5013562658	29.2823801107	4.346
1675	0	2	1	737	46	23.0704505348	28.9532027009	29.6852656833	7.338
1675	0	2	2	2076	129	23.0704505348	28.6092647422	29.3413277246	9.78
1676	0	2	1	583	36	20.0217315159	32.0107996419	32.6461218028	10.315
1676	0	2	2	1933	120	20.0217315159	32.5148072228	33.1501293837	12.614
1677	0	2	1	544	34	23.886234236	35.2031744814	35.9611236098	6.346
1677	0	2	2	1892	118	23.886234236	35.0144189654	35.7723680937	5.402
1678	0	2	1	920	57	21.2067858512	25.6869343998	26.3598602654	19.748
1678	0	2	2	2263	141	21.2067858512	28.7907951922	29.4637210579	8.094
1679	0	2	1	415	25	22.2723463458	29.6493752624	30.3561130986	5.275
1679	0	2	2	1763	110	22.2723463458	33.4560356695	34.1627735057	6.158
1680	0	2	1	491	30	17.67352874	29.2469876671	29.8077975281	8.63
1680	0	2	2	1837	114	17.67352874	26.9502411455	27.5110510066	8.614
1681	0	2	1	263	16	26.4181429897	31.6885829699	32.5268736881	17.653
1681	0	2	2	1606	100	26.4181429897	29.290353723	30.1286444411	9.244
1682	0	2	1	1230	76	22.1067403992	30.0851898917	30.7866727814	11.779
1682	0	2	2	2580	161	22.1067403992	30.2336722011	30.9351550908	14.661
1683	0	2	1	125	7	20.6259430162	30.0827545494	30.7372493255	12.315
1683	0	2	2	1466	91	20.6259430162	28.9646478569	29.6191426331	19.102
1684	0	2	1	1237	77	21.7381663601	30.3537374207	31.0435248556	12.473
1684	0	2	2	2586	161	21.7381663601	30.7924262931	31.482213728	12.378
1685	0	2	1	1211	75	22.1830701871	31.7386289701	32.4425339284	9.433
1685	0	2	2	2569	160	22.1830701871	18.343239209	19.0471441672	10.441
1686	0	2	1	1242	77	25.6935165825	30.5782364489	31.3935335906	11.622
1686	0	2	2	2584	161	25.6935165825	30.0582705286	30.8735676702	12.835
1687	0	2	1	936	58	28.2599831603	35.0344647675	35.931200075	6.409
1687	0	2	2	2280	142	28.2599831603	33.5867121255	34.483447433	7.905
1688	0	2	1	415	25	23.4743176322	31.0271607134	31.7720390568	9.685
1688	0	2	2	1763	110	23.4743176322	30.3353671372	31.0802454806	15.811
1689	0	2	1	534	33	22.1547259501	27.7252553954	28.4282609448	6.299
1689	0	2	2	1883	117	22.1547259501	29.71039057	30.4133961194	11.134
1690	0	2	1	488	30	25.8028241555	29.7289332717	30.5476989207	13.433
1690	0	2	2	1833	114	25.8028241555	30.5344379372	31.3532035862	6.598
1691	0	2	1	564	35	17.3443362678	33.5619513406	34.1123153882	6.851
1691	0	2	2	1912	119	17.3443362678	34.3016737637	34.8520378113	10.567
1692	0	2	1	1217	76	24.1291349215	29.2711982598	30.0368550227	11.212
1692	0	2	2	2567	160	24.1291349215	30.6249153117	31.3905720745	11.086
1693	0	2	1	557	34	22.9335826914	22.8807334386	23.6084533813	8.567
1693	0	2	2	1906	119	22.9335826914	31.1053338353	31.8330537781	7.087
1694	0	2	1	932	58	23.6436969758	33.2512452257	34.0014982516	12.41
1694	0	2	2	2274	142	23.6436969758	29.5854131159	30.3356661418	6.945
1695	0	2	1	468	29	19.5123259717	11.0362672185	11.6554251115	28.504
1695	0	2	2	1810	113	19.5123259717	0.226083808075	0.84524170111	10.284
1697	0	2	1	822	51	27.4858239969	31.5920505724	32.4642205484	6.63
1697	0	2	2	2166	135	27.4858239969	23.605758007	24.477927983	16.913
1698	0	2	1	469	29	22.2619103591	29.9195487965	30.6259554818	13.166
1698	0	2	2	1815	113	22.2619103591	32.8547019417	33.5611086271	7.78
1699	0	2	1	159	9	23.7391783491	28.9289776259	29.6822604313	11.969
1699	0	2	2	1499	93	23.7391783491	28.1611770132	28.9144598187	24.724
1700	0	2	1	337	21	26.8535853106	32.1635138936	33.015621906	8.126
1700	0	2	2	1681	105	26.8535853106	31.6788100234	32.5309180358	7.15
1702	0	2	1	582	36	25.111161317	29.9027214671	30.6995395274	13.024
1702	0	2	2	1928	120	25.111161317	29.1927797514	29.9895978117	8.095
1703	0	2	1	572	35	24.684510768	2.80138595432	3.58466569759	6.63
1703	0	2	2	1930	120	24.684510768	0.0973888583178	0.880668601589	12.504
1704	0	2	1	1079	67	26.2688811808	27.7484203097	28.5819747075	8.74
1704	0	2	2	2425	151	26.2688811808	30.0736753961	30.9072297939	10.677
1705	0	2	1	1062	66	24.0114272485	29.8621676377	30.6240893443	9.197
1705	0	2	2	2408	150	24.0114272485	30.1380507625	30.8999724691	14.441
1706	0	2	1	1047	65	25.0323528235	33.5673423917	34.3616597302	15.559
1706	0	2	2	2400	150	25.0323528235	32.1964644112	32.9907817496	11.354
1707	0	2	1	919	57	25.2795575941	29.0268532192	29.8290147677	10.347
1707	0	2	2	2262	141	25.2795575941	29.4645704141	30.2667319626	9.654
1708	0	2	1	737	46	28.2017481488	30.2852989945	31.1801864102	9.559
1708	0	2	2	2078	129	28.2017481488	30.3529483852	31.247835801	5.968
1709	0	2	1	280	17	26.3131987537	29.477580906	30.3125415726	7.37
1709	0	2	2	1624	101	26.3131987537	28.2451532983	29.0801139649	13.275
1710	0	2	1	584	36	20.2550921947	27.5746995735	28.2174266489	7.654
1710	0	2	2	1932	120	20.2550921947	29.9958512528	30.6385783282	11.78
1711	0	2	1	478	29	19.8982609124	34.0750058702	34.7064101077	7.591
1711	0	2	2	1826	114	19.8982609124	33.2569697809	33.8883740184	6.284
1712	0	2	1	170	10	18.3637328505	29.4321022251	30.0148133871	13.008
1712	0	2	2	1513	94	18.3637328505	28.2794121844	28.8621233463	12.63
1713	0	2	1	520	32	16.9659315962	28.0544504741	28.592807125	8.378
1713	0	2	2	1867	116	16.9659315962	29.3283847439	29.8667413947	10.646
1714	0	2	1	1047	65	24.8522223409	32.3660247287	33.1546262334	16.646
1714	0	2	2	2400	150	24.8522223409	31.7728478269	32.5614493317	17.653
1715	0	2	1	741	46	25.4202230446	29.1144921089	29.9211172013	17.685
1715	0	2	2	2079	129	25.4202230446	32.1196165365	32.926241629	11.181
1716	0	2	1	1021	63	23.8800273352	23.0937556048	23.851507778	12.819
1716	0	2	2	2366	147	23.8800273352	26.9984889514	27.7562411247	13.78
1717	0	2	1	460	28	22.7085647982	31.3851724304	32.1057521888	6.094
1717	0	2	2	1806	112	22.7085647982	28.8213397157	29.5419194741	10.567
1718	0	2	1	266	16	22.4145096093	28.2868536536	28.9981025618	9.968
1718	0	2	2	1609	100	22.4145096093	27.6186183145	28.3298672227	9.496
1719	0	2	1	278	17	22.3661878952	27.9539356211	28.6636512025	14.677
1719	0	2	2	1622	101	22.3661878952	28.9379046756	29.6476202571	11.339
1720	0	2	1	898	56	26.2929924544	28.8273941885	29.6617136763	14.614
1720	0	2	2	2241	140	26.2929924544	26.8183217634	27.6526412511	11.244
1721	0	2	1	336	21	24.898893071	31.1397126762	31.9297951192	8
1721	0	2	2	1678	104	24.898893071	31.5089902746	32.2990727176	4.346
1722	0	2	1	471	29	21.7643856625	30.0796410752	30.7702604914	6.63
1722	0	2	2	1817	113	21.7643856625	29.7832757259	30.473895142	6.961
1723	0	2	1	564	35	26.3402033715	34.6610437117	35.4968612788	8.897
1723	0	2	2	1913	119	26.3402033715	28.1430078343	28.9788254014	6.472
1724	0	2	1	294	18	19.3128132634	29.8126901168	30.4255171466	8.535
1724	0	2	2	1638	102	19.3128132634	28.0709976495	28.6838246793	15.102
1725	0	2	1	918	57	20.4949513575	25.9323033111	26.5826415085	16.409
1725	0	2	2	2261	141	20.4949513575	26.7263407492	27.3766789467	14.126
1726	0	2	1	1286	80	21.7262978363	32.1701789583	32.8595897856	9.323
1726	0	2	2	2631	164	21.7262978363	31.9019427082	32.5913535355	13.717
1727	0	2	1	530	33	24.1046994058	26.3292102618	27.0940916459	10.551
1727	0	2	2	1879	117	24.1046994058	27.1785068349	27.943388219	9.937
1728	0	2	1	1236	77	20.2048633434	30.6203476028	31.2614808349	13.181
1728	0	2	2	2584	161	20.2048633434	30.3106980721	30.9518313042	12.803
1729	0	2	1	604	37	21.6674911674	28.5647237266	29.2522685225	7.008
1729	0	2	2	1955	122	21.6674911674	28.9908856485	29.6784304445	5.212
1730	0	2	1	1257	78	21.8475853981	27.6210250921	28.3142845713	6.032
1730	0	2	2	2602	162	21.8475853981	26.0174566599	26.7107161392	4.22
1731	0	2	1	1233	77	23.6836354593	30.1735232633	30.9250436023	12.599
1731	0	2	2	2584	161	23.6836354593	27.9552460761	28.7067664152	5.512
1732	0	2	1	1064	66	23.3169579436	29.3252225215	30.0651075857	7.181
1732	0	2	2	2412	150	23.3169579436	29.4700260781	30.2099111422	14.378
1733	0	2	1	1275	79	19.5393721581	28.34479668	28.9648127926	10.347
1733	0	2	2	2622	163	19.5393721581	34.6266257113	35.2466418239	5.544
1734	0	2	1	542	33	22.9387762998	38.1458943561	38.8737791005	4.599
1734	0	2	2	1892	118	22.9387762998	36.4661152054	37.1939999498	15.496
1735	0	2	1	1275	79	19.4422406856	30.9073295518	31.5242635245	9.685
1735	0	2	2	2625	164	19.4422406856	31.3534527305	31.9703867033	10.315
1736	0	2	1	536	33	24.9838204466	27.4116054597	28.2043827867	20.708
1736	0	2	2	1885	117	24.9838204466	28.2677900577	29.0605673847	8.189
1737	0	2	1	792	49	26.8803672614	30.6579611729	31.5109190203	12.189
1737	0	2	2	2132	133	26.8803672614	26.652187058	27.5051449054	26.567
1738	0	2	1	577	36	24.6449209139	30.7886153141	31.5706388068	9.937
1738	0	2	2	1925	120	24.6449209139	32.7884467454	33.5704702381	6.41
1739	0	2	1	585	36	21.1765434634	31.2985450608	31.9705112862	10.283
1739	0	2	2	1936	121	21.1765434634	30.22576872	30.8977349454	9.622
1740	0	2	1	474	29	25.0805551273	29.2197173113	30.0155641874	16.346
1740	0	2	2	1818	113	25.0805551273	29.5293019391	30.3251488151	7.591
1741	0	2	1	1224	76	20.0409895403	31.4580653926	32.093998642	9.039
1741	0	2	2	2574	160	20.0409895403	32.8524899609	33.4884232103	4.803
1742	0	2	1	474	29	21.3013743683	27.2720976126	27.948024926	8.898
1742	0	2	2	1819	113	21.3013743683	28.8473367718	29.5232640852	4.551
1743	0	2	1	1234	77	20.8466661598	26.0826701726	26.7441688538	6.126
1743	0	2	2	2584	161	20.8466661598	30.8885721784	31.5500708595	9.969
1744	0	2	1	1029	64	26.7717536097	19.2180250356	20.0675363949	6.914
1744	0	2	2	2372	148	26.7717536097	22.4466975405	23.2962088997	11.842
1745	0	2	1	778	48	27.1190647543	38.7491925354	39.6097246431	12.063
1745	0	2	2	2118	132	27.1190647543	37.2220767185	38.0826088262	13.968
1746	0	2	1	933	58	25.6109816959	31.2369191542	32.0495973295	14.504
1746	0	2	2	2276	142	25.6109816959	30.2569606597	31.069638835	9.275
1747	0	2	1	77	4	22.1055720518	30.8329760041	31.5344218202	8.094
1747	0	2	2	1417	88	22.1055720518	33.2880455475	33.9894913637	5.968
1748	0	2	1	737	46	28.1536328149	32.3600567715	33.2534174093	8
1748	0	2	2	2076	129	28.1536328149	30.1019611745	30.9953218123	12.268
1749	0	2	1	961	60	26.2635125978	30.2945696096	31.1279536535	9.59
1749	0	2	2	2305	144	26.2635125978	31.3684618091	32.2018458529	15.166
1751	0	2	1	1001	62	23.625179178	30.2839470189	31.0336124449	4.378
1751	0	2	2	2363	147	23.625179178	27.5223280029	28.2719934289	7.276
1752	0	2	1	1059	66	27.6767441728	35.9088290528	36.7870572371	5.842
1752	0	2	2	2403	150	27.6767441728	34.3644215288	35.242649713	14.283
1753	0	2	1	137	8	19.1534678208	28.4930501272	29.1008208664	15.023
1753	0	2	2	1478	92	19.1534678208	26.5426508579	27.1504215972	16.252
1754	0	2	1	1246	77	19.3337707946	32.4176384443	33.0311304907	7.874
1754	0	2	2	2597	162	19.3337707946	33.9504796941	34.5639717405	12.22
1756	0	2	1	1048	65	24.0937002618	43.4613104179	44.2258427812	7.843
1756	0	2	2	2399	149	24.0937002618	40.4109174736	41.175449837	13.654
1757	0	2	1	299	18	25.7551622555	29.9453357732	30.7625890325	13.181
1757	0	2	2	1643	102	25.7551622555	27.7565945638	28.5738478231	7.559
1758	0	2	1	1268	79	24.7226391772	28.1712493715	28.9557389913	8.221
1758	0	2	2	2618	163	24.7226391772	28.2191088057	29.0035984255	9.779
1759	0	2	1	341	21	25.236122258	29.8700586846	30.6708419592	9.181
1759	0	2	2	1685	105	25.236122258	29.9564453403	30.7572286148	17.291
1760	0	2	1	486	30	18.5822687772	27.7689688363	28.3586144993	15.559
1760	0	2	2	1830	114	18.5822687772	26.8238932267	27.4135388897	9.118
1761	0	2	1	275	17	23.7950653894	32.9466744043	33.7017305966	15.78
1761	0	2	2	1619	101	23.7950653894	34.0863002151	34.8413564074	4.488
1762	0	2	1	297	18	21.713987208	30.5815008222	31.2705210132	12.976
1762	0	2	2	1640	102	21.713987208	29.7575501013	30.4465702923	9.055
1763	0	2	1	286	17	22.8262758305	30.5690028846	31.2933178058	8.284
1763	0	2	2	1631	101	22.8262758305	30.3915754479	31.1158903691	9.874
1764	0	2	1	822	51	27.1251869556	31.5197298377	32.3804562128	4
1764	0	2	2	2164	135	27.1251869556	32.8318839044	33.6926102795	11.338
1765	0	2	1	1056	66	25.3523998309	28.6742629735	29.4787359249	6.929
1765	0	2	2	2402	150	25.3523998309	27.7844248765	28.5888978279	18.882
1766	0	2	1	157	9	26.6301884222	30.6411971865	31.4862164517	10.189
1766	0	2	2	1495	93	26.6301884222	28.6716830614	29.5167023266	13.811
1767	0	2	1	930	58	28.0675680268	32.3042992689	33.1949289308	11.307
1767	0	2	2	2273	142	28.0675680268	30.2703947717	31.1610244336	6.63
1768	0	2	1	1079	67	15.7958995339	29.0141826337	29.515412261	6.992
1768	0	2	2	2425	151	15.7958995339	29.5387604874	30.0399901147	7.685
1769	0	2	1	547	34	21.090664054	31.8984680879	32.5677092198	8.96
1769	0	2	2	1894	118	21.090664054	33.7922259672	34.4614670991	15.307
1770	0	2	1	122	7	22.2052763962	30.0466389239	30.7512485213	7.37
1770	0	2	2	1462	91	22.2052763962	35.4407249253	36.1453345227	13.622
1772	0	2	1	920	57	24.1799862375	26.8567989853	27.6240693432	13.402
1772	0	2	2	2265	141	24.1799862375	26.980794082	27.74806444	7.292
1773	0	2	1	1256	78	22.3866786421	30.5433246054	31.2536903916	6.252
1773	0	2	2	2604	162	22.3866786421	32.3430286563	33.0533944426	11.874
1774	0	2	1	379	23	24.7870623824	32.4989729993	33.2855068724	6.378
1774	0	2	2	1724	107	24.7870623824	30.1558504603	30.9423843333	9.622
1775	0	2	1	1057	66	23.3360385418	30.6395422361	31.3800327587	9.339
1775	0	2	2	2404	150	23.3360385418	28.3786757531	29.1191662757	13.464
1776	0	2	1	1224	76	29.9785852873	36.0647611985	37.0160305515	5.622
1776	0	2	2	2575	160	29.9785852873	32.222990526	33.174259879	10.756
1777	0	2	1	1218	76	20.1845024165	29.6011743808	30.2416615275	9.591
1777	0	2	2	2567	160	20.1845024165	27.6200260966	28.2605132433	11.181
1778	0	2	1	582	36	19.0015138143	29.8168828378	30.4198318289	13.937
1778	0	2	2	1931	120	19.0015138143	30.0553532479	30.658302239	8.85
1779	0	2	1	1258	78	17.8889176815	30.8597871775	31.4274316806	9.559
1779	0	2	2	2609	163	17.8889176815	29.1320149611	29.6996594642	11.275
1780	0	2	1	456	28	26.8248258043	32.1984782109	33.0496736373	4.662
1780	0	2	2	1801	112	26.8248258043	32.5004741196	33.351669546	10.315
1781	0	2	1	987	61	27.6912539103	16.4358823772	17.3145709791	11.937
1781	0	2	2	2331	145	27.6912539103	22.4022448711	23.280933473	15.716
1782	0	2	1	218	13	26.9271798988	28.2521548707	29.1065981593	10.63
1782	0	2	2	1562	97	26.9271798988	28.1813329135	29.0357762021	11.717
1784	0	2	1	133	8	23.9247868425	29.7252437009	30.4844161662	11.905
1784	0	2	2	1475	92	23.9247868425	32.6078365666	33.367009032	8.221
1785	0	2	1	825	51	25.2531794847	16.6322266732	17.4335512013	7.166
1785	0	2	2	2166	135	25.2531794847	23.3806790708	24.182003599	14
1786	0	2	1	903	56	30.2945871964	30.291498558	31.2527951664	14.709
1786	0	2	2	2245	140	30.2945871964	30.2761813185	31.2374779269	6.347
1787	0	2	1	1041	65	24.2060154468	29.5123469034	30.2804432105	16.031
1787	0	2	2	2407	150	24.2060154468	30.813704004	31.5818003111	12.598
1788	0	2	1	330	20	23.905809183	29.8126682332	30.5712385065	8.473
1788	0	2	2	1674	104	23.905809183	30.0107391828	30.7693094561	7.78
1789	0	2	1	1031	64	26.6575352097	25.2335450819	26.0794321052	5.559
1789	0	2	2	2376	148	26.6575352097	38.0427969084	38.8886839318	12.031
1790	0	2	1	901	56	24.9657803419	29.8648555616	30.6570604467	7.969
1790	0	2	2	2242	140	24.9657803419	27.0707879449	27.86299283	6.441
1791	0	2	1	440	27	23.7306958088	29.5106189483	30.2636325889	7.811
1791	0	2	2	1787	111	23.7306958088	29.6075473319	30.3605609725	12.725
1792	0	2	1	949	59	26.0492781718	31.5230199801	32.3496060166	6.378
1792	0	2	2	2290	143	26.0492781718	31.8553040046	32.6818900411	6.819
1793	0	2	1	162	10	21.6297863606	30.0413544349	30.7277027959	5.527
1793	0	2	2	1502	93	21.6297863606	31.5537314662	32.2400798272	16.567
1794	0	2	1	491	30	19.835933338	30.8106555354	31.4400820174	5.527
1794	0	2	2	1838	114	19.835933338	28.9309293154	29.5603557973	4.504
1795	0	2	1	1263	78	22.2399562009	28.9246853868	29.630395431	10.347
1795	0	2	2	2615	163	22.2399562009	31.819244751	32.5249547951	15.874
1796	0	2	1	215	13	23.9361149779	26.5504788044	27.3100107299	8.032
1796	0	2	2	1558	97	23.9361149779	27.1275135087	27.8870454342	6.74
1797	0	2	1	1239	77	24.9685124408	31.7305279242	32.5228195033	12.283
1797	0	2	2	2589	161	24.9685124408	32.3674237307	33.1597153097	10.126
1798	0	2	1	1064	66	28.3474178941	30.7124920528	31.6120018069	7.008
1798	0	2	2	2412	150	28.3474178941	31.0532055336	31.9527152877	9.685
1799	0	2	1	328	20	20.4638448077	26.916569759	27.5659208949	13.212
1799	0	2	2	1671	104	20.4638448077	15.5603922729	16.2097434089	13.496
1800	0	2	1	906	56	31.6287931558	31.6472021385	32.6508352757	5.087
1800	0	2	2	2247	140	31.6287931558	31.8979989312	32.9016320684	8.378
1801	0	2	1	1006	62	22.5206880529	30.4415673561	31.1561854792	5.906
1801	0	2	2	2349	146	22.5206880529	30.8399413345	31.5545594576	5.842
1802	0	2	1	159	9	23.8376524519	31.0603653763	31.8167729255	6.284
1802	0	2	2	1498	93	23.8376524519	32.813696148	33.5701036972	7.685
1803	0	2	1	997	62	23.7378287777	29.2492815541	30.0025215355	9.087
1803	0	2	2	2342	146	23.7378287777	24.2991831193	25.0524231007	4.472
1804	0	2	1	1064	66	26.8307719711	29.6477466344	30.4991307424	9.055
1804	0	2	2	2412	150	26.8307719711	30.4733699056	31.3247540136	14
1805	0	2	1	822	51	23.208754716	32.0127765775	32.7492281769	5.26
1805	0	2	2	2166	135	23.208754716	26.8216758555	27.5581274549	9.59
1806	0	2	1	1245	77	22.0012349535	31.096928548	31.795063578	8.598
1806	0	2	2	2596	162	22.0012349535	32.9765213613	33.6746563913	7.181
1807	0	2	1	1257	78	22.4726443448	29.030588992	29.74368261	4.881
1807	0	2	2	2604	162	22.4726443448	31.6589572628	32.3720508808	11.244
1808	0	2	1	528	33	23.5653227196	30.6528389947	31.4006050777	11.874
1808	0	2	2	1876	117	23.5653227196	33.8279397312	34.5757058143	6
1809	0	2	1	795	49	23.77546176	31.1957691807	31.9502033179	9.842
1809	0	2	2	2135	133	23.77546176	30.2548992614	31.0093333986	15.811
1810	0	2	1	833	52	27.477010756	30.0632482553	30.9351385728	8.221
1810	0	2	2	2175	135	27.477010756	28.9654360848	29.8373264022	11.842
1811	0	2	1	459	28	24.9592609762	30.7202756366	31.5122736516	4.394
1811	0	2	2	1805	112	24.9592609762	33.3922042066	34.1842022216	6.819
1812	0	2	1	551	34	19.4037233808	33.3444176565	33.9601294124	8.473
1812	0	2	2	1899	118	19.4037233808	32.9182264316	33.5339381875	10.189
1813	0	2	1	599	37	23.4882489917	29.9336821908	30.679002599	10.221
1813	0	2	2	1948	121	23.4882489917	29.7122433632	30.4575637713	8.725
1814	0	2	1	893	55	31.0589477113	32.32713241	33.3126834229	7.748
1814	0	2	2	2235	139	31.0589477113	32.5608030436	33.5463540565	9.181
1815	0	2	1	993	62	28.3945910562	28.2891025309	29.1901091663	15.527
1815	0	2	2	2337	146	28.3945910562	29.1631571011	30.0641637364	17.906
1816	0	2	1	582	36	18.092029877	29.2802842755	29.8543738595	11.874
1816	0	2	2	1931	120	18.092029877	31.616311937	32.190401521	10.283
1817	0	2	1	1055	65	22.3691627725	28.2609571687	28.9707671478	5.78
1817	0	2	2	2398	149	22.3691627725	32.1371575401	32.8469675192	10.189
1818	0	2	1	1012	63	19.2794195638	30.7140587555	31.3258261487	6.032
1818	0	2	2	2356	147	19.2794195638	33.7891247199	34.4008921131	7.559
1819	0	2	1	1009	63	23.0821785105	32.0476760835	32.7801112137	8.504
1819	0	2	2	2353	147	23.0821785105	35.074323661	35.8067587911	8.157
1820	0	2	1	778	48	29.7207064985	30.5030665586	31.4461529975	18.677
1820	0	2	2	2119	132	29.7207064985	31.7287951999	32.6718816388	15.212
1821	0	2	1	342	21	19.238632667	30.6244043985	31.2348775571	13.779
1821	0	2	2	1685	105	19.238632667	30.114199029	30.7246721875	12.851
1822	0	2	1	999	62	21.0115265271	29.3273797253	29.9941096945	5.039
1822	0	2	2	2344	146	21.0115265271	27.4173656701	28.0840956393	4.441
1823	0	2	1	965	60	24.4915308716	38.3359503369	39.1131065137	11.496
1823	0	2	2	2309	144	24.4915308716	31.9669353337	32.7440915105	4.063
1824	0	2	1	333	20	20.2652970392	33.7382565779	34.3813074696	7.654
1824	0	2	2	1677	104	20.2652970392	33.3778385837	34.0208894754	5.716
1825	0	2	1	1081	67	23.1663390609	29.1528295158	29.8879351974	5.748
1825	0	2	2	2427	151	23.1663390609	32.0542468727	32.7893525543	5.622
1826	0	2	1	811	50	26.0007176811	29.9447353248	30.7697804579	10.126
1826	0	2	2	2154	134	26.0007176811	28.2852705174	29.1103156504	15.874
1827	0	2	1	1004	62	30.807649748	32.0369113983	33.0144883174	12.031
1827	0	2	2	2351	146	30.807649748	35.279834341	36.2574112601	6.63
1828	0	2	1	879	54	27.2396660106	29.6045017337	30.4688607157	5.653
1828	0	2	2	2222	138	27.2396660106	26.7289667738	27.5933257558	6
1829	0	2	1	1098	68	24.3140274473	27.1735498922	27.9450735961	4.646
1829	0	2	2	2446	152	24.3140274473	29.0503819176	29.8219056215	13.386
1830	0	2	1	737	46	27.188611336	32.3045126223	33.1672515564	6.898
1830	0	2	2	2077	129	27.188611336	28.8842395146	29.7469784486	15.874
1831	0	2	1	999	62	22.1659650641	29.2837123244	29.9870745092	6.189
1831	0	2	2	2343	146	22.1659650641	31.1430690228	31.8464312077	10.126
1832	0	2	1	1021	63	25.9642454333	29.7155390698	30.5394268789	9.622
1832	0	2	2	2368	148	25.9642454333	27.6945498614	28.5184376706	20.22
1833	0	2	1	1021	63	22.8744082069	26.7211731521	27.4470153921	9.748
1833	0	2	2	2366	147	22.8744082069	29.5292224496	30.2550646896	5.402
1834	0	2	1	1275	79	25.9263177459	26.6198267558	27.4425110577	11.842
1834	0	2	2	2625	164	25.9263177459	26.2788383765	27.1015226784	12.22
1835	0	2	1	975	60	24.522664111	28.1148071436	28.8929512288	4.126
1835	0	2	2	2319	144	24.522664111	31.9026682518	32.6808123369	8.724
1836	0	2	1	555	34	28.0351996436	33.4399415208	34.3295440811	16.189
1836	0	2	2	1905	119	28.0351996436	29.8883022413	30.7779048017	11.402
1837	0	2	1	274	17	29.3527878357	32.8312723186	33.7626840989	5.559
1837	0	2	2	1618	101	29.3527878357	34.1909953801	35.1224071604	8.126
1838	0	2	1	129	8	27.4225733054	25.4522370035	26.322399932	11.118
1838	0	2	2	1467	91	27.4225733054	28.899556178	29.7697191065	5.433
1840	0	2	1	444	27	22.7110775578	29.5977186399	30.3183781323	5.102
1840	0	2	2	1790	111	22.7110775578	25.416059414	26.1367189064	17.496
1841	0	2	1	1251	78	20.1431681753	30.6852320175	31.3244075615	6.378
1841	0	2	2	2600	162	20.1431681753	30.1548469382	30.7940224822	16.583
1842	0	2	1	78	4	25.8780940636	28.3339586362	29.1551127221	9.527
1842	0	2	2	1417	88	25.8780940636	31.4809222308	32.3020763166	10.536
1843	0	2	1	1100	68	22.341234997	30.6626022707	31.3715260561	10.409
1843	0	2	2	2447	152	22.341234997	28.9727310319	29.6816548172	5.26
1844	0	2	1	994	62	20.2276206804	26.9929363179	27.6347916774	8.882
1844	0	2	2	2338	146	20.2276206804	28.5826689586	29.2245243182	11.622
1845	0	2	1	1098	68	24.8405386408	30.0183499936	30.8065807555	4.032
1845	0	2	2	2445	152	24.8405386408	31.4643372996	32.2525680615	7.779
1846	0	2	1	153	9	25.5685220418	27.4736102049	28.2849410661	11.748
1846	0	2	2	1495	93	25.5685220418	30.9375772944	31.7489081557	13.433
1847	0	2	1	879	54	19.8927924587	30.8679273942	31.4991581087	5.37
1847	0	2	2	2222	138	19.8927924587	32.1737089124	32.8049396269	10.567
1848	0	2	1	795	49	21.2896932555	34.9353570173	35.61091367	7.354
1848	0	2	2	2135	133	21.2896932555	30.814421188	31.4899778407	18.756
1849	0	2	1	1233	77	20.4560792378	29.5697654502	30.2188701719	4.063
1849	0	2	2	2583	161	20.4560792378	29.178233226	29.8273379478	12.252
1850	0	2	1	807	50	21.9616570845	31.993581778	32.6904609377	6.063
1850	0	2	2	2149	134	21.9616570845	30.8510686434	31.5479478031	11.402
1851	0	2	1	591	36	21.3839478456	30.8057504683	31.4842979727	12.456
1851	0	2	2	1936	121	21.3839478456	33.3787053181	34.0572528225	8.992
1852	0	2	1	584	36	29.2934727304	29.8444172359	30.7739468513	6.709
1852	0	2	2	1933	120	29.2934727304	30.9662576564	31.8957872717	8.126
1853	0	2	1	548	34	23.642920275	32.431811132	33.182039512	16.126
1853	0	2	2	1895	118	23.642920275	31.7743958162	32.5246241962	14.157
1854	0	2	1	1090	68	23.6306635479	8.75666487151	9.50650432553	11.087
1854	0	2	2	2436	152	23.6306635479	8.33756937721	9.08740883123	6.189
1855	0	2	1	934	58	25.3151090375	29.9956603838	30.7989500375	9.275
1855	0	2	2	2277	142	25.3151090375	29.3939191172	30.197208771	7.843
1856	0	2	1	485	30	17.614015198	30.4416814566	31.000602856	8.914
1856	0	2	2	1830	114	17.614015198	31.7969153643	32.3558367637	5.307
1857	0	2	1	1244	77	20.0072098437	29.9257104182	30.5605717827	6.158
1857	0	2	2	2594	162	20.0072098437	26.8481682445	27.4830296091	16.63
1858	0	2	1	538	33	23.4434265478	31.4190216727	32.1629197916	9.779
1858	0	2	2	1888	118	23.4434265478	28.2510999368	28.9949980558	15.244
1859	0	2	1	997	62	19.1282142248	24.2764847606	24.8834541621	20
1859	0	2	2	2342	146	19.1282142248	27.3430813293	27.9500507308	14.031
1860	0	2	1	534	33	22.6898378652	29.3488039952	30.0687895175	17.023
1860	0	2	2	1883	117	22.6898378652	30.5734591867	31.2934447089	6
1861	0	2	1	1064	66	24.5145780819	30.7294034198	31.5072909221	7.087
1861	0	2	2	2412	150	24.5145780819	33.0272881465	33.8051756488	11.874
1863	0	2	1	1251	78	17.0434897015	27.2289618377	27.7697795336	6.032
1863	0	2	2	2600	162	17.0434897015	27.6050039979	28.1458216938	20.85
1864	0	2	1	597	37	18.5431357655	30.5732304165	31.1616343253	14.126
1864	0	2	2	1946	121	18.5431357655	31.7059455807	32.2943494894	13.071
1865	0	2	1	159	9	23.8901137052	29.3373987447	30.0954709749	8
1865	0	2	2	1499	93	23.8901137052	31.1460084896	31.9040807198	16.031
1866	0	2	1	994	62	17.400279826	27.7288236778	28.2809629057	7.717
1866	0	2	2	2338	146	17.400279826	29.8145496448	30.3666888726	7.527
1867	0	2	1	1236	77	22.506670093	30.5519819343	31.2661552448	6.347
1867	0	2	2	2585	161	22.506670093	30.5190923414	31.2332656519	10.378
1869	0	2	1	1218	76	21.7173321552	27.964799663	28.6539259947	9.653
1869	0	2	2	2567	160	21.7173321552	27.6388229205	28.3279492522	17.496
1870	0	2	1	550	34	20.878302717	31.3350820212	31.9975845818	4.473
1870	0	2	2	1898	118	20.878302717	32.2440332237	32.9065357844	4.835
1871	0	2	1	561	35	23.6984351746	30.847218463	31.5992084211	10.189
1871	0	2	2	1910	119	23.6984351746	31.946149316	32.6981392742	6.63
1872	0	2	1	1022	63	28.3917327727	29.8178991727	30.7188151101	11.811
1872	0	2	2	2368	148	28.3917327727	26.6081268493	27.5090427867	16.598
1873	0	2	1	795	49	29.6801257935	31.4535611033	32.3953598503	12.63
1873	0	2	2	2135	133	29.6801257935	30.234836282	31.176635029	16.126
1874	0	2	1	1255	78	21.5270356469	31.5257336626	32.2088215761	10.032
1874	0	2	2	2602	162	21.5270356469	30.9267123715	31.609800285	15.528
1875	0	2	1	557	34	27.6831052849	30.7413564837	31.6197865164	9.717
1875	0	2	2	1907	119	27.6831052849	29.8911304998	30.7695605325	10.583
1876	0	2	1	760	47	26.5611645332	33.8529365924	34.6957656171	19.228
1876	0	2	2	2100	131	26.5611645332	32.5975773527	33.4404063774	10.63
1877	0	2	1	155	9	23.4328379024	33.1746102834	33.9181724074	14.378
1877	0	2	2	1495	93	23.4328379024	30.8652808667	31.6088429907	18.851
1878	0	2	1	136	8	24.7518968299	29.4547875205	30.2402055333	8.819
1878	0	2	2	1478	92	24.7518968299	28.9637512765	29.7491692893	15.591
1880	0	2	1	558	34	18.6729967833	34.6912459361	35.2837705465	11.716
1880	0	2	2	1908	119	18.6729967833	31.3530251668	31.9455497772	10.819
1881	0	2	1	1240	77	20.9344515929	30.7312528651	31.395537121	6.977
1881	0	2	2	2589	161	20.9344515929	31.436531467	32.100815723	9.591
1882	0	2	1	474	29	24.518666561	30.0831369064	30.8611541428	13.496
1882	0	2	2	1821	113	24.518666561	31.7481017965	32.5261190329	6.693
1883	0	2	1	544	34	21.0415089774	33.3989064044	34.0665877656	11.275
1883	0	2	2	1892	118	21.0415089774	33.6628675529	34.3305489141	10.504
1884	0	2	1	583	36	20.0292340371	30.8692747489	31.504834977	9.276
1884	0	2	2	1928	120	20.0292340371	29.7570865607	30.3926467888	6.851
1886	0	2	1	441	27	27.0468726309	29.7489124677	30.6071538017	4.96
1886	0	2	2	1776	111	27.0468726309	31.0004429701	31.8586843041	9.527
1887	0	2	1	439	27	24.465227932	36.1280539437	36.9043754854	8.252
1887	0	2	2	1793	112	24.465227932	32.6431945604	33.419516102	6.472
1888	0	2	1	894	55	25.9095292944	30.6863428774	31.5084944544	12.472
1888	0	2	2	2236	139	25.9095292944	27.5918018301	28.4139534071	4.598
1889	0	2	1	1243	77	15.0303548067	31.6860696643	32.1630073101	9.464
1889	0	2	2	2594	162	15.0303548067	31.2272742912	31.7042119371	19.37
1890	0	2	1	455	28	21.5398960062	25.0518327926	25.7353287862	12.063
1890	0	2	2	1800	112	21.5398960062	28.7073876305	29.3908836241	15.134
1891	0	2	1	1061	66	26.1304862547	38.4215754373	39.2507383386	10.126
1891	0	2	2	2407	150	26.1304862547	32.6324717291	33.4616346304	9.008
1892	0	2	1	129	8	21.9478322241	25.6925881529	26.3890286273	4.52
1892	0	2	2	1472	92	21.9478322241	27.9729152888	28.6693557632	5.78
1893	0	2	1	1055	65	26.5052064904	27.9735666183	28.8146200031	9.008
1893	0	2	2	2387	149	26.5052064904	31.1501331361	31.9911865209	10.158
1894	0	2	1	809	50	23.0389461274	28.0393525913	28.7704158875	17.779
1894	0	2	2	2152	134	23.0389461274	28.1260967716	28.8571600678	10.567
1895	0	2	1	935	58	29.301499162	27.2728473944	28.2026317016	20.598
1895	0	2	2	2278	142	29.301499162	27.2607159565	28.1905002636	14.221
1896	0	2	1	1240	77	25.411203084	31.4487481641	32.2550870385	8.189
1896	0	2	2	2589	161	25.411203084	31.2947958043	32.1011346787	11.212
1897	0	2	1	1055	65	19.2779889947	28.2735857661	28.8853077651	10.378
1897	0	2	2	2393	149	19.2779889947	30.2024711199	30.8141931188	11.323
1898	0	2	1	547	34	19.8359756572	28.4317328663	29.0611606912	11.37
1898	0	2	2	1895	118	19.8359756572	30.2343910665	30.8638188913	11.307
1900	0	2	1	737	46	28.2155293164	33.6810132948	34.5763380094	4.189
1900	0	2	2	2076	129	28.2155293164	33.5807269522	34.4760516669	10.583
1901	0	2	1	1214	75	18.5213798088	28.9020430706	29.4897566274	5.401
1901	0	2	2	2565	160	18.5213798088	29.5676207092	30.155334266	9.968
1902	0	2	1	600	37	16.0745290309	30.9399693054	31.4500403005	9.559
1902	0	2	2	1950	121	16.0745290309	32.2582573483	32.7683283434	12.252
1903	0	2	1	811	50	24.1803640037	25.0571823704	25.8244647155	4.284
1903	0	2	2	2164	135	24.1803640037	35.4136618781	36.1809442232	8.189
1904	0	2	1	1270	79	22.1092231859	28.610292721	29.3118543936	11.685
1904	0	2	2	2619	163	22.1092231859	30.3605988743	31.0621605469	16.819
1905	0	2	1	471	29	18.6779648793	16.3818088937	16.97449115	7.008
1905	0	2	2	1817	113	18.6779648793	15.4817824184	16.0744646746	6.378
1906	0	2	1	547	34	23.9201506521	25.1872703637	25.9462957152	18.897
1906	0	2	2	1894	118	23.9201506521	28.2444039138	29.0034292653	15.465
1906	1	2	1	535	33	23.9201506521	29.9839909825	30.743016334	9.969
1906	1	2	2	1889	118	23.9201506521	33.6915366529	34.4505620044	4.158
1907	0	2	1	740	46	29.2668618808	30.048356944	30.9770421537	11.811
1907	0	2	2	2079	129	29.2668618808	29.5202834765	30.4489686863	4
1908	0	2	1	751	46	28.7385299018	23.0988314233	24.0107517986	7.622
1908	0	2	2	2071	129	28.7385299018	27.3912704525	28.3031908278	5.937
1909	0	2	1	1255	78	20.3986611683	30.6293025529	31.2765853058	10.787
1909	0	2	2	2603	162	20.3986611683	30.0825290305	30.7298117833	17.748
1910	0	2	1	547	34	16.911195874	29.1884776389	29.7250974361	8.834
1910	0	2	2	1894	118	16.911195874	32.6316457644	33.1682655616	7.418
1911	0	2	1	341	21	22.4842836966	25.77813295	26.4915959036	15.37
1911	0	2	2	1684	105	22.4842836966	25.9910819309	26.7045448845	16.646
1912	0	2	1	1217	76	20.2658182659	30.5905786063	31.2336460374	8.929
1912	0	2	2	2566	160	20.2658182659	31.1583941514	31.8014615825	7.937
1913	0	2	1	1264	79	20.2683066376	32.5176467424	33.1607931336	6.693
1913	0	2	2	2616	163	20.2683066376	29.7881750889	30.4313214802	12.851
1914	0	2	1	763	47	29.7220163838	32.2104596423	33.1535876459	5.591
1914	0	2	2	2103	131	29.7220163838	35.9574566781	36.9005846818	6.599
1915	0	2	1	551	34	24.8318074302	33.102790716	33.8907444223	10.488
1915	0	2	2	1899	118	24.8318074302	29.7454479259	30.5334016322	10.788
1916	0	2	1	470	29	25.5769631103	27.7419624062	28.5535611163	8.74
1916	0	2	2	1818	113	25.5769631103	28.3752781204	29.1868768305	9.087
1917	0	2	1	987	61	20.0184101299	24.4245416764	25.0597584443	10.095
1917	0	2	2	2331	145	20.0184101299	29.684165119	30.3193818869	7.654
1918	0	2	1	280	17	20.8494649616	30.3508555592	31.0124430508	8.835
1918	0	2	2	1624	101	20.8494649616	32.8572528465	33.5188403382	7.402
1919	0	2	1	932	58	25.1856596051	28.9770292213	29.7762112336	16.567
1919	0	2	2	2274	142	25.1856596051	30.6728221183	31.4720041307	8.299
1920	0	2	1	1063	66	27.552405762	30.6978254674	31.5721081913	8.126
1920	0	2	2	2415	150	27.552405762	29.9425278049	30.8168105288	6.157
1921	0	2	1	584	36	19.1974124421	33.1022967562	33.7114619299	13.874
1921	0	2	2	1931	120	19.1974124421	31.1189368544	31.728102028	16.441
1921	1	2	1	583	36	19.1974124421	32.4092092257	33.0183743994	7.086
1921	1	2	2	1932	120	19.1974124421	31.143182832	31.7523480057	15.874
1922	0	2	1	174	10	22.9406833724	32.8471006733	33.5750459322	13.748
1922	0	2	2	1517	94	22.9406833724	30.7666405044	31.4945857634	5.212
1923	0	2	1	920	57	27.6602052289	26.7101002454	27.587803622	7.118
1923	0	2	2	2264	141	27.6602052289	30.0427784669	30.9204818435	14.158
1924	0	2	1	779	48	29.1491188565	28.3924807655	29.3174297972	7.716
1924	0	2	2	2121	132	29.1491188565	30.8382257748	31.7631748066	5.307
1926	0	2	1	1033	64	28.0365160428	31.3301832046	32.2198275364	8.756
1926	0	2	2	2377	148	28.0365160428	21.2666051644	22.1562494962	4.473
1927	0	2	1	1255	78	20.2813712905	28.8662409114	29.5098018653	11.905
1927	0	2	2	2604	162	20.2813712905	32.8578450245	33.5014059784	14.473
1928	0	2	1	485	30	19.5942081866	30.6227474558	31.2445036049	9.37
1928	0	2	2	1831	114	19.5942081866	30.7871155597	31.4088717088	6.504
1929	0	2	1	1034	64	25.9349247176	20.149769851	20.9727272661	4.85
1929	0	2	2	2378	148	25.9349247176	24.3075741688	25.1305315839	5.559
1930	0	2	1	580	36	18.6929947247	29.9337560637	30.5269152414	11.748
1930	0	2	2	1928	120	18.6929947247	30.5611161087	31.1542752864	17.37
1931	0	2	1	1031	64	25.9005813425	21.6031128723	22.4249805162	9.055
1931	0	2	2	2372	148	25.9005813425	25.9137671775	26.7356348214	8.693
1932	0	2	1	383	23	23.8794319848	28.6565094302	29.4142427121	4.961
1932	0	2	2	1728	108	23.8794319848	28.9672217396	29.7249550214	9.842
1933	0	2	1	510	31	18.7125393058	28.3097243148	28.9035036738	6.834
1933	0	2	2	1859	116	18.7125393058	28.9063687159	29.500148075	10.803
1934	0	2	1	557	34	22.0994488374	27.2230545428	27.9243060594	9.149
1934	0	2	2	1907	119	22.0994488374	27.9152520182	28.6165035348	12.473
1935	0	2	1	774	48	27.2746223858	31.2766760886	32.1421442934	15.433
1935	0	2	2	2115	132	27.2746223858	31.2075003732	32.072968578	8.158
1936	0	2	1	569	35	22.1560152835	26.9554683862	27.6585148483	17.37
1936	0	2	2	1918	119	22.1560152835	27.6358012051	28.3388476671	15.307
1937	0	2	1	917	57	27.0793213269	34.6568819473	35.5161529313	6.032
1937	0	2	2	2265	141	27.0793213269	31.0928633472	31.9521343312	4.961
1938	0	2	1	1048	65	21.0680167625	30.5648535205	31.2333760169	9.528
1938	0	2	2	2399	149	21.0680167625	30.2512353202	30.9197578166	5.401
1939	0	2	1	531	33	13.6462767286	32.1817370004	32.6147555938	4.221
1939	0	2	2	1879	117	13.6462767286	28.1527765095	28.585795103	4.976
1940	0	2	1	1258	78	25.0430756019	29.0416317101	29.8362892997	7.969
1940	0	2	2	2609	163	25.0430756019	27.8881205783	28.682778168	15.654
1941	0	2	1	430	26	20.6225133661	30.8599380852	31.514324033	9.685
1941	0	2	2	1776	111	20.6225133661	29.6643481004	30.3187340482	4.284
1942	0	2	1	1021	63	25.3334841117	24.0045158213	24.8083885461	8.74
1942	0	2	2	2368	148	25.3334841117	23.1029391031	23.9068118278	25.15
1944	0	2	1	1094	68	24.0508298891	29.5892864455	30.3524584621	9.811
1944	0	2	2	2441	152	24.0508298891	29.4922933453	30.2554653619	5.811
1945	0	2	1	510	31	18.1313623889	29.8927115751	30.4680492437	6.22
1945	0	2	2	1860	116	18.1313623889	33.9977213231	34.5730589917	8.898
1946	0	2	1	488	30	22.3149713007	31.1887066764	31.8967970718	11.937
1946	0	2	2	1832	114	22.3149713007	26.3033945681	27.0114849636	4.96
1947	0	2	1	555	34	21.3438176392	33.741919833	34.4191939405	6.41
1947	0	2	2	1905	119	21.3438176392	28.9332869301	29.6105610377	6.22
1948	0	2	1	1275	79	20.8853078281	30.1111127397	30.7738375839	6.834
1948	0	2	2	2625	164	20.8853078281	29.7481752817	30.4109001259	13.118
1949	0	2	1	994	62	20.7003181271	26.5678062946	27.2246611142	16.347
1949	0	2	2	2337	146	20.7003181271	31.1277978909	31.7846527105	13.78
1950	0	2	1	993	62	22.2931226796	27.9017720598	28.6091691629	5.008
1950	0	2	2	2340	146	22.2931226796	29.8189339111	30.5263310143	12.032
1951	0	2	1	336	21	23.9968685929	25.2444618762	26.0059216129	8.221
1951	0	2	2	1680	105	23.9968685929	25.2005379741	25.9619977109	13.874
1953	0	2	1	1243	77	19.1047790967	31.1694947012	31.7757204679	10
1953	0	2	2	2593	162	19.1047790967	32.9228852308	33.5291109975	14.756
1954	0	2	1	1019	63	21.8854457957	32.3116268338	33.0060876852	11.685
1954	0	2	2	2364	147	21.8854457957	34.7054752118	35.3999360632	11.307
1955	0	2	1	1217	76	20.966587272	27.7644048643	28.4297088377	6
1955	0	2	2	2566	160	20.966587272	27.6553172336	28.320621207	14.409
1956	0	2	1	936	58	28.9639919078	28.860014356	29.7790890081	16.803
1956	0	2	2	2280	142	28.9639919078	29.8261194411	30.7451940932	9.748
1957	0	2	1	1234	77	23.8098997184	30.7390234121	31.4945503218	7.717
1957	0	2	2	2585	161	23.8098997184	32.1245995821	32.8801264918	9.622
1959	0	2	1	552	34	25.980852681	31.2304547401	32.0548695243	10.032
1959	0	2	2	1899	118	25.980852681	28.8467886453	29.6712034295	13.37
1960	0	2	1	266	16	23.0447095532	28.5691809551	29.3004271342	5.465
1960	0	2	2	1610	100	23.0447095532	27.8205853032	28.5518314823	15.464
1961	0	2	1	577	36	21.5645022066	29.7560448165	30.4403216049	10.834
1961	0	2	2	1925	120	21.5645022066	30.426461426	31.1107382144	13.071
1962	0	2	1	1029	64	26.6862193635	25.1485867814	25.9953839996	6.567
1962	0	2	2	2374	148	26.6862193635	33.511096992	34.3578942103	18.126
1962	1	2	1	1031	64	26.6862193635	19.9233800389	20.7701772572	10.252
1962	1	2	2	2373	148	26.6862193635	33.663021787	34.5098190052	10.094
1963	0	2	1	545	34	23.9415249854	36.2129593111	36.972662905	8.283
1963	0	2	2	1894	118	23.9415249854	32.4383951175	33.1980987114	8.662
1964	0	2	1	1047	65	25.6148020259	29.0795531426	29.8923525431	17.528
1964	0	2	2	2399	149	25.6148020259	30.8284749112	31.6412743117	5.842
1965	0	2	1	778	48	22.2253333084	30.4519391284	31.1571851643	12.788
1965	0	2	2	2118	132	22.2253333084	29.2961633249	30.0014093608	11.843
1966	0	2	1	160	10	23.5453217336	29.8004162283	30.5475476475	9.874
1966	0	2	2	1495	93	23.5453217336	32.5704234133	33.3175548325	15.843
1967	0	2	1	894	55	24.4573348325	26.61944557	27.3955166507	18.693
1967	0	2	2	2236	139	24.4573348325	25.1114538742	25.8875249549	13.244
1968	0	2	1	901	56	29.9367968799	27.2241406534	28.1740839921	17.134
1968	0	2	2	2247	140	29.9367968799	28.5036677073	29.453611046	5.213
1968	1	2	1	895	55	29.9367968799	34.3899858556	35.3399291944	13.181
1968	1	2	2	2246	140	29.9367968799	32.2200992657	33.1700426045	7.968
1969	0	2	1	587	36	17.2823008584	27.904875589	28.453271152	10.488
1969	0	2	2	1938	121	17.2823008584	28.9573112646	29.5057068276	15.78
1970	0	2	1	930	58	27.752764124	25.6698543227	26.5504947439	14.961
1970	0	2	2	2273	142	27.752764124	27.6336151513	28.5142555724	11.102
1971	0	2	1	918	57	21.3995327601	27.2160601572	27.8951021963	11.654
1971	0	2	2	2261	141	21.3995327601	26.3925186349	27.0715606741	10.362
1973	0	2	1	1273	79	17.3558407948	29.0043735382	29.5551026431	11.071
1973	0	2	2	2625	164	17.3558407948	28.6688665199	29.2195956249	19.527
1974	0	2	1	336	21	26.4014773791	30.2397435461	31.0775054373	10.992
1974	0	2	2	1681	105	26.4014773791	30.6620111019	31.499772993	5.622
1975	0	2	1	1029	64	26.7626104369	21.1097812825	21.959002514	9.118
1975	0	2	2	2373	148	26.7626104369	30.2185445822	31.0677658137	18.803
1976	0	2	1	337	21	28.4439016149	33.5972178127	34.4997891525	6.063
1976	0	2	2	1681	105	28.4439016149	32.2595904426	33.1621617823	9.275
1977	0	2	1	1268	79	21.797437298	30.505076534	31.1967447323	9.842
1977	0	2	2	2618	163	21.797437298	30.1748482213	30.8665164196	12.834
1978	0	2	1	973	60	21.6301347651	30.5774210954	31.2637805119	11.842
1978	0	2	2	2318	144	21.6301347651	29.2137140915	29.900073508	5.654
1979	0	2	1	810	50	27.2211952115	32.6036407998	33.4674136733	6.992
1979	0	2	2	2153	134	27.2211952115	32.4736246598	33.3373975333	7.465
1980	0	2	1	414	25	19.3008577579	28.9432782302	29.5557258923	8.693
1980	0	2	2	1760	110	19.3008577579	31.221905803	31.8343534651	8.598
1981	0	2	1	174	10	26.1455982703	28.2983937711	29.1280362013	4.992
1981	0	2	2	1514	94	26.1455982703	30.7443233543	31.5739657844	12.882
1982	0	2	1	585	36	19.7467554663	30.7669713353	31.3935680582	7.937
1982	0	2	2	1929	120	19.7467554663	31.6899057331	32.3165024559	13.008
1983	0	2	1	491	30	22.7695705245	29.5683358257	30.2908513952	9.937
1983	0	2	2	1837	114	22.7695705245	28.6237390704	29.3462546399	9.811
1984	0	2	1	1030	64	25.3106052555	25.3006027103	26.1037494517	12.473
1984	0	2	2	2374	148	25.3106052555	34.101125113	34.9042718544	12.929
1985	0	2	1	1021	63	22.9145808332	27.7540554423	28.4811724251	12.441
1985	0	2	2	2366	147	22.9145808332	27.8605104686	28.5876274514	4.583
1986	0	2	1	338	21	24.5015913366	29.2441484347	30.0216238464	11.811
1986	0	2	2	1683	105	24.5015913366	30.2503088107	31.0277842224	15.213
1987	0	2	1	1245	77	23.039587914	31.9729647757	32.7040484369	10.756
1987	0	2	2	2596	162	23.039587914	29.8596276478	30.590711309	20.693
1988	0	2	1	1033	64	26.7659271127	28.5784257298	29.4277522048	4.126
1988	0	2	2	2376	148	26.7659271127	31.8064398225	32.6557662974	15.78
1989	0	2	1	821	51	29.0627536033	24.1757503311	25.0979588527	10.567
1989	0	2	2	2167	135	29.0627536033	26.1839775623	27.1061860838	4.835
1991	0	2	1	430	26	21.0118541541	32.3062761097	32.973016475	6.803
1991	0	2	2	1775	110	21.0118541541	30.3532366053	31.0199769706	11.055
1992	0	2	1	768	48	25.4462576296	29.0677032656	29.8751544778	21.402
1992	0	2	2	2109	131	25.4462576296	34.4466864091	35.2541376213	10.52
1993	0	2	1	564	35	16.2805163736	40.7820188339	41.298626143	8.284
1993	0	2	2	1912	119	16.2805163736	41.5663268699	42.082934179	10.96
1994	0	2	1	1022	63	26.9953711219	32.2844904459	33.1410975531	5.197
1994	0	2	2	2366	147	26.9953711219	30.2689980946	31.1256052018	9.622
1996	0	2	1	1269	79	20.9847730734	29.1633259242	29.8292069627	7.748
1996	0	2	2	2627	164	20.9847730734	27.2412670305	27.907148069	11.244
1997	0	2	1	594	37	16.0071775881	29.1603561315	29.6682899556	9.717
1997	0	2	2	1944	121	16.0071775881	29.3330037077	29.8409375318	9.653
1998	0	2	1	592	37	22.3154335105	31.4061194142	32.1142244763	13.527
1998	0	2	2	1943	121	22.3154335105	31.2138454003	31.9219504624	9.748
1999	0	2	1	782	48	27.0210498411	31.5496401829	32.4070621177	4.284
1999	0	2	2	2121	132	27.0210498411	31.8167034029	32.6741253377	11.843
2000	0	2	1	1059	66	21.708507866	27.8638727901	28.5527191127	16.394
2000	0	2	2	2406	150	21.708507866	26.1524884653	26.8413347879	20.094
2001	0	2	1	248	15	25.7649133365	27.1326591489	27.9502218259	10.882
2001	0	2	2	1590	99	25.7649133365	27.724510004	28.542072681	16.032
2002	0	2	1	903	56	30.838597749	33.4591890531	34.4377480027	5.843
2002	0	2	2	2245	140	30.838597749	32.0797342972	33.0582932467	8.094
2003	0	2	1	564	35	21.4958895612	33.2710653666	33.953164964	11.386
2003	0	2	2	1912	119	21.4958895612	35.5119467265	36.1940463239	8.157
2004	0	2	1	551	34	25.2649119413	26.8742363487	27.6759331668	7.181
2004	0	2	2	1898	118	25.2649119413	27.4281597259	28.229856544	7.464
2005	0	2	1	157	9	29.3538591198	32.5892336756	33.5206794494	6.536
2005	0	2	2	1497	93	29.3538591198	30.2799188952	31.2113646691	18.914
2006	0	2	1	105	6	18.8887010607	5.62535897381	6.22472823239	15.59
2006	0	2	2	1472	92	18.8887010607	12.3890515257	12.9884207843	19.212
2007	0	2	1	551	34	20.9179022486	28.5072658069	29.1710249252	7.685
2007	0	2	2	1899	118	20.9179022486	28.2965181635	28.9602772818	7.811
2008	0	2	1	1056	66	21.6151655483	31.2453239897	31.9312084085	7.685
2008	0	2	2	2401	150	21.6151655483	30.2771779505	30.9630623693	5.969
2009	0	2	1	1281	80	18.9428430444	30.416128137	31.0172154089	12.976
2009	0	2	2	2631	164	18.9428430444	30.1920543255	30.7931415974	13.338
2009	1	2	1	1273	79	18.9428430444	29.5345517946	30.1356390665	5.417
2009	1	2	2	2622	163	18.9428430444	35.6003901089	36.2014773808	10.914
2010	0	2	1	920	57	26.3292735089	28.4291235081	29.2645942529	9.496
2010	0	2	2	2263	141	26.3292735089	31.0656211759	31.9010919206	7.527
2011	0	2	1	473	29	27.3988139615	26.2695137816	27.1389227874	17.575
2011	0	2	2	1831	114	27.3988139615	27.4975434619	28.3669524677	6.662
2012	0	2	1	1250	78	15.5090504512	32.5498838728	33.0420113114	8.851
2012	0	2	2	2599	162	15.5090504512	33.9789416128	34.4710690514	12.472
2013	0	2	1	1245	77	17.8207236198	29.7604871768	30.3259677712	6.41
2013	0	2	2	2596	162	17.8207236198	29.4193568107	29.9848374051	18.221
2014	0	2	1	1022	63	26.9863748446	28.1547644964	29.0110861371	14.866
2014	0	2	2	2366	147	26.9863748446	25.5717768501	26.4280984908	12.74
2015	0	2	1	1062	66	26.2751540142	30.2162028271	31.0499562721	9.717
2015	0	2	2	2410	150	26.2751540142	31.9470459898	32.7807994348	6.378
2016	0	2	1	521	32	19.7179307079	28.822709553	29.4483916193	6.031
2016	0	2	2	1869	116	19.7179307079	29.9425259555	30.5682080218	8.473
2017	0	2	1	1245	77	19.7388088757	30.0614518442	30.6877964088	8.315
2017	0	2	2	2596	162	19.7388088757	29.4129050487	30.0392496133	15.748
2019	0	2	1	136	8	21.5339119182	29.2033147044	29.8866208131	13.622
2019	0	2	2	1477	92	21.5339119182	29.6895124979	30.3728186066	10.771
2020	0	2	1	265	16	24.2040310698	20.3535051058	21.1215384454	8.031
2020	0	2	2	1608	100	24.2040310698	18.524175676	19.2922090156	4.96
2021	0	2	1	585	36	23.5392018929	30.6754694156	31.4224066423	13.811
2021	0	2	2	1931	120	23.5392018929	29.5877045008	30.3346417275	6.914
2022	0	2	1	1248	78	21.6060882493	28.2122595333	28.8978559146	4.945
2022	0	2	2	2598	162	21.6060882493	27.6536223221	28.3392187034	21.654
2023	0	2	1	822	51	26.6056611452	32.2400347593	33.084275734	12.032
2023	0	2	2	2165	135	26.6056611452	33.0165704041	33.8608113789	12.976
2024	0	2	1	1063	66	24.7559637443	31.2201130433	32.0056601059	10.41
2024	0	2	2	2408	150	24.7559637443	31.3592686798	32.1448157424	4.031
2025	0	2	1	807	50	26.5191420508	30.8637775567	31.7052731396	6.551
2025	0	2	2	2149	134	26.5191420508	33.3628388071	34.20433439	8.158
2026	0	2	1	1240	77	21.6414667195	29.1205552153	29.8072742131	7.37
2026	0	2	2	2589	161	21.6414667195	31.8521735917	32.5388925895	11.874
2028	0	2	1	1033	64	27.280615294	31.7407048389	32.6063632084	9.779
2028	0	2	2	2376	148	27.280615294	35.5210555415	36.386713911	6
2029	0	2	1	1254	78	21.5319551209	29.9540784696	30.637322486	10.283
2029	0	2	2	2594	162	21.5319551209	30.7991007397	31.482344756	4.189
2030	0	2	1	330	20	23.5963575217	30.9213418797	31.6700927476	9.874
2030	0	2	2	1670	104	23.5963575217	27.7851408605	28.5338917284	17.37
2031	0	2	1	583	36	25.1323049519	23.8894430637	24.686932046	11.039
2031	0	2	2	1930	120	25.1323049519	22.7656745468	23.5631635291	10.126
2032	0	2	1	266	16	24.7556956916	30.2714167898	31.0569553467	15.464
2032	0	2	2	1609	100	24.7556956916	29.7989750838	30.5845136407	6.693
2033	0	2	1	999	62	24.7075252874	28.4618420517	29.2458520831	7.402
2033	0	2	2	2350	146	24.7075252874	27.7718771824	28.5558872139	6.315
2034	0	2	1	174	10	29.1118158367	31.3962325061	32.3199978523	9.905
2034	0	2	2	1517	94	29.1118158367	27.8296449811	28.7534103273	5.118
2035	0	2	1	1079	67	25.2897014595	25.7843208353	26.5868042653	6.646
2035	0	2	2	2425	151	25.2897014595	30.1846876394	30.9871710694	12.63
2036	0	2	1	478	29	18.7910150217	29.0819983533	29.6782678747	19.071
2036	0	2	2	1826	114	18.7910150217	27.752764596	28.3490341175	13.968
2037	0	2	1	547	34	19.6090274488	28.6538562383	29.2760826268	10.283
2037	0	2	2	1895	118	19.6090274488	32.6278434385	33.2500698269	10.961
2038	0	2	1	192	12	23.6792047007	31.6134094387	32.3647891826	5.685
2038	0	2	2	1533	95	23.6792047007	32.51265681	33.2640365539	7.244
2039	0	2	1	1079	67	24.7827361538	25.8269275254	26.6133241202	15.055
2039	0	2	2	2425	151	24.7827361538	28.5096135875	29.2960101823	16.409
2040	0	2	1	141	8	25.0106722532	31.701231331	32.4948607096	7.748
2040	0	2	2	1482	92	25.0106722532	31.5281456599	32.3217750385	11.401
2041	0	2	1	415	25	22.8185015771	22.6084277995	23.332496031	6.063
2041	0	2	2	1765	110	22.8185015771	25.0542737468	25.7783419783	6.095
2043	0	2	1	804	50	25.2461231214	29.5015213402	30.3026219585	11.906
2043	0	2	2	2149	134	25.2461231214	30.2508906345	31.0519912528	10.189
2043	1	2	1	810	50	25.2461231214	30.3957505922	31.1968512105	10.378
2043	1	2	2	2152	134	25.2461231214	30.8180533489	31.6191539671	10.74
2044	0	2	1	430	26	24.6812866415	29.3643278797	30.1475053162	11.103
2044	0	2	2	1777	111	24.6812866415	29.928895444	30.7120728804	7.748
2045	0	2	1	1262	78	16.1876104864	32.9213059115	33.4349651655	8.157
2045	0	2	2	2613	163	16.1876104864	30.937944425	31.451603679	8.504
2046	0	2	1	539	33	22.3214635396	29.8182793403	30.526575745	4.378
2046	0	2	2	1890	118	22.3214635396	29.6402685664	30.3485649712	5.905
2047	0	2	1	1230	76	19.4345330925	30.6405336608	31.257223059	8.158
2047	0	2	2	2581	161	19.4345330925	30.3517724148	30.9684618131	12.33
2048	0	2	1	488	30	18.4781797971	27.0171253122	27.6034680623	17.008
2048	0	2	2	1832	114	18.4781797971	27.5133517844	28.0996945345	14.819
2049	0	2	1	1217	76	18.6357473354	31.5600523411	32.1513949659	6.724
2049	0	2	2	2566	160	18.6357473354	31.8259825691	32.4173251939	12.803
2050	0	2	1	1241	77	24.6529724623	29.8096811483	30.5919601298	10.031
2050	0	2	2	2593	162	24.6529724623	29.5869383743	30.3692173557	14.488
2051	0	2	1	565	35	22.0649284803	6.29443295286	6.99458908226	14.189
2051	0	2	2	1911	119	22.0649284803	5.761743224	6.46189935339	19.622
2052	0	2	1	1245	77	24.2144122652	32.1928149355	32.9611776874	6.536
2052	0	2	2	2596	162	24.2144122652	25.869064656	26.6374274079	26.347
2053	0	2	1	1021	63	30.3907166641	26.1130897417	27.0774366948	7.229
2053	0	2	2	2366	147	30.3907166641	24.7543658578	25.7187128108	10.347
2053	1	2	1	1022	63	30.3907166641	30.095383291	31.0597302441	10.283
2053	1	2	2	2368	148	30.3907166641	23.8333503021	24.7976972552	17.685
2055	0	2	1	837	52	22.7316092677	27.9219199218	28.6432309188	15.748
2055	0	2	2	2180	136	22.7316092677	23.5393983296	24.2607093266	7.055
2056	0	2	1	1248	78	24.3606036896	29.1980706011	29.9710722451	10.126
2056	0	2	2	2597	162	24.3606036896	27.7081341298	28.4811357738	22.693
2057	0	2	1	737	46	21.1428050658	30.1643589745	30.8352546256	15.842
2057	0	2	2	2077	129	21.1428050658	28.7275969427	29.3984925938	5.055
2058	0	2	1	893	55	23.2381605321	33.3579548138	34.0953395076	10.284
2058	0	2	2	2235	139	23.2381605321	32.2364744562	32.9738591501	6.645
2060	0	2	1	1022	63	29.6215914804	30.4242168434	31.3641582012	7.087
2060	0	2	2	2366	147	29.6215914804	24.4570295805	25.3969709383	9.275
2061	0	2	1	1049	65	27.9269285351	25.4472585345	26.3334254762	22.945
2061	0	2	2	2387	149	27.9269285351	25.2343565056	26.1205234472	7.622
2062	0	2	1	415	25	25.4121340003	31.1364949699	31.9428633838	9.937
2062	0	2	2	1762	110	25.4121340003	30.563517535	31.3698859489	13.78
2063	0	2	1	1257	78	20.1797398617	30.6050477152	31.2453837384	8.157
2063	0	2	2	2604	162	20.1797398617	30.320097077	30.9604331001	11.874
2064	0	2	1	347	21	24.2104301462	28.7637708028	29.5320071955	5.181
2064	0	2	2	1691	105	24.2104301462	28.0250792522	28.7933156449	13.134
2065	0	2	1	918	57	25.9163422453	29.1820688533	30.0044366162	4.41
2065	0	2	2	2274	142	25.9163422453	17.3572360361	18.1796037991	6.677
2066	0	2	1	932	58	25.2383440617	28.3065036293	29.1073574053	16.283
2066	0	2	2	2274	142	25.2383440617	27.76750526	28.568359036	12.063
2067	0	2	1	490	30	25.1042913272	30.3920612705	31.1886613348	19.039
2067	0	2	2	1835	114	25.1042913272	33.3929180675	34.1895181319	12.866
2068	0	2	1	938	58	26.320480593	30.654353674	31.4895454051	5.811
2068	0	2	2	2282	142	26.320480593	32.9391502811	33.7743420122	10.252
2069	0	2	1	160	10	25.14806262	29.6736283202	30.471617319	8.866
2069	0	2	2	1504	94	25.14806262	28.8714086821	29.6693976809	10.157
2070	0	2	1	490	30	22.5047322718	30.3582436423	31.0723554626	12.992
2070	0	2	2	1835	114	22.5047322718	31.697954804	32.4120666243	7.843
2071	0	2	1	328	20	21.5356423283	30.5036759411	31.1870369585	7.685
2071	0	2	2	1672	104	21.5356423283	29.9074634012	30.5908244187	6.425
2072	0	2	1	996	62	22.3833883938	29.6662141616	30.3764755429	12.567
2072	0	2	2	2341	146	22.3833883938	29.4534184205	30.1636798018	10.284
2073	0	2	1	1056	66	23.2028383209	30.1528718234	30.8891356859	10.977
2073	0	2	2	2400	150	23.2028383209	30.5075745881	31.2438384506	21.591
2074	0	2	1	1269	79	17.1078019221	28.8886477513	29.4315061787	9.779
2074	0	2	2	2619	163	17.1078019221	28.6888876766	29.2317461041	15.464
2075	0	2	1	960	60	20.1853391731	29.5176971788	30.1582108772	9.874
2075	0	2	2	2304	144	20.1853391731	32.5437200029	33.1842337013	5.842
2076	0	2	1	1230	76	18.3597246949	30.8887786187	31.4713625953	11.024
2076	0	2	2	2580	161	18.3597246949	29.7473346046	30.3299185813	12.157
2077	0	3	1	1031	64	28.5734237048	21.1950630357	22.1017443223	5.307
2077	0	3	2	2375	148	28.5734237048	31.7343558653	32.641037152	12.645
2078	0	3	1	159	9	25.5369234048	33.3714845566	34.1818127416	18.031
2078	0	3	2	1498	93	25.5369234048	30.5352754031	31.3456035881	16.378
2079	0	3	1	137	8	20.0895699396	14.4412423932	15.0787171778	11.559
2079	0	3	2	1479	92	20.0895699396	15.6888233942	16.3262981788	7.779
2080	0	3	1	767	47	25.9985831007	29.4131251456	30.2381025449	16.22
2080	0	3	2	2107	131	25.9985831007	26.2646359507	27.08961335	14.063
2081	0	3	1	252	15	20.8242675116	32.7437919993	33.4045799348	8.252
2081	0	3	2	1594	99	20.8242675116	28.3859289636	29.0467168992	5.15
2082	0	3	1	997	62	23.6361906798	25.800308848	26.5503236869	11.591
2082	0	3	2	2342	146	23.6361906798	27.840822577	28.590837416	4.283
2083	0	3	1	520	32	17.828781194	29.3946961053	29.9604323797	7.59
2083	0	3	2	1867	116	17.828781194	30.3224243066	30.888160581	9.527
2084	0	3	1	1063	66	24.4759448062	30.5232773398	31.2999389453	5.464
2084	0	3	2	2411	150	24.4759448062	32.3848212864	33.1614828919	15.906
2085	0	3	1	1029	64	28.5791958238	20.0059982254	20.9128626708	5.528
2085	0	3	2	2373	148	28.5791958238	30.7177702667	31.6246347121	10.315
2086	0	3	1	839	52	19.1141200283	32.2602765327	32.8667987024	5.748
2086	0	3	2	2182	136	19.1141200283	22.4554455195	23.0619676891	4.126
2087	0	3	1	985	61	19.0951082518	24.0438279454	24.6497468404	12.803
2087	0	3	2	2328	145	19.0951082518	30.5723990424	31.1783179374	11.559
2089	0	3	1	1000	62	24.3108660549	30.8834785409	31.6549019286	8.378
2089	0	3	2	2345	146	24.3108660549	30.6022951098	31.3737184976	4.378
2090	0	3	1	997	62	27.3365719118	29.1242448872	29.9916788514	8.347
2090	0	3	2	2342	146	27.3365719118	30.7238513783	31.5912853424	9.591
2091	0	3	1	902	56	27.672861092	31.3020967978	32.1802017656	7.307
2091	0	3	2	2244	140	27.672861092	31.3353665654	32.2134715331	8.221
2092	0	3	1	970	60	27.4800979843	30.7275028759	31.5994911562	16.283
2092	0	3	2	2314	144	27.4800979843	30.6466412884	31.5186295687	10.662
2093	0	3	1	920	57	32.6938363091	23.9131242892	24.9505529809	20.221
2093	0	3	2	2261	141	32.6938363091	24.8316539656	25.8690826573	6.724
2094	0	3	1	238	14	28.150493656	28.620234838	29.5134958652	5.464
2094	0	3	2	1580	98	28.150493656	22.9116573704	23.8049183976	20.583
2095	0	3	1	994	62	23.488773125	28.0485373883	28.793874428	8.992
2095	0	3	2	2338	146	23.488773125	29.8899397913	30.6352768311	9.496
2096	0	3	1	534	33	21.3391528956	27.4021375387	28.0792636263	20.252
2096	0	3	2	1883	117	21.3391528956	29.2619650712	29.9390911588	12.473
2097	0	3	1	491	30	19.145393102	29.2950628117	29.902577327	16.976
2097	0	3	2	1838	114	19.145393102	28.6806727932	29.2881873084	14.472
2098	0	3	1	246	15	23.8471850193	27.7257379697	28.4824480027	6.315
2098	0	3	2	1588	99	23.8471850193	26.1143112116	26.8710212446	5.291
2099	0	3	1	788	49	24.7860328545	22.6780018065	23.4645030109	5.717
2099	0	3	2	2132	133	24.7860328545	33.5394998485	34.326001053	11.464
2100	0	3	1	1230	76	22.5375272936	30.3864446961	31.1015971558	5.748
2100	0	3	2	2581	161	22.5375272936	30.2203403364	30.9354927961	9.559
2101	0	3	1	261	16	20.4521739197	27.942354352	28.5913351517	10.661
2101	0	3	2	1605	100	20.4521739197	27.3485219454	27.997502745	13.811
2102	0	3	1	1270	79	17.4306605297	28.4502051032	29.0033083602	13.842
2102	0	3	2	2619	163	17.4306605297	29.1989109822	29.7520142393	13.102
2103	0	3	1	903	56	22.6570134865	31.5003278755	32.2192718268	9.937
2103	0	3	2	2246	140	22.6570134865	30.9831255967	31.702069548	6
2104	0	3	1	741	46	28.9775945265	29.767980111	30.6874863963	12.96
2104	0	3	2	2078	129	28.9775945265	27.6532599791	28.5727662644	4.221
2105	0	3	1	1045	65	23.6827700942	17.0116181028	17.7631109824	13.354
2105	0	3	2	2400	150	23.6827700942	26.9687213297	27.7202142093	12.74
2106	0	3	1	1048	65	26.2359106772	32.9161640252	33.7486722152	6.347
2106	0	3	2	2400	150	26.2359106772	30.7411281941	31.5736363841	15.465
2108	0	3	1	1004	62	23.9978887678	7.47547806566	8.23697017421	8
2108	0	3	2	2349	146	23.9978887678	6.99022310346	7.751715212	9.748
2109	0	3	1	1218	76	18.1573714843	28.7170250443	29.2931880239	9.496
2109	0	3	2	2569	160	18.1573714843	29.9736873234	30.5498503031	10.535
2110	0	3	1	417	26	23.6736864073	16.734749368	17.4859540074	7.779
2110	0	3	2	1774	110	23.6736864073	25.3976676536	26.148872293	16.095
2111	0	3	1	414	25	23.8921273828	27.2318729509	27.9900090784	6.063
2111	0	3	2	1760	110	23.8921273828	28.1594348675	28.917570995	12.284
2112	0	3	1	903	56	27.5848401222	30.6871916023	31.5625035212	6.992
2112	0	3	2	2244	140	27.5848401222	30.0803488595	30.9556607785	6.221
2113	0	3	1	816	51	25.9599243609	28.9444846863	29.7682353808	11.779
2113	0	3	2	2166	135	25.9599243609	28.0684032552	28.8921539497	11.874
2114	0	3	1	1229	76	19.7400061524	34.8322455376	35.4586280937	13.622
2114	0	3	2	2573	160	19.7400061524	31.4916420369	32.118024593	5.67
2116	0	3	1	207	12	27.0570499403	25.4669222943	26.3254865709	9.653
2116	0	3	2	1552	97	27.0570499403	28.3813378839	29.2399021605	11.622
2117	0	3	1	529	33	22.2534224079	29.9306064081	30.6367437569	9.15
2117	0	3	2	1878	117	22.2534224079	31.8623497399	32.5684870887	8.189
2118	0	3	1	349	21	22.9907628806	33.5052060312	34.2347403945	4.41
2118	0	3	2	1691	105	22.9907628806	28.9450247273	29.6745590907	7.622
2119	0	3	1	169	10	22.7317036015	32.4927409278	33.2140549181	8.645
2119	0	3	2	1513	94	22.7317036015	32.7439931083	33.4653070986	6.126
2120	0	3	1	778	48	24.3221417119	31.0667921405	31.8385733232	15.937
2120	0	3	2	2119	132	24.3221417119	30.0742933335	30.8460745163	16.772
2121	0	3	1	1264	79	19.7175481466	31.0133383239	31.6390082509	9.433
2121	0	3	2	2629	164	19.7175481466	28.1994789335	28.8251488605	5.937
2122	0	3	1	1098	68	21.074213624	30.5103760503	31.1790951832	8.378
2122	0	3	2	2444	152	21.074213624	31.0006598979	31.6693790308	8.032
2123	0	3	1	547	34	23.5564461297	9.75431965943	10.5018040739	16.598
2123	0	3	2	1893	118	23.5564461297	15.9494550295	16.6969394439	7.055
2124	0	3	1	901	56	31.4592491214	29.9028408622	30.901094091	17.197
2124	0	3	2	2241	140	31.4592491214	28.0988018266	29.0970550554	6.409
2125	0	3	1	470	29	21.63803273	33.2586299542	33.9452399859	7.481
2125	0	3	2	1817	113	21.63803273	29.884157071	30.5707671028	4.851
2126	0	3	1	1246	77	19.8307737358	29.6763771659	30.3056399253	8
2126	0	3	2	2597	162	19.8307737358	29.7601913148	30.3894540742	14.283
2127	0	3	1	1243	77	21.0189746858	31.6651098098	32.3320761212	6.788
2127	0	3	2	2593	162	21.0189746858	30.8705991662	31.5375654776	15.008
2128	0	3	1	1245	77	19.1301459184	29.2031224261	29.8101531234	10
2128	0	3	2	2596	162	19.1301459184	28.4224070194	29.0294377167	20.425
2129	0	3	1	984	61	21.1999813395	25.3315456708	26.0042556182	7.15
2129	0	3	2	2329	145	21.1999813395	29.464791724	30.1375016714	10.032
2130	0	3	1	737	46	23.4823005539	26.6788363532	27.4239680077	14.772
2130	0	3	2	2077	129	23.4823005539	28.0427657029	28.7878973574	13.212
2131	0	3	1	530	33	16.5854089141	26.1578258679	26.6841079141	15.149
2131	0	3	2	1879	117	16.5854089141	28.2637177938	28.78999984	11.874
2132	0	3	1	490	30	23.4428622056	23.2825842735	24.0264644849	10.473
2132	0	3	2	1834	114	23.4428622056	26.201820605	26.9457008164	12.378
2133	0	3	1	1257	78	17.4041269422	30.6519589399	31.204220243	8.221
2133	0	3	2	2599	162	17.4041269422	31.0401888495	31.5924501526	27.59
2133	1	3	1	1255	78	17.4041269422	28.4880500467	29.0403113498	16.378
2133	1	3	2	2598	162	17.4041269422	27.693411336	28.2456726391	16.063
2133	2	3	1	1254	78	17.4041269422	29.1022956849	29.654556988	9.417
2133	2	3	2	2600	162	17.4041269422	29.3994837412	29.9517450443	5.402
2134	0	3	1	489	30	23.7890414264	31.0217006039	31.7765656461	13.937
2134	0	3	2	1834	114	23.7890414264	30.0470749037	30.8019399458	13.103
2135	0	3	1	1237	77	22.3778947711	30.1776427252	30.8877297848	14.189
2135	0	3	2	2587	161	22.3778947711	31.1908117106	31.9008987703	13.464
2136	0	3	1	210	13	25.7048701694	27.9968464159	28.8125038253	11.717
2136	0	3	2	1552	97	25.7048701694	28.764843386	29.5805007955	5.276
2137	0	3	1	1258	78	16.6682320855	31.1567138374	31.6856239977	4.598
2137	0	3	2	2609	163	16.6682320855	28.8070701967	29.3359803571	12.551
2138	0	3	1	930	58	26.267405255	24.5054797561	25.3389873203	21.622
2138	0	3	2	2274	142	26.267405255	25.6956156014	26.5291231657	4.52
2139	0	3	1	1006	62	20.1363397114	29.0927463591	29.7317052248	14.189
2139	0	3	2	2351	146	20.1363397114	29.5471870655	30.1861459311	4.126
2139	1	3	1	1003	62	20.1363397114	31.9410529841	32.5800118498	4.284
2139	1	3	2	2347	146	20.1363397114	31.7220204356	32.3609793013	5.622
2140	0	3	1	571	35	19.8929421234	24.4220507438	25.0532862075	9.292
2140	0	3	2	1921	120	19.8929421234	29.2317040482	29.8629395118	17.338
2141	0	3	1	1218	76	23.6701885414	28.9767879178	29.7278815643	4
2141	0	3	2	2567	160	23.6701885414	31.3937439086	32.1448375551	10.536
2142	0	3	1	486	30	23.8006378918	5.50660052357	6.26183354045	16.693
2142	0	3	2	1831	114	23.8006378918	6.43802561823	7.19325863511	11.496
2143	0	3	1	1004	62	23.5301591824	31.3601062283	32.1067565151	6.535
2143	0	3	2	2349	146	23.5301591824	29.9204444919	30.6670947786	7.496
2144	0	3	1	740	46	27.6760249621	31.3920423468	32.2702477093	13.15
2144	0	3	2	2079	129	27.6760249621	33.2323015995	34.1105069619	11.307
2145	0	3	1	490	30	23.581086568	28.9695210267	29.7177873224	14.756
2145	0	3	2	1834	114	23.581086568	30.5945811941	31.3428474898	6.094
2146	0	3	1	538	33	16.6112124258	33.3721867809	33.8992876146	5.748
2146	0	3	2	1888	118	16.6112124258	32.076418859	32.6035196927	12
2147	0	3	1	1067	66	25.2984934363	29.599454628	30.4022170416	9.528
2147	0	3	2	2414	150	25.2984934363	28.7366393106	29.5394017243	11.937
2149	0	3	1	580	36	22.4329856168	32.5441823864	33.2560175684	6.63
2149	0	3	2	1929	120	22.4329856168	32.1499991288	32.8618343107	4.189
2150	0	3	1	1236	77	25.3588739982	28.7013419185	29.5060203058	6.614
2150	0	3	2	2580	161	25.3588739982	26.7030377879	27.5077161751	6.929
2151	0	3	1	305	19	25.9135203439	33.9861470509	34.8084252704	9.811
2151	0	3	2	1650	103	25.9135203439	32.6226442302	33.4449224497	11.906
2152	0	3	1	1009	63	28.0666620961	25.9995531547	26.8901540699	9.433
2152	0	3	2	2351	146	28.0666620961	28.2561207643	29.1467216795	5.937
2153	0	3	1	994	62	22.6507761162	29.3559385154	30.0746845448	12.394
2153	0	3	2	2337	146	22.6507761162	28.6973050501	29.4160510794	10.724
2154	0	3	1	1253	78	24.0793550148	28.7069119937	29.4709891589	7.024
2154	0	3	2	2600	162	24.0793550148	30.3567650566	31.1208422219	13.496
2155	0	3	1	937	58	26.6041567838	30.1104014616	30.9545947004	18.85
2155	0	3	2	2281	142	26.6041567838	32.0381446945	32.8823379334	7.969
2156	0	3	1	275	17	22.871171935	32.1697203498	32.8954598976	5.843
2156	0	3	2	1619	101	22.871171935	33.625726276	34.3514658237	8.756
2157	0	3	1	77	4	25.7436609423	30.0815610512	30.8984493551	16.189
2157	0	3	2	1416	88	25.7436609423	29.3312189294	30.1481072333	15.307
2158	0	3	1	1254	78	21.2426479925	28.5549942011	29.229058031	8.441
2158	0	3	2	2602	162	21.2426479925	30.1325354489	30.8065992788	12.158
2159	0	3	1	453	28	24.2992524599	31.9588752351	32.7299301046	7.37
2159	0	3	2	1798	112	24.2992524599	33.2961993299	34.0672541994	5.024
2160	0	3	1	1094	68	19.5508891147	32.8107442912	33.4311258556	9.748
2160	0	3	2	2442	152	19.5508891147	31.6431007406	32.263482305	4.662
2161	0	3	1	489	30	23.1402456926	31.1090603124	31.8433380089	7.528
2161	0	3	2	1834	114	23.1402456926	30.5252019714	31.2594796679	9.339
2162	0	3	1	1057	66	22.360319304	31.187164454	31.8966938155	5.433
2162	0	3	2	2403	150	22.360319304	29.5280288572	30.2375582187	15.968
2163	0	3	1	1217	76	20.8806603815	30.7795116928	31.442089066	5.118
2163	0	3	2	2569	160	20.8806603815	28.0887198563	28.7512972295	5.496
2164	0	3	1	169	10	24.2061841942	28.8794128266	29.6475144884	6.96
2164	0	3	2	1512	94	24.2061841942	30.4025221193	31.1706237811	9.842
2165	0	3	1	987	61	23.2998307004	27.0049408178	27.7442824066	13.37
2165	0	3	2	2337	146	23.2998307004	28.6977023025	29.4370438913	5.055
2166	0	3	1	1031	64	25.8825661837	22.4905384965	23.31183449	12.645
2166	0	3	2	2375	148	25.8825661837	33.3581344813	34.1794304748	10.929
2167	0	3	1	802	50	23.397174414	17.8305046546	18.572935118	13.842
2167	0	3	2	2146	134	23.397174414	30.4105872109	31.1530176743	7.386
2168	0	3	1	1236	77	21.4793434285	30.2098862252	30.8914607868	9.244
2168	0	3	2	2585	161	21.4793434285	30.9747107845	31.6562853461	12.725
2169	0	3	1	577	36	21.3479788764	31.1132223551	31.7906285055	7.811
2169	0	3	2	1925	120	21.3479788764	31.5959229005	32.2733290508	13.37
2170	0	3	1	490	30	22.6166356616	30.2360134618	30.953676159	10.032
2170	0	3	2	1835	114	22.6166356616	28.448114853	29.1657775501	11.433
2171	0	3	1	328	20	18.634801229	29.2816205026	29.8729331059	8.929
2171	0	3	2	1672	104	18.634801229	29.8181717344	30.4094843376	5.937
2172	0	3	1	1243	77	21.0414087151	28.8069901337	29.4746683134	6.394
2172	0	3	2	2593	162	21.0414087151	28.1280760239	28.7957542036	17.78
2173	0	3	1	901	56	24.1976900436	29.5735589046	30.3413910332	9.023
2173	0	3	2	2242	140	24.1976900436	27.26557362	28.0334057485	10.661
2174	0	3	1	233	14	26.3924620938	31.4527080944	32.2901839159	11.292
2174	0	3	2	1576	98	26.3924620938	29.6302065248	30.4676823462	7.086
2175	0	3	1	100	6	21.3535691941	23.1536419921	23.8312255324	6.315
2175	0	3	2	1442	90	21.3535691941	30.1051245596	30.7827080999	14.945
2175	1	3	1	101	6	21.3535691941	15.2713108804	15.9488944207	12.929
2175	1	3	2	1429	89	21.3535691941	10.3843458142	11.0619293545	13.779
2176	0	3	1	1269	79	14.3558392653	31.8271238357	32.2826580045	12.725
2176	0	3	2	2618	163	14.3558392653	30.775126445	31.2306606138	8.662
2177	0	3	1	933	58	25.1889305616	28.0610634482	28.8603492533	18.851
2177	0	3	2	2276	142	25.1889305616	28.4693819396	29.2686677447	11.843
2178	0	3	1	919	57	26.3231952215	29.4603688127	30.2956466834	13.37
2178	0	3	2	2262	141	26.3231952215	29.1134226756	29.9487005464	9.102
2179	0	3	1	521	32	20.1583603877	30.7529851819	31.3926427995	12.992
2179	0	3	2	1869	116	20.1583603877	29.836065499	30.4757231166	15.654
2180	0	3	1	1239	77	19.6339072771	33.1102166938	33.7332325597	4.803
2180	0	3	2	2589	161	19.6339072771	30.6277042746	31.2507201405	11.874
2181	0	3	1	259	16	19.3566699366	27.5935327623	28.2077514358	9.212
2181	0	3	2	1602	100	19.3566699366	29.650053552	30.2642722255	9.874
2182	0	3	1	1103	68	23.8640710648	30.7109976078	31.4682434626	11.386
2182	0	3	2	2452	153	23.8640710648	32.790072964	33.5473188189	7.197
2183	0	3	1	520	32	22.4667224437	29.6988456046	30.4117513111	5.874
2183	0	3	2	1867	116	22.4667224437	31.0914154078	31.8043211143	5.685
2184	0	3	1	741	46	23.0782066803	16.9848423842	17.7171514817	4.095
2184	0	3	2	2071	129	23.0782066803	23.6940247275	24.426333825	8.992
2185	0	3	1	532	33	21.5525936414	27.2247455174	27.9086444276	7.874
2185	0	3	2	1866	116	21.5525936414	28.48380555	29.1677044603	5.512
2186	0	3	1	1233	77	19.2522677259	22.7356705732	23.3465763944	5.307
2186	0	3	2	2594	162	19.2522677259	26.5856279245	27.1965337457	5.37
2187	0	3	1	588	36	24.9386238167	29.6091330183	30.4004761826	14.378
2187	0	3	2	1939	121	24.9386238167	28.1350307089	28.9263738732	10.63
2188	0	3	1	741	46	23.3777419598	31.615518169	32.3573320089	4.614
2188	0	3	2	2079	129	23.3777419598	30.0750889141	30.816902754	12.756
2189	0	3	1	1245	77	22.8414855547	27.9759270303	28.7007245808	8.378
2189	0	3	2	2597	162	22.8414855547	29.8091595794	30.5339571299	20
2190	0	3	1	1218	76	20.4823457931	27.2176589071	27.8675971095	6.41
2190	0	3	2	2565	160	20.4823457931	30.0564597638	30.7063979661	15.275
2191	0	3	1	1004	62	24.9345577823	28.8632607139	29.6544748564	6.063
2191	0	3	2	2351	146	24.9345577823	30.0555282448	30.8467423872	9.622
2192	0	3	1	1269	79	21.6894699129	27.362496026	28.0507382433	5.103
2192	0	3	2	2609	163	21.6894699129	25.8564804184	26.5447226357	16.221
2192	1	3	1	1259	78	21.6894699129	25.2684679235	25.9567101409	9.716
2192	1	3	2	2618	163	21.6894699129	28.9316369147	29.6198791321	12.977
2193	0	3	1	545	34	23.3915103286	30.3784437092	31.120694442	4.662
2193	0	3	2	1892	118	23.3915103286	32.299199149	33.0414498817	6.535
2194	0	3	1	557	34	28.3957529542	28.1289514516	29.0299949558	5.402
2194	0	3	2	1908	119	28.3957529542	31.1444957121	32.0455392164	11.968
2195	0	3	1	513	32	22.3706614187	31.0544354606	31.7642929942	10.504
2195	0	3	2	1860	116	22.3706614187	27.8523609774	28.562218511	10.378
2196	0	3	1	824	51	26.4472743779	19.1732688838	20.0124839883	10.662
2196	0	3	2	2167	135	26.4472743779	27.4795049676	28.3187200721	12.913
2197	0	3	1	741	46	27.675339375	29.0927836008	29.9709672085	12.567
2197	0	3	2	2078	129	27.675339375	29.6897310123	30.56791462	12
2198	0	3	1	1032	64	28.4350071822	28.6686864252	29.57097553	13.292
2198	0	3	2	2376	148	28.4350071822	31.976153182	32.8784422869	12.221
2199	0	3	1	908	56	26.864133365	28.5946071061	29.4470498254	8.473
2199	0	3	2	2248	140	26.864133365	32.1734703708	33.0259130902	9.654
2200	0	3	1	749	46	30.4284318188	27.517914265	28.4834579814	8.252
2200	0	3	2	2075	129	30.4284318188	28.8118024102	29.7773461266	5.591
2201	0	3	1	1254	78	11.2972390585	26.6873818408	27.0458616418	11.071
2201	0	3	2	2602	162	11.2972390585	30.8275847902	31.1860645913	15.212
2202	0	3	1	1255	78	15.8622232951	9.73531028783	10.2386444761	15.779
2202	0	3	2	2602	162	15.8622232951	23.5927585441	24.0960927324	15.15
2203	0	3	1	805	50	27.8014984835	33.2236143785	34.1058012203	7.937
2203	0	3	2	2146	134	27.8014984835	33.5317013097	34.4138881514	7.622
2204	0	3	1	1063	66	26.3330962342	31.5308198445	32.3664118905	8.346
2204	0	3	2	2411	150	26.3330962342	29.9840850006	30.8196770466	8.473
2205	0	3	1	1059	66	24.3738198088	31.4414920389	32.2149130518	15.433
2205	0	3	2	2404	150	24.3738198088	31.517006319	32.290427332	12.772
2206	0	3	1	1242	77	17.1995679001	28.0350504914	28.5808208028	13.464
2206	0	3	2	2596	162	17.1995679001	28.5561927287	29.1019630401	18.567
2207	0	3	1	1253	78	25.6369973648	28.5338526809	29.3473563757	8.945
2207	0	3	2	2601	162	25.6369973648	28.5636431268	29.3771468216	21.244
2209	0	3	1	513	32	22.9101081113	34.6856469883	35.4126220443	7.716
2209	0	3	2	1860	116	22.9101081113	33.9194513175	34.6464263736	12.189
2210	0	3	1	219	13	25.6205595741	32.2222523598	33.0352344567	12.567
2210	0	3	2	1562	97	25.6205595741	33.9906469951	34.803629092	10.441
2211	0	3	1	778	48	23.6910365233	32.6891304705	33.4408856574	13.937
2211	0	3	2	2118	132	23.6910365233	31.0402148782	31.7919700651	8.63
2212	0	3	1	1248	78	24.6812114253	30.3883142505	31.1714893002	4.536
2212	0	3	2	2597	162	24.6812114253	31.2524634699	32.0356385196	16.221
2213	0	3	1	865	54	29.9945574267	28.5921563815	29.5439325565	10.85
2213	0	3	2	2209	138	29.9945574267	31.5608900919	32.5126662669	20.031
2214	0	3	1	571	35	25.9488596756	23.9079522063	24.7313518004	7.402
2214	0	3	2	1921	120	25.9488596756	30.8128796548	31.6362792488	6.157
2215	0	3	1	290	18	25.7114450824	29.9827492747	30.7986153169	18.189
2215	0	3	2	1635	102	25.7114450824	30.1427819121	30.9586479543	11.874
2215	1	3	1	289	18	25.7114450824	30.3869954889	31.2028615311	9.229
2215	1	3	2	1634	102	25.7114450824	28.1308366127	28.9467026548	9.59
2216	0	3	1	105	6	23.9145311975	29.5676462872	30.3264933242	15.716
2216	0	3	2	1446	90	23.9145311975	28.207434005	28.966281042	7.748
2218	0	3	1	1244	77	20.8978944805	31.3831662737	32.046290513	8.851
2218	0	3	2	2593	162	20.8978944805	31.0800158098	31.743140049	13.811
2220	0	3	1	157	9	25.0984105249	29.7532567379	30.5496701948	11.811
2220	0	3	2	1497	93	25.0984105249	29.2437109792	30.0401244361	19.811
2221	0	3	1	296	18	21.1012953126	32.0455455174	32.7151239964	10.378
2221	0	3	2	1639	102	21.1012953126	27.1331303543	27.8027088333	4.063
2222	0	3	1	1056	66	23.850744033	28.1194996719	28.8763226383	10
2222	0	3	2	2401	150	23.850744033	28.7197587271	29.4765816935	20.221
2223	0	3	1	737	46	27.7133757643	31.4252582503	32.3046488146	16
2223	0	3	2	2077	129	27.7133757643	32.8042748889	33.6836654532	5.008
2224	0	3	1	799	49	29.7733848177	28.3316483927	29.2764064005	15.685
2224	0	3	2	2134	133	29.7733848177	29.7474085127	30.6921665204	16.283
2225	0	3	1	444	27	21.6139000888	21.9286667888	22.6145110525	5.591
2225	0	3	2	1772	110	21.6139000888	31.1392893396	31.8251336033	11.559
2226	0	3	1	488	30	21.8337975455	30.3673071516	31.0601291198	14.536
2226	0	3	2	1833	114	21.8337975455	31.3000102671	31.9928322354	8.913
2227	0	3	1	265	16	22.314351915	28.6973570637	29.4054278051	16.63
2227	0	3	2	1610	100	22.314351915	28.2269854867	28.9350562281	9.528
2228	0	3	1	456	28	20.7362617575	26.07348956	26.7314849296	5.969
2228	0	3	2	1801	112	20.7362617575	28.3662462236	29.0242415931	12.74
2229	0	3	1	337	21	16.1155892385	29.0429025467	29.5542764492	7.149
2229	0	3	2	1681	105	16.1155892385	31.6690289723	32.1804028748	4.378
2230	0	3	1	1010	63	22.8653658012	26.2358659165	26.9614212262	7.811
2230	0	3	2	2356	147	22.8653658012	30.9916474595	31.7172027691	9.244
2231	0	3	1	1248	78	23.3892314786	31.5807206778	32.3228990989	8.063
2231	0	3	2	2598	162	23.3892314786	30.1257621036	30.8679405247	17.339
2232	0	3	1	1022	63	25.809273618	27.2790184375	28.0979887385	17.307
2232	0	3	2	2368	148	25.809273618	29.5352465385	30.3542168395	17.591
2233	0	3	1	1250	78	21.5676957447	29.3497334397	30.0341115642	5.433
2233	0	3	2	2599	162	21.5676957447	30.1158726601	30.8002507847	13.842
2234	0	3	1	112	7	28.2565167506	29.5023504955	30.3989758082	8.189
2234	0	3	2	1452	90	28.2565167506	29.202683377	30.0993086896	4.645
2236	0	3	1	1275	79	19.6468649476	29.843835929	30.4672629629	10.709
2236	0	3	2	2624	164	19.6468649476	32.2528757199	32.8763027538	9.969
2238	0	3	1	1275	79	21.5423641357	30.6107340659	31.2943083773	10.803
2238	0	3	2	2624	164	21.5423641357	31.8614235548	32.5449978661	6.41
2239	0	3	1	822	51	24.2873891682	32.8953945785	33.6660730064	7.527
2239	0	3	2	2165	135	24.2873891682	31.8470080265	32.6176864544	14.661
2240	0	3	1	1034	64	26.0364825819	22.5238997864	23.350079798	12.693
2240	0	3	2	2378	148	26.0364825819	23.5285219582	24.3547019698	12.709
2241	0	3	1	1248	78	23.9100673856	29.2764400187	30.0351454117	4.221
2241	0	3	2	2598	162	23.9100673856	31.6359298375	32.3946352305	13.087
2242	0	3	1	732	45	29.4436122271	29.6885268065	30.6228205927	8.661
2242	0	3	2	2072	129	29.4436122271	33.4041330136	34.3384267998	10.378
2243	0	3	1	489	30	19.3284031379	28.8035286177	29.4168503396	13.118
2243	0	3	2	1834	114	19.3284031379	30.6291680061	31.242489728	12.866
2244	0	3	1	138	8	23.0353218109	30.8250639347	31.5560122255	6
2244	0	3	2	1479	92	23.0353218109	28.1177028403	28.8486511311	7.685
2245	0	3	1	1240	77	19.9704045585	28.107019139	28.7407126119	6.725
2245	0	3	2	2590	161	19.9704045585	28.6313686668	29.2650621397	9.528
2246	0	3	1	340	21	23.3692505867	29.0529298852	29.7944742801	10.929
2246	0	3	2	1683	105	23.3692505867	28.3646319615	29.1061763563	6
2247	0	3	1	521	32	20.4146806233	28.8291312056	29.4769222819	8.031
2247	0	3	2	1869	116	20.4146806233	31.0413874617	31.689178538	16.252
2248	0	3	1	488	30	31.0805316781	28.3043694816	29.2906053889	10.567
2248	0	3	2	1833	114	31.0805316781	28.7174259726	29.7036618799	5.559
2250	0	3	1	1022	63	25.0643406319	33.2115302628	34.0068626264	6.472
2250	0	3	2	2370	148	25.0643406319	27.9237176238	28.7190499875	6.267
2251	0	3	1	972	60	22.5052456074	31.8666562944	32.5807844036	6.252
2251	0	3	2	2315	144	22.5052456074	34.402181638	35.1163097473	6.032
2252	0	3	1	1237	77	19.779052855	31.2195349139	31.8471564855	10.33
2252	0	3	2	2586	161	19.779052855	31.9078631379	32.5354847095	11.402
2253	0	3	1	919	57	25.1592753754	29.2672912588	30.0656360565	17.874
2253	0	3	2	2262	141	25.1592753754	30.3769159645	31.1752607623	11.401
2254	0	3	1	492	30	20.5817787426	26.1719203444	26.8250137162	11.559
2254	0	3	2	1838	114	20.5817787426	27.2749619696	27.9280553415	11.874
2255	0	3	1	538	33	22.6094222563	28.5723702563	29.2898040603	9.024
2255	0	3	2	1889	118	22.6094222563	29.3920537637	30.1094875677	13.307
2256	0	3	1	539	33	21.5351128905	33.8893491427	34.5726933602	5.842
2256	0	3	2	1889	118	21.5351128905	30.894960855	31.5783050725	17.653
2257	0	3	1	273	17	28.2367904737	30.5930992114	31.4890985772	6.347
2257	0	3	2	1616	101	28.2367904737	33.0206919978	33.9166913636	4.567
2258	0	3	1	209	13	30.3441170895	31.4448400538	32.4077083264	7.244
2258	0	3	2	1552	97	30.3441170895	28.8295770536	29.7924453262	14.157
2259	0	3	1	883	55	26.5733662027	30.7517366317	31.5949528353	16.614
2259	0	3	2	2214	138	26.5733662027	30.6592308506	31.5024470542	8.803
2260	0	3	1	612	38	19.4200265044	29.7436124949	30.3598415755	10.063
2260	0	3	2	1959	122	19.4200265044	33.3774995919	33.9937286725	10.189
2261	0	3	1	548	34	20.7654176461	33.56474397	34.2236645034	14.126
2261	0	3	2	1894	118	20.7654176461	31.2713238606	31.930244394	6.567
2262	0	3	1	999	62	19.9579273541	29.1224063577	29.7557039086	10.441
2262	0	3	2	2344	146	19.9579273541	27.7907579915	28.4240555424	9.937
2264	0	3	1	538	33	25.3821127172	28.3011379852	29.1065537749	14.252
2264	0	3	2	1888	118	25.3821127172	27.238439171	28.0438549607	10.567
2265	0	3	1	547	34	25.1265644955	30.2103203673	31.0076271955	13.779
2265	0	3	2	1894	118	25.1265644955	31.5241472823	32.3214541105	15.748
2266	0	3	1	488	30	22.9478793239	33.2478760667	33.9760496649	14.819
2266	0	3	2	1832	114	22.9478793239	30.7180677438	31.446241342	10.126
2267	0	3	1	826	51	28.9310779631	17.9672201188	18.8852503578	16.472
2267	0	3	2	2166	135	28.9310779631	25.6529058802	26.5709361191	15.165
2268	0	3	1	1237	77	22.216099941	28.3675243819	29.072477428	10.819
2268	0	3	2	2597	162	22.216099941	20.0730819309	20.778034977	11.338
2269	0	3	1	234	14	22.5838338222	30.2262069915	30.9428288328	6.284
2269	0	3	2	1577	98	22.5838338222	31.4399828243	32.1566046656	13.78
2270	0	3	1	490	30	22.7992444585	31.4059668985	32.1294240703	12.063
2270	0	3	2	1834	114	22.7992444585	31.3170233768	32.0404805485	11.528
2271	0	3	1	794	49	27.61873747	29.4925256608	30.3689131978	5.339
2271	0	3	2	2134	133	27.61873747	28.2852371843	29.1616247214	22.771
2272	0	3	1	525	32	22.2791237277	28.7257461303	29.4326990239	5.811
2272	0	3	2	1872	117	22.2791237277	29.9412816499	30.6482345435	15.339
2273	0	3	1	208	13	28.5678048337	31.9823074352	32.8888104259	13.086
2273	0	3	2	1552	97	28.5678048337	32.4384683429	33.3449713336	11.811
2274	0	3	1	1019	63	20.4100432992	34.1697421766	34.817386103	15.213
2274	0	3	2	2364	147	20.4100432992	32.3988612299	33.0465051563	10.63
2275	0	3	1	1223	76	22.6535689457	28.0453986473	28.7642332977	14.095
2275	0	3	2	2574	160	22.6535689457	29.1720261566	29.890860807	9.905
2276	0	3	1	984	61	21.1830896332	24.3370467239	25.00922067	8.095
2276	0	3	2	2329	145	21.1830896332	30.1331400929	30.805314039	15.716
2277	0	3	1	1001	62	25.6731216167	33.5939181414	34.4085681176	7.292
2277	0	3	2	2346	146	25.6731216167	34.388730378	35.2033803542	16.85
2278	0	3	1	1060	66	25.2699688826	27.2089703847	28.0108276678	5.717
2278	0	3	2	2407	150	25.2699688826	27.9271388296	28.7289961127	12.819
2279	0	3	1	801	50	21.7539984145	26.2720713034	26.9623611153	9.527
2279	0	3	2	2150	134	21.7539984145	27.4003089956	28.0905988074	4
2280	0	3	1	771	48	23.7434975727	24.0885355815	24.841955443	5.166
2280	0	3	2	2118	132	23.7434975727	24.058725329	24.8121451904	6.315
2281	0	3	1	746	46	26.5431893188	29.9390277728	30.7812864147	11.465
2281	0	3	2	2077	129	26.5431893188	33.1850540657	34.0273127076	6.252
2282	0	3	1	413	25	23.3117456747	30.5386705163	31.2783901866	8.094
2282	0	3	2	1763	110	23.3117456747	30.2651266425	31.0048463128	17.905
2283	0	3	1	1245	77	13.5436325327	32.4795586539	32.9093201798	8.929
2283	0	3	2	2596	162	13.5436325327	28.6256182237	29.0553797496	20.709
2284	0	3	1	1253	78	21.9608836961	31.4425871146	32.1394417335	8.032
2284	0	3	2	2601	162	21.9608836961	31.738063687	32.4349183059	15.323
2285	0	3	1	433	27	23.2171378718	29.9306037298	30.6673213404	7.212
2285	0	3	2	1781	111	23.2171378718	30.6998536553	31.4365712659	8.551
2286	0	3	1	1217	76	18.8669308134	28.3183858835	28.9170643367	7.401
2286	0	3	2	2566	160	18.8669308134	25.733815595	26.3324940482	17.433
2287	0	3	1	806	50	23.2335674044	29.3529638404	30.0902027868	4.252
2287	0	3	2	2149	134	23.2335674044	31.2772639811	32.0145029276	5.37
2289	0	3	1	525	32	21.3699478935	28.880994768	29.5590980311	4.897
2289	0	3	2	1872	117	21.3699478935	29.1168113249	29.794914588	7.212
2290	0	3	1	557	34	19.0974718065	29.7023046398	30.3082985342	9.338
2290	0	3	2	1907	119	19.0974718065	29.937696276	30.5436901704	7.071
2292	0	3	1	551	34	25.9319363718	30.6957091245	31.5185717145	11.449
2292	0	3	2	1898	118	25.9319363718	32.5035489455	33.3264115355	6.63
2293	0	3	1	551	34	18.1879743602	28.7931771658	29.3703112245	13.842
2293	0	3	2	1899	118	18.1879743602	28.370789553	28.9479236117	22.315
2294	0	3	1	334	20	23.3587040767	30.4903429035	31.2315526404	7.748
2294	0	3	2	1678	104	23.3587040767	31.5246144915	32.2658242284	6.157
2295	0	3	1	330	20	24.8973482645	28.4854525957	29.2754860195	11.37
2295	0	3	2	1674	104	24.8973482645	29.7291819585	30.5192153823	7.449
2296	0	3	1	916	57	26.4884591541	33.2232870566	34.0638090212	12.094
2296	0	3	2	2258	141	26.4884591541	34.4079619415	35.2484839061	4.504
2297	0	3	1	824	51	25.8799173347	18.4328906929	19.2541026341	14.504
2297	0	3	2	2166	135	25.8799173347	25.3296278422	26.1508397834	19.181
2298	0	3	1	999	62	21.5761212742	30.3606055325	31.0452510128	6.189
2298	0	3	2	2344	146	21.5761212742	29.7856812333	30.4703267137	9.811
2299	0	3	1	209	13	25.9122200622	30.2822110324	31.1044479918	11.244
2299	0	3	2	1553	97	25.9122200622	29.3544418941	30.1766788535	13.969
2299	1	3	1	210	13	25.9122200622	30.8475381461	31.6697751055	12.441
2299	1	3	2	1554	97	25.9122200622	27.05051958	27.8727565394	9.653
2300	0	3	1	1227	76	19.1884841653	23.7343427786	24.3432246435	18.189
2300	0	3	2	2580	161	19.1884841653	26.0527356779	26.6616175428	10.031
2302	0	3	1	551	34	20.6784130214	27.3138927993	27.9700525342	4.378
2302	0	3	2	1896	118	20.6784130214	25.9950469456	26.6512066805	16.346
2303	0	3	1	1022	63	23.6766885993	36.7874302929	37.5387301968	10.788
2303	0	3	2	2356	147	23.6766885993	37.4160186397	38.1673185436	4
2304	0	3	1	1022	63	27.1824542592	27.3919231055	28.2544666655	11.433
2304	0	3	2	2370	148	27.1824542592	23.7840836	24.64662716	11.937
2305	0	3	1	137	8	23.1761799987	31.9426369342	32.6780548848	9.307
2305	0	3	2	1479	92	23.1761799987	28.8264644204	29.561882371	8.095
2306	0	3	1	1250	78	18.7517865667	19.6207676258	20.2157923645	13.843
2306	0	3	2	2594	162	18.7517865667	19.3976587536	19.9926834922	8.662
2306	1	3	1	1251	78	18.7517865667	24.2485218074	24.843546546	16.441
2306	1	3	2	2601	162	18.7517865667	28.1467316035	28.7417563422	16.709
2307	0	3	1	469	29	23.6800013715	29.4209618689	30.1723668925	12.473
2307	0	3	2	1816	113	23.6800013715	29.2806135913	30.0320186149	8.63
2308	0	3	1	1243	77	22.3882696085	32.2020732912	32.9124895614	13.654
2308	0	3	2	2593	162	22.3882696085	32.9352705618	33.645686832	13.559
2310	0	3	1	267	16	26.8302680785	26.2304426805	27.0818107992	17.401
2310	0	3	2	1610	100	26.8302680785	27.190427647	28.0417957657	8.189
2311	0	3	1	1081	67	25.2387798991	32.7704146734	33.5712822792	6.362
2311	0	3	2	2427	151	25.2387798991	30.3894465506	31.1903141564	14.567
2312	0	3	1	1061	66	14.0921765826	28.7319119729	29.1790796952	7.04
2312	0	3	2	2410	150	14.0921765826	27.9713668099	28.4185345322	9.685
2313	0	3	1	1220	76	18.3672695042	29.8094106094	30.3922339951	11.244
2313	0	3	2	2571	160	18.3672695042	30.8472349592	31.4300583449	12.126
2314	0	3	1	993	62	26.607350729	29.1383307605	29.9826253485	16.095
2314	0	3	2	2337	146	26.607350729	26.8953910273	27.7396856153	9.229
2315	0	3	1	551	34	23.1048074805	30.9892139396	31.7223671239	5.26
2315	0	3	2	1899	118	23.1048074805	32.3857756261	33.1189288104	9.26
2316	0	3	1	599	37	19.8103204784	26.8516164555	27.4802301997	12.252
2316	0	3	2	1946	121	19.8103204784	26.7688116062	27.3974253505	8.031
2317	0	3	1	334	20	26.0190884697	29.0903902568	29.9160183249	10.126
2317	0	3	2	1677	104	26.0190884697	31.9545497706	32.7801778387	11.748
2318	0	3	1	1041	65	25.2863308199	31.1516535905	31.9540300645	11.055
2318	0	3	2	2394	149	25.2863308199	28.5011036754	29.3034801494	18.284
2319	0	3	1	1218	76	27.0236141603	27.5926207198	28.4501240246	5.717
2319	0	3	2	2568	160	27.0236141603	29.9891164508	30.8466197556	11.78
2320	0	3	1	919	57	25.3743036744	30.9560090906	31.7611770867	15.338
2320	0	3	2	2261	141	25.3743036744	31.4023501952	32.2075181912	5.591
2321	0	3	1	930	58	27.2921909841	30.890883267	31.7569089521	11.78
2321	0	3	2	2273	142	27.2921909841	28.6903667818	29.5563924668	8.929
2322	0	3	1	1239	77	23.9831827426	30.3726007371	31.1336261995	4.221
2322	0	3	2	2594	162	23.9831827426	24.9831243391	25.7441498015	16.252
2323	0	3	1	997	62	21.225394822	30.0846120744	30.758128433	6.126
2323	0	3	2	2342	146	21.225394822	28.2167407709	28.8902571296	5.685
2324	0	3	1	457	28	24.0978106698	29.5529759652	30.3176387584	4.756
2324	0	3	2	1805	112	24.0978106698	29.7896840028	30.5543467961	7.842
2325	0	3	1	1213	75	26.8184938382	28.9771863321	29.828180835	11.149
2325	0	3	2	2562	160	26.8184938382	28.5404734463	29.3914679491	17.59
2326	0	3	1	1240	77	25.6270942885	31.6856423692	32.4988318232	11.213
2326	0	3	2	2589	161	25.6270942885	31.7685089658	32.5816984199	12.189
2327	0	3	1	893	55	20.5074809415	29.3496325014	30.000368283	4.472
2327	0	3	2	2234	139	20.5074809415	31.0093790641	31.6601148456	4.992
2328	0	3	1	334	20	23.0602291589	6.50202431127	7.23376295276	12.063
2328	0	3	2	1678	104	23.0602291589	8.49670137217	9.22844001367	12.96
2329	0	3	1	591	36	17.3293817329	33.2297145444	33.7796040602	9.622
2329	0	3	2	1941	121	17.3293817329	32.8367945718	33.3866840876	10.992
2330	0	3	1	380	23	25.2302778874	31.0967508908	31.8973487139	10.961
2330	0	3	2	1726	107	25.2302778874	32.1570285197	32.9576263429	14.378
2331	0	3	1	916	57	27.7821656483	32.5069173293	33.3884907087	20.473
2331	0	3	2	2257	141	27.7821656483	31.0648770658	31.9464504452	6.283
2332	0	3	1	604	37	18.1318613409	28.016953773	28.5923072742	11.559
2332	0	3	2	1954	122	18.1318613409	28.036417239	28.6117707402	6.882
2333	0	3	1	1213	75	28.0482204234	29.0308551909	29.9208709218	5.37
2333	0	3	2	2562	160	28.0482204234	30.4924445792	31.3824603101	17.481
2334	0	3	1	550	34	25.3495737138	34.5985516311	35.4029349052	6.378
2334	0	3	2	1896	118	25.3495737138	29.9685863687	30.7729696428	18.787
2335	0	3	1	1029	64	24.7312658467	22.6547470716	23.4395104297	5.653
2335	0	3	2	2389	149	24.7312658467	8.97288964488	9.75765300298	9.244
2336	0	3	1	519	32	20.5774220226	28.9119277635	29.5648828895	7.165
2336	0	3	2	1866	116	20.5774220226	27.0228684119	27.6758235379	6.284
2337	0	3	1	1214	75	21.0038476794	31.8406052725	32.5070915793	11.685
2337	0	3	2	2564	160	21.0038476794	32.6813305242	33.347816831	13.449
2338	0	3	1	994	62	21.256930147	26.3444955862	27.0190126121	15.275
2338	0	3	2	2338	146	21.256930147	25.7722161889	26.4467332147	18.284
2339	0	3	1	1236	77	20.2427697849	31.5100851769	32.1524212422	9.433
2339	0	3	2	2584	161	20.2427697849	30.6416579216	31.2839939869	13.465
2341	0	3	1	585	36	21.9197748478	29.9168416079	30.6123917761	11.716
2341	0	3	2	1933	120	21.9197748478	26.936877009	27.6324271772	4.567
2342	0	3	1	920	57	25.0847100904	30.0573055215	30.8532842413	16.473
2342	0	3	2	2262	141	25.0847100904	30.3372489657	31.1332276855	8.189
2343	0	3	1	534	33	21.7838563763	29.158964771	29.8502020246	18.252
2343	0	3	2	1883	117	21.7838563763	30.7853098471	31.4765471008	11.528
2344	0	3	1	1093	68	21.8508806217	32.5532350124	33.2465990545	5.969
2344	0	3	2	2441	152	21.8508806217	28.5958474755	29.2892115177	11.181
2345	0	3	1	1237	77	22.2100328045	32.7531503026	33.4579108286	9.654
2345	0	3	2	2586	161	22.2100328045	32.8198934904	33.5246540164	10.393
2346	0	3	1	1275	79	25.0238876922	26.9500202	27.744068926	5.937
2346	0	3	2	2625	164	25.0238876922	27.248086904	28.04213563	13.04
2347	0	3	1	470	29	23.6813674344	27.9842765082	28.7357248791	8.85
2347	0	3	2	1817	113	23.6813674344	28.380126003	29.1315743739	8.472
2348	0	3	1	1245	77	23.461425786	32.0769470137	32.8214162778	6.645
2348	0	3	2	2594	162	23.461425786	30.1933206801	30.9377899442	18.252
2349	0	3	1	1003	62	19.6811232701	30.1604109814	30.7849250877	10.693
2349	0	3	2	2349	146	19.6811232701	30.6529901719	31.2775042782	7.559
2350	0	3	1	530	33	22.006481998	32.846207847	33.5445093743	10.315
2350	0	3	2	1879	117	22.006481998	30.3035219069	31.0018234341	9.969
2351	0	3	1	802	50	22.9978829909	20.31221074	21.041971036	9.874
2351	0	3	2	2148	134	22.9978829909	28.8074768863	29.5372371823	9.055
2352	0	3	1	490	30	23.2844409453	31.6128744761	32.3517277229	15.496
2352	0	3	2	1834	114	23.2844409453	32.8174350175	33.5562882643	7.748
2353	0	3	1	1242	77	21.856100355	29.7400524181	30.4335820909	8.095
2353	0	3	2	2594	162	21.856100355	25.0318820984	25.7254117711	9.166
2354	0	3	1	810	50	23.7194473059	24.6708977977	25.423554505	10.677
2354	0	3	2	2152	134	23.7194473059	24.7732859741	25.5259426814	13.968
2355	0	3	1	899	56	24.8746470917	30.1651700907	30.9544831693	6.535
2355	0	3	2	2241	140	24.8746470917	29.2885572191	30.0778702977	11.622
2356	0	3	1	993	62	19.4186956058	29.3285975532	29.9447844022	11.653
2356	0	3	2	2340	146	19.4186956058	29.8165735894	30.4327604384	11.464
2357	0	3	1	519	32	15.5730704698	31.244286142	31.73844504	5.401
2357	0	3	2	1865	116	15.5730704698	30.985063564	31.479222462	11.024
2358	0	3	1	86	5	23.8427667034	25.1981187098	25.9546885425	25.937
2358	0	3	2	1425	89	23.8427667034	32.2185226092	32.9750924419	14.472
2359	0	3	1	422	26	23.7518323828	27.4768727292	28.2305570678	10.315
2359	0	3	2	1767	110	23.7518323828	28.9854050162	29.7390893547	13.275
2360	0	3	1	489	30	24.3423026845	31.6451254904	32.4175464137	14.677
2360	0	3	2	1834	114	24.3423026845	31.6157701514	32.3881910746	12.126
2361	0	3	1	1003	62	23.6220269365	32.0418244016	32.7913898019	8.456
2361	0	3	2	2349	146	23.6220269365	32.4185878609	33.1681532612	9.591
2362	0	3	1	1265	79	21.7347502981	32.3295255554	33.0192045932	7.166
2362	0	3	2	2617	163	21.7347502981	28.7963413867	29.4860204244	8.724
2363	0	3	1	935	58	29.5320383061	32.4885251213	33.4256248111	10.535
2363	0	3	2	2277	142	29.5320383061	33.2531003061	34.1901999958	5.433
2364	0	3	1	994	62	27.6886524875	26.5705978303	27.4492038848	8.709
2364	0	3	2	2342	146	27.6886524875	28.1021675969	28.9807736513	7.968
2366	0	3	1	1243	77	21.0512258065	32.8358765156	33.5038662076	11.071
2366	0	3	2	2596	162	21.0512258065	33.8029747827	34.4709644747	17.842
2367	0	3	1	1217	76	22.4922673841	30.0156556405	30.7293719296	7.15
2367	0	3	2	2567	160	22.4922673841	30.9268593003	31.6405755893	10.724
2368	0	3	1	1031	64	25.1202991657	27.4603598071	28.2574678262	4.662
2368	0	3	2	2375	148	25.1202991657	39.5235853919	40.320693411	9.118
2369	0	3	1	296	18	18.9716967275	31.9965917344	32.5985945807	14
2369	0	3	2	1640	102	18.9716967275	30.3117647981	30.9137676444	16.095
2370	0	3	1	806	50	27.3714288507	26.3517060448	27.2202460764	6.315
2370	0	3	2	2145	134	27.3714288507	24.0712902544	24.9398302861	14.709
2371	0	3	1	920	57	27.7705348551	29.0575709371	29.9387752525	17.528
2371	0	3	2	2263	141	27.7705348551	29.7271254795	30.6083297949	8.788
2372	0	3	1	1021	63	23.5620854623	27.8445434108	28.5922067704	14.819
2372	0	3	2	2366	147	23.5620854623	29.1729700535	29.9206334132	14.945
2373	0	3	1	598	37	21.2358097187	30.7904485083	31.4642953485	4.788
2373	0	3	2	1947	121	21.2358097187	27.8196112322	28.4934580724	8.252
2374	0	3	1	1236	77	23.2245659091	29.0738301291	29.8107834435	11.275
2374	0	3	2	2585	161	23.2245659091	28.8441845207	29.581137835	14.252
2375	0	3	1	997	62	25.4772433401	25.4516675416	26.2601019809	6.771
2375	0	3	2	2342	146	25.4772433401	27.2311961885	28.0396306278	4.283
2376	0	3	1	763	47	28.7060512307	23.8824902556	24.7933800297	9.527
2376	0	3	2	2105	131	28.7060512307	22.1645496506	23.0754394247	16.315
2377	0	3	1	949	59	24.1685291415	27.8901807303	28.6570875359	9.118
2377	0	3	2	2292	143	24.1685291415	30.0748535363	30.8417603419	4.945
2378	0	3	1	998	62	20.2514265464	31.3330309907	31.9756417491	9.874
2378	0	3	2	2343	146	20.2514265464	29.5787019002	30.2213126586	13.905
2379	0	3	1	778	48	25.5558133956	35.1755185435	35.9864461387	7.465
2379	0	3	2	2117	132	25.5558133956	33.0337760637	33.8447036589	12.835
2380	0	3	1	485	30	19.7005873106	26.1637139969	26.7888457289	10.22
2380	0	3	2	1828	114	19.7005873106	26.6149398714	27.2400716034	11.37
2381	0	3	1	438	27	21.9305957617	32.0913022727	32.7871958061	7.339
2381	0	3	2	1784	111	21.9305957617	32.9960858791	33.6919794124	5.842
2382	0	3	1	997	62	19.427581542	24.4740932502	25.0905620644	10.693
2382	0	3	2	2338	146	19.427581542	27.8186646918	28.435133506	8.913
2383	0	3	1	1064	66	24.5709745109	31.6188957208	32.3985727736	10.96
2383	0	3	2	2413	150	24.5709745109	30.6806916658	31.4603687187	13.244
2384	0	3	1	535	33	21.0110297459	25.4374009107	26.1041151163	21.685
2384	0	3	2	1888	118	21.0110297459	27.8192826593	28.4859968648	9.04
2386	0	3	1	237	14	29.0982765589	34.1586588137	35.0819945366	6.22
2386	0	3	2	1579	98	29.0982765589	29.5855202457	30.5088559685	4.472
2387	0	3	1	337	21	21.9882846271	30.4384198303	31.1361439253	12
2387	0	3	2	1681	105	21.9882846271	31.321039253	32.0187633481	12.929
2388	0	3	1	1234	77	23.2278977893	29.8739133684	30.6109724087	4.819
2388	0	3	2	2584	161	23.2278977893	30.9429594776	31.6800185179	10.158
2389	0	3	1	1268	79	22.6787612709	31.5059241023	32.2255581462	7.89
2389	0	3	2	2619	163	22.6787612709	30.0976637293	30.8172977732	15.118
2390	0	3	1	154	9	23.6240697161	28.6770250557	29.4266552767	5.842
2390	0	3	2	1495	93	23.6240697161	29.7678883882	30.5175186092	19.716
2391	0	3	1	603	37	23.0400152736	28.87844654	29.609543762	13.78
2391	0	3	2	1954	122	23.0400152736	25.818594065	26.549691287	4.677
2392	0	3	1	587	36	18.2922768151	32.6147847258	33.1952284713	13.906
2392	0	3	2	1938	121	18.2922768151	28.8599704381	29.4404141836	5.465
2393	0	3	1	548	34	23.4476794029	31.931602522	32.675635591	6.189
2393	0	3	2	1895	118	23.4476794029	29.522429632	30.2664627009	16.819
2394	0	3	1	732	45	24.9079466431	25.1619468399	25.9523165675	5.622
2394	0	3	2	2071	129	24.9079466431	25.2019204629	25.9922901905	18.473
2396	0	3	1	1251	78	22.6955070579	29.4247741462	30.1449395612	4.945
2396	0	3	2	2600	162	22.6955070579	26.2146322162	26.9347976312	18.031
2398	0	3	1	1026	64	26.2126802427	30.0772557282	30.9090267786	4.031
2398	0	3	2	2372	148	26.2126802427	27.615851513	28.4476225635	7.465
2399	0	3	1	530	33	19.2777700999	33.4456755206	34.0573905737	5.496
2399	0	3	2	1879	117	19.2777700999	31.6745396606	32.2862547137	5.59
2400	0	3	1	274	17	21.7449585028	45.8884199251	46.5784228858	8
2400	0	3	2	1616	101	21.7449585028	44.4229265615	45.1129295223	7.464
2401	0	3	1	1271	79	27.4756864256	17.641671969	18.5135202633	12.252
2401	0	3	2	2624	164	27.4756864256	30.8506129988	31.7224612931	12.662
2402	0	3	1	804	50	23.7084432606	31.0908220654	31.8431295964	15.229
2402	0	3	2	2146	134	23.7084432606	31.9350766961	32.6873842271	4.032
2403	0	3	1	907	56	22.3976690024	26.36253385	27.0732483782	11.748
2403	0	3	2	2248	140	22.3976690024	30.3798670115	31.0905815398	11.842
2404	0	3	1	273	17	30.7041890328	32.1043196753	33.0786136174	13.622
2404	0	3	2	1616	101	30.7041890328	32.5051659641	33.4794599061	12.315
2405	0	3	1	1010	63	22.2576748938	28.9845410089	29.690813296	8.677
2405	0	3	2	2354	147	22.2576748938	30.4234630895	31.1297353766	7.654
2406	0	3	1	1022	63	24.8938513831	32.777179371	33.5671018331	14.85
2406	0	3	2	2368	148	24.8938513831	25.9080199368	26.6979423989	23.134
2408	0	3	1	1254	78	21.0006042	30.4164000546	31.0827834406	4.787
2408	0	3	2	2602	162	21.0006042	29.7147082863	30.3810916723	19.433
2409	0	3	1	530	33	18.9142405064	29.7000267403	30.3002064072	12.378
2409	0	3	2	1879	117	18.9142405064	32.5399236209	33.1401032877	8.267
2410	0	3	1	116	7	24.4352274489	25.2088951871	25.9842647645	6
2410	0	3	2	1466	91	24.4352274489	28.7677343386	29.543103916	17.905
2411	0	3	1	487	30	22.3421116409	31.5976278089	32.3065794116	7.433
2411	0	3	2	1833	114	22.3421116409	33.0289389154	33.7378905181	12.22
2412	0	3	1	935	58	29.8744421042	31.1031068374	32.0510715575	6.441
2412	0	3	2	2282	142	29.8744421042	28.4297327507	29.3776974708	9.716
2413	0	3	1	521	32	17.3986596721	31.4835729296	32.0356607474	9.779
2413	0	3	2	1869	116	17.3986596721	30.2971490049	30.8492368226	7.024
2414	0	3	1	1236	77	20.6822663226	29.1916735707	29.8479555772	9.591
2414	0	3	2	2584	161	20.6822663226	30.276229091	30.9325110975	12.834
2415	0	3	1	558	34	20.4423765065	31.6689245222	32.3175944339	14.74
2415	0	3	2	1909	119	20.4423765065	32.8685278858	33.5171977976	10.693
2416	0	3	1	840	52	25.4075520681	29.9098094646	30.7160324864	16.536
2416	0	3	2	2183	136	25.4075520681	24.7714413567	25.5776643784	16.567
2417	0	3	1	1220	76	26.813793562	30.9380879557	31.7889333112	9.213
2417	0	3	2	2571	160	26.813793562	32.8470396546	33.69788501	10.992
2418	0	3	1	438	27	24.5335591998	31.4087552406	32.1872450447	12.897
2418	0	3	2	1785	111	24.5335591998	32.0507969706	32.8292867747	9.779
2419	0	3	1	160	10	21.3880105631	30.0554078398	30.7340842608	7.402
2419	0	3	2	1502	93	21.3880105631	28.9218422374	29.6005186584	8.346
2420	0	3	1	1217	76	19.0939812591	28.8943237623	29.5002068961	13.229
2420	0	3	2	2561	160	19.0939812591	27.7235574209	28.3294405546	7.811
2421	0	3	1	1079	67	24.1209964333	27.8203122891	28.5857108044	7.685
2421	0	3	2	2425	151	24.1209964333	29.4848058794	30.2502043948	9.59
2422	0	3	1	999	62	23.5093949563	28.8738479278	29.6198393318	5.464
2422	0	3	2	2345	146	23.5093949563	30.4257123979	31.171703802	5.086
2423	0	3	1	1246	77	22.2520638947	28.6765738456	29.3826680866	5.465
2423	0	3	2	2598	162	22.2520638947	32.2016094727	32.9077037137	13.339
2424	0	3	1	1248	78	20.1207158519	29.3578022349	29.99626533	6.221
2424	0	3	2	2598	162	20.1207158519	32.4697207542	33.1081838493	14.189
2425	0	3	1	489	30	20.6299384245	33.2934027958	33.9480243528	8.094
2425	0	3	2	1835	114	20.6299384245	30.2711428509	30.9257644079	11.874
2427	0	3	1	1009	63	20.0732228185	30.7355670757	31.3725231395	9.465
2427	0	3	2	2353	147	20.0732228185	32.8410483861	33.4780044499	11.275
2428	0	3	1	1022	63	26.9456610243	28.4119202262	29.266949951	9.842
2428	0	3	2	2368	148	26.9456610243	22.4507686899	23.3057984147	20.504
2429	0	3	1	452	28	20.6393918115	34.3316618545	34.9865833829	17.008
2429	0	3	2	1797	112	20.6393918115	30.7629214658	31.4178429941	8.063
2430	0	3	1	999	62	22.9435798869	27.5608278701	28.2888650402	15.118
2430	0	3	2	2345	146	22.9435798869	30.8503317488	31.5783689189	7.48
2431	0	3	1	282	17	20.8591871614	30.3146305599	30.9765265529	12.661
2431	0	3	2	1626	101	20.8591871614	31.5717531595	32.2336491524	5.229
2432	0	3	1	740	46	28.9910511713	31.3003221573	32.2202554439	11.843
2432	0	3	2	2078	129	28.9910511713	29.5326291146	30.4525624012	8.457
2433	0	3	1	158	9	22.0500019388	30.6954466482	31.3951291342	11.937
2433	0	3	2	1499	93	22.0500019388	30.5261593838	31.2258418697	8.567
2434	0	3	1	583	36	24.0084127865	30.4326933185	31.1945193713	15.496
2434	0	3	2	1928	120	24.0084127865	32.1685972683	32.9304233211	7.969
2435	0	3	1	1279	79	26.9807173571	26.4215362206	27.27767834	14.567
2435	0	3	2	2628	164	26.9807173571	31.9315256985	32.7876678179	10
2436	0	3	1	1236	77	23.1415915308	30.9571059574	31.6914263596	8.992
2436	0	3	2	2586	161	23.1415915308	30.9964919102	31.7308123123	12.22
2437	0	3	1	933	58	25.626847889	26.6599863944	27.4731680298	16
2437	0	3	2	2277	142	25.626847889	28.8018583779	29.6150400133	11.59
2438	0	3	1	1223	76	19.5824022757	26.381007103	27.0023886313	8.519
2438	0	3	2	2573	160	19.5824022757	26.6704877917	27.29186932	9.275
2439	0	3	1	879	54	25.4948898811	27.2177068848	28.0267012776	8.378
2439	0	3	2	2222	138	25.4948898811	26.9431252995	27.7521196923	16.992
2440	0	3	1	898	56	25.7734902768	31.5579611816	32.3757960189	6.032
2440	0	3	2	2242	140	25.7734902768	30.9404950624	31.7583298996	8.22
2441	0	3	1	1253	78	23.3958862332	30.2116261562	30.9540157435	11.087
2441	0	3	2	2601	162	23.3958862332	33.241375781	33.9837653683	5.212
2442	0	3	1	997	62	27.1106742362	28.1940971941	29.0543630569	10.126
2442	0	3	2	2342	146	27.1106742362	28.2831326527	29.1433985156	10.504
2443	0	3	1	901	56	28.8147610654	29.9012479418	30.8155872562	9.969
2443	0	3	2	2242	140	28.8147610654	30.602623189	31.5169625033	7.276
2444	0	3	1	932	58	25.1488459505	30.9984037703	31.7964176254	14.315
2444	0	3	2	2276	142	25.1488459505	32.4949132458	33.2929271009	6.252
2445	0	3	1	106	6	24.2679398785	34.3613527753	35.1314140456	11.748
2445	0	3	2	1446	90	24.2679398785	25.1267335953	25.8967948656	7.559
2446	0	3	1	1061	66	29.6975100829	33.7320313905	34.6743817693	7.055
2446	0	3	2	2408	150	29.6975100829	32.0546808611	32.9970312399	11.118
2447	0	3	1	169	10	25.3615910424	30.8696174928	31.6743820963	13.717
2447	0	3	2	1512	94	25.3615910424	29.2883869113	30.0931515148	13.212
2448	0	3	1	1056	66	25.2633268919	28.5850373859	29.3866839078	15.086
2448	0	3	2	2401	150	25.2633268919	29.9313723748	30.7330188967	19.276
2449	0	3	1	137	8	28.2602014328	31.1709578917	32.0677001253	7.307
2449	0	3	2	1479	92	28.2602014328	28.0667078337	28.9634500673	6.504
2450	0	3	1	489	30	25.0604115395	29.0872661852	29.8824738724	13.323
2450	0	3	2	1835	114	25.0604115395	29.2161375885	30.0113452757	10.803
2451	0	3	1	1081	67	24.0493861957	33.0547020105	33.8178282163	7.937
2451	0	3	2	2427	151	24.0493861957	31.0495445741	31.81267078	9.811
2452	0	3	1	343	21	23.3101154492	32.0439777572	32.7836456978	6.756
2452	0	3	2	1687	105	23.3101154492	30.9182168524	31.657884793	5.307
2453	0	3	1	993	62	21.5159725036	30.1860664143	30.8688032762	7.811
2453	0	3	2	2340	146	21.5159725036	34.0585074053	34.7412442672	6.189
2454	0	3	1	773	48	23.7450368122	31.9312426792	32.6847113832	6.724
2454	0	3	2	2114	132	23.7450368122	32.6048098713	33.3582785753	12.851
2455	0	3	1	549	34	22.4711841545	26.7638915415	27.4769388254	16.535
2455	0	3	2	1897	118	22.4711841545	27.1098875306	27.8229348144	5.748
2456	0	3	1	581	36	22.7695527655	29.5786260732	30.3011410792	9.905
2456	0	3	2	1929	120	22.7695527655	31.4528426211	32.1753576271	9.086
2457	0	3	1	997	62	25.4314040777	27.4389259149	28.2459057997	13.197
2457	0	3	2	2344	146	25.4314040777	29.8676182361	30.674598121	10.031
2458	0	3	1	383	23	28.4836548448	27.0017018473	27.9055346218	6.441
2458	0	3	2	1728	108	28.4836548448	26.46729029	27.3711230645	8
2459	0	3	1	486	30	20.9818683554	30.734706119	31.4004949861	10.63
2459	0	3	2	1831	114	20.9818683554	28.0724134277	28.7382022947	8.851
2460	0	3	1	547	34	19.0946587748	27.1613337218	27.7672383542	16.725
2460	0	3	2	1894	118	19.0946587748	28.9829511514	29.5888557838	14.063
2461	0	3	1	1245	77	23.7836180362	32.3888618626	33.1435548117	9.118
2461	0	3	2	2593	162	23.7836180362	30.6684786712	31.4231716203	14.378
2462	0	3	1	1064	66	24.7936424936	31.3475527059	32.1342953766	5.433
2462	0	3	2	2412	150	24.7936424936	32.0527720791	32.8395147498	12.599
2463	0	3	1	1221	76	23.2777221642	32.3333505246	33.0719905735	6.158
2463	0	3	2	2571	160	23.2777221642	32.803094756	33.5417348049	11.465
2464	0	3	1	1242	77	20.6478498613	32.1453567702	32.8005466862	9.275
2464	0	3	2	2590	161	20.6478498613	30.2352321374	30.8904220534	8.74
2466	0	3	1	604	37	18.994379505	28.3561269562	28.9588495639	11.464
2466	0	3	2	1955	122	18.994379505	29.2179683495	29.8206909573	9.937
2467	0	3	1	1059	66	22.1958601997	30.6074555012	31.3117663073	7.748
2467	0	3	2	2406	150	22.1958601997	30.4076656748	31.111976481	15.906
2468	0	3	1	487	30	25.1383539439	31.1175023482	31.9151832749	12.094
2468	0	3	2	1831	114	25.1383539439	28.9448559446	29.7425368713	9.024
2469	0	3	1	439	27	19.9984951264	26.1259946887	26.7605795211	6.662
2469	0	3	2	1784	111	19.9984951264	26.2745015459	26.9090863783	6.315
2470	0	3	1	994	62	25.2249357705	31.2993041778	32.0997324869	6.315
2470	0	3	2	2337	146	25.2249357705	29.8076378532	30.6080661622	7.874
2471	0	3	1	192	12	26.5238057867	30.2186764651	31.0603200359	7.212
2471	0	3	2	1534	95	26.5238057867	30.4026915605	31.2443351314	9.086
2472	0	3	1	903	56	27.910619064	29.3270300071	30.2126794227	9.748
2472	0	3	2	2246	140	27.910619064	30.4518402435	31.337489659	14.693
2473	0	3	1	470	29	18.3926691696	29.2562467716	29.8398761301	9.654
2473	0	3	2	1817	113	18.3926691696	30.3632439018	30.9468732604	9.969
2474	0	3	1	519	32	19.8192952846	29.4068429543	30.0357414838	7.496
2474	0	3	2	1866	116	19.8192952846	31.012596055	31.6414945845	6.977
2475	0	3	1	584	36	20.308589357	31.5637904307	32.2082150582	6.441
2475	0	3	2	1933	120	20.308589357	32.7987012832	33.4431259107	11.748
2476	0	3	1	1230	76	20.0709631722	29.0339296539	29.6708140155	10.882
2476	0	3	2	2580	161	20.0709631722	29.0150623223	29.6519466839	13.591
2477	0	3	1	930	58	22.9728378528	29.2626380053	29.9916035783	7.055
2477	0	3	2	2273	142	22.9728378528	28.4258156049	29.1547811779	14.157
2478	0	3	1	547	34	20.9161979289	26.9351689732	27.5988740107	5.355
2478	0	3	2	1894	118	20.9161979289	30.8610947279	31.5247997653	9.433
2479	0	3	1	209	13	22.9383512339	29.8656885978	30.5935598541	9.968
2479	0	3	2	1552	97	22.9383512339	28.7443872426	29.4722584989	15.354
2480	0	3	1	899	56	24.1833059443	28.8570233166	29.6243990142	7.197
2480	0	3	2	2241	140	24.1833059443	27.7931534949	28.5605291926	5.843
2481	0	3	1	1283	80	19.5590129518	28.1980539499	28.8186932969	15.229
2481	0	3	2	2627	164	19.5590129518	30.8442440652	31.4648834122	8.819
2482	0	3	1	1238	77	23.7547441741	31.413617631	32.1673943654	9.842
2482	0	3	2	2587	161	23.7547441741	30.8704775284	31.6242542629	11.811
2483	0	3	1	954	59	25.9769697826	34.5365838132	35.3608753867	4.85
2483	0	3	2	2295	143	25.9769697826	28.1653111255	28.989602699	5.15
2484	0	3	1	430	26	21.6274636729	28.4733007866	29.1595754449	10.189
2484	0	3	2	1777	111	21.6274636729	29.4308865167	30.1171611751	6.284
2485	0	3	1	554	34	24.6485149714	30.8448416508	31.6269791888	10.788
2485	0	3	2	1904	119	24.6485149714	27.9372520061	28.7193895441	7.653
2486	0	3	1	1211	75	24.4631157631	26.6952417702	27.4714962892	8.473
2486	0	3	2	2561	160	24.4631157631	27.3395486106	28.1158031297	8.756
2487	0	3	1	1236	77	17.6392044096	29.8681439517	30.4278646458	9.685
2487	0	3	2	2585	161	17.6392044096	31.5273463283	32.0870670224	10.693
2488	0	3	1	807	50	23.8313658097	32.1304786331	32.8866866969	15.464
2488	0	3	2	2150	134	23.8313658097	32.3103416903	33.066549754	13.559
2490	0	3	1	1265	79	21.5771736842	27.9178436925	28.6025225676	7.559
2490	0	3	2	2616	163	21.5771736842	29.5658683268	30.2505472019	11.591
2491	0	3	1	1234	77	14.033609275	26.7366292999	27.1819385861	6.126
2491	0	3	2	2584	161	14.033609275	30.7087867864	31.1540960725	13.748
2492	0	3	1	487	30	19.6817393723	28.8669032595	29.4914369157	10.583
2492	0	3	2	1832	114	19.6817393723	27.6926488789	28.3171825352	13.087
2493	0	3	1	774	48	30.7041369217	33.0598265663	34.0341188548	8.346
2493	0	3	2	2113	132	30.7041369217	31.6127236451	32.5870159335	8.882
2494	0	3	1	1061	66	22.5733249701	35.010859534	35.7271479123	7.527
2494	0	3	2	2407	150	22.5733249701	29.6388922817	30.35518066	23.937
2495	0	3	1	994	62	24.6490089551	26.337479738	27.1196329509	12.504
2495	0	3	2	2341	146	24.6490089551	26.6256496974	27.4078029103	8.315
2496	0	3	1	1218	76	20.9085550186	28.7809800015	29.4444425169	9.15
2496	0	3	2	2567	160	20.9085550186	27.7174459605	28.380908476	9.039
2497	0	3	1	571	35	21.5432908254	25.2118927285	25.8954964452	6.693
2497	0	3	2	1921	120	21.5432908254	30.5571397539	31.2407434706	12.661
2498	0	3	1	1004	62	23.7305782332	30.9416534175	31.6946633273	11.433
2498	0	3	2	2350	146	23.7305782332	30.8480890058	31.6010989156	4.772
2499	0	3	1	1000	62	24.5693919626	30.712353076	31.491979912	7.055
2499	0	3	2	2345	146	24.5693919626	29.1891184844	29.9687453204	7.527
2500	0	3	1	530	33	23.0902451153	28.8409927833	29.57368388	9.181
2500	0	3	2	1879	117	23.0902451153	26.9221846779	27.6548757746	10.63
2501	0	3	1	1234	77	21.68458537	29.5598031083	30.2478903311	10.063
2501	0	3	2	2585	161	21.68458537	29.4717630453	30.1598502681	15.969
2502	0	3	1	930	58	26.994860785	28.2770644267	29.1336553401	22.788
2502	0	3	2	2273	142	26.994860785	30.9287309503	31.7853218637	8.126
2503	0	3	1	592	37	20.7111467295	25.810901309	26.4680997378	5.37
2503	0	3	2	1943	121	20.7111467295	29.3829569729	30.0401554017	13.213
2504	0	3	1	528	33	18.0357996235	27.2849995419	27.8573048483	13.685
2504	0	3	2	1876	117	18.0357996235	27.6713964121	28.2437017185	4.189
2505	0	3	1	1234	77	20.8621318558	29.7447667275	30.4067561604	7.874
2505	0	3	2	2584	161	20.8621318558	33.2992369996	33.9612264324	9.654
2506	0	3	1	962	60	23.0075395651	30.9549323607	31.6849990755	5.228
2506	0	3	2	2306	144	23.0075395651	29.745393215	30.4754599298	12.22
2507	0	3	1	1012	63	25.6661101111	33.8268014122	34.6412289018	7.449
2507	0	3	2	2356	147	25.6661101111	31.4571837887	32.2716112784	10.803
2508	0	3	1	1064	66	27.261510772	32.6109263625	33.4759785144	10.913
2508	0	3	2	2412	150	27.261510772	32.96674556	33.8317977119	10.914
2511	0	3	1	258	16	24.3389970081	27.1900732257	27.9623892545	11.181
2511	0	3	2	1600	100	24.3389970081	29.3058325778	30.0781486066	10.378
2512	0	3	1	1268	79	21.4376061105	29.3363921011	30.0166422697	7.811
2512	0	3	2	2618	163	21.4376061105	29.8782590456	30.5585092141	13.276
2513	0	3	1	1074	67	24.1274328112	31.6403195349	32.405922287	8.677
2513	0	3	2	2420	151	24.1274328112	28.526521085	29.2921238371	16.725
2514	0	3	1	547	34	23.8865199166	29.4968692421	30.2548274356	14
2514	0	3	2	1906	119	23.8865199166	24.1789928127	24.9369510062	4.126
2515	0	3	1	545	34	25.0990602697	32.7662605737	33.5626946481	8.599
2515	0	3	2	1893	118	25.0990602697	33.8445403641	34.6409744385	10.551
2516	0	3	1	1269	79	22.3555406868	29.768343858	30.4777215862	11.653
2516	0	3	2	2619	163	22.3555406868	27.37197563	28.0813533582	12.41
2517	0	3	1	1094	68	24.6243583291	25.2107489781	25.9921199865	15.433
2517	0	3	2	2441	152	24.6243583291	29.9064352145	30.6878062229	10.882
2518	0	3	1	935	58	29.9351851656	32.0836320045	33.0335242009	4.315
2518	0	3	2	2280	142	29.9351851656	29.865277814	30.8151700104	8.221
2519	0	3	1	1253	78	21.1220278221	31.2381635656	31.9083999209	7.307
2519	0	3	2	2603	162	21.1220278221	31.0013685034	31.6716048588	19.433
2520	0	3	1	932	58	22.3979829457	28.9326906085	29.6434150987	13.307
2520	0	3	2	2273	142	22.3979829457	27.3827938048	28.093518295	7.653
2522	0	3	1	987	61	21.578977644	27.0331023682	27.7178384859	10.85
2522	0	3	2	2330	145	21.578977644	35.0075930838	35.6923292014	11.181
2523	0	3	1	1237	77	23.0301524398	31.0377742341	31.7685584922	4.315
2523	0	3	2	2586	161	23.0301524398	30.675142013	31.4059262712	6.709
2524	0	3	1	930	58	25.6262630116	25.9350781074	26.7482411837	13.906
2524	0	3	2	2273	142	25.6262630116	26.8076938447	27.620856921	14.346
2525	0	3	1	1009	63	22.2638338896	31.3749703654	32.0814380875	5.149
2525	0	3	2	2353	147	22.2638338896	34.2712629829	34.977730705	6.535
2526	0	3	1	833	52	27.9391046739	28.1136182159	29.0001715263	13.717
2526	0	3	2	2175	135	27.9391046739	26.7706372704	27.6571905807	20.063
2527	0	3	1	521	32	20.5451963669	30.0622217053	30.7141542587	7.543
2527	0	3	2	1869	116	20.5451963669	30.7031640419	31.3550965953	10.094
2528	0	3	1	1268	79	22.1975336374	31.0925072722	31.7968711793	5.103
2528	0	3	2	2617	163	22.1975336374	31.0685336689	31.7728975759	8.992
2529	0	3	1	737	46	24.2569013879	29.3732798475	30.1429908485	16.882
2529	0	3	2	2077	129	24.2569013879	31.2076894003	31.9774004013	10.063
2530	0	3	1	333	20	22.6705914754	32.3023250795	33.0216998825	9.748
2530	0	3	2	1677	104	22.6705914754	30.3125525489	31.0319273519	6.536
2531	0	3	1	478	29	24.3098184694	30.4936687096	31.2650588558	14.063
2531	0	3	2	1825	114	24.3098184694	29.0093817065	29.7807718527	8.535
2532	0	3	1	1245	77	23.7662685318	29.8675913832	30.6217338043	12.41
2532	0	3	2	2593	162	23.7662685318	29.1571108089	29.91125323	20.724
2533	0	3	1	1248	78	14.9900058322	32.4227396094	32.8983969165	9.748
2533	0	3	2	2598	162	14.9900058322	29.123112733	29.5987700401	19.244
2534	0	3	1	542	33	24.5113356369	32.3699504057	33.1477350199	5.055
2534	0	3	2	1891	118	24.5113356369	25.2567786248	26.034563239	10.551
2535	0	3	1	1248	78	22.7018387219	29.8375974892	30.5579638182	9.653
2535	0	3	2	2596	162	22.7018387219	27.5630201737	28.2833865027	20.834
2536	0	3	1	984	61	22.3533235158	25.5803952393	26.289702613	8.315
2536	0	3	2	2329	145	22.3533235158	30.9483430764	31.6576504502	14
2537	0	3	1	993	62	21.2621096647	30.3136912348	30.9883726153	13.276
2537	0	3	2	2340	146	21.2621096647	30.9806872191	31.6553685995	15.307
2538	0	3	1	930	58	25.1771786714	31.8476734835	32.646586382	10.913
2538	0	3	2	2273	142	25.1771786714	30.994176124	31.7930890225	6.504
2539	0	3	1	807	50	22.4402295871	31.1319418656	31.8440069106	10.834
2539	0	3	2	2149	134	22.4402295871	31.375094907	32.087159952	9.338
2540	0	3	1	476	29	25.7976180724	31.963589242	32.7821896936	8.094
2540	0	3	2	1825	114	25.7976180724	27.1900875654	28.0086880169	4.063
2541	0	3	1	305	19	24.8015795018	31.0207919179	31.8077864428	7.654
2541	0	3	2	1650	103	24.8015795018	30.9585168756	31.7455114005	12.252
2542	0	3	1	1012	63	23.0681563063	30.335243357	31.0672335398	8.221
2542	0	3	2	2356	147	23.0681563063	29.9594413396	30.6914315224	7.307
2543	0	3	1	417	26	24.9492555847	32.7372499208	33.5289304485	9.087
2543	0	3	2	1775	110	24.9492555847	33.9319634937	34.7236440213	15.748
2544	0	3	1	802	50	21.7934525205	27.6081483517	28.2996901066	4.898
2544	0	3	2	2159	134	21.7934525205	27.5331400377	28.2246817926	5.26
2545	0	3	1	523	32	18.8481569669	27.4237458555	28.0218285839	10.913
2545	0	3	2	1866	116	18.8481569669	27.4407726524	28.0388553808	5.181
2546	0	3	1	1217	76	21.6216278697	31.2438410247	31.9299305035	12.724
2546	0	3	2	2567	160	21.6216278697	31.1132157401	31.7993052189	17.748
2547	0	3	1	309	19	21.8727871226	32.3010732962	32.9951324673	8.284
2547	0	3	2	1653	103	21.8727871226	32.9369088056	33.6309679767	13.055
2548	0	3	1	919	57	28.6771836147	27.0802926029	27.9902663606	13.15
2548	0	3	2	2251	140	28.6771836147	29.5817705239	30.4917442816	4.378
2549	0	3	1	1061	66	23.5461604342	36.7242010015	37.4713590341	6.992
2549	0	3	2	2408	150	23.5461604342	30.6123247003	31.3594827329	11.811
2550	0	3	1	583	36	25.4741610966	30.9403814521	31.7487180868	18.409
2550	0	3	2	1931	120	25.4741610966	30.08023087	30.8885675047	4.315
2551	0	3	1	778	48	26.5246079836	28.4852547225	29.3269237483	4
2551	0	3	2	2119	132	26.5246079836	28.4396828159	29.2813518417	15.544
2552	0	3	1	1245	77	20.6920756176	29.8740662322	30.5306595035	10.441
2552	0	3	2	2587	161	20.6920756176	30.5940728736	31.250666145	17.339
2552	1	3	1	1238	77	20.6920756176	31.0078480567	31.6644413281	7.181
2552	1	3	2	2586	161	20.6920756176	30.8009070568	31.4575003281	15.433
2553	0	3	1	521	32	22.1590455612	28.6261587357	29.3293013534	4.992
2553	0	3	2	1867	116	22.1590455612	30.5156780707	31.2188206884	10.756
2554	0	3	1	154	9	21.6862489061	30.1999921121	30.8881321216	10.551
2554	0	3	2	1496	93	21.6862489061	33.1743350565	33.8624750661	18.126
2554	1	3	1	153	9	21.6862489061	29.8890600135	30.577200023	8.567
2554	1	3	2	1502	93	21.6862489061	32.5261636555	33.214303665	6.929
2555	0	3	1	984	61	28.0413590593	21.1448593287	22.0346573373	13.465
2555	0	3	2	2330	145	28.0413590593	29.721349674	30.6111476827	12.031
2556	0	3	1	937	58	27.8077362448	30.9606540546	31.8430388307	15.496
2556	0	3	2	2282	142	27.8077362448	27.6897457486	28.5721305247	5.166
2557	0	3	1	345	21	25.1340254541	35.538600145	36.3361437216	6.473
2557	0	3	2	1689	105	25.1340254541	32.3059429763	33.1034865529	10.788
2558	0	3	1	819	51	22.296313154	29.6867633449	30.3942616869	8.378
2558	0	3	2	2161	135	22.296313154	35.706664006	36.414162348	11.37
2559	0	3	1	439	27	22.1640799593	30.2245277386	30.9278301059	6.315
2559	0	3	2	1784	111	22.1640799593	30.437443833	31.1407462003	7.968
2560	0	3	1	1220	76	22.2880135495	29.6491100011	30.3563449832	6.772
2560	0	3	2	2569	160	22.2880135495	28.552459925	29.2596949071	9.716
2561	0	3	1	267	16	25.7064560157	31.1641716685	31.9798793994	7.496
2561	0	3	2	1611	100	25.7064560157	32.3116952115	33.1274029425	5.212
2562	0	3	1	562	35	24.1714393137	31.1684059119	31.935405062	8.614
2562	0	3	2	1909	119	24.1714393137	30.048288626	30.8152877762	6.677
2563	0	3	1	935	58	25.1896672145	27.3897232902	28.1890324705	16.031
2563	0	3	2	2278	142	25.1896672145	28.0514011114	28.8507102917	11.15
2564	0	3	1	764	47	28.5249767762	22.222879729	23.1280237157	13.968
2564	0	3	2	2105	131	28.5249767762	23.0277360649	23.9328800516	14.126
2565	0	3	1	333	20	25.7866414454	31.0221535704	31.8404057156	7.401
2565	0	3	2	1677	104	25.7866414454	30.0409258699	30.8591780152	11.244
2566	0	3	1	997	62	28.2018959657	26.9150134634	27.8099055696	13.559
2566	0	3	2	2342	146	28.2018959657	28.6378786353	29.5327707415	4.945
2568	0	3	1	217	13	25.2093630515	28.4816165525	29.2815507138	5.685
2568	0	3	2	1560	97	25.2093630515	30.2497059872	31.0496401486	8.346
2569	0	3	1	1002	62	25.3858676412	32.2293537065	33.034888646	6.646
2569	0	3	2	2349	146	25.3858676412	32.510574623	33.3161095625	11.779
2570	0	3	1	474	29	24.2072659376	30.5089950188	31.2771310061	15.622
2570	0	3	2	1821	113	24.2072659376	30.9842604522	31.7523964395	8.157
2571	0	3	1	334	20	22.7321379462	32.5268292589	33.2481570316	5.134
2571	0	3	2	1680	105	22.7321379462	31.0691737901	31.7905015628	10.976
2572	0	3	1	994	62	27.1831389703	26.6565334205	27.5190987075	13.748
2572	0	3	2	2338	146	27.1831389703	27.5702498511	28.432815138	13.15
2573	0	3	1	413	25	23.1872859094	26.8554682236	27.5912385828	7.401
2573	0	3	2	1760	110	23.1872859094	28.4664545664	29.2022249256	10.535
2574	0	3	1	739	46	26.8711622428	28.9713598182	29.8240255753	9.527
2574	0	3	2	2079	129	26.8711622428	29.8748347187	30.7275004758	11.039
2575	0	3	1	1057	66	23.3580524279	29.6703352179	30.4115242769	11.937
2575	0	3	2	2401	150	23.3580524279	31.6903934167	32.4315824757	12.662
2576	0	3	1	821	51	26.823393702	28.4458621667	29.2970121502	11.464
2576	0	3	2	2164	135	26.823393702	32.3008680814	33.1520180649	11.244
2577	0	3	1	183	11	23.2492577694	28.7858242215	29.5235610488	17.622
2577	0	3	2	1527	95	23.2492577694	29.1505263841	29.8882632113	11.212
2579	0	3	1	606	37	17.958462281	31.7996318389	32.3694831054	7.937
2579	0	3	2	1957	122	17.958462281	33.0711791379	33.6410304045	11.906
2580	0	3	1	920	57	19.3921525691	25.0918422777	25.7071868728	21.842
2580	0	3	2	2263	141	19.3921525691	27.7920796134	28.4074242086	7.103
2581	0	3	1	918	57	26.2515637007	28.7228516668	29.5558565527	16.772
2581	0	3	2	2261	141	26.2515637007	29.6084579545	30.4414628404	9.717
2581	1	3	1	919	57	26.2515637007	28.6703927126	29.5033975985	16.189
2581	1	3	2	2263	141	26.2515637007	30.4707524844	31.3037573703	12.284
2582	0	3	1	993	62	22.5866060547	33.0507551779	33.7674649867	10.677
2582	0	3	2	2340	146	22.5866060547	35.4875917876	36.2043015964	4
2583	0	3	1	1009	63	27.8889767723	33.4362331288	34.3211957991	6.22
2583	0	3	2	2353	147	27.8889767723	34.0052552682	34.8902179385	11.433
2584	0	3	1	779	48	27.8102605951	26.1256902895	27.0081551673	5.653
2584	0	3	2	2120	132	27.8102605951	29.4680092324	30.3504741103	22.645
2585	0	3	1	778	48	21.3490785718	32.690031832	33.3674728775	14
2585	0	3	2	2119	132	21.3490785718	32.0697245383	32.7471655839	12.362
2586	0	3	1	528	33	22.2213794693	30.64932965	31.3544502242	13.134
2586	0	3	2	1878	117	22.2213794693	32.0121893144	32.7173098886	4.157
2587	0	3	1	584	36	28.6001705474	25.6499881456	26.5575181532	11.496
2587	0	3	2	1932	120	28.6001705474	29.9574457645	30.864975772	8.63
2588	0	3	1	249	15	27.2270513137	28.880932085	29.7448907821	12.504
2588	0	3	2	1591	99	27.2270513137	29.9503400899	30.8142987871	14.095
2589	0	3	1	985	61	24.8391391703	23.688569145	24.4767554994	8.409
2589	0	3	2	2330	145	24.8391391703	35.0138894124	35.8020757668	6.614
2590	0	3	1	933	58	27.204740746	28.9241050536	29.7873558001	20.315
2590	0	3	2	2277	142	27.204740746	27.2550019405	28.118252687	13.843
2591	0	3	1	233	14	33.6234907895	29.6398486902	30.7067768331	7.181
2591	0	3	2	1577	98	33.6234907895	32.1557365739	33.2226647168	4.772
2592	0	3	1	487	30	22.1831644869	32.2397985064	32.9437064569	8.362
2592	0	3	2	1832	114	22.1831644869	34.3060411293	35.0099490798	10.095
2593	0	3	1	994	62	25.3810773232	28.0419507462	28.8473336811	10.189
2593	0	3	2	2337	146	25.3810773232	26.7464666869	27.5518496219	7.685
2594	0	3	1	863	53	24.1639773506	21.9930932481	22.7598556179	8.063
2594	0	3	2	2220	138	24.1639773506	29.8819586985	30.6487210684	10.992
2595	0	3	1	827	51	22.8353533228	21.4418649186	22.1664678834	7.433
2595	0	3	2	2167	135	22.8353533228	30.6981766336	31.4227795984	8.772
2596	0	3	1	1262	78	16.6449833309	31.9080429898	32.4362154293	5.528
2596	0	3	2	2612	163	16.6449833309	31.9766646992	32.5048371387	11.244
2598	0	3	1	547	34	21.6336106719	31.786982884	32.4734525966	8.378
2598	0	3	2	1894	118	21.6336106719	33.0739338697	33.7604035823	9.118
2599	0	3	1	838	52	27.2211044524	26.7408848844	27.6046548779	14.441
2599	0	3	2	2180	136	27.2211044524	22.8103600033	23.6741299968	14.252
2600	0	3	1	1096	68	21.0845153677	28.1622368588	28.8312828828	4.756
2600	0	3	2	2444	152	21.0845153677	30.4139953955	31.0830414195	12
2601	0	3	1	980	61	25.2379912989	28.0838793466	28.8847219288	11.04
2601	0	3	2	2325	145	25.2379912989	33.0884692366	33.8893118188	7.842
2602	0	3	1	1265	79	22.0054200125	32.0896246596	32.7878924884	6.473
2602	0	3	2	2616	163	22.0054200125	29.418323683	30.1165915118	20.819
2603	0	3	1	1230	76	21.3263881324	31.3927034671	32.069424508	8.598
2603	0	3	2	2580	161	21.3263881324	30.3991571299	31.0758781708	10.094
2604	0	3	1	238	14	25.0661718124	28.378182591	29.173573061	9.779
2604	0	3	2	1579	98	25.0661718124	27.3911620576	28.1865525276	10.693
2605	0	3	1	1062	66	21.4771229792	29.7493109908	30.430815094	8.347
2605	0	3	2	2410	150	21.4771229792	28.7709570527	29.4524611559	18
2606	0	3	1	1056	66	23.1423197507	33.6524619046	34.3868054143	4.189
2606	0	3	2	2402	150	23.1423197507	29.6210750847	30.3554185944	8.252
2607	0	3	1	1227	76	20.6139074047	32.797779028	33.4518918946	8.74
2607	0	3	2	2579	161	20.6139074047	29.9768192777	30.6309321443	13.874
2608	0	3	1	73	4	28.1143658921	24.6956769293	25.5877915636	15.906
2608	0	3	2	1411	88	28.1143658921	23.9826687829	24.8747834172	8.441
2610	0	3	1	987	61	22.8734658636	27.4813669558	28.2071792936	10.095
2610	0	3	2	2331	145	22.8734658636	31.6454238329	32.3712361707	6.158
2611	0	3	1	467	29	21.4580768788	45.6922139783	46.3731137177	5.087
2611	0	3	2	1812	113	21.4580768788	33.0546747718	33.7355745112	11.559
2612	0	3	1	585	36	21.1193255939	29.3631690417	30.0333196509	18.803
2612	0	3	2	1933	120	21.1193255939	31.2574880307	31.9276386399	15.874
2613	0	3	1	1243	77	22.0405985568	29.9880822546	30.6874663559	9.653
2613	0	3	2	2593	162	22.0405985568	27.9991751563	28.6985592576	15.386
2614	0	3	1	583	36	21.1317285491	28.7141361849	29.3846803601	15.338
2614	0	3	2	1936	121	21.1317285491	30.9949458926	31.6654900678	7.433
2615	0	3	1	888	55	30.1992279562	31.3477351444	32.3060058487	20.252
2615	0	3	2	2233	139	30.1992279562	35.0207309895	35.9790016939	5.166
2616	0	3	1	439	27	26.137651828	38.9670631157	39.7964533923	10
2616	0	3	2	1773	110	26.137651828	32.0545429249	32.8839332015	14
2617	0	3	1	429	26	23.2090150825	31.6693050022	32.4057648634	8.74
2617	0	3	2	1776	111	23.2090150825	33.0044753268	33.740935188	8.252
2618	0	3	1	783	48	32.5782295377	28.7221217426	29.7558820431	19.37
2618	0	3	2	2120	132	32.5782295377	34.3565146106	35.3902749111	11.622
2619	0	3	1	740	46	22.8177147582	29.7307774382	30.4548207026	15.527
2619	0	3	2	2079	129	22.8177147582	30.2525238131	30.9765670776	13.559
2620	0	3	1	1064	66	26.0314776668	32.8612893018	33.6873104993	9.764
2620	0	3	2	2412	150	26.0314776668	31.6806426611	32.5066638586	9.26
2621	0	3	1	296	18	24.8888510601	30.2200304382	31.0097942319	5.527
2621	0	3	2	1639	102	24.8888510601	28.1235302519	28.9132940456	11.843
2622	0	3	1	1079	67	23.2327517589	27.2570981105	27.9943111752	5.355
2622	0	3	2	2425	151	23.2327517589	28.0822347607	28.8194478254	15.905
2623	0	3	1	1022	63	24.1641571981	34.2345745221	35.0013425988	12.677
2623	0	3	2	2368	148	24.1641571981	26.9630179551	27.7297860318	17.59
2624	0	3	1	520	32	16.8708831853	32.2032263322	32.7385669421	12.898
2624	0	3	2	1867	116	16.8708831853	32.5934349117	33.1287755216	6.221
2625	0	3	1	155	9	24.272372814	30.8966280316	31.6668299662	6.378
2625	0	3	2	1496	93	24.272372814	31.680739706	32.4509416406	17.559
2626	0	3	1	439	27	21.3854692397	28.9503561904	29.6289519711	10.032
2626	0	3	2	1785	111	21.3854692397	25.6541635142	26.3327592949	14.032
2627	0	3	1	529	33	21.5668159961	25.2391098981	25.9234601069	16.315
2627	0	3	2	1878	117	21.5668159961	26.2354343843	26.9197845931	7.843
2628	0	3	1	342	21	21.2116185423	30.6398031955	31.3128824104	9.937
2628	0	3	2	1686	105	21.2116185423	29.7974612871	30.470540502	16.567
2629	0	3	1	135	8	22.1598448835	28.7198955579	29.4230635394	4.551
2629	0	3	2	1477	92	22.1598448835	29.2251250698	29.9282930513	5.811
2630	0	3	1	1033	64	26.0788836102	29.9166857448	30.7442112101	5.591
2630	0	3	2	2377	148	26.0788836102	23.3905900235	24.2181154888	12.41
2631	0	3	1	330	20	23.2535071261	29.4831202988	30.2209919651	9.874
2631	0	3	2	1675	104	23.2535071261	30.6861672756	31.4240389419	12.882
2632	0	3	1	519	32	19.6439805606	29.94737089	30.5707063976	4.646
2632	0	3	2	1865	116	19.6439805606	30.4873266914	31.110662199	9.449
2633	0	3	1	917	57	31.4308892559	32.5841865703	33.5815398943	14
2633	0	3	2	2260	141	31.4308892559	30.4198830831	31.4172364072	4.866
2634	0	3	1	1240	77	22.1123037122	29.6232469102	30.3249063329	7.653
2634	0	3	2	2589	161	22.1123037122	32.0417538843	32.743413307	8.031
2635	0	3	1	478	29	20.3303102718	31.429187278	32.0743011455	7.843
2635	0	3	2	1826	114	20.3303102718	29.4559195862	30.1010334538	6.708
2636	0	3	1	1256	78	21.3958126334	29.9648358494	30.6437598428	9.008
2636	0	3	2	2604	162	21.3958126334	30.9507880046	31.629711998	6.835
2637	0	3	1	985	61	24.966482722	26.6568256004	27.4490527732	6.252
2637	0	3	2	2331	145	24.966482722	30.9538937239	31.7461208967	7.748
2638	0	3	1	1238	77	20.1982522589	30.0960905065	30.7370139582	5.559
2638	0	3	2	2587	161	20.1982522589	31.4512530812	32.0921765329	9.181
2639	0	3	1	1241	77	25.3730373782	28.6886763971	29.4938042115	12.976
2639	0	3	2	2590	161	25.3730373782	29.3264346683	30.1315624826	10.347
2640	0	3	1	797	49	27.6586764771	31.6312194912	32.508874358	5.654
2640	0	3	2	2164	135	27.6586764771	27.8376250642	28.715279931	11.213
2641	0	3	1	902	56	22.0373309364	28.0076748666	28.706955281	15.622
2641	0	3	2	2244	140	22.0373309364	28.0742005008	28.7734809151	6.583
2642	0	3	1	333	20	25.809684608	29.0888468162	29.9078301586	7.653
2642	0	3	2	1677	104	25.809684608	30.1775698469	30.9965531893	14.095
2643	0	3	1	931	58	24.1075759501	29.8834438934	30.6484165549	21.937
2643	0	3	2	2274	142	24.1075759501	28.5157051428	29.2806778044	7.78
2644	0	3	1	1055	65	28.1774187514	30.8182472842	31.7123626885	10.567
2644	0	3	2	2392	149	28.1774187514	29.6658947726	30.5600101769	6.063
2645	0	3	1	520	32	18.3047075986	31.0154700789	31.5963082735	4.41
2645	0	3	2	1866	116	18.3047075986	30.1994571969	30.7802953914	7.417
2646	0	3	1	1262	78	23.5134711048	32.095709549	32.8418302959	5.906
2646	0	3	2	2615	163	23.5134711048	31.2857155037	32.0318362505	7.969
2647	0	3	1	564	35	22.7007309517	33.3241911929	34.0445223706	8.771
2647	0	3	2	1912	119	22.7007309517	34.2486665492	34.9689977268	6.913
2648	0	3	1	1211	75	20.6809274895	27.9429599172	28.5991994403	8.914
2648	0	3	2	2561	160	20.6809274895	28.5811524212	29.2373919443	11.433
2649	0	3	1	1001	62	21.0945570438	32.4298715673	33.0992362301	8.032
2649	0	3	2	2350	146	21.0945570438	39.0071059297	39.6764705924	11.149
2650	0	3	1	137	8	25.2325414086	29.1019175558	29.9025872041	6.378
2650	0	3	2	1475	92	25.2325414086	34.7116788674	35.5123485157	13.417
2651	0	3	1	1255	78	21.6404767995	29.9398489898	30.6265365759	11.464
2651	0	3	2	2602	162	21.6404767995	32.9898702893	33.6765578753	17.37
2652	0	3	1	1081	67	27.1164908056	25.8230518813	26.6835023134	5.559
2652	0	3	2	2427	151	27.1164908056	26.7258759125	27.5863263446	7.386
2653	0	3	1	174	10	25.2897200719	31.0373743045	31.839858325	5.118
2653	0	3	2	1515	94	25.2897200719	31.4688877279	32.2713717484	12.945
2654	0	3	1	1250	78	16.7551107039	31.4034473138	31.9351142743	4.803
2654	0	3	2	2599	162	16.7551107039	31.7939129189	32.3255798794	11.055
2655	0	3	1	1032	64	27.5081035151	27.7677381327	28.6406150741	5.685
2655	0	3	2	2376	148	27.5081035151	28.0843623602	28.9572393016	4.945
2656	0	3	1	539	33	20.9220216494	34.9690984098	35.6329882434	7.779
2656	0	3	2	1892	118	20.9220216494	32.4918734773	33.1557633109	23.748
2657	0	3	1	250	15	24.3154469189	28.7260944053	29.4976631513	11.591
2657	0	3	2	1593	99	24.3154469189	29.2086607624	29.9802295085	14.63
2659	0	3	1	1218	76	22.5858105279	30.0130665754	30.7297511408	7.748
2659	0	3	2	2567	160	22.5858105279	29.8717462408	30.5884308062	14.283
2660	0	3	1	737	46	29.1908052979	31.1213805603	32.0476523708	6.693
2660	0	3	2	2077	129	29.1908052979	32.2376073265	33.163879137	9.528
2661	0	3	1	1048	65	25.4304717551	31.050096036	31.8570463368	7.874
2661	0	3	2	2401	150	25.4304717551	32.5609217961	33.3678720968	11.716
2662	0	3	1	1268	79	22.0400861555	29.1174603135	29.8168281555	11.607
2662	0	3	2	2618	163	22.0400861555	29.1411932839	29.8405611258	7.417
2663	0	3	1	997	62	28.7314580342	27.13051059	28.0422065634	12.693
2663	0	3	2	2342	146	28.7314580342	25.5123100022	26.4240059756	6.158
2664	0	3	1	1030	64	25.8195861247	26.3646950048	27.1839925385	11.969
2664	0	3	2	2374	148	25.8195861247	31.1273060751	31.9466036087	16.283
2665	0	3	1	1271	79	23.4532119353	31.0799508866	31.8241595118	7.591
2665	0	3	2	2622	163	23.4532119353	33.2779904077	34.022199033	5.166
2666	0	3	1	519	32	17.8010091605	29.6768359977	30.2416910202	7.748
2666	0	3	2	1866	116	17.8010091605	30.8139697884	31.3788248109	12.126
2667	0	3	1	1031	64	30.1359968912	16.1846278749	17.1408921546	4.898
2667	0	3	2	2375	148	30.1359968912	30.2423180123	31.1985822919	17.717
2668	0	3	1	805	50	26.6139607182	30.6751140246	31.5196183583	8.992
2668	0	3	2	2146	134	26.6139607182	27.9930367958	28.8375411295	13.811
2670	0	3	1	350	21	21.5041000501	28.8718312477	29.5541913773	10.347
2670	0	3	2	1694	105	21.5041000501	28.5364531232	29.2188132528	7.244
2671	0	3	1	528	33	18.2212974847	29.3789901678	29.9571816236	15.37
2671	0	3	2	1876	117	18.2212974847	32.523106963	33.1012984188	11.717
2672	0	3	1	545	34	21.5417747356	36.9079529993	37.5915086081	9.716
2672	0	3	2	1894	118	21.5417747356	32.181893837	32.8654494458	7.055
2673	0	3	1	333	20	19.9731673539	31.2608715192	31.8946526601	4.661
2673	0	3	2	1677	104	19.9731673539	30.0521622435	30.6859433844	7.055
2674	0	3	1	413	25	22.3791734857	29.7806943594	30.4908219948	14.252
2674	0	3	2	1758	109	22.3791734857	28.4146241835	29.1247518189	9.055
2675	0	3	1	1242	77	24.3492699669	30.6106928036	31.38333481	7.086
2675	0	3	2	2587	161	24.3492699669	18.3260841764	19.0987261829	11.338
2676	0	3	1	555	34	25.2298350642	32.394826131	33.1954099026	10.472
2676	0	3	2	1913	119	25.2298350642	30.3087831141	31.1093668857	16.284
2677	0	3	1	994	62	18.570321955	26.8147954644	27.4040620352	12.362
2677	0	3	2	2337	146	18.570321955	26.232025584	26.8212921548	8.126
2678	0	3	1	808	50	29.1530692864	28.4547083641	29.3797827495	7.213
2678	0	3	2	2152	134	29.1530692864	29.6745899822	30.5996643676	11.591
2679	0	3	1	1264	79	20.92145757	30.0975695944	30.7614415289	9.685
2679	0	3	2	2614	163	20.92145757	31.720811276	32.3846832105	14.851
2680	0	3	1	1275	79	23.4553967188	28.0557411388	28.8000190908	10.662
2680	0	3	2	2626	164	23.4553967188	29.9002412641	30.6445192161	11.307
2681	0	3	1	551	34	20.268439965	31.1377259359	31.7808765578	8.221
2681	0	3	2	1899	118	20.268439965	31.3374657724	31.9806163943	11.323
2682	0	3	1	490	30	26.8522869596	30.791849729	31.6439165426	13.559
2682	0	3	2	1835	114	26.8522869596	30.8149412784	31.667008092	6.662
2683	0	3	1	488	30	22.5421412052	31.7446127264	32.4599115931	13.244
2683	0	3	2	1830	114	22.5421412052	31.1121442968	31.8274431634	13.496
2684	0	3	1	778	48	29.5721434609	25.3537773057	26.2921495974	23.26
2684	0	3	2	2118	132	29.5721434609	27.7537466587	28.6921189504	16.441
2685	0	3	1	542	33	25.6480085984	33.4090424134	34.2228955126	9.669
2685	0	3	2	1895	118	25.6480085984	29.7086391667	30.5224922659	9.905
2686	0	3	1	917	57	21.3668162874	28.7713271985	29.4493310907	14.252
2686	0	3	2	2260	141	21.3668162874	28.2773083978	28.9553122899	12.283
2687	0	3	1	1269	79	21.3449420857	30.7566024966	31.4339122847	12.283
2687	0	3	2	2618	163	21.3449420857	31.1530611265	31.8303709146	9.338
2688	0	3	1	158	9	23.2487807554	29.9200585681	30.657780259	5.591
2688	0	3	2	1497	93	23.2487807554	31.7054346265	32.4431563173	17.433
2689	0	3	1	865	54	17.9108257801	28.1142769942	28.682616677	5.04
2689	0	3	2	2210	138	17.9108257801	33.5191121912	34.087451874	10.378
2690	0	3	1	555	34	27.5103516804	31.0303875674	31.9033358467	8.898
2690	0	3	2	1905	119	27.5103516804	25.5438688303	26.4168171097	6.315
2691	0	3	1	832	52	30.1250624271	33.025075898	33.9809932093	11.37
2691	0	3	2	2173	135	30.1250624271	34.0098988065	34.9658161178	5.717
2692	0	3	1	997	62	23.5577658748	32.1940784441	32.9416047362	9.071
2692	0	3	2	2342	146	23.5577658748	31.3294089992	32.0769352913	8.866
2693	0	3	1	337	21	23.1625515075	29.6219599548	30.3569454511	11.685
2693	0	3	2	1681	105	23.1625515075	30.1207740272	30.8557595235	12.583
2694	0	3	1	472	29	18.2322190927	15.9027294609	16.4812674771	10.157
2694	0	3	2	1819	113	18.2322190927	30.0580402684	30.6365782846	5.811
2695	0	3	1	1230	76	20.6874485764	28.0174863802	28.673932828	12.221
2695	0	3	2	2581	161	20.6874485764	29.985051352	30.6414977998	10.504
2696	0	3	1	1229	76	20.1455392772	29.5821011169	30.2213518997	7.37
2696	0	3	2	2580	161	20.1455392772	30.112980641	30.7522314239	12
2697	0	3	1	485	30	27.2588072917	30.2660800168	31.1310463828	10.866
2697	0	3	2	1830	114	27.2588072917	31.1176753007	31.9826416668	8.85
2698	0	3	1	478	29	18.2666956692	29.990674187	30.5703062011	10.929
2698	0	3	2	1825	114	18.2666956692	26.9597652633	27.5393972774	6
2699	0	3	1	538	33	18.0461981461	30.4132572724	30.9858925409	5.654
2699	0	3	2	1889	118	18.0461981461	25.9229221567	26.4955574252	11.559
2700	0	3	1	760	47	26.7210556217	27.523098522	28.3710011514	9.559
2700	0	3	2	2100	131	26.7210556217	27.1200951036	27.9679977331	15.339
2701	0	3	1	1021	63	21.2621603945	27.1965423507	27.8712253409	10.567
2701	0	3	2	2366	147	21.2621603945	29.5825267359	30.257209726	5.811
2702	0	3	1	1262	78	15.441373158	31.3066286458	31.7966085735	7.118
2702	0	3	2	2614	163	15.441373158	30.4771271574	30.9671070851	10.866
2703	0	3	1	1248	78	20.070269874	27.3516131598	27.9884755219	7.748
2703	0	3	2	2597	162	20.070269874	30.9675195691	31.6043819311	6.236
2704	0	3	1	1217	76	21.6414233072	31.5647958462	32.2515134665	5.622
2704	0	3	2	2566	160	21.6414233072	33.9952930877	34.682010708	7.464
2705	0	3	1	346	21	24.9395110648	31.8922403285	32.6836116467	8.315
2705	0	3	2	1690	105	24.9395110648	30.8628473711	31.6542186892	12.283
2706	0	3	1	517	32	20.5779788691	28.6756149982	29.3285877939	5.842
2706	0	3	2	1864	116	20.5779788691	29.4187307718	30.0717035674	6.992
2707	0	3	1	1031	64	24.9198573589	20.7388005477	21.5295482218	6.724
2707	0	3	2	2374	148	24.9198573589	31.3215021631	32.1122498372	14.378
2708	0	3	1	164	10	23.9007165598	34.6611665962	35.4195752723	6.158
2708	0	3	2	1506	94	23.9007165598	33.3327262414	34.0911349175	7.78
2709	0	3	1	727	45	26.8165996253	28.2608438514	29.1117782478	17.811
2709	0	3	2	2079	129	26.8165996253	29.4493650999	30.3002994963	9.307
2710	0	3	1	997	62	23.6613802023	31.6484588413	32.3992729848	7.323
2710	0	3	2	2342	146	23.6613802023	31.96839817	32.7192123135	13.717
2711	0	3	1	1244	77	19.8006424575	32.6621452121	33.2904518569	8.662
2711	0	3	2	2594	162	19.8006424575	31.9065009434	32.5348075883	15.071
2712	0	3	1	1041	65	20.9639130956	30.8835963828	31.5488155003	11.622
2712	0	3	2	2394	149	20.9639130956	30.7366455671	31.4018646845	14
2713	0	3	1	810	50	27.3271199501	27.5088855767	28.3760196148	8.709
2713	0	3	2	2152	134	27.3271199501	30.4737599878	31.3408940258	9.59
2714	0	3	1	1237	77	19.3704828063	28.4632831001	29.0779400784	13.102
2714	0	3	2	2586	161	19.3704828063	31.2930510627	31.907708041	15.591
2715	0	3	1	997	62	20.6229239198	31.6611434685	32.3155424439	15.481
2715	0	3	2	2343	146	20.6229239198	30.371302276	31.0257012514	8.567
2716	0	3	1	582	36	21.29585666	30.3358147696	31.0115669971	10.992
2716	0	3	2	1929	120	21.29585666	29.8313300789	30.5070823065	8.378
2718	0	3	1	488	30	20.2037359602	33.5674134549	34.2085109133	9.213
2718	0	3	2	1833	114	20.2037359602	30.9212048477	31.5623023061	12.063
2719	0	3	1	933	58	26.588016187	29.0257113322	29.8693924037	13.433
2719	0	3	2	2277	142	26.588016187	30.8238673685	31.66754844	10.284
2720	0	3	1	1031	64	25.6611787552	23.8357922917	24.6500633014	6.378
2720	0	3	2	2376	148	25.6611787552	35.2915603351	36.1058313449	5.748
2721	0	3	1	574	35	23.9482121759	29.1131127313	29.8730285207	9.527
2721	0	3	2	1913	119	23.9482121759	29.8515531915	30.6114689808	10.63
2722	0	3	1	431	26	23.0758316076	31.3942199425	32.1264536751	5.181
2722	0	3	2	1779	111	23.0758316076	30.0282993446	30.7605330772	5.968
2723	0	3	1	438	27	20.9933157423	30.7676231564	31.4337752677	8.473
2723	0	3	2	1783	111	20.9933157423	34.046673568	34.7128256794	7.166
2724	0	3	1	1243	77	22.0766364782	30.6498173908	31.3503450341	11.149
2724	0	3	2	2593	162	22.0766364782	30.1309332964	30.8314609396	16.977
2725	0	3	1	763	47	29.3900919278	27.339268757	28.2718642569	15.04
2725	0	3	2	2103	131	29.3900919278	28.1070933654	29.0396888653	14.346
2726	0	3	1	1004	62	22.3777517657	36.6846304275	37.3947129494	8.284
2726	0	3	2	2351	146	22.3777517657	29.5918632488	30.3019457707	9.275
2727	0	3	1	984	61	23.3885173316	21.9438361738	22.6859919339	5.559
2727	0	3	2	2329	145	23.3885173316	28.036594837	28.7787505971	13.527
2728	0	3	1	727	45	27.2761781285	31.045931934	31.911449505	14.409
2728	0	3	2	2079	129	27.2761781285	31.7831568103	32.6486743813	11.733
2729	0	3	1	1269	79	22.3841801891	29.8186696103	30.5289561166	11.023
2729	0	3	2	2622	163	22.3841801891	35.8567236497	36.567010156	4.095
2730	0	3	1	933	58	26.7907559742	27.5903541382	28.4404684734	17.212
2730	0	3	2	2276	142	26.7907559742	26.1486894694	26.9988038046	5.685
2731	0	3	1	209	13	23.9392243224	30.0074931038	30.7671236939	4.63
2731	0	3	2	1552	97	23.9392243224	32.4821973044	33.2418278945	13.685
2732	0	3	1	252	15	22.3365065209	31.0532114887	31.7619852318	5.559
2732	0	3	2	1594	99	22.3365065209	29.4415044112	30.1502781543	8.504
2733	0	3	1	491	30	23.5949847669	29.6121866593	30.3608939674	11.275
2733	0	3	2	1837	114	23.5949847669	28.2707254058	29.019432714	14
2734	0	3	1	1092	68	21.0941319322	31.6240986973	32.2934498705	4.095
2734	0	3	2	2445	152	21.0941319322	22.7406360059	23.4099871792	5.559
2735	0	3	1	935	58	28.2126279173	30.5274593808	31.4226920294	13.244
2735	0	3	2	2277	142	28.2126279173	32.9102279642	33.8054606127	5.197
2736	0	3	1	893	55	21.1935927095	28.9573666473	29.6298738731	8.284
2736	0	3	2	2235	139	21.1935927095	28.7680699634	29.4405771891	12.536
2736	1	3	1	892	55	21.1935927095	30.7175028464	31.3900100721	11.811
2736	1	3	2	2234	139	21.1935927095	28.7460259197	29.4185331455	6.473
2737	0	3	1	490	30	22.8248191243	30.3104647733	31.0347334708	12.929
2737	0	3	2	1835	114	22.8248191243	31.0434821197	31.7677508172	10.456
2738	0	3	1	471	29	24.9866941703	28.0862182164	28.8790867313	7.528
2738	0	3	2	1818	113	24.9866941703	28.7313858203	29.5242543352	8.677
2739	0	3	1	1009	63	23.4011578197	26.8515577982	27.5941146616	15.842
2739	0	3	2	2353	147	23.4011578197	28.4536995832	29.1962564465	11.874
2740	0	3	1	346	21	20.4560964634	28.8365847803	29.4856900487	15.622
2740	0	3	2	1690	105	20.4560964634	33.0226882514	33.6717935197	5.15
2741	0	3	1	732	45	28.4377626341	29.9508595517	30.8532360916	8.378
2741	0	3	2	2072	129	28.4377626341	32.284464087	33.1868406268	10.661
2742	0	3	1	935	58	28.6973578954	28.5207428932	29.4313568137	13.087
2742	0	3	2	2280	142	28.6973578954	27.0633230303	27.9739369507	7.874
2743	0	3	1	778	48	24.6883871464	33.7732719522	34.5566746992	11.779
2743	0	3	2	2118	132	24.6883871464	34.4381614123	35.2215641594	11.779
2744	0	3	1	105	6	24.4358168871	28.6390516477	29.414439929	8.094
2744	0	3	2	1446	90	24.4358168871	25.2229257584	25.9983140397	7.937
2745	0	3	1	347	21	23.6127809368	27.8439435986	28.5932156083	4.662
2745	0	3	2	1690	105	23.6127809368	30.2124436309	30.9617156405	8.866
2746	0	3	1	417	26	23.343512729	32.2568272397	32.9975549304	11.779
2746	0	3	2	1766	110	23.343512729	33.4141352183	34.1548629091	7.905
2747	0	3	1	1256	78	21.5482562442	29.7106301891	30.3943914667	11.213
2747	0	3	2	2601	162	21.5482562442	29.6681751729	30.3519364505	14.33
2747	1	3	1	1253	78	21.5482562442	28.7925816487	29.4763429262	7.118
2747	1	3	2	2600	162	21.5482562442	28.2152537858	28.8990150634	12.189
2748	0	3	1	1012	63	22.8079258073	28.1088176756	28.8325503207	12.567
2748	0	3	2	2357	147	22.8079258073	29.8832984371	30.6070310822	4.567
2749	0	3	1	1258	78	19.0651899278	29.2756032697	29.8805728076	4.221
2749	0	3	2	2609	163	19.0651899278	29.642514858	30.2474843958	7.197
2750	0	3	1	1258	78	20.8257666552	30.5343113673	31.1951468731	10.221
2750	0	3	2	2609	163	20.8257666552	27.5389318923	28.1997673981	17.37
2752	0	3	1	811	50	24.7846914266	31.7896538821	32.5761125209	16.221
2752	0	3	2	2153	134	24.7846914266	33.1127478652	33.899206504	16.535
2753	0	3	1	903	56	27.6478573052	31.2932341547	32.1705457116	11.307
2753	0	3	2	2246	140	27.6478573052	30.3666215846	31.2439331415	9.906
2754	0	3	1	819	51	27.9434691846	25.3848215006	26.271513304	4.378
2754	0	3	2	2167	135	27.9434691846	25.4219789135	26.3086707169	13.622
2755	0	3	1	341	21	21.6200910598	29.3668287987	30.052869512	6.662
2755	0	3	2	1684	105	21.6200910598	30.8514001786	31.5374408919	9.654
2757	0	3	1	1236	77	20.5388499586	32.3038462225	32.9555773941	8.851
2757	0	3	2	2584	161	20.5388499586	30.8950431206	31.5467742922	8.252
2758	0	3	1	373	23	24.1350040661	34.7242527595	35.4900957599	12.315
2758	0	3	2	1718	107	24.1350040661	37.4386739136	38.2045169139	4.315
2759	0	3	1	879	54	25.3236415721	30.1015722462	30.9051326512	10.095
2759	0	3	2	2222	138	25.3236415721	29.4696993156	30.2732597206	13.827
2760	0	3	1	583	36	20.9238836097	31.2859894742	31.9499383908	15.559
2760	0	3	2	1932	120	20.9238836097	30.8128389032	31.4767878198	7.464
2761	0	3	1	1255	78	15.4990135247	28.7351138047	29.2269227552	8.22
2761	0	3	2	2604	162	15.4990135247	28.2548656446	28.7466745951	14.882
2762	0	3	1	933	58	25.6327869015	30.7691757766	31.5825458666	12.851
2762	0	3	2	2276	142	25.6327869015	31.2378599054	32.0512299954	11.338
2763	0	3	1	1265	79	20.6681770875	30.4360774217	31.0919123538	7.118
2763	0	3	2	2616	163	20.6681770875	30.779179634	31.4350145661	15.559
2764	0	3	1	291	18	26.6617930062	32.7486418674	33.5946639975	9.118
2764	0	3	2	1634	102	26.6617930062	30.5323977211	31.3784198512	12.094
2765	0	3	1	582	36	19.9721819852	29.571683364	30.2054332375	5.685
2765	0	3	2	1930	120	19.9721819852	28.5168497305	29.1505996041	8.882
2766	0	3	1	935	58	29.2059256093	34.5371465372	35.4638981398	12.693
2766	0	3	2	2278	142	29.2059256093	32.4979453045	33.4246969071	4.866
2767	0	3	1	1244	77	19.5242732517	30.028773304	30.6483103037	7.323
2767	0	3	2	2594	162	19.5242732517	26.2385263542	26.8580633539	17.685
2768	0	4	1	117	7	24.505817236	31.5436875825	32.3212970888	6.756
2768	0	4	2	1457	91	24.505817236	35.4384384797	36.2160479861	13.748
2769	0	4	1	1217	76	19.9543597709	33.4279240856	34.0611084313	5.433
2769	0	4	2	2566	160	19.9543597709	29.2775484128	29.9107327584	9.559
2770	0	4	1	577	36	23.9997797698	30.8838926339	31.645444747	6.708
2770	0	4	2	1925	120	23.9997797698	30.3385055686	31.1000576817	6.583
2771	0	4	1	1255	78	21.8998257175	31.5826166298	32.2775337795	7.087
2771	0	4	2	2603	162	21.8998257175	32.6542442203	33.3491613701	14.929
2773	0	4	1	438	27	20.4432924416	3.29465707389	3.94335604977	14.662
2773	0	4	2	1784	111	20.4432924416	3.56269338258	4.21139235846	10.725
2774	0	4	1	1029	64	21.1810473588	29.4049919315	30.0771010728	5.969
2774	0	4	2	2373	148	21.1810473588	40.8704864204	41.5425955618	6.567
2775	0	4	1	1241	77	24.4284858219	31.1129461195	31.8881017741	5.103
2775	0	4	2	2590	161	24.4284858219	32.7102132255	33.4853688801	12.788
2776	0	4	1	1240	77	22.4464349345	27.3512368534	28.0634988041	6.22
2776	0	4	2	2587	161	22.4464349345	29.533658929	30.2459208797	11.874
2777	0	4	1	519	32	21.662471424	29.2645409378	29.9519264491	8.126
2777	0	4	2	1865	116	21.662471424	29.9579311658	30.6453166771	7.842
2778	0	4	1	804	50	27.4768441187	25.3731903633	26.2450753931	19.181
2778	0	4	2	2146	134	27.4768441187	26.7917782374	27.6636632673	16
2779	0	4	1	523	32	17.9564545845	29.6511458006	30.2209333596	4.126
2779	0	4	2	1872	117	17.9564545845	32.8719049422	33.4416925013	4.929
2780	0	4	1	264	16	25.5843338392	32.4713920728	33.2832246682	11.275
2780	0	4	2	1608	100	25.5843338392	31.7081184921	32.5199510875	10.409
2781	0	4	1	733	45	22.9837186808	31.0819946479	31.8113054873	10.851
2781	0	4	2	2074	129	22.9837186808	32.2203052603	32.9496160996	11.465
2781	1	4	1	734	45	22.9837186808	30.6259621076	31.355272947	5.622
2781	1	4	2	2073	129	22.9837186808	31.6758407146	32.405151554	14.961
2782	0	4	1	530	33	18.3266561345	30.1762586337	30.7577932911	17.48
2782	0	4	2	1879	117	18.3266561345	31.6155828141	32.1971174715	13.15
2783	0	4	1	997	62	22.1984699471	32.3787920234	33.0831856411	6.473
2783	0	4	2	2342	146	22.1984699471	33.1435109496	33.8479045673	8
2784	0	4	1	1045	65	24.1477281976	14.2279752477	14.9942220055	17.905
2784	0	4	2	2397	149	24.1477281976	29.0053484245	29.7715951823	20.897
2785	0	4	1	1233	77	22.3370822052	30.7780319043	31.4868239148	7.023
2785	0	4	2	2585	161	22.3370822052	30.0779297994	30.7867218099	12.126
2786	0	4	1	1265	79	23.6435148137	29.87949846	30.6297457056	6.898
2786	0	4	2	2615	163	23.6435148137	29.720023547	30.4702707926	10.819
2787	0	4	1	328	20	22.0373553511	28.8677781731	29.5670593622	13.527
2787	0	4	2	1672	104	22.0373553511	31.1004053659	31.799686555	7.307
2788	0	4	1	414	25	28.0801804559	31.9664419299	32.8574718047	5.118
2788	0	4	2	1763	110	28.0801804559	30.3915638329	31.2825937077	5.622
2790	0	4	1	1270	79	20.3238429903	31.5054724774	32.1503811275	10
2790	0	4	2	2620	163	20.3238429903	33.1723346308	33.8172432809	4.598
2791	0	4	1	1243	77	21.2650691683	33.6636615266	34.3384368169	4.551
2791	0	4	2	2593	162	21.2650691683	28.4535735526	29.1283488428	13.134
2792	0	4	1	561	35	24.6463287443	31.4248887913	32.2069569567	11.78
2792	0	4	2	1909	119	24.6463287443	30.0172017545	30.7992699199	13.26
2793	0	4	1	1210	75	25.2967610383	30.6559572407	31.4586646826	12.126
2793	0	4	2	2562	160	25.2967610383	28.1557408806	28.9584483225	9.464
2794	0	4	1	1236	77	21.8987382613	31.6188339327	32.3137165757	6.74
2794	0	4	2	2586	161	21.8987382613	30.6990177378	31.3939003808	13.528
2795	0	4	1	135	8	23.0256558089	28.8119712578	29.5426128306	4.095
2795	0	4	2	1476	92	23.0256558089	31.6630611764	32.3937027492	6.63
2796	0	4	1	899	56	28.096652019	30.1985096919	31.0900622362	8.85
2796	0	4	2	2241	140	28.096652019	31.1600937495	32.0516462939	10.772
2797	0	4	1	521	32	18.3093344	30.4995467094	31.0805317199	5.59
2797	0	4	2	1869	116	18.3093344	30.9116519356	31.4926369462	5.937
2798	0	4	1	139	8	21.8789588421	31.1280916727	31.8223466825	7.968
2798	0	4	2	1481	92	21.8789588421	35.3683014896	36.0625564994	12.158
2799	0	4	1	1213	75	22.096080425	29.8791546757	30.5802993071	6.032
2799	0	4	2	2562	160	22.096080425	29.4411959441	30.1423405755	14.661
2800	0	4	1	907	56	28.7883271344	29.1276415019	30.0411420245	13.386
2800	0	4	2	2247	140	28.7883271344	32.3086196037	33.2221201263	4.315
2801	0	4	1	1018	63	26.0642142594	31.9412010329	32.7682610158	16.393
2801	0	4	2	2363	147	26.0642142594	32.2942669851	33.121326968	5.024
2803	0	4	1	1094	68	25.7756552794	27.7914277561	28.6093312924	8.708
2803	0	4	2	2442	152	25.7756552794	28.0551463884	28.8730499248	11.118
2804	0	4	1	1061	66	24.6624607367	33.350503303	34.1330833628	15.087
2804	0	4	2	2408	150	24.6624607367	26.1710766489	26.9536567088	13.969
2805	0	4	1	545	34	24.5132370098	30.3058668697	31.0837118176	13.78
2805	0	4	2	1893	118	24.5132370098	32.1724378127	32.9502827606	11.024
2806	0	4	1	1021	63	28.1109716084	23.2794604582	24.1714673864	14.709
2806	0	4	2	2366	147	28.1109716084	25.7666630227	26.6586699509	9.59
2807	0	4	1	1281	80	20.0174351131	30.1111225519	30.7463083809	9.874
2807	0	4	2	2630	164	20.0174351131	33.5795517352	34.2147375642	14.929
2808	0	4	1	1067	66	20.7807086325	28.1021440465	28.7615497878	5.37
2808	0	4	2	2413	150	20.7807086325	30.0345764514	30.6939821927	13.244
2809	0	4	1	1009	63	24.6744509984	29.551647489	30.3346080194	9.37
2809	0	4	2	2354	147	24.6744509984	30.4616880665	31.2446485969	7.559
2810	0	4	1	283	17	24.4399230118	31.896647897	32.6721664723	4.819
2810	0	4	2	1627	101	24.4399230118	30.1911782788	30.9666968541	10.41
2811	0	4	1	82	5	23.6483945241	31.4958736252	32.246275712	6.315
2811	0	4	2	1421	88	23.6483945241	28.2980977356	29.0484998224	17.653
2812	0	4	1	951	59	25.6450702828	29.7899831047	30.6037429664	16.598
2812	0	4	2	2293	143	25.6450702828	31.7312387346	32.5449985963	4.315
2813	0	4	1	340	21	24.2665223705	28.960515638	29.7305319284	13.653
2813	0	4	2	1683	105	24.2665223705	30.39313279	31.1631490804	10.866
2814	0	4	1	281	17	25.2483185567	32.7281835636	33.5293538466	9.15
2814	0	4	2	1625	101	25.2483185567	33.4666604028	34.2678306858	6.409
2815	0	4	1	547	34	21.9952603825	26.8166540261	27.5145994732	10.441
2815	0	4	2	1894	118	21.9952603825	31.4719893918	32.169934839	14.866
2816	0	4	1	264	16	23.7011207937	27.6268690216	28.3789441988	9.779
2816	0	4	2	1608	100	23.7011207937	28.5251380523	29.2772132296	10.41
2817	0	4	1	601	37	19.6011824938	30.4221130236	31.0440904789	12.866
2817	0	4	2	1950	121	19.6011824938	30.3014859869	30.9234634421	8.284
2818	0	4	1	1286	80	16.6021327279	29.3250546146	29.8518673347	14.504
2818	0	4	2	2630	164	16.6021327279	30.5857883048	31.1126010248	11.843
2818	1	4	1	1281	80	16.6021327279	28.332089823	28.8589025431	17.67
2818	1	4	2	2632	164	16.6021327279	27.7934025757	28.3202152957	20.252
2819	0	4	1	580	36	22.8838914516	31.875177857	32.6013210157	8.929
2819	0	4	2	1928	120	22.8838914516	30.6454888132	31.3716319719	7.811
2820	0	4	1	778	48	25.7436663489	34.214274305	35.0311627804	5.811
2820	0	4	2	2118	132	25.7436663489	35.2878567822	36.1047452576	17.78
2821	0	4	1	530	33	19.7235210459	29.149108763	29.7749682198	16.945
2821	0	4	2	1879	117	19.7235210459	30.7187372285	31.3445966854	10.976
2822	0	4	1	740	46	23.834237887	29.5912128164	30.3475120159	6.158
2822	0	4	2	2079	129	23.834237887	26.922361954	27.6786611534	12.252
2823	0	4	1	544	34	19.1493097736	30.0281377076	30.6357765052	5.008
2823	0	4	2	1891	118	19.1493097736	28.0142513396	28.6218901373	5.04
2825	0	4	1	550	34	27.5562874689	35.1549066873	36.0293125841	11.244
2825	0	4	2	1898	118	27.5562874689	30.1480717861	31.0224776828	9.559
2826	0	4	1	809	50	27.1448065164	32.3413824417	33.2027313775	10.803
2826	0	4	2	2151	134	27.1448065164	30.0837964306	30.9451453663	8.567
2827	0	4	1	489	30	23.4230275898	28.2394719209	28.9827227477	16.095
2827	0	4	2	1834	114	23.4230275898	31.3960234094	32.1392742362	9.386
2828	0	4	1	1255	78	23.3845435145	30.5773214831	31.3193511475	10.126
2828	0	4	2	2603	162	23.3845435145	30.4228885317	31.1649181961	16.504
2829	0	4	1	1253	78	14.2096916137	29.7602771046	30.2111737703	4.693
2829	0	4	2	2601	162	14.2096916137	30.338595085	30.7894917507	24.456
2830	0	4	1	349	21	24.9634987252	29.6963967871	30.4885292728	4.221
2830	0	4	2	1694	105	24.9634987252	26.8665428944	27.6586753801	4.819
2831	0	4	1	541	33	22.0496245836	36.5497606386	37.2494311504	9.842
2831	0	4	2	1890	118	22.0496245836	31.6544713684	32.3541418802	14.378
2832	0	4	1	529	33	21.9652806503	29.3907338314	30.0877279728	13.496
2832	0	4	2	1879	117	21.9652806503	32.3843578353	33.0813519767	10.031
2833	0	4	1	1281	80	14.9231870022	11.9337616166	12.4072986534	11.149
2833	0	4	2	2627	164	14.9231870022	12.5541484065	13.0276854433	15.653
2834	0	4	1	1245	77	23.6161976061	27.8693247031	28.6187051292	4.252
2834	0	4	2	2594	162	23.6161976061	24.4828778147	25.2322582408	17.402
2835	0	4	1	438	27	23.7096421513	29.9630008293	30.7153464031	5.905
2835	0	4	2	1784	111	23.7096421513	30.6501607855	31.4025063593	6.992
2836	0	4	1	486	30	19.2288466098	31.8678975537	32.4780601847	7.968
2836	0	4	2	1831	114	19.2288466098	31.4823789332	32.0925415642	8.126
2837	0	4	1	820	51	24.6492518057	32.2010699239	32.9832308429	4
2837	0	4	2	2164	135	24.6492518057	35.4783949114	36.2605558303	6.74
2838	0	4	1	1223	76	23.8316713341	28.6867462405	29.4429639991	14.378
2838	0	4	2	2574	160	23.8316713341	30.9176963756	31.6739141341	6.992
2839	0	4	1	1287	80	19.6512033897	29.0481496452	29.6717143449	6.693
2839	0	4	2	2635	164	19.6512033897	32.9429647549	33.5665294547	12.441
2840	0	4	1	737	46	25.935117701	29.2491509452	30.072114484	10.158
2840	0	4	2	2077	129	25.935117701	27.621761808	28.4447253468	14.063
2841	0	4	1	935	58	26.2092576244	29.0285944706	29.8602569158	17.181
2841	0	4	2	2280	142	26.2092576244	30.185705025	31.0173674702	6.095
2842	0	4	1	1022	63	27.0111453578	28.286725857	29.1438335064	9.402
2842	0	4	2	2363	147	27.0111453578	29.0834725599	29.9405802093	9.559
2843	0	4	1	429	26	24.1387431772	29.5101418876	30.2761035361	12.961
2843	0	4	2	1764	110	24.1387431772	30.4161430902	31.1821047387	13.716
2844	0	4	1	78	4	25.2805826633	30.6809945285	31.4831886042	7.78
2844	0	4	2	1417	88	25.2805826633	28.6779806054	29.4801746811	5.843
2844	1	4	1	77	4	25.2805826633	32.3279376849	33.1301317606	9.134
2844	1	4	2	1416	88	25.2805826633	27.0486271175	27.8508211931	19.685
2845	0	4	1	737	46	25.7320742345	27.6199684894	28.4364891282	15.228
2845	0	4	2	2076	129	25.7320742345	29.2927434371	30.1092640759	5.528
2846	0	4	1	489	30	22.5723688143	30.3474826547	31.0637406926	6.693
2846	0	4	2	1833	114	22.5723688143	31.031020141	31.7472781789	7.149
2847	0	4	1	489	30	17.4774817199	28.8372319656	29.3918209353	18
2847	0	4	2	1834	114	17.4774817199	34.0413715575	34.5959605272	10.52
2848	0	4	1	932	58	29.1913522026	31.5758431072	32.5021322718	6.472
2848	0	4	2	2280	142	29.1913522026	31.5547242986	32.4810134632	5.149
2849	0	4	1	549	34	25.2177832553	30.7719741251	31.5721754732	6
2849	0	4	2	1897	118	25.2177832553	31.6632448701	32.4634462182	9.906
2850	0	4	1	1257	78	18.0599427867	28.2271161458	28.8001875541	5.212
2850	0	4	2	2609	163	18.0599427867	27.9712542875	28.5443256958	9.37
2851	0	4	1	346	21	24.5006547331	29.5806261696	30.3580718613	8.189
2851	0	4	2	1690	105	24.5006547331	33.1049268842	33.882372576	4.866
2852	0	4	1	1211	75	20.1721109196	28.6567388894	29.2968328337	8.63
2852	0	4	2	2561	160	20.1721109196	33.8716117391	34.5117056835	11.811
2853	0	4	1	305	19	28.2877670304	30.6397937521	31.5374106871	11.244
2853	0	4	2	1649	103	28.2877670304	32.2410173406	33.1386342756	7.496
2854	0	4	1	606	37	20.2271313277	33.9873498852	34.6291897168	5.59
2854	0	4	2	1955	122	20.2271313277	33.0254293458	33.6672691773	5.59
2855	0	4	1	600	37	21.2866909157	26.8728884982	27.5483498817	14
2855	0	4	2	1950	121	21.2866909157	27.6065771505	28.2820385341	5.465
2856	0	4	1	1095	68	24.0620771717	28.7063326198	29.469861531	4.599
2856	0	4	2	2441	152	24.0620771717	30.98665259	31.7501815012	7.134
2857	0	4	1	487	30	24.6464343491	31.229309224	32.0113807405	8.126
2857	0	4	2	1831	114	24.6464343491	30.5055979288	31.2876694452	10.331
2858	0	4	1	1248	78	22.3315833366	29.8013417626	30.5099592851	11.386
2858	0	4	2	2599	162	22.3315833366	30.4705750839	31.1791926063	18.425
2859	0	4	1	1081	67	22.1431193584	27.8312083014	28.5338455548	7.654
2859	0	4	2	2427	151	22.1431193584	26.7686036042	27.4712408575	5.433
2860	0	4	1	1283	80	18.194845817	34.2296940982	34.8070461994	8.661
2860	0	4	2	2632	164	18.194845817	32.3197062505	32.8970583517	11.433
2861	0	4	1	833	52	29.8826907993	26.687809621	27.6360360856	14.866
2861	0	4	2	2175	135	29.8826907993	29.8970499903	30.8452764549	12.788
2862	0	4	1	551	34	25.9639642833	29.3665969825	30.1904758703	10.189
2862	0	4	2	1899	118	25.9639642833	29.6346524565	30.4585313443	16.346
2863	0	4	1	879	54	27.208960492	29.5829607074	30.4463453533	5.685
2863	0	4	2	2222	138	27.208960492	27.811342728	28.6747273739	19.528
2865	0	4	1	1218	76	22.8215543837	30.0220097947	30.7461748967	9.355
2865	0	4	2	2566	160	22.8215543837	29.3538555415	30.0780206435	8.96
2867	0	4	1	993	62	23.5369044723	28.4199741372	29.166838463	4.409
2867	0	4	2	2337	146	23.5369044723	27.8463773626	28.5932416884	9.78
2867	1	4	1	994	62	23.5369044723	27.2444395091	27.9913038349	12.347
2867	1	4	2	2340	146	23.5369044723	29.3043945927	30.0512589185	11.339
2868	0	4	1	1063	66	28.072148684	31.9649210508	32.8556960644	9.292
2868	0	4	2	2411	150	28.072148684	28.3313342597	29.2221092733	13.118
2869	0	4	1	1004	62	21.75232867	30.353232077	31.0434689051	10.756
2869	0	4	2	2351	146	21.75232867	32.3247714059	33.015008234	9.528
2870	0	4	1	1236	77	21.2134102473	30.7956123185	31.468748387	9.213
2870	0	4	2	2587	161	21.2134102473	31.8494240838	32.5225601523	14.284
2871	0	4	1	820	51	25.2167561076	33.884405435	34.68457419	9.78
2871	0	4	2	2165	135	25.2167561076	34.3075310075	35.1076997625	15.244
2872	0	4	1	737	46	25.4013240647	28.6533172339	29.4593426309	18.409
2872	0	4	2	2077	129	25.4013240647	30.9429138521	31.7489392491	12.126
2873	0	4	1	1229	76	21.3042884987	27.888538568	28.5645583515	7.748
2873	0	4	2	2580	161	21.3042884987	28.4550778929	29.1310976764	20.772
2874	0	4	1	520	32	20.0693932256	30.7070213129	31.3438558575	6.598
2874	0	4	2	1867	116	20.0693932256	29.1431838867	29.7800184313	10.709
2875	0	4	1	929	58	28.1824966891	30.421369516	31.3156460515	15.244
2875	0	4	2	2273	142	28.1824966891	30.390040509	31.2843170445	5.811
2876	0	4	1	262	16	20.7199959366	26.673194186	27.3306734145	15.37
2876	0	4	2	1602	100	20.7199959366	27.1676738096	27.8251530382	7.685
2877	0	4	1	1055	65	27.8972279198	28.2741746105	29.1593991032	8.929
2877	0	4	2	2391	149	27.8972279198	29.3062749039	30.1914993966	9.181
2878	0	4	1	773	48	28.3304796677	31.0172551617	31.9162274382	19.213
2878	0	4	2	2114	132	28.3304796677	29.6787356333	30.5777079099	22.472
2879	0	4	1	330	20	20.5272406976	30.8446974312	31.4960602221	10.788
2879	0	4	2	1674	104	20.5272406976	30.3331452666	30.9845080574	10.756
2880	0	4	1	487	30	22.1532121241	29.8822708524	30.5852283656	11.905
2880	0	4	2	1832	114	22.1532121241	31.1466057264	31.8495632396	10.898
2881	0	4	1	433	27	18.1976492466	32.4412920171	33.0187330757	7.355
2881	0	4	2	1781	111	18.1976492466	30.3112059862	30.8886470448	8.032
2882	0	4	1	1060	66	28.1922381846	29.6455720736	30.5401577227	10.787
2882	0	4	2	2406	150	28.1922381846	29.8886347406	30.7832203897	20.063
2883	0	4	1	333	20	23.9287487082	27.5305209228	28.2898191046	6.598
2883	0	4	2	1678	104	23.9287487082	27.5910483472	28.350346529	6.945
2884	0	4	1	282	17	25.6361910814	29.2629718456	30.0764499557	6.567
2884	0	4	2	1626	101	25.6361910814	29.5328356686	30.3463137787	9.575
2885	0	4	1	538	33	23.0089627023	25.7068618287	26.436973702	17.37
2885	0	4	2	1889	118	23.0089627023	27.4763332547	28.206445128	15.716
2886	0	4	1	1079	67	26.050032364	29.5931441977	30.4197541659	6.882
2886	0	4	2	2425	151	26.050032364	30.5852951869	31.4119051552	13.433
2887	0	4	1	895	55	23.36859467	31.6545856083	32.3961091899	10.803
2887	0	4	2	2247	140	23.36859467	29.429680336	30.1712039175	10
2888	0	4	1	101	6	23.0085355421	12.3336865057	13.0637848245	10.787
2888	0	4	2	1445	90	23.0085355421	27.0606564987	27.7907548175	6.283
2889	0	4	1	567	35	16.2744064212	36.4827459512	36.9991593816	8.945
2889	0	4	2	1917	119	16.2744064212	37.3698037128	37.8862171432	7.04
2890	0	4	1	71	4	22.4544543428	29.584040754	30.2965571736	10.252
2890	0	4	2	1412	88	22.4544543428	31.1134206556	31.8259370753	13.244
2891	0	4	1	902	56	27.6792489956	31.7681039589	32.6464116252	9.874
2891	0	4	2	2244	140	27.6792489956	30.9383665307	31.816674197	8.567
2892	0	4	1	778	48	26.0679898105	32.8254347879	33.6526145752	4.882
2892	0	4	2	2118	132	26.0679898105	34.7026057024	35.5297854897	10.504
2893	0	4	1	983	61	19.9341216636	26.9642434689	27.5967856264	14.126
2893	0	4	2	2328	145	19.9341216636	30.9448868188	31.5774289764	12.457
2894	0	4	1	1234	77	20.9096124308	31.6447158084	32.3082118773	5.874
2894	0	4	2	2585	161	20.9096124308	30.6084230826	31.2719191515	9.134
2895	0	4	1	557	34	27.6544557474	29.2053184226	30.0828393587	9.008
2895	0	4	2	1907	119	27.6544557474	28.2283843177	29.1059052538	10.787
2896	0	4	1	525	32	23.2485170421	30.1929213757	30.9306346985	4.661
2896	0	4	2	1874	117	23.2485170421	30.4857101214	31.2234234442	4.189
2897	0	4	1	521	32	18.3318396031	27.9716815698	28.553380707	8.315
2897	0	4	2	1869	116	18.3318396031	29.7492751238	30.3309742611	16.897
2898	0	4	1	1213	75	16.650327765	30.139958593	30.6683006201	8.866
2898	0	4	2	2562	160	16.650327765	30.8666238296	31.3949658567	15.402
2899	0	4	1	1081	67	18.4715455609	29.1710148828	29.7571471177	9.654
2899	0	4	2	2427	151	18.4715455609	28.2958035585	28.8819357934	13.213
2900	0	4	1	597	37	19.6318408348	26.4511666203	27.0741169147	13.134
2900	0	4	2	1947	121	19.6318408348	25.8341845877	26.457134882	13.244
2902	0	4	1	269	16	22.905361591	29.1622845306	29.8891089719	14.96
2902	0	4	2	1614	100	22.905361591	30.2203317761	30.9471562173	7.401
2903	0	4	1	1258	78	17.9087273655	29.7056380024	30.2739110991	4.236
2903	0	4	2	2609	163	17.9087273655	28.832082127	29.4003552237	18.284
2904	0	4	1	1218	76	23.0983419844	25.6964257181	26.4293737416	5.496
2904	0	4	2	2568	160	23.0983419844	31.9997204824	32.7326685059	7.401
2905	0	4	1	170	10	22.5558905105	30.2123542098	30.9280893643	11.937
2905	0	4	2	1511	94	22.5558905105	30.9852775244	31.7010126789	7.465
2906	0	4	1	1079	67	24.0141437825	24.2590104934	25.0210184	8.536
2906	0	4	2	2426	151	24.0141437825	27.9727402442	28.7347481509	10.33
2907	0	4	1	340	21	24.1922793203	30.7874092737	31.5550697112	5.401
2907	0	4	2	1684	105	24.1922793203	29.1556751197	29.9233355572	16.095
2908	0	4	1	211	13	24.3440690981	25.1938617094	25.9663386838	10.032
2908	0	4	2	1555	97	24.3440690981	28.215985223	28.9884621974	9.433
2909	0	4	1	263	16	21.7298156664	27.7701741252	28.459696579	17.654
2909	0	4	2	1607	100	21.7298156664	29.8783727083	30.5678951622	13.055
2910	0	4	1	333	20	20.6000633355	29.2685151022	29.922188674	4.063
2910	0	4	2	1678	104	20.6000633355	28.9460652211	29.5997387929	15.402
2911	0	4	1	1062	66	28.1893962279	33.4987637286	34.3932591978	6.945
2911	0	4	2	2410	150	28.1893962279	31.7022494212	32.5967448904	12.126
2912	0	4	1	487	30	21.4717845122	29.7559343015	30.4372690065	5.874
2912	0	4	2	1832	114	21.4717845122	29.7141467768	30.3954814817	8.504
2913	0	4	1	795	49	22.6260738586	28.0346463311	28.7526085176	5.464
2913	0	4	2	2135	133	22.6260738586	28.6836157958	29.4015779823	11.78
2914	0	4	1	737	46	28.1685891472	28.073114381	28.9669496076	6.315
2914	0	4	2	2077	129	28.1685891472	25.6772655038	26.5711007304	8.157
2915	0	4	1	1234	77	19.7046662933	29.2275734123	29.8528345771	6.788
2915	0	4	2	2584	161	19.7046662933	29.4240035129	30.0492646777	9.213
2916	0	4	1	1069	66	19.7713502457	30.3546595481	30.9820367034	4.315
2916	0	4	2	2415	150	19.7713502457	31.3134422706	31.9408194258	9.685
2917	0	4	1	1255	78	24.746716827	31.4677717985	32.2530254413	5.811
2917	0	4	2	2601	162	24.746716827	31.6253926581	32.4106463009	12.914
2918	0	4	1	250	15	27.7205688151	32.5911322025	33.470751014	8.409
2918	0	4	2	1587	99	27.7205688151	31.736466748	32.6160855595	9.622
2919	0	4	1	288	18	24.9176670055	30.033029972	30.8237081426	9.874
2919	0	4	2	1631	101	24.9176670055	28.8632394319	29.6539176024	12.252
2920	0	4	1	997	62	26.3513350095	24.2056526389	25.041823431	17.811
2920	0	4	2	2342	146	26.3513350095	26.8660485799	27.7022193719	12.347
2921	0	4	1	214	13	25.6694342061	29.3695616003	30.184094569	10.819
2921	0	4	2	1556	97	25.6694342061	26.2053928309	27.0199257995	4.897
2922	0	4	1	1061	66	23.9585241588	37.043903773	37.8041467784	4.032
2922	0	4	2	2408	150	23.9585241588	34.3823035964	35.1425466018	14.095
2923	0	4	1	903	56	27.6043560316	29.4339901929	30.3099213835	14.724
2923	0	4	2	2247	140	27.6043560316	29.2035747125	30.0795059031	5.653
2924	0	4	1	569	35	18.8095938512	28.8234859932	29.4203450512	18.126
2924	0	4	2	1914	119	18.8095938512	34.1800172062	34.7768762642	11.008
2925	0	4	1	431	26	19.9317974156	25.882708929	26.5151773343	8.708
2925	0	4	2	1777	111	19.9317974156	28.8512647388	29.4837331441	5.78
2926	0	4	1	933	58	26.1848490438	26.6180039415	27.4488918627	10.284
2926	0	4	2	2276	142	26.1848490438	29.6749183163	30.5058062375	9.307
2927	0	4	1	1095	68	22.025809559	7.19245829697	7.89137311926	12.221
2927	0	4	2	2447	152	22.025809559	11.3271146891	12.0260295114	10.347
2928	0	4	1	809	50	25.5293834371	27.8973918776	28.7074808071	4.992
2928	0	4	2	2149	134	25.5293834371	26.834745675	27.6448346045	12.788
2929	0	4	1	737	46	29.031006231	31.6913888723	32.612589998	13.212
2929	0	4	2	2076	129	29.031006231	35.9487052562	36.8699063819	6.378
2930	0	4	1	569	35	17.6926696431	24.6297899447	25.1912071778	17.654
2930	0	4	2	1918	119	17.6926696431	24.3627796726	24.9241969057	14.787
2931	0	4	1	597	37	21.9517144374	26.1186906268	26.8152542902	14.803
2931	0	4	2	1946	121	21.9517144374	27.4939211004	28.1904847637	12.252
2932	0	4	1	1071	66	26.6677786782	32.6253301243	33.4715421895	8.346
2932	0	4	2	2419	151	26.6677786782	31.3995252644	32.2457373296	9.59
2933	0	4	1	333	20	26.4648996516	31.3970140656	32.2367884488	11.874
2933	0	4	2	1678	104	26.4648996516	33.2607836563	34.1005580395	6.347
2934	0	4	1	258	16	22.9546138788	26.8934061884	27.621793485	4.063
2934	0	4	2	1602	100	22.9546138788	28.7404316904	29.468818987	4.63
2935	0	4	1	211	13	27.7975909768	26.6163091862	27.4983720364	6.535
2935	0	4	2	1554	97	27.7975909768	27.6144987039	28.4965615541	12.221
2936	0	4	1	429	26	21.1157856537	26.844407493	27.5144457741	5.449
2936	0	4	2	1763	110	21.1157856537	21.865619344	22.5356576252	7.779
2937	0	4	1	895	55	25.9313609163	29.8903278858	30.7131722156	18.157
2937	0	4	2	2238	139	25.9313609163	29.2195601522	30.0424044821	7.527
2938	0	4	1	1255	78	21.4842790947	31.917314798	32.5990459763	9.937
2938	0	4	2	2603	162	21.4842790947	32.7134830854	33.3952142638	10.315
2939	0	4	1	234	14	24.1613875602	31.2913153945	32.0579955861	5.937
2939	0	4	2	1577	98	24.1613875602	32.4142454187	33.1809256103	9.165
2940	0	4	1	1041	65	24.5000694401	30.6041509122	31.3815780316	8.63
2940	0	4	2	2394	149	24.5000694401	31.1416384674	31.9190655868	7.779
2941	0	4	1	997	62	26.7669893409	26.5575091679	27.4068693491	6.063
2941	0	4	2	2342	146	26.7669893409	29.8003206212	30.6496808024	8.409
2942	0	4	1	897	56	29.2936204491	19.0906719976	20.0202063004	6.031
2942	0	4	2	2234	139	29.2936204491	16.101866365	17.0314006677	6.567
2943	0	4	1	901	56	27.5046829789	30.6725874945	31.5453558967	11.874
2943	0	4	2	2244	140	27.5046829789	30.5126158775	31.3853842797	10.63
2944	0	4	1	1272	79	21.61397892	31.1705925577	31.8564393229	6.945
2944	0	4	2	2622	163	21.61397892	34.1532484107	34.8390951758	8.252
2945	0	4	1	295	18	22.0702131048	31.6330972883	32.3334211075	12.063
2945	0	4	2	1638	102	22.0702131048	32.0280783578	32.7284021769	7.071
2946	0	4	1	898	56	31.0616637596	33.2815737552	34.2672109527	7.023
2946	0	4	2	2241	140	31.0616637596	32.1817668168	33.1674040143	5.559
2947	0	4	1	1234	77	21.7058519275	30.6057694646	31.29453151	6.315
2947	0	4	2	2582	161	21.7058519275	32.5187707083	33.2075327537	11.15
2948	0	4	1	528	33	20.4448721961	30.2005103595	30.8492594635	14.41
2948	0	4	2	1876	117	20.4448721961	29.8072128417	30.4559619458	8.063
2949	0	4	1	253	15	24.8001470691	28.4113666724	29.1983157439	10.599
2949	0	4	2	1595	99	24.8001470691	30.8715373866	31.6584864581	8.472
2950	0	4	1	983	61	21.318054408	30.8640173764	31.5404739746	5.811
2950	0	4	2	2329	145	21.318054408	31.262584608	31.9390412062	9.496
2951	0	4	1	809	50	22.5361032405	29.3432179118	30.058325184	14.567
2951	0	4	2	2150	134	22.5361032405	32.2719487073	32.9870559795	8.725
2952	0	4	1	1246	77	21.446892817	27.9982570535	28.6788019044	5.78
2952	0	4	2	2597	162	21.446892817	28.4452973605	29.1258422114	10.756
2953	0	4	1	490	30	25.7813626422	30.8784901691	31.6965748093	10.598
2953	0	4	2	1837	114	25.7813626422	32.9284103847	33.746495025	8.914
2954	0	4	1	933	58	26.133890522	31.9157799914	32.7450509157	8.095
2954	0	4	2	2276	142	26.133890522	31.7943632557	32.62363418	7.433
2955	0	4	1	1245	77	19.699018977	29.9305128642	30.5555948304	8.189
2955	0	4	2	2597	162	19.699018977	28.3855564632	29.0106384294	21.103
2956	0	4	1	795	49	21.2590736859	29.9600279014	30.6346129453	15.307
2956	0	4	2	2135	133	21.2590736859	30.1393449745	30.8139300184	13.008
2957	0	4	1	1056	66	26.7695716293	30.1818052953	31.0312474167	12.252
2957	0	4	2	2403	150	26.7695716293	28.9122868249	29.7617289463	18.032
2958	0	4	1	489	30	22.1149499319	29.8231580126	30.5249014041	10.126
2958	0	4	2	1833	114	22.1149499319	29.1684193633	29.8701627548	8.126
2959	0	4	1	1021	63	23.6183307428	23.9249853161	24.6744334301	12.158
2959	0	4	2	2365	147	23.6183307428	31.4450145627	32.1944626767	6.992
2960	0	4	1	1229	76	23.0324675809	31.9894855312	32.7203432526	4.961
2960	0	4	2	2580	161	23.0324675809	30.9982933729	31.7291510943	15.622
2961	0	4	1	249	15	22.4366313327	26.4746759388	27.1866268053	5.78
2961	0	4	2	1591	99	22.4366313327	26.5655905668	27.2775414333	4.536
2962	0	4	1	1241	77	19.2215064219	29.4085030462	30.0184327611	13.212
2962	0	4	2	2590	161	19.2215064219	29.6199291385	30.2298588534	11.748
2963	0	4	1	895	55	25.8125783302	31.2364179909	32.0554931558	12.819
2963	0	4	2	2238	139	25.8125783302	31.8863639695	32.7054391344	7.102
2963	1	4	1	894	55	25.8125783302	29.5991304248	30.4182055897	11.276
2963	1	4	2	2237	139	25.8125783302	30.4921988123	31.3112739772	16.535
2965	0	4	1	929	58	28.7472698323	28.0685759803	28.9807736878	19.559
2965	0	4	2	2273	142	28.7472698323	27.0619709864	27.974168694	4.724
2967	0	4	1	901	56	29.8107279494	28.4385836009	29.3845265671	11.071
2967	0	4	2	2242	140	29.8107279494	31.14891305	32.0948560162	4.456
2968	0	4	1	1040	65	26.7447887484	28.64470772	29.4933634403	7.181
2968	0	4	2	2368	148	26.7447887484	35.1777009417	36.0263566619	14.456
2969	0	4	1	917	57	19.2924499422	27.0553762043	27.6675570727	16.158
2969	0	4	2	2260	141	19.2924499422	28.4530328793	29.0652137477	8.315
2970	0	4	1	154	9	22.5166992812	29.532437161	30.246928714	11.748
2970	0	4	2	1495	93	22.5166992812	30.8281188524	31.5426104054	17.244
2971	0	4	1	741	46	27.8441387357	30.6838251341	31.5673650205	17.086
2971	0	4	2	2079	129	27.8441387357	35.5518498372	36.4353897236	11.008
2972	0	4	1	1056	66	24.6059114066	28.3395568334	29.1203424908	5.055
2972	0	4	2	2402	150	24.6059114066	32.8440615213	33.6248471788	12.646
2973	0	4	1	1239	77	21.4160880372	35.4032966775	36.0828640426	6.441
2973	0	4	2	2589	161	21.4160880372	29.9702298921	30.6497972571	13.685
2974	0	4	1	920	57	24.5211335841	32.5715861872	33.3496817063	13.559
2974	0	4	2	2263	141	24.5211335841	31.7981360878	32.5762316068	6.221
2975	0	4	1	1230	76	23.605326135	28.5685177225	29.3175531791	14.913
2975	0	4	2	2580	161	23.605326135	31.0057475341	31.7547829908	7.039
2976	0	4	1	1217	76	20.4669934149	30.5108616914	31.1603127378	6.788
2976	0	4	2	2567	160	20.4669934149	29.6243713084	30.2738223547	6.536
2978	0	4	1	298	18	25.2320040931	27.5804805376	28.381133136	9.559
2978	0	4	2	1641	102	25.2320040931	26.9978345712	27.7984871696	4.252
2979	0	4	1	1095	68	21.9383848405	33.5189284759	34.2150691694	5.496
2979	0	4	2	2442	152	21.9383848405	32.1620733816	32.8582140751	5.937
2980	0	4	1	550	34	22.1841312848	29.2105408927	29.9144795213	15.212
2980	0	4	2	1898	118	22.1841312848	30.3166094865	31.020548115	10.882
2982	0	4	1	443	27	22.3346658154	35.5748822645	36.283597599	8.771
2982	0	4	2	1790	111	22.3346658154	29.3255224724	30.0342378069	4.378
2983	0	4	1	457	28	23.1675781933	27.783023794	28.5181687952	5.654
2983	0	4	2	1802	112	23.1675781933	28.9792459208	29.714390922	10.362
2984	0	4	1	529	33	18.4269079667	29.8656224175	30.4503382289	9.874
2984	0	4	2	1878	117	18.4269079667	31.029643809	31.6143596204	7.181
2985	0	4	1	951	59	21.4719470659	35.5971891867	36.2785290497	6.157
2985	0	4	2	2293	143	21.4719470659	31.3552103851	32.0365502482	6.473
2986	0	4	1	547	34	17.1139261905	28.4074165987	28.9504693591	14.662
2986	0	4	2	1893	118	17.1139261905	34.3645656587	34.9076184191	12
2987	0	4	1	1248	78	23.3101146121	28.0733909828	28.8130588968	6
2987	0	4	2	2599	162	23.3101146121	29.8120697967	30.5517377108	19.496
2988	0	4	1	881	55	28.3842381143	29.4166255156	30.3173036352	11.465
2988	0	4	2	2224	139	28.3842381143	29.0944208159	29.9950989356	8.031
2989	0	4	1	1223	76	19.1817255393	28.1032109664	28.7118783691	7.874
2989	0	4	2	2574	160	19.1817255393	31.8611324614	32.469799864	9.433
2990	0	4	1	561	35	27.5502795591	30.5555194194	31.4297346754	6.882
2990	0	4	2	1910	119	27.5502795591	30.5181407582	31.3923560142	7.937
2991	0	4	1	529	33	20.2475336752	30.8429279752	31.4854152065	8.599
2991	0	4	2	1878	117	20.2475336752	32.4369662889	33.0794535202	6.504
2992	0	4	1	583	36	20.8640142727	31.0296044563	31.6916536213	8.914
2992	0	4	2	1931	120	20.8640142727	32.7715338053	33.4335829703	12.41
2993	0	4	1	1218	76	19.7051064667	28.2635549073	28.8888300396	9.685
2993	0	4	2	2567	160	19.7051064667	28.7674496811	29.3927248133	5.291
2994	0	4	1	1238	77	24.2205650892	31.7032708134	32.4718288045	7.716
2994	0	4	2	2587	161	24.2205650892	30.4008971225	31.1694551135	9.717
2995	0	4	1	1026	64	24.5103328807	28.8541037102	29.6318565053	9.213
2995	0	4	2	2372	148	24.5103328807	25.6452874465	26.4230402417	7.685
2996	0	4	1	154	9	25.4029376997	32.3007536556	33.1068302559	10.221
2996	0	4	2	1495	93	25.4029376997	32.6202346305	33.4263112308	14.851
2997	0	4	1	1057	66	27.5714442725	30.3506073601	31.2254942069	7.465
2997	0	4	2	2402	150	27.5714442725	32.808381047	33.6832678938	8.41
2998	0	4	1	492	30	19.478922034	31.8442851337	32.4623830654	14.189
2998	0	4	2	1838	114	19.478922034	32.2069861086	32.8250840403	11.591
2999	0	4	1	901	56	21.8982046919	29.6233497487	30.3182154606	7.811
2999	0	4	2	2242	140	21.8982046919	28.1115312164	28.8063969283	4.945
3000	0	4	1	810	50	23.5380687925	32.820114506	33.5670157776	13.969
3000	0	4	2	2152	134	23.5380687925	31.6873398773	32.4342411489	16.819
3000	1	4	1	811	50	23.5380687925	32.9242203467	33.6711216182	9.086
3000	1	4	2	2150	134	23.5380687925	32.8518498231	33.5987510947	4
3002	0	4	1	737	46	28.182576754	34.3983523913	35.2926314674	9.842
3002	0	4	2	2077	129	28.182576754	35.4411883559	36.3354674321	6.63
3003	0	4	1	1236	77	26.6438594138	31.9201881938	32.7656412618	10.756
3003	0	4	2	2586	161	26.6438594138	32.552948284	33.398401352	7.386
3004	0	4	1	807	50	28.9996693415	31.852368959	32.7725757142	11.528
3004	0	4	2	2155	134	28.9996693415	31.4842752264	32.4044819816	10.189
3005	0	4	1	547	34	21.4511034302	30.7988829878	31.4795614483	13.04
3005	0	4	2	1895	118	21.4511034302	30.3345084876	31.0151869481	11.496
3006	0	4	1	159	9	25.1254433372	30.2227505202	31.0200217723	8.693
3006	0	4	2	1499	93	25.1254433372	27.7523914722	28.5496627243	18.787
3007	0	4	1	125	7	23.559313762	30.223102038	30.9706774471	10.961
3007	0	4	2	1466	91	23.559313762	31.6511642046	32.3987396136	12.378
3008	0	4	1	973	60	25.313574638	31.7656984678	32.5689394326	6.221
3008	0	4	2	2317	144	25.313574638	29.2378764099	30.0411173747	4.535
3009	0	4	1	935	58	24.423109502	32.7397112434	33.5146962986	19.811
3009	0	4	2	2277	142	24.423109502	35.3025714116	36.0775564668	4.347
3010	0	4	1	1062	66	14.0829537677	25.4596124629	25.9064875303	7.937
3010	0	4	2	2411	150	14.0829537677	24.9333981716	25.3802732389	12.346
3011	0	4	1	1268	79	18.9839469433	30.4864641184	31.088855684	9.78
3011	0	4	2	2617	163	18.9839469433	29.7894077296	30.3917992952	12.567
3012	0	4	1	1062	66	23.7365562096	29.8302779843	30.583477585	7.654
3012	0	4	2	2408	150	23.7365562096	28.481741017	29.2349406177	18.032
3013	0	4	1	936	58	26.5985371701	32.0888315524	32.9328464718	11.118
3013	0	4	2	2278	142	26.5985371701	32.7329686467	33.5769835661	6.725
3014	0	4	1	273	17	23.8965434275	28.6765304066	29.4348066624	10.315
3014	0	4	2	1624	101	23.8965434275	29.4355522716	30.1938285274	6.85
3015	0	4	1	1236	77	28.5540145596	26.3199815389	27.2260469418	8.094
3015	0	4	2	2585	161	28.5540145596	27.1240707528	28.0301361557	9.653
3016	0	4	1	237	14	27.5413606988	32.7009110611	33.5748433071	12.347
3016	0	4	2	1579	98	27.5413606988	34.1717682716	35.0457005176	12.063
3017	0	4	1	162	10	21.2699533215	31.1961284995	31.8710587719	8.157
3017	0	4	2	1504	94	21.2699533215	31.2860554098	31.9609856822	14.677
3018	0	4	1	760	47	21.0516811258	32.6664170948	33.3344212348	19.653
3018	0	4	2	2100	131	21.0516811258	32.205280458	32.873284598	8.598
3019	0	4	1	488	30	23.4021117105	32.658493241	33.4010803728	13.166
3019	0	4	2	1834	114	23.4021117105	32.0128455399	32.7554326718	8.536
3020	0	4	1	489	30	20.8266709609	28.9894394157	29.6503036166	18.173
3020	0	4	2	1834	114	20.8266709609	29.5847164428	30.2455806437	10.677
3022	0	4	1	583	36	27.6049968826	24.6343702879	25.5103218137	12.441
3022	0	4	2	1931	120	27.6049968826	22.5395282769	23.4154798027	9.307
3023	0	4	1	1256	78	19.9372498084	29.2200702479	29.8527116665	7.937
3023	0	4	2	2604	162	19.9372498084	29.8554071542	30.4880485728	12.646
3024	0	4	1	1019	63	31.2166021561	31.6328984344	32.6234520797	8.378
3024	0	4	2	2364	147	31.2166021561	27.5440056818	28.534559327	19.559
3025	0	4	1	840	52	24.9680982445	30.2309054039	31.0231838398	15.354
3025	0	4	2	2183	136	24.9680982445	23.8617930776	24.6540715136	10.819
3026	0	4	1	1218	76	20.6256737023	27.5006196679	28.1551058984	5.906
3026	0	4	2	2568	160	20.6256737023	28.2486021812	28.9030884116	7.716
3027	0	4	1	521	32	18.0690814796	31.6079502672	32.1813116611	9.149
3027	0	4	2	1867	116	18.0690814796	32.9832475314	33.5566089254	15.055
3028	0	4	1	342	21	20.0227568793	30.6791013592	31.3144560565	4.945
3028	0	4	2	1687	105	20.0227568793	30.2269128606	30.8622675579	11.165
3029	0	4	1	530	33	21.5990341544	31.6504849714	32.3358575148	11.811
3029	0	4	2	1879	117	21.5990341544	29.1948464064	29.8802189498	10.536
3030	0	4	1	997	62	22.4665247575	26.9426382957	27.6555377292	15.37
3030	0	4	2	2343	146	22.4665247575	29.4767992803	30.1896987139	9.433
3031	0	4	1	1033	64	29.8877261875	30.7063842443	31.6547704901	11.622
3031	0	4	2	2377	148	29.8877261875	19.6132139542	20.5616001999	4.189
3032	0	4	1	1248	78	20.7064215622	28.9004950101	29.5575435017	4.693
3032	0	4	2	2594	162	20.7064215622	30.8373582685	31.49440676	4.346
3033	0	4	1	170	10	23.6908107061	30.2239142171	30.9756622385	11.496
3033	0	4	2	1512	94	23.6908107061	29.8052169457	30.556964967	11.874
3034	0	4	1	833	52	27.0531790763	31.2743582647	32.1327997125	10.158
3034	0	4	2	2175	135	27.0531790763	30.150955325	31.0093967727	10.535
3035	0	4	1	1100	68	24.7328145204	28.5009749335	29.2857874335	15.512
3035	0	4	2	2447	152	24.7328145204	29.3741010993	30.1589135994	14.488
3036	0	4	1	259	16	22.3116336081	29.1661428814	29.8741273664	14.567
3036	0	4	2	1601	100	22.3116336081	31.0964800224	31.8044645075	12.977
3037	0	4	1	310	19	26.1664594364	29.3477770911	30.1780814801	10.252
3037	0	4	2	1655	103	26.1664594364	28.0613063816	28.8916107705	9.527
3038	0	4	1	767	47	27.9387746632	34.0178915341	34.9044343727	9.968
3038	0	4	2	2107	131	27.9387746632	31.5426519516	32.4291947902	12
3039	0	4	1	1229	76	21.5164827839	32.0259928974	32.7087459513	7.181
3039	0	4	2	2575	160	21.5164827839	31.0509610851	31.733714139	12.693
3040	0	4	1	1032	64	28.6238157693	28.9929504572	29.9012307662	6.283
3040	0	4	2	2376	148	28.6238157693	31.0037137644	31.9119940734	10.535
3041	0	4	1	1057	66	24.9388433535	29.5147722324	30.306122363	5.622
3041	0	4	2	2407	150	24.9388433535	31.8695476992	32.6608978298	14.677
3042	0	4	1	490	30	25.4049545521	29.9658466743	30.7719872726	15.842
3042	0	4	2	1835	114	25.4049545521	30.9560702046	31.7622108029	6.378
3043	0	4	1	110	6	24.7635994517	31.017006184	31.8027955401	7.339
3043	0	4	2	1451	90	24.7635994517	27.4348170418	28.2206063978	12.599
3044	0	4	1	478	29	22.9645751558	30.0226525332	30.7513559174	14.535
3044	0	4	2	1826	114	22.9645751558	27.6050839252	28.3337873094	6.709
3045	0	4	1	1061	66	27.1617633579	35.2715328647	36.1334198687	7.748
3045	0	4	2	2410	150	27.1617633579	32.7856296151	33.6475166191	4
3046	0	4	1	492	30	22.5777836295	24.9083217621	25.6247516209	9.591
3046	0	4	2	1837	114	22.5777836295	23.8989136977	24.6153435565	13.496
3048	0	4	1	983	61	24.1801991371	28.2385140198	29.0057911334	13.591
3048	0	4	2	2329	145	24.1801991371	30.7330237027	31.5003008163	8.866
3049	0	4	1	571	35	22.4035927151	30.1455881609	30.8564906582	8.063
3049	0	4	2	1921	120	22.4035927151	34.0645023819	34.7754048792	8.551
3050	0	4	1	1224	76	21.7087434095	28.4896557557	29.1785095525	10.126
3050	0	4	2	2574	160	21.7087434095	31.5633326641	32.2521864609	7.134
3051	0	4	1	545	34	25.1405557671	32.4374936641	33.2352444582	5.59
3051	0	4	2	1894	118	25.1405557671	32.1366026217	32.9343534158	10.189
3052	0	4	1	528	33	20.7814720372	31.450278306	32.1097082714	14.74
3052	0	4	2	1876	117	20.7814720372	31.9930838113	32.6525137767	5.78
3053	0	4	1	1244	77	21.8226602549	31.540987684	32.2334562479	8.157
3053	0	4	2	2594	162	21.8226602549	27.9108439942	28.6033125581	21.559
3054	0	4	1	478	29	24.5048899445	33.0260731058	33.8036531877	6.441
3054	0	4	2	1826	114	24.5048899445	31.097444762	31.8750248439	7.543
3055	0	4	1	805	50	26.2409984599	30.9462891653	31.7789587989	8.992
3055	0	4	2	2148	134	26.2409984599	26.1246627792	26.9573324128	6.756
3056	0	4	1	1056	66	19.9170987117	34.0444469453	34.6764489368	5.055
3056	0	4	2	2402	150	19.9170987117	32.6949547834	33.326956775	8.41
3058	0	4	1	994	62	21.2435072577	26.1811322119	26.8552233076	5.37
3058	0	4	2	2335	145	21.2435072577	31.043826294	31.7179173897	9.874
3059	0	4	1	879	54	21.7441436568	42.6712539577	43.361231062	6.803
3059	0	4	2	2223	138	21.7441436568	29.571481023	30.2614581274	6.85
3060	0	4	1	487	30	19.4779597148	29.6236309098	30.2416983055	9.748
3060	0	4	2	1833	114	19.4779597148	27.9064503988	28.5245177945	8.929
3061	0	4	1	229	14	24.621558464	31.6059340655	32.3872162296	5.338
3061	0	4	2	1572	98	24.621558464	32.5635810575	33.3448632216	6.63
3062	0	4	1	491	30	20.7897498521	30.22691136	30.886603994	8.22
3062	0	4	2	1837	114	20.7897498521	29.5058113779	30.1655040119	5.166
3063	0	4	1	537	33	19.7748725566	32.9804270719	33.6079159958	11.969
3063	0	4	2	1888	118	19.7748725566	31.0186310836	31.6461200075	14.441
3064	0	4	1	518	32	20.2089648153	31.3813669915	32.02263037	10.771
3064	0	4	2	1865	116	20.2089648153	30.3445795405	30.9858429191	10.315
3065	0	4	1	457	28	24.1052108924	30.951389688	31.7162873024	6.819
3065	0	4	2	1802	112	24.1052108924	30.1321177613	30.8970153757	10.394
3066	0	4	1	490	30	25.7640342511	33.2877893024	34.1053240846	7.527
3066	0	4	2	1835	114	25.7640342511	29.1835775077	30.0011122898	4.567
3067	0	4	1	550	34	19.9505952601	29.310393147	29.9434580386	17.024
3067	0	4	2	1897	118	19.9505952601	27.66072413	28.2937890216	10.756
3068	0	4	1	811	50	22.7851833274	35.4112467616	36.1342577508	8.74
3068	0	4	2	2152	134	22.7851833274	33.9161144639	34.639125453	9.528
3069	0	4	1	999	62	21.2164457346	31.5477453847	32.2209777742	6.74
3069	0	4	2	2344	146	21.2164457346	31.1253187537	31.7985511432	4.756
3070	0	4	1	811	50	25.9369599383	28.50852536	29.3315473559	4.157
3070	0	4	2	2153	134	25.9369599383	29.6966747398	30.5196967358	16.582
3071	0	4	1	987	61	20.8646259113	26.5950669868	27.2571355601	8.095
3071	0	4	2	2330	145	20.8646259113	33.9518921926	34.613960766	8.315
3072	0	4	1	518	32	24.2987032304	29.4486028191	30.2196402606	7.291
3072	0	4	2	1865	116	24.2987032304	27.0110327089	27.7820701504	9.039
3073	0	4	1	737	46	27.4043819424	29.3810789148	30.2506646017	16.189
3073	0	4	2	2076	129	27.4043819424	29.9090793226	30.7786650095	12.032
3074	0	4	1	958	59	26.1844579812	29.7683151002	30.5991906123	18.031
3074	0	4	2	2301	143	26.1844579812	29.174000582	30.0048760941	6.535
3075	0	4	1	529	33	22.9102791394	29.9362474521	30.6632279352	11.717
3075	0	4	2	1876	117	22.9102791394	31.4861732917	32.2131537748	5.417
3076	0	4	1	414	25	19.6952739789	29.5077038546	30.132666986	7.023
3076	0	4	2	1760	110	19.6952739789	28.6344297367	29.2593928681	5.78
3077	0	4	1	1248	78	23.6205934258	29.4347360559	30.1842559685	9.37
3077	0	4	2	2600	162	23.6205934258	30.224202718	30.9737226307	15.717
3078	0	4	1	491	30	23.9742616138	29.9926120584	30.7533544388	11.166
3078	0	4	2	1838	114	23.9742616138	28.2817846726	29.042527053	14.378
3079	0	4	1	582	36	21.6851984533	29.6818011253	30.3699078023	8.032
3079	0	4	2	1931	120	21.6851984533	28.452486973	29.14059365	9.654
3080	0	4	1	309	19	21.1494677141	28.2095761699	28.8806832377	18.126
3080	0	4	2	1653	103	21.1494677141	28.695101959	29.3662090268	12.284
3081	0	4	1	538	33	24.5820294925	33.3349738715	34.115001717	6.598
3081	0	4	2	1888	118	24.5820294925	32.9959415281	33.7759693736	13.59
3082	0	4	1	1030	64	21.2690398421	35.059195965	35.7340972512	4.252
3082	0	4	2	2374	148	21.2690398421	38.6642925651	39.3391938513	9.339
3083	0	4	1	545	34	21.5949095771	34.5956103596	35.2808520234	9.78
3083	0	4	2	1892	118	21.5949095771	33.2367103282	33.921951992	11.874
3084	0	4	1	253	15	30.0911231884	30.7287888814	31.6836292454	7.402
3084	0	4	2	1596	99	30.0911231884	35.8822276023	36.8370679663	8.693
3085	0	4	1	1246	77	22.1190178236	29.8337088452	30.5355813176	6.772
3085	0	4	2	2597	162	22.1190178236	31.9256275516	32.627500024	12.284
3086	0	4	1	459	28	22.4377536898	28.9306156167	29.6426020974	15.433
3086	0	4	2	1803	112	22.4377536898	31.9806358364	32.6926223171	4.551
3087	0	4	1	587	36	19.6874150719	30.0076698991	30.6323836546	22.095
3087	0	4	2	1936	121	19.6874150719	29.804086123	30.4287998785	11.055
3087	1	4	1	586	36	19.6874150719	31.0767027042	31.7014164596	15.402
3087	1	4	2	1945	121	19.6874150719	28.6109525654	29.2356663209	7.811
3088	0	4	1	130	8	20.8008158959	34.3196811021	34.9797248797	7.874
3088	0	4	2	1470	91	20.8008158959	32.709226613	33.3692703905	12.283
3089	0	4	1	64	4	24.0021192179	12.5480119774	13.309638325	9.811
3089	0	4	2	1402	87	24.0021192179	19.0693776847	19.8310040323	6.252
3090	0	4	1	811	50	25.0551782886	31.8074915478	32.6025331754	13.528
3090	0	4	2	2153	134	25.0551782886	32.3695512005	33.1645928281	12.472
3091	0	4	1	920	57	21.6267808887	28.207378094	28.8936310865	14.378
3091	0	4	2	2264	141	21.6267808887	28.0013958752	28.6876488676	12.157
3092	0	4	1	520	32	19.2326880522	27.7957987447	28.406083271	6.378
3092	0	4	2	1869	116	19.2326880522	28.3486938852	28.9589784115	9.843
3094	0	4	1	1243	77	21.2052837497	30.6789621791	31.3518403806	15.181
3094	0	4	2	2593	162	21.2052837497	32.4544117064	33.1272899079	15.748
3095	0	4	1	545	34	18.5327595499	35.5986528155	36.18672747	11.59
3095	0	4	2	1893	118	18.5327595499	34.3585184825	34.9465931371	8.803
3096	0	4	1	1218	76	21.2464117855	29.0360395049	29.710222766	5.055
3096	0	4	2	2567	160	21.2464117855	28.728073712	29.4022569731	9.465
3097	0	4	1	918	57	21.795412207	27.6280179608	28.3196218997	16.346
3097	0	4	2	2261	141	21.795412207	26.4302273148	27.1218312538	10.347
3099	0	4	1	521	32	24.6765028577	27.850861305	28.6338869443	9.559
3099	0	4	2	1869	116	24.6765028577	27.1213063555	27.9043319947	6.693
3100	0	4	1	545	34	23.6572070446	31.3073765739	32.0580582963	14.693
3100	0	4	2	1893	118	23.6572070446	31.0349612257	31.7856429482	16.189
3101	0	4	1	490	30	19.4864196466	29.3783075488	29.9966433919	17.559
3101	0	4	2	1837	114	19.4864196466	30.6471961877	31.2655320309	5.874
3102	0	4	1	1234	77	24.613416422	27.78511767	28.5661414738	11.149
3102	0	4	2	2584	161	24.613416422	27.6011340193	28.3821578232	5.874
3103	0	4	1	477	29	16.9063873129	29.8946692158	30.4311364296	8.567
3103	0	4	2	1824	114	16.9063873129	29.9303335705	30.4668007843	5.905
3104	0	4	1	1009	63	29.0901505727	30.1500991891	31.0731770611	6.441
3104	0	4	2	2354	147	29.0901505727	29.0547253324	29.9778032045	15.023
3105	0	4	1	547	34	19.8405730016	29.7568324612	30.3864061673	10.063
3105	0	4	2	1894	118	19.8405730016	33.3419312646	33.9715049706	11.229
3107	0	4	1	1264	79	16.3110530852	31.6281745062	32.145750795	8.74
3107	0	4	2	2616	163	16.3110530852	31.7294625253	32.247038814	13.685
3108	0	4	1	488	30	23.7437215825	29.3769346011	30.1303615708	11.528
3108	0	4	2	1833	114	23.7437215825	26.7347352495	27.4881622192	13.654
3109	0	4	1	349	21	24.0484863139	31.7130864062	32.4761840573	11.118
3109	0	4	2	1694	105	24.0484863139	30.2305529513	30.9936506024	12.74
3110	0	4	1	810	50	25.6453641543	30.3760405509	31.1898097376	10.032
3110	0	4	2	2151	134	25.6453641543	30.2047598783	31.018529065	11.874
3111	0	4	1	328	20	21.3021058722	30.4340790672	31.1100295924	8.378
3111	0	4	2	1672	104	21.3021058722	28.539428544	29.2153790692	5.527
3112	0	4	1	1217	76	27.014885211	29.0681295204	29.9253558414	12.756
3112	0	4	2	2566	160	27.014885211	27.6520784778	28.5093047988	15.937
3113	0	4	1	297	18	23.6997553184	31.0378081693	31.7898400178	10.787
3113	0	4	2	1640	102	23.6997553184	30.3975404786	31.149572327	6.945
3114	0	4	1	1243	77	23.4454819317	30.2665792312	31.0105425708	9.197
3114	0	4	2	2593	162	23.4454819317	33.9378785473	34.681841887	16.189
3115	0	4	1	522	32	21.0875676915	28.6545716666	29.3237145459	8.126
3115	0	4	2	1875	117	21.0875676915	31.249213974	31.9183568532	9.086
3116	0	4	1	330	20	18.6402237577	23.6694528778	24.2609375467	11.307
3116	0	4	2	1674	104	18.6402237577	27.3303091278	27.9217937968	12.598
3117	0	4	1	167	10	21.5618406201	29.8168719565	30.5010642885	6.598
3117	0	4	2	1509	94	21.5618406201	30.4927540296	31.1769463615	6.992
3118	0	4	1	879	54	29.2901907933	31.1073702201	32.0367956942	9.275
3118	0	4	2	2222	138	29.2901907933	30.6882093582	31.6176348323	4.803
3119	0	4	1	478	29	25.8125600509	30.2941456873	31.1132202721	13.906
3119	0	4	2	1826	114	25.8125600509	26.6515037552	27.4705783401	5.748
3120	0	4	1	597	37	21.6188315563	25.7274546174	26.4134553646	8.221
3120	0	4	2	1946	121	21.6188315563	29.7059988307	30.3919995779	10.866
3121	0	4	1	430	26	25.2549646921	29.1906280141	29.9920091897	11.842
3121	0	4	2	1777	111	25.2549646921	32.7789088158	33.5802899915	5.15
3122	0	4	1	737	46	28.8013370005	29.3969125834	30.3108259303	12.535
3122	0	4	2	2077	129	28.8013370005	30.3127740337	31.2266873806	10.063
3123	0	4	1	833	52	26.1603757092	27.9946076218	28.8247189642	7.118
3123	0	4	2	2175	135	26.1603757092	26.6404643808	27.4705757231	10.756
3124	0	4	1	1218	76	23.6363358993	29.1138524277	29.8638718747	5.402
3124	0	4	2	2568	160	23.6363358993	28.1072508252	28.8572702722	13.401
3125	0	4	1	584	36	23.3918770916	29.2301876694	29.9724500401	11.622
3125	0	4	2	1933	120	23.3918770916	30.036670384	30.7789327548	14.393
3126	0	4	1	348	21	20.7812298916	31.0716477592	31.731070041	7.275
3126	0	4	2	1691	105	20.7812298916	30.3252786139	30.9847008956	10.126
3127	0	4	1	490	30	26.618215919	37.4514125701	38.2960519283	7.685
3127	0	4	2	1842	115	26.618215919	31.9566743503	32.8013137084	8.63
3128	0	4	1	1064	66	24.7080961711	30.5962992219	31.3803273685	6.362
3128	0	4	2	2413	150	24.7080961711	29.5436801734	30.32770832	9.654
3129	0	4	1	311	19	22.8577207073	34.9400227986	35.665335517	5.496
3129	0	4	2	1657	103	22.8577207073	29.3518405069	30.0771532253	8.677
3130	0	4	1	430	26	25.7346966557	28.0230717144	28.8396755669	5.654
3130	0	4	2	1776	111	25.7346966557	30.2230155765	31.039619429	9.653
3131	0	4	1	340	21	25.0220968916	33.9319657958	34.7259576968	8.661
3131	0	4	2	1682	105	25.0220968916	31.8936045547	32.6875964557	11.811
3132	0	4	1	338	21	29.1553338957	28.5001052299	29.425251475	8.409
3132	0	4	2	1682	105	29.1553338957	28.7026910427	29.6278372878	12.315
3133	0	4	1	414	25	22.073242602	28.0853703088	28.7857902588	4
3133	0	4	2	1760	110	22.073242602	26.9224545949	27.6228745449	10.378
3134	0	4	1	1022	63	24.8951211398	30.6475989766	31.4375617301	7.26
3134	0	4	2	2368	148	24.8951211398	26.4833113154	27.2732740689	17.181
3135	0	4	1	1227	76	24.8047771738	29.3328307389	30.1199267311	8.835
3135	0	4	2	2579	161	24.8047771738	25.8138033253	26.6008993175	10.882
3136	0	4	1	598	37	20.5678013825	29.8327527411	30.4854025885	9.843
3136	0	4	2	1948	121	20.5678013825	30.5435892979	31.1962391453	6.252
3137	0	4	1	1239	77	20.4586359362	31.0209806642	31.6701665142	4.441
3137	0	4	2	2587	161	20.4586359362	30.0738007834	30.7229866334	5.212
3138	0	4	1	737	46	24.3564016658	28.4866456459	29.2595139528	4.221
3138	0	4	2	2077	129	24.3564016658	28.8390201389	29.6118884458	5.087
3139	0	4	1	894	55	23.6145683252	27.4409613573	28.1902900837	18.472
3139	0	4	2	2235	139	23.6145683252	31.2485765727	31.9979052991	9.449
3140	0	4	1	1258	78	21.038078124	27.4071939117	28.0747664063	5.748
3140	0	4	2	2609	163	21.038078124	26.8549346632	27.5225071578	9.449
3141	0	4	1	998	62	19.4892269925	28.694639252	29.3130641768	9.229
3141	0	4	2	2343	146	19.4892269925	28.5813601779	29.1997851027	14.378
3142	0	4	1	901	56	27.7567624251	30.3345315496	31.2152988433	10.189
3142	0	4	2	2242	140	27.7567624251	30.3183677211	31.1991350149	7.968
3143	0	4	1	1022	63	29.4868358903	28.8992514703	29.8349168138	12.189
3143	0	4	2	2368	148	29.4868358903	25.5575795406	26.4932448841	17.386
3144	0	4	1	1062	66	29.125172664	30.3602398841	31.2844290641	7.15
3144	0	4	2	2410	150	29.125172664	34.736279647	35.6604688271	11.386
3146	0	4	1	1230	76	19.8040342319	30.8496841651	31.4780984365	10.158
3146	0	4	2	2580	161	19.8040342319	30.3910743117	31.0194885831	12.347
3147	0	4	1	1213	75	20.6939531154	30.7299250165	31.3865778639	6.598
3147	0	4	2	2562	160	20.6939531154	32.6748519441	33.3315047916	11.496
3148	0	4	1	1029	64	26.8494645888	20.1182817746	20.9702590298	9.874
3148	0	4	2	2373	148	26.8494645888	31.3283554131	32.1803326683	11.292
3149	0	4	1	150	9	21.0246903932	31.8334735377	32.5006212178	6.567
3149	0	4	2	1497	93	21.0246903932	30.4477116459	31.114859326	11.055
3150	0	4	1	1236	77	24.3157126358	30.5136778325	31.2852550102	6.788
3150	0	4	2	2585	161	24.3157126358	31.4830764909	32.2546536685	12.472
3151	0	4	1	530	33	17.0372600882	28.446526529	28.9871465492	11.355
3151	0	4	2	1879	117	17.0372600882	29.2098830837	29.7505031038	7.811
3152	0	4	1	598	37	20.3039676996	31.6901725387	32.3344505135	9.527
3152	0	4	2	1948	121	20.3039676996	29.1909924724	29.8352704472	8.992
3153	0	4	1	337	21	22.6530345558	29.5152426719	30.2340603653	10.599
3153	0	4	2	1681	105	22.6530345558	28.071568341	28.7903860344	13.591
3154	0	4	1	74	4	25.1847047749	31.9124345302	32.7115862442	9.496
3154	0	4	2	1414	88	25.1847047749	31.0970162171	31.8961679311	15.496
3155	0	4	1	1022	63	25.2689245351	35.6056441537	36.4074682979	10.095
3155	0	4	2	2368	148	25.2689245351	29.6914910236	30.4933151678	22.598
3156	0	4	1	1273	79	20.2943666667	31.0547713235	31.6987446419	5.937
3156	0	4	2	2625	164	20.2943666667	32.3779584629	33.0219317813	8.283
3157	0	4	1	447	27	23.3805785494	30.2306725606	30.9725764101	6.772
3157	0	4	2	1769	110	23.3805785494	35.6534498062	36.3953536558	14.315
3158	0	4	1	1255	78	21.1128403203	29.9552535961	30.625198417	7.402
3158	0	4	2	2604	162	21.1128403203	29.1890160165	29.8589608374	11.26
3159	0	4	1	1010	63	23.887803873	25.1544724624	25.9124713979	6.992
3159	0	4	2	2356	147	23.887803873	25.7163227592	26.4743216946	4.063
3160	0	4	1	1031	64	26.15632338	25.4940111277	26.3239938831	13.15
3160	0	4	2	2375	148	26.15632338	33.8495833058	34.6795660611	6.063
3161	0	4	1	1230	76	22.6742907427	29.8547622537	30.5742544404	10.645
3161	0	4	2	2581	161	22.6742907427	30.9301033608	31.6495955476	11.779
3162	0	4	1	1038	64	24.7494100787	35.02455493	35.8098940341	7.465
3162	0	4	2	2382	148	24.7494100787	29.9674592454	30.7527983495	5.496
3163	0	4	1	1009	63	25.5742952299	30.806350009	31.6178640629	18.378
3163	0	4	2	2356	147	25.5742952299	30.113592444	30.9251064979	4.913
3164	0	4	1	564	35	27.1038527802	34.6992058832	35.5592552901	6.189
3164	0	4	2	1913	119	27.1038527802	26.9523350242	27.8123844311	5.228
3165	0	4	1	934	58	26.1393428199	27.2941089392	28.1235528738	18.63
3165	0	4	2	2277	142	26.1393428199	27.1260232344	27.9554671689	10.032
3166	0	4	1	577	36	22.5538804741	35.1236602272	35.8393316	4.929
3166	0	4	2	1926	120	22.5538804741	29.7183479728	30.4340193456	5.355
3167	0	4	1	1243	77	25.3972368438	29.8149621685	30.6208578714	7.843
3167	0	4	2	2594	162	25.3972368438	28.9465685938	29.7524642967	18.961
3168	0	4	1	1269	79	23.9629760926	30.3005889473	31.0609732198	10.157
3168	0	4	2	2619	163	23.9629760926	29.3293200195	30.0897042919	12.582
3169	0	4	1	903	56	28.9924506471	28.6203016649	29.5402793591	12.063
3169	0	4	2	2242	140	28.9924506471	29.7111230329	30.6311007272	8.898
3170	0	4	1	341	21	23.7362976406	32.9209004168	33.6740918127	9.811
3170	0	4	2	1684	105	23.7362976406	31.2647959595	32.0179873554	9.906
3171	0	4	1	879	54	29.6750666008	31.4751779239	32.4168161345	13.874
3171	0	4	2	2223	138	29.6750666008	30.6513932583	31.5930314689	9.496
3172	0	4	1	804	50	29.8068549648	31.259113299	32.2049333691	8.756
3172	0	4	2	2145	134	29.8068549648	32.2731434942	33.2189635643	13.071
3173	0	4	1	584	36	27.7111833882	31.4476727499	32.3269937466	11.622
3173	0	4	2	1933	120	27.7111833882	29.2289055535	30.1082265502	7.323
3174	0	4	1	585	36	24.5600540879	32.1084098198	32.8877403498	15.937
3174	0	4	2	1928	120	24.5600540879	31.7765838646	32.5559143947	9.716
3174	1	4	1	584	36	24.5600540879	31.7814690049	32.5607995349	16.992
3174	1	4	2	1932	120	24.5600540879	32.6786505302	33.4579810603	8.378
3175	0	4	1	330	20	21.1813989235	30.1728595079	30.844979805	8.347
3175	0	4	2	1674	104	21.1813989235	32.3475604365	33.0196807336	6.771
3176	0	4	1	983	61	20.1826650966	29.3318730312	29.9723018768	8.992
3176	0	4	2	2329	145	20.1826650966	30.833878231	31.4743070766	10.74
3177	0	4	1	1246	77	22.0690835405	29.437898381	30.1381863572	5.055
3177	0	4	2	2597	162	22.0690835405	29.9802874952	30.6805754714	21.527
3178	0	4	1	491	30	18.5519737593	31.3368131023	31.925497455	8.457
3178	0	4	2	1837	114	18.5519737593	30.7456649134	31.3343492661	8.094
3179	0	4	1	973	60	22.8908336654	28.5002471996	29.2266106461	5.292
3179	0	4	2	2317	144	22.8908336654	29.3816968161	30.1080602626	7.181
3180	0	4	1	219	13	25.1734883759	30.0942587007	30.8930545001	15.622
3180	0	4	2	1563	97	25.1734883759	32.6070237511	33.4058195505	9.685
3181	0	4	1	602	37	23.1510102772	28.9159766755	29.6505959498	14.851
3181	0	4	2	1952	122	23.1510102772	29.4334950191	30.1681142933	8.032
3182	0	4	1	957	59	26.370807185	30.2485753912	31.0853640671	7.212
3182	0	4	2	2299	143	26.370807185	27.2006524627	28.0374411386	4.661
3183	0	4	1	915	57	22.5303760177	32.0441888101	32.7591143482	18.441
3183	0	4	2	2257	141	22.5303760177	32.035122536	32.7500480741	11.212
3184	0	4	1	1246	77	20.3009556155	31.6427756095	32.286958006	7.244
3184	0	4	2	2597	162	20.3009556155	34.5401570079	35.1843394044	10.976
3185	0	4	1	1243	77	22.8395549853	32.0483855476	32.7731218381	9.716
3185	0	4	2	2590	161	22.8395549853	32.3417452672	33.0664815577	9.779
3186	0	4	1	1091	68	28.6754299353	27.6315117765	28.541429887	8.189
3186	0	4	2	2438	152	28.6754299353	28.1112183957	29.0211365062	12.535
3187	0	4	1	1265	79	15.3193732014	30.8148725212	31.3009811916	12.031
3187	0	4	2	2613	163	15.3193732014	31.584626101	32.0707347714	7.528
3189	0	4	1	1236	77	21.2729861568	30.9497610683	31.6247875775	13.276
3189	0	4	2	2585	161	21.2729861568	33.4976436415	34.1726701507	5.874
3190	0	4	1	1273	79	20.5738541808	27.6490670729	28.3019089855	7.496
3190	0	4	2	2624	164	20.5738541808	29.2256191527	29.8784610652	15.339
3191	0	4	1	174	10	22.5695148999	28.5168175364	29.232985015	4.063
3191	0	4	2	1518	94	22.5695148999	30.366917589	31.0830850676	6.661
3192	0	4	1	1250	78	23.0782786692	29.1736919686	29.9060033505	10.315
3192	0	4	2	2599	162	23.0782786692	28.0527753553	28.7850867371	20.457
3193	0	4	1	529	33	17.5344191849	27.2230708158	27.7794665041	13.213
3193	0	4	2	1896	118	17.5344191849	14.6174402287	15.1738359169	12.709
3194	0	4	1	835	52	23.0685288685	27.3415141684	28.0735161732	4.756
3194	0	4	2	2176	136	23.0685288685	23.0669812772	23.798983282	5.071
3195	0	4	1	929	58	26.8715767264	27.8675554202	28.7202343295	18.393
3195	0	4	2	2272	142	26.8715767264	27.1630861725	28.0157650819	10.929
3196	0	4	1	930	58	26.4191002503	30.7192074918	31.5575285854	6
3196	0	4	2	2273	142	26.4191002503	28.8478326161	29.6861537097	8
3197	0	4	1	1241	77	24.1534893276	29.6573392871	30.4237688549	8.221
3197	0	4	2	2590	161	24.1534893276	30.207948022	30.9743775898	10.771
3198	0	4	1	341	21	19.3370810868	30.4547059567	31.068303044	4.378
3198	0	4	2	1683	105	19.3370810868	29.3845495737	29.998146661	6.252
3199	0	4	1	1233	77	24.7611781669	28.7430315339	29.5287440587	5.59
3199	0	4	2	2584	161	24.7611781669	28.196441536	28.9821540608	7.102
3200	0	4	1	740	46	28.7683556494	31.9587828533	32.8716496482	9.528
3200	0	4	2	2079	129	28.7683556494	30.6875837217	31.6004505166	10.094
3201	0	4	1	1265	79	19.9549690489	29.0892009229	29.722404602	9.37
3201	0	4	2	2615	163	19.9549690489	29.1139519046	29.7471555837	6.882
3202	0	4	1	489	30	26.9742777109	28.2079983695	29.0639361484	11.433
3202	0	4	2	1833	114	26.9742777109	29.4313322115	30.2872699904	9.402
3203	0	4	1	1271	79	25.95531632	27.3271103051	28.150714779	6.441
3203	0	4	2	2624	164	25.95531632	31.0546082673	31.8782127412	10.126
3204	0	4	1	557	34	27.8900800274	30.5467923098	31.4317899883	10.929
3204	0	4	2	1908	119	27.8900800274	29.0709089821	29.9559066606	7.086
3205	0	4	1	1244	77	20.6223106141	28.4660308255	29.1204103397	7.244
3205	0	4	2	2596	162	20.6223106141	28.6971625426	29.3515420568	18.897
3206	0	4	1	459	28	22.0684756889	31.0982257459	31.798494434	5.78
3206	0	4	2	1810	113	22.0684756889	33.5416008399	34.241869528	7.276
3207	0	4	1	299	18	24.0774042488	35.8774116998	36.6414269641	7.937
3207	0	4	2	1643	102	24.0774042488	32.1599354077	32.923950672	9.559
3208	0	4	1	1250	78	25.0631085442	30.5622546839	31.3575479514	4.425
3208	0	4	2	2599	162	25.0631085442	28.6543494643	29.4496427319	15.906
3209	0	4	1	595	37	19.7942158956	25.8267731485	26.4548758681	4.788
3209	0	4	2	1946	121	19.7942158956	24.7526794051	25.3807821247	15.166
3210	0	4	1	469	29	23.2273338122	28.5399686199	29.2770097643	12.063
3210	0	4	2	1818	113	23.2273338122	31.6917147357	32.42875588	6.677
3211	0	4	1	472	29	21.0728247398	13.6560490423	14.3247241037	10.566
3211	0	4	2	1818	113	21.0728247398	28.1868206073	28.8554956687	13.37
3212	0	4	1	444	27	24.4522957501	29.7411017513	30.5170129337	5.685
3212	0	4	2	1791	111	24.4522957501	30.2351715539	31.0110827363	13.244
3213	0	4	1	485	30	16.2835436632	27.071987414	27.588690784	19.937
3213	0	4	2	1830	114	16.2835436632	27.2716628973	27.7883662673	14.126
3214	0	4	1	933	58	27.4822820691	30.4938177077	31.3658752926	11.307
3214	0	4	2	2276	142	27.4822820691	30.2813736047	31.1534311895	8.095
3215	0	4	1	1248	78	22.2102475869	31.7206517083	32.4254190497	5.622
3215	0	4	2	2599	162	22.2102475869	32.2564616988	32.9612290402	15.401
3216	0	4	1	1246	77	23.5458822244	30.7309387815	31.478087986	11.323
3216	0	4	2	2597	162	23.5458822244	32.1185581376	32.8657073421	15.055
3217	0	4	1	1031	64	21.1897479675	25.1084884826	25.7808737085	6.158
3217	0	4	2	2375	148	21.1897479675	36.1330989601	36.805484186	7.087
3218	0	4	1	585	36	19.3755940598	29.2167272398	29.8315464065	11.685
3218	0	4	2	1933	120	19.3755940598	29.7482227897	30.3630419564	10.441
3219	0	4	1	993	62	23.9135592019	32.2187458371	32.9775620311	12.992
3219	0	4	2	2340	146	23.9135592019	32.4339980879	33.1928142819	14.252
3220	0	4	1	1238	77	22.2349042424	31.0552181541	31.7607678914	8.882
3220	0	4	2	2586	161	22.2349042424	31.158845793	31.8643955302	11.386
3221	0	4	1	732	45	29.7679001658	27.153779017	28.0983629878	7.654
3221	0	4	2	2072	129	29.7679001658	28.499381845	29.4439658159	15.716
3222	0	4	1	474	29	18.4783972458	30.4443997714	31.0307494215	9.606
3222	0	4	2	1817	113	18.4783972458	30.8475596229	31.433909273	12.977
3223	0	4	1	547	34	19.4025097319	28.3005622361	28.9162354809	8.536
3223	0	4	2	1894	118	19.4025097319	31.8262507794	32.4419240243	8.441
3224	0	4	1	1248	78	17.7605030542	28.4576873684	29.0212570662	6.756
3224	0	4	2	2598	162	17.7605030542	28.791535265	29.3551049628	18.031
3225	0	4	1	985	61	25.47645811	27.0744477386	27.8828572613	5.874
3225	0	4	2	2330	145	25.47645811	32.3619662424	33.1703757651	8.378
3226	0	4	1	482	30	18.6423992966	29.3878315974	29.9793852997	16
3226	0	4	2	1827	114	18.6423992966	26.390388871	26.9819425733	12.74
3227	0	4	1	139	8	27.9653419094	30.3960997911	31.2834856517	12.929
3227	0	4	2	1483	92	27.9653419094	30.2985672511	31.1859531117	4.913
3227	1	4	1	141	8	27.9653419094	30.0782376353	30.9656234959	9.118
3227	1	4	2	1480	92	27.9653419094	30.7771102338	31.6644960944	6.032
3228	0	4	1	820	51	24.0698437976	34.672617537	35.4363928959	10.284
3228	0	4	2	2164	135	24.0698437976	35.6717413224	36.4355166813	18.599
3229	0	4	1	1244	77	22.8282807139	28.1739419348	28.8983204742	10.504
3229	0	4	2	2587	161	22.8282807139	29.4515312048	30.1759097442	14.158
3230	0	4	1	456	28	21.9086104254	30.082269189	30.7774650918	5.559
3230	0	4	2	1801	112	21.9086104254	32.4441584413	33.1393543442	12.063
3232	0	4	1	110	6	21.7082811201	30.5192877285	31.2081268561	4.063
3232	0	4	2	1450	90	21.7082811201	31.1426588084	31.831497936	19.748
3233	0	4	1	432	27	20.7101332579	31.1828965929	31.8400628626	5.496
3233	0	4	2	1779	111	20.7101332579	30.1350187987	30.7921850684	9.276
3234	0	4	1	807	50	20.0255567566	27.833999775	28.469443317	8.567
3234	0	4	2	2148	134	20.0255567566	28.8454266586	29.4808702006	10.283
3235	0	4	1	141	8	19.9255793918	30.3564642589	30.9887353563	12.315
3235	0	4	2	1485	92	19.9255793918	30.7147422157	31.3470133131	10.126
3236	0	4	1	1079	67	22.5324534112	27.4202801923	28.1352716495	7.874
3236	0	4	2	2426	151	22.5324534112	29.4976906813	30.2126821385	8.378
3237	0	4	1	1056	66	21.9681937634	32.3438125375	33.0408991168	5.905
3237	0	4	2	2402	150	21.9681937634	30.1980618731	30.8951484523	21.433
3238	0	4	1	1248	78	21.2655517321	29.093314942	29.7681055448	7.244
3238	0	4	2	2597	162	21.2655517321	29.5292654156	30.2040560184	15.086
3239	0	4	1	267	16	20.6136743953	29.6441127166	30.2982181894	16.913
3239	0	4	2	1611	100	20.6136743953	29.0273579157	29.6814633886	14.157
3240	0	4	1	1257	78	18.9405682936	29.6213127318	30.2223278222	9.433
3240	0	4	2	2602	162	18.9405682936	28.4148947988	29.0159098891	7.496
3241	0	4	1	737	46	26.0408925131	28.3419128019	29.1682327478	20.567
3241	0	4	2	2077	129	26.0408925131	27.443566951	28.2698868969	13.464
3242	0	4	1	545	34	20.9853637523	35.0510952863	35.716995068	5.78
3242	0	4	2	1893	118	20.9853637523	36.6747936014	37.3406933831	11.905
3243	0	4	1	820	51	28.1966558735	28.1344181347	29.0291439642	10.835
3243	0	4	2	2161	135	28.1966558735	27.1062287169	28.0009545464	12.299
3244	0	4	1	550	34	23.9878611241	26.5474871457	27.3086610607	9.779
3244	0	4	2	1897	118	23.9878611241	27.0313276814	27.7925015964	13.496
3245	0	4	1	962	60	25.0816988765	29.7051793647	30.5010625337	10.977
3245	0	4	2	2306	144	25.0816988765	29.8136689083	30.6095520774	12.756
3246	0	4	1	1081	67	24.8283445612	32.7406204323	33.5284642562	4.977
3246	0	4	2	2428	151	24.8283445612	27.2581496271	28.045993451	6.189
3247	0	4	1	183	11	25.9110708347	27.3294942387	28.1516947313	14.52
3247	0	4	2	1527	95	25.9110708347	28.7062070554	29.5284075479	13.039
3248	0	4	1	337	21	22.0149036859	30.195445151	30.8940139122	7.402
3248	0	4	2	1681	105	22.0149036859	31.7163062796	32.4148750407	5.905
3249	0	4	1	170	10	22.2306051265	30.1648058267	30.870219146	9.591
3249	0	4	2	1512	94	22.2306051265	30.3724235683	31.0778368876	6.567
3250	0	4	1	308	19	23.0365171705	32.7652399816	33.4962262031	6.378
3250	0	4	2	1651	103	23.0365171705	31.2032673986	31.9342536201	5.086
3251	0	4	1	340	21	23.6666429949	31.8255807346	32.5765618751	10.409
3251	0	4	2	1683	105	23.6666429949	32.174837521	32.9258186615	10.536
3252	0	4	1	920	57	26.4786594474	27.4610272073	28.3012382113	17.716
3252	0	4	2	2265	141	26.4786594474	27.601532325	28.441743329	4.992
3253	0	4	1	907	56	24.7346305156	29.4578653661	30.2427354906	13.212
3253	0	4	2	2249	140	24.7346305156	28.6736716985	29.458541823	10.095
3254	0	4	1	333	20	24.1528437739	29.8258146183	30.5922237016	11.275
3254	0	4	2	1677	104	24.1528437739	30.340632715	31.1070417983	10.803
3255	0	4	1	1212	75	20.3206818238	27.4674518358	28.112260177	14.914
3255	0	4	2	2561	160	20.3206818238	25.7133217655	26.3581301067	14.409
3256	0	4	1	258	16	23.884484542	31.523041606	32.2809352137	6.126
3256	0	4	2	1595	99	23.884484542	33.1236611393	33.881554747	5.654
3257	0	4	1	494	30	18.3295499493	32.3719146649	32.9535411478	7.748
3257	0	4	2	1838	114	18.3295499493	31.6414258774	32.2230523602	9.779
3258	0	4	1	192	12	25.4387897998	32.6754508293	33.4826650752	5.307
3258	0	4	2	1534	95	25.4387897998	33.8227390904	34.6299533362	7.37
3259	0	4	1	1217	76	22.4185089863	30.5617728697	31.2731486846	6.504
3259	0	4	2	2565	160	22.4185089863	36.2524054048	36.9637812197	9.969
3260	0	4	1	973	60	23.9624606074	30.641501088	31.4018690033	14.284
3260	0	4	2	2317	144	23.9624606074	32.1782297794	32.9385976947	10.504
3261	0	4	1	933	58	28.5760370067	17.4075440045	18.3143082155	27.04
3261	0	4	2	2274	142	28.5760370067	13.1898436195	14.0966078305	17.811
3262	0	4	1	1262	78	23.2729271775	31.6388972173	32.3773851135	6.126
3262	0	4	2	2612	163	23.2729271775	32.8907451356	33.6292330317	10.599
3264	0	4	1	1236	77	24.0553017774	29.6566844149	30.4199983318	9.527
3264	0	4	2	2584	161	24.0553017774	29.2672382302	30.0305521471	8
3265	0	4	1	879	54	19.1137432758	31.9227231198	32.5292333345	10.708
3265	0	4	2	2222	138	19.1137432758	31.8449324028	32.4514426175	10.708
3266	0	4	1	1251	78	21.4767746232	31.4401484523	32.1216415015	5.402
3266	0	4	2	2600	162	21.4767746232	29.930568657	30.6120617063	19.197
3267	0	4	1	901	56	28.1009138757	28.9526231302	29.8443109102	14.252
3267	0	4	2	2244	140	28.1009138757	26.7887101839	27.6803979638	4.126
3268	0	4	1	490	30	21.7140338946	29.2022187375	29.89124041	14.22
3268	0	4	2	1835	114	21.7140338946	26.9840716947	27.6730933672	11.402
3269	0	4	1	564	35	20.1768073765	34.2268817541	34.8671247247	9.355
3269	0	4	2	1912	119	20.1768073765	34.2707414521	34.9109844227	7.811
3270	0	4	1	265	16	30.0376108565	34.6783080537	35.6314503842	5.591
3270	0	4	2	1609	100	30.0376108565	33.8483262166	34.801468547	4.992
3271	0	4	1	493	30	19.8263984362	28.4842840555	29.1134079795	10.094
3271	0	4	2	1840	115	19.8263984362	29.4261212008	30.0552451248	6.882
3272	0	4	1	1230	76	20.5853314517	26.0700069307	26.7232130358	10.063
3272	0	4	2	2581	161	20.5853314517	25.3391736373	25.9923797424	19.59
3273	0	4	1	879	54	27.5319992692	29.3332949536	30.2069301462	13.843
3273	0	4	2	2220	138	27.5319992692	29.5353032501	30.4089384428	8.536
3274	0	4	1	1245	77	25.0324257454	32.3593257533	33.1536454056	8.063
3274	0	4	2	2594	162	25.0324257454	32.8226276811	33.6169473335	15.464
3275	0	4	1	539	33	19.285281914	38.1862024427	38.7981558578	4.22
3275	0	4	2	1889	118	19.285281914	32.3460608999	32.9580143151	14.614
3276	0	4	1	120	7	25.7519624453	30.8722699452	31.6894216693	4.126
3276	0	4	2	1460	91	25.7519624453	33.3970283681	34.2141800922	14.992
3277	0	4	1	457	28	21.5022826673	30.7721986913	31.4545011524	5.339
3277	0	4	2	1802	112	21.5022826673	31.015043543	31.6973460041	6.284
3278	0	4	1	933	58	29.8160366807	30.0269638529	30.9730752738	9.464
3278	0	4	2	2274	142	29.8160366807	28.5655323103	29.5116437312	9.905
3279	0	4	1	1092	68	27.0555926593	27.284658784	28.1431768187	12.347
3279	0	4	2	2440	152	27.0555926593	28.3804692689	29.2389873037	12.599
3280	0	4	1	591	36	20.5364835803	33.2727517531	33.9244078356	11.527
3280	0	4	2	1941	121	20.5364835803	31.1523559814	31.8040120639	6.835
3281	0	4	1	879	54	22.4524085171	29.8466420915	30.5590935938	7.401
3281	0	4	2	2223	138	22.4524085171	29.6074449859	30.3198964882	12.898
3282	0	4	1	383	23	24.7040216346	28.4884207947	29.2723196495	5.433
3282	0	4	2	1728	108	24.7040216346	28.7118932475	29.4957921023	14.283
3283	0	4	1	937	58	25.4894104288	31.6645442176	32.4733647385	20.284
3283	0	4	2	2284	142	25.4894104288	33.6344350262	34.4432555471	14.126
3284	0	4	1	522	32	23.7560385537	30.0370730886	30.7908908958	13.197
3284	0	4	2	1869	116	23.7560385537	27.5154594791	28.2692772863	4.834
3285	0	4	1	585	36	16.0073297914	28.6241757136	29.1321143674	8.441
3285	0	4	2	1933	120	16.0073297914	29.0120858568	29.5200245107	16.315
3286	0	4	1	485	30	17.1170539131	30.3938936931	30.9370457013	9.843
3286	0	4	2	1829	114	17.1170539131	29.7164942245	30.2596462326	4.708
3287	0	4	1	444	27	25.7881592458	30.4933879913	31.3116882989	4.347
3287	0	4	2	1791	111	25.7881592458	30.0774817218	30.8957820294	4.898
3288	0	4	1	528	33	20.9659934938	33.6627355181	34.32802065	4.221
3288	0	4	2	1879	117	20.9659934938	30.0268114923	30.6920966242	7.811
3289	0	4	1	478	29	21.7204401948	31.9033287741	32.592553729	10.315
3289	0	4	2	1825	114	21.7204401948	30.4485221144	31.1377470693	8.204
3290	0	4	1	1244	77	22.5581123823	28.9607909557	29.6765966139	14.409
3290	0	4	2	2593	162	22.5581123823	31.2189249431	31.9347306012	11.905
3291	0	4	1	1021	63	22.8510907796	31.9372327648	32.6623351048	12.284
3291	0	4	2	2365	147	22.8510907796	31.6087253135	32.3338276535	15.213
3292	0	4	1	865	54	29.6790249505	30.1131118603	31.0548756758	5.023
3292	0	4	2	2209	138	29.6790249505	33.57081937	34.5125831855	12.488
3294	0	4	1	985	61	25.6702055087	25.3750648989	26.1896223422	8.346
3294	0	4	2	2332	145	25.6702055087	29.8507087999	30.6652662432	11.969
3295	0	4	1	584	36	22.861923866	31.9654612782	32.6909073697	6.221
3295	0	4	2	1933	120	22.861923866	30.8627462516	31.5881923431	9.685
3296	0	4	1	183	11	26.4361847955	29.8024189325	30.6412821465	11.402
3296	0	4	2	1528	95	26.4361847955	32.2052677484	33.0441309625	8.771
3297	0	4	1	529	33	22.3669303282	27.0061275622	27.7158667022	13.086
3297	0	4	2	1879	117	22.3669303282	27.5971112401	28.3068503802	6.315
3298	0	4	1	1029	64	27.8218298547	21.4404332031	22.3232651924	4.063
3298	0	4	2	2374	148	27.8218298547	33.2720418712	34.1548738605	11.685
3299	0	4	1	1262	78	26.1794487687	26.4455697539	27.2762863155	4
3299	0	4	2	2613	163	26.1794487687	29.1376556989	29.9683722605	8.063
3300	0	4	1	538	33	25.0752981275	29.699537808	30.4952178708	11.386
3300	0	4	2	1888	118	25.0752981275	26.9210005753	27.7166806382	18.157
3301	0	4	1	554	34	20.3889619026	32.0024524874	32.6494274668	8.819
3301	0	4	2	1904	119	20.3889619026	28.7640481055	29.4110230848	10.882
3303	0	4	1	902	56	28.7004712343	28.9058163935	29.8165291053	15.323
3303	0	4	2	2245	140	28.7004712343	30.5036171454	31.4143298572	10.567
3304	0	4	1	993	62	25.3106991389	29.9316210006	30.7347707211	14.441
3304	0	4	2	2337	146	25.3106991389	29.7006846613	30.5038343818	8.819
3305	0	4	1	583	36	22.651084544	31.506644384	32.2254002003	13.78
3305	0	4	2	1931	120	22.651084544	31.7262069579	32.4449627742	12.724
3306	0	4	1	1227	76	22.0349147998	30.7768958868	31.4760996332	4.725
3306	0	4	2	2579	161	22.0349147998	29.0756329859	29.7748367324	7.654
3307	0	4	1	820	51	31.071258306	34.0683499273	35.0542915754	10.347
3307	0	4	2	2164	135	31.071258306	31.9426022093	32.9285438574	7.37
3308	0	4	1	1214	75	24.8172098166	31.1493483039	31.9368388042	5.654
3308	0	4	2	2565	160	24.8172098166	28.4832262767	29.270716777	13.748
3309	0	4	1	1259	78	17.5893555609	30.4965753961	31.0547143051	10
3309	0	4	2	2616	163	17.5893555609	29.5752537746	30.1333926835	9.811
3310	0	4	1	537	33	23.3072168815	30.5576575239	31.2972334882	14.063
3310	0	4	2	1886	117	23.3072168815	29.3353245711	30.0749005354	6.709
3311	0	4	1	1033	64	20.1613814801	37.0606225453	37.7003760271	9.748
3311	0	4	2	2377	148	20.1613814801	27.8112758249	28.4510293067	10.851
3312	0	4	1	1250	78	22.2136062395	29.19785985	29.9027337669	5.716
3312	0	4	2	2594	162	22.2136062395	27.4343204865	28.1391944034	7.37
3313	0	4	1	542	33	22.8204214718	33.9541920167	34.6783211696	5.78
3313	0	4	2	1891	118	22.8204214718	26.816437472	27.5405666249	20.315
3314	0	4	1	919	57	30.4921272261	28.5934830557	29.5610479311	17.15
3314	0	4	2	2262	141	30.4921272261	27.9768870285	28.9444519039	4.252
3315	0	4	1	413	25	24.6625506692	29.9112060327	30.6937889462	13.638
3315	0	4	2	1763	110	24.6625506692	30.0895168391	30.8720997526	13.039
3316	0	4	1	522	32	19.0594315379	29.3058699331	29.9106567479	7.874
3316	0	4	2	1869	116	19.0594315379	28.9182751711	29.5230619859	7.653
3317	0	4	1	414	25	21.3756673446	28.3697060456	29.0479907962	6.158
3317	0	4	2	1760	110	21.3756673446	27.7031433624	28.381428113	9.842
3318	0	4	1	833	52	24.0756695563	31.0398297659	31.8037899856	4.63
3318	0	4	2	2175	135	24.0756695563	29.1661125856	29.9300728053	5.244
3319	0	4	1	583	36	19.0620645542	29.9763854677	30.5812558324	4.645
3319	0	4	2	1930	120	19.0620645542	29.1646879555	29.7695583201	10
3320	0	4	1	520	32	17.83056728	30.9598290256	31.5256219754	9.26
3320	0	4	2	1866	116	17.83056728	31.2190808089	31.7848737587	8.41
3321	0	4	1	1081	67	23.2270884679	30.6276885155	31.3647218747	6.677
3321	0	4	2	2427	151	23.2270884679	31.407995624	32.1450289832	7.275
3322	0	4	1	184	11	24.1805086422	31.1698245559	31.9371114906	7.842
3322	0	4	2	1528	95	24.1805086422	32.071278032	32.8385649667	10.063
3323	0	4	1	1031	64	26.6411835108	21.2143798739	22.0597480312	13.275
3323	0	4	2	2375	148	26.6411835108	34.4103211887	35.255689346	12.252
3324	0	4	1	298	18	32.9980409679	26.0168231403	27.0639047414	10.662
3324	0	4	2	1642	102	32.9980409679	27.6340397216	28.6811213227	11.181
3325	0	4	1	215	13	26.4894012519	23.3460882073	24.1866400661	6.645
3325	0	4	2	1558	97	26.4894012519	24.7942256037	25.6347774626	9.291
3326	0	4	1	215	13	27.4637276709	30.1357729725	31.0072417961	5.37
3326	0	4	2	1558	97	27.4637276709	30.137941903	31.0094107266	7.401
3327	0	4	1	1064	66	25.7049407157	33.3011115051	34.1167711531	8.819
3327	0	4	2	2413	150	25.7049407157	31.6047591792	32.4204188272	7.905
3328	0	4	1	1257	78	16.4202814017	31.797059972	32.3181022532	6.756
3328	0	4	2	2602	162	16.4202814017	32.7995854099	33.3206276911	21.307
3329	0	4	1	1236	77	26.1807806049	28.8603672612	29.6911260841	5.464
3329	0	4	2	2584	161	26.1807806049	27.6728643466	28.5036231696	8.189
3330	0	4	1	338	21	24.6834238143	32.5670193436	33.3502645961	6.74
3330	0	4	2	1683	105	24.6834238143	33.4142908162	34.1975360687	16.504
3331	0	4	1	1259	78	15.0909244364	26.5097746828	26.9886343017	5.622
3331	0	4	2	2609	163	15.0909244364	27.7554472309	28.2343068498	14.221
3332	0	4	1	74	4	26.1544825315	30.2594456005	31.0893699427	13.433
3332	0	4	2	1414	88	26.1544825315	32.5617202123	33.3916445545	12.929
3333	0	4	1	1283	80	20.5774167464	29.3132706298	29.9662255884	12.095
3333	0	4	2	2632	164	20.5774167464	31.5171926749	32.1701476335	13.906
3334	0	4	1	1284	80	21.9154362142	30.6095313983	31.3049438945	7.622
3334	0	4	2	2634	164	21.9154362142	30.0565092047	30.7519217009	8.441
3335	0	4	1	838	52	27.5348854917	31.7095858546	32.5833126317	4
3335	0	4	2	2181	136	27.5348854917	26.1586560728	27.0323828499	11.102
3336	0	4	1	1275	79	24.0190321404	28.3915731915	29.1537362137	5.275
3336	0	4	2	2625	164	24.0190321404	28.7184470799	29.4806101021	6.063
3337	0	4	1	1258	78	19.4099501824	31.3446376212	31.9605469637	10.567
3337	0	4	2	2602	162	19.4099501824	24.6822794462	25.2981887886	6.473
3338	0	4	1	1259	78	19.3228402043	34.1420604747	34.7552056756	11.386
3338	0	4	2	2602	162	19.3228402043	34.3661494804	34.9792946813	4.536
3339	0	4	1	487	30	22.0830453437	30.5536277826	31.2543587896	12.189
3339	0	4	2	1832	114	22.0830453437	33.3899273796	34.0906583866	9.291
3340	0	4	1	737	46	30.0911745779	28.0545718767	29.0094138713	7.528
3340	0	4	2	2077	129	30.0911745779	32.3420329752	33.2968749698	7.716
3341	0	4	1	1002	62	24.3072593866	30.1264748824	30.8977838247	8.504
3341	0	4	2	2349	146	24.3072593866	28.0991507518	28.8704596941	13.716
3342	0	4	1	1019	63	25.67700591	31.5211929044	32.3359661355	11.496
3342	0	4	2	2364	147	25.67700591	32.5464602572	33.3612334883	6.598
3343	0	4	1	1254	78	25.0608468866	28.9437312512	29.7389527527	10.315
3343	0	4	2	2602	162	25.0608468866	29.3867412301	30.1819627316	15.654
3344	0	4	1	993	62	28.5781561544	30.4864011116	31.3932325666	7.685
3344	0	4	2	2340	146	28.5781561544	33.5616092649	34.4684407199	10.662
3345	0	4	1	586	36	19.8735167413	28.9091065674	29.539725632	7.496
3345	0	4	2	1933	120	19.8735167413	29.7096866849	30.3403057495	14.756
3345	1	4	1	585	36	19.8735167413	29.6196458967	30.2502649613	14.835
3345	1	4	2	1936	121	19.8735167413	32.2358635588	32.8664826234	9.843
3346	0	4	1	1081	67	25.7436287658	31.9893412105	32.8062284934	4.63
3346	0	4	2	2428	151	25.7436287658	28.280902824	29.0977901069	6.221
3347	0	4	1	985	61	24.2988862284	25.1453015993	25.9163448476	6.346
3347	0	4	2	2331	145	24.2988862284	27.46499061	28.2360338583	11.244
3348	0	4	1	1063	66	25.3269169566	30.1033925363	30.9070568746	6.126
3348	0	4	2	2411	150	25.3269169566	32.6864314471	33.4900957853	10.095
3349	0	4	1	599	37	18.5534282225	27.0450313038	27.633761809	18.031
3349	0	4	2	1950	121	18.5534282225	29.9394128457	30.5281433509	11.307
3350	0	4	1	835	52	26.709712871	25.3659398719	26.2134825774	12.189
3350	0	4	2	2176	136	26.709712871	21.8400507735	22.687593479	10.834
3351	0	4	1	1031	64	22.2123300928	27.2065581096	27.9113915323	8.819
3351	0	4	2	2376	148	22.2123300928	33.378755014	34.0835884367	14.22
3352	0	4	1	806	50	24.0508102666	31.3609416749	32.1241130688	10.724
3352	0	4	2	2149	134	24.0508102666	33.5150097093	34.2781811032	13.968
3353	0	4	1	807	50	25.1610269576	31.525621627	32.3240220054	8.378
3353	0	4	2	2149	134	25.1610269576	35.8221530601	36.6205534385	8.866
3354	0	4	1	865	54	27.6339369174	29.2558440398	30.1327138801	6.63
3354	0	4	2	2209	138	27.6339369174	33.2419693526	34.1188391929	7.591
3355	0	4	1	822	51	29.061363545	31.3317171228	32.2538815356	4.945
3355	0	4	2	2165	135	29.061363545	27.5345106812	28.456675094	17.59
3356	0	4	1	980	61	25.8920576648	25.8387626926	26.6603598663	10.567
3356	0	4	2	2325	145	25.8920576648	31.740207237	32.5618044107	11.559
3358	0	4	1	1250	78	22.582311527	35.3077791596	36.024352696	4.504
3358	0	4	2	2600	162	22.582311527	31.7181919106	32.434765447	19.779
3359	0	4	1	193	12	19.201664571	33.18805761	33.7973577107	14.378
3359	0	4	2	1537	96	19.201664571	32.3132254981	32.9225255987	13.78
3360	0	4	1	994	62	19.4278057066	27.8706533215	28.4871292488	6.535
3360	0	4	2	2338	146	19.4278057066	27.616100027	28.2325759543	14.252
3360	1	4	1	1000	62	19.4278057066	31.3003803741	31.9168563014	4.819
3360	1	4	2	2342	146	19.4278057066	27.4023933778	28.0188693051	5.874
3361	0	4	1	155	9	24.1582382241	30.9997319189	31.7663121769	13.464
3361	0	4	2	1496	93	24.1582382241	33.6220861167	34.3886663748	18.22
3362	0	4	1	414	25	25.2635621925	31.3101671059	32.1118210942	9.433
3362	0	4	2	1762	110	25.2635621925	31.4021221567	32.2037761451	8.819
3363	0	4	1	326	20	26.615100927	29.2190845626	30.063625077	15.307
3363	0	4	2	1674	104	26.615100927	31.8694211969	32.7139617113	12.126
3364	0	4	1	550	34	22.8837310628	30.1227965587	30.8489346281	17.103
3364	0	4	2	1897	118	22.8837310628	30.4105642442	31.1367023135	14.63
3365	0	4	1	1004	62	20.6566376095	33.8289357909	34.4844045566	11.023
3365	0	4	2	2351	146	20.6566376095	31.9706792499	32.6261480156	9.653
3366	0	4	1	78	4	26.4504848471	30.1912373142	31.0305542922	15.811
3366	0	4	2	1422	88	26.4504848471	29.3710638638	30.2103808418	9.433
3367	0	4	1	304	19	20.9590254814	28.2479277078	28.9129917332	8.898
3367	0	4	2	1649	103	20.9590254814	31.0776610936	31.7427251191	10.126
3368	0	4	1	538	33	20.6773686373	29.9328078949	30.5889344899	17.276
3368	0	4	2	1888	118	20.6773686373	28.1519764829	28.8081030779	18.945
3369	0	4	1	936	58	28.7492293589	31.317536985	32.2297968715	9.402
3369	0	4	2	2280	142	28.7492293589	30.1888817344	31.1011416209	12.724
3370	0	4	1	489	30	18.1619653686	29.2518232958	29.8281320468	12.347
3370	0	4	2	1833	114	18.1619653686	29.3847784234	29.9610871745	10.929
3371	0	4	1	1019	63	28.490545831	35.6735243162	36.5775757529	12.473
3371	0	4	2	2364	147	28.490545831	34.9829713271	35.8870227638	12.315
3372	0	4	1	832	52	27.2820611147	32.7707036143	33.6364078621	6.913
3372	0	4	2	2175	135	27.2820611147	31.7103110242	32.576015272	7.622
3373	0	4	1	997	62	21.7907110604	27.0056461093	27.6971008732	9.968
3373	0	4	2	2343	146	21.7907110604	28.6217083091	29.313163073	5.653
3374	0	4	1	933	58	30.0367328333	30.3056703316	31.258784801	15.496
3374	0	4	2	2276	142	30.0367328333	30.2388592116	31.191973681	8.661
3375	0	4	1	551	34	22.3046729748	28.4323411217	29.1401047345	15.197
3375	0	4	2	1899	118	22.3046729748	30.09555547	30.8033190828	12.819
3376	0	4	1	1224	76	25.6008197772	31.712675999	32.52503172	9.433
3376	0	4	2	2574	160	25.6008197772	29.8069279643	30.6192836853	10.158
3377	0	4	1	839	52	22.9488039359	27.5420436722	28.2702466098	4.63
3377	0	4	2	2182	136	22.9488039359	22.9730761295	23.7012790671	7.748
3378	0	4	1	110	6	25.1329706485	30.4787764964	31.2762866023	7.653
3378	0	4	2	1450	90	25.1329706485	30.5086117266	31.3061218325	7.591
3379	0	4	1	741	46	28.6675472514	31.4767008941	32.3863688743	11.055
3379	0	4	2	2079	129	28.6675472514	31.7420661065	32.6517340866	4.22
3380	0	4	1	1246	77	21.4411356427	31.696778608	32.3771407744	9.071
3380	0	4	2	2597	162	21.4411356427	30.498009311	31.1783714773	13.937
3381	0	4	1	1255	78	13.2270854021	29.0762072649	29.4959242346	8
3381	0	4	2	2604	162	13.2270854021	29.5594287544	29.9791457241	22.189
3382	0	4	1	117	7	24.4498699597	36.1359920917	36.9118262999	4.472
3382	0	4	2	1456	91	24.4498699597	31.7210022996	32.4968365078	5.905
3383	0	4	1	263	16	26.6319992153	32.0489012207	32.8939779453	15.244
3383	0	4	2	1607	100	26.6319992153	29.9417735328	30.7868502574	4.598
3385	0	4	1	377	23	19.2956468842	26.1621155846	26.7743978972	12.441
3385	0	4	2	1722	107	19.2956468842	26.6746615014	27.286943814	14.252
3386	0	4	1	931	58	26.4372220328	25.9344449176	26.7733410449	23.937
3386	0	4	2	2274	142	26.4372220328	27.6432507488	28.4821468761	11.401
3387	0	4	1	1250	78	21.9280333081	29.8486744355	30.5444866581	5.354
3387	0	4	2	2598	162	21.9280333081	31.2779531337	31.9737653563	13.307
3388	0	4	1	987	61	25.043047914	27.2216457686	28.0163024796	17.811
3388	0	4	2	2332	145	25.043047914	33.0395511053	33.8342078163	10.221
3389	0	4	1	762	47	24.700145223	29.871715738	30.655491588	13.181
3389	0	4	2	2102	131	24.700145223	29.8179944009	30.6017702509	8.725
3390	0	4	1	898	56	29.6148060804	30.2811673087	31.2208933548	10.977
3390	0	4	2	2244	140	29.6148060804	30.0279267909	30.967652837	10.409
3391	0	4	1	1227	76	22.3273568553	32.6079750478	33.3164584571	14.614
3391	0	4	2	2580	161	22.3273568553	31.9496320599	32.6581154692	9.307
3392	0	4	1	821	51	24.8846046092	29.6923701371	30.481999184	11.591
3392	0	4	2	2164	135	24.8846046092	28.8418612937	29.6314903406	19.465
3395	0	4	1	1234	77	18.9472706036	9.11234969565	9.71357746126	13.559
3395	0	4	2	2585	161	18.9472706036	8.79920610945	9.40043387505	13.15
3396	0	4	1	961	60	27.535853334	31.7133718225	32.5871293109	6.252
3396	0	4	2	2304	144	27.535853334	32.7243107942	33.5980682826	4
3397	0	4	1	762	47	27.1479630232	29.6690977692	30.530546866	5.653
3397	0	4	2	2114	132	27.1479630232	23.7087900459	24.5702391428	17.527
3398	0	4	1	170	10	24.3394873131	28.8642958058	29.6366273927	11.591
3398	0	4	2	1509	94	24.3394873131	31.0172427934	31.7895743803	4.897
3399	0	4	1	529	33	22.807779342	30.5772227233	31.3009507208	14.158
3399	0	4	2	1876	117	22.807779342	27.899316704	28.6230447015	10.158
3400	0	4	1	545	34	19.5340808685	35.97131119	36.5911594013	10.158
3400	0	4	2	1893	118	19.5340808685	35.6196715336	36.239519745	15.197
3401	0	4	1	918	57	27.9291690074	30.563373276	31.4496113115	8.724
3401	0	4	2	2261	141	27.9291690074	29.7079102725	30.594148308	7.338
3402	0	4	1	1212	75	20.6039998661	31.7124481318	32.3662466161	6.126
3402	0	4	2	2564	160	20.6039998661	30.0411469904	30.6949454747	14.252
3403	0	4	1	1033	64	29.8948800979	31.1804859643	32.1290992152	13.685
3403	0	4	2	2377	148	29.8948800979	22.1483795025	23.0969927535	15.685
3404	0	4	1	1009	63	19.6672121417	28.1665120316	28.7905847151	7.716
3404	0	4	2	2354	147	19.6672121417	31.3796275968	32.0037002804	6.189
3405	0	4	1	822	51	24.7414858743	32.8965619324	33.6816495886	8.41
3405	0	4	2	2164	135	24.7414858743	32.9190635422	33.7041511984	7.717
3407	0	4	1	808	50	28.5880193464	31.888861327	32.7960057572	14.567
3407	0	4	2	2150	134	28.5880193464	33.7207029719	34.627847402	12.913
3408	0	4	1	1236	77	23.7535225472	31.6200450447	32.3737830149	8.126
3408	0	4	2	2585	161	23.7535225472	31.3621376877	32.115875658	11.433
3409	0	4	1	737	46	28.389788565	32.303133984	33.2039882285	14.346
3409	0	4	2	2077	129	28.389788565	33.5124458282	34.4133000727	6.882
3410	0	4	1	121	7	25.7129341257	31.3358769758	32.1517902677	13.055
3410	0	4	2	1460	91	25.7129341257	33.6052512172	34.4211645091	17.496
3411	0	4	1	919	57	26.1146000715	30.539299299	31.3679581058	10.347
3411	0	4	2	2262	141	26.1146000715	27.85889241	28.6875512168	7.118
3412	0	4	1	467	29	21.0935610685	41.8917026692	42.561035728	9.26
3412	0	4	2	1812	113	21.0935610685	30.5904674043	31.2598004631	9.275
3413	0	4	1	286	17	25.628153813	2.79169497999	3.60491805448	12.693
3413	0	4	2	1627	101	25.628153813	3.71290161413	4.52612468862	15.843
3414	0	4	1	1251	78	26.3306680725	30.9066401787	31.7421551752	6.772
3414	0	4	2	2600	162	26.3306680725	28.2099937285	29.045508725	5.37
3415	0	4	1	1040	65	24.2540045222	27.5246042773	28.294223356	15.622
3415	0	4	2	2394	149	24.2540045222	29.0911588736	29.8607779523	14.189
3416	0	4	1	1242	77	25.1785032286	29.9515211711	30.7504761	10.756
3416	0	4	2	2593	162	25.1785032286	27.5001704522	28.2991253811	11.716
3417	0	4	1	820	51	24.1724617369	28.3145111247	29.081542718	12.378
3417	0	4	2	2164	135	24.1724617369	30.8258090571	31.5928406504	16.756
3418	0	4	1	1000	62	18.3239929811	30.8478210017	31.4292711529	11.307
3418	0	4	2	2346	146	18.3239929811	32.2528815902	32.8343317414	10.063
3418	1	4	1	999	62	18.3239929811	30.1831821877	30.7646323389	8.126
3418	1	4	2	2344	146	18.3239929811	28.5427238987	29.1241740498	8.095
3419	0	4	1	1248	78	21.6968585474	31.676133354	32.3646100248	5.087
3419	0	4	2	2598	162	21.6968585474	28.8898681072	29.5783447779	5.37
3420	0	4	1	932	58	23.3804189696	27.8584303402	28.600329126	7.418
3420	0	4	2	2284	142	23.3804189696	30.4504945226	31.1923933084	9.37
3421	0	4	1	430	26	24.9898284627	30.2660161263	31.0589840974	7.779
3421	0	4	2	1776	111	24.9898284627	29.9504704482	30.7434384193	9.103
3422	0	4	1	1098	68	20.8992638303	30.4042599546	31.0674276455	14.96
3422	0	4	2	2445	152	20.8992638303	29.7966179933	30.4597856842	4.724
3423	0	4	1	506	31	21.6800174369	29.3064697666	29.9944120415	5.622
3423	0	4	2	1857	116	21.6800174369	32.1954704723	32.8834127471	12.189
3424	0	4	1	298	18	21.1134356215	27.731059891	28.4010236018	6
3424	0	4	2	1642	102	21.1134356215	29.4247485623	30.0947122731	9.843
3425	0	4	1	994	62	23.0413832471	27.8211913859	28.5523320159	4.063
3425	0	4	2	2337	146	23.0413832471	31.4611227151	32.1922633451	10.095
3426	0	4	1	490	30	23.0397990218	30.2385930351	30.9696833951	15.937
3426	0	4	2	1835	114	23.0397990218	29.0301545447	29.7612449047	14.897
3427	0	4	1	580	36	19.9027456192	33.5570154778	34.1885620224	7.433
3427	0	4	2	1929	120	19.9027456192	29.7274674454	30.35901399	10.221
3428	0	4	1	732	45	25.4498086303	28.8785114917	29.686075383	8.724
3428	0	4	2	2071	129	25.4498086303	28.6616585605	29.4692224518	15.37
3429	0	4	1	1061	66	23.5306708172	35.2149459918	35.9616125136	5.937
3429	0	4	2	2408	150	23.5306708172	31.6417195092	32.388386031	14.519
3430	0	4	1	415	25	22.8992100615	29.0852044004	29.8118336436	5.024
3430	0	4	2	1763	110	22.8992100615	32.9213600829	33.6479893261	15.275
3431	0	4	1	1240	77	25.4489652632	30.4996713295	31.3072084593	8.441
3431	0	4	2	2589	161	25.4489652632	30.2486780405	31.0562151704	6.96
3432	0	4	1	1245	77	20.0123127858	30.9267371208	31.56176041	4.347
3432	0	4	2	2594	162	20.0123127858	29.204465376	29.8394886652	24.914
3433	0	4	1	539	33	21.3006415439	34.4508342547	35.1267383144	7.338
3433	0	4	2	1889	118	21.3006415439	31.4076612179	32.0835652776	13.874
3434	0	4	1	155	9	25.0290042757	31.4892521466	32.2834632301	9.307
3434	0	4	2	1496	93	25.0290042757	30.4793197125	31.273530796	17.071
3435	0	4	1	205	12	25.6578083066	22.8058899763	23.6200540362	5.087
3435	0	4	2	1542	96	25.6578083066	26.1446625767	26.9588266366	11.496
3436	0	4	1	1243	77	21.2756629355	30.0607467415	30.7358581893	8.283
3436	0	4	2	2593	162	21.2756629355	32.1621778782	32.8372893259	9.654
3437	0	4	1	275	17	25.889854322	30.3922740309	31.2138012889	5.213
3437	0	4	2	1619	101	25.889854322	29.0836580425	29.9051853005	7.465
3438	0	4	1	586	36	19.67701924	30.6118454735	31.2362293523	13.654
3438	0	4	2	1933	120	19.67701924	30.6893353541	31.3137192329	15.717
3439	0	4	1	1010	63	27.4494697396	30.8411332494	31.7121496456	8.677
3439	0	4	2	2373	148	27.4494697396	29.724783133	30.5957995291	15.071
3440	0	4	1	488	30	21.6616451104	29.9226784536	30.6100377447	15.165
3440	0	4	2	1833	114	21.6616451104	30.3660824981	31.0534417891	11.401
3441	0	4	1	1003	62	24.038195296	30.9450784275	31.7078495279	17.118
3441	0	4	2	2350	146	24.038195296	29.9622306539	30.7250017543	14.519
3442	0	4	1	1268	79	21.0690979467	30.2021707694	30.8707275735	8.662
3442	0	4	2	2617	163	21.0690979467	28.0213805545	28.6899373586	4.236
3443	0	4	1	1248	78	17.7409924841	26.6315591992	27.1945097948	9.874
3443	0	4	2	2596	162	17.7409924841	28.0457793543	28.6087299498	14.283
3444	0	4	1	347	21	26.6074824241	29.2616039298	30.1059026967	8.41
3444	0	4	2	1690	105	26.6074824241	28.719230093	29.5635288598	12.52
3445	0	4	1	1279	79	20.4454895493	29.9644441724	30.613212866	8.709
3445	0	4	2	2630	164	20.4454895493	34.2362913367	34.8850600304	12.221
3446	0	4	1	917	57	28.0097320928	29.0590902036	29.947884637	4.126
3446	0	4	2	2265	141	28.0097320928	30.2428715804	31.1316660139	4.032
3447	0	4	1	1254	78	21.4252487995	30.4739579928	31.1538160438	5.071
3447	0	4	2	2602	162	21.4252487995	29.7564571267	30.4363151777	5.559
3448	0	4	1	530	33	18.3493100405	29.4084911492	29.9907446519	9.779
3448	0	4	2	1879	117	18.3493100405	29.5366294576	30.1188829603	7.78
3449	0	4	1	999	62	21.7735518315	29.8982980508	30.5892083244	7.323
3449	0	4	2	2343	146	21.7735518315	31.0921561833	31.7830664569	16.157
3449	1	4	1	998	62	21.7735518315	28.6015544529	29.2924647265	4.63
3449	1	4	2	2337	146	21.7735518315	28.4895495211	29.1804597948	10.771
3450	0	4	1	564	35	25.7866959324	34.7734459646	35.5916998388	11.937
3450	0	4	2	1912	119	25.7866959324	36.0291388006	36.8473926749	9.733
3451	0	4	1	544	34	24.9584094295	28.5876513901	29.3796223841	13.307
3451	0	4	2	1892	118	24.9584094295	28.7847449584	29.5767159524	11.906
