event_index	pair_index	fold	layer	pixel	half_bar	ecal_time_ns	cdet_time_master_ns	cdet_time_candidate_ns	tot_ns
0	0	0	1	1275	79	18.5152802956	31.3722202516	30.7265679536	9.496
0	0	0	2	2624	164	18.5152802956	32.4067329781	31.7610806801	9.717
1	0	0	1	802	50	21.8072137697	29.8130838919	29.0526375223	19.874
1	0	0	2	2151	134	21.8072137697	27.9685338256	27.2080874559	10
2	0	0	1	534	33	17.825758174	31.2303230741	30.6087153239	19.024
2	0	0	2	1883	117	17.825758174	30.9116054638	30.2899977136	12.866
3	0	0	1	905	56	26.6614091278	32.7295364691	31.7998178909	12.094
3	0	0	2	2247	140	26.6614091278	30.2375383141	29.3078197359	8.252
4	0	0	1	1255	78	22.2668240133	30.6089788728	29.8325052864	10.567
4	0	0	2	2601	162	22.2668240133	31.2253048976	30.4488313113	17.37
5	0	0	1	1064	66	21.5253369397	28.496316371	27.745699419	7.338
5	0	0	2	2412	150	21.5253369397	29.7726028645	29.0219859125	17.023
6	0	0	1	155	9	24.9793750333	30.2024315723	29.3313677463	11.402
6	0	0	2	1496	93	24.9793750333	26.5895604432	25.7184966172	11.559
7	0	0	1	1048	65	26.6487010184	31.446638707	30.5173632774	8.409
7	0	0	2	2399	149	26.6487010184	32.7113080298	31.7820326002	10.63
8	0	0	1	348	21	20.6999709303	27.6084106812	26.886575333	10.063
8	0	0	2	1691	105	20.6999709303	27.6009170569	26.8790817087	6.41
9	0	0	1	1254	78	22.1639141415	28.4949464953	27.7220615122	6.756
9	0	0	2	2603	162	22.1639141415	29.4941109856	28.7212260025	15.559
10	0	0	1	433	27	21.2902619161	30.3820453923	29.6396258171	4.63
10	0	0	2	1783	111	21.2902619161	30.5410572154	29.7986376402	5.905
11	0	0	1	429	26	21.9539468587	28.0746562176	27.3090930712	6.299
11	0	0	2	1775	110	21.9539468587	28.1666079005	27.4010447541	13.843
12	0	0	1	538	33	22.5494658554	27.5797255673	26.7933958863	7.496
12	0	0	2	1888	118	22.5494658554	27.4253079288	26.6389782479	12.126
13	0	0	1	489	30	24.880322982	23.6268018972	22.7591921472	14.535
13	0	0	2	1835	114	24.880322982	26.4618977564	25.5942880064	10.96
14	0	0	1	1250	78	18.5983855831	26.475778718	25.8272284288	4.094
14	0	0	2	2600	162	18.5983855831	29.2677920264	28.6192417371	21.622
15	0	0	1	1248	78	22.7315847003	27.7944154464	27.0017350406	7.622
15	0	0	2	2598	162	22.7315847003	30.1260666612	29.3333862554	17.276
16	0	0	1	157	9	24.7279319984	30.5655753559	29.7032796809	5.969
16	0	0	2	1497	93	24.7279319984	29.5387928848	28.6764972098	21.905
17	0	0	1	572	35	23.6026880476	31.2060314847	30.3829745537	5.654
17	0	0	2	1926	120	23.6026880476	31.9010711984	31.0780142674	9.275
18	0	0	1	473	29	20.5383952981	30.1455417285	29.4293407361	11.464
18	0	0	2	1818	113	20.5383952981	30.5610950804	29.8448940881	9.307
19	0	0	1	409	25	19.2568899228	30.9402587041	30.2687454981	24.851
19	0	0	2	1755	109	19.2568899228	31.3199557953	30.6484425893	7.653
20	0	0	1	778	48	24.2972451593	29.581413313	28.7341362574	6.063
20	0	0	2	2118	132	24.2972451593	33.0459904773	32.1987134218	8.677
21	0	0	1	1248	78	23.3833944975	27.3486858399	26.5332759648	5.842
21	0	0	2	2598	162	23.3833944975	29.1023035747	28.2868936997	16.252
22	0	0	1	170	10	25.9275209697	28.9284388697	28.0243119416	11.969
22	0	0	2	1513	94	25.9275209697	28.8316747068	27.9275477787	18.126
23	0	0	1	1273	79	21.4992301587	27.1336545186	26.3839479446	13.338
23	0	0	2	2624	164	21.4992301587	28.6130687968	27.8633622228	13.59
24	0	0	1	486	30	23.520763184	30.5107788983	29.6905787956	10.85
24	0	0	2	1831	114	23.520763184	31.134293412	30.3140933093	11.748
25	0	0	1	1240	77	25.1096499497	31.2037550741	30.3281483896	10.126
25	0	0	2	2589	161	25.1096499497	31.8154270218	30.9398203373	10.913
26	0	0	1	350	21	22.4676623735	30.127699938	29.3442228525	6.536
26	0	0	2	1694	105	22.4676623735	27.0921675556	26.3086904701	4.504
27	0	0	1	1268	79	27.0272290881	30.1880367958	29.2455615921	7.811
27	0	0	2	2618	163	27.0272290881	31.651577245	30.7091020412	12.063
28	0	0	1	916	57	26.5759904757	29.9387762928	29.0120363759	13.685
28	0	0	2	2258	141	26.5759904757	31.370179963	30.4434400461	4.283
29	0	0	1	432	27	25.4983141528	29.0725592963	28.1833993773	4.283
29	0	0	2	1779	111	25.4983141528	31.2775238826	30.3883639636	13.307
30	0	0	1	1237	77	21.4963428032	32.2484425216	31.4988366335	9.559
30	0	0	2	2587	161	21.4963428032	30.5828624475	29.8332565594	6.189
31	0	0	1	490	30	17.4691203182	31.297951758	30.6887804413	12.882
31	0	0	2	1834	114	17.4691203182	29.0644778841	28.4553065673	11.008
32	0	0	1	440	27	19.8895582976	28.4556278179	27.7620526294	5.134
32	0	0	2	1785	111	19.8895582976	28.6727801981	27.9792050096	4.347
33	0	0	1	471	29	21.5359010327	29.1037593064	28.3527739705	7.102
33	0	0	2	1818	113	21.5359010327	31.2054804229	30.4544950871	11.843
34	0	0	1	919	57	26.4632529001	30.0349767019	29.1121680933	12.945
34	0	0	2	2261	141	26.4632529001	29.7553834303	28.8325748217	5.307
35	0	0	1	802	50	22.088578165	35.2457924686	34.4755345506	8.661
35	0	0	2	2155	134	22.088578165	31.0436610456	30.2734031276	5.968
36	0	0	1	520	32	21.0905368516	29.6111964203	28.8757415221	8.74
36	0	0	2	1866	116	21.0905368516	28.9239913681	28.1885364699	6.267
37	0	0	1	431	26	19.3076400077	29.9133410483	29.2400581198	9.528
37	0	0	2	1777	111	19.3076400077	34.7022591226	34.0289761941	5.559
38	0	0	1	453	28	20.3704660839	34.5714664789	33.8611214002	9.512
38	0	0	2	1800	112	20.3704660839	32.8743345625	32.1639894838	7.339
39	0	0	1	1048	65	25.0463375962	34.8362173026	33.9628184036	7.402
39	0	0	2	2401	150	25.0463375962	29.771638995	28.898240096	23.622
40	0	0	1	417	26	22.5205671356	44.0752480773	43.2899261329	23.748
40	0	0	2	1779	111	22.5205671356	29.1764761395	28.391154195	9.968
41	0	0	1	1233	77	21.5872564454	35.4091623409	34.6563861739	5.26
41	0	0	2	2583	161	21.5872564454	32.6683033172	31.9155271502	10.929
42	0	0	1	1022	63	25.9391354877	30.8922831272	29.9877511856	19.716
42	0	0	2	2370	148	25.9391354877	23.6892114343	22.7846794927	14.126
43	0	0	1	491	30	22.0091897176	29.4918586007	28.7243690628	11.638
43	0	0	2	1834	114	22.0091897176	29.8515412243	29.0840516864	12.41
44	0	0	1	1057	66	26.7330012847	26.9595456541	26.0273305628	8.095
44	0	0	2	2403	150	26.7330012847	26.5517268206	25.6195117293	20.126
45	0	0	1	1062	66	24.0788326649	28.0115123696	27.1718516464	4.315
45	0	0	2	2410	150	24.0788326649	30.8983314467	30.0586707235	7.968
46	0	0	1	247	15	22.2284803151	29.7495497583	28.9744132674	6.488
46	0	0	2	1589	99	22.2284803151	32.4069430842	31.6318065933	5.843
47	0	0	1	494	30	19.5050567837	28.2967762722	27.6166091597	4.189
47	0	0	2	1840	115	19.5050567837	29.7322430634	29.0520759509	7.039
48	0	0	1	478	29	21.840252916	33.5576140015	32.7960155132	9.717
48	0	0	2	1827	114	21.840252916	28.2171775439	27.4555790555	6.063
49	0	0	1	415	25	23.1814006659	26.5233236588	25.7149575757	7.748
49	0	0	2	1762	110	23.1814006659	29.0500842695	28.2417181863	5.292
50	0	0	1	903	56	27.8307669661	29.7846371009	28.8141414692	11.653
50	0	0	2	2245	140	27.8307669661	30.3229008543	29.3524052226	8.63
51	0	0	1	1239	77	18.4558063794	30.6594898842	30.0159115203	6.221
51	0	0	2	2589	161	18.4558063794	30.1757850687	29.5322067047	12.473
52	0	0	1	1003	62	29.235520167	32.0807765409	31.0612953082	7.433
52	0	0	2	2350	146	29.235520167	30.030179999	29.0106987663	6.032
53	0	0	1	1250	78	22.6557545217	31.5991823546	30.8091462473	6.126
53	0	0	2	2599	162	22.6557545217	30.0162663065	29.2262301992	21.874
54	0	0	1	519	32	21.5661529611	28.8023132973	28.0502730368	5.685
54	0	0	2	1866	116	21.5661529611	32.0941091	31.3420688394	13.244
55	0	0	1	1237	77	21.0376976212	32.0502968236	31.3166844993	9.418
55	0	0	2	2585	161	21.0376976212	31.1769484171	30.4433360928	8.126
56	0	0	1	1286	80	23.2278183081	31.3077012143	30.4977164866	11.228
56	0	0	2	2637	164	23.2278183081	30.8898485076	30.0798637799	8.866
57	0	0	1	472	29	20.7120086194	32.9714263796	32.2491712612	26.709
57	0	0	2	1817	113	20.7120086194	32.2216336602	31.4993785418	10.819
58	0	0	1	1251	78	22.5198236869	29.1247254888	28.3394294694	7.842
58	0	0	2	2598	162	22.5198236869	32.057737434	31.2724414146	24.063
59	0	0	1	1242	77	21.9745439005	25.6303067373	24.8640253448	12.96
59	0	0	2	2593	162	21.9745439005	27.7674726084	27.001191216	6.693
60	0	0	1	154	9	26.7114748009	32.8929285631	31.9614641287	10.315
60	0	0	2	1495	93	26.7114748009	30.5402486383	29.6087842039	17.969
61	0	0	1	488	30	20.5356604036	31.3494534547	30.6333478317	6.945
61	0	0	2	1833	114	20.5356604036	26.8456829387	26.1295773157	9.874
63	0	0	1	470	29	18.5201181209	28.8304359295	28.1846149301	10.284
63	0	0	2	1817	113	18.5201181209	27.9698341125	27.3240131132	4.189
64	0	0	1	456	28	18.2140075992	39.7055568441	39.0704103232	6.772
64	0	0	2	1801	112	18.2140075992	39.8057172144	39.1705706935	12.126
64	1	0	1	471	29	18.2140075992	30.04568753	29.4105410091	7.638
64	1	0	2	1817	113	18.2140075992	27.1159562776	26.4808097568	11.055
65	0	0	1	1240	77	22.3799729525	30.7257118851	29.9452926457	8.598
65	0	0	2	2589	161	22.3799729525	34.59426676	33.8138475206	12.693
66	0	0	1	1279	79	25.0159436766	32.2765292037	31.4041901808	10.929
66	0	0	2	2627	164	25.0159436766	33.3480498571	32.4757108342	8.52
67	0	0	1	1000	62	23.0351935091	40.8647730257	40.0615053793	5.023
67	0	0	2	2341	146	23.0351935091	29.7868637908	28.9835961445	7.685
68	0	0	1	184	11	26.1365848729	30.9927038082	30.0812865455	9.685
68	0	0	2	1528	95	26.1365848729	29.9014167624	28.9899994997	18.252
69	0	0	1	1269	79	26.0424304123	29.3904983778	28.4823644056	9.842
69	0	0	2	2618	163	26.0424304123	31.0128337964	30.1046998242	6.96
70	0	0	1	1001	62	22.121776211	28.179156195	27.4077406172	9.181
70	0	0	2	2347	146	22.121776211	28.3853335588	27.6139179811	16.221
71	0	0	1	486	30	24.3761949317	34.062324106	33.2122939675	6.74
71	0	0	2	1831	114	24.3761949317	34.4199518129	33.5699216744	6.441
72	0	0	1	481	30	17.4828431624	29.6641920589	29.0545422084	25.874
72	0	0	2	1826	114	17.4828431624	27.8359030048	27.2262531543	4.252
73	0	0	1	1024	64	17.8883278643	24.1504656796	23.5266760416	6.221
73	0	0	2	2371	148	17.8883278643	25.2015071096	24.5777174716	16.221
74	0	0	1	230	14	24.5433960213	30.9340178812	30.0781572196	8.032
74	0	0	2	1576	98	24.5433960213	29.2903629943	28.4345023328	6.221
75	0	0	1	1227	76	19.7474979018	27.8773412157	27.1887198609	10.425
75	0	0	2	2578	161	19.7474979018	25.4564074536	24.7677860989	7.244
76	0	0	1	467	29	21.3544085664	29.6776493491	28.9329928954	6.063
76	0	0	2	1813	113	21.3544085664	32.1659409024	31.4212844488	5.275
77	0	0	1	490	30	24.2400213483	32.1540551569	31.3087735712	9.937
77	0	0	2	1835	114	24.2400213483	31.9292853965	31.0840038109	10.22
78	0	0	1	378	23	28.1370038033	31.0562824272	30.0751079122	4.771
78	0	0	2	1723	107	28.1370038033	29.9070590143	28.9258844993	7.402
79	0	0	1	491	30	19.1591095002	30.729666751	30.0615632776	16.693
79	0	0	2	1837	114	19.1591095002	30.782419506	30.1143160326	7.78
80	0	0	1	449	28	22.6279073523	29.16881993	28.3797548904	19.149
80	0	0	2	1796	112	22.6279073523	29.1899554873	28.4008904476	7.937
81	0	0	1	182	11	22.5464670255	29.7670719759	28.9808468681	7.842
81	0	0	2	1525	95	22.5464670255	28.9322487694	28.1460236616	5.37
82	0	0	1	1265	79	23.7377	30.9745686596	30.1468036833	8.346
82	0	0	2	2614	163	23.7377	30.0247449658	29.1969799895	4.63
83	0	0	1	1244	77	23.134468259	30.9130582064	30.1063287183	8.425
83	0	0	2	2594	162	23.134468259	28.3468738197	27.5401443316	15.527
84	0	0	1	1081	67	24.320484966	31.1942527069	30.3461652485	8.819
84	0	0	2	2427	151	24.320484966	32.3112537735	31.4631663151	10.221
85	0	0	1	1270	79	15.6261714286	35.1202204059	34.575315153	5.118
85	0	0	2	2619	163	15.6261714286	32.5301755914	31.9852703385	6.126
86	0	0	1	893	55	28.6908050227	36.8791671454	35.8786808499	12.882
86	0	0	2	2235	139	28.6908050227	35.1670800895	34.1665937939	8.756
87	0	0	1	1268	79	20.6236390158	30.7341243675	30.014950814	6.882
87	0	0	2	2617	163	20.6236390158	30.2704842416	29.5513106882	9.843
88	0	0	1	490	30	24.5886841065	31.5134531638	30.6560132468	13.197
88	0	0	2	1838	114	24.5886841065	31.1343918371	30.2769519202	13.653
89	0	0	1	240	15	23.1362631103	32.0326998018	31.2259077249	9.968
89	0	0	2	1581	98	23.1362631103	31.5850322181	30.7782401412	11.134
90	0	0	1	1218	76	20.2387937209	30.2465373847	29.5407838953	5.04
90	0	0	2	2567	160	20.2387937209	31.1350727439	30.4293192546	14.599
91	0	0	1	1033	64	17.1793768453	44.5847044865	43.9856369077	7.527
91	0	0	2	2372	148	17.1793768453	33.4544893653	32.8554217865	14.709
92	0	0	1	491	30	23.5674269862	27.7562272916	26.9343999604	14
92	0	0	2	1835	114	23.5674269862	27.4250575931	26.6032302619	12.189
93	0	0	1	1237	77	22.0117083592	30.3348918021	29.5673144358	9.559
93	0	0	2	2586	161	22.0117083592	30.250251566	29.4826741997	15.842
94	0	0	1	809	50	22.2354144373	33.2952554324	32.5198771395	6.41
94	0	0	2	2151	134	22.2354144373	33.6880367252	32.9126584323	4.472
95	0	0	1	474	29	18.63010326	32.2511535422	31.6014972156	11.433
95	0	0	2	1818	113	18.63010326	30.9654420252	30.3157856987	9.748
96	0	0	1	1089	68	22.6015920746	29.8154576773	29.0273102862	6.803
96	0	0	2	2438	152	22.6015920746	30.0894200281	29.3012726369	7.118
97	0	0	1	1253	78	23.4861179222	30.4564552951	29.6374633184	8.095
97	0	0	2	2602	162	23.4861179222	29.9279178647	29.1089258881	17.071
98	0	0	1	1268	79	28.0968460741	28.107418844	27.1276446821	6.992
98	0	0	2	2619	163	28.0968460741	28.5234330146	27.5436588527	15.134
99	0	0	1	1063	66	24.2834513851	33.2421460656	32.3953500171	10.599
99	0	0	2	2411	150	24.2834513851	29.9628988036	29.1161027551	16.645
100	0	0	1	534	33	16.0168772987	29.2317878736	28.6732581906	10.771
100	0	0	2	1879	117	16.0168772987	29.1664637808	28.6079340978	9.543
101	0	0	1	488	30	21.5000287758	28.8822567288	28.132522306	7.559
101	0	0	2	1832	114	21.5000287758	30.3168195847	29.5670851619	6.582
102	0	0	1	554	34	21.4231193796	29.1364986753	28.3894461848	5.716
102	0	0	2	1905	119	21.4231193796	26.7758233054	26.0287708149	8
103	0	0	1	163	10	22.0184795628	24.9974940209	24.2296805338	14.535
103	0	0	2	1504	94	22.0184795628	27.2054773102	26.4376638231	5.118
104	0	0	1	1241	77	23.001525398	32.5192705529	31.7171769581	9.717
104	0	0	2	2590	161	23.001525398	29.8141661633	29.0120725685	10.85
105	0	0	1	550	34	15.979595535	29.6080701902	29.0508405716	8.52
105	0	0	2	1895	118	15.979595535	31.3703929278	30.8131633092	10.457
106	0	0	1	1242	77	24.3942268708	28.374851722	27.524192786	9.716
106	0	0	2	2580	161	24.3942268708	26.3925026175	25.5418436815	4.771
107	0	0	1	539	33	20.4886282935	29.9136070194	29.1991414682	12.094
107	0	0	2	1890	118	20.4886282935	28.1708563382	27.4563907871	12.409
108	0	0	1	1264	79	26.8236121108	27.1962687653	26.2608939547	6.567
108	0	0	2	2615	163	26.8236121108	26.7954905331	25.8601157225	12.504
109	0	0	1	1275	79	22.1838870808	30.0703789277	29.2967974619	10.126
109	0	0	2	2625	164	22.1838870808	31.7097730522	30.9361915864	11.622
110	0	0	1	485	30	17.8410260071	30.9311799145	30.3090397548	6.614
110	0	0	2	1829	114	17.8410260071	31.8449451915	31.2228050318	6.992
111	0	0	1	997	62	20.2244630242	29.3097161248	28.6044623658	12.504
111	0	0	2	2343	146	20.2244630242	28.829510489	28.12425673	8.567
112	0	0	1	1268	79	22.4877685156	32.5836383783	31.7994601651	9.496
112	0	0	2	2616	163	22.4877685156	33.4066877274	32.6225095143	13.26
113	0	0	1	491	30	21.2235467093	29.6760269428	28.9359338151	13.244
113	0	0	2	1838	114	21.2235467093	31.3092539465	30.5691608188	8.725
115	0	0	1	432	27	22.5698800909	28.1840869295	27.3970453772	10.567
115	0	0	2	1780	111	22.5698800909	28.5863139817	27.7992724294	10.63
116	0	0	1	1236	77	20.445335905	31.1881911491	30.4752352607	6.126
116	0	0	2	2584	161	20.445335905	30.8433157926	30.1303599043	5.622
117	0	0	1	490	30	21.2060079542	28.4522655492	27.7127840211	13.26
117	0	0	2	1834	114	21.2060079542	27.2714710151	26.5319894869	5.386
118	0	0	1	1264	79	21.8795093962	28.4414899102	27.6785224965	12.63
118	0	0	2	2613	163	21.8795093962	27.5951299219	26.8321625082	5.008
118	1	0	1	1255	78	21.8795093962	37.5245957247	36.761628311	12.725
118	1	0	2	2614	163	21.8795093962	28.7883036725	28.0253362589	14.126
119	0	0	1	1218	76	17.3465553454	28.3524971031	27.747599789	10.378
119	0	0	2	2567	160	17.3465553454	28.1836713548	27.5787740406	10.897
120	0	0	1	1275	79	25.0251215227	30.3116860567	29.4390269902	9.338
120	0	0	2	2625	164	25.0251215227	28.2262992054	27.3536401389	13.78
121	0	0	1	1250	78	19.9117877359	30.506482237	29.8121318786	6.536
121	0	0	2	2600	162	19.9117877359	29.5889290772	28.8945787188	18.252
122	0	0	1	488	30	21.4561668861	26.5313253999	25.7831204991	16.504
122	0	0	2	1833	114	21.4561668861	26.7568555554	26.0086506547	8.189
123	0	0	1	1254	78	19.4048093556	30.9352073271	30.258535975	5.559
123	0	0	2	2602	162	19.4048093556	29.0186046005	28.3419332484	14.378
124	0	0	1	887	55	23.6395846319	31.8217686224	30.9974250587	8.252
124	0	0	2	2218	138	23.6395846319	30.988646505	30.1643029413	12.378
125	0	0	1	1281	80	27.580765089	28.9572033826	27.9954256468	12
125	0	0	2	2630	164	27.580765089	30.9082510538	29.946473318	10.347
126	0	0	1	487	30	17.0315317422	29.4133067679	28.8193947432	5.512
126	0	0	2	1831	114	17.0315317422	30.8197711209	30.2258590962	12.519
127	0	0	1	378	23	22.7680369489	26.1839432482	25.3899917043	8.693
127	0	0	2	1723	107	22.7680369489	26.3971916154	25.6032400715	13.842
128	0	0	1	485	30	18.9531829449	30.5421922923	29.88126975	10.441
128	0	0	2	1831	114	18.9531829449	29.1890442984	28.5281217561	5.559
129	0	0	1	1064	66	21.4980717192	28.9108292338	28.1611630561	9.717
129	0	0	2	2412	150	21.4980717192	29.4906013864	28.7409352088	6.835
130	0	0	1	1269	79	22.8797	31.5148197556	30.7169743735	13.937
130	0	0	2	2619	163	22.8797	29.0942143203	28.2963689381	14.882
131	0	0	1	430	26	23.1497178201	29.6650932841	28.8578320236	8.598
131	0	0	2	1776	111	23.1497178201	29.5152897462	28.7080284858	11.008
132	0	0	1	1042	65	16.8255655249	31.3934740197	30.8067443093	4
132	0	0	2	2388	149	16.8255655249	30.6220695379	30.0353398274	6.898
133	0	0	1	471	29	19.7272146633	25.7636860801	25.0757720288	9.04
133	0	0	2	1817	113	19.7272146633	27.885743006	27.1978289547	11.181
134	0	0	1	1268	79	20.7114804878	32.7451939595	32.0229572577	6.693
134	0	0	2	2618	163	20.7114804878	29.9483495577	29.226112856	4.834
135	0	0	1	1056	66	21.464337695	32.3960039232	31.6475140956	4.457
135	0	0	2	2401	150	21.464337695	32.275943737	31.5274539093	17.811
136	0	0	1	1057	66	28.7617054011	28.1237544624	27.1207957769	11.244
136	0	0	2	2402	150	28.7617054011	29.0245620061	28.0216033206	16.441
137	0	0	1	433	27	25.4274665674	33.6070849557	32.7203955857	7.843
137	0	0	2	1781	111	25.4274665674	31.4571143531	30.5704249831	7.276
138	0	0	1	473	29	20.0175251313	29.1548634473	28.4568258862	8.535
138	0	0	2	1818	113	20.0175251313	29.8624208275	29.1643832664	8.914
139	0	0	1	513	32	17.8853524064	31.8643434435	31.2406575637	5.134
139	0	0	2	1861	116	17.8853524064	32.6326131911	32.0089273112	9.716
140	0	0	1	1090	68	23.2533879467	42.8940383262	42.0831619514	17.212
140	0	0	2	2441	152	23.2533879467	29.9874136002	29.1765372254	6.094
141	0	0	1	1264	79	24.0032611731	31.0080897588	30.1710643134	9.023
141	0	0	2	2614	163	24.0032611731	32.4578549822	31.6208295368	9.968
142	0	0	1	456	28	22.199363593	29.8601778945	29.0860567421	4.441
142	0	0	2	1801	112	22.199363593	31.2059871336	30.4318659813	8.851
143	0	0	1	1265	79	18.7244616474	27.0260667171	26.3731199889	10.976
143	0	0	2	2609	163	18.7244616474	27.9648282737	27.3118815455	17.134
144	0	0	1	1245	77	20.8420734792	29.5708315759	28.8440409239	7.654
144	0	0	2	2597	162	20.8420734792	29.3213032482	28.5945125963	4.898
145	0	0	1	489	30	18.0275782715	32.322653803	31.6940083192	9.969
145	0	0	2	1833	114	18.0275782715	30.2989365815	29.6702910978	15.496
146	0	0	1	467	29	20.7387147802	32.1235298598	31.4003434623	4.536
146	0	0	2	1814	113	20.7387147802	32.3308688326	31.6076824351	9.622
147	0	0	1	1265	79	24.8123767142	32.0124618854	31.1472215115	12.803
147	0	0	2	2615	163	24.8123767142	31.0143680357	30.1491276619	11.465
148	0	0	1	1237	77	23.8178449258	30.3329223859	29.5023626502	7.181
148	0	0	2	2587	161	23.8178449258	29.6450545469	28.8144948112	6.708
150	0	0	1	439	27	22.6649526798	31.629767568	30.8394107088	7.465
150	0	0	2	1783	111	22.6649526798	30.166896344	29.3765394848	12
151	0	0	1	1060	66	22.1703215031	29.4271320887	28.6540236724	5.559
151	0	0	2	2407	150	22.1703215031	26.2037395433	25.4306311271	12.504
152	0	0	1	901	56	29.0929163396	33.4590000477	32.4444915989	7.527
152	0	0	2	2242	140	29.0929163396	29.8278824628	28.8133740141	8.535
153	0	0	1	1224	76	17.2929673274	29.8618867559	29.2588581268	6.267
153	0	0	2	2574	160	17.2929673274	30.6727438397	30.0697152106	10.284
154	0	0	1	430	26	22.1571911829	28.9104997907	28.137849246	18.252
154	0	0	2	1775	110	22.1571911829	29.073501569	28.3008510244	12.598
155	0	0	1	1224	76	17.5200685257	30.473672036	29.8627240879	10.803
155	0	0	2	2574	160	17.5200685257	29.7743182705	29.1633703224	16.22
156	0	0	1	1250	78	22.4553693947	30.2960486449	29.5130002319	7.292
156	0	0	2	2598	162	22.4553693947	31.0422625612	30.2592141482	23.874
156	1	0	1	1248	78	22.4553693947	30.7124272843	29.9293788712	5.622
156	1	0	2	2599	162	22.4553693947	32.4035052185	31.6204568055	13.275
157	0	0	1	521	32	22.2463114752	28.8968108287	28.1210525417	5.685
157	0	0	2	1869	116	22.2463114752	29.6205641953	28.8448059083	8.882
158	0	0	1	1061	66	26.3596559442	29.810101982	28.8909059362	9.59
158	0	0	2	2413	150	26.3596559442	29.5564771306	28.6372810847	13.842
159	0	0	1	478	29	23.1416894535	31.3469817077	30.540000407	8.803
159	0	0	2	1826	114	23.1416894535	30.6846268548	29.8776455542	6.441
160	0	0	1	513	32	17.1273150749	29.7183292158	29.1210770997	4.803
160	0	0	2	1860	116	17.1273150749	31.4851636886	30.8879115725	12.835
161	0	0	1	1268	79	19.5748443826	28.836514976	28.1539142777	5.134
161	0	0	2	2617	163	19.5748443826	29.6766880992	28.9940874009	8.63
162	0	0	1	899	56	25.8062660412	29.63344332	28.7335447116	7.905
162	0	0	2	2242	140	25.8062660412	32.1000235588	31.2001249504	4.961
163	0	0	1	1283	80	18.0867557587	29.7234588043	29.0927497233	6.221
163	0	0	2	2634	164	18.0867557587	28.487359475	27.8566503941	10.929
164	0	0	1	489	30	20.9283643285	29.451941718	28.7221419901	9.685
164	0	0	2	1833	114	20.9283643285	29.2111450554	28.4813453275	9.717
165	0	0	1	1258	78	22.3357352225	29.2290525324	28.4501759211	4.063
165	0	0	2	2602	162	22.3357352225	30.0594469698	29.2805703585	10.221
166	0	0	1	1237	77	19.643940038	28.3110596177	27.6260494626	6.567
166	0	0	2	2586	161	19.643940038	30.2581145501	29.573104395	7.134
167	0	0	1	438	27	21.8352410435	29.736615578	28.9751918603	13.481
167	0	0	2	1783	111	21.8352410435	30.6237407777	29.8623170599	9.748
168	0	0	1	518	32	23.2161327578	30.9580169655	30.1484397284	5.149
168	0	0	2	1865	116	23.2161327578	31.5546923338	30.7451150967	8.63
169	0	0	1	571	35	24.2753132155	28.5195335432	27.6730212835	8.189
169	0	0	2	1921	120	24.2753132155	30.3292512191	29.4827389594	11.37
170	0	0	1	1265	79	20.6931821128	32.1388506908	31.4172520776	7.023
170	0	0	2	2615	163	20.6931821128	28.9487269315	28.2271283183	7.213
171	0	0	1	1272	79	21.8240440894	29.0559268641	28.294893599	17.039
171	0	0	2	2622	163	21.8240440894	34.5913811215	33.8303478563	8.851
172	0	0	1	430	26	21.4992804107	29.5873361071	28.8376277807	7.717
172	0	0	2	1779	111	21.4992804107	28.2956638596	27.5459555332	5.748
174	0	0	1	1271	79	25.3193994738	30.063669713	29.1807487854	5.685
174	0	0	2	2619	163	25.3193994738	31.0642648316	30.1813439039	9.496
175	0	0	1	214	13	23.2595481781	25.235920827	24.4248296369	14.032
175	0	0	2	1558	97	23.2595481781	25.8551245109	25.0440333207	16.583
176	0	0	1	534	33	24.5416977829	17.8347655849	16.9789641432	14.945
176	0	0	2	1874	117	24.5416977829	18.5087633204	17.6529618787	7.874
177	0	0	1	249	15	20.2318335566	31.8356260361	31.1301152569	7.464
177	0	0	2	1592	99	20.2318335566	34.0231124384	33.3176016591	6.252
178	0	0	1	524	32	17.6146758784	30.8102366384	30.1959896068	4.693
178	0	0	2	1873	117	17.6146758784	27.4895655323	26.8753185007	4
179	0	0	1	430	26	20.9935674419	29.14685653	28.4147830834	4.252
179	0	0	2	1776	111	20.9935674419	31.1248116515	30.3927382049	8.252
180	0	0	1	1256	78	17.8783422303	33.4449576389	32.8215162132	5.654
180	0	0	2	2604	162	17.8783422303	31.9933849957	31.36994357	16.52
181	0	0	1	429	26	25.1432945143	32.5267453772	31.6499654622	7.748
181	0	0	2	1775	110	25.1432945143	31.3577472974	30.4809673825	11.968
182	0	0	1	485	30	22.0352833775	29.6324056708	28.8640062125	11.937
182	0	0	2	1830	114	22.0352833775	32.2257628641	31.4573634057	7.544
183	0	0	1	415	25	22.6088120005	29.3941426293	28.6057434698	5.181
183	0	0	2	1760	110	22.6088120005	28.8865179604	28.0981188008	11.905
184	0	0	1	807	50	27.7940134665	32.0642470969	31.0950331083	8.063
184	0	0	2	2150	134	27.7940134665	34.1435524013	33.1743384127	14.252
185	0	0	1	530	33	19.3790438302	29.4298867524	28.7541138782	16.252
185	0	0	2	1879	117	19.3790438302	27.2956703553	26.6198974811	12.095
186	0	0	1	1281	80	19.4725413152	29.9407803177	29.2617470627	9.244
186	0	0	2	2630	164	19.4725413152	34.4726293606	33.7935961055	14.157
187	0	0	1	1255	78	23.6700952784	31.8632857575	31.0378782473	7.685
187	0	0	2	2602	162	23.6700952784	32.86661378	32.0412062697	15.874
188	0	0	1	557	34	21.3380666	32.318526601	31.5744400134	10.913
188	0	0	2	1907	119	21.3380666	30.3615803227	29.617493735	8
189	0	0	1	778	48	27.6914080313	31.5519735685	30.5863375671	6.866
189	0	0	2	2119	132	27.6914080313	27.4607253434	26.4950893419	14.977
190	0	0	1	1269	79	20.8144026472	29.3537073382	28.6278816048	10.63
190	0	0	2	2619	163	20.8144026472	28.1051164564	27.3792907229	7.181
191	0	0	1	470	29	22.7502366677	32.2233778584	31.4300470338	8.268
191	0	0	2	1817	113	22.7502366677	30.7948312362	30.0015004116	9.779
192	0	0	1	259	16	26.1644131253	30.274262276	29.3618746053	11.779
192	0	0	2	1602	100	26.1644131253	29.9432638165	29.0308761459	14.126
193	0	0	1	901	56	30.2154571637	30.0204124871	28.966759556	6.771
193	0	0	2	2242	140	30.2154571637	30.5522344693	29.4985815382	12.882
194	0	0	1	431	26	24.0062414108	31.1594113178	30.3222819476	9.26
194	0	0	2	1779	111	24.0062414108	33.1801258716	32.3429965014	6.252
195	0	0	1	477	29	22.136203316	30.6835382652	29.9116195952	9.134
195	0	0	2	1826	114	22.136203316	29.0680158578	28.2960971878	4.598
196	0	0	1	491	30	24.2284369589	29.0930158533	28.2481382306	13.528
196	0	0	2	1835	114	24.2284369589	29.1635884131	28.3187107904	7.229
197	0	0	1	549	34	22.3166706801	27.7149884882	26.9367766827	12.362
197	0	0	2	1897	118	22.3166706801	26.2786862283	25.5004744228	13.559
198	0	0	1	456	28	24.9387940081	28.9782674841	28.1086187721	7.134
198	0	0	2	1801	112	24.9387940081	31.4660185843	30.5963698723	11.748
199	0	0	1	870	54	25.8085814799	29.5498110237	28.6498316729	10.914
199	0	0	2	2212	138	25.8085814799	30.7199893897	29.8200100389	17.811
200	0	0	1	1270	79	22.1811569106	32.3795421592	31.6060558979	11.906
200	0	0	2	2619	163	22.1811569106	30.4525439471	29.6790576858	10.283
201	0	0	1	533	33	14.9178799471	31.2643652725	30.7441590798	8.504
201	0	0	2	1876	117	14.9178799471	27.7936201218	27.2734139291	4.472
202	0	0	1	1238	77	25.7223601678	29.9226631808	29.0256904812	5.401
202	0	0	2	2587	161	25.7223601678	29.4145351833	28.5175624836	13.433
203	0	0	1	430	26	22.4816498339	32.6098459518	31.8258811052	15.685
203	0	0	2	1777	111	22.4816498339	29.9416668395	29.1577019928	5.559
205	0	0	1	449	28	20.1429246899	29.0394595043	28.3370490948	19.716
205	0	0	2	1797	112	20.1429246899	30.2405947174	29.5381843079	6.662
206	0	0	1	168	10	25.5173541318	34.3017490151	33.4119251468	7.811
206	0	0	2	1511	94	25.5173541318	31.4350007108	30.5451768425	12.158
207	0	0	1	1241	77	22.0770743219	31.7667522591	30.9968954953	6.504
207	0	0	2	2590	161	22.0770743219	33.3646396889	32.5947829251	10.771
208	0	0	1	489	30	19.0961786783	29.99292683	29.3270178376	12.693
208	0	0	2	1834	114	19.0961786783	30.232470121	29.5665611286	8.425
209	0	0	1	1271	79	20.7289963548	29.5201757676	28.7973282645	6.252
209	0	0	2	2618	163	20.7289963548	31.1060042221	30.383156719	15.307
210	0	0	1	932	58	25.2349597329	34.3148540978	33.4348776955	17.165
210	0	0	2	2284	142	25.2349597329	32.7992064557	31.9192300534	12.504
211	0	0	1	457	28	28.0799720524	28.365265253	27.3860795106	13.417
211	0	0	2	1803	112	28.0799720524	26.7361592446	25.7569735022	18.519
212	0	0	1	1218	76	19.0999699469	28.0727551328	27.4067139338	12.693
212	0	0	2	2568	160	19.0999699469	27.307449437	26.641408238	13.134
213	0	0	1	1211	75	20.4160192543	29.1936245647	28.4816909867	9.622
213	0	0	2	2561	160	20.4160192543	31.3108414656	30.5989078877	15.779
214	0	0	1	778	48	31.6523239326	24.5442579299	23.4404995553	20.708
214	0	0	2	2119	132	31.6523239326	23.648102229	22.5443438545	21.087
215	0	0	1	903	56	28.0143787553	23.169617006	22.1927185885	7.04
215	0	0	2	2247	140	28.0143787553	30.2961580563	29.3192596388	7.008
216	0	0	1	487	30	21.8695148303	28.694783015	27.932164125	16.441
216	0	0	2	1832	114	21.8695148303	32.0264758018	31.2638569118	10.189
217	0	0	1	1093	68	23.3521819862	28.0552050322	27.2408835786	5.622
217	0	0	2	2442	152	23.3521819862	27.722679015	26.9083575614	11.622
218	0	0	1	1221	76	17.1469650698	28.007958942	27.4100216047	5.591
218	0	0	2	2572	160	17.1469650698	26.3854895069	25.7875521695	11.843
219	0	0	1	1000	62	27.6774244841	47.012953575	46.0478051983	12.126
219	0	0	2	2349	146	27.6774244841	35.312963359	34.3478149823	12.74
220	0	0	1	520	32	20.6351846187	30.3800058855	29.6604297216	11.937
220	0	0	2	1867	116	20.6351846187	29.4106738664	28.6910977025	4.567
221	0	0	1	1264	79	22.6007408658	30.2170859832	29.4289682749	7.654
221	0	0	2	2615	163	22.6007408658	30.3517311117	29.5636134033	17.464
222	0	0	1	433	27	21.5436855899	29.3200256092	28.5687688156	10.724
222	0	0	2	1781	111	21.5436855899	28.3317124575	27.5804556638	14.441
223	0	0	1	1255	78	15.5878652913	29.5340840356	28.9905145683	10.425
223	0	0	2	2604	162	15.5878652913	30.1205742679	29.5770048007	14.819
224	0	0	1	1245	77	21.1571775076	31.0898923377	30.3521135917	10.252
224	0	0	2	2597	162	21.1571775076	30.9645307328	30.2267519869	22.551
225	0	0	1	1061	66	27.0893679269	23.3703023134	22.4256602462	7.37
225	0	0	2	2423	151	27.0893679269	29.106881314	28.1622392468	6.598
226	0	0	1	1265	79	24.1407132093	31.9822631587	31.1404445791	9.465
226	0	0	2	2615	163	24.1407132093	32.6262672963	31.7844487168	7.527
227	0	0	1	489	30	19.2500867166	29.3789966045	28.7077206353	9.622
227	0	0	2	1834	114	19.2500867166	30.10317488	29.4318989109	14.473
228	0	0	1	1094	68	21.3458428468	38.4234757608	37.6791180051	8.63
228	0	0	2	2426	151	21.3458428468	30.9006006985	30.1562429428	6.157
229	0	0	1	1224	76	18.8668272698	31.0806549714	30.4227437657	10.252
229	0	0	2	2575	160	18.8668272698	25.8569024347	25.198991229	7.874
230	0	0	1	1094	68	20.5396482679	32.4488472929	31.7326026079	5.181
230	0	0	2	2442	152	20.5396482679	27.2203983854	26.5041537004	12.315
231	0	0	1	1265	79	22.0454097345	30.2450488346	29.4762962568	10.22
231	0	0	2	2616	163	22.0454097345	30.9261263413	30.1573737635	15.15
232	0	0	1	183	11	25.7527209068	29.4520645423	28.5540331235	7.464
232	0	0	2	1526	95	25.7527209068	29.3293623472	28.4313309284	9.008
233	0	0	1	473	29	17.8578208291	29.3972762186	28.7745504013	11.968
233	0	0	2	1817	113	17.8578208291	30.8146988342	30.1919730169	10
234	0	0	1	470	29	19.4472375113	31.2300243281	30.5518734501	8.599
234	0	0	2	1817	113	19.4472375113	29.675139481	28.996988603	10.221
235	0	0	1	430	26	21.0457726004	29.0587242852	28.3248303756	15.496
235	0	0	2	1763	110	21.0457726004	29.0165832079	28.2826892983	11.748
236	0	0	1	804	50	20.5170439478	31.0215320195	30.306075577	12.441
236	0	0	2	2145	134	20.5170439478	32.0035842157	31.2881277731	4.031
237	0	0	1	1244	77	21.000694393	32.9363267497	32.2040047768	6.977
237	0	0	2	2593	162	21.000694393	31.4479912629	30.71566929	15.37
239	0	0	1	1246	77	21.1251425376	30.2685080765	29.5318464323	8.567
239	0	0	2	2597	162	21.1251425376	29.1761465401	28.439484896	22.724
240	0	0	1	1234	77	20.8444255479	28.9138595232	28.1869868515	6.126
240	0	0	2	2584	161	20.8444255479	29.520289902	28.7934172303	10.866
241	0	0	1	449	28	25.2417617548	28.6322690539	27.7520554562	26.189
241	0	0	2	1796	112	25.2417617548	29.0947211247	28.214507527	6.204
242	0	0	1	456	28	20.4314235326	30.6789011734	29.9664304279	6.315
242	0	0	2	1801	112	20.4314235326	29.8150470603	29.1025763148	7.134
243	0	0	1	1255	78	24.6313990712	29.2636610318	28.4047315876	6.441
243	0	0	2	2601	162	24.6313990712	31.6737124943	30.8147830501	11.433
244	0	0	1	1246	77	24.2693074023	30.5191816417	29.6728788126	9.59
244	0	0	2	2594	162	24.2693074023	29.7871040958	28.9408012667	12.41
244	1	0	1	1245	77	24.2693074023	31.5494967038	30.7031938747	11.937
244	1	0	2	2596	162	24.2693074023	31.3031376796	30.4568348505	16.189
245	0	0	1	1094	68	20.0470523606	32.2508536827	31.5517864681	9.181
245	0	0	2	2442	152	20.0470523606	32.1423703424	31.4433031277	11.748
246	0	0	1	488	30	23.6887852324	30.6061163672	29.7800571135	10.063
246	0	0	2	1832	114	23.6887852324	29.3183841244	28.4923248707	12.693
247	0	0	1	1220	76	20.4337450911	28.8469547937	28.1344030924	19.275
247	0	0	2	2562	160	20.4337450911	28.9736294299	28.2610777285	8.504
248	0	0	1	473	29	20.1153171781	29.3474001875	28.6459524884	13.386
248	0	0	2	1819	113	20.1153171781	29.842022316	29.140574617	12.189
249	0	0	1	1064	66	23.0564779807	27.0150669213	26.2110570574	8.473
249	0	0	2	2412	150	23.0564779807	32.204889442	31.400879578	7.149
250	0	0	1	433	27	20.5025445958	28.4395678575	27.7246170266	9.024
250	0	0	2	1780	111	20.5025445958	27.5404162005	26.8254653696	13.968
251	0	0	1	282	17	24.8241924241	30.6508231601	29.7851707569	13.937
251	0	0	2	1628	101	24.8241924241	30.365315451	29.4996630477	16.866
252	0	0	1	1217	76	26.9637364416	29.199729962	28.2594688307	6.346
252	0	0	2	2567	160	26.9637364416	29.7923073664	28.8520462351	11.811
253	0	0	1	1081	67	21.8123605676	31.9032165773	31.1425907321	9.118
253	0	0	2	2427	151	21.8123605676	28.801033947	28.0404081017	11.433
254	0	0	1	1064	66	24.5241310317	30.7893734057	29.9341845399	14.662
254	0	0	2	2411	150	24.5241310317	30.1945254167	29.3393365509	9.591
255	0	0	1	430	26	18.497763008	26.2134453276	25.5684038806	12.095
255	0	0	2	1776	111	18.497763008	25.1834462746	24.5384048276	5.842
256	0	0	1	447	27	21.1575880382	28.1465944374	27.4088013757	6.961
256	0	0	2	1793	112	21.1575880382	33.4162853319	32.6784922702	5.292
257	0	0	1	490	30	22.009936761	28.1869076249	27.4193920366	21.307
257	0	0	2	1834	114	22.009936761	29.9411272397	29.1736116514	11.559
258	0	0	1	932	58	25.6190284571	24.1669178878	23.2735485014	20.126
258	0	0	2	2274	142	25.6190284571	28.1452591792	27.2518897928	4.22
258	1	0	1	931	58	25.6190284571	23.8194868506	22.9261174643	6.347
258	1	0	2	2267	141	25.6190284571	32.5251754481	31.6318060617	8.725
259	0	0	1	337	21	18.924916796	48.3314184433	47.6714815791	10.63
259	0	0	2	1681	105	18.924916796	48.3999865587	47.7400496945	11.276
260	0	0	1	488	30	20.7913165477	29.2935832002	28.5685625095	9.039
260	0	0	2	1832	114	20.7913165477	30.7138912314	29.9888705407	6.677
261	0	0	1	430	26	24.4474410467	30.9508869049	30.0983723202	5.717
261	0	0	2	1776	111	24.4474410467	29.9336825262	29.0811679415	6.41
262	0	0	1	933	58	27.1642068564	26.5599362553	25.6126844557	15.874
262	0	0	2	2276	142	27.1642068564	26.7814825555	25.8342307559	9.843
263	0	0	1	482	30	20.9905116707	30.2009501778	29.4689832899	28.882
263	0	0	2	1829	114	20.9905116707	29.6583737865	28.9264068986	11.969
264	0	0	1	529	33	20.8436498653	27.3779438116	26.651098189	11.244
264	0	0	2	1892	118	20.8436498653	31.3372396249	30.6103940023	13.023
265	0	0	1	562	35	26.1157825467	29.843415539	28.9327236809	6.284
265	0	0	2	1910	119	26.1157825467	27.9538145845	27.0431227264	4.394
267	0	0	1	548	34	20.6560085322	30.4552109231	29.7349086018	6.331
267	0	0	2	1893	118	20.6560085322	31.5297019095	30.8093995882	13.024
268	0	0	1	168	10	16.111445625	24.5417612959	23.9799338904	4.441
268	0	0	2	1508	94	16.111445625	28.8852733594	28.3234459538	18.283
269	0	0	1	492	30	23.571730333	27.5819930336	26.7600156391	11.622
269	0	0	2	1838	114	23.571730333	25.6711358123	24.8491584177	12.677
270	0	0	1	547	34	17.5025281191	28.6263336333	28.0159973423	9.465
270	0	0	2	1893	118	17.5025281191	34.0397520132	33.4294157223	9.134
271	0	0	1	1269	79	21.9910960159	30.2801555736	29.513296987	8
271	0	0	2	2618	163	21.9910960159	28.0325487753	27.2656901886	5.197
272	0	0	1	485	30	22.4451045482	27.7295281621	26.9468376978	14.189
272	0	0	2	1829	114	22.4451045482	29.6662304118	28.8835399476	4.819
273	0	0	1	1218	76	21.3088107636	29.3442100944	28.6011436964	8.599
273	0	0	2	2567	160	21.3088107636	27.8354694559	27.092403058	15.716
274	0	0	1	478	29	20.2184022817	30.2902459438	29.5852035309	9.26
274	0	0	2	1826	114	20.2184022817	27.7888989214	27.0838565085	4.409
275	0	0	1	1253	78	22.1953448824	29.6557024343	28.8817214197	7.78
275	0	0	2	2601	162	22.1953448824	30.5477832649	29.7738022504	18.472
276	0	0	1	558	34	23.1188063566	2.26434205541	1.45815871857	15.937
276	0	0	2	1908	119	23.1188063566	1.58931942226	0.783136085427	8.031
277	0	0	1	486	30	21.2403077304	27.5125819201	26.7719043134	4.898
277	0	0	2	1832	114	21.2403077304	30.4106429331	29.6699653264	6.063
278	0	0	1	1234	77	22.5769468063	31.020137736	30.2328497579	5.465
278	0	0	2	2584	161	22.5769468063	30.6380685192	29.8507805411	11.165
279	0	0	1	1244	77	21.8642884325	33.4464027174	32.6839660789	7.181
279	0	0	2	2594	162	21.8642884325	32.5547567046	31.7923200661	18.913
281	0	0	1	470	29	25.6380241188	25.0004871362	24.1064553461	10.284
281	0	0	2	1816	113	25.6380241188	27.0651078898	26.1710760996	7.591
282	0	0	1	1094	68	25.2212259945	31.0348377179	30.1553402293	5.402
282	0	0	2	2442	152	25.2212259945	29.9614227429	29.0819252542	4.898
283	0	0	1	1269	79	22.7256310345	31.695470747	30.9029979534	9.291
283	0	0	2	2618	163	22.7256310345	29.8345538099	29.0420810162	10.504
284	0	0	1	159	9	23.4058930395	30.4049309284	29.5887364995	7.433
284	0	0	2	1499	93	23.4058930395	30.07593988	29.259745451	15.968
285	0	0	1	219	13	28.482907724	3.20103087132	2.20779422936	11.874
285	0	0	2	1560	97	28.482907724	2.20320806037	1.20997141841	11.087
286	0	0	1	489	30	17.5607952023	8.60050817592	7.9881400348	22.158
286	0	0	2	1833	114	17.5607952023	12.0010950295	11.3887268884	15.874
287	0	1	1	180	11	26.4578922209	31.4733390876	30.550717413	6.961
287	0	1	2	1524	95	26.4578922209	28.6633525495	27.7407308749	18.22
288	0	1	1	808	50	23.9232274716	29.4546083444	28.6203737799	20.347
288	0	1	2	2149	134	23.9232274716	30.8919387666	30.0577042022	18.851
289	0	1	1	1241	77	21.9260563922	28.0549612396	27.2903706707	12.346
289	0	1	2	2590	161	21.9260563922	29.7836940649	29.019103496	13.937
290	0	1	1	1060	66	21.0079287309	27.555668206	26.8230939622	18
290	0	1	2	2406	150	21.0079287309	28.2721728173	27.5395985735	23.527
291	0	1	1	491	30	22.9808184055	30.1725244211	29.3711529065	6.662
291	0	1	2	1835	114	22.9808184055	32.1093624675	31.3079909529	14.221
292	0	1	1	1211	75	28.0141333538	30.5004953038	29.5236054438	10.472
292	0	1	2	2561	160	28.0141333538	27.0231866822	26.0462968222	12.662
293	0	1	1	529	33	22.5584028726	31.0830734537	30.2964321271	8.189
293	0	1	2	1876	117	22.5584028726	30.1528697222	29.3662283956	7.843
294	0	1	1	413	25	24.4306416629	28.5769441024	27.7250153344	8.834
294	0	1	2	1760	110	24.4306416629	28.7031057488	27.8511769808	11.433
295	0	1	1	431	26	22.2262391541	30.3298339094	29.5547755708	8.473
295	0	1	2	1777	111	22.2262391541	29.1680743426	28.3930160039	8.095
296	0	1	1	887	55	30.9342388711	32.6675989713	31.588881172	14.756
296	0	1	2	2229	139	30.9342388711	31.1903661829	30.1116483836	7.811
297	0	1	1	467	29	22.5967562844	28.8707620202	28.0827832594	7.244
297	0	1	2	1814	113	22.5967562844	29.6277605957	28.8397818349	10.787
298	0	1	1	1094	68	21.6084190235	34.6256007992	33.8720866651	6.189
298	0	1	2	2441	152	21.6084190235	29.2429726795	28.4894585454	6.378
299	0	1	1	520	32	17.2677307387	29.9178424442	29.3156938483	7.969
299	0	1	2	1867	116	17.2677307387	28.6725157321	28.0703671362	5.559
300	0	1	1	486	30	19.219572414	32.1597420767	31.4895301816	10.724
300	0	1	2	1830	114	19.219572414	32.8752000422	32.2049881471	10.834
301	0	1	1	433	27	20.530826723	26.2441251546	25.5281880885	8.614
301	0	1	2	1781	111	20.530826723	27.8539205804	27.1379835143	8.095
302	0	1	1	494	30	18.3539608392	31.4274819173	30.787455042	4.945
302	0	1	2	1843	115	18.3539608392	27.8793895437	27.2393626684	7.685
304	0	1	1	564	35	24.2044156206	31.0947282739	30.250688307	9.465
304	0	1	2	1912	119	24.2044156206	31.6479462942	30.8039063273	12.677
305	0	1	1	1026	64	30.306981855	34.3879639699	33.3311194519	9.338
305	0	1	2	2372	148	30.306981855	26.5590473537	25.5022028357	8.252
307	0	1	1	430	26	21.4188772405	29.5392719185	28.792367357	9.716
307	0	1	2	1777	111	21.4188772405	29.8412310572	29.0943264957	8.536
308	0	1	1	1270	79	18.8922387846	28.4573607627	27.7985634239	6.378
308	0	1	2	2619	163	18.8922387846	29.9189133087	29.2601159699	14.032
309	0	1	1	430	26	22.5714636364	29.9511679521	29.1640711794	9.481
309	0	1	2	1779	111	22.5714636364	28.8342434469	28.0471466742	4.347
310	0	1	1	469	29	23.3114170745	25.091550144	24.2786502168	9.779
310	0	1	2	1814	113	23.3114170745	28.1051621264	27.2922621992	4.283
311	0	1	1	1090	68	25.9896480665	27.2224802838	26.3161869017	7.779
311	0	1	2	2438	152	25.9896480665	25.1327327865	24.2264394045	10.252
313	0	1	1	553	34	21.7865429143	29.7194548023	28.9597292527	6.583
313	0	1	2	1901	118	21.7865429143	31.2225886298	30.4628630802	13.212
314	0	1	1	1055	65	22.9300607356	28.0104117109	27.2108101833	9.244
314	0	1	2	2411	150	22.9300607356	28.1092967161	27.3096951886	11.78
315	0	1	1	513	32	27.1419615536	32.5536426817	31.6071666052	5.701
315	0	1	2	1859	116	27.1419615536	29.9372049317	28.9907288552	12.599
316	0	1	1	1244	77	19.7768994049	29.9692301398	29.2795835158	5.59
316	0	1	2	2594	162	19.7768994049	28.4168046337	27.7271580097	15.37
317	0	1	1	1265	79	21.2963206897	30.4982090381	29.7555781855	9.559
317	0	1	2	2616	163	21.2963206897	31.2293039405	30.4866730879	11.874
318	0	1	1	431	26	21.0120679327	30.7353223342	30.002603751	12.536
318	0	1	2	1777	111	21.0120679327	30.2700915979	29.5373730147	5.008
318	1	1	1	430	26	21.0120679327	29.5989362338	28.8662176506	4.535
318	1	1	2	1767	110	21.0120679327	32.1263958499	31.3936772666	13.969
319	0	1	1	490	30	22.8816086243	31.5330426104	30.735130672	13.465
319	0	1	2	1835	114	22.8816086243	29.7226328869	28.9247209485	7.007
320	0	1	1	164	10	21.6579731775	30.1648977427	29.4096555898	13.307
320	0	1	2	1506	94	21.6579731775	31.4402656008	30.6850234479	9.843
321	0	1	1	272	17	23.1857392535	34.568673462	33.7601560866	7.685
321	0	1	2	1616	101	23.1857392535	33.8881750602	33.0796576848	7.527
322	0	1	1	338	21	26.2476633724	32.3742956587	31.4590049419	5.716
322	0	1	2	1682	105	26.2476633724	30.4985574364	29.5832667196	6.96
323	0	1	1	438	27	23.5586663581	30.9523952098	30.1308733733	11.937
323	0	1	2	1784	111	23.5586663581	30.7780230676	29.9565012311	7.528
324	0	1	1	1268	79	20.5429351697	28.5129772023	27.7966178986	9.528
324	0	1	2	2616	163	20.5429351697	29.1852819051	28.4689226014	12.599
325	0	1	1	1245	77	23.2238693847	31.329458159	30.5196111355	10.52
325	0	1	2	2596	162	23.2238693847	29.5380733859	28.7282263624	19.685
326	0	1	1	238	14	22.9972395431	27.5545876454	26.7526435041	7.59
326	0	1	2	1580	98	22.9972395431	23.8587585276	23.0568143863	4.221
327	0	1	1	1041	65	26.5327556593	30.3034118465	29.3781795848	5.937
327	0	1	2	2394	149	26.5327556593	28.2893199386	27.3640876769	9.842
328	0	1	1	432	27	21.8676530293	29.450819028	28.6882650615	6.157
328	0	1	2	1779	111	21.8676530293	30.6466241355	29.884070169	10.41
329	0	1	1	1218	76	21.5798298475	27.705270657	26.9527534653	8
329	0	1	2	2568	160	21.5798298475	25.3234571839	24.5709399922	4.582
330	0	1	1	486	30	20.7381178278	28.1699741342	27.4468085533	8.346
330	0	1	2	1831	114	20.7381178278	30.1582510554	29.4350854744	12.063
331	0	1	1	1062	66	22.1667260754	29.460622536	28.6876394971	7.118
331	0	1	2	2408	150	22.1667260754	29.8376627707	29.0646797318	4.756
333	0	1	1	1254	78	24.8725455008	32.6928512071	31.8255126681	8.063
333	0	1	2	2603	162	24.8725455008	32.4975477234	31.6302091844	15.811
334	0	1	1	379	23	21.1905594955	30.8423622499	30.10341943	5.685
334	0	1	2	1724	107	21.1905594955	30.3933817029	29.654438883	6.929
335	0	1	1	477	29	17.2419809229	30.7867078811	30.1854572153	8.473
335	0	1	2	1826	114	17.2419809229	30.9700305998	30.368779934	6.661
336	0	1	1	473	29	22.8064826826	28.4895683617	27.6942761642	15.338
336	0	1	2	1818	113	22.8064826826	27.7477365461	26.9524443487	9.779
337	0	1	1	1257	78	21.7565719931	31.3714012909	30.612720867	8.063
337	0	1	2	2609	163	21.7565719931	31.2817394354	30.5230590114	12.063
338	0	1	1	478	29	23.0509857841	31.1003677301	30.2965493863	7.622
338	0	1	2	1829	114	23.0509857841	30.5671497838	29.7633314399	10.252
339	0	1	1	1275	79	25.1880037736	32.5110533543	31.6327143684	12.661
339	0	1	2	2624	164	25.1880037736	33.3780962219	32.499757236	12.677
340	0	1	1	1264	79	22.065299928	32.3759821833	31.6065360082	6.803
340	0	1	2	2615	163	22.065299928	32.8796656458	32.1102194707	10
341	0	1	1	1081	67	21.0893439178	31.4596825558	30.7242692568	5.716
341	0	1	2	2427	151	21.0893439178	30.1641546818	29.4287413828	4.41
342	0	1	1	1271	79	15.6430655518	30.5331999042	29.9877055309	7.874
342	0	1	2	2622	163	15.6430655518	34.0277737818	33.4822794085	18.898
343	0	1	1	1248	78	22.4773850605	28.1776075878	27.3937914594	6.536
343	0	1	2	2598	162	22.4773850605	26.3527285635	25.5689124352	8.441
344	0	1	1	932	58	28.4360430386	31.3319409911	30.3403385827	11.937
344	0	1	2	2274	142	28.4360430386	31.2341382932	30.2425358848	10.347
345	0	1	1	430	26	22.0547502436	29.5669190177	28.7978407241	7.401
345	0	1	2	1777	111	22.0547502436	29.328030818	28.5589525244	8.063
346	0	1	1	1288	80	24.8153789342	28.5740859105	27.7087408454	12.189
346	0	1	2	2637	164	24.8153789342	27.6505053814	26.7851603162	11.496
347	0	1	1	510	31	15.97274294	32.6227411959	32.0657505363	7.78
347	0	1	2	1859	116	15.97274294	33.768200208	33.2112095484	15.244
348	0	1	1	557	34	25.3304399095	28.218145157	27.3348392348	14.063
348	0	1	2	1906	119	25.3304399095	26.9444699658	26.0611640435	8.441
349	0	1	1	506	31	24.9520721753	29.0591570316	28.1890452924	11.355
349	0	1	2	1857	116	24.9520721753	30.1714168969	29.3013051577	8.063
350	0	1	1	1218	76	19.4965554382	30.496034377	29.8161637177	4.472
350	0	1	2	2569	160	19.4965554382	30.4935468604	29.8136762011	9.307
351	0	1	1	491	30	21.1643482105	30.3629927409	29.6249639431	13.418
351	0	1	2	1837	114	21.1643482105	27.9095881195	27.1715593217	18.756
352	0	1	1	521	32	19.1246562681	31.5899383359	30.9230362922	9.638
352	0	1	2	1869	116	19.1246562681	29.7693402896	29.102438246	9.842
353	0	1	1	186	11	26.0070325663	29.8756334273	28.9687338248	5.527
353	0	1	2	1529	95	26.0070325663	30.0320139348	29.1251143323	14.567
354	0	1	1	554	34	17.3176749876	27.3167923977	26.7129021798	17.181
354	0	1	2	1904	119	17.3176749876	25.9336194068	25.3297291889	11.528
355	0	1	1	487	30	24.4876893513	31.8010009036	30.9470828073	12.221
355	0	1	2	1831	114	24.4876893513	31.3823888637	30.5284707674	9.338
356	0	1	1	1230	76	18.203413482	27.1772848154	26.5425077254	9.197
356	0	1	2	2580	161	18.203413482	30.9627182047	30.3279411148	9.811
357	0	1	1	1275	79	25.4529839747	30.9007742053	30.0131950095	13.559
357	0	1	2	2625	164	25.4529839747	32.2316002044	31.3440210087	10.819
359	0	1	1	481	30	17.3364206163	31.0292679953	30.4247240926	21.291
359	0	1	2	1827	114	17.3364206163	27.8549783986	27.2504344959	8.756
361	0	1	1	802	50	27.9307560759	29.4832308904	28.5092485063	18.74
361	0	1	2	2154	134	27.9307560759	29.8763576149	28.9023752308	5.559
362	0	1	1	1288	80	21.4240974173	34.4598471229	33.7127605269	16.882
362	0	1	2	2632	164	21.4240974173	28.3726708883	27.6255842923	14.803
363	0	1	1	481	30	19.1907313241	29.8123560233	29.1431498551	20.882
363	0	1	2	1827	114	19.1907313241	28.6911828237	28.0219766555	8.834
364	0	1	1	415	25	20.4216252501	29.7860445928	29.0739155264	6.126
364	0	1	2	1764	110	20.4216252501	30.373836552	29.6617074856	5.937
365	0	1	1	519	32	16.0544887688	31.8900866553	31.3302454106	5.134
365	0	1	2	1867	116	16.0544887688	32.4424880159	31.8826467712	5.559
366	0	1	1	557	34	19.0024230332	29.4319246525	28.7692850433	9.969
366	0	1	2	1907	119	19.0024230332	27.4432670266	26.7806274174	7.464
367	0	1	1	159	9	23.5189882391	27.6480401835	26.8279019754	8.315
367	0	1	2	1499	93	23.5189882391	28.9353576939	28.1152194858	18.441
368	0	1	1	430	26	20.7516521399	27.9914665622	27.2678290219	6.803
368	0	1	2	1776	111	20.7516521399	29.26376347	28.5401259297	7.559
369	0	1	1	879	54	25.0260381104	29.1950648144	28.3223737853	14.158
369	0	1	2	2223	138	25.0260381104	28.0516297681	27.178938739	5.969
370	0	1	1	485	30	21.6924560783	31.3679533866	30.6115087693	5.906
370	0	1	2	1830	114	21.6924560783	31.0482340554	30.2917894381	11.843
371	0	1	1	1103	68	23.8441458483	32.3724988394	31.5410219557	14
371	0	1	2	2452	153	23.8441458483	32.7215150855	31.8900382018	8.866
372	0	1	1	469	29	18.96178163	34.9751901139	34.3139677242	7.37
372	0	1	2	1816	113	18.96178163	28.8948102148	28.2335878251	9.748
373	0	1	1	1044	65	23.1634488298	27.9985623293	27.1908222504	12.63
373	0	1	2	2392	149	23.1634488298	28.9350144336	28.1272743547	15.969
374	0	1	1	1061	66	22.5057561121	32.2067977975	31.421992333	19.748
374	0	1	2	2407	150	22.5057561121	35.2354357886	34.4506303241	7.937
375	0	1	1	443	27	21.5579836569	29.355549596	28.6037942099	4.661
375	0	1	2	1790	111	21.5579836569	29.2102659878	28.4585106017	6.283
376	0	1	1	1233	77	20.8890196778	26.9481891714	26.2197614435	5.779
376	0	1	2	2582	161	20.8890196778	27.3541477765	26.6257200486	13.213
377	0	1	1	262	16	21.9988318544	28.9534514889	28.1863231434	15.37
377	0	1	2	1606	100	21.9988318544	29.7375463201	28.9704179746	11.685
378	0	1	1	611	38	20.0167711032	32.7681977959	32.0701865287	9.102
378	0	1	2	1959	122	20.0167711032	32.6361659098	31.9381546427	12.031
379	0	1	1	1280	80	19.9920682728	29.3758008714	28.6786510246	14.52
379	0	1	2	2630	164	19.9920682728	32.031924516	31.3347746692	11.339
381	0	1	1	1268	79	26.9678018218	27.4317478112	26.4913449148	7.339
381	0	1	2	2619	163	26.9678018218	26.9879654861	26.0475625897	11.291
382	0	1	1	1253	78	19.1615278805	29.2682250623	28.6000372568	6.662
382	0	1	2	2601	162	19.1615278805	30.690834674	30.0226468685	11.843
383	0	1	1	341	21	22.7400237351	29.724701946	28.9317272598	10.031
383	0	1	2	1684	105	22.7400237351	29.4077938055	28.6148191194	15.307
384	0	1	1	960	60	26.6466197	37.264124008	36.3349211567	10.063
384	0	1	2	2289	143	26.6466197	32.4343480332	31.5051451819	8.158
385	0	1	1	778	48	25.4231220439	30.337212374	29.4506745032	12.347
385	0	1	2	2118	132	25.4231220439	31.5535228071	30.6669849363	4.661
386	0	1	1	488	30	24.0439607048	30.2919807644	29.4535360725	9.402
386	0	1	2	1832	114	24.0439607048	31.5810006875	30.7425559956	5.653
387	0	1	1	429	26	22.5488851546	29.3842423934	28.5979329622	10.126
387	0	1	2	1774	110	22.5488851546	30.125283183	29.3389737519	5.134
388	0	1	1	1089	68	21.1008337658	32.0816738693	31.3458599041	5.496
388	0	1	2	2436	152	21.1008337658	28.7603209219	28.0245069568	8.914
389	0	1	1	486	30	23.5009979155	29.4029877794	28.5834769177	4.189
389	0	1	2	1831	114	23.5009979155	29.8942510183	29.0747401566	8.378
390	0	1	1	1258	78	21.1004559956	31.8110634253	31.0752626335	4.126
390	0	1	2	2609	163	21.1004559956	31.4334704307	30.6976696388	10.819
391	0	1	1	1055	65	16.2354948226	30.9535599211	30.387406756	9.874
391	0	1	2	2392	149	16.2354948226	28.5972188732	28.0310657081	5.779
392	0	1	1	1251	78	14.0629115844	28.3234545646	27.8330622488	5.291
392	0	1	2	2601	162	14.0629115844	31.0288418131	30.5384494973	12.803
393	0	1	1	534	33	21.5400953332	30.0737143198	29.3225827231	15.307
393	0	1	2	1888	118	21.5400953332	29.7485233677	28.997391771	7.528
394	0	1	1	1062	66	25.6202032423	32.4095863294	31.5161759767	8.945
394	0	1	2	2408	150	25.6202032423	32.8834383086	31.9900279559	18.788
395	0	1	1	1264	79	21.5790899985	30.0309739586	29.2784825664	8.346
395	0	1	2	2615	163	21.5790899985	29.6721420986	28.9196507065	9.59
396	0	1	1	1243	77	20.0691884897	28.3100414194	27.6102022887	12.378
396	0	1	2	2593	162	20.0691884897	27.0450397413	26.3452006106	19.307
397	0	1	1	1060	66	23.0248187194	27.7510895971	26.9481837334	11.654
397	0	1	2	2406	150	23.0248187194	28.8042347117	28.001328848	19.654
398	0	1	1	1269	79	18.9887185738	30.7923064367	30.1301447202	10.284
398	0	1	2	2619	163	18.9887185738	30.3864070308	29.7242453143	12.032
399	0	1	1	1269	79	19.3118935484	30.1726314678	29.4992002127	13.842
399	0	1	2	2618	163	19.3118935484	29.8092492098	29.1358179547	10.835
400	0	1	1	485	30	22.2463910494	27.0773200786	26.3015590167	5.071
400	0	1	2	1832	114	22.2463910494	32.6689624191	31.8932013573	13.213
401	0	1	1	1279	79	27.289300822	28.1973515351	27.2457375436	8.551
401	0	1	2	2628	164	27.289300822	29.8967423791	28.9451283876	4
402	0	1	1	457	28	21.8871441352	30.8319056201	30.068671973	8.347
402	0	1	2	1801	112	21.8871441352	35.5161513871	34.75291774	7.528
403	0	1	1	333	20	24.1061719201	32.2580697348	31.4174556557	7.559
403	0	1	2	1677	104	24.1061719201	33.553664007	32.7130499278	6.504
405	0	1	1	876	54	23.5964397016	26.645328703	25.82248966	5.181
405	0	1	2	2218	138	23.5964397016	26.1523163947	25.3294773518	11.842
406	0	1	1	430	26	21.0493996716	29.3668062775	28.6327858872	10
406	0	1	2	1776	111	21.0493996716	27.8237095167	27.0896891264	5.622
407	0	1	1	1265	79	23.7258421798	31.2215121612	30.3941606828	8.63
407	0	1	2	2616	163	23.7258421798	32.2099095201	31.3825580417	22.252
408	0	1	1	1265	79	24.2882589376	30.1379335046	29.2909698105	11.212
408	0	1	2	2616	163	24.2882589376	28.2520712224	27.4051075282	16.347
409	0	1	1	1251	78	22.4923026357	30.1176550445	29.3333187206	7.133
409	0	1	2	2598	162	22.4923026357	28.6294472305	27.8451109065	21.244
410	0	1	1	430	26	24.3525658493	28.6416793074	27.7924731462	10.74
410	0	1	2	1776	111	24.3525658493	29.1241109858	28.2749048246	9.276
411	0	1	1	417	26	22.5834525626	46.6552663496	45.8677515072	25.401
411	0	1	2	1779	111	22.5834525626	33.0960634749	32.3085486325	8.882
412	0	1	1	1091	68	22.1346982229	25.4105942446	24.6387280592	5.654
412	0	1	2	2438	152	22.1346982229	27.0257913195	26.2539251341	10.441
413	0	1	1	520	32	20.6773606008	28.6364516821	27.915404786	8.126
413	0	1	2	1869	116	20.6773606008	29.5650286119	28.8439817158	6.898
414	0	1	1	1026	64	19.4151109714	35.7284215345	35.0513909514	5.496
414	0	1	2	2372	148	19.4151109714	30.3457443306	29.6687137475	5.779
415	0	1	1	1098	68	23.378718776	27.6635142142	26.8482673877	6.378
415	0	1	2	2447	152	23.378718776	27.64388596	26.8286391335	7.276
416	0	1	1	429	26	17.6720049157	31.9561053946	31.3398592237	7.528
416	0	1	2	1777	111	17.6720049157	32.3643301855	31.7480840147	8.866
417	0	1	1	489	30	22.8516353031	30.7228020878	29.9259353588	7.622
417	0	1	2	1835	114	22.8516353031	29.9957004304	29.1988337013	7.937
418	0	1	1	485	30	21.1019429919	30.4329683751	29.6971157297	9.496
418	0	1	2	1829	114	21.1019429919	26.322065619	25.5862129736	9.118
419	0	1	1	1237	77	19.4733350351	28.5259666627	27.8469057295	8.961
419	0	1	2	2586	161	19.4733350351	28.5909276097	27.9118666766	6.441
420	0	1	1	444	27	25.623057187	26.3617782779	25.4682684044	5.937
420	0	1	2	1791	111	25.623057187	29.390305659	28.4967957855	10.157
421	0	1	1	488	30	23.4597418868	28.3430090487	27.5249368393	9.748
421	0	1	2	1832	114	23.4597418868	28.2122477053	27.3941754958	9.26
422	0	1	1	1265	79	25.5428225805	32.0158504609	31.1251384742	5.229
422	0	1	2	2616	163	25.5428225805	33.1287070117	32.237995025	12.567
423	0	1	1	982	61	20.8551268359	29.3189721091	28.5917262694	17.37
423	0	1	2	2328	145	20.8551268359	29.3120033609	28.5847575211	14.315
424	0	1	1	472	29	20.3460939932	29.7585093406	29.0490141489	20.599
424	0	1	2	1818	113	20.3460939932	29.734553238	29.0250580464	8.063
425	0	1	1	1255	78	19.7277241133	27.681245647	26.9933138304	12.346
425	0	1	2	2603	162	19.7277241133	28.3238335444	27.6359017278	21.591
426	0	1	1	491	30	16.719077971	30.6621661488	30.0791498001	13.906
426	0	1	2	1837	114	16.719077971	27.5712954425	26.9882790938	4.473
427	0	1	1	474	29	24.752620099	33.3949136133	32.5317570317	14.157
427	0	1	2	1821	113	24.752620099	29.7536456696	28.890489088	7.118
428	0	1	1	1246	77	21.7572470979	30.5151420794	29.7564381137	9.559
428	0	1	2	2596	162	21.7572470979	30.2261961963	29.4674922305	16.913
429	0	1	1	105	6	27.6024454472	31.9889774884	31.0264437299	26.929
429	0	1	2	1446	90	27.6024454472	28.7193731532	27.7568393947	7.905
430	0	1	1	806	50	25.6881896135	29.8445506447	28.9487695174	5.008
430	0	1	2	2148	134	25.6881896135	28.8874269616	27.9916458343	10.929
431	0	1	1	430	26	20.9033850557	28.0817300541	27.3528013864	4.882
431	0	1	2	1776	111	20.9033850557	28.0675806408	27.3386519732	9.023
432	0	1	1	1244	77	18.4593891137	27.4239351576	26.780231859	18.22
432	0	1	2	2593	162	18.4593891137	27.5931590378	26.9494557392	16.315
433	0	1	1	414	25	21.2406677881	30.3927723984	29.652082236	11.402
433	0	1	2	1762	110	21.2406677881	29.9189025099	29.1782123475	17.134
434	0	1	1	915	57	21.9572633013	31.0211601069	30.2554813118	15.055
434	0	1	2	2257	141	21.9572633013	28.4769273944	27.7112485992	5.37
435	0	1	1	1238	77	24.2572497746	27.3637483874	26.5178660238	10.662
435	0	1	2	2587	161	24.2572497746	28.0748543688	27.2289720052	12.031
436	0	1	1	918	57	29.0028719754	30.3495845651	29.3382160824	18.835
436	0	1	2	2265	141	29.0028719754	30.8766629031	29.8652944203	5.275
438	0	1	1	470	29	20.7873757919	39.1078031039	38.3829198326	8.441
438	0	1	2	1817	113	20.7873757919	37.644082063	36.9191987918	10.551
439	0	1	1	895	55	24.5317253795	32.8282710544	31.9728173636	11.023
439	0	1	2	2229	139	24.5317253795	29.1349828987	28.2795292079	13.339
440	0	1	1	1270	79	26.156879803	30.4739025526	29.5617775789	10
440	0	1	2	2619	163	26.156879803	27.0608890265	26.1487640528	15.779
441	0	1	1	892	55	22.6027220161	32.3751332574	31.5869464637	6.772
441	0	1	2	2235	139	22.6027220161	28.188355709	27.4001689153	6
442	0	1	1	1242	77	22.6890035368	30.7358551704	29.944659626	11.086
442	0	1	2	2590	161	22.6890035368	30.9177428136	30.1265472692	10.708
443	0	1	1	1279	79	22.4558146494	29.8053524926	29.022288553	10.409
443	0	1	2	2627	164	22.4558146494	30.2723026036	29.489238664	12
444	0	1	1	490	30	20.4635710445	29.2028271552	28.4892353835	10.63
444	0	1	2	1837	114	20.4635710445	27.9083258716	27.1947340999	11.811
446	0	1	1	1063	66	25.5120139287	31.3520854497	30.4624478014	9.339
446	0	1	2	2411	150	25.5120139287	30.0173904931	29.1277528448	11.78
447	0	1	1	488	30	22.1229912358	32.4888524415	31.7173944942	12.519
447	0	1	2	1834	114	22.1229912358	31.6543504686	30.8828925213	6.945
448	0	1	1	467	29	19.6267495024	32.6755820887	31.9911713903	4.425
448	0	1	2	1812	113	19.6267495024	31.5152008502	30.8307901518	11.591
449	0	1	1	1063	66	28.4783027397	28.3315046579	27.3384285978	6.519
449	0	1	2	2411	150	28.4783027397	28.0617043898	27.0686283297	15.622
450	0	1	1	296	18	26.8430393068	31.3665565873	30.4305043247	12.22
450	0	1	2	1639	102	26.8430393068	28.7316046466	27.7955523839	7.717
451	0	1	1	490	30	24.8995611627	29.6162721197	28.7479915089	15.449
451	0	1	2	1834	114	24.8995611627	31.6505258783	30.7822452675	12.315
452	0	1	1	1264	79	15.1569790377	32.381764694	31.8532208	10.315
452	0	1	2	2615	163	15.1569790377	31.7621606697	31.2336167756	18.473
453	0	1	1	1091	68	21.6786194576	30.3409833348	29.5850212188	6.158
453	0	1	2	2438	152	21.6786194576	29.8833795779	29.1274174619	8.835
454	0	1	1	430	26	20.600203976	28.682726334	27.9643699913	6.536
454	0	1	2	1776	111	20.600203976	29.7291952893	29.0108389466	9.528
455	0	1	1	530	33	18.102194754	25.5986992543	24.9674517952	17.843
455	0	1	2	1879	117	18.102194754	26.7685938408	26.1373463816	12.598
456	0	1	1	489	30	20.4496777799	30.2980806904	29.5849733952	12.393
456	0	1	2	1835	114	20.4496777799	29.1581021101	28.4449948148	13.339
457	0	1	1	487	30	22.9357771124	29.2523493299	28.4525484648	14.945
457	0	1	2	1831	114	22.9357771124	30.9177966146	30.1179957495	9.433
458	0	1	1	551	34	23.1112635008	30.2758014232	29.4698811157	11.591
458	0	1	2	1896	118	23.1112635008	32.0398940108	31.2339737033	25.26
459	0	1	1	1212	75	17.0324002754	28.8681161735	28.2741738619	10.441
459	0	1	2	2561	160	17.0324002754	29.9217639727	29.3278216611	16
460	0	1	1	1213	75	22.5440125167	31.0878114102	30.3016718944	5.717
460	0	1	2	2562	160	22.5440125167	32.8004114411	32.0142719252	10.866
461	0	1	1	1022	63	19.7319855785	31.6555107937	30.9674303742	15.055
461	0	1	2	2370	148	19.7319855785	29.0706309033	28.3825504838	14.598
462	0	1	1	521	32	19.601391364	32.0647418806	31.381215454	8.032
462	0	1	2	1867	116	19.601391364	30.7268523683	30.0433259416	13.842
463	0	1	1	1269	79	20.8728345122	31.872600718	31.1447373882	14.598
463	0	1	2	2618	163	20.8728345122	29.0044860311	28.2766227013	11.292
464	0	1	1	467	29	20.9643023249	41.6297984889	40.8987455555	6.914
464	0	1	2	1811	113	20.9643023249	40.9434547072	40.2124017739	15.591
465	0	1	1	545	34	21.0795027724	35.2898079844	34.5547378591	11.937
465	0	1	2	1892	118	21.0795027724	34.254897737	33.5198276118	13.748
466	0	1	1	491	30	18.5787443341	30.3409937266	29.6931283537	13.149
466	0	1	2	1835	114	18.5787443341	29.4223300224	28.7744646495	9.811
467	0	1	1	430	26	23.8486280168	29.9716209838	29.139987801	11.716
467	0	1	2	1776	111	23.8486280168	27.7860010449	26.954367862	4.393
468	0	1	1	814	50	29.0539339615	33.4363877784	32.4232386967	6.472
468	0	1	2	2155	134	29.0539339615	31.0317783235	30.0186292419	8.362
469	0	1	1	506	31	22.2231696514	28.9392193203	28.1642680192	8.284
469	0	1	2	1858	116	22.2231696514	26.2879469291	25.512995628	5.26
470	0	1	1	487	30	23.6134452246	32.4513005924	31.6278685444	14.945
470	0	1	2	1831	114	23.6134452246	30.6985388011	29.8751067531	7.166
471	0	1	1	491	30	21.5973980599	31.6351144762	30.8819846577	12.677
471	0	1	2	1835	114	21.5973980599	33.9812686299	33.2281388114	11.149
472	0	1	1	1240	77	21.3198381207	31.8164784896	31.0730275531	7.149
472	0	1	2	2589	161	21.3198381207	31.9596529303	31.2162019938	14.504
473	0	1	1	1057	66	24.7106940655	32.0271616522	31.1654670868	7.779
473	0	1	2	2401	150	24.7106940655	33.3653687322	32.5036741668	15.906
474	0	1	1	1057	66	24.1616139842	29.1487923938	28.3062449766	5.874
474	0	1	2	2402	150	24.1616139842	30.3130655048	29.4705180876	12.189
475	0	1	1	342	21	23.0983883213	26.3760917429	25.5706204099	16.898
475	0	1	2	1685	105	23.0983883213	26.8138660403	26.0083947074	14.834
476	0	1	1	438	27	18.5274634262	31.1585953418	30.5125182019	9.591
476	0	1	2	1784	111	18.5274634262	31.4967104657	30.8506333258	11.433
477	0	1	1	1224	76	21.0889973854	30.2060966386	29.4706954236	8.787
477	0	1	2	2573	160	21.0889973854	30.7278075723	29.9924063574	5.843
478	0	1	1	1021	63	23.5047812323	32.6138170358	31.7941742449	9.748
478	0	1	2	2364	147	23.5047812323	36.2641908998	35.4445481089	5.654
479	0	1	1	1227	76	21.3341106981	30.4886957403	29.7447471001	4.567
479	0	1	2	2578	161	21.3341106981	30.1641425229	29.4201938827	6.22
480	0	1	1	879	54	24.8056743262	29.2645206974	28.3995140448	6.441
480	0	1	2	2222	138	24.8056743262	26.521841258	25.6568346053	10.866
481	0	1	1	411	25	24.9275954231	32.1852989531	31.3160407506	10.094
481	0	1	2	1756	109	24.9275954231	31.1483111242	30.2790529217	4.63
482	0	1	1	935	58	27.5282032084	25.1576292147	24.1976843811	20.567
482	0	1	2	2278	142	27.5282032084	25.6459894454	24.6860446119	6.661
483	0	1	1	164	10	14.1241681906	30.0214511153	29.5289227007	5.401
483	0	1	2	1506	94	14.1241681906	31.0118498103	30.5193213957	10.504
484	0	1	1	431	26	21.9090820025	28.4625727516	27.698574102	6.189
484	0	1	2	1777	111	21.9090820025	28.5381323132	27.7741336636	5.622
485	0	1	1	1245	77	21.9403839849	34.1222321542	33.3571419631	5.937
485	0	1	2	2596	162	21.9403839849	30.4690376043	29.7039474133	20.976
486	0	1	1	1026	64	19.6294451762	34.4317933604	33.7472886603	4.599
486	0	1	2	2372	148	19.6294451762	30.0435836097	29.3590789096	5.559
487	0	1	1	282	17	21.4154040857	27.2756857349	26.5289022868	14.834
487	0	1	2	1626	101	21.4154040857	25.6545876157	24.9078041676	13.008
488	0	1	1	1269	79	25.5975246026	27.194823806	26.3022042875	11.906
488	0	1	2	2619	163	25.5975246026	26.7651434499	25.8725239314	10.063
489	0	1	1	535	33	27.3563473708	27.7959490806	26.8419970873	11.843
489	0	1	2	1879	117	27.3563473708	26.1486481651	25.1946961717	5.811
490	0	1	1	486	30	25.0402731664	30.3343807261	29.4611933018	6.031
490	0	1	2	1831	114	25.0402731664	29.655669122	28.7824816977	9.559
491	0	1	1	1230	76	18.9626625	30.4143189043	29.7530657975	9.559
491	0	1	2	2582	161	18.9626625	30.5108687284	29.8496156216	10.094
492	0	1	1	1089	68	23.5336541868	33.110607639	32.28995801	13.653
492	0	1	2	2436	152	23.5336541868	29.507375918	28.686726289	14.409
493	0	1	1	571	35	29.2936402383	26.5945083438	25.5730003874	9.417
493	0	1	2	1921	120	29.2936402383	33.3544798946	32.3329719382	10.945
494	0	1	1	1026	64	24.1084866555	35.4363097767	34.5956149796	8.708
494	0	1	2	2372	148	24.1084866555	30.4273737095	29.5866789124	5.969
495	0	1	1	518	32	23.208908389	31.1890453843	30.3797200705	8.819
495	0	1	2	1865	116	23.208908389	29.9216216434	29.1122963296	8.284
496	0	1	1	431	26	19.5067002094	27.8068649935	27.1266405726	19.086
496	0	1	2	1775	110	19.5067002094	28.1519452033	27.4717207824	12.519
497	0	1	1	1213	75	22.5992423392	27.3164868513	26.5284213986	10.126
497	0	1	2	2561	160	22.5992423392	30.0474039173	29.2593384645	14.725
498	0	1	1	1022	63	26.4599745736	30.6679299911	29.7452357021	23.433
498	0	1	2	2368	148	26.4599745736	27.9179727701	26.9952784811	18.221
499	0	1	1	894	55	26.6606870919	31.0672345543	30.1375411544	8.409
499	0	1	2	2236	139	26.6606870919	27.8633301216	26.9336367218	7.622
500	0	1	1	414	25	27.944210544	25.4249791605	24.4505276013	5.118
500	0	1	2	1765	110	27.944210544	30.2188506336	29.2443990744	11.717
501	0	1	1	431	26	21.832468106	28.6389885987	27.877661577	6.094
501	0	1	2	1779	111	21.832468106	30.9692713677	30.207944346	8.898
502	0	1	1	1234	77	24.188057367	28.7689369764	27.9254674434	5.134
502	0	1	2	2584	161	24.188057367	28.74450897	27.9010394371	4.315
503	0	1	1	1260	78	18.2035689151	30.9153609959	30.2805784858	8.709
503	0	1	2	2612	163	18.2035689151	30.4641614144	29.8293789043	15.654
504	0	1	1	1265	79	23.3610568979	30.6436282375	29.8289973041	8.835
504	0	1	2	2616	163	23.3610568979	28.4985842276	27.6839532942	17.59
505	0	1	1	1234	77	19.2678286593	28.8909243791	28.2190297249	7.685
505	0	1	2	2584	161	19.2678286593	28.6099002022	27.9380055481	7.622
506	0	1	1	432	27	20.9800140189	29.9804082193	29.2488073984	4.473
506	0	1	2	1779	111	20.9800140189	29.8113152412	29.0797144203	5.496
507	0	1	1	539	33	21.3453428604	31.8439932599	31.0996529394	5.559
507	0	1	2	1889	118	21.3453428604	29.7027400023	28.9583996818	14.126
508	0	1	1	1270	79	23.334107853	31.3102391739	30.4965479893	11.15
508	0	1	2	2619	163	23.334107853	30.4626032031	29.6489120185	13.134
509	0	1	1	443	27	23.5385119481	28.079387129	27.2585681034	5.685
509	0	1	2	1791	111	23.5385119481	28.5996503758	27.7788313502	8.441
510	0	1	1	1101	68	23.6692422791	33.2790375884	32.4536598233	8.031
510	0	1	2	2447	152	23.6692422791	34.9878502345	34.1624724695	6.945
513	0	1	1	487	30	24.0838435047	31.0419767105	30.2021412527	14.158
513	0	1	2	1832	114	24.0838435047	33.2218271546	32.3819916968	9.102
514	0	1	1	1094	68	27.0591701144	28.3436295375	27.400040508	11.717
514	0	1	2	2442	152	27.0591701144	35.0159304151	34.0723413855	8.283
515	0	1	1	490	30	22.9532637398	29.8168294262	29.0164187793	17.496
515	0	1	2	1834	114	22.9532637398	27.6780195082	26.8776088613	10.519
516	0	1	1	1255	78	23.1743577742	29.379671796	28.5715513078	10.236
516	0	1	2	2601	162	23.1743577742	31.9300481656	31.1219276774	12.536
517	0	1	1	1033	64	25.7765278037	25.1967782915	24.2979166947	8.85
517	0	1	2	2374	148	25.7765278037	30.114676272	29.2158146753	19.244
518	0	1	1	1022	63	30.136055593	27.9649443958	26.9140603025	26.677
518	0	1	2	2375	148	30.136055593	32.9285902313	31.877706138	12.976
519	0	1	1	530	33	17.3372596032	29.1554604601	28.5508873008	14.189
519	0	1	2	1896	118	17.3372596032	27.3961830583	26.791609899	15.276
520	0	1	1	1012	63	22.3670919234	26.2443431284	25.4643730675	6.504
520	0	1	2	2353	147	22.3670919234	30.6658583574	29.8858882965	8.189
521	0	1	1	997	62	18.1132635776	28.6236373613	27.9920039176	11.37
521	0	1	2	2342	146	18.1132635776	30.9096178355	30.2779843919	10.189
522	0	1	1	514	32	16.5245658305	29.3840580009	28.8078245477	5.102
522	0	1	2	1861	116	16.5245658305	31.0799727259	30.5037392726	11.228
523	0	1	1	1270	79	23.6984320102	30.098923442	29.2725277924	7.15
523	0	1	2	2619	163	23.6984320102	30.3063829016	29.4799872521	13.811
524	0	1	1	903	56	20.2911089808	29.1955705394	28.4879927478	13.874
524	0	1	2	2246	140	20.2911089808	27.1685508707	26.4609730791	16.126
525	0	1	1	1064	66	23.585813962	38.3094343086	37.4869657992	12.252
525	0	1	2	2407	150	23.585813962	23.7633636445	22.9408951351	5.811
526	0	1	1	1236	77	20.3953429529	29.8079482117	29.0967356437	10.425
526	0	1	2	2584	161	20.3953429529	27.9159682507	27.2047556827	4.284
527	0	1	1	405	25	22.2326998573	27.3049067831	26.5296231512	9.528
527	0	1	2	1752	109	22.2326998573	31.2152335918	30.4399499599	11.78
528	0	1	1	1236	77	20.7264528535	30.8395538597	30.1167950518	14.22
528	0	1	2	2583	161	20.7264528535	30.0112778939	29.288519086	5.229
529	0	1	1	430	26	24.0879964012	30.1647074971	29.3247272223	11.591
529	0	1	2	1776	111	24.0879964012	29.0956040286	28.2556237538	9.78
530	0	1	1	430	26	23.3066294049	31.2727216752	30.4599887004	12.158
530	0	1	2	1777	111	23.3066294049	29.4368352151	28.6241022403	5.622
531	0	1	1	415	25	17.9435011473	30.8842839158	30.2585703125	5.118
531	0	1	2	1762	110	17.9435011473	28.2005231167	27.5748095134	9.748
532	0	1	1	487	30	19.8085147281	31.209075094	30.5183260019	7.055
532	0	1	2	1832	114	19.8085147281	28.7248471251	28.034098033	4.834
533	0	1	1	1271	79	14.7302224161	32.2726546428	31.7589923162	7.654
533	0	1	2	2618	163	14.7302224161	32.098263218	31.5846008915	6.709
534	0	1	1	1227	76	21.2499080907	26.3925578723	25.6515454884	4.346
534	0	1	2	2579	161	21.2499080907	29.0851931428	28.3441807589	9.244
535	0	1	1	1238	77	19.9936337964	28.3689983649	27.6717939262	8.85
535	0	1	2	2586	161	19.9936337964	30.8880885118	30.190884073	5.937
536	0	1	1	551	34	20.6008707961	30.1021101826	29.3837305871	13.685
536	0	1	2	1899	118	20.6008707961	28.743440581	28.0250609854	7.37
537	0	1	1	431	26	20.2240612491	28.846169056	28.1409293074	7.055
537	0	1	2	1777	111	20.2240612491	30.6200164602	29.9147767116	4.661
538	0	1	1	1238	77	22.1101210869	30.6897805773	29.9187714291	8.41
538	0	1	2	2584	161	22.1101210869	30.9842469831	30.2132378349	9.811
538	1	1	1	1234	77	22.1101210869	28.5473166477	27.7763074996	4.472
538	1	1	2	2594	162	22.1101210869	32.4521248711	31.6811157229	11.748
540	0	1	1	930	58	21.1821835009	28.8462472122	28.1075964743	4.315
540	0	1	2	2273	142	21.1821835009	29.0606113644	28.3219606265	4.252
541	0	1	1	490	30	18.8950420657	30.6736113913	30.0147162984	11.874
541	0	1	2	1835	114	18.8950420657	30.2791512806	29.6202561877	11.843
543	0	1	1	1268	79	22.8426104603	30.5195364038	29.722984383	10.662
543	0	1	2	2618	163	22.8426104603	31.9449828024	31.1484307816	13.969
544	0	1	1	1280	80	20.3341863112	32.8500979987	32.1410180436	7.339
544	0	1	2	2630	164	20.3341863112	34.3885091756	33.6794292206	13.244
545	0	1	1	433	27	21.4345107165	28.0498779026	27.302428181	9.543
545	0	1	2	1781	111	21.4345107165	26.1641671281	25.4167174066	10.866
546	0	1	1	1238	77	18.7473160478	27.508926402	26.8551827107	6.504
546	0	1	2	2587	161	18.7473160478	28.0033911831	27.3496474917	4.914
547	0	1	1	447	27	19.1245895644	28.3231359001	27.6562361825	7.071
547	0	1	2	1793	112	19.1245895644	28.2005391538	27.5336394362	12.252
548	0	1	1	488	30	18.6174331596	32.3969108343	31.7476963309	9.905
548	0	1	2	1833	114	18.6174331596	30.9669336943	30.3177191909	12.378
549	0	1	1	993	62	24.0420933384	29.8347076146	28.9963280403	8.661
549	0	1	2	2340	146	24.0420933384	31.3763826442	30.5380030699	12.22
550	0	1	1	431	26	20.3634605904	30.433560513	29.7234597251	6.929
550	0	1	2	1779	111	20.3634605904	30.5101618466	29.8000610587	4.898
551	0	1	1	1060	66	14.0398494155	23.7221936099	23.2326055025	10.961
551	0	1	2	2406	150	14.0398494155	22.1360774554	21.6464893479	20.992
552	0	1	1	993	62	21.8826205487	29.9683755573	29.2052996536	6.929
552	0	1	2	2341	146	21.8826205487	29.7293292966	28.9662533929	9.37
553	0	1	1	1245	77	20.8816144613	28.3984938796	27.6703243814	10.473
553	0	1	2	2596	162	20.8816144613	26.2535293485	25.5253598502	18.992
554	0	1	1	470	29	20.2919871508	30.161307747	29.4536993324	9.622
554	0	1	2	1817	113	20.2919871508	31.8896798116	31.182071397	9.905
555	0	1	1	487	30	22.1139587567	28.4119556426	27.6408126698	12.189
555	0	1	2	1830	114	22.1139587567	30.4775030867	29.7063601139	12.126
556	0	1	1	489	30	22.0108577561	28.017292769	27.2497450644	6.094
556	0	1	2	1834	114	22.0108577561	28.1713185757	27.403770871	9.559
557	0	1	1	474	29	17.1641413269	30.1769433279	29.5784070317	12.347
557	0	1	2	1818	113	17.1641413269	29.6975771963	29.0990409001	6.535
558	0	1	1	879	54	22.5411932496	29.3478674668	28.5618262625	13.339
558	0	1	2	2222	138	22.5411932496	30.0364398726	29.2503986683	15.78
559	0	1	1	538	33	20.9155874743	29.6033500546	28.8739958725	14.913
559	0	1	2	1888	118	20.9155874743	32.2901256973	31.5607715152	10.126
560	0	1	1	530	33	19.6380544091	28.6897393435	28.0049344281	14.662
560	0	1	2	1879	117	19.6380544091	26.7127700112	26.0279650957	9.937
561	0	1	1	488	30	20.0218584359	27.0891143377	26.3909256685	14.788
561	0	1	2	1832	114	20.0218584359	27.9488520037	27.2506633345	6.536
562	0	1	1	452	28	21.4970845529	31.2331106781	30.4834789242	16.205
562	0	1	2	1798	112	21.4970845529	31.5026922225	30.7530604686	7.04
563	0	1	1	1223	76	23.6532849861	31.5194441564	30.6946228433	8.756
563	0	1	2	2573	160	23.6532849861	33.0652876426	32.2404663295	8.835
564	0	1	1	528	33	21.8020305117	31.6071583114	30.8468926888	4.614
564	0	1	2	1876	117	21.8020305117	30.4184862463	29.6582206237	4
565	0	1	1	470	29	23.0712111021	28.9736461451	28.1691225177	7.717
565	0	1	2	1817	113	23.0712111021	28.4344240458	27.6299004184	9.401
566	0	1	1	1003	62	23.2914097073	28.4693538259	27.657151582	4.583
566	0	1	2	2350	146	23.2914097073	28.5804030834	27.7682008395	10.598
567	0	1	1	444	27	21.9914494768	28.6969441135	27.9300732013	10.504
567	0	1	2	1791	111	21.9914494768	28.2743439806	27.5074730683	14.96
568	0	1	1	1253	78	21.0390667986	31.3450542869	30.6113942175	6.032
568	0	1	2	2599	162	21.0390667986	32.0437379635	31.3100778941	14.662
569	0	1	1	250	15	22.9117811372	29.4532357563	28.6542716625	6.882
569	0	1	2	1593	99	22.9117811372	30.5975482078	29.7985841141	6.283
570	0	1	1	259	16	21.0763332307	29.8909386271	29.155979028	10
570	0	1	2	1602	100	21.0763332307	28.9467174556	28.2117578565	8.803
571	0	1	1	1280	80	22.217869448	34.5642819883	33.7895155124	11.748
571	0	1	2	2631	164	22.217869448	32.8529573189	32.0781908429	12.945
572	0	1	1	530	33	19.2835393592	30.8876866979	30.2152441908	13.512
572	0	1	2	1896	118	19.2835393592	38.5165273728	37.8440848657	11.37
573	0	1	1	1081	67	24.6487053499	30.1303655187	29.2708325817	6.599
573	0	1	2	2427	151	24.6487053499	32.2402864686	31.3807535316	7.874
573	1	1	1	1063	66	24.6487053499	11.6843106115	10.8247776745	6.63
573	1	1	2	2408	150	24.6487053499	14.3584772021	13.4989442651	10.41
574	0	1	1	1279	79	22.4627962243	29.8870918037	29.1037844073	14.693
574	0	1	2	2628	164	22.4627962243	32.238793085	31.4554856886	5.15
575	0	1	1	440	27	22.4129020126	28.8909396996	28.1093721803	5.654
575	0	1	2	1787	111	22.4129020126	28.6722386258	27.8906711066	6.441
576	0	1	1	1242	77	21.5799677394	30.5256230623	29.7731010622	7.024
576	0	1	2	2593	162	21.5799677394	33.0880152265	32.3354932263	5.59
577	0	1	1	1271	79	20.8122517125	30.3079509489	29.5822002214	10.992
577	0	1	2	2622	163	20.8122517125	33.3598980797	32.6341473522	4.976
578	0	1	1	430	26	23.1961651812	30.0299909926	29.2211100513	11.04
578	0	1	2	1776	111	23.1961651812	32.7173868787	31.9085059374	4.441
579	0	1	1	493	30	17.4149932931	26.7261716998	26.118887864	9.654
579	0	1	2	1840	115	17.4149932931	28.8018377732	28.1945539374	10.851
580	0	2	1	1233	77	16.0709588457	30.1677220684	29.6073064903	7.906
580	0	2	2	2583	161	16.0709588457	28.9103436015	28.3499280235	10.347
581	0	2	1	1270	79	24.878529704	32.7068229254	31.8392757094	9.653
581	0	2	2	2619	163	24.878529704	30.9751154215	30.1075682055	10.346
582	0	2	1	548	34	16.5722162839	29.3162347375	28.73833965	11.544
582	0	2	2	1894	118	16.5722162839	28.5015648781	27.9236697906	7.779
583	0	2	1	1026	64	28.0304525256	29.0291359195	28.0516769884	12.031
583	0	2	2	2372	148	28.0304525256	22.8166262572	21.8391673261	15.874
584	0	2	1	108	6	19.3002448282	32.3438819826	31.6708569338	18.599
584	0	2	2	1449	90	19.3002448282	32.5804353036	31.9074102547	9.464
585	0	2	1	1062	66	26.4986350042	30.5578699799	29.6338275505	7.591
585	0	2	2	2410	150	26.4986350042	30.9001066907	29.9760642613	15.78
586	0	2	1	549	34	23.7502875569	26.8639302814	26.0357263604	9.654
586	0	2	2	1897	118	23.7502875569	24.4109694102	23.5827654892	12.189
587	0	2	1	1256	78	21.1224683908	32.2113932598	31.4748248666	4.473
587	0	2	2	2603	162	21.1224683908	32.3953711967	31.6588028036	6.756
588	0	2	1	1245	77	16.9584509181	27.4391084177	26.847744818	11.559
588	0	2	2	2596	162	16.9584509181	26.2444788513	25.6531152516	20.126
589	0	2	1	443	27	18.9770662102	25.6338944039	24.9721390206	5.906
589	0	2	2	1789	111	18.9770662102	26.65396887	25.9922134868	5.874
590	0	2	1	383	23	19.7943656509	31.387008307	30.6967526119	12.504
590	0	2	2	1728	108	19.7943656509	30.7335116973	30.0432560022	8.788
591	0	2	1	879	54	22.5307953966	31.6727976862	30.8871190688	14.772
591	0	2	2	2223	138	22.5307953966	30.8059576001	30.0202789827	11.118
592	0	2	1	566	35	20.1596169785	28.2109402987	27.507947807	6.441
592	0	2	2	1914	119	20.1596169785	29.1032575966	28.4002651049	11.338
593	0	2	1	1221	76	22.9098851557	11.2307829321	10.4318849537	13.086
593	0	2	2	2572	160	22.9098851557	9.94497302444	9.14607504604	17.055
594	0	2	1	439	27	25.9322275193	30.4372584916	29.5329674399	11.008
594	0	2	2	1785	111	25.9322275193	27.2651915876	26.360900536	4.063
595	0	2	1	1255	78	21.2197789894	28.3435412586	27.6035795162	6.158
595	0	2	2	2603	162	21.2197789894	27.9995309466	27.2595692043	19.228
596	0	2	1	471	29	20.160675329	28.5940563754	27.8910269777	7.544
596	0	2	2	1818	113	20.160675329	28.6515217061	27.9484923083	13.968
597	0	2	1	538	33	19.0432915761	31.1586990093	30.49463426	9.811
597	0	2	2	1888	118	19.0432915761	23.8791272971	23.2150625478	7.905
598	0	2	1	1217	76	21.1499890734	28.2965511049	27.5590230292	12.929
598	0	2	2	2568	160	21.1499890734	30.3367970073	29.5992689316	6.41
599	0	2	1	346	21	21.1894305377	29.013112092	28.2742086403	9.685
599	0	2	2	1691	105	21.1894305377	28.7741666784	28.0352632267	6.913
600	0	2	1	1236	77	19.2637955547	28.668117144	27.9963631295	11.433
600	0	2	2	2585	161	19.2637955547	30.8866369146	30.2148829001	15.071
601	0	2	1	489	30	20.8695658795	29.3498045792	28.6220552309	11.244
601	0	2	2	1834	114	20.8695658795	30.0081863426	29.2804369943	7.528
602	0	2	1	1265	79	21.9606225111	30.2224283468	29.4566324116	8.787
602	0	2	2	2615	163	21.9606225111	30.7152585835	29.9494626483	14.126
603	0	2	1	478	29	24.6078454153	28.4929798101	27.634871713	11.653
603	0	2	2	1825	114	24.6078454153	28.1660171587	27.3079090617	5.433
604	0	2	1	1269	79	25.3310090909	31.5424205632	30.6590947929	10.898
604	0	2	2	2618	163	25.3310090909	30.7640273265	29.8807015561	11.685
605	0	2	1	1272	79	23.8703316457	31.5335933543	30.7012033372	11.622
605	0	2	2	2622	163	23.8703316457	32.6590598651	31.826669848	12.52
606	0	2	1	411	25	22.2649616044	29.6573682375	28.8809595958	12.126
606	0	2	2	1756	109	22.2649616044	33.567721323	32.7913126813	6.031
607	0	2	1	488	30	22.1190772417	27.5669944181	26.7956729569	12.063
607	0	2	2	1832	114	22.1190772417	27.2368975125	26.4655760513	10.504
609	0	2	1	1248	78	20.0732064108	29.1801939582	28.4802147173	5.811
609	0	2	2	2598	162	20.0732064108	31.9829095485	31.2829303075	5.402
610	0	2	1	528	33	18.1902535627	28.0498612853	27.4155430991	17.04
610	0	2	2	1876	117	18.1902535627	30.006969806	29.3726516198	12.126
611	0	2	1	489	30	22.3198491519	31.0803218138	30.3019991708	7.591
611	0	2	2	1834	114	22.3198491519	30.1217000765	29.3433774334	9.543
612	0	2	1	1012	63	20.4935469525	32.1499609579	31.4353238867	16.504
612	0	2	2	2356	147	20.4935469525	33.1082460044	32.3936089332	7.071
613	0	2	1	430	26	21.6969645423	30.6226141527	29.8660123193	6.41
613	0	2	2	1777	111	21.6969645423	29.8016327976	29.0450309642	7.527
615	0	2	1	538	33	18.0898967534	25.047540855	24.4167222434	10.851
615	0	2	2	1888	118	18.0898967534	24.8003952242	24.1695766126	10
616	0	2	1	1237	77	20.9468545751	29.0606790953	28.330234588	4.094
616	0	2	2	2586	161	20.9468545751	29.2909833982	28.560538891	9.654
617	0	2	1	550	34	26.1772513732	29.510986334	28.5981509767	16.63
617	0	2	2	1897	118	26.1772513732	28.1817681129	27.2689327556	17.055
618	0	2	1	1269	79	28.8671268063	28.3293942423	27.3227593731	15.843
618	0	2	2	2619	163	28.8671268063	28.4217052089	27.4150703397	15.04
619	0	2	1	1061	66	23.5421190968	28.7535561247	27.9326113131	22.834
619	0	2	2	2408	150	23.5421190968	29.9503152135	29.1293704019	13.937
620	0	2	1	1000	62	20.3367889361	31.7948490099	31.0856782978	27.937
620	0	2	2	2341	146	20.3367889361	26.4259958712	25.7168251591	5.386
621	0	2	1	1230	76	18.3925604526	29.8946993178	29.2533264229	9.811
621	0	2	2	2581	161	18.3925604526	28.8800465025	28.2386736076	7.213
622	0	2	1	1273	79	22.0576965665	30.153229572	29.3840485361	15.622
622	0	2	2	2624	164	22.0576965665	32.0949344109	31.325753375	8.945
623	0	2	1	491	30	23.7260277505	32.2051236417	31.3777656922	15.622
623	0	2	2	1837	114	23.7260277505	28.5325893577	27.7052314082	8.283
624	0	2	1	415	25	23.9396910508	30.3218465312	29.48703786	10
624	0	2	2	1763	110	23.9396910508	32.1353494684	31.3005407972	9.78
625	0	2	1	1230	76	20.0049756992	30.9079027573	30.2103028115	12.693
625	0	2	2	2582	161	20.0049756992	31.0628882377	30.3652882919	9.464
626	0	2	1	1286	80	28.8754815857	31.3765562798	30.3696300684	11.307
626	0	2	2	2637	164	28.8754815857	31.8874197154	30.880493504	11.811
627	0	2	1	169	10	24.9681576395	27.087216707	26.2165440464	5.244
627	0	2	2	1511	94	24.9681576395	29.7669997915	28.8963271309	14.346
628	0	2	1	1251	78	23.1410288481	28.857398295	28.0504400305	13.338
628	0	2	2	2597	162	23.1410288481	28.4658994991	27.6589412346	12.567
629	0	2	1	491	30	16.6975291009	29.428845328	28.846580417	13.181
629	0	2	2	1835	114	16.6975291009	29.7333156154	29.1510507043	7.622
630	0	2	1	1107	69	25.0872010206	28.2397366095	27.3649127489	7.906
630	0	2	2	2455	153	25.0872010206	30.5747039931	29.6998801325	10.409
631	0	2	1	1256	78	20.4169471642	31.1566330117	30.4446670764	14.252
631	0	2	2	2604	162	20.4169471642	29.2538886594	28.541922724	20.031
631	1	2	1	1255	78	20.4169471642	32.2147806085	31.5028146731	7.496
631	1	2	2	2609	163	20.4169471642	29.5028914063	28.7909254709	12.772
632	0	2	1	411	25	20.4843372367	30.659284235	29.9449683187	6.189
632	0	2	2	1756	109	20.4843372367	28.0456376591	27.3313217428	4.52
633	0	2	1	1244	77	21.0296001299	31.0343014496	30.3009714954	6.347
633	0	2	2	2593	162	21.0296001299	30.6921891597	29.9588592056	17.134
634	0	2	1	549	34	20.3344504374	32.903348721	32.1942595555	11.748
634	0	2	2	1897	118	20.3344504374	31.4580472383	30.7489580728	12.693
635	0	2	1	1093	68	24.0292362613	28.6830094165	27.8450781854	10.992
635	0	2	2	2442	152	24.0292362613	28.907473298	28.069542067	9.874
636	0	2	1	1268	79	22.9341	31.5550840328	30.7553416508	9.606
636	0	2	2	2618	163	22.9341	32.5275708252	31.7278284432	12.409
637	0	2	1	429	26	23.9982953937	31.16476515	30.3279128679	7.008
637	0	2	2	1769	110	23.9982953937	30.0279236335	29.1910713514	4.661
638	0	2	1	1224	76	24.2552506757	29.293410955	28.4475983026	10.929
638	0	2	2	2574	160	24.2552506757	29.6155937172	28.7697810648	12.158
639	0	2	1	490	30	22.7001153055	27.8193256596	27.0277426331	13.559
639	0	2	2	1837	114	22.7001153055	28.9405375198	28.1489544934	5.716
640	0	2	1	1248	78	15.1387481175	30.2520369581	29.7241288004	8.866
640	0	2	2	2597	162	15.1387481175	29.7418077037	29.2138995459	5.874
641	0	2	1	1063	66	23.2815745876	28.179478137	27.3676188568	15.465
641	0	2	2	2411	150	23.2815745876	28.2439653085	27.4321060283	7.906
642	0	2	1	1213	75	18.0075609114	28.4401980029	27.8122505509	12.725
642	0	2	2	2562	160	18.0075609114	29.5034600298	28.8755125778	14.771
643	0	2	1	1061	66	21.6874580444	32.0840976034	31.3278272742	9.937
643	0	2	2	2410	150	21.6874580444	33.6988786878	32.9426083586	9.213
644	0	2	1	1057	66	25.6740907473	30.8188649273	29.9235754461	8.126
644	0	2	2	2402	150	25.6740907473	32.0861144377	31.1908249565	7.307
645	0	2	1	1078	67	23.7182687047	30.2715880449	29.4445006636	13.685
645	0	2	2	2424	151	23.7182687047	28.637131976	27.8100445947	17.338
646	0	2	1	471	29	20.695837398	30.5196682245	29.797977018	6
646	0	2	2	1817	113	20.695837398	29.5496984366	28.8280072301	8.095
647	0	2	1	1094	68	24.6310883434	31.3299680865	30.4710494778	6.094
647	0	2	2	2441	152	24.6310883434	31.3596858253	30.5007672166	9.401
648	0	2	1	528	33	18.7729957316	31.2908758774	30.6362367015	14
648	0	2	2	1876	117	18.7729957316	31.084044828	30.4294056521	7.559
650	0	2	1	1095	68	23.0463175331	27.9887969286	27.1851413728	9.874
650	0	2	2	2442	152	23.0463175331	28.3353754419	27.5317198861	17.622
651	0	2	1	1090	68	24.4694784919	29.6333745651	28.7800915055	8.85
651	0	2	2	2438	152	24.4694784919	27.4161429818	26.5628599223	15.071
653	0	2	1	1265	79	22.812834209	29.9110914343	29.1155777507	5.654
653	0	2	2	2616	163	22.812834209	31.0232927207	30.2277790371	13.102
654	0	2	1	802	50	28.2964893595	39.0748805197	38.0881445326	8.693
654	0	2	2	2146	134	28.2964893595	32.8930763236	31.9063403365	4.22
655	0	2	1	1239	77	23.1629579128	34.456913684	33.6491907241	11.685
655	0	2	2	2587	161	23.1629579128	30.8605860102	30.0528630502	12
656	0	2	1	486	30	20.9853889657	26.018249136	25.2864608836	20.252
656	0	2	2	1831	114	20.9853889657	26.8429410368	26.1111527844	14.599
657	0	2	1	1246	77	15.105096874	30.2988369341	29.7721022397	10.189
657	0	2	2	2597	162	15.105096874	28.6004061946	28.0736715002	4.221
658	0	2	1	490	30	18.0133916285	29.928386094	29.3002353172	11.906
658	0	2	2	1835	114	18.0133916285	29.4523185516	28.8241677748	7.874
659	0	2	1	1273	79	19.3549830016	28.1155553536	27.4406215123	9.181
659	0	2	2	2624	164	19.3549830016	30.7727963382	30.0978624969	12.63
660	0	2	1	1269	79	24.6396161455	28.3171342566	27.4579182722	12.677
660	0	2	2	2618	163	24.6396161455	31.9210606268	31.0618446423	5.906
662	0	2	1	1257	78	10.7110313471	30.2551398663	29.881632045	9.449
662	0	2	2	2602	162	10.7110313471	15.754415612	15.3809077908	25.937
663	0	2	1	205	12	25.8859148433	22.0381823766	21.1355063092	11.811
663	0	2	2	1552	97	25.8859148433	26.5017700449	25.5990939775	4.126
664	0	2	1	522	32	25.7306258636	31.2471113739	30.3498504385	4.677
664	0	2	2	1869	116	25.7306258636	28.3174700795	27.4202091441	17.779
665	0	2	1	472	29	22.5940357752	30.5032626575	29.7153787645	22.378
665	0	2	2	1818	113	22.5940357752	31.7701174848	30.9822335918	7.496
666	0	2	1	296	18	24.0987608534	36.5427380195	35.7023823741	8.504
666	0	2	2	1641	102	24.0987608534	30.0517826196	29.2114269741	6.708
667	0	2	1	518	32	21.2575906987	29.6198038896	28.8785236029	9.181
667	0	2	2	1865	116	21.2575906987	30.31688322	29.5756029334	9.78
668	0	2	1	473	29	22.4824432906	20.1983841582	19.4143916426	26.992
668	0	2	2	1821	113	22.4824432906	30.4039338932	29.6199413776	6
669	0	2	1	1056	66	23.8734248235	31.681494134	30.8489962538	9.118
669	0	2	2	2401	150	23.8734248235	34.0911300398	33.2586321595	4.819
670	0	2	1	1275	79	19.8615184302	30.0260693599	29.3334719586	12.677
670	0	2	2	2624	164	19.8615184302	31.6220572351	30.9294598339	11.307
671	0	2	1	488	30	24.0535401442	28.4480782164	27.6092994769	16.41
671	0	2	2	1834	114	24.0535401442	28.4854012028	27.6466224632	11.937
672	0	2	1	1265	79	22.7215444977	30.0109496214	29.2186193307	7.906
672	0	2	2	2616	163	22.7215444977	29.259227005	28.4668967143	10.409
673	0	2	1	833	52	30.4847315846	33.5741488093	32.5111059232	7.528
673	0	2	2	2175	135	30.4847315846	32.330722932	31.2676800459	11.433
674	0	2	1	1056	66	26.8647225287	29.8192038777	28.8823954925	11.622
674	0	2	2	2401	150	26.8647225287	31.0877879427	30.1509795575	13.465
675	0	2	1	1064	66	26.5084246045	31.2080019593	30.2836181536	8.866
675	0	2	2	2411	150	26.5084246045	31.621751262	30.6973674563	16.095
676	0	2	1	545	34	20.8918096184	37.4775027912	36.7489777743	8.835
676	0	2	2	1894	118	20.8918096184	32.5870205994	31.8584955825	9.244
677	0	2	1	1064	66	22.7063563511	32.5332158721	31.7414152122	12.346
677	0	2	2	2412	150	22.7063563511	31.335521381	30.5437207211	10.126
678	0	2	1	158	9	24.1814139366	29.8818933692	29.0386555014	7.212
678	0	2	2	1498	93	24.1814139366	28.5520423074	27.7088044396	20.032
679	0	2	1	1243	77	15.0455053039	28.5760534431	28.0513967855	4.347
679	0	2	2	2593	162	15.0455053039	29.7785781059	29.2539214484	12.189
680	0	2	1	489	30	24.4103362667	29.6764270777	28.8252063858	7.244
680	0	2	2	1834	114	24.4103362667	29.8385014239	28.9872807319	11.402
681	0	2	1	519	32	19.4095421314	31.76048199	31.0836455997	9.276
681	0	2	2	1866	116	19.4095421314	30.1966145264	29.5197781361	7.338
682	0	2	1	487	30	22.1525767678	29.198122257	28.4256326231	8.914
682	0	2	2	1831	114	22.1525767678	29.2940011963	28.5215115624	9.528
683	0	2	1	1277	79	10.0895298483	29.1766143211	28.8247790786	8.63
683	0	2	2	2626	164	10.0895298483	28.9589315509	28.6070963084	7.37
684	0	2	1	170	10	25.0576854306	33.0055199223	32.1317253092	4.315
684	0	2	2	1512	94	25.0576854306	30.8488139399	29.9750193269	14
685	0	2	1	452	28	16.0870931104	28.7070332152	28.146055014	18.882
685	0	2	2	1797	112	16.0870931104	29.0113600841	28.4503818829	8.488
686	0	2	1	1061	66	21.0035606692	29.2394097491	28.5069878254	17.622
686	0	2	2	2410	150	21.0035606692	31.7311245997	30.998702676	9.15
687	0	2	1	1253	78	23.8937354103	30.8778584708	30.0446523335	5.779
687	0	2	2	2601	162	23.8937354103	32.3408137669	31.5076076297	24.393
688	0	2	1	530	33	21.4256463321	31.2505214385	30.5033808298	6.929
688	0	2	2	1879	117	21.4256463321	30.2786525857	29.531511977	5.843
689	0	2	1	1270	79	20.8934901682	32.1527420393	31.4241584194	10.504
689	0	2	2	2619	163	20.8934901682	29.8037841167	29.0752004969	15.339
690	0	2	1	536	33	12.5899591391	29.8271155518	29.3880870348	10.74
690	0	2	2	1889	118	12.5899591391	23.9265826554	23.4875541384	5.307
691	0	2	1	1220	76	24.2829719971	32.4809315807	31.6341522492	11.717
691	0	2	2	2566	160	24.2829719971	32.9804872876	32.1337079561	10.456
692	0	2	1	431	26	21.2210374106	30.2680705136	29.5280648884	7.433
692	0	2	2	1777	111	21.2210374106	30.9331916401	30.1931860149	12.126
693	0	2	1	1241	77	24.2292384507	29.9386269629	29.0937213911	9.087
693	0	2	2	2589	161	24.2292384507	30.9800717864	30.1351662147	6.284
694	0	2	1	1275	79	25.358270162	30.0647259158	29.1804495159	7.37
694	0	2	2	2624	164	25.358270162	33.4058354919	32.5215590919	7.496
695	0	2	1	1272	79	27.4316889836	29.788624067	28.8320448121	6.22
695	0	2	2	2622	163	27.4316889836	35.8824131351	34.9258338802	5.874
696	0	2	1	547	34	22.6485123561	24.4708622889	23.6810787255	15.748
696	0	2	2	1893	118	22.6485123561	29.0954947483	28.305711185	7.843
697	0	2	1	1259	78	20.7658345553	29.9186047352	29.1944726353	8.063
697	0	2	2	2609	163	20.7658345553	29.8864610013	29.1623289014	15.197
698	0	2	1	489	30	20.2363075333	32.0317329167	31.326066124	11.653
698	0	2	2	1831	114	20.2363075333	31.7285682789	31.0229014862	9.528
699	0	2	1	348	21	26.6147145895	32.5477434304	31.6196531525	7.654
699	0	2	2	1693	105	26.6147145895	33.326618137	32.3985278591	8.914
701	0	2	1	489	30	19.8222138199	31.1634326143	30.4722058168	5.418
701	0	2	2	1834	114	19.8222138199	30.2162391916	29.5250123941	7.339
702	0	2	1	471	29	23.5060320698	27.3896427664	26.5699563571	4.63
702	0	2	2	1817	113	23.5060320698	29.1704418965	28.3507554872	6.378
703	0	2	1	1275	79	20.0639376667	28.4285508153	27.7288947877	9.748
703	0	2	2	2627	164	20.0639376667	29.8538752962	29.1542192686	7.622
704	0	2	1	996	62	24.8198111031	25.4661846493	24.6006850285	4.378
704	0	2	2	2341	146	24.8198111031	27.5447599323	26.6792603115	20.772
705	0	2	1	467	29	18.5511513375	29.9291153021	29.2822121335	5.465
705	0	2	2	1814	113	18.5511513375	29.6956383184	29.0487351497	12.032
706	0	2	1	487	30	17.3992468997	29.9883118827	29.3815771445	16.315
706	0	2	2	1832	114	17.3992468997	31.6434412994	31.0367065611	16.709
707	0	2	1	489	30	24.2779643723	32.6395740504	31.7929693413	11.181
707	0	2	2	1833	114	24.2779643723	28.3383163069	27.4917115978	6.787
709	0	2	1	1217	76	21.5142739444	29.0782083836	28.3279772129	10.536
709	0	2	2	2566	160	21.5142739444	28.5356671847	27.785436014	13.622
710	0	2	1	932	58	29.9682084914	29.4481023809	28.4030713379	20.346
710	0	2	2	2274	142	29.9682084914	28.9120424134	27.8670113703	5.087
711	0	2	1	491	30	18.5843657199	28.6219697632	27.9739083651	12.851
711	0	2	2	1838	114	18.5843657199	28.3488148791	27.700753481	13.78
712	0	2	1	1250	78	15.2242251223	32.1862847654	31.6553959115	6.63
712	0	2	2	2600	162	15.2242251223	32.1105197011	31.5796308473	12.662
713	0	2	1	901	56	21.6786600903	28.7577303523	28.0017668194	8.724
713	0	2	2	2244	140	21.6786600903	27.4263876175	26.6704240846	13.212
714	0	2	1	458	28	27.1448602827	30.9730007267	30.0264235677	7.685
714	0	2	2	1802	112	27.1448602827	32.9804623946	32.0338852356	11.842
715	0	2	1	487	30	22.8857135351	29.9782963289	29.1802412469	15.685
715	0	2	2	1832	114	22.8857135351	29.4239168443	28.6258617623	9.937
716	0	2	1	1090	68	20.3745766606	32.6527618951	31.9422734752	5.905
716	0	2	2	2438	152	20.3745766606	31.1277978498	30.4173094299	8.095
717	0	2	1	513	32	22.5133907089	30.68317781	29.8981061171	7.118
717	0	2	2	1859	116	22.5133907089	30.1758655037	29.3907938108	15.906
718	0	2	1	899	56	29.4105988336	31.0154863866	29.9898999294	8.724
718	0	2	2	2241	140	29.4105988336	30.9191883766	29.8936019194	7.307
719	0	2	1	1275	79	20.4727634313	30.392336443	29.6784241206	7.528
719	0	2	2	2625	164	20.4727634313	31.0478156205	30.3339032981	10.378
720	0	2	1	487	30	21.5175311171	29.4952085473	28.7448637947	13.433
720	0	2	2	1833	114	21.5175311171	30.5089013291	29.7585565765	14.661
721	0	2	1	422	26	28.8579932075	32.5433621226	31.537045754	7.528
721	0	2	2	1772	110	28.8579932075	34.6756054276	33.669289059	8.835
722	0	2	1	521	32	20.7810719143	27.010880741	26.2862172942	13.292
722	0	2	2	1867	116	20.7810719143	28.260782154	27.5361187073	9.039
723	0	2	1	129	8	25.8472443217	24.7763675993	23.875040024	8.157
723	0	2	2	1470	91	25.8472443217	35.2710288854	34.3697013102	11.212
724	0	2	1	963	60	30.0639111653	29.199616471	28.1512481492	10.567
724	0	2	2	2308	144	30.0639111653	32.3904996087	31.342131287	6.472
725	0	2	1	489	30	23.352369845	32.4954447007	31.6811166963	10.63
725	0	2	2	1834	114	23.352369845	33.6058323552	32.7915043508	10.315
726	0	2	1	1220	76	20.5271584298	31.2881246131	30.5723154652	5.78
726	0	2	2	2571	160	20.5271584298	32.5380449845	31.8222358366	10.189
727	0	2	1	77	4	24.566393706	32.3584277053	31.5017650842	6.693
727	0	2	2	1416	88	24.566393706	30.7724352491	29.9157726279	11.244
728	0	2	1	1063	66	21.9427799217	30.9047901921	30.1396164516	12.551
728	0	2	2	2411	150	21.9427799217	30.9348980564	30.1697243158	11.591
729	0	2	1	487	30	17.5753864397	27.6510423707	27.0381654138	16.567
729	0	2	2	1831	114	17.5753864397	25.9315802617	25.3187033049	18.094
731	0	2	1	488	30	22.5738737124	29.6756018311	28.8884210159	10.551
731	0	2	2	1832	114	22.5738737124	29.8012957133	29.0141148981	11.622
733	0	2	1	1265	79	21.5763441114	30.1995589458	29.4471633063	11.685
733	0	2	2	2616	163	21.5763441114	30.2034730036	29.4510773641	7.118
734	0	2	1	962	60	28.531923534	31.3926535198	30.3977076317	12.22
734	0	2	2	2306	144	28.531923534	32.3573591991	31.362413311	13.26
735	0	2	1	1097	68	17.8345518137	27.5251046055	26.9031902095	10.221
735	0	2	2	2444	152	17.8345518137	27.5048672141	26.882952818	14.992
737	0	2	1	487	30	16.9051397557	30.7378862873	30.1483817183	6.063
737	0	2	2	1834	114	16.9051397557	31.0574917407	30.4679871716	8.409
738	0	2	1	1229	76	29.6653000534	33.9404189907	32.9059507653	5.024
738	0	2	2	2580	161	29.6653000534	32.7813475845	31.7468793591	7.465
739	0	2	1	485	30	21.1506887754	26.7993484112	26.0617959359	13.874
739	0	2	2	1830	114	21.1506887754	28.062488842	27.3249363668	13.118
740	0	2	1	1049	65	25.3300409979	31.5307576913	30.6474656796	26.252
740	0	2	2	2387	149	25.3300409979	28.8993878292	28.0160958175	8.819
741	0	2	1	1218	76	16.9898731885	27.036658888	26.4441995522	5.197
741	0	2	2	2567	160	16.9898731885	27.5742930592	26.9818337234	13.323
742	0	2	1	810	50	21.9815570507	30.5499738066	29.7834478563	12.771
742	0	2	2	2153	134	21.9815570507	31.9938600739	31.2273341236	10.63
742	1	2	1	802	50	21.9815570507	29.627311037	28.8607850867	13.685
742	1	2	2	2152	134	21.9815570507	31.1807283478	30.4142023975	14.598
743	0	2	1	486	30	17.7053662313	29.8368343427	29.2194248187	16.504
743	0	2	2	1830	114	17.7053662313	28.094602597	27.477193073	18.851
744	0	2	1	471	29	21.8679319956	28.6126224496	27.8500587552	7.591
744	0	2	2	1816	113	21.8679319956	30.488336365	29.7257726706	4.158
745	0	2	1	547	34	24.3297043687	25.0269180241	24.178509073	11.401
745	0	2	2	1894	118	24.3297043687	27.8388907749	26.9904818237	9.496
746	0	2	1	1283	80	21.6250481981	34.7683664074	34.014272392	8.441
746	0	2	2	2632	164	21.6250481981	31.051338637	30.2972446216	9.559
747	0	2	1	438	27	23.4849794483	31.3370831639	30.5181308873	8.032
747	0	2	2	1784	111	23.4849794483	30.0694433165	29.25049104	4.063
748	0	2	1	506	31	16.856418876	27.4039628674	26.8161572598	8.252
748	0	2	2	1853	115	16.856418876	26.9124470185	26.324641411	8.725
749	0	2	1	1000	62	21.8616516957	22.3296460294	21.5673013374	10.929
749	0	2	2	2358	147	21.8616516957	32.8360096297	32.0736649376	8.645
750	0	2	1	1218	76	22.7633246708	32.7366457326	31.942858512	9.339
750	0	2	2	2567	160	22.7633246708	34.8187327506	34.02494553	8.031
751	0	2	1	1254	78	20.7482945361	29.1214606044	28.3979401481	11.339
751	0	2	2	2601	162	20.7482945361	31.1160932325	30.3925727763	16.662
752	0	2	1	513	32	22.7449888216	33.7458449467	32.9526971214	5.685
752	0	2	2	1860	116	22.7449888216	34.4571394528	33.6639916276	12.63
753	0	2	1	432	27	21.1692172483	28.6433175465	27.9051189589	6.819
753	0	2	2	1779	111	21.1692172483	29.9599269288	29.2217283412	10.929
754	0	2	1	415	25	25.6254463476	28.317993874	27.4244006873	13.102
754	0	2	2	1762	110	25.6254463476	30.1193173079	29.2257241212	6.504
755	0	2	1	1236	77	18.9063924795	33.0335377678	32.374246871	11.685
755	0	2	2	2584	161	18.9063924795	33.8086018791	33.1493109823	11.355
757	0	2	1	491	30	22.1207109443	31.3840230959	30.6126446654	5.843
757	0	2	2	1837	114	22.1207109443	27.2667549757	26.4953765452	16.189
758	0	2	1	1090	68	23.3479762467	28.056045601	27.2418708072	12
758	0	2	2	2434	152	23.3479762467	29.0715645823	28.2573897885	11.039
759	0	2	1	1217	76	23.120446647	29.2710463033	28.4648057674	12.252
759	0	2	2	2566	160	23.120446647	27.610213042	26.803972506	13.023
760	0	2	1	432	27	20.8072946999	38.7415705371	38.0159926672	5.685
760	0	2	2	1763	110	20.8072946999	30.9666062753	30.2410284053	15.716
761	0	2	1	1233	77	23.4471135121	31.232561105	30.4149292637	4.96
761	0	2	2	2581	161	23.4471135121	30.6899879229	29.8723560816	9.386
762	0	2	1	487	30	27.5652845476	31.4023027333	30.4410648244	14.158
762	0	2	2	1833	114	27.5652845476	31.2069852504	30.2457473415	8.519
763	0	2	1	1233	77	22.7980896846	28.0405474945	27.2455479719	8.378
763	0	2	2	2582	161	22.7980896846	29.1424054927	28.3474059701	12.284
764	0	2	1	443	27	24.4848872634	30.8026588186	29.9488384349	5.008
764	0	2	2	1790	111	24.4848872634	27.52858456	26.6747641762	10.063
765	0	2	1	1004	62	24.5642402762	29.4343006629	28.5777131346	4.284
765	0	2	2	2351	146	24.5642402762	32.5565819196	31.6999943914	9.008
766	0	2	1	1256	78	24.1803684094	28.9455832087	28.1023817999	5.433
766	0	2	2	2604	162	24.1803684094	28.630147123	27.7869457142	12.284
766	1	2	1	1243	77	24.1803684094	28.7380796903	27.8948782815	7.04
766	1	2	2	2593	162	24.1803684094	30.5495264037	29.7063249948	13.37
767	0	2	1	1241	77	22.8287853677	29.2601930282	28.4641231066	5.528
767	0	2	2	2590	161	22.8287853677	29.1047928446	28.308722923	11.527
768	0	2	1	1227	76	22.6778973816	27.9746139756	27.1838057175	10.346
768	0	2	2	2580	161	22.6778973816	32.29324932	31.5024410619	11.37
769	0	2	1	1256	78	19.0347786245	31.2054373424	30.541669451	8.693
769	0	2	2	2604	162	19.0347786245	31.1865104789	30.5227425874	6.724
770	0	2	1	1255	78	22.2947885765	26.1695005046	25.392051757	11.433
770	0	2	2	2604	162	22.2947885765	25.5979370265	24.8204882789	18.914
771	0	2	1	929	58	25.5885963613	30.9802891795	30.0879810006	6.189
771	0	2	2	2273	142	25.5885963613	29.9208873504	29.0285791714	14.473
772	0	2	1	298	18	24.5215084664	29.0564098697	28.2013124561	7.717
772	0	2	2	1643	102	24.5215084664	28.8195051705	27.964407757	6
773	0	2	1	1243	77	15.5663140053	28.1679415213	27.6251235759	4.284
773	0	2	2	2594	162	15.5663140053	30.6895663473	30.1467484019	17.024
774	0	2	1	1063	66	23.9829417598	28.9785327947	28.1422159141	13.244
774	0	2	2	2411	150	23.9829417598	29.6283438548	28.7920269742	12.96
775	0	2	1	1268	79	26.420739608	28.2961234306	27.3747973167	8.362
775	0	2	2	2619	163	26.420739608	27.7692756546	26.8479495407	15.118
776	0	2	1	525	32	18.7703967001	29.8328665006	29.1783179563	8.409
776	0	2	2	1872	117	18.7703967001	28.40359057	27.7490420258	8.599
777	0	2	1	545	34	18.5636919128	35.8956058384	35.2482653634	10.976
777	0	2	2	1894	118	18.5636919128	33.2438808624	32.5965403873	14.567
778	0	2	1	1030	64	26.0210267243	34.2020329906	33.2946453933	6.284
778	0	2	2	2374	148	26.0210267243	38.8441811131	37.9367935158	19.229
779	0	2	1	469	29	27.3526773312	31.8744193244	30.9205953102	7.591
779	0	2	2	1815	113	27.3526773312	28.4548864538	27.5010624396	10.425
780	0	2	1	1218	76	18.7756082501	27.5231130201	26.8683827422	8.378
780	0	2	2	2567	160	18.7756082501	26.2341774225	25.5794471446	10.599
781	0	2	1	138	8	25.9484498969	29.0730585362	28.1682017888	13.968
781	0	2	2	1480	92	25.9484498969	27.8044605685	26.8996038211	15.937
782	0	2	1	1217	76	20.5388252131	28.1115975704	27.3953815864	9.906
782	0	2	2	2567	160	20.5388252131	25.8695347717	25.1533187876	18.63
783	0	2	1	1022	63	25.6920387161	31.9628155311	31.0669001806	14.441
783	0	2	2	2368	148	25.6920387161	25.9235145255	25.0275991749	26.441
784	0	2	1	534	33	22.159587959	26.5154695931	25.7427354697	12.032
784	0	2	2	1883	117	22.159587959	25.3745915204	24.601857397	13.087
785	0	2	1	487	30	23.630783712	28.3551998202	27.5311631562	8.158
785	0	2	2	1831	114	23.630783712	28.8692851753	28.0452485113	12.315
786	0	2	1	308	19	21.9542093339	29.6625674523	28.896995153	6.189
786	0	2	2	1652	103	21.9542093339	30.4291305977	29.6635582985	9.275
787	0	2	1	1280	80	20.369354677	30.5639355579	29.8536292354	13.118
787	0	2	2	2630	164	20.369354677	33.4027341327	32.6924278102	12.094
788	0	2	1	1230	76	20.0022162256	26.5500633895	25.8525596702	15.843
788	0	2	2	2581	161	20.0022162256	26.5912364711	25.8937327517	17.071
789	0	2	1	547	34	20.069108578	27.2715640472	26.5717277031	11.008
789	0	2	2	1894	118	20.069108578	30.9979347311	30.298098387	12.74
790	0	2	1	781	48	28.6992492643	31.0940774865	30.093296729	14
790	0	2	2	2121	132	28.6992492643	28.343101421	27.3423206636	20.378
791	0	2	1	916	57	29.4915100515	29.4398844518	28.4114765134	11.087
791	0	2	2	2258	141	29.4915100515	30.5070695892	29.4786616509	5.118
792	0	2	1	473	29	23.3409655439	31.3662082516	30.5522779302	8.614
792	0	2	2	1818	113	23.3409655439	30.4686565403	29.654726219	8.284
793	0	2	1	1062	66	22.0197727477	30.0293272127	29.2614686305	7.055
793	0	2	2	2410	150	22.0197727477	28.7115096757	27.9436510935	17.339
794	0	2	1	1061	66	26.6189019405	42.4262804342	41.4980441378	14.126
794	0	2	2	2411	150	26.6189019405	29.6626380263	28.7344017299	20.473
795	0	2	1	903	56	26.7314098732	27.0239625033	26.0918029066	4.347
795	0	2	2	2246	140	26.7314098732	26.8572034211	25.9250438244	9.276
796	0	2	1	470	29	23.3744358724	28.5437253928	27.7286279168	8.347
796	0	2	2	1817	113	23.3744358724	28.6190086912	27.8039112152	7.433
797	0	2	1	407	25	21.6665305268	32.2978753973	31.5423348383	6.866
797	0	2	2	1763	110	21.6665305268	30.7326769006	29.9771363416	7.197
800	0	2	1	488	30	24.1308286302	31.2077148984	30.3662410072	12.031
800	0	2	2	1832	114	24.1308286302	30.1355442193	29.294070328	10.472
801	0	2	1	1255	78	16.2048721003	28.1157212917	27.5506359815	9.685
801	0	2	2	2594	162	16.2048721003	27.4623175638	26.8972322536	12.992
802	0	2	1	1063	66	23.1713513488	32.9256351209	32.1176194707	9.307
802	0	2	2	2410	150	23.1713513488	33.0015795906	32.1935639405	12.803
803	0	2	1	535	33	19.1449025961	28.2658841052	27.5982760453	20.378
803	0	2	2	1889	118	19.1449025961	29.1197478016	28.4521397418	5.307
804	0	2	1	429	26	22.6836378424	32.8991472864	32.1081388509	6.189
804	0	2	2	1775	110	22.6836378424	32.7882570247	31.9972485892	13.842
805	0	2	1	930	58	23.6426102612	30.613904706	29.7894556347	4.63
805	0	2	2	2272	142	23.6426102612	30.1232838432	29.2988347718	9.874
806	0	2	1	1223	76	19.2415781864	31.7604656011	31.0894863357	6.519
806	0	2	2	2566	160	19.2415781864	35.3532161512	34.6822368857	11.811
807	0	2	1	487	30	24.4016517829	33.1929902509	32.3420723983	14.898
807	0	2	2	1831	114	24.4016517829	33.5762307692	32.7253129166	10.725
808	0	2	1	518	32	17.3498812945	31.8617930633	31.2567797689	10.22
808	0	2	2	1865	116	17.3498812945	30.1739877967	29.5689745024	10.347
809	0	2	1	1230	76	23.1709241219	29.6623998886	28.8543991364	5.685
809	0	2	2	2582	161	23.1709241219	28.9709224862	28.162921734	7.229
810	0	2	1	444	27	19.5080137582	29.6617202927	28.9814500666	6.347
810	0	2	2	1791	111	19.5080137582	29.762933645	29.082663419	11.433
811	0	2	1	1245	77	17.8598220994	13.7703817534	13.1475861491	10.834
811	0	2	2	2597	162	17.8598220994	11.8563437525	11.2335481482	16.063
812	0	2	1	490	30	21.9101823816	29.8555336675	29.0914966463	13.748
812	0	2	2	1835	114	21.9101823816	33.1168312779	32.3527942567	6.536
813	0	2	1	490	30	20.4540034623	27.5889303899	26.8756722524	16.535
813	0	2	2	1834	114	20.4540034623	27.4831217009	26.7698635634	13.685
814	0	2	1	1269	79	21.045396758	32.2987390751	31.5648582717	11.622
814	0	2	2	2619	163	21.045396758	29.5973566435	28.8634758401	12.519
815	0	2	1	1244	77	20.1308838174	33.2123945677	32.5104040394	5.905
815	0	2	2	2593	162	20.1308838174	32.2894147054	31.5874241771	17.307
816	0	2	1	1212	75	26.1602787007	28.7396637158	27.827420218	12
816	0	2	2	2561	160	26.1602787007	29.423539299	28.5112958012	12.756
817	0	2	1	490	30	24.3700198459	30.7503639913	29.9005491862	13.559
817	0	2	2	1834	114	24.3700198459	29.3387780336	28.4889632285	10.41
818	0	2	1	141	8	25.9789680116	28.1652074205	27.2592864661	11.811
818	0	2	2	1482	92	25.9789680116	28.7446226854	27.838701731	10.772
819	0	2	1	224	14	22.0719614795	27.8309528469	27.0612743747	9.276
819	0	2	2	1566	97	22.0719614795	31.48354547	30.7138669978	11.055
820	0	2	1	486	30	21.2298509658	29.2592375705	28.5189246051	4.094
820	0	2	2	1830	114	21.2298509658	29.9244174879	29.1841045225	12.33
821	0	2	1	267	16	26.7774917887	26.6872090106	25.7534424766	16.567
821	0	2	2	1610	100	26.7774917887	26.6188802627	25.6851137287	13.905
822	0	2	1	797	49	24.1343706645	27.234117709	26.3925203023	6.756
822	0	2	2	2135	133	24.1343706645	28.3607909618	27.5191935551	13.622
823	0	2	1	489	30	20.6913725906	29.2850378421	28.5635023294	11.653
823	0	2	2	1834	114	20.6913725906	29.512416736	28.7908812232	8.693
824	0	2	1	472	29	19.3805488072	29.4296911321	28.7538657774	16.708
824	0	2	2	1817	113	19.3805488072	28.3199271315	27.6441017768	11.622
825	0	2	1	1286	80	23.9312310901	31.9338174236	31.0993037624	9.181
825	0	2	2	2632	164	23.9312310901	29.9199257771	29.085412116	12
826	0	2	1	1283	80	22.1839159868	32.5460066049	31.772424131	13.023
826	0	2	2	2632	164	22.1839159868	31.7111902741	30.9376078002	13.433
827	0	2	1	1256	78	14.9716545102	28.3515998067	27.8295184239	7.134
827	0	2	2	2604	162	14.9716545102	29.0327097024	28.5106283196	17.717
828	0	2	1	487	30	18.1795468713	30.7988758874	30.1649310577	13.779
828	0	2	2	1832	114	18.1795468713	32.8091561216	32.1752112919	11.228
829	0	2	1	1243	77	20.4208791752	31.6699539213	30.9578508715	15.039
829	0	2	2	2593	162	20.4208791752	31.2946322418	30.582529192	11.37
830	0	2	1	430	26	25.1107164047	28.3149170346	27.4392731615	6.834
830	0	2	2	1776	111	25.1107164047	30.0319638192	29.156319946	4.536
831	0	2	1	518	32	17.1109635483	29.7612381252	29.1645562084	5.685
831	0	2	2	1865	116	17.1109635483	33.986059338	33.3893774213	5.433
832	0	2	1	1250	78	23.3045321245	33.1366679098	32.3240080699	7.339
832	0	2	2	2600	162	23.3045321245	33.8560756027	33.0434157628	19.653
833	0	2	1	1275	79	18.904615592	27.529060584	26.8698316495	14.378
833	0	2	2	2625	164	18.904615592	28.8719233411	28.2126944067	9.937
834	0	2	1	1026	64	20.2876771266	31.7908533079	31.0833951896	15.307
834	0	2	2	2372	148	20.2876771266	27.4329332272	26.7254751089	11.402
835	0	2	1	440	27	22.8146885833	16.5628053838	15.7672270357	15.906
835	0	2	2	1785	111	22.8146885833	17.6512700026	16.8556916545	9.118
836	0	2	1	346	21	25.8179551487	24.4313430453	23.5310368223	11.212
836	0	2	2	1690	105	25.8179551487	26.9163552014	26.0160489784	11.622
837	0	2	1	897	56	27.0691211009	25.8193342905	24.8753982569	20.441
837	0	2	2	2242	140	27.0691211009	29.4647374712	28.5208014376	5.937
838	0	2	1	486	30	20.8594051317	26.206112233	25.4787172034	17.244
838	0	2	2	1830	114	20.8594051317	27.3882325972	26.6608375677	16.535
839	0	2	1	572	35	24.5853518211	28.3576237093	27.5002999936	9.654
839	0	2	2	1921	120	24.5853518211	27.7356398872	26.8783161714	14.315
840	0	2	1	1236	77	24.7450556964	28.1805124114	27.3176196105	6
840	0	2	2	2585	161	24.7450556964	29.4531298954	28.5902370944	15.307
841	0	2	1	488	30	21.4713164461	28.9308539104	28.1821207245	13.874
841	0	2	2	1832	114	21.4713164461	29.3795612932	28.6308281072	10.551
842	0	2	1	1090	68	22.8859672672	31.247278368	30.449214438	4.504
842	0	2	2	2437	152	22.8859672672	29.9644528366	29.1663889066	4.283
843	0	2	1	918	57	26.2408458437	30.789039477	29.8739864964	23.339
843	0	2	2	2261	141	26.2408458437	32.1802735143	31.2652205337	5.496
844	0	2	1	470	29	27.457906734	29.1891965435	28.2317030409	9.228
844	0	2	2	1815	113	27.457906734	29.1042402124	28.1467467099	7.717
845	0	2	1	1211	75	21.6720980318	34.2775158949	33.5217811897	8.772
845	0	2	2	2561	160	21.6720980318	34.8741455215	34.1184108163	9.087
846	0	2	1	933	58	25.4333077239	29.429164689	28.5422716301	12.346
846	0	2	2	2276	142	25.4333077239	29.3256895555	28.4387964966	4.031
847	0	2	1	1241	77	19.3489372336	29.7472816954	29.072558678	5.496
847	0	2	2	2590	161	19.3489372336	29.3062032117	28.6314801943	10.032
848	0	2	1	1248	78	21.7181390545	31.5300769595	30.772736743	5.118
848	0	2	2	2597	162	21.7181390545	31.0492359855	30.291895769	16.095
849	0	2	1	1233	77	21.6984723759	28.066107205	27.3094527915	8.835
849	0	2	2	2582	161	21.6984723759	30.3393342084	29.5826797949	11.118
850	0	2	1	487	30	24.6923541688	30.7595866691	29.8985316401	11.433
850	0	2	2	1831	114	24.6923541688	31.3896204468	30.5285654178	12.914
851	0	2	1	456	28	20.5434284814	32.0044073199	31.2880308138	4.504
851	0	2	2	1801	112	20.5434284814	31.285582666	30.5692061599	7.496
852	0	2	1	1265	79	23.1704135889	31.5653340242	30.7573510749	9.842
852	0	2	2	2615	163	23.1704135889	31.3447014685	30.5367185193	6.897
853	0	2	1	1268	79	21.4421117647	30.7453835097	29.9976687296	10.299
853	0	2	2	2618	163	21.4421117647	32.915674305	32.1679595249	12.756
854	0	2	1	529	33	19.2592481447	31.3747283094	30.7031328691	5.622
854	0	2	2	1878	117	19.2592481447	29.0985983683	28.427002928	5.37
855	0	2	1	932	58	29.7825969701	29.2333171748	28.1947586509	8.819
855	0	2	2	2274	142	29.7825969701	30.574218571	29.5356600471	8.095
856	0	2	1	975	60	25.0802022701	28.4558515217	27.5812717168	5.307
856	0	2	2	2321	145	25.0802022701	32.6253910251	31.7508112201	6.032
857	0	2	1	430	26	21.3702057768	31.9220567493	31.176849426	6.221
857	0	2	2	1775	110	21.3702057768	32.5803740159	31.8351666927	8.284
858	0	2	1	179	11	21.2180480434	29.1172066182	28.3773052363	8.094
858	0	2	2	1521	95	21.2180480434	31.3957964664	30.6558950844	4.992
859	0	2	1	208	13	25.8435498947	28.1616082633	27.2604095176	16.315
859	0	2	2	1552	97	25.8435498947	30.2852318002	29.3840330545	15.197
860	0	2	1	490	30	16.6329877233	28.69006027	28.1100460021	8.204
860	0	2	2	1834	114	16.6329877233	28.2235509415	27.6435366736	14.252
861	0	2	1	1250	78	20.715641723	29.1495274179	28.4271456085	10.567
861	0	2	2	2597	162	20.715641723	29.2938623008	28.5714804914	8.441
862	0	2	1	894	55	20.4161680264	26.5207945992	25.8088558333	15.968
862	0	2	2	2241	140	20.4161680264	30.1662587696	29.4543200038	7.055
863	0	2	1	997	62	26.2996089703	29.6593077717	28.7422056433	14.598
863	0	2	2	2342	146	26.2996089703	32.8495978365	31.9324957081	9.023
865	0	2	1	282	17	28.9617428678	32.309553137	31.2996188807	11.433
865	0	2	2	1626	101	28.9617428678	31.324957042	30.3150227856	8.032
866	0	2	1	1210	75	21.3119538462	34.9966255702	34.2534495688	8.646
866	0	2	2	2561	160	21.3119538462	32.5249108592	31.7817348578	10.788
867	0	2	1	440	27	20.905538636	29.8533069632	29.1243031973	4.472
867	0	2	2	1787	111	20.905538636	31.7042650863	30.9752613205	10.882
868	0	2	1	1236	77	22.439122665	32.2675965809	31.4851147128	5.559
868	0	2	2	2583	161	22.439122665	30.6088916047	29.8264097366	4.409
869	0	2	1	489	30	16.3147375816	28.8777105284	28.3087940636	13.339
869	0	2	2	1834	114	16.3147375816	29.7078520536	29.1389355888	11.418
870	0	2	1	444	27	24.5017954229	30.1017288918	29.2473188981	5.386
870	0	2	2	1791	111	24.5017954229	29.4635089964	28.6090990027	11.906
871	0	2	1	557	34	27.7128770475	28.6999896197	27.7336049653	13.622
871	0	2	2	1908	119	27.7128770475	30.5734946129	29.6071099585	10.677
872	0	3	1	485	30	18.0366647049	30.1901578189	29.5611954792	8.63
872	0	3	2	1829	114	18.0366647049	30.906034503	30.2770721633	9.197
873	0	3	1	1063	66	15.297269565	20.0307901788	19.4973541686	4.646
873	0	3	2	2411	150	15.297269565	18.8958977957	18.3624617856	17.78
874	0	3	1	1264	79	25.3135887342	31.6862665594	30.8035482599	6.898
874	0	3	2	2613	163	25.3135887342	31.3675659099	30.4848476105	9.843
875	0	3	1	473	29	23.5209459247	31.3027347944	30.4825283193	16.693
875	0	3	2	1838	114	23.5209459247	20.8075967419	19.9873902668	6.882
876	0	3	1	1225	76	22.0811067228	32.0737648011	31.3037674222	9.37
876	0	3	2	2575	160	22.0811067228	29.4788779656	28.7088805866	6.189
877	0	3	1	429	26	22.7254940541	29.6149559146	28.8224878976	6.929
877	0	3	2	1775	110	22.7254940541	29.1376652004	28.3451971834	13.086
878	0	3	1	153	9	27.0260659495	29.5824934407	28.6400587971	8.378
878	0	3	2	1495	93	27.0260659495	27.2557807961	26.3133461525	19.181
879	0	3	1	1246	77	21.7977579422	30.1843370149	29.4242203824	9.496
879	0	3	2	2596	162	21.7977579422	28.5938581147	27.8337414822	12.252
879	1	3	1	1245	77	21.7977579422	29.0017140056	28.2415973732	9.78
879	1	3	2	2597	162	21.7977579422	30.5960122754	29.835895643	20.661
880	0	3	1	1062	66	24.6627966216	31.7525796792	30.892555361	8.157
880	0	3	2	2410	150	24.6627966216	31.6315195437	30.7714952254	14.378
881	0	3	1	233	14	22.7834052267	32.9396360978	32.1451486417	8.929
881	0	3	2	1576	98	22.7834052267	32.7400639786	31.9455765225	9.496
882	0	3	1	1264	79	22.5633931727	31.0982319133	30.3114165684	7.244
882	0	3	2	2615	163	22.5633931727	30.5813864865	29.7945711415	13.969
883	0	3	1	937	58	22.799274985	29.5203250093	28.7252841538	12
883	0	3	2	2281	142	22.799274985	30.3429076634	29.5478668079	8.536
884	0	3	1	1268	79	22.9781643239	30.3921039767	29.5908250134	9.181
884	0	3	2	2618	163	22.9781643239	32.9236352096	32.1223562463	4.977
885	0	3	1	1212	75	21.0931016189	33.7513257246	33.0157813897	7.338
885	0	3	2	2561	160	21.0931016189	30.4798619502	29.7443176152	8.725
886	0	3	1	469	29	18.6093281624	28.1280230826	27.4790912112	8.819
886	0	3	2	1817	113	18.6093281624	26.7087980717	26.0598662002	9.748
887	0	3	1	902	56	30.6362269376	30.0382204083	28.9698946791	10.582
887	0	3	2	2245	140	30.6362269376	29.9470543778	28.8787286485	9.528
888	0	3	1	490	30	24.0625360799	30.0874897055	29.2483972658	9.842
888	0	3	2	1834	114	24.0625360799	31.6268152192	30.7877227794	6.803
889	0	3	1	538	33	20.4227711894	31.3364586884	30.6242896615	4.126
889	0	3	2	1888	118	20.4227711894	29.7934337889	29.081264762	6.094
890	0	3	1	490	30	24.5187729805	30.4633581129	29.6083560894	12.252
890	0	3	2	1834	114	24.5187729805	30.1258702542	29.2708682307	10.52
891	0	3	1	469	29	20.3846922837	29.1163524337	28.4055112686	8.882
891	0	3	2	1815	113	20.3846922837	27.7910030522	27.0801618871	6
892	0	3	1	833	52	25.526225747	28.3644739919	27.4743407588	9.339
892	0	3	2	2175	135	25.526225747	28.2103000508	27.3201668176	13.465
893	0	3	1	1244	77	21.4823737124	29.0257632558	28.2766444883	7.811
893	0	3	2	2594	162	21.4823737124	28.4577976252	27.7086788577	21.685
894	0	3	1	1236	77	23.46225106	32.6821058343	31.8639461267	8.898
894	0	3	2	2585	161	23.46225106	31.4525603006	30.634400593	7.244
895	0	3	1	526	32	21.2186044685	28.2213069594	27.4813861742	7.276
895	0	3	2	1874	117	21.2186044685	30.0873373553	29.34741657	11.401
896	0	3	1	254	15	24.6531963494	33.3573233323	32.4976337882	9.811
896	0	3	2	1596	99	24.6531963494	31.2313497589	30.3716602148	14.677
897	0	3	1	133	8	26.0118117899	29.6008545958	28.6937883355	7.874
897	0	3	2	1476	92	26.0118117899	29.4620623985	28.5549961382	5.748
898	0	3	1	1081	67	24.8738988063	28.994658148	28.1272724175	9.968
898	0	3	2	2413	150	24.8738988063	28.5956025391	27.7282168086	8.252
899	0	3	1	1082	67	22.6930295023	28.0128217629	27.2214858278	4.221
899	0	3	2	2428	151	22.6930295023	25.0426981507	24.2513622156	15.465
900	0	3	1	1270	79	26.0385342093	33.9986980188	33.0906999124	8.473
900	0	3	2	2616	163	26.0385342093	31.5011675897	30.5931694833	11.654
901	0	3	1	487	30	17.0026448795	29.6831205666	29.090215865	13.969
901	0	3	2	1832	114	17.0026448795	29.8520812139	29.2591765123	11.512
902	0	3	1	490	30	21.7935618107	29.859367924	29.0993976162	12.693
902	0	3	2	1835	114	21.7935618107	31.9270703901	31.1671000824	8.977
903	0	3	1	1243	77	24.4012734899	28.1240767053	27.2731720443	8.031
903	0	3	2	2593	162	24.4012734899	27.6383708047	26.7874661437	22.032
904	0	3	1	473	29	19.6568298571	28.9591043583	28.2736447182	4.693
904	0	3	2	1825	114	19.6568298571	27.360253228	26.6747935878	6.347
905	0	3	1	1265	79	24.2652256281	30.6713229481	29.8251624559	10.094
905	0	3	2	2614	163	24.2652256281	30.838546998	29.9923865058	6.378
906	0	3	1	473	29	20.0105611497	31.9931063921	31.2953116742	15.842
906	0	3	2	1818	113	20.0105611497	30.3707898889	29.6729951711	9.464
907	0	3	1	1243	77	17.4505680821	29.287026939	28.6785025632	8.473
907	0	3	2	2593	162	17.4505680821	28.1183522871	27.5098279113	23.071
908	0	3	1	1264	79	21.2521196528	31.5593978859	30.8183083819	9.433
908	0	3	2	2614	163	21.2521196528	30.4927453237	29.7516558197	12.929
909	0	3	1	488	30	21.9141521973	31.1990402728	30.4348648189	7.087
909	0	3	2	1834	114	21.9141521973	30.9115186365	30.1473431825	7.874
910	0	3	1	1246	77	23.1184586126	28.9774179781	28.1712467676	8.599
910	0	3	2	2596	162	23.1184586126	28.7470739212	27.9409027107	20.645
911	0	3	1	1062	66	23.4967543051	31.5190294787	30.6996665973	9.59
911	0	3	2	2403	150	23.4967543051	34.1686767964	33.349313915	4.157
912	0	3	1	273	17	26.7150687791	32.7895583219	31.8579685608	9.779
912	0	3	2	1619	101	26.7150687791	31.5884269822	30.656837221	11.874
913	0	3	1	154	9	22.32966545	31.4851627686	30.7064978183	4.22
913	0	3	2	1495	93	22.32966545	28.9867768555	28.2081119052	15.26
914	0	3	1	1081	67	22.6138738835	26.4775503839	25.6889747098	5.071
914	0	3	2	2428	151	22.6138738835	29.360983042	28.572407368	13.307
915	0	3	1	1255	78	21.7348458498	30.3283073032	29.5703844986	5.339
915	0	3	2	2604	162	21.7348458498	29.1155168373	28.3575940327	12.284
916	0	3	1	1209	75	21.81490952	27.2295895582	26.4688748276	16.866
916	0	3	2	2561	160	21.81490952	26.1118144816	25.351099751	9.717
917	0	3	1	444	27	24.7029747748	28.8674440612	28.0060186776	8.441
917	0	3	2	1791	111	24.7029747748	26.8492696432	25.9878442597	8.834
918	0	3	1	547	34	22.738736479	24.6766331732	23.8837033754	4
918	0	3	2	1892	118	22.738736479	30.3920728416	29.5991430438	7.055
919	0	3	1	897	56	25.7010534132	27.9385822205	27.0423525155	6.976
919	0	3	2	2244	140	25.7010534132	27.7863166322	26.8900869272	16.346
920	0	3	1	1275	79	20.5722469414	27.6453850874	26.9280036435	8.882
920	0	3	2	2625	164	20.5722469414	28.7238996586	28.0065182147	10.284
921	0	3	1	1098	68	23.4521671129	28.7904580008	27.9726499338	7.055
921	0	3	2	2446	152	23.4521671129	27.9184170021	27.1006089351	14.441
922	0	3	1	411	25	21.8115866376	30.5178183043	29.757219447	6.063
922	0	3	2	1756	109	21.8115866376	30.7771783586	30.0165795013	5.244
923	0	3	1	486	30	22.2330883305	28.6128030283	27.8375058498	5.15
923	0	3	2	1833	114	22.2330883305	28.4074616533	27.6321644749	4.882
924	0	3	1	1242	77	17.1623923828	26.6379583735	26.0394830653	15.008
924	0	3	2	2596	162	17.1623923828	28.7649535202	28.166478212	15.338
925	0	3	1	1230	76	20.4026385747	31.3512680838	30.6398011079	10.457
925	0	3	2	2581	161	20.4026385747	30.0959430673	29.3844760913	7.276
926	0	3	1	1067	66	20.3076138972	27.8009379154	27.0927845756	6.851
926	0	3	2	2414	150	20.3076138972	28.1478515943	27.4396982544	15.59
927	0	3	1	489	30	18.0018319133	30.1628237418	29.5350760675	13.716
927	0	3	2	1833	114	18.0018319133	29.5752017582	28.947454084	5.559
928	0	3	1	1081	67	23.5633012475	27.2612297724	26.4395463112	8.662
928	0	3	2	2428	151	23.5633012475	26.5254024065	25.7037189453	15.212
930	0	3	1	1251	78	23.9143100428	31.3384525737	30.5045289718	10.835
930	0	3	2	2600	162	23.9143100428	27.9162001136	27.0822765117	19.008
931	0	3	1	431	26	20.4836120838	29.6241747102	28.9098840809	9.275
931	0	3	2	1777	111	20.4836120838	31.4342379636	30.7199473343	7.748
932	0	3	1	1253	78	24.2627270519	30.1250246434	29.2789512798	10.409
932	0	3	2	2601	162	24.2627270519	29.6972325695	28.851159206	6.504
933	0	3	1	1246	77	22.6392466927	31.9457167544	31.1562562969	7.197
933	0	3	2	2597	162	22.6392466927	30.3389677085	29.549507251	19.748
934	0	3	1	470	29	19.9820711299	30.625804788	29.9290035548	8.661
934	0	3	2	1817	113	19.9820711299	31.0528156787	30.3560144454	10.221
935	0	3	1	1003	62	22.3625177677	32.2303161682	31.4505056141	8.378
935	0	3	2	2350	146	22.3625177677	31.7706650578	30.9908545037	5.716
936	0	3	1	530	33	20.988980012	31.7449063364	31.0129928595	13.874
936	0	3	2	1879	117	20.988980012	30.3256977978	29.5937843208	7.102
937	0	3	1	1213	75	16.5597270761	30.7517377465	30.1742781742	6.378
937	0	3	2	2561	160	16.5597270761	32.966606319	32.3891467467	6.787
938	0	3	1	544	34	24.3166829629	30.4250479743	29.5770930968	10.866
938	0	3	2	1892	118	24.3166829629	26.9861810269	26.1382261494	15.779
939	0	3	1	899	56	23.4886950106	26.9555985476	26.1365167045	9.37
939	0	3	2	2241	140	23.4886950106	28.9828588289	28.1637769857	9.04
940	0	3	1	1270	79	20.5338363632	29.4343319175	28.7182899012	12.504
940	0	3	2	2619	163	20.5338363632	29.2211597575	28.5051177412	12.158
941	0	3	1	431	26	21.0709457761	31.8266256683	31.0918539368	5.654
941	0	3	2	1779	111	21.0709457761	29.8683215601	29.1335498286	5.716
942	0	3	1	811	50	27.7324477177	31.1404498351	30.1733827255	9.937
942	0	3	2	2154	134	27.7324477177	30.9006264523	29.9335593427	7.023
943	0	3	1	535	33	20.3983806703	32.3560633292	31.644744832	7.874
943	0	3	2	1883	117	20.3983806703	28.7281908444	28.0168723472	13.212
944	0	3	1	1063	66	23.2912838886	30.0754850241	29.2632871677	10.283
944	0	3	2	2411	150	23.2912838886	30.4393247202	29.6271268638	15.276
945	0	3	1	1026	64	26.7145713131	28.8576239419	27.926051528	7.968
945	0	3	2	2376	148	26.7145713131	34.0250121447	33.0934397308	9.291
946	0	3	1	1240	77	26.1143314304	28.0402941871	27.1296529314	14.252
946	0	3	2	2590	161	26.1143314304	30.4281292346	29.5174879789	7.37
947	0	3	1	519	32	16.7668821783	30.0016751075	29.4169917629	6.977
947	0	3	2	1866	116	16.7668821783	31.1034248058	30.5187414613	11.843
948	0	3	1	488	30	21.1234289161	27.5798534958	26.8432516078	11.481
948	0	3	2	1833	114	21.1234289161	28.8253889399	28.088787052	9.811
949	0	3	1	273	17	25.4810183763	30.4181767476	29.5296199552	12.221
949	0	3	2	1618	101	25.4810183763	33.0538057473	32.1652489549	5.622
950	0	3	1	1239	77	22.2100678696	33.367715598	32.5932211735	10.74
950	0	3	2	2587	161	22.2100678696	30.8939118073	30.1194173828	11.291
951	0	3	1	1227	76	28.3832344917	32.5788442628	31.5890833582	10.646
951	0	3	2	2578	161	28.3832344917	29.2327535346	28.2429926301	6.661
952	0	3	1	522	32	23.2305600889	28.9730099473	28.1629296101	9.465
952	0	3	2	1869	116	23.2305600889	26.9542111998	26.1441308626	10.063
953	0	3	1	1059	66	22.2183312735	27.3021297734	26.527347193	10.788
953	0	3	2	2406	150	22.2183312735	26.7290479358	25.9542653554	13.338
954	0	3	1	438	27	22.9929145238	28.3296315285	27.5278382063	4.913
954	0	3	2	1783	111	22.9929145238	31.8284473495	31.0266540273	10.063
955	0	3	1	264	16	27.4318145087	31.9620306154	31.0054469833	10.252
955	0	3	2	1608	100	27.4318145087	29.4425172292	28.4859335971	12.189
956	0	3	1	1243	77	21.3866017612	29.6599692169	28.914190144	11.496
956	0	3	2	2590	161	21.3866017612	27.8827486269	27.136969554	6.567
957	0	3	1	1233	77	22.789999733	28.738444276	27.9437268608	6.866
957	0	3	2	2584	161	22.789999733	29.5056439832	28.7109265679	9.118
958	0	3	1	1107	69	22.7551337285	32.8398565772	32.0463549857	8.063
958	0	3	2	2455	153	22.7551337285	31.6229378486	30.829436257	10.315
959	0	3	1	455	28	22.0718762774	27.297620712	26.5279452109	18
959	0	3	2	1800	112	22.0718762774	28.8497076016	28.0800321005	6.063
960	0	3	1	1064	66	21.3709144034	31.5678421956	30.8226101616	11.874
960	0	3	2	2412	150	21.3709144034	31.0689775729	30.3237455389	10.897
961	0	3	1	1255	78	24.2216381233	28.435238768	27.5905982297	4.677
961	0	3	2	2599	162	24.2216381233	27.0722491609	26.2276086226	22
963	0	3	1	469	29	22.6729650843	33.287936226	32.4972999637	7.591
963	0	3	2	1814	113	22.6729650843	31.2465945858	30.4559583235	11.433
964	0	3	1	488	30	18.9573699842	29.3636055793	28.7025370295	9.622
964	0	3	2	1833	114	18.9573699842	28.7898343607	28.1287658109	13.717
965	0	3	1	1288	80	18.1337973068	6.98587172283	6.35352224091	12.929
965	0	3	2	2637	164	18.1337973068	6.53649492322	5.9041454413	7.37
966	0	3	1	248	15	28.1647054588	28.3985556822	27.4164151738	8
966	0	3	2	1590	99	28.1647054588	27.6813044338	26.6991639255	5.905
967	0	3	1	526	32	20.5585987883	29.1673725709	28.4504670561	9.433
967	0	3	2	1874	117	20.5585987883	29.7469036906	29.0299981758	8.567
968	0	3	1	490	30	21.0750525343	27.627218816	26.8923038764	9.575
968	0	3	2	1834	114	21.0750525343	29.1565377508	28.4216228112	10.205
969	0	3	1	429	26	20.6793739562	33.5447381525	32.823621048	6.473
969	0	3	2	1775	110	20.6793739562	32.3928083987	31.6716912942	15.748
970	0	3	1	918	57	19.8366134039	29.081838904	28.3901099739	7.717
970	0	3	2	2262	141	19.8366134039	26.7410278922	26.0492989622	5.134
971	0	3	1	934	58	22.3018309865	29.576718546	28.7990242203	19.748
971	0	3	2	2274	142	22.3018309865	29.0806236065	28.3029292807	6.063
972	0	3	1	550	34	19.9256837404	32.6042873771	31.9094524467	6.945
972	0	3	2	1897	118	19.9256837404	32.2330811711	31.5382462407	8.834
973	0	3	1	430	26	21.9876119405	28.4552629229	27.6885258306	5.937
973	0	3	2	1776	111	21.9876119405	27.8299596159	27.0632225236	4
974	0	3	1	1236	77	19.818971249	29.9933768923	29.3022631675	6.158
974	0	3	2	2585	161	19.818971249	30.0775565935	29.3864428687	4.661
975	0	3	1	1245	77	20.3381806749	28.549330594	27.8401113502	12.945
975	0	3	2	2597	162	20.3381806749	28.9375727486	28.2283535048	18.52
976	0	3	1	487	30	20.6069479332	29.3586816038	28.6400900904	13.717
976	0	3	2	1832	114	20.6069479332	29.8858752774	29.1672837641	6.473
977	0	3	1	1246	77	21.0907826498	30.7545505872	30.0190871177	7.685
977	0	3	2	2596	162	21.0907826498	30.6668617452	29.9313982757	19.669
978	0	3	1	1271	79	20.8184356984	31.1928965707	30.4669301994	4.661
978	0	3	2	2622	163	20.8184356984	37.1127913549	36.3868249836	10.22
979	0	3	1	487	30	22.1098771043	30.6997224037	29.9287217635	11.118
979	0	3	2	1833	114	22.1098771043	30.1716545465	29.4006539063	12.221
980	0	3	1	457	28	25.8053869745	30.1699800308	29.2701120766	10.441
980	0	3	2	1802	112	25.8053869745	30.6875446546	29.7876767004	6.378
981	0	3	1	438	27	22.1404374293	29.3974148602	28.6253485411	7.433
981	0	3	2	1784	111	22.1404374293	29.4689876266	28.6969213075	7.401
983	0	3	1	506	31	20.7794428837	26.5282167887	25.8036101484	4.409
983	0	3	2	1857	116	20.7794428837	29.8140670758	29.0894604355	9.433
984	0	3	1	491	30	21.6414679248	29.0571322737	28.3024656808	9.654
984	0	3	2	1835	114	21.6414679248	27.8216386797	27.0669720867	11.622
985	0	3	1	548	34	15.7672746897	29.3984034868	28.8485777767	13.622
985	0	3	2	1897	118	15.7672746897	29.1666281869	28.6168024768	13.905
986	0	3	1	1258	78	18.223373836	26.8741070059	26.238633872	11.874
986	0	3	2	2602	162	18.223373836	26.6039388964	25.9684657625	7.276
987	0	3	1	491	30	22.7816467207	28.6820346609	27.8876085262	15.307
987	0	3	2	1835	114	22.7816467207	27.9381625975	27.1437364628	10.662
988	0	3	1	1064	66	25.1253503753	30.1043731308	29.2282189517	6.803
988	0	3	2	2413	150	25.1253503753	30.8920835054	30.0159293263	12.535
989	0	3	1	491	30	20.4202751701	29.808584938	29.0965029507	8.709
989	0	3	2	1837	114	20.4202751701	31.159957641	30.4478756537	5.874
990	0	3	1	1221	76	20.681018978	32.5138296055	31.7926551369	6.756
990	0	3	2	2572	160	20.681018978	33.5492092283	32.8280347597	10.284
991	0	3	1	806	50	20.4631285916	29.4333890151	28.7198126723	8.063
991	0	3	2	2148	134	20.4631285916	26.8025628257	26.0889864829	12
992	0	3	1	1259	78	28.2640540397	30.4452395588	29.4596346341	5.622
992	0	3	2	2612	163	28.2640540397	31.2633486767	30.277743752	11.307
993	0	3	1	449	28	20.7164807682	31.4427466357	30.7203355676	26.095
993	0	3	2	1797	112	20.7164807682	32.4525888606	31.7301777925	6.173
994	0	3	1	452	28	21.817342918	29.2941951709	28.5333955845	14.252
994	0	3	2	1796	112	21.817342918	30.3463977339	29.5855981475	9.811
995	0	3	1	491	30	18.9965268704	46.6816062919	46.0191722897	18.094
995	0	3	2	1842	115	18.9965268704	47.5816496214	46.9192156192	6.252
996	0	3	1	457	28	18.4340231114	26.19368839	25.5508696374	4.063
996	0	3	2	1803	112	18.4340231114	29.2848058184	28.6419870659	4.992
997	0	3	1	1024	64	25.3844128456	23.5195456392	22.6343576094	5.937
997	0	3	2	2370	148	25.3844128456	27.111865362	26.2266773322	19.874
998	0	3	1	1275	79	26.0350243692	26.8535161278	25.9456404141	12.393
998	0	3	2	2625	164	26.0350243692	29.0873674365	28.1794917228	13.149
999	0	3	1	452	28	22.6049014287	28.285275754	27.4970129613	15.464
999	0	3	2	1797	112	22.6049014287	31.1377705334	30.3495077407	6.614
1000	0	3	1	737	46	28.4668873191	29.7461003314	28.7534223422	4.614
1000	0	3	2	2077	129	28.4668873191	34.1294760344	33.1367980452	10.63
1001	0	3	1	1063	66	25.6039967217	30.9966090273	30.1037638175	5.717
1001	0	3	2	2411	150	25.6039967217	29.1931907954	28.3003455856	11.338
1002	0	3	1	350	21	23.7734600616	28.1330690431	27.3040570662	15.055
1002	0	3	2	1694	105	23.7734600616	27.9086940762	27.0796820993	13.78
1003	0	3	1	529	33	21.1261816474	29.5169076029	28.7802097236	13.087
1003	0	3	2	1878	117	21.1261816474	29.7221807176	28.9854828383	6.284
1004	0	3	1	1243	77	20.2135295728	29.8817734362	29.1769009411	10.189
1004	0	3	2	2593	162	20.2135295728	30.2832329505	29.5783604554	10.929
1005	0	3	1	376	23	23.0922778883	30.7514136413	29.9461553872	4.756
1005	0	3	2	1721	107	23.0922778883	30.1998655345	29.3946072804	16.378
1006	0	3	1	432	27	21.9826584836	30.9445331586	30.1779687999	8.252
1006	0	3	2	1779	111	21.9826584836	29.0986792353	28.3321148766	11.465
1007	0	3	1	1264	79	21.8699621249	31.0480725886	30.2854381009	8.771
1007	0	3	2	2615	163	21.8699621249	29.8330787536	29.0704442659	9.905
1008	0	3	1	993	62	21.8663949398	29.1972168569	28.4347067616	10.645
1008	0	3	2	2340	146	21.8663949398	31.5510750361	30.7885649409	9.654
1009	0	3	1	487	30	23.7998737166	32.7819923558	31.9520592999	8.583
1009	0	3	2	1834	114	23.7998737166	32.2233944765	31.3934614205	6.126
1010	0	3	1	1042	65	27.3335973443	32.4873085932	31.5341499234	11.402
1010	0	3	2	2399	149	27.3335973443	32.9896574077	32.0364987379	9.78
1011	0	3	1	537	33	19.2998246095	29.6173501299	28.9443397347	8.803
1011	0	3	2	1886	117	19.2998246095	28.2530816989	27.5800713037	4.441
1012	0	3	1	1223	76	25.4918561316	30.4830643772	29.594129658	8.031
1012	0	3	2	2574	160	25.4918561316	29.2605426026	28.3716078833	11.433
1013	0	3	1	485	30	23.0590631985	29.133565254	28.3294652401	16
1013	0	3	2	1830	114	23.0590631985	31.6058695193	30.8017695053	8.315
1014	0	3	1	467	29	21.8485017571	32.2097502528	31.4478641165	5.748
1014	0	3	2	1814	113	21.8485017571	31.3038279657	30.5419418294	11.528
1015	0	3	1	529	33	18.3483231052	26.9731145152	26.3332842351	14.662
1015	0	3	2	1878	117	18.3483231052	28.3786401277	27.7388098476	11.165
1016	0	3	1	1253	78	19.3967704846	29.1678438309	28.4914528049	9.103
1016	0	3	2	2601	162	19.3967704846	28.9666170674	28.2902260414	15.622
1017	0	3	1	506	31	19.8048055354	30.809129153	30.1185094054	8.41
1017	0	3	2	1853	115	19.8048055354	31.7844732023	31.0938534546	7.654
1018	0	3	1	490	30	24.4694694858	32.1143447189	31.2610619734	9.748
1018	0	3	2	1837	114	24.4694694858	29.1862882589	28.3330055134	5.874
1019	0	3	1	474	29	18.9904224503	30.9707766112	30.3085554782	11.37
1019	0	3	2	1818	113	18.9904224503	34.4644782557	33.8022571227	7.244
1020	0	3	1	521	32	16.006342162	27.9526914833	27.3945291744	5.748
1020	0	3	2	1869	116	16.006342162	29.6605234295	29.1023611206	8.803
1021	0	3	1	963	60	23.165144657	27.8128391964	27.0050399818	9.496
1021	0	3	2	2308	144	23.165144657	26.9266163164	26.1188171017	6.22
1022	0	3	1	488	30	20.1700032628	31.801904636	31.0985499608	11.843
1022	0	3	2	1833	114	20.1700032628	28.7228085463	28.0194538712	8.315
1023	0	3	1	1047	65	26.0372260223	33.6949173899	32.7869649017	16.158
1023	0	3	2	2400	150	26.0372260223	34.8729698205	33.9650173323	13.842
1024	0	3	1	960	60	27.3877151768	41.4734170027	40.5183711725	16.819
1024	0	3	2	2305	144	27.3877151768	30.564182382	29.6091365518	14.945
1025	0	3	1	1260	78	17.9750504068	32.6927813864	32.0659676187	8.378
1025	0	3	2	2612	163	17.9750504068	32.2086863483	31.5818725806	9.37
1026	0	3	1	490	30	19.8953610948	32.9078556925	32.2140781528	14.992
1026	0	3	2	1838	114	19.8953610948	26.8584610777	26.164683538	11.071
1027	0	3	1	1064	66	24.3568477197	29.4690889385	28.6197334629	11.906
1027	0	3	2	2412	150	24.3568477197	30.3844017341	29.5350462585	16.819
1028	0	3	1	1003	62	26.8240620077	29.3752452314	28.4398547323	13.622
1028	0	3	2	2350	146	26.8240620077	28.3475338089	27.4121433098	5.307
1029	0	3	1	1265	79	18.6375307348	29.4552368229	28.8053214905	10.41
1029	0	3	2	2619	163	18.6375307348	27.9211434854	27.271228153	12.945
1030	0	3	1	449	28	23.6966156671	28.2432606311	27.4169283199	23.118
1030	0	3	2	1796	112	23.6966156671	29.9921582995	29.1658259883	7.15
1031	0	3	1	547	34	22.2788451855	28.287728587	27.5108358065	13.197
1031	0	3	2	1895	118	22.2788451855	31.2498204527	30.4729276722	10.693
1032	0	3	1	879	54	24.992320538	32.283085156	31.4115699032	6.063
1032	0	3	2	2220	138	24.992320538	31.8142596549	30.942744402	7.118
1034	0	3	1	1246	77	13.2457560319	29.6580256596	29.1961286382	5.622
1034	0	3	2	2597	162	13.2457560319	32.082191524	31.6202945025	15.433
1035	0	3	1	413	25	18.7104337973	28.1669783557	27.5145207972	8.472
1035	0	3	2	1760	110	18.7104337973	27.2335635731	26.5811060145	17.307
1036	0	3	1	1062	66	23.5644430561	29.8680820114	29.0463587338	11.748
1036	0	3	2	2407	150	23.5644430561	30.235125533	29.4134022554	13.024
1037	0	3	1	309	19	22.3534836937	30.6746152065	29.8951196826	6.094
1037	0	3	2	1653	103	22.3534836937	30.9372673471	30.1577718231	8
1038	0	3	1	917	57	27.2589189345	30.5691557066	29.6186011717	18.662
1038	0	3	2	2260	141	27.2589189345	29.6199360112	28.6693814763	4.126
1039	0	3	1	530	33	17.5115864028	25.9023713139	25.2917191487	7.055
1039	0	3	2	1879	117	17.5115864028	28.5037538505	27.8931016853	8.031
1040	0	3	1	1275	79	21.5372687075	31.3502710736	30.5992380451	10.126
1040	0	3	2	2624	164	21.5372687075	31.838462622	31.0874295935	5.968
1041	0	3	1	1022	63	29.7455334819	23.0620007049	22.0247346338	9.354
1041	0	3	2	2372	148	29.7455334819	23.5087457084	22.4714796372	9.842
1042	0	3	1	1209	75	27.2492306896	30.2122371301	29.2620204371	9.968
1042	0	3	2	2562	160	27.2492306896	29.6330353767	28.6828186837	13.276
1043	0	3	1	485	30	21.5277587061	30.4197633737	29.6690619716	12.914
1043	0	3	2	1829	114	21.5277587061	29.6520812873	28.9013798852	5.15
1044	0	3	1	430	26	22.6072604183	32.6647505886	31.8764055348	9.969
1044	0	3	2	1776	111	22.6072604183	33.0941030671	32.3057580133	9.465
1045	0	3	1	1064	66	22.3968113097	30.8194081121	30.0384016969	11.276
1045	0	3	2	2411	150	22.3968113097	30.534029087	29.7530226718	15.276
1045	1	3	1	1062	66	22.3968113097	32.0636475654	31.2826411502	11.78
1045	1	3	2	2406	150	22.3968113097	33.309312402	32.5283059868	17.685
1048	0	3	1	472	29	20.0331893022	32.0583129284	31.3597291369	27.701
1048	0	3	2	1817	113	20.0331893022	32.6836069025	31.985023111	14.063
1049	0	3	1	444	27	22.0199475368	29.6684850463	28.900620369	9.134
1049	0	3	2	1791	111	22.0199475368	28.2545061213	27.4866414441	10.063
1050	0	3	1	518	32	16.4726731824	30.5225893889	29.9481655009	5.134
1050	0	3	2	1865	116	16.4726731824	31.4615111853	30.8870872973	10.126
1051	0	3	1	478	29	23.7357595607	26.8199479193	25.9922506087	5.37
1051	0	3	2	1825	114	23.7357595607	26.7294070721	25.9017097616	10.063
1052	0	3	1	469	29	16.1491925282	37.1357340687	36.5725903787	6.378
1052	0	3	2	1816	113	16.1491925282	30.0937336769	29.530589987	8.41
1053	0	3	1	470	29	16.8467518244	32.7095760606	32.1221075559	8.551
1053	0	3	2	1816	113	16.8467518244	31.5417840073	30.9543155026	6.189
1054	0	3	1	1063	66	20.5798408854	29.0572846729	28.3396384181	9.307
1054	0	3	2	2408	150	20.5798408854	29.6578717334	28.9402254787	13.433
1055	0	3	1	485	30	19.5662674508	26.6188755378	25.9365739285	15.118
1055	0	3	2	1830	114	19.5662674508	27.9764589669	27.2941573576	10.473
1056	0	3	1	437	27	21.6291983278	28.3271912705	27.5729525346	7.607
1056	0	3	2	1783	111	21.6291983278	29.3342395488	28.5800008129	11.276
1057	0	3	1	1271	79	24.7505400816	30.2333532949	29.3702692462	6.945
1057	0	3	2	2619	163	24.7505400816	29.3844928691	28.5214088204	12.441
1058	0	3	1	1269	79	20.5650729712	29.4069607465	28.6898294684	14.063
1058	0	3	2	2619	163	20.5650729712	29.472705781	28.7555745029	18.378
1059	0	3	1	519	32	20.5800881915	29.1666923466	28.4490374679	14.032
1059	0	3	2	1865	116	20.5800881915	29.0524450038	28.3347901251	5.338
1060	0	3	1	485	30	21.7143989658	29.5792016176	28.8219918228	5.763
1060	0	3	2	1830	114	21.7143989658	31.1603968666	30.4031870719	7.496
1061	0	3	1	951	59	26.0946281401	30.9251043712	30.0151501952	5.149
1061	0	3	2	2285	142	26.0946281401	31.7484811592	30.8385269832	4.913
1062	0	3	1	1268	79	22.0531672105	32.0614330991	31.2924100079	8.441
1062	0	3	2	2617	163	22.0531672105	32.5169490174	31.7479259262	10.504
1063	0	3	1	1062	66	25.6027185438	29.694916992	28.8021163539	4.488
1063	0	3	2	2410	150	25.6027185438	33.2384990457	32.3456984076	9.811
1064	0	3	1	413	25	21.6511210159	6.15843808153	5.40343487255	9.685
1064	0	3	2	1760	110	21.6511210159	7.2694554406	6.51445223163	9.969
1065	0	3	1	903	56	28.3384440416	30.1825148245	29.1943158222	14.189
1065	0	3	2	2247	140	28.3384440416	31.1018738018	30.1136747994	10.819
1066	0	3	1	1224	76	22.1196088116	29.9253729512	29.1540329535	12.189
1066	0	3	2	2574	160	22.1196088116	28.1382848058	27.3669448081	10.441
1068	0	3	1	571	35	22.2686909364	27.1504893407	26.3739506523	7.874
1068	0	3	2	1921	120	22.2686909364	33.0722019583	32.2956632699	8.725
1069	0	3	1	1238	77	20.4420995752	29.201212539	28.4883695058	9.213
1069	0	3	2	2586	161	20.4420995752	27.6768796845	26.9640366513	11.465
1069	1	3	1	1237	77	20.4420995752	28.9261857744	28.2133427412	12.677
1069	1	3	2	2587	161	20.4420995752	32.5235863051	31.8107432719	17.055
1070	0	3	1	429	26	24.2463449785	27.0489553516	26.2034532526	10.126
1070	0	3	2	1775	110	24.2463449785	29.88293136	29.037429261	15.276
1071	0	3	1	1059	66	24.8822566838	30.6126705439	29.7449933631	5.401
1071	0	3	2	2406	150	24.8822566838	30.2878381653	29.4201609846	11.591
1072	0	3	1	1067	66	26.5377146884	30.1863400827	29.2609348931	8.189
1072	0	3	2	2412	150	26.5377146884	30.1640217536	29.238616564	13.071
1072	1	3	1	1064	66	26.5377146884	30.9137910108	29.9883858212	4.378
1072	1	3	2	2411	150	26.5377146884	29.3491183028	28.4237131132	16.378
1073	0	3	1	211	13	30.3586334889	23.2134979703	22.1548522916	4.031
1073	0	3	2	1554	97	30.3586334889	29.9480748929	28.8894292142	6.866
1074	0	3	1	491	30	21.5149836544	29.7225763979	28.9723204787	13.024
1074	0	3	2	1835	114	21.5149836544	30.2233778187	29.4731218995	4.063
1075	0	3	1	1092	68	22.1506061968	31.7099487775	30.93752786	11.087
1075	0	3	2	2440	152	22.1506061968	29.9991163878	29.2266954703	11.653
1076	0	3	1	1230	76	22.3271820434	28.308231238	27.5296528873	8.598
1076	0	3	2	2581	161	22.3271820434	31.6061091994	30.8275308488	9.418
1077	0	3	1	1243	77	21.4833214763	30.1175467397	29.3683949225	4.788
1077	0	3	2	2593	162	21.4833214763	28.225294222	27.4761424048	13.937
1078	0	3	1	414	25	21.5235715629	35.7180324575	34.9674770666	6.614
1078	0	3	2	1760	110	21.5235715629	30.1334026477	29.3828472568	13.874
1079	0	3	1	1234	77	23.1368068697	27.6591760242	26.8523649857	11.103
1079	0	3	2	2584	161	23.1368068697	27.1758860341	26.3690749956	7.102
1080	0	3	1	1257	78	13.3204480171	31.047829081	30.5833274513	10.252
1080	0	3	2	2604	162	13.3204480171	30.9161463741	30.4516447444	7.811
1081	0	3	1	551	34	25.1584070864	29.6927126724	28.8154057621	6.882
1081	0	3	2	1901	118	25.1584070864	32.7272118388	31.8499049285	10.677
1082	0	3	1	485	30	19.5992938667	30.9267231726	30.2432698885	13.339
1082	0	3	2	1829	114	19.5992938667	29.726493845	29.0430405609	6.567
1083	0	3	1	1269	79	19.4651193548	29.7855490466	29.106774605	16.095
1083	0	3	2	2619	163	19.4651193548	29.3607527745	28.681978333	13.228
1084	0	3	1	954	59	26.849049485	30.3404133858	29.4041515403	11.276
1084	0	3	2	2296	143	26.849049485	26.3087171068	25.3724552614	5.906
1085	0	3	1	564	35	22.1548456589	33.358131724	32.5855629708	12.378
1085	0	3	2	1912	119	22.1548456589	32.8027224313	32.0301536782	14.032
1086	0	3	1	430	26	23.1813244408	29.2099899499	28.4016265248	5.401
1086	0	3	2	1775	110	23.1813244408	31.1993239659	30.3909605409	4.473
1087	0	3	1	431	26	22.932368645	32.2392754872	31.4395934798	11.103
1087	0	3	2	1777	111	22.932368645	29.6863334599	28.8866514525	7.969
1088	0	3	1	1060	66	23.5580195877	29.9973554362	29.1758561534	6.221
1088	0	3	2	2407	150	23.5580195877	28.8590226283	28.0375233456	15.275
1089	0	3	1	429	26	24.138459865	30.5947383239	29.7529983214	5.748
1089	0	3	2	1776	111	24.138459865	30.7315609619	29.8898209594	8.535
1090	0	3	1	1237	77	21.7472295343	30.8225791263	30.0642244862	8.772
1090	0	3	2	2585	161	21.7472295343	31.0868346956	30.3284800556	12.221
1091	0	3	1	1090	68	22.6796095757	26.6858004084	25.8949324438	6.914
1091	0	3	2	2431	151	22.6796095757	29.1462815735	28.355413609	5.905
1092	0	3	1	1217	76	21.5231334734	25.419458514	24.6689183998	6.725
1092	0	3	2	2566	160	21.5231334734	27.9929879519	27.2424478378	10.756
1093	0	3	1	1264	79	21.2910398698	30.6233467393	29.8809000358	5.197
1093	0	3	2	2614	163	21.2910398698	31.696595171	30.9541484676	5.906
1094	0	3	1	430	26	21.0827757389	31.1289067031	30.3937224451	14.252
1094	0	3	2	1776	111	21.0827757389	28.5640091858	27.8288249279	5.433
1095	0	3	1	490	30	21.2200672931	28.9725002655	28.2325284696	12.41
1095	0	3	2	1834	114	21.2200672931	26.3716136284	25.6316418325	4.803
1096	0	3	1	1227	76	21.824579188	31.5449140532	30.7838621285	6.693
1096	0	3	2	2574	160	21.824579188	31.1925830075	30.4315310828	5.496
1097	0	3	1	469	29	23.1182722996	29.449739413	28.6435746995	9.433
1097	0	3	2	1816	113	23.1182722996	35.2706002414	34.4644355279	5.039
1098	0	3	1	1268	79	23.9386690361	28.054618182	27.2198451498	7.843
1098	0	3	2	2618	163	23.9386690361	28.0390000906	27.2042270584	8.346
1099	0	3	1	491	30	25.7728220215	28.6094595177	27.7107271464	6.835
1099	0	3	2	1826	114	25.7728220215	27.1513372632	26.2526048919	4.252
1100	0	3	1	292	18	24.5648104829	33.3491640927	32.4925566806	11.811
1100	0	3	2	1636	102	24.5648104829	32.2629777798	31.4063703677	13.244
1101	0	3	1	917	57	25.7433240223	29.5360216074	28.6383178704	14.63
1101	0	3	2	2260	141	25.7433240223	29.6589282297	28.7612244926	11.26
1102	0	3	1	486	30	22.1812411739	28.9650751898	28.1915859902	8.441
1102	0	3	2	1831	114	22.1812411739	30.539350563	29.7658613634	15.811
1103	0	3	1	485	30	22.208644007	28.8329951724	28.0585503998	12.834
1103	0	3	2	1830	114	22.208644007	28.2531498846	27.478705112	11.685
1104	0	3	1	1091	68	20.4166417764	30.581571456	29.8696161699	7.307
1104	0	3	2	2437	152	20.4166417764	35.6802773923	34.9683221062	4.803
1105	0	3	1	1229	76	19.3332758069	32.5152585266	31.8410816438	6.693
1105	0	3	2	2580	161	19.3332758069	31.1318195147	30.4576426319	11.008
1106	0	3	1	434	27	21.2182415176	29.4997693623	28.7598612337	7.292
1106	0	3	2	1782	111	21.2182415176	30.0709403583	29.3310322297	5.905
1107	0	3	1	1071	66	22.0840875781	29.6814322317	28.9113309064	5.087
1107	0	3	2	2418	151	22.0840875781	29.1273816734	28.357280348	6.252
1108	0	3	1	488	30	21.7348599081	30.6415420346	29.8836187398	10.189
1108	0	3	2	1833	114	21.7348599081	28.6197946257	27.8618713308	9.417
1109	0	3	1	564	35	24.9872358525	35.4682029161	34.596864973	14.567
1109	0	3	2	1910	119	24.9872358525	35.2459915423	34.3746535992	6.535
1110	0	3	1	1064	66	24.5915240445	25.8751335627	25.0175946134	6.346
1110	0	3	2	2412	150	24.5915240445	26.9829227284	26.1253837791	16.031
1112	0	3	1	1081	67	25.9248657174	26.3189697324	25.4149353965	9.37
1112	0	3	2	2428	151	25.9248657174	25.1117165173	24.2076821814	7.244
1113	0	3	1	431	26	19.3633133152	28.6807906614	28.0055663311	7.842
1113	0	3	2	1774	110	19.3633133152	30.3714403386	29.6962160083	11.055
1114	0	3	1	1222	76	20.8449975415	27.7778135384	27.0509209205	5.559
1114	0	3	2	2573	160	20.8449975415	31.4526570106	30.7257643927	9.685
1115	0	3	1	258	16	21.9968887874	25.8363975731	25.0693369849	9.402
1115	0	3	2	1600	100	21.9968887874	27.0693126465	26.3022520583	15.181
1116	0	3	1	1264	79	19.634638936	30.5952901883	29.9106043749	8.614
1116	0	3	2	2615	163	19.634638936	30.901194859	30.2165090456	15.386
1117	0	3	1	430	26	20.7981527872	28.813731512	28.0884724326	7.292
1117	0	3	2	1777	111	20.7981527872	32.1885801946	31.4633211152	6.063
1118	0	3	1	486	30	24.0609782049	30.7915370687	29.9524989541	8.425
1118	0	3	2	1831	114	24.0609782049	34.686337031	33.8472989164	12.535
1119	0	3	1	1062	66	19.7571293718	30.4902124381	29.8012552213	4.992
1119	0	3	2	2408	150	19.7571293718	32.2010805524	31.5121233356	10.567
1120	0	3	1	494	30	20.0746044295	31.4457546329	30.7457266412	14.567
1120	0	3	2	1842	115	20.0746044295	31.3288588803	30.6288308886	4.315
1121	0	3	1	485	30	25.9879102913	30.5699019154	29.6636691319	8.094
1121	0	3	2	1830	114	25.9879102913	31.6702363311	30.7640035476	10.268
1122	0	3	1	488	30	21.7778918899	30.7215266414	29.9621027645	12.425
1122	0	3	2	1832	114	21.7778918899	31.5099809278	30.7505570509	10.834
1123	0	3	1	477	29	24.9575345636	29.3967855784	28.5264833585	5.78
1123	0	3	2	1826	114	24.9575345636	30.5177671946	29.6474649747	5.024
1124	0	3	1	513	32	26.7396463148	30.915693896	29.9832470837	7.213
1124	0	3	2	1861	116	26.7396463148	31.3265224541	30.3940756418	15.464
1125	0	3	1	485	30	21.1354280259	29.3491453225	28.6121250097	10.331
1125	0	3	2	1831	114	21.1354280259	31.7311827981	30.9941624854	6.362
1127	0	3	1	1009	63	27.1407333957	29.4249411498	28.4785079008	5.465
1127	0	3	2	2354	147	27.1407333957	30.1699713255	29.2235380765	7.591
1128	0	3	1	1062	66	26.1489786293	27.7587503034	26.846900854	6.472
1128	0	3	2	2408	150	26.1489786293	29.3649790787	28.4531296293	9.653
1129	0	3	1	920	57	27.6072834976	29.7821802511	28.8194777833	20.504
1129	0	3	2	2262	141	27.6072834976	26.6597022258	25.6969997581	4.346
1130	0	3	1	1233	77	21.1033208189	30.2349857218	29.4990850298	7.213
1130	0	3	2	2583	161	21.1033208189	29.4941022843	28.7582015923	11.654
1131	0	3	1	899	56	21.3427564709	28.5593340365	27.8150839068	13.843
1131	0	3	2	2241	140	21.3427564709	29.8308135312	29.0865634015	11.874
1132	0	3	1	1245	77	23.3463529737	30.5033810105	29.6892628224	10.063
1132	0	3	2	2590	161	23.3463529737	27.0680988846	26.2539806965	4.851
1133	0	3	1	1269	79	24.4054673843	27.0284450415	26.1773941338	11.039
1133	0	3	2	2619	163	24.4054673843	28.2575620857	27.4065111781	9.78
1134	0	3	1	1062	66	26.2113014394	28.26897196	27.3549492319	12.473
1134	0	3	2	2408	150	26.2113014394	27.4709197392	26.556897011	12.945
1134	1	3	1	1061	66	26.2113014394	40.7659336936	39.8519109655	14.945
1134	1	3	2	2410	150	26.2113014394	30.1031827402	29.189160012	5.78
1135	0	3	1	1283	80	21.6168171444	28.7949821255	28.0411751379	8.977
1135	0	3	2	2631	164	21.6168171444	30.1616370545	29.4078300669	12.961
1136	0	3	1	1245	77	20.7375139388	31.008529463	30.2853849404	11.748
1136	0	3	2	2596	162	20.7375139388	31.380470068	30.6573255454	16.756
1137	0	3	1	1063	66	25.0652617096	11.2459859193	10.3719271115	7.055
1137	0	3	2	2411	150	25.0652617096	9.90595256962	9.03189376174	14.63
1138	0	3	1	1251	78	18.8078077345	32.1254501214	31.4695970049	14.834
1138	0	3	2	2600	162	18.8078077345	30.9666760896	30.3108229731	14.866
1139	0	3	1	430	26	21.0737438085	31.5250505684	30.7901812658	12.362
1139	0	3	2	1776	111	21.0737438085	31.8484287205	31.113559418	7.464
1140	0	3	1	486	30	24.638461828	31.3409682739	30.4817925421	7.685
1140	0	3	2	1830	114	24.638461828	28.4431526522	27.5839769203	5.968
1141	0	3	1	506	31	19.8353125942	30.2810033362	29.5893197671	6.504
1141	0	3	2	1857	116	19.8353125942	27.5727079599	26.8810243908	13.465
1142	0	3	1	1251	78	21.9652707577	33.5373810024	32.7714229766	5.716
1142	0	3	2	2600	162	21.9652707577	34.3232439342	33.5572859085	16.157
1142	1	3	1	1234	77	21.9652707577	27.514058858	26.7481008323	10.898
1142	1	3	2	2599	162	21.9652707577	39.751700664	38.9857426383	26
1143	0	3	1	433	27	21.7468933469	30.6658871366	29.9075442198	4.851
1143	0	3	2	1781	111	21.7468933469	31.5229723881	30.7646294714	7.04
1144	0	3	1	443	27	22.8735223993	31.121899075	30.3242691139	7.874
1144	0	3	2	1790	111	22.8735223993	29.9540689739	29.1564390129	13.905
1145	0	3	1	1245	77	19.7275577385	28.3767820264	27.6888560115	10.567
1145	0	3	2	2594	162	19.7275577385	29.3525035837	28.6645775688	17.622
1146	0	3	1	1062	66	21.745196531	30.2706375957	29.5123538491	12.914
1146	0	3	2	2411	150	21.745196531	29.2525912868	28.4943075403	14.157
1147	0	3	1	1281	80	24.7306292909	32.8926554031	32.03026567	12.41
1147	0	3	2	2631	164	24.7306292909	32.8573691639	31.9949794308	8.582
1148	0	3	1	487	30	26.4233120233	31.2871722633	30.3657564459	12.708
1148	0	3	2	1832	114	26.4233120233	33.1421518232	32.2207360057	9.401
1149	0	3	1	349	21	21.8026226679	30.9589663159	30.198680044	12.283
1149	0	3	2	1693	105	21.8026226679	28.8760088866	28.1157226148	6.095
1150	0	3	1	903	56	29.1607320848	31.4285743047	30.4117010313	4.032
1150	0	3	2	2246	140	29.1607320848	30.9820315609	29.9651582875	5.528
1151	0	3	1	430	26	23.210901107	29.6665467647	28.8571519622	10.851
1151	0	3	2	1777	111	23.210901107	29.7967397013	28.9873448988	4.771
1152	0	3	1	879	54	21.2930557041	32.1557844119	31.4132674137	7.748
1152	0	3	2	2222	138	21.2930557041	31.3673452578	30.6248282595	6.913
1153	0	3	1	430	26	22.8463085024	31.4227267578	30.6260457813	11.591
1153	0	3	2	1776	111	22.8463085024	32.3044182355	31.507737259	9.023
1154	0	3	1	1244	77	14.0165844295	22.5905326932	22.1017558665	8.85
1154	0	3	2	2594	162	14.0165844295	19.7188677314	19.2300909048	22.945
1155	0	3	1	489	30	16.8302198784	30.4983306471	29.9114386333	11.779
1155	0	3	2	1833	114	16.8302198784	31.6875691275	31.1006771136	9.622
1156	0	3	1	1248	78	19.0084312069	29.5091824293	28.8463333072	4.299
1156	0	3	2	2597	162	19.0084312069	28.8963361399	28.2334870178	16.882
1156	1	3	1	1246	77	19.0084312069	28.8950889448	28.2322398227	5.622
1156	1	3	2	2598	162	19.0084312069	28.4732835779	27.8104344557	18.725
1157	0	3	1	519	32	20.5105340919	29.356667964	28.6414385288	4.063
1157	0	3	2	1865	116	20.5105340919	28.5146454165	27.7994159813	15.291
1158	0	3	1	997	62	16.6884991949	27.7185352098	27.1365851835	15.024
1158	0	3	2	2343	146	16.6884991949	28.8513023025	28.2693522761	10.126
1159	0	3	1	155	9	24.34594174	31.3817965581	30.5328213884	7.717
1159	0	3	2	1496	93	24.34594174	31.2874943893	30.4385192196	20.567
1160	0	4	1	1248	78	21.5742154005	32.0098220137	31.2575006052	15.37
1160	0	4	2	2594	162	21.5742154005	29.8470024129	29.0946810044	21.276
1160	1	4	1	1246	77	21.5742154005	32.446833367	31.6945119585	15.04
1160	1	4	2	2596	162	21.5742154005	33.4563931971	32.7040717886	18.189
1161	0	4	1	1081	67	14.1818556351	26.1497949903	25.6552549382	5.212
1161	0	4	2	2427	151	14.1818556351	28.5506326265	28.0560925745	9.937
1162	0	4	1	430	26	22.3508625196	30.798653326	30.0192492059	9.779
1162	0	4	2	1776	111	22.3508625196	31.8028249196	31.0234207994	7.622
1163	0	4	1	516	32	22.3401682289	33.5433229637	32.7642917676	4.708
1163	0	4	2	1864	116	22.3401682289	33.5084600124	32.7294288163	5.685
1164	0	4	1	457	28	21.3017870875	25.5700142778	24.8271928047	5.559
1164	0	4	2	1801	112	21.3017870875	27.5693389819	26.8265175087	12.032
1165	0	4	1	478	29	21.9155069578	30.2512660593	29.487043363	7.559
1165	0	4	2	1827	114	21.9155069578	29.2670491624	28.5028264662	4.755
1166	0	4	1	153	9	27.6062651344	28.0196851078	27.0570181518	5.181
1166	0	4	2	1495	93	27.6062651344	28.4082653351	27.445598379	15.969
1167	0	4	1	415	25	21.0584735575	28.2704224703	27.5360856616	4.032
1167	0	4	2	1762	110	21.0584735575	30.1571172816	29.4227804729	11.275
1168	0	4	1	489	30	21.2511898152	32.9661169295	32.2250598502	9.275
1168	0	4	2	1834	114	21.2511898152	31.6598862031	30.9188291238	7.591
1169	0	4	1	1238	77	20.0322942029	31.5470570455	30.8485044673	9.528
1169	0	4	2	2586	161	20.0322942029	31.4230023668	30.7244497887	7.528
1170	0	4	1	539	33	25.2543856919	28.2283093238	27.3476555127	9.906
1170	0	4	2	1889	118	25.2543856919	24.978526463	24.0978726519	17.37
1171	0	4	1	414	25	21.9362088986	29.3789966343	28.6140520341	4.724
1171	0	4	2	1760	110	21.9362088986	28.4339535907	27.6690089905	11.717
1172	0	4	1	1230	76	22.0892220733	31.1356211651	30.3653407932	4.158
1172	0	4	2	2581	161	22.0892220733	27.7286967228	26.9584163508	11.78
1173	0	4	1	485	30	23.1316935573	28.2184072909	27.4117745604	10.63
1173	0	4	2	1830	114	23.1316935573	26.5932296436	25.7865969131	7.213
1174	0	4	1	1265	79	25.0027076142	26.66736561	25.7954881461	9.653
1174	0	4	2	2616	163	25.0027076142	26.5991590125	25.7272815486	13.465
1175	0	4	1	935	58	28.4729754705	28.1513556013	27.1584653102	15.559
1175	0	4	2	2278	142	28.4729754705	28.3495665413	27.3566762502	10.661
1176	0	4	1	1063	66	25.4546034461	31.3815020822	30.4938664133	11.874
1176	0	4	2	2410	150	25.4546034461	32.441423559	31.5537878901	11.528
1177	0	4	1	1275	79	18.687654267	29.5847711238	28.9331079176	11.685
1177	0	4	2	2619	163	18.687654267	32.952098461	32.3004352548	9.653
1177	1	4	1	1273	79	18.687654267	28.3117598568	27.6600966506	13.811
1177	1	4	2	2624	164	18.687654267	31.834885118	31.1832219118	13.685
1178	0	4	1	1242	77	22.2169631214	29.9531343874	29.1783995162	7.213
1178	0	4	2	2590	161	22.2169631214	31.6340110768	30.8592762057	10.725
1179	0	4	1	487	30	23.070161163	29.6531539606	28.848666946	16.693
1179	0	4	2	1833	114	23.070161163	29.8862627333	29.0817757186	4.882
1180	0	4	1	1270	79	21.4614473869	31.5685600043	30.8201709655	12.63
1180	0	4	2	2619	163	21.4614473869	29.6408644631	28.8924754243	15.937
1181	0	4	1	1048	65	22.7387712892	48.0792181243	47.2862871126	20.693
1181	0	4	2	2411	150	22.7387712892	57.9356061777	57.142675166	12.378
1182	0	4	1	1275	79	23.8287187285	28.6080279647	27.7770890451	12.582
1182	0	4	2	2625	164	23.8287187285	28.7831583634	27.9522194438	13.559
1183	0	4	1	1006	62	24.2082701797	28.9440482137	28.0998738333	14
1183	0	4	2	2353	147	24.2082701797	29.3034085256	28.4592341451	10.519
1184	0	4	1	485	30	17.4500199905	28.3288422469	27.7203369839	7.528
1184	0	4	2	1830	114	17.4500199905	28.1419980451	27.533492782	4.095
1187	0	4	1	1009	63	22.0117768366	38.7672982448	37.9997184906	7.307
1187	0	4	2	2364	147	22.0117768366	32.7103256257	31.9427458715	8.158
1188	0	4	1	415	25	20.0166725438	28.8976835397	28.1996757094	4
1188	0	4	2	1762	110	20.0166725438	27.9737384094	27.2757305791	10.473
1189	0	4	1	529	33	18.2735905476	31.639899358	31.0026751009	12.472
1189	0	4	2	1876	117	18.2735905476	30.7883684373	30.1511441803	5.307
1190	0	4	1	430	26	16.1458725746	30.1704632231	29.6074353043	10.347
1190	0	4	2	1776	111	16.1458725746	26.4002002327	25.8371723139	11.842
1191	0	4	1	793	49	23.5726753005	29.0152715547	28.1932612079	6.252
1191	0	4	2	2132	133	23.5726753005	26.2128046731	25.3907943262	19.292
1192	0	4	1	473	29	21.6733337407	30.3183290449	29.5625512488	12.63
1192	0	4	2	1818	113	21.6733337407	30.2816402373	29.5258624413	8.158
1193	0	4	1	1064	66	23.7980816116	30.9820702531	30.1521996903	11.937
1193	0	4	2	2413	150	23.7980816116	30.9234683022	30.0935977393	11.59
1194	0	4	1	1271	79	19.2461984187	30.1776334444	29.5064930653	11.969
1194	0	4	2	2619	163	19.2461984187	30.9605322353	30.2893918562	15.181
1195	0	4	1	1256	78	14.9710095619	28.6822107814	28.1601518888	5.307
1195	0	4	2	2602	162	14.9710095619	25.6001965843	25.0781376917	15.15
1196	0	4	1	1063	66	22.5192836787	30.7785583447	29.9932811561	8
1196	0	4	2	2406	150	22.5192836787	31.6617713006	30.876494112	12.567
1197	0	4	1	547	34	22.1630556375	22.7077235871	21.9348685411	14.945
1197	0	4	2	1894	118	22.1630556375	25.1779066696	24.4050516237	9.355
1198	0	4	1	783	48	30.170422853	27.2076676915	26.1555851664	7.181
1198	0	4	2	2114	132	30.170422853	24.2163734326	23.1642909075	5.496
1199	0	4	1	489	30	23.9561603659	31.0263006218	30.1909176438	11.181
1199	0	4	2	1833	114	23.9561603659	30.7645168712	29.9291338933	13.275
1200	0	4	1	802	50	20.5807889781	16.9490430375	16.2313637215	8.252
1200	0	4	2	2133	133	20.5807889781	27.6454888653	26.9278095493	5.087
1201	0	4	1	182	11	22.7371060959	27.5484228757	26.7555499315	10.725
1201	0	4	2	1526	95	22.7371060959	31.7362177648	30.9433448206	8.189
1202	0	4	1	486	30	22.7807376479	29.4600328138	28.6656383797	7.181
1202	0	4	2	1832	114	22.7807376479	33.2316951584	32.4373007243	8.126
1203	0	4	1	415	25	22.5075163139	29.6420009844	28.8571341394	6.756
1203	0	4	2	1760	110	22.5075163139	30.2272949028	29.4424280578	8.126
1204	0	4	1	1256	78	23.3767038234	28.9731056856	28.1579291232	9.276
1204	0	4	2	2601	162	23.3767038234	29.9697142305	29.1545376681	15.433
1204	1	4	1	1251	78	23.3767038234	33.4260670642	32.6108905018	6.63
1204	1	4	2	2602	162	23.3767038234	28.9105707759	28.0953942135	15.591
1205	0	4	1	1264	79	25.4726298178	30.9766004467	30.0883361745	7.559
1205	0	4	2	2614	163	25.4726298178	27.2351823001	26.3469180278	13.339
1206	0	4	1	1026	64	25.4564755144	29.8478539617	28.9601530113	13.197
1206	0	4	2	2373	148	25.4564755144	31.5159694091	30.6282684587	16.126
1207	0	4	1	1237	77	23.9681162278	29.1529435655	28.3171436708	9.401
1207	0	4	2	2586	161	23.9681162278	31.4168468171	30.5810469224	7.874
1208	0	4	1	897	56	24.2858674631	22.3641733587	21.5172930585	7.654
1208	0	4	2	2234	139	24.2858674631	30.5775399259	29.7306596256	5.402
1209	0	4	1	491	30	22.9726947055	30.935698141	30.1346099106	16.74
1209	0	4	2	1837	114	22.9726947055	31.1385210452	30.3374328148	12.866
1210	0	4	1	1246	77	22.1695629459	31.4111752046	30.6380932402	8.756
1210	0	4	2	2596	162	22.1695629459	28.0659497312	27.2928677669	24.708
1212	0	4	1	487	30	26.9581754146	29.2579732339	28.317906023	7.401
1212	0	4	2	1831	114	26.9581754146	29.7857502082	28.8456829973	12.095
1213	0	4	1	1040	65	18.392073592	28.202242301	27.5608863836	8.599
1213	0	4	2	2394	149	18.392073592	29.0738053357	28.4324494183	12.504
1214	0	4	1	1095	68	25.0283169327	27.1635339901	26.2907634955	10.504
1214	0	4	2	2442	152	25.0283169327	29.5148480146	28.6420775199	16.347
1215	0	4	1	1244	77	20.8500259023	29.0737646781	28.3466967147	11.464
1215	0	4	2	2593	162	20.8500259023	26.78078551	26.0537175466	17.622
1216	0	4	1	430	26	21.4797526859	28.6611409793	27.9121136106	5.969
1216	0	4	2	1777	111	21.4797526859	28.4078138589	27.6587864901	7.181
1217	0	4	1	488	30	17.5195139861	30.4261274351	29.8151988246	12.535
1217	0	4	2	1833	114	17.5195139861	31.8080281267	31.1970995161	11.622
1218	0	4	1	459	28	23.6120161008	29.210463799	28.3870815865	5.937
1218	0	4	2	1805	112	23.6120161008	31.4557721055	30.632389893	11.418
1219	0	4	1	489	30	18.1990175588	29.836951038	29.2023272397	4.897
1219	0	4	2	1834	114	18.1990175588	30.8755541379	30.2409303396	12.41
1220	0	4	1	1224	76	20.7212762209	29.9093062112	29.1867279193	12.189
1220	0	4	2	2574	160	20.7212762209	30.4209740201	29.6983957283	5.528
1221	0	4	1	490	30	23.4263325071	31.6657101651	30.8488029849	8.284
1221	0	4	2	1834	114	23.4263325071	29.4297228477	28.6128156675	14.158
1222	0	4	1	491	30	20.8773208453	27.3471202251	26.6191004509	14.315
1222	0	4	2	1837	114	20.8773208453	26.5885962702	25.860576496	10.929
1223	0	4	1	1223	76	19.4332564103	31.5410862907	30.8634229522	5.008
1223	0	4	2	2574	160	19.4332564103	30.6127706001	29.9351072616	9.496
1224	0	4	1	510	31	22.1130638243	32.6952869825	31.9241752172	6.63
1224	0	4	2	1859	116	22.1130638243	30.9298744499	30.1587626846	14.189
1225	0	4	1	491	30	22.9673028683	28.3300312595	27.5291310496	15.748
1225	0	4	2	1835	114	22.9673028683	29.1527762458	28.3518760359	5.323
1226	0	4	1	1270	79	23.7151061611	29.7350752392	28.9080981399	10.031
1226	0	4	2	2619	163	23.7151061611	29.9196783791	29.0927012799	12.504
1227	0	4	1	1041	65	24.4094796347	30.8000963565	29.9489055364	9.433
1227	0	4	2	2394	149	24.4094796347	32.4797680428	31.6285772227	10.347
1228	0	4	1	444	27	20.5110444159	29.3239648523	28.6087176213	5.48
1228	0	4	2	1791	111	20.5110444159	31.1009039894	30.3856567585	12.74
1229	0	4	1	491	30	22.6444910625	29.6502749834	28.8606316478	12.661
1229	0	4	2	1837	114	22.6444910625	29.0567797267	28.2671363911	7.811
1230	0	4	1	951	59	25.5304549407	29.3101629237	28.419882213	14.788
1230	0	4	2	2293	143	25.5304549407	30.9712746783	30.0809939676	9.275
1231	0	4	1	930	58	26.4079173395	26.8229485936	25.9020696092	10.725
1231	0	4	2	2274	142	26.4079173395	26.9547684641	26.0338894796	9.527
1232	0	4	1	1253	78	20.5706058401	29.0172144107	28.2998901942	9.811
1232	0	4	2	2600	162	20.5706058401	31.4936369375	30.776312721	7.842
1233	0	4	1	1265	79	20.9962646899	31.5461883694	30.8140208661	8.252
1233	0	4	2	2615	163	20.9962646899	30.2659803373	29.533812834	11.024
1234	0	4	1	1049	65	24.4252385836	31.1608966815	30.3091563261	28.504
1234	0	4	2	2390	149	24.4252385836	28.2673451872	27.4156048317	13.559
1235	0	4	1	1080	67	24.7177883157	26.9638346872	26.1018927359	5.622
1235	0	4	2	2427	151	24.7177883157	27.1703319212	26.3083899699	17.968
1236	0	4	1	545	34	20.161244935	33.7473744718	33.0443252111	16.41
1236	0	4	2	1893	118	20.161244935	35.2794907686	34.576441508	13.874
1237	0	4	1	1269	79	22.4445468826	31.5704309054	30.7877598877	12.347
1237	0	4	2	2618	163	22.4445468826	31.2084577589	30.4257867412	9.78
1238	0	4	1	383	23	22.3287919324	32.1197168798	31.3410823903	5.024
1238	0	4	2	1728	108	22.3287919324	32.6494741371	31.8708396475	11.087
1239	0	4	1	417	26	27.8612883916	30.3721639446	29.4006039904	15.496
1239	0	4	2	1739	108	27.8612883916	31.1161938871	30.1446339329	10.189
1240	0	4	1	548	34	24.0681925071	29.1722544655	28.3329647786	15.59
1240	0	4	2	1895	118	24.0681925071	27.7499103855	26.9106206986	21.024
1241	0	4	1	1094	68	26.8562456612	27.9508503477	27.014337562	8.378
1241	0	4	2	2441	152	26.8562456612	28.4949954551	27.5584826694	12.347
1242	0	4	1	903	56	24.0316306846	24.0038168955	23.1658021677	19.197
1242	0	4	2	2246	140	24.0316306846	25.7856597498	24.947645022	11.464
1244	0	4	1	411	25	27.5550377004	31.4061768125	30.4452962247	10.756
1244	0	4	2	1755	109	27.5550377004	31.5963188029	30.6354382152	6.22
1245	0	4	1	1101	68	24.3817301033	25.4085242947	24.5583011375	16.22
1245	0	4	2	2447	152	24.3817301033	24.694975753	23.8447525958	5.527
1246	0	4	1	1214	75	17.6894670969	26.7133643312	26.096509231	5.307
1246	0	4	2	2564	160	17.6894670969	28.5004350055	27.8835799053	15.338
1247	0	4	1	1264	79	14.6846904633	32.9734646824	32.4613901152	9.559
1247	0	4	2	2615	163	14.6846904633	31.8608224545	31.3487478874	11.213
1248	0	4	1	529	33	22.0393089663	30.1430824443	29.3745426084	7.433
1248	0	4	2	1878	117	22.0393089663	28.8722051906	28.1036653546	4.897
1249	0	4	1	518	32	19.9283994848	29.9140849746	29.2191553426	10.756
1249	0	4	2	1866	116	19.9283994848	29.058382223	28.3634525909	10.834
1250	0	4	1	470	29	22.6572214185	30.2462549718	29.4561677119	10.189
1250	0	4	2	1817	113	22.6572214185	28.9707050256	28.1806177657	7.023
1251	0	4	1	545	34	23.0227203982	30.2069597838	29.4041270913	16.315
1251	0	4	2	1893	118	23.0227203982	31.8694117896	31.0665790971	15.401
1252	0	4	1	1275	79	24.5990866635	28.3933110869	27.5355084191	4.031
1252	0	4	2	2624	164	24.5990866635	27.4751884282	26.6173857604	16.126
1253	0	4	1	1236	77	19.0419807292	30.4124706098	29.7484515715	5.37
1253	0	4	2	2584	161	19.0419807292	30.2580983393	29.594079301	13.008
1254	0	4	1	1047	65	25.4351643439	33.049479232	32.1625214303	15.181
1254	0	4	2	2400	150	25.4351643439	30.2208623605	29.3339045588	18.551
1255	0	4	1	1090	68	25.3954619454	29.3856270783	28.5000537518	9.874
1255	0	4	2	2438	152	25.3954619454	26.8299793101	25.9444059835	12.473
1256	0	4	1	489	30	23.6927098826	31.0892421155	30.2630460041	12.504
1256	0	4	2	1834	114	23.6927098826	28.7564079554	27.930211844	12.158
1257	0	4	1	430	26	26.6252062312	26.4475664459	25.5191103105	12.095
1257	0	4	2	1777	111	26.6252062312	27.8326540564	26.904197921	7.59
1258	0	4	1	488	30	25.1155198148	32.8287862978	31.9529749233	7.181
1258	0	4	2	1833	114	25.1155198148	29.2878457504	28.4120343759	10.504
1259	0	4	1	449	28	20.1349107563	30.7633123801	30.061181427	19.338
1259	0	4	2	1797	112	20.1349107563	30.1318046004	29.4296736473	8.315
1260	0	4	1	535	33	19.3102699881	28.9986405446	28.3252659051	9.464
1260	0	4	2	1886	117	19.3102699881	24.9670724904	24.293697851	7.354
1261	0	4	1	1097	68	21.6300748706	30.6996527899	29.9453834878	13.04
1261	0	4	2	2444	152	21.6300748706	30.3967190442	29.6424497421	5.355
1262	0	4	1	1000	62	22.5705090441	41.2860951785	40.4990316937	17.811
1262	0	4	2	2349	146	22.5705090441	28.9604061001	28.1733426153	9.338
1263	0	4	1	1063	66	14.6410337593	20.2144398177	19.7038876176	17.04
1263	0	4	2	2411	150	14.6410337593	18.8718557624	18.3613035622	18.189
1264	0	4	1	1104	69	27.3043139002	29.9820465287	29.0299090113	6.347
1264	0	4	2	2453	153	27.3043139002	31.258549848	30.3064123306	8.693
1265	0	4	1	485	30	24.6151930848	27.9362953893	27.0779310693	5.213
1265	0	4	2	1830	114	24.6151930848	31.300578168	30.442213848	8.347
1266	0	4	1	1269	79	21.8925387097	29.6257914308	28.8623696678	9.023
1266	0	4	2	2618	163	21.8925387097	30.9547200632	30.1912983002	4.583
1267	0	4	1	1236	77	21.3864567086	28.933242935	28.1874689203	4.771
1267	0	4	2	2585	161	21.3864567086	31.5281780815	30.7824040668	13.653
1268	0	4	1	110	6	18.0857012822	31.2164818072	30.5858094972	12.992
1268	0	4	2	1450	90	18.0857012822	32.9817672456	32.3510949356	16.63
1269	0	4	1	439	27	22.6348979606	29.5450674849	28.7557586735	6.189
1269	0	4	2	1784	111	22.6348979606	31.6318789051	30.8425700937	6.583
1270	0	4	1	1246	77	24.0629441431	30.7240252726	29.8849186031	10.63
1270	0	4	2	2596	162	24.0629441431	31.6269454988	30.7878388294	8.378
1271	0	4	1	1022	63	24.4466821943	34.6729308743	33.8204427517	8.961
1271	0	4	2	2368	148	24.4466821943	34.3848058934	33.5323177709	15.118
1272	0	4	1	1233	77	21.1942078082	31.2312906706	30.4922206291	5.528
1272	0	4	2	2583	161	21.1942078082	30.8644578558	30.1253878144	9.874
1273	0	4	1	1024	64	23.8552918823	22.41095363	21.5790880693	8.283
1273	0	4	2	2370	148	23.8552918823	26.4229319148	25.5910663542	17.402
1274	0	4	1	1092	68	21.4144620505	29.6076593799	28.8609087818	6.22
1274	0	4	2	2427	151	21.4144620505	33.0838242079	32.3370736099	9.874
1275	0	4	1	262	16	21.1588422018	31.1685638073	30.4307270113	6.472
1275	0	4	2	1606	100	21.1588422018	30.2997367267	29.5618999307	5.591
1276	0	4	1	486	30	19.7806206459	25.9253520378	25.2355756492	11.559
1276	0	4	2	1830	114	19.7806206459	26.1157552571	25.4259788685	6.85
1277	0	4	1	1218	76	20.8101010761	34.4111409475	33.6854652155	8.834
1277	0	4	2	2571	160	20.8101010761	31.8948292621	31.1691535302	10.851
1278	0	4	1	1265	79	27.8374868153	30.7274206547	29.7566906929	9.433
1278	0	4	2	2616	163	27.8374868153	29.7856288191	28.8148988574	12.284
1279	0	4	1	472	29	21.4651838808	32.2156396271	31.4671202918	23.024
1279	0	4	2	1818	113	21.4651838808	28.6729108328	27.9243914975	4.472
1280	0	4	1	1269	79	17.6381003187	30.9109163311	30.2958524584	11.496
1280	0	4	2	2619	163	17.6381003187	29.7619080857	29.146844213	17.008
1281	0	4	1	478	29	18.9648172997	31.4659936946	30.8046654471	7.622
1281	0	4	2	1826	114	18.9648172997	31.3915668535	30.730238606	4.961
1282	0	4	1	413	25	19.8470537838	27.5174573075	26.8253643076	6.299
1282	0	4	2	1759	109	19.8470537838	30.58647262	29.8943796201	9.118
1283	0	4	1	526	32	21.8061035857	30.6235767493	29.8631690932	14.977
1283	0	4	2	1874	117	21.8061035857	29.4363156957	28.6759080397	9.338
1284	0	4	1	935	58	27.0485348651	32.9869782029	32.0437600386	18.347
1284	0	4	2	2277	142	27.0485348651	30.8600838781	29.9168657138	5.181
1285	0	4	1	1026	64	25.2783104309	20.3387593022	19.4572712038	14.599
1285	0	4	2	2368	148	25.2783104309	23.4425585985	22.5610705001	21.78
1286	0	4	1	1003	62	28.2249351473	30.1106903323	29.1264495351	11.244
1286	0	4	2	2350	146	28.2249351473	28.5511326587	27.5668918615	7.338
1287	0	4	1	537	33	17.6344241526	26.8496929272	26.2347572472	11.78
1287	0	4	2	1889	118	17.6344241526	26.1965375065	25.5816018265	14.725
1288	0	4	1	547	34	19.4022015895	28.5248077674	27.8482273516	15.386
1288	0	4	2	1891	118	19.4022015895	30.2489508327	29.5723704168	15.212
1288	1	4	1	539	33	19.4022015895	32.3846474037	31.7080669878	14
1288	1	4	2	1890	118	19.4022015895	32.0433427241	31.3667623082	10.693
1289	0	4	1	1265	79	22.7263521915	30.2300800733	29.4375821319	6.834
1289	0	4	2	2616	163	22.7263521915	29.4793004355	28.6868024941	17.244
1290	0	4	1	929	58	27.7812005693	28.2295129666	27.2607457807	20.347
1290	0	4	2	2272	142	27.7812005693	29.4821115667	28.5133443808	13.811
1291	0	4	1	438	27	24.4375163812	30.1586737167	29.3065052182	6.252
1291	0	4	2	1784	111	24.4375163812	30.8818675607	30.0296990622	4.992
1292	0	4	1	1211	75	19.9064770151	26.429733838	25.7355686715	5.433
1292	0	4	2	2561	160	19.9064770151	27.6388069089	26.9446417424	12.221
1293	0	4	1	154	9	25.6066262805	32.2099797241	31.3170428181	12.063
1293	0	4	2	1495	93	25.6066262805	32.9838876001	32.090950694	8.378
1294	0	4	1	154	9	24.1452464637	29.7118924982	28.869915838	10.095
1294	0	4	2	1495	93	24.1452464637	29.8840455672	29.0420689071	14.283
1296	0	4	1	893	55	22.9021106719	26.8982971724	26.0996703005	19.906
1296	0	4	2	2236	139	22.9021106719	27.5445874006	26.7459605287	13.528
1297	0	4	1	1265	79	24.0872153141	31.2565474386	30.4165944013	10.094
1297	0	4	2	2615	163	24.0872153141	31.1048941523	30.2649411151	10.756
1298	0	4	1	106	6	19.4058802084	31.0385331883	30.3618244941	13.37
1298	0	4	2	1447	90	19.4058802084	29.315984758	28.6392760638	4.063
1299	0	4	1	469	29	22.4132877582	31.6024400779	30.8208591072	8.22
1299	0	4	2	1815	113	22.4132877582	33.2311457276	32.4495647569	8.094
1300	0	4	1	514	32	21.5450944232	27.8740263689	27.1227204473	6.268
1300	0	4	2	1864	116	21.5450944232	26.2116253799	25.4603194584	9.906
1301	0	4	1	1268	79	25.6780450838	32.4412442952	31.545816921	12.409
1301	0	4	2	2618	163	25.6780450838	31.28134438	30.3859170058	6.551
1302	0	4	1	155	9	17.4006933561	37.0113962087	36.4046110305	14.095
1302	0	4	2	1496	93	17.4006933561	38.5328670155	37.9260818374	14.063
1303	0	4	1	1034	64	27.8108920375	19.5215853612	18.5517827945	5.37
1303	0	4	2	2378	148	27.8108920375	22.3287828065	21.3589802398	10.472
1304	0	4	1	564	35	24.8913419653	36.3300279208	35.4620339243	6.158
1304	0	4	2	1910	119	24.8913419653	35.6185566602	34.7505626637	5.937
1305	0	4	1	430	26	19.9598026193	27.6390297807	26.9430050798	13.622
1305	0	4	2	1777	111	19.9598026193	28.2207126471	27.5246879463	12.724
1306	0	4	1	478	29	21.7720931468	30.3299834254	29.5707617584	12.283
1306	0	4	2	1827	114	21.7720931468	28.1382961906	27.3790745235	4.189
1307	0	4	1	531	33	17.586796026	32.3082962896	31.6950214654	16.567
1307	0	4	2	1881	117	17.586796026	32.1233015856	31.5100267613	10.709
1308	0	4	1	1071	66	23.6457769062	32.4403827031	31.6158232066	5.024
1308	0	4	2	2418	151	23.6457769062	31.3055674759	30.4810079794	9.275
1309	0	4	1	1000	62	21.7841368896	32.3428085477	31.5831668994	26.724
1309	0	4	2	2357	147	21.7841368896	31.4970535175	30.7374118692	6.929
1310	0	4	1	470	29	17.0284548714	29.0407739142	28.4469691841	8.189
1310	0	4	2	1816	113	17.0284548714	28.9345173825	28.3407126524	9.874
1311	0	4	1	520	32	20.6084608385	29.4611413927	28.7424971223	8.063
1311	0	4	2	1869	116	20.6084608385	26.3396049211	25.6209606507	15.843
1312	0	4	1	470	29	16.6004558704	31.9439183954	31.3650385562	7.559
1312	0	4	2	1817	113	16.6004558704	30.7717828524	30.1929030132	12
1313	0	4	1	310	19	26.6952096863	29.4855804183	28.55468317	12.819
1313	0	4	2	1655	103	26.6952096863	28.7182453815	27.7873481331	14.378
1314	0	4	1	265	16	20.1156482107	27.3407720651	26.6393128225	17.275
1314	0	4	2	1609	100	20.1156482107	26.5270949282	25.8256356856	13.842
1315	0	4	1	406	25	24.2200385209	32.1739480393	31.3293632812	13.874
1315	0	4	2	1752	109	24.2200385209	30.4999108499	29.6553260919	5.086
1316	0	4	1	1033	64	28.5161717928	34.7678698804	33.7734732764	28.347
1316	0	4	2	2377	148	28.5161717928	24.7403867245	23.7459901205	13.086
1317	0	4	1	536	33	19.6499507104	29.7512388686	29.0660191134	16.063
1317	0	4	2	1885	117	19.6499507104	30.9539028585	30.2686831033	5.811
1318	0	4	1	538	33	22.6293842235	30.9752670954	30.1861505553	5.559
1318	0	4	2	1888	118	22.6293842235	30.6852578455	29.8961413054	14.897
1319	0	4	1	1030	64	28.4040137948	26.4549098081	25.4644243017	9.024
1319	0	4	2	2374	148	28.4040137948	30.7489436896	29.7584581833	17.008
1320	0	4	1	481	30	20.779081498	27.1983787171	26.4737846788	16.063
1320	0	4	2	1828	114	20.779081498	31.3538599884	30.6292659501	12.961
1321	0	4	1	1081	67	23.5542309369	30.9159504172	30.0945832497	9.433
1321	0	4	2	2412	150	23.5542309369	32.275616655	31.4542494875	10.41
1322	0	4	1	440	27	21.3191566284	32.0687313136	31.3253041416	5.212
1322	0	4	2	1788	111	21.3191566284	30.50309606	29.759668888	15.843
1324	0	4	1	1255	78	18.4729086629	32.0787546998	31.4345799566	10.976
1324	0	4	2	2603	162	18.4729086629	31.3504825236	30.7063077804	14.961
1325	0	4	1	488	30	25.3534740559	28.2774623866	27.3933532333	13.669
1325	0	4	2	1833	114	25.3534740559	28.9630852398	28.0789760864	11.653
1326	0	4	1	438	27	21.9079528047	30.3357196228	29.5717603498	9.244
1326	0	4	2	1783	111	21.9079528047	29.3430073415	28.5790480685	9.244
1327	0	4	1	471	29	15.5188948476	29.9758756671	29.4347112904	7.401
1327	0	4	2	1817	113	15.5188948476	31.4036211516	30.8624567749	6.473
1328	0	4	1	883	55	29.1009126759	28.5750357689	27.5602484774	13.071
1328	0	4	2	2229	139	29.1009126759	28.1902795833	27.1754922918	6.488
1329	0	4	1	1034	64	26.3857057475	18.7847766615	17.8646722246	5.339
1329	0	4	2	2378	148	26.3857057475	23.5068071077	22.5867026708	7.654
1330	0	4	1	429	26	20.9945523092	28.8485109332	28.1164031429	5.606
1330	0	4	2	1776	111	20.9945523092	26.3380334168	25.6059256265	6.252
1331	0	4	1	1240	77	20.2092973076	31.9840734672	31.2793485568	5.04
1331	0	4	2	2590	161	20.2092973076	31.0698001144	30.3650752039	10.646
1332	0	4	1	1022	63	27.2215734128	17.0573782209	16.1081259736	11.622
1332	0	4	2	2372	148	27.2215734128	21.8173053801	20.8680531329	14.126
1333	0	4	1	1227	76	22.1830827586	29.0315703812	28.2580169631	5.779
1333	0	4	2	2569	160	22.1830827586	31.9873159127	31.2137624946	9.37
1334	0	4	1	440	27	24.4495540968	27.7429881389	26.8903998694	4.063
1334	0	4	2	1784	111	24.4495540968	29.3974580965	28.5448698269	4.283
1335	0	4	1	1062	66	18.6489549648	26.4036467175	25.7533330071	4.347
1335	0	4	2	2408	150	18.6489549648	26.3148734962	25.6645597858	12.535
1336	0	4	1	1268	79	23.9356650073	29.5428312888	28.7081630111	7.811
1336	0	4	2	2617	163	23.9356650073	30.0080084815	29.1733402037	10.96
1337	0	4	1	1234	77	22.2360137548	28.7541812298	27.9787820379	9.685
1337	0	4	2	2580	161	22.2360137548	30.3874704342	29.6120712423	5.023
1338	0	4	1	1250	78	20.0604655408	29.6651324387	28.9655974887	6.252
1338	0	4	2	2600	162	20.0604655408	30.1635252939	29.4639903439	17.969
1339	0	4	1	376	23	23.1924584427	30.558380283	29.7496286006	8.031
1339	0	4	2	1721	107	23.1924584427	29.5095008261	28.7007491436	15.528
1340	0	4	1	1281	80	19.6818430729	32.7864964602	32.1001645762	7.968
1340	0	4	2	2631	164	19.6818430729	32.1543966243	31.4680647403	13.244
1341	0	4	1	473	29	18.1273174694	30.3134070981	29.6812835767	11.433
1341	0	4	2	1837	114	18.1273174694	27.7600105005	27.1278869791	7.244
1342	0	4	1	1064	66	21.9715671801	28.8852431572	28.1190655669	6.252
1342	0	4	2	2413	150	21.9715671801	31.3268994274	30.5607218371	7.149
1343	0	4	1	346	21	24.4595481344	27.1582087133	26.3052719384	8.708
1343	0	4	2	1690	105	24.4595481344	26.7995006484	25.9465638735	13.449
1344	0	4	1	440	27	23.8968660344	30.232471332	29.3991560257	9.78
1344	0	4	2	1785	111	23.8968660344	30.7221710831	29.8888557768	11.528
1345	0	4	1	456	28	18.3416606572	30.4035302989	29.7639323472	6.535
1345	0	4	2	1800	112	18.3416606572	30.2739499627	29.6343520109	4.819
1347	0	4	1	933	58	26.5826193863	31.0612857767	30.134314701	4.409
1347	0	4	2	2276	142	26.5826193863	30.1417628378	29.2147917621	11.086
1348	0	4	1	482	30	20.1951278706	31.5885412157	30.8843104122	26.031
1348	0	4	2	1827	114	20.1951278706	28.748191424	28.0439606206	11.023
1349	0	4	1	1220	76	23.3331789813	28.1028175261	27.2891587325	8.189
1349	0	4	2	2569	160	23.3331789813	28.5287053634	27.7150465698	8.252
1350	0	4	1	1022	63	23.2773276304	37.1888857588	36.3771745756	17.37
1350	0	4	2	2357	147	23.2773276304	26.6692934905	25.8575823074	5.654
1351	0	4	1	141	8	23.8230080486	28.5063732644	27.6756334838	4.913
1351	0	4	2	1482	92	23.8230080486	30.9614513129	30.1307115323	10.977
1352	0	4	1	1265	79	21.872633673	29.4917626601	28.729035012	5.937
1352	0	4	2	2616	163	21.872633673	32.738602702	31.9758750538	13.748
1353	0	4	1	488	30	18.1520227469	31.7454674201	31.112482393	4.504
1353	0	4	2	1833	114	18.1520227469	32.9534982687	32.3205132416	10.473
1354	0	4	1	1012	63	21.6238408198	8.03417244858	7.2801205361	14.677
1354	0	4	2	2350	146	21.6238408198	7.36065649769	6.60660458522	4.094
1355	0	4	1	539	33	20.1993165465	30.3764833372	29.6721064691	11.59
1355	0	4	2	1888	118	20.1993165465	25.2042528433	24.4998759752	17.055
1356	0	4	1	489	30	25.3199031736	29.4866025544	28.6036640621	7.323
1356	0	4	2	1834	114	25.3199031736	33.392723844	32.5097853517	14.378
1357	0	4	1	1218	76	18.9925223105	35.3831432777	34.7208489198	4.315
1357	0	4	2	2573	160	18.9925223105	29.4909843437	28.8286899859	13.591
1358	0	4	1	159	9	27.2759173597	34.5974021039	33.6462548114	12.677
1358	0	4	2	1499	93	27.2759173597	28.6156925383	27.6645452458	21.653
1359	0	4	1	1269	79	23.6785991426	30.9404054439	30.1147013926	12.897
1359	0	4	2	2619	163	23.6785991426	30.3982536253	29.572549574	10.661
1360	0	4	1	210	13	23.8121153846	30.8206081197	29.9902481806	8.583
1360	0	4	2	1553	97	23.8121153846	32.1208057115	31.2904457724	8.378
1361	0	4	1	1230	76	20.2911437896	23.4462053272	22.7386263217	4.031
1361	0	4	2	2581	161	20.2911437896	25.1891109204	24.481531915	14.22
1362	0	4	1	1258	78	19.640704316	32.5886946525	31.9037973313	9.512
1362	0	4	2	2600	162	19.640704316	26.439161392	25.7542640708	9.591
1363	0	4	1	430	26	20.8392464874	30.5090719631	29.7823798921	9.433
1363	0	4	2	1776	111	20.8392464874	28.6358807024	27.9091886314	4.961
1364	0	4	1	488	30	25.4487096049	31.1175939252	30.2301637824	8.425
1364	0	4	2	1834	114	25.4487096049	32.207312751	31.3198826081	10.252
1365	0	4	1	548	34	22.4225210162	30.6446134291	29.8627104825	7.465
1365	0	4	2	1893	118	22.4225210162	32.74491915	31.9630162034	7.591
1366	0	4	1	489	30	21.9274221774	25.9221342673	25.1574960716	9.307
1366	0	4	2	1834	114	21.9274221774	26.9468811046	26.1822429089	8.189
1367	0	4	1	1264	79	21.6665371958	32.6338934436	31.8783526521	6.96
1367	0	4	2	2616	163	21.6665371958	30.8466572701	30.0911164785	15.811
1368	0	4	1	470	29	18.4597691298	29.3954795122	28.7517629619	8.992
1368	0	4	2	1817	113	18.4597691298	29.7944048514	29.1506883011	10.819
1369	0	4	1	490	30	22.0969004774	32.0050687718	31.2345206438	7.401
1369	0	4	2	1835	114	22.0969004774	29.1926162343	28.4220681063	10.551
1370	0	4	1	1275	79	24.9972942446	30.8398187546	29.968130062	7.874
1370	0	4	2	2624	164	24.9972942446	32.6475803238	31.7758916312	7.386
1371	0	4	1	431	26	22.6599036623	33.2904167084	32.5002359151	6.126
1371	0	4	2	1777	111	22.6599036623	30.780954623	29.9907738297	8.977
1372	0	4	1	1095	68	21.5185880041	31.344421312	30.5940397044	6.819
1372	0	4	2	2441	152	21.5185880041	31.9337380628	31.1833564551	9.717
1373	0	4	1	1255	78	24.2597495272	28.7208119257	27.8748423923	6
1373	0	4	2	2602	162	24.2597495272	28.8682549769	28.0222854436	18.488
1374	0	4	1	1060	66	25.8832567721	30.2605209029	29.357937526	8.063
1374	0	4	2	2408	150	25.8832567721	30.116288374	29.213704997	20.126
1375	0	4	1	458	28	20.9205270441	26.6378557298	25.9083292984	7.118
1375	0	4	2	1802	112	20.9205270441	29.2724063239	28.5428798924	10.945
1376	0	4	1	1236	77	23.4833366565	28.7822095793	27.9633145891	11.465
1376	0	4	2	2585	161	23.4833366565	30.0378460854	29.2189510952	6
1377	0	4	1	1107	69	24.8915631799	28.5132319935	27.645230283	4.158
1377	0	4	2	2454	153	24.8915631799	29.1044553553	28.2364536448	6.599
1378	0	4	1	333	20	25.5995463891	29.3613857776	28.4686957568	12.914
1378	0	4	2	1677	104	25.5995463891	30.6766360569	29.783946036	13.118
1379	0	4	1	1063	66	21.3549548103	31.9680905989	31.223415097	4.945
1379	0	4	2	2410	150	21.3549548103	30.6432025478	29.8985270459	12
1380	0	4	1	1064	66	25.5045614099	31.1976737659	30.3082959968	5.622
1380	0	4	2	2412	150	25.5045614099	30.5874844863	29.6981067172	10.221
1381	0	4	1	1064	66	28.7081032979	33.7538855956	32.7527960863	5.811
1381	0	4	2	2413	150	28.7081032979	34.5621226611	33.5610331518	10.96
1382	0	4	1	1063	66	27.6065605809	27.4736677868	26.5109905281	11.653
1382	0	4	2	2411	150	27.6065605809	29.9093220704	28.9466448117	20.378
1383	0	4	1	433	27	24.3589785641	30.0837456915	29.2343159105	11.59
1383	0	4	2	1780	111	24.3589785641	32.3792332225	31.5298034415	13.937
1384	0	4	1	1242	77	21.1266672331	31.8503714403	31.113656628	9.622
1384	0	4	2	2594	162	21.1266672331	28.3216750897	27.5849602774	18.315
1385	0	4	1	376	23	21.1272225901	29.8790126766	29.1422784983	8.221
1385	0	4	2	1721	107	21.1272225901	32.103020038	31.3662858597	4.913
1386	0	4	1	1241	77	25.5795884225	27.4723081981	26.5803141379	15.339
1386	0	4	2	2582	161	25.5795884225	28.2101184639	27.3181244037	15.087
1386	1	4	1	1233	77	25.5795884225	27.3628528544	26.4708587942	8.662
1386	1	4	2	2590	161	25.5795884225	27.2920694285	26.4000753683	17.055
1387	0	4	1	481	30	25.2241507637	29.740872973	28.8612734937	24.221
1387	0	4	2	1828	114	25.2241507637	32.2720815839	31.3924821047	10.032
1388	0	4	1	879	54	24.3094030314	31.9190979853	31.0713969686	5.464
1388	0	4	2	2222	138	24.3094030314	31.4200028743	30.5723018577	12.582
1389	0	4	1	444	27	24.7075146581	32.3951384848	31.5335547895	5.717
1389	0	4	2	1791	111	24.7075146581	31.4632974813	30.601713786	5.559
1390	0	4	1	474	29	25.763820126	24.3603740175	23.4619555543	14.441
1390	0	4	2	1818	113	25.763820126	22.6045684154	21.7061499522	4
1391	0	4	1	541	33	21.6200450065	31.761411139	31.0074915916	11.244
1391	0	4	2	1890	118	21.6200450065	29.632621829	28.8787022816	11.906
1392	0	4	1	217	13	26.0385751287	29.0044014518	28.0964019185	10.41
1392	0	4	2	1560	97	26.0385751287	30.427436856	29.5194373227	14.693
1393	0	4	1	344	21	21.1672652411	32.130768351	31.3926378325	8.378
1393	0	4	2	1688	105	21.1672652411	31.3430949441	30.6049644256	12.835
1394	0	4	1	443	27	22.0427330818	29.7120247686	28.9433655292	5.087
1394	0	4	2	1790	111	22.0427330818	29.1400847558	28.3714255164	7.528
1395	0	4	1	892	55	19.5549538723	28.0304152246	27.3485081347	19.716
1395	0	4	2	2234	139	19.5549538723	27.9592667207	27.2773596308	6.22
1396	0	4	1	958	59	24.5764896959	32.2765662791	31.4195515974	14.63
1396	0	4	2	2301	143	24.5764896959	30.6086866307	29.7516719491	5.276
1397	0	4	1	1243	77	19.0999595262	31.8587881679	31.1927473323	8.158
1397	0	4	2	2593	162	19.0999595262	31.3467538422	30.6807130065	16.22
1398	0	4	1	470	29	22.1566052183	29.7989311186	29.0263010073	8.189
1398	0	4	2	1817	113	22.1566052183	29.8354651896	29.0628350784	7.417
1399	0	4	1	1067	66	23.6778542663	29.8530997642	29.0274216877	6.032
1399	0	4	2	2412	150	23.6778542663	31.0162792521	30.1906011757	11.37
1400	0	4	1	1257	78	16.0709470215	29.5025317391	28.9421165734	10.063
1400	0	4	2	2604	162	16.0709470215	27.8207683096	27.2603531438	12.945
1401	0	4	1	917	57	25.7141163865	31.5538554903	30.6571702621	19.229
1401	0	4	2	2258	141	25.7141163865	33.4241529062	32.527467678	6.032
1402	0	4	1	1273	79	26.7937958342	29.1538785384	28.2195434607	9.748
1402	0	4	2	2625	164	26.7937958342	30.5150828453	29.5807477677	13.811
1403	0	4	1	802	50	28.2959988198	30.8836562809	29.8969373994	8.346
1403	0	4	2	2148	134	28.2959988198	30.8263168418	29.8395979604	8.252
1403	1	4	1	805	50	28.2959988198	31.3244394308	30.3377205494	13.465
1403	1	4	2	2149	134	28.2959988198	31.8602765457	30.8735576643	7.685
1404	0	4	1	1246	77	20.6282719473	31.415564216	30.6962291061	9.905
1404	0	4	2	2596	162	20.6282719473	32.0412926691	31.3219575592	6.614
1405	0	4	1	349	21	24.3191921647	30.2618275605	29.4137851839	8.252
1405	0	4	2	1693	105	24.3191921647	28.9337078274	28.0856654507	18.882
1406	0	4	1	1081	67	18.8004158067	32.5270468535	31.8714515033	12.378
1406	0	4	2	2428	151	18.8004158067	34.0486586733	33.3930633232	9.26
1407	0	4	1	459	28	23.4037832157	26.7805836721	25.9644628155	5.969
1407	0	4	2	1805	112	23.4037832157	26.7189521477	25.9028312911	15.937
1408	0	4	1	1270	79	25.0734288314	28.8604969766	27.9861533704	12.032
1408	0	4	2	2619	163	25.0734288314	30.6977444553	29.8234008491	15.559
1409	0	4	1	471	29	18.5828028684	30.5574894952	29.9094825958	9.26
1409	0	4	2	1817	113	18.5828028684	29.7471286736	29.0991217743	11.748
1410	0	4	1	1256	78	25.4899038232	29.7869458171	28.8980791774	4.488
1410	0	4	2	2603	162	25.4899038232	31.0482875745	30.1594209348	13.748
1411	0	4	1	473	29	24.2753358128	32.7657604228	31.9192473751	6.032
1411	0	4	2	1817	113	24.2753358128	34.0593425089	33.2128294612	8.551
1412	0	4	1	1268	79	24.9737244541	30.6924583322	29.8215915495	10.63
1412	0	4	2	2617	163	24.9737244541	29.4030657346	28.5321989518	4.472
1413	0	4	1	1243	77	15.7116393443	30.3496074606	29.8017218285	10.126
1413	0	4	2	2594	162	15.7116393443	31.8551374689	31.3072518369	15.276
1414	0	4	1	506	31	20.3678240046	32.139909455	31.4296565091	5.086
1414	0	4	2	1857	116	20.3678240046	28.5222071752	27.8119542293	5.244
1415	0	4	1	1270	79	24.5922747774	31.6098606874	30.752295559	10.567
1415	0	4	2	2619	163	24.5922747774	30.6906621974	29.8330970691	11.134
1416	0	4	1	1268	79	24.227277467	30.3186286578	29.4737914681	7.874
1416	0	4	2	2617	163	24.227277467	31.971831648	31.1269944584	6.567
1417	0	4	1	1218	76	21.0816849699	31.8830557446	31.1479095232	7.055
1417	0	4	2	2566	160	21.0816849699	31.6973656919	30.9622194705	14.189
1418	0	4	1	282	17	21.5662788054	30.7993311373	30.0472864883	12.126
1418	0	4	2	1626	101	21.5662788054	30.866617754	30.1145731051	14.961
1419	0	4	1	1234	77	22.804958264	26.8765300122	26.0812909732	9.622
1419	0	4	2	2584	161	22.804958264	26.7791094348	25.9838703958	21.496
1421	0	4	1	1250	78	18.7059830956	30.1956739959	29.5433716392	5.103
1421	0	4	2	2600	162	18.7059830956	27.5649658539	26.9126634972	16.315
1422	0	4	1	1006	62	23.7643688864	29.0763306752	28.2476357197	13.717
1422	0	4	2	2343	146	23.7643688864	28.2805975974	27.4519026418	9.559
1423	0	4	1	444	27	22.6061123718	30.4796067393	29.6913017194	6.252
1423	0	4	2	1791	111	22.6061123718	29.530339288	28.7420342681	4.567
1424	0	4	1	1229	76	21.9979423427	32.7669316428	31.9998343157	5.37
1424	0	4	2	2580	161	21.9979423427	32.3540856726	31.5869883456	6.977
1425	0	4	1	471	29	25.6050297417	27.2370589175	26.3441776849	7.401
1425	0	4	2	1818	113	25.6050297417	24.9353945697	24.0425133371	10.582
1426	0	4	1	1000	62	23.8822035376	20.3438643905	19.5110603849	16.788
1426	0	4	2	2354	147	23.8822035376	32.0150732907	31.1822692851	9.496
1427	0	4	1	488	30	23.094889444	28.125864212	27.3205148895	12.126
1427	0	4	2	1832	114	23.094889444	27.9698804929	27.1645311704	8.22
1428	0	4	1	457	28	22.1775933108	28.9557741302	28.1824121364	7.968
1428	0	4	2	1802	112	22.1775933108	30.6734202629	29.9000582691	8
1429	0	4	1	550	34	24.5645661307	30.0497008471	29.1931019558	12.977
1429	0	4	2	1893	118	24.5645661307	32.638888083	31.7822891918	15.307
1430	0	4	1	490	30	18.7592577767	32.0077099475	31.3535498323	12.725
1430	0	4	2	1837	114	18.7592577767	29.4724946052	28.81833449	6.567
1431	0	4	1	344	21	24.96538798	30.2564470285	29.3858709496	5.716
1431	0	4	2	1688	105	24.96538798	30.0862439555	29.2156678766	4.598
1432	0	4	1	1218	76	19.5552853324	28.7951906752	28.1132720269	4.473
1432	0	4	2	2568	160	19.5552853324	29.9422878855	29.2603692371	13.496
1433	0	4	1	433	27	18.5053513999	26.6585099046	26.0132038404	5.685
1433	0	4	2	1773	110	18.5053513999	40.6071060918	39.9618000275	18.504
1434	0	4	1	549	34	27.1857067522	31.3262733716	30.3782718422	6.599
1434	0	4	2	1895	118	27.1857067522	32.1350846455	31.1870831161	12.126
1435	0	4	1	1064	66	23.6066902439	30.812183077	29.9889865841	8.441
1435	0	4	2	2411	150	23.6066902439	31.3099133151	30.4867168222	5.024
1436	0	4	1	1211	75	22.7773704943	28.3598407673	27.5655637503	11.685
1436	0	4	2	2561	160	22.7773704943	27.4688329424	26.6745559254	11.717
1437	0	4	1	1229	76	19.2083584989	30.3239026247	29.6540817736	13.59
1437	0	4	2	2579	161	19.2083584989	30.0110318727	29.3412110216	10.599
1438	0	4	1	1264	79	22.3772762674	29.7184124468	28.9380872444	5.102
1438	0	4	2	2615	163	22.3772762674	30.9921202479	30.2117950455	13.811
1439	0	4	1	457	28	19.2746668345	30.369105172	29.6969720616	7.323
1439	0	4	2	1802	112	19.2746668345	31.5717649819	30.8996318715	6.787
1440	0	4	1	431	26	22.9900205668	31.2520099493	30.4503175432	9.968
1440	0	4	2	1776	111	22.9900205668	29.0560259451	28.254333539	4.693
1441	0	4	1	433	27	20.524484131	29.0881535199	28.3724376284	8.189
1441	0	4	2	1780	111	20.524484131	28.6098139458	27.8940980543	9.559
1442	0	4	1	504	31	22.8407530365	32.9005557775	32.1040685275	17.433
1442	0	4	2	1852	115	22.8407530365	34.1433705645	33.3468833145	16.063
1443	0	4	1	534	33	17.7923491738	28.3468739074	27.7264311732	13.307
1443	0	4	2	1878	117	17.7923491738	21.2060444428	20.5856017087	4.063
1444	0	4	1	1239	77	21.8585644128	33.9492450129	33.1870079785	7.37
1444	0	4	2	2587	161	21.8585644128	32.5304490539	31.7682120195	9.906
1445	0	4	1	473	29	22.1679072532	24.4780745881	23.7050503599	6.85
1445	0	4	2	1814	113	22.1679072532	25.6079436202	24.834919392	12.158
1445	1	4	1	471	29	22.1679072532	41.4889692336	40.7159450054	21.559
1445	1	4	2	1826	114	22.1679072532	45.5219327008	44.7489084727	8.598
