event_index	pair_index	fold	layer	pixel	half_bar	ecal_time_ns	cdet_time_master_ns	cdet_time_candidate_ns	tot_ns
0	0	0	1	1279	79	17.1742910462	25.8646205432	26.6572713302	13.008
0	0	0	2	2629	164	17.1742910462	28.9520277203	29.7446785073	14
1	0	0	1	919	57	25.9308416669	31.0723763148	32.2691711053	10.252
1	0	0	2	2261	141	25.9308416669	28.843965482	30.0407602725	4.598
2	0	0	1	558	34	24.3219978964	31.6621404182	32.7846817051	15.197
2	0	0	2	1907	119	24.3219978964	29.0672360104	30.1897772974	6.74
3	0	0	1	415	25	17.7820582274	26.4650833509	27.2857846195	8.126
3	0	0	2	1762	110	17.7820582274	25.4654005564	26.2861018249	16.347
4	0	0	1	1269	79	26.6722878505	31.8936672633	33.1246822669	11.338
4	0	0	2	2618	163	26.6722878505	30.4999257824	31.7309407861	10.126
5	0	0	1	1280	80	26.8616902233	31.5811780942	32.8209346488	10.693
5	0	0	2	2629	164	26.8616902233	28.2057078885	29.4454644431	12.378
6	0	0	1	429	26	24.1429385131	33.4330895269	34.5473666263	7.071
6	0	0	2	1777	111	24.1429385131	28.7385705609	29.8528476603	4
7	0	0	1	1268	79	23.6859058791	30.1512721562	31.244455676	4.346
7	0	0	2	2618	163	23.6859058791	29.4281239936	30.5213075134	16.929
8	0	0	1	467	29	22.190182218	30.4597396454	31.4838905318	4.929
8	0	0	2	1814	113	22.190182218	30.7038469516	31.727997838	5.591
9	0	0	1	485	30	28.5075576896	26.72644835	28.0421671752	4.157
9	0	0	2	1829	114	28.5075576896	26.1226220042	27.4383408293	7.008
10	0	0	1	472	29	19.5210414044	28.5899188499	29.4908799895	28.834
10	0	0	2	1816	113	19.5210414044	28.1193770655	29.0203382051	4.189
11	0	0	1	233	14	29.9435349415	31.7300406927	33.1120346552	9.874
11	0	0	2	1576	98	29.9435349415	29.6658427619	31.0478367244	5.402
12	0	0	1	474	29	19.1245189891	29.0966548892	29.9793151974	10.094
12	0	0	2	1835	114	19.1245189891	30.4646002882	31.3472605964	16.252
13	0	0	1	473	29	19.6535485004	27.4463709806	28.3534477644	12.803
13	0	0	2	1814	113	19.6535485004	27.4818943581	28.3889711419	6.473
14	0	0	1	583	36	19.9024752192	29.0870371522	30.005602734	14.409
14	0	0	2	1931	120	19.9024752192	28.3341043869	29.2526699686	9.906
14	1	0	1	582	36	19.9024752192	28.9173685131	29.8359340948	14.126
14	1	0	2	1933	120	19.9024752192	28.3889572032	29.3075227849	7.969
15	0	0	1	1021	63	25.2976797713	14.322068151	15.4896404092	29.78
15	0	0	2	2372	148	25.2976797713	23.8730612865	25.0406335447	11.149
16	0	0	1	1255	78	12.5064234271	29.4650221037	30.0422352385	9.78
16	0	0	2	2603	162	12.5064234271	28.0994152049	28.6766283396	15.874
18	0	0	1	1094	68	20.0627959238	28.2316541426	29.1576190593	12.567
18	0	0	2	2442	152	20.0627959238	26.6308275344	27.5567924511	11.653
19	0	0	1	193	12	21.4221504064	35.1909622881	36.1796659459	6.315
19	0	0	2	1537	96	21.4221504064	34.7620582598	35.7507619176	7.622
20	0	0	1	1269	79	26.1596830364	29.651497345	30.8588539276	12.473
20	0	0	2	2619	163	26.1596830364	28.5378552409	29.7452118234	11.433
21	0	0	1	1064	66	23.9888598364	32.38751707	33.4946829249	8.882
21	0	0	2	2412	150	23.9888598364	29.1586511259	30.2658169808	5.685
22	0	0	1	1218	76	21.6329091234	30.6566709745	31.6551018497	4.583
22	0	0	2	2567	160	21.6329091234	28.9268443732	29.9252752485	9.228
23	0	0	1	215	13	25.3175948925	29.48969601	30.6581874174	4.221
23	0	0	2	1558	97	25.3175948925	31.2527695762	32.4212609836	8.41
25	0	0	1	379	23	20.5073333422	25.1420018443	26.0884836448	16.961
25	0	0	2	1724	107	20.5073333422	25.3651636298	26.3116454303	16.866
26	0	0	1	607	37	18.8284819856	28.4930317781	29.3620289916	6.74
26	0	0	2	1957	122	18.8284819856	29.4514030044	30.3204002179	5.937
27	0	0	1	430	26	20.1531758567	29.8173983543	30.7475346062	5.15
27	0	0	2	1776	111	20.1531758567	29.127512069	30.0576483209	9.937
28	0	0	1	159	9	25.4019747224	30.173519007	31.3459048249	8.662
28	0	0	2	1498	93	25.4019747224	30.0281157769	31.2005015948	10.977
29	0	0	1	1275	79	24.4812736274	27.9438568106	29.0737492035	14.41
29	0	0	2	2624	164	24.4812736274	29.0264955482	30.1563879411	11.685
30	0	0	1	1026	64	21.5600403976	37.9653469683	38.9604147089	5.906
30	0	0	2	2373	148	21.5600403976	38.4047874976	39.3998552382	7.937
32	0	0	1	163	10	23.5512766308	29.906883882	30.9938538131	13.653
32	0	0	2	1506	94	23.5512766308	29.2096320692	30.2966020003	19.055
33	0	0	1	438	27	22.2845320427	30.8123388288	31.8408442742	7.874
33	0	0	2	1783	111	22.2845320427	30.9385320584	31.9670375037	4
34	0	0	1	1230	76	23.5566728076	27.6379713265	28.7251903092	10.724
34	0	0	2	2581	161	23.5566728076	28.2344353273	29.32165431	11.748
35	0	0	1	547	34	23.7839134521	29.18833272	30.286039616	7.339
35	0	0	2	1894	118	23.7839134521	32.6233315356	33.7210384315	9.307
36	0	0	1	469	29	21.7448738607	30.1030362454	31.1066346666	9.685
36	0	0	2	1815	113	21.7448738607	29.7171563662	30.7207547874	7.15
37	0	0	1	471	29	23.2709588396	31.5341439006	32.6081762311	7.622
37	0	0	2	1817	113	23.2709588396	30.6845263032	31.7585586337	10.472
38	0	0	1	1243	77	16.9695711065	28.9496514457	29.732853725	6.283
38	0	0	2	2593	162	16.9695711065	27.5619023941	28.3451046734	12.126
39	0	0	1	1242	77	20.6924735512	30.9688659164	31.9238925548	10.457
39	0	0	2	2593	162	20.6924735512	28.8553724172	29.8103990556	16.992
40	0	0	1	1237	77	18.7570225534	31.1655616882	32.0312608107	6.63
40	0	0	2	2586	161	18.7570225534	32.534736307	33.4004354295	10.504
41	0	0	1	1241	77	22.4472233673	32.5158703676	33.5518845599	5.559
41	0	0	2	2590	161	22.4472233673	31.5354632077	32.5714774001	11.276
42	0	0	1	1236	77	18.6110433088	30.5548663222	31.4138280159	7.78
42	0	0	2	2585	161	18.6110433088	34.4757076932	35.3346693869	6.504
43	0	0	1	488	30	17.6039448155	32.5943752881	33.4068560289	8.063
43	0	0	2	1832	114	17.6039448155	30.6651020765	31.4775828173	11.024
44	0	0	1	1263	78	24.6224812828	30.7779928617	31.9144024586	4.378
44	0	0	2	2614	163	24.6224812828	31.3982444959	32.5346540928	10.393
45	0	0	1	541	33	20.4684087658	32.2116886671	33.1563739687	5.653
45	0	0	2	1890	118	20.4684087658	30.862384886	31.8070701876	14.347
46	0	0	1	1030	64	27.3235305455	32.3552909648	33.6163629899	15.496
46	0	0	2	2374	148	27.3235305455	36.1123246239	37.373396649	15.685
46	1	0	1	1026	64	27.3235305455	42.7685125214	44.0295845465	14.662
46	1	0	2	2373	148	27.3235305455	38.7682551355	40.0293271606	12.992
47	0	0	1	819	51	24.8938987537	26.9967108096	28.1456472277	15.905
47	0	0	2	2161	135	24.8938987537	29.8013206496	30.9502570677	17.717
48	0	0	1	1255	78	17.8040288583	29.1292356859	29.9509509723	11.78
48	0	0	2	2602	162	17.8040288583	28.4319688934	29.2536841798	5.023
49	0	0	1	974	60	25.202763287	29.2162586115	30.3794501575	7.654
49	0	0	2	2318	144	25.202763287	29.1292193998	30.2924109458	10.346
50	0	0	1	487	30	22.1144815358	32.7255530579	33.7462101055	11.717
50	0	0	2	1832	114	22.1144815358	29.0957994496	30.1164564971	11.275
51	0	0	1	1264	79	22.0396780591	30.5999315325	31.6171361502	9.212
51	0	0	2	2614	163	22.0396780591	31.9415169733	32.958721591	15.307
52	0	0	1	489	30	21.029075262	27.8459564136	28.8165183432	13.906
52	0	0	2	1833	114	21.029075262	28.009937397	28.9804993265	10.756
53	0	0	1	530	33	19.8539572181	25.0473475875	25.9636739017	16.724
53	0	0	2	1879	117	19.8539572181	27.9796774131	28.8960037273	9.37
54	0	0	1	158	9	26.0579907166	28.3573824989	29.5600456419	4.409
54	0	0	2	1498	93	26.0579907166	28.9235739113	30.1262370543	17.465
55	0	0	1	487	30	21.1304348051	30.7209791358	31.6962191461	10.63
55	0	0	2	1831	114	21.1304348051	30.6021628903	31.5774029006	7.527
56	0	0	1	1033	64	24.822622638	39.6282684721	40.7739152598	6.252
56	0	0	2	2373	148	24.822622638	32.3106771259	33.4563239136	13.906
57	0	0	1	494	30	23.8544228095	31.7853993093	32.8863604472	6.063
57	0	0	2	1841	115	23.8544228095	31.9299652946	33.0309264325	7.212
58	0	0	1	903	56	28.5777093888	28.5436310926	29.8625876525	19.417
58	0	0	2	2245	140	28.5777093888	33.3391963636	34.6581529235	9.496
59	0	0	1	1097	68	20.7417922765	27.5872307324	28.5445335944	11.292
59	0	0	2	2444	152	20.7417922765	30.2502562912	31.2075591532	10.252
60	0	0	1	154	9	22.6201775806	30.6955763085	31.7395729143	5.969
60	0	0	2	1495	93	22.6201775806	30.7726247598	31.8166213657	7.244
61	0	0	1	894	55	23.5151042817	29.5936870471	30.6789875038	5.559
61	0	0	2	2236	139	23.5151042817	29.4301595345	30.5154599911	8.473
62	0	0	1	1284	80	20.8953157456	33.7103899294	34.6747784113	9.008
62	0	0	2	2632	164	20.8953157456	29.2058282762	30.1702167581	4.788
63	0	0	1	413	25	23.9882097968	29.209086107	30.3162219604	8.74
63	0	0	2	1760	110	23.9882097968	30.1300572735	31.2371931269	9.654
64	0	0	1	1244	77	21.4732425479	30.5756695076	31.5667312381	10
64	0	0	2	2594	162	21.4732425479	30.1987001454	31.1897618759	20.536
66	0	0	1	1248	78	21.9252834627	27.7372794474	28.7492043731	7.811
66	0	0	2	2599	162	21.9252834627	31.4699778029	32.4819027286	16.126
67	0	0	1	535	33	21.4846679682	28.8286995205	29.8202885722	4.725
67	0	0	2	1883	117	21.4846679682	29.0170103252	30.0085993769	7.008
68	0	0	1	1280	80	19.0097625136	15.9599315459	16.8372954601	13.748
68	0	0	2	2630	164	19.0097625136	19.4102282444	20.2875921586	15.37
69	0	0	1	1061	66	22.6828473168	27.7156745991	28.7625636222	22.803
69	0	0	2	2408	150	22.6828473168	29.1460224429	30.1929114661	16.914
70	0	0	1	1061	66	25.677633327	26.5117975418	27.6969059232	25.653
70	0	0	2	2407	150	25.677633327	27.8767865991	29.0618949806	14.441
70	1	0	1	1062	66	25.677633327	31.2132531628	32.3983615443	6.189
70	1	0	2	2410	150	25.677633327	29.4900402468	30.6751486283	10.788
71	0	0	1	879	54	25.4291974881	34.1166081771	35.2902504164	8.834
71	0	0	2	2222	138	25.4291974881	32.3810113256	33.5546535648	9.811
72	0	0	1	903	56	26.3938682013	27.9159215975	29.1340866061	16.33
72	0	0	2	2246	140	26.3938682013	30.3400432932	31.5582083018	8.882
73	0	0	1	1237	77	22.1694698057	30.8853169163	31.9085118558	13.339
73	0	0	2	2585	161	22.1694698057	30.0342826147	31.0574775542	8.346
74	0	0	1	443	27	22.1584829818	28.1891894439	29.2118773049	4.315
74	0	0	2	1790	111	22.1584829818	28.6250157621	29.647703623	12.284
75	0	0	1	1220	76	18.5567433649	30.5390808234	31.3955363937	8.032
75	0	0	2	2569	160	18.5567433649	26.8665970793	27.7230526496	10.441
76	0	0	1	516	32	21.1351904995	32.1704253316	33.1458848331	5.937
76	0	0	2	1865	116	21.1351904995	29.7178620463	30.6933215478	11.638
77	0	0	1	490	30	19.257327334	31.2308397668	32.1196296228	7.527
77	0	0	2	1834	114	19.257327334	31.082302321	31.9710921771	12.456
78	0	0	1	597	37	20.042355056	28.2038737622	29.1288952647	7.276
78	0	0	2	1947	121	20.042355056	29.2902463727	30.2152678752	9.307
79	0	0	1	1062	66	24.6137833352	29.4828028628	30.6188110205	4.725
79	0	0	2	2411	150	24.6137833352	31.8492093185	32.9852174762	9.811
80	0	0	1	1256	78	13.7887639088	29.5856258538	30.2220232768	7.071
80	0	0	2	2604	162	13.7887639088	28.5907931573	29.2271905803	15.685
81	0	0	1	524	32	20.2680851502	32.6761848421	33.611624541	5.433
81	0	0	2	1872	117	20.2680851502	30.1306047814	31.0660444803	4.283
82	0	0	1	431	26	23.1068129774	29.7700430873	30.8364995391	9.685
82	0	0	2	1779	111	23.1068129774	30.533200445	31.5996568967	12.189
83	0	0	1	1270	79	21.9368871486	28.5648901601	29.5773506346	5.181
83	0	0	2	2619	163	21.9368871486	28.5562135133	29.5686739879	10.551
84	0	0	1	1246	77	21.0139198186	28.7304652858	29.700327741	10.914
84	0	0	2	2594	162	21.0139198186	29.2821647609	30.2520272162	12.189
85	0	0	1	1081	67	20.3289937022	30.5176653274	31.455916159	5.811
85	0	0	2	2429	151	20.3289937022	29.219236354	30.1574871857	8.74
86	0	0	1	1276	79	19.1400469814	37.0884541269	37.9718311037	6.095
86	0	0	2	2602	162	19.1400469814	51.2421418533	52.1255188301	5.433
87	0	0	1	917	57	26.6531116249	33.7789530916	35.0090830485	4.41
87	0	0	2	2260	141	26.6531116249	31.2473443907	32.4774743476	6.771
88	0	0	1	1236	77	23.2239448008	29.4420580062	30.5139204821	6.094
88	0	0	2	2586	161	23.2239448008	30.2444708041	31.3163332801	10.599
89	0	0	1	737	46	25.4850089434	28.8961674371	30.0723855611	7.906
89	0	0	2	2078	129	25.4850089434	28.5829315064	29.7591496304	7.417
90	0	0	1	1265	79	26.8423908561	30.007568637	31.2464344614	6.472
90	0	0	2	2615	163	26.8423908561	29.5843065142	30.8231723387	9.37
91	0	0	1	437	27	21.8530051316	30.7814033238	31.7899923636	4.677
91	0	0	2	1783	111	21.8530051316	28.9179475281	29.9265365678	5.874
92	0	0	1	1081	67	26.2356575396	27.0227224904	28.2335855495	8.567
92	0	0	2	2427	151	26.2356575396	27.2786730484	28.4895361076	14.252
94	0	0	1	1245	77	19.975523261	31.2891366751	32.2110736674	10.094
94	0	0	2	2596	162	19.975523261	31.6031369508	32.5250739432	23.244
95	0	0	1	513	32	16.3255505051	33.5320435561	34.2855221376	4.662
95	0	0	2	1861	116	16.3255505051	36.4166515403	37.1701301218	12.504
96	0	0	1	415	25	20.2623862155	31.5665302623	32.5017069364	8.535
96	0	0	2	1763	110	20.2623862155	32.2431068004	33.1782834745	14.882
97	0	0	1	1275	79	23.65104113	33.0683129866	34.159887382	4.756
97	0	0	2	2619	163	23.65104113	30.3009754296	31.3925498249	17.087
97	1	0	1	1270	79	23.65104113	27.955499748	29.0470741434	22.378
97	1	0	2	2620	163	23.65104113	30.2057042376	31.297278633	11.78
98	0	0	1	520	32	20.5394898963	25.2912911354	26.2392570681	10.346
98	0	0	2	1865	116	20.5394898963	26.3059583733	27.253924306	15.811
99	0	0	1	510	31	21.3986478537	29.2605586894	30.248177626	7.386
99	0	0	2	1859	116	21.3986478537	30.4207669075	31.4083858442	5.937
100	0	0	1	431	26	23.2218226379	32.4651712458	33.5369357769	9.622
100	0	0	2	1783	111	23.2218226379	28.8930143521	29.9647788832	4.63
101	0	0	1	430	26	21.3848761808	26.6844581886	27.6714415167	16.158
101	0	0	2	1777	111	21.3848761808	25.8504295034	26.8374128314	13.968
102	0	0	1	1026	64	26.2181242185	28.2739429588	29.4839967968	14.252
102	0	0	2	2372	148	26.2181242185	22.7596337581	23.9696875961	10.221
103	0	0	1	1230	76	20.0641040806	14.7226738885	15.648699181	15.716
103	0	0	2	2579	161	20.0641040806	15.8495685803	16.7755938728	13.874
104	0	0	1	529	33	20.4222712595	31.0558735705	31.9984294724	8.315
104	0	0	2	1878	117	20.4222712595	28.9027151533	29.8452710552	5.355
106	0	0	1	600	37	15.7553108165	29.9787524625	30.7059125814	4.662
106	0	0	2	1950	121	15.7553108165	28.2676194718	28.9947795907	6.126
107	0	0	1	473	29	21.9424572299	32.1036778444	33.1163953968	23.37
107	0	0	2	1818	113	21.9424572299	32.2146538211	33.2273713734	7.244
108	0	0	1	558	34	23.3731863531	29.4043660144	30.4831164855	6.189
108	0	0	2	1908	119	23.3731863531	29.175108503	30.2538589741	10.882
109	0	0	1	1269	79	24.261813472	31.4720460194	32.5918095946	5.937
109	0	0	2	2617	163	24.261813472	32.9586836283	34.0784472034	8.031
110	0	0	1	1275	79	18.7694179198	30.0925142931	30.9587855031	12
110	0	0	2	2624	164	18.7694179198	31.9815077541	32.8477789641	10.157
111	0	0	1	1218	76	23.0007815058	33.0991759379	34.1607386838	7.779
111	0	0	2	2568	160	23.0007815058	31.5029114802	32.5644742261	10.693
112	0	0	1	1271	79	21.9674286142	19.7726083564	20.7864784214	5.748
112	0	0	2	2628	164	21.9674286142	20.8144853505	21.8283554155	11.433
113	0	0	1	187	11	22.2807736745	31.9465858659	32.9749178501	6.599
113	0	0	2	1531	95	22.2807736745	32.1072864771	33.1356184612	10.976
114	0	0	1	1245	77	11.8477358491	31.2177743177	31.7645868248	10.725
114	0	0	2	2594	162	11.8477358491	29.7638757052	30.3106882123	13.181
115	0	0	1	809	50	27.0899610112	32.0821049673	33.3323969797	6.661
115	0	0	2	2151	134	27.0899610112	29.9344999435	31.1847919559	4.157
116	0	0	1	1034	64	21.0467130671	21.7632761031	22.7346520761	5.323
116	0	0	2	2385	149	21.0467130671	30.4493164539	31.4206924269	5.843
117	0	0	1	737	46	22.5557269598	29.2147768428	30.2557988376	13.654
117	0	0	2	2077	129	22.5557269598	30.5151768016	31.5561987965	17.591
118	0	0	1	1246	77	22.9949200845	30.0140664118	31.0753586336	8.74
118	0	0	2	2594	162	22.9949200845	31.7640057532	32.825297975	5.465
119	0	0	1	1210	75	21.3883335271	29.5472720438	30.53441494	9.905
119	0	0	2	2561	160	21.3883335271	28.0579876027	29.0451304989	9.575
120	0	0	1	917	57	25.4808947506	29.5082042344	30.6842324747	19.055
120	0	0	2	2261	141	25.4808947506	29.4240869873	30.6001152276	5.842
121	0	0	1	551	34	19.3296887409	28.4750343825	29.3671639587	8.063
121	0	0	2	1899	118	19.3296887409	28.7457565479	29.6378861241	14.378
122	0	0	1	550	34	21.1170565748	27.6961731573	28.6707957177	16.693
122	0	0	2	1897	118	21.1170565748	27.4757859885	28.4504085489	20.977
123	0	0	1	1245	77	20.3653347568	32.0546434346	32.9945715271	7.339
123	0	0	2	2594	162	20.3653347568	31.4221733553	32.3621014477	10.347
124	0	0	1	1064	66	24.6263869565	26.6562665075	27.7928563644	6.582
124	0	0	2	2412	150	24.6263869565	28.8302579001	29.966847757	8.882
125	0	0	1	1033	64	17.7897462275	24.8455404431	25.6665965385	14.315
125	0	0	2	2375	148	17.7897462275	37.9114940999	38.7325501952	9.275
126	0	0	1	521	32	22.0629589353	27.7937752338	28.8120543415	7.244
126	0	0	2	1869	116	22.0629589353	29.6991605627	30.7174396705	6.221
127	0	0	1	467	29	19.2743346144	31.012565522	31.9021403207	5.464
127	0	0	2	1814	113	19.2743346144	32.3318661171	33.2214409158	5.874
128	0	0	1	1268	79	23.9465393939	30.9878183554	32.0930309808	8.914
128	0	0	2	2618	163	23.9465393939	30.5722437463	31.6774563717	9.134
129	0	0	1	266	16	24.0134351036	33.5660170792	34.6743171645	11.811
129	0	0	2	1610	100	24.0134351036	31.5403332056	32.648633291	9.716
130	0	0	1	1244	77	24.885155377	30.2628995739	31.411432456	10.803
130	0	0	2	2587	161	24.885155377	28.2709643668	29.4194972489	4.126
130	1	0	1	1243	77	24.885155377	30.9539464524	32.1024793345	12.74
130	1	0	2	2594	162	24.885155377	27.5075566743	28.6560895564	15.748
131	0	0	1	809	50	21.1356935735	30.7588979643	31.7343806844	9.748
131	0	0	2	2153	134	21.1356935735	29.7036004534	30.6790831734	8.929
131	1	0	1	810	50	21.1356935735	27.4045447192	28.3800274392	8.22
131	1	0	2	2152	134	21.1356935735	27.9430484869	28.9185312069	16.819
131	2	0	1	802	50	21.1356935735	29.9614365114	30.9369192314	11.37
131	2	0	2	2151	134	21.1356935735	26.1718182825	27.1473010025	11.118
132	0	0	1	378	23	26.9449325467	25.714349805	26.9579482703	11.653
132	0	0	2	1723	107	26.9449325467	26.3870715455	27.6306700108	13.465
133	0	0	1	528	33	14.7050952546	27.6471206337	28.3258098032	12.126
133	0	0	2	1876	117	14.7050952546	29.7191853951	30.3978745645	10.425
134	0	0	1	934	58	25.8652945737	32.6849578394	33.878727413	6.582
134	0	0	2	2277	142	25.8652945737	33.8083150543	35.0020846279	6.473
135	0	0	1	1275	79	17.5204659876	30.4030613303	31.2116892449	9.717
135	0	0	2	2624	164	17.5204659876	33.1757316231	33.9843595377	13.496
136	0	0	1	741	46	26.7089196436	29.1358554562	30.3685611392	13.906
136	0	0	2	2079	129	26.7089196436	29.3998066821	30.6325123651	13.307
137	0	0	1	917	57	27.502180983	28.9855080534	30.2548253918	17.275
137	0	0	2	2260	141	27.502180983	29.0734830694	30.3428004078	12.599
139	0	0	1	591	36	18.8927999771	31.6666229696	32.5385886729	8.063
139	0	0	2	1941	121	18.8927999771	33.1890884809	34.0610541842	7.134
140	0	0	1	490	30	17.1970662737	32.5535280711	33.3472300108	4.394
140	0	0	2	1834	114	17.1970662737	31.1514117994	31.9451137391	6.614
141	0	0	1	530	33	16.9075553712	31.9348990519	32.7152390983	8.189
141	0	0	2	1879	117	16.9075553712	28.821564964	29.6019050104	7.276
142	0	0	1	470	29	20.882900859	31.4172108725	32.381026366	8.094
142	0	0	2	1817	113	20.882900859	30.1825991785	31.1464146721	11.512
143	0	0	1	1006	62	21.8527497558	34.4946461698	35.5032234232	6.221
143	0	0	2	2353	147	21.8527497558	30.6441793498	31.6527566031	5.717
145	0	0	1	488	30	22.5982005494	31.9476717524	32.990654045	6.63
145	0	0	2	1833	114	22.5982005494	32.6004072249	33.6433895175	8.567
146	0	0	1	548	34	17.0066282626	31.9034385538	32.6883511444	9.591
146	0	0	2	1895	118	17.0066282626	30.1333393449	30.9182519355	12.756
147	0	0	1	585	36	22.9754304253	28.895365035	29.955757744	7.969
147	0	0	2	1936	121	22.9754304253	30.4616654006	31.5220581096	11.15
148	0	0	1	254	15	24.2312279342	31.3973327916	32.5156847422	13.843
148	0	0	2	1598	99	24.2312279342	28.8977360286	30.0160879792	5.937
149	0	0	1	1244	77	19.3320875086	31.0360668373	31.9283071246	8.662
149	0	0	2	2596	162	19.3320875086	33.1177232632	34.0099635505	20.409
150	0	0	1	1248	78	20.3121139294	30.671305431	31.6087772048	7.008
150	0	0	2	2598	162	20.3121139294	33.2655760274	34.2030478013	15.291
151	0	0	1	467	29	17.0367594411	32.5629981624	33.3493014073	6
151	0	0	2	1814	113	17.0367594411	31.4637812306	32.2500844755	11.496
152	0	0	1	1056	66	24.3804419203	30.2164959394	31.3417346129	9.843
152	0	0	2	2402	150	24.3804419203	29.7187193453	30.8439580188	17.811
153	0	0	1	1107	69	24.3325244786	32.3834876039	33.5065147277	5.622
153	0	0	2	2454	153	24.3325244786	30.5770952945	31.7001224183	4.157
154	0	0	1	808	50	24.9174979083	28.7053414126	29.8553670104	16.85
154	0	0	2	2150	134	24.9174979083	28.0912621601	29.2412877578	15.843
155	0	0	1	1064	66	25.871229124	29.9112525619	31.1052960348	5.811
155	0	0	2	2412	150	25.871229124	30.6935314426	31.8875749155	12.378
156	0	0	1	902	56	28.0476329524	29.806247337	31.1007391022	21.197
156	0	0	2	2244	140	28.0476329524	27.8822018172	29.1766935824	5.528
157	0	0	1	491	30	24.2375835815	31.1668723647	32.2855176496	18.346
157	0	0	2	1838	114	24.2375835815	30.3777166089	31.4963618938	5.496
158	0	0	1	1254	78	22.4797702265	29.4507801907	30.4882965291	4.63
158	0	0	2	2601	162	22.4797702265	28.7202239594	29.7577402978	18.252
159	0	0	1	869	54	27.8228267407	33.4212036281	34.7053198372	15.937
159	0	0	2	2211	138	27.8228267407	26.9842270106	28.2683432197	15.622
160	0	0	1	149	9	21.2083016187	31.3968405285	32.3756743519	5.685
160	0	0	2	1485	92	21.2083016187	30.2521021027	31.230935926	12.456
161	0	0	1	349	21	24.1298653277	31.6357204703	32.7493941986	12.157
161	0	0	2	1694	105	24.1298653277	30.6723064097	31.7859801381	14.283
162	0	0	1	263	16	24.6156433077	32.1493162498	33.2854102514	9.748
162	0	0	2	1607	100	24.6156433077	30.4381671195	31.5742611211	4.283
163	0	0	1	1269	79	22.8241909091	31.02272646	32.0761389612	15.04
163	0	0	2	2619	163	22.8241909091	29.8441865449	30.8975990461	6.914
165	0	0	1	1223	76	15.7079337723	25.503775704	26.2287492143	4.834
165	0	0	2	2565	160	15.7079337723	14.3371530408	15.0621265511	14.645
166	0	0	1	521	32	20.7467336551	29.3495363552	30.3070672783	6.708
166	0	0	2	1869	116	20.7467336551	28.4507968136	29.4083277367	8.598
167	0	0	1	1234	77	20.913199897	30.2240728284	31.1892867236	9.843
167	0	0	2	2583	161	20.913199897	30.4819622864	31.4471761815	11.26
168	0	0	1	281	17	26.7688281817	30.458748689	31.6942193508	17.528
168	0	0	2	1624	101	26.7688281817	32.0461647053	33.2816353671	9.874
169	0	0	1	1270	79	22.8656774235	29.7259596825	30.7812869246	8.961
169	0	0	2	2619	163	22.8656774235	29.1122577665	30.1675850086	16.283
170	0	0	1	481	30	24.6065249131	31.8555041314	32.9911772887	24.346
170	0	0	2	1826	114	24.6065249131	28.6752114595	29.8108846168	9.622
171	0	0	1	583	36	20.8109540613	30.422796196	31.3832911049	12.283
171	0	0	2	1931	120	20.8109540613	29.0759842755	30.0364791844	8.031
172	0	0	1	1244	77	21.6620894058	30.2087753891	31.2085530316	5.842
172	0	0	2	2597	162	21.6620894058	27.2966303279	28.2964079705	18.347
173	0	0	1	1084	67	27.0216654151	33.4149375835	34.6620775265	8.032
173	0	0	2	2431	151	27.0216654151	32.9794372351	34.2265771781	9.717
174	0	0	1	1214	75	23.074908797	28.410730206	29.4757141735	12.252
174	0	0	2	2566	160	23.074908797	29.0093133744	30.0742973419	14.284
175	0	0	1	430	26	23.3572560982	31.1837713164	32.2617865531	11.78
175	0	0	2	1775	110	23.3572560982	29.4332667576	30.5112819943	4.378
176	0	0	1	469	29	19.8188800684	30.4434668475	31.3581742343	7.338
176	0	0	2	1816	113	19.8188800684	29.8429694198	30.7576768066	11.181
177	0	0	1	430	26	23.7795380618	31.2654846126	32.3629895697	5.496
177	0	0	2	1776	111	23.7795380618	29.4804935284	30.5779984855	9.874
178	0	0	1	1268	79	23.5081809657	30.6569765996	31.7419575221	7.197
178	0	0	2	2616	163	23.5081809657	33.6217559995	34.706736922	8.63
179	0	0	1	1255	78	13.8005660377	31.7104029683	32.3473450989	10.441
179	0	0	2	2601	162	13.8005660377	32.2400953218	32.8770374524	6.819
180	0	0	1	1238	77	20.5149337501	12.0860003272	13.0328329119	8.725
180	0	0	2	2586	161	20.5149337501	12.2562351793	13.203067764	7.276
181	0	0	1	1253	78	22.9551167746	30.2877116122	31.3471667785	8.693
181	0	0	2	2598	162	22.9551167746	31.4758970575	32.5353522238	6.567
182	0	0	1	1270	79	23.2670905098	30.6587610448	31.732614839	12.441
182	0	0	2	2619	163	23.2670905098	29.6433444818	30.717198276	10.866
183	0	0	1	535	33	17.9700613862	29.4420491647	30.2714274058	16.677
183	0	0	2	1883	117	17.9700613862	29.522526985	30.3519052261	11.842
184	0	0	1	1243	77	18.0290269858	29.6904010046	30.5225007047	6.094
184	0	0	2	2593	162	18.0290269858	29.1897598183	30.0218595184	14.756
185	0	0	1	259	16	20.305289206	27.6630337812	28.6001905712	8.315
185	0	0	2	1602	100	20.305289206	28.0111479495	28.9483047396	6.095
186	0	0	1	1063	66	22.7043941506	32.2627246583	33.3106081397	5.023
186	0	0	2	2411	150	22.7043941506	30.8263902496	31.874273731	17.874
187	0	0	1	198	12	26.714870694	28.8418011096	30.0747814534	8.157
187	0	0	2	1541	96	26.714870694	29.9348584124	31.1678387562	12.22
188	0	0	1	141	8	28.6891804205	31.5756220971	32.8997234168	12.378
188	0	0	2	1481	92	28.6891804205	29.5354344966	30.8595358162	17.433
189	0	0	1	489	30	22.4525158056	30.7370402898	31.7732987458	9.228
189	0	0	2	1834	114	22.4525158056	30.8276337929	31.8638922489	15.244
190	0	0	1	903	56	27.6157914091	25.3410678726	26.615628711	19.26
190	0	0	2	2245	140	27.6157914091	29.9907164176	31.2652772559	9.15
191	0	0	1	469	29	19.0986281386	31.6120956092	32.4935609683	9.465
191	0	0	2	1815	113	19.0986281386	31.0615971857	31.9430625447	4.347
192	0	0	1	1227	76	23.0510212598	29.1209941021	30.1848755801	11.055
192	0	0	2	2579	161	23.0510212598	31.7740674062	32.8379488842	8.095
193	0	0	1	1064	66	22.7187277306	13.890229019	14.9387740429	23.559
193	0	0	2	2410	150	22.7187277306	20.0803116988	21.1288567227	14.425
194	0	0	1	597	37	18.4802923077	32.6096551949	33.462582294	11.244
194	0	0	2	1947	121	18.4802923077	31.6366954493	32.4896225484	15.843
195	0	0	1	471	29	19.59789861	30.9698042959	31.8743126517	7.874
195	0	0	2	1816	113	19.59789861	30.1143262237	31.0188345795	12.645
196	0	0	1	293	18	22.3819145775	26.9672642549	28.0002642289	12.945
196	0	0	2	1637	102	22.3819145775	27.0831034269	28.1161034009	13.559
197	0	0	1	456	28	23.3569913949	29.787139374	30.8651423938	7.307
197	0	0	2	1801	112	23.3569913949	31.4580685393	32.5360715591	9.433
198	0	0	1	376	23	18.6877406467	30.7543370301	31.6168385617	7.622
198	0	0	2	1722	107	18.6877406467	27.885416098	28.7479176295	5.292
199	0	0	1	1279	79	17.3649239367	27.176188214	27.9776373444	5.402
199	0	0	2	2629	164	17.3649239367	27.840637883	28.6420870134	9.528
200	0	0	1	413	25	24.4839598584	27.646236068	28.7762524394	8.094
200	0	0	2	1760	110	24.4839598584	31.4940924428	32.6241088142	9.842
201	0	0	1	474	29	19.7276151694	32.2782657998	33.1887610073	13.197
201	0	0	2	1818	113	19.7276151694	33.1993184174	34.1098136248	8.551
202	0	0	1	528	33	21.0944327463	30.5009379521	31.4745163474	9.181
202	0	0	2	1878	117	21.0944327463	31.4550073059	32.4285857012	6.693
203	0	0	1	452	28	20.9468213478	31.3052188417	32.2719844788	14
203	0	0	2	1797	112	20.9468213478	32.4570530658	33.4238187029	9.559
204	0	0	1	1269	79	21.1563338623	29.4554192004	30.4318545386	12.582
204	0	0	2	2619	163	21.1563338623	29.5115715792	30.4880069174	11.779
205	0	0	1	1056	66	26.5664100215	30.8594414684	32.0855698572	5.086
205	0	0	2	2401	150	26.5664100215	32.4018461764	33.6279745652	17.15
206	0	0	1	1238	77	20.1289179294	29.3228238458	30.2518405135	8
206	0	0	2	2586	161	20.1289179294	29.81370067	30.7427173377	9.087
207	0	0	1	1273	79	23.6566519794	25.2359278899	26.3277612446	5.276
207	0	0	2	2622	163	23.6566519794	29.2395003702	30.331333725	10.094
208	0	0	1	1064	66	21.0900994761	30.7764281175	31.7498065179	5.717
208	0	0	2	2413	150	21.0900994761	30.5385888291	31.5119672295	12.441
209	0	0	1	816	51	24.0237970108	26.8989850918	28.0077634138	8.599
209	0	0	2	2161	135	24.0237970108	28.6536552278	29.7624335497	11.323
210	0	0	1	1042	65	22.3462917798	34.4701601148	35.501515978	14.945
210	0	0	2	2388	149	22.3462917798	33.3633895331	34.3947453962	9.842
211	0	0	1	1064	66	20.8171460881	27.8922583208	28.8530390125	9.874
211	0	0	2	2413	150	20.8171460881	27.8945714938	28.8553521854	15.811
212	0	0	1	138	8	25.0246542054	28.8047680987	29.9597393169	8.252
212	0	0	2	1479	92	25.0246542054	28.1152318214	29.2702030395	15.465
213	0	0	1	935	58	21.3103110772	29.8051722852	30.7887141851	21.937
213	0	0	2	2278	142	21.3103110772	31.5925687926	32.5761106925	7.433
214	0	0	1	1022	63	25.3856050531	40.9235817586	42.0952120617	21.969
214	0	0	2	2363	147	25.3856050531	31.5667742512	32.7384045542	7.717
215	0	0	1	583	36	22.8989416678	30.8377560886	31.8946185865	10.614
215	0	0	2	1933	120	22.8989416678	30.8369565575	31.8938190554	8.929
216	0	0	1	1093	68	23.2759245765	31.1206707692	32.1949322851	5.496
216	0	0	2	2441	152	23.2759245765	31.0196596701	32.093921186	6.63
217	0	0	1	1245	77	21.6431092798	28.999320483	29.9982221294	8.473
217	0	0	2	2597	162	21.6431092798	29.5649999041	30.5639015506	24.157
218	0	0	1	1081	67	27.970685269	31.3454894388	32.6364298119	8.33
218	0	0	2	2427	151	27.970685269	29.9959257587	31.2868661317	6.189
219	0	0	1	413	25	21.3271898835	30.0338842652	31.0182051784	8.157
219	0	0	2	1763	110	21.3271898835	30.4623808173	31.4467017304	15.685
220	0	0	1	598	37	25.4754722152	31.0921055074	32.2678834796	5.37
220	0	0	2	1947	121	25.4754722152	32.4763323011	33.6521102733	9.527
221	0	0	1	602	37	18.7931219993	29.2377318998	30.1050971321	10.992
221	0	0	2	1946	121	18.7931219993	26.476667056	27.3440322883	4.977
222	0	0	1	413	25	23.0629109528	28.1746249226	29.2390551496	7.622
222	0	0	2	1760	110	23.0629109528	28.1712355002	29.2356657272	8.126
223	0	0	1	437	27	22.7610909168	28.3640317369	29.414531963	15.244
223	0	0	2	1783	111	22.7610909168	28.6526420292	29.7031422554	13.528
224	0	0	1	586	36	21.8266820505	31.6977960273	32.7051701691	9.748
224	0	0	2	1940	121	21.8266820505	28.3228372436	29.3302113854	5.843
225	0	0	1	266	16	22.1552749935	30.509091029	31.5316308306	7.149
225	0	0	2	1610	100	22.1552749935	27.7338252266	28.7563650282	14.22
226	0	0	1	491	30	18.2465640009	30.3453929001	31.1875326587	7.528
226	0	0	2	1838	114	18.2465640009	31.3166494772	32.1587892358	7.102
228	0	0	1	1090	68	22.5249937963	28.2258629687	29.2654665256	4.473
228	0	0	2	2437	152	22.5249937963	30.1747194515	31.2143230085	6.693
229	0	0	1	487	30	17.476706603	28.978068467	29.7846767401	12.614
229	0	0	2	1832	114	17.476706603	35.07076042	35.8773686931	8.913
230	0	0	1	1284	80	15.4563107807	36.9798355672	37.6931958375	7.418
230	0	0	2	2634	164	15.4563107807	34.3946568138	35.1080170842	11.591
231	0	0	1	545	34	17.4852032484	35.7616866635	36.5686870851	4.536
231	0	0	2	1894	118	17.4852032484	31.5497245337	32.3567249553	8.598
232	0	0	1	485	30	25.284520292	25.5218403213	26.6888052256	9.716
232	0	0	2	1828	114	25.284520292	28.2229609872	29.3899258915	5.417
235	0	0	1	833	52	26.2542788072	31.2308264088	32.4425489016	13.339
235	0	0	2	2175	135	26.2542788072	31.7463739476	32.9580964404	12.094
236	0	0	1	492	30	20.21709386	27.8170237646	28.7501100455	13.339
236	0	0	2	1838	114	20.21709386	25.4155481683	26.3486344492	16.567
237	0	0	1	580	36	24.7529720088	34.0619968082	35.2044289872	10.221
237	0	0	2	1929	120	24.7529720088	33.3391638648	34.4815960439	10.85
237	1	0	1	581	36	24.7529720088	35.7347170206	36.8771491996	11.59
237	1	0	2	1928	120	24.7529720088	32.0653122485	33.2077444275	7.26
238	0	0	1	1256	78	21.5516276836	32.0495746884	33.0442541543	6.898
238	0	0	2	2602	162	21.5516276836	30.811425814	31.8061052798	7.212
239	0	0	1	1026	64	28.0915902339	30.9112087277	32.207729268	12.095
239	0	0	2	2375	148	28.0915902339	29.9682765314	31.2647970717	12.866
240	0	0	1	1244	77	20.1822382239	30.9602326357	31.8917102127	12.945
240	0	0	2	2594	162	20.1822382239	30.6093272794	31.5408048565	20.473
241	0	0	1	521	32	21.7756347114	32.4237263368	33.4287444737	12.346
241	0	0	2	1866	116	21.7756347114	34.4113828289	35.4164009659	6.582
242	0	0	1	1236	77	22.6086848332	29.200590752	30.2440569293	8.898
242	0	0	2	2586	161	22.6086848332	30.4951074951	31.5385736724	16
243	0	0	1	1284	80	19.6398277511	32.1936772035	33.100120729	5.086
243	0	0	2	2634	164	19.6398277511	27.8075631587	28.7140066841	18.441
244	0	0	1	1009	63	28.0923140107	18.2867398672	19.5832938122	7.276
244	0	0	2	2349	146	28.0923140107	30.6933979125	31.9899518575	14.662
245	0	0	1	490	30	23.0036645972	30.3897379992	31.4514338093	12.583
245	0	0	2	1834	114	23.0036645972	27.962707557	29.0244033671	4.157
246	0	0	1	1065	66	24.7529446396	30.0596987462	31.202129662	7.244
246	0	0	2	2411	150	24.7529446396	29.957697131	31.1001280468	9.118
247	0	0	1	1056	66	21.3882533717	31.4369219983	32.424061195	5.969
247	0	0	2	2401	150	21.3882533717	32.2585924308	33.2457316275	13.622
248	0	0	1	431	26	23.533467783	30.2861108262	31.3722588196	11.008
248	0	0	2	1777	111	23.533467783	29.9789677761	31.0651157695	5.15
249	0	0	1	1234	77	24.9300045005	32.4448626148	33.5954654335	4.945
249	0	0	2	2585	161	24.9300045005	31.2208994853	32.371502304	11.276
250	0	0	1	1094	68	23.761517622	29.7203883115	30.8170615652	9.937
250	0	0	2	2442	152	23.761517622	29.0698510147	30.1665242684	11.055
251	0	0	1	594	37	26.6289553444	26.2945728622	27.5235879263	11.937
251	0	0	2	1946	121	26.6289553444	29.5702901338	30.7993051979	8.221
252	0	0	1	309	19	21.6663602118	29.2906093919	30.2905841464	16
252	0	0	2	1653	103	21.6663602118	29.0559396721	30.0559144266	15.559
253	0	0	1	538	33	23.1814066128	26.1794713701	27.2493705668	8.488
253	0	0	2	1888	118	23.1814066128	28.6650532953	29.7349524921	13.622
254	0	0	1	488	30	18.9664092248	27.0034344887	27.8787975041	11.969
254	0	0	2	1833	114	18.9664092248	27.3067314308	28.1820944462	16.032
255	0	0	1	438	27	23.4481765721	28.9274117053	30.009623225	6.614
255	0	0	2	1783	111	23.4481765721	29.9720356739	31.0542471936	9.905
256	0	0	1	488	30	18.3250802846	32.443909207	33.2896727538	10.882
256	0	0	2	1834	114	18.3250802846	29.1504700998	29.9962336466	11.654
257	0	0	1	486	30	22.8357234462	32.0965460972	33.1504908634	12.504
257	0	0	2	1831	114	22.8357234462	30.4680094552	31.5219542214	11.701
258	0	0	1	1237	77	19.9619511086	29.9038563654	30.8251669577	10.977
258	0	0	2	2586	161	19.9619511086	30.7319816306	31.6532922228	10.961
259	0	0	1	490	30	23.8255888889	31.1630707642	32.2627011206	11.15
259	0	0	2	1835	114	23.8255888889	33.2739906106	34.3736209669	10.032
260	0	0	1	530	33	20.597237748	26.5433103002	27.4939414888	6.157
260	0	0	2	1879	117	20.597237748	26.1330301838	27.0836613724	11.134
261	0	0	1	541	33	18.8266844804	33.7604889708	34.6294032234	4.063
261	0	0	2	1890	118	18.8266844804	33.8811816699	34.7500959226	11.433
262	0	0	1	458	28	20.6240136592	27.9064275578	28.858294544	9.086
262	0	0	2	1803	112	20.6240136592	29.7919594042	30.7438263904	8.126
263	0	0	1	490	30	16.8311651303	30.5415153289	31.318329711	13.433
263	0	0	2	1835	114	16.8311651303	29.9894022317	30.7662166137	15.842
264	0	0	1	1233	77	20.4276988276	25.8156440967	26.758450499	6.473
264	0	0	2	2583	161	20.4276988276	26.4732640355	27.4160704377	4.126
266	0	0	1	1271	79	23.5677728303	27.9834146563	29.0711459421	12.346
266	0	0	2	2619	163	23.5677728303	29.6638209249	30.7515522107	12.52
267	0	0	1	548	34	12.4122870255	32.8029807846	33.3758492106	14.158
267	0	0	2	1895	118	12.4122870255	32.9291636156	33.5020320416	15.276
268	0	0	1	1243	77	19.0826019625	30.1014319083	30.9821576059	5.716
268	0	0	2	2593	162	19.0826019625	32.2968802226	33.1776059203	12.158
269	0	0	1	487	30	24.27906743	30.5805203741	31.7010802769	14.126
269	0	0	2	1832	114	24.27906743	31.1728503658	32.2934102686	11.528
270	0	0	1	209	13	23.4252843566	35.6321896411	36.7133446088	6.378
270	0	0	2	1553	97	23.4252843566	34.1152193869	35.1963743545	7.276
271	0	0	1	1251	78	20.4606202251	29.778008074	30.7223339085	4.725
271	0	0	2	2603	162	20.4606202251	31.34138867	32.2857145045	13.433
272	0	0	1	1275	79	22.3761308689	29.1494617225	30.182194759	9.527
272	0	0	2	2625	164	22.3761308689	30.4859562517	31.5186892883	11.023
273	0	0	1	217	13	25.5291934687	34.6137401473	35.7919975344	4.708
273	0	0	2	1560	97	25.5291934687	33.612409221	34.7906666082	5.842
274	0	0	1	551	34	20.2366894737	30.0358361505	30.9698268342	5.213
274	0	0	2	1895	118	20.2366894737	31.7760494928	32.7100401766	8.992
275	0	0	1	1275	79	24.6191525309	32.5675817742	33.7038377382	8.41
275	0	0	2	2624	164	24.6191525309	32.2523025439	33.3885585078	17.118
276	0	0	1	489	30	20.568114177	32.4138423406	33.3631293793	8.378
276	0	0	2	1834	114	20.568114177	27.9997303649	28.9490174036	12.52
277	0	0	1	1253	78	23.7977416102	29.9645339694	31.062879081	5.339
277	0	0	2	2600	162	23.7977416102	29.1746756028	30.2730207144	10.725
278	0	0	1	521	32	20.1073253498	29.6276803886	30.5557004868	9.244
278	0	0	2	1867	116	20.1073253498	28.8839281702	29.8119482684	14.819
279	0	0	1	1269	79	13.8898828707	31.2735402791	31.9146046793	15.338
279	0	0	2	2617	163	13.8898828707	29.0750935785	29.7161579788	4.567
281	0	0	1	1218	76	20.1873084839	31.8941571858	32.8258687723	5.559
281	0	0	2	2567	160	20.1873084839	32.1662217905	33.097933377	8.409
282	0	0	1	531	33	22.5825906423	10.9689422501	12.0112040935	12.803
282	0	0	2	1879	117	22.5825906423	8.79330623935	9.83556808273	13.449
283	0	0	1	488	30	15.8753097455	27.9750978722	28.7077963417	10.504
283	0	0	2	1834	114	15.8753097455	27.8451431181	28.5778415875	8.315
284	0	0	1	949	59	26.308145827	35.2683662444	36.4825748797	4.283
284	0	0	2	2293	143	26.308145827	32.1706719562	33.3848805915	8.063
285	0	0	1	159	9	24.059794741	28.2652196605	29.3756593977	8
285	0	0	2	1499	93	24.059794741	30.2603170096	31.3707567468	14.473
286	0	0	1	211	13	25.1009161559	24.7603875214	25.9188784828	11.433
286	0	0	2	1555	97	25.1009161559	25.9853982678	27.1438892292	11.496
287	0	0	1	481	30	22.0006472912	27.3861034618	28.4015066794	26.709
287	0	0	2	1826	114	22.0006472912	25.3981231225	26.4135263401	4.677
288	0	0	1	585	36	27.6669247389	30.2504939329	31.5274147449	14.504
288	0	0	2	1928	120	27.6669247389	27.4405872578	28.7175080697	4.772
289	0	0	1	246	15	21.2755862072	27.7907880826	28.772727314	7.937
289	0	0	2	1588	99	21.2755862072	28.3523430497	29.3342822811	6.866
290	0	0	1	458	28	24.173567596	28.3571313868	29.4728221205	6.929
290	0	0	2	1806	112	24.173567596	26.414076248	27.5297669818	9.779
291	0	0	1	1268	79	23.0584650266	32.2491574826	33.3133825153	7.748
291	0	0	2	2618	163	23.0584650266	31.5050685908	32.5692936235	8.788
292	0	0	1	1246	77	21.6866874327	31.3987829797	32.3996959032	10.834
292	0	0	2	2596	162	21.6866874327	31.8124786149	32.8133915385	26.819
293	0	0	1	1217	76	18.4900241439	30.1183720759	30.9717483317	14.756
293	0	0	2	2566	160	18.4900241439	30.8636423055	31.7170185613	12.598
294	0	0	1	210	13	28.7558736234	28.5842789623	29.9114583956	10
294	0	0	2	1553	97	28.7558736234	26.8093378058	28.1365172391	17.575
295	0	0	1	557	34	25.3779088707	27.9393575721	29.1106326707	14.031
295	0	0	2	1907	119	25.3779088707	28.9459847238	30.1172598224	4.157
296	0	0	1	433	27	19.3452536356	27.8045156745	28.6973636225	7.134
296	0	0	2	1780	111	19.3452536356	27.7747730223	28.6676209702	10.599
297	0	0	1	1254	78	23.385507019	28.572277676	29.6515967869	5.134
297	0	0	2	2601	162	23.385507019	28.0919163899	29.1712355008	7.969
298	0	0	1	545	34	23.3556576344	30.3910463527	31.468987815	5.433
298	0	0	2	1892	118	23.3556576344	31.4744031552	32.5523446175	9.638
299	0	0	1	1104	69	20.1999200631	28.7246364149	29.6569300677	4.788
299	0	0	2	2454	153	20.1999200631	32.594900666	33.5271943189	7.842
300	0	0	1	430	26	23.0968340096	30.5776699901	31.6436658792	6.488
300	0	0	2	1776	111	23.0968340096	29.3613515979	30.427347487	9.134
301	0	0	1	1236	77	24.2064413036	24.8218224084	25.9390303733	6
301	0	0	2	2585	161	24.2064413036	23.835642378	24.952850343	8.914
302	0	0	1	531	33	16.6140038686	32.8136102336	33.5804018995	8.252
302	0	0	2	1880	117	16.6140038686	29.4355650157	30.2023566816	15.26
303	0	0	1	1248	78	13.9420249596	29.4854020951	30.1288730265	7.874
303	0	0	2	2598	162	13.9420249596	28.2834190977	28.9268900292	10.095
304	0	0	1	1251	78	22.8577059276	31.2521423172	32.3071016481	6.063
304	0	0	2	2601	162	22.8577059276	29.2371482623	30.2921075933	19.103
305	0	0	1	504	31	22.5456075921	28.9952826428	30.0358375951	13.37
305	0	0	2	1852	115	22.5456075921	28.1570125352	29.1975674876	9.843
306	0	0	1	1268	79	20.5203519805	30.0853790464	31.0324617005	11.575
306	0	0	2	2617	163	20.5203519805	29.8289924702	30.7760751243	10.882
307	0	0	1	600	37	18.2035626724	30.8234738404	31.6636289443	16.63
307	0	0	2	1950	121	18.2035626724	28.4058627146	29.2460178185	14.63
308	0	0	1	538	33	24.9398978438	32.0416539958	33.1927134252	5.607
308	0	0	2	1889	118	24.9398978438	29.7191497384	30.8702091679	19.212
309	0	0	1	1255	78	22.1870127158	32.2055235068	33.2295281101	4.834
309	0	0	2	2597	162	22.1870127158	31.1339443009	32.1579489042	16.158
310	0	0	1	551	34	18.7335822624	29.0866953914	29.9513126663	9.213
310	0	0	2	1899	118	18.7335822624	31.5578613268	32.4224786017	11.055
311	0	0	1	455	28	22.3135526662	25.2387141173	26.2685589612	24.709
311	0	0	2	1800	112	22.3135526662	25.3362510771	26.366095921	13.134
312	0	0	1	429	26	21.3559834448	28.8180937061	29.8037435381	10.473
312	0	0	2	1776	111	21.3559834448	30.8247539573	31.8104037893	11.37
313	0	0	1	600	37	19.7967490356	31.0231112523	31.9367972182	9.37
313	0	0	2	1948	121	19.7967490356	32.7985681007	33.7122540666	8.346
314	0	0	1	1224	76	17.7744901147	26.2007044054	27.0210563803	14.976
314	0	0	2	2575	160	17.7744901147	25.2354249329	26.0557769078	15.118
315	0	0	1	998	62	23.4448846693	32.3235077909	33.4055673784	4
315	0	0	2	2343	146	23.4448846693	32.1572786887	33.2393382762	4.536
316	0	0	1	432	27	21.1377653135	25.8623418382	26.8379201759	6.614
316	0	0	2	1781	111	21.1377653135	27.2107178745	28.1862962123	8.85
317	0	0	1	583	36	22.5872014839	28.7176081187	29.7600827678	5.37
317	0	0	2	1932	120	22.5872014839	28.6760191171	29.7184937662	5.843
318	0	0	1	432	27	22.8420246352	28.4445931389	29.4988287259	11.008
318	0	0	2	1779	111	22.8420246352	29.87439893	30.928634517	9.654
319	0	0	1	1243	77	20.3070851848	29.8815623111	30.8188019916	8.74
319	0	0	2	2590	161	20.3070851848	28.6670419893	29.6042816698	6.819
320	0	0	1	473	29	17.9280925716	29.5533159887	30.3807572291	9.906
320	0	0	2	1818	113	17.9280925716	31.2982461741	32.1256874145	8.535
321	0	0	1	431	26	23.0221477879	30.1839787178	31.2465275888	5.748
321	0	0	2	1777	111	23.0221477879	27.700703746	28.7632526171	10.158
322	0	0	1	476	29	19.4125719794	32.6270131251	33.522968039	13.559
322	0	0	2	1824	114	19.4125719794	28.763719813	29.6596747269	6.913
323	0	0	1	489	30	23.6521595728	27.6460066183	28.7376326335	9.386
323	0	0	2	1833	114	23.6521595728	28.847262656	29.9388886713	10.835
324	0	0	1	490	30	25.3415696343	26.5489506644	27.7185485861	13.811
324	0	0	2	1833	114	25.3415696343	24.4171088296	25.5867067513	5.071
325	0	0	1	153	9	24.0738945935	29.8684943126	30.979584805	5.622
325	0	0	2	1495	93	24.0738945935	29.9325078731	31.0435983655	9.401
326	0	0	1	489	30	24.3812093458	27.8012358756	28.9265099684	4.315
326	0	0	2	1834	114	24.3812093458	30.5825008778	31.7077749705	13.181
327	0	0	1	1217	76	22.2937028199	30.9459263438	31.9748550511	5.464
327	0	0	2	2566	160	22.2937028199	31.2916408263	32.3205695336	13.937
328	0	0	1	1044	65	24.4357045715	27.3825507608	28.5103399899	10.771
328	0	0	2	2397	149	24.4357045715	30.6012642915	31.7290535205	13.905
329	0	0	1	741	46	25.7664547506	28.7103830698	29.899590856	4.914
329	0	0	2	2079	129	25.7664547506	28.7844550606	29.9736628469	11.134
330	0	0	1	528	33	21.8188826877	28.6175571117	29.6245712869	15.937
330	0	0	2	1876	117	21.8188826877	29.5403614652	30.5473756404	10.536
331	0	0	1	1269	79	24.9569061826	30.188263877	31.340108298	10.41
331	0	0	2	2619	163	24.9569061826	29.9296781582	31.0815225792	9.811
332	0	0	1	440	27	19.9117978992	31.3249502471	32.2439461015	4.677
332	0	0	2	1787	111	19.9117978992	30.0378306468	30.9568265013	10.74
333	0	0	1	488	30	23.0650030302	27.9823916508	29.0469184342	11.26
333	0	0	2	1832	114	23.0650030302	34.9516404753	36.0161672586	12.394
334	0	0	1	1253	78	21.3502241329	29.4571560214	30.442540042	11.622
334	0	0	2	2601	162	21.3502241329	28.0086089253	28.9939929459	24.41
335	0	0	1	879	54	22.2168055607	29.5605810405	30.5859606829	7.591
335	0	0	2	2222	138	22.2168055607	29.8773360501	30.9027156926	16.992
336	0	0	1	1022	63	23.5082470424	34.1627661894	35.2477501615	9.103
336	0	0	2	2368	148	23.5082470424	30.5814042647	31.6663882369	19.228
337	0	0	1	488	30	20.256564669	32.6538291543	33.5887371446	10.095
337	0	0	2	1834	114	20.256564669	30.8205378705	31.7554458607	8.189
338	0	0	1	586	36	19.1323480267	30.5632820083	31.4463036526	6.22
338	0	0	2	1936	121	19.1323480267	30.6083871426	31.491408787	8.41
339	0	0	1	1265	79	21.9931240912	32.1763303454	33.1913863423	11.244
339	0	0	2	2615	163	21.9931240912	31.9635755902	32.9786315871	12.74
340	0	0	1	1033	64	26.415002246	36.1318872824	37.3510276977	29.937
340	0	0	2	2376	148	26.415002246	32.3411903653	33.5603307806	13.37
341	0	0	1	564	35	24.489273273	34.406385189	35.5366467923	4.961
341	0	0	2	1912	119	24.489273273	37.4377906614	38.5680522646	8.189
342	0	0	1	1248	78	23.0276069093	28.0838668219	29.1466676495	7.748
342	0	0	2	2596	162	23.0276069093	26.6227114016	27.6855122293	18.96
343	0	0	1	521	32	16.5607425137	28.4150103204	29.1793437971	8.787
343	0	0	2	1867	116	16.5607425137	28.9958104086	29.7601438854	10.536
344	0	0	1	1240	77	20.8530290357	28.3348134905	29.2972502998	4.126
344	0	0	2	2589	161	20.8530290357	28.4556990649	29.4181358742	6.347
345	0	0	1	457	28	24.9182028426	29.1456531433	30.2957112761	4.819
345	0	0	2	1802	112	24.9182028426	30.1782344777	31.3282926106	7.464
346	0	0	1	897	56	26.3850369379	36.3905448108	37.6083022272	5.15
346	0	0	2	2264	141	26.3850369379	33.6070579178	34.8248153342	12
347	0	0	1	1238	77	19.2352741966	29.2514446835	30.1392167138	7.874
347	0	0	2	2585	161	19.2352741966	30.5913307184	31.4791027487	4.693
348	0	0	1	1103	68	25.8407347042	33.3495743186	34.5422103724	10.693
348	0	0	2	2452	153	25.8407347042	35.6052907923	36.797926846	4.473
349	0	0	1	242	15	21.1426508041	32.6994510428	33.6752548622	7.055
349	0	0	2	1586	99	21.1426508041	28.8200913495	29.7958951689	11.481
350	0	0	1	1263	78	25.1267666667	29.7324297789	30.8921138276	4.094
350	0	0	2	2614	163	25.1267666667	30.5075368468	31.6672208954	12.158
351	0	0	1	545	34	23.3781928267	29.1808647222	30.2598462587	16.945
351	0	0	2	1893	118	23.3781928267	30.1729026344	31.251884171	14.992
352	0	0	1	1042	65	21.9935061511	30.1510615912	31.1661352214	18.74
352	0	0	2	2389	149	21.9935061511	30.2390548902	31.2541285204	10.473
353	0	0	1	1000	62	17.3172154173	23.1551537974	23.9544010206	24.063
353	0	0	2	2338	146	17.3172154173	25.7072638905	26.5065111137	4.031
354	0	0	1	490	30	20.9505165243	29.1144538719	30.0813900538	14.914
354	0	0	2	1835	114	20.9505165243	28.8011299447	29.7680661265	11.511
355	0	0	1	1248	78	22.5484038751	28.6075629137	29.6482469238	5.906
355	0	0	2	2598	162	22.5484038751	28.8395590487	29.8802430588	15.779
355	1	0	1	1246	77	22.5484038751	31.4123812774	32.4530652875	13.622
355	1	0	2	2600	162	22.5484038751	28.3078867314	29.3485707415	15.906
356	0	0	1	1241	77	20.2534927568	29.8777719122	30.8125381235	13.685
356	0	0	2	2590	161	20.2534927568	33.6480558734	34.5828220847	11.606
357	0	0	1	1059	66	22.1370787827	31.3123547887	32.3340547746	6.866
357	0	0	2	2404	150	22.1370787827	30.7773317727	31.7990317585	9.102
358	0	0	1	587	36	22.912233332	32.2120358422	33.2695117946	11.008
358	0	0	2	1958	122	22.912233332	28.6366797532	29.6941557057	19.59
359	0	0	1	603	37	20.4259986828	32.7626513861	33.7053793209	12.85
359	0	0	2	1952	122	20.4259986828	32.1248287266	33.0675566615	6.583
360	0	0	1	876	54	22.9026387671	29.5091217321	30.5661548634	11.937
360	0	0	2	2218	138	22.9026387671	26.9929428767	28.049976008	17.37
361	0	0	1	430	26	22.9319381792	29.8191445344	30.8775299313	14.126
361	0	0	2	1776	111	22.9319381792	30.0303191528	31.0887045497	10.756
362	0	0	1	918	57	29.8178070243	27.4778860043	28.8540772043	14.772
362	0	0	2	2260	141	29.8178070243	32.7507869792	34.1269781792	7.465
363	0	0	1	273	17	23.0254554945	26.1578139865	27.2205155192	10.283
363	0	0	2	1614	100	23.0254554945	26.9075125878	27.9702141205	15.811
364	0	0	1	1062	66	23.8058853269	30.3624481705	31.4611691418	5.512
364	0	0	2	2408	150	23.8058853269	30.0110713423	31.1097923136	11.307
365	0	0	1	1255	78	17.0449239778	30.7006176935	31.487297759	5.433
365	0	0	2	2603	162	17.0449239778	30.8133729146	31.6000529801	15.244
366	0	0	1	1042	65	28.6962463251	20.2734047199	21.5978321546	10.315
366	0	0	2	2400	150	28.6962463251	31.5350195176	32.8594469523	13.039
367	0	0	1	809	50	28.3386105492	31.1192006886	32.4271220399	5.212
367	0	0	2	2161	135	28.3386105492	36.3057216252	37.6136429765	12.031
368	0	0	1	452	28	23.4414073561	28.5732334284	29.6551325262	25.023
368	0	0	2	1797	112	23.4414073561	30.7614770674	31.8433761653	12.157
369	0	0	1	440	27	22.8301599945	29.2087767563	30.2624647507	4.582
369	0	0	2	1787	111	22.8301599945	30.2794943782	31.3331823725	7.244
370	0	0	1	1268	79	21.1660593723	31.6353427232	32.6122269261	10.032
370	0	0	2	2618	163	21.1660593723	30.5939156946	31.5707998974	7.244
371	0	0	1	444	27	25.3482195034	30.5683734878	31.7382783231	9.811
371	0	0	2	1791	111	25.3482195034	32.0127183042	33.1826231395	7.023
372	0	0	1	1026	64	20.7971064817	34.5282221292	35.4880779261	9.779
372	0	0	2	2373	148	20.7971064817	39.654894216	40.614750013	5.622
373	0	0	1	1264	79	20.7808684014	30.0151062195	30.974212575	14.22
373	0	0	2	2613	163	20.7808684014	30.4140899163	31.3731962717	5.087
374	0	0	1	490	30	20.0259810965	30.5385335064	31.462799296	11.748
374	0	0	2	1834	114	20.0259810965	31.1655132614	32.0897790511	10.441
375	0	0	1	1220	76	18.6352476869	29.4571088772	30.3171876837	12.315
375	0	0	2	2571	160	18.6352476869	31.5381574585	32.398236265	10.74
376	0	0	1	1064	66	26.1826302811	30.8032768178	32.0116924922	5.528
376	0	0	2	2413	150	26.1826302811	30.6210514087	31.8294670831	12.913
377	0	0	1	516	32	21.1884569101	31.2734844982	32.2514024221	4.252
377	0	0	2	1864	116	21.1884569101	32.6791729867	33.6570909106	5.968
378	0	0	1	951	59	26.3830045832	29.9559384722	31.1736020887	12.708
378	0	0	2	2293	143	26.3830045832	28.3625131479	29.5801767643	6.709
379	0	0	1	549	34	21.9419924956	27.2545309969	28.2672271002	16.284
379	0	0	2	1897	118	21.9419924956	28.4354571879	29.4481532912	12.063
380	0	0	1	582	36	11.8509068658	25.0275440855	25.5745029456	6.803
380	0	0	2	1931	120	11.8509068658	23.8631474509	24.410106311	12.583
381	0	0	1	1009	63	24.4358726549	36.083696091	37.2114930776	27.197
381	0	0	2	2364	147	24.4358726549	32.6148635524	33.7426605391	11.685
382	0	0	1	1229	76	19.1519293713	30.8224849453	31.706410334	9.055
382	0	0	2	2579	161	19.1519293713	28.826879846	29.7108052347	16.347
383	0	0	1	1246	77	21.3108805844	28.2271260092	29.2106941938	5.968
383	0	0	2	2597	162	21.3108805844	28.8374453282	29.8210135128	16.976
384	0	0	1	488	30	18.3511606366	30.2921118717	31.1390791137	8.126
384	0	0	2	1834	114	18.3511606366	30.5244562083	31.3714234503	17.59
385	0	0	1	879	54	22.1881299592	29.3211317	30.3451878678	13.244
385	0	0	2	2220	138	22.1881299592	30.128123467	31.1521796348	7.181
386	0	0	1	1269	79	22.8160259259	29.3195201617	30.3725558216	9.212
386	0	0	2	2618	163	22.8160259259	30.16252938	31.2155650399	11.559
387	0	0	1	932	58	25.6225751141	28.3568839808	29.5394512421	14.315
387	0	0	2	2277	142	25.6225751141	28.9196601148	30.1022273761	13.118
388	0	0	1	430	26	19.162895988	29.2715032001	30.1559347347	10.661
388	0	0	2	1776	111	19.162895988	28.7967584566	29.6811899912	6.094
389	0	0	1	430	26	22.6031853936	29.6871537604	30.7303661202	5.118
389	0	0	2	1776	111	22.6031853936	32.5028227035	33.5460350633	7.811
390	0	0	1	1250	78	23.2186094802	29.0033764814	30.0749927145	12.252
390	0	0	2	2598	162	23.2186094802	28.8814058077	29.9530220408	15.071
391	0	0	1	1224	76	20.4780789682	30.8272517576	31.7723833712	6
391	0	0	2	2575	160	20.4780789682	28.1895355479	29.1346671616	9.559
392	0	0	1	328	20	22.4800159579	26.2714185238	27.3089462035	9.496
392	0	0	2	1671	104	22.4800159579	13.3984782668	14.4360059466	13.779
393	0	0	1	970	60	26.587574453	32.8026136166	34.0297188145	11.59
393	0	0	2	2314	144	26.587574453	29.8386499147	31.0657551126	8.646
394	0	0	1	1236	77	23.5608993673	27.4253423557	28.5127564082	4.504
394	0	0	2	2585	161	23.5608993673	28.6370709758	29.7244850283	10.189
395	0	0	1	1248	78	20.3551811839	31.8117092904	32.7511687616	8.378
395	0	0	2	2598	162	20.3551811839	29.7764463104	30.7159057816	20.095
396	0	0	1	1093	68	23.8760959655	33.9239815249	35.0259429512	10.283
396	0	0	2	2441	152	23.8760959655	31.3121663283	32.4141277546	7.937
397	0	0	1	471	29	16.5795634983	32.115462458	32.880664586	7.559
397	0	0	2	1818	113	16.5795634983	32.6738864714	33.4390885994	4.661
398	0	0	1	1253	78	25.4677057654	31.2382974271	32.4137169517	8.284
398	0	0	2	2602	162	25.4677057654	28.8380868165	30.0135063412	27.307
399	0	0	1	1094	68	23.255025093	28.6027880626	29.6760849976	11.874
399	0	0	2	2442	152	23.255025093	28.2588136036	29.3321105387	12.456
400	0	0	1	169	10	25.1081911457	27.3664669784	28.5252937048	5.465
400	0	0	2	1513	94	25.1081911457	28.0457764524	29.2046031788	22.473
401	0	0	1	1026	64	26.6361936695	26.2111604681	27.440509605	15.213
401	0	0	2	2372	148	26.6361936695	23.4759126347	24.7052617716	10.221
402	0	0	1	557	34	19.435689865	25.532549994	26.4295718754	21.04
402	0	0	2	1907	119	19.435689865	24.2778715367	25.1748934181	15.275
403	0	0	1	1284	80	25.8047322963	29.0790220613	30.2699964839	9.04
403	0	0	2	2634	164	25.8047322963	28.6126505369	29.8036249595	11.15
404	0	0	1	414	25	20.1919857491	30.984452492	31.9163799499	5.748
404	0	0	2	1762	110	20.1919857491	28.5055795473	29.4375070051	6.063
405	0	0	1	439	27	24.6042814031	32.4069321464	33.5425017583	7.244
405	0	0	2	1783	111	24.6042814031	32.8085684276	33.9441380395	11.559
406	0	0	1	1026	64	24.1411872877	28.7065210193	29.8207172938	15.496
406	0	0	2	2372	148	24.1411872877	23.2305161539	24.3447124285	4.882
407	0	0	1	1093	68	21.6855674295	28.1445628552	29.1454240869	9.087
407	0	0	2	2441	152	21.6855674295	28.2323212217	29.2331824533	6.031
408	0	0	1	1251	78	20.9917623097	28.9468111257	29.915650938	12.126
408	0	0	2	2599	162	20.9917623097	28.6211558902	29.5899957026	8.031
409	0	0	1	430	26	20.1305320147	29.6242815588	30.5533727219	10.221
409	0	0	2	1777	111	20.1305320147	27.3443818241	28.2734729873	8.158
410	0	0	1	417	26	20.4692316742	43.509301381	44.4540246626	24.409
410	0	0	2	1779	111	20.4692316742	30.2683176115	31.213040893	10.409
411	0	0	1	456	28	23.4471089078	29.5583375503	30.6404997937	5.874
411	0	0	2	1800	112	23.4471089078	26.3428365751	27.4249988185	15.055
412	0	0	1	452	28	24.7655502286	31.8792732257	33.0222859315	17.811
412	0	0	2	1798	112	24.7655502286	31.7684302993	32.9114430051	8.756
413	0	0	1	472	29	22.2379676747	29.0820962232	30.1084525677	29.937
413	0	0	2	1817	113	22.2379676747	29.0622808127	30.0886371572	8.157
414	0	0	1	541	33	24.4060660303	31.6462816845	32.7727029961	9.134
414	0	0	2	1890	118	24.4060660303	29.7167106453	30.8431319569	6.126
415	0	0	1	1244	77	23.1588346885	27.8602142729	28.9290717001	17.622
415	0	0	2	2596	162	23.1588346885	27.7692801806	28.8381376078	25.229
416	0	0	1	1227	76	25.3543016376	32.4602498486	33.6304353946	10.693
416	0	0	2	2580	161	25.3543016376	30.541091724	31.7112772701	8.252
417	0	0	1	1253	78	19.1181117983	28.8638895873	29.7462541823	6.945
417	0	0	2	2601	162	19.1181117983	25.9134699072	26.7958345022	16.488
418	0	0	1	430	26	23.6225061026	29.7246987656	30.8149561743	11.512
418	0	0	2	1776	111	23.6225061026	31.2118769368	32.3021343455	10.725
419	0	0	1	415	25	20.2658697707	31.8906113686	32.8259488203	7.937
419	0	0	2	1762	110	20.2658697707	33.7359660741	34.6713035259	8.535
420	0	0	1	918	57	30.8442904246	26.7895494747	28.2131163057	22.315
420	0	0	2	2261	141	30.8442904246	28.0243387284	29.4479055593	9.087
421	0	0	1	917	57	30.9594366378	32.5287607472	33.9576419598	8.063
421	0	0	2	2260	141	30.9594366378	29.8409159077	31.2697971203	4.567
422	0	0	1	929	58	23.5642725586	30.4563306921	31.5439004286	5.811
422	0	0	2	2272	142	23.5642725586	30.1147015275	31.202271264	10.284
423	0	0	1	606	37	17.447839695	27.6993439803	28.5046199494	5.969
423	0	0	2	1957	122	17.447839695	27.3321956171	28.1374715862	16.63
424	0	0	1	525	32	19.6762559908	29.3558227038	30.263947514	4.882
424	0	0	2	1873	117	19.6762559908	29.190251921	30.0983767312	10.599
425	0	0	1	528	33	20.7620805451	28.0900253949	29.0482646281	15.134
425	0	0	2	1876	117	20.7620805451	29.0771213839	30.0353606171	9.417
426	0	0	1	587	36	19.3809554256	31.501891076	32.3963867806	9.748
426	0	0	2	1925	120	19.3809554256	30.1734408098	31.0679365144	9.433
427	0	0	1	170	10	25.6894774336	28.3289231638	29.5145781903	4.929
427	0	0	2	1512	94	25.6894774336	28.8651735127	30.0508285392	16.157
428	0	0	1	432	27	17.3716695982	31.7231453002	32.5249057653	11.496
428	0	0	2	1779	111	17.3716695982	29.5145141132	30.3162745783	8.157
429	0	0	1	1240	77	19.7160122734	29.8848672564	30.7948269516	6.85
429	0	0	2	2587	161	19.7160122734	32.4749551081	33.3849148032	12.094
430	0	0	1	903	56	27.4523426266	33.2514996761	34.5185168083	5.905
430	0	0	2	2245	140	27.4523426266	33.6870709864	34.9540881185	14.866
431	0	0	1	1004	62	28.7244700498	31.4014849935	32.7272150472	6.252
431	0	0	2	2351	146	28.7244700498	32.2768280733	33.6025581269	11.04
432	0	0	1	1238	77	21.029171894	28.5860233874	29.5565897768	7.874
432	0	0	2	2586	161	21.029171894	31.091973262	32.0625396514	9.811
433	0	0	1	1095	68	26.4728417859	29.3592067516	30.5810166545	6.693
433	0	0	2	2441	152	26.4728417859	31.7586933419	32.9805032448	7.464
435	0	0	1	433	27	22.3945667039	27.2402264876	28.2738103994	13.086
435	0	0	2	1780	111	22.3945667039	26.2351332059	27.2687171177	19.906
436	0	0	1	1275	79	21.38062018	30.8160063228	31.8027932222	12.708
436	0	0	2	2624	164	21.38062018	33.1262285827	34.1130154822	9.968
437	0	0	1	489	30	24.0936751115	30.5220705029	31.6340739322	11.527
437	0	0	2	1835	114	24.0936751115	33.0609815024	34.1729849316	9.212
438	0	0	1	1243	77	20.2386233464	33.2944581377	34.2285380761	10.567
438	0	0	2	2593	162	20.2386233464	33.9650212885	34.8991012269	12.189
439	0	0	1	1250	78	22.43769718	6.05467316223	7.09024768929	4.599
439	0	0	2	2594	162	22.43769718	5.6799623559	6.71553688296	17.653
439	1	0	1	1248	78	22.43769718	30.8609937743	31.8965683013	7.197
439	1	0	2	2602	162	22.43769718	17.1547412757	18.1903158027	25.464
440	0	0	1	264	16	22.0856439311	27.3299384162	28.3492645121	22.898
440	0	0	2	1606	100	22.0856439311	29.9426154529	30.9619415489	12.929
441	0	0	1	1268	79	19.5513363636	28.8557663762	29.7581257291	7.244
441	0	0	2	2618	163	19.5513363636	27.7778398435	28.6801991964	8.283
442	0	0	1	1217	76	21.6993375054	28.6018489371	29.6033457037	9.685
442	0	0	2	2566	160	21.6993375054	27.9061519404	28.9076487069	17.149
443	0	0	1	490	30	20.7635699941	29.3151968915	30.2735048677	12.945
443	0	0	2	1834	114	20.7635699941	29.6394585182	30.5977664945	7.212
444	0	0	1	1255	78	23.1867268961	29.9769548516	31.0470995972	7.559
444	0	0	2	2603	162	23.1867268961	34.3049194497	35.3750641953	14.409
445	0	0	1	430	26	21.1951172881	29.6806665499	30.6588918725	7.402
445	0	0	2	1775	110	21.1951172881	32.0831089983	33.0613343209	6.157
446	0	0	1	1243	77	19.8004934497	27.7575283617	28.6713871448	7.591
446	0	0	2	2594	162	19.8004934497	28.0955254337	29.0093842168	21.37
447	0	0	1	545	34	16.4509851255	32.4998398675	33.2591076749	12.189
447	0	0	2	1893	118	16.4509851255	34.392771275	35.1520390824	11.212
448	0	0	1	1081	67	19.1362266469	32.2039468901	33.0871475457	8.961
448	0	0	2	2427	151	19.1362266469	33.6784374391	34.5616380947	9.905
449	0	0	1	1233	77	21.962774828	31.6845445071	32.6981997843	10.473
449	0	0	2	2582	161	21.962774828	29.9183397393	30.9319950165	12.22
450	0	0	1	429	26	23.6690271678	29.3754124608	30.4678169717	7.464
450	0	0	2	1776	111	23.6690271678	29.9175435193	31.0099480303	5.433
451	0	0	1	330	20	25.8115842532	30.6946873137	31.885977977	7.716
451	0	0	2	1674	104	25.8115842532	30.3505607101	31.5418513734	13.654
452	0	0	1	603	37	22.6651642412	29.8733381525	30.9194110427	10.74
452	0	0	2	1950	121	22.6651642412	29.029265946	30.0753388363	6.031
453	0	0	1	298	18	24.4822425337	31.7750392989	32.90497641	9.181
453	0	0	2	1642	102	24.4822425337	30.6660824265	31.7960195377	6.536
454	0	0	1	347	21	24.1950234601	28.7937510855	29.9104320789	13.275
454	0	0	2	1691	105	24.1950234601	28.8454546066	29.9621356	10.803
454	1	0	1	346	21	24.1950234601	29.201643027	30.3183240204	8.835
454	1	0	2	1690	105	24.1950234601	28.2156599412	29.3323409346	6.567
455	0	0	1	1081	67	19.9237854268	29.457949394	30.3774985129	6.346
455	0	0	2	2429	151	19.9237854268	31.7871371515	32.7066862704	6.189
456	0	0	1	1245	77	20.8500976313	30.737586467	31.6998879822	6.346
456	0	0	2	2597	162	20.8500976313	30.6832894247	31.6455909399	18.709
457	0	0	1	1264	79	27.6307052558	28.386976812	29.6622259741	11.275
457	0	0	2	2617	163	27.6307052558	26.568731453	27.8439806151	11.779
458	0	0	1	470	29	23.5818790767	27.4810175632	28.5693998992	10.189
458	0	0	2	1815	113	23.5818790767	28.3587240898	29.4471064258	8.661
459	0	0	1	1097	68	24.8806790613	28.2540454734	29.4023717587	11.228
459	0	0	2	2445	152	24.8806790613	27.8128445114	28.9611707966	16.788
460	0	0	1	583	36	17.3603277155	27.830582389	28.6318193885	17.465
460	0	0	2	1931	120	17.3603277155	27.6603299807	28.4615669801	9.748
461	0	0	1	160	10	25.4391049939	30.6941046089	31.8682041125	10.126
461	0	0	2	1502	93	25.4391049939	30.7561963518	31.9302958555	10.897
462	0	0	1	1248	78	22.507557645	29.430007638	30.4688064584	12.582
462	0	0	2	2596	162	22.507557645	29.7824420883	30.8212409088	14.598
463	0	0	1	520	32	18.0986048081	30.8485572781	31.6838682267	8.063
463	0	0	2	1867	116	18.0986048081	30.5078499626	31.3431609112	5.811
464	0	0	1	430	26	22.050680877	29.1485705026	30.166282937	13.779
464	0	0	2	1775	110	22.050680877	28.9206321898	29.9383446242	16.393
465	0	0	1	447	27	24.0974848126	26.727231177	27.8394104366	11.622
465	0	0	2	1793	112	24.0974848126	28.8816280585	29.9938073182	10.708
466	0	0	1	1269	79	21.1755800618	32.3842179172	33.3615415316	12.095
466	0	0	2	2618	163	21.1755800618	29.250971968	30.2282955824	10.315
467	0	0	1	288	18	25.6217307492	33.6618570986	34.8443853898	4.063
467	0	0	2	1631	101	25.6217307492	33.8508865903	35.0334148814	8.583
468	0	0	1	1022	63	25.1902098468	36.1997190572	37.3623312201	18.315
468	0	0	2	2368	148	25.1902098468	31.746279454	32.9088916168	15.685
469	0	0	1	457	28	19.4645530275	29.5890724955	30.4874265081	7.244
469	0	0	2	1802	112	19.4645530275	28.9592414249	29.8575954375	6.252
470	0	0	1	1245	77	21.6410743616	31.2660082416	32.2648159698	9.622
470	0	0	2	2594	162	21.6410743616	31.9560756589	32.9548833871	18.992
471	0	0	1	541	33	19.3701374769	32.1450224615	33.0390188817	7.276
471	0	0	2	1890	118	19.3701374769	28.0573690746	28.9513654948	8.473
472	0	0	1	438	27	20.7647570934	32.8258857663	33.7842485311	16.929
472	0	0	2	1784	111	20.7647570934	31.2728951948	32.2312579596	8.409
473	0	0	1	440	27	20.44855652	27.6497792129	28.5935482672	4.945
473	0	0	2	1785	111	20.44855652	30.2954924678	31.2392615221	12.221
474	0	0	1	1242	77	23.4741247621	31.9638332516	33.0472423667	7.591
474	0	0	2	2593	162	23.4741247621	29.3813152752	30.4647243904	15.496
475	0	0	1	430	26	19.8626825945	31.4950799116	32.411808931	10.22
475	0	0	2	1776	111	19.8626825945	28.31758947	29.2343184894	7.244
476	0	0	1	997	62	22.2677224563	30.6670821994	31.6948118263	8.772
476	0	0	2	2342	146	22.2677224563	31.0457694532	32.0734990801	5.465
477	0	0	1	1061	66	24.0058414076	42.2236790351	43.3316286461	19.59
477	0	0	2	2402	150	24.0058414076	31.3144069148	32.4223565258	8.221
478	0	0	1	1265	79	20.0009118213	29.1586851157	30.0817938747	12.725
478	0	0	2	2616	163	20.0009118213	28.2374555518	29.1605643109	29.874
479	0	0	1	571	35	27.1794655247	26.9220077346	28.1764306787	9.039
479	0	0	2	1921	120	27.1794655247	31.8181799896	33.0726029338	7.244
480	0	0	1	597	37	23.9847602252	28.7957515688	29.902728213	16.929
480	0	0	2	1945	121	23.9847602252	26.1594028072	27.2663794513	6.158
481	0	0	1	899	56	31.2855774959	28.7745111826	30.2184448831	4.992
481	0	0	2	2241	140	31.2855774959	29.85653508	31.3004687804	14.126
482	0	0	1	280	17	24.1166720121	28.788340345	29.9014051579	8.504
482	0	0	2	1624	101	24.1166720121	29.0182102144	30.1312750273	13.716
483	0	0	1	1063	66	23.7207949564	30.4869386161	31.5817323831	4.252
483	0	0	2	2411	150	23.7207949564	29.9346494801	31.0294432471	14.929
484	0	0	1	488	30	20.6001835139	31.1118288922	32.0625960377	6.913
484	0	0	2	1834	114	20.6001835139	29.3571360968	30.3079032424	9.086
485	0	0	1	490	30	20.1862347857	28.7374162468	29.6690782785	10.882
485	0	0	2	1835	114	20.1862347857	28.9662557993	29.897917831	7.653
486	0	0	1	966	60	29.8617619408	30.4339840005	31.8122038664	13.496
486	0	0	2	2311	144	29.8617619408	30.8355382222	32.2137580881	5.685
487	0	0	1	1229	76	22.587935765	33.9233167818	34.9658253204	11.275
487	0	0	2	2579	161	22.587935765	28.7370110511	29.7795195898	8.441
488	0	0	1	259	16	24.490531305	27.9378320475	29.0681517131	10.96
488	0	0	2	1602	100	24.490531305	28.0837076996	29.2140273652	13.103
489	0	0	1	897	56	25.6653526232	18.9786464811	20.1631880672	11.842
489	0	0	2	2224	139	25.6653526232	25.9809525346	27.1654941206	7.071
490	0	0	1	1049	65	20.4660527611	31.2045989068	32.1491754709	27.842
490	0	0	2	2387	149	20.4660527611	28.9232899106	29.8678664747	15.307
491	0	0	1	1097	68	24.6723332308	28.0659899124	29.204700343	12.551
491	0	0	2	2445	152	24.6723332308	28.5132681686	29.6519785992	14.756
493	0	0	1	489	30	22.2397881907	32.8031228585	33.8295632259	6.473
493	0	0	2	1834	114	22.2397881907	29.6644224245	30.6908627919	14.913
494	0	0	1	1277	79	25.3284508106	33.4780886619	34.6470811062	8.095
494	0	0	2	2625	164	25.3284508106	31.7073919197	32.876384364	14.157
495	0	0	1	1220	76	20.3478313343	28.7779242335	29.7170444847	7.465
495	0	0	2	2569	160	20.3478313343	28.0072963433	28.9464165945	12.063
496	0	0	1	470	29	20.5612419895	28.6901400856	29.6391099499	9.071
496	0	0	2	1817	113	20.5612419895	29.2231370336	30.1721068979	6.063
497	0	0	1	514	32	19.8420650266	28.5419292461	29.457706696	8.945
497	0	0	2	1861	116	19.8420650266	28.6707276029	29.5865050528	12.866
499	0	0	1	1248	78	20.8774223808	31.0302195958	31.9937822393	4.819
499	0	0	2	2599	162	20.8774223808	30.3632660926	31.326828736	5.433
500	0	0	1	1248	78	19.4790271307	31.8991652334	32.7981872741	7.496
500	0	0	2	2594	162	19.4790271307	32.3223478683	33.221369909	11.465
501	0	0	1	1096	68	20.03607775	29.3156394622	30.2403712461	7.968
501	0	0	2	2444	152	20.03607775	31.8452278028	32.7699595867	9.165
502	0	0	1	471	29	19.3083712258	29.9854788458	30.8766245476	7.906
502	0	0	2	1817	113	19.3083712258	31.2533389129	32.1444846147	10.032
503	0	0	1	489	30	16.3461906693	28.5147097555	29.2691409493	10.851
503	0	0	2	1835	114	16.3461906693	28.5835938544	29.3380250483	11.008
503	1	0	1	491	30	16.3461906693	30.8067995865	31.5612307803	10.724
503	1	0	2	1838	114	16.3461906693	25.3676722806	26.1221034745	4.347
504	0	0	1	584	36	16.6957650577	27.1174301026	27.8879953199	10
504	0	0	2	1932	120	16.6957650577	29.1328819837	29.903447201	5.464
505	0	0	1	1283	80	18.697438206	26.3639498804	27.2268989866	15.04
505	0	0	2	2629	164	18.697438206	26.6697556478	27.532704754	19.086
506	0	0	1	1229	76	19.8389168882	29.9356897317	30.8513218845	9.37
506	0	0	2	2581	161	19.8389168882	29.8463265339	30.7619586868	15.779
507	0	0	1	997	62	19.7422122166	25.520360328	26.4315292379	4.724
507	0	0	2	2342	146	19.7422122166	25.2141499967	26.1253189066	6.126
508	0	0	1	1063	66	25.1381713457	28.7737230217	29.9339334343	17.779
508	0	0	2	2411	150	25.1381713457	28.5395366648	29.6997470774	17.874
509	0	0	1	538	33	21.8359874618	35.6143011784	36.622104796	4.835
509	0	0	2	1889	118	21.8359874618	31.5739116791	32.5817152967	13.716
510	0	0	1	1280	80	26.780420438	30.7611635706	31.9971692537	13.37
510	0	0	2	2629	164	26.780420438	27.7702850785	29.0062907616	13.212
511	0	0	1	1103	68	25.1680158742	32.6053525782	33.7669404152	7.874
511	0	0	2	2454	153	25.1680158742	28.1987127203	29.3603005574	10.425
512	0	0	1	1063	66	21.546797379	29.021369656	30.0158261872	9.874
512	0	0	2	2411	150	21.546797379	33.7060364413	34.7004929725	20.252
513	0	0	1	1279	79	18.727396452	28.6472716867	29.5116034658	10.851
513	0	0	2	2626	164	18.727396452	30.8203349794	31.6846667586	7.008
514	0	0	1	564	35	22.5942433154	31.0621216616	32.1049213147	7.086
514	0	0	2	1896	118	22.5942433154	16.9280419903	17.9708416434	17.055
515	0	0	1	1270	79	24.0510979409	30.9654611786	32.0754995295	9.78
515	0	0	2	2619	163	24.0510979409	33.2337624746	34.3438008255	10.819
516	0	0	1	430	26	23.2568765453	29.7945171432	30.867899529	13.338
516	0	0	2	1776	111	23.2568765453	28.7904005723	29.8637829581	4.835
517	0	0	1	192	12	27.0409635356	31.2524197247	32.5004503404	13.685
517	0	0	2	1535	95	27.0409635356	30.6635117055	31.9115423211	5.779
518	0	0	1	478	29	28.0122413308	43.5901696549	44.8830279788	6.851
518	0	0	2	1827	114	28.0122413308	41.7573438291	43.050202153	15.26
519	0	0	1	1250	78	20.4931249997	31.0080517273	31.9538777655	5.559
519	0	0	2	2599	162	20.4931249997	33.0584424182	34.0042684564	15.275
520	0	0	1	1287	80	19.038325207	32.578652886	33.4573350638	12.693
520	0	0	2	2638	164	19.038325207	33.9309164058	34.8095985835	4.583
521	0	0	1	330	20	18.5596846945	27.4784561623	28.3350474847	8.645
521	0	0	2	1674	104	18.5596846945	27.9584517131	28.8150430355	5.323
522	0	0	1	1064	66	17.2496650076	30.5939113326	31.3900408792	9.339
522	0	0	2	2410	150	17.2496650076	31.2580713161	32.0542008627	10.221
523	0	0	1	1238	77	20.2227786697	30.3963580652	31.329706719	8.315
523	0	0	2	2586	161	20.2227786697	32.8814370271	33.8147856809	8.252
524	0	0	1	174	10	22.6238156862	28.2476699326	29.2918344491	8.126
524	0	0	2	1515	94	22.6238156862	29.7913216368	30.8354861534	6.063
525	0	0	1	1055	65	23.109527836	33.3679677036	34.4345494551	7.212
525	0	0	2	2393	149	23.109527836	30.4516204975	31.5182022491	5.622
526	0	0	1	458	28	21.0377157389	36.5544855315	37.5254462478	12.803
526	0	0	2	1808	113	21.0377157389	36.1990084874	37.1699692037	4.22
527	0	0	1	1230	76	24.9618836904	29.414402073	30.5664762226	9.843
527	0	0	2	2581	161	24.9618836904	27.4143877521	28.5664619017	12.095
528	0	0	1	467	29	23.2766516353	28.2510447057	29.3253397778	8.031
528	0	0	2	1812	113	23.2766516353	26.7892531702	27.8635482423	5.591
529	0	0	1	1245	77	20.4614741685	30.6514447872	31.595810034	7.559
529	0	0	2	2597	162	20.4614741685	30.2675063458	31.2118715926	17.717
530	0	0	1	538	33	16.5233898398	27.9786550489	28.7412645752	15.842
530	0	0	2	1888	118	16.5233898398	28.5806721496	29.3432816759	17.968
531	0	0	1	473	29	27.8548369218	30.6562695733	31.941863159	5.811
531	0	0	2	1818	113	27.8548369218	28.0910760137	29.3766695994	9.339
532	0	0	1	469	29	21.045599855	32.2361585048	33.2074830993	9.323
532	0	0	2	1817	113	21.045599855	30.8120997632	31.7834243578	7.37
533	0	0	1	1256	78	18.4865355607	28.9496462224	29.8028614685	7.528
533	0	0	2	2604	162	18.4865355607	30.5850212424	31.4382364885	12.126
535	0	0	1	1238	77	22.6383261575	30.1549295879	31.1997638111	4.645
535	0	0	2	2594	162	22.6383261575	38.7227085443	39.7675427675	18.504
536	0	0	1	429	26	21.4376014083	27.641242385	28.630659158	11.15
536	0	0	2	1776	111	21.4376014083	29.1816305672	30.1710473403	10.63
537	0	0	1	280	17	20.1432406193	30.3090404678	31.2387181753	12.882
537	0	0	2	1624	101	20.1432406193	28.4446073874	29.374285095	9.716
538	0	0	1	1214	75	20.7799351139	29.6444590292	30.6035223103	7.181
538	0	0	2	2565	160	20.7799351139	33.0720957026	34.0311589837	4.158
539	0	0	1	1065	66	24.3446942309	27.6749846679	28.7985734663	8.032
539	0	0	2	2412	150	24.3446942309	29.1193096276	30.242898426	13.244
539	1	0	1	1064	66	24.3446942309	30.6371316342	31.7607204326	5.008
539	1	0	2	2413	150	24.3446942309	29.8942372832	31.0178260816	12.756
540	0	0	1	333	20	20.2168112986	30.2687769982	31.2018502379	13.528
540	0	0	2	1678	104	20.2168112986	31.1585263316	32.0915995713	7.244
541	0	0	1	1003	62	23.890865561	29.4079819988	30.5106250912	11.716
541	0	0	2	2347	146	23.890865561	29.4335493352	30.5361924275	15.653
542	0	0	1	488	30	16.0883562219	29.5881975031	30.3307287777	15.087
542	0	0	2	1833	114	16.0883562219	29.8817541315	30.6242854061	9.937
543	0	0	1	1270	79	22.9623222222	29.4404961594	30.5002838812	9.654
543	0	0	2	2619	163	22.9623222222	30.139465412	31.1992531337	13.559
544	0	0	1	1259	78	19.6238548063	29.7475911166	30.6532974374	7.055
544	0	0	2	2609	163	19.6238548063	30.1357239319	31.0414302527	12.803
545	0	0	1	1254	78	25.0587286719	31.6445487916	32.8010926599	10.22
545	0	0	2	2603	162	25.0587286719	31.6443724385	32.8009163068	17.496
546	0	0	1	414	25	19.4995313853	28.8048481089	29.7048164894	8.567
546	0	0	2	1760	110	19.4995313853	28.7768183852	29.6767867656	16.283
547	0	0	1	519	32	16.4978477311	31.5310810268	32.2925116996	7.244
547	0	0	2	1867	116	16.4978477311	29.3493740979	30.1108047708	10.346
548	0	0	1	938	58	25.8210648333	32.2138890147	33.4056172384	14.315
548	0	0	2	2282	142	25.8210648333	33.3626905828	34.5544188064	10.094
549	0	0	1	1253	78	16.6369246292	30.9487485559	31.7165980913	9.969
549	0	0	2	2600	162	16.6369246292	32.0352851061	32.8031346415	11.401
550	0	0	1	1064	66	22.321939025	11.0634555483	12.0936874506	8.771
550	0	0	2	2411	150	22.321939025	17.8058929592	18.8361248615	9.023
551	0	0	1	473	29	22.6741498706	29.9977599888	31.0442475958	16.031
551	0	0	2	1818	113	22.6741498706	31.0707472387	32.1172348457	10.709
552	0	0	1	264	16	22.2388014441	29.8671948517	30.8935896775	13.181
552	0	0	2	1608	100	22.2388014441	31.6839473334	32.7103421592	5.559
553	0	0	1	487	30	19.917583615	27.2990495646	28.2183124492	14.52
553	0	0	2	1832	114	19.917583615	27.3554687388	28.2747316234	11.385
554	0	0	1	530	33	19.2852064059	28.2122318234	29.1023083915	13.874
554	0	0	2	1879	117	19.2852064059	27.1872561898	28.0773327579	5.638
555	0	0	1	1097	68	18.6995918612	30.8048509444	31.667899449	11.937
555	0	0	2	2445	152	18.6995918612	27.2832411999	28.1462897045	4.157
556	0	0	1	379	23	20.9798791114	30.4470705894	31.4153619525	13.307
556	0	0	2	1724	107	20.9798791114	28.517643526	29.4859348891	10.409
557	0	0	1	430	26	21.2629489315	30.6176919088	31.5990478878	5.748
557	0	0	2	1777	111	21.2629489315	30.4095077723	31.3908637514	12.032
558	0	0	1	407	25	19.9763934996	29.9425446009	30.8645217577	7.874
558	0	0	2	1755	109	19.9763934996	29.4175170828	30.3394942396	11.464
559	0	0	1	491	30	21.8944529502	25.309540732	26.3200427268	16.032
559	0	0	2	1835	114	21.8944529502	25.8068754444	26.8173774392	12.031
560	0	0	1	1220	76	20.5097006895	28.3979912333	29.3445822948	10.362
560	0	0	2	2569	160	20.5097006895	32.9918261004	33.9384171619	9.071
561	0	0	1	808	50	21.8776580469	32.0432215041	33.0529483582	7.433
561	0	0	2	2150	134	21.8776580469	31.7172104364	32.7269372904	10.252
562	0	0	1	1269	79	19.4325556679	30.3541407762	31.251018004	8.158
562	0	0	2	2618	163	19.4325556679	31.2562322775	32.1531095053	11.591
563	0	0	1	865	54	17.8561315402	30.7230788472	31.5471988461	10.472
563	0	0	2	2209	138	17.8561315402	30.6306179316	31.4547379304	17.134
564	0	0	1	1009	63	19.1119753623	30.7130550268	31.5951364048	6.252
564	0	0	2	2354	147	19.1119753623	29.7877982663	30.6698796443	5.716
565	0	0	1	808	50	29.0067043888	30.8865142462	32.2252703555	7.402
565	0	0	2	2150	134	29.0067043888	29.0743136573	30.4130697666	11.008
567	0	0	1	168	10	20.9675830114	28.291760006	29.2594838632	11.622
567	0	0	2	1511	94	20.9675830114	27.919520443	28.8872443001	20.441
568	0	0	1	1089	68	21.5813473624	32.9041438257	33.9001949538	6.708
568	0	0	2	2436	152	21.5813473624	30.3822897678	31.3783408959	6.032
569	0	0	1	930	58	26.831399766	29.2492434337	30.4876019828	17.008
569	0	0	2	2273	142	26.831399766	32.8548744538	34.0932330028	9.433
570	0	0	1	1269	79	19.8064712012	30.1290681524	31.0432028286	8
570	0	0	2	2618	163	19.8064712012	31.2441080656	32.1582427418	9.339
571	0	0	1	468	29	17.6989365314	28.212596705	29.0294616301	16.504
571	0	0	2	1814	113	17.6989365314	31.2534686544	32.0703335795	11.244
572	0	0	1	467	29	17.6843303146	30.0173392954	30.8335300949	5.465
572	0	0	2	1814	113	17.6843303146	30.8429168398	31.6591076393	11.969
573	0	0	1	1281	80	19.2954781487	30.4285829444	31.3191335878	11.559
573	0	0	2	2629	164	19.2954781487	29.4068326005	30.2973832438	8.693
574	0	0	1	520	32	21.4778525025	27.667338101	28.6586125963	6.63
574	0	0	2	1866	116	21.4778525025	27.2673991233	28.2586736185	10.221
575	0	0	1	570	35	26.1198080815	25.6794555736	26.8849717941	8.583
575	0	0	2	1921	120	26.1198080815	31.1419988685	32.347515089	6.346
576	0	0	1	1217	76	22.1752719061	32.2512398269	33.2747025527	7.843
576	0	0	2	2566	160	22.1752719061	31.7486161607	32.7720788865	15.874
577	0	0	1	765	47	21.6054590782	34.1318401314	35.1290040955	9.496
577	0	0	2	2106	131	21.6054590782	30.3239974139	31.321161378	12.52
578	0	0	1	965	60	21.0594443851	28.2810105733	29.2529741391	17.275
578	0	0	2	2310	144	21.0594443851	29.0675182069	30.0394817726	7.071
579	0	0	1	1026	64	23.0984925223	34.0880172119	35.1540896469	5.654
579	0	0	2	2375	148	23.0984925223	38.9312316527	39.9973040877	6.63
580	0	0	1	449	28	20.9257298667	30.1890929403	31.1548851353	19.968
580	0	0	2	1796	112	20.9257298667	27.3424519463	28.3082441413	8.708
581	0	0	1	554	34	24.4538909444	29.8763064911	31.0049350819	17.134
581	0	0	2	1901	118	24.4538909444	30.8593981755	31.9880267663	11.653
582	0	0	1	491	30	21.0747520122	32.2305170476	33.2031871114	13.087
582	0	0	2	1837	114	21.0747520122	27.8227354366	28.7954055004	14.567
583	0	0	1	1255	78	19.9808695662	28.8068962715	29.7290800137	10.189
583	0	0	2	2602	162	19.9808695662	27.4171611295	28.3393448716	29.244
584	0	0	1	1250	78	21.4663161852	32.7047918631	33.6955339189	6.126
584	0	0	2	2597	162	21.4663161852	31.4673494819	32.4580915377	21.685
585	0	0	1	561	35	22.5653902923	26.0760078003	27.1174757901	9.37
585	0	0	2	1909	119	22.5653902923	30.4402246788	31.4816926687	6.63
586	0	0	1	411	25	21.1323022074	30.8572110636	31.8325372608	9.244
586	0	0	2	1756	109	21.1323022074	31.3267820863	32.3021082835	7.118
587	0	0	1	1064	66	22.6964107625	31.2220705756	32.269585597	11.622
587	0	0	2	2413	150	22.6964107625	30.4742923883	31.5218074097	13.622
588	0	0	1	1268	79	23.912799491	27.7428482508	28.8465036672	10.41
588	0	0	2	2618	163	23.912799491	27.9709958461	29.0746512625	13.937
589	0	0	1	192	12	26.0130584301	32.3250467713	33.5256361395	7.339
589	0	0	2	1535	95	26.0130584301	32.7703681576	33.9709575258	9.118
590	0	0	1	567	35	27.1573989755	31.8050062105	33.0584107099	8.441
590	0	0	2	1915	119	27.1573989755	34.9167794622	36.1701839615	10.851
591	0	0	1	438	27	23.1543586509	31.2056217694	32.2742726125	6.095
591	0	0	2	1783	111	23.1543586509	30.1523657601	31.2210166032	5.402
592	0	0	1	489	30	22.0152851667	33.1958037054	34.2118825098	7.528
592	0	0	2	1833	114	22.0152851667	28.6643721878	29.6804509923	10.362
593	0	0	1	903	56	21.8441063054	28.9148872345	29.9230655638	15.528
593	0	0	2	2242	140	21.8441063054	28.9780231437	29.986201473	9.874
594	0	0	1	1210	75	18.2427375834	32.9993260224	33.841289179	11.166
594	0	0	2	2561	160	18.2427375834	33.8730208178	34.7149839745	12.504
594	1	0	1	1211	75	18.2427375834	31.6571260206	32.4990891773	12.158
594	1	0	2	2564	160	18.2427375834	33.1234945209	33.9654576775	9.338
595	0	0	1	491	30	18.6473597464	29.4217643973	30.2824022157	14.315
595	0	0	2	1835	114	18.6473597464	32.367620296	33.2282581144	8.567
596	0	0	1	539	33	14.1755547851	31.308118283	31.9623673944	9.086
596	0	0	2	1889	118	14.1755547851	30.6622476007	31.3164967121	13.417
597	0	0	1	1093	68	25.721713528	17.0820575463	18.269200376	5.811
597	0	0	2	2427	151	25.721713528	29.6691364194	30.8562792491	11.685
598	0	0	1	167	10	25.6245216525	27.7979333624	28.980590463	8.283
598	0	0	2	1508	94	25.6245216525	28.3716112667	29.5542683673	12.756
599	0	0	1	936	58	28.5988630797	33.5620996289	34.8820325022	14.977
599	0	0	2	2281	142	28.5988630797	32.062269372	33.3822022453	8.819
600	0	0	1	1275	79	18.8220700828	29.5280463269	30.3967476097	9.811
600	0	0	2	2624	164	18.8220700828	30.0400380962	30.908739379	11.779
601	0	0	1	340	21	23.5837270542	29.5197627044	30.6082303308	5.197
601	0	0	2	1683	105	23.5837270542	29.2919716481	30.3804392744	13.212
602	0	0	1	1258	78	14.0892385252	27.6151069222	28.2653722505	12.992
602	0	0	2	2609	163	14.0892385252	27.2311709001	27.8814362284	18.158
603	0	0	1	471	29	18.9323112984	29.5501083258	30.4238976082	8.772
603	0	0	2	1817	113	18.9323112984	31.289434493	32.1632237754	9.481
604	0	0	1	598	37	22.0671274393	28.6575610402	29.6760325384	9.496
604	0	0	2	1947	121	22.0671274393	27.6803337701	28.6988052682	11.118
605	0	0	1	488	30	26.7455251643	28.3871407735	29.6215359233	13.181
605	0	0	2	1833	114	26.7455251643	27.7363431276	28.9707382774	11.874
606	0	0	1	1243	77	20.1111727803	31.8787398563	32.8069375262	8.96
606	0	0	2	2593	162	20.1111727803	29.9573239099	30.8855215798	13.37
607	0	0	1	1063	66	21.5040314401	30.4791353519	31.4716180925	10.41
607	0	0	2	2410	150	21.5040314401	29.5055166391	30.4979993796	15.229
608	0	0	1	1255	78	19.7085215992	29.0339616103	29.9435755859	7.338
608	0	0	2	2604	162	19.7085215992	30.0267079808	30.9363219564	11.748
609	0	0	1	1062	66	20.8566857817	28.4273333788	29.3899389591	5.465
609	0	0	2	2406	150	20.8566857817	27.891660691	28.8542662713	18.094
610	0	0	1	311	19	20.3253049352	26.2639970471	27.2020776298	5.559
610	0	0	2	1655	103	20.3253049352	28.4663411837	29.4044217665	7.212
611	0	0	1	809	50	24.699145048	32.1574493957	33.297397281	13.433
611	0	0	2	2151	134	24.699145048	30.7756981893	31.9156460747	9.874
612	0	0	1	516	32	23.5569949768	33.9036730385	34.9909068903	10
612	0	0	2	1872	117	23.5569949768	34.1946596742	35.2818935261	10.536
613	0	0	1	341	21	23.7941779947	29.5303046861	30.6284853249	5.937
613	0	0	2	1684	105	23.7941779947	27.1814444509	28.2796250897	5.874
614	0	0	1	1268	79	21.7357754449	31.4802017186	32.4833802176	10.284
614	0	0	2	2615	163	21.7357754449	29.6443772511	30.6475557501	12.788
615	0	0	1	1243	77	22.9072430055	27.9057377064	28.9629833387	9.37
615	0	0	2	2593	162	22.9072430055	27.4290615754	28.4863072077	19.717
616	0	0	1	160	10	22.6584431451	30.3660762169	31.4118389061	8.536
616	0	0	2	1502	93	22.6584431451	29.4033110746	30.4490737639	8.409
617	0	0	1	1245	77	24.3981597295	30.7645687253	31.8906251348	11.039
617	0	0	2	2594	162	24.3981597295	30.2176600215	31.343716431	15.386
618	0	0	1	438	27	22.1691101978	25.1247784517	26.1479567941	8.284
618	0	0	2	1783	111	22.1691101978	26.2719968075	27.29517515	17.716
619	0	0	1	489	30	22.4943177603	28.9920081513	30.0301959069	9.78
619	0	0	2	1834	114	22.4943177603	29.0426441652	30.0808319208	13.386
620	0	0	1	1237	77	24.178624267	26.440729626	27.556653742	7.559
620	0	0	2	2586	161	24.178624267	28.1694379711	29.2853620871	14.473
621	0	0	1	935	58	25.850261262	28.7502240737	29.9432998098	14.645
621	0	0	2	2278	142	25.850261262	30.3655245354	31.5586002715	12.646
622	0	0	1	1275	79	23.8634421985	28.1823432827	29.2837206955	13.622
622	0	0	2	2624	164	23.8634421985	27.690024433	28.7914018458	12.378
623	0	0	1	1001	62	21.8768818658	29.1451301705	30.1548212012	15.811
623	0	0	2	2347	146	21.8768818658	31.3034514889	32.3131425196	13.071
624	0	0	1	529	33	20.7236591871	30.6175112919	31.5739772514	8.189
624	0	0	2	1879	117	20.7236591871	28.8236216164	29.7800875758	10.315
625	0	0	1	488	30	19.6921638608	29.0350406143	29.9438996257	12.788
625	0	0	2	1833	114	19.6921638608	30.8787880144	31.7876470258	10.504
626	0	0	1	1094	68	15.6820183251	32.8527464956	33.5765239216	9.543
626	0	0	2	2441	152	15.6820183251	28.9303799098	29.6541573358	6.898
627	0	0	1	1094	68	23.2298907954	28.626310443	29.6984473464	9.606
627	0	0	2	2441	152	23.2298907954	28.8803265278	29.9524634312	10.913
629	0	0	1	1227	76	20.3124634894	29.9825875865	30.9200754937	6.772
629	0	0	2	2579	161	20.3124634894	30.227052657	31.1645405642	15.779
630	0	0	1	487	30	21.0278775693	28.6428810995	29.6133877515	9.338
630	0	0	2	1832	114	21.0278775693	30.9843261871	31.9548328392	7.685
631	0	0	1	1098	68	21.2945162965	27.5955675356	28.5783804538	5.37
631	0	0	2	2446	152	21.2945162965	29.6473531231	30.6301660413	15.575
632	0	1	1	1250	78	17.8669776297	27.3944465868	28.2190671688	4.756
632	0	1	2	2599	162	17.8669776297	27.35543704	28.1800576221	14.898
633	0	1	1	1221	76	20.4130803347	27.9811875313	28.9233192413	15.402
633	0	1	2	2572	160	20.4130803347	29.5284942805	30.4706259905	11.339
634	0	1	1	428	26	23.2381672622	27.2482493999	28.3207682899	4.567
634	0	1	2	1774	110	23.2381672622	30.4901739929	31.5626928828	10.346
635	0	1	1	1062	66	23.0361433918	32.9115912247	33.9747860395	4.535
635	0	1	2	2410	150	23.0361433918	28.4210395073	29.4842343221	6.535
636	0	1	1	417	26	25.0259539798	28.9858545962	30.1408858032	12.567
636	0	1	2	1748	109	25.0259539798	33.4007583575	34.5557895645	5.213
637	0	1	1	811	50	23.3252847183	28.1418805182	29.2184201691	12.834
637	0	1	2	2154	134	23.3252847183	27.5534386824	28.6299783334	12.598
637	1	1	1	807	50	23.3252847183	32.3333899352	33.4099295861	9.338
637	1	1	2	2153	134	23.3252847183	29.1058512921	30.1823909431	16.252
638	0	1	1	1217	76	20.5077226435	30.1323945719	31.07889434	8.677
638	0	1	2	2566	160	20.5077226435	28.1861010684	29.1326008365	13.622
639	0	1	1	486	30	20.2931339881	31.0583357811	31.9949315674	11.071
639	0	1	2	1830	114	20.2931339881	31.2805431064	32.2171388926	8.126
640	0	1	1	457	28	18.9347810956	14.0194686136	14.8933718854	12.63
640	0	1	2	1801	112	18.9347810956	13.5631661799	14.4370694518	5.527
641	0	1	1	1064	66	27.0255572108	28.945069439	30.1923890014	8.032
641	0	1	2	2413	150	27.0255572108	28.763075171	30.0103947334	8.315
642	0	1	1	430	26	22.4728690833	26.9404232881	27.9776211157	6.835
642	0	1	2	1779	111	22.4728690833	30.5693068241	31.6065046517	10.094
643	0	1	1	547	34	23.7102811531	26.3820121186	27.4763206385	10
643	0	1	2	1894	118	23.7102811531	30.1967494854	31.2910580054	15.527
644	0	1	1	431	26	22.4981044657	31.3712679848	32.4096305095	6.189
644	0	1	2	1777	111	22.4981044657	29.8408995865	30.8792621112	7.811
645	0	1	1	1265	79	27.291791331	29.0120144486	30.2716216032	13.229
645	0	1	2	2617	163	27.291791331	29.3362346121	30.5958417667	14.126
646	0	1	1	1218	76	21.257083386	28.1807751914	29.161860456	5.748
646	0	1	2	2568	160	21.257083386	27.7828087126	28.7638939772	9.843
647	0	1	1	192	12	24.816978199	32.6992381805	33.8446244586	5.59
647	0	1	2	1534	95	24.816978199	28.9767469842	30.1221332623	9.842
648	0	1	1	471	29	21.8698619817	28.7736832354	29.783050275	7.748
648	0	1	2	1817	113	21.8698619817	31.3970791158	32.4064461554	10.977
649	0	1	1	1283	80	27.6384201904	31.0942925793	32.3698978114	9.874
649	0	1	2	2630	164	27.6384201904	32.2100187394	33.4856239715	6.882
650	0	1	1	598	37	15.5518682927	32.8452557181	33.5630262862	4.378
650	0	1	2	1948	121	15.5518682927	37.1078562827	37.8256268508	6.788
651	0	1	1	473	29	19.8215327049	29.9571792842	30.872009099	9.118
651	0	1	2	1818	113	19.8215327049	27.7251389874	28.6399688023	12.772
652	0	1	1	430	26	23.5900057249	31.4218587035	32.5106161115	10.158
652	0	1	2	1776	111	23.5900057249	31.2544122107	32.3431696186	10.252
653	0	1	1	430	26	23.3291829636	29.9273198037	31.0040393717	8.536
653	0	1	2	1776	111	23.3291829636	29.8365133573	30.9132329252	7.275
654	0	1	1	486	30	16.1660859946	30.5796683052	31.3257870679	10.536
654	0	1	2	1831	114	16.1660859946	30.7058960897	31.4520148524	10.315
655	0	1	1	1209	75	16.9554941319	30.5564980229	31.3390506029	5.433
655	0	1	2	2562	160	16.9554941319	32.5563040551	33.338856635	7.024
656	0	1	1	449	28	17.4421705839	29.3833648558	30.1883791765	21.59
656	0	1	2	1793	112	17.4421705839	30.9831817756	31.7881960963	8.094
657	0	1	1	469	29	22.2158109412	30.770273635	31.7956073724	9.59
657	0	1	2	1814	113	22.2158109412	27.4689416418	28.4942753792	6.473
658	0	1	1	133	8	22.9389643062	30.1677277581	31.2264374342	13.969
658	0	1	2	1475	92	22.9389643062	32.4371382451	33.4958479211	11.968
659	0	1	1	1269	79	23.049569539	28.2918079379	29.3556224142	9.653
659	0	1	2	2619	163	23.049569539	28.3948225137	29.45863699	10.977
660	0	1	1	82	5	24.4945449648	35.4105469794	36.5410518888	4.189
660	0	1	2	1422	88	24.4945449648	28.6072059764	29.7377108858	7.023
661	0	1	1	970	60	25.9967297138	34.16669892	35.3665346635	6.032
661	0	1	2	2314	144	25.9967297138	31.308943555	32.5087792985	6.708
662	0	1	1	487	30	19.7313450104	32.2025312928	33.1131986448	11.464
662	0	1	2	1832	114	19.7313450104	32.1945967275	33.1052640795	9.149
663	0	1	1	1255	78	12.3478787879	30.7966906753	31.3665864464	4.157
663	0	1	2	2601	162	12.3478787879	32.1457118685	32.7156076396	11.748
664	0	1	1	1093	68	14.8950128297	26.3372053398	27.0246598385	5.528
664	0	1	2	2441	152	14.8950128297	29.598327348	30.2857818467	9.244
665	0	1	1	486	30	15.5548975251	31.2948023571	32.0127127344	9.024
665	0	1	2	1831	114	15.5548975251	31.6636319452	32.3815423225	7.039
666	0	1	1	473	29	20.349908596	28.4603855652	29.3996016889	14.284
666	0	1	2	1815	113	20.349908596	26.7876546577	27.7268707814	5.544
667	0	1	1	467	29	21.6520901048	30.5109697053	31.5102858468	4.378
667	0	1	2	1814	113	21.6520901048	31.8753291945	32.874645336	9.685
668	0	1	1	486	30	21.6515593785	28.1225259415	29.1218175882	9.748
668	0	1	2	1832	114	21.6515593785	29.2776876497	30.2769792964	6.22
669	0	1	1	1021	63	22.6268060134	24.8776703329	25.921972863	11.591
669	0	1	2	2363	147	22.6268060134	32.7204420648	33.764744595	11.591
671	0	1	1	903	56	25.3025088308	31.8868523477	33.0546474831	18.63
671	0	1	2	2246	140	25.3025088308	33.3632081152	34.5310032506	7.685
672	0	1	1	490	30	24.2524809131	30.9208180569	32.0401509033	10.709
672	0	1	2	1837	114	24.2524809131	28.0179112819	29.1372441283	6.441
673	0	1	1	1022	63	20.5263568885	22.8224859069	23.7698457076	26.693
673	0	1	2	2345	146	20.5263568885	31.9518966642	32.8992564648	13.15
674	0	1	1	1057	66	25.5237183266	30.3621894532	31.5401941442	9.622
674	0	1	2	2402	150	25.5237183266	27.3117258209	28.4897305119	11.653
675	0	1	1	489	30	18.4816468793	30.7523028188	31.6052924359	7.622
675	0	1	2	1834	114	18.4816468793	31.310489358	32.1634789751	8.567
676	0	1	1	430	26	21.7200736842	30.0010670095	31.0035208199	6.819
676	0	1	2	1777	111	21.7200736842	30.7706128991	31.7730667095	7.433
677	0	1	1	485	30	21.0703715911	29.4579365397	30.4304044324	4.96
677	0	1	2	1830	114	21.0703715911	30.7031273203	31.6755952131	5.937
678	0	1	1	919	57	23.9211571677	31.4106483249	32.5146894759	17.181
678	0	1	2	2262	141	23.9211571677	30.3426036995	31.4466448505	6.693
679	0	1	1	602	37	24.0127649405	32.4922450314	33.6005141865	6.756
679	0	1	2	1944	121	24.0127649405	25.0326835893	26.1409527444	5.653
680	0	1	1	509	31	26.0107200824	42.6970513506	43.8975327962	4.189
680	0	1	2	1859	116	26.0107200824	45.2899084192	46.4903898649	15.37
681	0	1	1	490	30	15.7675132858	31.280234054	32.0079573574	10.347
681	0	1	2	1835	114	15.7675132858	31.2770182488	32.0047415523	12.472
682	0	1	1	1269	79	26.1913103111	30.3247696043	31.533585891	10.126
682	0	1	2	2619	163	26.1913103111	28.6876831934	29.8964994801	14.945
683	0	1	1	437	27	22.6326747645	28.5196564966	29.5642298892	10.567
683	0	1	2	1784	111	22.6326747645	28.7471366343	29.7917100269	6.472
684	0	1	1	296	18	21.7310429987	33.2347682134	34.2377282941	7.78
684	0	1	2	1639	102	21.7310429987	30.9670570521	31.9700171329	6.961
685	0	1	1	232	14	26.8242485762	30.186801778	31.4248302758	12.882
685	0	1	2	1576	98	26.8242485762	32.7171800391	33.9552085369	12.74
686	0	1	1	539	33	21.0521152602	31.819805398	32.7914307002	14
686	0	1	2	1893	118	21.0521152602	31.8402569677	32.8118822699	7.937
687	0	1	1	529	33	22.1433333411	30.8339036654	31.85589232	6.567
687	0	1	2	1876	117	22.1433333411	32.0853101858	33.1072988403	7.559
688	0	1	1	1062	66	23.0068297414	31.1320544972	32.1938963893	9.811
688	0	1	2	2410	150	23.0068297414	30.277369059	31.3392109512	14.913
689	0	1	1	1248	78	25.6461822979	28.221166488	29.4048232996	6.032
689	0	1	2	2598	162	25.6461822979	28.0537604858	29.2374172974	16.094
691	0	1	1	545	34	23.866543512	33.6931457361	34.7946662848	13.023
691	0	1	2	1893	118	23.866543512	32.0646043695	33.1661249183	11.811
692	0	1	1	1265	79	25.5252826556	27.7079289752	28.8860058652	18.252
692	0	1	2	2613	163	25.5252826556	28.2738710525	29.4519479426	13.779
692	1	1	1	1264	79	25.5252826556	30.5851091772	31.7631860673	11.212
692	1	1	2	2614	163	25.5252826556	28.5753901577	29.7534670478	14.567
693	0	1	1	274	17	26.5631527316	33.6369801122	34.8629581663	7.527
693	0	1	2	1618	101	26.5631527316	31.9897549443	33.2157329984	9.78
694	0	1	1	1268	79	20.6337698878	29.1512433387	30.1035606073	19.04
694	0	1	2	2616	163	20.6337698878	29.663613226	30.6159304946	15.292
695	0	1	1	449	28	21.7551456165	29.2551239882	30.2591964851	20.252
695	0	1	2	1787	111	21.7551456165	29.5813865301	30.5854590271	6.536
696	0	1	1	1237	77	19.9992070804	31.5675521316	32.4905822111	4.504
696	0	1	2	2586	161	19.9992070804	32.6091306226	33.5321607022	5.338
697	0	1	1	520	32	21.7966826313	28.9693668542	29.9753564228	8.771
697	0	1	2	1867	116	21.7966826313	27.1841958782	28.1901854468	12.504
698	0	1	1	304	19	25.8061426984	26.8045328792	27.9955723966	10.158
698	0	1	2	1649	103	25.8061426984	30.0433472182	31.2343867356	8.347
700	0	1	1	1074	67	20.1034346612	34.9247531807	35.8525937106	9.276
700	0	1	2	2414	150	20.1034346612	37.538593979	38.4664345089	11.307
701	0	1	1	1245	77	20.5569393356	32.4028309033	33.3516021858	6.992
701	0	1	2	2596	162	20.5569393356	30.9895696653	31.9383409478	19.496
702	0	1	1	184	11	26.2165115003	30.7522367777	31.9622161833	5.969
702	0	1	2	1529	95	26.2165115003	30.0310184216	31.2409978272	14.315
703	0	1	1	933	58	26.4357903352	26.3146753521	27.534775207	16.756
703	0	1	2	2276	142	26.4357903352	27.2695382345	28.4896380894	12.914
704	0	1	1	341	21	22.2540429257	27.8579707488	28.8850690198	4.41
704	0	1	2	1684	105	22.2540429257	29.0915896519	30.1186879229	9.04
705	0	1	1	1012	63	24.8427512527	36.4274733376	37.574049128	7.102
705	0	1	2	2353	147	24.8427512527	29.5332248511	30.6798006415	14.551
706	0	1	1	438	27	21.2055540032	30.7404438892	31.7191509009	11.527
706	0	1	2	1783	111	21.2055540032	31.489851071	32.4685580827	10.63
707	0	1	1	1241	77	21.8898877124	32.0919122555	33.1022035494	9.559
707	0	1	2	2594	162	21.8898877124	28.965540636	29.9758319298	11.149
708	0	1	1	1095	68	22.0124153631	30.3655087581	31.3814551115	6.709
708	0	1	2	2441	152	22.0124153631	29.5893723688	30.6053187222	7.969
709	0	1	1	1265	79	19.4115130315	30.2342021236	31.1301081636	10.74
709	0	1	2	2616	163	19.4115130315	30.0548352134	30.9507412534	11.748
710	0	1	1	437	27	19.154418684	28.7098352036	29.5938754824	4
710	0	1	2	1785	111	19.154418684	30.0992481165	30.9832883953	6.378
711	0	1	1	215	13	20.0597278627	26.1400647542	27.0658880696	8.85
711	0	1	2	1558	97	20.0597278627	24.8734347992	25.7992581147	16.582
712	0	1	1	937	58	26.599783176	26.9378884301	28.1655571013	18.252
712	0	1	2	2282	142	26.599783176	28.5550990784	29.7827677496	11.339
712	1	1	1	933	58	26.599783176	26.802259947	28.0299286182	8.851
712	1	1	2	2284	142	26.599783176	28.8275765126	30.0552451838	9.969
713	0	1	1	1009	63	21.09271161	39.4199442353	40.3934431944	8.347
713	0	1	2	2354	147	21.09271161	29.4744441639	30.4479431231	6.771
714	0	1	1	469	29	26.7006637693	36.1318829853	37.3642076322	7.307
714	0	1	2	1814	113	26.7006637693	29.8594268224	31.0917514693	16.976
715	0	1	1	439	27	23.187592354	30.4054127441	31.4755974334	6.63
715	0	1	2	1784	111	23.187592354	30.82343463	31.8936193193	4.882
716	0	1	1	1246	77	18.4863425423	27.078862614	27.9320689516	8.221
716	0	1	2	2593	162	18.4863425423	27.5397425484	28.3929488861	14.504
716	1	1	1	1248	78	18.4863425423	28.4558225898	29.3090289274	6.22
716	1	1	2	2585	161	18.4863425423	30.1003383754	30.953544713	9.559
717	0	1	1	1230	76	23.2705143687	31.4643073038	32.5383191205	8.945
717	0	1	2	2582	161	23.2705143687	30.4346964282	31.5087082449	11.039
718	0	1	1	522	32	22.7238950516	28.9666318555	30.0154153685	11.654
718	0	1	2	1869	116	22.7238950516	27.79083929	28.839622803	4.85
719	0	1	1	1250	78	21.1519954645	30.17713321	31.1533683167	5.968
719	0	1	2	2598	162	21.1519954645	32.1138304962	33.0900656028	20.536
720	0	1	1	488	30	22.9274150126	31.8997597319	32.9579363695	13.244
720	0	1	2	1832	114	22.9274150126	33.5041145174	34.562291155	11.968
721	0	1	1	1268	79	25.9483132494	31.9727004363	33.1703015986	8.158
721	0	1	2	2619	163	25.9483132494	31.8174946752	33.0150958375	11.386
722	0	1	1	1258	78	24.6922862903	27.9054108111	29.0450421419	12.472
722	0	1	2	2599	162	24.6922862903	28.9219340911	30.0615654219	15.937
723	0	1	1	488	30	21.2782695565	31.0816819866	32.0637450636	10.519
723	0	1	2	1833	114	21.2782695565	30.7890121705	31.7710752475	12
724	0	1	1	407	25	26.061419178	26.5021706419	27.7049920198	9.323
724	0	1	2	1755	109	26.061419178	26.8166478659	28.0194692439	13.275
725	0	1	1	1236	77	24.5950676713	27.8448123585	28.979956726	9.023
725	0	1	2	2586	161	24.5950676713	29.2979905429	30.4331349103	12.961
726	0	1	1	514	32	21.8859137402	34.4952301554	35.5053380372	6.914
726	0	1	2	1861	116	21.8859137402	35.1970279892	36.207135871	6.708
727	0	1	1	1256	78	22.0865806773	30.5899977367	31.6093670666	4.897
727	0	1	2	2603	162	22.0865806773	29.5328290222	30.5521983522	16.252
728	0	1	1	1213	75	21.5786915465	27.0938872356	28.089815789	4.961
728	0	1	2	2561	160	21.5786915465	29.2355620949	30.2314906483	11.213
729	0	1	1	346	21	22.4223620667	30.7935651018	31.8284318623	6.157
729	0	1	2	1690	105	22.4223620667	31.1412632926	32.176130053	11.748
730	0	1	1	597	37	19.6662025143	27.1898577971	28.0975186058	5.055
730	0	1	2	1947	121	19.6662025143	27.3250871353	28.232747944	4.771
731	0	1	1	430	26	22.8302596164	29.2904170987	30.3441096909	7.418
731	0	1	2	1776	111	22.8302596164	31.8726337277	32.9263263199	8.346
732	0	1	1	1246	77	22.1928524104	33.4993145349	34.5235886596	8.189
732	0	1	2	2596	162	22.1928524104	31.4234333622	32.4477074869	17.402
733	0	1	1	600	37	15.795009298	33.1120250817	33.8410174178	12
733	0	1	2	1950	121	15.795009298	36.9886966417	37.7176889778	8.535
734	0	1	1	490	30	25.2322136366	30.5036904299	31.6682412077	13.086
734	0	1	2	1837	114	25.2322136366	29.8867853975	31.0513361753	11.26
735	0	1	1	1021	63	25.2119574203	27.9396177026	29.1032335885	11.811
735	0	1	2	2366	147	25.2119574203	28.6992855197	29.8629014056	11.15
737	0	1	1	1262	78	14.209330513	29.0132958703	29.6691038441	5.937
737	0	1	2	2612	163	14.209330513	29.3527157672	30.0085237411	9.78
739	0	1	1	1220	76	20.7539328589	28.7947671282	29.7526303185	10.126
739	0	1	2	2569	160	20.7539328589	26.9517781675	27.9096413578	14.897
740	0	1	1	470	29	21.1412610326	24.8611460147	25.8368856916	13.669
740	0	1	2	1816	113	21.1412610326	29.7427627503	30.7185024271	9.275
741	0	1	1	1213	75	26.137106417	27.4280266168	28.6343412131	12.031
741	0	1	2	2565	160	26.137106417	29.3290711659	30.5353857622	15.906
742	0	1	1	1251	78	13.9395580977	28.7880368298	29.4313939074	5.134
742	0	1	2	2600	162	13.9395580977	28.9246858102	29.5680428877	22.346
744	0	1	1	1242	77	15.63	30.7974488272	31.5188254341	6.189
744	0	1	2	2596	162	15.63	29.1194525745	29.8408291814	23.181
745	0	1	1	380	23	17.9837581477	29.3374937789	30.1675041712	5.779
745	0	1	2	1727	107	17.9837581477	29.4873730125	30.3173834048	6.504
746	0	1	1	1264	79	22.3462946903	29.8255382055	30.8568942029	10.819
746	0	1	2	2615	163	22.3462946903	28.500053914	29.5314099114	8.41
747	0	1	1	1245	77	25.9531373745	27.5728260967	28.7706499084	8.945
747	0	1	2	2596	162	25.9531373745	27.5847430128	28.7825668245	16
747	1	1	1	1236	77	25.9531373745	9.26208961544	10.4599134271	6.913
747	1	1	2	2594	162	25.9531373745	2.19681179096	3.39463560267	4.032
748	0	1	1	1012	63	24.2867535664	32.9893825076	34.1102971512	14.756
748	0	1	2	2356	147	24.2867535664	29.3794320588	30.5003467025	10.693
749	0	1	1	375	23	19.9205416114	30.2346060894	31.1540054953	11.622
749	0	1	2	1720	107	19.9205416114	27.2381205849	28.1575199909	17.244
750	0	1	1	432	27	21.8604265419	32.7598103419	33.7687419045	11.134
750	0	1	2	1779	111	21.8604265419	30.7350605515	31.7439921142	6.519
751	0	1	1	1268	79	17.9643354037	27.9587769378	28.7878909057	13.402
751	0	1	2	2618	163	17.9643354037	31.8203211252	32.6494350931	9.559
752	0	1	1	1287	80	27.844112188	29.9256613293	31.2107599328	13.842
752	0	1	2	2637	164	27.844112188	32.4348955585	33.7199941619	7.622
753	0	1	1	599	37	17.8449900396	28.2445069889	29.0681127704	10.504
753	0	1	2	1950	121	17.8449900396	29.1594963588	29.9831021403	14.126
754	0	1	1	216	13	20.948931985	24.8439207645	25.8107838146	13.59
754	0	1	2	1559	97	20.948931985	28.1652946156	29.1321576657	20.914
754	1	1	1	215	13	20.948931985	24.1802631307	25.1471261808	13.008
754	1	1	2	1560	97	20.948931985	29.476941805	30.4438048551	17.779
755	0	1	1	472	29	19.8321597093	29.7905450236	30.7058653102	29.275
755	0	1	2	1817	113	19.8321597093	29.9602614538	30.8755817403	8.457
756	0	1	1	545	34	22.6406195297	33.9162690112	34.9612090812	12.725
756	0	1	2	1895	118	22.6406195297	30.597975176	31.642915246	10.567
756	1	1	1	547	34	22.6406195297	25.0353903983	26.0803304683	10.708
756	1	1	2	1894	118	22.6406195297	29.8123888998	30.8573289698	12.473
757	0	1	1	265	16	24.3798942054	28.4752906893	29.6005040839	14.882
757	0	1	2	1610	100	24.3798942054	29.135371863	30.2605852576	14.708
758	0	1	1	1022	63	22.2498849029	21.9510462923	22.9779526566	27.748
758	0	1	2	2364	147	22.2498849029	33.381713007	34.4086193714	17.748
759	0	1	1	485	30	19.4660441068	31.2175509395	32.1159737704	8.126
759	0	1	2	1830	114	19.4660441068	30.3186613673	31.2170841982	7.134
760	0	1	1	476	29	23.5856361596	29.5118709681	30.600426706	20.898
760	0	1	2	1832	114	23.5856361596	32.2548423024	33.3433980403	16.315
761	0	1	1	1257	78	16.9022349189	29.2472638667	30.0273583564	9.748
761	0	1	2	2612	163	16.9022349189	31.3029988107	32.0830933004	14.41
762	0	1	1	1244	77	18.4977094389	30.0294399957	30.8831709534	10.536
762	0	1	2	2593	162	18.4977094389	31.7473984506	32.6011294084	17.527
763	0	1	1	444	27	23.104756442	27.7863467848	28.8527083206	6.567
763	0	1	2	1791	111	23.104756442	28.9583676939	30.0247292297	7.685
764	0	1	1	1064	66	28.1790224496	31.8324952128	33.1330510414	14.819
764	0	1	2	2412	150	28.1790224496	33.4579137029	34.7584695314	13.716
765	0	1	1	1246	77	21.5170334674	32.1088415941	33.1019244215	10.945
765	0	1	2	2596	162	21.5170334674	34.9850425102	35.9781253376	20.977
766	0	1	1	477	29	23.4222184982	27.898290078	28.979303546	6
766	0	1	2	1827	114	23.4222184982	26.4078848241	27.4888982922	4.882
767	0	1	1	1063	66	21.124535781	30.2493395826	31.2243073333	5.071
767	0	1	2	2410	150	21.124535781	29.5501109528	30.5250787035	15.748
768	0	1	1	439	27	23.1642420723	30.7460246602	31.8151316562	5.937
768	0	1	2	1785	111	23.1642420723	29.6149498237	30.6840568197	9.496
769	0	1	1	1237	77	20.7586293484	31.2180838969	32.1761638459	9.339
769	0	1	2	2585	161	20.7586293484	29.6363769075	30.5944568565	6.252
770	0	1	1	456	28	20.7342137415	30.5004517625	31.4574048498	5.181
770	0	1	2	1801	112	20.7342137415	31.2394154137	32.1963685011	6.63
771	0	1	1	1269	79	24.0061331734	30.9524112172	32.0603742941	8.441
771	0	1	2	2619	163	24.0061331734	31.6436713872	32.7516344642	20.031
772	0	1	1	471	29	22.4330374786	29.4022767457	30.437636212	8.252
772	0	1	2	1817	113	22.4330374786	30.1522277205	31.1875871868	15.874
773	0	1	1	467	29	17.1124483717	30.1021049955	30.8919015369	6.551
773	0	1	2	1814	113	17.1124483717	35.4222727811	36.2120693225	6.976
774	0	1	1	1107	69	24.3853693272	27.4041058942	28.529571984	7.464
774	0	1	2	2454	153	24.3853693272	28.7736622468	29.8991283365	9.386
775	0	1	1	467	29	22.2131287146	28.308251398	29.3334613417	5.748
775	0	1	2	1814	113	22.2131287146	29.2221936595	30.2474036032	4.834
776	0	1	1	1269	79	21.0169659392	32.831789825	33.8017928689	11.055
776	0	1	2	2619	163	21.0169659392	31.5513275392	32.5213305831	13.717
777	0	1	1	1211	75	22.9062120881	28.586473211	29.643671263	13.716
777	0	1	2	2561	160	22.9062120881	29.3867607548	30.4439588068	13.843
777	1	1	1	1210	75	22.9062120881	29.7268149406	30.7840129926	14.693
777	1	1	2	2548	159	22.9062120881	34.3499974249	35.4071954768	11.591
778	0	1	1	478	29	20.4171555905	31.4819914805	32.4243112772	10.284
778	0	1	2	1826	114	20.4171555905	31.039349646	31.9816694427	9.197
779	0	1	1	1094	68	21.5341816322	35.4346764509	36.4285507233	5.811
779	0	1	2	2444	152	21.5341816322	34.6297135385	35.6235878109	14.189
781	0	1	1	470	29	22.8222095298	29.4800373402	30.5333583941	8.032
781	0	1	2	1817	113	22.8222095298	31.3586225558	32.4119436097	8.488
782	0	1	1	1258	78	14.1358633464	27.5519323442	28.2043495634	5.433
782	0	1	2	2604	162	14.1358633464	28.4320893494	29.0845065686	24.315
783	0	1	1	581	36	19.593590118	30.011824254	30.9161337586	12.157
783	0	1	2	1928	120	19.593590118	27.8134185441	28.7177280486	9.433
784	0	1	1	1209	75	20.7787047497	33.0431475197	34.0021540154	7.78
784	0	1	2	2561	160	20.7787047497	33.7652520114	34.7242585071	9.402
786	0	1	1	431	26	23.6512628413	29.2549626012	30.3465472293	9.244
786	0	1	2	1777	111	23.6512628413	26.2100008825	27.3015855106	13.024
787	0	1	1	485	30	18.3741792174	31.1926616865	32.0406913127	13.433
787	0	1	2	1830	114	18.3741792174	29.6786374001	30.5266670264	8.898
788	0	1	1	1012	63	23.6132835369	37.8434621582	38.9332939148	4.771
788	0	1	2	2341	146	23.6132835369	31.9254904106	33.0153221672	5.071
789	0	1	1	1022	63	28.6010023787	24.1779244836	25.4979560926	20.441
789	0	1	2	2374	148	28.6010023787	24.6479988216	25.9680304306	14.157
789	1	1	1	1030	64	28.6010023787	21.0161175851	22.3361491942	9.716
789	1	1	2	2366	147	28.6010023787	16.3083125914	17.6283442004	10.409
790	0	1	1	539	33	20.5589135348	32.0967727767	33.0456351751	7.842
790	0	1	2	1889	118	20.5589135348	23.3652722024	24.3141346008	18.583
791	0	1	1	902	56	31.9254014744	31.5252897365	32.9987534466	15.969
791	0	1	2	2248	140	31.9254014744	32.4442847485	33.9177484586	12.945
792	0	1	1	520	32	17.7415152824	28.0854906265	28.904320703	9.874
792	0	1	2	1867	116	17.7415152824	27.2365925164	28.0554225929	12.929
793	0	1	1	491	30	21.0868657171	28.0199659228	28.9931950744	15.969
793	0	1	2	1837	114	21.0868657171	27.1014583413	28.0746874929	10.882
794	0	1	1	972	60	23.2821922733	22.6229996228	23.6975504138	16.614
794	0	1	2	2317	144	23.2821922733	25.6571968676	26.7317476586	15.102
795	0	1	1	544	34	24.6466201914	29.9623149724	31.0998386605	12.945
795	0	1	2	1892	118	24.6466201914	30.0978028234	31.2353265115	13.905
796	0	1	1	1061	66	22.1026986711	32.1728631569	33.1929763859	16.63
796	0	1	2	2424	151	22.1026986711	30.5544882711	31.5746015001	15.685
797	0	1	1	379	23	17.5607466804	29.6382432094	30.4487302123	4.252
797	0	1	2	1727	107	17.5607466804	30.0416376268	30.8521246297	11.905
798	0	1	1	557	34	21.6300847514	31.3681097223	32.3664102434	13.906
798	0	1	2	1907	119	21.6300847514	29.6726591233	30.6709596444	9.055
799	0	1	1	159	9	25.0234575413	33.7006951523	34.8556111403	5.37
799	0	1	2	1498	93	25.0234575413	31.3888686099	32.543784598	11.653
800	0	1	1	452	28	25.6632811939	33.4236197673	34.60806575	13.559
800	0	1	2	1798	112	25.6632811939	32.0300541492	33.2145001318	7.544
801	0	1	1	472	29	22.899045523	28.9022883636	29.9591556547	27.37
801	0	1	2	1818	113	22.899045523	27.8480906128	28.9049579039	12.252
802	0	1	1	1230	76	25.1250057554	26.107414275	27.2670170517	12.551
802	0	1	2	2583	161	25.1250057554	28.6954936391	29.8550964158	9.905
803	0	1	1	557	34	23.9147522106	29.4246923955	30.5284379364	8.645
803	0	1	2	1907	119	23.9147522106	29.5253544195	30.6290999604	7.843
804	0	1	1	1242	77	22.413062647	31.0820080363	32.1164455975	6.63
804	0	1	2	2590	161	22.413062647	31.5879842412	32.6224218025	12.551
805	0	1	1	383	23	21.7401605158	32.210836149	33.2142170336	5.528
805	0	1	2	1728	108	21.7401605158	30.6540442633	31.6574251478	6.567
806	0	1	1	811	50	22.9794264577	31.2312598867	32.2918370259	14.22
806	0	1	2	2153	134	22.9794264577	32.3862764464	33.4468535856	7.134
807	0	1	1	467	29	19.6845584939	30.8739109789	31.7824189772	6.032
807	0	1	2	1812	113	19.6845584939	30.3964659529	31.3049739513	10.835
808	0	1	1	1033	64	26.9792302819	29.7945167694	31.0396981895	5.559
808	0	1	2	2374	148	26.9792302819	32.2378665401	33.4830479603	11.874
809	0	1	1	918	57	22.009655986	29.3787915325	30.3946105315	24.315
809	0	1	2	2261	141	22.009655986	28.5999034651	29.615722464	10.094
810	0	1	1	901	56	25.3391912295	26.1492828675	27.3187710179	5.134
810	0	1	2	2244	140	25.3391912295	29.2196775821	30.3891657325	12.063
811	0	1	1	215	13	25.4785084339	36.9762395642	38.152157668	9.874
811	0	1	2	1556	97	25.4785084339	36.5230583296	37.6989764334	16.472
812	0	1	1	1026	64	26.1568012463	28.7944784548	30.0017020331	14.74
812	0	1	2	2373	148	26.1568012463	31.5193826822	32.7266062606	4.535
813	0	1	1	444	27	21.4593262843	28.8840872977	29.8745067463	4.315
813	0	1	2	1790	111	21.4593262843	29.4109206408	30.4013400894	4.283
814	0	1	1	548	34	24.7992034307	29.0401661393	30.1847320526	12.063
814	0	1	2	1895	118	24.7992034307	27.2563841429	28.4009500562	17.244
815	0	1	1	518	32	18.5402169378	30.9573382885	31.8130311091	5.213
815	0	1	2	1865	116	18.5402169378	32.8400840928	33.6957769134	6.598
816	0	1	1	518	32	26.273210542	33.0679874751	34.2805837306	7.37
816	0	1	2	1864	116	26.273210542	33.0078179806	34.220414236	11.039
817	0	1	1	1056	66	23.3119659294	28.9432219002	30.0191468447	6.63
817	0	1	2	2401	150	23.3119659294	31.9998231851	33.0757481295	16.598
818	0	1	1	487	30	25.0382781587	27.2568797223	28.4124797313	9.969
818	0	1	2	1830	114	25.0382781587	27.9831207635	29.1387207724	6.409
819	0	1	1	1271	79	19.5288593862	27.631071778	28.5323937434	15.59
819	0	1	2	2617	163	19.5288593862	28.3749047265	29.276226692	13.464
820	0	1	1	739	46	22.284132762	31.0357006389	32.0641876561	14.252
820	0	1	2	2078	129	22.284132762	29.3993526247	30.4278396419	16.504
821	0	1	1	529	33	22.2303619588	29.1598890499	30.1858943653	12
821	0	1	2	1878	117	22.2303619588	30.85703166	31.8830369754	11.023
822	0	1	1	1262	78	25.11765885	31.8328513966	32.9921150891	9.559
822	0	1	2	2613	163	25.11765885	31.9134112366	33.0726749291	7.338
823	0	1	1	519	32	17.9622256989	32.5651270545	33.3941436525	10.819
823	0	1	2	1866	116	17.9622256989	30.3288793767	31.1578959747	8.898
824	0	1	1	432	27	22.1018123518	33.4963228188	34.5163951413	15.039
824	0	1	2	1779	111	22.1018123518	32.0503523629	33.0704246854	8.819
825	0	1	1	582	36	17.5923602886	29.9326969835	30.7446430598	10.157
825	0	1	2	1930	120	17.5923602886	30.5780710725	31.3900171488	12.961
826	0	1	1	430	26	21.7207514029	29.3960874631	30.3985725524	8.914
826	0	1	2	1776	111	21.7207514029	29.643184194	30.6456692833	8.126
827	0	1	1	159	9	26.3861752951	29.34630095	30.5641109054	8.441
827	0	1	2	1502	93	26.3861752951	28.9070440778	30.1248540332	19.118
828	0	1	1	1218	76	21.4803648304	27.8923173402	28.8837077878	4.851
828	0	1	2	2568	160	21.4803648304	28.6011585923	29.5925490399	10.252
830	0	1	1	594	37	20.343698869	28.7591369387	29.6980664628	4.189
830	0	1	2	1944	121	20.343698869	34.586934434	35.525863958	7.559
831	0	1	1	491	30	23.4986943268	32.1270361614	33.211579244	9.166
831	0	1	2	1837	114	23.4986943268	30.089663914	31.1742069965	9.685
832	0	1	1	1211	75	24.1799478979	31.4976026356	32.6135878416	7.685
832	0	1	2	2561	160	24.1799478979	30.7197553035	31.8357405095	11.842
833	0	1	1	1264	79	25.2797551724	32.9000545488	34.0667995269	9.197
833	0	1	2	2615	163	25.2797551724	31.2960884188	32.462833397	13.874
834	0	1	1	430	26	22.6217498623	29.3824951136	30.4265642855	6.189
834	0	1	2	1776	111	22.6217498623	31.8484702989	32.8925394708	7.37
835	0	1	1	1265	79	23.1041951296	36.8843660439	37.9507016733	7.039
835	0	1	2	2615	163	23.1041951296	39.2017965475	40.2681321769	4.662
836	0	1	1	597	37	27.2989947216	20.4170451888	21.6769848039	12.283
836	0	1	2	1947	121	27.2989947216	19.145134559	20.405074174	20.331
837	0	1	1	1227	76	23.0544934967	27.6916345382	28.7556762715	8.441
837	0	1	2	2580	161	23.0544934967	27.3489741412	28.4130158746	9.402
838	0	1	1	895	55	25.2612055252	28.5153444942	29.6812333443	12.74
838	0	1	2	2238	139	25.2612055252	28.2606933121	29.4265821623	11.37
839	0	1	1	528	33	23.4628095766	31.679380533	32.7622674147	11.811
839	0	1	2	1876	117	23.4628095766	31.7963052781	32.8791921598	6.992
840	0	1	1	488	30	22.5728826656	32.0645269351	33.106340723	8.063
840	0	1	2	1833	114	22.5728826656	31.0928994228	32.1347132107	9.905
842	0	1	1	534	33	18.3423648435	28.6838418755	29.5304031623	19.181
842	0	1	2	1883	117	18.3423648435	27.6384812827	28.4850425695	12.221
843	0	1	1	1241	77	23.6461787448	28.3957115753	29.4870615554	9.874
843	0	1	2	2593	162	23.6461787448	31.7054078546	32.7967578347	11.37
844	0	1	1	1237	77	24.7394874812	28.7906597002	29.9324695233	8.158
844	0	1	2	2586	161	24.7394874812	28.0116653755	29.1534751986	9.528
845	0	1	1	1091	68	22.6508833918	30.2515575536	31.296971335	4.567
845	0	1	2	2438	152	22.6508833918	31.1062719776	32.1516857591	10.221
846	0	1	1	440	27	23.6485960127	27.1829994866	28.2744610317	5.748
846	0	1	2	1785	111	23.6485960127	27.709475378	28.8009369231	5.039
848	0	1	1	518	32	18.7528904384	28.7378027365	29.6033111481	8.536
848	0	1	2	1865	116	18.7528904384	28.3096021341	29.1751105457	7.071
849	0	1	1	1256	78	20.194256762	32.3211978602	33.2532301328	13.276
849	0	1	2	2604	162	20.194256762	33.0238913442	33.9559236169	12.535
850	0	1	1	1248	78	19.1311240076	28.02571611	28.9086812618	4.126
850	0	1	2	2598	162	19.1311240076	29.268705833	30.1516709848	13.591
851	0	1	1	533	33	19.6816818869	26.1347242593	27.0430994926	18.724
851	0	1	2	1882	117	19.6816818869	28.3100298206	29.218405054	17.811
852	0	1	1	530	33	19.8775185591	28.7336497494	29.6510634981	16.315
852	0	1	2	1879	117	19.8775185591	29.6472486381	30.5646623867	13.071
853	0	1	1	485	30	22.1303313875	29.2778604024	30.2992489735	10.378
853	0	1	2	1831	114	22.1303313875	30.1425008075	31.1638893786	14.315
854	0	1	1	486	30	27.388373216	31.2679082266	32.5319729572	14.834
854	0	1	2	1831	114	27.388373216	32.0226378694	33.2867026	10.866
855	0	1	1	1240	77	21.3371535799	28.0848696469	29.0696504179	10.567
855	0	1	2	2589	161	21.3371535799	27.9094747242	28.8942554952	9.307
856	0	1	1	917	57	31.0974698296	27.5402175637	28.9754694683	14.473
856	0	1	2	2260	141	31.0974698296	23.8225634246	25.2578153292	4
857	0	1	1	1251	78	14.3159593609	23.4402165792	24.1009458299	6.252
857	0	1	2	2601	162	14.3159593609	21.6424598775	22.3031891281	14.189
858	0	1	1	489	30	24.3584181135	31.5204914331	32.6447136345	14.582
858	0	1	2	1835	114	24.3584181135	31.9884290917	33.1126512931	11.811
859	0	1	1	406	25	21.4573177727	33.2444553443	34.2347820933	12.661
859	0	1	2	1753	109	21.4573177727	31.4532773816	32.4436041306	4.315
860	0	1	1	459	28	24.9923502653	29.6688462117	30.8223264953	6.929
860	0	1	2	1805	112	24.9923502653	29.4301663977	30.5836466813	4.677
861	0	1	1	600	37	20.3507379691	27.7599870395	28.6992414415	12.74
861	0	1	2	1950	121	20.3507379691	28.9114677899	29.8507221919	13.527
862	0	1	1	1269	79	25.200521019	29.1793701846	30.3424582424	6.41
862	0	1	2	2619	163	25.200521019	27.6299025749	28.7929906327	11.748
863	0	1	1	488	30	22.9422919593	28.9070684419	29.9659317002	11.464
863	0	1	2	1833	114	22.9422919593	29.7235843407	30.782447599	9.37
864	0	1	1	1217	76	27.1941326964	30.8399852252	32.0950851082	6.346
864	0	1	2	2566	160	27.1941326964	27.0935947751	28.3486946581	13.685
865	0	1	1	549	34	15.0457402657	29.6526111977	30.3470222701	10.693
865	0	1	2	1897	118	15.0457402657	27.2757971514	27.9702082237	7.496
866	0	1	1	530	33	18.9938187521	32.0836797369	32.9603077934	9.275
866	0	1	2	1879	117	18.9938187521	31.0479771408	31.9246051973	6.441
867	0	1	1	533	33	18.6674707631	27.4140021455	28.2755681544	14.63
867	0	1	2	1878	117	18.6674707631	27.0594784759	27.9210444848	5.905
868	0	1	1	1237	77	21.9879870985	29.9039189285	30.918737836	10
868	0	1	2	2586	161	21.9879870985	31.1418716295	32.156690537	5.197
869	0	1	1	485	30	17.5847818404	33.306433272	34.1180295776	6.677
869	0	1	2	1829	114	17.5847818404	30.4690437486	31.2806400542	14.582
870	0	1	1	538	33	23.4424888819	26.5583366692	27.6402856831	15.811
870	0	1	2	1888	118	23.4424888819	25.2340056465	26.3159546604	20.394
871	0	1	1	1241	77	19.4896062376	18.1828309163	19.0823412181	11.15
871	0	1	2	2598	162	19.4896062376	21.1157540985	22.0152644003	14.961
872	0	1	1	1009	63	22.7704220434	25.016891977	26.0678228657	11.968
872	0	1	2	2354	147	22.7704220434	28.7187772161	29.7697081048	6.284
873	0	1	1	160	10	22.1773424753	29.4636275187	30.4871858082	12.126
873	0	1	2	1498	93	22.1773424753	29.997188001	31.0207462905	15.527
874	0	1	1	1237	77	21.3914218651	29.7741321095	30.7614175428	11.78
874	0	1	2	2586	161	21.3914218651	30.784896325	31.7721817582	9.401
875	0	1	1	1091	68	19.8298870996	51.9530032068	52.8682186048	6.756
875	0	1	2	2438	152	19.8298870996	52.4668008958	53.3820162938	11.449
876	0	1	1	174	10	18.2472388921	30.0352666825	30.8774375895	9.906
876	0	1	2	1518	94	18.2472388921	31.2551480356	32.0973189426	13.496
877	0	1	1	473	29	22.2961660147	31.0314501154	32.0604925073	4.866
877	0	1	2	1832	114	22.2961660147	27.9258906401	28.954933032	15.528
878	0	1	1	160	10	23.8076318907	29.6884311206	30.7872327016	13.591
878	0	1	2	1506	94	23.8076318907	25.7652513605	26.8640529415	4.52
879	0	1	1	1270	79	24.0875239471	28.8484130237	29.9601325562	15.779
879	0	1	2	2619	163	24.0875239471	30.2887633891	31.4004829216	10.599
880	0	1	1	1255	78	19.5508573051	28.9571509334	29.8594881762	10.913
880	0	1	2	2602	162	19.5508573051	27.8752261333	28.7775633761	4.189
881	0	1	1	490	30	22.1999194551	31.5304313871	32.5550316794	11.291
881	0	1	2	1834	114	22.1999194551	31.4072169836	32.4318172759	10.189
882	0	1	1	598	37	20.0728713804	28.3876865804	29.314116513	10.284
882	0	1	2	1948	121	20.0728713804	27.9601856327	28.8866155653	9.228
883	0	1	1	183	11	21.6530723411	30.5357703681	31.5351318431	15.15
883	0	1	2	1526	95	21.6530723411	29.55505358	30.554415055	14.582
884	0	1	1	485	30	15.2734677803	31.556823088	32.2617445443	8.897
884	0	1	2	1831	114	15.2734677803	30.1057461023	30.8106675587	6.599
885	0	1	1	519	32	21.9811894404	32.5890417045	33.6035468775	8.441
885	0	1	2	1865	116	21.9811894404	33.4060339451	34.4205391181	11.008
886	0	1	1	604	37	18.3477337418	26.3426212267	27.189430306	14.519
886	0	1	2	1955	122	18.3477337418	25.7943739436	26.641183023	15.071
887	0	1	1	879	54	29.3744151747	31.1630010403	32.5187282283	14
887	0	1	2	2209	138	29.3744151747	30.343661016	31.699388204	6.473
888	0	1	1	273	17	19.3933677755	28.447309773	29.3423783489	10.032
888	0	1	2	1616	101	19.3933677755	28.6631678738	29.5582364497	16.866
889	0	1	1	1256	78	21.1977827009	29.7267898916	30.7051382318	9.071
889	0	1	2	2604	162	21.1977827009	29.7499952173	30.7283435575	14.378
890	0	1	1	430	26	25.2973648413	30.2067353159	31.374293039	10.819
890	0	1	2	1776	111	25.2973648413	31.2439200501	32.4114777733	8.157
891	0	1	1	1253	78	21.0405173468	28.5876280567	29.5587180766	8.441
891	0	1	2	2600	162	21.0405173468	33.1493893826	34.1204794025	10.693
892	0	1	1	903	56	26.278264962	33.1284930893	34.3413226231	8.725
892	0	1	2	2246	140	26.278264962	31.6164113247	32.8292408585	4.74
893	0	1	1	470	29	21.3251441268	27.2734476531	28.2576741478	12.976
893	0	1	2	1817	113	21.3251441268	28.3450896079	29.3293161026	14.378
894	0	1	1	1061	66	25.0612250418	28.1376405062	29.2942995903	18.095
894	0	1	2	2408	150	25.0612250418	28.5684974744	29.7251565585	21.527
895	0	1	1	444	27	23.2072870765	28.9504209708	30.0215146372	9.04
895	0	1	2	1791	111	23.2072870765	30.8996466213	31.9707402877	4.85
896	0	1	1	814	50	25.409440942	29.6287987464	30.8015291551	10.252
896	0	1	2	2154	134	25.409440942	29.8526012514	31.0253316602	16.725
897	0	1	1	591	36	24.2931793436	28.690553419	29.8117646337	6.708
897	0	1	2	1941	121	24.2931793436	31.0633352165	32.1845464312	6.693
898	0	1	1	920	57	27.1702266364	31.5556660709	32.8096626095	10.819
898	0	1	2	2263	141	27.1702266364	29.2683867603	30.5223832989	7.716
899	0	1	1	1269	79	23.7105120064	32.8569531645	33.9512723391	11.496
899	0	1	2	2618	163	23.7105120064	31.326153856	32.4204730306	6.504
900	0	1	1	440	27	22.2701728174	28.6591960138	29.687038733	4.819
900	0	1	2	1788	111	22.2701728174	30.5008723909	31.5287151101	7.212
901	0	1	1	226	14	22.2343999133	33.3740524229	34.4002441034	8.567
901	0	1	2	1569	98	22.2343999133	32.846213109	33.8724047895	7.717
902	0	1	1	553	34	25.5866189329	29.6878891437	30.8687969074	12.756
902	0	1	2	1900	118	25.5866189329	33.794552428	34.9754601917	10.284
903	0	1	1	491	30	18.5999219582	33.8497991019	34.7082475082	5.213
903	0	1	2	1835	114	18.5999219582	32.2038641931	33.0623125994	13.559
904	0	1	1	879	54	21.0651486839	30.5872342485	31.5594610867	16.378
904	0	1	2	2223	138	21.0651486839	30.0710696922	31.0432965304	9.528
905	0	1	1	1269	79	22.7437382688	30.8513155862	31.9010149298	12.22
905	0	1	2	2619	163	22.7437382688	28.9712039044	30.020903248	11.04
906	0	1	1	1026	64	22.3523449061	31.8257364603	32.8573716953	18.126
906	0	1	2	2372	148	22.3523449061	25.0466452752	26.0782805103	5.229
907	0	1	1	486	30	20.7260273661	30.5512054895	31.5077807484	10
907	0	1	2	1830	114	20.7260273661	29.7487880693	30.7053633282	9.717
908	0	1	1	583	36	22.1468645805	29.0342429159	30.056394549	10
908	0	1	2	1932	120	22.1468645805	29.8998485538	30.9220001868	7.685
909	0	1	1	1061	66	25.5512740084	17.5959327454	18.775209223	20.126
909	0	1	2	2407	150	25.5512740084	18.9203561964	20.0996326741	11.307
910	0	1	1	472	29	18.9795283841	29.3318891883	30.2078576967	26.945
910	0	1	2	1818	113	18.9795283841	30.6377541013	31.5137226097	8.157
911	0	1	1	1000	62	20.0213162459	28.4496736315	29.3737241228	19.78
911	0	1	2	2345	146	20.0213162459	28.9603036267	29.8843541179	9.37
912	0	1	1	920	57	26.202126803	27.6585428258	28.8678583297	17.496
912	0	1	2	2262	141	26.202126803	33.0910278362	34.3003433401	4.693
913	0	1	1	488	30	23.6446001257	29.6048628932	30.6961400148	17.244
913	0	1	2	1833	114	23.6446001257	29.6798396984	30.77111682	8.536
914	0	1	1	1040	65	23.8467001057	32.2305886296	33.331193339	8.913
914	0	1	2	2393	149	23.8467001057	29.4388458832	30.5394505925	14
915	0	1	1	1264	79	21.2257913476	32.0317677364	33.0114087691	6.347
915	0	1	2	2615	163	21.2257913476	30.6761737891	31.6558148218	15.213
916	0	1	1	1217	76	16.3254984213	28.1688420647	28.9223182423	13.653
916	0	1	2	2567	160	16.3254984213	28.1552878889	28.9087640666	10.661
917	0	1	1	438	27	18.6983047215	29.8119109632	30.674900062	7.874
917	0	1	2	1784	111	18.6983047215	30.6350572021	31.4980463009	5.653
918	0	1	1	1237	77	18.4647628686	29.4999144463	30.35212481	7.04
918	0	1	2	2585	161	18.4647628686	30.8333055535	31.6855159172	14.126
919	0	1	1	488	30	25.0571379874	28.5742657294	29.7307361824	10.693
919	0	1	2	1832	114	25.0571379874	29.0199907153	30.1764611682	9.008
920	0	1	1	506	31	22.7391678855	28.4369919016	29.4864803068	14.662
920	0	1	2	1857	116	22.7391678855	29.3063717549	30.3558601601	12.22
921	0	1	1	586	36	21.07201117	32.4107635365	33.3833071013	10.819
921	0	1	2	1936	121	21.07201117	30.1504025141	31.1229460789	6.095
922	0	1	1	1241	77	17.2430225505	29.4882375124	30.2840604874	10.158
922	0	1	2	2590	161	17.2430225505	27.430777293	28.2266002681	12.378
923	0	1	1	551	34	25.1926360062	29.9452172557	31.1079413939	10.598
923	0	1	2	1899	118	25.1926360062	31.0751635766	32.2378877148	19.37
924	0	1	1	433	27	24.9880648023	31.1818102399	32.3350927351	9.59
924	0	1	2	1781	111	24.9880648023	31.8712129164	33.0244954116	4.252
925	0	1	1	489	30	18.6721117647	32.0436795344	32.9054597409	7.118
925	0	1	2	1834	114	18.6721117647	30.6664371853	31.5282173919	11.906
926	0	1	1	773	48	30.4347616229	33.4083413047	34.8130070162	7.37
926	0	1	2	2114	132	30.4347616229	30.5874255923	31.9920913037	13.559
927	0	1	1	491	30	24.3261278464	26.8569935624	27.9797254603	15.937
927	0	1	2	1837	114	24.3261278464	25.8939843553	27.0167162532	8.851
928	0	1	1	456	28	22.54828408	30.4239768771	31.4646553583	10.378
928	0	1	2	1800	112	22.54828408	28.5640709274	29.6047494086	12.063
929	0	1	1	158	9	26.3407514181	23.5092123796	24.7249258716	16.252
929	0	1	2	1498	93	26.3407514181	24.4968341179	25.7125476099	18.283
930	0	1	1	1081	67	22.0897951995	28.5842744283	29.6037921191	6.567
930	0	1	2	2428	151	22.0897951995	27.9155327157	28.9350504066	5.291
931	0	1	1	1230	76	20.9262879826	31.0688160003	32.0346339542	6.378
931	0	1	2	2580	161	20.9262879826	31.4147653002	32.3805832541	19.48
932	0	1	1	918	57	26.0166525803	32.1181210412	33.3188762914	8.315
932	0	1	2	2262	141	26.0166525803	30.9270846378	32.127839888	12.599
933	0	1	1	1281	80	20.0801023415	28.4885983578	29.4153620234	14.771
933	0	1	2	2631	164	20.0801023415	28.1560495976	29.0828132631	19.023
934	0	1	1	262	16	22.2170544267	29.0682879741	30.0936791025	10.898
934	0	1	2	1606	100	22.2170544267	29.0377185298	30.0631096582	7.685
935	0	1	1	469	29	22.7433429951	35.5109858626	36.560666963	8.787
935	0	1	2	1814	113	22.7433429951	33.0502222756	34.099903376	6.693
936	0	1	1	1223	76	21.5889843472	28.4154042399	29.4118078403	5.685
936	0	1	2	2573	160	21.5889843472	30.701902576	31.6983061764	10.157
937	0	1	1	910	56	25.9076403504	29.5124672284	30.7081912007	11.118
937	0	1	2	2252	140	25.9076403504	30.0954823789	31.2912063513	6.473
938	0	1	1	456	28	24.2113914332	28.3089499023	29.4263863322	4.441
938	0	1	2	1800	112	24.2113914332	26.6241037216	27.7415401515	12.441
939	0	1	1	1004	62	17.9002591816	32.5501148611	33.3762714977	8.473
939	0	1	2	2350	146	17.9002591816	31.5302631254	32.3564197621	6.504
940	0	1	1	1026	64	28.56843098	28.1688847261	29.4874130565	14.914
940	0	1	2	2372	148	28.56843098	24.1917080945	25.5102364249	15.496
941	0	1	1	1234	77	19.6953919781	30.5081866168	31.4171946165	10.378
941	0	1	2	2584	161	19.6953919781	30.2300123039	31.1390203037	10.378
942	0	1	1	1270	79	23.27135	29.8450471419	30.9190975258	10.961
942	0	1	2	2619	163	23.27135	30.39650907	31.4705594539	8.536
943	0	1	1	965	60	26.5432692036	31.6042598189	32.8293201819	17.464
943	0	1	2	2309	144	26.5432692036	31.7466384216	32.9716987846	5.717
944	0	1	1	1286	80	24.3024267706	29.5202979579	30.6419359722	13.78
944	0	1	2	2637	164	24.3024267706	29.1587798081	30.2804178224	11.685
945	0	1	1	488	30	24.0136900244	31.6496038442	32.757915695	7.559
945	0	1	2	1833	114	24.0136900244	28.1800448609	29.2883567117	4.677
946	0	1	1	1094	68	21.9068273554	28.965057992	29.9761311068	6.472
946	0	1	2	2442	152	21.9068273554	27.7752623099	28.7863354247	9.685
947	0	1	1	1081	67	25.6702096417	26.1564650716	27.3412308253	5.622
947	0	1	2	2429	151	25.6702096417	25.4044943498	26.5892601034	16.283
948	0	1	1	473	29	26.4574077741	26.9476423127	28.1687398845	11.244
948	0	1	2	1818	113	26.4574077741	28.0362928495	29.2573904213	6.693
949	0	1	1	737	46	26.1671190946	28.0797410641	29.2874408455	13.969
949	0	1	2	2077	129	26.1671190946	29.1040245818	30.3117243633	8.252
950	0	1	1	1009	63	26.2313163514	28.6225213545	29.8331840534	13.842
950	0	1	2	2354	147	26.2313163514	30.8710611314	32.0817238303	7.969
951	0	1	1	521	32	19.9060335122	30.7404326042	31.659162413	11.685
951	0	1	2	1869	116	19.9060335122	31.845462263	32.7641920718	7.087
952	0	1	1	1061	66	21.322499861	21.7893698633	22.7734743163	8.409
952	0	1	2	2411	150	21.322499861	34.3660050883	35.3501095413	9.843
953	0	1	1	585	36	20.0599235828	29.3822018899	30.3080342385	12.063
953	0	1	2	1933	120	20.0599235828	29.2820899912	30.2079223398	9.213
954	0	1	1	489	30	24.6048353912	28.2018419274	29.3374371077	5.118
954	0	1	2	1834	114	24.6048353912	30.5300112725	31.6656064527	9.512
955	0	1	1	487	30	20.6088281846	29.0807802071	30.031946333	4.661
955	0	1	2	1831	114	20.6088281846	27.9390560594	28.8902221852	10.645
957	0	1	1	549	34	20.9885541695	30.2240961251	31.1927878711	8.283
957	0	1	2	1895	118	20.9885541695	30.9259139823	31.8946057283	12.504
958	0	1	1	471	29	17.1019782741	29.5151881146	30.3045014261	8.409
958	0	1	2	1817	113	17.1019782741	30.2195984316	31.0089117431	10.897
959	0	1	1	348	21	23.4188200816	32.8143295866	33.8951862064	7.307
959	0	1	2	1693	105	23.4188200816	31.4524386367	32.5332952565	5.969
960	0	1	1	1245	77	22.8645793681	28.7106607921	29.7659373552	9.338
960	0	1	2	2596	162	22.8645793681	29.0008399789	30.056116542	24.992
961	0	1	1	1061	66	10.9685683416	42.7809670357	43.2872030314	8.315
961	0	1	2	2420	151	10.9685683416	31.5967864287	32.1030224244	7.843
962	0	1	1	430	26	23.704283186	33.7843542269	34.8783859207	12.441
962	0	1	2	1775	110	23.704283186	33.4081664081	34.5021981019	7.433
963	0	1	1	1264	79	17.799271853	33.6987190859	34.5202148207	8
963	0	1	2	2615	163	17.799271853	36.1952621066	37.0167578413	8.346
965	0	1	1	1240	77	12.8906526758	30.6233415714	31.2182881669	8.284
965	0	1	2	2590	161	12.8906526758	29.9167646266	30.5117112221	10.945
966	0	1	1	215	13	24.7735140063	30.3249879985	31.4683682591	4.851
966	0	1	2	1558	97	24.7735140063	29.9947409203	31.1381211809	7.559
967	0	1	1	409	25	19.021568579	28.8508714795	29.728780283	13.811
967	0	1	2	1755	109	19.021568579	28.8114563138	29.6893651173	5.339
968	0	1	1	1064	66	22.0782941344	31.7051027167	32.724089595	9.402
968	0	1	2	2412	150	22.0782941344	31.0469457061	32.0659325844	14.032
969	0	1	1	247	15	23.4388108097	27.6871427632	28.7689220218	5.338
969	0	1	2	1590	99	23.4388108097	30.9811487443	32.0629280028	4.488
970	0	1	1	1095	68	20.5852011588	27.8581734714	28.8082491313	7.134
970	0	1	2	2442	152	20.5852011588	30.0162345423	30.9663102021	13.023
971	0	1	1	1003	62	24.8119213522	29.2232538129	30.3684067007	16.63
971	0	1	2	2350	146	24.8119213522	30.5360768122	31.6812296999	13.244
972	0	1	1	110	6	24.283529212	30.1481522747	31.2689181036	13.654
972	0	1	2	1450	90	24.283529212	33.0097265453	34.1304923742	13.559
973	0	1	1	489	30	19.1698496768	32.8279582043	33.7127106748	5.748
973	0	1	2	1834	114	19.1698496768	32.7777110303	33.6624635008	13.402
974	0	1	1	210	13	26.1711284136	33.3841359631	34.592020788	6.189
974	0	1	2	1554	97	26.1711284136	31.3445048278	32.5523896527	5.134
975	0	1	1	456	28	24.6112665706	30.9418022235	32.0776942241	6.063
975	0	1	2	1800	112	24.6112665706	30.9737389182	32.1096309188	13.244
976	0	1	1	1253	78	21.8834089133	29.9633465376	30.9733388133	4.41
976	0	1	2	2601	162	21.8834089133	30.7952552212	31.8052474969	16
977	0	1	1	814	50	27.7760300194	33.5798266882	34.8617830726	12.252
977	0	1	2	2155	134	27.7760300194	32.6646171304	33.9465735148	11.653
978	0	1	1	1210	75	21.2145434365	35.4897358755	36.4688577796	6.095
978	0	1	2	2561	160	21.2145434365	32.8331742952	33.8122961993	12.315
979	0	1	1	471	29	16.2792679201	30.2951993159	31.0465418018	7.748
979	0	1	2	1817	113	16.2792679201	27.9805305115	28.7318729974	7.212
980	0	1	1	937	58	26.8797024021	31.1140865095	32.3546743862	13.78
980	0	1	2	2284	142	26.8797024021	33.3959114664	34.6364993431	6.535
981	0	1	1	571	35	24.0053487813	3.96268919371	5.07061606836	10.85
981	0	1	2	1918	119	24.0053487813	3.87990016474	4.98782703939	13.559
982	0	1	1	1234	77	21.3203325228	31.1097841315	32.0937885546	7.118
982	0	1	2	2584	161	21.3203325228	32.5850866809	33.569091104	7.496
983	0	1	1	1223	76	17.8977987804	25.4047362446	26.2307793255	16.661
983	0	1	2	2572	160	17.8977987804	25.3450533066	26.1710963875	4.473
984	0	1	1	434	27	21.423051468	30.7031685141	31.691913759	4.472
984	0	1	2	1781	111	21.423051468	29.3771389842	30.365884229	9.59
985	0	1	1	507	31	21.7023003154	30.0688175561	31.0704510662	5.906
985	0	1	2	1859	116	21.7023003154	28.8824569167	29.8840904268	20.913
986	0	1	1	1006	62	23.4978063264	26.3184656605	27.4029677588	16.645
986	0	1	2	2351	146	23.4978063264	29.5621584256	30.6466605239	9.874
987	0	1	1	212	13	27.0922316036	34.4075999716	35.6579967795	5.276
987	0	1	2	1555	97	27.0922316036	32.0515650961	33.301961904	9.811
988	0	1	1	1270	79	19.9539567325	28.1901830688	29.111124694	14.157
988	0	1	2	2619	163	19.9539567325	29.7660910051	30.6870326303	13.811
989	0	1	1	489	30	21.7217044446	29.2745398826	30.2770689579	10.221
989	0	1	2	1834	114	21.7217044446	31.2173833159	32.2199123913	12.488
990	0	1	1	506	31	20.4208	24.0939302498	25.0364182481	5.213
990	0	1	2	1848	115	20.4208	30.4097507827	31.352238781	10.032
991	0	1	1	485	30	18.8563112674	32.8027106273	33.672992255	6.693
991	0	1	2	1830	114	18.8563112674	29.0458620046	29.9161436323	7.166
992	0	1	1	1275	79	14.6958234699	32.4886297259	33.1668909716	10.221
992	0	1	2	2624	164	14.6958234699	33.9329124609	34.6111737066	12.898
993	0	1	1	265	16	20.2648977178	26.7441468796	27.6794394679	20.346
993	0	1	2	1608	100	20.2648977178	29.1437265703	30.0790191586	6.158
994	0	1	1	489	30	25.2969206557	32.3816543188	33.5491915412	10.614
994	0	1	2	1833	114	25.2969206557	30.5711423267	31.7386795491	7.087
995	0	1	1	205	12	24.7171113258	35.6641414157	36.8049185047	11.118
995	0	1	2	1561	97	24.7171113258	44.4218868822	45.5626639711	8.063
996	0	1	1	488	30	23.1804378497	31.7502279866	32.8200824717	12.771
996	0	1	2	1833	114	23.1804378497	29.618050788	30.6879052731	6.441
997	0	1	1	1095	68	21.3851743113	27.7091471283	28.6961442161	9.654
997	0	1	2	2437	152	21.3851743113	35.3998460492	36.386843137	4.74
998	0	1	1	541	33	23.8192356448	34.1443718347	35.2437089677	5.811
998	0	1	2	1890	118	23.8192356448	29.523887719	30.623224852	8
999	0	1	1	429	26	20.5908271249	28.8058008628	29.7561361797	6
999	0	1	2	1776	111	20.5908271249	30.1654336571	31.115768974	9.307
1000	0	1	1	1245	77	22.1810184141	29.8753150267	30.899042973	5.496
1000	0	1	2	2594	162	22.1810184141	31.0011412208	32.0248691671	8.693
1000	1	1	1	1244	77	22.1810184141	29.9628686198	30.9865965661	9.685
1000	1	1	2	2596	162	22.1810184141	29.1403330704	30.1640610167	15.465
1001	0	1	1	154	9	21.6674557736	30.3440084728	31.3440337911	15.874
1001	0	1	2	1495	93	21.6674557736	32.1529710813	33.1529963996	11.338
1002	0	1	1	481	30	21.1931370379	31.0227549605	32.0008888879	23.685
1002	0	1	2	1827	114	21.1931370379	28.4500733386	29.428207266	10.095
1003	0	1	1	184	11	24.7819208145	28.7615385837	29.9053068466	9.937
1003	0	1	2	1528	95	24.7819208145	28.8066375819	29.9504058448	18.063
1004	0	1	1	153	9	19.7276105323	32.0769891936	32.987484187	6.866
1004	0	1	2	1502	93	19.7276105323	31.8012871559	32.7117821494	4.41
1005	0	1	1	545	34	25.0218562352	28.6912167387	29.8460588211	10.961
1005	0	1	2	1893	118	25.0218562352	29.1474282178	30.3022703003	10.032
1006	0	1	1	1237	77	22.5552327666	30.5218965351	31.5628957213	6.535
1006	0	1	2	2587	161	22.5552327666	33.1968847852	34.2378839714	9.433
1007	0	1	1	1062	66	22.9641399587	28.2031391635	29.2630107799	7.039
1007	0	1	2	2410	150	22.9641399587	28.4311849383	29.4910565547	11.464
1008	0	1	1	585	36	19.4253792592	28.9437602985	29.8403063111	14.378
1008	0	1	2	1936	121	19.4253792592	29.275651645	30.1721976576	16.063
1009	0	1	1	1103	68	26.8817226508	28.2532627922	29.4939439101	12.96
1009	0	1	2	2452	153	26.8817226508	28.7188404903	29.9595216082	16.819
1010	0	1	1	485	30	20.9295359171	30.2618590683	31.2278269252	8.945
1010	0	1	2	1830	114	20.9295359171	31.7321825536	32.6981504105	8.945
1011	0	1	1	183	11	25.7595893696	30.234109693	31.4230006191	12.221
1011	0	1	2	1528	95	25.7595893696	33.3643711492	34.5532620753	14.504
1013	0	1	1	1026	64	24.415648045	29.7045001757	30.8313637292	11.748
1013	0	1	2	2366	147	24.415648045	26.3438646148	27.4707281684	7.937
1014	0	1	1	518	32	21.9870039489	33.1823823325	34.1971558645	5.15
1014	0	1	2	1865	116	21.9870039489	33.6552443643	34.6700178962	7.748
1015	0	1	1	561	35	21.219886115	29.2531174249	30.2324859114	9.212
1015	0	1	2	1909	119	21.219886115	29.1430242661	30.1223927526	9.181
1016	0	1	1	485	30	23.6819990057	33.7157343946	34.8087375991	7.654
1016	0	1	2	1830	114	23.6819990057	34.4027595921	35.4957627966	4.85
1017	0	1	1	561	35	23.3324330132	29.577961298	30.6548308666	5.37
1017	0	1	2	1909	119	23.3324330132	32.6023003288	33.6791698974	15.055
1018	0	1	1	137	8	25.611521908	29.3690424503	30.5510995694	13.937
1018	0	1	2	1481	92	25.611521908	29.351722636	30.533779755	15.937
1018	1	1	1	138	8	25.611521908	31.7353091448	32.9173662638	9.071
1018	1	1	2	1478	92	25.611521908	28.5018101466	29.6838672657	12.315
1019	0	1	1	1258	78	19.3477689668	31.5707451051	32.463709144	7.622
1019	0	1	2	2609	163	19.3477689668	30.5269670981	31.419931137	13.433
1020	0	1	1	1026	64	27.6647786354	27.7097339789	28.9865557411	15.086
1020	0	1	2	2372	148	27.6647786354	23.6401090502	24.9169308123	12.441
1021	0	1	1	298	18	26.6411412153	31.8323325316	33.0619100142	12.284
1021	0	1	2	1643	102	26.6411412153	33.2989133748	34.5284908574	8.41
1023	0	1	1	1210	75	21.9036583038	31.7176708505	32.728597703	14.803
1023	0	1	2	2571	160	21.9036583038	22.4586835748	23.4696104273	9.496
1024	0	1	1	430	26	21.7439952939	33.0799042099	34.0834620823	9.229
1024	0	1	2	1776	111	21.7439952939	31.2840227042	32.2875805765	5.969
1025	0	1	1	1246	77	24.4972072717	27.4226504795	28.5532782632	6.378
1025	0	1	2	2598	162	24.4972072717	28.5673583098	29.6979860936	14.599
1026	0	1	1	1064	66	20.4758703961	27.0696523264	28.0146820071	11.716
1026	0	1	2	2412	150	20.4758703961	26.7481289964	27.6931586771	10.252
1027	0	1	1	562	35	20.4446651067	47.0880227673	48.0316122199	17.055
1027	0	1	2	1912	119	20.4446651067	48.5208474905	49.464436943	14.252
1028	0	1	1	517	32	20.9420329622	27.2574726832	28.2240173204	5.339
1028	0	1	2	1864	116	20.9420329622	30.3454214383	31.3119660755	7.102
1030	0	1	1	1064	66	22.0776833041	30.0011563544	31.0201150409	9.134
1030	0	1	2	2411	150	22.0776833041	31.4022644623	32.4212231488	12.74
1031	0	1	1	1233	77	19.1081021946	30.0763471996	30.9582498179	5.748
1031	0	1	2	2582	161	19.1081021946	31.0012022553	31.8831048737	10.331
1032	0	1	1	532	33	18.9081418898	31.1294624125	32.0021361962	16.866
1032	0	1	2	1881	117	18.9081418898	33.1634542762	34.0361280599	4.677
1033	0	1	1	78	4	23.7481819733	27.5512249375	28.6472827066	4.063
1033	0	1	2	1413	88	23.7481819733	28.1509581814	29.2470159505	10.315
1034	0	1	1	532	33	21.7773858182	35.1308216978	36.1359206541	12.977
1034	0	1	2	1881	117	21.7773858182	36.0229692694	37.0280682257	4.095
1036	0	1	1	488	30	22.3702826497	30.5810403125	31.6135034342	10.788
1036	0	1	2	1833	114	22.3702826497	28.1888797445	29.2213428663	14.725
1037	0	1	1	489	30	27.5103519737	28.8457877887	30.1154822456	10.567
1037	0	1	2	1832	114	27.5103519737	28.388084565	29.6577790219	4.646
1038	0	1	1	553	34	24.2066130109	32.6257962299	33.7430121197	9.37
1038	0	1	2	1904	119	24.2066130109	27.9447020919	29.0619179817	11.008
1039	0	1	1	167	10	22.2188692177	27.3320378414	28.3575127284	14
1039	0	1	2	1509	94	22.2188692177	30.6714235423	31.6968984294	15.165
1040	0	1	1	597	37	22.3297157274	27.3543547761	28.3849455992	8.85
1040	0	1	2	1947	121	22.3297157274	28.3799525447	29.4105433677	15.748
1041	0	1	1	1233	77	19.2109259329	30.9740908587	31.8607391354	5.402
1041	0	1	2	2582	161	19.2109259329	28.857476699	29.7441249757	11.811
1042	0	1	1	467	29	20.9895830539	30.5716908898	31.5404301222	5.386
1042	0	1	2	1813	113	20.9895830539	32.7108673803	33.6796066128	5.496
1043	0	1	1	259	16	25.6494543123	29.0953331174	30.2791409434	8.472
1043	0	1	2	1602	100	25.6494543123	31.0872469671	32.2710547931	12.945
1044	0	1	1	532	33	17.5901507627	25.9369991324	26.7488432316	18.441
1044	0	1	2	1880	117	17.5901507627	27.1561945708	27.9680386701	7.874
1046	0	1	1	1269	79	24.4340916277	31.8691270939	32.9968418802	8.236
1046	0	1	2	2601	162	24.4340916277	31.4922325842	32.6199473706	5.969
1047	0	1	1	809	50	22.4309714601	27.2573091078	28.2925732205	4.598
1047	0	1	2	2150	134	22.4309714601	28.0569135548	29.0921776675	7.748
1048	0	1	1	160	10	22.4234390571	30.4869305219	31.521846989	7.779
1048	0	1	2	1498	93	22.4234390571	30.3586170209	31.393533488	17.339
1049	0	1	1	1251	78	18.3309042734	31.6102064046	32.4562387479	10
1049	0	1	2	2600	162	18.3309042734	30.9230406269	31.7690729702	18.315
1050	0	1	1	1062	66	30.1310301182	29.6703867557	31.0610342457	7.339
1050	0	1	2	2408	150	30.1310301182	28.3753287708	29.7659762608	15.149
1051	0	1	1	414	25	21.2256122681	33.8186962192	34.7983289868	7.276
1051	0	1	2	1763	110	21.2256122681	30.146731549	31.1263643166	13.149
1052	0	1	1	530	33	21.0463576996	29.9567321319	30.9280917036	7.464
1052	0	1	2	1879	117	21.0463576996	30.124301414	31.0956609857	6.126
1053	0	1	1	1279	79	25.1021060021	27.7845776227	28.9431234994	5.842
1053	0	1	2	2627	164	25.1021060021	29.7706130504	30.9291589272	12.189
1054	0	1	1	488	30	19.3914277262	31.3519623554	32.2469413916	6.677
1054	0	1	2	1834	114	19.3914277262	31.6744627405	32.5694417767	10.693
1055	0	1	1	470	29	20.9080445578	29.2458792619	30.2108552209	7.433
1055	0	1	2	1815	113	20.9080445578	29.9705995956	30.9355755546	7.59
1056	0	1	1	1284	80	17.9245321828	30.2090566437	31.0363335602	12.819
1056	0	1	2	2629	164	17.9245321828	29.9330989953	30.7603759119	11.779
1057	0	1	1	528	33	19.2603695979	33.0696250527	33.9585553193	9.685
1057	0	1	2	1876	117	19.2603695979	32.9809321424	33.869862409	8.441
1058	0	1	1	488	30	22.7771072722	26.8124238826	27.8636633169	10.598
1058	0	1	2	1831	114	22.7771072722	27.6728409762	28.7240804105	9.717
1059	0	1	1	470	29	22.7674172363	30.768476494	31.8192687009	9.039
1059	0	1	2	1817	113	22.7674172363	31.2848016659	32.3355938728	10.22
1060	0	1	1	554	34	24.57268768	28.123456335	29.2575677912	6.095
1060	0	1	2	1901	118	24.57268768	28.3767387661	29.5108502223	15.685
1061	0	1	1	477	29	23.6274753137	31.8271355524	32.9176223067	5.622
1061	0	1	2	1825	114	23.6274753137	28.7814188879	29.8719056423	6.661
1062	0	1	1	1223	76	24.4519407821	25.852081016	26.9806196003	4.189
1062	0	1	2	2573	160	24.4519407821	29.5247665942	30.6533051785	8.441
1063	0	1	1	1227	76	25.0616935192	31.2622118071	32.4188925131	5.559
1063	0	1	2	2578	161	25.0616935192	30.1706174118	31.3272981177	8.409
1066	0	1	1	603	37	21.4218463415	16.14087904	17.1295686643	14.914
1066	0	1	2	1955	122	21.4218463415	16.6314162443	17.6201058686	10.126
1067	0	1	1	1245	77	22.9228784944	28.5696447541	29.6276120163	8.283
1067	0	1	2	2596	162	22.9228784944	29.4624712962	30.5204385584	18.158
1068	0	1	1	1253	78	21.0898818698	30.7232702664	31.6966386236	6.646
1068	0	1	2	2601	162	21.0898818698	32.7312342065	33.7046025637	7.008
1069	0	1	1	852	53	28.8867054253	35.4063378371	36.7395555942	6.063
1069	0	1	2	2214	138	28.8867054253	30.5981628628	31.9313806199	12.347
1070	0	1	1	488	30	20.8072238991	32.4704249764	33.4307477259	11.59
1070	0	1	2	1834	114	20.8072238991	29.5259563667	30.4862791162	4.095
1071	0	1	1	490	30	23.5279178094	28.7576907761	29.8435826198	11.937
1071	0	1	2	1834	114	23.5279178094	27.9180777421	29.0039695857	8.189
1072	0	1	1	1009	63	24.2774832352	17.9369495009	19.0574362878	7.039
1072	0	1	2	2359	147	24.2774832352	24.2974703236	25.4179571105	5.008
1073	0	1	1	415	25	22.3243419866	32.3113522261	33.3416950331	8.788
1073	0	1	2	1763	110	22.3243419866	32.7297567595	33.7600995665	11.023
1074	0	1	1	430	26	21.8188436504	32.17799221	33.1850045835	9.591
1074	0	1	2	1777	111	21.8188436504	32.8842772556	33.8912896292	5.087
1075	0	1	1	471	29	24.5424351039	23.7857820366	24.9184972356	6.693
1075	0	1	2	1821	113	24.5424351039	26.1090795267	27.2417947256	6.441
1075	1	1	1	472	29	24.5424351039	22.1505640288	23.2832792277	29.717
1075	1	1	2	1822	113	24.5424351039	26.7832842245	27.9159994234	4
1076	0	1	1	802	50	30.3417029423	34.60254579	36.0029165332	8
1076	0	1	2	2146	134	30.3417029423	30.9603066482	32.3606773914	8.677
1078	0	1	1	1060	66	20.9390985866	27.5063115428	28.4727207488	7.654
1078	0	1	2	2407	150	20.9390985866	26.8008074312	27.7672166372	17.905
1079	0	1	1	473	29	20.2164661251	31.773181637	32.7062389458	14.22
1079	0	1	2	1818	113	20.2164661251	35.6858650359	36.6189223447	8.913
1081	0	1	1	431	26	24.2073511701	30.3878060053	31.5050559637	8.393
1081	0	1	2	1779	111	24.2073511701	30.9055990212	32.0228489796	6.126
1082	0	1	1	407	25	20.0978856341	31.2696285591	32.1972129829	4.189
1082	0	1	2	1755	109	20.0978856341	28.4877098454	29.4152942692	13.401
1083	0	1	1	538	33	18.1776863843	27.6986249808	28.5375858077	10.756
1083	0	1	2	1891	118	18.1776863843	26.3001024433	27.1390632703	5.779
1084	0	1	1	879	54	19.4918904368	31.7412665722	32.6408822974	11.055
1084	0	1	2	2222	138	19.4918904368	32.325609522	33.2252252472	8.063
1085	0	1	1	1063	66	22.8406654062	29.8808043955	30.9349772496	7.355
1085	0	1	2	2411	150	22.8406654062	31.3974449237	32.4516177778	20.803
1086	0	1	1	903	56	30.0745622021	34.3216425784	35.7096838858	10.693
1086	0	1	2	2246	140	30.0745622021	30.5292580492	31.9172993566	13.59
1087	0	1	1	554	34	23.5406276556	29.8715907469	30.9580691923	17.087
1087	0	1	2	1901	118	23.5406276556	30.2169171185	31.303395564	15.78
1088	0	1	1	879	54	24.6435933918	30.0501026436	31.1874866348	16.834
1088	0	1	2	2222	138	24.6435933918	26.3473975039	27.4847814951	15.039
1089	0	1	1	472	29	17.2825193662	30.3949557483	31.192601633	27.008
1089	0	1	2	1817	113	17.2825193662	30.3051313909	31.1027772757	7.26
1090	0	1	1	920	57	21.7924947747	22.0776774742	23.0834737593	6.346
1090	0	1	2	2264	141	21.7924947747	26.0148049676	27.0206012527	13.811
1091	0	1	1	1269	79	18.4705840102	29.4546191911	30.3070982199	15.78
1091	0	1	2	2619	163	18.4705840102	27.9966115264	28.8490905552	11.512
1092	0	1	1	1240	77	19.3496789165	28.8686852375	29.761737427	7.527
1092	0	1	2	2598	162	19.3496789165	36.8876078204	37.7806600099	13.496
1093	0	1	1	1251	78	21.8340456675	27.4789454916	28.4866594889	4.189
1093	0	1	2	2600	162	21.8340456675	31.6145192603	32.6222332576	9.559
1094	0	1	1	346	21	18.7289291768	35.8392156	36.7036181195	7.134
1094	0	1	2	1690	105	18.7289291768	31.7672633391	32.6316658586	7.591
1095	0	1	1	567	35	24.5439875762	30.6856916768	31.8184785275	11.213
1095	0	1	2	1915	119	24.5439875762	32.9968538566	34.1296407073	10.41
1096	0	1	1	1061	66	21.8015291265	28.3322546727	29.3384679232	19.685
1096	0	1	2	2403	150	21.8015291265	29.392114675	30.3983279255	11.024
1097	0	1	1	490	30	22.9822163642	28.8740935131	29.9347994158	11.874
1097	0	1	2	1834	114	22.9822163642	30.2714540634	31.3321599661	12.74
1098	0	1	1	474	29	24.9704460031	27.6916160466	28.8440853754	12.519
1098	0	1	2	1821	113	24.9704460031	26.7655433766	27.9180127054	12.189
1099	0	1	1	1275	79	18.2690626309	31.0034482618	31.8466264071	9.622
1099	0	1	2	2625	164	18.2690626309	31.0630631903	31.9062413356	14.693
1100	0	1	1	1238	77	24.8119968647	27.5313156398	28.6764720127	7.338
1100	0	1	2	2587	161	24.8119968647	28.6825994126	29.8277557854	12.74
1101	0	1	1	1238	77	22.7834915436	27.3137782823	28.3653123721	13.354
1101	0	1	2	2587	161	22.7834915436	27.2309987936	28.2825328834	12.252
1101	1	1	1	1236	77	22.7834915436	29.3097334362	30.361267526	6.126
1101	1	1	2	2599	162	22.7834915436	20.7455222948	21.7970563845	14.252
1102	0	1	1	1063	66	14.4934710025	23.4314470191	24.1003690238	4.504
1102	0	1	2	2411	150	14.4934710025	21.6077167314	22.2766387361	9.811
1103	0	1	1	1281	80	26.617739284	32.6292301545	33.85772756	6.913
1103	0	1	2	2629	164	26.617739284	29.5027960161	30.7312934216	18.189
1104	0	1	1	1218	76	20.0362040355	27.3638028577	28.2885404701	7.37
1104	0	1	2	2567	160	20.0362040355	28.0879971585	29.0127347709	11.212
1105	0	1	1	518	32	20.6194362128	26.99902539	27.9506811117	9.103
1105	0	1	2	1865	116	20.6194362128	26.9363355902	27.8879913119	13.685
1107	0	1	1	457	28	25.9942835059	30.962866897	32.1625897399	7.386
1107	0	1	2	1802	112	25.9942835059	32.2538172095	33.4535400523	8.031
1108	0	1	1	1269	79	21.98183066	29.5212879819	30.5358227493	8.961
1108	0	1	2	2618	163	21.98183066	28.9985187277	30.0130534951	5.811
1109	0	1	1	1263	78	21.8543087771	29.9880261505	30.9966753579	4
1109	0	1	2	2614	163	21.8543087771	29.2125719266	30.221221134	10.315
1110	0	1	1	1041	65	19.6188208085	31.3542601096	32.2597340946	13.307
1110	0	1	2	2396	149	19.6188208085	29.5547061127	30.4601800977	11.937
1111	0	1	1	1062	66	19.7336939342	31.2602126087	32.1709883715	6.126
1111	0	1	2	2408	150	19.7336939342	30.2718105898	31.1825863525	15.213
1112	0	1	1	338	21	24.7961270938	28.3120873747	29.4565113047	12.708
1112	0	1	2	1683	105	24.7961270938	29.8274427241	30.9718666541	16.031
1113	0	1	1	438	27	21.6749545085	27.3935994292	28.3939708391	9.449
1113	0	1	2	1783	111	21.6749545085	29.2439457249	30.2443171348	12.378
1114	0	1	1	1218	76	21.6292372837	29.4512102953	30.4494717029	4.567
1114	0	1	2	2566	160	21.6292372837	29.8248437024	30.82310511	11.323
1115	0	1	1	1089	68	22.0989703894	35.7296124045	36.7495535609	9.654
1115	0	1	2	2436	152	22.0989703894	31.7568157882	32.7767569446	6
1116	0	1	1	473	29	19.1951762118	30.1710140028	31.0569353773	13.166
1116	0	1	2	1818	113	19.1951762118	30.3164290613	31.2023504359	9.102
1117	0	1	1	930	58	23.31915083	30.251032989	31.3272895406	11.716
1117	0	1	2	2273	142	23.31915083	31.2884343288	32.3646908803	7.559
1118	0	1	1	957	59	23.6489963281	30.7483737022	31.8398537232	10.851
1118	0	1	2	2301	143	23.6489963281	31.9324413428	33.0239213637	8.851
1119	0	1	1	1021	63	26.5940076648	23.1373825468	24.3647846589	15.134
1119	0	1	2	2361	147	26.5940076648	28.3376191106	29.5650212227	7.37
1120	0	1	1	1097	68	23.7830562074	28.9795587235	30.0772260548	5.842
1120	0	1	2	2438	152	23.7830562074	26.3592436678	27.4569109991	4.709
1121	0	1	1	1248	78	14.0733008467	30.1531163965	30.8026461477	7.685
1121	0	1	2	2597	162	14.0733008467	27.9307859688	28.58031572	25.339
1122	0	1	1	587	36	19.5066121675	31.5587286713	32.4590238534	12.189
1122	0	1	2	1933	120	19.5066121675	30.3912211058	31.2915162879	12.095
1123	0	1	1	1246	77	23.312830859	32.1311609977	33.2071258615	13.181
1123	0	1	2	2598	162	23.312830859	33.6977810322	34.7737458961	18.756
1124	0	1	1	528	33	20.5817537803	31.115351972	32.0652685239	15.654
1124	0	1	2	1876	117	20.5817537803	30.6171621021	31.567078654	5.717
1125	0	1	1	281	17	25.1499738184	29.5287846433	30.6895397794	15.244
1125	0	1	2	1625	101	25.1499738184	31.6579437624	32.8186988984	12
1126	0	1	1	431	26	23.1197125244	29.2286683302	30.2957201391	6.22
1126	0	1	2	1779	111	23.1197125244	31.3299522984	32.3970041073	8.85
1127	0	1	1	1057	66	24.2043974677	27.3661624675	28.4832761026	13.874
1127	0	1	2	2412	150	24.2043974677	28.517003451	29.6341170861	12.378
1128	0	1	1	1003	62	23.4983439487	28.9492475809	30.0337744923	13.055
1128	0	1	2	2351	146	23.4983439487	33.3801598039	34.4646867152	9.307
1129	0	1	1	1220	76	20.5637255552	28.7457917477	29.6948762369	9.78
1129	0	1	2	2569	160	20.5637255552	27.4562645802	28.4053490693	14.929
1130	0	1	1	1009	63	27.3448063264	16.4913596234	17.7534135968	27.37
1130	0	1	2	2356	147	27.3448063264	28.9239731056	30.186027079	15.086
1131	0	1	1	265	16	21.3304783628	30.7889365532	31.7734092406	14.882
1131	0	1	2	1608	100	21.3304783628	28.8199678865	29.8044405739	12.409
1132	0	1	1	903	56	23.7567202687	28.5371501155	29.6336019554	14.41
1132	0	1	2	2244	140	23.7567202687	27.9431145218	29.0395663618	9.685
1133	0	1	1	1258	78	21.1436802147	26.3281764768	27.304027807	5.103
1133	0	1	2	2609	163	21.1436802147	26.8014574388	27.777308769	15.496
1134	0	1	1	310	19	23.0631498982	30.360323045	31.4247643001	9.685
1134	0	1	2	1653	103	23.0631498982	29.9877982522	31.0522395073	7.874
1135	0	1	1	1063	66	21.497763306	30.1938324741	31.1860259194	6.834
1135	0	1	2	2412	150	21.497763306	31.6760739952	32.6682674404	7.811
1136	0	1	1	432	27	20.1030519472	29.0272672335	29.9550900998	4.567
1136	0	1	2	1779	111	20.1030519472	29.1758495106	30.103672377	5.118
1137	0	1	1	1253	78	22.8573355089	30.2205673236	31.2755095585	5.685
1137	0	1	2	2601	162	22.8573355089	29.4236537514	30.4785959863	9.59
1138	0	1	1	1264	79	19.8622614035	30.5996434617	31.5163530417	9.401
1138	0	1	2	2615	163	19.8622614035	30.7344466371	31.6511562172	10.22
1139	0	1	1	129	8	22.854106928	24.3348557566	25.3896489818	7.244
1139	0	1	2	1465	91	22.854106928	32.9456867513	34.0004799765	8.457
1140	0	1	1	1095	68	17.6936266558	29.3352186825	30.1518385392	5.937
1140	0	1	2	2444	152	17.6936266558	31.9934635051	32.8100833619	7.37
1141	0	1	1	478	29	22.1847247768	30.9415401369	31.9654391441	4.22
1141	0	1	2	1827	114	22.1847247768	28.7463238593	29.7702228666	9.244
1142	0	1	1	1237	77	20.0233439939	32.7173378443	33.6414819229	8.409
1142	0	1	2	2585	161	20.0233439939	31.7194508591	32.6435949377	12.519
1143	0	1	1	585	36	27.6340475107	29.0350174845	30.3104209028	11.055
1143	0	1	2	1933	120	27.6340475107	29.2468951612	30.5222985795	16.378
1144	0	1	1	550	34	23.0253298638	30.0335994025	31.096295137	4.519
1144	0	1	2	1895	118	23.0253298638	32.0373807108	33.1000764453	15.685
1145	0	1	1	1248	78	24.8907109511	29.9046411562	31.0534304466	4.819
1145	0	1	2	2598	162	24.8907109511	32.3479778311	33.4967671215	25.134
1146	0	1	1	567	35	16.5934048955	33.5877086941	34.3535496487	6.945
1146	0	1	2	1915	119	16.5934048955	35.9735401582	36.7393811128	7.039
1147	0	1	1	530	33	20.1480318764	31.1328539446	32.0627527847	9.212
1147	0	1	2	1879	117	20.1480318764	30.4127357058	31.3426345458	5.512
1148	0	1	1	1022	63	21.9978871908	40.1430747513	41.1583505811	27.496
1148	0	1	2	2366	147	21.9978871908	40.7571691181	41.7724449479	6.473
1148	1	1	1	1000	62	21.9978871908	42.4741231167	43.4893989465	21.071
1148	1	1	2	2351	146	21.9978871908	37.3090350402	38.32431087	11.527
1149	0	1	1	159	9	26.0248259915	30.2781180318	31.4792505122	9.843
1149	0	1	2	1502	93	26.0248259915	27.9883237109	29.1894561913	12.095
1150	0	1	1	429	26	23.619723387	31.3684963734	32.4586253505	6.945
1150	0	1	2	1775	110	23.619723387	32.8995452851	33.9896742622	8.378
1151	0	1	1	154	9	20.9374495896	32.9219576882	33.8882907875	11.874
1151	0	1	2	1496	93	20.9374495896	31.6217902499	32.5881233492	5.086
1152	0	1	1	488	30	17.766117359	31.020778269	31.8407438133	11.37
1152	0	1	2	1833	114	17.766117359	30.7676134101	31.5875789544	12.252
1153	0	1	1	1239	77	23.0048930699	30.3148755601	31.3766280683	14.662
1153	0	1	2	2589	161	23.0048930699	28.9640909247	30.025843433	10.961
1154	0	1	1	1241	77	22.8542677536	28.900637787	29.9554384348	12.693
1154	0	1	2	2587	161	22.8542677536	28.0657210169	29.1205216646	11.969
1155	0	1	1	430	26	23.0479041316	28.7155954537	29.7793330659	10.032
1155	0	1	2	1776	111	23.0479041316	30.2631132036	31.3268508158	6.094
1156	0	1	1	1253	78	19.9629521995	28.1123968243	29.0337536202	6.693
1156	0	1	2	2601	162	19.9629521995	30.3352397617	31.2565965577	11.811
1157	0	1	1	266	16	20.7091325063	27.8586215255	28.8144170302	12.536
1157	0	1	2	1610	100	20.7091325063	29.4966799985	30.4524755032	8.724
1159	0	1	1	472	29	24.333026138	28.5274751768	29.6505254539	29.401
1159	0	1	2	1818	113	24.333026138	30.7571674297	31.8802177068	10.882
1160	0	1	1	182	11	26.4212339691	26.4709244424	27.6903524725	10.346
1160	0	1	2	1526	95	26.4212339691	27.9211829849	29.140611015	12.913
1161	0	1	1	713	44	33.0742010362	26.4564434571	27.9829280968	11.527
1161	0	1	2	2056	128	33.0742010362	32.6536716515	34.1801562912	9.685
1162	0	1	1	489	30	18.9728661137	31.3402691742	32.2159301966	9.638
1162	0	1	2	1834	114	18.9728661137	27.8807165857	28.756377608	8.063
1163	0	1	1	229	14	24.8172982421	28.3928112644	29.5382123135	7.244
1163	0	1	2	1572	98	24.8172982421	29.1593717664	30.3047728155	8.158
1164	0	1	1	1224	76	21.4019534886	32.0173547233	33.0051262261	11.024
1164	0	1	2	2574	160	21.4019534886	29.0382567641	30.0260282668	10.661
1165	0	1	1	1258	78	21.7372433364	28.8098086062	29.8130548532	11.937
1165	0	1	2	2604	162	21.7372433364	31.3306491221	32.3338953691	11.685
1166	0	1	1	438	27	24.5353581709	29.9957530351	31.12814161	4.315
1166	0	1	2	1783	111	24.5353581709	30.58243886	31.7148274349	9.181
1167	0	1	1	282	17	25.490896361	31.5769515746	32.7534414225	11.78
1167	0	1	2	1626	101	25.490896361	29.2656702874	30.4421601353	6.535
1168	0	1	1	935	58	25.7867248342	26.7345783929	27.9247217111	13.212
1168	0	1	2	2278	142	25.7867248342	26.8648343843	28.0549777025	10.032
1169	0	1	1	458	28	25.5429614499	29.3895714561	30.5684642815	7.496
1169	0	1	2	1801	112	25.5429614499	30.3364575958	31.5153504212	4.095
1170	0	1	1	1022	63	26.7412427704	30.7845932429	32.018790746	11.527
1170	0	1	2	2368	148	26.7412427704	26.6026779318	27.8368754349	20.41
1171	0	1	1	438	27	22.4603055942	33.2216330099	34.2582509907	5.717
1171	0	1	2	1784	111	22.4603055942	31.6834232775	32.7200412583	10.504
1172	0	1	1	491	30	15.8283971815	30.5748534789	31.3053867771	11.103
1172	0	1	2	1835	114	15.8283971815	30.2140025392	30.9445358374	10.646
1173	0	1	1	1062	66	26.0730787214	29.6935823185	30.8969418233	4.283
1173	0	1	2	2410	150	26.0730787214	30.1765691306	31.3799286354	6.662
1174	0	1	1	1104	69	20.1679142046	30.0347258367	30.9655423125	9.229
1174	0	1	2	2452	153	20.1679142046	29.8566213925	30.7874378683	15.874
1174	1	1	1	1094	68	20.1679142046	29.7080154588	30.6388319346	4.945
1174	1	1	2	2453	153	20.1679142046	31.8803798933	32.8111963691	6.614
1175	0	1	1	570	35	20.3418738094	24.7652063661	25.7040516576	11.023
1175	0	1	2	1920	120	20.3418738094	31.2909468143	32.2297921058	6.693
1176	0	1	1	429	26	23.9263043583	29.3150662893	30.4193450003	9.402
1176	0	1	2	1776	111	23.9263043583	31.6087796569	32.7130583679	7.528
1177	0	1	1	1284	80	24.2654572472	32.609889983	33.7298217305	9.039
1177	0	1	2	2631	164	24.2654572472	31.2405773251	32.3605090726	12.756
1178	0	1	1	440	27	21.7971048917	32.3125526323	33.3185616896	13.811
1178	0	1	2	1787	111	21.7971048917	30.1419514689	31.1479605263	9.496
1179	0	1	1	1279	79	21.5447485737	29.0454894675	30.0398514395	10.031
1179	0	1	2	2629	164	21.5447485737	31.3271018835	32.3214638555	11.37
1180	0	1	1	1057	66	25.4628380282	30.7726258388	31.9478207011	5.338
1180	0	1	2	2402	150	25.4628380282	32.9489915209	34.1241863832	9.465
1181	0	1	1	594	37	16.2583142857	31.0349642076	31.7853396134	4.063
1181	0	1	2	1948	121	16.2583142857	26.6890999742	27.43947538	4.252
1182	0	1	1	530	33	17.2108959382	29.8936357193	30.687975944	9.039
1182	0	1	2	1879	117	17.2108959382	30.3959497979	31.1902900227	5.307
1183	0	1	1	437	27	19.8805866691	28.6627241204	29.5802794725	5.559
1183	0	1	2	1782	111	19.8805866691	27.4943518678	28.41190722	5.59
1184	0	1	1	1246	77	15.0494631274	32.6257459544	33.3203288493	12.094
1184	0	1	2	2597	162	15.0494631274	31.6370255212	32.331608416	14.787
1185	0	1	1	489	30	21.567119006	28.5008091243	29.4962035663	6.787
1185	0	1	2	1834	114	21.567119006	29.3017288028	30.2971232448	11.071
1186	0	1	1	1243	77	21.8076514538	30.0069315435	31.0134273598	4.126
1186	0	1	2	2589	161	21.8076514538	31.5600063435	32.5665021598	5.15
1187	0	1	1	516	32	20.6614374789	23.1694924956	24.1230867158	15.118
1187	0	1	2	1861	116	20.6614374789	24.8116206585	25.7652148787	20.708
1188	0	1	1	233	14	25.9596014236	32.4979467984	33.6960689475	7.339
1188	0	1	2	1576	98	25.9596014236	32.6990909638	33.8972131129	11.433
1189	0	1	1	485	30	17.8332157547	31.8846568592	32.7077192181	12.599
1189	0	1	2	1830	114	17.8332157547	30.0843385566	30.9074009156	10.315
1190	0	1	1	1241	77	23.9552225444	30.1408903313	31.246503713	7.118
1190	0	1	2	2589	161	23.9552225444	28.4971951778	29.6028085596	16.41
1191	0	1	1	567	35	21.0087509353	30.1566501904	31.1262740845	6.756
1191	0	1	2	1915	119	21.0087509353	31.0375444182	32.0071683123	9.339
1192	0	1	1	1224	76	22.5733905224	30.0489381715	31.0907753987	9.496
1192	0	1	2	2574	160	22.5733905224	33.2032606183	34.2450978454	13.968
1193	0	1	1	487	30	24.6153414873	30.224983829	31.3610639006	16.662
1193	0	1	2	1832	114	24.6153414873	32.1356709659	33.2717510375	5.779
1194	0	1	1	76	4	19.469481636	30.2980578236	31.1966393079	9.276
1194	0	1	2	1416	88	19.469481636	28.8984021583	29.7969836426	11.937
1195	0	1	1	514	32	22.4139052323	28.545149675	29.5796261243	8.567
1195	0	1	2	1860	116	22.4139052323	28.6154394776	29.6499159269	13.78
1196	0	1	1	1255	78	16.7777458313	15.6614794617	16.435828365	4.63
1196	0	1	2	2593	162	16.7777458313	14.7968178904	15.5711667937	8
1196	1	1	1	1254	78	16.7777458313	27.7883430187	28.562691922	11.008
1196	1	1	2	2602	162	16.7777458313	29.9790836804	30.7534325837	8.409
1197	0	1	1	538	33	23.4889395381	30.8018898443	31.8859827108	5.685
1197	0	1	2	1888	118	23.4889395381	29.4166899239	30.5007827904	14.977
1198	0	1	1	1063	66	23.1745224239	32.5850193709	33.6546008394	4.725
1198	0	1	2	2412	150	23.1745224239	30.0343869025	31.103968371	14.252
1199	0	1	1	1284	80	27.8669131151	31.2551789397	32.5413298819	9.118
1199	0	1	2	2632	164	27.8669131151	29.1202826336	30.4064335759	16.126
1200	0	1	1	597	37	17.6632979293	26.6512519586	27.4664720434	7.102
1200	0	1	2	1946	121	17.6632979293	30.1195432799	30.9347633648	13.008
1201	0	1	1	1227	76	23.1808525589	28.6611206853	29.7309943106	9.023
1201	0	1	2	2579	161	23.1808525589	27.212942972	28.2828165973	9.213
1202	0	1	1	1265	79	22.2318135597	27.2344839585	28.2605562701	12
1202	0	1	2	2614	163	22.2318135597	29.6379889557	30.6640612673	4.221
1203	0	1	1	602	37	18.7403102833	26.1217412996	26.9866690951	14.473
1203	0	1	2	1953	122	18.7403102833	28.5097272901	29.3746550856	7.37
1204	0	1	1	487	30	22.0945886771	31.3517625637	32.3715014895	7.717
1204	0	1	2	1832	114	22.0945886771	30.8074050499	31.8271439757	13.401
1205	0	1	1	452	28	20.6440242027	34.1216007262	35.0743912656	15.842
1205	0	1	2	1796	112	20.6440242027	29.6477480102	30.6005385497	9.528
1206	0	1	1	82	5	26.1005675304	35.8867435698	37.0913717747	4
1206	0	1	2	1422	88	26.1005675304	32.4800553284	33.6846835333	12.677
1207	0	1	1	552	34	21.231829163	32.8076651711	33.787584869	7.937
1207	0	1	2	1896	118	21.231829163	33.0873566146	34.0672763126	20.63
1208	0	1	1	814	50	23.3952901459	29.161115276	30.2408859108	12.252
1208	0	1	2	2155	134	23.3952901459	29.6731535947	30.7529242295	4.268
1209	0	1	1	444	27	20.567798281	26.1543030141	27.1035754731	7.811
1209	0	1	2	1791	111	20.567798281	26.1514063803	27.1006788393	10.504
1210	0	1	1	470	29	20.7666381362	31.2804596333	32.2389092145	8.378
1210	0	1	2	1816	113	20.7666381362	29.7559441596	30.7143937408	7.685
1211	0	1	1	519	32	15.8095879098	29.2934921862	30.0231573738	6.724
1211	0	1	2	1865	116	15.8095879098	30.1387803493	30.8684455369	7.37
1212	0	1	1	902	56	25.8683204539	32.3663582657	33.5602674938	11.275
1212	0	1	2	2245	140	25.8683204539	30.3320763007	31.5259855288	4.346
1213	0	1	1	169	10	18.8591912885	28.8622534698	29.73266802	7.401
1213	0	1	2	1511	94	18.8591912885	27.5313064893	28.4017210396	14
1214	0	1	1	472	29	23.1879289028	32.1702927355	33.2404929576	18.347
1214	0	1	2	1817	113	23.1879289028	28.8466964343	29.9168966565	13.418
1215	0	1	1	430	26	20.2515925776	27.9792181971	28.9138967087	10.425
1215	0	1	2	1772	110	20.2515925776	29.9748108154	30.9094893271	11.055
1216	0	1	1	485	30	23.499566055	31.967467744	33.0520510596	10.945
1216	0	1	2	1830	114	23.499566055	32.4599900874	33.5445734031	8.504
1217	0	1	1	1264	79	22.383770916	33.4561358015	34.4892214517	5.654
1217	0	1	2	2615	163	22.383770916	31.3063749586	32.3394606088	11.748
1219	0	1	1	591	36	27.9596581362	27.4213568497	28.7117882838	7.339
1219	0	1	2	1940	121	27.9596581362	26.8131562015	28.1035876357	10.598
1220	0	1	1	1211	75	20.2987813363	28.0406558162	28.9775122464	4.772
1220	0	1	2	2569	160	20.2987813363	29.1630202484	30.0998766786	7.307
1221	0	1	1	210	13	23.0482471374	33.4356798384	34.4994332814	6.315
1221	0	1	2	1553	97	23.0482471374	31.8292230653	32.8929765083	5.716
1222	0	1	1	488	30	21.4508434651	32.2334815416	33.2235094798	8.834
1222	0	1	2	1833	114	21.4508434651	30.0881951435	31.0782230817	12.914
1223	0	1	1	485	30	17.1878980562	27.3077489463	28.1010277422	14.771
1223	0	1	2	1830	114	17.1878980562	29.9268963161	30.720175112	11.685
1224	0	1	1	525	32	15.4554841496	31.8637330108	32.5770551294	6.126
1224	0	1	2	1872	117	15.4554841496	32.1183190166	32.8316411352	9.969
1225	0	1	1	1022	63	29.9434824399	25.0120740359	26.3940655753	28.158
1225	0	1	2	2368	148	29.9434824399	21.8218514362	23.2038429756	19.04
1226	0	1	1	1277	79	19.5991975249	35.609354409	36.5139227141	8.284
1226	0	1	2	2626	164	19.5991975249	31.1777836836	32.0823519886	15.338
1227	0	1	1	456	28	23.8744438832	31.3294619461	32.4313471233	6.551
1227	0	1	2	1800	112	23.8744438832	31.4992662583	32.6011514355	15.338
1228	0	1	1	571	35	25.8334605202	24.5715177202	25.7638180461	5.008
1228	0	1	2	1920	120	25.8334605202	29.0889279829	30.2812283088	5.338
1229	0	1	1	793	49	21.6233653407	32.7372795634	33.7352699612	9.905
1229	0	1	2	2133	133	21.6233653407	31.6250221284	32.6230125262	18.378
1230	0	1	1	413	25	21.1336970763	29.1527888631	30.1281794381	6.126
1230	0	1	2	1759	109	21.1336970763	30.4303934245	31.4057839995	5.338
1231	0	1	1	452	28	22.169184497	29.6835029756	30.7066847471	22.441
1231	0	1	2	1798	112	22.169184497	30.2587563182	31.2819380898	4.409
1232	0	1	1	1236	77	19.2208654646	32.2944627567	33.1815697759	11.181
1232	0	1	2	2585	161	19.2208654646	31.6737670145	32.5608740337	11.055
1233	0	1	1	539	33	23.9440113829	28.5062540025	29.6113499517	8.945
1233	0	1	2	1888	118	23.9440113829	29.4980224163	30.6031183655	10.834
1234	0	1	1	550	34	19.4945433054	32.1226146634	33.0223528273	8.662
1234	0	1	2	1897	118	19.4945433054	35.6247274173	36.5244655812	4.914
1235	0	1	1	524	32	18.9858893579	30.4375001672	31.3137622557	4.976
1235	0	1	2	1872	117	18.9858893579	32.2312861666	33.1075482551	4.772
1236	0	1	1	554	34	28.3540145985	7.20787179904	8.51650409862	15.811
1236	0	1	2	1904	119	28.3540145985	3.1374689189	4.44610121848	12.724
1237	0	1	1	431	26	25.3803564053	28.8720209287	30.0434089891	7.401
1237	0	1	2	1777	111	25.3803564053	26.8769977309	28.0483857914	12.157
1238	0	1	1	481	30	19.7353559207	28.2088795928	29.1197320617	22.284
1238	0	1	2	1827	114	19.7353559207	31.3848079162	32.2956603851	7.874
1239	0	1	1	141	8	25.7353055805	32.295098323	33.4828684712	13.496
1239	0	1	2	1482	92	25.7353055805	33.6331908671	34.8209610153	10.221
1240	0	1	1	1064	66	23.9423601959	31.1641960668	32.2692158083	9.843
1240	0	1	2	2412	150	23.9423601959	33.500627286	34.6056470275	15.591
1241	0	1	1	1258	78	22.660303076	32.0688089493	33.1146574806	5.591
1241	0	1	2	2609	163	22.660303076	31.9951702148	33.0410187461	13.402
1242	0	1	1	444	27	23.2284104501	30.4026478527	31.4747164333	4
1242	0	1	2	1791	111	23.2284104501	30.4463801668	31.5184487473	8.032
1243	0	1	1	491	30	17.611986112	29.8310432186	30.643895092	10.819
1243	0	1	2	1837	114	17.611986112	28.0816471292	28.8944990026	9.37
1244	0	1	1	1067	66	27.1799142017	27.3796660188	28.6341096709	5.969
1244	0	1	2	2415	150	27.1799142017	27.0440025572	28.2984462093	12.756
1245	0	1	1	1270	79	21.064652402	34.1327485028	35.1049524359	6.456
1245	0	1	2	2619	163	21.064652402	31.3595508481	32.3317547812	11.59
1246	0	1	1	545	34	20.3128894875	36.3630223367	37.3005299051	14
1246	0	1	2	1893	118	20.3128894875	37.0667042259	38.0042117944	15.354
1247	0	1	1	440	27	20.2936194354	29.2251031453	30.1617213366	13.654
1247	0	1	2	1787	111	20.2936194354	30.6480444044	31.5846625956	14.157
1248	0	1	1	523	32	19.3900316187	31.1414167558	32.036331357	7.874
1248	0	1	2	1869	116	19.3900316187	31.4606026189	32.3555172201	15.527
1249	0	1	1	1268	79	21.3320548387	28.9611588139	29.945704261	4.677
1249	0	1	2	2619	163	21.3320548387	30.5848772487	31.5694226957	6.441
1250	0	1	1	538	33	21.6191890019	28.5952073654	29.5930050113	14.677
1250	0	1	2	1891	118	21.6191890019	27.0289006698	28.0266983157	19.779
1251	0	1	1	485	30	19.119028772	27.3976839137	28.2800908301	10.582
1251	0	1	2	1828	114	19.119028772	28.6623761294	29.5447830458	6.378
1252	0	1	1	600	37	18.9922850244	32.6283063151	33.5048635849	11.181
1252	0	1	2	1950	121	18.9922850244	31.7817393243	32.6582965942	5.527
1253	0	1	1	431	26	23.4187521801	31.4576667123	32.5385201983	9.433
1253	0	1	2	1777	111	23.4187521801	30.7917599997	31.8726134856	6.677
1254	0	1	1	1248	78	23.2297039151	29.9834148835	31.0555431618	4
1254	0	1	2	2598	162	23.2297039151	32.9014183289	33.9735466071	21.275
1255	0	1	1	919	57	32.300058988	26.898652811	28.3894082144	15.622
1255	0	1	2	2262	141	32.300058988	31.9750232982	33.4657787016	5.465
1256	0	1	1	481	30	22.3636852517	28.6572224686	29.6893810985	17.307
1256	0	1	2	1827	114	22.3636852517	27.8995973418	28.9317559716	10.441
1257	0	1	1	1271	79	13.4940950205	30.7915649284	31.4143623999	8.725
1257	0	1	2	2619	163	13.4940950205	30.2464764182	30.8692738897	8.409
1258	0	1	1	879	54	27.3573135682	26.5566395416	27.8192707658	10.157
1258	0	1	2	2222	138	27.3573135682	27.0620732072	28.3247044315	13.937
1259	0	1	1	1256	78	21.4409330433	32.9047406594	33.8943111986	5.622
1259	0	1	2	2604	162	21.4409330433	33.2922798893	34.2818504285	17.465
1260	0	1	1	1064	66	23.5615643515	29.5767416706	30.6641864143	13.197
1260	0	1	2	2412	150	23.5615643515	30.9222335317	32.0096782754	17.417
1261	0	1	1	764	47	29.2771063759	18.0692077966	19.4204438591	13.212
1261	0	1	2	2105	131	29.2771063759	17.0943103201	18.4455463826	4.756
1262	0	1	1	1064	66	19.1767981131	31.8641283272	32.7492014912	5.496
1262	0	1	2	2411	150	19.1767981131	32.6080912188	33.4931643828	12.158
1263	0	1	1	1269	79	25.6323215629	28.5470573461	29.7300744386	9.937
1263	0	1	2	2620	163	25.6323215629	29.6035501352	30.7865672277	7.166
1264	0	1	1	450	28	22.6784976746	30.3668506141	31.4135388868	21.842
1264	0	1	2	1796	112	22.6784976746	31.2887754985	32.3354637712	4.567
1265	0	1	1	1275	79	26.3653273239	31.3875209882	32.6043687402	9.685
1265	0	1	2	2625	164	26.3653273239	32.2204173837	33.4372651357	7.685
1266	0	1	1	566	35	24.9904550095	30.1375437481	31.2909365593	6.74
1266	0	1	2	1913	119	24.9904550095	29.4298557771	30.5832485883	8.677
1267	0	1	1	1237	77	27.3361826398	25.7736630455	27.035319007	10.063
1267	0	1	2	2584	161	27.3361826398	26.8189572387	28.0806132001	12.488
1268	0	1	1	310	19	25.0390819014	29.2702261331	30.4258632375	13.811
1268	0	1	2	1653	103	25.0390819014	30.8180266691	31.9736637734	11.968
1269	0	2	1	269	16	25.68101617	32.3852889629	33.5705534739	9.59
1269	0	2	2	1612	100	25.68101617	32.3469013877	33.5321658986	7.118
1270	0	2	1	217	13	22.9585907244	27.7111778931	28.7707933937	10.441
1270	0	2	2	1560	97	22.9585907244	29.1376078023	30.1972233029	8.693
1271	0	2	1	1275	79	26.6121719971	30.0183381618	31.2465786184	10.772
1271	0	2	2	2625	164	26.6121719971	31.5879392549	32.8161797115	10
1272	0	2	1	1243	77	21.06394204	30.0044870561	30.9766582037	5.275
1272	0	2	2	2593	162	21.06394204	31.3650767606	32.3372479081	12.22
1273	0	2	1	561	35	27.2992725997	31.7220110297	32.9819634697	8.819
1273	0	2	2	1909	119	27.2992725997	30.2293344938	31.4892869339	7.496
1274	0	2	1	1246	77	21.7643262502	34.8649128895	35.8694091033	7.716
1274	0	2	2	2597	162	21.7643262502	33.0160893521	34.0205855658	16
1275	0	2	1	458	28	22.6684716599	25.3711361777	26.4173617163	5.748
1275	0	2	2	1803	112	22.6684716599	27.9587073143	29.004932853	13.212
1276	0	2	1	467	29	20.5374584982	30.2789115571	31.2267837341	5.969
1276	0	2	2	1814	113	20.5374584982	30.8390831069	31.7869552838	5.937
1277	0	2	1	1234	77	18.8473855902	29.8862803266	30.7561500045	11.685
1277	0	2	2	2585	161	18.8473855902	29.9804508885	30.8503205664	11.527
1278	0	2	1	488	30	24.744575837	29.1221652408	30.2642099085	11.071
1278	0	2	2	1831	114	24.744575837	29.1397331656	30.2817778333	8.63
1279	0	2	1	304	19	18.280762848	26.7505351905	27.5942533398	15.685
1279	0	2	2	1649	103	18.280762848	30.1067048524	30.9504230017	4.662
1280	0	2	1	443	27	20.7022119306	29.3088214159	30.264297513	4.661
1280	0	2	2	1790	111	20.7022119306	28.8780357465	29.8335118435	6.708
1281	0	2	1	472	29	20.9649155816	18.6269717069	19.5945724533	14.315
1281	0	2	2	1815	113	20.9649155816	29.6964593479	30.6640600943	8.284
1282	0	2	1	139	8	23.8458549462	30.795829279	31.8963949815	8.095
1282	0	2	2	1480	92	23.8458549462	30.0306263086	31.131192011	8.897
1283	0	2	1	481	30	20.6605021737	26.7758631225	27.7294141752	28.425
1283	0	2	2	1827	114	20.6605021737	28.3149154634	29.2684665162	11.748
1284	0	2	1	547	34	22.4740882956	25.908332514	26.9455866123	21.275
1284	0	2	2	1894	118	22.4740882956	29.291644637	30.3288987354	13.339
1285	0	2	1	1217	76	20.4990787776	30.869136433	31.8152372578	5.401
1285	0	2	2	2566	160	20.4990787776	31.7565528631	32.702653688	12.693
1286	0	2	1	192	12	26.0008886836	30.0476467625	31.2476744563	6.22
1286	0	2	2	1535	95	26.0008886836	31.2157770004	32.4158046942	8.992
1287	0	2	1	429	26	19.5313764056	30.1833379183	31.0847760526	10.536
1287	0	2	2	1776	111	19.5313764056	30.2660941628	31.1675322971	5.464
1288	0	2	1	157	9	21.6370528088	31.5036345753	32.5022566955	5.213
1288	0	2	2	1497	93	21.6370528088	28.9676203754	29.9662424955	19.937
1289	0	2	1	586	36	17.2299349452	29.8299695988	30.6251885373	10.315
1289	0	2	2	1937	121	17.2299349452	30.6252566665	31.4204756049	9.149
1290	0	2	1	591	36	20.2762411833	28.5521484663	29.4879645933	12.787
1290	0	2	2	1941	121	20.2762411833	29.7725571692	30.7083732962	9.874
1291	0	2	1	487	30	22.7021920453	30.10571081	31.1534926569	10.771
1291	0	2	2	1831	114	22.7021920453	30.483944872	31.5317267188	8.252
1292	0	2	1	1094	68	24.3748485558	28.0506911934	29.1756717145	5.103
1292	0	2	2	2441	152	24.3748485558	29.0157645534	30.1407450744	11.024
1294	0	2	1	586	36	17.7481468077	26.7959108308	27.6150469743	10.095
1294	0	2	2	1936	121	17.7481468077	26.2599427631	27.0790789066	4.032
1295	0	2	1	274	17	23.097473464	28.258696856	29.3247222581	5.654
1295	0	2	2	1618	101	23.097473464	27.2264644135	28.2924898156	14.284
1296	0	2	1	1067	66	26.1048308011	31.9748163582	33.1796413273	8.819
1296	0	2	2	2414	150	26.1048308011	30.3334150084	31.5382399775	15.355
1297	0	2	1	430	26	17.949086143	29.1500881156	29.9784982793	5.401
1297	0	2	2	1776	111	17.949086143	33.2074195436	34.0358297073	8.095
1298	0	2	1	490	30	21.7079285956	31.6305353569	32.632428631	10.882
1298	0	2	2	1835	114	21.7079285956	31.4259221409	32.4278154149	6.22
1301	0	2	1	490	30	24.1686364828	31.0859172587	32.2013804051	11.213
1301	0	2	2	1835	114	24.1686364828	30.664314199	31.7797773455	14.251
1302	0	2	1	1245	77	24.039807692	30.1671328004	31.2766500687	10.158
1302	0	2	2	2594	162	24.039807692	29.1074233786	30.2169406469	19.417
1303	0	2	1	455	28	21.3581422018	28.5766526723	29.5624021381	18.252
1303	0	2	2	1801	112	21.3581422018	28.2408728795	29.2266223454	11.354
1304	0	2	1	1236	77	18.1937292739	29.7022863302	30.54198759	11.937
1304	0	2	2	2584	161	18.1937292739	30.2026776848	31.0423789446	12.898
1306	0	2	1	440	27	22.7100073241	30.7075725803	31.7557151283	6.787
1306	0	2	2	1784	111	22.7100073241	29.6254688042	30.6736113522	13.275
1307	0	2	1	933	58	21.5448409597	29.5844373244	30.5788035603	10.283
1307	0	2	2	2274	142	21.5448409597	29.1821703919	30.1765366278	9.842
1308	0	2	1	1213	75	21.1193567986	29.8268663641	30.8015950876	9.134
1308	0	2	2	2564	160	21.1193567986	30.3284408669	31.3031695903	11.512
1309	0	2	1	159	9	23.4031755195	28.2890966466	29.3692312177	4.85
1309	0	2	2	1499	93	23.4031755195	30.2692440193	31.3493785905	16.646
1310	0	2	1	485	30	20.4022878039	32.2049264204	33.1465600191	14.315
1310	0	2	2	1829	114	20.4022878039	30.6664940158	31.6081276146	7.103
1311	0	2	1	490	30	20.1375567249	29.6173104636	30.5467258405	13.937
1311	0	2	2	1834	114	20.1375567249	29.6943256232	30.6237410001	9.401
1312	0	2	1	1281	80	18.6909401904	27.9254166727	28.7880658739	17.339
1312	0	2	2	2632	164	18.6909401904	27.6556999782	28.5183491793	12.22
1313	0	2	1	1233	77	19.6972745074	26.5032443374	27.4123392221	5.433
1313	0	2	2	2582	161	19.6972745074	27.2373423247	28.1464372095	11.197
1314	0	2	1	490	30	25.2759509038	23.7409210343	24.9074904328	20.189
1314	0	2	2	1835	114	25.2759509038	30.9563316581	32.1229010566	7.968
1315	0	2	1	411	25	26.7296755182	30.5365912873	31.7702549232	10.315
1315	0	2	2	1755	109	26.7296755182	29.1150318782	30.348695514	10.535
1316	0	2	1	1268	79	24.9888179487	30.6016236939	31.7549409493	7.685
1316	0	2	2	2617	163	24.9888179487	28.6541860885	29.8075033438	5.842
1317	0	2	1	519	32	21.563085017	34.2808487677	35.2760570277	10.22
1317	0	2	2	1865	116	21.563085017	31.0675764617	32.0627847217	9.386
1318	0	2	1	489	30	22.614703761	29.3718143135	30.4155582844	7.527
1318	0	2	2	1834	114	22.614703761	28.6071743809	29.6509183517	16.283
1319	0	2	1	1071	66	16.6052453057	30.5245604267	31.2909478557	11.653
1319	0	2	2	2415	150	16.6052453057	30.2633332958	31.0297207248	14.725
1321	0	2	1	528	33	19.6643247032	30.5676587366	31.475232878	19.055
1321	0	2	2	1876	117	19.6643247032	31.7093621097	32.6169362512	6.063
1322	0	2	1	432	27	24.5372732209	30.3415894736	31.4740664344	4.929
1322	0	2	2	1779	111	24.5372732209	32.3191831979	33.4516601587	11.008
1323	0	2	1	1218	76	19.79520568	28.4722446548	29.3858593896	5.402
1323	0	2	2	2567	160	19.79520568	31.7672926809	32.6809074158	8.583
1324	0	2	1	1063	66	20.6838261293	27.8070939364	28.7617214675	4.283
1324	0	2	2	2411	150	20.6838261293	28.2717362396	29.2263637706	18.158
1325	0	2	1	1275	79	16.2189808495	32.4655889601	33.2141489967	13.591
1325	0	2	2	2624	164	16.2189808495	31.6576299437	32.4061899804	11.685
1326	0	2	1	490	30	18.1710310017	27.0980948723	27.9367485311	15.575
1326	0	2	2	1834	114	18.1710310017	27.934275853	28.7729295119	7.465
1327	0	2	1	616	38	15.3748660148	37.7569971608	38.4665984837	4.599
1327	0	2	2	1966	122	15.3748660148	31.7635945284	32.4731958513	11.402
1328	0	2	1	452	28	18.1169041234	32.83239214	33.6685476629	14.914
1328	0	2	2	1797	112	18.1169041234	29.5996621431	30.435817666	7.449
1329	0	2	1	587	36	19.8343385087	31.1610382293	32.0764590747	9.591
1329	0	2	2	1938	121	19.8343385087	29.1213179089	30.0367387542	4.158
1330	0	2	1	1268	79	25.7329746223	32.3132848783	33.5009474451	7.779
1330	0	2	2	2618	163	25.7329746223	31.3981048075	32.5857673742	10.85
1331	0	2	1	582	36	25.0646736316	30.3749218807	31.5317401288	7.843
1331	0	2	2	1929	120	25.0646736316	29.3739407834	30.5307590314	9.685
1332	0	2	1	474	29	20.5924798294	31.3789749888	32.3293865836	16.582
1332	0	2	2	1818	113	20.5924798294	29.1571263085	30.1075379033	9.228
1333	0	2	1	1246	77	24.9045946889	30.266679538	31.4161096091	6.819
1333	0	2	2	2597	162	24.9045946889	29.6111097217	30.7605397929	22.74
1334	0	2	1	1021	63	25.9598533042	26.1476045127	27.345738287	6.599
1334	0	2	2	2366	147	25.9598533042	24.5682275502	25.7663613244	9.748
1335	0	2	1	997	62	22.6817111987	31.0066165534	32.0534531409	8.315
1335	0	2	2	2342	146	22.6817111987	29.9330834132	30.9799200007	12.914
1336	0	2	1	814	50	28.8998631086	28.4365246575	29.7703496855	8.85
1336	0	2	2	2154	134	28.8998631086	29.3955369349	30.7293619629	9.024
1337	0	2	1	899	56	23.0278651498	27.7191209463	28.7819336926	5.149
1337	0	2	2	2241	140	23.0278651498	27.0632949438	28.1261076901	8.441
1338	0	2	1	429	26	22.2870624824	27.0908299706	28.1194522042	14.252
1338	0	2	2	1775	110	22.2870624824	27.5693168509	28.5979390844	14.504
1339	0	2	1	1269	79	23.2702346437	32.9007122766	33.9747111831	16.032
1339	0	2	2	2619	163	23.2702346437	30.2199137878	31.2939126943	13.654
1340	0	2	1	330	20	22.6346555858	30.6836892916	31.7283541057	8.378
1340	0	2	2	1677	104	22.6346555858	33.3085204724	34.3531852865	5.685
1341	0	2	1	486	30	21.1681204891	32.1139980259	33.0909773562	7.339
1341	0	2	2	1830	114	21.1681204891	30.0290970608	31.0060763911	12.032
1342	0	2	1	1234	77	21.7487994788	30.4733329385	31.47711254	5.37
1342	0	2	2	2583	161	21.7487994788	30.9592149128	31.9629945144	4.441
1343	0	2	1	1033	64	28.9272310316	21.5134045834	22.8484927324	27.496
1343	0	2	2	2377	148	28.9272310316	23.9875869764	25.3226751254	13.118
1344	0	2	1	551	34	19.8795573825	28.262170509	29.1796783562	8
1344	0	2	2	1899	118	19.8795573825	31.565199589	32.4827074362	10.252
1345	0	2	1	550	34	24.6992689796	26.9402656792	28.0802192843	13.685
1345	0	2	2	1897	118	24.6992689796	27.1569515187	28.2969051239	15.591
1346	0	2	1	481	30	18.0678272054	28.6921409196	29.5260313792	25.968
1346	0	2	2	1827	114	18.0678272054	27.9224677589	28.7563582184	9.464
1347	0	2	1	807	50	28.582627175	28.797060233	30.1162437651	15.906
1347	0	2	2	2148	134	28.582627175	28.3989777622	29.7181612944	11.843
1348	0	2	1	1057	66	24.8876792536	28.9031243541	30.0517737216	12.157
1348	0	2	2	2402	150	24.8876792536	27.7917211132	28.9403704806	5.118
1349	0	2	1	486	30	16.6228643813	31.5996442613	32.3668448694	11.37
1349	0	2	2	1832	114	16.6228643813	31.7554431333	32.5226437414	12.898
1350	0	2	1	1241	77	19.8691398642	31.5633539485	32.4803809924	11.685
1350	0	2	2	2590	161	19.8691398642	31.1305408359	32.0475678798	6.126
1351	0	2	1	899	56	20.8196291831	27.7888561448	28.7497514395	14.095
1351	0	2	2	2241	140	20.8196291831	28.5743923774	29.5352876721	14.914
1352	0	2	1	528	33	21.2180979792	28.1487947985	29.1280807566	6.662
1352	0	2	2	1874	117	21.2180979792	28.6557308479	29.6350168059	5.779
1353	0	2	1	448	28	24.1941677484	33.8424920823	34.9591335818	9.906
1353	0	2	2	1795	112	24.1941677484	29.4056562903	30.5222977898	11.26
1354	0	2	1	129	8	26.2155877684	25.3735266022	26.5834633745	12.315
1354	0	2	2	1454	90	26.2155877684	18.6632958515	19.8732326238	28.252
1355	0	2	1	584	36	18.6742680892	26.3905728643	27.2524525924	9.496
1355	0	2	2	1932	120	18.6742680892	30.9029942289	31.7648739569	6.725
1356	0	2	1	951	59	23.6660629921	14.9143224127	16.0065901171	12.031
1356	0	2	2	2285	142	23.6660629921	12.9887686166	14.0810363209	4.866
1357	0	2	1	893	55	25.5232420288	29.5075833526	30.6855660609	17.622
1357	0	2	2	2235	139	25.5232420288	29.3517657488	30.5297484571	16.221
1358	0	2	1	1236	77	27.5645572276	29.6117851524	30.8839813624	10.158
1358	0	2	2	2585	161	27.5645572276	31.4544308697	32.7266270797	13.276
1359	0	2	1	583	36	23.6316832899	23.1069262202	24.1976071867	19.748
1359	0	2	2	1931	120	23.6316832899	23.9652346017	25.0559155682	16.472
1360	0	2	1	1250	78	13.7979090528	24.9328924142	25.5697119161	6.709
1360	0	2	2	2598	162	13.7979090528	25.064773322	25.7015928239	11.842
1361	0	2	1	1224	76	20.2022355031	30.9872028806	31.9196033987	7.969
1361	0	2	2	2574	160	20.2022355031	23.3576933849	24.290093903	15.906
1362	0	2	1	1265	79	25.305654628	30.3327072847	31.5006476091	10.315
1362	0	2	2	2616	163	25.305654628	29.7533784273	30.9213187517	12.788
1363	0	2	1	966	60	24.5922918522	31.1479951914	32.2830114455	6.646
1363	0	2	2	2311	144	24.5922918522	28.490466379	29.6254826331	8.992
1364	0	2	1	231	14	23.746407747	30.9539711452	32.0499470279	9.213
1364	0	2	2	1576	98	23.746407747	31.2281150357	32.3240909184	14.897
1365	0	2	1	485	30	21.7322395042	34.4168130459	35.4198283493	5.496
1365	0	2	2	1830	114	21.7322395042	27.379889692	28.3829049955	8.189
1366	0	2	1	1026	64	22.940656288	31.6509094654	32.709697232	5.811
1366	0	2	2	2372	148	22.940656288	28.0687450242	29.1275327908	5.024
1367	0	2	1	136	8	23.2729314687	28.5115626086	29.5856859825	15.622
1367	0	2	2	1477	92	23.2729314687	30.5612383608	31.6353617348	12.709
1368	0	2	1	485	30	18.5707824424	31.5239492141	32.3810527346	13.339
1368	0	2	2	1831	114	18.5707824424	31.3022582804	32.1593618009	13.244
1369	0	2	1	430	26	22.1845300959	31.1997719522	32.2236619743	11.843
1369	0	2	2	1776	111	22.1845300959	29.8673220392	30.8912120613	11.055
1370	0	2	1	1211	75	17.486079831	29.4416822307	30.2487231095	17.496
1370	0	2	2	2561	160	17.486079831	31.0783682223	31.8854091012	8.346
1371	0	2	1	107	6	24.2564523361	32.9305569578	34.0500730987	17.433
1371	0	2	2	1449	90	24.2564523361	34.1841266445	35.3036427853	10.945
1372	0	2	1	429	26	22.5195540296	27.7458869994	28.7852394929	6.063
1372	0	2	2	1775	110	22.5195540296	28.4491482571	29.4885007506	7.086
1373	0	2	1	879	54	31.5947773946	33.4881253101	34.9463296167	6.724
1373	0	2	2	2222	138	31.5947773946	29.491185603	30.9493899096	8.378
1374	0	2	1	534	33	17.3015526516	32.644493704	33.4430180383	5.086
1374	0	2	2	1888	118	17.3015526516	32.6567998782	33.4553242125	14.567
1375	0	2	1	488	30	25.0090061587	30.9402673343	32.0945163429	8.378
1375	0	2	2	1833	114	25.0090061587	30.2085366746	31.3627856832	8.882
1376	0	2	1	1022	63	20.624791663	33.0387830239	33.9906859175	25.716
1376	0	2	2	2366	147	20.624791663	30.0993664664	31.05126936	10.708
1377	0	2	1	585	36	23.1138090776	29.8367012307	30.9034805758	7.433
1377	0	2	2	1931	120	23.1138090776	30.5314869352	31.5982662803	8.756
1378	0	2	1	1269	79	21.3617740741	30.6584735599	31.6443906487	12
1378	0	2	2	2619	163	21.3617740741	29.7993162895	30.7852333783	13.465
1379	0	2	1	516	32	20.4440996434	29.6748147179	30.6183780724	10.315
1379	0	2	2	1864	116	20.4440996434	27.3351449369	28.2787082914	5.78
1380	0	2	1	1241	77	22.6641605444	30.0420327216	31.0880592879	8.787
1380	0	2	2	2590	161	22.6641605444	31.9573268343	33.0033534006	8.315
1381	0	2	1	567	35	26.5092853064	33.0097031584	34.2331950512	5.307
1381	0	2	2	1915	119	26.5092853064	32.2901716941	33.513663587	11.591
1382	0	2	1	1258	78	24.6731343023	26.9208940863	28.059641489	4.473
1382	0	2	2	2609	163	24.6731343023	26.9197580628	28.0585054655	14.252
1383	0	2	1	457	28	21.9612836338	29.8697853406	30.8833717942	6.756
1383	0	2	2	1802	112	21.9612836338	28.8381715443	29.8517579979	12.819
1384	0	2	1	1248	78	22.8335684983	29.544357182	30.5982024902	5.512
1384	0	2	2	2596	162	22.8335684983	30.4100751938	31.4639205019	7.716
1385	0	2	1	431	26	21.7527221013	29.8323524199	30.8363130636	9.843
1385	0	2	2	1777	111	21.7527221013	29.6876157406	30.6915763842	10.614
1386	0	2	1	806	50	22.3645113772	27.6136223699	28.6458191282	10.315
1386	0	2	2	2146	134	22.3645113772	27.9941511604	29.0263479187	8.441
1387	0	2	1	528	33	20.8236299761	30.5318089814	31.492888926	12.315
1387	0	2	2	1878	117	20.8236299761	31.4479399329	32.4090198775	8.551
1388	0	2	1	528	33	19.7748364314	29.7920507378	30.7047253639	8
1388	0	2	2	1876	117	19.7748364314	26.2901308234	27.2028054495	4.157
1389	0	2	1	488	30	22.3962262385	30.5558436721	31.5895041769	11.606
1389	0	2	2	1832	114	22.3962262385	34.4862136642	35.519874169	9.528
1390	0	2	1	1269	79	25.6370911384	31.9858155889	33.1690528131	12.504
1390	0	2	2	2618	163	25.6370911384	32.5543907165	33.7376279408	8.803
1391	0	2	1	470	29	17.0655259276	29.8663824115	30.6540133257	7.653
1391	0	2	2	1816	113	17.0655259276	25.1996885346	25.9873194487	5.087
1392	0	2	1	470	29	20.2247404131	27.97219695	28.9056361448	9.59
1392	0	2	2	1818	113	20.2247404131	31.2381611829	32.1716003777	8.913
1393	0	2	1	430	26	22.4982433514	30.9828358985	32.0212048332	12.063
1393	0	2	2	1776	111	22.4982433514	31.6764850039	32.7148539386	7.905
1394	0	2	1	489	30	24.4037268407	28.3066583862	29.4329717364	12.693
1394	0	2	2	1833	114	24.4037268407	27.9166869071	29.0430002573	9.874
1395	0	2	1	1064	66	27.0215553702	29.0427553837	30.2898902478	12.283
1395	0	2	2	2413	150	27.0215553702	28.8295935065	30.0767283706	13.937
1396	0	2	1	1026	64	29.3288953966	32.9135536419	34.2671799403	8.283
1396	0	2	2	2373	148	29.3288953966	37.691582309	39.0452086075	12.787
1397	0	2	1	470	29	20.2819467824	28.6453325175	29.5814119769	9.181
1397	0	2	2	1817	113	20.2819467824	27.1945061383	28.1305855977	7.024
1397	1	2	1	471	29	20.2819467824	34.1582032277	35.0942826871	27.338
1397	1	2	2	1818	113	20.2819467824	29.8270037107	30.7630831702	16.834
1398	0	2	1	469	29	19.693062077	31.8047790657	32.7136795327	10
1398	0	2	2	1815	113	19.693062077	31.4193809867	32.3282814538	6.268
1399	0	2	1	473	29	17.3081919069	33.0486079745	33.8474387326	15.843
1399	0	2	2	1818	113	17.3081919069	35.0686489693	35.8674797274	9.78
1400	0	2	1	1280	80	26.7930953824	28.5439204141	29.7805110881	5.213
1400	0	2	2	2630	164	26.7930953824	32.1823105456	33.4189012196	12.095
1401	0	2	1	444	27	22.6359996043	31.4929141657	32.5376410107	9.228
1401	0	2	2	1791	111	22.6359996043	30.6877144924	31.7324413375	9.465
1403	0	2	1	469	29	20.2372700889	29.713726595	30.6477440761	9.874
1403	0	2	2	1817	113	20.2372700889	28.8301871317	29.7642046127	6.897
1404	0	2	1	1095	68	22.6236607734	28.100241783	29.1443991498	9.622
1404	0	2	2	2444	152	22.6236607734	28.7379051849	29.7820625518	8.992
1405	0	2	1	1245	77	19.7268145035	30.8859953799	31.796453634	4.095
1405	0	2	2	2596	162	19.7268145035	37.3100754258	38.2205336799	6.519
1406	0	2	1	1248	78	20.3141882142	30.798129111	31.73569662	4.221
1406	0	2	2	2599	162	20.3141882142	30.7004112884	31.6379787974	22.283
1407	0	2	1	491	30	21.0541929642	30.248517504	31.2202386992	10.63
1407	0	2	2	1837	114	21.0541929642	31.2281133753	32.1998345705	7.685
1408	0	2	1	487	30	21.352020661	29.0337264842	30.0191934205	11.055
1408	0	2	2	1832	114	21.352020661	29.6421933812	30.6276603175	9.748
1409	0	2	1	433	27	21.4151230578	30.1907841332	31.1791634554	5.937
1409	0	2	2	1781	111	21.4151230578	31.2298605053	32.2182398276	4.819
1410	0	2	1	215	13	25.0390674266	29.9090809968	31.0647174331	7.559
1410	0	2	2	1556	97	25.0390674266	29.2749229612	30.4305593976	5.118
1411	0	2	1	1233	77	23.9166050294	29.0397643408	30.1435953955	7.905
1411	0	2	2	2582	161	23.9166050294	28.3395053164	29.443336371	10.157
1412	0	2	1	598	37	18.8046917515	31.4184122413	32.2863114562	6.598
1412	0	2	2	1947	121	18.8046917515	28.0264185009	28.8943177158	9.842
1413	0	2	1	1217	76	34.2859468632	14.8561232962	16.4385340456	6.378
1413	0	2	2	2566	160	34.2859468632	13.8201914218	15.4026021711	12.819
1414	0	2	1	155	9	13.3998423265	39.7853994026	40.403846798	14.252
1414	0	2	2	1496	93	13.3998423265	38.8434060936	39.461853489	10.095
1415	0	2	1	487	30	19.3557160153	30.9540293187	31.8473601404	8.599
1415	0	2	2	1831	114	19.3557160153	31.3412725061	32.2346033278	8.031
1417	0	2	1	490	30	24.0209654067	29.8899827099	30.9986303439	15.748
1417	0	2	2	1834	114	24.0209654067	28.7271876412	29.8358352751	11.055
1418	0	2	1	932	58	21.5576535946	29.1050902327	30.1000478144	13.103
1418	0	2	2	2274	142	21.5576535946	29.2183759509	30.2133335326	9.307
1419	0	2	1	454	28	21.146255786	28.1000001262	29.0759703276	20.063
1419	0	2	2	1800	112	21.146255786	28.4148884821	29.3908586835	9.212
1420	0	2	1	444	27	21.9234135809	31.7639794312	32.7758180557	7.811
1420	0	2	2	1791	111	21.9234135809	30.3766227658	31.3884613903	8.283
1421	0	2	1	1071	66	22.4815821056	42.1004915211	43.1380914838	10.299
1421	0	2	2	2415	150	22.4815821056	42.1024690782	43.1400690409	16.189
1422	0	2	1	932	58	24.1249758592	29.503101502	30.6165495651	17.717
1422	0	2	2	2274	142	24.1249758592	30.5488157916	31.6622638547	9.937
1423	0	2	1	1279	79	20.5523898901	29.7475396046	30.696100915	13.37
1423	0	2	2	2629	164	20.5523898901	32.0279430941	32.9765044045	10.74
1424	0	2	1	1236	77	19.3537356351	29.7152927141	30.6085321346	6.457
1424	0	2	2	2584	161	19.3537356351	28.7511432024	29.644382623	6.787
1425	0	2	1	282	17	22.3662521782	26.8401397411	27.8724168432	14.866
1425	0	2	2	1626	101	22.3662521782	26.7799625598	27.8122396618	13.528
1426	0	2	1	1268	79	20.4444164179	29.3612012782	30.3047792529	8.425
1426	0	2	2	2618	163	20.4444164179	29.1696584684	30.1132364431	4.252
1427	0	2	1	1064	66	23.8898039908	28.1673341072	29.2699282046	6.473
1427	0	2	2	2412	150	23.8898039908	27.6848472546	28.7874413519	15.464
1428	0	2	1	487	30	21.0796436959	29.9431302448	30.9160260762	10.63
1428	0	2	2	1832	114	21.0796436959	29.7516844528	30.7245802841	10.866
1429	0	2	1	1287	80	17.2557358163	33.2706476372	34.0670573719	12.22
1429	0	2	2	2632	164	17.2557358163	30.3290533572	31.1254630919	6.961
1430	0	2	1	1238	77	23.0883350892	34.1511936557	35.2167972913	8.252
1430	0	2	2	2586	161	23.0883350892	33.2557032289	34.3213068645	12.756
1431	0	2	1	1250	78	21.3418050605	30.150974469	31.1359699213	5.78
1431	0	2	2	2599	162	21.3418050605	31.2856360605	32.2706315128	19.969
1432	0	2	1	530	33	21.5159397853	33.4108419721	34.4038743225	5.622
1432	0	2	2	1879	117	21.5159397853	32.8186400286	33.811672379	5.465
1433	0	2	1	1258	78	21.6362892996	28.8193343598	29.8179212415	9.402
1433	0	2	2	2604	162	21.6362892996	26.2902957893	27.2888826709	7.559
1434	0	2	1	517	32	21.6809556553	28.1041029155	29.1047512983	4.567
1434	0	2	2	1865	116	21.6809556553	30.9284742388	31.9291226216	10.599
1435	0	2	1	379	23	22.6595699084	30.3787901722	31.4246048653	8.031
1435	0	2	2	1724	107	22.6595699084	28.2482264562	29.2940411494	14.063
1436	0	2	1	1022	63	23.0934098968	14.2015358017	15.2673736566	20.472
1436	0	2	2	2368	148	23.0934098968	26.4714248221	27.537262677	21.559
1437	0	2	1	411	25	22.0916540634	29.9092802788	30.9288837624	8.158
1437	0	2	2	1759	109	22.0916540634	33.4792468957	34.4988503793	6.315
1438	0	2	1	1281	80	24.4230693453	30.1871267028	31.3143327741	6.094
1438	0	2	2	2630	164	24.4230693453	29.6729977478	30.8002038191	15.276
1439	0	2	1	1061	66	23.836808618	39.6276240858	40.7277722701	5.181
1439	0	2	2	2404	150	23.836808618	27.8648212631	28.9649694473	17.213
1440	0	2	1	429	26	25.5000518603	33.4726145314	34.6495269362	5.386
1440	0	2	2	1776	111	25.5000518603	31.876097654	33.0530100588	11.292
1441	0	2	1	586	36	16.5999955846	30.0734278418	30.8395729787	4.378
1441	0	2	2	1936	121	16.5999955846	31.6636990033	32.4298441402	7.071
1442	0	2	1	1059	66	24.7424558411	31.2620129998	32.4039598226	8.472
1442	0	2	2	2404	150	24.7424558411	31.2070687003	32.3490155231	5.26
1443	0	2	1	1021	63	22.1988947668	46.6648101037	47.6893631032	11.811
1443	0	2	2	2360	147	22.1988947668	32.5431283836	33.5676813832	15.937
1444	0	2	1	1256	78	18.0250870328	30.5136236101	31.3455414682	7.842
1444	0	2	2	2604	162	18.0250870328	29.2693226857	30.1012405438	17.15
1445	0	2	1	529	33	17.1340085035	29.220287959	30.0110795723	15.338
1445	0	2	2	1879	117	17.1340085035	27.8922628918	28.6830545052	4.252
1446	0	2	1	337	21	25.3369143737	29.0431134565	30.2124965224	13.654
1446	0	2	2	1682	105	25.3369143737	31.9932017926	33.1625848584	5.59
1447	0	2	1	533	33	23.5974791965	32.0553739058	33.1444762393	13.055
1447	0	2	2	1883	117	23.5974791965	31.2390131601	32.3281154937	6.378
1448	0	2	1	1218	76	22.4954057679	29.8343172646	30.8725552354	8.897
1448	0	2	2	2569	160	22.4954057679	29.0245976822	30.062835653	11.276
1449	0	2	1	585	36	21.0088059121	30.4844614527	31.4540878842	9.071
1449	0	2	2	1933	120	21.0088059121	32.4897454179	33.4593718494	15.134
1450	0	2	1	334	20	24.5468137384	28.4193175533	29.5522348409	4
1450	0	2	2	1678	104	24.5468137384	30.062016088	31.1949333755	8.283
1451	0	2	1	430	26	23.5322087936	31.7916319314	32.8777218183	6.898
1451	0	2	2	1775	110	23.5322087936	32.2186936822	33.3047835691	10
1452	0	2	1	1064	66	21.9499300272	31.0287050691	32.041767516	11.559
1452	0	2	2	2412	150	21.9499300272	30.4660507409	31.4791131878	13.874
1454	0	2	1	929	58	21.5496492439	28.8696336848	29.8642218391	8.378
1454	0	2	2	2273	142	21.5496492439	26.3664198308	27.3610079851	4.284
1455	0	2	1	1012	63	23.1057320203	33.6417266729	34.7081332349	7.008
1455	0	2	2	2363	147	23.1057320203	28.0258947658	29.0923013278	15.969
1456	0	2	1	1230	76	21.4735488183	30.1767089045	31.1677847704	9.055
1456	0	2	2	2580	161	21.4735488183	30.5453731912	31.5364490571	15.071
1457	0	2	1	1064	66	26.8318599358	28.1162037959	29.3545835833	9.512
1457	0	2	2	2412	150	26.8318599358	28.8220664205	30.0604462079	18.788
1458	0	2	1	488	30	22.3077233398	30.8382640846	31.8678398857	15.402
1458	0	2	2	1833	114	22.3077233398	30.7204601813	31.7500359823	10.473
1459	0	2	1	1064	66	21.9398850276	30.9890332483	32.001632085	16.708
1459	0	2	2	2411	150	21.9398850276	28.849087678	29.8616865147	11.087
1460	0	2	1	488	30	22.4314741442	33.5521547299	34.5874420431	5.118
1460	0	2	2	1832	114	22.4314741442	30.0193739201	31.0546612333	9.307
1461	0	2	1	1217	76	19.6779270644	26.7379850523	27.6461869881	7.717
1461	0	2	2	2565	160	19.6779270644	30.758503382	31.6667053178	17.905
1462	0	2	1	439	27	24.9499410122	29.547080249	30.6986032042	9.59
1462	0	2	2	1784	111	24.9499410122	28.3431824382	29.4947053934	7.244
1463	0	2	1	491	30	21.5161751497	30.164587752	31.1576309652	13.811
1463	0	2	2	1838	114	21.5161751497	29.1541532477	30.1471964609	7.37
1464	0	2	1	1254	78	23.6477369252	28.9589657153	30.0503876106	6.157
1464	0	2	2	2602	162	23.6477369252	31.4957424681	32.5871643634	15.481
1465	0	2	1	1250	78	23.3742752693	29.3448862901	30.4236870183	12.032
1465	0	2	2	2597	162	23.3742752693	30.7457281082	31.8245288365	12.283
1466	0	2	1	1233	77	22.4744167573	30.2108362647	31.2481055227	7.527
1466	0	2	2	2582	161	22.4744167573	30.2947510943	31.3320203522	5.15
1467	0	2	1	1221	76	19.451289614	30.9806195094	31.8783613712	6.614
1467	0	2	2	2572	160	19.451289614	32.3584719562	33.2562138181	12.961
1468	0	2	1	413	25	21.5320028407	30.0812842845	31.0750579984	9.04
1468	0	2	2	1763	110	21.5320028407	30.9532744265	31.9470481404	14.158
1469	0	2	1	1224	76	16.936790978	26.99713026	27.778819627	6.945
1469	0	2	2	2575	160	16.936790978	28.7791090387	29.5607984057	14.882
1470	0	2	1	514	32	21.1294792736	30.4294473284	31.4046432378	6.299
1470	0	2	2	1861	116	21.1294792736	34.3735268062	35.3487227156	17.291
1471	0	2	1	1021	63	23.4232130955	27.0720988409	28.1531582129	11.103
1471	0	2	2	2366	147	23.4232130955	29.2109096125	30.2919689846	7.228
1472	0	2	1	1233	77	20.9103199157	32.4662187493	33.4312997237	8.158
1472	0	2	2	2582	161	20.9103199157	32.0512035033	33.0162844777	12.33
1473	0	2	1	1021	63	19.5047248528	30.0299628989	30.9301709752	15.811
1473	0	2	2	2368	148	19.5047248528	27.5644328733	28.4646409496	19.307
1474	0	2	1	1057	66	24.0591078571	29.1156251561	30.2260331913	14.803
1474	0	2	2	2403	150	24.0591078571	28.5046682917	29.6150763269	22.788
1475	0	2	1	432	27	22.2540958962	30.5762868408	31.6033875565	10.693
1475	0	2	2	1779	111	22.2540958962	29.7310330887	30.7581338045	5.748
1476	0	2	1	529	33	17.3899506501	30.6175175365	31.4201217332	10.992
1476	0	2	2	1879	117	17.3899506501	30.3110941556	31.1136983523	8.945
1477	0	2	1	258	16	27.2287452974	30.8743599152	32.1310572851	8.284
1477	0	2	2	1602	100	27.2287452974	29.6858433858	30.9425407558	6.456
1478	0	2	1	473	29	16.7587782489	28.6404795144	29.4139530005	8.803
1478	0	2	2	1818	113	16.7587782489	29.7672281258	30.5407016119	5.496
1479	0	2	1	490	30	22.6797523394	30.8949808442	31.9417270239	10.063
1479	0	2	2	1834	114	22.6797523394	30.109729947	31.1564761266	9.354
1480	0	2	1	1040	65	23.0471894236	29.9636791473	31.0273837733	8.394
1480	0	2	2	2394	149	23.0471894236	28.0515058799	29.1152105059	12.378
1481	0	2	1	597	37	21.1326353561	32.0544777393	33.0298193124	6.378
1481	0	2	2	1947	121	21.1326353561	31.6764492888	32.6517908619	11.874
1482	0	2	1	1064	66	22.3605427538	30.1839517729	31.215965366	7.717
1482	0	2	2	2412	150	22.3605427538	31.5901471697	32.6221607628	5.465
1483	0	2	1	1256	78	22.8800439188	28.5042488663	29.56023917	4.41
1483	0	2	2	2602	162	22.8800439188	30.8355871088	31.8915774125	5.685
1484	0	2	1	413	25	26.5889817428	27.4568613978	28.6840315469	12.834
1484	0	2	2	1759	109	26.5889817428	28.5423093275	29.7694794765	10.598
1485	0	2	1	1242	77	20.1850301443	27.6062441589	28.5378505923	10.41
1485	0	2	2	2590	161	20.1850301443	30.1450635843	31.0766700177	9.559
1486	0	2	1	489	30	19.1998596248	29.5640989937	30.4502365234	13.339
1486	0	2	2	1834	114	19.1998596248	29.6587611185	30.5448986481	12.693
1487	0	2	1	1064	66	29.3226955496	28.053020733	29.4063608878	6.126
1487	0	2	2	2412	150	29.3226955496	29.4534212187	30.8067613735	18.031
1488	0	2	1	1273	79	24.2320816311	27.0805195839	28.1989109355	11.071
1488	0	2	2	2622	163	24.2320816311	29.797667611	30.9160589625	5.874
1489	0	2	1	1265	79	24.2160259259	32.6942943636	33.8119446908	4.063
1489	0	2	2	2616	163	24.2160259259	30.3004876693	31.4181379965	11.811
1490	0	2	1	567	35	26.1043914926	34.2506505152	35.4554552087	13.401
1490	0	2	2	1915	119	26.1043914926	34.0383503874	35.2431550809	14.283
1491	0	2	1	1064	66	23.0791864724	16.3005238105	17.365705207	8.803
1491	0	2	2	2413	150	23.0791864724	13.9397405962	15.0049219927	15.842
1492	0	2	1	1275	79	23.5039888889	29.9822276789	31.0670151231	10.221
1492	0	2	2	2625	164	23.5039888889	31.1217480535	32.2065354977	9.087
1493	0	2	1	414	25	28.1559283752	32.7626818301	34.0621717901	4.63
1493	0	2	2	1763	110	28.1559283752	33.4700931759	34.7695831359	12.126
1494	0	2	1	1246	77	23.4960429144	30.9980210184	32.0824417294	7.37
1494	0	2	2	2597	162	23.4960429144	28.7727258658	29.8571465768	23.464
1495	0	2	1	473	29	26.5070542078	29.2031103322	30.4264992524	11.842
1495	0	2	2	1819	113	26.5070542078	28.3489192004	29.5723081206	5.716
1496	0	2	1	490	30	16.3970018535	31.121498896	31.8782751954	10.221
1496	0	2	2	1835	114	16.3970018535	30.487022639	31.2437989384	7.118
1497	0	2	1	598	37	18.453238064	27.9858027803	28.8374812358	8.835
1497	0	2	2	1946	121	18.453238064	30.1635261377	31.0152045933	9.78
1498	0	2	1	741	46	26.4900830477	29.7775698098	31.0001754544	7.622
1498	0	2	2	2079	129	26.4900830477	30.913220283	32.1358259276	8.74
1499	0	2	1	510	31	18.7246637595	30.5582185844	31.4224242407	4.882
1499	0	2	2	1859	116	18.7246637595	32.7707548323	33.6349604886	8.866
1500	0	2	1	1275	79	17.3061971087	33.293940959	34.0926796505	11.905
1500	0	2	2	2622	163	17.3061971087	37.7105735207	38.5093122123	6.945
1501	0	2	1	1236	77	21.0355317473	29.0936374503	30.0644973681	5.906
1501	0	2	2	2585	161	21.0355317473	29.2140536405	30.1849135584	8.473
1502	0	2	1	270	16	26.2952538752	30.3669772754	31.5805909042	12.788
1502	0	2	2	1613	100	26.2952538752	28.829100527	30.0427141558	10.598
1503	0	2	1	1218	76	23.5076101083	27.9168201412	29.0017747167	6.929
1503	0	2	2	2568	160	23.5076101083	24.2686017853	25.3535563608	4.645
1504	0	2	1	1061	66	28.4333984036	30.9301164556	32.2424125825	17.386
1504	0	2	2	2407	150	28.4333984036	33.5277051981	34.840001325	11.685
1505	0	2	1	1246	77	21.3844445151	14.5879959402	15.5749593455	10
1505	0	2	2	2596	162	21.3844445151	16.2555631492	17.2425265544	14.41
1508	0	2	1	1234	77	22.6016017586	26.5438163055	27.5869555753	6.158
1508	0	2	2	2585	161	22.6016017586	25.1107906783	26.1539299481	7.779
1509	0	2	1	602	37	18.1672007093	32.0087440958	32.8472209738	8.756
1509	0	2	2	1954	122	18.1672007093	32.3399488582	33.1784257362	4.189
1510	0	2	1	592	37	21.4950016751	31.6814929739	32.6735589607	10.519
1510	0	2	2	1941	121	21.4950016751	29.3600317403	30.352097727	4.536
1511	0	2	1	1251	78	21.5479630821	29.8278797314	30.8223900637	4.378
1511	0	2	2	2599	162	21.5479630821	31.8143173017	32.808827634	11.528
1512	0	2	1	456	28	21.8345722677	28.1217461217	29.1294844234	8.788
1512	0	2	2	1801	112	21.8345722677	28.3084586228	29.3161969245	6.929
1513	0	2	1	452	28	20.227785305	31.4296853629	32.3632650895	15.653
1513	0	2	2	1798	112	20.227785305	31.7508128894	32.6843926161	7.528
1514	0	2	1	183	11	23.817392148	30.9136756041	32.0129276535	10.913
1514	0	2	2	1526	95	23.817392148	29.4699452768	30.5691973262	10.284
1515	0	2	1	1227	76	23.0476150797	31.903364883	32.9670891545	7.968
1515	0	2	2	2578	161	23.0476150797	30.4451885224	31.5089127939	7.15
1516	0	2	1	1279	79	19.474875228	30.647983865	31.5468142816	7.842
1516	0	2	2	2628	164	19.474875228	30.8035887874	31.702419204	13.748
1517	0	2	1	1055	65	27.5633447679	30.7216681474	31.9938083984	6.567
1517	0	2	2	2392	149	27.5633447679	32.0638681239	33.3360083749	8.85
1518	0	2	1	430	26	20.5387434624	28.4658709867	29.413802469	7.591
1518	0	2	2	1776	111	20.5387434624	29.1627439918	30.1106754741	6.126
1519	0	2	1	474	29	22.1164864964	30.5574265164	31.5781760996	12.535
1519	0	2	2	1818	113	22.1164864964	31.1278632536	32.1486128367	7.166
1520	0	2	1	1062	66	21.9240900263	29.8407116628	30.8525815074	4.126
1520	0	2	2	2410	150	21.9240900263	30.488567042	31.5004368867	10.599
1522	0	2	1	1061	66	21.5202548981	30.5251097439	31.5183412511	16.094
1522	0	2	2	2408	150	21.5202548981	32.2301334157	33.2233649229	12.567
1523	0	2	1	347	21	22.7704213518	30.012722073	31.0636529298	7.968
1523	0	2	2	1691	105	22.7704213518	31.6243549141	32.6752857709	6.41
1525	0	2	1	1265	79	22.7143888867	31.5045813935	32.5529261652	8.346
1525	0	2	2	2615	163	22.7143888867	27.9305828837	28.9789276554	11.102
1527	0	2	1	490	30	23.8842092516	30.8903442259	31.9926801074	11.464
1527	0	2	2	1834	114	23.8842092516	27.9363927952	29.0387286767	7.307
1528	0	2	1	1061	66	24.2807189597	27.7467931336	28.86742926	15.339
1528	0	2	2	2404	150	24.2807189597	30.7840860999	31.9047222263	9.843
1529	0	2	1	517	32	14.8234315873	29.3162968484	30.0004476341	13.527
1529	0	2	2	1860	116	14.8234315873	33.7005425893	34.384693375	9.354
1530	0	2	1	490	30	16.066306841	30.9326725615	31.6741861836	14.063
1530	0	2	2	1835	114	16.066306841	30.9713181009	31.7128317231	10.598
1531	0	2	1	504	31	21.1486077543	30.0676799172	31.0437586697	14.567
1531	0	2	2	1851	115	21.1486077543	30.435781282	31.4118600345	10.204
1532	0	2	1	1264	79	24.0721557784	28.4645156461	29.5755258864	10.851
1532	0	2	2	2616	163	24.0721557784	28.1938474994	29.3048577397	14.331
1533	0	2	1	1211	75	18.8239	31.6221445392	32.4909302788	4.536
1533	0	2	2	2561	160	18.8239	31.6931615283	32.5619472679	14.094
1534	0	2	1	514	32	25.0995762406	29.9648595775	31.1232886973	9.118
1534	0	2	2	1861	116	25.0995762406	31.3231934088	32.4816225286	7.355
1535	0	2	1	1092	68	21.9159213472	29.3749764614	30.3864692942	4
1535	0	2	2	2441	152	21.9159213472	31.3649394869	32.3764323198	5.448
1536	0	2	1	597	37	24.5386575667	18.7226775152	19.8552183682	15.039
1536	0	2	2	1946	121	24.5386575667	20.5996438474	21.7321847004	14.126
1537	0	2	1	473	29	20.5779904886	31.4658347451	32.4155776085	16.536
1537	0	2	2	1818	113	20.5779904886	30.9087382562	31.8584811196	7.906
1538	0	2	1	1064	66	20.9806035134	31.3990800571	32.3674048539	11.354
1538	0	2	2	2412	150	20.9806035134	31.5176674313	32.485992228	13.968
1539	0	2	1	1265	79	21.3378146008	22.7139994585	23.6988107377	18.504
1539	0	2	2	2613	163	21.3378146008	20.2325968456	21.2174081248	14.41
1540	0	2	1	491	30	22.9871808814	31.0720656537	32.1330006854	7.622
1540	0	2	2	1835	114	22.9871808814	32.3505764234	33.4115114551	8.189
1541	0	2	1	488	30	23.3972236352	29.5755491736	30.6554090454	5.78
1541	0	2	2	1833	114	23.3972236352	29.2797600285	30.3596199003	4.803
1542	0	2	1	1064	66	17.6681273213	28.8363643213	29.6518072987	5.559
1542	0	2	2	2412	150	17.6681273213	28.1656459732	28.9810889506	11.275
1543	0	2	1	1069	66	24.8490925087	31.1630450807	32.3099135413	7.086
1543	0	2	2	2418	151	24.8490925087	30.42317196	31.5700404205	9.213
1544	0	2	1	1233	77	20.986266327	30.13209843	31.1006845844	4.851
1544	0	2	2	2582	161	20.986266327	31.386627571	32.3552137254	11.181
1545	0	2	1	554	34	23.9409348393	25.2351462737	26.3401002302	15.622
1545	0	2	2	1901	118	23.9409348393	25.0589531466	26.1639071031	17.401
1547	0	2	1	469	29	23.5343860461	35.0192405336	36.1054309079	9.37
1547	0	2	2	1816	113	23.5343860461	33.0119948148	34.0981851892	9.04
1548	0	2	1	438	27	21.6734199674	27.1695654865	28.1698660723	4.488
1548	0	2	2	1783	111	21.6734199674	29.9560857442	30.9563863299	7.717
1549	0	2	1	469	29	26.0243029706	34.0369396281	35.2380479694	8.032
1549	0	2	2	1814	113	26.0243029706	32.0372061595	33.2383145007	8.646
1550	0	2	1	1286	80	21.626871182	28.5913587022	29.5895109063	12.236
1550	0	2	2	2635	164	21.626871182	29.2322837631	30.2304359673	10.536
1551	0	2	1	1224	76	22.2644081408	29.8861428932	30.9137195534	7.402
1551	0	2	2	2575	160	22.2644081408	30.3157889869	31.3433656471	15.307
1552	0	2	1	430	26	21.91684169	28.5336159094	29.5451512192	8.094
1552	0	2	2	1776	111	21.91684169	28.9069743316	29.9185096413	8.283
1553	0	2	1	1060	66	21.6946267722	25.8963333368	26.8976126873	11.906
1553	0	2	2	2407	150	21.6946267722	26.3559950871	27.3572744376	17.118
1554	0	2	1	452	28	15.0449477772	28.1197981229	28.8141726193	19.464
1554	0	2	2	1797	112	15.0449477772	29.3393578372	30.0337323336	8.598
1555	0	2	1	488	30	26.5982143388	32.050905882	33.2785021462	5.622
1555	0	2	2	1834	114	26.5982143388	32.198518722	33.4261149861	10.094
1556	0	2	1	1264	79	26.2544733087	30.3349177931	31.5466492628	4.315
1556	0	2	2	2615	163	26.2544733087	34.2030744754	35.414805945	15.779
1557	0	2	1	1265	79	23.3096755266	30.6360662089	31.7118854437	5.464
1557	0	2	2	2615	163	23.3096755266	30.5001282926	31.5759475273	7.969
1558	0	2	1	1040	65	22.5107856655	29.5083073804	30.5472551847	12.315
1558	0	2	2	2393	149	22.5107856655	30.5819237239	31.6208715283	14.63
1559	0	2	1	187	11	20.2673124832	32.2158467125	33.1512507502	8.693
1559	0	2	2	1531	95	20.2673124832	29.2510174514	30.1864214891	16.819
1560	0	2	1	552	34	19.4865300315	29.9152412098	30.8146095344	11.26
1560	0	2	2	1899	118	19.4865300315	30.5368676672	31.4362359919	7.433
1561	0	2	1	1229	76	18.8561264332	31.5544454396	32.4247185365	9.323
1561	0	2	2	2580	161	18.8561264332	30.4535273633	31.3238004603	12.662
1562	0	2	1	530	33	20.2396016343	29.5878402659	30.5219653556	10.063
1562	0	2	2	1878	117	20.2396016343	28.3174533159	29.2515784056	5.622
1563	0	2	1	1281	80	25.5006207787	30.3874882855	31.5644269477	13.622
1563	0	2	2	2629	164	25.5006207787	28.7883160957	29.965254758	11.165
1564	0	2	1	773	48	22.8673713158	29.5020592116	30.5574646325	15.37
1564	0	2	2	2114	132	22.8673713158	29.4771243607	30.5325297815	14.976
1565	0	2	1	485	30	25.2103092598	30.8643381115	32.0278779293	9.748
1565	0	2	2	1829	114	25.2103092598	28.1090713632	29.272611181	4.661
1566	0	2	1	1094	68	20.3110862862	31.827420756	32.7648451006	7.181
1566	0	2	2	2442	152	20.3110862862	31.1899179961	32.1273423408	9.433
1567	0	2	1	1280	80	27.5150900606	32.456279728	33.7261928634	11.811
1567	0	2	2	2629	164	27.5150900606	31.5992316934	32.8691448288	10.882
1568	0	2	1	934	58	22.0464340122	33.4653140635	34.4828304909	10.977
1568	0	2	2	2277	142	22.0464340122	28.9956495751	30.0131660026	4.032
1569	0	2	1	415	25	21.1991949668	30.0651241866	31.0435377077	9.118
1569	0	2	2	1763	110	21.1991949668	31.503095704	32.481509225	17.071
1570	0	2	1	470	29	22.6365577407	29.5141353158	30.5588879207	9.59
1570	0	2	2	1817	113	22.6365577407	28.830077351	29.8748299559	8.945
1571	0	2	1	489	30	22.1039637996	31.94454901	32.9647206289	10.85
1571	0	2	2	1833	114	22.1039637996	30.4176264228	31.4377980417	10.032
1572	0	2	1	433	27	21.2519345638	32.3457965453	33.3266441745	4
1572	0	2	2	1781	111	21.2519345638	31.4406893576	32.4215369869	4.441
1573	0	2	1	1246	77	24.6281569678	29.5638198792	30.7004914279	8
1573	0	2	2	2597	162	24.6281569678	29.7625693174	30.8992408661	6.063
1574	0	2	1	1240	77	16.8973524687	28.2408478759	29.0207170243	12.252
1574	0	2	2	2589	161	16.8973524687	28.1458351867	28.9257043351	14
1575	0	2	1	918	57	20.0280096025	28.6053812473	29.5297406593	9.37
1575	0	2	2	2261	141	20.0280096025	26.9477785363	27.8721379483	6.693
1576	0	2	1	433	27	22.3679371155	30.0538310557	31.0861859232	5.102
1576	0	2	2	1781	111	22.3679371155	30.9353589243	31.9677137918	9.055
1579	0	2	1	1239	77	20.4760465534	31.4220601218	32.3670979327	4.63
1579	0	2	2	2587	161	20.4760465534	30.4387816532	31.3838194641	11.134
1580	0	2	1	1281	80	25.0366163963	31.9007325489	33.056255862	10.708
1580	0	2	2	2631	164	25.0366163963	30.7710365894	31.9265599025	11.716
1581	0	2	1	1239	77	25.1160252019	29.0029462502	30.1621345444	4.063
1581	0	2	2	2589	161	25.1160252019	26.7738937686	27.9330820628	14.504
1582	0	2	1	1234	77	21.8490435523	28.8293050726	29.8377112723	4.504
1582	0	2	2	2583	161	21.8490435523	30.5544343467	31.5628405464	5.559
1583	0	2	1	1269	79	23.9814392059	27.8170163181	28.9238396861	15.165
1583	0	2	2	2619	163	23.9814392059	29.7724860535	30.8793094216	15.685
1584	0	2	1	1268	79	22.5879442164	28.8206687112	29.8631776398	4.693
1584	0	2	2	2617	163	22.5879442164	29.873544635	30.9160535636	9.134
1585	0	2	1	444	27	24.0597982019	31.2524936866	32.3629335835	12.189
1585	0	2	2	1791	111	24.0597982019	27.6419640904	28.7524039873	4
1586	0	2	1	1061	66	21.4774608696	24.5264546187	25.5177110388	20.425
1586	0	2	2	2425	151	21.4774608696	29.1429854466	30.1342418667	10.063
1587	0	2	1	430	26	22.4734668769	30.2358731769	31.2730985947	10.866
1587	0	2	2	1776	111	22.4734668769	28.9960855311	30.0333109489	6.504
1588	0	2	1	457	28	21.4635047946	29.6471805535	30.6377928543	5.874
1588	0	2	2	1802	112	21.4635047946	29.5682217446	30.5588340453	5.086
1589	0	2	1	429	26	18.3833108922	28.1438253629	28.9922764464	10.646
1589	0	2	2	1775	110	18.3833108922	26.41080635	27.2592574335	15.874
1590	0	2	1	485	30	27.0308017616	35.6114734567	36.8590350726	8.189
1590	0	2	2	1831	114	27.0308017616	30.7019607735	31.9495223894	7.401
1591	0	2	1	597	37	21.4426223682	27.3842381354	28.3738866425	6.504
1591	0	2	2	1947	121	21.4426223682	27.7788969454	28.7685454525	11.433
1592	0	2	1	415	25	23.3350556731	33.3040217295	34.3810123426	4.819
1592	0	2	2	1760	110	23.3350556731	32.8795654728	33.9565560859	8.866
1593	0	2	1	1064	66	24.1889251694	31.7647506924	32.8811502294	8.52
1593	0	2	2	2408	150	24.1889251694	29.8436635293	30.9600630662	12.725
1594	0	2	1	159	9	22.7200967181	33.0227575183	34.0713657255	10
1594	0	2	2	1499	93	22.7200967181	31.9091908352	32.9577990424	16.378
1595	0	2	1	491	30	20.8797265214	29.3671959332	30.3308649204	12
1595	0	2	2	1835	114	20.8797265214	29.2480503339	30.2117193211	14.677
1596	0	2	1	488	30	23.3254302416	28.8153968111	29.8919431785	12.189
1596	0	2	2	1834	114	23.3254302416	28.2484973736	29.325043741	12.851
1597	0	2	1	561	35	24.8903239174	30.7605219639	31.9092933913	5.055
1597	0	2	2	1909	119	24.8903239174	30.7044959721	31.8532673996	6.221
1598	0	2	1	1244	77	24.6675498326	31.2790359468	32.4175256076	6.992
1598	0	2	2	2594	162	24.6675498326	31.526269896	32.6647595568	16
1599	0	2	1	1277	79	27.3310649815	30.9373020345	32.1987217989	4.441
1599	0	2	2	2626	164	27.3310649815	29.2185549821	30.4799747465	10.346
1600	0	2	1	929	58	27.2129348029	27.9347310961	29.190698759	8.771
1600	0	2	2	2272	142	27.2129348029	30.7623939112	32.0183615741	6.819
1601	0	2	1	383	23	22.6337610973	28.2553393751	29.2999629056	4.473
1601	0	2	2	1728	108	22.6337610973	28.7023565258	29.7469800563	13.685
1602	0	2	1	933	58	29.3006483764	32.1512332318	33.5035558361	17.071
1602	0	2	2	2277	142	29.3006483764	31.396119726	32.7484423303	8.472
1602	1	2	1	932	58	29.3006483764	28.7722487591	30.1245713634	19.685
1602	1	2	2	2273	142	29.3006483764	30.416750375	31.7690729793	4.095
1603	0	2	1	522	32	16.3016025641	29.4442006101	30.1965739142	5.023
1603	0	2	2	1869	116	16.3016025641	32.1621382619	32.9145115661	9.464
1605	0	2	1	493	30	19.3323749457	31.7516147919	32.6438683454	6.473
1605	0	2	2	1838	114	19.3323749457	31.6930048543	32.5852584078	8.378
1606	0	2	1	430	26	22.1133390736	29.7724733104	30.7930776295	8.032
1606	0	2	2	1776	111	22.1133390736	29.0706502504	30.0912545695	7.937
1607	0	2	1	158	9	22.4329114866	29.7616954274	30.7970490787	9.622
1607	0	2	2	1498	93	22.4329114866	31.7589419835	32.7942956348	5.654
1608	0	2	1	1230	76	20.9876105027	28.3020536683	29.2707018609	13.229
1608	0	2	2	2581	161	20.9876105027	28.2150106451	29.1836588378	7.67
1609	0	2	1	1258	78	11.7930560782	30.5775485981	31.1218374515	5.811
1609	0	2	2	2601	162	11.7930560782	40.4302763592	40.9745652126	4
1610	0	2	1	606	37	19.0153975726	34.6147740741	35.4923980651	5.527
1610	0	2	2	1954	122	19.0153975726	32.9264616604	33.8040856514	12.85
1611	0	2	1	591	36	17.482290738	32.0450791798	32.8519451793	9.968
1611	0	2	2	1940	121	17.482290738	30.2547413908	31.0616073904	8.929
1613	0	2	1	249	15	23.3785685929	26.2199067798	27.2989056592	8.063
1613	0	2	2	1591	99	23.3785685929	27.6008167961	28.6798156755	10.882
1614	0	2	1	1246	77	19.9611304576	28.9182918076	29.8395645241	8.819
1614	0	2	2	2597	162	19.9611304576	34.3407185105	35.261991227	5.905
1615	0	2	1	586	36	24.7098107226	28.9945276999	30.1349678417	15.339
1615	0	2	2	1936	121	24.7098107226	29.8909934424	31.0314335841	8.283
1616	0	2	1	470	29	18.1639353508	29.5724330719	30.4107592428	9.433
1616	0	2	2	1817	113	18.1639353508	28.6921975392	29.5305237101	9.339
1617	0	2	1	1234	77	19.1780223836	29.7895258724	30.6746555406	8.709
1617	0	2	2	2584	161	19.1780223836	30.5461499376	31.4312796058	11.339
1618	0	2	1	597	37	20.8754214307	26.7454761657	27.7089464586	5.433
1618	0	2	2	1946	121	20.8754214307	32.4781067828	33.4415770758	11.874
1619	0	2	1	456	28	21.5315569092	29.9353240702	30.9290772029	5.055
1619	0	2	2	1800	112	21.5315569092	29.8537744155	30.8475275482	9.811
1620	0	2	1	487	30	26.315433424	25.6655992107	26.8801441929	16.346
1620	0	2	2	1831	114	26.315433424	30.7057791296	31.9203241118	8.393
1621	0	2	1	1058	66	25.0426319764	32.4369626075	33.5927635597	13.528
1621	0	2	2	2404	150	25.0426319764	33.4535959397	34.6093968919	12.567
1622	0	2	1	968	60	27.3825224461	29.4013900174	30.6651847154	12.788
1622	0	2	2	2311	144	27.3825224461	30.7696521438	32.0334468418	6.063
1623	0	2	1	602	37	15.4903889547	47.1514249203	47.8663580121	5.37
1623	0	2	2	1946	121	15.4903889547	35.4963622939	36.2112953856	8
1624	0	2	1	810	50	24.5562038294	31.3988000564	32.532150728	16.126
1624	0	2	2	2152	134	24.5562038294	31.3407326004	32.474083272	13.811
1625	0	2	1	1217	76	20.8143815035	29.589291464	30.5499445608	6.252
1625	0	2	2	2566	160	20.8143815035	28.966857293	29.9275103898	11.842
1626	0	2	1	1238	77	22.636815463	30.0535982599	31.0983627595	11.528
1626	0	2	2	2589	161	22.636815463	30.2353456537	31.2801101533	9.339
1627	0	2	1	1262	78	13.8907347548	32.0312503964	32.6723541139	4.851
1627	0	2	2	2612	163	13.8907347548	31.288992922	31.9300966395	12.378
1628	0	2	1	456	28	21.0895242915	29.2921946329	30.2655464867	5.591
1628	0	2	2	1801	112	21.0895242915	30.4098979699	31.3832498237	10.283
1629	0	2	1	1242	77	23.967776178	32.6809222813	33.787115055	7.78
1629	0	2	2	2590	161	23.967776178	29.9893743541	31.0955671279	9.906
1630	0	2	1	583	36	18.1296802469	28.7672785237	29.6040237073	14.346
1630	0	2	2	1932	120	18.1296802469	29.4422440197	30.2789892034	16.189
1631	0	2	1	305	19	18.9948650269	32.3167200504	33.193396396	11.055
1631	0	2	2	1650	103	18.9948650269	30.4314317025	31.308108048	5.685
1632	0	2	1	930	58	26.0308760017	28.0998102711	29.3012219796	18.85
1632	0	2	2	2273	142	26.0308760017	29.5562165865	30.757628295	10.126
1633	0	2	1	430	26	21.2971414574	30.2830227758	31.2659568539	8.158
1633	0	2	2	1775	110	21.2971414574	30.3456923746	31.3286264527	6.094
1634	0	2	1	1253	78	23.1349966714	34.3260241463	35.3937813695	5.653
1634	0	2	2	2603	162	23.1349966714	31.0463885885	32.1141458118	19.748
1635	0	2	1	1024	64	28.3877649628	18.4735255858	19.7837155772	5.748
1635	0	2	2	2368	148	28.3877649628	29.5267281943	30.8369181857	17.811
1636	0	2	1	517	32	17.756499283	27.8944947003	28.7140163383	5.496
1636	0	2	2	1864	116	17.756499283	28.1382903086	28.9578119466	4.284
1637	0	2	1	539	33	19.4190777082	32.3272672058	33.2235223809	18.929
1637	0	2	2	1890	118	19.4190777082	30.2442803936	31.1405355686	9.229
1638	0	2	1	1009	63	25.6121787086	25.686924171	26.8690116036	11.323
1638	0	2	2	2353	147	25.6121787086	32.6384225337	33.8205099663	8.535
1639	0	2	1	456	28	20.6582972154	30.5604827272	31.5139320137	6.504
1639	0	2	2	1802	112	20.6582972154	29.7481278647	30.7015771513	9.496
1640	0	2	1	518	32	21.1212048579	31.1487051452	32.1235191627	4
1640	0	2	2	1864	116	21.1212048579	34.6983209962	35.6731350138	10.771
1641	0	2	1	490	30	23.8813232867	31.7526113179	32.8548140025	5.275
1641	0	2	2	1833	114	23.8813232867	29.8964308688	30.9986335534	12.189
1642	0	2	1	1255	78	19.2023383979	28.9981376201	29.8843895534	8.094
1642	0	2	2	2604	162	19.2023383979	29.8709788155	30.7572307488	9.04
1643	0	2	1	520	32	17.2472981569	31.649851624	32.4458719325	8.441
1643	0	2	2	1866	116	17.2472981569	30.1768147819	30.9728350904	7.086
1644	0	2	1	526	32	18.5543660447	30.3578735329	31.2142193819	7.622
1644	0	2	2	1874	117	18.5543660447	30.0264325651	30.8827784141	6.378
1645	0	2	1	154	9	24.7876209652	33.0564675668	34.2004989106	6.662
1645	0	2	2	1495	93	24.7876209652	30.8728447282	32.016876072	16.551
1646	0	2	1	888	55	26.5845698979	32.4741375765	33.7011041042	18.504
1646	0	2	2	2230	139	26.5845698979	27.0520669095	28.2790334372	9.968
1647	0	2	1	1264	79	22.9166597744	30.6213344504	31.679014698	8.472
1647	0	2	2	2613	163	22.9166597744	28.050214008	29.1078942556	13.843
1648	0	2	1	1236	77	20.6639200916	30.0160232261	30.9697320271	8.882
1648	0	2	2	2584	161	20.6639200916	29.8655855443	30.8192943454	13.15
1649	0	2	1	529	33	17.9748997834	27.3965108388	28.226112388	17.496
1649	0	2	2	1878	117	17.9748997834	26.0419944082	26.8715959574	4.346
1651	0	2	1	488	30	22.1508069776	29.9243062591	30.9466398469	10.032
1651	0	2	2	1834	114	22.1508069776	32.6292218184	33.6515554062	9.008
1652	0	2	1	1275	79	21.8660732002	29.1702905383	30.179482713	9.087
1652	0	2	2	2625	164	21.8660732002	27.8145459297	28.8237381044	16.646
1653	0	2	1	1269	79	19.6903005042	28.6040219644	29.5127949756	16.771
1653	0	2	2	2619	163	19.6903005042	31.7695893552	32.6783623665	9.276
1654	0	2	1	1061	66	26.1841098151	39.8313079974	41.0397919572	15.937
1654	0	2	2	2406	150	26.1841098151	31.4974648704	32.7059488303	17.654
1655	0	2	1	567	35	23.9590418955	34.3691188443	35.4749085017	5.843
1655	0	2	2	1914	119	23.9590418955	31.9885997949	33.0943894524	10.126
1656	0	2	1	1062	66	25.0076909105	32.3034520281	33.4576403336	11.559
1656	0	2	2	2404	150	25.0076909105	33.0534274693	34.2076157748	13.685
1657	0	2	1	1236	77	22.1493988579	31.925329623	32.9475982214	10.252
1657	0	2	2	2584	161	22.1493988579	32.2401184094	33.2623870077	11.37
1658	0	2	1	1026	64	20.5916665941	30.8321050403	31.7824791016	5.024
1658	0	2	2	2372	148	20.5916665941	29.253970012	30.2043440733	8.708
1659	0	2	1	1063	66	27.0659720179	28.611862501	29.8610473414	11.968
1659	0	2	2	2411	150	27.0659720179	28.9237771145	30.1729619549	19.591
1660	0	2	1	136	8	23.1541049796	30.1287231931	31.1973623285	18.031
1660	0	2	2	1477	92	23.1541049796	30.5413338261	31.6099729615	8.126
1661	0	2	1	1003	62	31.250135855	33.0321072043	34.4744051549	11.008
1661	0	2	2	2350	146	31.250135855	33.5110180761	34.9533160266	8
1662	0	2	1	485	30	20.2004933951	29.6974685556	30.6297886696	6.284
1662	0	2	2	1831	114	20.2004933951	31.6665201859	32.5988403	12.504
1663	0	2	1	1246	77	18.5219766892	30.4545571934	31.3094081657	8.126
1663	0	2	2	2597	162	18.5219766892	30.0015622171	30.8564131894	15.59
1664	0	2	1	1264	79	21.4785966971	29.988181426	30.9794902683	6.284
1664	0	2	2	2615	163	21.4785966971	29.6248477623	30.6161566047	8.961
1665	0	2	1	169	10	20.0595524191	30.7089491005	31.6347643186	8.74
1665	0	2	2	1511	94	20.0595524191	30.5823461754	31.5081613936	14.158
1666	0	2	1	1227	76	21.0636347477	29.6090975653	30.5812545303	4.661
1666	0	2	2	2578	161	21.0636347477	29.6817972271	30.6539541921	5.905
1667	0	2	1	1270	79	15.746829119	31.2721115629	31.9988802231	6.094
1667	0	2	2	2616	163	15.746829119	32.5628057752	33.2895744354	10.472
1668	0	2	1	506	31	18.0338448734	25.6063951253	26.4387171869	16.788
1668	0	2	2	1853	115	18.0338448734	26.8431485914	27.6754706531	4.803
1669	0	2	1	430	26	20.5430130735	28.0449762899	28.993104829	8.598
1669	0	2	2	1777	111	20.5430130735	28.0853173917	29.0334459308	8.456
1670	0	2	1	594	37	27.4782994625	27.6060630252	28.8742781519	4
1670	0	2	2	1945	121	27.4782994625	26.7380812368	28.0062963634	8
1671	0	2	1	334	20	27.9056079991	28.797800766	30.0857376062	12.693
1671	0	2	2	1678	104	27.9056079991	31.4067506071	32.6946874472	7.748
1672	0	2	1	487	30	23.5887960443	28.5680172683	29.6567188454	9.338
1672	0	2	2	1833	114	23.5887960443	28.2199883673	29.3086899444	8.031
1673	0	2	1	1245	77	16.8518613721	28.1000532663	28.8778228489	9.528
1673	0	2	2	2594	162	16.8518613721	27.7828455164	28.560615099	16.961
1674	0	2	1	585	36	18.6021264242	30.5039389796	31.3624891293	13.086
1674	0	2	2	1930	120	18.6021264242	29.0858107015	29.9443608513	6.945
1675	0	2	1	1224	76	20.0775682078	26.7341272822	27.660773989	17.527
1675	0	2	2	2574	160	20.0775682078	28.3454911511	29.272137858	14.299
1676	0	2	1	1251	78	18.2338447731	30.636468566	31.4780212898	6.378
1676	0	2	2	2600	162	18.2338447731	32.4554138326	33.2969665563	14.756
1677	0	2	1	249	15	23.6293106944	29.8366384804	30.9272099437	9.496
1677	0	2	2	1590	99	23.6293106944	31.4011931382	32.4917646015	13.055
1678	0	2	1	564	35	22.2188879996	30.226665025	31.2521407789	7.071
1678	0	2	2	1912	119	22.2188879996	31.366538605	32.3920143589	7.811
1679	0	2	1	548	34	20.4927066674	35.1634310271	36.1092377579	12.882
1679	0	2	2	1895	118	20.4927066674	32.8847295602	33.8305362909	11.653
1680	0	2	1	460	28	21.0046218464	30.344452922	31.3138862449	5.401
1680	0	2	2	1806	112	21.0046218464	29.9375224943	30.9069558172	9.071
1681	0	2	1	809	50	21.4873348465	31.1932408396	32.1849529767	12.74
1681	0	2	2	2151	134	21.4873348465	30.9438745039	31.935586641	10.693
1682	0	2	1	488	30	22.0657152628	33.5324915805	34.550897902	10.378
1682	0	2	2	1832	114	22.0657152628	33.4489314399	34.4673377613	8.126
1683	0	2	1	259	16	20.3668104164	26.6283962183	27.5683924174	6.346
1683	0	2	2	1602	100	20.3668104164	27.9610289927	28.9010251917	12.378
1684	0	2	1	491	30	22.0179967518	27.8123961414	28.8286000945	13.748
1684	0	2	2	1834	114	22.0179967518	29.5944126188	30.6106165719	9.969
1685	0	2	1	936	58	27.9623243227	31.2209620392	32.5115165267	20.756
1685	0	2	2	2280	142	27.9623243227	32.1047283213	33.3952828088	4.189
1686	0	2	1	1064	66	22.3988591921	33.4555609143	34.4893429388	8.536
1686	0	2	2	2407	150	22.3988591921	31.8936672997	32.9274493241	12.866
1687	0	2	1	774	48	27.5880984833	27.3050459993	28.5783287167	20.157
1687	0	2	2	2120	132	27.5880984833	29.321710436	30.5949931535	4.095
1688	0	2	1	1062	66	23.023685184	27.7805433178	28.8431631448	5.685
1688	0	2	2	2408	150	23.023685184	30.6825888035	31.7452086304	12.661
1689	0	2	1	1240	77	21.9189653308	31.6265099838	32.6381433067	7.496
1689	0	2	2	2589	161	21.9189653308	31.0582840537	32.0699173766	10.409
1690	0	2	1	1236	77	21.8448749211	30.7509063915	31.759120195	8.787
1690	0	2	2	2585	161	21.8448749211	30.5900017467	31.5982155502	8.472
1691	0	2	1	524	32	23.1105591933	28.5676046914	29.6342340435	5.559
1691	0	2	2	1872	117	23.1105591933	28.5498119218	29.6164412739	5.276
1692	0	2	1	993	62	23.4081370358	30.2922042855	31.3725678471	8.189
1692	0	2	2	2340	146	23.4081370358	30.8597237114	31.940087273	9.559
1693	0	2	1	1240	77	20.2741365123	38.321818815	39.2575378044	10
1693	0	2	2	2596	162	20.2741365123	25.2918013164	26.2275203058	10.63
1694	0	2	1	1264	79	22.1238048087	30.8042640563	31.8253514039	12.693
1694	0	2	2	2614	163	22.1238048087	29.5920376043	30.613124952	9.386
1695	0	2	1	539	33	16.8590649656	36.3927108421	37.1708128946	4.913
1695	0	2	2	1889	118	16.8590649656	32.8330276691	33.6111297215	6.252
1696	0	2	1	1213	75	19.686279369	28.0802532344	28.9888406569	4.614
1696	0	2	2	2562	160	19.686279369	31.4262583964	32.3348458189	12
1697	0	2	1	552	34	26.5189421276	29.5953637119	30.8193012992	13.559
1697	0	2	2	1899	118	26.5189421276	29.5439300354	30.7678676228	13.307
1698	0	2	1	136	8	24.6220520762	30.1383932938	31.2747830814	7.244
1698	0	2	2	1478	92	24.6220520762	30.6329493219	31.7693391095	17.276
1698	1	2	1	137	8	24.6220520762	30.4537927445	31.5901825321	6.708
1698	1	2	2	1477	92	24.6220520762	30.1810039771	31.3173937648	13.102
1699	0	2	1	348	21	22.4846318981	33.7458757182	34.7836164389	8.567
1699	0	2	2	1694	105	22.4846318981	30.2302434752	31.267984196	6.882
1700	0	2	1	1064	66	23.3714604873	25.2838497099	26.3625205265	8.598
1700	0	2	2	2412	150	23.3714604873	26.9329341205	28.0116049372	18
1701	0	2	1	506	31	22.5781538369	31.849728001	32.891785071	9.811
1701	0	2	2	1857	116	22.5781538369	30.2162900883	31.2583471583	7.654
1702	0	2	1	439	27	21.6101782013	27.8240567174	28.8214384848	10.662
1702	0	2	2	1785	111	21.6101782013	28.5214567418	29.5188385092	9.591
1703	0	2	1	491	30	22.4523177115	25.5765958939	26.6128452072	12.914
1703	0	2	2	1835	114	22.4523177115	30.2678998851	31.3041491984	7.496
1704	0	2	1	1000	62	18.1555816834	29.1084376312	29.9463782525	27.653
1704	0	2	2	2343	146	18.1555816834	29.8542594069	30.6922000282	14.441
1704	1	2	1	996	62	18.1555816834	25.4383113761	26.2762519974	16.882
1704	1	2	2	2341	146	18.1555816834	26.8871628676	27.7251034889	13.417
1705	0	2	1	490	30	17.7142602705	28.3209506314	29.1385227982	11.591
1705	0	2	2	1835	114	17.7142602705	30.9820176042	31.799589771	11.59
1706	0	2	1	1218	76	18.1847601328	26.4760379441	27.3153252481	11.874
1706	0	2	2	2567	160	18.1847601328	27.9265572782	28.7658445822	14.22
1707	0	2	1	456	28	29.6779253517	30.4854465983	31.8551817928	7.244
1707	0	2	2	1801	112	29.6779253517	29.8070612985	31.176796493	9.339
1708	0	2	1	1107	69	25.3941190418	28.0282537336	29.2002769857	13.748
1708	0	2	2	2455	153	25.3941190418	28.4757591597	29.6477824117	6.63
1709	0	2	1	485	30	19.3229067759	29.9700640221	30.861880588	12.914
1709	0	2	2	1830	114	19.3229067759	30.8075989116	31.6994154775	10.158
1710	0	2	1	438	27	20.2655268919	32.3663697386	33.3016913653	9.465
1710	0	2	2	1783	111	20.2655268919	31.2333049071	32.1686265338	4.095
1711	0	2	1	1250	78	22.1503516558	30.5343327173	31.5566452905	5.937
1711	0	2	2	2596	162	22.1503516558	31.3111767532	32.3334893264	17.213
1712	0	2	1	1271	79	17.9624116044	28.0735877225	28.9026129007	8.456
1712	0	2	2	2620	163	17.9624116044	28.5056807534	29.3347059316	11.811
1713	0	2	1	584	36	24.6926353369	32.0464022969	33.1860497374	10.032
1713	0	2	2	1933	120	24.6926353369	29.1787486562	30.3183960967	7.906
1714	0	2	1	1216	76	21.3697921149	27.6396792457	28.6259663938	4.992
1714	0	2	2	2565	160	21.3697921149	28.4859159731	29.4722031212	17.417
1715	0	2	1	210	13	26.3852603535	31.4658182192	32.683585947	10.835
1715	0	2	2	1552	97	26.3852603535	33.0585851251	34.2763528529	8.283
1716	0	2	1	456	28	24.2980920254	30.4640056291	31.5854435804	5.402
1716	0	2	2	1803	112	24.2980920254	29.4289100025	30.5503479538	5.291
1717	0	2	1	491	30	18.5802086136	31.5434186192	32.4009571889	5.906
1717	0	2	2	1838	114	18.5802086136	29.8047126455	30.6622512152	7.843
1718	0	2	1	1061	66	26.857875541	29.6572433684	30.8968238627	15.055
1718	0	2	2	2408	150	26.857875541	30.4370155878	31.6765960821	7.748
1719	0	2	1	490	30	23.3205723897	28.5351156153	29.6114377766	9.653
1719	0	2	2	1835	114	23.3205723897	31.1963662518	32.2726884131	17.402
1720	0	2	1	597	37	19.9227130276	28.0676933094	28.9871929334	11.842
1720	0	2	2	1946	121	19.9227130276	28.6836160726	29.6031156966	9.402
1721	0	2	1	457	28	20.5642587275	30.8350203291	31.784129426	6.772
1721	0	2	2	1803	112	20.5642587275	32.497509222	33.4466183188	5.669
1722	0	2	1	547	34	21.991586197	24.5750287721	25.5900137901	9.78
1722	0	2	2	1894	118	21.991586197	27.4187775976	28.4337626156	8.094
1723	0	2	1	778	48	24.7235015666	34.9605076615	36.1015796814	6.252
1723	0	2	2	2118	132	24.7235015666	35.9378020764	37.0788740963	15.748
1724	0	2	1	533	33	19.2245106285	32.8917033185	33.7789785742	15.622
1724	0	2	2	1891	118	19.2245106285	29.9206423752	30.8079176309	8.535
1725	0	2	1	879	54	26.1070798216	27.8810440527	29.0859728215	11.591
1725	0	2	2	2220	138	26.1070798216	28.6618001145	29.8667288834	13.843
1726	0	2	1	407	25	19.2536934008	28.8959180449	29.7845401828	7.842
1726	0	2	2	1755	109	19.2536934008	29.1720950177	30.0607171556	10.535
1727	0	2	1	553	34	21.6764321105	30.2153835736	31.2158231799	4.031
1727	0	2	2	1901	118	21.6764321105	31.7180204602	32.7184600664	12.032
1728	0	2	1	1006	62	26.4902125036	34.4615949171	35.6842065365	8.614
1728	0	2	2	2353	147	26.4902125036	31.7317215362	32.9543331556	11.591
1729	0	2	1	528	33	19.9292142948	30.4536409632	31.3734406424	11.842
1729	0	2	2	1878	117	19.9292142948	30.7591951651	31.6789948443	4.189
1730	0	2	1	581	36	17.731994186	30.8729449992	31.6913356454	7.811
1730	0	2	2	1929	120	17.731994186	29.0602649614	29.8786556075	8.284
1731	0	2	1	489	30	16.4616952406	30.8372303579	31.5969924728	11.559
1731	0	2	2	1833	114	16.4616952406	30.3851079734	31.1448700883	6.409
1732	0	2	1	1234	77	18.4967089934	29.7130589231	30.566743707	10
1732	0	2	2	2584	161	18.4967089934	29.9478398263	30.8015246101	11.968
1733	0	2	1	454	28	20.9682091586	27.723992029	28.6917447849	22.977
1733	0	2	2	1800	112	20.9682091586	28.3867073925	29.3544601484	12.536
1734	0	2	1	182	11	23.2580708583	29.0114519221	30.0848894294	4.504
1734	0	2	2	1526	95	23.2580708583	30.9231078955	31.9965454028	9.055
1736	0	2	1	514	32	17.0474347181	29.8746437999	30.6614397444	8.473
1736	0	2	2	1861	116	17.0474347181	31.439447248	32.2262431926	11.134
1737	0	2	1	544	34	22.0868382747	33.5380999264	34.5574811453	14.347
1737	0	2	2	1892	118	22.0868382747	34.8509003639	35.8702815828	16.929
1738	0	2	1	1059	66	26.9023784251	28.9964492238	30.2380836746	5.244
1738	0	2	2	2406	150	26.9023784251	29.0774676924	30.3191021431	22.724
1739	0	2	1	1004	62	21.9336222098	29.4724830725	30.4847928592	8.819
1739	0	2	2	2345	146	21.9336222098	29.0798149753	30.092124762	7.086
1740	0	2	1	1240	77	19.7799445447	30.225195512	31.1381058945	5.748
1740	0	2	2	2590	161	19.7799445447	32.0456475523	32.9585579349	9.039
1741	0	2	1	1227	76	25.0691100928	40.8167385754	41.9737615809	19.213
1741	0	2	2	2575	160	25.0691100928	41.7594866501	42.9165096556	6.299
1742	0	2	1	899	56	21.4276586391	27.4603916768	28.4493495579	11.653
1742	0	2	2	2242	140	21.4276586391	30.8591119828	31.8480698639	7.339
1743	0	2	1	572	35	24.8032780351	32.8521758253	33.9969297951	8.866
1743	0	2	2	1923	120	24.8032780351	33.2669926186	34.4117465884	12.378
1744	0	2	1	1275	79	19.7770573809	45.466249364	46.3790264943	6.693
1744	0	2	2	2597	162	19.7770573809	31.8645698447	32.777346975	4.582
1745	0	2	1	879	54	22.5736611844	28.6881138013	29.7299635204	6.315
1745	0	2	2	2222	138	22.5736611844	28.6177073389	29.659557058	11.401
1747	0	2	1	1061	66	25.452386471	29.1985525151	30.3732650033	19.465
1747	0	2	2	2407	150	25.452386471	28.7665071978	29.9412196859	16.756
1748	0	2	1	474	29	21.0172103046	28.937138342	29.9071526642	18.897
1748	0	2	2	1821	113	21.0172103046	29.1391179815	30.1091323037	11.48
1749	0	2	1	1248	78	18.7041543263	31.4732571515	32.3365162291	8.866
1749	0	2	2	2599	162	18.7041543263	24.9411046399	25.8043637175	29.401
1750	0	2	1	778	48	25.053891463	31.5980392586	32.7543598736	10.378
1750	0	2	2	2117	132	25.053891463	30.759554369	31.915874984	13.717
1751	0	2	1	1064	66	26.0298277652	29.0030562486	30.2044195776	4.189
1751	0	2	2	2412	150	26.0298277652	28.70239415	29.9037574789	12.441
1753	0	2	1	457	28	21.3613935319	32.003289374	32.9891888996	9.307
1753	0	2	2	1801	112	21.3613935319	31.0545847994	32.0404843249	9.023
1754	0	2	1	490	30	20.5688295171	30.6062527411	31.5555727951	13.149
1754	0	2	2	1837	114	20.5688295171	28.9614400369	29.910760091	11.59
1755	0	2	1	414	25	22.3448291461	27.0862937659	28.1175821236	9.906
1755	0	2	2	1762	110	22.3448291461	25.7411368992	26.7724252569	11.181
1756	0	2	1	1090	68	20.149360949	31.8116893909	32.7416495721	5.937
1756	0	2	2	2436	152	20.149360949	30.267943084	31.1979032652	4
1757	0	2	1	1012	63	21.5648833591	26.7737874521	27.7690787115	6.787
1757	0	2	2	2353	147	21.5648833591	32.2511683087	33.2464595682	7.842
1758	0	2	1	1064	66	21.1427083117	30.9623347882	31.9381412618	8.157
1758	0	2	2	2411	150	21.1427083117	30.6644727331	31.6402792067	17.338
1759	0	2	1	530	33	17.0922771295	30.3583941997	31.147259771	13.811
1759	0	2	2	1879	117	17.0922771295	32.1924487846	32.9813143559	6.535
1760	0	2	1	1041	65	21.9385240268	28.2519378418	29.2644738637	19.307
1760	0	2	2	2394	149	21.9385240268	31.735570436	32.7481064579	9.811
1761	0	2	1	547	34	19.7306280284	37.9013370468	38.8119713077	15.842
1761	0	2	2	1906	119	19.7306280284	39.4517676878	40.3624019488	12.74
1762	0	2	1	1090	68	25.5647317567	28.8766497248	30.0565473224	8.693
1762	0	2	2	2438	152	25.5647317567	25.9173557068	27.0972533044	14.52
1763	0	2	1	1057	66	25.6620506747	29.0373052624	30.2216944525	4.22
1763	0	2	2	2402	150	25.6620506747	30.6386541179	31.823043308	7.527
1764	0	2	1	1243	77	21.9396613931	23.6481792571	24.6607677722	10.189
1764	0	2	2	2598	162	21.9396613931	29.7052025408	30.717791056	7.59
1766	0	2	1	545	34	23.669610308	30.2995282788	31.3919597037	7.213
1766	0	2	2	1893	118	23.669610308	28.281975561	29.3744069859	18.519
1766	1	2	1	544	34	23.669610308	32.7403283133	33.8327597381	7.717
1766	1	2	2	1896	118	23.669610308	21.3290663029	22.4214977277	29.087
1767	0	2	1	471	29	21.1320414382	40.4709453356	41.4462594974	28.882
1767	0	2	2	1816	113	21.1320414382	29.0247767895	30.0000909513	7.213
1768	0	2	1	572	35	22.4716599753	30.0833558754	31.1204978987	10.819
1768	0	2	2	1923	120	22.4716599753	32.4789082806	33.5160503039	9.937
1769	0	2	1	215	13	22.5919879097	30.2126853934	31.255380952	5.04
1769	0	2	2	1558	97	22.5919879097	30.5800154391	31.6227109977	10.283
1770	0	2	1	431	26	20.6437936817	28.291569764	29.2443496642	4.882
1770	0	2	2	1779	111	20.6437936817	27.7342881594	28.6870680595	7.118
1771	0	2	1	1098	68	19.2571539226	31.8857618942	32.7745437467	5.04
1771	0	2	2	2445	152	19.2571539226	32.5270437389	33.4158255915	7.04
1772	0	2	1	1280	80	20.3409620975	28.8894430247	29.8282462377	8
1772	0	2	2	2631	164	20.3409620975	30.815036466	31.7538396789	11.653
1773	0	2	1	431	26	22.79192113	29.5361787062	30.5881018494	5.779
1773	0	2	2	1777	111	22.79192113	30.5413109682	31.5932341114	10
1774	0	2	1	469	29	21.2656715486	31.4547780073	32.4362596442	9.496
1774	0	2	2	1815	113	21.2656715486	29.3974838497	30.3789654866	10.677
1775	0	2	1	1269	79	28.1472426202	29.190650757	30.4897398404	16.22
1775	0	2	2	2619	163	28.1472426202	27.990869195	29.2899582784	9.937
1776	0	2	1	413	25	25.1377683627	29.9558675903	31.1160594038	5.244
1776	0	2	2	1760	110	25.1377683627	30.3024729288	31.4626647424	11.905
1777	0	2	1	1253	78	22.9242200084	28.8367896891	29.8948188667	4.094
1777	0	2	2	2601	162	22.9242200084	29.9900425162	31.0480716938	13.968
1778	0	2	1	135	8	23.0856974983	30.3032214437	31.3687033457	4.96
1778	0	2	2	1476	92	23.0856974983	31.1933074771	32.2587893791	10.284
1779	0	2	1	1021	63	22.9273956482	26.4390813535	27.4972570974	5.024
1779	0	2	2	2385	149	22.9273956482	34.3017841869	35.3599599308	5.969
1780	0	2	1	430	26	20.8565632718	28.7870954862	29.7496954122	11.181
1780	0	2	2	1777	111	20.8565632718	28.1197019059	29.082301832	9.433
1781	0	2	1	489	30	19.2543250684	29.7499163396	30.6385676311	8.126
1781	0	2	2	1834	114	19.2543250684	29.5606837228	30.4493350142	9.181
1782	0	2	1	519	32	15.7915743802	32.4994990362	33.2283328394	10.441
1782	0	2	2	1865	116	15.7915743802	30.8337742985	31.5626081017	8.393
1784	0	2	1	1255	78	16.1794095934	29.2208294643	29.9675631556	9.606
1784	0	2	2	2596	162	16.1794095934	30.282794033	31.0295277242	10.441
1785	0	2	1	1004	62	21.5010727914	36.7927088499	37.7850550389	5.874
1785	0	2	2	2350	146	21.5010727914	32.8833930568	33.8757392458	6.346
1786	0	2	1	456	28	19.8452049327	28.1721936616	29.0881160286	5.527
1786	0	2	2	1803	112	19.8452049327	30.9082699998	31.8241923669	4.473
1787	0	2	1	584	36	21.7661454997	32.1906766401	33.1952568184	10.756
1787	0	2	2	1933	120	21.7661454997	30.0142694612	31.0188496394	10
1788	0	2	1	337	21	19.1699503867	30.2500298788	31.1347869974	9.779
1788	0	2	2	1681	105	19.1699503867	30.1520069096	31.0367640282	10.41
1789	0	2	1	153	9	26.2810632455	30.645914454	31.8588731379	6.961
1789	0	2	2	1495	93	26.2810632455	30.6547819327	31.8677406166	12.96
1790	0	2	1	1245	77	22.6538627637	28.2587857181	29.3043370075	13.338
1790	0	2	2	2594	162	22.6538627637	31.4457483864	32.4912996758	16.835
1791	0	2	1	554	34	25.1278686718	25.5642181722	26.723953082	14.945
1791	0	2	2	1904	119	25.1278686718	22.96833725	24.1280721599	14.897
1793	0	2	1	1250	78	23.3361925444	28.9963707098	30.0734137933	4.283
1793	0	2	2	2599	162	23.3361925444	30.7191991251	31.7962422086	19.906
1794	0	2	1	599	37	18.856877688	30.9449844787	31.8152922486	13.087
1794	0	2	2	1948	121	18.856877688	32.1513145911	33.021622361	9.15
1796	0	2	1	415	25	19.839021009	29.2675595461	30.1831965045	7.811
1796	0	2	2	1762	110	19.839021009	29.4518002214	30.3674371797	8.535
1797	0	2	1	411	25	20.002062325	38.9937118484	39.916873707	10.772
1797	0	2	2	1756	109	20.002062325	40.405251349	41.3284132076	10.504
1798	0	2	1	467	29	16.897319713	30.7074612524	31.487328889	5.118
1798	0	2	2	1814	113	16.897319713	29.8921017973	30.6719694338	5.464
1799	0	2	1	1279	79	24.0711172985	30.9561050201	32.0670673311	11.748
1799	0	2	2	2629	164	24.0711172985	32.2675742831	33.378536594	7.118
1801	0	2	1	429	26	20.7066223901	29.483469382	30.4391490364	4.725
1801	0	2	2	1775	110	20.7066223901	30.5651471963	31.5208268508	11.212
1802	0	2	1	1253	78	20.6869586088	28.2971789392	29.2519510446	6.283
1802	0	2	2	2597	162	20.6869586088	28.3948334267	29.3496055321	4.945
1803	0	2	1	1000	62	20.860517184	25.8013325923	26.7641150046	8.725
1803	0	2	2	2353	147	20.860517184	31.5638310519	32.5266134642	4.708
1804	0	2	1	1000	62	28.7698666665	26.2489786189	27.5768038778	12.787
1804	0	2	2	2346	146	28.7698666665	30.7078376133	32.0356628722	8
1805	0	2	1	490	30	19.5184485459	31.4548358868	32.3556773573	10.504
1805	0	2	2	1835	114	19.5184485459	30.8776037447	31.7784452151	5.276
1806	0	2	1	1063	66	29.752773208	12.9462977429	14.3194874155	7.937
1806	0	2	2	2411	150	29.752773208	10.9537388161	12.3269284886	13.244
1807	0	2	1	489	30	22.8291174977	30.8925922463	31.9462321259	14.898
1807	0	2	2	1834	114	22.8291174977	30.1661556206	31.2197955002	8.567
1808	0	2	1	584	36	19.2160470287	33.769220736	34.6561053683	7.433
1808	0	2	2	1933	120	19.2160470287	30.1297099249	31.0165945572	6.189
1809	0	2	1	1275	79	20.7195888055	30.6789246263	31.6352027241	6.126
1809	0	2	2	2625	164	20.7195888055	29.6683154775	30.6245935753	5.023
1810	0	2	1	993	62	20.4641439434	34.8688690312	35.813357497	22.504
1810	0	2	2	2337	146	20.4641439434	32.5300554674	33.4745439332	6.961
1811	0	2	1	1238	77	25.3020485548	30.5902003172	31.7579742093	7.685
1811	0	2	2	2587	161	25.3020485548	30.3434878857	31.5112617778	16.725
1812	0	2	1	1233	77	20.5405331261	28.6780230536	29.6260371349	17.622
1812	0	2	2	2583	161	20.5405331261	28.0172075614	28.9652216426	13.748
1813	0	2	1	430	26	20.6466766634	29.1650814412	30.1179944005	6.315
1813	0	2	2	1775	110	20.6466766634	30.6776642576	31.6305772169	11.842
1814	0	2	1	1286	80	21.2526705957	35.9627969628	36.9436785624	7.701
1814	0	2	2	2634	164	21.2526705957	30.1435272679	31.1244088675	8.63
1815	0	2	1	898	56	23.5484261369	31.168170563	32.2550089344	4.378
1815	0	2	2	2241	140	23.5484261369	27.0900949596	28.1769333309	10.157
1816	0	2	1	296	18	22.1401256149	32.1853147307	33.207155338	12.126
1816	0	2	2	1639	102	22.1401256149	29.1562705551	30.1781111624	6.347
1817	0	2	1	160	10	24.0590448788	32.8896378899	34.0000430185	11.968
1817	0	2	2	1497	93	24.0590448788	31.7066319304	32.8170370589	12.725
1818	0	2	1	1062	66	22.7498071957	34.1829251957	35.2329046405	5.433
1818	0	2	2	2411	150	22.7498071957	31.3437626493	32.3937420941	14.315
1819	0	2	1	998	62	20.9468384476	27.8892442613	28.8560106876	8.756
1819	0	2	2	2344	146	20.9468384476	27.8714241797	28.838190606	17.811
1820	0	2	1	1250	78	21.5779596291	28.3247978379	29.3206926108	4.756
1820	0	2	2	2599	162	21.5779596291	30.2172655951	31.2131603681	21.937
1821	0	2	1	473	29	19.7164328179	30.6399888221	31.5499679267	8.992
1821	0	2	2	1818	113	19.7164328179	35.5041948305	36.4141739352	14
1822	0	2	1	459	28	24.2163216289	28.5974521961	29.715116171	4.661
1822	0	2	2	1802	112	24.2163216289	29.0621598945	30.1798238694	6.819
1823	0	2	1	1217	76	20.5067150237	28.4755682182	29.4220214812	7.039
1823	0	2	2	2566	160	20.5067150237	27.4604992813	28.4069525444	11.969
1825	0	2	1	486	30	22.2074211392	30.4501378925	31.4750844126	10.898
1825	0	2	2	1831	114	22.2074211392	28.7588097444	29.7837562645	8.252
1826	0	2	1	129	8	25.7739255923	10.0625363359	11.2520889264	11.842
1826	0	2	2	1470	91	25.7739255923	17.8240898355	19.013642426	6.74
1827	0	2	1	489	30	25.3825236214	32.3375584306	33.5090465153	10.74
1827	0	2	2	1835	114	25.3825236214	30.3529622477	31.5244503324	11.559
1828	0	2	1	564	35	26.8997923764	30.6431826753	31.8846977712	11.874
1828	0	2	2	1912	119	26.8997923764	34.5573050093	35.7988201053	6.914
1829	0	2	1	454	28	20.8677435938	33.0231829078	33.986298843	18.961
1829	0	2	2	1800	112	20.8677435938	31.9952588673	32.9583748025	11.149
1830	0	2	1	1251	78	17.1558226587	28.2537144585	29.0455128678	7.78
1830	0	2	2	2600	162	17.1558226587	29.4448301361	30.2366285455	11.654
1831	0	2	1	529	33	23.1295490923	30.805697035	31.8732028342	10.693
1831	0	2	2	1878	117	23.1295490923	31.8902173071	32.9577231064	7.102
1832	0	2	1	1246	77	20.5086791734	29.6178082723	30.5643521874	11.622
1832	0	2	2	2597	162	20.5086791734	26.9843500643	27.9308939794	21.906
1833	0	2	1	491	30	23.851145535	26.4714664628	27.5722763435	12.094
1833	0	2	2	1835	114	23.851145535	31.1504407498	32.2512506306	10.126
1834	0	2	1	1107	69	22.1901890773	26.7960824558	27.8202336588	4.063
1834	0	2	2	2455	153	22.1901890773	27.8359722192	28.8601234222	11.653
1835	0	2	1	1062	66	19.3715464187	28.3939190414	29.287980489	4.378
1835	0	2	2	2411	150	19.3715464187	29.0895558292	29.9836172767	11.874
1836	0	2	1	892	55	26.2017891183	41.4611582466	42.6704581653	22.031
1836	0	2	2	2245	140	26.2017891183	40.5921077339	41.8014076526	8.693
1837	0	2	1	537	33	16.188627845	30.9615258387	31.708684983	4
1837	0	2	2	1886	117	16.188627845	29.7842289663	30.5313881106	11.37
1838	0	2	1	948	59	25.1732345963	30.2236110082	31.3854397066	10.834
1838	0	2	2	2290	143	25.1732345963	28.9274548032	30.0892835017	5.37
1839	0	2	1	1098	68	21.7132484008	33.374996858	34.3771356588	4.252
1839	0	2	2	2447	152	21.7132484008	32.1937010443	33.1958398451	9.433
1840	0	2	1	1271	79	21.6577972389	31.9979287431	32.9975082879	10.977
1840	0	2	2	2616	163	21.6577972389	31.6428858706	32.6424654154	17.307
1841	0	2	1	438	27	22.7136490557	29.6203979337	30.6687085597	14.032
1841	0	2	2	1783	111	22.7136490557	30.365447124	31.4137577501	6.662
1842	0	2	1	430	26	23.1994551023	31.8138034782	32.8845356729	9.134
1842	0	2	2	1776	111	23.1994551023	31.6972684376	32.7680006323	8.535
1843	0	2	1	431	26	20.3209448553	31.7790467897	32.7169261402	8.582
1843	0	2	2	1777	111	20.3209448553	29.347770452	30.2856498025	8.157
1844	0	2	1	246	15	30.1251175019	37.7563837191	39.1467583222	7.149
1844	0	2	2	1589	99	30.1251175019	40.4063157152	41.7966903182	5.905
1845	0	2	1	552	34	19.7893623952	34.4927058008	35.4060508486	5.779
1845	0	2	2	1899	118	19.7893623952	35.7663345631	36.6796796109	15.591
1846	0	2	1	1258	78	21.3569950227	29.5858664992	30.5715630189	14.992
1846	0	2	2	2603	162	21.3569950227	28.7415080226	29.7272045423	8.976
1847	0	2	1	490	30	23.3960172153	30.4285707743	31.5083749658	13.496
1847	0	2	2	1835	114	23.3960172153	33.7087278715	34.788532063	7.417
1848	0	2	1	469	29	18.9827624571	31.5542165216	32.4303342932	9.622
1848	0	2	2	1815	113	18.9827624571	30.416607081	31.2927248526	9.842
1849	0	2	1	1234	77	22.2925750033	30.4037369034	31.4326135582	5.386
1849	0	2	2	2584	161	22.2925750033	31.1197189531	32.1485956079	11.701
1850	0	2	1	594	37	21.3445572458	26.681319838	27.6664423128	7.055
1850	0	2	2	1944	121	21.3445572458	26.6168545803	27.6019770551	9.276
1851	0	2	1	311	19	21.6341108972	31.9405243039	32.939010645	6.158
1851	0	2	2	1655	103	21.6341108972	32.7338926908	33.732379032	8.961
1852	0	2	1	470	29	25.3074141563	29.5925170961	30.7605386286	8.032
1852	0	2	2	1818	113	25.3074141563	30.9811455027	32.1491670352	4.189
1853	0	2	1	1239	77	24.5011446245	33.1621311542	34.2929406599	9.905
1853	0	2	2	2594	162	24.5011446245	28.3884195649	29.5192290706	9.843
1854	0	2	1	1254	78	16.2614232764	31.8626877187	32.6132066148	5.307
1854	0	2	2	2602	162	16.2614232764	28.3581285288	29.1086474249	17.591
1855	0	2	1	1241	77	21.9450416834	27.7743145724	28.7871514059	16.504
1855	0	2	2	2589	161	21.9450416834	29.1678254338	30.1806622673	10.567
1856	0	2	1	1062	66	23.3494933989	32.2536452519	33.3313022142	4.252
1856	0	2	2	2410	150	23.3494933989	32.0739216745	33.1515786368	6.094
1857	0	2	1	238	14	28.2517957979	30.3690891541	31.6730037152	6.283
1857	0	2	2	1580	98	28.2517957979	16.3681833373	17.6720978985	20.41
1858	0	2	1	879	54	26.0082958574	29.9553958984	31.155765458	11.559
1858	0	2	2	2223	138	26.0082958574	31.0232250432	32.2235946027	8.441
1859	0	2	1	373	23	26.9480305768	32.5702043219	33.8139457717	6.599
1859	0	2	2	1718	107	26.9480305768	35.8149805592	37.058722009	11.212
1860	0	2	1	808	50	21.1750933412	28.4244091601	29.4017103107	7.716
1860	0	2	2	2150	134	21.1750933412	27.3928211295	28.3701222802	9.465
1861	0	2	1	432	27	21.2942496171	31.6259601376	32.6087607476	11.292
1861	0	2	2	1780	111	21.2942496171	31.0037192204	31.9865198304	8.126
1862	0	2	1	407	25	18.8019962498	28.4278947011	29.2956695097	11.748
1862	0	2	2	1755	109	18.8019962498	27.8197093958	28.6874842043	17.464
1863	0	2	1	594	37	14.7495833743	29.1682894116	29.8490318561	13.496
1863	0	2	2	1945	121	14.7495833743	30.8974220157	31.5781644602	11.78
1864	0	2	1	1251	78	22.2506436504	31.8081618754	32.8351032584	4.157
1864	0	2	2	2600	162	22.2506436504	32.4753696066	33.5023109897	18.346
1865	0	2	1	1089	68	25.2220888281	30.0985828707	31.2626663549	9.528
1865	0	2	2	2433	152	25.2220888281	29.5399068598	30.7039903439	6
1866	0	2	1	491	30	24.8369362239	29.5302316105	30.6765390179	13.417
1866	0	2	2	1835	114	24.8369362239	29.7658990956	30.9122065031	8.189
1867	0	2	1	1246	77	21.1454719043	30.6330385936	31.6089726162	4.851
1867	0	2	2	2596	162	21.1454719043	35.1804524336	36.1563864562	11.339
1868	0	2	1	473	29	18.5395617263	29.0668349449	29.9224975253	10.851
1868	0	2	2	1817	113	18.5395617263	32.8205567594	33.6762193398	7.559
1869	0	2	1	467	29	21.461746187	30.1293605598	31.119891695	4.504
1869	0	2	2	1817	113	21.461746187	29.630990432	30.6215215671	6.929
1870	0	2	1	429	26	20.203358172	30.0952316654	31.0276839984	10.157
1870	0	2	2	1776	111	20.203358172	30.2126367934	31.1450891265	9.968
1871	0	2	1	530	33	18.1943779499	25.7758253487	26.615556547	19.464
1871	0	2	2	1879	117	18.1943779499	28.356019012	29.1957502104	6.709
1872	0	2	1	1094	68	24.9376361312	28.5372272557	29.6881822996	13.653
1872	0	2	2	2441	152	24.9376361312	31.1042064345	32.2551614784	10.567
1873	0	2	1	249	15	24.4102236514	28.6395729361	29.7661861358	11.937
1873	0	2	2	1592	99	24.4102236514	32.5659240316	33.6925372312	9.15
1874	0	2	1	1248	78	21.8829388242	31.8465163508	32.8564869303	7.654
1874	0	2	2	2596	162	21.8829388242	30.6437390552	31.6537096347	19.04
1875	0	2	1	1275	79	25.5484832335	31.568132436	32.7472801101	11.323
1875	0	2	2	2624	164	25.5484832335	33.291196724	34.4703443981	8.662
1876	0	2	1	1061	66	21.2089853062	36.3538982147	37.3327635925	10.189
1876	0	2	2	2403	150	21.2089853062	30.4690640094	31.4479293873	15.339
1877	0	2	1	1265	79	25.3948862359	23.9116670535	25.0837257141	10.157
1877	0	2	2	2598	162	25.3948862359	15.1831335752	16.3551922358	11.937
1878	0	2	1	259	16	27.2891327816	27.7459909793	29.005475433	8.977
1878	0	2	2	1602	100	27.2891327816	29.3500111068	30.6094955605	5.102
1879	0	2	1	1283	80	18.3585398541	28.6939880756	29.541295893	14.22
1879	0	2	2	2634	164	18.3585398541	27.8474340828	28.6947419003	17.181
1880	0	2	1	530	33	17.3064272155	30.6552433714	31.4539926831	10.347
1880	0	2	2	1879	117	17.3064272155	31.166816474	31.9655657857	6.772
1881	0	2	1	214	13	23.5189816765	30.4552960371	31.5407754484	6.85
1881	0	2	2	1556	97	23.5189816765	30.2177042521	31.3031836634	13.559
1882	0	2	1	1094	68	20.7260161144	27.7505386488	28.7071133883	4.472
1882	0	2	2	2442	152	20.7260161144	30.1236283495	31.0802030891	7.307
1883	0	2	1	457	28	18.0107754006	30.4807927414	31.31205007	6.897
1883	0	2	2	1803	112	18.0107754006	31.2723781539	32.1036354824	10.126
1884	0	2	1	551	34	21.5563384825	29.4252876115	30.4201844964	9.007
1884	0	2	2	1899	118	21.5563384825	30.3532978353	31.3481947202	11.968
1885	0	2	1	1268	79	20.0172103876	30.1526288857	31.0764898779	8.724
1885	0	2	2	2617	163	20.0172103876	29.4275916868	30.3514526791	5.937
1886	0	2	1	312	19	25.5261593228	28.1968531812	29.3749705324	11.213
1886	0	2	2	1656	103	25.5261593228	28.7034404442	29.8815577954	12.221
1887	0	2	1	490	30	23.3817513364	28.2335482491	29.3126940228	9.653
1887	0	2	2	1833	114	23.3817513364	29.2286545165	30.3078002902	5.937
1888	0	2	1	528	33	20.1026528854	30.5595437203	31.4873481686	6.536
1888	0	2	2	1876	117	20.1026528854	30.5844481667	31.5122526151	6.409
1889	0	2	1	183	11	22.6123171254	29.3084748875	30.3521087072	8.22
1889	0	2	2	1526	95	22.6123171254	28.8130873814	29.8567212011	14.834
1891	0	2	1	473	29	15.3925573858	31.4695665043	32.1799843429	8.158
1891	0	2	2	1818	113	15.3925573858	31.4445980035	32.1550158422	5.229
1892	0	2	1	1270	79	15.8305363028	30.9637873876	31.6944194134	12.819
1892	0	2	2	2618	163	15.8305363028	31.9600558075	32.6906878333	10.724
1893	0	2	1	431	26	26.0257804244	29.7762962581	30.9774727887	6.126
1893	0	2	2	1777	111	26.0257804244	30.6825633116	31.8837398422	8.031
1894	0	2	1	951	59	26.3351184944	30.7466405467	31.9620940605	7.591
1894	0	2	2	2293	143	26.3351184944	30.1248503231	31.340303837	7.087
1895	0	2	1	1233	77	18.4304532819	31.9197367344	32.7703635963	5.26
1895	0	2	2	2582	161	18.4304532819	31.58265345	32.4332803119	13.024
1897	0	2	1	1071	66	24.4763054026	30.2566918724	31.3863549652	5.181
1897	0	2	2	2418	151	24.4763054026	31.5268268764	32.6564899691	8.472
1898	0	2	1	457	28	24.0077096123	28.4206566609	29.5286924958	5.811
1898	0	2	2	1802	112	24.0077096123	27.0057348234	28.1137706583	4.283
1899	0	2	1	1022	63	25.8107061834	33.9454291031	35.1366792405	16.945
1899	0	2	2	2366	147	25.8107061834	30.3622957058	31.5535458432	8.599
1900	0	2	1	485	30	22.5203035032	29.0619200948	30.1013071791	14.614
1900	0	2	2	1829	114	22.5203035032	29.1131248571	30.1525119414	9.527
1901	0	2	1	1275	79	20.0108404959	30.4351197985	31.358686799	8.221
1901	0	2	2	2624	164	20.0108404959	31.8882146521	32.8117816525	10.221
1902	0	2	1	530	33	19.4308115062	28.9987811089	29.8955778378	9.78
1902	0	2	2	1869	116	19.4308115062	28.3152127817	29.2120095106	4.661
1903	0	2	1	458	28	23.0775430004	28.7184461173	29.7835516621	5.496
1903	0	2	2	1803	112	23.0775430004	29.4565278532	30.5216333979	7.512
1904	0	2	1	1223	76	21.7029543994	32.0366275203	33.0382912185	10.378
1904	0	2	2	2575	160	21.7029543994	31.3659693497	32.367633048	9.37
1906	0	2	1	1065	66	24.5292078007	30.2534879828	31.3855926976	4.599
1906	0	2	2	2411	150	24.5292078007	30.4092215582	31.541326273	12.221
1906	1	2	1	1064	66	24.5292078007	32.6333493672	33.765454082	5.197
1906	1	2	2	2413	150	24.5292078007	29.6741806096	30.8062853244	12.536
1907	0	2	1	541	33	20.7836481937	32.92874035	33.8879750021	4.63
1907	0	2	2	1889	118	20.7836481937	31.4662926076	32.4255272597	9.024
1907	1	2	1	538	33	20.7836481937	30.6981174739	31.657352126	10.488
1907	1	2	2	1890	118	20.7836481937	32.5198462826	33.4790809347	12.094
1908	0	2	1	551	34	17.5001844244	29.7967199778	30.6044118306	6.33
1908	0	2	2	1899	118	17.5001844244	32.7268129866	33.5345048395	7.937
1909	0	2	1	1061	66	23.6022156167	29.190260735	30.2795816702	19.134
1909	0	2	2	2407	150	23.6022156167	33.8194959129	34.908816848	11.37
1910	0	2	1	1090	68	21.2775426486	34.7927377961	35.7747673238	4.976
1910	0	2	2	2437	152	21.2775426486	32.1762398506	33.1582693784	4.756
1911	0	3	1	1100	68	21.2389568943	31.2235164256	32.2037650922	10.661
1911	0	3	2	2447	152	21.2389568943	31.0710341928	32.0512828594	12.032
1912	0	3	1	1245	77	21.1269199725	27.0950798078	28.0701575969	10.772
1912	0	3	2	2596	162	21.1269199725	28.2790116958	29.2540894849	15.968
1913	0	3	1	1253	78	19.1147077558	30.227931204	31.110138691	6
1913	0	3	2	2600	162	19.1147077558	29.8753475977	30.7575550847	7.354
1914	0	3	1	473	29	18.8278948639	29.9188986539	30.7878687698	13.842
1914	0	3	2	1818	113	18.8278948639	30.2641026028	31.1330727187	10.772
1915	0	3	1	434	27	23.458198191	30.8535677245	31.9362417753	6.677
1915	0	3	2	1781	111	23.458198191	32.438555384	33.5212294349	7.197
1916	0	3	1	903	56	26.383997735	32.1810916893	33.398801143	10.63
1916	0	3	2	2245	140	26.383997735	31.1322182831	32.3499277369	12.094
1917	0	3	1	1061	66	19.1143478219	26.6824880408	27.5646789157	11.653
1917	0	3	2	2423	151	19.1143478219	31.0448061735	31.9269970483	13.748
1918	0	3	1	1064	66	24.4025778168	31.5863105416	32.7125708606	9.086
1918	0	3	2	2412	150	24.4025778168	31.4211472222	32.5474075411	17.559
1919	0	3	1	472	29	20.0168698771	29.5373362189	30.4611814954	21.685
1919	0	3	2	1818	113	20.0168698771	27.0221721748	27.9460174514	7.575
1920	0	3	1	582	36	22.4198352591	31.2356067235	32.2703568633	16.661
1920	0	3	2	1930	120	22.4198352591	29.5908038973	30.6255540371	7.465
1921	0	3	1	1248	78	10.4625116322	27.5331807525	28.016060544	4.378
1921	0	3	2	2599	162	10.4625116322	26.6444827342	27.1273625257	17.622
1922	0	3	1	1264	79	21.4042407771	30.9128503696	31.9007274383	8.347
1922	0	3	2	2615	163	21.4042407771	30.5861983541	31.5740754228	15.15
1923	0	3	1	528	33	19.3067305109	28.7387182118	29.6297881892	9.779
1923	0	3	2	1876	117	19.3067305109	31.7828177019	32.6738876793	4.772
1924	0	3	1	415	25	21.754571385	30.0859302716	31.0899762658	4.803
1924	0	3	2	1762	110	21.754571385	30.3830960002	31.3871419944	12
1925	0	3	1	1063	66	27.2017390378	34.300747955	35.5561988961	5.874
1925	0	3	2	2411	150	27.2017390378	32.9266716226	34.1821225636	15.906
1926	0	3	1	932	58	30.8170476693	39.1124800706	40.5347895576	7.874
1926	0	3	2	2277	142	30.8170476693	27.5614423275	28.9837518145	5.78
1927	0	3	1	1081	67	21.4697663516	32.1873381953	33.1782394878	6.378
1927	0	3	2	2427	151	21.4697663516	32.7086766782	33.6995779706	7.622
1928	0	3	1	513	32	16.965705552	30.4141124766	31.1971363476	5.811
1928	0	3	2	1860	116	16.965705552	32.1009885688	32.8840124398	9.165
1929	0	3	1	1253	78	22.4953887594	30.04037011	31.0786072958	6.882
1929	0	3	2	2600	162	22.4953887594	29.473823853	30.5120610388	18.504
1930	0	3	1	604	37	18.6338268168	28.8609949845	29.721008213	16.536
1930	0	3	2	1948	121	18.6338268168	24.8766683472	25.7366815757	6.346
1931	0	3	1	1212	75	16.4828530299	31.201371174	31.9621097914	14.41
1931	0	3	2	2561	160	16.4828530299	29.7129227563	30.4736613737	13.465
1932	0	3	1	1251	78	22.5533433048	31.1074913002	32.1484032815	4.504
1932	0	3	2	2599	162	22.5533433048	32.6712893969	33.7122013782	14.63
1933	0	3	1	430	26	19.9891612034	30.2612678452	31.183834274	10.456
1933	0	3	2	1776	111	19.9891612034	28.3494848978	29.2720513267	6.677
1934	0	3	1	1064	66	22.2103050458	30.8464011888	31.8714808108	8.032
1934	0	3	2	2412	150	22.2103050458	31.9539977522	32.9790773742	16.85
1935	0	3	1	506	31	18.7442254507	28.4261390378	29.2912475313	4.599
1935	0	3	2	1857	116	18.7442254507	30.4359878282	31.3010963217	5.843
1936	0	3	1	1270	79	23.1711761051	33.0855255772	34.1549526019	9.023
1936	0	3	2	2619	163	23.1711761051	31.4824032409	32.5518302656	11.528
1937	0	3	1	1244	77	25.1376860799	32.6335045201	33.793692536	6.488
1937	0	3	2	2594	162	25.1376860799	30.4673306041	31.62751862	28.866
1938	0	3	1	1271	79	23.1667055046	34.307843979	35.3770646706	11.78
1938	0	3	2	2617	163	23.1667055046	30.0890269238	31.1582476154	10.441
1939	0	3	1	1269	79	22.2428673113	31.10619865	32.1327811291	10.851
1939	0	3	2	2618	163	22.2428673113	30.542153395	31.5687358741	8.283
1940	0	3	1	1264	79	21.228420819	29.523537856	30.5033002476	5.275
1940	0	3	2	2614	163	21.228420819	29.3623484234	30.3421108149	9.181
1941	0	3	1	1230	76	21.0227048419	26.1441552751	27.1144231885	10.63
1941	0	3	2	2582	161	21.0227048419	27.4350828089	28.4053507223	13.118
1942	0	3	1	526	32	19.1564828902	27.8690559984	28.7531915472	9.528
1942	0	3	2	1874	117	19.1564828902	28.0136069681	28.8977425168	6.787
1943	0	3	1	1230	76	21.0353752797	31.2757144744	32.2465671707	6.63
1943	0	3	2	2580	161	21.0353752797	30.7716541793	31.7425068756	12.598
1944	0	3	1	489	30	23.2267468788	30.5431421731	31.6151339743	10.913
1944	0	3	2	1835	114	23.2267468788	30.7824072123	31.8543990134	12.866
1945	0	3	1	600	37	17.462560521	28.9052775631	29.7112329473	7.212
1945	0	3	2	1948	121	17.462560521	30.0945056008	30.900460985	11.811
1946	0	3	1	452	28	19.4414635797	25.7687117045	26.6660000622	25.937
1946	0	3	2	1798	112	19.4414635797	30.5835048593	31.480793217	11.103
1947	0	3	1	1270	79	13.3274572526	29.17281274	29.787919323	12.567
1947	0	3	2	2619	163	13.3274572526	29.5394651657	30.1545717486	10.866
1948	0	3	1	1248	78	19.2364132018	30.2703008972	31.1581254963	9.968
1948	0	3	2	2597	162	19.2364132018	30.7000001828	31.5878247819	8.803
1949	0	3	1	549	34	21.5827938749	27.0901098113	28.0862277008	4.346
1949	0	3	2	1894	118	21.5827938749	28.9176214566	29.9137393461	14.63
1951	0	3	1	1241	77	23.399452638	29.8577698697	30.9377326174	8.913
1951	0	3	2	2572	160	23.399452638	30.4908676983	31.5708304461	15.229
1952	0	3	1	437	27	23.9034144753	28.1801156569	29.2833379235	11.905
1952	0	3	2	1783	111	23.9034144753	26.3761069666	27.4793292332	17.842
1953	0	3	1	1064	66	21.7886622843	28.3579842279	29.3636036308	6.22
1953	0	3	2	2407	150	21.7886622843	28.2004534922	29.2060728951	10.567
1954	0	3	1	169	10	23.7803356236	30.5475858251	31.6451275923	8.693
1954	0	3	2	1512	94	23.7803356236	28.4870899983	29.5846317655	10.756
1955	0	3	1	550	34	24.9182089203	32.4273586602	33.5774170735	9.685
1955	0	3	2	1898	118	24.9182089203	31.1274752669	32.2775336802	7.606
1956	0	3	1	473	29	22.097786426	28.8832639696	29.9031504822	13.118
1956	0	3	2	1818	113	22.097786426	27.8112120273	28.8310985399	8.693
1957	0	3	1	814	50	29.0911875532	32.984039203	34.326694492	6.63
1957	0	3	2	2155	134	29.0911875532	35.8525761208	37.1952314098	8.977
1958	0	3	1	1256	78	22.5768048269	32.2041092523	33.246104061	9.276
1958	0	3	2	2604	162	22.5768048269	29.300838976	30.3428337847	6.063
1959	0	3	1	490	30	17.5209239963	30.1944856249	31.0031346782	12.536
1959	0	3	2	1835	114	17.5209239963	28.8265112126	29.6351602658	8.677
1960	0	3	1	1024	64	22.2429562551	25.1763802177	26.2029668018	10.283
1960	0	3	2	2370	148	22.2429562551	32.8139565262	33.8405431104	10.22
1962	0	3	1	526	32	22.5683142437	28.8802498468	29.9218527868	7.244
1962	0	3	2	1872	117	22.5683142437	28.9053125492	29.9469154892	6.756
1964	0	3	1	1250	78	18.7224568677	28.3750190719	29.2391228728	4.189
1964	0	3	2	2600	162	18.7224568677	29.1490958229	30.0131996237	19.716
1965	0	3	1	1062	66	21.0303410892	29.3817619327	30.3523822844	5.149
1965	0	3	2	2411	150	21.0303410892	27.1629052764	28.133525628	15.843
1966	0	3	1	440	27	24.5360003847	28.6012476736	29.7336658888	7.528
1966	0	3	2	1784	111	24.5360003847	29.2789174425	30.4113356578	9.559
1967	0	3	1	1211	75	22.3330015808	28.2118920445	29.2426345206	12.126
1967	0	3	2	2562	160	22.3330015808	29.4187263564	30.4494688325	18.252
1968	0	3	1	440	27	19.4817747416	31.751694082	32.6508429341	9.465
1968	0	3	2	1787	111	19.4817747416	28.8457471446	29.7448959968	6.614
1969	0	3	1	582	36	25.087266787	30.1004686001	31.2583295975	8.346
1969	0	3	2	1930	120	25.087266787	31.1655098873	32.3233708848	8.315
1970	0	3	1	1212	75	22.2123070007	34.1733916097	35.1985636286	5.906
1970	0	3	2	2562	160	22.2123070007	30.0664513026	31.0916233215	7.149
1971	0	3	1	583	36	18.3030367862	29.027921048	29.8726672139	8.535
1971	0	3	2	1932	120	18.3030367862	31.1207790972	31.965525263	8.551
1972	0	3	1	491	30	20.7493186255	28.3726645384	29.3303147665	10.189
1972	0	3	2	1838	114	20.7493186255	28.5058978749	29.463548103	5.008
1973	0	3	1	975	60	20.7798697838	28.5213433784	29.4804036443	4.063
1973	0	3	2	2319	144	20.7798697838	32.8415199064	33.8005801723	8.85
1974	0	3	1	1107	69	21.0107029244	30.1775583317	31.1472723165	7.307
1974	0	3	2	2454	153	21.0107029244	29.9865910805	30.9563050654	7.717
1975	0	3	1	481	30	21.2407819804	26.5296010122	27.5099339126	18.346
1975	0	3	2	1827	114	21.2407819804	28.2288974773	29.2092303776	5.717
1976	0	3	1	431	26	20.4975726251	31.8705252547	32.8165565656	8.693
1976	0	3	2	1779	111	20.4975726251	31.7350444636	32.6810757745	4.284
1977	0	3	1	1270	79	25.1594195817	34.7985359332	35.9597270227	4.158
1977	0	3	2	2616	163	25.1594195817	35.2864895087	36.4476805982	13.937
1978	0	3	1	1287	80	15.4630580153	21.8728916822	22.58656336	14.157
1978	0	3	2	2631	164	15.4630580153	21.8898414294	22.6035131071	6.425
1979	0	3	1	429	26	21.132789457	28.2300111062	29.2053597916	5.37
1979	0	3	2	1775	110	21.132789457	29.4276441805	30.4029928658	15.023
1980	0	3	1	1283	80	27.9231552867	27.4860904971	28.7748372031	11.055
1980	0	3	2	2632	164	27.9231552867	26.2023895627	27.4911362686	14.095
1981	0	3	1	513	32	20.0385853326	32.0331666893	32.9580142065	5.307
1981	0	3	2	1861	116	20.0385853326	32.2926790478	33.217526565	12
1982	0	3	1	1093	68	28.7712865479	28.7992348727	30.1271256639	10.094
1982	0	3	2	2441	152	28.7712865479	26.5894798385	27.9173706296	15.008
1983	0	3	1	1246	77	20.194491749	29.0819163978	30.0139595159	8.725
1983	0	3	2	2596	162	20.194491749	31.0074927247	31.9395358428	21.843
1984	0	3	1	908	56	28.2801601497	31.1611222239	32.4663458944	11.071
1984	0	3	2	2250	140	28.2801601497	29.5456780358	30.8509017064	8.063
1985	0	3	1	759	47	33.307100887	28.231152401	29.7683861452	10.866
1985	0	3	2	2111	131	33.307100887	34.2331150527	35.7703487969	7.386
1986	0	3	1	490	30	17.4603185293	27.5577479158	28.3635998247	12.189
1986	0	3	2	1834	114	17.4603185293	28.5744199378	29.3802718467	8.756
1987	0	3	1	1258	78	19.0335536617	29.9275697325	30.8060316876	8.252
1987	0	3	2	2609	163	19.0335536617	30.3422230079	31.2206849629	15.653
1988	0	3	1	510	31	16.9278882323	30.2527640552	31.0340425309	7.811
1988	0	3	2	1860	116	16.9278882323	28.8570242861	29.6383027618	10.662
1989	0	3	1	517	32	18.859584835	27.2236420815	28.0940747952	5.276
1989	0	3	2	1864	116	18.859584835	28.327582334	29.1980150477	10.708
1990	0	3	1	1062	66	24.9442282529	30.4274019192	31.5786612115	5.591
1990	0	3	2	2410	150	24.9442282529	30.5790741182	31.7303334105	6.252
1991	0	3	1	1236	77	19.7537525378	29.2516672388	30.1633687729	10.63
1991	0	3	2	2585	161	19.7537525378	28.8099217787	29.7216233129	5.748
1992	0	3	1	1041	65	20.2070641963	31.0922604778	32.0248838562	9.654
1992	0	3	2	2394	149	20.2070641963	29.8452137307	30.7778371091	9.622
1993	0	3	1	456	28	24.6103347213	32.7584366684	33.8942856611	8.031
1993	0	3	2	1802	112	24.6103347213	32.6799159907	33.8157649833	6.22
1994	0	3	1	551	34	22.7066529157	26.8446080125	27.8925957434	10.614
1994	0	3	2	1899	118	22.7066529157	26.2918389938	27.3398267247	11.748
1995	0	3	1	415	25	22.1885168291	28.6990451386	29.7231191617	5.669
1995	0	3	2	1762	110	22.1885168291	30.8930921305	31.9171661537	12.315
1996	0	3	1	1245	77	22.2607986404	27.4288708623	28.456280932	16.283
1996	0	3	2	2596	162	22.2607986404	28.9406261382	29.9680362079	18.126
1996	1	3	1	1240	77	22.2607986404	26.4760846227	27.5034946924	11.244
1996	1	3	2	2597	162	22.2607986404	27.4159621254	28.4433721951	16.645
1996	2	3	1	1234	77	22.2607986404	25.8740708764	26.9014809461	6.189
1996	2	3	2	2600	162	22.2607986404	28.0958288941	29.1232389638	17.212
1997	0	3	1	443	27	24.2386206952	28.5768916521	29.6955848032	6.158
1997	0	3	2	1791	111	24.2386206952	28.7795070856	29.8982002368	7.559
1998	0	3	1	598	37	17.3761650035	29.3367115671	30.1386795102	5.779
1998	0	3	2	1948	121	17.3761650035	29.3838527156	30.1858206587	6.662
1999	0	3	1	506	31	18.0612577672	31.1611052949	31.994692553	13.071
1999	0	3	2	1857	116	18.0612577672	29.8329435587	30.6665308168	7.622
2000	0	3	1	1250	78	14.2849862254	30.3340462393	30.9933459765	5.008
2000	0	3	2	2600	162	14.2849862254	30.4165610782	31.0758608154	16
2001	0	3	1	538	33	22.8792696827	31.1292120878	32.185166658	7.748
2001	0	3	2	1888	118	22.8792696827	32.7799408101	33.8358953802	8.85
2002	0	3	1	457	28	23.5812184516	31.8539507575	32.9423026035	8.031
2002	0	3	2	1802	112	23.5812184516	30.3370387443	31.4253905903	7.685
2003	0	3	1	558	34	28.6779228155	32.465007804	33.7885895477	11.086
2003	0	3	2	1907	119	28.6779228155	28.2976820137	29.6212637574	7.386
2004	0	3	1	412	25	27.9314768373	27.6867326553	28.9758634286	5.717
2004	0	3	2	1758	109	27.9314768373	27.3690972131	28.6582279863	10.63
2005	0	3	1	774	48	24.0919694572	31.0252875139	32.1372122215	7.78
2005	0	3	2	2116	132	24.0919694572	35.9367404199	37.0486651275	4.567
2006	0	3	1	1264	79	23.6871958898	29.0957567274	30.1889997854	4.031
2006	0	3	2	2615	163	23.6871958898	29.8539786484	30.9472217064	12.85
2007	0	3	1	267	16	27.7609135766	30.7674701832	32.0487288934	18.315
2007	0	3	2	1610	100	27.7609135766	28.8628760044	30.1441347145	6.284
2008	0	3	1	430	26	23.5406285128	30.2713112939	31.3577897789	10.41
2008	0	3	2	1776	111	23.5406285128	28.5896627675	29.6761412525	6.157
2010	0	3	1	489	30	20.6884181672	29.0297340993	29.9845735682	14.221
2010	0	3	2	1833	114	20.6884181672	28.6257723474	29.5806118163	10.724
2011	0	3	1	530	33	24.7631648021	28.8323804383	29.9752830487	14.378
2011	0	3	2	1879	117	24.7631648021	29.8689935826	31.011896193	5.212
2012	0	3	1	560	35	20.2431235083	26.4718651894	27.4061528253	6.693
2012	0	3	2	1908	119	20.2431235083	27.6920625191	28.626350155	11.386
2013	0	3	1	1237	77	21.0935707723	28.1934112646	29.166949877	13.307
2013	0	3	2	2586	161	21.0935707723	30.4858890071	31.4594276194	10.787
2014	0	3	1	1280	80	18.6711954937	30.7504415555	31.612179473	11.874
2014	0	3	2	2630	164	18.6711954937	34.719674513	35.5814124306	10.662
2015	0	3	1	438	27	23.7669701875	30.7667538888	31.8636787966	6.662
2015	0	3	2	1783	111	23.7669701875	30.2436542956	31.3405792034	6.409
2016	0	3	1	1224	76	19.9407278606	30.4893895932	31.4097206619	8.961
2016	0	3	2	2574	160	19.9407278606	31.866287165	32.7866182337	8.315
2017	0	3	1	1240	77	19.0111786261	32.6450420077	33.5224712803	4.898
2017	0	3	2	2589	161	19.0111786261	32.0484078586	32.9258371311	14.598
2018	0	3	1	1230	76	21.9229102523	29.4116615751	30.4234769693	4.567
2018	0	3	2	2580	161	21.9229102523	30.0039139253	31.0157293194	12.158
2019	0	3	1	444	27	21.8858672359	27.4048473267	28.4149530621	10.095
2019	0	3	2	1790	111	21.8858672359	27.2165346581	28.2266403935	10.158
2020	0	3	1	476	29	25.5387310737	17.2387949437	18.4174925231	7.37
2020	0	3	2	1832	114	25.5387310737	17.587095686	18.7657932654	7.212
2020	1	3	1	477	29	25.5387310737	26.4967634413	27.6754610207	18.284
2020	1	3	2	1833	114	25.5387310737	16.8616688248	18.0403664042	5.842
2021	0	3	1	597	37	18.0992783041	44.2735243242	45.1088663568	6.409
2021	0	3	2	1930	120	18.0992783041	30.3640672057	31.1994092384	7.622
2022	0	3	1	180	11	27.1177328939	28.3370593872	29.5886331646	5.244
2022	0	3	2	1524	95	27.1177328939	30.2605548131	31.5121285905	5.842
2023	0	3	1	1246	77	19.3728628608	27.2318502054	28.1259724112	6.315
2023	0	3	2	2598	162	19.3728628608	26.0847427905	26.9788649962	29.181
2024	0	3	1	513	32	16.854951128	32.6617806465	33.4396928316	5.339
2024	0	3	2	1860	116	16.854951128	31.3292964981	32.1072086833	6.284
2025	0	3	1	879	54	25.3217101282	33.1904199648	34.3591013041	7.37
2025	0	3	2	2220	138	25.3217101282	30.7663977325	31.9350790717	9.496
2026	0	3	1	1108	69	21.8979145222	27.3530145581	28.363676316	5.338
2026	0	3	2	2456	153	21.8979145222	29.2650307343	30.2756924922	10.094
2027	0	3	1	1081	67	22.8962306453	28.1829244728	29.2396618479	4.567
2027	0	3	2	2433	152	22.8962306453	29.690098783	30.7468361582	4.599
2028	0	3	1	1264	79	22.2707508475	29.1631783637	30.191047761	4.094
2028	0	3	2	2615	163	22.2707508475	31.2212273737	32.249096771	11.811
2029	0	3	1	1234	77	18.4413737763	28.1425422238	28.9936731029	5.779
2029	0	3	2	2586	161	18.4413737763	31.2325525511	32.0836834302	4.126
2030	0	3	1	1264	79	20.714933724	28.8872889041	29.8433521544	13.087
2030	0	3	2	2614	163	20.714933724	29.7300429568	30.686106207	7.843
2031	0	3	1	1227	76	17.8875984546	30.2971650918	31.1227373937	7.748
2031	0	3	2	2580	161	17.8875984546	29.349464292	30.1750365939	10.41
2032	0	3	1	1253	78	21.4733898307	31.0882061422	32.0792746703	9.15
2032	0	3	2	2600	162	21.4733898307	30.9152495691	31.9063180972	13.37
2033	0	3	1	457	28	22.8211734344	29.6467869136	30.7000601483	11.433
2033	0	3	2	1802	112	22.8211734344	29.1027064575	30.1559796921	14.536
2035	0	3	1	1224	76	20.244720774	29.1351730377	30.0695343928	7.559
2035	0	3	2	2575	160	20.244720774	24.7831844107	25.7175457657	11.433
2036	0	3	1	440	27	23.3374397329	30.5092081174	31.5863087628	6.252
2036	0	3	2	1787	111	23.3374397329	28.1897538673	29.2668545127	4.032
2037	0	3	1	487	30	23.8243714782	31.6778399124	32.7774140811	4.346
2037	0	3	2	1832	114	23.8243714782	31.7172499295	32.8168240983	9.166
2038	0	3	1	1217	76	19.1025812262	30.9008854655	31.7825332728	4.472
2038	0	3	2	2566	160	19.1025812262	31.7492126114	32.6308604187	13.716
2039	0	3	1	443	27	23.7552563826	28.3356808818	29.4320651585	6.819
2039	0	3	2	1788	111	23.7552563826	30.6690029076	31.7653871843	6
2040	0	3	1	514	32	16.8054157699	29.6909258153	30.4665517785	8.693
2040	0	3	2	1861	116	16.8054157699	32.7533696111	33.5289955743	7.906
2041	0	3	1	585	36	22.05552196	37.1689679999	38.1869038664	11.528
2041	0	3	2	1931	120	22.05552196	36.2507502673	37.2686861338	10.189
2042	0	3	1	430	26	23.222742011	30.5202214284	31.5920283915	11.685
2042	0	3	2	1776	111	23.222742011	30.7277971562	31.7996041194	8.772
2044	0	3	1	458	28	22.4716573406	28.4588752406	29.4960171423	8.236
2044	0	3	2	1803	112	22.4716573406	29.3739685617	30.4111104634	4.662
2045	0	3	1	250	15	19.4774535591	27.7405974461	28.6395468612	7.244
2045	0	3	2	1593	99	19.4774535591	28.3300201495	29.2289695647	13.842
2046	0	3	1	1275	79	20.9723846847	29.3374887634	30.3054342337	7.244
2046	0	3	2	2624	164	20.9723846847	32.6425627171	33.6105081875	15.811
2047	0	3	1	1244	77	19.65337522	48.0330370687	48.940105855	6.63
2047	0	3	2	2596	162	19.65337522	46.6156581434	47.5227269297	13.654
2048	0	3	1	1269	79	24.2211189189	30.0375663266	31.1554517124	12.252
2048	0	3	2	2619	163	24.2211189189	26.9119923529	28.0298777387	16.158
2049	0	3	1	429	26	22.3592322725	29.3268970841	30.3588501941	5.654
2049	0	3	2	1775	110	22.3592322725	30.408311258	31.4402643679	11.071
2050	0	3	1	486	30	17.7214118323	31.3999783501	32.2178805854	6.803
2050	0	3	2	1830	114	17.7214118323	31.7999321952	32.6178344304	7.071
2051	0	3	1	429	26	22.8154265182	31.0305410174	32.0835490127	9.197
2051	0	3	2	1776	111	22.8154265182	31.4633487916	32.5163567869	9.134
2052	0	3	1	1224	76	19.417806055	26.1683598198	27.0645563039	8
2052	0	3	2	2574	160	19.417806055	29.8990462737	30.7952427577	5.37
2053	0	3	1	1061	66	23.3443447609	34.3852811359	35.4627004714	18.157
2053	0	3	2	2407	150	23.3443447609	32.1327041755	33.210123511	12.063
2054	0	3	1	537	33	18.5026835125	31.539268605	32.3932291329	14.74
2054	0	3	2	1888	118	18.5026835125	28.4753487794	29.3293093073	19.275
2055	0	3	1	1250	78	21.6803648324	28.7180524924	29.7186736068	6.945
2055	0	3	2	2599	162	21.6803648324	28.1036843436	29.1043054581	24.157
2056	0	3	1	1248	78	15.4164980111	28.5716334384	29.2831562167	8.96
2056	0	3	2	2597	162	15.4164980111	28.4086295043	29.1201522826	13.905
2057	0	3	1	430	26	24.5855958907	30.4221073094	31.5568145226	8.945
2057	0	3	2	1777	111	24.5855958907	30.803545265	31.9382524782	11.086
2058	0	3	1	531	33	17.9821908364	32.9079288386	33.7378668942	8.221
2058	0	3	2	1879	117	17.9821908364	32.3676411363	33.1975791919	11.701
2059	0	3	1	422	26	23.8456124045	29.7377744509	30.8383289592	18.992
2059	0	3	2	1767	110	23.8456124045	29.6798553689	30.7804098772	18.709
2060	0	3	1	1064	66	23.0891481022	30.177744611	31.2433857699	9.339
2060	0	3	2	2412	150	23.0891481022	30.2471980242	31.3128391831	16.032
2061	0	3	1	998	62	16.718526625	28.5701864109	29.3418021504	4.614
2061	0	3	2	2343	146	16.718526625	29.0016865085	29.7733022481	9.402
2062	0	3	1	106	6	23.8237821669	31.0263093457	32.1258563158	12.094
2062	0	3	2	1447	90	23.8237821669	29.0371145231	30.1366614932	11.748
2063	0	3	1	1270	79	28.140944943	29.9517803912	31.2505788159	13.811
2063	0	3	2	2619	163	28.140944943	28.5920676154	29.8908660401	12.63
2064	0	3	1	536	33	17.5913911078	27.5869429234	28.3988442687	14.913
2064	0	3	2	1885	117	17.5913911078	27.6388589528	28.4507602981	14.63
2065	0	3	1	413	25	24.1635448397	28.2015558539	29.3167840041	6.929
2065	0	3	2	1760	110	24.1635448397	30.6664980385	31.7817261886	13.433
2066	0	3	1	1268	79	23.331803391	29.7766036119	30.8534441213	7.653
2066	0	3	2	2618	163	23.331803391	29.371522874	30.4483633835	9.78
2067	0	3	1	571	35	28.3113219939	28.2470342626	29.5536961562	8.882
2067	0	3	2	1921	120	28.3113219939	30.0725906162	31.3792525098	8.063
2068	0	3	1	1081	67	22.9129589938	26.7018681913	27.7593776355	9.59
2068	0	3	2	2428	151	22.9129589938	26.697873629	27.7553830732	13.527
2069	0	3	1	407	25	24.0295677978	30.7412821698	31.8503268328	8.693
2069	0	3	2	1752	109	24.0295677978	34.3759668966	35.4850115596	6.504
2070	0	3	1	469	29	22.6109769031	37.6889491779	38.7325211418	9.307
2070	0	3	2	1817	113	22.6109769031	34.5957618412	35.6393338052	8.725
2071	0	3	1	458	28	20.2303684175	28.282551556	29.2162505019	7.071
2071	0	3	2	1802	112	20.2303684175	27.8531595359	28.7868584818	4.63
2072	0	3	1	170	10	23.4654807989	29.308118144	30.3911283115	12.693
2072	0	3	2	1513	94	23.4654807989	26.913938863	27.9969490305	19.874
2073	0	3	1	456	28	21.8865743861	28.488777097	29.4989154698	6.032
2073	0	3	2	1800	112	21.8865743861	27.6664753254	28.6766136982	9.59
2074	0	3	1	474	29	27.4572174125	26.0432554462	27.310497566	14.567
2074	0	3	2	1821	113	27.4572174125	23.758888348	25.0261304677	7.024
2075	0	3	1	525	32	22.9080643514	31.6366301737	32.6939137138	6.126
2075	0	3	2	1872	117	22.9080643514	30.3659841513	31.4232676914	4.315
2076	0	3	1	1064	66	23.6286981559	30.702426802	31.7929699946	5.622
2076	0	3	2	2412	150	23.6286981559	29.9782474505	31.0687906431	11.26
2077	0	3	1	491	30	17.2122110172	26.6344798813	27.4288808013	16.063
2077	0	3	2	1837	114	17.2122110172	25.9717076019	26.766108522	9.874
2078	0	3	1	431	26	21.533964363	30.7449722937	31.7388365384	7.449
2078	0	3	2	1779	111	21.533964363	31.0626092927	32.0564735374	6.866
2080	0	3	1	528	33	19.5567239955	29.7139747756	30.6165827857	11.559
2080	0	3	2	1876	117	19.5567239955	32.6846492894	33.5872572994	5.197
2081	0	3	1	1271	79	25.3208553272	30.2419445491	31.4105864364	9.307
2081	0	3	2	2619	163	25.3208553272	31.4845426097	32.653184497	13.433
2082	0	3	1	1246	77	20.8360032328	30.0428088925	31.0044599042	9.464
2082	0	3	2	2594	162	20.8360032328	28.5917638186	29.5534148303	14.299
2083	0	3	1	903	56	21.057650436	27.5767174662	28.5485982353	10.756
2083	0	3	2	2245	140	21.057650436	28.4730156073	29.4448963764	13.087
2084	0	3	1	237	14	23.5052366827	29.9517148495	31.0365598836	7.087
2084	0	3	2	1578	98	23.5052366827	27.2978067677	28.3826518017	6.96
2085	0	3	1	1269	79	19.5441081702	31.3060299506	32.2080556983	10.756
2085	0	3	2	2619	163	19.5441081702	32.2488042584	33.1508300061	11.149
2086	0	3	1	520	32	18.4224366912	29.4090041068	30.2592609763	10.315
2086	0	3	2	1867	116	18.4224366912	29.2639691023	30.1142259718	9.748
2087	0	3	1	431	26	20.7663368288	33.0071997083	33.9656353832	6.504
2087	0	3	2	1779	111	20.7663368288	35.0324839401	35.990919615	5.433
2088	0	3	1	470	29	20.9989693868	30.4774587565	31.4466311995	7.339
2088	0	3	2	1816	113	20.9989693868	28.1592123256	29.1283847686	5.307
2089	0	3	1	970	60	26.0709806286	33.31636651	34.5196291807	10.599
2089	0	3	2	2313	144	26.0709806286	30.6985003023	31.901762973	7.59
2090	0	3	1	929	58	28.1370687573	27.9182979705	29.2169174962	15.811
2090	0	3	2	2272	142	28.1370687573	28.7887411402	30.087360666	10.693
2091	0	3	1	1069	66	20.6441091476	30.2653216298	31.2181160898	4.189
2091	0	3	2	2417	151	20.6441091476	30.6612221713	31.6140166313	8.189
2092	0	3	1	1243	77	21.5341869395	37.8977789934	38.8916535108	7.937
2092	0	3	2	2593	162	21.5341869395	30.1881547021	31.1820292195	12.346
2093	0	3	1	883	55	24.8061073557	32.2665522565	33.4114368089	7.937
2093	0	3	2	2223	138	24.8061073557	28.5527962422	29.6976807946	11.496
2095	0	3	1	184	11	24.2683547592	29.4395488155	30.5596142928	9.181
2095	0	3	2	1528	95	24.2683547592	28.0100647737	29.130130251	9.874
2096	0	3	1	1265	79	20.3875897024	31.0512827328	31.9922379652	7.291
2096	0	3	2	2617	163	20.3875897024	32.4133884274	33.3543436598	7.008
2097	0	3	1	1268	79	24.5556337341	28.2236669632	29.3569913229	5.559
2097	0	3	2	2618	163	24.5556337341	29.413012734	30.5463370937	11.874
2098	0	3	1	486	30	21.6019737123	30.917775757	31.9147788599	11.622
2098	0	3	2	1831	114	21.6019737123	30.0055601905	31.0025632935	11.402
2099	0	3	1	247	15	21.2146448908	29.6563704412	30.6354970277	6.913
2099	0	3	2	1590	99	21.2146448908	34.770575476	35.7497020625	8.551
2100	0	3	1	1251	78	19.0741295424	32.581197535	33.4615322022	4.094
2100	0	3	2	2602	162	19.0741295424	28.0094712911	28.8898059583	27.15
2102	0	3	1	1271	79	21.4893728003	30.5387900852	31.5305962807	10.031
2102	0	3	2	2622	163	21.4893728003	32.9286595969	33.9204657923	7.937
2103	0	3	1	948	59	24.9476088179	2.58481352217	3.73622883879	5.905
2103	0	3	2	2290	143	24.9476088179	1.4664713218	2.61788663842	5.59
2104	0	3	1	490	30	19.5352891901	29.5506282169	30.4522469392	9.843
2104	0	3	2	1835	114	19.5352891901	29.8226790535	30.7242977759	9.26
2105	0	3	1	486	30	20.5750220937	26.3558063774	27.3054122395	13.464
2105	0	3	2	1830	114	20.5750220937	25.4251103694	26.3747162315	5.212
2106	0	3	1	1097	68	21.4526305282	31.9783839036	32.9684943207	9.716
2106	0	3	2	2444	152	21.4526305282	28.3843832033	29.3744936204	6.504
2107	0	3	1	1272	79	22.4524440451	29.9551770154	30.9914321594	12.252
2107	0	3	2	2622	163	22.4524440451	33.7156936742	34.7519488183	16.063
2108	0	3	1	552	34	23.2793224687	31.7414420319	32.8158603718	5.622
2108	0	3	2	1901	118	23.2793224687	31.7756459973	32.8500643372	14.882
2109	0	3	1	1218	76	23.1111523114	28.2059699998	29.2726267263	8.567
2109	0	3	2	2567	160	23.1111523114	30.2293709626	31.2960276891	13.874
2110	0	3	1	193	12	25.6997708818	31.5714784925	32.7576085959	14.63
2110	0	3	2	1535	95	25.6997708818	29.7779365576	30.964066661	11.464
2111	0	3	1	440	27	22.7770838957	29.147717326	30.1989556815	7.355
2111	0	3	2	1787	111	22.7770838957	29.6664283062	30.7176666617	6.031
2112	0	3	1	1000	62	19.0654738714	39.6896529915	40.5695881706	20.929
2112	0	3	2	2337	146	19.0654738714	27.5822306585	28.4621658376	7.622
2113	0	3	1	247	15	22.1412955697	27.0027802804	28.024674885	13.402
2113	0	3	2	1590	99	22.1412955697	28.0646305156	29.0865251202	11.023
2114	0	3	1	1265	79	24.0172054607	31.8054536667	32.9139277666	9.968
2114	0	3	2	2615	163	24.0172054607	30.6305495372	31.7390236372	7.401
2115	0	3	1	992	62	21.6891981281	29.582594758	30.5836235585	5.654
2115	0	3	2	2336	146	21.6891981281	30.6828098668	31.6838386673	9.213
2116	0	3	1	485	30	17.9507462152	32.736991152	33.5654779335	8.819
2116	0	3	2	1830	114	17.9507462152	31.7057966509	32.5342834324	11.465
2117	0	3	1	1269	79	25.1387602877	29.4148039682	30.5750415624	14.158
2117	0	3	2	2619	163	25.1387602877	28.0808636668	29.241101261	13.685
2118	0	3	1	1250	78	22.1436430937	31.4201051648	32.4421081155	4.567
2118	0	3	2	2598	162	22.1436430937	31.8720017075	32.8940046582	16
2119	0	3	1	1269	79	20.7348109568	29.0970574096	30.0540380604	7.166
2119	0	3	2	2602	162	20.7348109568	40.0574404448	41.0144210956	5.023
2120	0	3	1	1280	80	30.9477678603	22.4830952483	23.9114379079	8.756
2120	0	3	2	2630	164	30.9477678603	25.1833015288	26.6116441884	12.378
2121	0	3	1	338	21	23.0594089948	29.829013335	30.893281935	4.977
2121	0	3	2	1682	105	23.0594089948	29.5431134212	30.6073820211	7.008
2123	0	3	1	520	32	16.7424150987	32.3924775075	33.1651957797	8.85
2123	0	3	2	1867	116	16.7424150987	29.692416846	30.4651351182	5.275
2124	0	3	1	1026	64	25.0962310726	32.9458898189	34.1041645481	5.37
2124	0	3	2	2368	148	25.0962310726	31.9845603424	33.1428350716	17.622
2125	0	3	1	1009	63	24.6634702302	27.5143075709	28.6526089445	11.969
2125	0	3	2	2354	147	24.6634702302	27.4800229627	28.6183243363	6.567
2126	0	3	1	1062	66	24.2805377114	28.2062386558	29.326866417	8.378
2126	0	3	2	2411	150	24.2805377114	30.0412763568	31.161904118	11.874
2127	0	3	1	591	36	20.7328301189	29.8133075259	30.7701967544	7.433
2127	0	3	2	1940	121	20.7328301189	30.8819061708	31.8387953994	13.354
2128	0	3	1	1242	77	23.4615298504	29.1316088812	30.2144366993	7.339
2128	0	3	2	2590	161	23.4615298504	32.2746229198	33.3574507379	6.976
2129	0	3	1	457	28	21.7345625688	31.3559004381	32.3590229588	5.433
2129	0	3	2	1802	112	21.7345625688	28.5958617595	29.5989842801	4.661
2130	0	3	1	1221	76	18.2679885735	31.0437372695	31.8868658435	4.425
2130	0	3	2	2572	160	18.2679885735	30.1172245886	30.9603531626	17.212
2131	0	3	1	1233	77	19.2590509444	32.1065358644	32.9954052708	7.04
2131	0	3	2	2582	161	19.2590509444	29.989868732	30.8787381384	10.851
2132	0	3	1	487	30	24.2025849153	29.3384610435	30.4554910233	8.472
2132	0	3	2	1831	114	24.2025849153	29.6848537022	30.801883682	12.599
2133	0	3	1	997	62	25.1937335816	31.1428100217	32.3055848167	8.473
2133	0	3	2	2342	146	25.1937335816	31.5407909565	32.7035657515	6.614
2134	0	3	1	490	30	22.1725313848	28.1432894196	29.1666256612	15.071
2134	0	3	2	1834	114	22.1725313848	29.0613165544	30.084652796	12
2135	0	3	1	1061	66	24.9855667076	26.3514445452	27.5046117449	6.661
2135	0	3	2	2417	151	24.9855667076	31.7421046782	32.895271878	7.653
2136	0	3	1	523	32	22.5043635515	29.1997989054	30.2384503077	15.78
2136	0	3	2	1872	117	22.5043635515	29.6505760591	30.6892274614	11.276
2137	0	3	1	1275	79	15.8858842105	27.3745737977	28.1077603139	13.213
2137	0	3	2	2627	164	15.8858842105	29.6872776871	30.4204642033	13.937
2137	1	3	1	1272	79	15.8858842105	27.9216973205	28.6548838367	14.567
2137	1	3	2	2622	163	15.8858842105	33.3751547579	34.1083412741	9.134
2138	0	3	1	1244	77	20.0089913875	26.8208766837	27.7443583417	9.874
2138	0	3	2	2596	162	20.0089913875	26.4299447661	27.3534264241	17.339
2139	0	3	1	820	51	29.9036011852	29.1409062026	30.5210570892	7.717
2139	0	3	2	2158	134	29.9036011852	28.9837194829	30.3638703694	5.811
2141	0	3	1	601	37	21.074994418	29.1511563845	30.1238376361	11.307
2141	0	3	2	1948	121	21.074994418	29.712100088	30.6847813397	7.023
2142	0	3	1	1095	68	20.5186666667	32.1622605699	33.1092654412	9.402
2142	0	3	2	2442	152	20.5186666667	33.3865518888	34.3335567601	5.528
2143	0	3	1	518	32	17.1557774559	30.3187311054	31.1105274284	4.63
2143	0	3	2	1865	116	17.1557774559	29.0949134918	29.8867098148	4.976
2144	0	3	1	1042	65	29.5774327436	30.5365895635	31.9016866891	9.748
2144	0	3	2	2376	148	29.5774327436	32.7895201303	34.1546172559	12.914
2145	0	3	1	1217	76	19.4160725958	31.8006799674	32.6967964465	6.063
2145	0	3	2	2567	160	19.4160725958	31.1811626375	32.0772791165	11.102
2146	0	3	1	407	25	21.3556405755	29.3819141382	30.3675481456	7.842
2146	0	3	2	1755	109	21.3556405755	30.0423363405	31.0279703479	8.772
2147	0	3	1	1026	64	27.4964436649	27.2466676017	28.5157201438	12.157
2147	0	3	2	2373	148	27.4964436649	31.6641903179	32.93324286	9.15
2148	0	3	1	1268	79	23.6433477885	32.1109914925	33.2022108145	8.221
2148	0	3	2	2618	163	23.6433477885	32.5997422394	33.6909615614	12.771
2149	0	3	1	1061	66	23.4383381918	20.1195622939	21.2013197395	5.842
2149	0	3	2	2431	151	23.4383381918	32.1970608136	33.2788182593	7.118
2151	0	3	1	1238	77	19.4088417703	30.5531206247	31.4489033771	6.441
2151	0	3	2	2587	161	19.4088417703	31.4669802231	32.3627629754	7.496
2152	0	3	1	432	27	22.4464938243	28.2222861745	29.2582666961	5.102
2152	0	3	2	1780	111	22.4464938243	28.5203327797	29.5563133013	10.126
2153	0	3	1	1224	76	21.1639806691	31.8415318853	32.8183201491	9.716
2153	0	3	2	2575	160	21.1639806691	29.830842095	30.8076303588	9.024
2154	0	3	1	458	28	26.8356832701	31.4566856794	32.6952419264	6
2154	0	3	2	1802	112	26.8356832701	32.2441625371	33.4827187841	8.063
2155	0	3	1	1221	76	19.3601926567	30.125528191	31.0190656246	4.551
2155	0	3	2	2571	160	19.3601926567	31.9412154366	32.8347528702	9.937
2156	0	3	1	1214	75	23.0480257732	29.5081967437	30.57193997	12.189
2156	0	3	2	2564	160	23.0480257732	31.7823198034	32.8460630298	7.26
2157	0	3	1	473	29	21.7931079232	30.9074478633	31.9132724473	9.685
2157	0	3	2	1818	113	21.7931079232	31.1416767994	32.1475013834	7.212
2158	0	3	1	1275	79	23.117044856	31.7051485175	32.7720772046	11.04
2158	0	3	2	2625	164	23.117044856	31.4988515837	32.5657802708	9.905
2159	0	3	1	586	36	20.308866578	26.4874069696	27.4247288673	5.338
2159	0	3	2	1933	120	20.308866578	27.5359442301	28.4732661278	14.725
2160	0	3	1	182	11	23.5534361966	26.0662686952	27.1533382975	4.551
2160	0	3	2	1525	95	23.5534361966	28.9405240716	30.0275936739	13.78
2161	0	3	1	282	17	25.2905110171	29.4150509255	30.5822923218	16.094
2161	0	3	2	1626	101	25.2905110171	29.7848032635	30.9520446598	8.725
2162	0	3	1	380	23	22.9035202606	29.7448180963	30.8018919114	5.748
2162	0	3	2	1727	107	22.9035202606	27.9096120911	28.9666859063	11.622
2164	0	3	1	489	30	21.6647792542	30.6420811887	31.6419829767	13.937
2164	0	3	2	1833	114	21.6647792542	32.4328077485	33.4327095365	6
2165	0	3	1	454	28	20.9388383406	31.8360035298	32.8024007246	24.976
2165	0	3	2	1798	112	20.9388383406	31.8443597704	32.8107569651	8.551
2166	0	3	1	153	9	24.7369546162	32.2672865947	33.4089795176	6.662
2166	0	3	2	1495	93	24.7369546162	34.1679598428	35.3096527657	7.465
2167	0	3	1	935	58	28.1775392126	26.9344642716	28.2349516438	14.961
2167	0	3	2	2280	142	28.1775392126	28.0033276983	29.3038150705	7.842
2168	0	3	1	594	37	22.1096132175	29.0331952668	30.0536276252	6.756
2168	0	3	2	1944	121	22.1096132175	30.4692605607	31.4896929191	6.599
2169	0	3	1	164	10	22.8023841098	33.3633343656	34.4157404103	5.906
2169	0	3	2	1506	94	22.8023841098	33.5194058751	34.5718119198	14.803
2171	0	3	1	1214	75	23.8873561367	28.3426352504	29.4451163711	7.937
2171	0	3	2	2565	160	23.8873561367	32.2054069321	33.3078880528	12.504
2172	0	3	1	1217	76	22.5806811396	31.5603195506	32.602493264	7.15
2172	0	3	2	2567	160	22.5806811396	29.5864030289	30.6285767424	11.842
2173	0	3	1	1089	68	22.3772632706	31.88682273	32.9196080307	6.347
2173	0	3	2	2436	152	22.3772632706	31.7886932396	32.8214785402	5.008
2174	0	3	1	1089	68	23.5779652989	32.521568047	33.6097697491	5.716
2174	0	3	2	2434	152	23.5779652989	29.0609344353	30.1491361374	10.221
2175	0	3	1	1244	77	21.9587588228	30.4932711611	31.5067410863	6.662
2175	0	3	2	2594	162	21.9587588228	30.0515115176	31.0649814428	15.26
2176	0	3	1	1217	76	21.0758501749	32.9955025514	33.968223299	13.527
2176	0	3	2	2567	160	21.0758501749	30.6863785185	31.6590992662	20.803
2177	0	3	1	1063	66	23.5374084941	29.8400144891	30.9263443595	4.756
2177	0	3	2	2413	150	23.5374084941	29.2889135031	30.3752433735	13.622
2178	0	3	1	537	33	18.5570442129	27.4230611523	28.2795306077	18.598
2178	0	3	2	1888	118	18.5570442129	28.0049828237	28.8614522791	14.929
2179	0	3	1	485	30	17.9869996788	29.9401440247	30.7703040245	6.914
2179	0	3	2	1830	114	17.9869996788	30.3739710274	31.2041310272	9.071
2180	0	3	1	591	36	16.5701177305	32.1591858874	32.9239520617	16.598
2180	0	3	2	1941	121	16.5701177305	31.114458698	31.8792248723	8.929
2181	0	3	1	1022	63	28.7714604012	33.3950164944	34.7229153095	10.252
2181	0	3	2	2373	148	28.7714604012	29.924339501	31.252238316	8.378
2182	0	3	1	490	30	22.3446260722	30.6947418238	31.7260208089	13.591
2182	0	3	2	1833	114	22.3446260722	30.5533930365	31.5846720217	10.031
2183	0	3	1	286	17	24.2164399988	30.3454612144	31.4631306524	13.37
2183	0	3	2	1630	101	24.2164399988	30.2648294477	31.3824988858	15.228
2184	0	3	1	1063	66	19.628814897	29.6884280737	30.5943633192	12.724
2184	0	3	2	2411	150	19.628814897	30.0665705807	30.9725058262	19.748
2185	0	3	1	1241	77	21.1526522302	30.0308469292	31.0071123477	7.465
2185	0	3	2	2589	161	21.1526522302	30.7367274727	31.7129928912	16.409
2186	0	3	1	585	36	18.326083066	29.5885595175	30.434369346	18.803
2186	0	3	2	1933	120	18.326083066	29.8179850352	30.6637948637	15.779
2187	0	3	1	737	46	28.0220507166	31.9359269917	33.2292380514	6.85
2187	0	3	2	2077	129	28.0220507166	32.6512396671	33.9445507268	10.441
2188	0	3	1	217	13	25.7637653568	29.8507065015	31.0397901633	7.212
2188	0	3	2	1560	97	25.7637653568	32.9207480095	34.1098316712	5.37
2189	0	3	1	141	8	21.7207693048	31.1334369388	32.1359228543	12.819
2189	0	3	2	1481	92	21.7207693048	29.8320413625	30.834527278	12.472
2190	0	3	1	1234	77	17.9077129266	25.2602760628	26.0867767147	13.15
2190	0	3	2	2584	161	17.9077129266	25.2593520549	26.0858527067	19.212
2191	0	3	1	1220	76	21.8184006383	31.3628528702	32.3698447973	5.37
2191	0	3	2	2569	160	21.8184006383	30.7993872986	31.8063792257	9.591
2192	0	3	1	1003	62	22.1927588129	31.8091789367	32.8334487415	4.22
2192	0	3	2	2343	146	22.1927588129	31.3861762752	32.41044608	6.96
2193	0	3	1	347	21	23.1362734482	30.573820936	31.6416370867	6.898
2193	0	3	2	1690	105	23.1362734482	27.9616596427	29.0294757934	12.945
2194	0	3	1	444	27	26.642456679	28.7372299002	29.9668680959	10.882
2194	0	3	2	1791	111	26.642456679	27.6063739619	28.8360121576	5.905
2195	0	3	1	539	33	23.6772586324	31.1766387333	32.2694231538	9.244
2195	0	3	2	1889	118	23.6772586324	26.721805913	27.8145903335	21.149
2196	0	3	1	1244	77	20.6135436895	27.0391320588	27.9905158209	9.024
2196	0	3	2	2593	162	20.6135436895	27.8970306162	28.8484143784	12.992
2197	0	3	1	1246	77	19.2983472561	30.9312020097	31.8218850719	11.37
2197	0	3	2	2598	162	19.2983472561	29.7811138653	30.6717969275	17.055
2198	0	3	1	473	29	21.7031340196	28.3572575631	29.3589295514	6.158
2198	0	3	2	1818	113	21.7031340196	27.7818250999	28.7834970883	4.41
2199	0	3	1	558	34	21.315746997	29.1086290005	30.0924217863	12.456
2199	0	3	2	1908	119	21.315746997	29.0141364654	29.9979292512	8.063
2200	0	3	1	452	28	21.3737833771	27.8595759493	28.8460473075	8.929
2200	0	3	2	1797	112	21.3737833771	26.7506859435	27.7371573017	5.842
2201	0	3	1	526	32	18.6630495046	34.5525993831	35.4139613361	9.527
2201	0	3	2	1876	117	18.6630495046	31.4406862524	32.3020482055	10.158
2202	0	3	1	1227	76	19.9381622896	29.8518937426	30.7721064016	9.323
2202	0	3	2	2579	161	19.9381622896	31.0813713838	32.0015840428	15.653
2203	0	3	1	155	9	25.958290629	29.8349296016	31.0329912532	10.583
2203	0	3	2	1498	93	25.958290629	29.0419105008	30.2399721524	12.677
2203	1	3	1	157	9	25.958290629	28.3206514007	29.5187130523	13.055
2203	1	3	2	1497	93	25.958290629	28.5747398483	29.7728014999	22.126
2204	0	3	1	935	58	26.8328987778	28.456515652	29.6949433854	12.504
2204	0	3	2	2278	142	26.8328987778	26.8507421749	28.0891699083	8.661
2205	0	3	1	430	26	21.9349321911	30.1990102589	31.2113805056	5.685
2205	0	3	2	1777	111	21.9349321911	28.0228719073	29.035242154	4.031
2206	0	3	1	1033	64	22.760846073	16.291769328	17.3422582537	6.582
2206	0	3	2	2375	148	22.760846073	29.4994696723	30.5499585981	9.843
2207	0	3	1	1069	66	25.4552890882	30.5042404271	31.6790868807	8.41
2207	0	3	2	2415	150	25.4552890882	29.8577643616	31.0326108152	16.252
2208	0	3	1	1238	77	20.4340223626	30.9716043126	31.914702567	9.874
2208	0	3	2	2587	161	20.4340223626	30.1735155316	31.116613786	14.157
2209	0	3	1	138	8	21.5254214805	31.5371732238	32.530643186	10.378
2209	0	3	2	1479	92	21.5254214805	27.0632325964	28.0567025586	9.181
2210	0	3	1	430	26	22.9452619348	30.7556055223	31.8146058549	9.055
2210	0	3	2	1776	111	22.9452619348	29.0837104983	30.1427108309	9.685
2211	0	3	1	552	34	23.4940007035	30.6169893453	31.7013158015	11.323
2211	0	3	2	1897	118	23.4940007035	28.0236122769	29.1079387331	11.244
2212	0	3	1	430	26	23.0647694524	29.5663481388	30.6308641418	7.874
2212	0	3	2	1776	111	23.0647694524	30.7852115311	31.849727534	9.402
2213	0	3	1	1259	78	21.8399613873	30.1327990139	31.1407860414	4.788
2213	0	3	2	2609	163	21.8399613873	30.2968364918	31.3048235193	13.496
2214	0	3	1	560	35	26.6375217941	23.7866108609	25.0160212951	5.244
2214	0	3	2	1896	118	26.6375217941	20.4532570035	21.6826674378	16.756
2215	0	3	1	1257	78	13.8378550388	28.7800532796	29.4187164219	13.165
2215	0	3	2	2609	163	13.8378550388	29.0868603329	29.7255234752	11.134
2216	0	3	1	1269	79	22.0838359151	29.4564422493	30.4756848993	11.527
2216	0	3	2	2626	164	22.0838359151	30.871754033	31.890996683	8.126
2217	0	3	1	349	21	21.5478411725	32.0048393072	32.9993440129	6.819
2217	0	3	2	1693	105	21.5478411725	29.6596715	30.6541762057	7.654
2218	0	3	1	1265	79	21.1054570093	30.2513861014	31.2254733032	7.433
2218	0	3	2	2616	163	21.1054570093	30.4270826549	31.4011698567	16.126
2219	0	3	1	963	60	21.4012341313	29.5467669323	30.5345052343	9.071
2219	0	3	2	2306	144	21.4012341313	31.9750252357	32.9627635378	7.087
2220	0	3	1	592	37	18.7398617349	31.5619377919	32.4268448854	11.653
2220	0	3	2	1943	121	18.7398617349	29.4797456366	30.3446527301	6.645
2221	0	3	1	1238	77	19.6865965401	7.07952216013	7.98812422111	10.189
2221	0	3	2	2598	162	19.6865965401	6.60171941235	7.51032147333	18.41
2222	0	3	1	259	16	22.501644661	25.4465890502	26.4851149667	8.22
2222	0	3	2	1596	99	22.501644661	31.4560894672	32.4946153837	6.598
2224	0	3	1	87	5	24.5072843759	32.4501793348	33.5812722105	26.504
2224	0	3	2	1430	89	24.5072843759	35.759980691	36.8910735666	10.866
2225	0	3	1	1217	76	20.3548995587	26.4478272186	27.3872736919	6.284
2225	0	3	2	2567	160	20.3548995587	25.4961692345	26.4356157077	11.276
2226	0	3	1	519	32	20.6029652239	26.2543052692	27.2052007999	7.118
2226	0	3	2	1865	116	20.6029652239	28.0935122802	29.0444078109	15.779
2228	0	3	1	1064	66	12.1846545258	25.8354097234	26.3977721507	5.149
2228	0	3	2	2413	150	12.1846545258	26.7318403633	27.2942027906	10.866
2229	0	3	1	459	28	23.6770292065	30.1518079177	31.2445817494	5.811
2229	0	3	2	1805	112	23.6770292065	28.4515604241	29.5443342559	6.599
2230	0	3	1	1254	78	18.0386842714	27.0870439131	27.9195893291	10.252
2230	0	3	2	2602	162	18.0386842714	25.3560796723	26.1886250883	22.536
2231	0	3	1	457	28	21.9045925175	28.7402553275	29.7512252971	4.031
2231	0	3	2	1802	112	21.9045925175	29.7433430739	30.7543130435	4.992
2232	0	3	1	490	30	21.4281130418	28.5894034748	29.5783823281	13.165
2232	0	3	2	1834	114	21.4281130418	29.0694531174	30.0584319707	11.937
2233	0	3	1	473	29	23.8479875785	30.4542939876	31.5549581182	12.284
2233	0	3	2	1818	113	23.8479875785	30.7022224887	31.8028866193	8.473
2234	0	3	1	585	36	21.6791535696	31.6152233302	32.6157885408	9.338
2234	0	3	2	1933	120	21.6791535696	31.5435471643	32.5441123749	6.834
2236	0	3	1	490	30	24.1931425124	29.7375088551	30.8541030365	13.181
2236	0	3	2	1834	114	24.1931425124	29.146290056	30.2628842374	12.456
2237	0	3	1	262	16	20.9906548335	28.2591631235	29.2279518221	5.307
2237	0	3	2	1605	100	20.9906548335	28.7459511574	29.7147398561	10.063
2238	0	3	1	966	60	25.987620252	31.2940280309	32.4934433424	5.748
2238	0	3	2	2311	144	25.987620252	29.6033617651	30.8027770766	9.181
2239	0	3	1	1044	65	22.3154780386	26.4797984639	27.5097321702	6.189
2239	0	3	2	2397	149	22.3154780386	26.8807244241	27.9106581303	18.819
2240	0	3	1	1264	79	23.6074272711	31.432041149	32.5216026194	9.118
2240	0	3	2	2615	163	23.6074272711	30.5113630207	31.6009244911	9.811
2241	0	3	1	1259	78	13.3622016962	28.8540355624	29.4707457172	4.756
2241	0	3	2	2609	163	13.3622016962	29.3418144999	29.9585246547	14.677
2242	0	3	1	1257	78	20.0816851604	31.4997537218	32.4265904397	5.355
2242	0	3	2	2604	162	20.0816851604	34.685087322	35.61192404	7.906
2243	0	3	1	1026	64	21.1183484231	35.3027697024	36.2774518859	9.559
2243	0	3	2	2372	148	21.1183484231	31.1123202887	32.0870024722	12.504
2244	0	3	1	370	23	19.4967845827	28.7687165095	29.6685581158	6.819
2244	0	3	2	1716	107	19.4967845827	29.6708063895	30.5706479958	6.347
2245	0	3	1	879	54	24.5725141703	29.3053014449	30.439404893	16.095
2245	0	3	2	2222	138	24.5725141703	29.0781749237	30.2122783718	7.717
2246	0	3	1	1265	79	18.5446773037	32.3227298328	33.1786285141	10.661
2246	0	3	2	2614	163	18.5446773037	29.6523558536	30.5082545349	15.165
2247	0	3	1	309	19	22.6954363397	27.8916751084	28.9391451569	17.402
2247	0	3	2	1653	103	22.6954363397	28.9738435424	30.021313591	18.614
2248	0	3	1	490	30	24.9981385788	29.6511351535	30.804882587	11.008
2248	0	3	2	1835	114	24.9981385788	29.0487058147	30.2024532482	10.425
2249	0	3	1	472	29	23.9851880681	30.5876847224	31.6946811129	18.441
2249	0	3	2	1817	113	23.9851880681	30.1577405558	31.2647369463	7.906
2250	0	3	1	273	17	30.3421769223	33.5138276828	34.9142203017	7.496
2250	0	3	2	1616	101	30.3421769223	33.9388796358	35.3392722547	7.843
2251	0	3	1	246	15	20.796998781	28.9526591666	29.9125099928	6.473
2251	0	3	2	1588	99	20.796998781	28.9110510847	29.8709019109	14.803
2252	0	3	1	1081	67	20.2410569087	28.2842343889	29.2184266443	5.528
2252	0	3	2	2428	151	20.2410569087	27.1538785258	28.0880707813	4.661
2253	0	3	1	1064	66	23.2740897288	27.4954626913	28.5696395229	5.811
2253	0	3	2	2412	150	23.2740897288	30.1289190976	31.2030959291	11.59
2254	0	3	1	137	8	24.7603327496	29.1308232507	30.2735951524	6.914
2254	0	3	2	1481	92	24.7603327496	30.6056631661	31.7484350678	10.567
2255	0	3	1	1260	78	17.0303737584	30.7197181723	31.5057266966	11.339
2255	0	3	2	2600	162	17.0303737584	29.0308724447	29.8168809691	14.378
2256	0	3	1	930	58	29.7115221854	27.8591630978	29.2304488982	16.992
2256	0	3	2	2272	142	29.7115221854	28.2515005813	29.6227863816	5.465
2257	0	3	1	1272	79	20.72910625	29.5419001824	30.498617542	9.276
2257	0	3	2	2622	163	20.72910625	35.0715653958	36.0282827554	6.284
2258	0	3	1	1268	79	22.6797705775	31.9520227933	32.9987698146	5.78
2258	0	3	2	2617	163	22.6797705775	29.3783728317	30.425119853	5.37
2259	0	3	1	901	56	26.8133309596	28.2648431299	29.5023677433	10.835
2259	0	3	2	2244	140	26.8133309596	29.0861462166	30.32367083	12.094
2260	0	3	1	1245	77	14.0429136603	27.8012000249	28.4493273063	6.252
2260	0	3	2	2597	162	14.0429136603	28.2228636966	28.8709909779	25.591
2261	0	3	1	580	36	27.6793223413	26.2533949711	27.5308879738	6.473
2261	0	3	2	1929	120	27.6793223413	29.260250944	30.5377439466	11.968
2262	0	3	1	1210	75	21.6099816775	27.9018009917	28.8991736889	12.393
2262	0	3	2	2562	160	21.6099816775	28.1762370052	29.1736097024	13.024
2263	0	3	1	973	60	24.6067695724	29.5334602227	30.6691446719	7.339
2263	0	3	2	2318	144	24.6067695724	26.0854135934	27.2210980426	14.362
2264	0	3	1	1256	78	21.2845767575	31.6204460672	32.6028002426	8.252
2264	0	3	2	2604	162	21.2845767575	29.3396289593	30.3219831346	13.197
2265	0	3	1	490	30	24.2325652389	35.0137000947	36.1321137663	5.654
2265	0	3	2	1834	114	24.2325652389	31.721169526	32.8395831977	9.086
2266	0	3	1	1064	66	24.5773874013	30.5035769329	31.6379052969	14.992
2266	0	3	2	2413	150	24.5773874013	31.4063710264	32.5406993904	12.315
2267	0	3	1	737	46	24.9476682885	28.1560518732	29.3074699346	14.221
2267	0	3	2	2076	129	24.9476682885	29.9442531778	31.0956712391	8.803
2268	0	3	1	951	59	29.0612490638	31.9321941086	33.2734676365	5.355
2268	0	3	2	2293	143	29.0612490638	32.8527146682	34.1939881961	10
2269	0	3	1	155	9	26.8654875803	28.360539139	29.6004709543	14.913
2269	0	3	2	1496	93	26.8654875803	29.8166820605	31.0566138757	20.063
2270	0	3	1	486	30	19.2284468081	30.3623311561	31.2497880796	11.591
2270	0	3	2	1831	114	19.2284468081	29.2425815948	30.1300385183	7.906
2271	0	3	1	577	36	21.9506071502	30.2618513972	31.2749450955	7.402
2271	0	3	2	1924	120	21.9506071502	31.6621848727	32.675278571	14.536
2272	0	3	1	514	32	18.4885639185	30.3150145865	31.1683234481	8
2272	0	3	2	1861	116	18.4885639185	33.2400864575	34.093395319	9.229
2273	0	3	1	468	29	18.3272392216	43.6757468009	44.5216099899	12
2273	0	3	2	1817	113	18.3272392216	31.7095904056	32.5554535945	9.874
2274	0	3	1	469	29	17.3627509882	29.4027871979	30.2041360395	10.41
2274	0	3	2	1815	113	17.3627509882	28.1342704941	28.9356193356	4.897
2276	0	3	1	467	29	23.3892072995	27.6545920616	28.7340819528	5.717
2276	0	3	2	1812	113	23.3892072995	30.5060227647	31.5855126559	10.661
2277	0	3	1	487	30	21.8202108861	31.0847048773	32.0917803533	10.834
2277	0	3	2	1833	114	21.8202108861	30.5909653336	31.5980408096	8.536
2278	0	3	1	1063	66	22.5872165963	29.4879767329	30.5304520795	6.803
2278	0	3	2	2411	150	22.5872165963	29.0225743199	30.0650496665	10.472
2279	0	3	1	432	27	21.2010068065	28.9917120566	29.9702092	5.149
2279	0	3	2	1779	111	21.2010068065	31.6075065258	32.5860036693	10
2280	0	3	1	74	4	21.7254353022	31.3460863782	32.3487876451	16.031
2280	0	3	2	1413	88	21.7254353022	29.8972147766	30.8999160435	11.528
2281	0	3	1	1220	76	20.8074123049	32.728202186	33.6885336311	5.417
2281	0	3	2	2572	160	20.8074123049	29.0636572941	30.0239887392	15.969
2282	0	3	1	901	56	28.7658457473	30.6766205937	32.0042602738	10.803
2282	0	3	2	2241	140	28.7658457473	30.9303310185	32.2579706986	4.599
2283	0	3	1	1269	79	27.4480902631	30.4408576334	31.7076785048	14.772
2283	0	3	2	2618	163	27.4480902631	27.9338759176	29.200696789	12.457
2284	0	3	1	478	29	20.4929892328	30.3590151966	31.3048349687	4.662
2284	0	3	2	1826	114	20.4929892328	28.6060104083	29.5518301804	9.622
2285	0	3	1	291	18	23.3639513665	30.7459642789	31.8242885246	15.78
2285	0	3	2	1634	102	23.3639513665	30.7799961864	31.8583204321	10.536
2286	0	3	1	1279	79	18.8878094363	27.5216278544	28.3933632275	10.992
2286	0	3	2	2630	164	18.8878094363	30.805334124	31.6770694972	12.252
2287	0	3	1	1062	66	23.8586489943	27.7286297319	28.8297859223	10.992
2287	0	3	2	2410	150	23.8586489943	30.1460485009	31.2472046913	6.914
2288	0	3	1	1271	79	19.1808754041	33.3858470979	34.2711084425	5.15
2288	0	3	2	2620	163	19.1808754041	32.002939777	32.8882011216	5.071
2289	0	3	1	478	29	20.7817760909	31.3078445548	32.2669928031	10.409
2289	0	3	2	1825	114	20.7817760909	27.3280139855	28.2871622339	5.307
2290	0	3	1	1254	78	21.1465489191	30.4268915885	31.4028753189	7.685
2290	0	3	2	2603	162	21.1465489191	30.8737002117	31.8496839421	18.693
2291	0	3	1	431	26	22.789159681	30.7645035572	31.8162992504	10.693
2291	0	3	2	1777	111	22.789159681	29.5577101589	30.609505852	8.315
2292	0	3	1	1042	65	23.6226970083	27.286850259	28.3771164786	19.102
2292	0	3	2	2391	149	23.6226970083	26.4429475566	27.5332137763	17.433
2293	0	3	1	807	50	23.0633841412	30.9724293308	32.036881397	13.087
2293	0	3	2	2148	134	23.0633841412	30.3579320538	31.42238412	6.441
2294	0	3	1	433	27	22.7836679061	32.2552754505	33.3068176799	8
2294	0	3	2	1774	110	22.7836679061	30.1805093335	31.2320515629	12.488
2295	0	3	1	490	30	23.1494065344	26.9943073977	28.0627296842	12.473
2295	0	3	2	1834	114	23.1494065344	28.0751313455	29.143553632	10.472
2296	0	3	1	1250	78	26.2201255011	30.3079897386	31.5181359424	5.937
2296	0	3	2	2598	162	26.2201255011	29.7570945055	30.9672407094	8.284
2297	0	3	1	1217	76	24.7174578803	31.0654143323	32.2062074158	9.402
2297	0	3	2	2566	160	24.7174578803	30.9109442855	32.051737369	11.086
2298	0	3	1	920	57	26.7586893486	30.8451982865	32.0802010073	8.63
2298	0	3	2	2263	141	26.7586893486	32.8412065082	34.0762092291	6
2299	0	3	1	1234	77	23.3847345419	30.1896835664	31.2689670249	9.181
2299	0	3	2	2583	161	23.3847345419	31.0262128998	32.1054963583	5.559
2300	0	3	1	469	29	19.1302151947	28.8240727563	29.7069959634	9.307
2300	0	3	2	1817	113	19.1302151947	29.2679700421	30.1508932491	7.307
2301	0	3	1	1224	76	21.123402433	26.7486671308	27.7235825737	7.055
2301	0	3	2	2574	160	21.123402433	28.9162146145	29.8911300574	13.779
2302	0	3	1	934	58	25.2935633877	28.8204579195	29.9878401928	8.945
2302	0	3	2	2278	142	25.2935633877	28.4389049992	29.6062872726	8.157
2303	0	3	1	957	59	25.1426453769	32.6755557395	33.8359726435	7.496
2303	0	3	2	2299	143	25.1426453769	29.6081073396	30.7685242437	7.496
2304	0	3	1	547	34	20.6747287664	23.8721287551	24.8263364126	10.252
2304	0	3	2	1895	118	20.6747287664	24.3664550568	25.3206627142	10.787
2305	0	3	1	530	33	17.9714746971	29.8619525607	30.6913960308	5.26
2305	0	3	2	1879	117	17.9714746971	29.9080821617	30.7375256318	6.189
2306	0	3	1	1063	66	24.3796250923	31.4827663536	32.6079673278	13.622
2306	0	3	2	2411	150	24.3796250923	31.8003465821	32.9255475563	10.378
2307	0	3	1	430	26	20.8340504821	29.4168329303	30.3783938161	8.662
2307	0	3	2	1776	111	20.8340504821	29.9768654049	30.9384262906	9.937
2308	0	3	1	930	58	28.1468398531	31.4144125709	32.7134830653	13.229
2308	0	3	2	2274	142	28.1468398531	29.6178515502	30.9169220446	12.189
2309	0	3	1	1254	78	18.3192848017	28.6482456852	29.4937417512	8.063
2309	0	3	2	2601	162	18.3192848017	27.2300964886	28.0755925546	5.37
2310	0	3	1	530	33	17.882681828	14.9538717408	15.7792171239	7.134
2310	0	3	2	1879	117	17.882681828	16.644866546	17.4702119292	9.653
2311	0	3	1	488	30	24.911237037	32.6329847784	33.7827214161	11.543
2311	0	3	2	1833	114	24.911237037	32.0078596379	33.1575962755	10.252
2312	0	3	1	1062	66	23.5873237138	27.80213855	28.8907721742	9.433
2312	0	3	2	2410	150	23.5873237138	29.0765093506	30.1651429748	12.032
2313	0	3	1	1246	77	22.1469539412	29.3355256753	30.3576814326	7.842
2313	0	3	2	2596	162	22.1469539412	30.1440439282	31.1661996855	9.339
2314	0	3	1	1080	67	26.0284597808	31.9278115281	33.12911172	4.835
2314	0	3	2	2426	151	26.0284597808	31.4816443709	32.6829445628	5.024
2315	0	3	1	1241	77	18.2593565009	30.367861559	31.2105917341	9.811
2315	0	3	2	2590	161	18.2593565009	28.215722149	29.0584523241	9.464
2316	0	3	1	516	32	18.6347451345	28.9001094725	29.7601650845	7.811
2316	0	3	2	1861	116	18.6347451345	31.5923625125	32.4524181245	7.748
2317	0	3	1	1265	79	24.1900495812	32.2574734157	33.373924848	12.063
2317	0	3	2	2616	163	24.1900495812	31.1702556157	32.286707048	16.378
2318	0	3	1	550	34	16.9319148008	29.5020012017	30.2834655169	11.937
2318	0	3	2	1899	118	16.9319148008	32.9602765882	33.7417409034	12.535
2319	0	3	1	340	21	23.883447919	28.3973423743	29.4996431178	5.874
2319	0	3	2	1683	105	23.883447919	30.3570105529	31.4593112964	4.898
2320	0	3	1	530	33	20.558769164	30.2024461283	31.1513018635	10.315
2320	0	3	2	1879	117	20.558769164	29.8373712895	30.7862270247	8.63
2321	0	3	1	586	36	21.1442501337	29.9290184437	30.9048960775	13.937
2321	0	3	2	1930	120	21.1442501337	29.5849327065	30.5608103403	6.378
2322	0	3	1	1246	77	18.6571464471	32.4883898581	33.3494793653	15.244
2322	0	3	2	2598	162	18.6571464471	32.6677091515	33.5287986587	22.063
2323	0	3	1	534	33	15.4658705895	28.0787212832	28.7925227706	9.905
2323	0	3	2	1883	117	15.4658705895	26.465127986	27.1789294734	14.504
2324	0	3	1	1253	78	14.3725452073	29.8274585075	30.4907993836	7.244
2324	0	3	2	2603	162	14.3725452073	31.0963982371	31.7597391132	19.811
2325	0	3	1	1243	77	22.6582633045	32.2491057757	33.2948601647	11.055
2325	0	3	2	2594	162	22.6582633045	34.0356273361	35.0813817251	16.126
2326	0	3	1	591	36	19.8693060637	28.9623048462	29.8793395608	11.559
2326	0	3	2	1941	121	19.8693060637	30.3431150469	31.2601497615	9.244
2327	0	3	1	333	20	25.8528826746	32.0889527526	33.2821494757	15.591
2327	0	3	2	1678	104	25.8528826746	31.3431110952	32.5363078183	5.338
2328	0	3	1	1284	80	17.8030189343	28.1279372804	28.9496059555	15.654
2328	0	3	2	2634	164	17.8030189343	26.8021610927	27.6238297678	13.905
2329	0	3	1	413	25	20.1608197509	31.40658124	32.3370702831	7.811
2329	0	3	2	1760	110	20.1608197509	28.767146909	29.6976359521	9.685
2330	0	3	1	413	25	19.5450706281	25.7183524254	26.6204225938	10.378
2330	0	3	2	1759	109	19.5450706281	28.0172066771	28.9192768454	10.897
2331	0	3	1	519	32	23.2671615695	27.5776846586	28.6515417324	8.661
2331	0	3	2	1865	116	23.2671615695	28.6570702617	29.7309273356	9.716
2332	0	3	1	491	30	21.5724138941	30.6897210839	31.6853599026	12.252
2332	0	3	2	1838	114	21.5724138941	29.2876986231	30.2833374419	10.96
2333	0	3	1	606	37	18.8269362937	26.7732139744	27.6421398491	11.811
2333	0	3	2	1955	122	18.8269362937	24.7045946369	25.5735205115	11.102
2334	0	3	1	488	30	19.7037292591	30.5034038344	31.4127966275	5.968
2334	0	3	2	1833	114	19.7037292591	28.8993184356	29.8087112287	9.04
2335	0	3	1	1238	77	24.213817591	30.2914124986	31.4089609038	7.055
2335	0	3	2	2586	161	24.213817591	29.3473161771	30.4648645823	4.725
2336	0	3	1	430	26	22.9824128911	28.5583268151	29.6190417882	7.433
2336	0	3	2	1776	111	22.9824128911	29.434358688	30.4950736611	8.346
2337	0	3	1	1062	66	22.732809134	33.5369129306	34.5861078581	4.41
2337	0	3	2	2410	150	22.732809134	28.1532255273	29.2024204549	8.409
2338	0	3	1	571	35	22.1025080112	27.1636857901	28.1837902196	8.693
2338	0	3	2	1920	120	22.1025080112	30.6552368607	31.6753412901	7.213
2339	0	3	1	526	32	20.201439485	29.0439427537	29.976306533	4.661
2339	0	3	2	1874	117	20.201439485	29.3741067033	30.3064704825	4.693
2340	0	3	1	521	32	22.4370413493	33.1148947819	34.1504390402	12.74
2340	0	3	2	1869	116	22.4370413493	30.4178827243	31.4534269826	8.157
2341	0	3	1	1239	77	19.4778419737	34.3826063676	35.2815737094	6.74
2341	0	3	2	2600	162	19.4778419737	35.7625235686	36.6614909104	14.756
2342	0	3	1	1239	77	23.5224773566	32.0857330148	33.1713737635	8.772
2342	0	3	2	2587	161	23.5224773566	32.3987326575	33.4843734061	14.393
2343	0	3	1	550	34	18.1214837796	29.4953612279	30.3317281172	17.843
2343	0	3	2	1897	118	18.1214837796	28.0718859532	28.9082528425	16.315
2344	0	3	1	485	30	22.1587729222	32.2562414916	33.2789427343	11.843
2344	0	3	2	1830	114	22.1587729222	30.3499358989	31.3726371416	5.338
2345	0	3	1	1224	76	19.9640597343	27.9717282803	28.8931361927	12.189
2345	0	3	2	2574	160	19.9640597343	26.6876561689	27.6090640813	9.213
2346	0	3	1	432	27	20.6074376939	27.3618072743	28.3129092244	7.779
2346	0	3	2	1779	111	20.6074376939	27.6794180015	28.6305199516	10
2347	0	3	1	528	33	14.8923494346	28.3870863428	29.0744179169	11.197
2347	0	3	2	1880	117	14.8923494346	29.5831748443	30.2705064184	11.559
2348	0	3	1	240	15	28.1167982252	31.1344692738	32.432153247	9.118
2348	0	3	2	1581	98	28.1167982252	29.9111766519	31.208860625	15.401
2349	0	3	1	429	26	23.0557330878	30.9815393676	32.0456383121	5.591
2349	0	3	2	1776	111	23.0557330878	29.7604957066	30.8245946512	6.866
2350	0	3	1	520	32	20.5374983446	28.5153368241	29.46321084	8.913
2350	0	3	2	1866	116	20.5374983446	30.4790860721	31.4269600881	10
2351	0	3	1	929	58	28.1295120248	28.8555361382	30.1538068955	15.008
2351	0	3	2	2272	142	28.1295120248	29.974286809	31.2725575664	11.496
2352	0	3	1	520	32	18.3289330439	29.7198004643	30.5657418287	9.15
2352	0	3	2	1867	116	18.3289330439	30.0232187399	30.8691601044	5.622
2353	0	3	1	1064	66	22.2250047489	30.4071199251	31.4328779874	8.85
2353	0	3	2	2412	150	22.2250047489	29.1778868803	30.2036449426	7.15
2354	0	3	1	585	36	19.5823061638	29.0257586544	29.9295473668	6.158
2354	0	3	2	1933	120	19.5823061638	30.1167448578	31.0205335702	13.212
2355	0	3	1	1049	65	21.8303669243	36.1407706117	37.1483148227	26.772
2355	0	3	2	2388	149	21.8303669243	33.7734718344	34.7810160455	9.937
2356	0	3	1	594	37	16.8467242245	29.914143618	30.6916761042	5.685
2356	0	3	2	1945	121	16.8467242245	29.3073969823	30.0849294685	7.874
2357	0	3	1	585	36	20.5801598545	31.7733475377	32.7231905245	10.126
2357	0	3	2	1936	121	20.5801598545	30.4539800915	31.4038230784	5.748
2358	0	3	1	440	27	25.4653623823	30.0244933827	31.1998047524	6.803
2358	0	3	2	1787	111	25.4653623823	32.4581538465	33.6334652162	5.874
2359	0	3	1	1273	79	20.3611413609	29.507257725	30.4469922782	8
2359	0	3	2	2625	164	20.3611413609	30.710490414	31.6502249672	7.779
2360	0	3	1	1270	79	23.705053271	31.7553292768	32.8493965126	5.039
2360	0	3	2	2619	163	23.705053271	30.5812874133	31.6753546491	14.315
2361	0	3	1	810	50	24.2537847286	28.2185700684	29.3379630902	4.063
2361	0	3	2	2153	134	24.2537847286	26.6694577832	27.788850805	12.851
2361	1	3	1	802	50	24.2537847286	28.913706713	30.0330997349	18.504
2361	1	3	2	2151	134	24.2537847286	28.9311338314	30.0505268532	5.559
2362	0	3	1	457	28	21.8166773656	33.1608912789	34.1678036712	4.599
2362	0	3	2	1802	112	21.8166773656	32.5464944727	33.553406865	7.181
2363	0	3	1	1042	65	22.3564469771	15.4890296764	16.5208542357	29.874
2363	0	3	2	2387	149	22.3564469771	25.362046932	26.3938714913	8.945
2364	0	3	1	1259	78	14.6495544013	30.8856041482	31.5617299221	5.055
2364	0	3	2	2609	163	14.6495544013	31.7524103593	32.4285361332	16.031
2365	0	3	1	506	31	21.3262663497	31.5998289094	32.5841071984	7.811
2365	0	3	2	1857	116	21.3262663497	31.5066134969	32.4908917859	14.236
2366	0	3	1	1264	79	19.8753576946	31.6500941309	32.5674081484	7.275
2366	0	3	2	2604	162	19.8753576946	31.5436708682	32.4609848857	10.835
2367	0	3	1	529	33	22.1929301224	31.0123562294	32.0366339407	8.724
2367	0	3	2	1878	117	22.1929301224	29.180825321	30.2051030323	11.685
2368	0	3	1	1251	78	14.4687636729	31.0356412373	31.7034229164	5.212
2368	0	3	2	2599	162	14.4687636729	30.4433666756	31.1111483547	20.315
2369	0	3	1	1064	66	27.0858254445	28.1107898217	29.360890964	7.937
2369	0	3	2	2411	150	27.0858254445	29.2632563831	30.5133575253	10.126
2370	0	3	1	1264	79	25.4383099486	30.7976115303	31.97167434	18.913
2370	0	3	2	2615	163	25.4383099486	30.4363463929	31.6104092026	19.244
2371	0	3	1	457	28	23.6571011204	32.5745909337	33.6664450178	6.063
2371	0	3	2	1802	112	23.6571011204	33.9601591553	35.0520132394	6.756
2372	0	3	1	1214	75	26.1659067086	26.5942963453	27.8019401711	15.717
2372	0	3	2	2565	160	26.1659067086	26.7641537551	27.9717975809	8.803
2372	1	3	1	1213	75	26.1659067086	25.8855052679	27.0931490937	6.803
2372	1	3	2	2567	160	26.1659067086	27.0485450977	28.2561889235	16.346
2374	0	3	1	580	36	19.2690364011	29.6237455874	30.5130758559	7.433
2374	0	3	2	1928	120	19.2690364011	29.1200786149	30.0094088835	11.78
2375	0	3	1	1094	68	23.0795154217	34.4869449131	35.5521414917	9.118
2375	0	3	2	2441	152	23.0795154217	31.2126449205	32.2778414991	9.685
2376	0	3	1	583	36	17.7570706753	30.3982633468	31.2178113566	7.464
2376	0	3	2	1933	120	17.7570706753	29.6126900716	30.4322380813	8.504
2377	0	3	1	584	36	18.0723128491	30.8320584635	31.6661559505	8.473
2377	0	3	2	1933	120	18.0723128491	30.0055021761	30.8395996631	8.661
2378	0	3	1	234	14	28.8772073927	34.6911084717	36.0238878629	9.874
2378	0	3	2	1577	98	28.8772073927	36.7420274995	38.0748068907	7.527
2379	0	3	1	478	29	19.3251960541	30.756603541	31.6485257647	12.598
2379	0	3	2	1826	114	19.3251960541	28.7324425089	29.6243647327	10.787
2380	0	3	1	1062	66	22.6358514493	28.5234060756	29.5681260828	4.709
2380	0	3	2	2411	150	22.6358514493	28.9357438598	29.980463867	13.811
2381	0	3	1	1253	78	24.3975779818	31.1510059277	32.2770354876	6.252
2381	0	3	2	2594	162	24.3975779818	28.7135158322	29.8395453921	15.811
2382	0	3	1	490	30	21.2688580079	32.608417332	33.5900460346	11.338
2382	0	3	2	1832	114	21.2688580079	32.1775399316	33.1591686342	7.244
2383	0	3	1	1280	80	21.3691903338	33.143517623	34.1297769969	7.071
2383	0	3	2	2628	164	21.3691903338	31.0379505029	32.0242098769	10.252
2384	0	3	1	428	26	19.2033044165	28.0082112755	28.8945077938	11.496
2384	0	3	2	1774	110	19.2033044165	29.1282329248	30.0145294431	16
2385	0	3	1	1057	66	23.2272423198	32.4234206492	33.4954353167	11.528
2385	0	3	2	2403	150	23.2272423198	34.1080112993	35.1800259667	8.583
2386	0	3	1	585	36	18.8365156973	33.5349516638	34.40431966	10.284
2386	0	3	2	1937	121	18.8365156973	29.1436911286	30.0130591247	9.181
2387	0	3	1	1063	66	22.9980798619	29.7764340708	30.8378721268	11.937
2387	0	3	2	2411	150	22.9980798619	30.0647389687	31.1261770247	15.78
2388	0	3	1	1236	77	21.6866375741	30.9915380995	31.9924487219	5.748
2388	0	3	2	2585	161	21.6866375741	33.0434759026	34.044386525	9.024
2389	0	3	1	1103	68	17.1114620393	30.2310271988	31.0207782177	11.512
2389	0	3	2	2452	153	17.1114620393	29.1160988392	29.905849858	15.843
2390	0	3	1	551	34	16.8455524258	27.7883661933	28.565844597	10.724
2390	0	3	2	1899	118	16.8455524258	28.7282598616	29.5057382653	13.166
2391	0	3	1	454	28	24.2292868594	30.7010379831	31.8193003466	27.779
2391	0	3	2	1798	112	24.2292868594	33.0757083421	34.1939707056	9.496
2392	0	3	1	1265	79	25.5915142681	28.174664301	29.3557980008	7.338
2392	0	3	2	2615	163	25.5915142681	25.3784558475	26.5595895473	14.221
2393	0	3	1	429	26	22.4754888666	26.339694663	27.3770134024	15.008
2393	0	3	2	1773	110	22.4754888666	30.674292165	31.7116109044	10.347
2394	0	3	1	1100	68	23.1309813765	30.0187450516	31.0863169556	5.401
2394	0	3	2	2446	152	23.1309813765	30.6247867829	31.6923586869	5.244
2395	0	3	1	487	30	23.2782971366	34.3434664551	35.4178374725	11.418
2395	0	3	2	1831	114	23.2782971366	31.8652163189	32.9395873364	14.252
2396	0	3	1	555	34	18.0828418285	31.5541191554	32.3887025899	18.032
2396	0	3	2	1901	118	18.0828418285	33.5290422377	34.3636256722	9.402
2397	0	3	1	452	28	21.43360894	28.9150872756	29.9043197829	14.032
2397	0	3	2	1797	112	21.43360894	27.2533513767	28.2425838841	8.221
2398	0	3	1	431	26	24.0597033518	29.3696153547	30.480050874	8.063
2398	0	3	2	1777	111	24.0597033518	27.8250920122	28.9355275314	8.284
2399	0	3	1	521	32	17.619135857	30.7438436969	31.5570255549	7.103
2399	0	3	2	1869	116	17.619135857	31.1912949003	32.0044767583	6.788
2400	0	3	1	1250	78	19.1374443336	29.5352150455	30.4184719014	8.945
2400	0	3	2	2599	162	19.1374443336	33.0792022623	33.9624591182	16.756
2401	0	3	1	965	60	23.2903533852	28.0828250136	29.1577524671	16.835
2401	0	3	2	2309	144	23.2903533852	29.7993237108	30.8742511643	9.276
2402	0	3	1	1265	79	19.0392713772	31.1467721487	32.0254979953	12.803
2402	0	3	2	2615	163	19.0392713772	31.0861739623	31.964899809	14.582
2403	0	3	1	513	32	25.1808546671	32.9058612791	34.0680416692	8.126
2403	0	3	2	1859	116	25.1808546671	31.4645220061	32.6267023963	12
2404	0	3	1	1250	78	21.039704041	29.7346484807	30.7057009638	6.315
2404	0	3	2	2593	162	21.039704041	30.4337102023	31.4047626854	11.228
2405	0	3	1	802	50	31.0596585338	26.8691472234	28.3026540106	15.559
2405	0	3	2	2149	134	31.0596585338	26.8649357794	28.2984425666	20.677
2406	0	3	1	895	55	20.4950231775	22.7747033506	23.720616996	17.622
2406	0	3	2	2237	139	20.4950231775	27.1993570503	28.1452706957	6.473
2407	0	3	1	519	32	20.0098853622	32.6470808618	33.5706037797	5.811
2407	0	3	2	1865	116	20.0098853622	31.3769392516	32.3004621695	8.772
2408	0	3	1	1246	77	18.4249171045	28.2765953326	29.1269666814	11.591
2408	0	3	2	2597	162	18.4249171045	26.9062990629	27.7566704117	18.772
2410	0	3	1	1237	77	18.9953196375	29.4167355818	30.2934329091	12.252
2410	0	3	2	2585	161	18.9953196375	30.2723697172	31.1490670446	9.449
2411	0	3	1	562	35	27.2223553271	30.9420685294	32.1984709809	5.591
2411	0	3	2	1911	119	27.2223553271	28.9507576288	30.2071600804	5.134
2412	0	3	1	509	31	18.344523584	34.6313465223	35.4780074422	6.347
2412	0	3	2	1859	116	18.344523584	31.6012928927	32.4479538126	15.905
2413	0	3	1	1064	66	24.8802356108	28.4209918592	29.5692976777	12.819
2413	0	3	2	2412	150	24.8802356108	31.0314123949	32.1797182134	13.244
2413	1	3	1	1062	66	24.8802356108	28.1113071846	29.2596130032	6.189
2413	1	3	2	2415	150	24.8802356108	28.0612914674	29.2095972859	12
2414	0	3	1	514	32	17.5934474541	31.1577296836	31.9697259362	14.456
2414	0	3	2	1861	116	17.5934474541	31.1097873358	31.9217835884	9.496
2415	0	3	1	529	33	17.962066108	31.5276646274	32.3566738597	10.851
2415	0	3	2	1876	117	17.962066108	30.3290017153	31.1580109477	9.559
2416	0	3	1	473	29	22.7706513344	30.7471084402	31.7980499114	4.756
2416	0	3	2	1817	113	22.7706513344	29.5794867237	30.6304281949	8.457
2417	0	3	1	582	36	23.0278544689	31.4543204669	32.5171327203	9.039
2417	0	3	2	1931	120	23.0278544689	30.591142187	31.6539544404	9.26
2418	0	3	1	545	34	25.350783241	33.1147103017	34.2847334621	8.567
2418	0	3	2	1892	118	25.350783241	32.13241065	33.3024338104	11.511
2419	0	3	1	1265	79	21.9731052595	29.6296261406	30.6437582016	9.213
2419	0	3	2	2616	163	21.9731052595	30.6711481211	31.6852801822	11.276
2420	0	3	1	562	35	22.5234369919	30.6043664142	31.6438981194	6.126
2420	0	3	2	1909	119	22.5234369919	30.9614050907	32.0009367959	5.276
2420	1	3	1	561	35	22.5234369919	30.9082657008	31.947797406	5.748
2420	1	3	2	1910	119	22.5234369919	34.0101406638	35.049672369	11.685
2421	0	3	1	174	10	25.3881779024	29.9470034727	31.1187525213	6.929
2421	0	3	2	1517	94	25.3881779024	32.0132433608	33.1849924095	7.905
2422	0	3	1	454	28	18.757335674	30.3544056922	31.2201192663	26.662
2422	0	3	2	1800	112	18.757335674	30.7832577162	31.6489712903	9.528
2423	0	3	1	528	33	19.6450951503	31.1467421936	32.0534288271	9.464
2423	0	3	2	1878	117	19.6450951503	31.0400902899	31.9467769234	4.929
2424	0	3	1	149	9	21.5858746205	33.1769772706	34.1732373467	17.874
2424	0	3	2	1485	92	21.5858746205	32.6114643735	33.6077244497	6.347
2424	1	3	1	148	9	21.5858746205	30.0231268038	31.01938688	15.307
2424	1	3	2	1499	93	21.5858746205	34.3130030859	35.309263162	10.157
2425	0	3	1	1245	77	18.2941383055	23.0051387214	23.8494741927	12.315
2425	0	3	2	2596	162	18.2941383055	22.2746135846	23.1189490559	16.094
2426	0	3	1	192	12	30.0247175315	32.5675751509	33.9533159606	11.937
2426	0	3	2	1535	95	30.0247175315	32.4344778616	33.8202186713	13.401
2427	0	3	1	997	62	20.4518674753	28.6139433089	29.5578651748	14.693
2427	0	3	2	2342	146	20.4518674753	30.134045431	31.0779672969	6.504
2428	0	3	1	918	57	25.8864883208	31.4700624681	32.6648102038	21.433
2428	0	3	2	2272	142	25.8864883208	29.5864437442	30.7811914799	5.339
2429	0	3	1	1064	66	22.0093697972	21.590953976	22.6067597664	20.441
2429	0	3	2	2411	150	22.0093697972	31.0708410979	32.0866468883	10.771
2430	0	3	1	429	26	20.541910024	29.2105570421	30.1586346717	12.881
2430	0	3	2	1776	111	20.541910024	28.3628862361	29.3109638657	9.087
2431	0	3	1	457	28	22.0320883559	34.138305635	35.1551599626	6.189
2431	0	3	2	1802	112	22.0320883559	31.3571467114	32.374001039	8.929
2432	0	3	1	1042	65	31.090110787	19.8658391443	21.3007514046	4.126
2432	0	3	2	2404	150	31.090110787	31.2201681821	32.6550804423	16.283
2433	0	3	1	1264	79	19.9703086957	28.869847655	29.7915439778	4.095
2433	0	3	2	2615	163	19.9703086957	28.1682041497	29.0899004724	15.969
2434	0	3	1	918	57	31.7633701022	34.7168555986	36.1828410207	20.677
2434	0	3	2	2261	141	31.7633701022	31.924564774	33.3905501961	5.843
2435	0	3	1	491	30	20.6863194663	26.1351660276	27.0899086345	6.346
2435	0	3	2	1835	114	20.6863194663	31.782160528	32.7369031348	7.04
2436	0	3	1	469	29	21.3006557994	30.8734295706	31.8565258473	9.969
2436	0	3	2	1814	113	21.3006557994	30.6025155549	31.5856118316	7.622
2437	0	3	1	1256	78	20.963041448	31.5778943906	32.5454086394	10.866
2437	0	3	2	2604	162	20.963041448	30.1475416593	31.1150559082	13.465
2438	0	3	1	470	29	17.130449642	27.1569612053	27.9475885653	11.338
2438	0	3	2	1816	113	17.130449642	28.6688370404	29.4594644004	7.118
2439	0	3	1	1280	80	22.1728320256	30.3972361367	31.4205862539	11.402
2439	0	3	2	2629	164	22.1728320256	32.3234590476	33.3468091648	14.347
2440	0	3	1	185	11	27.5621656369	28.2147426859	29.4868285161	5.212
2440	0	3	2	1529	95	27.5621656369	28.2620823003	29.5341681305	19.496
2441	0	3	1	1057	66	25.0997062605	31.5072281327	32.6656632534	7.78
2441	0	3	2	2403	150	25.0997062605	27.2675709259	28.4260060466	18.189
2442	0	3	1	1233	77	22.47704269	28.3876642542	29.4250547077	8.63
2442	0	3	2	2583	161	22.47704269	30.0183267883	31.0557172418	11.339
2443	0	3	1	951	59	24.3449430581	28.6366106955	29.7602109782	18.819
2443	0	3	2	2293	143	24.3449430581	30.58177671	31.7053769926	6.157
2444	0	3	1	308	19	24.7138295489	30.080991719	31.221617343	10.473
2444	0	3	2	1651	103	24.7138295489	29.048718242	30.189343866	16.032
2445	0	3	1	1042	65	20.8580760303	34.3111238548	35.2737935997	4.661
2445	0	3	2	2401	150	20.8580760303	29.7846913177	30.7473610626	18.677
2446	0	3	1	1081	67	17.9578872209	34.7073876085	35.5362039713	6.614
2446	0	3	2	2428	151	17.9578872209	33.8944918502	34.7233082129	10.158
2447	0	3	1	1223	76	19.5623288475	30.3252685831	31.2281352758	11.275
2447	0	3	2	2573	160	19.5623288475	32.6554850655	33.5583517582	7.039
2448	0	3	1	154	9	26.6150631699	28.8481395425	30.0765134364	17.496
2448	0	3	2	1495	93	26.6150631699	30.9892014796	32.2175753735	17.748
2449	0	3	1	444	27	23.9464803792	29.0284501533	30.1336600549	6.536
2449	0	3	2	1791	111	23.9464803792	29.2058739625	30.3110838641	10.032
2450	0	3	1	330	20	24.4595622497	30.3955853703	31.5244757108	12.693
2450	0	3	2	1674	104	24.4595622497	30.6070214295	31.73591177	8.126
2451	0	3	1	471	29	24.2865596008	23.9425976813	25.0635033727	21.969
2451	0	3	2	1817	113	24.2865596008	31.7542892104	32.8751949018	10.693
2452	0	3	1	1265	79	19.7019372892	29.8732417094	30.7825517971	13.811
2452	0	3	2	2614	163	19.7019372892	30.9509299174	31.8602400051	23.37
2453	0	3	1	1218	76	20.1810286822	30.8462953779	31.7777171305	8.504
2453	0	3	2	2567	160	20.1810286822	30.460484782	31.3919065347	13.559
2454	0	3	1	1240	77	22.7097259473	17.3167923183	18.3649218799	12.095
2454	0	3	2	2589	161	22.7097259473	17.6274650619	18.6755946234	14.441
2455	0	3	1	1268	79	25.9700976572	27.9980496396	29.1966562249	13.008
2455	0	3	2	2618	163	25.9700976572	27.2336765261	28.4322831114	13.433
2456	0	3	1	555	34	22.3936165242	32.3314477149	33.3649877727	6.551
2456	0	3	2	1904	119	22.3936165242	28.2225297923	29.2560698501	6.221
2457	0	3	1	517	32	20.6021051528	30.2543632777	31.2052191133	8.283
2457	0	3	2	1864	116	20.6021051528	31.6464905725	32.5973464081	8.252
2458	0	3	1	1265	79	24.4228852377	29.6639089634	30.7911065375	11.37
2458	0	3	2	2616	163	24.4228852377	29.006665442	30.1338630161	11.149
2459	0	3	1	1092	68	23.134205603	31.6714489357	32.7391696484	5.418
2459	0	3	2	2438	152	23.134205603	32.1545119815	33.2222326943	9.622
2460	0	3	1	533	33	18.5158732748	33.6466031521	34.5011724314	11.559
2460	0	3	2	1879	117	18.5158732748	31.1670412751	32.0216105545	4.567
2461	0	3	1	1265	79	22.5501401504	29.6171329563	30.6578971013	12.063
2461	0	3	2	2616	163	22.5501401504	30.4040287901	31.4447929351	13.024
2462	0	3	1	311	19	18.6474550138	28.7575983063	29.6182405216	11.26
2462	0	3	2	1656	103	18.6474550138	28.5696105952	29.4302528105	6.63
2463	0	3	1	1030	64	21.765246843	30.1759428165	31.1804815187	10.283
2463	0	3	2	2375	148	21.765246843	35.5068566208	36.511395323	4.126
2464	0	3	1	1244	77	21.5348562507	29.1018571382	30.0957625465	12.394
2464	0	3	2	2594	162	21.5348562507	27.9117893829	28.9056947912	18
2465	0	3	1	1213	75	24.2549760834	29.0632121513	30.1826601582	8
2465	0	3	2	2564	160	24.2549760834	30.3158800529	31.4353280597	16.488
2466	0	3	1	802	50	25.0103526825	29.6236205476	30.7779317027	15.937
2466	0	3	2	2152	134	25.0103526825	27.6791523547	28.8334635099	18.536
2467	0	3	1	1271	79	23.3041844127	30.4041490329	31.4797148344	4.158
2467	0	3	2	2619	163	23.3041844127	29.8949847345	30.9705505361	5.228
2468	0	3	1	443	27	20.5622572095	30.2949333156	31.2439500357	4.189
2468	0	3	2	1790	111	20.5622572095	26.9567286964	27.9057454166	4.283
2469	0	3	1	1279	79	19.1059740661	27.7862731826	28.6680775807	5.496
2469	0	3	2	2629	164	19.1059740661	28.5726484254	29.4544528235	12.851
2470	0	3	1	1237	77	20.7176465822	30.9696301296	31.9258185873	7.874
2470	0	3	2	2586	161	20.7176465822	32.3657504153	33.321938873	13.276
2471	0	3	1	491	30	19.9349339652	28.2389271846	29.1589908457	13.968
2471	0	3	2	1835	114	19.9349339652	29.0622287485	29.9822924095	11.307
2472	0	3	1	1224	76	24.6622318639	27.1819963973	28.3202406161	13.717
2472	0	3	2	2574	160	24.6622318639	28.8272035771	29.9654477959	12.85
2473	0	3	1	1275	79	21.7108355447	30.6872728418	31.6893002812	11.039
2473	0	3	2	2624	164	21.7108355447	30.6040086408	31.6060360802	7.118
2474	0	3	1	469	29	24.7346881902	29.2713656123	30.4129539321	9.291
2474	0	3	2	1815	113	24.7346881902	29.4093150026	30.5509033224	4.693
2475	0	3	1	993	62	21.9495228061	42.6526200666	43.6656637189	14.977
2475	0	3	2	2340	146	21.9495228061	44.4321957682	45.4452394205	20.158
2476	0	3	1	449	28	19.8582884326	27.12143109	28.0379573042	25.339
2476	0	3	2	1797	112	19.8582884326	30.0329960316	30.9495222458	6
2477	0	3	1	1256	78	22.4743243003	31.2277695303	32.2650345211	8.599
2477	0	3	2	2603	162	22.4743243003	30.8984882318	31.9357532225	14.976
2477	1	3	1	1255	78	22.4743243003	29.4970967694	30.5343617601	12.504
2477	1	3	2	2602	162	22.4743243003	33.2758973016	34.3131622924	20.378
2478	0	3	1	1251	78	20.6380272727	31.9365301779	32.8890439391	6.535
2478	0	3	2	2600	162	20.6380272727	33.9070084572	34.8595222184	18.032
2479	0	3	1	778	48	25.1415384009	35.3267040849	36.4870698983	5.748
2479	0	3	2	2119	132	25.1415384009	35.2919422595	36.4523080729	10.945
2480	0	3	1	485	30	25.2569841914	30.9634659181	32.1291599396	11.165
2480	0	3	2	1831	114	25.2569841914	29.3264549833	30.4921490048	5.748
2481	0	3	1	1064	66	22.9671405449	28.914878799	29.9748889024	6.473
2481	0	3	2	2413	150	22.9671405449	29.9720722735	31.0320823769	15.15
2482	0	3	1	586	36	25.2626859248	22.9307774941	24.0967346696	21.307
2482	0	3	2	1937	121	25.2626859248	25.5644469204	26.7304040959	5.874
2483	0	3	1	417	26	22.6407969973	43.894723426	44.9396716867	22.661
2483	0	3	2	1779	111	22.6407969973	30.9843868673	32.029335128	9.906
2484	0	3	1	1268	79	21.1177847152	30.2767947659	31.2514509324	13.228
2484	0	3	2	2615	163	21.1177847152	29.3333372836	30.3079934501	12.126
2485	0	3	1	741	46	23.7122719695	29.1583247456	30.2527251483	6.63
2485	0	3	2	2078	129	23.7122719695	29.6864042399	30.7808046426	7.291
2486	0	3	1	558	34	23.1696837742	28.6381173455	29.7074754942	6.661
2486	0	3	2	1907	119	23.1696837742	26.2072792567	27.2766374054	8.346
2487	0	3	1	261	16	23.0494628189	31.4917351739	32.5555447247	10.693
2487	0	3	2	1605	100	23.0494628189	30.8667508694	31.9305604201	8.929
2488	0	3	1	488	30	20.8333257616	34.7331901932	35.6947176307	12.535
2488	0	3	2	1833	114	20.8333257616	29.6925825946	30.6541100321	6.472
2489	0	3	1	443	27	24.0887393753	32.1672852582	33.2790608868	6.031
2489	0	3	2	1790	111	24.0887393753	30.3745190906	31.4862947192	8.032
2490	0	3	1	1283	80	17.8075402034	27.8397921844	28.6616695311	11.055
2490	0	3	2	2632	164	17.8075402034	27.922328667	28.7442060137	14.614
2491	0	3	1	216	13	26.0403666624	30.0065695203	31.2084192544	9.37
2491	0	3	2	1553	97	26.0403666624	31.7576190057	32.9594687399	18.409
2492	0	3	1	452	28	23.4079608261	30.3535457929	31.4339012218	17.197
2492	0	3	2	1809	113	23.4079608261	37.738468988	38.818824417	5.008
2493	0	3	1	1284	80	19.8328492607	36.1227414822	37.0380935938	7.496
2493	0	3	2	2630	164	19.8328492607	35.6253489814	36.540701093	6.646
2494	0	3	1	485	30	17.0507561754	28.8653491921	29.6522984329	10.646
2494	0	3	2	1829	114	17.0507561754	31.993077789	32.7800270298	5.937
2495	0	3	1	322	20	17.5233767533	30.0149244387	30.8236866948	7.937
2495	0	3	2	1671	104	17.5233767533	20.1389903384	20.9477525945	4.662
2496	0	3	1	602	37	20.2725670231	29.0995985439	30.0352450962	13.748
2496	0	3	2	1952	122	20.2725670231	29.5866320093	30.5222785615	6.788
2497	0	3	1	1056	66	26.0595745301	34.243085076	35.4458213173	8
2497	0	3	2	2401	150	26.0595745301	31.4514202691	32.6541565104	13.937
2498	0	3	1	1100	68	23.0306515069	29.5908747629	30.6538161089	4.504
2498	0	3	2	2447	152	23.0306515069	31.0483923006	32.1113336466	9.496
2499	0	3	1	577	36	22.7431201279	30.7013546569	31.7510254712	4.96
2499	0	3	2	1925	120	22.7431201279	31.057690425	32.1073612393	5.134
2500	0	3	1	1244	77	17.8276623212	30.7130429892	31.5358490387	7.212
2500	0	3	2	2596	162	17.8276623212	31.4193338725	32.242139922	21.717
2501	0	3	1	454	28	19.1739732221	30.5060130262	31.3909558121	22.095
2501	0	3	2	1797	112	19.1739732221	29.3236872697	30.2086300556	8
2502	0	3	1	548	34	24.209777454	30.1250738768	31.2424358162	7.842
2502	0	3	2	1895	118	24.209777454	28.6603457991	29.7777077385	11.654
2503	0	3	1	1264	79	23.9522712266	29.6563647066	30.7618418751	9.37
2503	0	3	2	2616	163	23.9522712266	29.6924293468	30.7979065154	11.401
2505	0	3	1	1022	63	27.811125362	30.0834878209	31.3670639724	7.748
2505	0	3	2	2370	148	27.811125362	25.161224487	26.4448006385	14.315
2506	0	3	1	431	26	22.7590258747	28.3657224639	29.4161273815	9.481
2506	0	3	2	1779	111	22.7590258747	28.8681355568	29.9185404743	6.378
2507	0	3	1	490	30	19.161927814	30.4493128282	31.3336996784	10.882
2507	0	3	2	1835	114	19.161927814	30.2502498835	31.1346367337	11.511
2508	0	3	1	888	55	27.2707331595	34.1344085395	35.3930437892	13.843
2508	0	3	2	2231	139	27.2707331595	29.8902950612	31.148930311	4.977
2510	0	3	1	1097	68	20.060666377	32.9882872936	33.9141539246	5.149
2510	0	3	2	2444	152	20.060666377	31.1543421162	32.0802087472	5.338
2512	0	3	1	491	30	22.7930425545	31.6189086477	32.6708835484	10.283
2512	0	3	2	1835	114	22.7930425545	30.840580595	31.8925554958	11.307
2513	0	3	1	1061	66	26.8170176862	32.1004343916	33.3381291597	23.59
2513	0	3	2	2408	150	26.8170176862	30.6335385925	31.8712333606	16
2514	0	3	1	504	31	17.6095537611	32.41691609	33.2296557023	5.118
2514	0	3	2	1852	115	17.6095537611	34.2503033916	35.0630430039	7.685
2515	0	3	1	1061	66	25.5737763045	45.6532828242	46.8335978578	14.756
2515	0	3	2	2413	150	25.5737763045	31.4993919864	32.67970702	11.905
2516	0	3	1	1238	77	21.0925865292	26.1159063403	27.0893995265	7.465
2516	0	3	2	2587	161	21.0925865292	27.2946683812	28.2681615674	16.567
2517	0	3	1	1042	65	19.8235497331	38.7631321799	39.6780550873	6.787
2517	0	3	2	2391	149	19.8235497331	40.7841666197	41.6990895271	9.008
2518	0	3	1	1003	62	22.3335138221	27.5573527806	28.5881188984	11.055
2518	0	3	2	2349	146	22.3335138221	28.260335772	29.2911018898	10.347
2519	0	3	1	1064	66	24.9079369108	31.4765881391	32.6261724649	16.662
2519	0	3	2	2407	150	24.9079369108	30.1775552872	31.327139613	7.244
2520	0	3	1	468	29	19.6868600624	26.8377749912	27.7463892146	14.961
2520	0	3	2	1815	113	19.6868600624	30.8672642507	31.7758784742	12.063
2521	0	3	1	521	32	20.4713058938	28.4467351661	29.3915541798	5.339
2521	0	3	2	1867	116	20.4713058938	30.3102961131	31.2551151268	9.559
2522	0	3	1	1275	79	25.6216125668	27.6135469106	28.7960697472	12.394
2522	0	3	2	2625	164	25.6216125668	29.6617971094	30.844319946	16.315
2524	0	3	1	1021	63	25.1882999276	26.2340092406	27.3965332544	13.811
2524	0	3	2	2366	147	25.1882999276	31.3197886193	32.482312633	12.032
2525	0	3	1	429	26	22.9739671457	29.6245048735	30.6848300472	4.347
2525	0	3	2	1775	110	22.9739671457	30.4429870911	31.5033122649	9.968
2526	0	3	1	1213	75	26.2865889295	25.5270934353	26.7403071479	17.874
2526	0	3	2	2567	160	26.2865889295	28.0281995217	29.2414132343	13.937
2527	0	3	1	1248	78	23.7448847326	30.1499365138	31.2458421043	11.15
2527	0	3	2	2598	162	23.7448847326	28.7166549016	29.812560492	17.512
2528	0	3	1	968	60	30.338071592	28.5307404948	29.930943639	4.157
2528	0	3	2	2312	144	30.338071592	31.6864063063	33.0866094505	7.181
2529	0	3	1	1241	77	17.0411339614	30.3154329955	31.1019381391	5.653
2529	0	3	2	2590	161	17.0411339614	31.4426877072	32.2291928508	9.307
2530	0	3	1	414	25	19.9074489399	29.0403218523	29.9591169878	4.504
2530	0	3	2	1762	110	19.9074489399	29.4029509866	30.3217461221	11.496
2531	0	3	1	1236	77	20.6564758833	30.7507163294	31.7040815554	8.22
2531	0	3	2	2584	161	20.6564758833	31.0279453218	31.9813105478	7.496
2532	0	3	1	343	21	23.0188705038	29.9493479261	31.0117455395	6.283
2532	0	3	2	1687	105	23.0188705038	28.9819272146	30.0443248281	11.906
2533	0	3	1	882	55	27.2004353555	26.263175636	27.5185664077	4.725
2533	0	3	2	2225	139	27.2004353555	27.0874664224	28.3428571941	6.347
2534	0	3	1	1089	68	20.9002030201	35.2848416972	36.2494557431	7.811
2534	0	3	2	2434	152	20.9002030201	30.829596798	31.7942108439	6.992
2535	0	3	1	486	30	17.3265276079	13.4446526706	14.2443296824	17.717
2535	0	3	2	1832	114	17.3265276079	15.9941366985	16.7938137104	17.779
2536	0	3	1	1093	68	25.1939306379	28.5109098441	29.6736937339	9.197
2536	0	3	2	2441	152	25.1939306379	31.6815121786	32.8442960684	9.087
2537	0	3	1	1022	63	24.5417251757	34.4876596788	35.6203421122	8.284
2537	0	3	2	2366	147	24.5417251757	31.6117165453	32.7443989787	7.937
2538	0	3	1	430	26	21.441936185	27.7518099269	28.7414267644	9.559
2538	0	3	2	1776	111	21.441936185	27.9667174416	28.9563342791	9.15
2539	0	3	1	417	26	20.2001766679	11.6423708751	12.5746763712	8.756
2539	0	3	2	1768	110	20.2001766679	20.9804229451	21.9127284412	4.772
2540	0	3	1	1238	77	21.2440395692	27.2841771855	28.2646604344	6.22
2540	0	3	2	2587	161	21.2440395692	27.322383865	28.302867114	15.244
2540	1	3	1	1237	77	21.2440395692	28.1453980956	29.1258813446	7.433
2540	1	3	2	2597	162	21.2440395692	28.1533461996	29.1338294486	22.126
2541	0	3	1	1026	64	19.3137247649	32.0813943357	32.9727871212	5.559
2541	0	3	2	2372	148	19.3137247649	30.2635158149	31.1549086004	7.527
2542	0	3	1	1286	80	23.1828041374	32.0305013883	33.1004650854	14.346
2542	0	3	2	2637	164	23.1828041374	31.6103428697	32.6803065669	11.149
2543	0	3	1	1268	79	23.6620409283	29.3090550475	30.4011371202	7.717
2543	0	3	2	2618	163	23.6620409283	31.5462533379	32.6383354106	7.906
2544	0	3	1	1108	69	25.2379664439	27.0976486741	28.2624649631	8.221
2544	0	3	2	2456	153	25.2379664439	29.2301791768	30.3949954658	11.716
2545	0	3	1	553	34	34.8597478279	22.425628643	24.0345222198	6.598
2545	0	3	2	1901	118	34.8597478279	22.9591591325	24.5680527092	16.095
2546	0	3	1	529	33	16.9151952408	29.3667152151	30.1474078669	7.527
2546	0	3	2	1896	118	16.9151952408	29.3156403791	30.0963330309	26.63
2547	0	4	1	1281	80	19.6368887442	31.7111833176	32.6174911981	10.567
2547	0	4	2	2629	164	19.6368887442	30.3484111477	31.2547190282	7.811
2548	0	4	1	215	13	24.4065408781	26.232111596	27.3585548234	5.433
2548	0	4	2	1558	97	24.4065408781	24.3063292022	25.4327724296	19.591
2549	0	4	1	584	36	20.7238019634	31.5868276802	32.5433002292	14.189
2549	0	4	2	1933	120	20.7238019634	32.6103841733	33.5668567223	14.787
2550	0	4	1	174	10	24.055429256	27.891991912	29.0022301675	18.504
2550	0	4	2	1518	94	24.055429256	30.9053374036	32.0155756591	7.055
2551	0	4	1	129	8	27.1698670094	30.43842693	31.6924068707	8.031
2551	0	4	2	1467	91	27.1698670094	32.8768212755	34.1308012162	13.291
2552	0	4	1	1069	66	23.6136993193	30.5048671177	31.594718064	14.41
2552	0	4	2	2415	150	23.6136993193	28.6612447636	29.7510957099	17.102
2553	0	4	1	530	33	21.4535507913	28.4307437596	29.4208966499	5.212
2553	0	4	2	1879	117	21.4535507913	30.4335964946	31.4237493849	14.284
2554	0	4	1	1250	78	21.9988102359	30.0874305675	31.1027489989	6.236
2554	0	4	2	2600	162	21.9988102359	29.0216737323	30.0369921637	17.118
2556	0	4	1	1069	66	19.6311289051	27.1334895571	28.0395316018	4.41
2556	0	4	2	2415	150	19.6311289051	28.4721351896	29.3781772343	11.213
2557	0	4	1	490	30	25.9506676301	32.8005433459	33.9982531707	10.158
2557	0	4	2	1837	114	25.9506676301	28.8169818139	30.0146916387	15.496
2558	0	4	1	1233	77	23.0073179205	32.1998323352	33.2616967584	4.882
2558	0	4	2	2582	161	23.0073179205	29.7912386724	30.8531030956	9.449
2559	0	4	1	545	34	20.6524906475	34.0916529886	35.0448342827	6.819
2559	0	4	2	1893	118	20.6524906475	36.052483248	37.0056645421	9.071
2560	0	4	1	1275	79	26.0552993254	30.8714230005	32.0739619269	11.055
2560	0	4	2	2624	164	26.0552993254	27.6511110524	28.8536499787	7.118
2561	0	4	1	1258	78	20.7128047377	31.0934623478	32.0494273383	7.811
2561	0	4	2	2609	163	20.7128047377	31.6387371675	32.5947021579	15.622
2562	0	4	1	469	29	29.1668492213	35.7510992895	37.0972466167	9.071
2562	0	4	2	1815	113	29.1668492213	31.2372477656	32.5833950929	10.772
2563	0	4	1	215	13	24.2179606992	30.5835681163	31.7013077397	5.874
2563	0	4	2	1558	97	24.2179606992	31.6633522273	32.7810918507	12.189
2564	0	4	1	545	34	18.6803630135	33.4297362287	34.2918972579	15.496
2564	0	4	2	1893	118	18.6803630135	35.2871741831	36.1493352123	5.433
2565	0	4	1	1281	80	17.1348665223	32.6807540021	33.4715852159	10.708
2565	0	4	2	2630	164	17.1348665223	35.550112967	36.3409441808	7.779
2566	0	4	1	1092	68	21.2801106156	33.520950939	34.503098987	12.976
2566	0	4	2	2439	152	21.2801106156	29.4608808137	30.4430288617	6.094
2567	0	4	1	452	28	20.3999792597	29.8822071545	30.8237342063	13.37
2567	0	4	2	1797	112	20.3999792597	26.5432702792	27.484797331	10.536
2568	0	4	1	1226	76	19.6101737495	29.5370889131	30.4421638075	9.716
2568	0	4	2	2578	161	19.6101737495	27.9627715389	28.8678464333	4.52
2569	0	4	1	1237	77	14.0612684778	25.8680968234	26.5170712407	4.835
2569	0	4	2	2585	161	14.0612684778	25.403439804	26.0524142213	8.583
2570	0	4	1	1268	79	25.7292945824	30.7248076075	31.9123003281	5.716
2570	0	4	2	2617	163	25.7292945824	29.5197897846	30.7072825052	9.843
2571	0	4	1	779	48	26.4601435281	27.6363234146	28.8575472505	5.559
2571	0	4	2	2119	132	26.4601435281	32.2286895559	33.4499133918	10.41
2572	0	4	1	519	32	22.8444193055	30.6459389942	31.7002851033	5.386
2572	0	4	2	1866	116	22.8444193055	29.2338038521	30.2881499612	7.402
2573	0	4	1	1268	79	23.2013363636	32.1423592554	33.2131782766	10.315
2573	0	4	2	2617	163	23.2013363636	31.2007838463	32.2716028675	10.535
2574	0	4	1	473	29	20.6061910307	30.0383407981	30.9893852106	9.338
2574	0	4	2	1817	113	20.6061910307	31.4894889038	32.4405333162	14.787
2575	0	4	1	1236	77	18.8925243493	29.413114321	30.2850673031	8.977
2575	0	4	2	2585	161	18.8925243493	27.8488378144	28.7207907965	5.086
2576	0	4	1	741	46	22.2505976543	28.0026073214	29.0295465816	14.977
2576	0	4	2	2079	129	22.2505976543	26.7335622982	27.7605015584	11.905
2577	0	4	1	1061	66	14.5097224329	20.0146039499	20.6842760123	24.221
2577	0	4	2	2404	150	14.5097224329	31.3074812801	31.9771533425	7.181
2578	0	4	1	470	29	22.8573375294	33.5324847799	34.5874271081	8.409
2578	0	4	2	1816	113	22.8573375294	30.5114332547	31.5663755828	6.882
2580	0	4	1	469	29	20.1071297259	30.1420138859	31.0700249554	9.37
2580	0	4	2	1818	113	20.1071297259	30.5656867157	31.4936977852	10.63
2581	0	4	1	470	29	20.557732279	30.6377798029	31.5865876824	9.354
2581	0	4	2	1816	113	20.557732279	27.9245538371	28.8733617166	6.898
2582	0	4	1	1270	79	21.4768149758	28.2015337082	29.1927603182	6.63
2582	0	4	2	2619	163	21.4768149758	30.1934779611	31.1847045711	11.685
2583	0	4	1	919	57	22.7587259172	28.9282957341	29.9786868076	12.157
2583	0	4	2	2262	141	22.7587259172	27.8463562143	28.8967472879	13.716
2584	0	4	1	1220	76	22.6932517376	32.3155161764	33.3628853982	4.96
2584	0	4	2	2572	160	22.6932517376	33.4615993427	34.5089685646	11.653
2585	0	4	1	460	28	21.4700208686	29.9222266536	30.9131396929	5.212
2585	0	4	2	1806	112	21.4700208686	31.411698019	32.4026110583	6.945
2586	0	4	1	1094	68	21.9121286675	27.6407794163	28.6520972044	13.15
2586	0	4	2	2442	152	21.9121286675	26.6960438101	27.7073615982	17.26
2587	0	4	1	1041	65	26.3892312766	34.5067981055	35.7247491047	6.441
2587	0	4	2	2394	149	26.3892312766	30.4743019192	31.6922529184	7.024
2588	0	4	1	134	8	22.7264680012	30.5911493642	31.6400516274	7.023
2588	0	4	2	1476	92	22.7264680012	32.7765221235	33.8254243867	7.685
2590	0	4	1	1227	76	21.70788117	29.9963657187	30.9982568039	6.031
2590	0	4	2	2579	161	21.70788117	32.0221768862	33.0240679714	12.063
2591	0	4	1	1064	66	26.7130196088	31.7234569367	32.9563518468	12.22
2591	0	4	2	2412	150	26.7130196088	29.2322409247	30.4651358348	13.055
2593	0	4	1	1217	76	24.1104746471	27.5525372331	28.665316017	11.496
2593	0	4	2	2567	160	24.1104746471	32.7953977141	33.9081764979	6.41
2594	0	4	1	485	30	23.7291120595	31.9460874509	33.0412650799	10.063
2594	0	4	2	1831	114	23.7291120595	31.0498015642	32.1449791932	8.945
2595	0	4	1	486	30	21.4383149795	31.6743693741	32.6638190809	7.905
2595	0	4	2	1830	114	21.4383149795	27.7055755377	28.6950252444	10.898
2596	0	4	1	506	31	16.579846655	28.5458176242	29.3110328208	11.496
2596	0	4	2	1857	116	16.579846655	29.1334198344	29.898635031	12.063
2597	0	4	1	1012	63	26.4590372304	22.7238056716	23.9449784482	19.276
2597	0	4	2	2374	148	26.4590372304	30.8540556583	32.0752284349	4.347
2598	0	4	1	1273	79	21.4803918347	31.8415865721	32.832978266	4.598
2598	0	4	2	2624	164	21.4803918347	33.8096362602	34.8010279541	15.969
2599	0	4	1	528	33	24.7767824794	29.4414096285	30.5849407401	11.496
2599	0	4	2	1878	117	24.7767824794	29.8647557588	31.0082868704	8.158
2600	0	4	1	1098	68	23.2791279768	32.5773706135	33.651779977	10.22
2600	0	4	2	2447	152	23.2791279768	30.5347645704	31.6091739339	9.276
2601	0	4	1	469	29	22.3748560694	28.621406942	29.6540811423	10.504
2601	0	4	2	1815	113	22.3748560694	31.0917560417	32.124430242	9.685
2602	0	4	1	1248	78	23.1737467794	29.9346998731	31.004245543	7.654
2602	0	4	2	2598	162	23.1737467794	29.8501470051	30.919692675	17.307
2604	0	4	1	773	48	24.0172147643	30.010798192	31.1192727214	17.874
2604	0	4	2	2114	132	24.0172147643	29.4799818286	30.5884563579	18.724
2605	0	4	1	1253	78	23.5878010501	32.670017397	33.7586730519	5.48
2605	0	4	2	2600	162	23.5878010501	30.9582133031	32.0468689579	13.622
2606	0	4	1	1024	64	26.5376519127	22.7806037255	24.0054048318	7.023
2606	0	4	2	2370	148	26.5376519127	26.4646973792	27.6894984855	4.473
2607	0	4	1	473	29	24.0032377082	29.0242946542	30.1321240958	14.252
2607	0	4	2	1818	113	24.0032377082	28.5170863348	29.6249157764	8.787
2608	0	4	1	997	62	19.4046439704	26.6819064105	27.5774954204	15.008
2608	0	4	2	2342	146	19.4046439704	24.8421692745	25.7377582844	11.559
2609	0	4	1	592	37	19.9515845821	27.3909886878	28.3118208303	17.118
2609	0	4	2	1943	121	19.9515845821	29.2413978973	30.1622300398	12.158
2610	0	4	1	415	25	24.1282906209	28.7332825255	29.8468835759	5.212
2610	0	4	2	1763	110	24.1282906209	30.6818605249	31.7954615753	10.378
2611	0	4	1	1064	66	22.4171221968	37.1839302728	38.2185551957	8.803
2611	0	4	2	2420	151	22.4171221968	30.9623032473	31.9969281703	7.37
2612	0	4	1	1246	77	22.822245728	30.8089505079	31.8622732324	11.244
2612	0	4	2	2594	162	22.822245728	32.0401228185	33.093445543	6.536
2613	0	4	1	1243	77	23.7848547477	30.2834503406	31.3812006805	8.315
2613	0	4	2	2593	162	23.7848547477	26.395128705	27.4928790449	17.401
2614	0	4	1	1064	66	24.0468756536	31.8711724301	32.9810159083	12.535
2614	0	4	2	2412	150	24.0468756536	33.0045338408	34.1143773191	13.779
2615	0	4	1	1250	78	20.1938754779	28.5144382945	29.4464529697	6.535
2615	0	4	2	2599	162	20.1938754779	29.6905745409	30.622589216	16.646
2616	0	4	1	488	30	17.6745074734	32.9985561014	33.8142935441	5.937
2616	0	4	2	1833	114	17.6745074734	30.3741384823	31.189875925	10.315
2617	0	4	1	1238	77	22.9922833198	25.6892533178	26.7504238441	11.811
2617	0	4	2	2587	161	22.9922833198	26.0675887773	27.1287593036	8.315
2618	0	4	1	937	58	29.9995267247	33.0278466183	34.4124247883	15.008
2618	0	4	2	2284	142	29.9995267247	36.2018408022	37.5864189722	7.055
2619	0	4	1	473	29	18.9633743117	30.251898703	31.127121647	14.583
2619	0	4	2	1817	113	18.9633743117	30.9983810362	31.8736039803	8.929
2620	0	4	1	1253	78	18.9239664011	31.7720586499	32.6454627875	12
2620	0	4	2	2601	162	18.9239664011	31.3376100799	32.2110142175	12.33
2621	0	4	1	1257	78	26.818913928	31.0819423856	32.3197246715	12.346
2621	0	4	2	2604	162	26.818913928	33.168973239	34.4067555249	5.717
2622	0	4	1	1055	65	22.4865397849	30.8031306254	31.8409594015	11.181
2622	0	4	2	2392	149	22.4865397849	32.1633457423	33.2011745184	6.346
2623	0	4	1	600	37	17.7725098765	29.7268234535	30.5470840338	8.126
2623	0	4	2	1950	121	17.7725098765	29.4401181792	30.2603787595	8.032
2624	0	4	1	594	37	20.2173489224	28.4109158925	29.3440139454	5.307
2624	0	4	2	1946	121	20.2173489224	27.3607441977	28.2938422506	16.252
2625	0	4	1	1223	76	20.9647050764	28.975880507	29.9434715378	10.504
2625	0	4	2	2574	160	20.9647050764	29.9326552757	30.9002463066	10.41
2626	0	4	1	601	37	16.9487904762	32.8400497907	33.6222929746	4.977
2626	0	4	2	1950	121	16.9487904762	32.1265091087	32.9087522926	11.134
2627	0	4	1	1064	66	21.1558653695	29.7080088449	30.6844225606	9.717
2627	0	4	2	2413	150	21.1558653695	32.6997261711	33.6761398868	12.41
2628	0	4	1	937	58	27.1173399089	30.9843159906	32.2358716304	10.41
2628	0	4	2	2282	142	27.1173399089	30.9018287785	32.1533844184	7.748
2629	0	4	1	1063	66	26.657189318	31.9555452746	33.1858634306	11.906
2629	0	4	2	2411	150	26.657189318	31.3232674988	32.5535856548	15.307
2630	0	4	1	1275	79	22.3902825576	31.1305352756	32.1639214597	9.906
2630	0	4	2	2625	164	22.3902825576	31.3048964892	32.3382826734	11.937
2631	0	4	1	1275	79	12.6032565981	30.3552533834	30.9369356918	15.181
2631	0	4	2	2626	164	12.6032565981	30.7118732422	31.2935555506	12.771
2632	0	4	1	1236	77	22.8550405626	29.7998031101	30.8546394256	8
2632	0	4	2	2585	161	22.8550405626	28.4125763943	29.4674127098	10.346
2633	0	4	1	1268	79	27.0965033019	32.7554067452	34.0060007062	8.252
2633	0	4	2	2617	163	27.0965033019	31.7350731785	32.9856671394	9.843
2634	0	4	1	1275	79	26.6526772131	28.4408851603	29.6709950676	8.725
2634	0	4	2	2625	164	26.6526772131	28.984205364	30.2143152714	12.094
2635	0	4	1	470	29	23.63211657	29.8990349079	30.9897358717	8.755
2635	0	4	2	1817	113	23.63211657	30.2680749448	31.3587759086	8.409
2636	0	4	1	561	35	19.4208064387	26.5387874858	27.4351224475	5.685
2636	0	4	2	1909	119	19.4208064387	27.3281411192	28.2244760809	7.433
2637	0	4	1	1063	66	24.2943268746	31.3154152467	32.4366794237	7.968
2637	0	4	2	2412	150	24.2943268746	33.4058534592	34.5271176363	11.103
2638	0	4	1	519	32	23.4266973689	29.0124234475	30.0936436304	8.567
2638	0	4	2	1866	116	23.4266973689	25.6336526565	26.7148728394	6.032
2639	0	4	1	1257	78	21.9357165238	25.5535098224	26.5659162687	4.346
2639	0	4	2	2601	162	21.9357165238	26.1538754382	27.1662818845	16
2640	0	4	1	1253	78	24.5668700513	28.8354973087	29.969340262	5.685
2640	0	4	2	2601	162	24.5668700513	28.7981968553	29.9320398085	17.843
2641	0	4	1	1250	78	21.9468129397	30.1830676828	31.1959862656	4.851
2641	0	4	2	2598	162	21.9468129397	32.2222012926	33.2351198755	18.599
2642	0	4	1	431	26	23.9846645568	31.4610144574	32.5679866861	6.126
2642	0	4	2	1777	111	23.9846645568	31.1507233295	32.2576955583	5.118
2643	0	4	1	1241	77	16.449176438	28.4857159349	29.2449002653	9.905
2643	0	4	2	2593	162	16.449176438	29.3582635885	30.117447919	8.409
2644	0	4	1	591	36	16.8342348066	30.9690986858	31.7460547437	10.063
2644	0	4	2	1941	121	16.8342348066	31.3751541688	32.1521102266	9.323
2645	0	4	1	440	27	16.7130771813	26.9066995338	27.6780637634	5.165
2645	0	4	2	1788	111	16.7130771813	30.4198749795	31.191239209	10.929
2646	0	4	1	269	16	27.076880871	31.2008236857	32.450512006	11.654
2646	0	4	2	1611	100	27.076880871	31.9316861549	33.1813744753	7.024
2647	0	4	1	1245	77	20.7529324767	29.9662298227	30.9240468421	9.811
2647	0	4	2	2596	162	20.7529324767	33.6640680267	34.6218850461	5.528
2648	0	4	1	571	35	17.8951946137	25.2459587408	26.0718816307	11.275
2648	0	4	2	1921	120	17.8951946137	30.0189948577	30.8449177476	8.283
2649	0	4	1	440	27	28.0467122516	23.7899555559	25.0844048277	4.725
2649	0	4	2	1806	112	28.0467122516	30.9934983308	32.2879476026	4.756
2650	0	4	1	740	46	23.804667915	28.4974420326	29.5961068162	5.968
2650	0	4	2	2079	129	23.804667915	29.0130675094	30.111732293	8.803
2651	0	4	1	485	30	24.0547491945	30.7955148396	31.905721708	9.969
2651	0	4	2	1830	114	24.0547491945	31.7984775924	32.9086844608	12.992
2652	0	4	1	550	34	21.6800580039	31.5550122281	32.5556191814	10.708
2652	0	4	2	1897	118	21.6800580039	31.2277015871	32.2283085403	7.717
2653	0	4	1	1021	63	26.6734971532	18.1078288962	19.3388997132	20
2653	0	4	2	2374	148	26.6734971532	31.7142111395	32.9452819566	10.599
2654	0	4	1	1240	77	14.582996788	31.8492863471	32.5223402653	11.433
2654	0	4	2	2590	161	14.582996788	29.1214648059	29.794518724	6.977
2655	0	4	1	1275	79	23.5344548387	29.8740678786	30.9602614279	10.126
2655	0	4	2	2624	164	23.5344548387	30.3649241248	31.4511176742	8.74
2656	0	4	1	429	26	23.6469971689	29.5918708618	30.6832586149	13.874
2656	0	4	2	1776	111	23.6469971689	30.860955541	31.9523432941	11.937
2657	0	4	1	294	18	23.3156002173	32.2741483724	33.3502410514	5.339
2657	0	4	2	1638	102	23.3156002173	29.885319793	30.9614124719	8.819
2658	0	4	1	564	35	24.681536634	31.7476730579	32.8868082562	7.669
2658	0	4	2	1912	119	24.681536634	31.6340446118	32.7731798102	11.323
2659	0	4	1	1230	76	20.5324428011	29.4704173615	30.4180580472	7.779
2659	0	4	2	2582	161	20.5324428011	30.5814339401	31.5290746259	12.441
2660	0	4	1	1264	79	17.7196872184	28.9669876158	29.7848102544	8.504
2660	0	4	2	2614	163	17.7196872184	27.6763372975	28.494159936	10.567
2661	0	4	1	486	30	22.3914337867	31.6454339651	32.6788732823	8.724
2661	0	4	2	1830	114	22.3914337867	29.5910131083	30.6244524256	8.157
2662	0	4	1	530	33	18.220669122	30.9986632276	31.8396078511	8.41
2662	0	4	2	1879	117	18.220669122	30.3265334824	31.1674781059	15.78
2663	0	4	1	807	50	25.1850351111	32.4414883669	33.6038616985	11.937
2663	0	4	2	2150	134	25.1850351111	30.530572219	31.6929455506	15.669
2664	0	4	1	1233	77	20.0059929582	27.2669941306	28.1903374011	9.087
2664	0	4	2	2582	161	20.0059929582	27.2665231025	28.189866373	17.339
2665	0	4	1	541	33	22.5860901527	34.1118244349	35.1542477924	9.717
2665	0	4	2	1890	118	22.5860901527	32.7676314949	33.8100548524	12.567
2666	0	4	1	458	28	20.8692242934	28.6151416218	29.5783258962	7.244
2666	0	4	2	1805	112	20.8692242934	32.4883464643	33.4515307387	5.937
2667	0	4	1	430	26	25.2990970008	28.9940157742	30.1616534423	12.63
2667	0	4	2	1776	111	25.2990970008	32.8557588268	34.0233964948	10.031
2668	0	4	1	1012	63	25.3511453427	25.1699588026	26.3399986751	19.15
2668	0	4	2	2357	147	25.3511453427	28.704133722	29.8741735945	13.937
2669	0	4	1	1094	68	25.6860355995	31.5628362096	32.7483323839	7.716
2669	0	4	2	2442	152	25.6860355995	29.5681027749	30.7535989492	6.189
2670	0	4	1	414	25	22.4274367401	30.3690633974	31.4041643709	4.992
2670	0	4	2	1763	110	22.4274367401	31.2207076671	32.2558086406	15.906
2671	0	4	1	214	13	28.3284010792	26.1080324509	27.4154826012	8.708
2671	0	4	2	1555	97	28.3284010792	28.7758125444	30.0832626947	16.032
2672	0	4	1	1087	67	27.9957820232	28.9934919063	30.2855905783	10.567
2672	0	4	2	2436	152	27.9957820232	28.7399950477	30.0320937197	11.842
2673	0	4	1	809	50	23.2687908807	27.5896495243	28.6635817963	12.929
2673	0	4	2	2161	135	23.2687908807	30.7453609369	31.8192932089	8.851
2674	0	4	1	1269	79	19.6075539644	30.7133299653	31.6182839479	8.252
2674	0	4	2	2618	163	19.6075539644	27.5857654098	28.4907193924	6.756
2675	0	4	1	437	27	22.6315620286	27.7180519904	28.7625740265	8.583
2675	0	4	2	1783	111	22.6315620286	28.9629260707	30.0074481068	5.843
2676	0	4	1	491	30	24.6531962243	28.7281786572	29.8660058512	10.834
2676	0	4	2	1835	114	24.6531962243	28.7597364082	29.8975636021	15.04
2677	0	4	1	892	55	25.4459953901	32.3138180521	33.4882355706	6.158
2677	0	4	2	2234	139	25.4459953901	32.5912343344	33.7656518528	4.346
2678	0	4	1	1236	77	21.9995192186	31.5193286951	32.5346798484	10.914
2678	0	4	2	2586	161	21.9995192186	34.6021717816	35.6175229349	10.929
2679	0	4	1	169	10	20.6211899663	26.250539192	27.2022758553	6.031
2679	0	4	2	1512	94	20.6211899663	27.9945036668	28.9462403301	9.969
2680	0	4	1	585	36	17.6286662266	30.288032874	31.1016545904	10.41
2680	0	4	2	1933	120	17.6286662266	30.8238077232	31.6374294396	12.693
2681	0	4	1	1213	75	22.0807445593	32.2104256365	33.2295256101	6.945
2681	0	4	2	2564	160	22.0807445593	33.7953130167	34.8144129903	7.842
2682	0	4	1	430	26	20.1619451664	29.26774758	30.1982885648	10
2682	0	4	2	1776	111	20.1619451664	29.3416326772	30.2721736619	9.118
2683	0	4	1	474	29	20.8604977834	31.4229446715	32.3857261883	14.347
2683	0	4	2	1821	113	20.8604977834	32.2675650035	33.2303465204	4.299
2684	0	4	1	1244	77	23.8848224951	30.0893362718	31.1917004566	10.158
2684	0	4	2	2594	162	23.8848224951	28.5787594452	29.68112363	17.149
2685	0	4	1	211	13	25.1717406378	27.2172943027	28.37905405	4.472
2685	0	4	2	1554	97	25.1717406378	27.5735917556	28.7353515029	8.787
2686	0	4	1	470	29	20.642088748	31.6193250805	32.5720262923	7.716
2686	0	4	2	1817	113	20.642088748	30.0256963806	30.9783975924	6.157
2687	0	4	1	415	25	18.8314660017	27.8983313698	28.7674663056	10.095
2687	0	4	2	1762	110	18.8314660017	29.4350415944	30.3041765302	10
2688	0	4	1	487	30	23.4201267604	27.9211098134	29.0020267408	11.905
2688	0	4	2	1831	114	23.4201267604	28.6110088516	29.691925779	12.126
2690	0	4	1	454	28	21.634519551	28.3678531801	29.366358382	19.307
2690	0	4	2	1798	112	21.634519551	28.6289434615	29.6274486634	4.409
2691	0	4	1	903	56	26.7744803099	29.5758062406	30.8115377669	13.386
2691	0	4	2	2245	140	26.7744803099	27.780394405	29.0161259313	10.063
2692	0	4	1	1265	79	21.404154689	28.3676173629	29.3554904584	10.897
2692	0	4	2	2609	163	21.404154689	28.6142539423	29.6021270378	16.724
2693	0	4	1	537	33	19.4530609083	27.0097222145	27.9075458275	18.221
2693	0	4	2	1891	118	19.4530609083	26.5459681211	27.4437917341	19.244
2694	0	4	1	584	36	21.7409823669	30.9745137255	31.9779325413	13.653
2694	0	4	2	1931	120	21.7409823669	32.1540783596	33.1574971753	7.244
2695	0	4	1	489	30	15.4096969272	29.8509334622	30.5621423478	8.709
2695	0	4	2	1834	114	15.4096969272	28.4686011576	29.1798100432	12.551
2696	0	4	1	449	28	20.6345393023	26.9932508367	27.9456036164	24.708
2696	0	4	2	1798	112	20.6345393023	28.1937663681	29.1461191478	8.992
2697	0	4	1	1234	77	19.3373065112	29.9827651792	30.8752463409	4.992
2697	0	4	2	2583	161	19.3373065112	29.9587933046	30.8512744663	7.496
2698	0	4	1	415	25	18.3028127999	28.6793114353	29.5240472635	8.582
2698	0	4	2	1762	110	18.3028127999	30.1028480689	30.947583897	7.937
2699	0	4	1	430	26	19.4045541009	30.2885530525	31.1841379146	14.283
2699	0	4	2	1777	111	19.4045541009	28.4789139625	29.3744988246	4.126
2700	0	4	1	491	30	19.4630814392	30.4590621858	31.3573482798	6.788
2700	0	4	2	1838	114	19.4630814392	28.4406599233	29.3389460172	6
2701	0	4	1	1081	67	22.8612876907	31.2559232283	32.3110478696	8.866
2701	0	4	2	2427	151	22.8612876907	29.2883702665	30.3434949078	4.346
2702	0	4	1	553	34	25.8265776002	32.1538865545	33.3458692107	14.315
2702	0	4	2	1901	118	25.8265776002	32.1369723947	33.3289550509	17.622
2703	0	4	1	490	30	21.3857462268	29.228354619	30.2153781026	12.189
2703	0	4	2	1834	114	21.3857462268	27.835487675	28.8225111586	14.457
2704	0	4	1	139	8	22.1203239844	29.8484596147	30.8693863108	10.346
2704	0	4	2	1480	92	22.1203239844	29.6299281183	30.6508548144	5.181
2705	0	4	1	1259	78	24.0746504094	30.5880748053	31.6992001811	4.536
2705	0	4	2	2609	163	24.0746504094	29.2476663165	30.3587916923	17.086
2706	0	4	1	485	30	20.2197219755	27.8138128459	28.747020423	5.464
2706	0	4	2	1830	114	20.2197219755	30.4791353259	31.4123429031	13.465
2707	0	4	1	571	35	26.8517660778	25.2411109298	26.480409452	8.535
2707	0	4	2	1921	120	26.8517660778	31.6268031346	32.8661016568	5.04
2708	0	4	1	473	29	19.8665939483	31.5990580032	32.5159675446	12.977
2708	0	4	2	1818	113	19.8665939483	31.8964836901	32.8133932316	13.654
2709	0	4	1	802	50	24.6301744983	30.1661331143	31.3028977788	15.496
2709	0	4	2	2155	134	24.6301744983	32.5710175133	33.7077821778	5.653
2710	0	4	1	414	25	19.1037753317	30.3719974633	31.2537003825	6.85
2710	0	4	2	1762	110	19.1037753317	29.9350031659	30.8167060851	10.929
2711	0	4	1	1217	76	19.4282171601	32.934803564	33.8314805552	12.819
2711	0	4	2	2567	160	19.4282171601	31.682840021	32.5795170122	13.355
2712	0	4	1	1091	68	24.9950170152	30.6341107141	31.7877140771	7.212
2712	0	4	2	2438	152	24.9950170152	31.0745590443	32.2281624073	6.504
2713	0	4	1	972	60	22.2441319773	29.0363080786	30.0629489262	8
2713	0	4	2	2315	144	22.2441319773	29.9586255541	30.9852664017	8.992
2714	0	4	1	485	30	16.9931692446	28.6841226641	29.4684140761	14.567
2714	0	4	2	1831	114	16.9931692446	31.285085319	32.069376731	7.59
2715	0	4	1	1265	79	20.5581146365	28.7806474323	29.7294729589	6.693
2715	0	4	2	2615	163	20.5581146365	30.8067346108	31.7555601374	9.622
2716	0	4	1	547	34	23.8586566127	25.3588799041	26.4600364461	16.126
2716	0	4	2	1894	118	23.8586566127	27.985306749	29.0864632911	19.654
2717	0	4	1	430	26	22.0234339977	29.9846272502	31.0010821503	8.393
2717	0	4	2	1776	111	22.0234339977	31.90836181	32.9248167102	4.409
2718	0	4	1	343	21	25.3034883303	29.5321077999	30.6999481425	7.276
2718	0	4	2	1686	105	25.3034883303	28.4277767718	29.5956171144	13.244
2719	0	4	1	1097	68	25.9871903274	26.3751398478	27.5745353169	8.346
2719	0	4	2	2442	152	25.9871903274	27.2378091416	28.4372046106	14.284
2720	0	4	1	488	30	17.9963239441	30.9400868844	31.7706772301	9.874
2720	0	4	2	1832	114	17.9963239441	29.4900868232	30.3206771689	4.158
2721	0	4	1	1067	66	22.1599721946	30.2209062002	31.2436627934	7.055
2721	0	4	2	2413	150	22.1599721946	32.0727709948	33.0955275879	16.252
2722	0	4	1	591	36	19.5370896088	28.4566390481	29.3583408658	10.945
2722	0	4	2	1940	121	19.5370896088	27.6827479923	28.58444981	9.874
2723	0	4	1	1271	79	19.7647792494	30.1377467744	31.049957228	13.291
2723	0	4	2	2619	163	19.7647792494	30.574015888	31.4862263417	11.149
2724	0	4	1	1255	78	21.8803719951	30.5863771174	31.5962292292	5.654
2724	0	4	2	2604	162	21.8803719951	32.1190975298	33.1289496415	6.126
2725	0	4	1	895	55	26.931026145	31.8931367647	33.1360934032	16.834
2725	0	4	2	2238	139	26.931026145	28.3430437268	29.5860003654	7.37
2726	0	4	1	530	33	21.947068442	28.7677950438	29.780725419	10.189
2726	0	4	2	1879	117	21.947068442	29.1793615122	30.1922918873	8.22
2727	0	4	1	1271	79	23.2855545455	31.6132299739	32.687935945	12.347
2727	0	4	2	2620	163	23.2855545455	29.8770244225	30.9517303935	4.473
2728	0	4	1	584	36	18.2416208281	27.8325152231	28.6744268377	15.874
2728	0	4	2	1931	120	18.2416208281	29.5980049203	30.4399165349	11.496
2729	0	4	1	1250	78	23.3985454333	28.8750880681	29.9550089453	5.04
2729	0	4	2	2600	162	23.3985454333	29.1434157789	30.2233366561	20.85
2730	0	4	1	584	36	27.6572589779	28.104311565	29.3807862698	11.212
2730	0	4	2	1933	120	27.6572589779	27.8207944361	29.0972691409	9.386
2731	0	4	1	599	37	16.3275382716	34.5394081588	35.2929784823	8.74
2731	0	4	2	1948	121	16.3275382716	32.3529515408	33.1065218643	12.315
2733	0	4	1	488	30	19.8171929372	30.8879299675	31.8025594876	10.41
2733	0	4	2	1832	114	19.8171929372	31.5036819588	32.4183114789	9.071
2734	0	4	1	544	34	21.5956284269	29.5915768556	30.5882871025	9.102
2734	0	4	2	1891	118	21.5956284269	24.5636287619	25.5603390087	20
2735	0	4	1	1064	66	22.9824240564	30.4911668835	31.5518823719	6.252
2735	0	4	2	2412	150	22.9824240564	31.4230759466	32.483791435	15.071
2736	0	4	1	467	29	22.861056003	24.6639949614	25.7191089095	6.346
2736	0	4	2	1812	113	22.861056003	24.8740629146	25.9291768628	7.149
2737	0	4	1	486	30	24.5429580023	30.8767392488	32.0094785813	7.166
2737	0	4	2	1831	114	24.5429580023	35.5147087055	36.6474480379	7.937
2738	0	4	1	1069	66	21.2278084109	32.2744840571	33.254218184	7.59
2738	0	4	2	2417	151	21.2278084109	29.2420241842	30.221758311	13.26
2739	0	4	1	1082	67	13.8096331438	28.9153803102	29.552740918	8.646
2739	0	4	2	2428	151	13.8096331438	27.1636517308	27.8010123385	15.181
2740	0	4	1	1270	79	20.6470631579	30.1797527643	31.1326835617	8.882
2740	0	4	2	2619	163	20.6470631579	29.2157903008	30.1687210981	11.086
2741	0	4	1	537	33	16.8327937068	29.9157067194	30.6925962657	7.228
2741	0	4	2	1888	118	16.8327937068	25.6692254835	26.4461150298	9.843
2742	0	4	1	520	32	19.0681625877	29.8474180326	30.7274773049	10.394
2742	0	4	2	1866	116	19.0681625877	28.7375923209	29.6176515932	4.976
2743	0	4	1	933	58	26.865048388	30.6403148962	31.8802264413	20.913
2743	0	4	2	2276	142	26.865048388	30.5525563055	31.7924678506	8.567
2744	0	4	1	1090	68	22.7793829985	29.3308666379	30.3822111046	5.559
2744	0	4	2	2438	152	22.7793829985	28.3252105333	29.376555	9.78
2745	0	4	1	1236	77	28.0730602045	30.5923733529	31.8880386706	9.559
2745	0	4	2	2585	161	28.0730602045	31.6082696269	32.9039349445	10.441
2746	0	4	1	169	10	21.2031152752	28.1869817647	29.165576221	11.087
2746	0	4	2	1512	94	21.2031152752	28.2283246233	29.2069190796	13.716
2747	0	4	1	430	26	23.1067525614	28.1968063671	29.2632600304	9.622
2747	0	4	2	1779	111	23.1067525614	29.1570713044	30.2235249678	8.977
2748	0	4	1	1233	77	19.7198695688	32.1433672324	33.0535049546	4.457
2748	0	4	2	2581	161	19.7198695688	33.31067249	34.2208102122	5.15
2749	0	4	1	180	11	20.5455637519	29.459438693	30.4076849544	5.559
2749	0	4	2	1522	95	20.5455637519	29.7448440521	30.6930903135	16.488
2750	0	4	1	1246	77	18.9993459031	31.3862605866	32.2631437395	6.126
2750	0	4	2	2593	162	18.9993459031	29.5259650244	30.4028481774	5.008
2751	0	4	1	105	6	22.063686682	30.008284099	31.0265967947	23.843
2751	0	4	2	1446	90	22.063686682	31.3520580829	32.3703707786	10.441
2752	0	4	1	504	31	25.216867308	33.9214615229	35.0853040165	10.157
2752	0	4	2	1851	115	25.216867308	33.8490703643	35.0129128579	7.937
2753	0	4	1	1256	78	18.7110880646	28.4703240886	29.3339031814	6
2753	0	4	2	2603	162	18.7110880646	30.8437427468	31.7073218395	13.37
2754	0	4	1	170	10	25.4352522939	32.398019459	33.5719411478	9.937
2754	0	4	2	1511	94	25.4352522939	31.5843010054	32.7582226941	5.086
2755	0	4	1	267	16	26.3622954622	29.6442360453	30.8609438668	6.41
2755	0	4	2	1611	100	26.3622954622	31.8989487372	33.1156565587	9.937
2756	0	4	1	535	33	14.867515216	36.1436406142	36.8298260063	5.969
2756	0	4	2	1864	116	14.867515216	50.6332292891	51.3194146813	5.086
2757	0	4	1	259	16	20.6827895517	27.6821212306	28.6367009201	6.929
2757	0	4	2	1602	100	20.6827895517	30.5160903538	31.4706700434	4.441
2758	0	4	1	1273	79	19.8805430728	29.4314315098	30.3489848498	5.654
2758	0	4	2	2624	164	19.8805430728	30.1436817732	31.0612351132	5.354
2759	0	4	1	486	30	28.6357251137	26.744257772	28.065891951	6.031
2759	0	4	2	1829	114	28.6357251137	27.1538388194	28.4754729984	12.866
2761	0	4	1	170	10	26.5221919163	27.8051196677	29.0292072437	5.685
2761	0	4	2	1512	94	26.5221919163	28.2821310201	29.506218596	13.622
2762	0	4	1	532	33	22.8345766073	29.9073290398	30.9612208756	9.654
2762	0	4	2	1892	118	22.8345766073	34.4557083424	35.5096001781	5.039
2763	0	4	1	1085	67	25.5542049116	31.0775179769	32.2569297255	12.315
2763	0	4	2	2431	151	25.5542049116	29.9253698338	31.1047815824	15.338
2764	0	4	1	538	33	19.7839664506	27.9469880966	28.8600841036	12.583
2764	0	4	2	1888	118	19.7839664506	25.6883041454	26.6014001523	17.685
2765	0	4	1	1270	79	27.9091906851	30.4371781546	31.7252803476	11.229
2765	0	4	2	2619	163	27.9091906851	31.1915052991	32.4796074921	5.307
2766	0	4	1	1230	76	22.1293654271	30.0729796266	31.0943236153	9.78
2766	0	4	2	2597	162	22.1293654271	38.1276940589	39.1490380476	4.929
2767	0	4	1	226	14	27.0726161587	29.4293443275	30.6788358172	4.346
2767	0	4	2	1569	98	27.0726161587	30.9460870436	32.1955785333	9.48
2768	0	4	1	528	33	17.7493872916	29.5425824474	30.3617758433	7.464
2768	0	4	2	1876	117	17.7493872916	31.2526640129	32.0718574088	5.874
2769	0	4	1	956	59	21.1043690114	34.9971938524	35.9712308395	5.181
2769	0	4	2	2298	143	21.1043690114	28.699515366	29.673552353	4.819
2770	0	4	1	517	32	19.7427600948	32.6793841099	33.5905783062	5.086
2770	0	4	2	1864	116	19.7427600948	30.9151321091	31.8263263053	9.307
2771	0	4	1	488	30	20.1982994748	30.0045880553	30.9368069126	7.811
2771	0	4	2	1833	114	20.1982994748	29.3785283219	30.3107471792	8.614
2772	0	4	1	1210	75	22.6431235269	18.4873532443	19.5324088821	6.158
2772	0	4	2	2565	160	22.6431235269	31.0302715861	32.0753272239	16.063
2773	0	4	1	489	30	19.0518959501	29.8572914761	30.7365999889	4.599
2773	0	4	2	1834	114	19.0518959501	31.2915987929	32.1709073057	11.843
2774	0	4	1	1246	77	13.3666341579	30.5163686284	31.1332833561	10.992
2774	0	4	2	2596	162	13.3666341579	30.3351044358	30.9520191635	17.811
2776	0	4	1	586	36	20.8898342491	31.2188061261	32.1829416187	13.685
2776	0	4	2	1936	121	20.8898342491	29.1035781127	30.0677136053	18.095
2776	1	4	1	585	36	20.8898342491	30.5931690906	31.5573045832	11.748
2776	1	4	2	1933	120	20.8898342491	28.0726176603	29.0367531529	9.433
2777	0	4	1	280	17	23.9765860169	31.925996243	33.0325956202	13.748
2777	0	4	2	1626	101	23.9765860169	28.5509441118	29.657543489	8.378
2778	0	4	1	1275	79	20.2698136165	30.1181670716	31.0536865449	7.307
2778	0	4	2	2625	164	20.2698136165	30.892707303	31.8282267764	8.567
2779	0	4	1	198	12	25.2454759775	27.9782373221	29.1434002011	15.528
2779	0	4	2	1541	96	25.2454759775	28.8766807998	30.0418436788	17.669
2780	0	4	1	456	28	21.8231568822	29.9070382881	30.9142497316	11.244
2780	0	4	2	1800	112	21.8231568822	28.8597669881	29.8669784317	13.087
2781	0	4	1	1277	79	19.9467156352	38.6867729796	39.607380404	4.709
2781	0	4	2	2626	164	19.9467156352	39.4066249995	40.3272324239	10.284
2782	0	4	1	489	30	20.290350248	31.5420766997	32.4785440071	11.717
2782	0	4	2	1834	114	20.290350248	29.9310545271	30.8675218344	10.457
2783	0	4	1	1003	62	20.9311643041	28.9432859303	29.9093289427	11.213
2783	0	4	2	2349	146	20.9311643041	31.4043653765	32.3704083889	7.874
2784	0	4	1	469	29	21.9453744524	31.6431665193	32.6560187112	10.189
2784	0	4	2	1816	113	21.9453744524	29.3320772904	30.3449294823	11.181
2785	0	4	1	1223	76	14.4803153856	28.2994216027	28.9677364318	6.882
2785	0	4	2	2573	160	14.4803153856	27.3948323785	28.0631472076	16.189
2786	0	4	1	522	32	18.8257547953	28.3370895468	29.2059608914	7.213
2786	0	4	2	1869	116	18.8257547953	27.6901939233	28.5590652679	9.402
2787	0	4	1	1064	66	22.788533563	29.7928128172	30.8445796129	8.851
2787	0	4	2	2412	150	22.788533563	29.0369377079	30.0887045036	16.645
2788	0	4	1	489	30	23.4796188352	27.4612949445	28.5449576295	14.221
2788	0	4	2	1834	114	23.4796188352	30.6675793516	31.7512420366	10.378
2789	0	4	1	879	54	26.1969051049	29.7950089741	31.0040834793	9.527
2789	0	4	2	2220	138	26.1969051049	29.647474731	30.8565492361	5.087
2790	0	4	1	267	16	22.941617028	30.8005061954	31.8593383034	8.189
2790	0	4	2	1610	100	22.941617028	30.1664436886	31.2252757966	8.063
2791	0	4	1	1245	77	25.0397456192	29.7144586561	30.8701263932	8.158
2791	0	4	2	2594	162	25.0397456192	27.0021694363	28.1578371734	15.244
2792	0	4	1	490	30	16.5437837593	28.9247969728	29.6883477465	14.315
2792	0	4	2	1835	114	16.5437837593	29.8561996351	30.6197504088	13.275
2793	0	4	1	993	62	23.1551399203	28.2026694073	29.2713563086	12.032
2793	0	4	2	2337	146	23.1551399203	27.5241710561	28.5928579574	11.685
2794	0	4	1	1250	78	23.8868685572	27.6255241232	28.7279827405	5.496
2794	0	4	2	2598	162	23.8868685572	27.1242503288	28.2267089461	20.693
2795	0	4	1	469	29	16.7469253224	31.8050957989	32.578022233	8.567
2795	0	4	2	1816	113	16.7469253224	30.4567075385	31.2296339725	10.536
2796	0	4	1	1103	68	22.2044574801	28.6242631422	29.6490728795	14.315
2796	0	4	2	2452	153	22.2044574801	28.5799829135	29.6047926508	6.063
2797	0	4	1	1255	78	21.1321035896	28.3815569225	29.3568739528	12.031
2797	0	4	2	2603	162	21.1321035896	27.1995287538	28.1748457841	16.347
2798	0	4	1	1280	80	27.9405383057	30.5310192409	31.8205682311	10.834
2798	0	4	2	2630	164	27.9405383057	32.2388380279	33.5283870181	15.874
2799	0	4	1	1263	78	23.4741095093	32.7009353193	33.7843437305	5.716
2799	0	4	2	2614	163	23.4741095093	30.7127353228	31.796143734	11.905
2800	0	4	1	338	21	26.426749352	28.1468727603	29.3665553437	14.567
2800	0	4	2	1682	105	26.426749352	28.2185978468	29.4382804302	4.819
2801	0	4	1	545	34	25.4413945248	30.9589553437	32.1331605168	18.283
2801	0	4	2	1893	118	25.4413945248	31.1155585595	32.2897637326	13.496
2802	0	4	1	1243	77	15.1310959169	29.9775613867	30.6759119069	7.969
2802	0	4	2	2594	162	15.1310959169	30.8019159695	31.5002664897	18.472
2803	0	4	1	489	30	24.5068655477	21.9735337531	23.1046072985	12.504
2803	0	4	2	1832	114	24.5068655477	24.2037693099	25.3348428552	4.284
2804	0	4	1	1244	77	20.1152635547	28.8447393391	29.7731258119	4.063
2804	0	4	2	2594	162	20.1152635547	31.226584688	32.1549711608	16.897
2805	0	4	1	1255	78	22.8882530023	30.954731852	32.0111010323	8.866
2805	0	4	2	2603	162	22.8882530023	31.0418019478	32.0981711281	17.654
2806	0	4	1	1096	68	26.5791893209	25.4855791549	26.7122973511	17.685
2806	0	4	2	2444	152	26.5791893209	26.502534056	27.7292522521	11.039
2807	0	4	1	470	29	20.2583661223	30.2540462669	31.1890374002	8.582
2807	0	4	2	1815	113	20.2583661223	31.7545515549	32.6895426883	7.544
2808	0	4	1	494	30	20.7919	28.1695040681	29.1291195686	6.992
2808	0	4	2	1841	115	20.7919	31.0207079815	31.980323482	4.756
2810	0	4	1	431	26	22.8958775176	30.0592734587	31.1159945358	8.598
2810	0	4	2	1777	111	22.8958775176	31.3350271945	32.3917482716	8.284
2811	0	4	1	937	58	21.3699116711	31.8915577363	32.8778504024	9.685
2811	0	4	2	2282	142	21.3699116711	31.6226574342	32.6089501002	5.559
2812	0	4	1	522	32	17.2215103552	31.7956692355	32.590499351	9.338
2812	0	4	2	1869	116	17.2215103552	29.8632247503	30.6580548658	8.567
2813	0	4	1	478	29	21.4076335902	35.0377542326	36.025787891	16.567
2813	0	4	2	1826	114	21.4076335902	27.5313743583	28.5194080166	4.929
2815	0	4	1	444	27	21.0294953105	29.9294439101	30.9000252262	8.866
2815	0	4	2	1791	111	21.0294953105	28.7345939663	29.7051752825	12.961
2816	0	4	1	376	23	24.946309164	30.1874075572	31.3387628905	9.527
2816	0	4	2	1722	107	24.946309164	30.3476718114	31.4990271447	8.189
2816	1	4	1	383	23	24.946309164	28.7815633173	29.9329186506	4.819
2816	1	4	2	1726	107	24.946309164	31.2495941643	32.4009494975	14.283
2817	0	4	1	485	30	18.6056387002	26.6483965842	27.5071088372	12.725
2817	0	4	2	1829	114	18.6056387002	27.5735414729	28.4322537259	12.473
2818	0	4	1	1241	77	23.0452484493	32.6551604949	33.7187755384	12.126
2818	0	4	2	2589	161	23.0452484493	32.3122898193	33.3759048628	10.725
2819	0	4	1	1081	67	26.1594244823	31.4796907686	32.687035418	7.685
2819	0	4	2	2426	151	26.1594244823	30.3369517305	31.54429638	7.181
2820	0	4	1	539	33	21.8829551255	32.2151374894	33.2251088212	6.803
2820	0	4	2	1889	118	21.8829551255	27.8521692471	28.8621405789	12.582
2821	0	4	1	586	36	18.7944952248	29.815286895	30.6827155062	12.519
2821	0	4	2	1937	121	18.7944952248	29.1926884611	30.0601170723	6.189
2822	0	4	1	597	37	16.9626	29.7784531859	30.5613337253	7.717
2822	0	4	2	1946	121	16.9626	30.6762679802	31.4591485196	13.134
2823	0	4	1	489	30	19.5082144536	31.0490891279	31.9494582609	13.464
2823	0	4	2	1834	114	19.5082144536	30.5133471575	31.4137162905	8.378
2824	0	4	1	1264	79	24.8104198499	32.1547151148	33.2997987032	6.614
2824	0	4	2	2615	163	24.8104198499	31.4838474063	32.6289309947	12
2825	0	4	1	1264	79	19.9177731364	30.0189103109	30.9381819425	9.402
2825	0	4	2	2615	163	19.9177731364	29.116242234	30.0355138655	5.653
2826	0	4	1	487	30	22.5485015701	29.7608167786	30.8015052977	10.031
2826	0	4	2	1834	114	22.5485015701	31.5756758541	32.6163643732	8.52
2827	0	4	1	1246	77	20.0621340489	11.5803135578	12.5062479268	7.339
2827	0	4	2	2597	162	20.0621340489	11.7455869441	12.671521313	9.118
2828	0	4	1	580	36	21.4455431683	30.9338252975	31.9236086093	4.866
2828	0	4	2	1927	120	21.4455431683	28.8968514952	29.886634807	7.402
2829	0	4	1	1236	77	23.0084317548	28.8207633683	29.8826791987	9.969
2829	0	4	2	2585	161	23.0084317548	29.3487177939	30.4106336243	7.528
2830	0	4	1	1238	77	24.5148994856	30.1834234857	31.3148678241	7.717
2830	0	4	2	2587	161	24.5148994856	32.9429008723	34.0743452107	11.653
2831	0	4	1	1255	78	20.278025756	30.9226597966	31.8585582876	10.693
2831	0	4	2	2602	162	20.278025756	30.0120450533	30.9479435443	14.378
2832	0	4	1	810	50	23.8925879692	30.9400887261	32.0428113134	12.677
2832	0	4	2	2152	134	23.8925879692	29.9214156015	31.0241381888	7.496
2833	0	4	1	1061	66	23.1752655589	28.5514079552	29.6210237219	25.307
2833	0	4	2	2407	150	23.1752655589	32.7038469279	33.7734626945	17.59
2834	0	4	1	1004	62	26.1282181126	32.4849717302	33.6908761017	6.866
2834	0	4	2	2351	146	26.1282181126	32.0457211978	33.2516255693	13.591
2835	0	4	1	1040	65	19.985992111	41.77303216	42.6954523247	15.149
2835	0	4	2	2373	148	19.985992111	36.4526652492	37.3750854139	14.346
2836	0	4	1	478	29	14.9694241621	31.6573870725	32.3482759023	17.37
2836	0	4	2	1826	114	14.9694241621	30.5545174829	31.2454063126	10.284
2837	0	4	1	522	32	19.8544826483	28.5061443858	29.4224949503	4.536
2837	0	4	2	1865	116	19.8544826483	28.5909354911	29.5072860556	8
2837	1	4	1	521	32	19.8544826483	26.8198728577	27.7362234222	14.724
2837	1	4	2	1869	116	19.8544826483	27.0996967461	28.0160473107	8.614
2838	0	4	1	1217	76	19.9474191548	31.0044399277	31.9250798219	5.465
2838	0	4	2	2567	160	19.9474191548	31.3977027264	32.3183426206	12.662
2839	0	4	1	490	30	22.4906546574	27.1251810652	28.1631997564	17.213
2839	0	4	2	1834	114	22.4906546574	30.1854811971	31.2234998883	9.418
2840	0	4	1	443	27	19.0112770465	26.7511677706	27.6286015856	4.63
2840	0	4	2	1788	111	19.0112770465	28.2921480465	29.1695818615	11.779
2841	0	4	1	290	18	26.9522653639	30.6550255563	31.8989624556	13.433
2841	0	4	2	1634	102	26.9522653639	29.4592317589	30.7031686582	4.504
2842	0	4	1	481	30	17.2588343793	29.29840713	30.0949598736	17.166
2842	0	4	2	1826	114	17.2588343793	29.9856594923	30.7822122359	8.693
2843	0	4	1	567	35	26.7686420948	32.6339060929	33.8693681661	7.465
2843	0	4	2	1918	119	26.7686420948	29.9497728675	31.1852349408	8.032
2844	0	4	1	467	29	18.0318145312	30.9903210461	31.8225494007	5.26
2844	0	4	2	1814	113	18.0318145312	31.4008963124	32.233124667	10.63
2845	0	4	1	1062	66	22.6095492848	29.3778980357	30.4214041103	5.481
2845	0	4	2	2410	150	22.6095492848	30.9621322738	32.0056383484	7.197
2846	0	4	1	1104	69	20.7307514038	31.1577692562	32.1145625451	6.472
2846	0	4	2	2452	153	20.7307514038	31.596547524	32.5533408129	17.874
2847	0	4	1	488	30	21.8894679164	29.956508371	30.9667802899	15.748
2847	0	4	2	1833	114	21.8894679164	30.6961687381	31.706440657	12.834
2848	0	4	1	489	30	20.8157968859	29.1729466523	30.1336650737	8.772
2848	0	4	2	1833	114	20.8157968859	29.1592373929	30.1199558144	13.622
2848	1	4	1	488	30	20.8157968859	26.5778367762	27.5385551977	17.779
2848	1	4	2	1832	114	20.8157968859	27.3933742706	28.354092692	14.378
2849	0	4	1	1255	78	20.1818325416	27.7575360885	28.6889949419	8.504
2849	0	4	2	2603	162	20.1818325416	29.3331990132	30.2646578666	16.031
2850	0	4	1	535	33	19.1255186315	31.4369145568	32.3196210018	12.094
2850	0	4	2	1888	118	19.1255186315	26.7737645499	27.6564709949	13.748
2851	0	4	1	1032	64	28.3905057429	31.2539139685	32.5642304561	5.15
2851	0	4	2	2374	148	28.3905057429	30.8685793191	32.1788958066	9.496
2852	0	4	1	1256	78	25.0704331213	28.0081622932	29.1652463609	5.528
2852	0	4	2	2604	162	25.0704331213	27.6050568485	28.7621409162	14.063
2853	0	4	1	136	8	24.2013532986	32.316964566	33.4339377025	9.622
2853	0	4	2	1478	92	24.2013532986	32.6698276855	33.7868008221	13.937
2854	0	4	1	1268	79	22.475090732	30.3724759526	31.4097763167	10.409
2854	0	4	2	2617	163	22.475090732	30.9284827876	31.9657831518	14.158
2855	0	4	1	918	57	25.577823624	32.2987010225	33.4792028534	12.409
2855	0	4	2	2260	141	25.577823624	32.5382694504	33.7187712813	7.906
2856	0	4	1	1103	68	23.036669064	28.0149017939	29.0781208702	16.504
2856	0	4	2	2452	153	23.036669064	29.4832782705	30.5464973469	9.181
2857	0	4	1	1103	68	24.1490888996	30.0259774747	31.140538435	12.157
2857	0	4	2	2452	153	24.1490888996	27.4064471784	28.5210081387	4.819
2858	0	4	1	308	19	22.0386286225	30.2960555556	31.3132117383	5.779
2858	0	4	2	1652	103	22.0386286225	29.8323815269	30.8495377096	9.59
2859	0	4	1	1000	62	20.8272624883	37.2465598185	38.2078074158	5.59
2859	0	4	2	2338	146	20.8272624883	42.3631124708	43.324360068	6.283
2860	0	4	1	1262	78	21.5309281308	29.9787244804	30.9724485929	5.969
2860	0	4	2	2614	163	21.5309281308	31.3996989349	32.3934230474	8.646
2861	0	4	1	602	37	17.6934030688	27.6854592117	28.5020687492	15.717
2861	0	4	2	1952	122	17.6934030688	28.9702832703	29.7868928077	9.906
2862	0	4	1	529	33	18.5350261182	28.9521687188	29.8076219658	7.212
2862	0	4	2	1896	118	18.5350261182	32.5217115108	33.3771647577	24.787
2863	0	4	1	538	33	19.3939082176	28.3495305184	29.2446240376	7.906
2863	0	4	2	1888	118	19.3939082176	28.4683948326	29.3634883518	9.339
2864	0	4	1	929	58	28.632408478	34.4576974458	35.779178551	7.969
2864	0	4	2	2273	142	28.632408478	29.6725010811	30.9939821864	6.819
2865	0	4	1	611	38	16.4742504849	27.3023929924	28.0627345737	11.874
2865	0	4	2	1960	122	16.4742504849	29.9258429517	30.686184533	15.464
2866	0	4	1	429	26	17.9524610587	29.0960985276	29.9246644549	13.937
2866	0	4	2	1775	110	17.9524610587	29.4990671608	30.3276330881	10.472
2867	0	4	1	229	14	25.3313389254	31.9305020263	33.0996277666	11.071
2867	0	4	2	1572	98	25.3313389254	29.7765339385	30.9456596789	6.662
2868	0	4	1	376	23	28.4938843934	29.7012640079	31.0163517648	9.842
2868	0	4	2	1721	107	28.4938843934	29.7962986535	31.1113864104	10.834
2868	1	4	1	375	23	28.4938843934	29.0543879921	30.369475749	12.283
2868	1	4	2	1720	107	28.4938843934	26.2302400542	27.5453278111	17.843
2869	0	4	1	1097	68	22.9551791136	26.4424705143	27.5019285578	9.307
2869	0	4	2	2445	152	22.9551791136	30.9686695136	32.028127557	4.441
2870	0	4	1	1281	80	26.7196814192	30.1554769584	31.3886793332	9.15
2870	0	4	2	2629	164	26.7196814192	28.8384376694	30.0716400442	11.78
2871	0	4	1	107	6	28.3905763544	31.176730056	32.4870498025	24.788
2871	0	4	2	1449	90	28.3905763544	33.1666416792	34.4769614257	12.126
2872	0	4	1	455	28	22.4766615612	36.1028216162	37.1401944794	12.992
2872	0	4	2	1800	112	22.4766615612	30.5766782497	31.6140511128	11.055
2873	0	4	1	437	27	21.1947020981	26.0206572615	26.9988634216	7.905
2873	0	4	2	1782	111	21.1947020981	29.9860489049	30.9642550651	11.244
2874	0	4	1	490	30	23.5401047066	28.4832888855	29.5697431951	14.299
2874	0	4	2	1833	114	23.5401047066	29.7519292665	30.8383835761	4.378
2875	0	4	1	1233	77	21.9981295821	31.8658258538	32.8811128708	6.662
2875	0	4	2	2583	161	21.9981295821	28.565213697	29.580500714	5.622
2876	0	4	1	415	25	19.763826742	32.3242281366	33.2363946289	5.653
2876	0	4	2	1760	110	19.763826742	29.0581049543	29.9702714465	6.74
2877	0	4	1	1210	75	22.5372364166	33.8099988173	34.850167412	6.929
2877	0	4	2	2561	160	22.5372364166	32.5207125566	33.5608811513	9.37
2878	0	4	1	1082	67	25.874492261	28.4898050287	29.6839991062	9.685
2878	0	4	2	2428	151	25.874492261	27.9364363661	29.1306304437	9.717
2879	0	4	1	1026	64	28.7923689573	28.2070598565	29.5359236711	12.22
2879	0	4	2	2373	148	28.7923689573	29.5935041924	30.922368007	13.874
2881	0	4	1	564	35	23.7909783079	31.592556284	32.6905892466	9.685
2881	0	4	2	1912	119	23.7909783079	30.5611992441	31.6592322067	8.961
2882	0	4	1	1067	66	22.4043545565	47.2820569656	48.3160926195	11.811
2882	0	4	2	2413	150	22.4043545565	47.4346675173	48.4687031711	15.26
2883	0	4	1	456	28	25.2285954416	30.21355838	31.3779421661	6.898
2883	0	4	2	1798	112	25.2285954416	29.3461361614	30.5105199474	5.811
2884	0	4	1	467	29	22.4529446798	31.6388020784	32.6750803285	4.063
2884	0	4	2	1813	113	22.4529446798	34.5784232185	35.6147014686	5.842
2885	0	4	1	1256	78	23.9485805571	30.3696855737	31.4749924056	6.457
2885	0	4	2	2603	162	23.9485805571	30.4708177719	31.5761246037	18.945
2886	0	4	1	1250	78	22.5308283071	28.4001208945	29.4399937336	5.779
2886	0	4	2	2600	162	22.5308283071	28.7344741038	29.7743469429	22.126
2887	0	4	1	920	57	26.3705588984	30.1503264815	31.3674156881	8.346
2887	0	4	2	2263	141	26.3705588984	31.1581663228	32.3752555295	8.158
2888	0	4	1	158	9	25.2797974671	28.418221935	29.5849688653	5.402
2888	0	4	2	1498	93	25.2797974671	29.7559608386	30.9227077688	19.496
2889	0	4	1	440	27	24.1866029392	30.3479395396	31.4642318979	8.221
2889	0	4	2	1787	111	24.1866029392	29.5957001671	30.7119925254	12.819
2890	0	4	1	1240	77	21.1440831221	28.6834609781	29.6593309037	5.401
2890	0	4	2	2580	161	21.1440831221	30.1937791722	31.1696490979	14.582
2891	0	4	1	876	54	24.9384482044	27.8542749012	29.005267425	7.496
2891	0	4	2	2218	138	24.9384482044	28.6175448435	29.7685373673	13.717
2892	0	4	1	1240	77	25.110928586	25.8507481133	27.0097011817	9.511
2892	0	4	2	2589	161	25.110928586	27.8620941792	29.0210472476	12.425
2893	0	4	1	597	37	21.8707646997	29.968454479	30.9778631821	7.843
2893	0	4	2	1946	121	21.8707646997	31.7912955348	32.8007042379	13.654
2894	0	4	1	529	33	24.5520009723	28.5371941764	29.6703508721	12.473
2894	0	4	2	1878	117	24.5520009723	27.9075590641	29.0407157598	7.937
2895	0	4	1	1269	79	23.1311782609	29.9783535983	31.0459345892	10.095
2895	0	4	2	2619	163	23.1311782609	29.9581262282	31.025707219	10.725
2896	0	4	1	413	25	20.2563243571	29.1121695099	30.047066409	8.126
2896	0	4	2	1759	109	20.2563243571	30.1924965117	31.1273934108	6.094
2897	0	4	1	430	26	18.7226540816	28.7632695567	29.6273824597	12.63
2897	0	4	2	1776	111	18.7226540816	28.0518269137	28.9159398166	8.645
2898	0	4	1	534	33	22.3333949559	36.3138428414	37.3446034731	9.717
2898	0	4	2	1883	117	22.3333949559	32.3087845048	33.3395451365	11.402
2899	0	4	1	1250	78	19.4389952503	30.4827835856	31.3799580216	7.937
2899	0	4	2	2600	162	19.4389952503	28.7939043917	29.6910788277	20.126
2900	0	4	1	538	33	24.993502663	32.9055922348	34.0591257054	7.008
2900	0	4	2	1888	118	24.993502663	28.9429020784	30.096435549	14.898
2901	0	4	1	488	30	23.899069143	30.4927418213	31.5957635363	14
2901	0	4	2	1833	114	23.899069143	32.3931940048	33.4962157199	10.409
2902	0	4	1	490	30	19.9058776096	27.6777020161	28.5964246295	14.913
2902	0	4	2	1834	114	19.9058776096	27.4617741312	28.3804967445	14.473
2903	0	4	1	993	62	25.7009807626	32.9682404453	34.1544263887	7.402
2903	0	4	2	2337	146	25.7009807626	30.9999392162	32.1861251596	7.197
2904	0	4	1	430	26	20.7850648095	31.6828745321	32.6421745657	6.536
2904	0	4	2	1776	111	20.7850648095	30.3112208558	31.2705208895	5.086
2906	0	4	1	528	33	20.2637377716	30.9206860467	31.8559250996	13.559
2906	0	4	2	1876	117	20.2637377716	31.2680922582	32.2033313111	4.41
2907	0	4	1	1094	68	24.5078024862	29.9869936618	31.11811045	11.543
2907	0	4	2	2442	152	24.5078024862	28.1639052213	29.2950220095	7.811
2908	0	4	1	432	27	23.3504885669	27.1941537437	28.2718566363	6.63
2908	0	4	2	1776	111	23.3504885669	28.3147650284	29.392467921	11.622
2909	0	4	1	1281	80	21.1704922333	30.7010149471	31.6781037413	5.716
2909	0	4	2	2629	164	21.1704922333	28.9587908179	29.9358796121	9.118
2910	0	4	1	473	29	23.4778285365	28.7306584016	29.8142384584	9.716
2910	0	4	2	1818	113	23.4778285365	29.3036166288	30.3871966855	8.63
2911	0	4	1	1218	76	18.5826600648	30.7091724461	31.5668241584	5.906
2911	0	4	2	2568	160	18.5826600648	30.4440190817	31.301670794	10.866
2912	0	4	1	528	33	20.3540157381	29.740205617	30.6796112989	16.221
2912	0	4	2	1878	117	20.3540157381	28.8481621454	29.7875678274	5.48
2913	0	4	1	487	30	22.3408820038	26.9310061787	27.9621123626	8.221
2913	0	4	2	1831	114	22.3408820038	33.2569566657	34.2880628496	14.708
2914	0	4	1	535	33	21.4383634374	28.301861204	29.2913131473	18.866
2914	0	4	2	1893	118	21.4383634374	32.4585982122	33.4480501555	8.866
2915	0	4	1	1268	79	19.6418666667	29.9088599671	30.8153975953	5.716
2915	0	4	2	2618	163	19.6418666667	29.6602666093	30.5668042375	7.968
2916	0	4	1	591	36	18.6501722129	27.7867837394	28.6475513625	4.063
2916	0	4	2	1940	121	18.6501722129	34.3519567898	35.2127244129	7.024
2917	0	4	1	741	46	23.6013966843	29.4503260751	30.5396092138	14.031
2917	0	4	2	2079	129	23.6013966843	29.0820232405	30.1713063792	15.968
2918	0	4	1	432	27	22.140064799	28.2700496589	29.2918874594	4.787
2918	0	4	2	1779	111	22.140064799	31.6088660907	32.6307038911	9.653
2919	0	4	1	485	30	18.5926936862	30.2321791656	31.090293963	6.74
2919	0	4	2	1830	114	18.5926936862	29.6967620762	30.5548768736	5.622
2920	0	4	1	1095	68	24.3028877534	34.8177278148	35.9393871049	13.102
2920	0	4	2	2441	152	24.3028877534	35.5459113308	36.667570621	13.591
2921	0	4	1	557	34	18.528994875	30.4361568876	31.2913317725	13.149
2921	0	4	2	1906	119	18.528994875	28.8918514744	29.7470263594	8.094
2922	0	4	1	158	9	22.5559828892	29.881673897	30.9227077039	12.787
2922	0	4	2	1498	93	22.5559828892	29.8421204306	30.8831542375	17.338
2923	0	4	1	941	58	24.3046935394	32.5409548244	33.6626974576	7.78
2923	0	4	2	2286	142	24.3046935394	31.2485411137	32.3702837469	11.275
2924	0	4	1	513	32	19.0277908792	27.3385772792	28.2167732626	9.874
2924	0	4	2	1861	116	19.0277908792	28.7352465585	29.6134425419	11.37
2925	0	4	1	159	9	24.7467352976	28.2275926938	29.3697370278	4.646
2925	0	4	2	1499	93	24.7467352976	27.9026319875	29.0447763215	15.969
2926	0	4	1	452	28	21.5224208222	32.8823714574	33.8757029292	13.402
2926	0	4	2	1797	112	21.5224208222	28.0405144983	29.0338459701	10.126
2927	0	4	1	1227	76	19.4708665552	29.4969393337	30.3955847367	7.401
2927	0	4	2	2579	161	19.4708665552	30.3680938172	31.2667392202	14.788
2928	0	4	1	1250	78	23.5593262596	31.6482880988	32.7356295471	5.023
2928	0	4	2	2600	162	23.5593262596	32.2300664074	33.3174078558	18.158
2929	0	4	1	1026	64	25.5893539682	27.51485978	28.6958937747	8.662
2929	0	4	2	2372	148	25.5893539682	24.5267991686	25.7078331633	10.409
2930	0	4	1	429	26	23.7209888299	32.2206582524	33.3154609673	7.622
2930	0	4	2	1776	111	23.7209888299	29.9579634121	31.052766127	9.024
2931	0	4	1	1265	79	20.6627	31.5062439354	32.4598964251	11.244
2931	0	4	2	2616	163	20.6627	29.7832071787	30.7368596685	13.654
2933	0	4	1	520	32	19.163831959	32.3382764265	33.2227511593	5.48
2933	0	4	2	1869	116	19.163831959	30.3626891276	31.2471638604	6.677
2934	0	4	1	434	27	20.8045130164	31.0253558134	31.9855534466	8.63
2934	0	4	2	1782	111	20.8045130164	28.7828125471	29.7430101803	15.527
2935	0	4	1	1275	79	21.5323637908	29.7140983656	30.7078887385	6.504
2935	0	4	2	2624	164	21.5323637908	32.0081727369	33.0019631098	13.622
2937	0	4	1	505	31	23.6674245807	31.208354049	32.3006845952	12.41
2937	0	4	2	1853	115	23.6674245807	30.2534307151	31.3457612613	7.386
2938	0	4	1	1269	79	19.476395681	33.4424580793	34.3413586698	9.149
2938	0	4	2	2618	163	19.476395681	29.3320864146	30.2309870052	4.157
2939	0	4	1	486	30	25.0555807055	28.2935263924	29.4499249716	14.725
2939	0	4	2	1831	114	25.0555807055	30.0345723079	31.1909708871	9.039
2940	0	4	1	529	33	15.7124281001	33.1074127912	33.8325937297	11.229
2940	0	4	2	1876	117	15.7124281001	31.367936719	32.0931176575	4.851
2941	0	4	1	547	34	22.9362117685	27.4896092163	28.5481918536	14.488
2941	0	4	2	1894	118	22.9362117685	27.463269961	28.5218525982	19.716
2942	0	4	1	288	18	24.2932302455	29.6321624207	30.7533759847	11.591
2942	0	4	2	1632	102	24.2932302455	30.9016103754	32.0228239394	12.094
2943	0	4	1	1270	79	22.2965091263	27.3885408348	28.4175990625	21.307
2943	0	4	2	2614	163	22.2965091263	29.0985375593	30.127595787	8.126
2944	0	4	1	992	62	22.1940121379	26.1423372378	27.1666648878	10.504
2944	0	4	2	2338	146	22.1940121379	24.8382875138	25.8626151638	6.662
2945	0	4	1	488	30	17.2454178908	30.5543373753	31.3502709033	7.433
2945	0	4	2	1833	114	17.2454178908	30.7647096498	31.5606431778	9.26
2946	0	4	1	1021	63	24.661423517	30.8778715435	32.0160784544	13.339
2946	0	4	2	2366	147	24.661423517	30.5511122513	31.6893191622	13.59
2947	0	4	1	148	9	19.5740457506	28.3208386276	29.2242460944	4.063
2947	0	4	2	1485	92	19.5740457506	30.9227699912	31.826177458	12.158
2948	0	4	1	431	26	23.7365983648	29.6944318175	30.7899549644	10.756
2948	0	4	2	1779	111	23.7365983648	31.9552840525	33.0508071995	6.725
2950	0	4	1	1281	80	26.2614621148	27.0116746609	28.2237286873	18.441
2950	0	4	2	2630	164	26.2614621148	31.5091685849	32.7212226113	14.063
2951	0	4	1	1217	76	22.5086560371	30.1569653645	31.1958148794	8.315
2951	0	4	2	2567	160	22.5086560371	26.8658938436	27.9047433585	18.095
2952	0	4	1	487	30	19.0763249775	32.5405903471	33.421026341	7.008
2952	0	4	2	1833	114	19.0763249775	32.6870408625	33.5674768563	11.937
2953	0	4	1	1009	63	27.1831753025	34.4182816749	35.6728758376	4.913
2953	0	4	2	2358	147	27.1831753025	31.7871743983	33.0417685611	6.929
2954	0	4	1	467	29	21.7217972986	30.675244192	31.6777775528	5.874
2954	0	4	2	1814	113	21.7217972986	27.7764429906	28.7789763514	6.819
2955	0	4	1	267	16	26.562097229	35.909227642	37.1351569812	15.622
2955	0	4	2	1610	100	26.562097229	33.2064708576	34.4324001967	4.63
2956	0	4	1	1233	77	25.5079743274	31.0757987575	32.2530768105	5.559
2956	0	4	2	2582	161	25.5079743274	32.2361857185	33.4134637715	15.685
2957	0	4	1	1265	79	17.9981073099	31.3035801371	32.1342527911	11.685
2957	0	4	2	2616	163	17.9981073099	30.3004382487	31.1311109027	18.913
2958	0	4	1	1245	77	19.3602979131	29.449351429	30.3428937206	4.693
2958	0	4	2	2596	162	19.3602979131	29.1477909781	30.0413332697	19.244
2959	0	4	1	530	33	18.0009201717	28.7158220196	29.5466244965	8.393
2959	0	4	2	1879	117	18.0009201717	29.649372382	30.4801748589	7.937
2960	0	4	1	918	57	27.8091471445	31.4122922739	32.695777124	5.418
2960	0	4	2	2263	141	27.8091471445	31.5665753869	32.850060237	4.725
2961	0	4	1	551	34	26.3678108606	28.0812957336	29.2982581091	8.725
2961	0	4	2	1899	118	26.3678108606	27.0490236867	28.2659860622	12.284
2962	0	4	1	1248	78	18.3661327152	29.419105968	30.2667642213	10.126
2962	0	4	2	2598	162	18.3661327152	29.8332312646	30.6808895179	20.504
2963	0	4	1	1081	67	24.9101703871	28.2828013882	29.4324887964	6.031
2963	0	4	2	2429	151	24.9101703871	29.0504611466	30.2001485548	7.748
2964	0	4	1	467	29	22.2299319057	29.0032088588	30.0291943258	5.906
2964	0	4	2	1814	113	22.2299319057	28.9795873441	30.0055728111	8.236
2966	0	4	1	488	30	20.3036087846	28.4285700978	29.3656493309	5.071
2966	0	4	2	1832	114	20.3036087846	28.020389598	28.9574688311	5.748
2967	0	4	1	491	30	21.4300311801	30.81553824	31.8046056219	10.126
2967	0	4	2	1838	114	21.4300311801	28.7567637276	29.7458311094	9.465
2968	0	4	1	552	34	22.3987153234	31.0606059608	32.0943813452	12.709
2968	0	4	2	1900	118	22.3987153234	32.4534353302	33.4872107146	6.252
2969	0	4	1	1250	78	21.4285197077	29.8523425008	30.8413401231	6.441
2969	0	4	2	2598	162	21.4285197077	31.5132678941	32.5022655164	8.284
2970	0	4	1	1233	77	20.3297002183	29.2622479932	30.2005314329	8.866
2970	0	4	2	2584	161	20.3297002183	28.1827451828	29.1210286225	7.559
2971	0	4	1	298	18	25.4293178291	29.701562776	30.8752105694	11.937
2971	0	4	2	1641	102	25.4293178291	31.0725960957	32.2462438891	8.031
2972	0	4	1	528	33	23.0579886255	31.0622850323	32.1264880775	13.527
2972	0	4	2	1876	117	23.0579886255	32.9263690957	33.9905721409	8.536
2973	0	4	1	1269	79	24.6125489796	30.5062813223	31.6422325104	13.055
2973	0	4	2	2618	163	24.6125489796	31.122794241	32.2587454291	7.905
2974	0	4	1	1238	77	21.4147687063	31.2824820858	32.2708450535	8.567
2974	0	4	2	2587	161	21.4147687063	33.2968765951	34.2852395629	10.614
2975	0	4	1	920	57	20.2016626642	26.9017582451	27.8341323248	17.213
2975	0	4	2	2263	141	20.2016626642	26.8598375282	27.792211608	10.441
2975	1	4	1	918	57	20.2016626642	28.2740777827	29.2064518624	24
2975	1	4	2	2262	141	20.2016626642	27.2367649121	28.1691389918	9.937
2976	0	4	1	1269	79	21.0592863634	30.5031799145	31.475136187	6.409
2976	0	4	2	2619	163	21.0592863634	30.6027216667	31.5746779392	9.181
2977	0	4	1	209	13	20.9241222353	30.0849937759	31.0507117734	15.496
2977	0	4	2	1552	97	20.9241222353	28.8640481573	29.8297661547	18.284
2978	0	4	1	802	50	22.7993086692	21.0535076403	22.1057717431	5.748
2978	0	4	2	2153	134	22.7993086692	29.0768432536	30.1291073564	10.897
2979	0	4	1	1211	75	21.2148323477	31.8745473835	32.8536826218	12.52
2979	0	4	2	2561	160	21.2148323477	33.0744757717	34.05361101	10.851
2980	0	4	1	1094	68	22.1299049515	28.1640356387	29.1854045283	12.473
2980	0	4	2	2441	152	22.1299049515	27.7704691547	28.7918380443	12.504
2981	0	4	1	1248	78	20.0069636086	31.8475174444	32.7709055136	6.803
2981	0	4	2	2596	162	20.0069636086	31.5199478366	32.4433359058	20.456
2982	0	4	1	545	34	17.3808121292	34.4732216338	35.2754040572	12.599
2982	0	4	2	1893	118	17.3808121292	33.729813226	34.5319956495	16.945
2983	0	4	1	1062	66	25.4292447259	30.0371684734	31.2108128928	4.614
2983	0	4	2	2410	150	25.4292447259	31.7388327741	32.9124771935	6.803
2984	0	4	1	583	36	21.4436426869	25.3126029355	26.3022985337	15.26
2984	0	4	2	1931	120	21.4436426869	27.7492045253	28.7389001235	8.725
2985	0	4	1	342	21	21.3038459971	29.5346817678	30.5179252828	15.464
2985	0	4	2	1686	105	21.3038459971	30.2622666462	31.2455101611	17.496
2986	0	4	1	1236	77	19.8638874884	26.7767882678	27.693572897	7.118
2986	0	4	2	2584	161	19.8638874884	30.1128146141	31.0295992434	14
2987	0	4	1	487	30	23.690335337	31.734948666	32.82833662	12.488
2987	0	4	2	1831	114	23.690335337	32.1456806058	33.2390685598	9.716
2988	0	4	1	411	25	21.9982218578	28.8562188937	29.8715101695	9.401
2988	0	4	2	1760	110	21.9982218578	28.7937874004	29.8090786762	12.835
2989	0	4	1	444	27	23.2656713131	30.798671096	31.8724593895	4.536
2989	0	4	2	1791	111	23.2656713131	29.1414386574	30.215226951	4.945
2990	0	4	1	879	54	25.7439586168	32.6580366125	33.8462061272	10.803
2990	0	4	2	2222	138	25.7439586168	30.2066062169	31.3947757316	4.378
2991	0	4	1	1012	63	22.7864292545	31.3438039905	32.3954736654	16.772
2991	0	4	2	2357	147	22.7864292545	32.9656930635	34.0173627384	7.843
2992	0	4	1	478	29	18.3283185107	28.4272048094	29.2731178112	7.496
2992	0	4	2	1826	114	18.3283185107	26.9600214782	27.8059344799	4.063
2993	0	4	1	457	28	15.2572920188	30.9266178043	31.6307926953	6.645
2993	0	4	2	1802	112	15.2572920188	30.4988798756	31.2030547666	9.969
2994	0	4	1	529	33	19.1735796387	25.3769627194	26.2618873401	11.244
2994	0	4	2	1876	117	19.1735796387	26.9694298182	27.8543544389	9.559
2995	0	4	1	930	58	25.5679655947	31.8778840364	33.0579308864	5.843
2995	0	4	2	2274	142	25.5679655947	27.5498467301	28.7298935801	7.213
2996	0	4	1	545	34	22.4253909439	34.4034335588	35.438440112	9.055
2996	0	4	2	1894	118	22.4253909439	31.2010638049	32.2360703582	14.126
2997	0	4	1	431	26	22.4498390848	28.5023083266	29.5384432431	6.378
2997	0	4	2	1782	111	22.4498390848	28.1286545056	29.1647894221	19.811
2998	0	4	1	1218	76	14.1752551684	28.1605960159	28.814831299	12.221
2998	0	4	2	2567	160	14.1752551684	28.2161466835	28.8703819666	16.252
2999	0	4	1	1265	79	23.9201	31.0369520092	32.1409443684	11.843
2999	0	4	2	2615	163	23.9201	29.7659558545	30.8699482137	11.528
3000	0	4	1	433	27	22.1085267372	28.1153719881	29.1357542019	10.536
3000	0	4	2	1779	111	22.1085267372	27.0559995705	28.0763817842	12.347
3001	0	4	1	1268	79	25.8367370143	28.9526892632	30.1451408102	11.275
3001	0	4	2	2619	163	25.8367370143	24.8877839551	26.0802355022	22.834
3002	0	4	1	545	34	20.1984193302	36.1172307062	37.0494550953	8.267
3002	0	4	2	1893	118	20.1984193302	37.4900635578	38.4222879469	9.401
3003	0	4	1	1265	79	15.2993781349	31.1786092262	31.8847265318	9.149
3003	0	4	2	2614	163	15.2993781349	30.48453187	31.1906491755	7.197
3004	0	4	1	901	56	30.5519718126	30.0865323074	31.4966076599	10.598
3004	0	4	2	2242	140	30.5519718126	31.4456993422	32.8557746947	7.527
3005	0	4	1	432	27	22.5212162248	28.445306203	29.4847354124	7.15
3005	0	4	2	1780	111	22.5212162248	27.918951691	28.9583809004	10.992
3006	0	4	1	488	30	24.9701618828	27.5802136688	28.7326698845	10.189
3006	0	4	2	1833	114	24.9701618828	26.2145905703	27.3670467861	15.968
3007	0	4	1	488	30	16.5869647853	29.5682023199	30.3337460419	9.559
3007	0	4	2	1832	114	16.5869647853	31.0772010011	31.8427447231	12.63
3008	0	4	1	491	30	21.6313476484	28.422388474	29.420747282	6.063
3008	0	4	2	1838	114	21.6313476484	26.4897892195	27.4881480275	8.771
3009	0	4	1	433	27	23.7377496618	28.1843134717	29.2798897548	10.866
3009	0	4	2	1781	111	23.7377496618	29.9584783987	31.0540546819	13.134
3010	0	4	1	1097	68	20.4123051214	29.0284413271	29.9705372584	9.937
3010	0	4	2	2444	152	20.4123051214	29.363659784	30.3057557154	11.842
3011	0	4	1	415	25	21.8622753172	28.9016678852	29.910684775	5.008
3011	0	4	2	1762	110	21.8622753172	29.8771727663	30.886189656	6.504
3013	0	4	1	1199	74	19.0844505498	26.2686204963	27.1494315124	6.693
3013	0	4	2	2549	159	19.0844505498	17.898265419	18.7790764352	11.181
3014	0	4	1	429	26	18.3315813118	28.1891195437	29.0351831346	6.189
3014	0	4	2	1776	111	18.3315813118	30.3658881597	31.2119517505	7.969
3015	0	4	1	429	26	20.3285517719	30.7501098512	31.6883402863	5.591
3015	0	4	2	1775	110	20.3285517719	29.703704812	30.641935247	9.843
3016	0	4	1	1269	79	23.6415778325	30.7812301038	31.8723677365	11.465
3016	0	4	2	2617	163	23.6415778325	30.6067830291	31.6979206618	6.473
3017	0	4	1	450	28	24.5246507252	21.7714814581	22.9033758487	17.575
3017	0	4	2	1775	110	24.5246507252	32.0834879562	33.2153823468	12.771
3018	0	4	1	472	29	20.6482194731	30.8752126899	31.8281968551	27.213
3018	0	4	2	1817	113	20.6482194731	30.9365064783	31.8894906435	11.496
3019	0	4	1	455	28	22.7671552871	30.1813248069	31.2321049239	15.937
3019	0	4	2	1800	112	22.7671552871	28.2630042089	29.313784326	14.158
3020	0	4	1	490	30	22.9379254902	33.3169837658	34.375645497	13.26
3020	0	4	2	1837	114	22.9379254902	28.0473117124	29.1059734436	7.433
3021	0	4	1	558	34	23.0657481635	28.7963010136	29.8608621874	16.536
3021	0	4	2	1907	119	23.0657481635	28.4027077159	29.4672688896	6.441
3022	0	4	1	1254	78	13.4413731968	30.1361112861	30.7564754696	4.126
3022	0	4	2	2597	162	13.4413731968	36.7790424579	37.3994066415	5.748
3023	0	4	1	211	13	22.4890288578	27.1720284635	28.2099721186	8.598
3023	0	4	2	1553	97	22.4890288578	28.8790775275	29.9170211827	5.229
3024	0	4	1	447	27	25.2941542235	31.081904164	32.2493137063	7.181
3024	0	4	2	1793	112	25.2941542235	30.0245002195	31.1919097619	4.976
3025	0	4	1	597	37	16.6865636	31.3105632053	32.0807037447	11.433
3025	0	4	2	1947	121	16.6865636	31.0994166182	31.8695571576	12.977
3026	0	4	1	490	30	19.7003928848	27.7675158088	28.6767546171	12.535
3026	0	4	2	1834	114	19.7003928848	27.6211871082	28.5304259164	8.898
3027	0	4	1	429	26	21.4171546232	29.8710955379	30.8595686237	5.843
3027	0	4	2	1775	110	21.4171546232	29.5377416064	30.5262146922	6.567
3028	0	4	1	1271	79	20.3612385736	30.4397283295	31.3794673694	9.528
3028	0	4	2	2630	164	20.3612385736	26.0611554074	27.0008944473	4.252
3029	0	4	1	819	51	28.3444181429	26.7956665302	28.1038559214	15.874
3029	0	4	2	2161	135	28.3444181429	28.2004395803	29.5086289714	17.26
3030	0	4	1	597	37	20.8269091685	27.0752320702	28.0364633605	8.504
3030	0	4	2	1947	121	20.8269091685	29.3662666857	30.327497976	14.063
3031	0	4	1	471	29	21.1144	28.5161898828	29.4906898334	6.504
3031	0	4	2	1818	113	21.1144	33.327634486	34.3021344366	8.094
3032	0	4	1	1256	78	19.487009552	26.329632553	27.2290230091	10.535
3032	0	4	2	2604	162	19.487009552	27.1586580046	28.0580484607	9.874
3033	0	4	1	917	57	32.0562482864	28.3371696997	29.8166724264	16.221
3033	0	4	2	2258	141	32.0562482864	29.0128218194	30.4923245461	5.213
3034	0	4	1	1243	77	20.69665909	32.2724772675	33.2276970825	9.607
3034	0	4	2	2593	162	20.69665909	30.1116408775	31.0668606924	12.614
3035	0	4	1	1240	77	21.6320421836	31.3295290657	32.3279199288	8
3035	0	4	2	2589	161	21.6320421836	31.1278996233	32.1262904864	10.945
3036	0	4	1	1242	77	23.1934370214	28.1990922571	29.2695466973	8.771
3036	0	4	2	2594	162	23.1934370214	31.5419397239	32.6123941641	18.126
3037	0	4	1	232	14	24.3380501864	31.4057224762	32.5290046299	4.409
3037	0	4	2	1575	98	24.3380501864	33.5566043091	34.6798864627	8.866
3038	0	4	1	553	34	22.9762521197	31.7958422503	32.8562728833	9.181
3038	0	4	2	1896	118	22.9762521197	31.4485902175	32.5090208505	23.685
3039	0	4	1	1069	66	27.5612234965	31.8795778707	33.151620218	4.315
3039	0	4	2	2415	150	27.5612234965	30.7069337167	31.9789760639	9.905
3040	0	4	1	1251	78	20.027835863	30.7271650721	31.6515164655	6
3040	0	4	2	2600	162	20.027835863	30.0786870732	31.0030384666	16
3041	0	4	1	174	10	23.0823885804	31.2237662009	32.2890953854	8.158
3041	0	4	2	1518	94	23.0823885804	31.312682066	32.3780112505	10.63
3042	0	4	1	415	25	19.9158456454	26.540588862	27.4597715335	4.409
3042	0	4	2	1763	110	19.9158456454	28.48384665	29.4030293214	5.496
3043	0	4	1	1238	77	20.4951645313	30.5576968226	31.503616992	6.095
3043	0	4	2	2585	161	20.4951645313	30.8946553159	31.8405754852	8.567
3044	0	4	1	1039	64	25.5193790242	25.6931480893	26.8709525071	9.874
3044	0	4	2	2385	149	25.5193790242	29.137465141	30.3152695588	17.496
3045	0	4	1	564	35	21.6763526058	36.1880326449	37.1884685817	7.229
3045	0	4	2	1909	119	21.6763526058	34.8831459654	35.8835819022	6.189
3046	0	4	1	520	32	20.3818274619	29.6807529507	30.6214422364	4.504
3046	0	4	2	1869	116	20.3818274619	31.4681340348	32.4088233205	7.338
3047	0	4	1	949	59	27.057006663	25.7366515034	26.9854225629	27.654
3047	0	4	2	2291	143	27.057006663	32.770349676	34.0191207354	4.992
3048	0	4	1	802	50	25.710499442	28.9996608663	30.1862861285	17.874
3048	0	4	2	2154	134	25.710499442	29.0403144715	30.2269397337	10.504
3049	0	4	1	468	29	20.074464771	15.7336465451	16.660150018	27.685
3049	0	4	2	1801	112	20.074464771	29.3673638473	30.2938673202	12.819
3050	0	4	1	1270	79	23.5002520562	30.2967582286	31.3813732055	15.748
3050	0	4	2	2615	163	23.5002520562	28.3938444824	29.4784594593	10.803
3051	0	4	1	1241	77	21.2646627281	30.7467869745	31.728222051	9.654
3051	0	4	2	2590	161	21.2646627281	30.4318879158	31.4133229923	4.819
3052	0	4	1	567	35	28.210180612	33.3612212756	34.6632151571	6.835
3052	0	4	2	1917	119	28.210180612	34.9183659206	36.2203598022	8.693
3053	0	4	1	529	33	15.7755285484	28.5293140071	29.2574072416	14.221
3053	0	4	2	1879	117	15.7755285484	28.9652990726	29.6933923071	6.788
3054	0	4	1	1264	79	20.9655058972	17.7534278154	18.7210558068	9.338
3054	0	4	2	2615	163	20.9655058972	16.9665921424	17.9342201338	11.622
3055	0	4	1	1270	79	27.1478140561	27.3634646399	28.6164267633	11.906
3055	0	4	2	2619	163	27.1478140561	27.695407372	28.9483694954	9.622
3056	0	4	1	491	30	23.2778607413	32.192492753	33.2668436293	8.504
3056	0	4	2	1835	114	23.2778607413	29.5294917308	30.6038426071	12.598
3057	0	4	1	491	30	20.8089935065	26.1320819417	27.0924863644	16.378
3057	0	4	2	1837	114	20.8089935065	22.5010345003	23.4614389231	13.653
3058	0	4	1	1218	76	20.6307181356	31.0930381799	32.0452146	9.528
3058	0	4	2	2567	160	20.6307181356	32.2996438586	33.2518202787	10.851
3059	0	4	1	437	27	22.1792527457	31.2056585069	32.2293049618	5.134
3059	0	4	2	1783	111	22.1792527457	30.0966039314	31.1202503862	6.96
3060	0	4	1	1251	78	22.5480240553	33.3887585159	34.429424996	5.464
3060	0	4	2	2596	162	22.5480240553	32.7601488482	33.8008153284	5.134
3060	1	4	1	1245	77	22.5480240553	29.3902824243	30.4309489045	11.874
3060	1	4	2	2590	161	22.5480240553	26.5135627421	27.5542292223	16.315
3061	0	4	1	478	29	14.7918629576	32.0585098788	32.741203667	12.851
3061	0	4	2	1825	114	14.7918629576	29.0715099934	29.7542037816	4.756
3062	0	4	1	1223	76	21.4496851623	31.3384188052	32.3283932838	5.055
3062	0	4	2	2573	160	21.4496851623	33.3439866682	34.3339611468	9.402
3063	0	4	1	1063	66	20.9881270433	27.5463667402	28.5150387729	5.433
3063	0	4	2	2410	150	20.9881270433	29.3283736848	30.2970457175	10.819
3064	0	4	1	594	37	17.6870821159	28.4933298341	29.3096476385	11.276
3064	0	4	2	1945	121	17.6870821159	28.9751243416	29.791442146	7.969
3065	0	4	1	477	29	23.8273166565	29.9498596429	31.0495697414	5.937
3065	0	4	2	1825	114	23.8273166565	28.5386955412	29.6384056398	8.771
3066	0	4	1	429	26	21.3835113118	29.7709088391	30.7578291739	5.653
3066	0	4	2	1776	111	21.3835113118	30.8017635314	31.7886838662	5.906
3067	0	4	1	1220	76	25.084925045	33.2732212855	34.4309742038	13.26
3067	0	4	2	2571	160	25.084925045	32.2667098965	33.4244628148	12.929
3068	0	4	1	558	34	22.1897225745	28.7604484033	29.7845780756	14.189
3068	0	4	2	1907	119	22.1897225745	26.7374697537	27.761599426	9.59
3069	0	4	1	301	18	22.7209172828	30.8356436243	31.8842897033	14.158
3069	0	4	2	1652	103	22.7209172828	29.8079804149	30.8566264939	5.717
3070	0	4	1	1258	78	20.8384010001	26.8651579322	27.8269196089	10.22
3070	0	4	2	2609	163	20.8384010001	25.0450217939	26.0067834706	19.527
3071	0	4	1	1284	80	20.4729165577	29.2214486677	30.1663420189	5.559
3071	0	4	2	2634	164	20.4729165577	29.7909188264	30.7358121776	16.126
3072	0	4	1	538	33	17.858635911	30.688242609	31.512478193	12
3072	0	4	2	1888	118	17.858635911	32.3508071598	33.1750427437	13.055
3073	0	4	1	1258	78	22.0676021247	31.9520704289	32.9705638353	7.307
3073	0	4	2	2609	163	22.0676021247	32.4055071091	33.4240005156	14.834
3074	0	4	1	456	28	19.9860252605	29.9924451451	30.9148668398	5.465
3074	0	4	2	1801	112	19.9860252605	31.7699514725	32.6923731671	10.945
3075	0	4	1	1270	79	25.8927088508	29.9428960887	31.1379309226	4.598
3075	0	4	2	2619	163	25.8927088508	32.8536719566	34.0487067905	7.701
3076	0	4	1	1243	77	20.3254063739	30.8987143303	31.8367995948	13.37
3076	0	4	2	2593	162	20.3254063739	26.462338396	27.4004236604	15.213
3077	0	4	1	413	25	26.7607237829	30.3455126875	31.5806093042	7.086
3077	0	4	2	1760	110	26.7607237829	30.7071617952	31.9422584119	10.709
3078	0	4	1	169	10	23.2077650948	29.9645552387	31.0356709673	11.969
3078	0	4	2	1513	94	23.2077650948	31.4916896551	32.5628053837	13.433
3079	0	4	1	487	30	21.2717124434	28.8528681332	29.8346285776	11.087
3079	0	4	2	1832	114	21.2717124434	29.78623368	30.7679941243	11.622
3080	0	4	1	920	57	23.0952176869	26.1437699124	27.2096912029	17.496
3080	0	4	2	2263	141	23.0952176869	29.6348082237	30.7007295142	4.977
3081	0	4	1	1022	63	24.5186927335	32.338033541	33.4696529505	9.559
3081	0	4	2	2366	147	24.5186927335	27.6658041322	28.7974235416	6.551
3082	0	4	1	272	17	22.3418800065	31.770483918	32.8016361631	5.685
3082	0	4	2	1614	100	22.3418800065	31.0990367646	32.1301890097	5.181
3083	0	4	1	224	14	23.8480064764	29.9271139033	31.027778906	7.149
3083	0	4	2	1566	97	23.8480064764	31.919437786	33.0201027888	11.591
3084	0	4	1	1255	78	18.5146850458	26.6664034037	27.5209178423	6
3084	0	4	2	2603	162	18.5146850458	28.2959509001	29.1504653388	12.725
3085	0	4	1	1245	77	18.8931718809	28.6476917122	29.51967458	5.464
3085	0	4	2	2594	162	18.8931718809	27.588806456	28.4607893239	20.819
3085	1	4	1	1244	77	18.8931718809	28.0911493105	28.9631321784	13.103
3085	1	4	2	2596	162	18.8931718809	27.5009393752	28.372922243	19.654
3086	0	4	1	337	21	21.4545866458	32.9004405249	33.8906412234	11.653
3086	0	4	2	1681	105	21.4545866458	35.8551505213	36.8453512197	6.992
3087	0	4	1	1233	77	21.0782196589	31.6242697431	32.5970998504	5.166
3087	0	4	2	2583	161	21.0782196589	32.7939787502	33.7668088575	6.977
3088	0	4	1	1265	79	20.5760211679	30.2884724546	31.2381244273	9.874
3088	0	4	2	2612	163	20.5760211679	31.1807934161	32.1304453888	9.401
3089	0	4	1	507	31	19.1437598793	31.0151069867	31.8986553261	5.213
3089	0	4	2	1858	116	19.1437598793	25.1425023133	26.0260506526	16.74
3091	0	4	1	472	29	19.2835653065	30.4690070162	31.3590078422	24
3091	0	4	2	1816	113	19.2835653065	31.172770764	32.0627715899	7.071
3092	0	4	1	561	35	21.4490969976	29.5232640586	30.5132113915	8.724
3092	0	4	2	1910	119	21.4490969976	32.5772228436	33.5671701765	4.693
3093	0	4	1	440	27	24.2564513267	29.7734643624	30.8929804566	9.024
3093	0	4	2	1787	111	24.2564513267	29.5832423372	30.7027584315	5.181
3094	0	4	1	473	29	22.0511338698	32.5821865552	33.5999198968	11.087
3094	0	4	2	1818	113	22.0511338698	27.6529111781	28.6706445197	5.37
3095	0	4	1	558	34	21.8506382969	31.1040012678	32.1124810702	8.032
3095	0	4	2	1908	119	21.8506382969	30.4763000446	31.4847798471	13.527
3096	0	4	1	1254	78	13.2140369354	29.3896210845	29.9994929417	7.496
3096	0	4	2	2601	162	13.2140369354	26.8343070763	27.4441789335	19.653
3097	0	4	1	490	30	16.7154935253	32.0208736103	32.7923493621	11.04
3097	0	4	2	1835	114	16.7154935253	30.5537280959	31.3252038478	10.945
3098	0	4	1	474	29	17.189519944	29.2854811623	30.0788348137	11.843
3098	0	4	2	1821	113	17.189519944	28.6534097437	29.446763395	13.826
3099	0	4	1	433	27	21.0405965679	30.7892480063	31.7603416825	4.63
3099	0	4	2	1780	111	21.0405965679	31.9745741435	32.9456678197	9.874
3100	0	4	1	582	36	19.0840117294	27.0882177178	27.9690084809	8.126
3100	0	4	2	1931	120	19.0840117294	27.244214101	28.1250048641	9.181
3101	0	4	1	1218	76	24.2913788001	30.8181421732	31.9392702867	8.378
3101	0	4	2	2568	160	24.2913788001	28.0269323358	29.1480604494	6.473
3102	0	4	1	1269	79	23.1243858713	29.9067230749	30.9739905743	15.244
3102	0	4	2	2618	163	23.1243858713	28.9973223578	30.0645898572	17.465
3102	1	4	1	1268	79	23.1243858713	28.9854283082	30.0526958076	14.787
3102	1	4	2	2619	163	23.1243858713	29.6982040912	30.7654715906	13.591
3103	0	4	1	485	30	20.8619866515	31.828030105	32.7908803381	8.882
3103	0	4	2	1831	114	20.8619866515	30.0676269256	31.0304771587	10.945
3104	0	4	1	551	34	23.0568245482	29.1092585262	30.1734078453	13.165
3104	0	4	2	1895	118	23.0568245482	31.6091829319	32.673332251	9.528
3105	0	4	1	1269	79	28.9966632352	27.9688094192	29.3071020958	7.685
3105	0	4	2	2619	163	28.9966632352	28.4370351747	29.7753278513	15.843
3106	0	4	1	209	13	26.6025637118	30.2647075319	31.4925045341	12.315
3106	0	4	2	1553	97	26.6025637118	29.2601150655	30.4879120677	9.04
3107	0	4	1	216	13	25.6728447878	31.8061421938	32.9910295683	8.22
3107	0	4	2	1559	97	25.6728447878	35.8744110422	37.0592984166	7.937
3108	0	4	1	430	26	22.7695177696	29.0736092782	30.1244984317	9.78
3108	0	4	2	1776	111	22.7695177696	29.7334981425	30.784387296	13.402
3109	0	4	1	1269	79	19.6969699411	29.3453503069	30.2544311349	7.78
3109	0	4	2	2619	163	19.6969699411	28.8351073985	29.7441882265	8.787
3110	0	4	1	471	29	23.973715579	41.8337189278	42.9401858247	25.323
3110	0	4	2	1817	113	23.973715579	28.1619379253	29.2684048222	4.472
3111	0	4	1	1056	66	22.9239805693	33.4783220451	34.5363401718	4.582
3111	0	4	2	2401	150	22.9239805693	33.4402548569	34.4982729836	8.409
3112	0	4	1	470	29	20.9444381814	31.4781300168	32.4447856629	7.024
3112	0	4	2	1817	113	20.9444381814	27.8130570877	28.7797127338	6.346
3113	0	4	1	1063	66	27.2731246031	26.7228729032	27.981618526	8.882
3113	0	4	2	2411	150	27.2731246031	29.0224881497	30.2812337726	11.811
3114	0	4	1	1248	78	21.7066903676	28.0405964772	29.0424326029	8.662
3114	0	4	2	2597	162	21.7066903676	27.8120252387	28.8138613643	6
3115	0	4	1	1090	68	24.1451438601	32.6840127149	33.7983915984	4.504
3115	0	4	2	2438	152	24.1451438601	32.6951417578	33.8095206414	6.347
3116	0	4	1	1271	79	22.8613121212	29.6672488113	30.7223745801	7.37
3116	0	4	2	2619	163	22.8613121212	28.6180347962	29.673160565	10.315
3117	0	4	1	1040	65	18.0022462305	29.2045797701	30.0354434491	8.63
3117	0	4	2	2406	150	18.0022462305	28.6016827748	29.4325464537	7.685
3118	0	4	1	584	36	21.2596635312	30.1018104093	31.0830147562	10.315
3118	0	4	2	1928	120	21.2596635312	34.1501818895	35.1313862364	7.654
3119	0	4	1	473	29	19.8377186959	31.7135937448	32.6291705971	15.748
3119	0	4	2	1818	113	19.8377186959	31.4040425137	32.319619366	11.78
3120	0	4	1	154	9	26.8440897907	32.0019955624	33.2409397983	14.126
3120	0	4	2	1495	93	26.8440897907	30.3665799779	31.6055242139	13.212
3121	0	4	1	1275	79	20.1326782556	31.9410241818	32.8702144011	7.118
3121	0	4	2	2625	164	20.1326782556	31.9607402019	32.8899304212	11.811
3122	0	4	1	1094	68	22.1628502419	32.5428915426	33.5657809672	15.481
3122	0	4	2	2441	152	22.1628502419	31.7910365342	32.8139259588	7.559
3123	0	4	1	520	32	18.6902748526	31.319205904	32.1818243976	10.945
3123	0	4	2	1867	116	18.6902748526	30.2148189637	31.0774374573	4.378
3124	0	4	1	513	32	22.4050880067	32.0217321875	33.0558016925	4.504
3124	0	4	2	1859	116	22.4050880067	30.9296781875	31.9637476925	15.811
3125	0	4	1	415	25	22.9753127461	28.0748153699	29.1352026476	4.976
3125	0	4	2	1764	110	22.9753127461	28.9478088558	30.0081961336	5.654
3126	0	4	1	1000	62	25.8720284995	18.9196044045	20.1136847712	9.654
3126	0	4	2	2330	145	25.8720284995	32.5793968386	33.7734772053	7.591
3127	0	4	1	155	9	24.3459125567	31.8124695767	32.9361146049	8.032
3127	0	4	2	1496	93	24.3459125567	29.5419683656	30.6656133939	20.788
3128	0	4	1	918	57	27.0949301652	27.853932878	29.1044542334	9.968
3128	0	4	2	2262	141	27.0949301652	29.2490809729	30.4996023283	7.685
3129	0	4	1	429	26	21.5437928043	30.1339856655	31.1283035256	11.559
3129	0	4	2	1774	110	21.5437928043	31.1014490107	32.0957668707	5.071
3130	0	4	1	471	29	19.4337004392	29.752080952	30.6490110149	6.977
3130	0	4	2	1817	113	19.4337004392	29.8527292752	30.749659338	6.74
3131	0	4	1	1220	76	20.874071726	34.5028884946	35.4662964942	5.905
3131	0	4	2	2569	160	20.874071726	30.2450930113	31.2085010109	19.969
3132	0	4	1	378	23	18.5103973566	25.3331693415	26.187485889	13.433
3132	0	4	2	1723	107	18.5103973566	26.4135078365	27.267824384	11.748
3133	0	4	1	903	56	28.5328732231	28.2136356739	29.5305228953	18.992
3133	0	4	2	2245	140	28.5328732231	30.3999752585	31.7168624799	8.63
3134	0	4	1	607	37	18.0629761134	29.9963626847	30.8300292502	6.945
3134	0	4	2	1955	122	18.0629761134	30.208153438	31.0418200035	5.811
3135	0	4	1	598	37	17.8552088144	28.5658046306	29.3898820426	16.189
3135	0	4	2	1947	121	17.8552088144	26.8714364498	27.6955138618	5.338
3136	0	4	1	434	27	20.3932661652	28.383456663	29.324673883	5.024
3136	0	4	2	1782	111	20.3932661652	29.3726640623	30.3138812824	7.874
3137	0	4	1	1258	78	15.338829685	28.8044292304	29.5123673565	5.417
3137	0	4	2	2609	163	15.338829685	28.2060774454	28.9140155715	20.378
3138	0	4	1	429	26	21.4449970183	26.7235082189	27.713266324	7.906
3138	0	4	2	1769	110	21.4449970183	31.4237389565	32.4134970616	6.189
3139	0	4	1	1094	68	19.6412297008	30.5532773498	31.4597855799	12.441
3139	0	4	2	2444	152	19.6412297008	29.4683063856	30.3748146157	4.315
3140	0	4	1	215	13	24.8336093796	25.4817511088	26.6279049713	8.551
3140	0	4	2	1558	97	24.8336093796	26.5500567002	27.6962105627	15.937
3141	0	4	1	478	29	15.6444121235	32.309155447	33.0311972215	4.472
3141	0	4	2	1826	114	15.6444121235	30.5130018254	31.2350435998	10.157
3142	0	4	1	937	58	27.6742146877	29.591596759	30.8688540264	18.221
3142	0	4	2	2285	142	27.6742146877	32.1508247779	33.4280820453	4.599
3143	0	4	1	591	36	18.3440065746	29.4470572761	30.2936943343	9.717
3143	0	4	2	1940	121	18.3440065746	29.3306139538	30.177251012	7.386
3144	0	4	1	811	50	23.95035058	29.045280391	30.1506689153	9.685
3144	0	4	2	2153	134	23.95035058	27.8350883525	28.9404768768	9.496
3145	0	4	1	108	6	19.723057362	28.3700215874	29.2803064369	19.811
3145	0	4	2	1449	90	19.723057362	30.6067607675	31.5170456169	7.165
3146	0	4	1	951	59	25.4998682411	30.772260535	31.9491644651	10.378
3146	0	4	2	2293	143	25.4998682411	30.9254740987	32.1023780288	10.284
3147	0	4	1	545	34	24.1483290349	32.2692830882	33.3838089782	6.189
3147	0	4	2	1891	118	24.1483290349	29.4736258893	30.5881517793	6.599
3148	0	4	1	1240	77	21.9388715808	29.3867855415	30.3993376041	4.157
3148	0	4	2	2590	161	21.9388715808	30.9467433454	31.9592954081	11.622
3149	0	4	1	1243	77	26.6599807842	32.251151381	33.4815983725	10.126
3149	0	4	2	2593	162	26.6599807842	31.3283266312	32.5587736227	15.685
3149	1	4	1	1241	77	26.6599807842	28.8988756654	30.129322657	8.788
3149	1	4	2	2594	162	26.6599807842	30.3347831332	31.5652301247	19.716
3150	0	4	1	865	54	27.2691059378	29.4619644169	30.7205245649	14.252
3150	0	4	2	2209	138	27.2691059378	32.5812552015	33.8398153496	12.189
3151	0	4	1	552	34	18.7082728766	30.2333366382	31.0967858006	8.85
3151	0	4	2	1894	118	18.7082728766	29.5027162704	30.3661654328	13.401
3151	1	4	1	553	34	18.7082728766	29.0375290001	29.9009781624	12.536
3151	1	4	2	1895	118	18.7082728766	26.5918412564	27.4552904188	4.582
3152	0	4	1	1104	69	23.4943444124	29.5841276478	30.6684699672	10.441
3152	0	4	2	2453	153	23.4943444124	31.1720991812	32.2564415007	13.843
3153	0	4	1	810	50	24.5848589956	27.8922353493	29.0269085523	13.653
3153	0	4	2	2153	134	24.5848589956	29.4283036013	30.5629768043	10.031
3153	1	4	1	802	50	24.5848589956	31.1178261172	32.2524993202	15.654
3153	1	4	2	2152	134	24.5848589956	29.9094599758	31.0441331788	12.267
3154	0	4	1	1004	62	23.1200778497	33.6468786802	34.71394735	14.787
3154	0	4	2	2350	146	23.1200778497	32.9397294181	34.006798088	11.874
3155	0	4	1	1240	77	23.0045652495	31.4378818858	32.499619264	11.622
3155	0	4	2	2589	161	23.0045652495	30.8909244787	31.9526618569	6.725
3156	0	4	1	488	30	20.8819656162	31.7803399864	32.7441123153	10.913
3156	0	4	2	1832	114	20.8819656162	29.2363079274	30.2000802564	10.662
3157	0	4	1	918	57	22.5716087401	33.6909120362	34.7326670281	7.055
3157	0	4	2	2269	141	22.5716087401	33.1094779591	34.1512329511	6.441
3158	0	4	1	807	50	24.2554597172	27.3910719502	28.5105422784	16.504
3158	0	4	2	2149	134	24.2554597172	26.238547749	27.3580180772	8.771
3159	0	4	1	547	34	23.0242959271	28.9768432186	30.0394912334	11.37
3159	0	4	2	1894	118	23.0242959271	32.057233378	33.1198813929	9.653
3160	0	4	1	444	27	21.4382746974	28.8468599378	29.8363077855	6.188
3160	0	4	2	1791	111	21.4382746974	28.5818020986	29.5712499462	11.008
3161	0	4	1	431	26	21.811469464	30.0134108371	31.0200828673	4.315
3161	0	4	2	1779	111	21.811469464	29.6357882987	30.6424603289	6.315
3162	0	4	1	473	29	25.2158165437	25.6653405293	26.8291345266	12.504
3162	0	4	2	1818	113	25.2158165437	25.6779451799	26.8417391772	5.637
3163	0	4	1	1026	64	22.0603987406	34.7495931165	35.7677540627	14.661
3163	0	4	2	2372	148	22.0603987406	27.5318902113	28.5500511576	4.819
3164	0	4	1	1062	66	23.5267526125	27.8938199182	28.9796579841	5.843
3164	0	4	2	2410	150	23.5267526125	27.5790189458	28.6648570117	16.582
3165	0	4	1	1061	66	25.566861953	31.2912129752	32.4712088884	16.221
3165	0	4	2	2408	150	25.566861953	29.9996250703	31.1796209835	13.969
3166	0	4	1	1042	65	27.0147237796	28.9226003165	30.1694198799	5.086
3166	0	4	2	2393	149	27.0147237796	30.0738274539	31.3206470173	15.622
3166	1	4	1	1040	65	27.0147237796	26.5188472946	27.765666858	16.725
3166	1	4	2	2394	149	27.0147237796	28.2245234568	29.4713430202	17.055
3167	0	4	1	452	28	22.1710201162	29.3354208688	30.3586873603	22.677
3167	0	4	2	1798	112	22.1710201162	29.490878789	30.5141452806	5.78
3168	0	4	1	1248	78	19.9861452732	27.0882258754	28.010653109	4.519
3168	0	4	2	2598	162	19.9861452732	28.036664731	28.9590919646	6.63
3170	0	4	1	561	35	24.3351753808	28.2377495749	29.3608990466	11.685
3170	0	4	2	1901	118	24.3351753808	29.1599669364	30.2831164082	5.055
3170	1	4	1	557	34	24.3351753808	27.3501899686	28.4733394404	16.126
3170	1	4	2	1896	118	24.3351753808	28.9398081147	30.0629575864	12.866
3171	0	4	1	569	35	27.9397836464	27.9495741747	29.2390883348	10.897
3171	0	4	2	1918	119	27.9397836464	26.3128354706	27.6023496308	6.693
3172	0	4	1	547	34	27.672631224	26.8623517301	28.1395359153	10.394
3172	0	4	2	1893	118	27.672631224	33.6993817181	34.9765659034	9.685
3173	0	4	1	865	54	23.5958458581	33.6324608606	34.7214878102	7.685
3173	0	4	2	2220	138	23.5958458581	28.142619587	29.2316465366	8.031
3174	0	4	1	1217	76	20.0784408667	29.0419298902	29.9686168732	6.41
3174	0	4	2	2566	160	20.0784408667	30.6053734928	31.5320604758	6.599
3175	0	4	1	486	30	18.5046031414	28.5775501624	29.4315992875	12.378
3175	0	4	2	1831	114	18.5046031414	29.4481025563	30.3021516814	10.897
3176	0	4	1	485	30	21.7838697745	30.1544576842	31.1598558968	9.653
3176	0	4	2	1829	114	21.7838697745	31.9921963699	32.9975945825	6.22
3177	0	4	1	513	32	18.5010615111	31.2002058127	32.0540914798	13.087
3177	0	4	2	1861	116	18.5010615111	33.4606510067	34.3145366737	10.708
