event_index	pair_index	fold	layer	pixel	half_bar	ecal_time_ns	cdet_time_master_ns	cdet_time_candidate_ns	tot_ns
0	0	0	1	440	27	19.7270819669	28.1107301165	30.6754454914	14.756
0	0	0	2	1784	111	19.7270819669	27.4404455698	30.0051609446	7.527
0	1	0	1	439	27	19.7270819669	26.8920392011	29.456754576	9.779
0	1	0	2	1785	111	19.7270819669	28.8872734063	31.4519887812	8.677
1	0	0	1	433	27	21.39563204	31.8262348325	34.6078781865	10.693
1	0	0	2	1780	111	21.39563204	31.1442068191	33.9258501731	17.842
2	0	0	1	487	30	20.2595528926	29.7193479711	32.3532898221	15.622
2	0	0	2	1832	114	20.2595528926	29.7905064357	32.4244482867	10.472
3	0	0	1	580	36	19.7982929481	31.7040238217	34.2779973271	11.118
3	0	0	2	1929	120	19.7982929481	33.2207415792	35.7947150846	5.464
4	0	0	1	902	56	27.2074124424	28.1886905806	31.725922753	8.661
4	0	0	2	2244	140	27.2074124424	28.6723751575	32.2096073299	5.968
5	0	0	1	1244	77	21.5784517354	30.2565570472	33.0619687662	7.086
5	0	0	2	2594	162	21.5784517354	25.6747908624	28.4802025814	19.166
6	0	0	1	476	29	20.0188483117	33.3741748396	35.9768227192	7.181
6	0	0	2	1824	114	20.0188483117	28.5443421223	31.1469900019	6.221
7	0	0	1	478	29	21.3312401471	30.6784232683	33.4516950406	9.071
7	0	0	2	1826	114	21.3312401471	29.3786574449	32.1519292173	10.882
8	0	0	1	431	26	16.0095380137	30.0520178915	32.1334158579	10.095
8	0	0	2	1777	111	16.0095380137	30.955398247	33.0367962134	5.15
9	0	0	1	456	28	25.2688125726	28.983479912	32.2686749661	7.024
9	0	0	2	1802	112	25.2688125726	28.8249091582	32.1101042123	8.41
10	0	0	1	1229	76	21.2587750835	29.110449426	31.8743000248	11.905
10	0	0	2	2580	161	21.2587750835	27.1306957715	29.8945463703	4.063
11	0	0	1	440	27	25.0517575103	27.8584677989	31.1154435524	10.409
11	0	0	2	1784	111	25.0517575103	27.5986782418	30.8556539953	5.685
12	0	0	1	1211	75	20.1068951444	26.0388879391	28.652982776	4.504
12	0	0	2	2561	160	20.1068951444	28.1898632322	30.8039580692	11.134
13	0	0	1	1211	75	19.761695608	32.0293075338	34.5985230237	9.134
13	0	0	2	2561	160	19.761695608	33.1999479876	35.7691634775	12.283
14	0	0	1	440	27	19.0488840442	33.9409821519	36.4175251025	8.378
14	0	0	2	1787	111	19.0488840442	33.9259275952	36.4024705459	5.937
15	0	0	1	431	26	19.6695811152	34.8726869494	37.429926646	9.055
15	0	0	2	1777	111	19.6695811152	35.350179295	37.9074189915	5.969
16	0	0	1	431	26	16.9880152085	29.762490882	31.9711005419	15.78
16	0	0	2	1779	111	16.9880152085	30.7743526724	32.9829623322	13.433
17	0	0	1	432	27	18.2814711074	29.0044056873	31.3811773813	9.465
17	0	0	2	1779	111	18.2814711074	31.134226904	33.510998598	12.189
18	0	0	1	429	26	21.5358492629	37.2945864708	40.0944594479	8.378
18	0	0	2	1774	110	21.5358492629	33.5958109298	36.3956839068	11.023
19	0	0	1	1022	63	27.4544079091	26.726640503	30.2959845241	13.418
19	0	0	2	2368	148	27.4544079091	21.2616453432	24.8309893643	20.158
20	0	0	1	431	26	18.8970180409	30.3686453209	32.8254441921	9.197
20	0	0	2	1775	110	18.8970180409	31.6276087634	34.0844076346	12.645
21	0	0	1	1095	68	21.0056211796	32.4667656419	35.1977037345	5.181
21	0	0	2	2442	152	21.0056211796	34.4602091497	37.1911472422	6.85
23	0	0	1	431	26	15.5834474807	29.4537230367	31.4797250279	8.567
23	0	0	2	1779	111	15.5834474807	34.3335913884	36.3595933797	8.599
24	0	0	1	471	29	18.5285681212	27.5202024444	29.9290991892	5.748
24	0	0	2	1817	113	18.5285681212	30.6088706271	33.0177673719	8.567
25	0	0	1	308	19	25.5480777069	26.408104591	29.7296068691	8.724
25	0	0	2	1651	103	25.5480777069	27.3600575165	30.6815597946	4.63
26	0	0	1	816	51	20.4308876407	29.4515004248	32.1077174843	16.063
26	0	0	2	2158	134	20.4308876407	31.1012560018	33.7574730613	10.157
27	0	0	1	431	26	17.8378851312	29.0856884165	31.4047895551	11.244
27	0	0	2	1779	111	17.8378851312	32.3234867977	34.6425879364	5.874
28	0	0	1	469	29	27.5230358431	29.3814308305	32.9596971604	10
28	0	0	2	1816	113	27.5230358431	23.9609826332	27.5392489632	6.409
29	0	0	1	438	27	15.0201397484	30.2853885564	32.2381549823	4.819
29	0	0	2	1783	111	15.0201397484	32.3617685623	34.3145349882	8.284
30	0	0	1	433	27	18.0088591167	31.7660726342	34.1074020786	16.346
30	0	0	2	1779	111	18.0088591167	30.1047925805	32.4461220248	8.661
31	0	0	1	211	13	26.8572185929	25.3821552348	28.8738587501	7.716
31	0	0	2	1554	97	26.8572185929	26.2198779083	29.7115814236	8.095
32	0	0	1	530	33	20.0328581748	27.0913318371	29.6958011372	14.393
32	0	0	2	1879	117	20.0328581748	27.874008111	30.4784774111	11.102
33	0	0	1	1217	76	20.9903431677	30.9674732003	33.6964250005	7.134
33	0	0	2	2567	160	20.9903431677	32.1769970303	34.9059488305	8.819
34	0	0	1	430	26	22.922432904	31.1386824	34.1188249369	12.331
34	0	0	2	1776	111	22.922432904	29.2852907185	32.2654332554	4.157
35	0	0	1	437	27	18.7553477066	30.676118323	33.1144986523	11.26
35	0	0	2	1782	111	18.7553477066	30.4002547675	32.8386350968	14.095
36	0	0	1	440	27	19.6336865778	29.8811141068	32.4336871592	7.307
36	0	0	2	1785	111	19.6336865778	31.220529217	33.7731022695	4.252
37	0	0	1	440	27	15.9019834408	28.2804861208	30.3479009311	5.102
37	0	0	2	1784	111	15.9019834408	30.0198132943	32.0872281045	8.095
38	0	0	1	445	27	21.0061488187	29.3033938975	32.0344005883	5.496
38	0	0	2	1791	111	21.0061488187	29.2876594138	32.0186661046	10.032
39	0	0	1	488	30	22.5829924006	27.2473365976	30.1833485185	11.843
39	0	0	2	1832	114	22.5829924006	29.6510921551	32.5871040761	11.087
40	0	0	1	430	26	17.6847278225	30.2286457422	32.5278349189	13.906
40	0	0	2	1776	111	17.6847278225	32.7607146821	35.0599038589	7.212
41	0	0	1	433	27	21.3090951139	28.3939054034	31.1642981029	9.779
41	0	0	2	1780	111	21.3090951139	28.2073191539	30.9777118533	8.472
42	0	0	1	528	33	19.3466012823	26.7073134108	29.222562541	12.536
42	0	0	2	1876	117	19.3466012823	29.4314529018	31.946702032	11.795
43	0	0	1	444	27	16.711532681	30.4433941687	32.616058371	5.559
43	0	0	2	1791	111	16.711532681	30.9753787991	33.1480430013	9.323
45	0	0	1	430	26	17.4092844389	31.4658221936	33.7292010117	11.685
45	0	0	2	1776	111	17.4092844389	29.7344031972	31.9977820153	7.685
46	0	0	1	439	27	23.0670341592	29.1775932621	32.1765353895	8
46	0	0	2	1784	111	23.0670341592	29.0101790159	32.0091211433	6.315
47	0	0	1	485	30	24.512773128	28.9412317009	32.1281341646	10.787
47	0	0	2	1830	114	24.512773128	31.1283232501	34.3152257138	9.748
48	0	0	1	442	27	17.0666952942	30.5942470444	32.8130858921	6
48	0	0	2	1788	111	17.0666952942	29.2607152516	31.4795540992	18.126
49	0	0	1	433	27	18.9466524391	31.6419778172	34.1052296501	4.756
49	0	0	2	1781	111	18.9466524391	31.0464472028	33.5096990357	14
50	0	0	1	438	27	17.5066794113	28.4134764022	30.689517528	10.315
50	0	0	2	1784	111	17.5066794113	30.1606967659	32.4367378917	7.591
51	0	0	1	485	30	27.8265002857	27.9026977985	31.5204175013	12.536
51	0	0	2	1830	114	27.8265002857	27.1930888731	30.8108085759	7.906
52	0	0	1	920	57	26.3646392857	25.6854173195	29.1130806628	20.504
52	0	0	2	2263	141	26.3646392857	28.6350751315	32.0627384748	14.063
53	0	0	1	439	27	24.7840375238	29.902862138	33.1250316507	7.969
53	0	0	2	1784	111	24.7840375238	28.2412608461	31.4634303588	12.094
54	0	0	1	1223	76	20.3360438318	30.5795621019	33.22344853	7.449
54	0	0	2	2572	160	20.3360438318	31.5794011755	34.2232876037	8
55	0	0	1	443	27	18.8739487222	29.2229067635	31.6767063956	13.717
55	0	0	2	1788	111	18.8739487222	28.9377140482	31.3915136802	7.748
56	0	0	1	430	26	15.8123414662	28.0763434456	30.1321039143	5.181
56	0	0	2	1776	111	15.8123414662	28.416130507	30.4718909758	12
57	0	0	1	1103	68	23.5737822478	31.6211568028	34.6859811836	13.591
57	0	0	2	2452	153	23.5737822478	32.626241096	35.6910654768	9.968
58	0	0	1	529	33	20.3506722593	29.7368600775	32.3826483456	9.102
58	0	0	2	1879	117	20.3506722593	30.4705744264	33.1163626945	8.126
59	0	0	1	538	33	19.0300094213	31.6208090822	34.0948981455	5.165
59	0	0	2	1888	118	19.0300094213	30.2439727589	32.7180618222	14.221
59	1	0	1	526	32	19.0300094213	10.3800865013	12.8541755647	6.756
59	1	0	2	1874	117	19.0300094213	12.1008949354	14.5749839988	10.693
60	0	0	1	1094	68	22.8339416608	31.6210572673	34.5896950691	6.378
60	0	0	2	2441	152	22.8339416608	30.2837399757	33.2523777775	9.653
61	0	0	1	1092	68	19.2874763142	36.8761769849	39.3837392857	6.788
61	0	0	2	2437	152	19.2874763142	36.3699869964	38.8775492972	5.654
62	0	0	1	567	35	21.1510021535	35.5299209099	38.2797599641	5.292
62	0	0	2	1917	119	21.1510021535	34.984818025	37.7346570791	12.929
63	0	0	1	457	28	20.8169275546	31.3064355065	34.0128415653	4.85
63	0	0	2	1802	112	20.8169275546	31.7029926967	34.4093987554	11.874
64	0	0	1	431	26	18.9551835805	28.4635621481	30.9279231136	7.339
64	0	0	2	1779	111	18.9551835805	31.7582968985	34.222657864	7.842
65	0	0	1	440	27	20.5334581452	29.8699026221	32.5394548596	8.315
65	0	0	2	1787	111	20.5334581452	31.4599021009	34.1294543384	14.819
66	0	0	1	1234	77	20.745596553	29.4536379996	32.1507703241	6.347
66	0	0	2	2583	161	20.745596553	30.0808260465	32.777958371	12.661
67	0	0	1	415	25	17.4828010307	31.6905754474	33.9635121481	11.228
67	0	0	2	1763	110	17.4828010307	32.4970149295	34.7699516301	16
68	0	0	1	138	8	26.0566389957	28.6805867396	32.068207005	6.992
68	0	0	2	1479	92	26.0566389957	26.8128353768	30.2004556423	10.157
69	0	0	1	931	58	23.960067127	27.1333167335	30.2483619615	12
69	0	0	2	2273	142	23.960067127	26.1846493921	29.2996946201	10.693
70	0	0	1	422	26	18.1102042856	29.0222150038	31.3767203204	22.504
70	0	0	2	1768	110	18.1102042856	30.1393778589	32.4938831756	18.598
71	0	0	1	437	27	20.9548721198	33.6125707789	36.3369109927	7.654
71	0	0	2	1783	111	20.9548721198	33.2283321901	35.952672404	6.85
72	0	0	1	262	16	25.380906992	27.3564686561	30.6562370912	18.787
72	0	0	2	1605	100	25.380906992	28.7155130964	32.0152815315	9.008
73	0	0	1	438	27	18.0434406603	34.968343443	37.3141688294	8.725
73	0	0	2	1783	111	18.0434406603	33.4306821224	35.7765075087	6.189
74	0	0	1	439	27	28.9419234816	24.6802567695	28.4429924977	12
74	0	0	2	1782	111	28.9419234816	27.0275066927	30.790242421	5.969
75	0	0	1	564	35	17.305918335	32.8829462392	35.1328864435	9.779
75	0	0	2	1912	119	17.305918335	33.0651730097	35.3151132139	7.166
76	0	0	1	432	27	19.9774070073	29.9679497649	32.5652098658	7.937
76	0	0	2	1779	111	19.9774070073	31.5736835151	34.1709436161	9.874
77	0	0	1	439	27	20.1450189905	32.7965131987	35.4155645119	12.977
77	0	0	2	1788	111	20.1450189905	29.3467287586	31.9657800719	15.496
78	0	0	1	430	26	19.3161008245	33.4879326687	35.9992164384	12.897
78	0	0	2	1776	111	19.3161008245	31.9446627827	34.4559465524	10.252
79	0	0	1	520	32	22.4779189658	32.0797854214	35.0021367587	6.252
79	0	0	2	1867	116	22.4779189658	33.7536239504	36.6759752877	11.149
80	0	0	1	422	26	16.3558607867	32.6640891409	34.7905124862	5.103
80	0	0	2	1771	110	16.3558607867	33.1827779753	35.3092013206	9.339
81	0	0	1	433	27	19.6901083708	34.4552645019	37.0151729443	5.149
81	0	0	2	1779	111	19.6901083708	34.6760800194	37.2359884618	7.716
82	0	0	1	169	10	19.0997271137	26.6121052567	29.0952583083	11.244
82	0	0	2	1511	94	19.0997271137	28.2947284614	30.7778815129	13.685
83	0	0	1	488	30	23.7450690837	31.3623990046	34.4494923648	14.914
83	0	0	2	1833	114	23.7450690837	30.8108163456	33.8979097058	11.165
84	0	0	1	440	27	16.9621833901	29.7004797456	31.9057310142	13.086
84	0	0	2	1787	111	16.9621833901	30.3982866668	32.6035379353	14.913
85	0	0	1	1220	76	19.3817692955	29.5050559192	32.0248772383	10.094
85	0	0	2	2569	160	19.3817692955	29.7643311444	32.2841524635	16
86	0	0	1	470	29	16.9049028693	28.5262538548	30.7240580902	10.33
86	0	0	2	1816	113	16.9049028693	30.5251832241	32.7229874595	9.496
87	0	0	1	452	28	25.0160772376	29.9373971192	33.1897340851	15.748
87	0	0	2	1797	112	25.0160772376	30.6070727636	33.8594097295	6.63
88	0	0	1	477	29	18.5732368421	28.0037793134	30.4184834329	5.37
88	0	0	2	1828	114	18.5732368421	26.5475198316	28.962223951	5.716
89	0	0	1	440	27	20.3677600407	31.0721638043	33.7201736527	6.898
89	0	0	2	1787	111	20.3677600407	29.8238286111	32.4718384595	14.882
90	0	0	1	414	25	16.3422528809	30.5411212704	32.6657754536	10.315
90	0	0	2	1763	110	16.3422528809	32.1454084405	34.2700626237	11.338
92	0	0	1	439	27	16.4928643816	31.5260273502	33.6702625151	8.473
92	0	0	2	1784	111	16.4928643816	29.7087806227	31.8530157876	10.346
93	0	0	1	529	33	23.5879654555	30.5766582389	33.6433265767	13.086
93	0	0	2	1876	117	23.5879654555	30.6972091847	33.7638775225	7.527
94	0	0	1	253	15	26.0864366703	28.6224649398	32.0139591971	8.063
94	0	0	2	1594	99	26.0864366703	23.946140682	27.3376349393	5.323
95	0	0	1	440	27	17.8057754411	11.6198221707	13.9347487327	14.378
95	0	0	2	1775	110	17.8057754411	9.64390073598	11.9588272979	10.126
96	0	0	1	437	27	15.1772638549	27.4403520943	29.4135462049	6.252
96	0	0	2	1783	111	15.1772638549	27.2367113041	29.2099054147	9.653
97	0	0	1	431	26	19.0171693101	29.777997554	32.2504172761	13.559
97	0	0	2	1779	111	19.0171693101	31.0610801886	33.5334999108	6.504
98	0	0	1	103	6	26.7469848576	18.4050350007	21.8824070424	22.063
98	0	0	2	1444	90	26.7469848576	30.4790351751	33.9564072168	12.771
99	0	0	1	1214	75	20.8417548071	27.0911060132	29.8007398599	4.708
99	0	0	2	2564	160	20.8417548071	27.992626632	30.7022604786	13.197
100	0	0	1	430	26	18.8556337626	28.63923255	31.0906510565	12.945
100	0	0	2	1776	111	18.8556337626	31.0946781655	33.546096672	11.339
101	0	0	1	902	56	21.4378508334	30.5691568505	33.3562890644	9.48
101	0	0	2	2245	140	21.4378508334	27.7201091921	30.507241406	10.504
102	0	0	1	415	25	17.5252613285	30.3746475939	32.6531045524	8.457
102	0	0	2	1762	110	17.5252613285	30.8241529017	33.1026098602	10.882
103	0	0	1	440	27	25.1507585948	30.5087434196	33.7785902913	7.905
103	0	0	2	1787	111	25.1507585948	29.0625067633	32.332353635	13.276
104	0	0	1	447	27	19.6002437941	29.9639363393	32.5121614997	4.85
104	0	0	2	1793	112	19.6002437941	30.262337952	32.8105631125	6.094
105	0	0	1	821	51	23.9649169134	26.7731462142	29.8888219623	10.126
105	0	0	2	2165	135	23.9649169134	30.6490399988	33.7647157469	9.748
106	0	0	1	438	27	18.6648952705	30.4044994006	32.8311200205	7.874
106	0	0	2	1783	111	18.6648952705	31.3751978572	33.801818477	12
107	0	0	1	413	25	18.4003910577	32.4080060527	34.800238514	5.275
107	0	0	2	1762	110	18.4003910577	33.6485009997	36.040733461	8.819
108	0	0	1	440	27	20.3482898212	28.1992743139	30.8447528415	6
108	0	0	2	1788	111	20.3482898212	30.7037202874	33.349198815	14.095
109	0	0	1	938	58	23.5353257973	30.7199270108	33.7797516735	9.055
109	0	0	2	2284	142	23.5353257973	29.3946470099	32.4544716725	9.748
110	0	0	1	429	26	16.4190531797	28.4814240874	30.6160630675	17.102
110	0	0	2	1775	110	16.4190531797	31.1885911818	33.3232301619	13.969
111	0	0	1	433	27	18.2061141914	30.6010602637	32.9680348148	6.173
111	0	0	2	1781	111	18.2061141914	29.7381494662	32.1051240173	14.63
112	0	0	1	264	16	24.2087608294	28.2041301053	31.3515079694	6.094
112	0	0	2	1608	100	24.2087608294	29.6055349302	32.7529127942	12.158
113	0	0	1	437	27	22.4592316365	31.0235522721	33.9434740721	10.898
113	0	0	2	1783	111	22.4592316365	30.9492588652	33.8691806653	15.559
114	0	0	1	432	27	18.1183117461	29.1639788981	31.5195382646	6.866
114	0	0	2	1779	111	18.1183117461	29.4548096465	31.8103690131	5.528
115	0	0	1	430	26	21.2900943955	29.6572046335	32.4251270521	16.598
115	0	0	2	1776	111	21.2900943955	32.541125466	35.3090478845	9.654
116	0	0	1	430	26	23.8724344351	28.9488801279	32.052532241	9.843
116	0	0	2	1777	111	23.8724344351	29.8390871058	32.9427392189	10.598
117	0	0	1	429	26	16.5771330941	34.2975944672	36.4527853966	8.52
117	0	0	2	1774	110	16.5771330941	33.640285366	35.7954762953	11.149
118	0	0	1	434	27	17.6424109796	29.9428080297	32.2364955992	8.441
118	0	0	2	1781	111	17.6424109796	33.5913473742	35.8850349437	9.905
119	0	0	1	1021	63	23.3319928895	25.5169044886	28.5502938663	11.496
119	0	0	2	2365	147	23.3319928895	30.6419096969	33.6752990745	5.685
120	0	0	1	1229	76	21.6330867911	27.7466150881	30.5591299036	9.528
120	0	0	2	2580	161	21.6330867911	29.9969824593	32.8094972748	13.023
121	0	0	1	1021	63	23.3001399649	30.4327060692	33.4619542522	12.189
121	0	0	2	2368	148	23.3001399649	29.7058948368	32.7351430198	9.118
122	0	0	1	439	27	17.9434192062	30.5654710088	32.8982926189	5.937
122	0	0	2	1783	111	17.9434192062	31.8826295234	34.2154511335	5.937
123	0	0	1	1095	68	17.1162078818	31.4060673939	33.6313433666	5.59
123	0	0	2	2444	152	17.1162078818	33.4280746054	35.6533505781	15.496
124	0	0	1	433	27	16.0680195736	29.6876762131	31.7766773595	4.441
124	0	0	2	1781	111	16.0680195736	27.4323221184	29.5213232648	8.362
125	0	0	1	430	26	18.8499208608	32.4735778524	34.9242536253	10.378
125	0	0	2	1776	111	18.8499208608	33.4299675728	35.8806433457	8.504
126	0	0	1	487	30	20.7930460601	29.71522053	32.4185217587	6.646
126	0	0	2	1832	114	20.7930460601	31.4859583918	34.1892596205	8.031
127	0	0	1	430	26	19.535079664	32.8783359929	35.4180891732	11.969
127	0	0	2	1775	110	19.535079664	32.0095587192	34.5493118995	8.803
128	0	0	1	430	26	17.9636799316	28.9429127308	31.2783684351	11.275
128	0	0	2	1776	111	17.9636799316	29.6087464718	31.9442021762	10
129	0	0	1	430	26	19.117971986	30.5574817629	33.0430068279	12.977
129	0	0	2	1776	111	19.117971986	31.5510502841	34.0365753491	14.961
130	0	0	1	430	26	17.1810356148	29.0487263732	31.2824305912	5.212
130	0	0	2	1776	111	17.1810356148	27.0153143385	29.2490185564	8.157
131	0	0	1	375	23	29.1276687584	27.7866277485	31.5735121962	12.598
131	0	0	2	1720	107	29.1276687584	25.0112537852	28.7981382328	19.842
132	0	0	1	438	27	18.4797835156	32.3876756653	34.7902299298	9.244
132	0	0	2	1783	111	18.4797835156	32.1856787778	34.5882330424	6.866
133	0	0	1	822	51	19.0896294672	30.6345991111	33.1164393689	4.126
133	0	0	2	2166	135	19.0896294672	29.0892977701	31.5711380279	13.181
134	0	0	1	488	30	23.5085523605	29.8652884676	32.9216323193	10.803
134	0	0	2	1835	114	23.5085523605	28.1155249125	31.1718687641	7.527
135	0	0	1	434	27	24.0491305387	30.30198438	33.4286087307	5.024
135	0	0	2	1781	111	24.0491305387	30.1154791931	33.2421035438	10.977
136	0	0	1	439	27	20.5945749612	28.8065457082	31.484043735	6.914
136	0	0	2	1784	111	20.5945749612	30.4007549166	33.0782529434	12.063
137	0	0	1	429	26	16.1777711823	29.9518485337	32.0551184726	11.78
137	0	0	2	1775	110	16.1777711823	32.1473646576	34.2506345965	7.15
139	0	0	1	380	23	18.8464773612	32.0043217328	34.4545498167	4.567
139	0	0	2	1727	107	18.8464773612	33.5759337285	36.0261618125	7.071
140	0	0	1	1227	76	27.3833452731	29.7022094595	33.2623146365	9.559
140	0	0	2	2579	161	27.3833452731	29.6584501325	33.2185553095	11.118
141	0	0	1	438	27	19.6923598057	30.2676431605	32.8278443117	7.055
141	0	0	2	1775	110	19.6923598057	30.0721377308	32.632338882	7.229
142	0	0	1	932	58	28.3583611811	27.5301839391	31.2170508082	12.992
142	0	0	2	2276	142	28.3583611811	29.3927422857	33.0796091548	6.63
143	0	0	1	1006	62	31.599127969	30.2962907546	34.4044892946	9.905
143	0	0	2	2351	146	31.599127969	30.4694010966	34.5775996366	4.189
144	0	0	1	429	26	18.4523014981	32.506787517	34.905768848	10.094
144	0	0	2	1776	111	18.4523014981	32.9455657845	35.3445471155	6.504
145	0	0	1	439	27	16.3050705115	30.405236746	32.5250568542	12.724
145	0	0	2	1784	111	16.3050705115	31.5249813281	33.6448014363	8.441
146	0	0	1	1093	68	21.8382660364	32.9373364575	35.7765266002	7.59
146	0	0	2	2441	152	21.8382660364	32.8634994581	35.7026896008	10.662
147	0	0	1	238	14	25.6960666271	28.4730785071	31.8138208056	6.22
147	0	0	2	1580	98	25.6960666271	22.7015330424	26.0422753408	5.276
148	0	0	1	429	26	20.2236318747	29.0095570246	31.6388287887	12.472
148	0	0	2	1776	111	20.2236318747	31.3990487697	34.0283205338	6.992
149	0	0	1	438	27	15.5718266414	29.1449018725	31.16939304	9.874
149	0	0	2	1784	111	15.5718266414	31.5791909342	33.6036821016	5.937
151	0	0	1	431	26	16.180552171	27.945435253	30.0490667479	13.748
151	0	0	2	1777	111	16.180552171	30.5173067088	32.6209382036	9.717
152	0	0	1	513	32	23.3107889804	30.9455417535	33.9761744137	4.283
152	0	0	2	1860	116	23.3107889804	31.2761838093	34.3068164695	8.252
153	0	0	1	417	26	18.7563497619	33.9875956856	36.4261062921	11.197
153	0	0	2	1764	110	18.7563497619	31.7075982591	34.1461088655	4.409
154	0	0	1	562	35	28.6157579347	29.7137622252	33.4340932129	8.378
154	0	0	2	1913	119	28.6157579347	27.9126210538	31.6329520416	5.559
155	0	0	1	205	12	23.4699214378	20.8574747238	23.9087961741	5.591
155	0	0	2	1542	96	23.4699214378	29.2151003223	32.2664217727	6.221
156	0	0	1	1006	62	22.2618153303	30.658866003	33.5531217346	6.882
156	0	0	2	2353	147	22.2618153303	30.2632001765	33.157455908	8.63
157	0	0	1	1082	67	25.1819232921	24.9507905273	28.2246891173	6.032
157	0	0	2	2429	151	25.1819232921	25.5561539307	28.8300525206	13.496
158	0	0	1	1224	76	20.8784516228	28.989120358	31.7035251529	13.181
158	0	0	2	2575	160	20.8784516228	28.2473134574	30.9617182523	6.378
159	0	0	1	439	27	20.447839028	30.8261791606	33.4846000677	4
159	0	0	2	1784	111	20.447839028	29.7958437548	32.454264662	5.622
160	0	0	1	121	7	23.8247848916	30.5468474778	33.6443046799	9.275
160	0	0	2	1460	91	23.8247848916	31.8612493797	34.9587065818	11.008
161	0	0	1	529	33	18.4331866741	26.6457522456	29.0422484608	11.465
161	0	0	2	1876	117	18.4331866741	29.1754939089	31.5719901241	11.307
162	0	0	1	431	26	16.1700915226	28.6896948056	30.7919663129	4.63
162	0	0	2	1779	111	16.1700915226	29.9697504114	32.0720219186	5.008
163	0	0	1	413	25	20.0279498158	33.4376443513	36.0414755163	5.118
163	0	0	2	1760	110	20.0279498158	32.5088943341	35.1127254991	9.212
164	0	0	1	434	27	20.8824221265	31.0095093102	33.7244303098	4.488
164	0	0	2	1774	110	20.8824221265	32.24803896	34.9629599595	10.866
164	1	0	1	433	27	20.8824221265	34.1973614707	36.9122824702	10.032
164	1	0	2	1787	111	20.8824221265	31.8275354495	34.542456449	17.874
165	0	0	1	1217	76	19.026799096	27.5364797361	30.0101514255	7.78
165	0	0	2	2566	160	19.026799096	28.2264496223	30.7001213117	11.149
166	0	0	1	438	27	18.4779596079	32.6212129549	35.0235300934	10.708
166	0	0	2	1783	111	18.4779596079	29.4349827343	31.8372998728	15.685
167	0	0	1	429	26	21.7141934958	33.7549991165	36.5780586042	7.401
167	0	0	2	1776	111	21.7141934958	32.8800510994	35.7031105871	11.37
168	0	0	1	1256	78	20.2558638037	32.5077644451	35.1412266782	10.157
168	0	0	2	2603	162	20.2558638037	29.2122538823	31.8457161153	17.874
169	0	0	1	1036	64	25.8714234406	14.7574395776	18.1209799927	11.244
169	0	0	2	2379	148	25.8714234406	22.9957730309	26.359313446	11.622
170	0	0	1	489	30	20.1585485046	29.3786671399	31.9994774236	17.622
170	0	0	2	1834	114	20.1585485046	30.3704210208	32.9912313044	12.567
171	0	0	1	879	54	25.5601178451	27.8202735154	31.1433411303	11.685
171	0	0	2	2220	138	25.5601178451	31.6087088416	34.9317764565	12
172	0	0	1	229	14	22.8691488257	28.130382581	31.1035976617	5.086
172	0	0	2	1571	98	22.8691488257	28.6014069752	31.574622056	9.26
173	0	0	1	863	53	23.3365978743	24.3252555819	27.359243653	8.063
173	0	0	2	2184	136	23.3365978743	33.3840583919	36.418046463	4.347
174	0	0	1	430	26	15.8075118421	28.9762256198	31.0313581898	10.41
174	0	0	2	1776	111	15.8075118421	29.1978988828	31.2530314528	14.535
175	0	0	1	997	62	18.1636065014	30.7515064057	33.1129545376	16.063
175	0	0	2	2342	146	18.1636065014	29.1958978623	31.5573459942	5.968
176	0	0	1	377	23	21.9631391649	29.9291014303	32.7845263123	4.095
176	0	0	2	1724	107	21.9631391649	32.3615974868	35.2170223687	13.496
177	0	0	1	1224	76	23.9598483572	29.8909788722	33.005995658	16.473
177	0	0	2	2574	160	23.9598483572	28.97511024	32.0901270257	12.347
178	0	0	1	170	10	25.195670562	26.5868798757	29.8625657465	7.244
178	0	0	2	1512	94	25.195670562	27.7480643523	31.0237502231	13.716
179	0	0	1	275	17	25.1771238113	28.1679269195	31.4412015296	13.528
179	0	0	2	1620	101	25.1771238113	29.5327749061	32.8060495162	12.284
180	0	0	1	431	26	23.8188262914	28.0948257184	31.1915082436	12.032
180	0	0	2	1779	111	23.8188262914	28.7814806713	31.8781631965	4.551
181	0	0	1	558	34	22.3455553196	27.9699465954	30.8750893522	8.488
181	0	0	2	1908	119	22.3455553196	26.7711979751	29.6763407318	5.323
182	0	0	1	473	29	21.2681497252	23.5287599314	26.2938293262	22.834
182	0	0	2	1818	113	21.2681497252	28.1308366133	30.8959060081	13.969
183	0	0	1	447	27	16.5313911516	30.413494525	32.5627385504	4.567
183	0	0	2	1792	112	16.5313911516	32.4954357868	34.6446798121	6.914
184	0	0	1	1010	63	25.9666757625	26.2097667019	29.585690859	9.748
184	0	0	2	2356	147	25.9666757625	29.6330705341	33.0089946912	9.118
186	0	0	1	430	26	18.2637391378	31.12534335	33.4998097129	13.527
186	0	0	2	1776	111	18.2637391378	30.923930364	33.2983967269	9.874
187	0	0	1	250	15	21.5614994822	31.068105281	33.8713130397	5.071
187	0	0	2	1592	99	21.5614994822	25.0867819894	27.8899897481	10.473
188	0	0	1	430	26	17.3802278019	29.714404063	31.9740052314	11.449
188	0	0	2	1777	111	17.3802278019	29.5384038178	31.7980049862	8.897
189	0	0	1	432	27	18.3687583399	33.8411062424	36.2292261382	4.645
189	0	0	2	1779	111	18.3687583399	32.9650628728	35.3531827686	12.693
190	0	0	1	288	18	29.1238214771	32.4839795003	36.2703637634	9.905
190	0	0	2	1631	101	29.1238214771	31.2434583125	35.0298425756	5.874
191	0	0	1	438	27	18.8605972933	30.0778806054	32.5299444199	14.882
191	0	0	2	1784	111	18.8605972933	30.9110756053	33.3631394198	10.031
192	0	0	1	431	26	18.6371008026	28.954693581	31.3777006457	13.465
192	0	0	2	1777	111	18.6371008026	29.7378919694	32.1608990341	9.591
193	0	0	1	430	26	21.5000825951	30.3970925911	33.1923155483	8.252
193	0	0	2	1777	111	21.5000825951	28.8535611595	31.6487841167	4.693
194	0	0	1	273	17	25.8685021045	31.5842085285	34.947369141	16.441
194	0	0	2	1618	101	25.8685021045	32.385235076	35.7483956886	11.465
195	0	0	1	1211	75	21.3597613527	31.9661682438	34.7431480545	9.023
195	0	0	2	2561	160	21.3597613527	31.5032859271	34.2802657377	10.221
196	0	0	1	1081	67	26.1732295483	28.5437046523	31.9464828405	7.244
196	0	0	2	2426	151	26.1732295483	29.7755653427	33.1783435308	13.905
197	0	0	1	839	52	29.0021896509	32.6104576555	36.3810285806	6.189
197	0	0	2	2182	136	29.0021896509	24.6759599636	28.4465308887	11.464
198	0	0	1	490	30	21.7631798823	28.0928190909	30.9222472924	19.339
198	0	0	2	1834	114	21.7631798823	28.0185956526	30.848023854	12.236
199	0	0	1	1090	68	19.6996604116	34.1585560651	36.7197063671	7.355
199	0	0	2	2438	152	19.6996604116	33.246663028	35.80781333	9.04
200	0	0	1	1227	76	21.8651447235	28.6891464543	31.5318310915	9.748
200	0	0	2	2579	161	21.8651447235	28.5635957033	31.4062803406	9.685
202	0	0	1	429	26	27.2823494684	23.0231204236	26.5700951491	16.677
202	0	0	2	1775	110	27.2823494684	22.4128417671	25.9598164926	20.661
203	0	0	1	208	13	24.7409331114	32.8495082812	36.0660737948	9.654
203	0	0	2	1552	97	24.7409331114	33.5876079718	36.8041734854	4.094
204	0	0	1	489	30	23.1361571859	28.4647183026	31.4726471057	10.708
204	0	0	2	1834	114	23.1361571859	26.5220901568	29.5300189599	15.464
205	0	0	1	438	27	19.0524224742	30.6969034302	33.1739064116	8.882
205	0	0	2	1782	111	19.0524224742	30.3687340298	32.8457370113	6.189
206	0	0	1	433	27	17.6294329459	31.9134167021	34.2054169991	10.677
206	0	0	2	1779	111	17.6294329459	30.8099948617	33.1019951587	11.071
207	0	0	1	430	26	17.7322029581	28.7840412714	31.0894026843	9.748
207	0	0	2	1777	111	17.7322029581	33.1993610798	35.5047224927	9.37
208	0	0	1	487	30	22.4012040417	31.9613502081	34.873727848	15.149
208	0	0	2	1834	114	22.4012040417	33.0349248716	35.9473025115	6.63
209	0	0	1	429	26	18.5079342775	29.9984679422	32.4046820837	11.071
209	0	0	2	1776	111	18.5079342775	33.3627934117	35.7690075532	5.244
210	0	0	1	433	27	16.7693790698	28.7858765878	30.9660613915	10.929
210	0	0	2	1781	111	16.7693790698	28.7777197948	30.9579045986	11.464
211	0	0	1	1237	77	19.4423368818	30.0078419091	32.5355376123	9.055
211	0	0	2	2587	161	19.4423368818	29.8586344531	32.3863301563	13.748
212	0	0	1	434	27	17.9621611417	33.2776064225	35.6128646692	5.716
212	0	0	2	1781	111	17.9621611417	30.3496792316	32.6849374783	6.441
213	0	0	1	1021	63	21.898609324	27.8368777089	30.6839130746	7.228
213	0	0	2	2366	147	21.898609324	27.1836195258	30.0306548915	6.158
214	0	0	1	471	29	21.8184578947	30.167288889	33.0039037777	7.418
214	0	0	2	1818	113	21.8184578947	29.6720078529	32.5086227416	6
215	0	0	1	415	25	27.6446543427	30.0197220396	33.6137999749	4.032
215	0	0	2	1763	110	27.6446543427	31.2502549301	34.8443328654	11.086
217	0	0	1	486	30	20.8277803754	27.9289735737	30.6367906063	6.189
217	0	0	2	1831	114	20.8277803754	27.2240551793	29.9318722119	11.071
218	0	0	1	1214	75	21.2897130435	30.4870908765	33.2549637155	9.276
218	0	0	2	2565	160	21.2897130435	33.6236471014	36.3915199405	16.347
219	0	0	1	969	60	28.7058816203	27.6616445246	31.393692481	5.244
219	0	0	2	2314	144	28.7058816203	27.2806888129	31.0127367693	8.283
220	0	0	1	1213	75	21.4024666667	31.0245899503	33.8071218733	7.843
220	0	0	2	2562	160	21.4024666667	32.1824086251	34.9649405481	10.189
221	0	0	1	433	27	22.0186815501	32.3833539925	35.2459999328	8.992
221	0	0	2	1781	111	22.0186815501	33.5831621958	36.4458081361	6.96
222	0	0	1	439	27	21.6545648343	30.7831287655	33.5984359387	11.874
222	0	0	2	1784	111	21.6545648343	32.3102499573	35.1255571304	5.213
223	0	0	1	439	27	18.2189832484	30.6672839247	33.0359315802	12.536
223	0	0	2	1784	111	18.2189832484	27.8913520239	30.2599996794	4.126
224	0	0	1	440	27	16.9729206266	31.3534215416	33.5600687569	7.244
224	0	0	2	1787	111	16.9729206266	29.422752268	31.6293994833	16.347
225	0	0	1	1056	66	25.2207998942	26.8713978995	30.1503508315	10.645
225	0	0	2	2401	150	25.2207998942	27.6468876604	30.9258405924	17.716
226	0	0	1	1218	76	17.5706457047	29.8547754485	32.1391328238	7.716
226	0	0	2	2568	160	17.5706457047	29.4680098173	31.7523671926	9.055
227	0	0	1	433	27	20.8188716567	46.9886852558	49.695344067	5.874
227	0	0	2	1789	111	20.8188716567	43.4868073103	46.1934661215	12.756
228	0	0	1	1218	76	20.2237145786	28.4008689831	31.0301514996	7.134
228	0	0	2	2566	160	20.2237145786	25.7224142055	28.351696722	19.244
229	0	0	1	432	27	17.4823667016	30.2684542571	32.5413344906	7.134
229	0	0	2	1779	111	17.4823667016	29.831867371	32.1047476046	5.307
230	0	0	1	443	27	15.5543064424	26.8324779523	28.854691321	5.481
230	0	0	2	1788	111	15.5543064424	28.1717904294	30.1940037981	9.842
230	1	0	1	433	27	15.5543064424	39.6896904207	41.7119037893	10.677
230	1	0	2	1780	111	15.5543064424	40.7025296593	42.724743028	16.095
231	0	0	1	879	54	24.145118427	27.2353697884	30.374473512	9.937
231	0	0	2	2222	138	24.145118427	27.4296254548	30.5687291783	16.834
231	1	0	1	864	54	24.145118427	34.6540094655	37.7931131891	14.378
231	1	0	2	2223	138	24.145118427	28.0251526669	31.1642563905	11.307
232	0	0	1	240	15	27.7918918183	33.9597664583	37.5729867188	6.693
232	0	0	2	1582	98	27.7918918183	32.4076865506	36.0209068111	7.685
234	0	0	1	488	30	23.8339971559	28.9710536741	32.0697085615	13.008
234	0	0	2	1832	114	23.8339971559	29.281855766	32.3805106534	9.622
235	0	0	1	431	26	23.0463527362	32.672982347	35.6692356852	14.031
235	0	0	2	1779	111	23.0463527362	31.4289036863	34.4251570245	11.37
236	0	0	1	422	26	21.043624081	31.1345435074	33.8704223522	6.819
236	0	0	2	1769	110	21.043624081	33.1433373161	35.8792161609	18.819
237	0	0	1	163	10	22.4707962968	29.8132016976	32.7346270176	8.834
237	0	0	2	1505	94	22.4707962968	30.3150622374	33.2364875574	4.803
238	0	0	1	433	27	16.8359497012	31.2222425877	33.4110822307	7.874
238	0	0	2	1781	111	16.8359497012	29.7515064671	31.94034611	12.929
239	0	0	1	305	19	26.8249218037	28.6511886731	32.1386932871	8.425
239	0	0	2	1649	103	26.8249218037	29.1724794983	32.6599841123	7.04
240	0	0	1	487	30	21.760100526	30.6827050734	33.5117329282	14.488
240	0	0	2	1832	114	21.760100526	30.2372617628	33.0662896175	7.874
241	0	0	1	434	27	21.6028816332	32.9751499211	35.783737768	9.229
241	0	0	2	1782	111	21.6028816332	31.9600320726	34.7686199194	12.158
242	0	0	1	432	27	19.0649081676	31.5129524436	33.9915786885	6.472
242	0	0	2	1780	111	19.0649081676	30.7720925045	33.2507187494	15.59
243	0	0	1	431	26	19.2829541266	29.0913798204	31.5983541922	15.292
243	0	0	2	1777	111	19.2829541266	30.5205895416	33.0275639134	14.126
244	0	0	1	438	27	18.2125873205	30.3582440207	32.7260601425	9.528
244	0	0	2	1783	111	18.2125873205	30.4001042656	32.7679203874	10.976
245	0	0	1	431	26	19.0317209295	31.4427221458	33.9170337222	12.252
245	0	0	2	1777	111	19.0317209295	36.940582381	39.4148939574	4.031
246	0	0	1	438	27	25.2825494381	25.2423786372	28.5293596194	10
246	0	0	2	1784	111	25.2825494381	26.2522310688	29.539212051	12.645
247	0	0	1	431	26	17.6702174545	31.0956326985	33.3929353842	16.473
247	0	0	2	1777	111	17.6702174545	34.0020877982	36.2993904838	5.465
248	0	0	1	487	30	21.0826893625	30.8821664116	33.6231241287	10.315
248	0	0	2	1832	114	21.0826893625	30.175246435	32.9162041521	9.874
249	0	0	1	183	11	23.2778757113	26.6554579822	29.6818115925	17.402
249	0	0	2	1527	95	23.2778757113	28.1314281333	31.1577817436	13.275
250	0	0	1	1248	78	20.2084869065	30.5038902452	33.131193014	7.685
250	0	0	2	2597	162	20.2084869065	33.378888969	36.0061917378	8.409
251	0	0	1	434	27	19.5676895499	33.8251244593	36.3691172467	6.472
251	0	0	2	1781	111	19.5676895499	32.9601721001	35.5041648875	11.055
252	0	0	1	438	27	18.2989825634	30.1013951986	32.4804435547	6.567
252	0	0	2	1783	111	18.2989825634	33.1244911387	35.5035394948	8.583
254	0	0	1	491	30	18.0583311742	29.0851397017	31.4329010018	9.102
254	0	0	2	1838	114	18.0583311742	29.4490874482	31.7968487483	4.599
255	0	0	1	439	27	20.4273692308	2.40868823355	5.06444786501	10.157
255	0	0	2	1783	111	20.4273692308	1.92746363935	4.5832232708	19.937
256	0	0	1	894	55	30.0413756718	31.0570809509	34.9627563162	6.787
256	0	0	2	2237	139	30.0413756718	30.8182097617	34.723885127	13.906
257	0	0	1	429	26	18.3398440551	31.7195662596	34.103927013	11.039
257	0	0	2	1775	110	18.3398440551	33.3636556711	35.7480164245	18.157
258	0	0	1	486	30	26.0053123545	29.6524020218	33.0333493173	14.756
258	0	0	2	1831	114	26.0053123545	29.9115467654	33.2924940609	4.866
259	0	0	1	438	27	17.0085519182	30.5147042877	32.7259839225	11.512
259	0	0	2	1783	111	17.0085519182	29.4612014955	31.6724811303	17.149
260	0	0	1	439	27	15.9272201444	31.609372247	33.6800680778	12.724
260	0	0	2	1787	111	15.9272201444	30.067021156	32.1377169869	10.393
261	0	0	1	433	27	19.6579931276	31.3982610547	33.9539941985	12.914
261	0	0	2	1781	111	19.6579931276	31.8734671999	34.4292003437	10.882
262	0	0	1	442	27	24.5677209879	31.9721717557	35.1662179836	6.897
262	0	0	2	1791	111	24.5677209879	31.2601055958	34.4541518237	10
263	0	0	1	1237	77	26.7996950699	28.9243956828	32.4086205723	10.787
263	0	0	2	2584	161	26.7996950699	29.6166536911	33.1008785806	8.819
264	0	0	1	893	55	24.8578500867	26.6704089988	29.9021748732	15.465
264	0	0	2	2235	139	24.8578500867	28.4420881856	31.6738540601	14.882
265	0	0	1	1095	68	20.0971950881	34.4071472725	37.0199810064	11.008
265	0	0	2	2442	152	20.0971950881	35.0054946198	37.6183283537	8.441
266	0	0	1	469	29	23.3811105743	25.0290908804	28.0688660419	13.433
266	0	0	2	1815	113	23.3811105743	26.9390863131	29.9788614746	9.228
267	0	0	1	440	27	19.5289693756	32.0335828883	34.5725416707	4.756
267	0	0	2	1785	111	19.5289693756	31.3093194865	33.848278269	8.708
268	0	0	1	985	61	23.4649135504	20.4303548871	23.4810252626	11.811
268	0	0	2	2331	145	23.4649135504	26.3806219162	29.4312922918	6.661
268	1	0	1	1002	62	23.4649135504	39.5827991372	42.6334695127	8.157
268	1	0	2	2330	145	23.4649135504	29.9887592235	33.0394295991	9.748
269	0	0	1	430	26	21.1778245499	28.1590101889	30.9123364194	12.834
269	0	0	2	1777	111	21.1778245499	27.8997274438	30.6530536743	9.244
270	0	0	1	1255	78	20.5454253496	26.0242261219	28.6953342141	7.386
270	0	0	2	2601	162	20.5454253496	27.4431117294	30.1142198216	8.095
271	0	0	1	1251	78	24.1216377192	29.6454587963	32.7815097961	8.284
271	0	0	2	2600	162	24.1216377192	29.4897982768	32.6258492765	18
272	0	0	1	1059	66	23.9885769372	26.9078840835	30.0266358682	12.693
272	0	0	2	2406	150	23.9885769372	24.6760215458	27.7947733305	23.78
273	0	0	1	832	52	27.7215617161	30.6519474219	34.2560240749	10.409
273	0	0	2	2175	135	27.7215617161	30.0840856716	33.6881623246	6.803
273	1	0	1	833	52	27.7215617161	30.0118010256	33.6158776786	11.401
273	1	0	2	2174	135	27.7215617161	30.1031818389	33.7072584919	11.748
274	0	0	1	296	18	27.41907586	30.5510871922	34.1158376982	9.37
274	0	0	2	1640	102	27.41907586	29.1670883283	32.7318388342	10.284
275	0	0	1	931	58	26.4073963032	28.6937525872	32.1269747648	18.157
275	0	0	2	2274	142	26.4073963032	26.5786198591	30.0118420368	9.307
276	0	0	1	429	26	17.8084437885	31.757017452	34.0722909255	13.78
276	0	0	2	1776	111	17.8084437885	30.6297217594	32.9449952329	8.945
277	0	0	1	439	27	16.7616404887	29.7352421301	31.914420842	8
277	0	0	2	1784	111	16.7616404887	30.4839508783	32.6631295901	5.244
278	0	0	1	429	26	15.6086679907	32.3847472411	34.4140281476	7.307
278	0	0	2	1776	111	15.6086679907	31.3901502394	33.4194311459	12.914
279	0	0	1	430	26	16.2217277681	29.2776435367	31.3866282656	10
279	0	0	2	1775	110	16.2217277681	30.6263656382	32.7353503671	14.409
280	0	0	1	443	27	19.2007775245	31.6410162457	34.137306848	7.181
280	0	0	2	1791	111	19.2007775245	32.3660489417	34.8623395441	9.401
281	0	0	1	1217	76	17.6421727632	29.0158792944	31.3095358934	7.717
281	0	0	2	2566	160	17.6421727632	32.3251903404	34.6188469394	12.189
282	0	0	1	430	26	15.908665614	28.253730483	30.3220140417	4.41
282	0	0	2	1777	111	15.908665614	33.4237847653	35.492068324	8.441
283	0	0	1	1217	76	19.6215617887	30.2827983555	32.8337950657	5.779
283	0	0	2	2566	160	19.6215617887	30.0041980143	32.5551947245	16.126
284	0	0	1	430	26	18.2890126116	30.5502122088	32.9279643728	11.433
284	0	0	2	1777	111	18.2890126116	30.1264330887	32.5041852527	8.252
285	0	0	1	1096	68	19.6515370485	34.6611802312	37.216074021	7.118
285	0	0	2	2444	152	19.6515370485	30.7494753416	33.3043691314	4.315
286	0	0	1	432	27	20.6291693673	30.4796921341	33.1616877752	11.213
286	0	0	2	1779	111	20.6291693673	31.703898719	34.3858943601	5.527
287	0	0	1	272	17	29.0258056589	31.5892049485	35.3628461878	17.055
287	0	0	2	1614	100	29.0258056589	32.9619334975	36.7355747368	5.307
288	0	0	1	438	27	19.1464409529	30.5186142255	33.0078405373	5.685
288	0	0	2	1784	111	19.1464409529	31.3385797868	33.8278060985	8.409
289	0	0	1	1061	66	23.0453402256	34.0637991832	37.059920885	6.473
289	0	0	2	2406	150	23.0453402256	30.663661223	33.6597829248	6.031
290	0	0	1	1093	68	18.4861142946	32.2812527694	34.6846300977	5.905
290	0	0	2	2442	152	18.4861142946	32.3034449174	34.7068222457	11.591
291	0	0	1	439	27	15.1945013167	29.7694922864	31.7449274372	10.393
291	0	0	2	1784	111	15.1945013167	30.9079010442	32.883336195	5.937
293	0	0	1	951	59	23.1315529025	28.6196092971	31.626939498	18.032
293	0	0	2	2293	143	23.1315529025	28.6029049397	31.6102351405	6.158
294	0	0	1	430	26	21.4050428472	27.7797172708	30.5625841227	16.252
294	0	0	2	1776	111	21.4050428472	29.9919461395	32.7748129914	6.897
295	0	0	1	433	27	16.9382259239	31.5289990872	33.7311356486	5.166
295	0	0	2	1782	111	16.9382259239	30.6754600982	32.8775966596	4.661
296	0	0	1	414	25	19.3827876025	34.4462225229	36.9661762319	5.574
296	0	0	2	1762	110	19.3827876025	34.2038223672	36.7237760762	12.315
297	0	0	1	444	27	17.0914788836	29.792913456	32.0149744149	5.748
297	0	0	2	1791	111	17.0914788836	29.5505580152	31.7726189741	16.457
298	0	0	1	961	60	28.9880051909	31.0788999388	34.8476267442	6.614
298	0	0	2	2305	144	28.9880051909	31.2628110498	35.0315378551	10.283
301	0	0	1	1211	75	24.137008647	30.3726532876	33.5107026597	10.283
301	0	0	2	2561	160	24.137008647	31.6499016793	34.7879510514	7.244
302	0	0	1	951	59	22.6031848772	29.6565700767	32.5952072189	12.771
302	0	0	2	2293	143	22.6031848772	30.8873103817	33.8259475239	4.488
303	0	0	1	440	27	19.4454828084	28.2875643215	30.8156690262	7.401
303	0	0	2	1787	111	19.4454828084	29.9637370565	32.4918417612	16.158
304	0	0	1	433	27	18.3683366962	31.0241236777	33.4121887556	8.519
304	0	0	2	1781	111	18.3683366962	30.1541911284	32.5422562063	4.157
305	0	0	1	309	19	26.5370619113	26.7276413325	30.1777213191	13.685
305	0	0	2	1653	103	26.5370619113	26.3563422017	29.8064221882	15.717
306	0	0	1	429	26	15.4902399265	34.414369496	36.4282535852	13.166
306	0	0	2	1774	110	15.4902399265	32.5453117637	34.5591958529	11.118
307	0	0	1	444	27	16.5926378029	31.0184469799	33.1756536745	6.284
307	0	0	2	1790	111	16.5926378029	31.0223736932	33.1795803877	10.252
308	0	0	1	1105	69	20.5796154975	28.0918729	30.7674260489	5.197
308	0	0	2	2455	153	20.5796154975	32.5575774182	35.2331305671	5.292
309	0	0	1	474	29	25.4390426736	26.2763911488	29.5837177963	16.961
309	0	0	2	1821	113	25.4390426736	28.6067038686	31.9140305161	8.535
310	0	0	1	1217	76	19.6845616765	29.9816386611	32.5408259785	6.693
310	0	0	2	2565	160	19.6845616765	32.0875746301	34.6467619475	12.992
311	0	0	1	510	31	16.0552646552	31.2739031662	33.3612460473	6.094
311	0	0	2	1860	116	16.0552646552	31.4419732507	33.5293161318	11.496
312	0	0	1	571	35	25.4413019947	27.4803062632	30.7879266448	4.756
312	0	0	2	1920	120	25.4413019947	30.7612967994	34.068917181	4.347
313	0	0	1	1064	66	25.8311178665	32.2645914872	35.6228917798	8.158
313	0	0	2	2412	150	25.8311178665	27.5644664825	30.9227667751	10.347
314	0	0	1	1257	78	20.9019177239	27.7638553552	30.4813109748	8.221
314	0	0	2	2600	162	20.9019177239	26.5597617214	29.277217341	17.307
314	1	0	1	1256	78	20.9019177239	27.757405239	30.4748608587	4
314	1	0	2	2602	162	20.9019177239	28.5941842896	31.3116399093	14.504
315	0	0	1	438	27	19.2772911374	32.3820004793	34.8882386066	13.527
315	0	0	2	1783	111	19.2772911374	34.9627524486	37.4689905759	8.535
316	0	0	1	485	30	21.924235619	27.8243793174	30.6747463544	9.543
316	0	0	2	1830	114	21.924235619	31.1830814367	34.0334484736	7.937
317	0	0	1	572	35	24.4271521062	31.3281200147	34.5038909004	11.039
317	0	0	2	1921	120	24.4271521062	30.5386540957	33.7144249814	4.504
318	0	0	1	437	27	18.3276368269	29.7402163446	32.1229900378	4
318	0	0	2	1783	111	18.3276368269	29.9406929999	32.3234666931	13.118
319	0	0	1	438	27	17.9989340287	30.5313163399	32.8713554248	7.433
319	0	0	2	1784	111	17.9989340287	31.4643016041	33.804340689	9.591
320	0	0	1	438	27	17.878715826	28.3733017416	30.6977112736	14.662
320	0	0	2	1783	111	17.878715826	28.1335350983	30.4579446303	19.748
321	0	0	1	441	27	18.3630661593	34.055408191	36.4427880471	5.591
321	0	0	2	1788	111	18.3630661593	32.6777148558	35.0650947119	15.118
322	0	0	1	1021	63	26.5717477938	19.8376387247	23.2922282184	7.118
322	0	0	2	2366	147	26.5717477938	23.0230336666	26.4776231603	15.15
323	0	0	1	865	54	25.4569179894	28.9382204129	32.2478710279	6.961
323	0	0	2	2209	138	25.4569179894	30.2192107357	33.5288613507	7.654
324	0	0	1	429	26	20.4738414247	33.7886127249	36.4504142003	11.748
324	0	0	2	1776	111	20.4738414247	34.4517622886	37.113563764	8.378
325	0	0	1	1217	76	22.1142790789	29.1666240265	32.0416985891	12.221
325	0	0	2	2567	160	22.1142790789	30.3597634617	33.2348380243	11.78
326	0	0	1	457	28	20.5608397364	29.1048061813	31.7779182959	8.409
326	0	0	2	1802	112	20.5608397364	30.1051443761	32.7782564907	10.22
327	0	0	1	437	27	22.2580405547	32.715174222	35.6089391955	6.441
327	0	0	2	1783	111	22.2580405547	34.5988590561	37.4926240296	8.599
328	0	0	1	438	27	17.1883629227	31.3810497758	33.6157066161	8.677
328	0	0	2	1782	111	17.1883629227	30.8555766867	33.090233527	7.716
329	0	0	1	519	32	21.2827313563	29.2064871349	31.9734522857	8.803
329	0	0	2	1865	116	21.2827313563	29.524229753	32.2911949038	10.095
330	0	0	1	439	27	17.0423408958	29.8690536349	32.0847261703	4.645
330	0	0	2	1784	111	17.0423408958	30.1232663178	32.3389388532	8.74
331	0	0	1	1223	76	17.2956117637	29.879509135	32.1281093832	8.63
331	0	0	2	2573	160	17.2956117637	28.6965531334	30.9451533817	10.347
332	0	0	1	440	27	16.3773935915	32.5247022518	34.6539250742	13.008
332	0	0	2	1784	111	16.3773935915	32.3346084557	34.4638312781	6.189
332	1	0	1	439	27	16.3773935915	30.9228123812	33.0520352036	9.166
332	1	0	2	1783	111	16.3773935915	30.6680347089	32.7972575314	11.244
333	0	0	1	430	26	15.4426228467	28.4299443955	30.4376377943	14.945
333	0	0	2	1775	110	15.4426228467	29.3289321828	31.3366255816	14.693
334	0	0	1	487	30	23.9936553044	28.7400664548	31.8594784774	13.716
334	0	0	2	1832	114	23.9936553044	31.8394299044	34.958841927	10.22
335	0	0	1	438	27	21.6892585345	32.080151211	34.8999689076	7.874
335	0	0	2	1784	111	21.6892585345	34.1596115906	36.9794292872	9.023
336	0	0	1	1255	78	22.28218265	27.8652647446	30.7621684288	9.811
336	0	0	2	2603	162	22.28218265	27.3868592256	30.2837629097	13.906
337	0	0	1	443	27	17.1901780122	29.5859365777	31.8208293976	6.929
337	0	0	2	1789	111	17.1901780122	30.197935089	32.4328279088	11.685
338	0	0	1	842	52	23.5344733094	29.9844042342	33.044118065	4.157
338	0	0	2	2184	136	23.5344733094	21.3080050928	24.3677189236	5.181
339	0	0	1	429	26	21.3000454806	31.4766697114	34.2458858692	8.347
339	0	0	2	1776	111	21.3000454806	30.7424050587	33.5116212165	13.071
340	0	0	1	440	27	19.7835954727	30.7704172879	33.3424799763	8.031
340	0	0	2	1787	111	19.7835954727	28.7955359369	31.3675986253	13.968
341	0	0	1	549	34	19.4022898205	28.9253734642	31.4478626541	12.866
341	0	0	2	1894	118	19.4022898205	29.8579674571	32.380456647	11.055
342	0	0	1	1004	62	26.6939051891	27.6584405359	31.1289116968	16.41
342	0	0	2	2350	146	26.6939051891	28.4759530558	31.9464242167	13.748
343	0	0	1	430	26	16.5309166279	31.2541982801	33.4033806127	10.032
343	0	0	2	1776	111	16.5309166279	33.3675755987	35.5167579313	10
344	0	0	1	561	35	29.3642825282	29.5194608215	33.3371073948	11.181
344	0	0	2	1910	119	29.3642825282	30.1733012779	33.9909478512	6.441
345	0	0	1	430	26	18.9709247843	29.1779535656	31.6443610429	14.819
345	0	0	2	1776	111	18.9709247843	31.0395735149	33.5059809922	14.283
346	0	0	1	487	30	21.2698974442	28.0697094437	30.8350060592	13.528
346	0	0	2	1831	114	21.2698974442	27.4421085222	30.2074051377	5.339
347	0	0	1	549	34	24.5610436667	28.7176177005	31.9107958107	7.685
347	0	0	2	1897	118	24.5610436667	28.212701587	31.4058796972	14
348	0	0	1	915	57	22.7402105611	27.2130989562	30.1695507898	19.842
348	0	0	2	2257	141	22.7402105611	30.1934271075	33.1498789412	7.748
349	0	0	1	433	27	18.6840220636	30.6169546068	33.0460618985	13.937
349	0	0	2	1781	111	18.6840220636	33.0694916901	35.4985989818	9.811
350	0	0	1	490	30	22.6119634535	26.6389841163	29.5787625601	13.622
350	0	0	2	1834	114	22.6119634535	30.185391602	33.1251700458	7.779
351	0	0	1	457	28	26.734442304	28.2075796043	31.6833209902	4.725
351	0	0	2	1802	112	26.734442304	26.4949685201	29.9707099061	17.008
352	0	0	1	561	35	29.7661178948	29.9181650246	33.7880541619	8.284
352	0	0	2	1910	119	29.7661178948	30.525390271	34.3952794083	8.599
353	0	0	1	429	26	19.5665847951	28.9125012538	31.4563504121	5.78
353	0	0	2	1776	111	19.5665847951	31.4686613402	34.0125104985	10.567
354	0	0	1	556	34	25.3795912571	26.6803389467	29.9799363233	4.032
354	0	0	2	1907	119	25.3795912571	25.4624525209	28.7620498975	13.543
355	0	0	1	430	26	17.7300771621	32.608389797	34.9134748355	8.897
355	0	0	2	1776	111	17.7300771621	32.8823221876	35.1874072261	6
356	0	0	1	442	27	19.1331061569	29.4579110042	31.9454036609	5.811
356	0	0	2	1789	111	19.1331061569	31.969461051	34.4569537076	13.212
357	0	0	1	583	36	27.9568670815	30.1977745244	33.8324431975	10.283
357	0	0	2	1929	120	27.9568670815	27.9461644951	31.5808331682	6.441
358	0	0	1	488	30	20.9563253723	25.7358879752	28.4604171262	16.787
358	0	0	2	1833	114	20.9563253723	27.6999052943	30.4244344452	5.559
359	0	0	1	1212	75	20.1226556495	28.4840352053	31.1001790635	13.559
359	0	0	2	2561	160	20.1226556495	28.8280140089	31.4441578671	13.481
360	0	0	1	920	57	28.6781587025	25.3545832606	29.0830269641	7.37
360	0	0	2	2272	142	28.6781587025	27.2455055431	30.9739492465	7.433
361	0	0	1	413	25	23.9936042757	30.9582210639	34.0776264522	10.063
361	0	0	2	1760	110	23.9936042757	29.3590563973	32.4784617856	9.559
362	0	0	1	439	27	16.3352513688	31.7137222001	33.8374661176	6.283
362	0	0	2	1783	111	16.3352513688	32.2074599598	34.3312038773	4.157
363	0	0	1	429	26	21.2355610639	27.7524482081	30.5132807553	10.567
363	0	0	2	1775	110	21.2355610639	29.7439169871	32.5047495343	12.708
364	0	0	1	457	28	21.6290699323	31.2223853425	34.0343779267	5.496
364	0	0	2	1802	112	21.6290699323	30.1313758337	32.943368418	6.095
366	0	0	1	488	30	23.5192174917	29.1293016709	32.1870320949	11.811
366	0	0	2	1832	114	23.5192174917	32.0271709552	35.0849013791	8.898
367	0	0	1	572	35	24.261856755	24.940440048	28.0947209065	12.677
367	0	0	2	1921	120	24.261856755	24.0616712763	27.2159521348	7.843
368	0	0	1	438	27	17.7841366496	30.1261624649	32.4382757704	17.969
368	0	0	2	1783	111	17.7841366496	29.3775259348	31.6896392402	15.039
369	0	0	1	439	27	19.0434833998	32.0603750725	34.5362158861	6.441
369	0	0	2	1783	111	19.0434833998	31.6833392066	34.1591800201	6.835
370	0	0	1	440	27	16.7775580294	30.9678869754	33.1491351247	6.725
370	0	0	2	1792	112	16.7775580294	33.1702259548	35.3514741041	9.134
371	0	0	1	1021	63	20.4253622335	26.0173637456	28.6728624476	15.622
371	0	0	2	2366	147	20.4253622335	26.500949658	29.15644836	10.126
372	0	0	1	430	26	17.9516186184	34.3485979657	36.6824855803	12.535
372	0	0	2	1776	111	17.9516186184	31.6489046487	33.9827922633	7.968
373	0	0	1	431	26	17.3808524361	30.6506904861	32.9103728632	15.449
373	0	0	2	1775	110	17.3808524361	31.1370337905	33.3967161675	9.748
374	0	0	1	1060	66	22.9711578547	26.908961541	29.8954388024	6.85
374	0	0	2	2407	150	22.9711578547	24.2889510364	27.2754282978	6.96
375	0	0	1	430	26	19.8547122949	34.4892262736	37.0705348508	7.071
375	0	0	2	1775	110	19.8547122949	42.5331601367	45.114468714	5.402
376	0	0	1	434	27	16.7800163426	31.3354915722	33.5170593264	10.535
376	0	0	2	1781	111	16.7800163426	30.9724521748	33.154019929	12.535
377	0	0	1	486	30	22.7025776614	28.1159236167	31.0674828019	17.937
377	0	0	2	1830	114	22.7025776614	26.6411691795	29.5927283647	8.583
378	0	0	1	441	27	18.139481867	32.5080025251	34.8663142164	7.055
378	0	0	2	1787	111	18.139481867	30.3824222897	32.7407339809	11.622
379	0	0	1	429	26	17.8914381863	31.697430386	34.0234939504	11.78
379	0	0	2	1775	110	17.8914381863	30.9865380398	33.3126016042	15.181
380	0	0	1	489	30	23.1476469388	29.8665482862	32.8759708706	11.78
380	0	0	2	1834	114	23.1476469388	28.4028166369	31.4122392213	8.063
381	0	0	1	1214	75	20.1521986093	26.7260850237	29.3460697582	4.189
381	0	0	2	2562	160	20.1521986093	29.153291965	31.7732766996	17.212
382	0	0	1	487	30	20.7050300657	28.5972446474	31.2891029281	10.898
382	0	0	2	1831	114	20.7050300657	30.7037768447	33.3956351254	7.811
383	0	0	1	440	27	17.2138094361	30.2176140815	32.4555792197	8.961
383	0	0	2	1784	111	17.2138094361	31.8185235729	34.0564887111	9.717
384	0	0	1	1229	76	19.3484725998	29.5207017507	32.0361941708	9.086
384	0	0	2	2580	161	19.3484725998	28.927638678	31.443131098	10.441
385	0	0	1	1092	68	25.2307070661	29.5255580873	32.8057990494	6.787
385	0	0	2	2440	152	25.2307070661	28.4617020535	31.7419430156	12.661
386	0	0	1	810	50	22.7318659992	23.0358394892	25.9912064475	4.473
386	0	0	2	2151	134	22.7318659992	26.0899229521	29.0452899103	11.653
387	0	0	1	1213	75	21.2466620602	26.223071368	28.9853471542	4.535
387	0	0	2	2564	160	21.2466620602	28.4461842988	31.208460085	10.992
388	0	0	1	439	27	25.6664414045	26.531783976	29.8686747031	9.969
388	0	0	2	1784	111	25.6664414045	25.2322499024	28.5691406295	13.496
389	0	0	1	931	58	28.9256888817	29.2319047024	32.9925297724	19.779
389	0	0	2	2274	142	28.9256888817	27.012443007	30.773068077	11.433
389	1	0	1	934	58	28.9256888817	28.2392982216	31.9999232916	4.74
389	1	0	2	2272	142	28.9256888817	26.7870633374	30.5476884074	4.724
390	0	0	1	1092	68	22.0989822078	25.8018493475	28.6749351659	5.905
390	0	0	2	2461	153	22.0989822078	31.5158589904	34.3889448088	6.74
391	0	0	1	431	26	17.6648408852	32.6407126375	34.9373163161	6.189
391	0	0	2	1776	111	17.6648408852	29.8952197887	32.1918234673	6.913
392	0	0	1	437	27	18.7976275284	31.5434006816	33.9872778052	8.457
392	0	0	2	1783	111	18.7976275284	30.7253370634	33.1692141869	9.465
393	0	0	1	290	18	23.1698728874	29.2005019658	32.2128141429	10.567
393	0	0	2	1634	102	23.1698728874	29.7831682355	32.7954804126	5.48
394	0	0	1	429	26	18.1739118785	34.2835846133	36.6463725459	8
394	0	0	2	1776	111	18.1739118785	33.0438694002	35.4066573327	10.189
395	0	0	1	430	26	21.6023010495	29.6659281648	32.47444053	9.685
395	0	0	2	1776	111	21.6023010495	27.1471169694	29.9556293347	11.465
396	0	0	1	438	27	17.5821403993	28.4761646651	30.7620164642	12.756
396	0	0	2	1784	111	17.5821403993	29.3264839176	31.6123357167	12.472
397	0	0	1	492	30	23.7706052584	30.1456835898	33.2360969048	9.685
397	0	0	2	1840	115	23.7706052584	30.4591929024	33.5496062173	5.355
398	0	0	1	471	29	20.7195021913	29.8711010881	32.5648408879	5.748
398	0	0	2	1817	113	20.7195021913	32.8922165574	35.5859563572	8.756
399	0	0	1	437	27	18.9691490698	30.811188104	33.2773647209	8.819
399	0	0	2	1781	111	18.9691490698	34.2542902799	36.7204668968	9.622
400	0	0	1	432	27	19.4103547314	33.320837292	35.844375	4.992
400	0	0	2	1779	111	19.4103547314	31.159789821	33.683327529	13.842
402	0	0	1	1018	63	25.5541051897	31.1237580277	34.446043938	7.653
402	0	0	2	2363	147	25.5541051897	25.0721371577	28.394423068	5.874
403	0	0	1	430	26	16.389297859	28.7212589797	30.8520294744	8.126
403	0	0	2	1776	111	16.389297859	30.2083721115	32.3391426063	7.843
404	0	0	1	437	27	23.274550623	32.1812198197	35.2071411357	8.614
404	0	0	2	1783	111	23.274550623	31.6792429602	34.7051642762	10.393
405	0	0	1	434	27	17.8925871501	32.8943840194	35.2205969604	10.63
405	0	0	2	1781	111	17.8925871501	34.2203171642	36.5465301052	9.591
406	0	0	1	440	27	17.4648839145	27.7608846803	30.0314919789	10.756
406	0	0	2	1787	111	17.4648839145	27.8746013465	30.1452086452	14.315
407	0	0	1	1105	69	23.3912512563	30.3824610876	33.4235546379	5.905
407	0	0	2	2454	153	23.3912512563	30.6822860837	33.7233796339	11.464
408	0	0	1	1246	77	20.7195352176	29.5012222016	32.1949662952	4.189
408	0	0	2	2596	162	20.7195352176	31.1550009489	33.8487450425	17.433
409	0	0	1	489	30	21.4185016698	30.6181575753	33.402774207	9.78
409	0	0	2	1834	114	21.4185016698	30.9897809531	33.7743975848	10.756
410	0	0	1	439	27	20.4238033966	30.2115959252	32.866891963	6.614
410	0	0	2	1784	111	20.4238033966	30.9459080591	33.6012040969	6.409
411	0	0	1	431	26	17.9572318275	30.2145533556	32.5491707428	10.504
411	0	0	2	1777	111	17.9572318275	31.0182105506	33.3528279377	9.149
412	0	0	1	834	52	27.7575675372	29.1145909627	32.7233487278	10.504
412	0	0	2	2176	136	27.7575675372	22.8166780441	26.4254358092	11.228
413	0	0	1	486	30	26.1536450053	25.9163044065	29.3165364107	18.441
413	0	0	2	1830	114	26.1536450053	25.7942447371	29.1944767413	14.945
414	0	0	1	439	27	16.3065784342	30.8203629387	32.9403790917	4.504
414	0	0	2	1784	111	16.3065784342	32.6001880138	34.7202041668	8.362
415	0	0	1	211	13	23.4206169969	29.2251606853	32.2700720716	4.614
415	0	0	2	1553	97	23.4206169969	34.4867056109	37.5316169973	9.622
416	0	0	1	434	27	18.1556350668	31.2368987786	33.5973105452	6.22
416	0	0	2	1783	111	18.1556350668	29.1110058982	31.4714176648	8
417	0	0	1	432	27	22.6427273776	29.7738923624	32.7176704199	5.811
417	0	0	2	1781	111	22.6427273776	31.7998223303	34.7436003879	5.559
418	0	0	1	429	26	18.0081181833	32.9521841278	35.2934172435	13.685
418	0	0	2	1775	110	18.0081181833	35.791261867	38.1324949827	9.496
419	0	0	1	439	27	18.0190926978	29.9839854199	32.3266453308	6.803
419	0	0	2	1788	111	18.0190926978	30.7269285924	33.0695885033	15.055
420	0	0	1	443	27	26.2065401594	31.8521070312	35.2592159276	13.968
420	0	0	2	1788	111	26.2065401594	31.765307178	35.1724160744	11.528
421	0	0	1	438	27	16.0912330798	31.0698349877	33.1618541191	6.378
421	0	0	2	1783	111	16.0912330798	31.8985019484	33.9905210798	8.661
422	0	0	1	442	27	17.1383448729	29.2921963408	31.5203503409	6
422	0	0	2	1789	111	17.1383448729	29.5637890893	31.7919430894	15.937
423	0	0	1	438	27	31.082197443	21.252601191	25.2935936601	5.354
423	0	0	2	1784	111	31.082197443	21.2083591853	25.2493516545	5.78
424	0	0	1	883	55	28.2070086141	26.5441646366	30.211354178	25.307
424	0	0	2	2228	139	28.2070086141	29.5448439758	33.2120335172	11.103
425	0	0	1	430	26	22.8502144578	32.6276071545	35.5983605806	12.315
425	0	0	2	1779	111	22.8502144578	34.9396995171	37.9104529432	6.866
426	0	0	1	430	26	16.0064168116	29.8578855174	31.9388776967	7.701
426	0	0	2	1777	111	16.0064168116	30.7742167749	32.8552089541	12.441
427	0	0	1	438	27	16.9310210424	30.1308100257	32.3320098814	15.842
427	0	0	2	1783	111	16.9310210424	29.5590479177	31.7602477734	6.708
428	0	0	1	439	27	22.6752670561	36.2488054025	39.1968139395	8.094
428	0	0	2	1787	111	22.6752670561	31.9717359326	34.9197444696	6.819
429	0	0	1	438	27	17.6639714228	32.089366796	34.3858574358	16
429	0	0	2	1783	111	17.6639714228	29.3349174743	31.6314081142	9.37
430	0	0	1	160	10	28.5362832512	26.9449228905	30.6549213849	8.063
430	0	0	2	1501	93	28.5362832512	24.4211319203	28.1311304147	8.283
431	0	0	1	430	26	20.6903345295	31.0391066021	33.729054318	14.772
431	0	0	2	1776	111	20.6903345295	34.1322517379	36.8221994538	5.874
432	0	0	1	472	29	22.1803243843	16.1938344839	19.0774955881	4.819
432	0	0	2	1821	113	22.1803243843	28.2179852675	31.1016463717	4.157
433	0	0	1	430	26	19.1092212011	32.1541958199	34.6385831965	12.456
433	0	0	2	1776	111	19.1092212011	31.8442765799	34.3286639565	7.748
434	0	0	1	432	27	15.9019070756	28.4517209829	30.5191258649	6.252
434	0	0	2	1779	111	15.9019070756	31.2393791651	33.3067840471	4.252
436	0	0	1	440	27	16.049296705	30.6334637889	32.7200307775	13.669
436	0	0	2	1787	111	16.049296705	29.7287326759	31.8152996645	10.866
437	0	0	1	820	51	22.9243953306	26.0062233194	28.9866209911	8.063
437	0	0	2	2164	135	22.9243953306	26.6373043702	29.6177020419	16.126
438	0	0	1	446	27	23.963576552	28.3387371382	31.4542386261	4.409
438	0	0	2	1793	112	23.963576552	31.0908319601	34.206333448	16.236
439	0	0	1	534	33	21.5291050596	27.7375720705	30.5365682345	12.441
439	0	0	2	1883	117	21.5291050596	26.3478793673	29.1468755314	5.811
440	0	0	1	430	26	20.9111674388	31.3119963754	34.0306545493	8.032
440	0	0	2	1777	111	20.9111674388	30.424492151	33.1431503249	11.779
441	0	0	1	437	27	17.6736032716	30.8131241666	33.1108670419	8.614
441	0	0	2	1783	111	17.6736032716	30.2288080386	32.5265509139	13.37
442	0	0	1	430	26	15.6984233113	34.832238877	36.8731888612	16.441
442	0	0	2	1775	110	15.6984233113	36.0413146828	38.0822646669	16.189
443	0	0	1	242	15	25.1955628368	29.8571594152	33.1328312806	8.41
443	0	0	2	1582	98	25.1955628368	25.9956687148	29.2713405802	5.276
444	0	0	1	1103	68	21.1139338879	31.6100383607	34.3550581745	5.181
444	0	0	2	2450	153	21.1139338879	31.9970401702	34.7420599839	13.402
445	0	0	1	489	30	23.6762135004	28.0138449075	31.0919863623	14.882
445	0	0	2	1833	114	23.6762135004	28.2829994123	31.3611408671	10.252
446	0	0	1	440	27	16.5114267062	28.0696593116	30.216307762	12.599
446	0	0	2	1787	111	16.5114267062	30.0504800195	32.1971284699	12.645
447	0	0	1	234	14	22.620890159	26.8738462577	29.8147852613	9.653
447	0	0	2	1577	98	22.620890159	27.9806899305	30.9216289341	12
448	0	0	1	430	26	20.6099524485	26.781420315	29.460917567	11.181
448	0	0	2	1776	111	20.6099524485	26.7749744798	29.4544717318	7.307
449	0	0	1	209	13	25.4426109078	27.0078306193	30.3156211725	9.748
449	0	0	2	1552	97	25.4426109078	26.5363823861	29.8441729393	7.149
451	0	0	1	310	19	26.4986687308	26.2915559525	29.7366444466	15.591
451	0	0	2	1656	103	26.4986687308	25.7723892534	29.2174777476	5.591
452	0	0	1	431	26	19.8795456312	30.452787367	33.0373245231	12.725
452	0	0	2	1779	111	19.8795456312	29.7657040837	32.3502412398	14.661
453	0	0	1	428	26	17.3694889571	30.0339701443	32.2921751569	7.134
453	0	0	2	1774	110	17.3694889571	30.6111442445	32.8693492571	12.221
454	0	0	1	429	26	26.2465297992	31.0282903991	34.4405983433	9.04
454	0	0	2	1776	111	26.2465297992	30.0774691566	33.4897771009	14.866
455	0	0	1	434	27	15.8283381806	32.1319946731	34.1898348726	7.244
455	0	0	2	1781	111	15.8283381806	31.1014120579	33.1592522574	9.118
456	0	0	1	76	4	27.0046891422	29.8895770407	33.4004531831	10.834
456	0	0	2	1415	88	27.0046891422	29.470390061	32.9812662034	7.212
457	0	0	1	1093	68	18.8720158588	32.7299967999	35.1835451406	7.024
457	0	0	2	2441	152	18.8720158588	32.6561274751	35.1096758158	13.118
458	0	0	1	433	27	19.1160495575	32.0344066247	34.519681755	6.032
458	0	0	2	1780	111	19.1160495575	34.0859010205	36.5711761508	4.378
459	0	0	1	428	26	19.5345952429	34.1843880988	36.7240782995	6.567
459	0	0	2	1775	110	19.5345952429	32.866262435	35.4059526358	8.567
460	0	0	1	933	58	22.753543808	26.5163446871	29.4745299745	14.22
460	0	0	2	2276	142	22.753543808	28.8368852662	31.7950705536	4.378
461	0	0	1	443	27	17.9916182548	30.1906666318	32.5297545939	7.04
461	0	0	2	1791	111	17.9916182548	31.2249298481	33.5640178102	7.197
462	0	0	1	433	27	19.160737592	30.2850975698	32.7761825857	8.74
462	0	0	2	1781	111	19.160737592	29.1791293751	31.6702143911	6.756
463	0	0	1	438	27	19.1089465713	28.6559917265	31.1403433985	7.622
463	0	0	2	1782	111	19.1089465713	29.1773255356	31.6616772076	4.189
464	0	0	1	430	26	17.8370946075	31.5941481296	33.9131464923	7.969
464	0	0	2	1776	111	17.8370946075	30.481495463	32.8004938257	11.464
465	0	0	1	431	26	19.3708520475	29.8399118167	32.3583137858	10.425
465	0	0	2	1779	111	19.3708520475	30.2485688492	32.7669708183	5.905
466	0	0	1	1218	76	21.0605136204	29.2402295236	31.9783041753	8.992
466	0	0	2	2567	160	21.0605136204	28.7075254128	31.4456000645	13.465
467	0	0	1	429	26	21.0628247171	32.5317197082	35.2700948252	5.591
467	0	0	2	1775	110	21.0628247171	32.0636795024	34.8020546195	13.023
469	0	0	1	440	27	17.8645697731	28.6420748305	30.964645236	7.937
469	0	0	2	1787	111	17.8645697731	29.8738894372	32.1964598426	10.157
470	0	0	1	440	27	18.2386571336	31.4951177852	33.86632324	9.654
470	0	0	2	1785	111	18.2386571336	29.7420202512	32.113225706	9.78
471	0	0	1	430	26	16.8734568849	30.1756473566	32.3693633036	15.401
471	0	0	2	1777	111	16.8734568849	32.0325418401	34.2262577872	13.716
472	0	0	1	488	30	22.1361164942	31.6402748003	34.5181884425	10.126
472	0	0	2	1833	114	22.1361164942	30.3802409026	33.2581545448	9.276
473	0	0	1	994	62	24.7227146186	28.1625219919	31.3767189216	10.583
473	0	0	2	2337	146	24.7227146186	27.8364634518	31.0506603815	8.504
474	0	0	1	477	29	21.124992003	30.9072075784	33.6536650563	10.851
474	0	0	2	1826	114	21.124992003	27.202794793	29.9492522708	8.031
475	0	0	1	1218	76	21.3828637738	29.621341472	32.4013248254	10.709
475	0	0	2	2567	160	21.3828637738	31.2161943287	33.9961776821	13.654
476	0	0	1	430	26	24.1484244675	30.4482403521	33.5877738935	11.26
476	0	0	2	1775	110	24.1484244675	29.0899600346	32.2294935761	4.252
477	0	0	1	343	21	24.9271399266	24.657257909	27.8980321465	12.315
477	0	0	2	1686	105	24.9271399266	28.9804874405	32.2212616781	5.465
478	0	0	1	438	27	24.7492764134	28.2995950823	31.5172453075	17.685
478	0	0	2	1783	111	24.7492764134	27.090257086	30.3079073113	16.032
479	0	0	1	490	30	23.9359092725	29.208498071	32.3204025395	15.26
479	0	0	2	1834	114	23.9359092725	30.8335158329	33.9454203014	7.969
480	0	0	1	431	26	17.3445479232	28.331190103	30.586152535	6.362
480	0	0	2	1779	111	17.3445479232	30.0328419828	32.2878044148	4.519
481	0	0	1	1104	69	22.56890027	15.5040194567	18.4381992615	7.402
481	0	0	2	2463	153	22.56890027	7.50469792365	10.4388777285	6.788
482	0	0	1	74	4	22.4441514289	29.9924867919	32.9104480161	15.212
482	0	0	2	1414	88	22.4441514289	27.437166369	30.3551275932	4.551
483	0	0	1	1234	77	20.0563371289	28.1186213077	30.7261431036	7.165
483	0	0	2	2583	161	20.0563371289	30.1012055916	32.7087273875	10.598
484	0	0	1	440	27	17.6007101167	29.8609667423	32.149232788	14.472
484	0	0	2	1784	111	17.6007101167	31.5457850687	33.8340511144	7.417
485	0	0	1	438	27	19.5236722986	28.642538987	31.1808090972	7.937
485	0	0	2	1783	111	19.5236722986	32.2809383294	34.8192084396	5.338
486	0	0	1	431	26	18.9910976166	30.4405133331	32.9095434778	8.913
486	0	0	2	1779	111	18.9910976166	32.4062335867	34.8752637314	11.717
487	0	0	1	429	26	21.0301500244	31.8211378904	34.5552649749	17.149
487	0	0	2	1775	110	21.0301500244	30.632983695	33.3671107794	16.709
488	0	0	1	438	27	15.8779062576	28.8749682791	30.9392528179	12.22
488	0	0	2	1783	111	15.8779062576	30.4713902572	32.535674796	17.433
489	0	0	1	438	27	26.2411202969	27.6404135677	31.0520182233	7.276
489	0	0	2	1784	111	26.2411202969	25.9071282895	29.3187329451	7.685
490	0	0	1	1210	75	23.0582983371	28.8776110688	31.875417453	13.842
490	0	0	2	2561	160	23.0582983371	29.5252715897	32.523077974	10.96
491	0	0	1	1198	74	22.9033196837	29.5729379004	32.55059553	14.535
491	0	0	2	2549	159	22.9033196837	25.0202932334	27.997950863	4.032
492	0	0	1	438	27	18.3820026196	33.2025587834	35.5924005663	7.496
492	0	0	2	1783	111	18.3820026196	32.6653279363	35.0551697192	9.874
493	0	0	1	438	27	19.3149096051	32.7894048454	35.3005337448	5.039
493	0	0	2	1781	111	19.3149096051	33.6521289339	36.1632578333	8.221
494	0	0	1	897	56	29.5917249833	37.1148385234	40.9620548609	5.512
494	0	0	2	2235	139	29.5917249833	28.2670989009	32.1143152383	6.725
495	0	0	1	558	34	24.1338012564	29.9291710611	33.0668034407	11.811
495	0	0	2	1907	119	24.1338012564	24.9047422496	28.0423746293	7.26
496	0	0	1	439	27	25.2524547405	26.7769385742	30.0600069487	11.402
496	0	0	2	1784	111	25.2524547405	29.8823314959	33.1653998704	9.008
497	0	0	1	1095	68	22.0568183505	32.5046954564	35.3722995572	4.913
497	0	0	2	2446	152	22.0568183505	34.0919009796	36.9595050803	7.355
498	0	0	1	430	26	18.6878518307	33.4373936114	35.8669988107	10.599
498	0	0	2	1776	111	18.6878518307	34.7828200884	37.2124252877	5.401
499	0	0	1	82	5	25.9836844744	32.5782425968	35.9563780544	9.244
499	0	0	2	1421	88	25.9836844744	31.6740054657	35.0521409233	6.929
500	0	0	1	1098	68	20.2169334673	33.9956396645	36.6240405696	5.102
500	0	0	2	2446	152	20.2169334673	35.7105810226	38.3389819277	5.654
501	0	0	1	430	26	28.7439191277	25.3452542923	29.0822475001	9.969
501	0	0	2	1775	110	28.7439191277	23.3777488316	27.1147420394	5.968
502	0	0	1	1233	77	20.8528735582	31.4422450351	34.1533244291	7.339
502	0	0	2	2582	161	20.8528735582	31.2848828891	33.9959622832	9.874
503	0	0	1	783	48	27.3321957076	27.5250592238	31.0785144523	15.968
503	0	0	2	2120	132	27.3321957076	32.0596367479	35.6130919765	13.654
504	0	0	1	456	28	24.9806687027	30.0405072061	33.2882407129	5.244
504	0	0	2	1801	112	24.9806687027	30.4914518483	33.7391853551	11.008
505	0	0	1	1108	69	22.3131486161	33.1911809447	36.0921105101	9.496
505	0	0	2	2456	153	22.3131486161	32.5656126119	35.4665421774	15.654
506	0	0	1	430	26	19.2707251745	31.8784196401	34.3838041274	10.221
506	0	0	2	1777	111	19.2707251745	28.5127206349	31.0181051222	4.252
507	0	0	1	439	27	22.7401617022	29.6860545996	32.6425000812	4.315
507	0	0	2	1787	111	22.7401617022	29.031952782	31.9883982635	4.504
508	0	0	1	430	26	18.7407581601	33.1810539681	35.6175375125	7.496
508	0	0	2	1779	111	18.7407581601	32.5347927952	34.9712763396	5.622
509	0	0	1	1251	78	18.7565822852	29.3519498511	31.7904906879	8.693
509	0	0	2	2598	162	18.7565822852	29.9822122519	32.4207530886	17.78
510	0	0	1	485	30	23.5763990327	29.5315757971	32.5967403858	7.748
510	0	0	2	1829	114	23.5763990327	31.1651025486	34.2302671373	6.536
511	0	0	1	1213	75	21.723744186	28.0612747567	30.8855759284	4.63
511	0	0	2	2562	160	21.723744186	30.1372896353	32.961590807	12.787
512	0	0	1	432	27	22.4941753745	31.1106454303	34.0351102612	6.252
512	0	0	2	1779	111	22.4941753745	31.0316822587	33.9561470895	8.063
513	0	0	1	433	27	17.383096085	31.1551101764	33.4150842499	5.04
513	0	0	2	1780	111	17.383096085	30.1768012486	32.4367753222	18.803
514	0	0	1	460	28	21.8199318352	29.4591356893	32.2959422049	4.032
514	0	0	2	1808	113	21.8199318352	29.933656468	32.7704629836	7.134
515	0	0	1	430	26	19.3265937641	30.5611048899	33.0737528453	13.512
515	0	0	2	1775	110	19.3265937641	30.8881305457	33.4007785012	12.22
516	0	0	1	429	26	15.2146967739	33.3666895868	35.3447503464	14.347
516	0	0	2	1774	110	15.2146967739	32.8011827744	34.779243534	13.527
517	0	0	1	487	30	24.3773752814	27.5108999191	30.6801993263	13.685
517	0	0	2	1831	114	24.3773752814	28.1774709686	31.3467703757	9.685
518	0	0	1	561	35	27.6732863439	27.6217390641	31.2195394422	11.055
518	0	0	2	1910	119	27.6732863439	30.7265559241	34.3243563022	8.913
519	0	0	1	490	30	22.6844805002	29.215702271	32.1649086467	7.103
519	0	0	2	1834	114	22.6844805002	29.5744553573	32.5236617329	6.456
520	0	0	1	1031	64	23.3577834758	27.0678018345	30.1045442429	5.937
520	0	0	2	2376	148	23.3577834758	40.1584103266	43.195152735	5.071
521	0	0	1	903	56	26.2371840759	28.7374689383	32.1485618463	15.779
521	0	0	2	2245	140	26.2371840759	29.1407522394	32.5518451473	7.874
522	0	0	1	1246	77	23.788434567	29.2375176374	32.3302489385	5.496
522	0	0	2	2597	162	23.788434567	27.5335242513	30.6262555524	21.244
523	0	0	1	376	23	21.6407071783	32.2982374247	35.1117429658	6.378
523	0	0	2	1722	107	21.6407071783	31.4710554358	34.2845609768	6.473
524	0	0	1	577	36	22.3845220567	31.4736762007	34.3838850179	9.843
524	0	0	2	1926	120	22.3845220567	30.7915713433	33.7017801605	7.024
525	0	0	1	472	29	23.6454868453	14.0725340268	17.1466807131	8.944
525	0	0	2	1824	114	23.6454868453	27.9459784725	31.0201251587	4.866
526	0	0	1	431	26	19.1449027734	31.7031664747	34.1921928079	8.189
526	0	0	2	1779	111	19.1449027734	31.839001754	34.3280280872	10.126
527	0	0	1	439	27	19.5174886481	34.7780261566	37.3154923312	8.315
527	0	0	2	1784	111	19.5174886481	29.845718041	32.3831842156	8
528	0	0	1	438	27	19.1085718692	30.9872581688	33.4715611259	9.465
528	0	0	2	1783	111	19.1085718692	33.1749735273	35.6592764843	7.653
529	0	0	1	439	27	18.672615372	31.5990263889	34.0266506982	13.102
529	0	0	2	1785	111	18.672615372	32.8161858511	35.2438101604	10
530	0	0	1	429	26	22.8373657472	35.2806164937	38.2496994605	4.519
530	0	0	2	1775	110	22.8373657472	35.0415857522	38.0106687191	12.252
531	0	0	1	434	27	17.6300100404	30.850533069	33.1426083939	11.433
531	0	0	2	1781	111	17.6300100404	32.7533009177	35.0453762427	8.472
532	0	0	1	985	61	28.5571508939	20.8553101352	24.5680216291	10.866
532	0	0	2	2330	145	28.5571508939	29.5314327609	33.2441442548	11.465
533	0	0	1	1096	68	18.8022728154	33.4493007016	35.8937817583	7.874
533	0	0	2	2456	153	18.8022728154	36.5697728143	39.014253871	9.181
534	0	0	1	434	27	16.969340917	30.0139778996	32.2201597172	7.165
534	0	0	2	1781	111	16.969340917	30.8146521941	33.0208340117	9.37
535	0	0	1	1040	65	22.8368512914	27.6498366889	30.6188527714	10.803
535	0	0	2	2391	149	22.8368512914	26.5623799465	29.531396029	15.717
535	1	0	1	1055	65	22.8368512914	24.9092496965	27.878265779	12.347
535	1	0	2	2393	149	22.8368512914	27.2439970768	30.2130131593	17.874
536	0	0	1	488	30	23.9239729295	27.8059268187	30.9162794447	18.472
536	0	0	2	1832	114	23.9239729295	30.6400449212	33.7503975473	7.527
537	0	0	1	879	54	23.0806495766	27.6031226704	30.6038349365	7.842
537	0	0	2	2222	138	23.0806495766	26.7993491484	29.8000614145	18.819
538	0	0	1	439	27	20.1567011005	30.0088950503	32.6294651531	7.244
538	0	0	2	1784	111	20.1567011005	31.2166222983	33.8371924011	12
539	0	0	1	485	30	22.8026094437	31.8420171613	34.8065814656	12.504
539	0	0	2	1829	114	22.8026094437	31.6735031542	34.6380674586	11.275
540	0	0	1	413	25	21.1515654476	32.4346752315	35.1845875195	5.811
540	0	0	2	1760	110	21.1515654476	35.2943346327	38.0442469206	10.22
541	0	0	1	1233	77	21.9339475399	30.5779395498	33.4295692323	6.661
541	0	0	2	2583	161	21.9339475399	30.8021491942	33.6537788768	6.315
542	0	0	1	432	27	17.3295528869	30.9206369796	33.1736499089	6.189
542	0	0	2	1779	111	17.3295528869	31.7579315319	34.0109444612	11.905
543	0	0	1	237	14	22.7801873165	28.1483341776	31.1099833841	9.685
543	0	0	2	1579	98	22.7801873165	26.9228440901	29.8844932965	9.968
544	0	0	1	443	27	21.2121035351	29.0035565447	31.7613393815	5.843
544	0	0	2	1789	111	21.2121035351	31.4184706842	34.176253521	6.41
545	0	0	1	433	27	18.0702480713	29.9215640187	32.2708746331	4.063
545	0	0	2	1781	111	18.0702480713	30.6446416213	32.9939522357	10.283
546	0	0	1	1240	77	24.3581230214	25.6164615756	28.7832579989	5.748
546	0	0	2	2589	161	24.3581230214	26.3534488072	29.5202452305	14.441
547	0	0	1	485	30	21.2967607071	27.7323069451	30.5010960499	18.126
547	0	0	2	1830	114	21.2967607071	29.7124623741	32.4812514789	6.976
548	0	0	1	902	56	27.4226292835	29.2314145595	32.7966270456	7.008
548	0	0	2	2244	140	27.4226292835	29.4648525072	33.0300649933	6.283
549	0	0	1	347	21	19.4735176915	28.6614492217	31.193198738	8.158
549	0	0	2	1691	105	19.4735176915	28.5557568808	31.087506397	8.189
550	0	0	1	473	29	20.6269266789	31.3742714923	34.0559755618	5.59
550	0	0	2	1817	113	20.6269266789	32.8283599246	35.510063994	15.276
551	0	0	1	1022	63	22.3651621645	33.5307726248	36.4384644649	6.504
551	0	0	2	2366	147	22.3651621645	29.2434126393	32.1511044794	4.063
552	0	0	1	438	27	17.0844249456	34.4958676907	36.7170115681	7.654
552	0	0	2	1783	111	17.0844249456	30.6757863942	32.8969302716	13.78
553	0	0	1	417	26	18.5025940207	29.6899731813	32.0954930367	12.582
553	0	0	2	1764	110	18.5025940207	32.9935621911	35.3990820465	4.189
554	0	0	1	489	30	23.7541379876	30.1930953622	33.2813677694	9.133
554	0	0	2	1833	114	23.7541379876	30.2391245628	33.32739697	12.929
555	0	0	1	488	30	22.531172818	29.0210654053	31.950340269	15.023
555	0	0	2	1832	114	22.531172818	31.9738064131	34.9030812768	10.441
556	0	0	1	440	27	17.0841962469	29.7951656594	32.0162798037	13.449
556	0	0	2	1785	111	17.0841962469	28.6223660001	30.8434801444	7.496
557	0	0	1	1224	76	21.4011399561	29.3246926692	32.1070521067	5.843
557	0	0	2	2575	160	21.4011399561	31.5454017502	34.3277611877	10.095
558	0	0	1	795	49	26.1710475382	31.2271159236	34.6296104289	7.055
558	0	0	2	2135	133	26.1710475382	28.0992791476	31.5017736528	17.401
559	0	0	1	431	26	17.7629514531	31.5201289117	33.8294879325	10.346
559	0	0	2	1777	111	17.7629514531	29.6261002677	31.9354592885	14.126
560	0	0	1	439	27	17.6417900909	31.4830675951	33.7766744429	4.252
560	0	0	2	1784	111	17.6417900909	30.2397364041	32.5333432519	8.598
561	0	0	1	438	27	21.6199079918	31.0052003938	33.8160018354	6.614
561	0	0	2	1783	111	21.6199079918	28.1173972751	30.9281987166	6.63
562	0	0	1	490	30	22.2895577065	30.6482505924	33.5461131068	5.197
562	0	0	2	1833	114	22.2895577065	31.2465430673	34.1444055816	6.63
563	0	0	1	793	49	23.8054117827	32.7518308915	35.8467693982	5.008
563	0	0	2	2133	133	23.8054117827	31.1171694534	34.2121079601	6.158
564	0	0	1	432	27	19.8597675523	31.0690123708	33.6509781815	9.355
564	0	0	2	1779	111	19.8597675523	32.4009440194	34.98290983	11.905
565	0	0	1	341	21	19.8754192384	30.4599398641	33.0439405484	13.244
565	0	0	2	1684	105	19.8754192384	28.975691615	31.5596922993	7.968
566	0	0	1	430	26	20.2057674259	25.9432888309	28.5702380403	13.291
566	0	0	2	1776	111	20.2057674259	27.5745912704	30.2015404799	9.181
567	0	0	1	430	26	21.7092179294	31.250556909	34.0729695239	4.362
567	0	0	2	1780	111	21.7092179294	30.2311546447	33.0535672597	6.803
568	0	0	1	439	27	17.1356385729	3.49028883386	5.71809098826	9.622
568	0	0	2	1785	111	17.1356385729	4.43886800678	6.66667016119	12.032
569	0	0	1	456	28	22.2942947756	27.4012323692	30.2997107493	6.96
569	0	0	2	1802	112	22.2942947756	27.8446474257	30.7431258057	9.402
570	0	0	1	536	33	17.9204119857	28.4731238135	30.8029542578	14.567
570	0	0	2	1889	118	17.9204119857	23.8109191235	26.1407495678	10.063
571	0	0	1	1097	68	21.8934169068	34.3686629677	37.2150232679	10.252
571	0	0	2	2445	152	21.8934169068	33.8577043163	36.7040646165	4.189
572	0	0	1	470	29	23.3214940402	33.6261082369	36.6581326605	8.63
572	0	0	2	1817	113	23.3214940402	32.3924057071	35.4244301306	8.126
573	0	0	1	429	26	15.9520638961	28.5242522822	30.598178046	15.165
573	0	0	2	1777	111	15.9520638961	29.684406163	31.7583319268	13.464
574	0	0	1	429	26	22.4760846199	26.237047137	29.1591599912	6.032
574	0	0	2	1775	110	22.4760846199	28.1767917484	31.0989046026	9.402
575	0	0	1	430	26	16.3650211143	29.6715527072	31.7991669855	13.874
575	0	0	2	1776	111	16.3650211143	30.9793543863	33.1069686646	11.937
576	0	0	1	234	14	25.4899714116	28.8582425853	32.1721904715	9.496
576	0	0	2	1578	98	25.4899714116	27.9450944245	31.2590423107	13.937
577	0	0	1	490	30	22.4009710937	28.9138954516	31.826242806	16
577	0	0	2	1835	114	22.4009710937	28.4251485109	31.3374958652	14.252
578	0	0	1	438	27	17.8411355167	29.4508733177	31.7703970385	10.393
578	0	0	2	1783	111	17.8411355167	30.3062692839	32.6257930047	9.134
579	0	0	1	477	29	20.3665511193	28.2732065183	30.9210591949	13.937
579	0	0	2	1824	114	20.3665511193	25.3468524797	27.9947051564	4.787
580	0	0	1	1258	78	17.0643281102	28.9158942385	31.1344253289	10.157
580	0	0	2	2608	163	17.0643281102	28.0789619872	30.2974930776	6.504
581	0	0	1	380	23	20.9594512366	23.686610234	26.4115457782	13.685
581	0	0	2	1723	107	20.9594512366	21.922533173	24.6474687172	12.677
582	0	0	1	488	30	24.8933789737	29.0487767261	32.2851617066	18.441
582	0	0	2	1833	114	24.8933789737	31.4858482943	34.7222332748	10.252
583	0	0	1	1253	78	22.9475446426	28.0891690387	31.0725763495	8.473
583	0	0	2	2600	162	22.9475446426	26.9409765741	29.9243838849	16.803
583	1	0	1	1250	78	22.9475446426	27.2361086391	30.2195159499	8.378
583	1	0	2	2598	162	22.9475446426	24.9056781665	27.8890854773	23.811
583	2	0	1	1248	78	22.9475446426	27.5856142046	30.5690215154	7.04
583	2	0	2	2604	162	22.9475446426	27.1779200722	30.161327383	8.866
584	0	0	1	432	27	15.2063538564	29.9937772788	31.9707533767	10.126
584	0	0	2	1779	111	15.2063538564	31.7836961262	33.7606722241	12.189
585	0	0	1	431	26	16.1583069815	32.1890935659	34.2898329665	14.504
585	0	0	2	1779	111	16.1583069815	30.110262494	32.2110018946	15.653
586	0	0	1	432	27	21.7506172973	32.7723718961	35.6001668375	14.409
586	0	0	2	1779	111	21.7506172973	28.9067554472	31.7345503887	13.181
587	0	0	1	429	26	16.4481049871	31.7510529984	33.8894690002	9.15
587	0	0	2	1776	111	16.4481049871	31.8029878425	33.9414038443	10.284
588	0	0	1	432	27	17.6789956123	31.8149606108	34.1134045437	9.496
588	0	0	2	1779	111	17.6789956123	31.8957893295	34.1942332624	13.811
589	0	0	1	920	57	26.6239323226	26.8183299644	30.2797039619	20.772
589	0	0	2	2264	141	26.6239323226	27.9236671439	31.3850411414	4.252
590	0	0	1	437	27	24.761565834	28.7188201908	31.938068162	14.787
590	0	0	2	1782	111	24.761565834	30.7238083116	33.9430562828	9.779
591	0	0	1	434	27	18.7798204917	33.2918884791	35.7334505121	6.803
591	0	0	2	1782	111	18.7798204917	31.3184443119	33.7600063449	12.866
592	0	0	1	470	29	20.6184440436	29.5516532202	32.2322544634	9.701
592	0	0	2	1816	113	20.6184440436	31.390461024	34.0710622672	9.496
593	0	0	1	455	28	19.426001055	31.8993686522	34.4249405366	9.433
593	0	0	2	1801	112	19.426001055	31.5518602334	34.0774321179	9.307
594	0	0	1	471	29	21.1426552607	30.6532939945	33.4020478702	7.653
594	0	0	2	1818	113	21.1426552607	31.3223178397	34.0710717154	8.535
596	0	0	1	1229	76	19.5453407226	28.4018807018	30.942967921	5.968
596	0	0	2	2580	161	19.5453407226	28.503764842	31.0448520612	15.339
597	0	0	1	440	27	17.0733959647	27.3210545337	29.5407645347	10.914
597	0	0	2	1787	111	17.0733959647	29.7689548243	31.9886648253	13.906
598	0	0	1	438	27	17.8049542556	32.0844774368	34.3992972365	11.843
598	0	0	2	1783	111	17.8049542556	33.2010878884	35.5159076882	5.339
600	0	0	1	1099	68	22.1282585508	12.0122805316	14.8891725636	12.74
600	0	0	2	2453	153	22.1282585508	14.2040806882	17.0809727201	18.347
601	0	0	1	430	26	17.2534349154	30.0568662211	32.2999830627	9.559
601	0	0	2	1776	111	17.2534349154	30.4083226817	32.6514395233	8.551
602	0	0	1	417	26	17.8746587247	32.8685680284	35.1924500971	8.378
602	0	0	2	1783	111	17.8746587247	33.0797861832	35.403668252	12.221
603	0	0	1	430	26	16.7896066596	27.6254089344	29.8082235245	10.095
603	0	0	2	1776	111	16.7896066596	28.4051516428	30.5879662329	6.819
604	0	0	1	478	29	21.0848147724	31.5547750562	34.2960090975	15.59
604	0	0	2	1827	114	21.0848147724	28.6700070004	31.4112410417	8.488
605	0	0	1	1067	66	27.6150896315	32.1039938145	35.6942280455	7.464
605	0	0	2	2413	150	27.6150896315	28.8778489401	32.4680831711	7.843
606	0	0	1	488	30	23.431284028	29.6382801961	32.6845784018	7.26
606	0	0	2	1832	114	23.431284028	29.6542632954	32.7005615011	4.126
607	0	0	1	440	27	17.2517687639	28.2174277315	30.460327957	6.599
607	0	0	2	1787	111	17.2517687639	29.4987644749	31.7416647004	6.961
607	1	0	1	430	26	17.2517687639	19.96651569	22.2094159156	16.583
607	1	0	2	1776	111	17.2517687639	22.1091122637	24.3520124893	21.402
607	2	0	1	438	27	17.2517687639	30.149635204	32.3925354295	5.811
607	2	0	2	1775	110	17.2517687639	24.6632555321	26.9061557576	13.118
608	0	0	1	1218	76	19.8205032824	31.2759773444	33.8528384124	7.622
608	0	0	2	2567	160	19.8205032824	30.4502785557	33.0271396237	11.212
609	0	0	1	1096	68	20.5901432432	33.0637250982	35.740646958	12.126
609	0	0	2	2442	152	20.5901432432	33.6541624359	36.3310842956	7.905
610	0	0	1	440	27	18.7650438162	31.9528352865	34.3924762058	5.559
610	0	0	2	1784	111	18.7650438162	33.2149247614	35.6545656807	4.661
611	0	0	1	993	62	23.3804332733	27.1922562683	30.231943374	8.85
611	0	0	2	2337	146	23.3804332733	28.0380204253	31.077707531	9.874
612	0	0	1	440	27	17.5387259993	27.972636198	30.2528436966	10.095
612	0	0	2	1785	111	17.5387259993	29.8425961524	32.122803651	11.008
613	0	0	1	432	27	24.3664204515	28.6397803205	31.8076554917	8.834
613	0	0	2	1779	111	24.3664204515	30.2883688512	33.4562440223	5.78
614	0	0	1	1094	68	17.8485725107	31.8850000061	34.2054906096	12
614	0	0	2	2442	152	17.8485725107	31.6045417378	33.9250323413	7.118
615	0	0	1	489	30	21.6320001168	30.8622669962	33.6746405334	6.457
615	0	0	2	1833	114	21.6320001168	29.8575174562	32.6698909934	8.284
616	0	0	1	438	27	18.31533225	30.0217057808	32.4028797575	6.41
616	0	0	2	1783	111	18.31533225	30.6092734727	32.9904474494	9.937
617	0	0	1	439	27	16.6714002986	29.5687759527	31.7362225491	10.567
617	0	0	2	1783	111	16.6714002986	25.1436074543	27.3110540507	5.465
618	0	0	1	430	26	21.6048243377	28.6116428026	31.4204832202	13.228
618	0	0	2	1776	111	21.6048243377	31.436217826	34.2450582437	7.811
619	0	1	1	441	27	19.2274161072	30.4601727996	32.9599266806	5.811
619	0	1	2	1787	111	19.2274161072	30.5134184439	33.0131723249	9.181
620	0	1	1	438	27	18.1511403396	31.103912719	33.4637401267	8.851
620	0	1	2	1783	111	18.1511403396	30.8986571971	33.2584846049	9.685
621	0	1	1	444	27	21.1929315611	30.1373253117	32.8926156027	8.284
621	0	1	2	1790	111	21.1929315611	30.4660024266	33.2212927176	4.709
622	0	1	1	216	13	21.5543697112	26.3956577081	29.1979385263	9.37
622	0	1	2	1558	97	21.5543697112	28.0574161463	30.8596969644	12.284
623	0	1	1	246	15	19.0466244371	29.8221879057	32.2984370852	10.914
623	0	1	2	1589	99	19.0466244371	31.0403086337	33.5165578132	12.378
623	1	1	1	249	15	19.0466244371	26.8671167245	29.3433659039	5.717
623	1	1	2	1588	99	19.0466244371	28.9621770641	31.4384262435	11.071
624	0	1	1	432	27	22.7525859352	35.0871965266	38.045257281	13.874
624	0	1	2	1781	111	22.7525859352	32.4875996162	35.4456603707	8.032
625	0	1	1	1110	69	21.6098136243	30.891269648	33.7007587221	7.37
625	0	1	2	2458	153	21.6098136243	32.0806503843	34.8901394584	16.283
626	0	1	1	431	26	17.4140753096	30.5109682867	32.7749699652	12.913
626	0	1	2	1777	111	17.4140753096	30.8425078261	33.1065095046	7.906
627	0	1	1	567	35	24.2072599851	32.6709809203	35.8181636598	9.04
627	0	1	2	1915	119	24.2072599851	34.6562829969	37.8034657364	10.693
628	0	1	1	490	30	21.0627497059	28.1854024466	30.9237678114	12.41
628	0	1	2	1834	114	21.0627497059	27.3553303941	30.0936957589	13.717
629	0	1	1	443	27	19.0636840385	29.4324218531	31.9108889491	4.252
629	0	1	2	1789	111	19.0636840385	29.7505668132	32.2290339092	11.37
630	0	1	1	432	27	20.6247779221	28.47200365	31.1534283599	9.449
630	0	1	2	1783	111	20.6247779221	26.8874814164	29.5689061263	9.087
631	0	1	1	273	17	21.6602861962	25.7411697242	28.5572207309	10.315
631	0	1	2	1616	101	21.6602861962	29.8165216835	32.6325726902	4.599
632	0	1	1	437	27	18.1429223926	29.7748828488	32.1336418423	12
632	0	1	2	1781	111	18.1429223926	32.1112770556	34.4700360492	11.339
633	0	1	1	429	26	18.4185328375	38.1246080031	40.5191990749	14.221
633	0	1	2	1775	110	18.4185328375	39.5420488413	41.9366399131	16.095
634	0	1	1	558	34	23.7036715754	27.0391128876	30.1208241631	9.244
634	0	1	2	1907	119	23.7036715754	23.6998266261	26.7815379016	12.409
635	0	1	1	250	15	21.4618312295	30.2574325118	33.0476824139	14.284
635	0	1	2	1592	99	21.4618312295	28.5984622901	31.3887121922	5.433
636	0	1	1	434	27	17.3071314182	32.5946492483	34.8447471654	5.969
636	0	1	2	1782	111	17.3071314182	33.0680631743	35.3181610914	10.378
637	0	1	1	432	27	22.677206488	34.381431852	37.3296925343	6.221
637	0	1	2	1779	111	22.677206488	36.1954705506	39.1437312329	5.622
639	0	1	1	432	27	19.1545336259	31.7652389214	34.2555173605	5.874
639	0	1	2	1779	111	19.1545336259	28.8078277389	31.298106178	5.748
640	0	1	1	432	27	19.9879621874	29.9691987152	32.5678310938	9.087
640	0	1	2	1779	111	19.9879621874	32.7311859548	35.3298183334	8.693
641	0	1	1	444	27	20.0296209748	31.8695949518	34.4736433839	5.78
641	0	1	2	1788	111	20.0296209748	32.6678710787	35.2719195109	18.094
642	0	1	1	873	54	23.947207206	27.7337513336	30.8471246449	6.441
642	0	1	2	2215	138	23.947207206	27.0737904538	30.1871637651	21.905
642	1	1	1	874	54	23.947207206	29.1046317877	32.218005099	16.378
642	1	1	2	2214	138	23.947207206	26.134543388	29.2479166993	11.181
643	0	1	1	486	30	24.0146240193	27.8971567003	31.0192948628	9.843
643	0	1	2	1831	114	24.0146240193	28.0601213741	31.1822595366	15.433
644	0	1	1	439	27	22.4078720318	30.9241028912	33.8373474356	7.654
644	0	1	2	1784	111	22.4078720318	29.7765796295	32.6898241739	4.031
645	0	1	1	440	27	17.2729103977	29.0782893731	31.3239382197	12.52
645	0	1	2	1788	111	17.2729103977	28.7719309922	31.0175798388	6.504
646	0	1	1	431	26	16.0712026731	30.3920101814	32.4814251622	8.221
646	0	1	2	1779	111	16.0712026731	31.9242832728	34.0136982536	4.22
647	0	1	1	1094	68	16.7816221999	32.2488783812	34.4306549128	9.905
647	0	1	2	2442	152	16.7816221999	32.4355399031	34.6173164346	10.473
648	0	1	1	1035	64	25.0804848606	23.2621154493	26.5228260419	10.032
648	0	1	2	2379	148	25.0804848606	30.8510257616	34.1117363542	12.551
649	0	1	1	431	26	18.7416109412	32.3609487786	34.7975431929	9.291
649	0	1	2	1771	110	18.7416109412	23.0446643761	25.4812587903	12.032
650	0	1	1	1107	69	18.694008348	31.3764519356	33.8068575429	10.315
650	0	1	2	2456	153	18.694008348	31.5840482033	34.0144538106	14
651	0	1	1	1214	75	22.8871728519	30.0784990302	33.0540574123	8.189
651	0	1	2	2562	160	22.8871728519	26.6002088926	29.5757672747	16.74
652	0	1	1	1224	76	22.6542179775	28.4780197738	31.4232917228	11.969
652	0	1	2	2574	160	22.6542179775	30.1045037093	33.0497756583	10.96
653	0	1	1	215	13	22.4619503981	26.8481270457	29.7684023116	9.323
653	0	1	2	1558	97	22.4619503981	24.7455702503	27.6658455161	14.032
654	0	1	1	431	26	21.2263101518	29.4682670264	32.2278968637	16.567
654	0	1	2	1777	111	21.2263101518	29.5407725687	32.3004024059	15.465
655	0	1	1	569	35	25.8587284449	24.4823843842	27.8442743245	15.559
655	0	1	2	1918	119	25.8587284449	26.4557568735	29.8176468139	11.527
656	0	1	1	980	61	25.2496064026	24.6015823849	27.8842804473	9.039
656	0	1	2	2325	145	25.2496064026	28.988977849	32.2716759115	5.401
657	0	1	1	440	27	18.0322825857	31.0453731169	33.3897478434	16.897
657	0	1	2	1784	111	18.0322825857	32.754442129	35.0988168555	9.748
658	0	1	1	433	27	19.5011931083	33.5164361135	36.0517837071	6.677
658	0	1	2	1779	111	19.5011931083	34.2855215838	36.8208691774	4.519
659	0	1	1	441	27	21.4912804763	30.1108363153	32.9049149102	6.583
659	0	1	2	1788	111	21.4912804763	32.2661447032	35.0602232981	10.252
660	0	1	1	564	35	27.7005112227	31.6799528432	35.2812927243	13.512
660	0	1	2	1912	119	27.7005112227	32.0763780419	35.6777179229	6.488
661	0	1	1	1021	63	26.0184239244	19.716272882	23.0989248109	17.212
661	0	1	2	2366	147	26.0184239244	27.3782438314	30.7608957604	10.158
662	0	1	1	469	29	21.3691543535	31.8633992099	34.6416002034	10.913
662	0	1	2	1815	113	21.3691543535	32.9903877779	35.7685887713	8.63
663	0	1	1	485	30	22.8813478004	27.8150200806	30.7898211485	15.465
663	0	1	2	1829	114	22.8813478004	28.0204158586	30.9952169265	14.819
664	0	1	1	282	17	26.2444763869	27.9051199709	31.3171609512	14.031
664	0	1	2	1626	101	26.2444763869	27.3886878139	30.8007287943	4.929
665	0	1	1	306	19	26.4445563046	29.0062890027	32.4443423473	7.937
665	0	1	2	1651	103	26.4445563046	29.9392577202	33.3773110648	4.473
666	0	1	1	1255	78	26.0839073354	29.8051678172	33.196333236	9.591
666	0	1	2	2604	162	26.0839073354	27.8964561113	31.2876215301	16.803
667	0	1	1	429	26	17.7197066867	28.5937527568	30.8974895311	6.677
667	0	1	2	1776	111	17.7197066867	29.7181999105	32.0219366848	5.149
668	0	1	1	430	26	16.007504006	26.0200746094	28.1012081347	16.189
668	0	1	2	1777	111	16.007504006	30.6170138339	32.6981473592	5.402
669	0	1	1	443	27	19.6062277432	30.0105041285	32.5595072613	7.024
669	0	1	2	1788	111	19.6062277432	30.8432785855	33.3922817184	13.748
670	0	1	1	490	30	22.7966890705	26.5713871566	29.535181754	11.906
670	0	1	2	1833	114	22.7966890705	24.7221891179	27.6859837153	5.37
671	0	1	1	438	27	18.7655268587	29.8812279407	32.3209316604	10.693
671	0	1	2	1783	111	18.7655268587	31.4732526914	33.912956411	14
672	0	1	1	1221	76	21.4880532322	30.8679794784	33.6616384997	9.275
672	0	1	2	2569	160	21.4880532322	32.2031234524	34.9967824737	4.992
673	0	1	1	489	30	21.4959864085	30.1082113916	32.9029018041	12.284
673	0	1	2	1833	114	21.4959864085	27.0122214607	29.8069118732	9.118
674	0	1	1	429	26	18.1168353377	28.0971208112	30.4524882301	14.677
674	0	1	2	1775	110	18.1168353377	30.5004531726	32.8558205914	17.37
675	0	1	1	433	27	18.793793123	29.3770319478	31.8204105608	4.473
675	0	1	2	1776	111	18.793793123	29.3265560186	31.7699346316	11.937
676	0	1	1	438	27	19.0302471056	33.0721495001	35.5462694647	13.323
676	0	1	2	1784	111	19.0302471056	31.9786580504	34.4527780151	5.748
677	0	1	1	429	26	17.3144781007	29.6980757133	31.9491287715	6.315
677	0	1	2	1775	110	17.3144781007	29.6771481268	31.928201185	14.85
678	0	1	1	431	26	19.3802425969	29.5292725209	32.0488953542	13.212
678	0	1	2	1779	111	19.3802425969	33.6496822439	36.1693050771	8.157
679	0	1	1	439	27	16.1065767354	33.0836940015	35.1777079595	10.126
679	0	1	2	1784	111	16.1065767354	31.6380610463	33.7320750044	12.551
680	0	1	1	429	26	16.9109615609	29.6069110001	31.8055029252	12.724
680	0	1	2	1775	110	16.9109615609	30.9340943412	33.1326862663	8.788
681	0	1	1	432	27	23.7659898748	31.2156893539	34.3055026234	6.661
681	0	1	2	1779	111	23.7659898748	32.468282949	35.5580962185	9.496
682	0	1	1	447	27	22.4579410959	29.2905384675	32.2102924845	6.189
682	0	1	2	1793	112	22.4579410959	30.6040569284	33.5238109454	5.528
683	0	1	1	487	30	21.7658891409	27.8642491487	30.6940295806	8.536
683	0	1	2	1832	114	21.7658891409	30.1666959603	32.9964763921	10.992
684	0	1	1	918	57	27.7372386949	36.5634204954	40.1695353104	9.307
684	0	1	2	2274	142	27.7372386949	26.2145959064	29.8207107213	4.126
685	0	1	1	1238	77	19.7020979424	30.4712599343	33.0327271394	4.189
685	0	1	2	2587	161	19.7020979424	30.0181748491	32.5796420542	12.74
686	0	1	1	341	21	22.5454759171	26.498546586	29.4296809938	5.102
686	0	1	2	1684	105	22.5454759171	27.7577524436	30.6888868514	13.685
687	0	1	1	433	27	17.6821353184	30.8917200888	33.1905722144	5.323
687	0	1	2	1781	111	17.6821353184	30.9936059595	33.2924580851	10.567
688	0	1	1	459	28	23.1723784413	33.2925434007	36.3051813246	5.244
688	0	1	2	1806	112	23.1723784413	30.8944630091	33.9071009329	5.496
689	0	1	1	443	27	19.7344712797	28.9284340201	31.4941100786	7.937
689	0	1	2	1789	111	19.7344712797	28.0951675705	30.660843629	7.843
690	0	1	1	430	26	16.8511237261	30.2208269692	32.4116393852	11.354
690	0	1	2	1776	111	16.8511237261	28.7789864499	30.9697988659	6.85
691	0	1	1	1012	63	17.4645456713	29.8161550282	32.086718352	10.614
691	0	1	2	2357	147	17.4645456713	31.3959445157	33.6665078395	11.37
692	0	1	1	1010	63	26.8606217689	24.9084621652	28.400608127	13.685
692	0	1	2	2354	147	26.8606217689	28.5224779012	32.014623863	16.126
693	0	1	1	431	26	23.0411156248	29.289897728	32.28547019	4.599
693	0	1	2	1777	111	23.0411156248	29.5407376835	32.5363101456	8.409
694	0	1	1	462	28	21.5409433738	36.3957069017	39.1962421635	5.071
694	0	1	2	1809	113	21.5409433738	33.2672458025	36.0677810642	8.457
695	0	1	1	438	27	16.5824174138	31.1965881158	33.3524660589	7.496
695	0	1	2	1783	111	16.5824174138	31.7890065109	33.944884454	8.284
696	0	1	1	1021	63	22.5346809824	27.2541784827	30.1839094424	11.181
696	0	1	2	2366	147	22.5346809824	29.0388416762	31.9685726359	11.37
697	0	1	1	430	26	20.4991369661	29.2204101844	31.8855003298	7.496
697	0	1	2	1776	111	20.4991369661	29.4639956066	32.129085752	5.811
698	0	1	1	432	27	24.4555319872	27.0673364663	30.2467970167	4.929
698	0	1	2	1781	111	24.4555319872	28.7092095146	31.888670065	13.591
699	0	1	1	557	34	24.9287987219	25.6430765506	28.884066448	12.63
699	0	1	2	1908	119	24.9287987219	25.359419815	28.6004097123	10.189
700	0	1	1	487	30	20.5702196758	29.3003924455	31.9747240448	11.638
700	0	1	2	1832	114	20.5702196758	32.6635163464	35.3378479458	9.433
701	0	1	1	485	30	23.432184784	27.5270967462	30.5735120591	20.157
701	0	1	2	1825	114	23.432184784	28.3750651622	31.421480475	5.024
702	0	1	1	1015	63	27.3596576221	24.5419127295	28.098938278	20.441
702	0	1	2	2360	147	27.3596576221	27.6684042102	31.2254297587	6
704	0	1	1	269	16	23.1890359493	29.6311161935	32.6459197578	7.433
704	0	1	2	1611	100	23.1890359493	25.2577958565	28.2725994208	5.213
705	0	1	1	432	27	18.2272285538	32.6113806196	34.9811002463	4.441
705	0	1	2	1779	111	18.2272285538	30.6549837849	33.0247034115	10.567
706	0	1	1	489	30	24.7421567633	30.7313849552	33.9481095557	12.945
706	0	1	2	1837	114	24.7421567633	30.1325636074	33.3492882078	9.496
707	0	1	1	438	27	17.3703121987	30.0528808532	32.3111928954	16.378
707	0	1	2	1784	111	17.3703121987	31.8222298306	34.0805418728	11.685
708	0	1	1	429	26	19.0693185388	31.6380220261	34.1172216628	14.787
708	0	1	2	1775	110	19.0693185388	31.8362795235	34.3154791602	13.811
709	0	1	1	440	27	16.8987300085	29.1927702627	31.3897719653	8.315
709	0	1	2	1785	111	16.8987300085	30.1650413067	32.3620430093	5.291
709	1	1	1	439	27	16.8987300085	32.7176570919	34.9146587945	4.819
709	1	1	2	1788	111	16.8987300085	29.6968614631	31.8938631656	16.283
710	0	1	1	429	26	19.4821805164	29.9111378991	32.444013668	12
710	0	1	2	1772	110	19.4821805164	30.243727672	32.776603441	4
711	0	1	1	825	51	26.4956048966	16.2018193107	19.6465094761	7.811
711	0	1	2	2167	135	26.4956048966	26.1219481894	29.5666383548	13.559
712	0	1	1	1218	76	23.0490459862	26.909230729	29.9058342163	5.008
712	0	1	2	2567	160	23.0490459862	28.9167390564	31.9133425437	10.756
714	0	1	1	438	27	17.7258100389	29.9923964127	32.2969266831	9.78
714	0	1	2	1784	111	17.7258100389	31.0222478427	33.326778113	11.969
715	0	1	1	432	27	18.4996155426	30.4349391141	32.8400717379	7.087
715	0	1	2	1779	111	18.4996155426	29.7577246015	32.1628572253	4.315
716	0	1	1	1021	63	30.7966243979	21.8494457124	25.8533108669	8.063
716	0	1	2	2366	147	30.7966243979	24.6811278947	28.6849930492	8.441
717	0	1	1	1105	69	20.3194089977	30.4286139131	33.0703376486	8.284
717	0	1	2	2454	153	20.3194089977	29.0892138743	31.7309376098	17.275
718	0	1	1	438	27	16.220694231	31.1344334512	33.2432838101	4.787
718	0	1	2	1784	111	16.220694231	29.1018427952	31.2106931541	5.969
719	0	1	1	430	26	18.1882776546	30.319529049	32.6841846743	16.22
719	0	1	2	1777	111	18.1882776546	31.1097518024	33.4744074277	9.023
720	0	1	1	439	27	18.8019495606	31.295156289	33.7395953194	10.063
720	0	1	2	1784	111	18.8019495606	30.4769728615	32.9214118919	7.103
721	0	1	1	286	17	21.5745378929	29.1086946253	31.9135975062	9.559
721	0	1	2	1631	101	21.5745378929	29.4481730983	32.2530759791	12.929
722	0	1	1	430	26	21.1690930496	33.3448074246	36.0969984738	6.945
722	0	1	2	1774	110	21.1690930496	33.0038010279	35.7559920771	12.788
723	0	1	1	471	29	21.9459540758	28.647184394	31.5003750447	7.465
723	0	1	2	1817	113	21.9459540758	29.6852931539	32.5384838046	8.095
724	0	1	1	1229	76	21.8902533508	27.9969258067	30.8428748134	13.622
724	0	1	2	2580	161	21.8902533508	29.7273603047	32.5733093114	16.126
725	0	1	1	1245	77	21.5406951899	28.3457163632	31.1462193586	10.599
725	0	1	2	2598	162	21.5406951899	25.4870509364	28.2875539318	7.103
726	0	1	1	429	26	17.7361106856	29.3336324728	31.6395019289	18.252
726	0	1	2	1775	110	17.7361106856	29.6315929142	31.9374623703	12
727	0	1	1	1243	77	25.1058355795	31.6783098109	34.9423162473	7.59
727	0	1	2	2593	162	25.1058355795	28.0878693005	31.3518757368	6.41
728	0	1	1	434	27	21.5404504672	30.5955349754	33.3960061545	7.622
728	0	1	2	1781	111	21.5404504672	30.5734109311	33.3738821101	5.843
729	0	1	1	430	26	18.4760593476	29.2475921731	31.649662259	7.811
729	0	1	2	1776	111	18.4760593476	33.0544955812	35.4565656672	6.315
730	0	1	1	422	26	22.1294183123	35.2119996437	38.0890424561	9.165
730	0	1	2	1769	110	22.1294183123	35.894868337	38.7719111494	16.536
731	0	1	1	134	8	20.723822842	26.0551207977	28.7494223248	6.472
731	0	1	2	1473	92	20.723822842	27.1051951096	29.7994966368	12.771
732	0	1	1	430	26	16.7204446793	31.691843045	33.865665895	7.905
732	0	1	2	1776	111	16.7204446793	29.4730981379	31.6469209879	4.693
733	0	1	1	1056	66	24.0666000299	30.3427631369	33.4716586938	4.977
733	0	1	2	2401	150	24.0666000299	30.3981010535	33.5269966104	18.378
734	0	1	1	437	27	16.176271843	31.8648630636	33.9679380736	10
734	0	1	2	1783	111	16.176271843	30.1705919606	32.2736669706	8.157
735	0	1	1	1213	75	20.3145393315	25.9018837026	28.5429743335	8.346
735	0	1	2	2562	160	20.3145393315	27.8759647081	30.517055339	11.59
736	0	1	1	1062	66	25.8589655582	5.10862162004	8.47054238746	15.685
736	0	1	2	2410	150	25.8589655582	6.41224586752	9.77416663494	13.968
737	0	1	1	444	27	20.9458213082	28.620234382	31.3433979009	9.087
737	0	1	2	1787	111	20.9458213082	33.4797732622	36.2029367812	8.897
738	0	1	1	433	27	20.5142430764	31.4474689456	34.1145230345	10.063
738	0	1	2	1781	111	20.5142430764	27.7558390486	30.4228931375	5.685
740	0	1	1	429	26	17.7284775571	32.5927507408	34.8976278149	6.772
740	0	1	2	1775	110	17.7284775571	34.82852316	37.1334002341	15.37
741	0	1	1	214	13	25.319929721	29.7777699214	33.0696107093	9.213
741	0	1	2	1558	97	25.319929721	31.5039790943	34.7958198823	10.031
742	0	1	1	1220	76	20.8974999398	27.3492573849	30.0661386491	5.874
742	0	1	2	2569	160	20.8974999398	26.6952013038	29.4120825679	12.409
743	0	1	1	379	23	27.1998699172	31.1478225301	34.6840740998	8.772
743	0	1	2	1723	107	27.1998699172	29.3295634992	32.8658150689	15.811
744	0	1	1	997	62	19.683715237	28.2676740067	30.8267512786	16.284
744	0	1	2	2342	146	19.683715237	27.4074628407	29.9665401126	9.78
745	0	1	1	582	36	26.8807622159	26.9475476654	30.4423120841	14.252
745	0	1	2	1931	120	26.8807622159	27.6047815617	31.0995459805	11.338
746	0	1	1	1221	76	20.3829011811	22.6659894512	25.3159677973	10.41
746	0	1	2	2562	160	20.3829011811	28.6196840188	31.2696623648	15.622
747	0	1	1	431	26	16.9847998656	32.8198264113	35.0280180449	4.063
747	0	1	2	1772	110	16.9847998656	30.1568899738	32.3650816073	4.788
748	0	1	1	430	26	18.1915854201	32.8356218519	35.2007075193	5.622
748	0	1	2	1776	111	18.1915854201	32.437917806	34.8030034734	14.803
749	0	1	1	1227	76	19.2249647248	26.9752196515	29.4746548286	15.559
749	0	1	2	2581	161	19.2249647248	30.4073474648	32.906782642	4.677
750	0	1	1	414	25	22.4563788898	27.8676216438	30.7871725586	8.063
750	0	1	2	1763	110	22.4563788898	29.8978717579	32.8174226727	11.716
751	0	1	1	468	29	22.9325080118	29.0231831566	32.004635557	15.748
751	0	1	2	1815	113	22.9325080118	30.7821098189	33.7635622193	9.937
752	0	1	1	159	9	24.1685050556	27.544634823	30.6867790392	9.843
752	0	1	2	1499	93	24.1685050556	29.900721283	33.0428654992	17.496
753	0	1	1	430	26	16.8349645427	29.8071172891	31.9958288517	10.157
753	0	1	2	1776	111	16.8349645427	31.3566211309	33.5453326935	7.968
754	0	1	1	431	26	21.3977772912	33.7766235493	36.5585458072	6.409
754	0	1	2	1779	111	21.3977772912	33.204673117	35.9865953748	4.158
755	0	1	1	1211	75	22.1122043677	31.9797712715	34.8545761012	12.614
755	0	1	2	2561	160	22.1122043677	32.20865271	35.0834575397	11.464
756	0	1	1	429	26	18.1501780114	29.8140868288	32.1737891244	13.685
756	0	1	2	1775	110	18.1501780114	30.2078758318	32.5675781274	13.843
757	0	1	1	440	27	18.1780163613	30.7145024832	33.077824039	7.307
757	0	1	2	1788	111	18.1780163613	29.4517631028	31.8150846586	16.582
758	0	1	1	488	30	24.5409765998	26.7675696989	29.9581388923	14.063
758	0	1	2	1832	114	24.5409765998	23.9067313405	27.0973005339	14.977
759	0	1	1	429	26	19.8099177376	34.189863417	36.7653482597	10.834
759	0	1	2	1775	110	19.8099177376	32.6886854243	35.264170267	8.22
760	0	1	1	567	35	28.171819148	30.3593933741	34.0220079375	12.599
760	0	1	2	1915	119	28.171819148	31.3455509787	35.0081655421	8.96
762	0	1	1	438	27	19.5575249156	29.3359542314	31.878625516	13.527
762	0	1	2	1784	111	19.5575249156	30.5030403742	33.0457116587	11.275
763	0	1	1	380	23	22.3585022659	32.3305117531	35.2373377406	4.488
763	0	1	2	1727	107	22.3585022659	31.0236727006	33.9304986881	5.276
764	0	1	1	493	30	17.6757115093	29.6195799905	31.9175969575	5.591
764	0	1	2	1841	115	17.6757115093	29.5507436285	31.8487605955	4.063
765	0	1	1	413	25	23.475245811	30.0693226539	33.1213363253	6.472
765	0	1	2	1760	110	23.475245811	28.8722568743	31.9242705457	15.244
766	0	1	1	488	30	22.5041077942	31.1864585598	34.1122147032	15.716
766	0	1	2	1833	114	22.5041077942	29.9850626037	32.9108187472	10.504
767	0	1	1	1221	76	18.8379203883	28.8365328411	31.2856484342	6.441
767	0	1	2	2573	160	18.8379203883	28.8723738483	31.3214894414	10.315
768	0	1	1	438	27	17.934373913	29.4358286828	31.7674743155	4.567
768	0	1	2	1784	111	17.934373913	32.8833395277	35.2149851604	6.441
769	0	1	1	438	27	17.6751548257	32.0515873443	34.3495319369	12.536
769	0	1	2	1783	111	17.6751548257	30.354789249	32.6527338417	11.78
770	0	1	1	459	28	23.3086777518	30.898938823	33.9292970025	11.244
770	0	1	2	1805	112	23.3086777518	28.2151612029	31.2455193825	10
771	0	1	1	438	27	19.7597075257	33.6518912225	36.2208482421	8
771	0	1	2	1784	111	19.7597075257	32.4486921688	35.0176491884	8.662
772	0	1	1	429	26	17.211924095	31.0453739602	33.2830939855	9.307
772	0	1	2	1775	110	17.211924095	32.6909936626	34.9287136879	16.473
773	0	1	1	442	27	30.413631014	23.7179964807	27.6720687148	6.882
773	0	1	2	1788	111	30.413631014	20.4108640981	24.3649363323	13.213
774	0	1	1	429	26	21.64532986	31.0392613432	33.8533678785	11.197
774	0	1	2	1776	111	21.64532986	29.612970372	32.4270769074	7.527
775	0	1	1	440	27	19.0570008328	29.3024408369	31.7800390502	4.472
775	0	1	2	1787	111	19.0570008328	29.0787056331	31.5563038464	14.031
776	0	1	1	439	27	15.3115552341	31.8571510434	33.8478043589	9.197
776	0	1	2	1774	110	15.3115552341	33.5034186902	35.4940720056	10.063
777	0	1	1	431	26	21.0140566654	33.2508780652	35.9829128541	11.071
777	0	1	2	1781	111	21.0140566654	30.9435000112	33.6755348001	9.622
778	0	1	1	1009	63	23.4233058483	26.7633438826	29.8086048461	8.473
778	0	1	2	2354	147	23.4233058483	28.9603932396	32.0056542032	7.937
779	0	1	1	761	47	26.1536830348	29.2195071071	32.6197440555	14.063
779	0	1	2	2100	131	26.1536830348	26.3287619622	29.7289989106	9.811
780	0	1	1	431	26	17.793004327	30.6352645452	32.9485307362	8.898
780	0	1	2	1777	111	17.793004327	29.3504523892	31.6637185803	5.811
781	0	1	1	444	27	21.909957583	26.7058044082	29.5543151596	6
781	0	1	2	1791	111	21.909957583	24.3344158714	27.1829266228	9.779
782	0	1	1	778	48	27.9362290415	31.8812695583	35.5132550824	8.189
782	0	1	2	2119	132	27.9362290415	29.3507467072	32.9827322314	15.653
783	0	1	1	489	30	19.4583103608	27.8107546935	30.3405271066	16.882
783	0	1	2	1833	114	19.4583103608	29.0217253345	31.5514977476	9.622
784	0	1	1	561	35	20.7741644703	26.0047689341	28.7056153698	7.716
784	0	1	2	1909	119	20.7741644703	29.3012069761	32.0020534118	4.945
785	0	1	1	431	26	18.1589823022	30.2882020867	32.649049027	16.158
785	0	1	2	1779	111	18.1589823022	31.2945727815	33.6554197218	5.086
786	0	1	1	440	27	20.2014342226	29.9832208339	32.6096066841	11.591
786	0	1	2	1788	111	20.2014342226	28.1139224752	30.7403083254	11.465
787	0	1	1	234	14	24.8568259023	27.5033917897	30.7350245101	15.464
787	0	1	2	1577	98	24.8568259023	26.8240470497	30.0556797701	9.291
788	0	1	1	762	47	24.6585693798	30.4697403265	33.675597742	13.212
788	0	1	2	2113	132	24.6585693798	23.328026463	26.5338838785	16.22
789	0	1	1	1218	76	18.9225258476	31.5783440235	34.0384591614	6.063
789	0	1	2	2567	160	18.9225258476	30.6125808923	33.0726960301	17.717
790	0	1	1	1110	69	22.204712495	31.9013796967	34.788211496	5.149
790	0	1	2	2457	153	22.204712495	32.1464406208	35.0332724202	10.835
791	0	1	1	1218	76	20.3724086812	28.4656781831	31.1142924007	4.96
791	0	1	2	2567	160	20.3724086812	30.6943332968	33.3429475143	13.244
792	0	1	1	438	27	18.3017090523	29.7779966231	32.1573994497	10.819
792	0	1	2	1784	111	18.3017090523	29.7658465048	32.1452493314	9.008
793	0	1	1	832	52	27.2524091583	30.2663369431	33.8094191328	9.134
793	0	1	2	2174	135	27.2524091583	30.5386967425	34.0817789321	14.535
794	0	1	1	441	27	19.5083484725	30.3213334583	32.8576113198	6.41
794	0	1	2	1787	111	19.5083484725	30.2899649058	32.8262427673	9.087
795	0	1	1	438	27	18.8676100448	29.8150464035	32.2680219449	11.622
795	0	1	2	1784	111	18.8676100448	30.4200979824	32.8730735238	9.496
796	0	1	1	1104	69	22.4712390475	29.2064831617	32.1279660437	7.496
796	0	1	2	2453	153	22.4712390475	30.7843091872	33.7057920692	13.622
797	0	1	1	430	26	19.2540719129	28.678405312	31.181624711	7.906
797	0	1	2	1777	111	19.2540719129	28.1756347761	30.678854175	5.402
798	0	1	1	443	27	19.0942892434	30.8521275436	33.3345736183	5.212
798	0	1	2	1791	111	19.0942892434	30.2693760332	32.7518221079	10.157
799	0	1	1	1224	76	22.358910369	27.952170956	30.859050001	13.212
799	0	1	2	2574	160	22.358910369	27.2160197831	30.1228988281	10.567
800	0	1	1	432	27	15.8360099002	31.6343374766	33.6931750754	7.134
800	0	1	2	1779	111	15.8360099002	33.0987189715	35.1575565703	7.134
801	0	1	1	888	55	27.9989941498	31.8446037741	35.4847493819	4.315
801	0	1	2	2229	139	27.9989941498	29.8704864145	33.5106320223	4.158
802	0	1	1	429	26	16.4555396914	31.1226513645	33.2620339513	11.653
802	0	1	2	1775	110	16.4555396914	29.5226132741	31.6619958609	13.874
803	0	1	1	472	29	23.2297224998	15.2176089825	18.2377021999	4.819
803	0	1	2	1818	113	23.2297224998	27.4444661193	30.4645593368	11.024
804	0	1	1	439	27	18.5903525782	33.4500686051	35.8669979391	7.654
804	0	1	2	1783	111	18.5903525782	32.9013332004	35.3182625344	11.842
805	0	1	1	430	26	18.3040556189	29.4139445324	31.7936524358	15.165
805	0	1	2	1777	111	18.3040556189	29.9393800502	32.3190879536	11.166
806	0	1	1	444	27	18.8468166305	30.5302343045	32.9805064969	7.228
806	0	1	2	1791	111	18.8468166305	29.7869330806	32.237205273	13.906
807	0	1	1	437	27	18.2552502073	30.03730864	32.4106713581	11.496
807	0	1	2	1783	111	18.2552502073	31.3154802112	33.6888429294	12.441
808	0	1	1	430	26	21.4053386607	32.3804731933	35.1633785039	10.126
808	0	1	2	1777	111	21.4053386607	33.3916626248	36.1745679354	10.441
809	0	1	1	469	29	17.8180894254	29.505979609	31.8225071105	10.803
809	0	1	2	1815	113	17.8180894254	29.1163386405	31.4328661419	15.118
810	0	1	1	1222	76	19.1147451396	31.4947638356	33.9798693787	7.969
810	0	1	2	2571	160	19.1147451396	29.6630681862	32.1481737293	15.685
811	0	1	1	431	26	17.609783711	31.7691135006	34.0585592031	6.898
811	0	1	2	1779	111	17.609783711	31.5075423878	33.7969880903	5.559
812	0	1	1	439	27	20.1049777864	32.1441784734	34.7580240349	4.536
812	0	1	2	1784	111	20.1049777864	31.6697415202	34.2835870817	5.087
813	0	1	1	437	27	18.2579922414	29.9779850102	32.3517042199	10.693
813	0	1	2	1783	111	18.2579922414	31.6983262685	34.0720454782	16.378
814	0	1	1	413	25	18.769928016	29.0585605637	31.4988364772	4.662
814	0	1	2	1759	109	18.769928016	32.3586489195	34.798924833	7.937
815	0	1	1	429	26	20.4680474799	31.9182883529	34.5793365582	13.118
815	0	1	2	1776	111	20.4680474799	29.6075614263	32.2686096317	13.874
816	0	1	1	737	46	21.5931301648	26.3586400145	29.1659600742	18.032
816	0	1	2	2077	129	21.5931301648	27.5523527442	30.3596728039	12.756
817	0	1	1	429	26	22.4247657893	30.196362172	33.1118030717	5.496
817	0	1	2	1776	111	22.4247657893	31.9025832188	34.8180241185	6.346
818	0	1	1	439	27	16.323529854	28.2449649821	30.367184987	8.992
818	0	1	2	1784	111	16.323529854	30.5806484878	32.7028684927	5.748
819	0	1	1	901	56	25.3337285161	27.4798853008	30.7735200683	17.937
819	0	1	2	2244	140	25.3337285161	26.1776831406	29.4713179081	6.992
820	0	1	1	430	26	15.9458581288	30.0562546744	32.1293736272	15.78
820	0	1	2	1776	111	15.9458581288	31.2202407512	33.2933597039	5.874
821	0	1	1	994	62	23.0691712915	29.0976744399	32.0968944156	11.968
821	0	1	2	2337	146	23.0691712915	29.7263038683	32.7255238439	9.181
822	0	1	1	376	23	24.0174671312	30.3370035128	33.4595113079	9.717
822	0	1	2	1722	107	24.0174671312	28.6289298164	31.7514376115	13.78
823	0	1	1	1103	68	17.7473806358	28.4739336725	30.7812683334	4.504
823	0	1	2	2446	152	17.7473806358	34.9119787093	37.2193133701	8.63
824	0	1	1	1229	76	23.6639598955	24.0404140841	27.1169624493	15.496
824	0	1	2	2579	161	23.6639598955	27.042343274	30.1188916391	11.008
825	0	1	1	487	30	23.566713478	28.85383527	31.917740641	16.221
825	0	1	2	1832	114	23.566713478	30.3769745046	33.4408798755	9.15
826	0	1	1	430	26	16.5599472178	29.5602066991	31.7131632949	13.086
826	0	1	2	1777	111	16.5599472178	30.1643728361	32.3173294319	14.157
827	0	1	1	430	26	21.3765779972	32.2140168528	34.9931829932	7.37
827	0	1	2	1779	111	21.3765779972	31.4291683444	34.2083344848	12.803
828	0	1	1	478	29	21.3891633469	29.9758955124	32.7566978725	6.725
828	0	1	2	1826	114	21.3891633469	29.1709001985	31.9517025586	10.314
829	0	1	1	488	30	22.2749115552	28.1526287142	31.0485870843	14.472
829	0	1	2	1832	114	22.2749115552	29.3774276976	32.2733860677	15.071
830	0	1	1	567	35	22.175389585	29.0774273298	31.9604468614	9.307
830	0	1	2	1892	118	22.175389585	39.4633297996	42.3463493312	12.803
831	0	1	1	519	32	23.3831500173	32.0643446223	35.1043849314	6.41
831	0	1	2	1865	116	23.3831500173	32.4948403676	35.5348806768	8.598
832	0	1	1	431	26	20.9431888491	32.9006397161	35.6234609894	8.378
832	0	1	2	1777	111	20.9431888491	33.2849661869	36.0077874603	7.717
833	0	1	1	432	27	18.5429989184	29.8765537985	32.2873266893	8.378
833	0	1	2	1779	111	18.5429989184	31.4010425552	33.811815446	7.937
834	0	1	1	485	30	24.0559529831	30.0714348122	33.198946148	11.307
834	0	1	2	1830	114	24.0559529831	31.494650062	34.6221613978	6.945
835	0	1	1	432	27	23.2904897736	32.4357749986	35.4637685615	4
835	0	1	2	1775	110	23.2904897736	34.0430125191	37.071006082	10.032
836	0	1	1	431	26	17.0905430272	28.5118448486	30.7337841369	9.527
836	0	1	2	1777	111	17.0905430272	29.1165953475	31.3385346359	15.496
837	0	1	1	429	26	18.0043175188	32.4350185798	34.7757575716	9.181
837	0	1	2	1776	111	18.0043175188	30.7244238203	33.0651628121	4.914
838	0	1	1	443	27	17.6532368803	29.5439202832	31.8390153265	12.599
838	0	1	2	1790	111	17.6532368803	27.9559360609	30.2510311043	14.961
839	0	1	1	438	27	16.4679766383	30.041147742	32.1821472546	10.929
839	0	1	2	1784	111	16.4679766383	30.5880830442	32.7290825569	4.063
840	0	1	1	485	30	22.7848026685	29.2292149582	32.191464206	16
840	0	1	2	1830	114	22.7848026685	28.4067481797	31.3689974275	9.181
841	0	1	1	487	30	19.9559332682	31.0406970102	33.6351653131	5.811
841	0	1	2	1831	114	19.9559332682	34.2813560086	36.8758243116	12.913
842	0	1	1	1003	62	25.3298135467	26.7694462179	30.0625720008	15.874
842	0	1	2	2350	146	25.3298135467	26.1619173637	29.4550431466	7.559
843	0	1	1	917	57	25.1495803589	29.9786395983	33.2483332877	15.37
843	0	1	2	2260	141	25.1495803589	28.852195	32.1218886894	13.842
844	0	1	1	431	26	20.1927649248	30.5579820809	33.1832408369	6.252
844	0	1	2	1779	111	20.1927649248	31.4465369551	34.0717957111	10.063
846	0	1	1	432	27	18.621170148	32.8209095851	35.2418455074	7.118
846	0	1	2	1779	111	18.621170148	29.4243659913	31.8453019136	4.126
847	0	1	1	519	32	22.7720480441	28.9992428599	31.9598338806	8.599
847	0	1	2	1865	116	22.7720480441	28.9622590128	31.9228500335	10.221
848	0	1	1	1240	77	23.8489403716	28.1154238432	31.2160214961	4.693
848	0	1	2	2589	161	23.8489403716	31.4449539108	34.5455515637	16.252
849	0	1	1	431	26	20.2599457774	31.348470196	33.982463126	5.969
849	0	1	2	1777	111	20.2599457774	32.8344358056	35.4684287356	10.221
850	0	1	1	985	61	21.868207874	24.5506244995	27.3937073766	11.496
850	0	1	2	2330	145	21.868207874	32.4004721614	35.2435550385	7.622
851	0	1	1	1220	76	23.1455326567	26.6840367439	29.6931844508	7.071
851	0	1	2	2568	160	23.1455326567	27.2359236913	30.2450713982	10.661
852	0	1	1	1029	64	21.1967406895	27.311134332	30.0669198473	10.882
852	0	1	2	2374	148	21.1967406895	39.7856726568	42.5414581721	9.685
853	0	1	1	305	19	28.1076554732	27.1327530188	30.7870256712	10.63
853	0	1	2	1649	103	28.1076554732	27.9680133109	31.6222859633	8.835
854	0	1	1	432	27	19.0894222558	29.9212057214	32.4030190397	13.591
854	0	1	2	1779	111	19.0894222558	32.1821169695	34.6639302878	12.284
855	0	1	1	1220	76	19.7900887208	27.2661820417	29.8390889165	5.276
855	0	1	2	2569	160	19.7900887208	27.2473959532	29.820302828	10.032
856	0	1	1	438	27	16.3897658124	30.1455658046	32.2763971379	5.433
856	0	1	2	1784	111	16.3897658124	30.459227839	32.5900591723	6.661
857	0	1	1	432	27	18.7078637745	35.6632850812	38.0954920307	9.717
857	0	1	2	1771	110	18.7078637745	34.4745882319	36.9067951814	18.693
858	0	1	1	981	61	23.3696311422	29.4628293887	32.5011121107	8.74
858	0	1	2	2326	145	23.3696311422	32.6622570315	35.7005397535	10.551
859	0	1	1	564	35	20.3602058824	35.4626687606	38.1096964938	12.031
859	0	1	2	1913	119	20.3602058824	30.2093010492	32.8563287824	9.402
860	0	1	1	490	30	22.0654088743	29.8347020968	32.7034230504	14.063
860	0	1	2	1833	114	22.0654088743	28.1943702745	31.0630912281	5.197
861	0	1	1	1213	75	20.7189766234	28.4867009047	31.1803723756	5.748
861	0	1	2	2562	160	20.7189766234	28.1472311046	30.8409025754	13.748
862	0	1	1	440	27	18.1996590939	27.0462531552	29.4123884799	4.662
862	0	1	2	1785	111	18.1996590939	28.9920223269	31.3581576516	12.898
863	0	1	1	430	26	25.065551921	25.966026346	29.224795509	9.244
863	0	1	2	1777	111	25.065551921	25.6377743434	28.8965435064	14.284
864	0	1	1	338	21	21.6037955634	27.8495273475	30.6582340143	6.032
864	0	1	2	1682	105	21.6037955634	26.2168473103	29.0255539771	5.244
865	0	1	1	443	27	19.4307271025	29.6564844886	32.1826708059	6.96
865	0	1	2	1788	111	19.4307271025	30.5615461724	33.0877324897	12.346
866	0	1	1	557	34	20.6131017991	26.2281320208	28.9080387195	10.22
866	0	1	2	1907	119	20.6131017991	25.9236656589	28.6035723575	18.63
867	0	1	1	434	27	15.4697701189	30.7332920147	32.7445148269	4.126
867	0	1	2	1781	111	15.4697701189	31.3437998259	33.355022638	6.992
868	0	1	1	528	33	19.1478896309	24.4919850381	26.9813996923	16.787
868	0	1	2	1878	117	19.1478896309	26.7809582243	29.2703728784	8.284
869	0	1	1	437	27	19.3935640249	32.4588116249	34.9801663752	7.086
869	0	1	2	1782	111	19.3935640249	32.2133071409	34.7346618913	6
869	1	1	1	434	27	19.3935640249	30.6191919226	33.1405466729	10.536
869	1	1	2	1784	111	19.3935640249	29.2124318565	31.7337866069	6.709
870	0	1	1	432	27	20.5828286988	31.4067549072	34.082725804	4.63
870	0	1	2	1779	111	20.5828286988	33.0532084134	35.7291793102	8.252
871	0	1	1	477	29	23.058117528	28.5039558087	31.501738686	4.331
871	0	1	2	1826	114	23.058117528	24.102444125	27.1002270023	4.063
872	0	1	1	249	15	23.0636220177	25.9516180205	28.9501165358	4.834
872	0	1	2	1590	99	23.0636220177	31.2442064876	34.2427050029	6.52
873	0	1	1	521	32	23.5290047347	27.8683290504	30.9273319125	6.677
873	0	1	2	1869	116	23.5290047347	24.5502197914	27.6092226536	8.992
874	0	1	1	432	27	20.1124391543	33.2529437702	35.8677593832	7.716
874	0	1	2	1779	111	20.1124391543	30.3250887248	32.9399043377	16.567
875	0	1	1	444	27	18.4407211353	27.3856125377	29.7830883072	11.496
875	0	1	2	1790	111	18.4407211353	26.6162797069	29.0137554764	6.315
876	0	1	1	439	27	20.2860584383	30.3881690839	33.0255569176	10.567
876	0	1	2	1785	111	20.2860584383	29.2225543009	31.8599421345	15.811
877	0	1	1	224	14	22.8584852788	29.911155988	32.8829847024	4.882
877	0	1	2	1566	97	22.8584852788	31.822624434	34.7944531484	5.653
878	0	1	1	431	26	18.6660331944	30.6454864459	33.0722550071	15.15
878	0	1	2	1777	111	18.6660331944	31.2440712897	33.6708398509	7.275
879	0	1	1	1006	62	25.5929756205	23.5350797543	26.8624192043	6.803
879	0	1	2	2351	146	25.5929756205	26.9815910943	30.3089305443	9.512
880	0	1	1	432	27	18.8582167294	32.1525121494	34.6042664671	7.023
880	0	1	2	1775	110	18.8582167294	32.6799649746	35.1317192924	11.779
881	0	1	1	211	13	25.3800322605	30.5279922129	33.8276469242	8.157
881	0	1	2	1555	97	25.3800322605	32.7374843678	36.0371390791	4.992
882	0	1	1	1224	76	23.9625772411	28.5146651561	31.6300367237	9.843
882	0	1	2	2574	160	23.9625772411	29.0142018045	32.1295733721	16
883	0	1	1	865	54	22.0781240274	29.8874021675	32.7577762165	10.567
883	0	1	2	2210	138	22.0781240274	29.4893331597	32.3597072087	10.645
884	0	1	1	116	7	18.7278000821	26.6119373348	29.0467362011	7.527
884	0	1	2	1456	91	18.7278000821	28.8666471117	31.301445978	11.276
885	0	1	1	1220	76	19.4177715865	31.2247821194	33.7492840917	14.473
885	0	1	2	2569	160	19.4177715865	31.0910158268	33.6155177991	9.717
886	0	1	1	163	10	26.0878567254	28.6937885932	32.0854674716	6.913
886	0	1	2	1508	94	26.0878567254	29.7311643316	33.1228432101	10.031
887	0	1	1	929	58	25.8345856434	29.4352392395	32.7939903774	11.906
887	0	1	2	2272	142	25.8345856434	30.0601081312	33.4188592691	5.969
888	0	1	1	487	30	23.5743769335	27.9992764596	31.0641781554	5.149
888	0	1	2	1832	114	23.5743769335	28.281745774	31.3466474698	14.315
889	0	1	1	1094	68	25.065988971	32.5652830231	35.824109007	7.905
889	0	1	2	2442	152	25.065988971	32.3442104339	35.6030364178	8
890	0	1	1	434	27	17.6032756761	31.3124339763	33.60103357	12.158
890	0	1	2	1782	111	17.6032756761	31.5404440863	33.82904368	14
891	0	1	1	430	26	21.3576865858	29.2139633488	31.9906734193	11.433
891	0	1	2	1779	111	21.3576865858	29.4077652909	32.1844753614	8.819
892	0	1	1	1218	76	21.5552818181	27.1249445173	29.9273439184	8.646
892	0	1	2	2567	160	21.5552818181	27.4451983272	30.2475977283	16.094
893	0	1	1	443	27	21.5240550788	30.9396482513	33.737987868	14.599
893	0	1	2	1791	111	21.5240550788	31.4114776326	34.2098172493	8.063
894	0	1	1	439	27	18.9891242186	29.9423589397	32.4111325232	6.977
894	0	1	2	1783	111	18.9891242186	31.0863517112	33.5551252947	4.063
895	0	1	1	582	36	20.0193974415	30.8142822449	33.4170015168	13.496
895	0	1	2	1930	120	20.0193974415	29.75106016	32.3537794319	11.464
896	0	1	1	434	27	15.5586697639	30.7770675967	32.7998482402	9.716
896	0	1	2	1781	111	15.5586697639	30.450035787	32.4728164306	15.811
897	0	1	1	1104	69	21.1125313789	32.8000837617	35.5449212355	7.748
897	0	1	2	2453	153	21.1125313789	34.4915996076	37.2364370813	6.913
898	0	1	1	1006	62	25.9830582747	26.7104204648	30.0884745103	10.599
898	0	1	2	2351	146	25.9830582747	27.570017891	30.9480719364	10.221
899	0	1	1	994	62	21.7688823004	26.7892658898	29.6194354619	10.645
899	0	1	2	2337	146	21.7688823004	27.7695360142	30.5997055864	12.646
901	0	1	1	1012	63	26.5989569897	25.1829989626	28.6411259203	15.465
901	0	1	2	2356	147	26.5989569897	28.1298109255	31.5879378832	10.536
902	0	1	1	819	51	26.1462730326	28.9022419906	32.3015155656	8.992
902	0	1	2	2161	135	26.1462730326	31.5236148721	34.9228884471	11.213
903	0	1	1	934	58	24.1190195376	28.9276260674	32.0633366777	15.37
903	0	1	2	2277	142	24.1190195376	26.2848956382	29.4206062485	4.157
904	0	1	1	437	27	18.3969434525	29.748339767	32.1401240056	7.559
904	0	1	2	1781	111	18.3969434525	28.6286365007	31.0204207393	13.023
905	0	1	1	434	27	18.7547785592	32.2434561729	34.6817625074	10.252
905	0	1	2	1782	111	18.7547785592	31.8587977881	34.2971041227	9.969
906	0	1	1	440	27	17.2443941381	30.1656955801	32.4076370315	7.78
906	0	1	2	1787	111	17.2443941381	30.6965035661	32.9384450175	13.37
907	0	1	1	430	26	21.0252417754	31.32989819	34.0633871537	7.055
907	0	1	2	1776	111	21.0252417754	33.3498895322	36.0833784958	9.401
908	0	1	1	1059	66	26.8722069944	28.7643769795	32.258029135	15.575
908	0	1	2	2404	150	26.8722069944	27.9094677538	31.4031199093	13.622
909	0	1	1	438	27	18.1113187027	30.5514965147	32.9061467166	15.905
909	0	1	2	1783	111	18.1113187027	31.5043870623	33.8590372641	16.661
910	0	1	1	430	26	23.269119015	33.7936147923	36.8188299456	11.276
910	0	1	2	1776	111	23.269119015	33.7152058135	36.7404209669	8.284
911	0	1	1	440	27	15.6081463316	32.0831049775	34.1123180632	19.165
911	0	1	2	1785	111	15.6081463316	30.2003796991	32.2295927848	6.252
912	0	1	1	429	26	16.334897154	30.7342348652	32.8579327313	10.583
912	0	1	2	1777	111	16.334897154	31.45369848	33.5773963461	7.213
913	0	1	1	434	27	15.6298830655	32.5951613766	34.6272004522	10.598
913	0	1	2	1781	111	15.6298830655	30.504979624	32.5370186996	4.031
914	0	1	1	486	30	23.8207682853	29.8036516324	32.900586636	14.284
914	0	1	2	1831	114	23.8207682853	27.1717468312	30.2686818348	7.433
915	0	1	1	1256	78	21.6406712111	29.8494832013	32.6629840663	5.181
915	0	1	2	2604	162	21.6406712111	29.1466981036	31.9601989686	16.504
916	0	1	1	567	35	29.0586960038	30.5806829632	34.358600272	5.307
916	0	1	2	1917	119	29.0586960038	33.2465794434	37.0244967522	13.748
917	0	1	1	457	28	22.5901371772	29.4894575327	32.4263983451	7.78
917	0	1	2	1802	112	22.5901371772	30.9024505318	33.8393913442	9.843
918	0	1	1	432	27	16.8649269004	30.1132381063	32.3058450712	7.37
918	0	1	2	1779	111	16.8649269004	31.6057081842	33.798315149	9.685
919	0	1	1	1217	76	18.2585582966	27.4413468314	29.8151396339	8
919	0	1	2	2567	160	18.2585582966	28.8958748459	31.2696676483	15.055
920	0	1	1	1224	76	19.7849233776	29.6140220818	32.186257411	14.504
920	0	1	2	2573	160	19.7849233776	31.5083713015	34.0806066307	9.748
921	0	1	1	439	27	17.3072613282	30.6250208257	32.8751356324	4.441
921	0	1	2	1784	111	17.3072613282	29.1594212691	31.4095360757	7.811
922	0	1	1	413	25	18.9472030682	30.8864443251	33.3497677452	6.898
922	0	1	2	1760	110	18.9472030682	29.0845219328	31.5478453529	20
923	0	1	1	429	26	17.0788338493	30.9042332677	33.1246502473	15.181
923	0	1	2	1776	111	17.0788338493	31.2526135924	33.473030572	4.504
924	0	1	1	415	25	16.9964191148	32.6108788626	34.8205811133	11.181
924	0	1	2	1762	110	16.9964191148	32.0492219318	34.2589241825	14.283
925	0	1	1	430	26	17.3901718871	29.9387609048	32.1996549025	14.188
925	0	1	2	1776	111	17.3901718871	32.6339714627	34.8948654604	8
926	0	1	1	429	26	17.9069062409	34.3040664039	36.6321409681	10.473
926	0	1	2	1775	110	17.9069062409	35.7358737402	38.0639483043	13.591
927	0	1	1	438	27	17.8446801838	32.8650086539	35.1849932164	7.008
927	0	1	2	1783	111	17.8446801838	32.7362938482	35.0562784108	7.024
928	0	1	1	433	27	18.5635430195	32.6426038963	35.0560477231	12.378
928	0	1	2	1782	111	18.5635430195	31.132363671	33.5458074978	11.433
929	0	1	1	1230	76	21.3629586115	27.2155886361	29.992984122	9.591
929	0	1	2	2579	161	21.3629586115	28.0753587807	30.8527542666	8.157
930	0	1	1	429	26	17.3561398464	33.303100356	35.5595698524	8.803
930	0	1	2	1775	110	17.3561398464	32.7938670676	35.0503365641	12.189
931	0	1	1	1029	64	23.550856312	25.0235255313	28.0853693141	8.032
931	0	1	2	2374	148	23.550856312	36.316037158	39.3778809408	5.937
932	0	1	1	441	27	17.9805254681	32.357122242	34.6947680324	4.283
932	0	1	2	1788	111	17.9805254681	30.7867814628	33.1244272532	12.582
933	0	1	1	1094	68	18.5737403394	34.321137008	36.7359065871	7.055
933	0	1	2	2442	152	18.5737403394	33.3135910312	35.7283606103	7.464
934	0	1	1	432	27	21.0133386859	33.8266027268	36.5585441713	4.834
934	0	1	2	1779	111	21.0133386859	31.4758812107	34.2078226552	8.158
935	0	1	1	440	27	17.1908718053	32.039740184	34.2747232038	26.598
935	0	1	2	1787	111	17.1908718053	30.4955020756	32.7304850954	15.874
937	0	1	1	989	61	22.9869225788	27.9144301215	30.9029569527	6.094
937	0	1	2	2335	145	22.9869225788	26.8167300538	29.8052568849	14.283
938	0	1	1	375	23	28.7834583942	32.5603630343	36.3024967371	6.913
938	0	1	2	1720	107	28.7834583942	28.2602269282	32.002360631	11.905
939	0	1	1	490	30	24.0865106607	29.8031775094	32.9346616449	15.464
939	0	1	2	1834	114	24.0865106607	32.2144098589	35.3458939944	5.291
940	0	1	1	429	26	25.2283318177	29.4360003917	32.7159325481	9.716
940	0	1	2	1776	111	25.2283318177	29.1735359201	32.4534680764	6.96
941	0	1	1	439	27	20.3397354622	30.6539393678	33.2983057443	11.528
941	0	1	2	1785	111	20.3397354622	30.9277407603	33.5721071368	10.583
942	0	1	1	439	27	19.4737374146	28.3005213567	30.8322994391	4.315
942	0	1	2	1784	111	19.4737374146	30.2985391231	32.8303172054	6.378
943	0	1	1	445	27	20.2953817199	28.5646815496	31.2032815018	4.22
943	0	1	2	1791	111	20.2953817199	31.9468418159	34.5854417681	5.181
944	0	1	1	487	30	21.9682851509	30.3920265053	33.2481204163	10.977
944	0	1	2	1832	114	21.9682851509	29.78622448	32.6423183909	10.866
945	0	1	1	444	27	16.0122766952	31.4849892578	33.5667432798	7.307
945	0	1	2	1791	111	16.0122766952	31.8844318457	33.9661858677	10.157
946	0	1	1	520	32	23.1821494224	34.1641113159	37.1780195637	6.032
946	0	1	2	1867	116	23.1821494224	34.3151035012	37.3290117491	12.882
947	0	1	1	1221	76	19.8786553095	35.0672491156	37.6516705211	11.779
947	0	1	2	2573	160	19.8786553095	29.4990101369	32.0834315424	10.961
948	0	1	1	455	28	21.8869199329	31.0117187986	33.8572344281	16.756
948	0	1	2	1800	112	21.8869199329	31.2424345835	34.0879502129	10.094
949	0	1	1	1081	67	25.4572491028	39.306257417	42.61595108	5.811
949	0	1	2	2415	150	25.4572491028	29.1403986538	32.4500923168	10.725
950	0	1	1	432	27	17.0507824147	29.0897187036	31.3064887198	6.567
950	0	1	2	1780	111	17.0507824147	31.6829783265	33.8997483427	8.756
951	0	1	1	562	35	25.2667632439	33.0191157093	36.3040443305	5.024
951	0	1	2	1911	119	25.2667632439	32.722056634	36.0069852551	8.992
952	0	1	1	309	19	23.6370858811	29.3389804496	32.4120349276	11.717
952	0	1	2	1653	103	23.6370858811	33.0700732833	36.1431277613	7.464
953	0	1	1	1224	76	18.4661780039	29.0879831046	31.4887685184	5.748
953	0	1	2	2572	160	18.4661780039	29.1936143497	31.5943997634	17.307
954	0	1	1	474	29	20.5645891046	29.5827388437	32.2563384132	15.654
954	0	1	2	1821	113	20.5645891046	28.3831263341	31.0567259037	4.063
955	0	1	1	549	34	22.3082995524	3.16363599589	6.06393513517	14.535
955	0	1	2	1895	118	22.3082995524	4.31160861764	7.21190775692	21.654
956	0	1	1	440	27	19.8247691774	30.0668075272	32.6442232037	16.756
956	0	1	2	1785	111	19.8247691774	29.3560881835	31.9335038599	4.992
957	0	1	1	430	26	15.3150713764	29.7445598995	31.7356703482	11.685
957	0	1	2	1775	110	15.3150713764	31.7651409774	33.7562514261	14.157
958	0	1	1	567	35	21.7042840431	35.345795568	38.167566729	9.622
958	0	1	2	1915	119	21.7042840431	35.9118387137	38.7336098747	7.433
959	0	1	1	445	27	19.1269254726	29.1541923057	31.6408814124	10.897
959	0	1	2	1791	111	19.1269254726	29.1808121734	31.6675012801	5.071
960	0	1	1	1223	76	19.9074410106	31.2048393051	33.7930031359	4.519
960	0	1	2	2573	160	19.9074410106	29.4419923439	32.0301561747	4
961	0	1	1	432	27	18.357965572	27.8930508808	30.2797676103	4.897
961	0	1	2	1779	111	18.357965572	31.4679205455	33.854637275	10.189
962	0	1	1	486	30	23.909898076	29.4477313305	32.5562540867	13.354
962	0	1	2	1831	114	23.909898076	29.6456445768	32.7541673329	13.496
963	0	1	1	489	30	23.1823524048	28.2415830796	31.2555177172	16.725
963	0	1	2	1834	114	23.1823524048	30.7492737527	33.7632083903	7.212
964	0	1	1	437	27	18.5301185292	32.181258471	34.5903567842	11.433
964	0	1	2	1781	111	18.5301185292	31.14579724	33.5548955531	9.275
965	0	1	1	437	27	22.3919077267	32.2872370385	35.1984060657	7.937
965	0	1	2	1782	111	22.3919077267	32.2806585365	35.1918275637	4.945
966	0	1	1	430	26	15.5418621065	30.5114050374	32.5320005196	11.717
966	0	1	2	1776	111	15.5418621065	31.5795932351	33.6001887173	5.496
967	0	1	1	522	32	18.9567665066	14.6081671011	17.0727338626	6.488
967	0	1	2	1866	116	18.9567665066	14.4841262438	16.9486930053	5.433
967	1	1	1	521	32	18.9567665066	29.1374139319	31.6019806934	10.252
967	1	1	2	1869	116	18.9567665066	28.9023571106	31.3669238721	14.977
968	0	1	1	439	27	21.1714579418	30.38522695	33.1377254586	5.496
968	0	1	2	1783	111	21.1714579418	30.3643359929	33.1168345014	7.118
969	0	1	1	485	30	23.942845034	26.002305987	29.1151121729	13.653
969	0	1	2	1830	114	23.942845034	29.5887400956	32.7015462816	10.378
970	0	1	1	1107	69	17.7610103674	32.3752735529	34.6843802134	6.662
970	0	1	2	2454	153	17.7610103674	31.5081041012	33.8172107617	8.095
971	0	1	1	431	26	18.3182062107	30.5539840965	32.9355317166	10.992
971	0	1	2	1779	111	18.3182062107	30.1376241141	32.5191717341	5.197
972	0	1	1	341	21	30.7816470003	28.2422000523	32.2441179972	12.85
972	0	1	2	1684	105	30.7816470003	26.2016592395	30.2035771845	13.481
974	0	1	1	510	31	24.2712730735	26.9524260466	30.1079311195	9.748
974	0	1	2	1860	116	24.2712730735	26.8610496449	30.0165547177	14.771
975	0	1	1	1253	78	21.9723534639	27.539374245	30.3959970768	5.181
975	0	1	2	2601	162	21.9723534639	25.4989293137	28.3555521455	16.441
976	0	1	1	490	30	23.1804525987	27.157264612	30.170952256	14.346
976	0	1	2	1834	114	23.1804525987	28.3361799186	31.3498675626	12.961
977	0	1	1	296	18	23.4962347902	31.6650839347	34.7198263806	14.378
977	0	1	2	1640	102	23.4962347902	30.2810510815	33.3357935274	4.221
979	0	1	1	440	27	15.8049851631	30.7639111125	32.8187151892	17.968
979	0	1	2	1784	111	15.8049851631	28.0482431884	30.1030472651	4.536
980	0	1	1	297	18	26.5412945387	31.9890566558	35.4396869257	7.59
980	0	1	2	1641	102	26.5412945387	30.157607101	33.6082373709	15.654
981	0	1	1	476	29	21.6531739038	29.4516667555	32.266793094	5.842
981	0	1	2	1822	113	21.6531739038	29.2952191732	32.1103455116	8.063
982	0	1	1	429	26	16.8364663922	31.465222622	33.6541294399	14.189
982	0	1	2	1773	110	16.8364663922	32.2496486811	34.438555499	10.756
983	0	1	1	486	30	21.2905523536	27.0911757367	29.8591576943	15.118
983	0	1	2	1831	114	21.2905523536	27.6973294051	30.4653113627	8.929
984	0	1	1	429	26	22.700584298	33.9437995815	36.8950996098	5.559
984	0	1	2	1775	110	22.700584298	36.0827419662	39.0340419945	13.653
985	0	1	1	438	27	20.8625616626	31.9594591912	34.6717981344	6.835
985	0	1	2	1784	111	20.8625616626	30.4827592147	33.195098158	10.756
986	0	1	1	1107	69	18.1965270796	31.0790253277	33.4447534596	4.346
986	0	1	2	2455	153	18.1965270796	29.9423379742	32.3080661062	12.095
987	0	1	1	438	27	17.4478729399	30.9039396495	33.1723353536	8.74
987	0	1	2	1783	111	17.4478729399	30.2567659803	32.5251616844	5.559
988	0	1	1	430	26	18.2275390294	29.2773470353	31.6471070268	16.645
988	0	1	2	1776	111	18.2275390294	29.5562477789	31.9260077704	12.756
989	0	1	1	547	34	21.8265851484	27.6842193803	30.5218908922	14.41
989	0	1	2	1895	118	21.8265851484	30.2302937122	33.0679652241	12.331
990	0	1	1	1222	76	21.2668398117	29.6335793735	32.3984784666	11.843
990	0	1	2	2569	160	21.2668398117	28.3693899812	31.1342890743	8.677
991	0	1	1	430	26	18.4659301951	32.0753481147	34.4761013108	12.063
991	0	1	2	1776	111	18.4659301951	33.4769651302	35.8777183263	9.842
992	0	1	1	491	30	22.8223697063	29.5609862439	32.5281195774	12.031
992	0	1	2	1835	114	22.8223697063	31.3953464091	34.3624797426	11.37
993	0	1	1	431	26	20.1598923518	32.7093218502	35.3303068472	8.299
993	0	1	2	1777	111	20.1598923518	32.2112877983	34.8322727954	7.654
994	0	1	1	433	27	23.1014334973	31.8490775193	34.8524919002	12.992
994	0	1	2	1779	111	23.1014334973	29.5975608481	32.6009752289	4.473
995	0	1	1	235	14	23.1904117995	26.6002094359	29.6151918743	12.031
995	0	1	2	1578	98	23.1904117995	25.9240910726	28.939073511	16.724
996	0	1	1	443	27	16.2073851852	29.2625310257	31.3696510772	5.685
996	0	1	2	1788	111	16.2073851852	33.2493845091	35.3565045607	12.599
997	0	1	1	429	26	21.6075752081	34.588170668	37.3973687259	12.126
997	0	1	2	1775	110	21.6075752081	35.6723786318	38.4815766897	14.803
998	0	1	1	489	30	22.5098266367	27.8790135695	30.805513219	13.717
998	0	1	2	1833	114	22.5098266367	27.9807878144	30.9072874639	11.685
999	0	1	1	459	28	19.3100456569	30.7014969474	33.2119934855	6.819
999	0	1	2	1806	112	19.3100456569	27.9378651189	30.448361657	10.74
1000	0	1	1	548	34	17.7668391603	29.7979213411	32.1077858023	11.291
1000	0	1	2	1894	118	17.7668391603	29.3000423552	31.6099068163	11.779
1001	0	1	1	443	27	23.1657744037	28.2216462374	31.2334255711	4.158
1001	0	1	2	1789	111	23.1657744037	30.6990888663	33.7108682001	7.622
1002	0	1	1	103	6	22.7415754943	19.4749253726	22.4315546611	22.756
1002	0	1	2	1445	90	22.7415754943	30.130904024	33.0875333125	11.78
1003	0	1	1	440	27	16.3250442495	25.9425059977	28.064922889	6.992
1003	0	1	2	1787	111	16.3250442495	30.3549053328	32.477322224	7.213
1004	0	1	1	430	26	18.1339845371	29.9246214893	32.2822184733	11.118
1004	0	1	2	1779	111	18.1339845371	29.8423695346	32.1999665187	4.472
1005	0	1	1	557	34	20.9744195672	27.3371494765	30.0640310514	8.662
1005	0	1	2	1906	119	20.9744195672	25.9698595974	28.6967411723	8.158
1006	0	1	1	431	26	24.0504997073	29.1700187951	32.2968211512	12.536
1006	0	1	2	1779	111	24.0504997073	29.2126069785	32.3394093346	5.37
1007	0	1	1	1218	76	21.4105491349	25.699445871	28.4830285946	8.315
1007	0	1	2	2567	160	21.4105491349	27.7549593818	30.5385421055	11.811
1008	0	1	1	440	27	18.5732033055	27.7766687179	30.1913684772	6.094
1008	0	1	2	1785	111	18.5732033055	29.8011464832	32.2158462426	5.843
1009	0	1	1	430	26	20.2379344283	29.4904052353	32.1215364726	9.465
1009	0	1	2	1776	111	20.2379344283	28.8221255572	31.4532567945	8.85
1010	0	1	1	1095	68	20.4229852463	32.9138215039	35.5690111741	5.528
1010	0	1	2	2444	152	20.4229852463	34.4021716243	37.0573612945	8.913
1011	0	1	1	1044	65	22.808748469	23.5317586743	26.4971211125	13.496
1011	0	1	2	2397	149	22.808748469	26.7830693793	29.7484318175	6.504
1012	0	1	1	438	27	21.1875965057	31.6295050306	34.3841017117	14.409
1012	0	1	2	1783	111	21.1875965057	31.9179595817	34.6725562628	13.181
1013	0	1	1	414	25	17.7318797674	32.4754031795	34.7807225745	8.929
1013	0	1	2	1760	110	17.7318797674	34.0949853528	36.4003047478	14.913
1014	0	1	1	430	26	18.1240185287	33.0718417403	35.4281430449	12.126
1014	0	1	2	1776	111	18.1240185287	33.7761497106	36.1324510152	6
1015	0	1	1	407	25	17.8999944836	24.8235158686	27.1506918361	8.866
1015	0	1	2	1755	109	17.8999944836	29.367182555	31.6943585224	7.622
1016	0	1	1	210	13	24.3985826969	28.2594937447	31.4315503253	5.307
1016	0	1	2	1553	97	24.3985826969	35.5039469542	38.6760035347	4.866
1017	0	1	1	434	27	16.7871091991	30.1705368813	32.3530267769	10.803
1017	0	1	2	1781	111	16.7871091991	31.6674914973	33.8499813929	7.118
1018	0	1	1	431	26	19.7855234248	33.2180669274	35.7903802687	8.929
1018	0	1	2	1777	111	19.7855234248	35.1526285851	37.7249419264	7.59
1019	0	1	1	1230	76	19.600976474	28.5210336463	31.0693540624	12.567
1019	0	1	2	2581	161	19.600976474	29.0601806086	31.6085010246	13.055
1020	0	1	1	1026	64	27.8533893479	24.5349071885	28.1561227348	7.181
1020	0	1	2	2373	148	27.8533893479	29.3060573144	32.9272728607	17.653
1021	0	1	1	215	13	24.7493884301	22.652125105	25.8697898935	9.402
1021	0	1	2	1558	97	24.7493884301	21.1901992289	24.4078640174	21.811
1022	0	1	1	1217	76	20.7086857317	31.116707854	33.8090414073	8.394
1022	0	1	2	2566	160	20.7086857317	32.4849920942	35.1773256475	12.094
1023	0	1	1	1217	76	20.5053427353	28.6931496116	31.3590465683	13.26
1023	0	1	2	2567	160	20.5053427353	26.5552689943	29.221165951	9.968
1024	0	1	1	429	26	19.6521582408	24.0093085732	26.5642831241	8.189
1024	0	1	2	1784	111	19.6521582408	32.2853082107	34.8402827617	10.094
1025	0	1	1	433	27	18.5590582116	27.5787955867	29.9916563442	11.559
1025	0	1	2	1781	111	18.5590582116	33.4264076526	35.8392684101	6.315
1026	0	1	1	486	30	21.6797379719	31.1464303175	33.965010247	12.63
1026	0	1	2	1831	114	21.6797379719	28.5726822688	31.3912621983	6.22
1027	0	1	1	472	29	20.757722285	17.0268260656	19.7255348549	5.008
1027	0	1	2	1818	113	20.757722285	30.1377607505	32.8364695398	10.252
1028	0	1	1	379	23	21.7658380371	33.8277409962	36.6575147841	4.803
1028	0	1	2	1727	107	21.7658380371	34.271337168	37.1011109559	9.843
1029	0	1	1	443	27	19.5823664182	29.8407026618	32.3866035869	4.977
1029	0	1	2	1789	111	19.5823664182	29.398321276	31.9442222011	7.339
1030	0	1	1	489	30	22.3085684395	29.0300550971	31.9303891944	11.842
1030	0	1	2	1834	114	22.3085684395	28.8634219255	31.7637560227	14.662
1031	0	1	1	431	26	15.4494411147	30.4107652324	32.4193450734	6
1031	0	1	2	1776	111	15.4494411147	29.3211707626	31.3297506036	17.086
1032	0	1	1	765	47	23.1040002132	30.576600955	33.5803490342	5.087
1032	0	1	2	2106	131	23.1040002132	30.4760053927	33.479753472	7.685
1033	0	1	1	430	26	17.8532869667	31.6200588471	33.9411623763	11.134
1033	0	1	2	1776	111	17.8532869667	36.4167288312	38.7378323604	8.882
1034	0	1	1	429	26	16.7949763374	31.5881106138	33.7716233151	4.284
1034	0	1	2	1776	111	16.7949763374	30.9918961215	33.1754088227	8.189
1035	0	1	1	430	26	17.1373495025	29.7351900455	31.9632146376	11.008
1035	0	1	2	1776	111	17.1373495025	31.5535346257	33.7815592178	9.874
1036	0	1	1	431	26	17.3385701504	27.7771075467	30.0312928092	10.693
1036	0	1	2	1779	111	17.3385701504	30.1753090679	32.4294943305	9.717
1037	0	1	1	412	25	24.9341815972	32.2685876357	35.51027736	5.59
1037	0	1	2	1759	109	24.9341815972	31.1467500257	34.38843975	7.433
1038	0	1	1	488	30	20.0658798394	31.0128754852	33.6216379276	5.874
1038	0	1	2	1833	114	20.0658798394	27.3947532841	30.0035157265	10.787
1039	0	1	1	434	27	25.2729391688	26.4644979493	29.7502295017	4.472
1039	0	1	2	1781	111	25.2729391688	28.5492307612	31.8349623135	6
1040	0	1	1	440	27	17.0342236335	31.8179892641	34.0326064754	14.866
1040	0	1	2	1785	111	17.0342236335	32.1596111559	34.3742283671	4.724
1041	0	1	1	561	35	24.8162290171	26.0771658116	29.3035205362	8.252
1041	0	1	2	1909	119	24.8162290171	27.6421281478	30.8684828723	5.748
1042	0	1	1	1089	68	17.4632960491	35.491290119	37.7616909795	8.032
1042	0	1	2	2438	152	17.4632960491	32.6837486403	34.9541495008	7.874
1043	0	1	1	1254	78	23.025512826	27.5469220734	30.5404660176	5.307
1043	0	1	2	2596	162	23.025512826	28.3549058981	31.3484498423	13.653
1043	1	1	1	1255	78	23.025512826	26.7235024206	29.7170463648	10.221
1043	1	1	2	2597	162	23.025512826	25.7159922356	28.7095361798	12.095
1044	0	1	1	383	23	21.9203792062	33.5220519951	36.3719176604	11.653
1044	0	1	2	1728	108	21.9203792062	30.0942739147	32.94413958	4.126
1045	0	1	1	431	26	16.5659336898	32.1047933789	34.2585282752	9.607
1045	0	1	2	1777	111	16.5659336898	31.8689500808	34.022684977	8.158
1046	0	1	1	429	26	15.5256601439	29.8183524784	31.8368415455	6.409
1046	0	1	2	1776	111	15.5256601439	30.5140243192	32.5325133863	8.85
1047	0	1	1	439	27	18.9060693297	29.8465481643	32.3045237924	9.276
1047	0	1	2	1783	111	18.9060693297	30.7675666778	33.2255423059	7.008
1048	0	1	1	1041	65	19.2610880764	30.8877630532	33.3918946226	6.536
1048	0	1	2	2394	149	19.2610880764	28.1585591532	30.6626907226	6.158
1049	0	1	1	865	54	26.1759543284	28.4348170676	31.837949504	10.85
1049	0	1	2	2209	138	26.1759543284	29.8566509377	33.2597833741	21.307
1050	0	1	1	210	13	26.4212301494	25.1111684384	28.5461891526	12.189
1050	0	1	2	1553	97	26.4212301494	27.02285047	30.4578711842	14.677
1051	0	1	1	444	27	16.6707274829	28.551875016	30.7192341398	9.717
1051	0	1	2	1790	111	16.6707274829	27.9451024258	30.1124615496	5.874
1052	0	1	1	1245	77	22.5922231319	31.5944074859	34.5316194931	7.78
1052	0	1	2	2594	162	22.5922231319	26.1311442057	29.0683562129	17.465
1053	0	1	1	567	35	23.8477031882	33.8062762378	36.9067130446	6.409
1053	0	1	2	1915	119	23.8477031882	35.5877934706	38.6882302775	9.118
1054	0	1	1	439	27	15.8579876682	30.8757831599	32.9374780854	7.197
1054	0	1	2	1784	111	15.8579876682	29.9719270201	32.0336219456	6.898
1055	0	1	1	439	27	16.9316560768	30.5458536411	32.7471360575	8.063
1055	0	1	2	1784	111	16.9316560768	28.4745076203	30.6757900367	5.654
1056	0	1	1	441	27	17.232761388	29.0556639374	31.2960930165	5.023
1056	0	1	2	1788	111	17.232761388	32.3523798244	34.5928089034	12.945
1057	0	1	1	422	26	21.9482290962	28.2052847825	31.0587712084	4.819
1057	0	1	2	1769	110	21.9482290962	30.9061781382	33.7596645641	18.409
1058	0	1	1	1213	75	22.1392658673	24.3742620411	27.2525851328	11.622
1058	0	1	2	2562	160	22.1392658673	26.9327426619	29.8110657537	13.149
1059	0	1	1	432	27	18.2413959946	30.5275636756	32.8991252094	16
1059	0	1	2	1780	111	18.2413959946	34.3786109607	36.7501724945	5.086
1060	0	1	1	428	26	16.9047251864	29.6331916623	31.8309727972	6.709
1060	0	1	2	1776	111	16.9047251864	33.1220905086	35.3198716435	8.473
1061	0	1	1	547	34	19.3994821885	27.5608624746	30.0829866446	16.347
1061	0	1	2	1895	118	19.3994821885	28.5646983623	31.0868225324	18.992
1062	0	1	1	1029	64	24.8069150471	18.8948264985	22.1199703151	8.157
1062	0	1	2	2374	148	24.8069150471	31.2110529984	34.436196815	13.024
1063	0	1	1	452	28	20.961481566	33.1100266521	35.8352261592	13.591
1063	0	1	2	1798	112	20.961481566	31.5727524322	34.2979519392	6.252
1064	0	1	1	440	27	21.183989489	28.8275769574	31.5817046907	7.528
1064	0	1	2	1787	111	21.183989489	30.2943185036	33.0484462369	14.866
1065	0	1	1	210	13	20.8963163138	29.2376439983	31.9543713794	12.456
1065	0	1	2	1553	97	20.8963163138	28.0765327584	30.7932601394	7.748
1066	0	1	1	494	30	20.5614575651	30.1854550151	32.8586474536	11.181
1066	0	1	2	1840	115	20.5614575651	29.5991723643	32.2723648028	10.472
1067	0	1	1	811	50	23.6915375236	22.1118901548	25.1920238838	5.244
1067	0	1	2	2153	134	23.6915375236	25.6243678739	28.7045016029	5.26
1068	0	1	1	439	27	16.5276701735	31.9463447847	34.0951050461	13.622
1068	0	1	2	1784	111	16.5276701735	29.1712738732	31.3200341346	4.725
1070	0	1	1	210	13	26.4824443418	34.0965403715	37.5395195349	6.756
1070	0	1	2	1554	97	26.4824443418	31.0481519904	34.4911311538	10
1072	0	1	1	434	27	25.4009488921	25.3344149226	28.6367890025	4.283
1072	0	1	2	1782	111	25.4009488921	24.9692205385	28.2715946184	6.567
1073	0	1	1	376	23	20.0480418758	35.0487737816	37.6552171127	6.441
1073	0	1	2	1723	107	20.0480418758	31.0673172446	33.6737605757	14.898
1074	0	1	1	1238	77	20.7470843391	29.3839244905	32.0812502418	4.756
1074	0	1	2	2586	161	20.7470843391	31.4783126774	34.1756384287	5.26
1075	0	1	1	1019	63	28.3819206218	26.2980273673	29.9879571962	20.126
1075	0	1	2	2365	147	28.3819206218	23.1705017031	26.860431532	8.157
1076	0	1	1	440	27	16.7600090088	28.2727004658	30.4516670692	5.969
1076	0	1	2	1784	111	16.7600090088	29.416444683	31.5954112863	7.905
1077	0	1	1	1079	67	24.4892433763	23.469639663	26.6534830267	14.882
1077	0	1	2	2425	151	24.4892433763	24.9730531334	28.1568964971	17.496
1078	0	1	1	429	26	19.0184185507	29.914362774	32.3869449097	8
1078	0	1	2	1776	111	19.0184185507	33.3990902148	35.8716723506	5.559
1079	0	1	1	1227	76	21.0641980558	30.4789002573	33.2174539219	7.653
1079	0	1	2	2579	161	21.0641980558	30.1291145434	32.8676682081	14.662
1080	0	1	1	804	50	25.93022544	27.8991301463	31.2703154018	12.567
1080	0	1	2	2146	134	25.93022544	30.1718254604	33.5430107159	7.37
1081	0	1	1	433	27	16.8862325299	29.552530937	31.747907844	10.284
1081	0	1	2	1780	111	16.8862325299	31.9850585827	34.1804354897	12.551
1082	0	1	1	434	27	17.1637875242	32.8573436198	35.0888054157	12.599
1082	0	1	2	1782	111	17.1637875242	31.6372513959	33.8687131918	5.496
1084	0	1	1	430	26	16.3314730332	26.1916528416	28.3149055382	16.724
1084	0	1	2	1775	110	16.3314730332	31.1468968394	33.270149536	15.653
1085	0	1	1	441	27	18.1217649058	28.7958578652	31.1518661766	4.346
1085	0	1	2	1788	111	18.1217649058	29.3117318236	31.667740135	10.662
1086	0	1	1	429	26	22.499887465	29.2277518172	32.1529592762	14.22
1086	0	1	2	1775	110	22.499887465	31.3951902393	34.3203976983	12.346
1087	0	1	1	488	30	24.3507981567	27.9588593059	31.1247034246	16.158
1087	0	1	2	1832	114	24.3507981567	30.0526596	33.2185037186	7.811
1088	0	1	1	429	26	25.2506594866	27.669018642	30.9518536158	19.527
1088	0	1	2	1774	110	25.2506594866	30.1669153283	33.4497503021	13.339
1089	0	1	1	440	27	17.794524603	31.8540269402	34.1674907821	6.788
1089	0	1	2	1787	111	17.794524603	31.3531866856	33.6666505276	7.37
1090	0	1	1	1089	68	19.9994681119	17.0801503913	19.6802786536	10.504
1090	0	1	2	2433	152	19.9994681119	15.6215234734	18.2216517358	12.504
1091	0	1	1	430	26	17.5453755785	32.0699975301	34.3510695396	8.347
1091	0	1	2	1779	111	17.5453755785	27.9311372388	30.2122092483	5.654
1092	0	1	1	429	26	16.0142273925	31.9523263998	34.0343340317	7.37
1092	0	1	2	1775	110	16.0142273925	31.8488937531	33.930901385	13.276
1093	0	1	1	805	50	25.0056735893	33.6499946002	36.9009789891	8.504
1093	0	1	2	2145	134	25.0056735893	34.4265950315	37.6775794204	7.023
1094	0	1	1	296	18	28.5515741931	28.8899567298	32.6019431976	13.323
1094	0	1	2	1640	102	28.5515741931	27.8838272739	31.5958137417	13.118
1095	0	1	1	438	27	19.6846902669	30.7991298685	33.3583339039	4.347
1095	0	1	2	1783	111	19.6846902669	33.0994393438	35.6586433792	4.819
1096	0	1	1	821	51	24.7471794038	22.8539419021	26.0713194954	11.338
1096	0	1	2	2164	135	24.7471794038	27.9738321096	31.1912097029	9.165
1097	0	1	1	217	13	21.6781775124	23.7291173719	26.5474944263	6.646
1097	0	1	2	1561	97	21.6781775124	25.8090037822	28.6273808365	18.189
1098	0	1	1	76	4	21.9546448067	28.3488208496	31.2031413811	8.567
1098	0	1	2	1415	88	21.9546448067	27.8311636591	30.6854841906	14.095
1100	0	1	1	901	56	25.7946016508	32.4786971306	35.8322499548	6
1100	0	1	2	2241	140	25.7946016508	27.672360424	31.0259132482	6.851
1101	0	1	1	1269	79	21.5082517054	28.9370189661	31.7333039883	7.748
1101	0	1	2	2616	163	21.5082517054	29.6704231236	32.4667081458	6.095
1102	0	1	1	933	58	25.6039522601	29.3119034051	32.6406699266	14
1102	0	1	2	2277	142	25.6039522601	28.7274996283	32.0562661498	6.126
1103	0	1	1	431	26	15.6434659051	29.3456391759	31.3794441548	15.968
1103	0	1	2	1774	110	15.6434659051	30.0187453235	32.0525503024	11.149
1104	0	1	1	214	13	23.1613313623	29.9942847015	33.005486396	6.158
1104	0	1	2	1558	97	23.1613313623	30.1835732994	33.194774994	7.401
1105	0	1	1	432	27	21.6632773453	31.5205301585	34.3369700441	6.441
1105	0	1	2	1780	111	21.6632773453	31.97570619	34.7921460755	5.779
1106	0	1	1	429	26	18.3456679539	33.0032799116	35.3883978293	5.685
1106	0	1	2	1775	110	18.3456679539	29.5058181126	31.8909360303	10.189
1107	0	1	1	1256	78	25.4904559204	26.9495462257	30.2635571027	12.693
1107	0	1	2	2604	162	25.4904559204	27.5665950589	30.880605936	16.598
1108	0	1	1	429	26	16.4766669099	30.0139004868	32.1560298205	12.882
1108	0	1	2	1774	110	16.4766669099	30.7959254553	32.9380547891	10.126
1109	0	1	1	430	26	19.2229540919	33.2441554895	35.7433292645	6.347
1109	0	1	2	1777	111	19.2229540919	31.8307536147	34.3299273897	8.031
1110	0	1	1	1041	65	16.6911288713	27.3828966203	29.5529081259	10.724
1110	0	1	2	2396	149	16.6911288713	26.389365189	28.5593766946	5.811
1111	0	1	1	547	34	23.5302366098	24.723248636	27.7824116541	8.803
1111	0	1	2	1895	118	23.5302366098	29.451518674	32.5106816921	13.165
1112	0	1	1	870	54	23.6850726795	32.9180808003	35.9973740357	12.504
1112	0	1	2	2212	138	23.6850726795	32.6096338501	35.6889270856	13.607
1113	0	1	1	488	30	20.8585983774	30.4572222102	33.1690458873	10.284
1113	0	1	2	1833	114	20.8585983774	29.388578675	32.100402352	9.181
1114	0	1	1	452	28	19.6325817553	26.5277804478	29.0802098624	12.693
1114	0	1	2	1797	112	19.6325817553	29.354669571	31.9070989856	11.339
1115	0	1	1	491	30	23.5931788956	29.4963510012	32.5636971377	15.937
1115	0	1	2	1835	114	23.5931788956	31.0534195754	34.1207657119	8
1116	0	1	1	577	36	27.4166494445	30.1291506431	33.6935856911	8.126
1116	0	1	2	1925	120	27.4166494445	28.5260449112	32.0904799592	10.63
1117	0	1	1	1092	68	22.2970124455	35.2353547999	38.1341865039	4.126
1117	0	1	2	2458	153	22.2970124455	28.5932973839	31.4921290879	7.433
1118	0	1	1	434	27	20.4906854385	31.8752117143	34.5392030778	5.874
1118	0	1	2	1782	111	20.4906854385	33.031117537	35.6951089004	9.528
1119	0	1	1	439	27	15.9361975589	28.9246230597	30.9964860431	4.74
1119	0	1	2	1784	111	15.9361975589	29.7926062254	31.8644692087	4.787
1120	0	1	1	1236	77	18.651740935	29.1103614183	31.5352718447	4.693
1120	0	1	2	2585	161	18.651740935	26.2492445817	28.6741550081	15.685
1121	0	1	1	432	27	19.265751663	31.4315029756	33.9362408573	4.834
1121	0	1	2	1780	111	19.265751663	31.3907680176	33.8955058994	11.37
1122	0	1	1	564	35	24.9246367568	32.5556067235	35.7960555243	10.834
1122	0	1	2	1911	119	24.9246367568	25.9019988991	29.1424476999	15.717
1123	0	1	1	434	27	19.3890150349	31.5483168254	34.0690801622	10.441
1123	0	1	2	1781	111	19.3890150349	33.0183864563	35.5391497931	9.874
1124	0	1	1	443	27	18.4707866999	30.8662005661	33.2675851558	8.929
1124	0	1	2	1788	111	18.4707866999	27.5227261241	29.9241107138	5.464
1125	0	1	1	456	28	19.8354243166	28.4580375614	31.0368385111	4.929
1125	0	1	2	1798	112	19.8354243166	31.5791804423	34.1579813921	6.662
1126	0	1	1	1030	64	25.4643821732	24.7002537615	28.010874794	10.488
1126	0	1	2	2375	148	25.4643821732	30.6031084059	33.9137294385	11.527
1127	0	1	1	452	28	19.5355388705	27.6718840714	30.2116969531	19.401
1127	0	1	2	1798	112	19.5355388705	27.906480308	30.4462931896	5.118
1128	0	1	1	431	26	21.3405680648	29.9673674744	32.7418519682	13.622
1128	0	1	2	1779	111	21.3405680648	30.4297983638	33.2042828575	12.157
1129	0	1	1	438	27	18.4957851357	32.9930753268	35.3977099599	5.244
1129	0	1	2	1783	111	18.4957851357	31.290809901	33.6954445341	10.772
1130	0	1	1	430	26	16.8161210936	30.3841881176	32.5704498458	12.725
1130	0	1	2	1776	111	16.8161210936	30.9086333546	33.0948950829	9.37
1131	0	1	1	778	48	23.2696382595	27.2247799197	30.2500625799	9.181
1131	0	1	2	2117	132	23.2696382595	26.1219474739	29.1472301341	18.22
1132	0	1	1	376	23	24.5387490095	27.3987816293	30.589061214	14.693
1132	0	1	2	1723	107	24.5387490095	26.5753411755	29.7656207601	9.338
1133	0	1	1	1227	76	21.1703790587	30.2783021753	33.0306604184	14.488
1133	0	1	2	2580	161	21.1703790587	30.4082269262	33.1605851693	13.055
1134	0	1	1	429	26	17.1731618616	27.5978613359	29.8305418882	18.22
1134	0	1	2	1774	110	17.1731618616	30.2578067876	32.4904873399	11.843
1135	0	1	1	192	12	22.0725718933	28.6154277516	31.4850799684	10.976
1135	0	1	2	1535	95	22.0725718933	29.6416222853	32.5112745021	10.929
1136	0	1	1	247	15	25.25117235	29.9421915196	33.2250931706	8.598
1136	0	1	2	1589	99	25.25117235	30.5169864188	33.7998880698	16.221
1137	0	1	1	903	56	24.2590628147	28.3354286949	31.4893463136	10.914
1137	0	1	2	2245	140	24.2590628147	28.3944446914	31.5483623101	8.725
1138	0	1	1	453	28	21.8767664551	27.9285643621	30.7727599392	4.126
1138	0	1	2	1798	112	21.8767664551	28.1092994666	30.9534950437	5.622
1139	0	1	1	529	33	18.1998077652	27.9194063387	30.2855609922	10.472
1139	0	1	2	1879	117	18.1998077652	29.718210066	32.0843647195	11.622
1140	0	1	1	434	27	18.0020265422	31.972540672	34.3129818142	9.968
1140	0	1	2	1781	111	18.0020265422	31.5765002695	33.9169414117	6.095
1141	0	1	1	432	27	19.6749631482	28.9620564728	31.5199958868	4.677
1141	0	1	2	1779	111	19.6749631482	29.5309210593	32.0888604733	7.528
1142	0	1	1	809	50	26.1785946171	30.5506358519	33.9541115519	15.559
1142	0	1	2	2152	134	26.1785946171	27.8656369187	31.2691126188	12.126
1143	0	1	1	519	32	16.685318717	30.9640178255	33.1332739537	6.504
1143	0	1	2	1867	116	16.685318717	28.4047604397	30.5740165679	4.378
1144	0	1	1	224	14	24.3984718228	32.0338267273	35.2058688931	4.189
1144	0	1	2	1564	97	24.3984718228	33.5465602837	36.7186024495	4.567
1145	0	1	1	437	27	19.4674146379	30.4255237707	32.9564798297	4.094
1145	0	1	2	1783	111	19.4674146379	28.9007143157	31.4316703747	11.15
1146	0	1	1	430	26	23.683592301	27.3806470821	30.4597478538	5.339
1146	0	1	2	1776	111	23.683592301	28.6663794171	31.7454801887	10.158
1147	0	1	1	470	29	21.1985365291	26.4791515047	29.2351704969	10.031
1147	0	1	2	1813	113	21.1985365291	29.1921464417	31.9481654339	7.969
1148	0	1	1	519	32	16.3754802301	28.9308646969	31.0598387634	6.284
1148	0	1	2	1865	116	16.3754802301	28.9239044222	31.0528784887	12.63
1149	0	1	1	490	30	23.5819393624	27.0016919797	30.0675768659	17.276
1149	0	1	2	1833	114	23.5819393624	28.2755842585	31.3414691447	10.362
1150	0	1	1	528	33	18.4759850515	24.9334845913	27.335545018	15.544
1150	0	1	2	1876	117	18.4759850515	25.6066618797	28.0087223064	13.339
1151	0	1	1	433	27	22.5783818021	31.0638649799	33.9992774775	7.843
1151	0	1	2	1781	111	22.5783818021	32.1194403206	35.0548528182	6.535
1153	0	1	1	438	27	17.8986897056	29.8761846732	32.2031910067	11.449
1153	0	1	2	1783	111	17.8986897056	29.8525741096	32.179580443	10.032
1154	0	1	1	555	34	23.5837973418	31.3261127913	34.3922392331	5.654
1154	0	1	2	1905	119	23.5837973418	24.3915141592	27.4576406011	9.906
1155	0	1	1	422	26	23.2549561842	28.5795705757	31.6029444212	4.819
1155	0	1	2	1769	110	23.2549561842	30.8842135837	33.9075874292	11.717
1156	0	1	1	438	27	17.5826135699	32.6720216308	34.9579349467	9.496
1156	0	1	2	1783	111	17.5826135699	30.2716777897	32.5575911056	11.307
1157	0	1	1	291	18	24.5126082216	28.7982656728	31.9851466971	12.819
1157	0	1	2	1634	102	24.5126082216	29.0173977285	32.2042787528	12.409
1158	0	1	1	430	26	16.2796470795	31.7244271173	33.8409419284	12.473
1158	0	1	2	1776	111	16.2796470795	30.1901380944	32.3066529055	4.221
1159	0	1	1	429	26	17.4233348274	33.6976803163	35.9628858235	11.244
1159	0	1	2	1776	111	17.4233348274	34.9918827358	37.257088243	8.693
1160	0	1	1	1097	68	18.5806898123	33.0239553105	35.4396283897	5.181
1160	0	1	2	2445	152	18.5806898123	31.0957517959	33.511424875	6.834
1161	0	1	1	430	26	18.1432868787	30.8273537089	33.1861600892	14.095
1161	0	1	2	1777	111	18.1432868787	30.8163555521	33.1751619324	9.653
1162	0	1	1	444	27	19.9332956646	30.984283845	33.575809036	10.85
1162	0	1	2	1791	111	19.9332956646	31.8611928388	34.4527180298	5.275
1163	0	1	1	429	26	16.3076307022	28.3375418352	30.4576947934	10.535
1163	0	1	2	1777	111	16.3076307022	28.3908974947	30.5110504529	11.086
1164	0	1	1	488	30	21.405797938	29.3055190312	32.0884840523	18.063
1164	0	1	2	1833	114	21.405797938	26.9843972668	29.767362288	13.166
1165	0	1	1	216	13	23.115949686	29.700756289	32.7060579177	7.291
1165	0	1	2	1560	97	23.115949686	31.6866201902	34.6919218188	8.252
1166	0	1	1	438	27	20.7670012384	33.3986808611	36.098596006	12.299
1166	0	1	2	1784	111	20.7670012384	31.1682671082	33.868182253	11.086
1167	0	1	1	438	27	19.9300926592	29.0664521688	31.6575609375	11.906
1167	0	1	2	1783	111	19.9300926592	28.3831371212	30.9742458899	8.095
1168	0	1	1	306	19	24.3233344577	27.9627441232	31.1250176899	9.339
1168	0	1	2	1668	104	24.3233344577	29.6259488464	32.7882224131	13.717
1169	0	1	1	437	27	16.3515849882	32.8833058804	35.0091733296	6.898
1169	0	1	2	1783	111	16.3515849882	28.711969939	30.8378373883	8.614
1170	0	1	1	488	30	21.306111793	33.9004066954	36.6704115337	11.465
1170	0	1	2	1832	114	21.306111793	29.3128781539	32.0828829922	8.284
1171	0	1	1	433	27	19.5727519941	30.9415141797	33.4861651348	6.347
1171	0	1	2	1781	111	19.5727519941	35.5153489878	38.0599999429	8.441
1172	0	1	1	564	35	23.5593837125	32.3567017195	35.4196541486	5.559
1172	0	1	2	1912	119	23.5593837125	32.6805881944	35.7435406235	4.661
1173	0	1	1	431	26	18.7156717335	29.6016814263	32.0349034875	13.26
1173	0	1	2	1779	111	18.7156717335	31.1071875361	33.5404095974	11.276
1174	0	1	1	1230	76	20.9802027974	23.8447906794	26.5724241314	4.992
1174	0	1	2	2578	161	20.9802027974	25.9790559497	28.7066894017	5.338
1175	0	1	1	438	27	19.8117607109	36.3281026656	38.903827113	4.661
1175	0	1	2	1783	111	19.8117607109	34.7507544525	37.3264788999	10.126
1176	0	1	1	286	17	21.6734141556	29.0365059479	31.8542637189	17.103
1176	0	1	2	1632	102	21.6734141556	30.2048197456	33.0225775165	8.834
1176	1	1	1	288	18	21.6734141556	28.4620045675	31.2797623385	8.772
1176	1	1	2	1631	101	21.6734141556	31.8261631822	34.6439209531	9.528
1177	0	1	1	431	26	23.1279918971	30.0967435029	33.1036107379	5.748
1177	0	1	2	1779	111	23.1279918971	29.3670411844	32.3739084194	4.583
1178	0	1	1	1097	68	17.7455740246	30.5281775811	32.8352773647	4.724
1178	0	1	2	2446	152	17.7455740246	34.3907173131	36.6978170967	4.157
1179	0	1	1	430	26	21.45032947	28.8231191354	31.6118736952	9.465
1179	0	1	2	1776	111	21.45032947	28.1670641044	30.9558186643	4.41
1180	0	1	1	439	27	16.2562616784	31.9681225082	34.0815969863	10.567
1180	0	1	2	1784	111	16.2562616784	32.2885204351	34.4019949132	10.126
1181	0	1	1	564	35	23.0642554054	37.0925760137	40.0911568756	8.567
1181	0	1	2	1911	119	23.0642554054	31.8822301802	34.8808110422	10.598
1182	0	1	1	1006	62	29.1693074866	29.6928379186	33.4851358119	13.087
1182	0	1	2	2351	146	29.1693074866	31.9557461686	35.7480440619	5.402
1183	0	1	1	429	26	14.6851922029	29.4978948369	31.4071147757	5.339
1183	0	1	2	1772	110	14.6851922029	30.3228880956	32.2321080344	5.811
1184	0	1	1	1107	69	19.569807282	31.2590812008	33.8033493142	4.834
1184	0	1	2	2455	153	19.569807282	32.4927315524	35.0369996658	11.654
1185	0	1	1	439	27	19.0983949637	30.2423620169	32.7253418758	10.771
1185	0	1	2	1785	111	19.0983949637	29.3481999174	31.8311797763	11.37
1186	0	1	1	522	32	21.1313775757	33.2645090403	36.0117967057	9.118
1186	0	1	2	1869	116	21.1313775757	32.8841229657	35.6314106311	8.52
1187	0	1	1	1022	63	27.4412876124	28.9784675133	32.5461057663	12.914
1187	0	1	2	2370	148	27.4412876124	25.9142510547	29.4818893077	5.402
1188	0	1	1	494	30	21.1062326883	31.4836606685	34.2276792503	9.37
1188	0	1	2	1843	115	21.1062326883	32.0837330226	34.8277516043	6.851
1189	0	1	1	415	25	20.0252603257	28.3755885123	30.979070017	8.897
1189	0	1	2	1763	110	20.0252603257	27.4409858572	30.0444673619	14
1190	0	1	1	1097	68	20.6325271066	34.7551634951	37.4375956755	4.913
1190	0	1	2	2455	153	20.6325271066	30.9811549868	33.6635871672	5.748
1191	0	1	1	75	4	24.4858099015	27.4864470971	30.6698440752	10.189
1191	0	1	2	1415	88	24.4858099015	28.9983667708	32.1817637489	8.551
1192	0	1	1	431	26	16.2820086745	30.7528687376	32.8696905793	8.315
1192	0	1	2	1776	111	16.2820086745	29.0592592126	31.1760810543	8.519
1193	0	1	1	432	27	16.9239023977	30.9494766681	33.1497510297	11.402
1193	0	1	2	1779	111	16.9239023977	30.8173245575	33.0175989192	11.307
1194	0	1	1	1244	77	24.5418654762	28.6189809506	31.8096657067	9.433
1194	0	1	2	2598	162	24.5418654762	32.0364089861	35.2270937422	7.59
1195	0	1	1	431	26	15.9342017909	30.6607119659	32.7323154797	8.22
1195	0	1	2	1777	111	15.9342017909	32.0202851787	34.0918886925	6.677
1196	0	1	1	215	13	27.1640503237	25.0390050868	28.5705997557	8.378
1196	0	1	2	1558	97	27.1640503237	26.0858317757	29.6174264447	11.496
1197	0	1	1	429	26	18.1930500114	29.9640491126	32.3293251914	13.433
1197	0	1	2	1775	110	18.1930500114	31.1626532921	33.5279293708	5.465
1199	0	1	1	440	27	16.391384528	29.8555838333	31.9866256156	7.244
1199	0	1	2	1783	111	16.391384528	29.3574593149	31.4885010972	15.528
1200	0	1	1	414	25	19.1434027842	33.385592538	35.8744238578	6.409
1200	0	1	2	1763	110	19.1434027842	35.7108892222	38.199720542	11.937
1201	0	1	1	430	26	24.8560222094	31.7652126587	34.9967408911	19.591
1201	0	1	2	1776	111	24.8560222094	33.0116577985	36.2431860309	7.527
1202	0	1	1	1004	62	28.8635754756	28.0541468516	31.8066965658	14.977
1202	0	1	2	2350	146	28.8635754756	29.8354504749	33.5880001891	11.433
1203	0	1	1	519	32	21.5067468475	27.5132888892	30.3093782649	4.22
1203	0	1	2	1864	116	21.5067468475	29.5436433594	32.3397327352	7.464
1204	0	1	1	434	27	17.3862995935	31.2376345812	33.4980251425	9.339
1204	0	1	2	1782	111	17.3862995935	32.3124240847	34.572814646	9.166
1205	0	1	1	439	27	17.4915721819	29.8581355618	32.1322125987	10.929
1205	0	1	2	1784	111	17.4915721819	29.4341214256	31.7081984624	4.772
1206	0	1	1	439	27	19.5647566317	32.4343140647	34.9779255437	9.04
1206	0	1	2	1784	111	19.5647566317	34.9491491665	37.4927606455	7.465
1207	0	1	1	439	27	19.0937097137	32.3025809372	34.7849516673	8.536
1207	0	1	2	1784	111	19.0937097137	30.7209580831	33.2033288133	5.15
1208	0	1	1	437	27	18.2980908664	31.7677589254	34.1466913521	10
1208	0	1	2	1783	111	18.2980908664	30.5215507698	32.9004831966	7.906
1209	0	1	1	520	32	19.3403704871	30.9154251695	33.4298642349	8.504
1209	0	1	2	1867	116	19.3403704871	31.4447998248	33.9592388902	8.992
1210	0	1	1	1062	66	24.0731929359	29.8164824196	32.9462351194	5.401
1210	0	1	2	2410	150	24.0731929359	28.874125191	32.0038778908	6.819
1211	0	1	1	564	35	25.3600191637	35.8070161627	39.1040689739	5.465
1211	0	1	2	1912	119	25.3600191637	35.1202484293	38.4173012405	8.819
1212	0	1	1	485	30	24.0189535873	27.5599733279	30.682674377	10.315
1212	0	1	2	1829	114	24.0189535873	29.4136968307	32.5363978798	16.032
1213	0	1	1	444	27	17.4690842093	30.452699249	32.7238526275	4.976
1213	0	1	2	1789	111	17.4690842093	30.0659478099	32.3371011883	9.496
1214	0	1	1	429	26	17.5261026745	34.1109039405	36.3894702823	6.284
1214	0	1	2	1775	110	17.5261026745	33.6505750451	35.9291413869	12.913
1215	0	1	1	430	26	18.4879477986	31.0672370447	33.4708527466	9.212
1215	0	1	2	1775	110	18.4879477986	30.0496437838	32.4532594857	12.992
1216	0	1	1	1230	76	20.9428707061	29.0016736866	31.7244535982	8.535
1216	0	1	2	2581	161	20.9428707061	29.2046178565	31.9273977681	16.85
1217	0	1	1	429	26	20.7632066481	30.9012442422	33.6006660529	8.614
1217	0	1	2	1775	110	20.7632066481	29.5369613069	32.2363831176	11.118
1218	0	1	1	809	50	21.4039273931	26.405385379	29.1881072108	16.897
1218	0	1	2	2151	134	21.4039273931	25.6327206578	28.4154424896	10
1219	0	1	1	985	61	23.2237366989	22.126335476	25.1456504803	10.347
1219	0	1	2	2330	145	23.2237366989	28.7152924856	31.7346074899	11.842
1220	0	1	1	174	10	22.9006047785	30.9019393311	33.8792439962	11.008
1220	0	1	2	1514	94	22.9006047785	34.3507139628	37.3280186279	9.181
1221	0	1	1	431	26	17.4653263904	31.583044712	33.8537095369	9.418
1221	0	1	2	1779	111	17.4653263904	31.0428055343	33.3134703592	8.441
1222	0	1	1	377	23	26.5182684904	29.9110875471	33.3587242034	6.063
1222	0	1	2	1721	107	26.5182684904	31.7075060555	35.1551427118	14.567
1223	0	1	1	139	8	22.7743366469	28.0375782779	30.9984668395	7.055
1223	0	1	2	1480	92	22.7743366469	27.9241993011	30.8850878627	7.464
1224	0	1	1	487	30	23.4023302408	26.3231441974	29.365678125	14.567
1224	0	1	2	1831	114	23.4023302408	28.4257234635	31.468257391	12.157
1225	0	1	1	456	28	22.664060854	29.3360103713	32.2825619914	4.63
1225	0	1	2	1801	112	22.664060854	29.3272321549	32.273783775	10.929
1226	0	1	1	530	33	26.811912983	24.8831826396	28.3689959785	9.811
1226	0	1	2	1879	117	26.811912983	23.7357709482	27.2215842871	6.961
1227	0	1	1	440	27	20.9463871256	30.013389478	32.7366265588	6.031
1227	0	1	2	1787	111	20.9463871256	31.4969685725	34.2202056533	4.96
1228	0	1	1	485	30	21.0120363932	28.3393659811	31.0711381147	11.086
1228	0	1	2	1831	114	21.0120363932	29.9859838718	32.7177560054	8.929
1229	0	1	1	1217	76	19.679714433	31.2168056719	33.7753627998	12.913
1229	0	1	2	2567	160	19.679714433	31.1707266308	33.7292837587	11.716
1230	0	1	1	439	27	25.390652299	27.054051948	30.3550873691	9.622
1230	0	1	2	1784	111	25.390652299	27.9343773712	31.2354127924	8.819
1231	0	1	1	431	26	16.386963967	30.6884441209	32.8189111866	15.213
1231	0	1	2	1775	110	16.386963967	29.7880457803	31.918512846	15.118
1232	0	1	1	438	27	17.4682724234	32.3242551243	34.5953029626	22.504
1232	0	1	2	1783	111	17.4682724234	33.1556742514	35.4267220897	8.252
1233	0	2	1	439	27	20.6780602678	30.0513000978	32.7396520386	10.473
1233	0	2	2	1784	111	20.6780602678	31.0271703841	33.7155223249	10.284
1234	0	2	1	555	34	24.206821111	28.2569923672	31.4041180487	7.496
1234	0	2	2	1904	119	24.206821111	24.0750386642	27.2221643457	6.347
1235	0	2	1	434	27	19.8209368819	31.7579468939	34.3348643341	4.299
1235	0	2	2	1782	111	19.8209368819	33.3003150291	35.8772324693	9.685
1236	0	2	1	1094	68	19.0333207171	33.4028154776	35.8773350421	7.748
1236	0	2	2	2442	152	19.0333207171	31.7213157246	34.1958352891	6.661
1237	0	2	1	488	30	22.033550793	29.3439016382	32.2084807268	10.488
1237	0	2	2	1832	114	22.033550793	29.942953703	32.8075327916	9.181
1238	0	2	1	586	36	20.2502056063	21.3565734136	23.9893000251	15.559
1238	0	2	2	1933	120	20.2502056063	22.3860920672	25.0188186787	12.094
1239	0	2	1	440	27	18.6542641644	30.2933945182	32.7186329893	9.59
1239	0	2	2	1788	111	18.6542641644	31.1039603866	33.5291988578	7.464
1240	0	2	1	840	52	25.6664971841	28.6438193737	31.9807173527	12.819
1240	0	2	2	2182	136	25.6664971841	19.8860732943	23.2229712733	12.834
1241	0	2	1	440	27	21.6846408213	29.6652191863	32.4844365346	5.527
1241	0	2	2	1787	111	21.6846408213	30.2248028843	33.0440202326	12.851
1242	0	2	1	430	26	19.073031526	31.5574519767	34.0371343383	14
1242	0	2	2	1776	111	19.073031526	32.934080049	35.4137624106	8.551
1243	0	2	1	1061	66	26.6679926739	33.8474803149	37.314582593	5.717
1243	0	2	2	2407	150	26.6679926739	28.0919159713	31.5590182494	12.189
1244	0	2	1	1237	77	18.3089319298	30.4119511104	32.7922929824	7.433
1244	0	2	2	2587	161	18.3089319298	31.1714683661	33.5518102381	8.472
1245	0	2	1	518	32	19.9038522902	29.9263585257	32.5140557874	8.929
1245	0	2	2	1864	116	19.9038522902	30.1227700904	32.7104673522	13.244
1246	0	2	1	773	48	25.7373184006	30.1488595764	33.4949650126	12.063
1246	0	2	2	2114	132	25.7373184006	29.15974158	32.5058470162	17.244
1247	0	2	1	462	28	23.4152060569	28.3700852896	31.4142932003	5.591
1247	0	2	2	1809	113	23.4152060569	30.742697784	33.7869056947	9.78
1248	0	2	1	431	26	18.9075548154	30.0746982496	32.5328670055	9.78
1248	0	2	2	1779	111	18.9075548154	28.9829179321	31.441086688	9.307
1249	0	2	1	431	26	21.2225750746	28.5597455464	31.3188897867	14.032
1249	0	2	2	1779	111	21.2225750746	30.5834926044	33.3426368447	6.378
1250	0	2	1	430	26	20.6914564168	28.3554452414	31.0455388137	9.748
1250	0	2	2	1776	111	20.6914564168	27.7566899512	30.4467835236	8.992
1251	0	2	1	430	26	17.9210224404	31.1511395162	33.4810493256	10.945
1251	0	2	2	1777	111	17.9210224404	30.9637348912	33.2936447006	5.055
1253	0	2	1	430	26	21.9099959976	31.8627117152	34.7112274608	10.819
1253	0	2	2	1777	111	21.9099959976	33.8163388874	36.6648546331	8.425
1254	0	2	1	432	27	15.2242913369	29.6637294042	31.6430375517	7.023
1254	0	2	2	1779	111	15.2242913369	31.1384578266	33.1177659741	5.968
1255	0	2	1	1218	76	23.0923542337	29.771195092	32.773429079	5.465
1255	0	2	2	2567	160	23.0923542337	28.9842851561	31.9865191431	13.181
1256	0	2	1	438	27	16.4572901226	32.7733717361	34.9129818962	7.622
1256	0	2	2	1783	111	16.4572901226	29.0142688909	31.153879051	4.378
1257	0	2	1	430	26	20.4436596083	17.1468200868	19.8046976281	9.008
1257	0	2	2	1788	111	20.4436596083	29.6345568037	32.2924343451	12.284
1258	0	2	1	1094	68	16.5301054905	31.9354914843	34.084568361	7.559
1258	0	2	2	2442	152	16.5301054905	30.5274479247	32.6765248014	4.252
1259	0	2	1	805	50	24.9570435284	28.3996119908	31.6442739918	5.874
1259	0	2	2	2132	133	24.9570435284	29.9315804456	33.1762424466	4.252
1260	0	2	1	1220	76	18.0651063684	30.2849911289	32.6336332712	8.897
1260	0	2	2	2569	160	18.0651063684	30.1994308046	32.5480729469	10.819
1261	0	2	1	432	27	16.5411426926	31.641594846	33.7921066679	11.78
1261	0	2	2	1780	111	16.5411426926	29.3336346078	31.4841464297	5.716
1262	0	2	1	1217	76	18.958815562	27.9452945283	30.4101276872	14.913
1262	0	2	2	2567	160	18.958815562	26.0665455224	28.5313786813	15.212
1263	0	2	1	582	36	23.8198727236	29.4603421537	32.5571607255	8.095
1263	0	2	2	1929	120	23.8198727236	29.4068102893	32.5036288611	8.063
1264	0	2	1	434	27	20.2649006275	32.0606740839	34.6953111932	4.851
1264	0	2	2	1781	111	20.2649006275	30.1819235294	32.8165606388	11.086
1265	0	2	1	1211	75	18.7417268082	30.7121512322	33.1487607103	4.473
1265	0	2	2	2561	160	18.7417268082	33.3644074602	35.8010169383	14.095
1266	0	2	1	440	27	17.7699442443	30.5011686529	32.8114368056	11.843
1266	0	2	2	1775	110	17.7699442443	27.1412433303	29.451511483	6.284
1267	0	2	1	432	27	17.0209983094	31.9734649904	34.1863627789	9.78
1267	0	2	2	1779	111	17.0209983094	30.911437986	33.1243357746	4.977
1268	0	2	1	889	55	24.7719561037	29.164437733	32.3850365418	16.063
1268	0	2	2	2231	139	24.7719561037	29.723501786	32.9441005948	8.188
1269	0	2	1	447	27	23.8556547095	28.0739699498	31.1754405329	7.685
1269	0	2	2	1792	112	23.8556547095	31.4256406221	34.5271112053	11.528
1270	0	2	1	440	27	18.6357285915	30.2351327425	32.6579614062	5.78
1270	0	2	2	1784	111	18.6357285915	28.9868297595	31.4096584232	5.181
1271	0	2	1	1093	68	20.5780334256	31.1042715185	33.7796189824	5.622
1271	0	2	2	2441	152	20.5780334256	32.0426812141	34.718028678	8.063
1272	0	2	1	469	29	24.704630198	24.9536317021	28.1654774786	10.819
1272	0	2	2	1816	113	24.704630198	24.4968693286	27.7087151051	5.59
1273	0	2	1	441	27	15.7529059075	30.0672281722	32.1152614316	8.094
1273	0	2	2	1788	111	15.7529059075	29.7320298954	31.7800631548	15.937
1274	0	2	1	434	27	24.881854372	31.5908725113	34.8257591798	6.882
1274	0	2	2	1781	111	24.881854372	30.8596885365	34.094575205	13.15
1275	0	2	1	446	27	15.7763196399	30.2817791182	32.332856394	8.835
1275	0	2	2	1774	110	15.7763196399	32.2219111844	34.2729884602	10.425
1276	0	2	1	1090	68	21.5505175112	35.1940702098	37.9958502039	5.654
1276	0	2	2	2439	152	21.5505175112	32.9704141128	35.7721941069	7.496
1277	0	2	1	490	30	18.4055552512	29.243473469	31.6363773265	18.473
1277	0	2	2	1835	114	18.4055552512	28.2748239499	30.6677278073	12.315
1278	0	2	1	430	26	19.8571775543	32.0216525345	34.6032816198	11.103
1278	0	2	2	1776	111	19.8571775543	30.6801128514	33.2617419368	7.685
1278	1	2	1	429	26	19.8571775543	31.2778913108	33.8595203961	10.41
1278	1	2	2	1780	111	19.8571775543	31.5054695278	34.0870986132	5.102
1279	0	2	1	430	26	18.7038218489	28.2343873642	30.6660688234	14.992
1279	0	2	2	1779	111	18.7038218489	32.4973098314	34.9289912906	7.843
1280	0	2	1	430	26	21.8098257485	27.2374684722	30.0729610967	10.992
1280	0	2	2	1776	111	21.8098257485	29.9513841729	32.7868767975	6.834
1281	0	2	1	1213	75	22.9843586213	28.2885653565	31.2767588479	11.622
1281	0	2	2	2561	160	22.9843586213	29.9929684866	32.981161978	11.638
1282	0	2	1	489	30	21.5376122604	25.9923321133	28.7924342974	16.504
1282	0	2	2	1834	114	21.5376122604	27.1033027982	29.9034049823	15.071
1283	0	2	1	518	32	21.8348684126	29.8473870416	32.6861354596	5.008
1283	0	2	2	1864	116	21.8348684126	28.0333026034	30.8720510214	6.158
1284	0	2	1	1100	68	22.5283599551	32.9326429702	35.861552134	4.536
1284	0	2	2	2454	153	22.5283599551	33.2580252195	36.1869343833	10.74
1285	0	2	1	438	27	21.6553612557	29.7021204814	32.5175311971	10.41
1285	0	2	2	1782	111	21.6553612557	30.3476347032	33.163045419	9.212
1286	0	2	1	1021	63	28.3475500909	22.0197475626	25.7052088833	15.181
1286	0	2	2	2371	148	28.3475500909	21.3131264569	24.9985877775	12.756
1287	0	2	1	489	30	19.9458669361	27.8280099765	30.4211695569	17.559
1287	0	2	2	1833	114	19.9458669361	28.8190841997	31.4122437801	7.26
1288	0	2	1	434	27	21.2023090299	32.9602507476	35.7167602021	4.74
1288	0	2	2	1783	111	21.2023090299	32.4009576481	35.1574671026	12.315
1289	0	2	1	1227	76	18.348525015	31.1456157856	33.5311051494	7.181
1289	0	2	2	2578	161	18.348525015	29.9802147613	32.3657041252	6.536
1290	0	2	1	383	23	24.1072660229	26.7969679662	29.9311505036	9.464
1290	0	2	2	1728	108	24.1072660229	23.8264371569	26.9606196943	8.551
1291	0	2	1	491	30	22.0550539211	32.2498342581	35.1172089656	13.496
1291	0	2	2	1838	114	22.0550539211	30.4456379552	33.3130126627	13.071
1293	0	2	1	432	27	17.8714206397	31.7820061896	34.1054672754	10.63
1293	0	2	2	1779	111	17.8714206397	32.6410694529	34.9645305387	6.897
1294	0	2	1	424	26	24.6808230092	21.9601178878	25.1688684949	29.669
1294	0	2	2	1763	110	24.6808230092	31.801583923	35.01033453	16.409
1295	0	2	1	491	30	25.1720562598	32.702518035	35.9751338134	9.874
1295	0	2	2	1837	114	25.1720562598	31.4686363094	34.7412520878	13.071
1296	0	2	1	415	25	16.0512172688	32.7566576191	34.8434743001	6.331
1296	0	2	2	1762	110	16.0512172688	34.6038903564	36.6907070373	14.567
1297	0	2	1	1018	63	25.3129634509	32.5950562801	35.8859913842	15.716
1297	0	2	2	2363	147	25.3129634509	26.5946331409	29.885568245	18.032
1298	0	2	1	1213	75	19.4896845523	31.5575109588	34.0913623265	4.252
1298	0	2	2	2562	160	19.4896845523	30.8985320839	33.4323834516	6.063
1299	0	2	1	429	26	21.0893337895	32.4787471665	35.2205687247	9.339
1299	0	2	2	1776	111	21.0893337895	33.5622712559	36.304092814	5.717
1300	0	2	1	430	26	16.1573540604	28.2593030843	30.3599185958	10.519
1300	0	2	2	1777	111	16.1573540604	32.4776219982	34.5782375096	6.662
1301	0	2	1	491	30	23.5551209841	28.507614074	31.5700123063	11.212
1301	0	2	2	1837	114	23.5551209841	26.1676198866	29.2300181189	11.008
1302	0	2	1	422	26	25.7862337578	31.5533550955	34.9058200109	5.969
1302	0	2	2	1768	110	25.7862337578	32.4909492942	35.8434142097	9.496
1303	0	2	1	918	57	22.1371060335	27.8191282612	30.6971705532	8.677
1303	0	2	2	2263	141	22.1371060335	27.2181319641	30.0961742561	7.465
1304	0	2	1	438	27	23.4543984472	32.8217278332	35.8710311415	10.929
1304	0	2	2	1784	111	23.4543984472	33.2437476195	36.2930509279	9.874
1305	0	2	1	438	27	20.9628387766	33.9753356983	36.7007116562	6.347
1305	0	2	2	1781	111	20.9628387766	34.3398037261	37.065179684	4.095
1306	0	2	1	430	26	19.249309589	25.2748151456	27.7774153955	5.37
1306	0	2	2	1779	111	19.249309589	29.0384677276	31.5410679775	8.567
1307	0	2	1	438	27	20.2184683149	31.7418765487	34.3704769991	6.063
1307	0	2	2	1784	111	20.2184683149	33.3831693774	36.0117698278	8.708
1308	0	2	1	893	55	28.8844943934	30.7197045526	34.4749739325	6.347
1308	0	2	2	2220	138	28.8844943934	31.5491601347	35.3044295147	14.299
1309	0	2	1	472	29	21.107407096	18.3714215976	21.1155928639	5.654
1309	0	2	2	1817	113	21.107407096	29.7932420681	32.5374133344	9.717
1310	0	2	1	443	27	23.9999748738	31.5222848302	34.6425184592	14.031
1310	0	2	2	1790	111	23.9999748738	29.1502813408	32.2705149698	4.252
1311	0	2	1	139	8	23.3843180483	26.8637374181	29.9039295829	15.37
1311	0	2	2	1480	92	23.3843180483	27.8905939054	30.9307860701	14.693
1312	0	2	1	893	55	29.062294917	27.3773666882	31.1557518912	4.063
1312	0	2	2	2235	139	29.062294917	28.0107584485	31.7891436516	6.063
1313	0	2	1	487	30	20.5041257974	31.5073615999	34.1731003427	14.457
1313	0	2	2	1831	114	20.5041257974	29.7397964063	32.405535149	12.189
1314	0	2	1	545	34	21.7551782414	33.7041007582	36.5324886673	9.717
1314	0	2	2	1893	118	21.7551782414	28.7313195841	31.5597074933	4.96
1315	0	2	1	486	30	20.5530098383	32.6501832073	35.3222773579	7.543
1315	0	2	2	1831	114	20.5530098383	30.3723639751	33.0444581257	10.032
1316	0	2	1	429	26	22.6416108177	32.645061079	35.5886939727	8.693
1316	0	2	2	1775	110	22.6416108177	32.4491956002	35.392828494	17.59
1317	0	2	1	430	26	17.7808080857	30.5616344508	32.8733150101	13.685
1317	0	2	2	1788	111	17.7808080857	31.4830504322	33.7947309915	6.614
1318	0	2	1	438	27	17.3976592415	34.4431666565	36.7050340841	4.851
1318	0	2	2	1783	111	17.3976592415	31.0764410395	33.3383084672	14.582
1319	0	2	1	577	36	22.7116141118	30.9447808624	33.8975148754	7.339
1319	0	2	2	1925	120	22.7116141118	31.4031353916	34.3558694046	9.465
1320	0	2	1	215	13	24.1659350184	31.9645488723	35.1063589583	4.032
1320	0	2	2	1556	97	24.1659350184	29.8374997358	32.9793098217	12.032
1321	0	2	1	486	30	20.7363563068	30.7142223747	33.4101533759	11.244
1321	0	2	2	1831	114	20.7363563068	30.4957193249	33.1916503261	9.102
1323	0	2	1	443	27	19.9720550432	31.630154531	34.2267188238	14.85
1323	0	2	2	1788	111	19.9720550432	31.3977379012	33.994302194	5.039
1324	0	2	1	211	13	26.2816548277	27.8857317949	31.3026063395	13.102
1324	0	2	2	1554	97	26.2816548277	27.9581157024	31.3749902471	7.559
1325	0	2	1	1064	66	27.5933530961	27.6606750744	31.2480833412	9.874
1325	0	2	2	2412	150	27.5933530961	26.1881982654	29.7756065323	12.788
1326	0	2	1	486	30	21.1002618149	27.9432373534	30.6864796627	6.22
1326	0	2	2	1830	114	21.1002618149	29.1377794638	31.881021773	4.914
1327	0	2	1	570	35	27.9386252679	25.5937145047	29.226011562	4.094
1327	0	2	2	1918	119	27.9386252679	26.5729972644	30.2052943217	6.677
1328	0	2	1	290	18	18.5688151088	25.4817615286	27.895890779	12.032
1328	0	2	2	1633	102	18.5688151088	27.0950005184	29.5091297688	7.071
1329	0	2	1	438	27	19.024919021	31.9636240938	34.4370513549	14.284
1329	0	2	2	1784	111	19.024919021	31.0565686117	33.5299958728	10.96
1330	0	2	1	430	26	17.9320920183	31.4715457982	33.802894762	10.094
1330	0	2	2	1777	111	17.9320920183	31.687144993	34.0184939568	8.63
1331	0	2	1	415	25	27.2980126951	31.0567191261	34.6057302257	6.284
1331	0	2	2	1763	110	27.2980126951	29.9445416432	33.4935527427	12.929
1332	0	2	1	250	15	29.8041597119	24.6062588098	28.4810937588	19.591
1332	0	2	2	1592	99	29.8041597119	29.1737547296	33.0485896786	5.968
1333	0	2	1	434	27	17.5269847654	31.1211841542	33.3998651765	9.591
1333	0	2	2	1779	111	17.5269847654	30.6754545365	32.9541355588	4.283
1334	0	2	1	444	27	16.7246004903	28.9740021818	31.1483653282	8.63
1334	0	2	2	1789	111	16.7246004903	31.1637234924	33.3380866389	4.252
1335	0	2	1	430	26	17.8126133123	33.8687458176	36.1845613703	10.473
1335	0	2	2	1776	111	17.8126133123	31.7955032898	34.1113188425	11.559
1336	0	2	1	432	27	23.2020409072	29.9663996889	32.9828940261	4.614
1336	0	2	2	1779	111	23.2020409072	31.7933054826	34.8097998198	9.386
1337	0	2	1	1019	63	23.7021417007	29.9941192745	33.0756316512	12.614
1337	0	2	2	2365	147	23.7021417007	26.1530949146	29.2346072913	7.528
1338	0	2	1	879	54	23.3372464847	28.6859088713	31.7199812681	9.433
1338	0	2	2	2220	138	23.3372464847	29.6206448718	32.6547172687	6.992
1339	0	2	1	430	26	23.5015872081	34.3003692878	37.3558076009	9.165
1339	0	2	2	1767	110	23.5015872081	29.4702076202	32.5256459333	6.221
1340	0	2	1	584	36	17.9843754018	27.3100038976	29.6481502173	6.252
1340	0	2	2	1933	120	17.9843754018	30.9687025191	33.3068488388	12.929
1341	0	2	1	1101	68	26.322331852	28.9525603477	32.3747233071	10.315
1341	0	2	2	2449	153	26.322331852	24.6504925152	28.0726554746	6.347
1342	0	2	1	1094	68	19.1896057479	30.6718623141	33.1667004753	8.347
1342	0	2	2	2441	152	19.1896057479	31.3330684625	33.8279066237	12.599
1343	0	2	1	997	62	22.5947585155	25.3373421068	28.2748837388	11.811
1343	0	2	2	2342	146	22.5947585155	24.5603512333	27.4978928653	9.716
1345	0	2	1	1030	64	22.9765077336	34.5573360898	37.5445088883	6.693
1345	0	2	2	2373	148	22.9765077336	34.7963704825	37.783543281	11.024
1346	0	2	1	433	27	17.9054981261	30.8457107333	33.1736022287	11.906
1346	0	2	2	1782	111	17.9054981261	29.9467708392	32.2746623345	4.346
1347	0	2	1	431	26	19.4747747598	30.0671205668	32.5990335143	12.898
1347	0	2	2	1774	110	19.4747747598	31.1930627986	33.7249757461	11.275
1348	0	2	1	444	27	17.827861205	30.8390270794	33.1568250086	9.37
1348	0	2	2	1790	111	17.827861205	29.2263781002	31.5441760295	13.937
1349	0	2	1	437	27	18.3520898097	28.5997291289	30.9856819512	6.977
1349	0	2	2	1783	111	18.3520898097	28.7938638208	31.1798166431	10.567
1350	0	2	1	282	17	26.4424578851	28.3794550949	31.8172356242	8.221
1350	0	2	2	1626	101	26.4424578851	26.8791128744	30.3168934038	9.086
1351	0	2	1	488	30	21.6438715609	28.1195955087	30.9335124508	15.307
1351	0	2	2	1832	114	21.6438715609	27.7060988118	30.5200157538	14.221
1352	0	2	1	439	27	16.5794768469	30.5642463262	32.7197419665	14.315
1352	0	2	2	1784	111	16.5794768469	28.8289230285	30.9844186688	7.968
1353	0	2	1	1090	68	21.9108771588	33.1701667182	36.0187970235	5.685
1353	0	2	2	2437	152	21.9108771588	33.8476578722	36.6962881775	5.622
1354	0	2	1	489	30	20.7241070715	31.6160676475	34.3104061273	12.189
1354	0	2	2	1833	114	20.7241070715	27.9831761756	30.6775146554	13.591
1355	0	2	1	433	27	19.0400777301	32.3478404357	34.8232384786	9.874
1355	0	2	2	1780	111	19.0400777301	31.8135748196	34.2889728625	11.622
1356	0	2	1	1213	75	20.7333416084	27.164155988	29.8596950487	7.213
1356	0	2	2	2562	160	20.7333416084	29.5201059649	32.2156450256	12.504
1357	0	2	1	439	27	15.3258913966	30.7656433738	32.7581605319	10.473
1357	0	2	2	1784	111	15.3258913966	28.3354218901	30.3279390482	5.166
1358	0	2	1	764	47	22.0180934065	26.3906999392	29.2532694149	4.803
1358	0	2	2	2105	131	22.0180934065	28.2519771681	31.1145466439	7.78
1359	0	2	1	438	27	16.610306438	28.3239305218	30.4834343133	4.661
1359	0	2	2	1785	111	16.610306438	30.8529524473	33.0124562388	10.473
1360	0	2	1	439	27	19.2762709404	32.2573502933	34.7634557849	4.614
1360	0	2	2	1787	111	19.2762709404	32.0521056604	34.558211152	8.22
1361	0	2	1	429	26	21.1558727731	33.2479955748	35.9984678576	11.118
1361	0	2	2	1775	110	21.1558727731	33.241816932	35.9922892147	15.937
1363	0	2	1	430	26	21.5870117384	27.8745384508	30.6810630547	13.149
1363	0	2	2	1777	111	21.5870117384	30.8551717002	33.6616963041	8.441
1364	0	2	1	491	30	24.7809237487	27.8830731814	31.1048378726	15.748
1364	0	2	2	1834	114	24.7809237487	30.2150428466	33.4368075378	6.157
1365	0	2	1	430	26	22.3729333305	28.1367295251	31.0454316935	10.599
1365	0	2	2	1776	111	22.3729333305	28.7046830302	31.6133851986	11.275
1366	0	2	1	439	27	20.4089013817	33.4913864743	36.1447451031	9.134
1366	0	2	2	1783	111	20.4089013817	33.6404683818	36.2938270105	11.181
1367	0	2	1	429	26	19.112036729	31.3939339693	33.8786873923	4.756
1367	0	2	2	1775	110	19.112036729	32.181712894	34.666466317	13.134
1368	0	2	1	456	28	23.5453428745	32.4049009584	35.4660279399	5.968
1368	0	2	2	1801	112	23.5453428745	30.7451628706	33.8062898521	11.716
1369	0	2	1	432	27	18.5041357901	31.2949664625	33.7006867631	9.591
1369	0	2	2	1779	111	18.5041357901	29.9984521664	32.404172467	6.158
1370	0	2	1	935	58	29.2346798544	28.9615634841	32.7623604305	10.63
1370	0	2	2	2278	142	29.2346798544	28.8041538837	32.6049508302	10.882
1371	0	2	1	431	26	14.9748453388	29.6101880708	31.5570657763	5.496
1371	0	2	2	1779	111	14.9748453388	30.189743717	32.1366214225	8.189
1372	0	2	1	1217	76	21.1209270166	31.8080515803	34.5539805698	5.811
1372	0	2	2	2566	160	21.1209270166	31.2258273137	33.9717563031	14.646
1373	0	2	1	901	56	30.7158008753	30.7647572123	34.7581145111	10.882
1373	0	2	2	2244	140	30.7158008753	31.1267597837	35.1201170825	5.78
1374	0	2	1	443	27	15.976117785	30.1856590536	32.2627120603	6.095
1374	0	2	2	1788	111	15.976117785	29.1603477681	31.2374007748	10.189
1376	0	2	1	432	27	17.9263199489	34.7710729315	37.1016714693	8.662
1376	0	2	2	1779	111	17.9263199489	33.9610455714	36.2916441092	4
1377	0	2	1	1243	77	21.1589369236	26.4646259076	29.2154965602	5.937
1377	0	2	2	2594	162	21.1589369236	26.0953079314	28.846178584	19.355
1378	0	2	1	273	17	22.3777923	27.4072967704	30.3166306528	12.535
1378	0	2	2	1616	101	22.3777923	28.659744053	31.5690779354	11.181
1379	0	2	1	1234	77	20.0016676456	29.4628154674	32.0632296908	6.394
1379	0	2	2	2584	161	20.0016676456	31.9438980405	34.544312264	9.842
1380	0	2	1	470	29	24.8413750069	26.0781753546	29.307799306	9.48
1380	0	2	2	1815	113	24.8413750069	28.2298998876	31.4595238391	13.905
1381	0	2	1	1270	79	22.610264458	27.1735327114	30.113090269	10.52
1381	0	2	2	2609	163	22.610264458	25.7837493621	28.7233069197	21.401
1381	1	2	1	1258	78	22.610264458	27.6437418398	30.5832993974	12.708
1381	1	2	2	2612	163	22.610264458	30.1128368296	33.0523943872	7.181
1382	0	2	1	552	34	24.5200009332	28.1480073281	31.3358494778	9.323
1382	0	2	2	1904	119	24.5200009332	23.548492363	26.7363345127	8.944
1383	0	2	1	431	26	22.2734264375	32.6875381416	35.5833034317	12.63
1383	0	2	2	1779	111	22.2734264375	34.0705071185	36.9662724086	9.433
1384	0	2	1	281	17	30.9439970411	32.5442766693	36.567301722	6.409
1384	0	2	2	1625	101	30.9439970411	30.1837063629	34.2067314156	6.378
1385	0	2	1	444	27	19.4687553673	30.3589650834	32.8900954505	8.693
1385	0	2	2	1789	111	19.4687553673	31.7802300436	34.3113604106	7.276
1386	0	2	1	438	27	16.9655303703	30.7004865779	32.9061729869	13.559
1386	0	2	2	1785	111	16.9655303703	30.8670419817	33.0727283907	8.866
1387	0	2	1	136	8	26.6680296742	25.5848942916	29.0520013801	10.22
1387	0	2	2	1477	92	26.6680296742	24.6858609122	28.1529680007	13.433
1388	0	2	1	429	26	16.9193063009	30.8324845607	33.0321613844	10.378
1388	0	2	2	1775	110	16.9193063009	31.3165173988	33.5161942225	13.748
1389	0	2	1	1093	68	21.4332757188	32.5882784613	35.3748158652	9.165
1389	0	2	2	2441	152	21.4332757188	34.5533230111	37.339860415	10.835
1390	0	2	1	370	23	25.1256219267	30.84319588	34.1097747367	11.969
1390	0	2	2	1716	107	25.1256219267	28.8697386615	32.1363175182	17.905
1391	0	2	1	433	27	21.216897547	31.1562585693	33.914664675	9.622
1391	0	2	2	1783	111	21.216897547	33.7649913806	36.5233974863	6.834
1392	0	2	1	1021	63	25.3620870872	25.03585859	28.3331802517	19.134
1392	0	2	2	2366	147	25.3620870872	31.6674338386	34.9647555003	8.693
1393	0	2	1	431	26	16.2000626237	29.8139512141	31.9201192603	8.488
1393	0	2	2	1777	111	16.2000626237	30.1870583395	32.2932263858	7.685
1394	0	2	1	429	26	21.3007668415	33.2233343981	35.9926443399	8.913
1394	0	2	2	1775	110	21.3007668415	35.1617663068	37.9310762487	13.307
1395	0	2	1	443	27	16.442481496	29.0983490685	31.236033961	6.409
1395	0	2	2	1789	111	16.442481496	29.5284390732	31.6661239657	4.126
1396	0	2	1	1224	76	22.0249724972	28.9328739446	31.7963377701	10.189
1396	0	2	2	2575	160	22.0249724972	29.8637056396	32.727169465	4.74
1397	0	2	1	490	30	23.2106553079	28.4622420809	31.4798563752	7.607
1397	0	2	2	1834	114	23.2106553079	28.8522481801	31.8698624744	8.63
1398	0	2	1	433	27	17.8180840818	31.4343014872	33.750828294	11.622
1398	0	2	2	1780	111	17.8180840818	31.6589366061	33.9754634128	7.307
1399	0	2	1	433	27	17.5398538328	35.2384429419	37.51879707	10.41
1399	0	2	2	1779	111	17.5398538328	32.0377509419	34.31810507	9.118
1400	0	2	1	488	30	23.5839514386	28.5749872976	31.6411337736	12.897
1400	0	2	2	1834	114	23.5839514386	29.4560066159	32.5221530918	10.346
1401	0	2	1	431	26	15.5287914033	28.8941528584	30.9130490201	5.087
1401	0	2	2	1779	111	15.5287914033	30.8469106706	32.8658068323	7.496
1402	0	2	1	439	27	18.9509878892	30.362099927	32.8259154113	14.095
1402	0	2	2	1782	111	18.9509878892	31.1142474636	33.5780629478	15.622
1402	1	2	1	438	27	18.9509878892	30.3607988176	32.8246143018	11.528
1402	1	2	2	1783	111	18.9509878892	32.8923388065	35.3561542907	11.843
1403	0	2	1	444	27	18.4231283849	29.1944692025	31.5896577409	4.41
1403	0	2	2	1790	111	18.4231283849	28.2279476599	30.6231361982	5.906
1404	0	2	1	485	30	22.4910610007	25.8864545995	28.810514531	15.528
1404	0	2	2	1830	114	22.4910610007	27.5631933561	30.4872532877	4.819
1405	0	2	1	1076	67	27.0326381372	30.1997837184	33.714293506	5.433
1405	0	2	2	2419	151	27.0326381372	29.0097071151	32.5242169027	9.386
1407	0	2	1	1224	76	20.1622807688	27.9221154887	30.5434110035	7.937
1407	0	2	2	2575	160	20.1622807688	27.4138036454	30.0350991602	9.653
1408	0	2	1	467	29	21.3121268514	40.9632604444	43.7340472997	5.401
1408	0	2	2	1812	113	21.3121268514	26.6774352934	29.4482221486	7.843
1409	0	2	1	430	26	16.8267835009	33.9116951876	36.0993431341	10.945
1409	0	2	2	1776	111	16.8267835009	33.5703451773	35.7579931238	5.26
1410	0	2	1	1246	77	17.5549833494	28.5481074379	30.8304285525	9.622
1410	0	2	2	2597	162	17.5549833494	28.4149042899	30.6972254044	23.181
1411	0	2	1	879	54	27.737124513	29.0252995919	32.6313995621	12.693
1411	0	2	2	2222	138	27.737124513	29.8625666825	33.4686666527	9.166
1412	0	2	1	439	27	16.7809181365	32.3136843956	34.495369392	9.622
1412	0	2	2	1784	111	16.7809181365	30.1230082441	32.3046932404	10.157
1413	0	2	1	1244	77	20.5585978393	29.7283389982	32.401159644	9.087
1413	0	2	2	2594	162	20.5585978393	28.5491577232	31.2219783691	20.582
1414	0	2	1	430	26	16.480887496	27.1383134098	29.2809914614	12.787
1414	0	2	2	1776	111	16.480887496	28.2246042986	30.3672823502	7.023
1415	0	2	1	491	30	22.9345773479	27.5918726001	30.5735940346	18.536
1415	0	2	2	1835	114	22.9345773479	33.99376609	36.9754875244	8.976
1416	0	2	1	432	27	17.4338820719	28.2107247273	30.4773014804	10.378
1416	0	2	2	1780	111	17.4338820719	31.4444672342	33.7110439874	7.023
1417	0	2	1	438	27	17.650995541	32.0925308366	34.3873344838	5.449
1417	0	2	2	1783	111	17.650995541	31.7375394365	34.0323430837	9.78
1418	0	2	1	137	8	26.3530925729	28.8402502767	32.2664124334	5.181
1418	0	2	2	1478	92	26.3530925729	28.1832265544	31.6093887111	15.748
1419	0	2	1	429	26	20.9483947539	31.0217355753	33.7452336677	10.709
1419	0	2	2	1775	110	20.9483947539	32.9565775741	35.6800756664	14
1420	0	2	1	1248	78	22.1011423729	30.0821340087	32.9555006699	4.961
1420	0	2	2	2596	162	22.1011423729	29.6772137843	32.5505804455	15.968
1421	0	2	1	591	36	20.7587998921	26.2915260627	28.9903749516	8.315
1421	0	2	2	1940	121	20.7587998921	30.1448236695	32.8436725583	7.04
1422	0	2	1	794	49	26.0011125651	26.9582362428	30.3386375242	9.181
1422	0	2	2	2132	133	26.0011125651	26.6587296294	30.0391309108	19.685
1423	0	2	1	438	27	19.502505622	30.159284042	32.6948022753	9.575
1423	0	2	2	1783	111	19.502505622	30.8422252709	33.3777435042	13.181
1424	0	2	1	275	17	26.1891716815	24.8365186598	28.2413694826	11.496
1424	0	2	2	1619	101	26.1891716815	25.7885747239	29.1934255467	13.464
1425	0	2	1	528	33	18.8481061812	29.8020570462	32.2524968928	11.669
1425	0	2	2	1878	117	18.8481061812	27.4437601847	29.8942000313	5.842
1426	0	2	1	439	27	18.2499330442	31.6325282913	34.0051997258	4.189
1426	0	2	2	1784	111	18.2499330442	28.8113908328	31.1840622673	8.189
1427	0	2	1	1108	69	22.447548236	33.1772899694	36.0956928121	9.496
1427	0	2	2	2456	153	22.447548236	33.1305808605	36.0489837031	13.04
1428	0	2	1	430	26	19.90050892	31.3652351676	33.9524977582	12.52
1428	0	2	2	1776	111	19.90050892	32.9981735905	35.5854361811	10.252
1429	0	2	1	1107	69	19.6461352239	32.5293122021	35.0835037013	4.031
1429	0	2	2	2454	153	19.6461352239	30.0446636382	32.5988551375	8.189
1430	0	2	1	917	57	24.4403897941	25.301514543	28.4790064588	14.157
1430	0	2	2	2262	141	24.4403897941	25.3375372225	28.5150291383	14.378
1431	0	2	1	210	13	24.0704752641	27.9839711644	31.1133705401	9.717
1431	0	2	2	1553	97	24.0704752641	29.0121700827	32.1415694583	7.055
1432	0	2	1	431	26	20.8065264024	30.8761572621	33.5812110684	16.536
1432	0	2	2	1779	111	20.8065264024	29.9269678628	32.6320216691	8.252
1433	0	2	1	1213	75	25.2688423217	25.8704457142	29.155644636	6.645
1433	0	2	2	2562	160	25.2688423217	25.7672870605	29.0524859822	11.433
1434	0	2	1	434	27	16.2572302631	33.6005785528	35.7141789564	10.378
1434	0	2	2	1781	111	16.2572302631	33.2886968768	35.4022972805	9.937
1435	0	2	1	471	29	26.1443189495	28.2483267279	31.6473462528	6.929
1435	0	2	2	1817	113	26.1443189495	28.021575332	31.4205948569	11.024
1436	0	2	1	337	21	24.4337147024	28.5062577358	31.6828818238	5.496
1436	0	2	2	1681	105	24.4337147024	31.2477331045	34.4243571925	11.15
1437	0	2	1	432	27	19.167152278	30.4592682609	32.9511872494	12.252
1437	0	2	2	1781	111	19.167152278	30.502807941	32.9947269294	7.212
1438	0	2	1	1225	76	24.8469044531	30.2580619254	33.4884047594	10.504
1438	0	2	2	2578	161	24.8469044531	27.4309610213	30.6613038553	8.977
1439	0	2	1	432	27	18.712561407	30.8805067626	33.3133244507	7.055
1439	0	2	2	1783	111	18.712561407	29.6533635191	32.0861812072	4.126
1440	0	2	1	1057	66	23.2749117261	27.8915993301	30.917567593	6.126
1440	0	2	2	2403	150	23.2749117261	28.2550176973	31.2809859602	17.275
1441	0	2	1	1055	65	18.5354837445	26.5867420092	28.9965378533	8.393
1441	0	2	2	2393	149	18.5354837445	29.6738417988	32.0836376429	8.189
1442	0	2	1	437	27	17.7929988416	32.0687468651	34.382012343	9.528
1442	0	2	2	1783	111	17.7929988416	32.1050895208	34.4183549987	6.126
1443	0	2	1	431	26	22.7703515751	28.9792455317	31.9396159947	5.496
1443	0	2	2	1777	111	22.7703515751	29.0702233953	32.0305938583	6.977
1444	0	2	1	444	27	18.4427060259	33.0680324786	35.4657663035	10.063
1444	0	2	2	1790	111	18.4427060259	31.541094174	33.9388279989	7.181
1445	0	2	1	431	26	19.5076903284	33.4073972794	35.9435895757	17.968
1445	0	2	2	1776	111	19.5076903284	35.3250972338	37.8612895302	8.976
1446	0	2	1	807	50	24.2033878075	6.70092656495	9.84760588316	4.347
1446	0	2	2	2151	134	24.2033878075	4.33548929497	7.48216861317	13.654
1447	0	2	1	1033	64	19.4695076138	35.0979176111	37.6291457776	8.693
1447	0	2	2	2377	148	19.4695076138	26.73078582	29.2620139865	4.284
1448	0	2	1	415	25	17.947060276	32.5499181962	34.8832131812	8.126
1448	0	2	2	1765	110	17.947060276	34.0264376998	36.3597326849	11.212
1449	0	2	1	431	26	22.5021491439	27.5503742196	30.4758757192	7.685
1449	0	2	2	1777	111	22.5021491439	25.6084928279	28.5339943275	5.024
1450	0	2	1	839	52	26.217109345	23.4388135901	26.847296585	6.063
1450	0	2	2	2182	136	26.217109345	21.7578582362	25.166341231	14.031
1451	0	2	1	1211	75	20.4243383373	30.4093614823	33.0647270677	10.536
1451	0	2	2	2561	160	20.4243383373	32.6057346548	35.2611002402	14.032
1452	0	2	1	471	29	24.2620647325	31.1179390823	34.2722469799	7.653
1452	0	2	2	1817	113	24.2620647325	31.1425361346	34.2968440322	7.008
1453	0	2	1	438	27	17.8311717717	31.5444157239	33.8626440595	12.614
1453	0	2	2	1783	111	17.8311717717	31.8760873143	34.19431565	11.591
1454	0	2	1	490	30	22.5294803497	30.9875635741	33.9166184002	11.969
1454	0	2	2	1835	114	22.5294803497	30.9459452844	33.8750001106	11.874
1455	0	2	1	443	27	16.7177041942	31.6386200451	33.812086605	8.189
1455	0	2	2	1789	111	16.7177041942	31.6742440369	33.8477105968	9.071
1456	0	2	1	440	27	15.4645522006	27.6141649524	29.6247093837	8
1456	0	2	2	1787	111	15.4645522006	29.7173755935	31.7279200248	6.095
1457	0	2	1	430	26	17.339483995	30.6870340885	32.9413381598	10
1457	0	2	2	1775	110	17.339483995	30.0174777367	32.2717818081	14.283
1458	0	2	1	431	26	17.1599229676	30.9309725507	33.1619319161	10.095
1458	0	2	2	1779	111	17.1599229676	31.131048686	33.3620080514	4.662
1459	0	2	1	439	27	18.5434360325	30.1150373505	32.5258670706	7.937
1459	0	2	2	1783	111	18.5434360325	32.7115099291	35.1223396492	4.897
1460	0	2	1	444	27	20.2282405136	32.2443489764	34.8742199091	15.118
1460	0	2	2	1791	111	20.2282405136	30.0883082964	32.7181792291	10.614
1461	0	2	1	430	26	17.7313577537	30.1275991284	32.4328506565	9.906
1461	0	2	2	1777	111	17.7313577537	30.55306347	32.858314998	14.929
1462	0	2	1	429	26	19.4992865226	31.8644780266	34.3995777453	5.843
1462	0	2	2	1774	110	19.4992865226	33.7720197335	36.3071194522	9.842
1463	0	2	1	1097	68	19.6598404599	33.468691086	36.0246644013	10.63
1463	0	2	2	2444	152	19.6598404599	33.2709265675	35.8268998827	8.599
1464	0	2	1	441	27	19.4691718395	32.9709888411	35.5021733537	8.126
1464	0	2	2	1788	111	19.4691718395	31.4439151984	33.975099711	11.842
1465	0	2	1	433	27	22.0680434331	31.9043957236	34.7734591959	6.189
1465	0	2	2	1781	111	22.0680434331	31.021758614	33.8908220863	9.937
1466	0	2	1	429	26	16.2442573149	32.9418958164	35.0538096087	11.276
1466	0	2	2	1774	110	16.2442573149	33.6095242342	35.7214380266	9.496
1467	0	2	1	486	30	20.8641709677	28.8863555782	31.598903747	15.811
1467	0	2	2	1830	114	20.8641709677	29.6230521303	32.3356002991	10.567
1468	0	2	1	530	33	20.4827710994	29.1751672219	31.8381296431	9.212
1468	0	2	2	1879	117	20.4827710994	30.0593012221	32.7222636433	6.504
1469	0	2	1	439	27	17.642237416	31.9989049948	34.2925699993	8.158
1469	0	2	2	1783	111	17.642237416	31.2641316521	33.5577966565	7.969
1469	1	2	1	438	27	17.642237416	30.1753995152	32.4690645196	8.725
1469	1	2	2	1787	111	17.642237416	28.811189771	31.1048547754	4.819
1470	0	2	1	803	50	26.9353795806	19.7094436921	23.2113089074	10.551
1470	0	2	2	2148	134	26.9353795806	24.8755541975	28.3774194127	8.913
1471	0	2	1	417	26	17.3474912101	24.7801397352	27.0354848236	12.173
1471	0	2	2	1775	110	17.3474912101	32.4635237325	34.7188688209	11.906
1472	0	2	1	422	26	21.8117180532	29.5163187667	32.3520574095	9.354
1472	0	2	2	1769	110	21.8117180532	29.3290854449	32.1648240877	19.37
1473	0	2	1	920	57	24.8504039677	29.7089560881	32.9397538936	5.622
1473	0	2	2	2264	141	24.8504039677	30.1533087203	33.3841065258	9.307
1474	0	2	1	545	34	21.8049897088	32.4007868411	35.2356507327	7.023
1474	0	2	2	1894	118	21.8049897088	29.2647025815	32.0995664731	10.693
1475	0	2	1	438	27	16.6947756432	29.9296121242	32.1000977461	16
1475	0	2	2	1784	111	16.6947756432	28.150395661	30.320881283	5.181
1476	0	2	1	429	26	22.6911966155	30.3608519878	33.3109315247	7.213
1476	0	2	2	1775	110	22.6911966155	29.3572739207	32.3073534576	14.22
1477	0	2	1	488	30	20.9115224384	29.8082790341	32.5269833615	14.599
1477	0	2	2	1832	114	20.9115224384	30.6366672764	33.3553716037	14.819
1478	0	2	1	1021	63	27.4191828215	25.0744256726	28.6391900846	4.252
1478	0	2	2	2366	147	27.4191828215	28.6471536694	32.2119180814	11.717
1479	0	2	1	558	34	23.0131723857	26.6629260705	29.6548656357	5.449
1479	0	2	2	1901	118	23.0131723857	27.3130664415	30.3050060067	13.402
1480	0	2	1	488	30	24.6647663331	31.0244514096	34.2311144902	11.307
1480	0	2	2	1833	114	24.6647663331	28.9316492306	32.1383123112	12.031
1481	0	2	1	438	27	18.1069000222	29.4251920874	31.7792678172	10.63
1481	0	2	2	1784	111	18.1069000222	30.4722680045	32.8263437343	6.772
1482	0	2	1	548	34	20.9584225701	34.0084474547	36.7332492621	4.456
1482	0	2	2	1895	118	20.9584225701	29.0178479918	31.7426497992	13.181
1483	0	2	1	1001	62	19.8294199398	26.8172551784	29.3952754999	15.386
1483	0	2	2	2346	146	19.8294199398	27.6296675982	30.2076879197	11.654
1484	0	2	1	430	26	15.7730440698	28.6091068045	30.6597582238	9.229
1484	0	2	2	1776	111	15.7730440698	29.552689433	31.6033408523	11.15
1485	0	2	1	727	45	29.3009740013	26.313245339	30.1226611789	27.653
1485	0	2	2	2075	129	29.3009740013	31.5730334848	35.3824493247	8.897
1486	0	2	1	431	26	20.0338231401	32.3370733904	34.9416681455	12
1486	0	2	2	1776	111	20.0338231401	32.2509974259	34.855592181	5.055
1487	0	2	1	82	5	22.5857876718	33.8468462073	36.7832215411	8.189
1487	0	2	2	1422	88	22.5857876718	31.4648793982	34.401254732	6.819
1488	0	2	1	430	26	16.4915919553	29.3418641865	31.4859339234	11.244
1488	0	2	2	1776	111	16.4915919553	28.2264409175	30.3705106544	9.968
1489	0	2	1	432	27	18.7722833739	33.4187635623	35.8593456956	6.819
1489	0	2	2	1777	111	18.7722833739	32.8105018366	35.2510839699	8.126
1490	0	2	1	1255	78	18.7272670904	28.5469670249	30.9816965969	6.897
1490	0	2	2	2602	162	18.7272670904	23.2918553714	25.7265849434	5.213
1491	0	2	1	1218	76	18.59705	31.3331700161	33.7509700811	6.189
1491	0	2	2	2567	160	18.59705	29.9281364761	32.3459365411	11.591
1492	0	2	1	529	33	19.3338821743	27.5565130054	30.0701085261	12.913
1492	0	2	2	1878	117	19.3338821743	27.679338471	30.1929339916	7.638
1493	0	2	1	485	30	21.2433266137	27.7421209544	30.5039630997	12.346
1493	0	2	2	1830	114	21.2433266137	28.1881251765	30.9499673218	11.244
1494	0	2	1	1220	76	17.4135289935	32.9380107713	35.2019414233	14.189
1494	0	2	2	2571	160	17.4135289935	31.2721665432	33.5360971952	5.15
1495	0	2	1	443	27	15.6433397499	31.668347494	33.7021360714	4.393
1495	0	2	2	1790	111	15.6433397499	29.9192308342	31.9530194117	8.063
1496	0	2	1	215	13	24.7329919606	32.3499278033	35.565460889	5.275
1496	0	2	2	1558	97	24.7329919606	31.1676983866	34.3832314723	6.74
1497	0	2	1	439	27	24.8860206618	24.0207538342	27.2561821615	9.008
1497	0	2	2	1784	111	24.8860206618	24.4134015059	27.6488298332	9.165
1498	0	2	1	1104	69	20.8019743164	31.1826217585	33.8870837487	6.094
1498	0	2	2	2452	153	20.8019743164	30.492134764	33.1965967542	12.41
1499	0	2	1	431	26	22.6098747063	27.3205230793	30.2600299653	6.536
1499	0	2	2	1777	111	22.6098747063	29.0553955066	31.9949023926	10.346
1500	0	2	1	444	27	15.208188885	28.8374684581	30.8146831279	6.189
1500	0	2	2	1790	111	15.208188885	28.9158312745	30.8930459443	6.567
1501	0	2	1	267	16	24.1555342682	30.8237656317	33.9642235174	7.685
1501	0	2	2	1611	100	24.1555342682	30.5250588661	33.6655167518	5.338
1502	0	2	1	432	27	16.7587715657	30.5521449136	32.7309506371	6.598
1502	0	2	2	1775	110	16.7587715657	30.9016376898	33.0804434134	14.315
1503	0	2	1	491	30	22.6966793137	31.878448898	34.8292412398	17.496
1503	0	2	2	1835	114	22.6966793137	30.5886813923	33.5394737341	14.425
1504	0	2	1	452	28	20.4928524966	28.1586083377	30.8228814401	13.874
1504	0	2	2	1798	112	20.4928524966	30.2159751008	32.8802482032	6.74
1505	0	2	1	438	27	17.8049163162	30.258543755	32.5733586222	11.937
1505	0	2	2	1784	111	17.8049163162	30.0420292688	32.3568441361	8.693
1506	0	2	1	920	57	22.367387881	27.6488626382	30.5568438434	18.567
1506	0	2	2	2263	141	22.367387881	28.8828690181	31.7908502233	7.653
1507	0	2	1	370	23	24.9359085769	32.0717870925	35.3137013412	5.905
1507	0	2	2	1716	107	24.9359085769	28.5926314858	31.8345457345	6.425
1508	0	2	1	431	26	17.8186594807	36.2615787847	38.578180399	7.15
1508	0	2	2	1777	111	17.8186594807	33.5906102348	35.9072118491	5.402
1509	0	2	1	431	26	16.4051134368	30.3424067906	32.4752334666	6.598
1509	0	2	2	1779	111	16.4051134368	31.9407983854	34.0736250613	13.843
1510	0	2	1	489	30	24.1243795797	28.6201604205	31.7565678892	12.96
1510	0	2	2	1834	114	24.1243795797	28.6657381934	31.8021456621	13.197
1511	0	2	1	580	36	24.3687853333	26.5507011787	29.7188838078	7.402
1511	0	2	2	1925	120	24.3687853333	28.027224524	31.1954071532	5.118
1512	0	2	1	1004	62	26.457722586	28.6781619184	32.1179270095	20.819
1512	0	2	2	2350	146	26.457722586	29.2355905949	32.6753556861	13.071
1513	0	2	1	879	54	23.9068147878	28.1307714072	31.2388933054	11.748
1513	0	2	2	2222	138	23.9068147878	27.8079601673	30.9160820655	15.386
1514	0	2	1	430	26	16.4296664322	30.4340391124	32.5700579201	7.527
1514	0	2	2	1776	111	16.4296664322	32.0907165283	34.226735336	7.527
1515	0	2	1	1211	75	21.7842491979	30.8093478361	33.6415152566	10.409
1515	0	2	2	2561	160	21.7842491979	31.3355319856	34.1676994061	9.433
1516	0	2	1	442	27	21.9975466644	30.6593439025	33.519242099	4.173
1516	0	2	2	1788	111	21.9975466644	30.9232143877	33.7831125842	14.283
1517	0	2	1	431	26	21.2940780736	32.9129012545	35.6813415905	9.779
1517	0	2	2	1776	111	21.2940780736	31.2382477678	34.0066881038	5.401
1518	0	2	1	553	34	23.642120729	26.9103048358	29.9840138937	4.347
1518	0	2	2	1904	119	23.642120729	24.6768451868	27.7505542447	9.417
1519	0	2	1	520	32	22.9463865218	27.4553726635	30.4386294071	4.961
1519	0	2	2	1866	116	22.9463865218	28.3382423605	31.3214991041	8.346
1520	0	2	1	434	27	18.6344455113	30.5647228992	32.9873847498	5.401
1520	0	2	2	1781	111	18.6344455113	32.5967661907	35.0194280413	10.284
1521	0	2	1	431	26	23.3491628664	31.122437427	34.1580590711	10.063
1521	0	2	2	1777	111	23.3491628664	31.1596990811	34.1953207252	8.693
1522	0	2	1	433	27	21.8210536126	30.6192592619	33.4562116196	4.551
1522	0	2	2	1781	111	21.8210536126	28.1536016326	30.9905539902	17.937
1523	0	2	1	534	33	19.1470454011	32.5521840668	35.0414889627	7.969
1523	0	2	2	1883	117	19.1470454011	29.1406719345	31.6299768305	8.346
1524	0	2	1	918	57	27.2912854266	30.7869125689	34.3350490571	17.087
1524	0	2	2	2263	141	27.2912854266	31.221116256	34.7692527442	4.536
1525	0	2	1	432	27	25.1798535506	28.3438050103	31.6174345135	11.338
1525	0	2	2	1779	111	25.1798535506	27.8838130985	31.1574426017	15.874
1526	0	2	1	440	27	22.4139463801	32.9167296799	35.8307639496	11.78
1526	0	2	2	1787	111	22.4139463801	31.6906012956	34.6046355652	6
1527	0	2	1	513	32	18.3196553322	31.7397252173	34.1214612375	4.992
1527	0	2	2	1859	116	18.3196553322	32.9200281937	35.3017642139	14.771
1528	0	2	1	1081	67	25.1021329816	26.8892675619	30.1527926239	8.252
1528	0	2	2	2427	151	25.1021329816	27.134457804	30.3979828661	13.008
1529	0	2	1	1223	76	17.7822633663	27.3137093626	29.6255791228	10.567
1529	0	2	2	2574	160	17.7822633663	28.7802582702	31.0921280303	13.339
1530	0	2	1	265	16	19.3515171717	29.2855943422	31.8014825866	12.283
1530	0	2	2	1609	100	19.3515171717	29.1044040662	31.6202923106	7.969
1531	0	2	1	430	26	19.8792761008	34.6811494841	37.2656515987	10.095
1531	0	2	2	1776	111	19.8792761008	35.236838281	37.8213403956	10.126
1532	0	2	1	439	27	17.8355371238	25.6590184286	27.977814303	4.157
1532	0	2	2	1785	111	17.8355371238	31.4676688936	33.7864647681	6.929
1533	0	2	1	430	26	17.0517336449	29.2341395513	31.4510332369	13.59
1533	0	2	2	1776	111	17.0517336449	31.075822319	33.2927160046	14.347
1534	0	2	1	415	25	18.9156645333	32.558081337	35.0173044362	10.567
1534	0	2	2	1763	110	18.9156645333	35.9414470916	38.4006701909	9.496
1535	0	2	1	1001	62	23.8578441907	26.0247110927	29.12646633	7.355
1535	0	2	2	2345	146	23.8578441907	26.5884048826	29.6901601199	10.283
1538	0	2	1	1212	75	16.158160277	31.2815911336	33.3823114612	4.378
1538	0	2	2	2562	160	16.158160277	31.0114968983	33.1122172259	13.276
1539	0	2	1	348	21	26.29493284	30.722175146	34.1407759634	6.851
1539	0	2	2	1691	105	26.29493284	28.8419873399	32.2605881573	10.724
1540	0	2	1	1095	68	18.7766058092	31.760404954	34.2015490465	7.716
1540	0	2	2	2444	152	18.7766058092	32.9337222727	35.3748663652	6.788
1541	0	2	1	438	27	19.5137613855	34.2452826601	36.7822642538	8.158
1541	0	2	2	1783	111	19.5137613855	31.2769632804	33.813944874	4.787
1542	0	2	1	896	56	26.2686349191	26.9274505572	30.3426323852	9.906
1542	0	2	2	2238	139	26.2686349191	28.1578507439	31.573032572	6.126
1543	0	2	1	216	13	27.6616107961	31.2218815092	34.8181639509	10.473
1543	0	2	2	1559	97	27.6616107961	34.9643874198	38.5606698614	7.292
1544	0	2	1	1056	66	24.7349748216	31.1038905906	34.3196814677	6.536
1544	0	2	2	2402	150	24.7349748216	27.4508147407	30.6666056179	10.708
1545	0	2	1	438	27	18.844945098	30.7832693926	33.2332982672	10.725
1545	0	2	2	1784	111	18.844945098	29.6549261089	32.1049549835	4.913
1546	0	2	1	561	35	22.9783087595	26.8662082493	29.8536151989	9.213
1546	0	2	2	1910	119	22.9783087595	28.1631168418	31.1505237914	6.567
1547	0	2	1	429	26	17.8566777096	30.1479633554	32.4695077147	17.559
1547	0	2	2	1776	111	17.8566777096	31.2996639614	33.6212083207	10.724
1548	0	2	1	439	27	18.7953673168	31.9062655616	34.3498488353	10.094
1548	0	2	2	1783	111	18.7953673168	32.4161206546	34.8597039283	8.221
1549	0	2	1	434	27	21.5209372973	33.4086832142	36.2066174885	11.229
1549	0	2	2	1781	111	21.5209372973	33.8634662551	36.6614005294	15.748
1550	0	2	1	1223	76	22.1418231474	25.7835183496	28.662173913	13.023
1550	0	2	2	2573	160	22.1418231474	28.3177719566	31.19642752	7.244
1551	0	2	1	485	30	23.9006667017	29.7388274375	32.8461500239	13.779
1551	0	2	2	1830	114	23.9006667017	29.4550527004	32.5623752868	9.464
1552	0	2	1	430	26	15.6915244723	30.0932880117	32.1333410786	13.212
1552	0	2	2	1776	111	15.6915244723	31.3190836829	33.3591367499	11.685
1553	0	2	1	438	27	21.4541577391	34.2717042777	37.0609565503	12.472
1553	0	2	2	1784	111	21.4541577391	32.5558266216	35.3450788942	8.866
1554	0	2	1	430	26	16.0033583245	30.7486033884	32.8291979342	12.551
1554	0	2	2	1776	111	16.0033583245	30.4496970743	32.5302916201	11.134
1555	0	2	1	440	27	19.181955647	29.4197887192	31.9136322917	14.898
1555	0	2	2	1787	111	19.181955647	28.7981235923	31.2919671649	4.583
1557	0	2	1	1003	62	20.2521304921	29.1771589733	31.810135839	7.937
1557	0	2	2	2350	146	20.2521304921	27.4974458919	30.1304227576	4
1558	0	2	1	432	27	19.6010253257	34.6972907613	37.2456175285	4.708
1558	0	2	2	1779	111	19.6010253257	34.8303444775	37.3786712447	4.347
1559	0	2	1	430	26	18.3481317758	29.3102305909	31.6956688297	12
1559	0	2	2	1775	110	18.3481317758	30.5719532966	32.9573915355	15.811
1560	0	2	1	112	7	23.7381774532	23.5656902646	26.6518876448	11.37
1560	0	2	2	1451	90	23.7381774532	28.8608327479	31.9470301281	8.189
1561	0	2	1	994	62	22.076538808	28.6802565332	31.550424488	12.897
1561	0	2	2	2338	146	22.076538808	31.6679777602	34.5381457151	13.937
1562	0	2	1	488	30	20.9152140953	31.1521367315	33.8713210107	16.457
1562	0	2	2	1834	114	20.9152140953	30.5826659161	33.3018501953	13.748
1563	0	2	1	1089	68	22.3682834712	35.0756575813	37.9837552221	5.78
1563	0	2	2	2438	152	22.3682834712	34.3890246011	37.2971222419	5.15
1564	0	2	1	794	49	22.5291506134	29.8163511802	32.7453631374	18.914
1564	0	2	2	2134	133	22.5291506134	25.890142669	28.8191546262	20.662
1565	0	2	1	1224	76	18.71675232	29.3053388837	31.7387014319	8.661
1565	0	2	2	2574	160	18.71675232	30.6322107306	33.0655732787	6.157
1566	0	2	1	519	32	22.5816028041	27.7371446358	30.6729758955	6.519
1566	0	2	2	1866	116	22.5816028041	28.4401102452	31.3759415049	5.134
1567	0	2	1	438	27	19.7198185249	29.2964494904	31.8602205461	11.181
1567	0	2	2	1783	111	19.7198185249	30.7949678489	33.3587389046	6.063
1568	0	2	1	487	30	23.0327257952	30.0646859187	33.0591676201	12.409
1568	0	2	2	1832	114	23.0327257952	29.7296195917	32.7241012931	18.536
1569	0	2	1	1031	64	26.3300689674	23.4496000948	26.8727689555	7.685
1569	0	2	2	2375	148	26.3300689674	36.1006838907	39.5238527514	7.433
1570	0	2	1	1217	76	22.6213678702	27.9492294726	30.8902305834	6.693
1570	0	2	2	2568	160	22.6213678702	27.7412987984	30.6822999092	17.481
1571	0	2	1	439	27	18.6977843512	32.6824033743	35.1132998993	6.977
1571	0	2	2	1783	111	18.6977843512	32.5417253443	34.9726218693	7.811
1572	0	2	1	432	27	21.6384389931	34.2656457466	37.0788564012	5.008
1572	0	2	2	1779	111	21.6384389931	33.0845351043	35.8977457589	10.551
1573	0	2	1	781	48	22.2586972557	30.9791357689	33.87298612	12.63
1573	0	2	2	2120	132	22.2586972557	31.4267843848	34.3206347359	7.685
1574	0	2	1	430	26	23.9549716612	29.9634940311	33.0778767982	8.567
1574	0	2	2	1776	111	23.9549716612	27.8439269709	30.958309738	6.189
1575	0	2	1	489	30	22.8508285919	27.641300797	30.6121340665	17.653
1575	0	2	2	1833	114	22.8508285919	31.1320252653	34.1028585348	8.126
1576	0	2	1	452	28	23.8903689613	29.8241539551	32.9301377335	18.252
1576	0	2	2	1798	112	23.8903689613	29.6684280828	32.7744118613	10.661
1577	0	2	1	350	21	21.8343223968	30.2906023068	33.1292797374	13.401
1577	0	2	2	1694	105	21.8343223968	33.8102070248	36.6488844554	6.567
1578	0	2	1	1255	78	19.3918536335	28.6392256312	31.1603580138	10.347
1578	0	2	2	2599	162	19.3918536335	29.7965048997	32.3176372823	4.299
1579	0	2	1	529	33	17.247357538	25.352474421	27.5948011436	11.811
1579	0	2	2	1879	117	17.247357538	27.3111812182	29.5535079408	9.638
1580	0	2	1	485	30	22.6721338645	26.9776402898	29.9252414809	10.677
1580	0	2	2	1830	114	22.6721338645	28.9493525873	31.8969537785	10.315
1581	0	2	1	440	27	18.8864144033	32.7519105492	35.2073308429	11.874
1581	0	2	2	1787	111	18.8864144033	31.2483433143	33.7037636079	9.023
1582	0	2	1	478	29	25.9616210142	29.1930945215	32.5683615114	7.244
1582	0	2	2	1825	114	25.9616210142	23.9487167493	27.3239837392	5.559
1583	0	2	1	434	27	16.6238938077	34.6265690058	36.7878392894	4.677
1583	0	2	2	1781	111	16.6238938077	31.9603889064	34.12165919	10.63
1584	0	2	1	433	27	16.6915086686	30.328355835	32.498416718	6.063
1584	0	2	2	1781	111	16.6915086686	29.7269082242	31.8969691072	7.717
1585	0	2	1	1213	75	20.9983005152	28.9542513239	31.6842376578	10.031
1585	0	2	2	2562	160	20.9983005152	28.2709985533	31.0009848872	16.866
1586	0	2	1	902	56	27.9785597367	31.8168562492	35.4543451816	10.378
1586	0	2	2	2244	140	27.9785597367	29.260869484	32.8983584164	6.599
1587	0	2	1	274	17	30.0935555014	32.4224576323	36.3349168905	6.221
1587	0	2	2	1618	101	30.0935555014	29.7525085341	33.6649677923	14.221
1588	0	2	1	585	36	21.6645880463	28.8148223514	31.631432641	6.221
1588	0	2	2	1933	120	21.6645880463	27.2360540061	30.0526642958	9.779
1589	0	2	1	1218	76	19.1575423283	25.6462765979	28.136946198	6.283
1589	0	2	2	2561	160	19.1575423283	25.4245634422	27.9152330423	13.701
1589	1	2	1	1220	76	19.1575423283	26.5827112154	29.0733808156	5.591
1589	1	2	2	2571	160	19.1575423283	25.3656774809	27.856347081	13.402
1590	0	2	1	525	32	19.9242332692	29.3102103117	31.9005573018	4.693
1590	0	2	2	1872	117	19.9242332692	31.9387106585	34.5290576487	7.071
1591	0	2	1	439	27	15.9074128777	28.1101411614	30.178261852	8.094
1591	0	2	2	1784	111	15.9074128777	26.8999841244	28.9681048151	5.717
1592	0	2	1	487	30	23.3896906748	30.8611431926	33.9020338518	15.559
1592	0	2	2	1832	114	23.3896906748	31.804968459	34.8458591183	6.22
1593	0	2	1	440	27	19.8812382909	29.6812874739	32.2660446925	6.803
1593	0	2	2	1787	111	19.8812382909	30.8617178785	33.4464750971	12.032
1594	0	2	1	811	50	26.1781499672	25.7484839216	29.1519018127	14.284
1594	0	2	2	2153	134	26.1781499672	25.7339573207	29.1373752118	17.906
1595	0	2	1	438	27	19.2815221274	29.295750888	31.8025390858	14.63
1595	0	2	2	1783	111	19.2815221274	30.4441669484	32.9509551461	6.283
1596	0	2	1	490	30	23.017349436	29.6197000498	32.6121826727	13.086
1596	0	2	2	1835	114	23.017349436	29.0282373679	32.0207199908	7.197
1597	0	2	1	485	30	22.5213496241	30.0479503297	32.9759480813	8.504
1597	0	2	2	1829	114	22.5213496241	31.8142429958	34.7422407474	11.464
1598	0	2	1	1221	76	24.3196328767	29.2388610406	32.4006533652	7.591
1598	0	2	2	2571	160	24.3196328767	29.2263802481	32.3881725727	9.622
1599	0	2	1	438	27	21.5795415583	30.6406753697	33.4462287764	8.283
1599	0	2	2	1784	111	21.5795415583	33.5268642132	36.3324176199	4.535
1600	0	2	1	447	27	17.8105514481	31.0793396395	33.3948871295	5.653
1600	0	2	2	1792	112	17.8105514481	30.3139392772	32.6294867672	14.22
1601	0	2	1	457	28	23.1680504265	29.4578515995	32.4699268387	7.213
1601	0	2	2	1802	112	23.1680504265	29.4879958014	32.5000710406	12.41
1602	0	2	1	433	27	17.6180519586	30.7999655736	33.0904862298	9.843
1602	0	2	2	1781	111	17.6180519586	32.224065216	34.5145858723	7.008
1603	0	2	1	477	29	21.3895615112	31.205621464	33.9864755894	11.937
1603	0	2	2	1825	114	21.3895615112	27.2456611701	30.0265152955	6.441
1604	0	2	1	1256	78	18.546395846	30.2633700241	32.6745845491	9.055
1604	0	2	2	2604	162	18.546395846	28.5587309068	30.9699454318	19.118
1605	0	2	1	438	27	19.6593848645	31.9730615148	34.5289755981	13.496
1605	0	2	2	1783	111	19.6593848645	29.174842778	31.7307568613	15.717
1606	0	2	1	347	21	22.66519345	27.4749249559	30.4216238246	4
1606	0	2	2	1690	105	22.66519345	27.0999586457	30.0466575144	4.189
1607	0	2	1	444	27	19.3171562477	30.7257066503	33.2371276354	7.717
1607	0	2	2	1791	111	19.3171562477	29.2078210555	31.7192420407	11.134
1608	0	2	1	276	17	15.3176831641	31.2441696803	33.2356196871	9.874
1608	0	2	2	1620	101	15.3176831641	31.5854801246	33.5769301315	6.063
1609	0	2	1	439	27	15.9076696363	28.194943621	30.2630976928	11.779
1609	0	2	2	1784	111	15.9076696363	27.2209112299	29.2890653017	4.22
1610	0	2	1	429	26	20.9920686471	34.0347566798	36.7639328093	11.685
1610	0	2	2	1776	111	20.9920686471	33.7084798816	36.4376560111	6.189
1611	0	2	1	438	27	18.6495241487	31.2254635961	33.6500858184	8.252
1611	0	2	2	1783	111	18.6495241487	30.9481773059	33.3727995282	5.086
1612	0	2	1	561	35	27.9926386016	29.4446522562	33.08397158	9.071
1612	0	2	2	1909	119	27.9926386016	28.6589626427	32.2982819666	10.126
1613	0	2	1	1225	76	21.3509352422	31.1466335925	33.9224659217	5.906
1613	0	2	2	2575	160	21.3509352422	29.7888275478	32.564659877	12.063
1614	0	2	1	456	28	23.2558295731	31.4651056926	34.4885930873	6.221
1614	0	2	2	1801	112	23.2558295731	29.7995728519	32.8230602466	13.606
1615	0	2	1	758	47	25.3028414287	24.7055401684	27.9951593097	10.819
1615	0	2	2	2097	131	25.3028414287	31.7752420881	35.0648612293	4.457
1616	0	2	1	454	28	22.1791154252	31.0919877909	33.9754917185	17.874
1616	0	2	2	1800	112	22.1791154252	29.4063770619	32.2898809895	11.622
1617	0	2	1	1064	66	23.0702230327	28.1661213065	31.1654780189	8.409
1617	0	2	2	2412	150	23.0702230327	27.15534521	30.1547019224	11.654
1618	0	2	1	1001	62	20.4924010045	28.0633518893	30.7275662933	13.229
1618	0	2	2	2346	146	20.4924010045	28.6593667181	31.3235811221	7.874
1619	0	2	1	432	27	17.1208277104	32.4089747872	34.6348513833	11.212
1619	0	2	2	1788	111	17.1208277104	32.5948329348	34.8207095309	7.968
1620	0	2	1	433	27	15.7859405978	27.5133094419	29.5656375372	4.646
1620	0	2	2	1781	111	15.7859405978	32.0429441159	34.0952722112	10.708
1621	0	2	1	458	28	23.1025743873	34.9490469124	37.9526096202	10.221
1621	0	2	2	1802	112	23.1025743873	34.731464376	37.7350270838	9.339
1622	0	2	1	1213	75	22.7291981438	28.4299932857	31.3850133964	7.26
1622	0	2	2	2564	160	22.7291981438	30.4975386298	33.4525587405	14.441
1623	0	2	1	1218	76	18.9970565584	26.7828007852	29.2526056511	12
1623	0	2	2	2567	160	18.9970565584	27.7510664249	30.2208712908	12.189
1624	0	2	1	530	33	18.7292141471	27.2848167115	29.7197994202	11.59
1624	0	2	2	1879	117	18.7292141471	27.5894499261	30.0244326348	10.126
1625	0	2	1	1238	77	21.6943129873	29.5794400325	32.3999148578	9.307
1625	0	2	2	2585	161	21.6943129873	29.5278595275	32.3483343528	12.252
1626	0	2	1	932	58	26.8533539142	28.9711369413	32.4623380103	13.213
1626	0	2	2	2274	142	26.8533539142	28.612954744	32.1041558129	4.992
1627	0	2	1	1220	76	22.5662060175	31.477043452	34.4108729775	5.716
1627	0	2	2	2569	160	22.5662060175	28.180583186	31.1144127114	12
1628	0	2	1	478	29	22.9068806992	30.30570814	33.2838287367	15.796
1628	0	2	2	1826	114	22.9068806992	29.7720632206	32.7501838173	7.465
1629	0	2	1	440	27	16.705509166	29.029200263	31.2010813488	6.284
1629	0	2	2	1785	111	16.705509166	29.402673936	31.5745550218	4.488
1631	0	2	1	437	27	16.3433476825	28.9863813868	31.111177905	4.535
1631	0	2	2	1783	111	16.3433476825	29.5258860173	31.6506825355	13.968
1632	0	2	1	376	23	19.3435299815	31.9560875475	34.4709373783	6.882
1632	0	2	2	1721	107	19.3435299815	32.3096861214	34.8245359522	8.126
1633	0	2	1	429	26	17.4368002749	30.9098069048	33.1767630532	11.654
1633	0	2	2	1775	110	17.4368002749	32.8001698389	35.0671259873	13.937
1634	0	2	1	567	35	28.3200180006	31.2702765153	34.9521583925	8.22
1634	0	2	2	1917	119	28.3200180006	35.0781993806	38.7600812577	7.748
1635	0	2	1	438	27	17.1136877025	33.3753791151	35.6003274397	6.063
1635	0	2	2	1784	111	17.1136877025	31.3097476679	33.5346959925	7.622
1636	0	2	1	459	28	22.3612306591	29.4941302127	32.4013109183	7.386
1636	0	2	2	1803	112	22.3612306591	30.7263194583	33.6335001639	7.717
1637	0	2	1	1022	63	24.4031324497	30.3559554188	33.5286035121	8
1637	0	2	2	2370	148	24.4031324497	29.7658811833	32.9385292766	11.716
1638	0	2	1	1217	76	19.4151083997	26.4640940474	28.9882497792	6.346
1638	0	2	2	2566	160	19.4151083997	28.3401905369	30.8643462686	9.937
1639	0	2	1	1245	77	22.3765466171	28.7515918739	31.6607638052	5.055
1639	0	2	2	2597	162	22.3765466171	25.8549049027	28.7640768341	20.441
1640	0	2	1	489	30	20.7031742456	28.1677294896	30.8593464954	16.536
1640	0	2	2	1833	114	20.7031742456	28.1793001278	30.8709171336	9.653
1641	0	2	1	572	35	27.0855311302	28.6165976588	32.1379840575	11.607
1641	0	2	2	1921	120	27.0855311302	28.907706983	32.4290933818	6.126
1642	0	2	1	438	27	17.3707981096	29.2043471872	31.4627224026	8.803
1642	0	2	2	1783	111	17.3707981096	29.8620509273	32.1204261427	13.685
1643	0	2	1	446	27	22.2714288422	30.0907632245	32.9862688075	7.433
1643	0	2	2	1793	112	22.2714288422	31.7366930387	34.6321986217	7.842
1644	0	2	1	136	8	26.5591343345	27.4587354831	30.9116851026	7.181
1644	0	2	2	1478	92	26.5591343345	27.7607523231	31.2137019425	15.968
1645	0	2	1	937	58	22.3275399576	26.2913486018	29.1941491837	18.472
1645	0	2	2	2282	142	22.3275399576	29.6405513157	32.5433518976	9.842
1646	0	2	1	916	57	26.9953155415	32.8346638727	36.3443213545	12.772
1646	0	2	2	2257	141	26.9953155415	33.4959599017	37.0056173835	5.496
1647	0	2	1	432	27	16.5689838868	29.9027840154	32.0569154674	4.63
1647	0	2	2	1779	111	16.5689838868	30.9196820554	33.0738135073	5.118
1648	0	2	1	433	27	20.0515091673	32.4291599475	35.0360540607	7.401
1648	0	2	2	1781	111	20.0515091673	33.0159900429	35.6228841561	7.748
1649	0	2	1	1004	62	23.7697205235	31.2827294832	34.3730277739	11.103
1649	0	2	2	2350	146	23.7697205235	31.8548084595	34.9451067502	6.945
1650	0	2	1	438	27	16.0756803924	30.5195889789	32.6095861074	8.347
1650	0	2	2	1783	111	16.0756803924	29.4825495396	31.5725466681	6.283
1651	0	2	1	444	27	15.9823783648	33.7505773306	35.8284442746	10.882
1651	0	2	2	1791	111	15.9823783648	28.834474342	30.9123412859	16.126
1652	0	2	1	438	27	20.4625290316	31.5141387476	34.1744695002	4.158
1652	0	2	2	1784	111	20.4625290316	31.2547240227	33.9150547753	4.74
1653	0	2	1	378	23	28.2274164119	27.5334528138	31.2032955704	8.126
1653	0	2	2	1723	107	28.2274164119	26.3947135448	30.0645563013	8.504
1654	0	2	1	901	56	27.7338976547	27.6026618275	31.2083422743	13.874
1654	0	2	2	2242	140	27.7338976547	27.9211588956	31.5268393424	6.063
1655	0	2	1	892	55	28.8154697502	29.9448367611	33.6911322561	13.15
1655	0	2	2	2235	139	28.8154697502	29.1046245517	32.8509200467	6.63
1656	0	2	1	486	30	21.1315979172	29.8937164785	32.6410327904	15.354
1656	0	2	2	1830	114	21.1315979172	30.9438337142	33.691150026	8.914
1657	0	2	1	491	30	21.3881558107	27.6666181369	30.4472895074	15.291
1657	0	2	2	1835	114	21.3881558107	28.3987034694	31.1793748399	8.52
1658	0	2	1	377	23	26.429512804	28.6649208503	32.1010183913	8.346
1658	0	2	2	1723	107	26.429512804	26.7129835665	30.1490811076	11.244
1659	0	2	1	1217	76	17.8687614205	28.7335811022	31.0566964632	14.914
1659	0	2	2	2566	160	17.8687614205	29.7714389608	32.0945543218	11.417
1660	0	2	1	438	27	21.0142878438	29.2590889085	31.9911537529	7.685
1660	0	2	2	1783	111	21.0142878438	26.6580862793	29.3901511238	7.969
1661	0	2	1	433	27	17.3510375894	29.017110835	31.2729169877	7.559
1661	0	2	2	1780	111	17.3510375894	29.855361446	32.1111675987	6.393
1662	0	2	1	431	26	18.9869920059	32.7901025279	35.2585989026	8.914
1662	0	2	2	1779	111	18.9869920059	32.4319493733	34.9004457481	6.725
1663	0	2	1	429	26	22.8299943064	28.4510776421	31.4192022489	14.803
1663	0	2	2	1776	111	22.8299943064	29.1437545837	32.1118791905	10.315
1664	0	2	1	432	27	17.3980193549	29.9135555757	32.1754698216	4.945
1664	0	2	2	1779	111	17.3980193549	28.7224840965	30.9843983424	4.473
1665	0	2	1	430	26	18.1232597479	30.6178807048	32.9740833604	13.149
1665	0	2	2	1776	111	18.1232597479	29.0332968383	31.3894994939	15.307
1666	0	2	1	763	47	27.5333139677	22.1874765293	25.7670791169	6.504
1666	0	2	2	2111	131	27.5333139677	23.1473350013	26.7269375889	6.929
1667	0	2	1	879	54	24.8231124584	24.5187741131	27.746023753	18.347
1667	0	2	2	2218	138	24.8231124584	27.1853511801	30.41260082	9.087
1668	0	2	1	490	30	23.506476118	27.2101770972	30.2662510168	14.362
1668	0	2	2	1834	114	23.506476118	27.6230734012	30.6791473208	12.914
1669	0	2	1	439	27	19.5784685611	31.3490406262	33.8944347914	9.338
1669	0	2	2	1784	111	19.5784685611	30.6860397201	33.2314338853	7.465
1670	0	2	1	555	34	18.9688796381	28.0061824973	30.4723240855	7.433
1670	0	2	2	1905	119	18.9688796381	27.5735071606	30.0396487488	4.567
1671	0	2	1	434	27	18.3283580774	32.1208759257	34.5037433886	9.842
1671	0	2	2	1779	111	18.3283580774	32.5963582363	34.9792256992	9.402
1672	0	2	1	438	27	16.7134331405	29.8953213641	32.0682326448	13.78
1672	0	2	2	1788	111	16.7134331405	30.2860112355	32.4589225162	17.087
1673	0	2	1	139	8	21.9174141813	28.5964977685	31.4459779512	8.157
1673	0	2	2	1480	92	21.9174141813	27.8887207673	30.73820095	7.874
1674	0	2	1	444	27	17.3975734237	29.877884432	32.1397407025	9.622
1674	0	2	2	1789	111	17.3975734237	33.4907274605	35.752583731	9.969
1675	0	2	1	1218	76	18.5841107135	26.2421474498	28.6582652798	12.929
1675	0	2	2	2568	160	18.5841107135	26.8110677831	29.2271856131	5.055
1676	0	2	1	430	26	17.4996175615	29.6290014303	31.904124446	11.512
1676	0	2	2	1776	111	17.4996175615	29.2044617273	31.4795847429	4.189
1677	0	2	1	139	8	22.570398011	29.7019414323	32.6363159583	8.756
1677	0	2	2	1480	92	22.570398011	29.3412662865	32.2756408125	13.653
1678	0	2	1	414	25	17.628659144	34.488504786	36.7804044811	7.716
1678	0	2	2	1762	110	17.628659144	31.9645070777	34.2564067728	5.402
1679	0	2	1	431	26	19.6623399641	31.0989716428	33.6552699183	11.748
1679	0	2	2	1779	111	19.6623399641	32.1047836813	34.6610819567	13.843
1680	0	2	1	433	27	18.5990778901	32.5632052928	34.9812690036	9.024
1680	0	2	2	1781	111	18.5990778901	31.1886449008	33.6067086115	6.41
1681	0	2	1	585	36	20.143356099	33.5081037967	36.1269389176	14
1681	0	2	2	1936	121	20.143356099	32.0615993054	34.6804344263	8.284
1682	0	2	1	430	26	20.0117882076	32.9750827781	35.5768127745	22.788
1682	0	2	2	1781	111	20.0117882076	30.5386522719	33.1403822682	9.37
1683	0	2	1	1021	63	24.1091274228	24.3319003618	27.4663248996	18.378
1683	0	2	2	2365	147	24.1091274228	29.941742189	33.0761667268	10.473
1684	0	2	1	920	57	28.2614585224	28.8176654407	32.4919340077	20.598
1684	0	2	2	2263	141	28.2614585224	28.5171537138	32.1914222807	4.598
1685	0	2	1	431	26	18.3074589185	20.0442584289	22.4244087948	5.086
1685	0	2	2	1788	111	18.3074589185	30.2211303845	32.6012807504	11.811
1686	0	2	1	1224	76	21.13890487	25.6680185223	28.4162848102	7.024
1686	0	2	2	2575	160	21.13890487	27.6083527011	30.3566189889	10
1687	0	2	1	1001	62	23.6738347291	26.5327221619	29.6105543528	9.527
1687	0	2	2	2347	146	23.6738347291	26.7037467564	29.7815789474	10.536
1688	0	2	1	492	30	23.9051505867	31.3265108226	34.4344163583	7.874
1688	0	2	2	1837	114	23.9051505867	28.9652994736	32.0732050093	9.968
1689	0	2	1	440	27	15.7510989822	28.8198126617	30.867611003	7.716
1689	0	2	2	1788	111	15.7510989822	29.4189227087	31.46672105	12.536
1690	0	2	1	430	26	18.7515054878	30.765023671	33.202904474	13.008
1690	0	2	2	1776	111	18.7515054878	31.7323961422	34.1702769452	8.126
1691	0	2	1	266	16	25.7688641844	29.2513739026	32.6015806021	5.212
1691	0	2	2	1610	100	25.7688641844	28.7685538544	32.1187605539	5.969
1692	0	2	1	547	34	21.5592180909	25.3421745254	28.1450856808	15.653
1692	0	2	2	1893	118	21.5592180909	32.6647331526	35.467644308	10.787
1693	0	2	1	437	27	21.8201007908	31.0386850206	33.8755135021	8.709
1693	0	2	2	1781	111	21.8201007908	29.0425615036	31.879389985	4.157
1694	0	2	1	932	58	27.4943265837	26.0390321113	29.6135659541	14.094
1694	0	2	2	2274	142	27.4943265837	26.13514478	29.7096786228	8.598
1695	0	2	1	544	34	19.8746177511	32.8480721949	35.4319686779	6.945
1695	0	2	2	1893	118	19.8746177511	32.4156724989	34.9995689819	7.512
1696	0	2	1	553	34	23.4675313713	26.7053133525	29.7563240706	5.213
1696	0	2	2	1904	119	23.4675313713	24.7961706901	27.8471814082	6.031
1697	0	2	1	440	27	18.4601977517	29.8963391389	32.2963470608	18.063
1697	0	2	2	1787	111	18.4601977517	28.5379961359	30.9380040578	17.212
1698	0	2	1	439	27	15.0456369829	30.4902157419	32.4462970599	7.685
1698	0	2	2	1784	111	15.0456369829	29.3212018105	31.2772831286	12.315
1699	0	2	1	1012	63	28.4997616727	30.6579475935	34.3631979222	12
1699	0	2	2	2356	147	28.4997616727	28.7671467963	32.4723971249	6.898
1700	0	2	1	432	27	18.5324745469	33.894447437	36.3038520557	5.023
1700	0	2	2	1781	111	18.5324745469	30.3280046729	32.7374092916	17.181
1701	0	2	1	439	27	21.858735629	31.8716392528	34.7134906445	6.662
1701	0	2	2	1785	111	21.858735629	32.2709502391	35.1128016309	12.488
1702	0	2	1	935	58	26.2500588763	29.1494935178	32.5622602769	14.158
1702	0	2	2	2280	142	26.2500588763	29.705615628	33.1183823872	13.401
1703	0	2	1	429	26	25.1383610578	28.4425585708	31.7107936403	5.197
1703	0	2	2	1775	110	25.1383610578	30.2926919411	33.5609270107	8.662
1704	0	2	1	376	23	25.0180150231	27.7139860026	30.9665748997	8.536
1704	0	2	2	1721	107	25.0180150231	28.3118769466	31.5644658437	15.275
1705	0	2	1	547	34	25.4516259712	23.2725798731	26.5815424735	9.338
1705	0	2	2	1888	118	25.4516259712	25.9850536271	29.2940162275	15.591
1705	1	2	1	545	34	25.4516259712	32.0147564404	35.3237190408	4.346
1705	1	2	2	1894	118	25.4516259712	27.2817673294	30.5907299298	17.622
1706	0	2	1	469	29	21.7202092318	31.7074344316	34.5312760244	10.158
1706	0	2	2	1814	113	21.7202092318	29.9244453197	32.7482869125	12
1707	0	2	1	434	27	25.0316412715	28.0363288258	31.2906892697	8.283
1707	0	2	2	1781	111	25.0316412715	23.2661839777	26.5205444216	4.725
1708	0	2	1	431	26	16.7534379765	32.3083025672	34.4864148715	8.882
1708	0	2	2	1777	111	16.7534379765	30.8156541593	32.9937664636	13.275
1708	1	2	1	430	26	16.7534379765	32.4153336005	34.5934459048	15.276
1708	1	2	2	1776	111	16.7534379765	30.2974314631	32.4755437674	9.842
1709	0	2	1	1103	68	22.1848431188	32.143339658	35.0275882423	14.756
1709	0	2	2	2452	153	22.1848431188	30.6312470643	33.5154956486	17.37
1710	0	2	1	299	18	20.4465820478	27.4559240215	30.1141815088	8.189
1710	0	2	2	1642	102	20.4465820478	24.9495324635	27.6077899508	4.693
1711	0	2	1	489	30	22.1879959422	30.4419242219	33.3265827043	10.693
1711	0	2	2	1834	114	22.1879959422	29.9152149273	32.7998734098	12.095
1712	0	2	1	430	26	16.8743155456	28.8260054746	31.019833056	16.913
1712	0	2	2	1776	111	16.8743155456	29.5111601189	31.7049877003	16.063
1713	0	2	1	454	28	19.4799298726	31.4100169735	33.9426001365	18.819
1713	0	2	2	1800	112	19.4799298726	30.9310288382	33.4636120012	10.315
1714	0	2	1	433	27	22.5866814296	31.740505119	34.6769966501	9.937
1714	0	2	2	1781	111	22.5866814296	31.531081319	34.4675728502	15.717
1715	0	2	1	437	27	18.3865056836	31.8149688636	34.2053960893	8.803
1715	0	2	2	1783	111	18.3865056836	31.0584292154	33.4488564411	9.465
1716	0	2	1	1217	76	22.5153583212	28.590010596	31.5172294191	10.504
1716	0	2	2	2566	160	22.5153583212	28.4453496369	31.37256846	12.567
1717	0	2	1	455	28	21.6938905929	26.7828462209	29.6032661308	10.866
1717	0	2	2	1800	112	21.6938905929	29.554692527	32.3751124369	7.008
1718	0	2	1	460	28	23.7230088899	27.0322128828	30.1164382	5.653
1718	0	2	2	1806	112	23.7230088899	26.1996137291	29.2838390463	7.134
1719	0	2	1	430	26	18.6998701942	32.2328076811	34.6639753863	15.212
1719	0	2	2	1776	111	18.6998701942	30.9480166778	33.3791843829	12.724
1720	0	2	1	486	30	21.4525314067	23.9901801039	26.7792209373	16.599
1720	0	2	2	1830	114	21.4525314067	24.3287944059	27.1178352392	8.094
1721	0	2	1	170	10	23.0661036833	25.3758752979	28.3746964542	15.653
1721	0	2	2	1512	94	23.0661036833	25.6500505219	28.6488716782	15.401
1722	0	2	1	444	27	18.3920346391	30.2650361312	32.6561821756	6
1722	0	2	2	1790	111	18.3920346391	29.7478309003	32.1389769448	10.63
1723	0	2	1	430	26	20.9327424468	30.7547407631	33.476203901	16.803
1723	0	2	2	1776	111	20.9327424468	37.1690967478	39.8905598857	6.598
1724	0	2	1	439	27	16.951447404	30.4606602602	32.6645157445	6.252
1724	0	2	2	1783	111	16.951447404	31.6839950125	33.8878504968	10.599
1725	0	2	1	523	32	18.9673404785	29.42619834	31.8921398222	9.307
1725	0	2	2	1872	117	18.9673404785	28.2092421374	30.6751836196	7.339
1726	0	2	1	1062	66	22.566286526	27.5228573025	30.4566972948	4.221
1726	0	2	2	2408	150	22.566286526	26.7274844492	29.6613244415	8.882
1727	0	2	1	383	23	21.3931435479	32.5749032918	35.3562231173	6.929
1727	0	2	2	1730	108	21.3931435479	32.4101329326	35.1914527581	8.992
1728	0	2	1	431	26	21.3748907353	29.7966946344	32.5756414141	6.063
1728	0	2	2	1777	111	21.3748907353	30.5247549629	33.3037017426	6.126
1729	0	2	1	1033	64	26.1242967659	28.1482727862	31.5446892296	13.905
1729	0	2	2	2378	148	26.1242967659	21.3732435285	24.7696599719	14.409
1730	0	2	1	547	34	20.7298107523	26.1547956825	28.849875697	7.874
1730	0	2	2	1892	118	20.7298107523	31.6422249593	34.3373049738	18.33
1731	0	2	1	1229	76	18.6018209614	28.0666292208	30.4850495579	12.189
1731	0	2	2	2580	161	18.6018209614	27.2877486428	29.7061689799	19.212
1732	0	2	1	582	36	19.7798636222	28.096072013	30.667649524	9.402
1732	0	2	2	1928	120	19.7798636222	28.4176016498	30.9891791609	7.244
1732	1	2	1	581	36	19.7798636222	27.3171223164	29.8886998274	20.504
1732	1	2	2	1929	120	19.7798636222	29.1900863071	31.7616638181	11.906
1733	0	2	1	492	30	20.8088561823	30.1241358504	32.8294925511	5.401
1733	0	2	2	1835	114	20.8088561823	30.9232633697	33.6286200704	6.441
1734	0	2	1	1238	77	21.6655172932	30.4325617063	33.2492928072	6.315
1734	0	2	2	2587	161	21.6655172932	29.730355056	32.5470861569	13.087
1735	0	2	1	301	18	23.5385003342	29.9369788434	32.9972162272	6.866
1735	0	2	2	1643	102	23.5385003342	28.7208062627	31.7810436465	11.717
1736	0	2	1	430	26	24.0632701288	31.4188152328	34.5472778697	14.472
1736	0	2	2	1776	111	24.0632701288	31.3897886501	34.518251287	16.472
1738	0	2	1	439	27	20.3193208289	28.7327405233	31.374452796	4.063
1738	0	2	2	1785	111	20.3193208289	31.0638057336	33.7055180063	5.149
1739	0	2	1	487	30	24.604458679	29.3684477768	32.5672702671	5.811
1739	0	2	2	1832	114	24.604458679	31.4339680301	34.6327905204	4.646
1740	0	2	1	444	27	18.4085844513	29.9243616142	32.3176592976	7.685
1740	0	2	2	1788	111	18.4085844513	22.4761252647	24.8694229481	4.315
1741	0	2	1	444	27	15.5611838655	28.4608806941	30.4839881956	5.166
1741	0	2	2	1791	111	15.5611838655	28.3532034438	30.3763109453	7.339
1742	0	2	1	1245	77	22.6991397287	27.4920298333	30.4431420534	5.228
1742	0	2	2	2597	162	22.6991397287	28.493132091	31.4442443111	18.409
1743	0	2	1	440	27	17.1679692437	30.0924563743	32.324461835	14.284
1743	0	2	2	1789	111	17.1679692437	32.3717933615	34.6037988223	5.906
1744	0	2	1	506	31	22.8052290672	31.2844110591	34.2493159403	10.457
1744	0	2	2	1857	116	22.8052290672	31.3398737578	34.304778639	9.622
1745	0	2	1	440	27	20.4518109628	29.1509099655	31.8098472633	14.063
1745	0	2	2	1785	111	20.4518109628	29.7347594728	32.3936967706	14.52
1746	0	2	1	438	27	19.3033479039	29.7918752369	32.3015010011	11.181
1746	0	2	2	1783	111	19.3033479039	30.8459282064	33.3555539706	11.937
1747	0	2	1	1048	65	22.0695875036	32.3381247929	35.2073890096	8.094
1747	0	2	2	2400	150	22.0695875036	34.5459227155	37.4151869322	5.086
1748	0	2	1	216	13	28.9316547548	29.8495047409	33.6109054333	8.409
1748	0	2	2	1559	97	28.9316547548	33.6589539337	37.4203546261	4.771
1749	0	2	1	488	30	20.9774206929	26.0243901605	28.7516619114	14
1749	0	2	2	1832	114	20.9774206929	26.6764045223	29.4036762731	8.315
1750	0	2	1	1030	64	24.5785318823	33.707837773	36.9032895239	10
1750	0	2	2	2373	148	24.5785318823	37.324519338	40.5199710889	9.874
1751	0	2	1	434	27	20.0668339894	33.8381232209	36.4470097123	4.771
1751	0	2	2	1781	111	20.0668339894	33.2842080943	35.8930945857	4.598
1753	0	2	1	413	25	21.2355657948	30.9784774736	33.7393106358	8.787
1753	0	2	2	1760	110	21.2355657948	31.865403436	34.6262365982	18.221
1754	0	2	1	437	27	17.0005908046	29.4063037042	31.6165483157	5.118
1754	0	2	2	1787	111	17.0005908046	28.4013394414	30.6115840529	9.37
1755	0	2	1	438	27	20.3351909995	30.8038581964	33.447633748	9.559
1755	0	2	2	1784	111	20.3351909995	31.3989085805	34.042684132	12.063
1756	0	2	1	438	27	17.7171834019	29.5375947183	31.8410034407	13.653
1756	0	2	2	1783	111	17.7171834019	30.7076560912	33.0110648136	9.779
1757	0	2	1	1218	76	18.9877699195	32.4350042776	34.9036017888	6.866
1757	0	2	2	2566	160	18.9877699195	31.946901663	34.4154991742	6.504
1758	0	2	1	488	30	22.986505555	28.2477312905	31.2362039045	18.441
1758	0	2	2	1832	114	22.986505555	27.8135503363	30.8020229503	10.945
1759	0	2	1	984	61	25.4129735005	23.107706429	26.4116438267	11.654
1759	0	2	2	2332	145	25.4129735005	29.7967655553	33.100702953	7.181
1760	0	2	1	808	50	25.762137421	31.766487987	35.1158201408	5.811
1760	0	2	2	2151	134	25.762137421	26.63989847	29.9892306238	12.567
1761	0	2	1	431	26	17.7934026136	30.4981786805	32.8114966528	14.598
1761	0	2	2	1777	111	17.7934026136	29.650105807	31.9634237793	15.874
1762	0	2	1	429	26	24.9642099207	27.3734760784	30.6190697812	14.346
1762	0	2	2	1774	110	24.9642099207	26.5809215758	29.8265152785	5.748
1763	0	2	1	434	27	15.6501704417	30.1759503268	32.2106269616	12.189
1763	0	2	2	1781	111	15.6501704417	28.8438815701	30.8785582049	19.276
1764	0	2	1	489	30	19.7344038645	27.4036187311	29.9692860249	15.748
1764	0	2	2	1833	114	19.7344038645	26.2559384052	28.821605699	9.717
1765	0	2	1	441	27	18.1613098911	31.2192354781	33.5803850279	6.472
1765	0	2	2	1788	111	18.1613098911	29.6668623723	32.0280119221	21.275
1766	0	2	1	488	30	21.2037454733	30.9594165148	33.7161127211	6.614
1766	0	2	2	1833	114	21.2037454733	25.1954960343	27.9521922406	7.779
1767	0	2	1	438	27	18.7796138015	28.7474962717	31.1890314329	15.465
1767	0	2	2	1783	111	18.7796138015	30.5797245363	33.0212596976	6.063
1768	0	2	1	1021	63	27.8914626718	20.9496095509	24.5757750052	9.685
1768	0	2	2	2376	148	27.8914626718	28.8806582523	32.5068237066	4.252
1769	0	2	1	997	62	23.2057522053	23.8874845086	26.9044613512	13.465
1769	0	2	2	2342	146	23.2057522053	26.3161232249	29.3331000675	5.622
1770	0	2	1	333	20	20.4709375581	28.7941336535	31.4555575976	8.158
1770	0	2	2	1678	104	20.4709375581	30.8017353961	33.4631593402	8.645
1771	0	2	1	135	8	27.4310058368	25.2045310836	28.7708326043	13.59
1771	0	2	2	1476	92	27.4310058368	26.943636644	30.5099381647	17.197
1772	0	2	1	1236	77	20.7227182669	30.6311030924	33.3252610139	9.134
1772	0	2	2	2584	161	20.7227182669	29.5610336078	32.2551915292	17.213
1773	0	2	1	431	26	19.5336142192	30.1814620853	32.7210247433	10.662
1773	0	2	2	1779	111	19.5336142192	30.8327696408	33.3723322988	14.221
1774	0	2	1	1238	77	20.9879244871	30.3178892583	33.0465266061	5.307
1774	0	2	2	2586	161	20.9879244871	31.0139487324	33.7425860802	10.662
1775	0	2	1	430	26	23.4652241838	32.9239575943	35.9746683552	15.086
1775	0	2	2	1774	110	23.4652241838	32.8937341093	35.9444448703	6.803
1776	0	2	1	431	26	18.0302769231	31.9444293444	34.288543315	7.181
1776	0	2	2	1777	111	18.0302769231	31.2903580922	33.6344720628	10.708
1777	0	2	1	440	27	23.1658738796	28.3831590025	31.3949512691	4.473
1777	0	2	2	1788	111	23.1658738796	30.7116202434	33.7234125101	7.433
1778	0	2	1	297	18	26.2325965321	26.3748707021	29.7853671841	13.496
1778	0	2	2	1641	102	26.2325965321	27.9755096901	31.3860061721	11.402
1779	0	2	1	78	4	29.277831332	26.609295958	30.4157030224	8.772
1779	0	2	2	1418	88	29.277831332	28.0563955434	31.8628026079	16.094
1781	0	2	1	489	30	22.4739976618	31.3414680156	34.2633095447	13.055
1781	0	2	2	1834	114	22.4739976618	29.5788761233	32.5007176524	8.347
1782	0	2	1	1218	76	20.3345100153	28.9718946609	31.6155816778	8.283
1782	0	2	2	2567	160	20.3345100153	29.8144657893	32.4581528062	13.071
1783	0	2	1	987	61	26.6915944815	23.2405765668	26.7107473128	8.157
1783	0	2	2	2331	145	26.6915944815	28.0721841561	31.5423549022	13.401
1784	0	2	1	1237	77	23.8599471574	29.3549553169	32.4569839606	12.693
1784	0	2	2	2587	161	23.8599471574	27.9161384951	31.0181671388	7.905
1785	0	2	1	476	29	23.0643861205	32.8085596937	35.8071575499	13.071
1785	0	2	2	1821	113	23.0643861205	31.5346788023	34.5332766585	11.842
1786	0	2	1	443	27	19.3997921479	30.4983076219	33.0204720897	5.528
1786	0	2	2	1791	111	19.3997921479	29.0828876632	31.605052131	10.315
1787	0	2	1	579	36	21.5767030298	30.7376620314	33.5428464014	7.591
1787	0	2	2	1927	120	21.5767030298	31.0569454364	33.8621298064	9.26
1788	0	2	1	488	30	20.9715689282	29.8527385281	32.5792494919	12.567
1788	0	2	2	1833	114	20.9715689282	30.8262763309	33.5527872946	8.756
1789	0	2	1	569	35	23.7312183318	29.9718750948	33.0571677205	8.645
1789	0	2	2	1918	119	23.7312183318	31.4039442308	34.4892368566	9.906
1790	0	2	1	1097	68	19.9900622695	33.8225327208	36.4214381307	8.709
1790	0	2	2	2444	152	19.9900622695	34.2615031387	36.8604085487	8.346
1791	0	2	1	73	4	24.2710417831	26.9512913075	30.1067663103	9.937
1791	0	2	2	1413	88	24.2710417831	27.9677625254	31.1232375282	8.756
1792	0	2	1	1246	77	21.2920324411	30.9520170554	33.7201914389	5.339
1792	0	2	2	2596	162	21.2920324411	32.370900214	35.1390745976	10.094
1793	0	2	1	422	26	18.8328580883	32.7154224354	35.1638798794	14.347
1793	0	2	2	1771	110	18.8328580883	34.3152083556	36.7636657996	13.622
1794	0	2	1	430	26	21.4509460281	30.9046251953	33.6934599138	12.473
1794	0	2	2	1777	111	21.4509460281	31.676335455	34.4651701735	9.465
1797	0	2	1	438	27	20.9919818182	29.9990139965	32.7281788374	5.307
1797	0	2	2	1784	111	20.9919818182	28.9573186927	31.6864835336	5.433
1798	0	2	1	488	30	21.7986799674	31.853458912	34.687502475	11.071
1798	0	2	2	1832	114	21.7986799674	28.1198989035	30.9539424664	16.661
1799	0	2	1	1230	76	22.3486601341	29.128971397	32.0345178103	12.866
1799	0	2	2	2582	161	22.3486601341	28.4406425444	31.3461889577	12.315
1800	0	2	1	437	27	25.1793335326	31.0236634565	34.2972253521	7.748
1800	0	2	2	1783	111	25.1793335326	27.8056589952	31.0792208909	6.126
1801	0	2	1	1031	64	29.4610573984	19.5175537059	23.3477819675	8.425
1801	0	2	2	2375	148	29.4610573984	30.4338518194	34.264080081	7.402
1803	0	2	1	439	27	18.6784379467	31.1769617414	33.6053430428	11.59
1803	0	2	2	1784	111	18.6784379467	30.2798103132	32.7081916146	4
1804	0	2	1	937	58	24.1604939831	27.9112334702	31.0523361678	19.244
1804	0	2	2	2281	142	24.1604939831	27.5620915806	30.7031942782	5.244
1805	0	2	1	1264	79	20.4347351089	30.6794333455	33.3361506138	7.654
1805	0	2	2	2614	163	20.4347351089	29.422164046	32.0788813143	10.677
1806	0	2	1	139	8	26.3995549524	30.2054440151	33.6376467398	10.645
1806	0	2	2	1481	92	26.3995549524	36.3217903032	39.7539930279	7.181
1807	0	2	1	490	30	24.8904621821	27.5358117779	30.7718175467	9.48
1807	0	2	2	1833	114	24.8904621821	27.0235074269	30.2595131957	13.433
1808	0	2	1	1029	64	20.3380331491	23.5139280922	26.1580731512	6.347
1808	0	2	2	2372	148	20.3380331491	26.0996600229	28.7438050819	9.401
1809	0	2	1	431	26	20.5557520648	30.7948640391	33.4673147062	5.905
1809	0	2	2	1777	111	20.5557520648	25.9403061842	28.6127568513	4.283
1810	0	2	1	439	27	17.0610843288	31.9125659664	34.1306753331	8.63
1810	0	2	2	1784	111	17.0610843288	29.0276719824	31.2457813492	8.031
1811	0	2	1	429	26	15.6365813139	30.9890000331	33.0219099472	12.347
1811	0	2	2	1775	110	15.6365813139	30.3446010405	32.3775109546	8.788
1812	0	2	1	430	26	18.1025870849	30.186061046	32.5395760514	12.095
1812	0	2	2	1777	111	18.1025870849	31.8990092051	34.2525242104	13.59
1813	0	2	1	430	26	18.8292616072	33.7401642158	36.1881540818	15.402
1813	0	2	2	1777	111	18.8292616072	33.879543771	36.327533637	6.22
1814	0	2	1	1217	76	19.9796891772	30.6499799156	33.2475367212	12.961
1814	0	2	2	2566	160	19.9796891772	30.6982935845	33.2958503901	12.441
1815	0	2	1	415	25	15.2919682225	32.5044648393	34.4925716499	11.937
1815	0	2	2	1760	110	15.2919682225	33.052748177	35.0408549877	13.654
1816	0	2	1	437	27	17.1578125052	30.8143802039	33.0450651884	11.937
1816	0	2	2	1783	111	17.1578125052	32.2215951922	34.4522801767	12.536
1817	0	2	1	453	28	19.6497193107	32.7179687387	35.2726262047	6.677
1817	0	2	2	1798	112	19.6497193107	30.7190399174	33.2736973833	4.819
1818	0	2	1	1062	66	25.610419235	28.8720756252	32.2016829173	6.945
1818	0	2	2	2408	150	25.610419235	26.9357206765	30.2653279686	9.842
1819	0	2	1	1248	78	23.0303916845	28.3087064392	31.3028846832	7.307
1819	0	2	2	2597	162	23.0303916845	28.6185118824	31.6126901264	9.527
1820	0	2	1	431	26	16.9819107121	31.6975632304	33.9053792455	5.433
1820	0	2	2	1777	111	16.9819107121	31.8090650401	34.0168810552	4.425
1821	0	2	1	169	10	26.3165517788	31.3732558875	34.7946673802	8.693
1821	0	2	2	1511	94	26.3165517788	29.5803490478	33.0017605406	10.725
1822	0	2	1	444	27	19.6574166658	31.1954190727	33.7510772707	10.787
1822	0	2	2	1791	111	19.6574166658	29.4281913913	31.9838495894	5.748
1823	0	2	1	431	26	19.9286467464	28.3569462014	30.9478669872	10.315
1823	0	2	2	1779	111	19.9286467464	29.4833265051	32.0742472909	11.685
1824	0	2	1	489	30	23.3991555458	28.2153693544	31.2574905403	14.441
1824	0	2	2	1834	114	23.3991555458	28.332829084	31.3749502698	8.567
1825	0	2	1	1217	76	22.2154406842	29.3666753146	32.2549018844	6.897
1825	0	2	2	2566	160	22.2154406842	29.8276570353	32.7158836052	14.158
1826	0	2	1	583	36	21.0037471926	30.1612162053	32.891910661	9.779
1826	0	2	2	1931	120	21.0037471926	30.4732488655	33.2039433212	11.874
1827	0	2	1	1236	77	21.1094294931	28.4954167695	31.2398509675	7.307
1827	0	2	2	2584	161	21.1094294931	30.1239312435	32.8683654414	11.087
1828	0	2	1	438	27	18.00094139	30.5236287295	32.8639287913	12.41
1828	0	2	2	1783	111	18.00094139	30.2479746252	32.5882746869	8.945
1829	0	2	1	438	27	18.0322185868	27.2643502799	29.608716686	4.441
1829	0	2	2	1783	111	18.0322185868	30.9219152783	33.2662816843	5.811
1830	0	2	1	1248	78	18.1039324814	30.5272678863	32.8809578065	7.149
1830	0	2	2	2597	162	18.1039324814	30.4708649586	32.8245548788	9.716
1831	0	2	1	1218	76	20.6361790745	39.4853709674	42.1682779396	7.402
1831	0	2	2	2568	160	20.6361790745	27.954179019	30.6370859912	12.866
1833	0	2	1	1101	68	23.3506801328	34.1171634997	37.1529824034	8.913
1833	0	2	2	2450	153	23.3506801328	34.5238685173	37.559687421	4.315
1835	0	2	1	478	29	26.6865114775	26.7208754078	30.1903853132	10.157
1835	0	2	2	1825	114	26.6865114775	26.305759457	29.7752693623	10.662
1836	0	2	1	430	26	18.6936604589	31.7354462737	34.165806652	11.528
1836	0	2	2	1777	111	18.6936604589	32.1552502297	34.585610608	8.992
1837	0	2	1	1002	62	22.0644634952	26.8052793757	29.6738774207	5.15
1837	0	2	2	2349	146	22.0644634952	28.7734736109	31.6420716559	9.071
1838	0	2	1	438	27	18.9675235953	31.6333853357	34.0993506249	6.158
1838	0	2	2	1783	111	18.9675235953	31.3759100524	33.8418753416	4.473
1839	0	2	1	491	30	21.0011910341	29.1685013378	31.8988634677	16.346
1839	0	2	2	1837	114	21.0011910341	27.4776335121	30.2079956419	8.882
1840	0	2	1	564	35	24.4707728122	34.209573033	37.3910150411	9.055
1840	0	2	2	1913	119	24.4707728122	31.6023513382	34.7837933463	8.693
1841	0	2	1	803	50	26.9004430231	24.3915178767	27.8888409947	9.716
1841	0	2	2	2145	134	26.9004430231	32.2425583616	35.7398814795	6.693
1842	0	2	1	430	26	17.0891438569	30.4740022347	32.6957596171	14.252
1842	0	2	2	1775	110	17.0891438569	32.4375475517	34.6593049341	9.842
1843	0	2	1	1220	76	21.0314559066	28.2403467544	30.9746436164	14.536
1843	0	2	2	2568	160	21.0314559066	28.087805103	30.8221019651	16
1844	0	2	1	1211	75	19.0070248857	31.3114633055	33.7825641524	10.409
1844	0	2	2	2561	160	19.0070248857	31.455739232	33.9268400789	9.654
1845	0	2	1	491	30	23.7578701545	25.3297340915	28.4184917172	11.355
1845	0	2	2	1837	114	23.7578701545	24.9324059668	28.0211635926	12.189
1846	0	2	1	487	30	20.5653592441	27.1582061049	29.8319058001	17.779
1846	0	2	2	1831	114	20.5653592441	28.9659238761	31.6396235713	9.386
1847	0	2	1	440	27	20.8643113471	28.2377491946	30.9503156141	4.819
1847	0	2	2	1787	111	20.8643113471	26.7150759255	29.427642345	4.473
1848	0	2	1	232	14	22.2126080646	28.4986694827	31.3865277841	10.913
1848	0	2	2	1576	98	22.2126080646	30.9426292004	33.8304875017	4.22
1849	0	2	1	934	58	25.8652130426	32.710548844	36.0732818461	14.725
1849	0	2	2	2277	142	25.8652130426	31.5728613516	34.9355943536	10.473
1850	0	3	1	429	26	19.6220288632	28.5887199373	31.1397773718	17.528
1850	0	3	2	1776	111	19.6220288632	28.8277346	31.3787920344	10.929
1851	0	3	1	440	27	17.7864817748	28.2431451098	30.5555633047	9.15
1851	0	3	2	1785	111	17.7864817748	29.179080405	31.4914985999	10.835
1852	0	3	1	430	26	22.9032707237	29.6139670887	32.591618353	12.158
1852	0	3	2	1776	111	22.9032707237	32.1849279444	35.1625792087	5.937
1853	0	3	1	429	26	21.5442278263	34.1002740172	36.9012362902	13.78
1853	0	3	2	1776	111	21.5442278263	34.2060091545	37.0069714275	10.535
1854	0	3	1	1217	76	20.4248800634	32.1244760499	34.779912065	7.15
1854	0	3	2	2571	160	20.4248800634	33.4003711101	36.0558071252	16.283
1855	0	3	1	441	27	24.7777535422	31.8195149771	35.0408675102	4.567
1855	0	3	2	1787	111	24.7777535422	33.7123515586	36.9337040916	10.724
1856	0	3	1	154	9	19.2233551612	34.5325953376	37.0318212556	11.527
1856	0	3	2	1495	93	19.2233551612	38.6596895665	41.1589154845	11.937
1857	0	3	1	438	27	17.1845701118	30.6767221935	32.9108859309	7.496
1857	0	3	2	1783	111	17.1845701118	28.2814091598	30.5155728972	9.811
1858	0	3	1	487	30	22.836324427	30.7338245211	33.702772106	9.527
1858	0	3	2	1832	114	22.836324427	33.7049581264	36.6739057113	8.409
1859	0	3	1	259	16	22.5180386848	29.0489142957	31.9764815925	10.126
1859	0	3	2	1602	100	22.5180386848	31.1218967282	34.049464025	6.724
1860	0	3	1	350	21	22.9971328825	28.2605699716	31.2504242431	11.008
1860	0	3	2	1694	105	22.9971328825	27.4602373654	30.4500916368	11.59
1861	0	3	1	537	33	17.9281449372	27.3938998345	29.7247356388	12.031
1861	0	3	2	1888	118	17.9281449372	25.8799609604	28.2107967647	16
1862	0	3	1	530	33	19.8365011953	26.1642473438	28.7431882984	10.898
1862	0	3	2	1879	117	19.8365011953	27.1682142425	29.7471551971	7.59
1863	0	3	1	429	26	19.432521485	34.4070148298	36.9334344345	10.551
1863	0	3	2	1774	110	19.432521485	33.3980653179	35.9244849226	11.811
1864	0	3	1	209	13	26.5883447443	34.7579162855	38.2146635466	7.685
1864	0	3	2	1552	97	26.5883447443	32.7971366599	36.253883921	6.945
1866	0	3	1	431	26	16.8781942696	31.4602500172	33.6545818711	8.74
1866	0	3	2	1773	110	16.8781942696	28.7493273626	30.9436592164	15.134
1867	0	3	1	1218	76	20.2241224343	30.5509110486	33.1802465903	6.189
1867	0	3	2	2566	160	20.2241224343	30.2352396646	32.8645752063	7.969
1868	0	3	1	1094	68	18.0472039358	34.8333767201	37.1796913694	8.157
1868	0	3	2	2441	152	18.0472039358	28.6831806728	31.0294953221	9.843
1869	0	3	1	235	14	24.6482615621	31.4440490027	34.6485663002	5.843
1869	0	3	2	1578	98	24.6482615621	30.8195597656	34.0240770631	7.779
1870	0	3	1	1055	65	19.9474446859	27.1592540616	29.7526187651	12.567
1870	0	3	2	2389	149	19.9474446859	28.5309325949	31.1242972984	13.748
1871	0	3	1	434	27	17.4108365726	31.5783798819	33.8419604926	9.528
1871	0	3	2	1783	111	17.4108365726	29.4010248851	31.6646054958	4.126
1872	0	3	1	238	14	24.4455675621	29.4665909395	32.6447560162	7.59
1872	0	3	2	1580	98	24.4455675621	23.6876365975	26.8658016742	4
1873	0	3	1	1210	75	24.4909587422	32.0280205234	35.2120869016	5.465
1873	0	3	2	2562	160	24.4909587422	32.7334333938	35.917499772	12.189
1874	0	3	1	430	26	23.9486991097	31.3741299332	34.4876972067	11.654
1874	0	3	2	1777	111	23.9486991097	32.4142753599	35.5278426335	6.724
1875	0	3	1	1062	66	23.5848325083	27.6364892799	30.7027503036	8.441
1875	0	3	2	2410	150	23.5848325083	27.9877732921	31.0540343159	16.189
1876	0	3	1	469	29	21.5224562161	33.4915797668	36.2897115156	11.103
1876	0	3	2	1816	113	21.5224562161	29.3656370193	32.163768768	4.315
1877	0	3	1	1254	78	20.2170401864	28.8500779125	31.4784926921	5.37
1877	0	3	2	2603	162	20.2170401864	27.6180734635	30.2464882431	18.457
1878	0	3	1	432	27	17.0971238443	29.496342021	31.7191368806	4.945
1878	0	3	2	1779	111	17.0971238443	30.2699922897	32.4927871492	5.307
1879	0	3	1	439	27	17.5229910257	33.3653586503	35.643520447	6.85
1879	0	3	2	1784	111	17.5229910257	31.8678243727	34.1459861694	10.834
1880	0	3	1	1218	76	20.9950440695	31.622729222	34.3522921859	5.023
1880	0	3	2	2567	160	20.9950440695	30.959895431	33.6894583949	14.362
1881	0	3	1	433	27	18.913838715	32.559881213	35.0188669379	5.559
1881	0	3	2	1782	111	18.913838715	30.5777070546	33.0366927795	9.023
1882	0	3	1	432	27	27.4568527101	34.3722119401	37.9418738095	7.386
1882	0	3	2	1779	111	27.4568527101	37.4828141684	41.0524760377	9.874
1883	0	3	1	1012	63	21.0421828883	26.9388361524	29.674527628	14.252
1883	0	3	2	2356	147	21.0421828883	27.905846927	30.6415384025	8.063
1884	0	3	1	445	27	17.6750027792	30.6442944999	32.942219325	6.22
1884	0	3	2	1790	111	17.6750027792	28.7450793279	31.043004153	9.874
1885	0	3	1	488	30	24.7837317473	28.4250899183	31.6472196771	15.166
1885	0	3	2	1833	114	24.7837317473	30.9375825504	34.1597123091	9.087
1886	0	3	1	561	35	25.8332641844	27.5724213594	30.9310006946	8.599
1886	0	3	2	1909	119	25.8332641844	25.9491367373	29.3077160724	4.977
1887	0	3	1	242	15	28.1495941112	32.7988601418	36.4585852311	6.724
1887	0	3	2	1582	98	28.1495941112	31.4941018631	35.1538269524	10.315
1887	1	3	1	241	15	28.1495941112	35.2746017985	38.9343268878	10.031
1887	1	3	2	1581	98	28.1495941112	32.8606594012	36.5203844905	11.134
1888	0	3	1	794	49	23.8359562801	29.3682929403	32.4672025332	8.977
1888	0	3	2	2134	133	23.8359562801	31.5213389968	34.6202485896	6.961
1889	0	3	1	1237	77	21.4955703191	28.482722102	31.2773584187	4.897
1889	0	3	2	2585	161	21.4955703191	28.7823316399	31.5769679566	10.803
1890	0	3	1	224	14	26.3566705291	29.7269917777	33.153619104	7.716
1890	0	3	2	1566	97	26.3566705291	31.1545654621	34.5811927884	5.212
1891	0	3	1	429	26	19.7779582876	31.9354931812	34.5068229799	4.771
1891	0	3	2	1773	110	19.7779582876	30.4073408687	32.9786706674	16.441
1892	0	3	1	486	30	23.973793503	27.2419841083	30.3588139007	10.598
1892	0	3	2	1830	114	23.973793503	27.570053596	30.6868833884	4.362
1893	0	3	1	430	26	18.4270941808	30.8081585208	33.2038626517	11.134
1893	0	3	2	1776	111	18.4270941808	29.9007247455	32.2964288765	13.937
1894	0	3	1	414	25	15.3489120411	31.407184484	33.4026945531	10.157
1894	0	3	2	1763	110	15.3489120411	33.0746447741	35.0701548432	16.378
1895	0	3	1	456	28	20.7454181755	31.7249117136	34.4220208472	6.094
1895	0	3	2	1802	112	20.7454181755	30.7725586593	33.4696677929	13.229
1896	0	3	1	216	13	24.4762100386	31.4999644817	34.6821133829	10.378
1896	0	3	2	1560	97	24.4762100386	32.2842322343	35.4663811354	13.291
1897	0	3	1	430	26	17.4288981546	33.2400923629	35.5060211576	12.708
1897	0	3	2	1775	110	17.4288981546	35.0699495082	37.3358783029	13.401
1898	0	3	1	1214	75	20.7803459887	30.7861633786	33.4878134727	10
1898	0	3	2	2564	160	20.7803459887	32.8882115658	35.5898616599	7.528
1899	0	3	1	485	30	20.2799570851	29.5545637551	32.1911583525	13.118
1899	0	3	2	1829	114	20.2799570851	30.6934700832	33.3300646807	11.906
1900	0	3	1	429	26	21.0910506582	27.1169092008	29.8589539688	6.189
1900	0	3	2	1776	111	21.0910506582	29.4951940781	32.2372388461	5.937
1901	0	3	1	452	28	23.9094609143	32.3246367853	35.4331027061	15.559
1901	0	3	2	1798	112	23.9094609143	29.3020465995	32.4105125203	7.527
1902	0	3	1	1255	78	21.4340004309	27.4661621179	30.2527937415	6.882
1902	0	3	2	2604	162	21.4340004309	25.7602459452	28.5468775688	13.339
1903	0	3	1	485	30	23.9280272116	30.86947186	33.9803515827	11.228
1903	0	3	2	1830	114	23.9280272116	28.4509744678	31.5618541905	13.874
1904	0	3	1	491	30	21.6430183785	27.8959028435	30.7097088634	14.724
1904	0	3	2	1837	114	21.6430183785	26.7020062001	29.5158122201	9.717
1905	0	3	1	456	28	24.2067758009	29.5997573177	32.7468771085	7.969
1905	0	3	2	1802	112	24.2067758009	27.2814992203	30.4286190111	5.937
1906	0	3	1	489	30	24.0492654846	29.4685514782	32.5951933732	13.071
1906	0	3	2	1833	114	24.0492654846	30.0298463299	33.1564882249	15.717
1907	0	3	1	77	4	25.5259557882	31.9922142419	35.3108404522	7.842
1907	0	3	2	1417	88	25.5259557882	31.363578886	34.6822050963	10
1908	0	3	1	431	26	22.5745655847	32.7982118373	35.733128189	5.338
1908	0	3	2	1779	111	22.5745655847	32.2277005431	35.1626168948	11.716
1909	0	3	1	431	26	22.6315525255	29.9889569998	32.9312822163	7.339
1909	0	3	2	1777	111	22.6315525255	30.3837224673	33.3260476838	7.212
1910	0	3	1	1218	76	20.3757765816	27.6253214759	30.2743735537	12.724
1910	0	3	2	2567	160	20.3757765816	26.1759893811	28.8250414589	12.441
1911	0	3	1	429	26	18.9811854918	30.7455350715	33.2132765421	10.267
1911	0	3	2	1776	111	18.9811854918	31.850622906	34.3183643766	8.189
1912	0	3	1	439	27	17.5371676698	29.6917995877	31.9718044881	11.591
1912	0	3	2	1787	111	17.5371676698	29.0514801419	31.3314850422	4.347
1913	0	3	1	430	26	17.8421838976	26.8796114573	29.1992714779	16.189
1913	0	3	2	1777	111	17.8421838976	32.8166996333	35.136359654	9.685
1914	0	3	1	485	30	22.387063521	27.3913929343	30.301932167	14.63
1914	0	3	2	1829	114	22.387063521	30.3668287221	33.2773679547	13.402
1915	0	3	1	240	15	25.4144890553	30.2663997339	33.5705341686	8.252
1915	0	3	2	1581	98	25.4144890553	32.7178234664	36.0219579012	8.63
1916	0	3	1	296	18	27.9450362657	32.6838692649	36.3169998151	5.591
1916	0	3	2	1637	102	27.9450362657	31.3027716907	34.9359022409	7.968
1917	0	3	1	431	26	18.853107045	31.5245299097	33.975619918	12.85
1917	0	3	2	1779	111	18.853107045	29.4467678266	31.8978578349	15.842
1918	0	3	1	431	26	21.0766862816	33.2504672313	35.9906444886	7.433
1918	0	3	2	1777	111	21.0766862816	32.1324583048	34.872635562	5.717
1919	0	3	1	439	27	18.9429011494	29.7335221625	32.1962862908	7.118
1919	0	3	2	1784	111	18.9429011494	28.6003854752	31.0631496034	6.504
1920	0	3	1	477	29	24.5746995368	24.7965779894	27.9915314975	13.906
1920	0	3	2	1825	114	24.5746995368	22.5008776951	25.6958312032	8.095
1921	0	3	1	439	27	21.3412333689	29.4155578465	32.1901288364	17.937
1921	0	3	2	1785	111	21.3412333689	29.9381948138	32.7127658037	9.37
1922	0	3	1	437	27	15.5131608893	28.4367418107	30.4536058513	6.378
1922	0	3	2	1782	111	15.5131608893	29.8981572915	31.9150213321	7.307
1923	0	3	1	380	23	21.4827662547	31.3620541461	34.1550258081	4.96
1923	0	3	2	1727	107	21.4827662547	30.9334924527	33.7264641147	4.063
1924	0	3	1	594	37	26.9396015667	19.9565743336	23.4589884487	11.717
1924	0	3	2	1944	121	26.9396015667	21.9010424691	25.4034565843	13.622
1925	0	3	1	455	28	20.2948013698	31.5083729107	34.1468974117	6.283
1925	0	3	2	1801	112	20.2948013698	32.6178449691	35.25636947	5.969
1926	0	3	1	1220	76	18.1360080352	31.76954211	34.1274021688	10.599
1926	0	3	2	2569	160	18.1360080352	32.2398305404	34.5976905992	10.693
1927	0	3	1	1227	76	20.331760107	28.6346506399	31.2779801415	11.685
1927	0	3	2	2579	161	20.331760107	28.2543201089	30.8976496106	8.126
1928	0	3	1	1022	63	26.7377444789	26.5100592969	29.9862299981	11.307
1928	0	3	2	2368	148	26.7377444789	25.7554138482	29.2315845494	15.968
1929	0	3	1	417	26	17.1913394572	34.2119412915	36.4469851107	11.433
1929	0	3	2	1772	110	17.1913394572	28.656645764	30.8916895831	9.307
1930	0	3	1	439	27	20.8876718397	30.2737241815	32.9893276956	6.882
1930	0	3	2	1784	111	20.8876718397	31.3146889792	34.0302924934	9.716
1931	0	3	1	431	26	16.9700896439	33.3286926964	35.5349718559	12.032
1931	0	3	2	1779	111	16.9700896439	31.3893869572	33.5956661168	4.441
1932	0	3	1	212	13	23.5436901544	32.6053843777	35.6662964893	6
1932	0	3	2	1555	97	23.5436901544	30.617916893	33.6788290046	5.244
1933	0	3	1	491	30	23.9104846246	27.5970848316	30.7056838449	14.315
1933	0	3	2	1835	114	23.9104846246	26.1090177413	29.2176167546	10.662
1934	0	3	1	439	27	20.8285088715	31.1026663157	33.81057806	15.181
1934	0	3	2	1785	111	20.8285088715	31.7047369607	34.4126487049	12.063
1935	0	3	1	582	36	21.3716212611	32.7725479165	35.5510696323	12.441
1935	0	3	2	1929	120	21.3716212611	31.5503969956	34.3289187114	9.181
1936	0	3	1	415	25	17.7894810022	4.66433923978	6.97714736385	7.779
1936	0	3	2	1775	110	17.7894810022	5.96960804684	8.2824161709	5.969
1937	0	3	1	1220	76	17.7502021878	30.9736338971	33.2813353876	14.63
1937	0	3	2	2566	160	17.7502021878	30.23961727	32.5473187605	7.969
1938	0	3	1	438	27	17.5570805767	31.2245825545	33.5071763294	13.874
1938	0	3	2	1783	111	17.5570805767	31.5631104279	33.8457042027	5.653
1939	0	3	1	433	27	18.4931253398	29.9585210119	32.3628098452	5.307
1939	0	3	2	1781	111	18.4931253398	30.017246492	32.4215353254	11.654
1940	0	3	1	429	26	21.0596899679	28.144270291	30.8822378597	9.685
1940	0	3	2	1776	111	21.0596899679	28.1098853125	30.8478528812	11.716
1941	0	3	1	440	27	17.5490103448	29.4974796493	31.7790242143	4.598
1941	0	3	2	1788	111	17.5490103448	33.1144281514	35.3959727164	5.559
1942	0	3	1	414	25	25.5640751178	30.5072397372	33.8308218366	5.024
1942	0	3	2	1760	110	25.5640751178	29.3663309425	32.6899130419	7.339
1943	0	3	1	432	27	21.8001205423	34.8509414611	37.685172313	10.032
1943	0	3	2	1779	111	21.8001205423	33.8717265665	36.7059574184	11.842
1944	0	3	1	810	50	24.4179218701	24.6919456032	27.8665164671	18.945
1944	0	3	2	2151	134	24.4179218701	26.5007044374	29.6752753013	13.024
1945	0	3	1	430	26	19.4347064882	31.925659967	34.4523636437	9.103
1945	0	3	2	1776	111	19.4347064882	34.1543067607	36.6810104373	10.756
1946	0	3	1	141	8	25.5630891045	24.1785902353	27.5020441433	17.402
1946	0	3	2	1482	92	25.5630891045	24.1387453196	27.4621992276	20.189
1947	0	3	1	438	27	15.9504605345	31.5365749562	33.6102922671	11.039
1947	0	3	2	1787	111	15.9504605345	32.4876566991	34.56137401	10.063
1948	0	3	1	433	27	19.7496141047	33.9730110356	36.5406558108	6.63
1948	0	3	2	1781	111	19.7496141047	32.3658373983	34.9334821735	5.212
1949	0	3	1	433	27	22.392931568	27.4468181165	30.3581202532	7.496
1949	0	3	2	1780	111	22.392931568	29.2780234231	32.1893255598	7.433
1950	0	3	1	1233	77	21.1566556053	28.6981865356	31.4487605942	5.449
1950	0	3	2	2582	161	21.1566556053	29.5185629593	32.269137018	15.039
1952	0	3	1	310	19	26.9017691048	26.3764816399	29.8739771615	11.685
1952	0	3	2	1655	103	26.9017691048	24.5905265765	28.0880220981	6.157
1953	0	3	1	491	30	21.4501019167	28.1472339284	30.9359589041	11.37
1953	0	3	2	1835	114	21.4501019167	32.8713285659	35.6600535416	7.874
1954	0	3	1	103	6	24.9962623383	21.709922045	24.9596828783	20.472
1954	0	3	2	1446	90	24.9962623383	27.6105206162	30.8602814496	11.401
1955	0	3	1	486	30	21.5342780832	29.6759164522	32.4755851604	11.874
1955	0	3	2	1831	114	21.5342780832	28.2261363266	31.0258050348	8.378
1956	0	3	1	1223	76	24.6331726803	35.3481762364	38.5507318304	5.307
1956	0	3	2	2573	160	24.6331726803	31.919862479	35.1224180729	7.906
1957	0	3	1	1218	76	21.3331917415	26.5244731282	29.2979986271	8.788
1957	0	3	2	2566	160	21.3331917415	26.7543508369	29.5278763359	12.032
1958	0	3	1	434	27	21.3734998508	31.3429079357	34.1216738867	6.126
1958	0	3	2	1784	111	21.3734998508	30.5490242237	33.3277901747	5.969
1959	0	3	1	438	27	20.319391298	30.3051460101	32.9468674445	6.834
1959	0	3	2	1784	111	20.319391298	30.1671282109	32.8088496453	8.032
1960	0	3	1	485	30	24.5271069499	30.9230125961	34.1117785981	10.599
1960	0	3	2	1830	114	24.5271069499	28.8735496739	32.0623156759	11.748
1961	0	3	1	438	27	25.37895555	30.9885870479	34.2881017763	5.212
1961	0	3	2	1783	111	25.37895555	28.820775119	32.1202898473	15.685
1962	0	3	1	488	30	21.2447335673	29.5300341282	32.2920591914	14.283
1962	0	3	2	1832	114	21.2447335673	29.5901384431	32.3521635063	11.969
1963	0	3	1	431	26	17.2303553281	28.1926210622	30.4327373297	13.717
1963	0	3	2	1779	111	17.2303553281	29.1653377472	31.4054540147	13.969
1964	0	3	1	428	26	16.0910978637	30.1923269881	32.28432854	17.843
1964	0	3	2	1773	110	16.0910978637	31.9028901961	33.994891748	17.906
1965	0	3	1	433	27	17.6062523762	31.2526582995	33.5416448936	4.189
1965	0	3	2	1781	111	17.6062523762	31.9229018379	34.211888432	5.685
1966	0	3	1	429	26	15.8230239773	27.9169557193	29.9741050199	18.189
1966	0	3	2	1776	111	15.8230239773	29.8889909926	31.9461402932	16.851
1967	0	3	1	415	25	18.1020836866	33.7636176398	36.1170671985	5.654
1967	0	3	2	1762	110	18.1020836866	32.8104167592	35.1638663178	12.725
1968	0	3	1	547	34	18.374893135	26.7943627364	29.1832802161	12.221
1968	0	3	2	1893	118	18.374893135	35.3011851435	37.6901026232	8.409
1969	0	3	1	1002	62	27.1454403611	29.3265347569	32.855709947	10.441
1969	0	3	2	2349	146	27.1454403611	30.174289535	33.7034647251	14.157
1970	0	3	1	430	26	16.1586402167	28.934161282	31.0349440065	12.63
1970	0	3	2	1775	110	16.1586402167	32.8836871287	34.9844698532	7.968
1971	0	3	1	439	27	18.0790858272	31.254473485	33.6049330949	8.22
1971	0	3	2	1784	111	18.0790858272	30.2078599259	32.5583195358	7.78
1972	0	3	1	1236	77	20.4402664984	30.23813538	32.8955717836	6.851
1972	0	3	2	2584	161	20.4402664984	30.1805460002	32.8379824037	15.355
1973	0	3	1	429	26	18.1024404904	29.8244942563	32.1779902029	17.244
1973	0	3	2	1776	111	18.1024404904	30.0756919956	32.4291879422	11.937
1974	0	3	1	431	26	20.1604366694	29.7256494776	32.3467052413	12.157
1974	0	3	2	1780	111	20.1604366694	30.5572092914	33.1782650551	9.559
1975	0	3	1	489	30	24.2376830113	27.4036860154	30.5548240486	13.685
1975	0	3	2	1833	114	24.2376830113	31.0179560572	34.1690940905	10.095
1976	0	3	1	433	27	15.7979894737	30.4201273582	32.4740219263	6.992
1976	0	3	2	1781	111	15.7979894737	33.2539052159	35.3077997839	6.252
1977	0	3	1	374	23	26.8553954302	28.803746486	32.2952129722	6.866
1977	0	3	2	1719	107	26.8553954302	31.227113392	34.7185798782	15.402
1978	0	3	1	474	29	22.8106627441	28.5389557398	31.5045670527	13.669
1978	0	3	2	1819	113	22.8106627441	28.0118527556	30.9774640685	8.126
1979	0	3	1	430	26	16.5989507023	30.8782412094	33.0362686431	15.071
1979	0	3	2	1777	111	16.5989507023	29.8407753359	31.9988027697	6.535
1980	0	3	1	491	30	20.4469055436	31.2244311627	33.8827307076	13.402
1980	0	3	2	1835	114	20.4469055436	28.640121504	31.2984210489	14.929
1981	0	3	1	444	27	16.8773479292	27.9154333035	30.1096551248	11.968
1981	0	3	2	1790	111	16.8773479292	27.2002749783	29.3944967995	7.37
1982	0	3	1	82	5	28.9884158579	31.0788551934	34.8476353895	7.433
1982	0	3	2	1422	88	28.9884158579	27.0725634383	30.8413436344	5.323
1983	0	3	1	440	27	18.7921131716	30.0193981198	32.4625583225	8.819
1983	0	3	2	1787	111	18.7921131716	29.4208830542	31.8640432569	18.441
1984	0	3	1	440	27	17.1637318791	31.324119824	33.5555743855	9.78
1984	0	3	2	1788	111	17.1637318791	32.4442919406	34.6757465021	6.693
1985	0	3	1	439	27	17.0470773455	29.0945608052	31.3108491259	8.315
1985	0	3	2	1784	111	17.0470773455	30.9749417973	33.191230118	8.504
1986	0	3	1	440	27	17.9052916588	31.3055453513	33.6334100038	11.937
1986	0	3	2	1785	111	17.9052916588	33.7056086503	36.0334733028	13.685
1987	0	3	1	1031	64	21.468540099	25.6919814287	28.4831035501	7.748
1987	0	3	2	2375	148	21.468540099	38.705692657	41.4968147784	10.504
1988	0	3	1	440	27	15.7197038693	28.725938646	30.7696553128	5.512
1988	0	3	2	1784	111	15.7197038693	29.5178088018	31.5615254685	8.819
1989	0	3	1	1210	75	18.8004536617	27.9811511356	30.4253956844	11.433
1989	0	3	2	2572	160	18.8004536617	34.5118923091	36.9561368579	7.024
1990	0	3	1	1251	78	19.4899886899	26.7904811693	29.3243720779	7.37
1990	0	3	2	2600	162	19.4899886899	27.5738863559	30.1077772645	21.307
1991	0	3	1	1237	77	20.1621333476	31.289798628	33.9110749765	7.575
1991	0	3	2	2587	161	20.1621333476	30.8783085693	33.4995849179	14.252
1992	0	3	1	519	32	24.0714409858	28.4909633592	31.6204882881	11.292
1992	0	3	2	1866	116	24.0714409858	26.4060769175	29.5356018465	7.04
1993	0	3	1	1217	76	18.6887267617	30.2582427229	32.6879616718	14.914
1993	0	3	2	2566	160	18.6887267617	31.1228757729	33.5525947219	10.756
1994	0	3	1	438	27	18.7719316476	29.4331155154	31.8736519208	4.252
1994	0	3	2	1779	111	18.7719316476	30.3171129431	32.7576493485	9.465
1995	0	3	1	486	30	21.20751745	26.587586001	29.3447726016	15.905
1995	0	3	2	1830	114	21.20751745	28.0488262922	30.8060128927	9.59
1996	0	3	1	1217	76	21.761202543	32.2540757732	35.0832469011	14.504
1996	0	3	2	2566	160	21.761202543	31.2511899066	34.0803610345	14.819
1997	0	3	1	432	27	18.3540604723	32.587237079	34.973446107	8.567
1997	0	3	2	1779	111	18.3540604723	29.7023764338	32.0885854617	5.905
1998	0	3	1	470	29	20.9590203394	30.8980815552	33.6229610785	9.37
1998	0	3	2	1817	113	20.9590203394	28.1452566848	30.8701362081	16.504
1999	0	3	1	441	27	18.0424848726	30.5907212408	32.9364223653	8.756
1999	0	3	2	1788	111	18.0424848726	30.6655442202	33.0112453447	4.095
2000	0	3	1	487	30	23.1364320237	29.9493158693	32.957280404	13.685
2000	0	3	2	1832	114	23.1364320237	29.9653120363	32.9732765711	10.347
2002	0	3	1	130	8	23.3925200667	29.0000502281	32.0413087362	13.748
2002	0	3	2	1470	91	23.3925200667	30.5793967055	33.6206552136	9.969
2003	0	3	1	272	17	23.7920416978	29.0582325131	32.1514327767	5.055
2003	0	3	2	1614	100	23.7920416978	26.9533531476	30.0465534113	4.898
2004	0	3	1	1098	68	25.358660247	30.0766027728	33.3734789114	6.803
2004	0	3	2	2445	152	25.358660247	30.2412297296	33.5381058683	5.433
2005	0	3	1	444	27	17.5379531612	30.250195897	32.530302919	7.402
2005	0	3	2	1791	111	17.5379531612	31.6146644986	33.8947715206	9.622
2006	0	3	1	1213	75	23.0702933447	30.8093636139	33.8087294676	11.401
2006	0	3	2	2562	160	23.0702933447	32.1531894607	35.1525553144	14.866
2007	0	3	1	522	32	22.8556014705	29.0282920896	31.9997458805	8.032
2007	0	3	2	1869	116	22.8556014705	28.7233408673	31.6947946582	14.772
2008	0	3	1	259	16	20.11591913	28.6975052828	31.3127733269	12.519
2008	0	3	2	1602	100	20.11591913	29.8386732427	32.4539412869	11.905
2009	0	3	1	1057	66	23.6323884899	27.55837486	30.6308186308	10.771
2009	0	3	2	2404	150	23.6323884899	25.5046806512	28.577124422	13.292
2010	0	3	1	430	26	20.633080331	34.3673905457	37.0498946507	12.96
2010	0	3	2	1776	111	20.633080331	35.2054246744	37.8879287794	9.213
2011	0	3	1	1067	66	26.6216946877	28.1293588673	31.5904419502	6.567
2011	0	3	2	2413	150	26.6216946877	28.9709397349	32.4320228178	13.779
2012	0	3	1	437	27	20.4252319897	29.9756532551	32.6311350241	10.567
2012	0	3	2	1782	111	20.4252319897	30.8104466608	33.4659284298	6
2013	0	3	1	440	27	20.4467416917	29.2091733394	31.867451582	7.181
2013	0	3	2	1785	111	20.4467416917	30.6557895245	33.3140677671	4.252
2014	0	3	1	438	27	17.7030709995	31.3976780492	33.69925202	14.409
2014	0	3	2	1783	111	17.7030709995	30.7659428154	33.0675167862	7.276
2015	0	3	1	433	27	18.6105362402	28.2112746507	30.63082806	5.229
2015	0	3	2	1781	111	18.6105362402	28.5286806053	30.9482340147	13.874
2016	0	3	1	907	56	24.1516227798	24.928970678	28.0689200316	13.874
2016	0	3	2	2249	140	24.1516227798	27.1876937689	30.3276431226	12
2017	0	3	1	1220	76	21.3370522892	31.5172232341	34.2912506423	8.252
2017	0	3	2	2569	160	21.3370522892	28.1054242101	30.8794516184	12.693
2018	0	3	1	434	27	16.9676420916	28.9171208554	31.123081809	6.803
2018	0	3	2	1781	111	16.9676420916	31.3840524072	33.5900133608	15.181
2019	0	3	1	432	27	16.1123859802	28.1834484776	30.2782176948	8.567
2019	0	3	2	1779	111	16.1123859802	29.1059743087	31.2007435259	7.008
2020	0	3	1	1229	76	22.2161651596	32.2875213903	35.1758421491	4.945
2020	0	3	2	2581	161	22.2161651596	30.2441033336	33.1324240924	15.134
2021	0	3	1	1062	66	25.766870178	27.2403339793	30.5902814383	13.181
2021	0	3	2	2410	150	25.766870178	25.8235760569	29.1735235159	18.63
2022	0	3	1	1093	68	23.484404988	33.3426430552	36.39584751	6.866
2022	0	3	2	2441	152	23.484404988	33.8375498199	36.8907542748	9.968
2023	0	3	1	838	52	25.7954574244	26.9173575332	30.2710216164	10.032
2023	0	3	2	2167	135	25.7954574244	26.9403012593	30.2939653425	10.504
2023	1	3	1	824	51	25.7954574244	17.4437144433	20.7973785264	9.717
2023	1	3	2	2166	135	25.7954574244	27.0334911301	30.3871552132	11.654
2024	0	3	1	430	26	18.058402909	33.0467945399	35.3945651663	7.244
2024	0	3	2	1779	111	18.058402909	30.6659382999	33.0137089263	6.456
2025	0	3	1	438	27	16.6208341747	28.7217713647	30.8826438659	8.851
2025	0	3	2	1783	111	16.6208341747	32.8824808937	35.0433533949	6.41
2026	0	3	1	376	23	22.7273155367	33.735557476	36.6903328292	4.504
2026	0	3	2	1722	107	22.7273155367	31.6516877204	34.6064630736	10.158
2027	0	3	1	434	27	18.5660150289	31.4350263773	33.8487915897	7.496
2027	0	3	2	1781	111	18.5660150289	33.7412715709	36.1550367833	4.992
2028	0	3	1	430	26	21.5164727088	27.2376037155	30.0349575492	6.441
2028	0	3	2	1776	111	21.5164727088	29.7400889821	32.5374428158	4.378
2029	0	3	1	918	57	27.8814346882	17.7793199851	21.4041817025	20.85
2029	0	3	2	2260	141	27.8814346882	18.0055408114	21.6304025288	11.496
2030	0	3	1	562	35	20.8919715137	29.8752558828	32.5914183969	4.693
2030	0	3	2	1911	119	20.8919715137	28.9294902218	31.645652736	7.212
2031	0	3	1	494	30	24.3400817677	27.276165836	30.4406167183	10.283
2031	0	3	2	1840	115	24.3400817677	29.5607368125	32.7251876948	6.221
2032	0	3	1	430	26	18.4408990457	32.0905197832	34.4880186829	8.818
2032	0	3	2	1776	111	18.4408990457	28.796581003	31.1940799027	15.465
2033	0	3	1	807	50	23.3379135933	25.480949711	28.5151088386	17.717
2033	0	3	2	2151	134	23.3379135933	26.13725789	29.1714170175	4.441
2034	0	3	1	431	26	16.7651141453	34.918851757	37.0984820785	9.874
2034	0	3	2	1777	111	16.7651141453	33.1212630146	35.3008933361	7.023
2035	0	3	1	1012	63	26.4447357338	32.1327137575	35.5707904297	5.717
2035	0	3	2	2356	147	26.4447357338	30.8270281487	34.2651048209	4.189
2037	0	3	1	485	30	21.7064614202	30.6659499301	33.4880041717	15.685
2037	0	3	2	1830	114	21.7064614202	32.7943543235	35.6164085651	6.614
2038	0	3	1	434	27	18.2064831532	32.5181815571	34.8852040769	4.284
2038	0	3	2	1782	111	18.2064831532	31.0216152911	33.3886378109	6.126
2039	0	3	1	438	27	16.3993783574	32.9675010692	35.0995821283	9.622
2039	0	3	2	1783	111	16.3993783574	32.8569075318	34.9889885909	6.441
2040	0	3	1	429	26	18.6004507837	30.2459977666	32.664239967	13.197
2040	0	3	2	1775	110	18.6004507837	31.2400565407	33.6582987411	18.725
2041	0	3	1	1253	78	23.4740211365	29.0440411049	32.0958955565	7.496
2041	0	3	2	2603	162	23.4740211365	29.8416098882	32.8934643399	20.473
2042	0	3	1	430	26	19.346245816	30.4494881044	32.9646910205	15.622
2042	0	3	2	1777	111	19.346245816	29.8372610562	32.3524639724	13.906
2043	0	3	1	238	14	24.1786052829	31.5038370577	34.647294403	7.717
2043	0	3	2	1580	98	24.1786052829	24.2466400919	27.3900974373	5.527
2044	0	3	1	438	27	19.4867097314	31.3290214792	33.8624860908	13.748
2044	0	3	2	1784	111	19.4867097314	30.4233506505	32.9568152621	8.189
2045	0	3	1	1251	78	23.077000495	27.4773296401	30.4775674895	5.213
2045	0	3	2	2600	162	23.077000495	29.1019397514	32.1021776008	7.307
2046	0	3	1	1221	76	20.5934471698	30.7659232572	33.44327466	12.708
2046	0	3	2	2572	160	20.5934471698	30.9442708637	33.6216222665	10.63
2047	0	3	1	431	26	18.3754698127	30.4703793197	32.8593717732	8.693
2047	0	3	2	1777	111	18.3754698127	30.7002636494	33.0892561029	9.811
2048	0	3	1	439	27	18.4334426791	29.1762662646	31.572795763	6.725
2048	0	3	2	1784	111	18.4334426791	28.6529900457	31.0495195441	6.41
2049	0	3	1	997	62	23.5439707087	25.7620231604	28.8229717469	17.779
2049	0	3	2	2343	146	23.5439707087	27.7617162926	30.8226648791	12.252
2051	0	3	1	446	27	21.6275069982	31.1687381096	33.980527497	7.402
2051	0	3	2	1793	112	21.6275069982	30.3851525237	33.196941911	5.512
2052	0	3	1	434	27	18.8062698051	32.5205964335	34.9655971383	6.661
2052	0	3	2	1781	111	18.8062698051	33.8513709594	36.2963716642	9.166
2053	0	3	1	431	26	19.98096353	32.516309909	35.1140323931	8.897
2053	0	3	2	1779	111	19.98096353	33.1383271221	35.7360496062	6.519
2054	0	3	1	414	25	22.1211718267	33.5200845781	36.396055266	4.645
2054	0	3	2	1760	110	22.1211718267	33.334098882	36.2100695699	13.086
2055	0	3	1	529	33	20.2253151875	28.7241674057	31.3536580171	12.41
2055	0	3	2	1878	117	20.2253151875	30.145450118	32.7749407294	7.213
2056	0	3	1	490	30	23.6094673959	30.1067581464	33.1762219487	12.315
2056	0	3	2	1834	114	23.6094673959	30.4267475614	33.4962113637	5.811
2057	0	3	1	252	15	26.4904910492	29.6955309637	33.1395562786	11.779
2057	0	3	2	1594	99	26.4904910492	26.6798266541	30.1238519689	8.252
2058	0	3	1	490	30	20.6267106407	27.1136766468	29.7953526291	13.968
2058	0	3	2	1834	114	20.6267106407	27.7453101515	30.4269861339	12.252
2059	0	3	1	1022	63	27.6864825522	28.886961929	32.4864779444	7.055
2059	0	3	2	2368	148	27.6864825522	22.6058305116	26.205346527	22.158
2060	0	3	1	897	56	30.3553890176	30.5844693171	34.5309695169	7.622
2060	0	3	2	2241	140	30.3553890176	29.9363162686	33.8828164684	9.906
2061	0	3	1	430	26	19.2243533929	32.5324433199	35.0317990179	10.158
2061	0	3	2	1776	111	19.2243533929	30.8451157923	33.3444714902	8.866
2062	0	3	1	429	26	20.6719608668	28.2630890305	30.9506479889	11.166
2062	0	3	2	1775	110	20.6719608668	29.2450820545	31.9326410129	12.473
2063	0	3	1	430	26	18.148106246	32.4431297781	34.8025627238	11.086
2063	0	3	2	1777	111	18.148106246	29.6992436386	32.0586765842	13.559
2064	0	3	1	430	26	17.6652845621	32.6758852527	34.9725466137	8.221
2064	0	3	2	1777	111	17.6652845621	31.3146381063	33.6112994672	10.221
2065	0	3	1	430	26	19.5416325009	32.4768905346	35.0174956484	13.26
2065	0	3	2	1776	111	19.5416325009	33.9093802455	36.4499853592	11.811
2066	0	3	1	434	27	18.6156912771	31.7169792504	34.1372028654	5.323
2066	0	3	2	1781	111	18.6156912771	30.7053167846	33.1255403996	15.622
2067	0	3	1	430	26	21.1859325272	30.024354066	32.7787344135	13.244
2067	0	3	2	1776	111	21.1859325272	35.4958131993	38.2501935468	5.905
2068	0	3	1	429	26	18.2198725838	31.5557190584	33.9244823363	7.905
2068	0	3	2	1777	111	18.2198725838	29.7218744523	32.0906377302	4.977
2069	0	3	1	430	26	23.0906651608	30.2679175431	33.2699319339	16.977
2069	0	3	2	1779	111	23.0906651608	29.2274222997	32.2294366905	5.779
2070	0	3	1	439	27	18.9090319423	31.1750315278	33.6333923247	12.708
2070	0	3	2	1785	111	18.9090319423	30.6280008709	33.0863616678	5.386
2071	0	3	1	434	27	18.4959218954	31.2519927589	33.6566451721	6.031
2071	0	3	2	1781	111	18.4959218954	29.7928992042	32.1975516174	13.811
2072	0	3	1	1217	76	21.7758674343	32.3529172759	35.1839949844	13.905
2072	0	3	2	2566	160	21.7758674343	33.0633447003	35.8944224088	10.346
2073	0	3	1	469	29	17.4542838442	26.2860042628	28.5552334477	10.031
2073	0	3	2	1815	113	17.4542838442	25.5600652215	27.8292944064	14.378
2074	0	3	1	1211	75	34.3373382541	17.3694301773	21.8336230823	8.267
2074	0	3	2	2564	160	34.3373382541	25.0319020571	29.496094962	11.811
2075	0	3	1	153	9	21.3851903958	29.7364166931	32.5167025304	14.756
2075	0	3	2	1497	93	21.3851903958	30.452979174	33.2332650112	11.937
2076	0	3	1	558	34	22.7202364404	26.6948118492	29.64866685	12.267
2076	0	3	2	1906	119	22.7202364404	21.9575942587	24.9114492595	4.252
2077	0	3	1	438	27	19.603337478	30.6703961912	33.2190235611	10.252
2077	0	3	2	1784	111	19.603337478	31.1832258408	33.7318532107	10.063
2078	0	3	1	456	28	22.9153995241	31.520472336	34.4997004641	6.22
2078	0	3	2	1801	112	22.9153995241	31.1514472966	34.1306754247	4.756
2079	0	3	1	275	17	21.5575289997	31.8700294849	34.6727210417	10.535
2079	0	3	2	1618	101	21.5575289997	28.4588803034	31.2615718602	5.181
2080	0	3	1	1062	66	23.7515543545	28.3267272086	31.414663718	9.969
2080	0	3	2	2411	150	23.7515543545	27.9876251313	31.0755616408	14.158
2081	0	3	1	444	27	19.8977347443	29.9555675452	32.5424694656	16.63
2081	0	3	2	1791	111	19.8977347443	29.4241551129	32.0110570333	6.158
2082	0	3	1	1246	77	23.0196042398	31.3301174097	34.3228931793	6.725
2082	0	3	2	2598	162	23.0196042398	30.2159032967	33.2086790664	16.662
2083	0	3	1	1030	64	25.663166823	26.2236873497	29.5601523488	8.866
2083	0	3	2	2374	148	25.663166823	30.1526013734	33.4890663725	18.85
2084	0	3	1	431	26	19.7425220534	30.6263519478	33.1930746863	7.559
2084	0	3	2	1779	111	19.7425220534	30.0698271718	32.6365499103	7.008
2085	0	3	1	471	29	21.8702240053	30.3048494528	33.1481944469	7.575
2085	0	3	2	1817	113	21.8702240053	29.778412535	32.6217575291	11.528
2086	0	3	1	334	20	23.2609097018	27.126600738	30.1507485995	7.275
2086	0	3	2	1678	104	23.2609097018	28.7547499891	31.7788978507	11.37
2087	0	3	1	430	26	16.1076258626	31.5477878064	33.6419381613	19.04
2087	0	3	2	1776	111	16.1076258626	33.0478438824	35.1419942373	9.055
2088	0	3	1	571	35	22.2643888889	29.0129841807	31.9075745003	11.37
2088	0	3	2	1921	120	22.2643888889	30.7120398007	33.6066301203	4.158
2089	0	3	1	469	29	22.1613015065	32.8813602251	35.7625481674	10.472
2089	0	3	2	1816	113	22.1613015065	31.7625092625	34.6436972048	7.528
2090	0	3	1	429	26	21.1495515402	34.3938713284	37.1435217885	9.717
2090	0	3	2	1775	110	21.1495515402	36.462068679	39.2117191391	12.032
2091	0	3	1	441	27	18.3532703592	29.7846649077	32.1707712132	9.622
2091	0	3	2	1788	111	18.3532703592	29.1765805113	31.5626868168	15.748
2092	0	3	1	903	56	29.5521322236	27.5394276055	31.3814964934	11.843
2092	0	3	2	2245	140	29.5521322236	29.7020332341	33.544102122	9.811
2093	0	3	1	347	21	23.1380199076	27.8464428417	30.8546138171	9.433
2093	0	3	2	1691	105	23.1380199076	29.2014283785	32.2095993538	10.409
2094	0	3	1	428	26	17.1862365073	30.3674662969	32.6018466823	11.685
2094	0	3	2	1774	110	17.1862365073	28.7258908237	30.960271209	18.22
2095	0	3	1	1032	64	20.4573708483	32.9811158767	35.6407760146	13.496
2095	0	3	2	2377	148	20.4573708483	28.0590888813	30.7187490192	8.851
2096	0	3	1	432	27	20.208727791	31.7566654245	34.3839995106	9.59
2096	0	3	2	1776	111	20.208727791	28.9474941164	31.5748282026	11.134
2097	0	3	1	1094	68	18.3283242262	31.7316296026	34.1144926645	4.441
2097	0	3	2	2442	152	18.3283242262	30.1130459681	32.4959090301	5.339
2098	0	3	1	773	48	24.202130123	27.2005314221	30.3470472289	15.591
2098	0	3	2	2114	132	24.202130123	24.5715782751	27.7180940819	17.055
2099	0	3	1	430	26	21.6536929421	29.5084603499	32.3236541684	8.441
2099	0	3	2	1776	111	21.6536929421	29.0431820715	31.8583758901	12.283
2100	0	3	1	491	30	23.5140445538	29.1638941528	32.2209520437	17.275
2100	0	3	2	1835	114	23.5140445538	26.8592505032	29.9163083941	11.968
2101	0	3	1	428	26	19.995165693	31.594421618	34.1939905234	13.103
2101	0	3	2	1774	110	19.995165693	33.3175774455	35.9171463509	10.536
2102	0	3	1	438	27	21.0368882929	35.4712261677	38.2062292936	9.937
2102	0	3	2	1782	111	21.0368882929	32.3979834903	35.1329866162	6.158
2105	0	3	1	1015	63	22.2513928841	24.3399283768	27.2328290875	17.874
2105	0	3	2	2360	147	22.2513928841	30.6538049732	33.5467056839	13.26
2106	0	3	1	470	29	27.7816259159	24.3203411301	27.9322267219	9.591
2106	0	3	2	1817	113	27.7816259159	24.4593998596	28.0712854515	7.669
2108	0	3	1	433	27	19.397825974	30.1374958737	32.6594047195	9.275
2108	0	3	2	1776	111	19.397825974	30.1101552408	32.6320640866	9.433
2109	0	3	1	430	26	22.4827612426	29.7199308672	32.6429117483	10.851
2109	0	3	2	1776	111	22.4827612426	33.5086680767	36.4316489577	7.465
2110	0	3	1	438	27	19.0476932707	31.8671195622	34.3435077006	8.425
2110	0	3	2	1783	111	19.0476932707	31.3673227397	33.8437108781	10.378
2111	0	3	1	488	30	21.1522981348	30.2285677628	32.9785753073	9.354
2111	0	3	2	1834	114	21.1522981348	27.5278532339	30.2778607784	12.189
2112	0	3	1	429	26	22.0601479181	30.8130975374	33.6811345148	10.473
2112	0	3	2	1775	110	22.0601479181	28.172979777	31.0410167544	15.039
2113	0	3	1	519	32	21.256562796	32.2849348543	35.0484978339	6.252
2113	0	3	2	1865	116	21.256562796	30.6121846249	33.3757476045	4.473
2114	0	3	1	281	17	20.5441863772	26.342584589	29.0135316026	11.008
2114	0	3	2	1625	101	20.5441863772	30.2316641622	32.9026111757	6.378
2115	0	3	1	975	60	21.5311200793	25.2127158952	28.0119740317	4.347
2115	0	3	2	2319	144	21.5311200793	28.401407682	31.2006658185	9.622
2116	0	3	1	1092	68	17.8806947015	29.6930152991	32.0176821044	6.535
2116	0	3	2	2441	152	17.8806947015	31.7547360422	34.0794028475	15.339
2117	0	3	1	267	16	22.2898423034	26.6408175722	29.5387170869	8.158
2117	0	3	2	1611	100	22.2898423034	29.2643817772	32.1622812919	11.04
2118	0	3	1	551	34	20.4218836993	28.1559586845	30.8110051427	12.347
2118	0	3	2	1897	118	20.4218836993	27.7511369912	30.4061834494	13.37
2119	0	3	1	376	23	27.0858327015	31.444116627	34.9655422331	6.599
2119	0	3	2	1721	107	27.0858327015	27.9669248677	31.4883504737	14.094
2120	0	3	1	433	27	28.9166794555	24.7646457124	28.5240994681	13.244
2120	0	3	2	1781	111	28.9166794555	25.1964819296	28.9559356853	4.189
2121	0	3	1	263	16	22.1643270934	33.7078715503	36.5894528488	5.653
2121	0	3	2	1606	100	22.1643270934	27.954176511	30.8357578095	6.504
2122	0	3	1	1093	68	20.2373807781	31.6941729143	34.3252321716	9.874
2122	0	3	2	2441	152	20.2373807781	32.9210376977	35.552096955	9.527
2123	0	3	1	1251	78	23.610330123	29.9977440842	33.0673200496	6.803
2123	0	3	2	2600	162	23.610330123	28.9838839801	32.0534599454	18.882
2124	0	3	1	486	30	23.4288069007	28.674775998	31.7207521526	6.126
2124	0	3	2	1831	114	23.4288069007	29.1898771781	32.2358533328	9.654
2125	0	3	1	587	36	21.288080517	32.268747174	35.0364077685	7.307
2125	0	3	2	1933	120	21.288080517	30.722268017	33.4899286115	14.929
2126	0	3	1	522	32	22.0485702425	32.2874149198	35.1539466851	8.158
2126	0	3	2	1869	116	22.0485702425	31.0036243868	33.8701561521	8.126
2127	0	3	1	440	27	18.1935319659	30.8033248692	33.1686636068	5.607
2127	0	3	2	1787	111	18.1935319659	30.9819833829	33.3473221205	9.559
2128	0	3	1	440	27	17.535184425	31.4144914491	33.6942385081	7.37
2128	0	3	2	1788	111	17.535184425	31.1061638582	33.3859109172	11.685
2129	0	3	1	429	26	18.386857425	29.5813019329	31.9717748884	15.087
2129	0	3	2	1775	110	18.386857425	30.2824306858	32.6729036413	13.937
2130	0	3	1	405	25	19.8607128283	31.8561970806	34.4382857865	8.725
2130	0	3	2	1751	109	19.8607128283	32.0919520432	34.6740407491	7.213
2131	0	3	1	1217	76	22.1582854472	30.6456978286	33.5264936535	12.834
2131	0	3	2	2566	160	22.1582854472	31.051201397	33.9319972219	14.567
2132	0	3	1	487	30	23.9377813167	30.1973996984	33.309547551	12.708
2132	0	3	2	1831	114	23.9377813167	30.3948600179	33.5070078706	8.158
2134	0	3	1	434	27	17.0811994557	31.3816799673	33.6024044991	8.252
2134	0	3	2	1781	111	17.0811994557	28.4831070306	30.7038315625	14.347
2135	0	3	1	432	27	18.9797118427	32.6811123272	35.1486622089	9.969
2135	0	3	2	1780	111	18.9797118427	34.2451975991	36.7127474808	5.008
2136	0	3	1	433	27	18.8572811406	30.7349717767	33.1866044586	5.874
2136	0	3	2	1781	111	18.8572811406	31.5083194915	33.9599521735	9.496
2137	0	3	1	490	30	25.0199103077	30.5547050819	33.8075403847	14.031
2137	0	3	2	1835	114	25.0199103077	30.1999354423	33.4527707452	13.181
2138	0	3	1	491	30	22.045374852	27.5839422142	30.4500585472	15.103
2138	0	3	2	1834	114	22.045374852	27.2253794427	30.0914957756	16.031
2139	0	3	1	440	27	20.5141666978	27.0902066634	29.7572508223	4.378
2139	0	3	2	1785	111	20.5141666978	28.8270139559	31.4940581148	5.842
2140	0	3	1	434	27	18.2473586792	30.2513837734	32.623720515	4.473
2140	0	3	2	1782	111	18.2473586792	32.4429178364	34.815254578	9.086
2141	0	3	1	431	26	16.499843872	30.6733118192	32.8184543867	6.992
2141	0	3	2	1777	111	16.499843872	29.8316739926	31.9768165601	4.221
2142	0	3	1	434	27	19.2844279305	30.5901327243	33.0972987052	11.307
2142	0	3	2	1782	111	19.2844279305	32.8400103552	35.3471763361	15.843
2143	0	3	1	1262	78	21.3231278203	32.6180015121	35.3902186019	5.307
2143	0	3	2	2612	163	21.3231278203	30.5326158474	33.3048329373	9.78
2144	0	3	1	429	26	18.4900125	30.9997169251	33.4036010586	5.37
2144	0	3	2	1774	110	18.4900125	33.1284930903	35.5323772238	14.283
2145	0	3	1	526	32	19.7489074497	28.3051203496	30.8726732526	8.914
2145	0	3	2	1876	117	19.7489074497	30.0638989293	32.6314518323	6.535
2146	0	3	1	490	30	24.1029077333	29.6183912033	32.75200712	13.843
2146	0	3	2	1833	114	24.1029077333	30.1145275068	33.2481434236	8.598
2148	0	3	1	430	26	20.6231764447	34.4074431078	37.0886596099	9.874
2148	0	3	2	1777	111	20.6231764447	33.1101093516	35.7913258536	11.212
2149	0	3	1	439	27	18.6722711455	31.1539622796	33.581541836	7.086
2149	0	3	2	1785	111	18.6722711455	31.085322674	33.5129022305	4
2150	0	3	1	1021	63	27.3319382362	26.5566933449	30.1101150997	13.024
2150	0	3	2	2366	147	27.3319382362	30.1795062993	33.7329280541	8.536
2151	0	3	1	1237	77	20.7964218409	30.0111859099	32.7149260235	5.26
2151	0	3	2	2584	161	20.7964218409	31.0308675382	33.7346076518	10.977
2152	0	3	1	1091	68	20.6457493737	30.9844206314	33.668571837	9.37
2152	0	3	2	2438	152	20.6457493737	31.499054117	34.1832053226	5.338
2153	0	3	1	440	27	16.6540188377	26.6091964581	28.7743832931	5.591
2153	0	3	2	1785	111	16.6540188377	28.1959115702	30.3610984051	5.937
2154	0	3	1	431	26	18.7825932879	31.05604552	33.4979680438	8.472
2154	0	3	2	1779	111	18.7825932879	30.3798624553	32.8217849792	11.685
2156	0	3	1	439	27	16.1057648313	31.1418098302	33.2357182327	6.315
2156	0	3	2	1784	111	16.1057648313	30.1780916269	32.2720000294	12.661
2157	0	3	1	438	27	18.6094130603	30.6692800862	33.0886874711	5.118
2157	0	3	2	1783	111	18.6094130603	31.9851892272	34.4045966121	9.906
2158	0	3	1	430	26	20.645951488	29.7799680946	32.464145577	8.803
2158	0	3	2	1777	111	20.645951488	31.0710284078	33.7552058902	5.339
2159	0	3	1	431	26	17.5421723063	34.1881411648	36.4687967173	13.355
2159	0	3	2	1776	111	17.5421723063	33.9654165543	36.2460721068	8.488
2160	0	3	1	430	26	16.9268675246	33.8656459762	36.0663058336	13.118
2160	0	3	2	1776	111	16.9268675246	34.1244395178	36.3250993752	9.716
2161	0	3	1	281	17	23.2552128976	28.2439369422	31.267344163	16.835
2161	0	3	2	1625	101	23.2552128976	30.5160467755	33.5394539963	10.236
2162	0	3	1	1217	76	22.9302490098	28.3666879629	31.3478466707	8.599
2162	0	3	2	2565	160	22.9302490098	31.2797921987	34.2609509065	4.756
2163	0	3	1	262	16	24.6132372813	27.1276848175	30.3276486128	7.118
2163	0	3	2	1605	100	24.6132372813	29.8858391483	33.0858029436	13.181
2164	0	3	1	1098	68	17.5190613021	31.7937062892	34.071357183	10.835
2164	0	3	2	2446	152	17.5190613021	32.591099329	34.8687502228	7.055
2165	0	3	1	1230	76	21.6606229504	28.0652288472	30.8813236352	7.874
2165	0	3	2	2581	161	21.6606229504	27.9014953025	30.7175900905	16.74
2166	0	3	1	1224	76	23.8108033494	29.1910733828	32.2867128464	15.181
2166	0	3	2	2575	160	23.8108033494	29.1222046552	32.2178441187	9.26
2167	0	3	1	215	13	23.0283694477	29.7300820183	32.7239973515	8.898
2167	0	3	2	1558	97	23.0283694477	29.6183487268	32.6122640601	13.78
2168	0	3	1	432	27	25.049666626	26.6865113161	29.943215234	14.567
2168	0	3	2	1777	111	25.049666626	29.5743986558	32.8311025737	5.401
2169	0	3	1	415	25	17.4053902079	31.1102781881	33.3731507177	13.37
2169	0	3	2	1766	110	17.4053902079	31.227606928	33.4904794576	5.905
2170	0	3	1	1238	77	20.0716909531	29.1435508645	31.7530688091	5.024
2170	0	3	2	2587	161	20.0716909531	28.3934052797	31.0029232243	17.748
2171	0	3	1	490	30	24.3141089035	29.4627757091	32.6238498626	16.945
2171	0	3	2	1835	114	24.3141089035	30.885612153	34.0466863065	11.244
2172	0	3	1	430	26	16.2505610695	30.3402176985	32.4529510412	9.197
2172	0	3	2	1777	111	16.2505610695	31.4588865724	33.5716199151	7.37
2173	0	3	1	490	30	22.4079352331	27.559876274	30.4731290353	15.086
2173	0	3	2	1834	114	22.4079352331	28.2762019762	31.1894547374	10.189
2174	0	3	1	437	27	17.6610309502	30.6768123731	32.9729207226	6.63
2174	0	3	2	1782	111	17.6610309502	28.9443171089	31.2404254583	8.96
2175	0	3	1	438	27	24.9803240261	24.0899203142	27.3376090096	14.835
2175	0	3	2	1784	111	24.9803240261	23.487598859	26.7352875544	10.189
2176	0	3	1	1021	63	24.4490143469	23.3861179828	26.5647311756	14.945
2176	0	3	2	2366	147	24.4490143469	25.4029302446	28.5815434374	14.346
2177	0	3	1	1236	77	18.3300961374	29.0310184797	31.4141119075	11.103
2177	0	3	2	2585	161	18.3300961374	28.8580970359	31.2411904638	11.622
2178	0	3	1	228	14	25.4763073381	33.3500568598	36.6622282815	8.095
2178	0	3	2	1571	98	25.4763073381	33.2610142619	36.5731856836	8
2179	0	3	1	916	57	27.4882458244	32.0222489743	35.5959922584	14.315
2179	0	3	2	2258	141	27.4882458244	29.6331497684	33.2068930525	12
2180	0	3	1	488	30	23.8734105838	28.4625846682	31.5663636903	7.874
2180	0	3	2	1832	114	23.8734105838	29.8202877544	32.9240667764	8.063
2181	0	3	1	434	27	18.9983879574	31.9736108338	34.4435887947	7.244
2181	0	3	2	1782	111	18.9983879574	31.2924946414	33.7624726023	8.346
2182	0	3	1	433	27	15.638797036	29.9568457895	31.9900437693	4.378
2182	0	3	2	1781	111	15.638797036	30.5662127238	32.5994107036	8.032
2183	0	3	1	439	27	20.0473006711	31.3502812503	33.9566282175	6.536
2183	0	3	2	1782	111	20.0473006711	32.3366445256	34.9429914927	10.347
2184	0	3	1	458	28	21.3063399784	27.5050586803	30.2750931849	4.788
2184	0	3	2	1802	112	21.3063399784	29.0112233536	31.7812578582	9.023
2185	0	3	1	438	27	18.2861240671	29.2809755375	31.6583521622	7.59
2185	0	3	2	1783	111	18.2861240671	30.5889381581	32.9663147828	6.346
2186	0	3	1	299	18	20.5434261747	26.777423035	29.4482712147	11.023
2186	0	3	2	1643	102	20.5434261747	25.6251761604	28.2960243401	7.685
2187	0	3	1	429	26	17.59648013	30.934868461	33.2225845666	7.496
2187	0	3	2	1776	111	17.59648013	32.5739132143	34.8616293199	8.22
2188	0	3	1	444	27	22.0735740653	30.2923196003	33.1621021093	5.874
2188	0	3	2	1790	111	22.0735740653	28.0037658203	30.8735483294	6.347
2189	0	3	1	472	29	20.848362996	14.1845320519	16.8950250283	4.456
2189	0	3	2	1818	113	20.848362996	28.3357330383	31.0462260148	6.961
2190	0	3	1	554	34	24.1496537178	27.3401922162	30.4798855723	14.756
2190	0	3	2	1901	118	24.1496537178	27.4866731088	30.626366465	12
2191	0	3	1	298	18	23.312821012	29.5049544056	32.5358512499	8.803
2191	0	3	2	1641	102	23.312821012	29.3316032631	32.3625001074	7.622
2192	0	3	1	1251	78	22.6808156556	30.4694912656	33.4182211752	7.055
2192	0	3	2	2599	162	22.6808156556	31.316455286	34.2651851956	16.284
2193	0	3	1	212	13	25.2307145683	25.8857095056	29.1659514431	14.22
2193	0	3	2	1555	97	25.2307145683	25.1363675511	28.4166094886	13.213
2194	0	3	1	491	30	24.2552577747	29.8489577924	33.0023807183	15.04
2194	0	3	2	1838	114	24.2552577747	30.7344561208	33.8878790467	6.346
2195	0	3	1	413	25	19.1747670719	32.4718373835	34.9647463703	8.063
2195	0	3	2	1760	110	19.1747670719	34.2669973885	36.7599063753	9.968
2196	0	3	1	1003	62	23.0738034974	29.6230343909	32.6228565991	14.315
2196	0	3	2	2349	146	23.0738034974	29.7079919056	32.7078141138	14.472
2198	0	3	1	1040	65	20.2901711965	27.5516190214	30.1895415542	8.913
2198	0	3	2	2394	149	20.2901711965	28.9150962669	31.5530187997	16.504
2199	0	3	1	795	49	25.8587260109	26.6242775064	29.9861671303	11.338
2199	0	3	2	2134	133	25.8587260109	23.1557842474	26.5176738713	14.536
2200	0	3	1	491	30	26.8639005378	25.5303117552	29.0228839893	13.465
2200	0	3	2	1837	114	26.8639005378	24.1990245063	27.6915967405	6.473
2201	0	3	1	1091	68	18.5422482423	42.1050596486	44.5157349442	6.252
2201	0	3	2	2456	153	18.5422482423	31.6095653827	34.0202406783	11.228
2202	0	3	1	1019	63	22.6365322204	32.9330539947	35.8760266207	15.276
2202	0	3	2	2364	147	22.6365322204	33.6675899395	36.6105625654	8.158
2203	0	3	1	488	30	22.4669849722	29.2479908092	32.1689206194	16
2203	0	3	2	1833	114	22.4669849722	29.3653516633	32.2862814734	7.559
2204	0	3	1	1062	66	25.1904656203	29.6434134858	32.9184226627	6.378
2204	0	3	2	2408	150	25.1904656203	29.7592158392	33.0342250162	9.181
2205	0	3	1	431	26	16.8325887487	31.4544390213	33.6428417072	8.362
2205	0	3	2	1779	111	16.8325887487	29.3883343205	31.5767370064	11.197
2206	0	3	1	1069	66	26.3138223965	26.0851643831	29.5062210293	4.567
2206	0	3	2	2415	150	26.3138223965	25.0248934411	28.4459500872	20.708
2207	0	3	1	1002	62	30.3612747013	29.0455781654	32.9928435622	8.41
2207	0	3	2	2349	146	30.3612747013	28.9450840779	32.8923494747	7.748
2208	0	3	1	1040	65	24.2907353349	28.0860530983	31.2440884573	12.158
2208	0	3	2	2392	149	24.2907353349	30.032181687	33.1902170459	10.787
2209	0	3	1	529	33	18.3350202625	26.8951261419	29.2788597546	14.221
2209	0	3	2	1896	118	18.3350202625	27.9046319737	30.2883655864	27.338
2210	0	3	1	478	29	20.0679331494	28.0905661691	30.6995955621	5.102
2210	0	3	2	1826	114	20.0679331494	26.9592948754	29.5683242684	9.906
2211	0	3	1	470	29	25.5002438066	27.3280494612	30.6433328601	8.095
2211	0	3	2	1818	113	25.5002438066	29.6469663022	32.9622497011	8.189
2212	0	3	1	431	26	18.5722016993	33.3430260047	35.7575955453	12.252
2212	0	3	2	1782	111	18.5722016993	32.0940452564	34.5086147971	7.338
2213	0	3	1	383	23	23.2705989738	31.8320626169	34.8574701794	6.189
2213	0	3	2	1728	108	23.2705989738	34.3394478711	37.3648554337	5.181
2214	0	3	1	1096	68	19.3197542189	28.7649167401	31.2766754871	14.362
2214	0	3	2	2444	152	19.3197542189	29.1918365167	31.7035952637	18.157
2215	0	3	1	441	27	21.7992997134	30.5817957881	33.4159199242	6.315
2215	0	3	2	1788	111	21.7992997134	28.9063681277	31.7404922638	11.906
2216	0	3	1	577	36	19.7729614597	31.0828232563	33.6535034181	9.559
2216	0	3	2	1925	120	19.7729614597	32.8012978687	35.3719780305	9.559
2217	0	3	1	488	30	23.5527907867	26.4749719493	29.537067233	17.023
2217	0	3	2	1832	114	23.5527907867	29.1461847873	32.2082800709	14.961
2218	0	3	1	521	32	22.7565734064	31.8417996391	34.8003788041	4.976
2218	0	3	2	1869	116	22.7565734064	32.1198735505	35.0784527155	9.732
2219	0	3	1	430	26	19.452711005	31.0120804903	33.5411249319	9.748
2219	0	3	2	1776	111	19.452711005	31.8274602987	34.3565047403	9.37
2220	0	3	1	1217	76	20.6098162717	31.7604774466	34.4399569943	5.528
2220	0	3	2	2565	160	20.6098162717	35.0279363049	37.7074158526	9.292
2221	0	3	1	344	21	22.2770671674	29.88023958	32.776478201	4.567
2221	0	3	2	1687	105	22.2770671674	29.2144006998	32.1106393207	4.567
2222	0	3	1	469	29	21.0688508517	32.225536416	34.96469499	9.968
2222	0	3	2	1814	113	21.0688508517	29.7128707759	32.4520293499	8.472
2223	0	3	1	1224	76	22.5417182475	26.5284536054	29.459099479	14.866
2223	0	3	2	2574	160	22.5417182475	28.0503214615	30.9809673351	16.346
2224	0	3	1	430	26	20.1045267259	34.8236666838	37.437453603	13.37
2224	0	3	2	1776	111	20.1045267259	34.4049821655	37.0187690847	8.378
2225	0	3	1	264	16	23.3060295765	30.7259122872	33.7559261779	6.74
2225	0	3	2	1608	100	23.3060295765	29.3712619523	32.4012758429	11.559
2226	0	3	1	429	26	16.899175577	30.4277931593	32.6248527902	9.48
2226	0	3	2	1775	110	16.899175577	32.0091808583	34.2062404892	12.599
2227	0	3	1	429	26	16.0108770637	31.3712954134	33.4528674694	11.213
2227	0	3	2	1776	111	16.0108770637	30.5008322621	32.5824043182	7.716
2228	0	3	1	431	26	19.0246633362	33.7588258117	36.2322198312	6.945
2228	0	3	2	1776	111	19.0246633362	32.5294155432	35.0028095628	11.874
2229	0	3	1	1211	75	20.8584982154	30.4995289387	33.2113395937	6.567
2229	0	3	2	2561	160	20.8584982154	33.2462419733	35.9580526282	9.134
2230	0	3	1	443	27	20.9754925962	25.1607556154	27.8877766947	9.087
2230	0	3	2	1789	111	20.9754925962	25.9067513438	28.6337724231	8.441
2231	0	3	1	1031	64	30.8300658415	18.1595317876	22.1677446598	12.851
2231	0	3	2	2372	148	30.8300658415	21.5042307752	25.5124436474	6.709
2232	0	3	1	485	30	22.4129344715	26.9406501645	29.854552876	14.473
2232	0	3	2	1829	114	22.4129344715	26.7115732511	29.6254759627	8.032
2233	0	3	1	1255	78	21.2962042809	28.8803610383	31.6490778023	6.126
2233	0	3	2	2603	162	21.2962042809	30.6349151849	33.4036319488	17.118
2234	0	3	1	1004	62	18.4367905751	14.2614572726	16.6584220305	9.59
2234	0	3	2	2366	147	18.4367905751	26.5213639574	28.9183287153	6.535
2235	0	3	1	1029	64	25.2389345078	25.8082953382	29.089605949	7.528
2235	0	3	2	2373	148	25.2389345078	37.2261083918	40.5074190026	8.284
2236	0	3	1	489	30	23.7390463178	28.0640454015	31.1503557427	15.748
2236	0	3	2	1833	114	23.7390463178	27.2175901333	30.3039004745	9.905
2237	0	3	1	457	28	21.4160494191	27.4667906184	30.2510884333	6.504
2237	0	3	2	1802	112	21.4160494191	28.306983131	31.0912809458	7.04
2238	0	3	1	433	27	16.798832731	30.8411170167	33.0251310872	7.969
2238	0	3	2	1780	111	16.798832731	31.6998568188	33.8838708892	14.252
2239	0	3	1	1218	76	19.2563019754	30.3331335236	32.8366428527	10.535
2239	0	3	2	2567	160	19.2563019754	25.2805670957	27.7840764248	9.024
2240	0	3	1	1022	63	23.9755471901	29.091150383	32.208208172	14.126
2240	0	3	2	2368	148	23.9755471901	26.1919963423	29.3090541313	18.96
2241	0	3	1	901	56	25.9442799953	27.4590382572	30.8320507436	13.622
2241	0	3	2	2242	140	25.9442799953	27.3329600544	30.7059725407	5.496
2243	0	3	1	430	26	19.3338769684	31.4671334906	33.9807283345	15.212
2243	0	3	2	1777	111	19.3338769684	31.0593541326	33.5729489765	8.158
2244	0	3	1	529	33	20.3657776302	26.6889683644	29.3367204798	9.307
2244	0	3	2	1879	117	20.3657776302	28.4842460658	31.1319981812	10.803
2246	0	3	1	429	26	15.8316873733	30.1380736784	32.196349306	11.779
2246	0	3	2	1776	111	15.8316873733	32.601221306	34.6594969336	8.41
2247	0	3	1	428	26	17.2252684863	31.6309631571	33.8704180849	11.103
2247	0	3	2	1775	110	17.2252684863	32.0867951254	34.3262500533	16.788
2248	0	3	1	438	27	19.8975621484	31.9170758238	34.503955305	11.937
2248	0	3	2	1783	111	19.8975621484	31.221135806	33.8080152872	9.528
2249	0	3	1	1217	76	22.3864116205	27.2651411345	30.1755956136	10.221
2249	0	3	2	2566	160	22.3864116205	28.806339712	31.7167941911	9.307
2250	0	3	1	440	27	22.9062736619	36.8896045408	39.8676462167	13.559
2250	0	3	2	1788	111	22.9062736619	31.9032436971	34.881285373	6.945
2251	0	3	1	430	26	21.8091789099	30.1894159445	33.0248244736	5.685
2251	0	3	2	1777	111	21.8091789099	28.9428850521	31.7782935812	4.85
2252	0	3	1	1100	68	22.0315797141	32.4784235496	35.3427463785	5.874
2252	0	3	2	2447	152	22.0315797141	35.3446121019	38.2089349308	6.221
2253	0	3	1	430	26	16.6179489261	31.0532914826	33.2137888729	13.842
2253	0	3	2	1777	111	16.6179489261	31.6909513392	33.8514487296	10.22
2254	0	3	1	1236	77	19.5217082289	28.0151258472	30.553140609	5.528
2254	0	3	2	2585	161	19.5217082289	28.502990435	31.0410051967	16.441
2255	0	3	1	1218	76	18.5938374678	32.1831739033	34.6005563074	6.252
2255	0	3	2	2567	160	18.5938374678	34.3290504426	36.7464328468	5.968
2256	0	3	1	430	26	19.049725481	31.8046527516	34.2813050973	7.905
2256	0	3	2	1766	110	19.049725481	27.109024598	29.5856769438	5.685
2257	0	3	1	486	30	23.5746688398	30.4570695422	33.5220091888	14.63
2257	0	3	2	1830	114	23.5746688398	29.0706981867	32.1356378332	9.874
2258	0	3	1	935	58	27.2477402206	30.2568041617	33.7992793433	11.906
2258	0	3	2	2280	142	27.2477402206	32.1242184762	35.6666936578	5.748
2260	0	3	1	932	58	27.687586861	28.6509288582	32.2505884447	16.33
2260	0	3	2	2274	142	27.687586861	27.4253778776	31.025037464	6.504
2261	0	3	1	438	27	16.5545404953	28.9032910711	31.0555447396	7.78
2261	0	3	2	1783	111	16.5545404953	29.9112704901	32.0635241586	15.716
2262	0	3	1	438	27	19.7497179889	30.0781600501	32.6458183313	6.315
2262	0	3	2	1784	111	19.7497179889	29.6494107322	32.2170690134	6.158
2263	0	3	1	434	27	16.3121382363	31.7340808009	33.854819783	8.189
2263	0	3	2	1781	111	16.3121382363	31.927823713	34.0485626951	7.276
2264	0	3	1	491	30	20.9322542304	26.3899550052	29.1113546702	16.504
2264	0	3	2	1835	114	20.9322542304	29.1811676939	31.9025673589	13.275
2265	0	3	1	491	30	18.6947177174	28.444829656	30.8753274883	13.78
2265	0	3	2	1834	114	18.6947177174	24.9572644636	27.3877622959	6.409
2266	0	3	1	439	27	16.9796957815	30.5206943379	32.7282223902	13.15
2266	0	3	2	1785	111	16.9796957815	30.0586199688	32.2661480211	13.37
2267	0	3	1	440	27	19.2591635007	32.1186587177	34.6225400733	6.267
2267	0	3	2	1785	111	19.2591635007	29.9781710747	32.4820524303	4.063
2268	0	3	1	430	26	17.6415428336	33.0793651384	35.3729398403	12.583
2268	0	3	2	1776	111	17.6415428336	31.686821891	33.9803965929	10.283
2269	0	3	1	488	30	23.5753848926	28.9240297944	31.9890625349	11.103
2269	0	3	2	1833	114	23.5753848926	28.2699863506	31.3350190911	11.622
2270	0	3	1	266	16	27.2196789415	30.6237006895	34.1625276279	11.559
2270	0	3	2	1609	100	27.2196789415	30.5261623869	34.0649893253	7.181
2271	0	3	1	444	27	16.8243220985	31.5226217303	33.7099496702	17.654
2271	0	3	2	1790	111	16.8243220985	31.183887373	33.3712153128	6.709
2272	0	3	1	430	26	18.1877066991	31.0781600368	33.4427414322	14.362
2272	0	3	2	1775	110	18.1877066991	31.2894142826	33.653995678	12.126
2272	1	3	1	429	26	18.1877066991	33.0372124812	35.4017938766	5.811
2272	1	3	2	1777	111	18.1877066991	31.3122353117	33.6768167071	6.409
2273	0	3	1	434	27	18.4007898511	27.65533611	30.0476204185	4.788
2273	0	3	2	1782	111	18.4007898511	30.118199353	32.5104836614	16.582
2274	0	3	1	417	26	18.1140513684	22.9859762617	25.3409817371	7.748
2274	0	3	2	1781	111	18.1140513684	28.2158586663	30.5708641417	5.149
2275	0	3	1	306	19	25.3498706564	29.2497678692	32.5455012742	9.843
2275	0	3	2	1650	103	25.3498706564	28.2511969848	31.5469303899	16.126
2276	0	3	1	1089	68	17.8156341689	41.1565512929	43.4727595867	7.874
2276	0	3	2	2452	153	17.8156341689	33.9367673298	36.2529756236	9.086
2277	0	3	1	438	27	16.8551599185	28.5221233444	30.7134605052	7.37
2277	0	3	2	1784	111	16.8551599185	30.9126112505	33.1039484113	7.275
2278	0	3	1	1024	64	26.2375457582	19.7444795685	23.1556194987	7.937
2278	0	3	2	2368	148	26.2375457582	23.0871089169	26.4982488472	14.976
2279	0	3	1	998	62	23.4629869937	26.3181470166	29.3685669208	9.103
2279	0	3	2	2344	146	23.4629869937	25.515435026	28.5658549302	13.622
2280	0	3	1	931	58	23.2241087166	27.2819081343	30.3012715046	5.496
2280	0	3	2	2274	142	23.2241087166	26.088865267	29.1082286372	6.866
2281	0	3	1	470	29	21.6724784542	31.1343765209	33.9520126414	9.04
2281	0	3	2	1816	113	21.6724784542	29.4136032579	32.2312393784	7.811
2282	0	3	1	429	26	21.6558469478	33.604868839	36.4203426996	6.551
2282	0	3	2	1775	110	21.6558469478	33.1510682563	35.9665421168	10.646
2283	0	3	1	430	26	18.1847463801	30.7853685089	33.1495650336	6.221
2283	0	3	2	1777	111	18.1847463801	31.023623635	33.3878201597	14.284
2284	0	3	1	430	26	21.5173540045	31.1775021403	33.9749705512	12.346
2284	0	3	2	1777	111	21.5173540045	31.0646155732	33.8620839841	13.968
2285	0	3	1	1213	75	21.6645667549	31.5057686017	34.3223761233	6.221
2285	0	3	2	2562	160	21.6645667549	33.0628633554	35.8794708769	12.063
2286	0	3	1	430	26	21.6255002385	28.926400408	31.7379288968	9.055
2286	0	3	2	1777	111	21.6255002385	28.0227654408	30.8342939296	6.157
2287	0	3	1	432	27	16.4970738176	31.4563108688	33.6010933019	5.086
2287	0	3	2	1779	111	16.4970738176	31.4624934325	33.6072758657	8.788
2288	0	3	1	440	27	19.9099557291	29.0129138441	31.6014046132	4.504
2288	0	3	2	1788	111	19.9099557291	30.9631130066	33.5516037756	13.275
2289	0	3	1	430	26	16.422709915	33.9252137149	36.0603281067	7.591
2289	0	3	2	1777	111	16.422709915	29.6120902961	31.747204688	6.583
2290	0	3	1	487	30	23.4058507303	27.8869318953	30.9299235212	9.906
2290	0	3	2	1831	114	23.4058507303	28.4254020895	31.4683937155	8.473
2291	0	3	1	1221	76	19.1453845659	29.6697704344	32.1588594054	10.725
2291	0	3	2	2574	160	19.1453845659	31.3220459988	33.8111349698	16.221
2292	0	3	1	893	55	30.5824518139	28.4507067399	32.4267273444	19.464
2292	0	3	2	2235	139	30.5824518139	31.7616056403	35.7376262449	10.284
2293	0	3	1	136	8	22.6242815178	29.9702255796	32.9116054933	14
2293	0	3	2	1477	92	22.6242815178	28.6936184901	31.6349984038	10.725
2294	0	3	1	477	29	22.642430036	32.0977939335	35.0415333337	8.158
2294	0	3	2	1825	114	22.642430036	28.2003909389	31.1441303392	6.252
2295	0	3	1	433	27	15.5033693724	30.3571143416	32.3727053884	6.189
2295	0	3	2	1781	111	15.5033693724	29.2545364766	31.2701275233	11.874
2296	0	3	1	434	27	21.3260329825	33.3767458184	36.149340608	5.291
2296	0	3	2	1783	111	21.3260329825	32.7924822135	35.5650770031	10.031
2297	0	3	1	1081	67	25.7933784314	26.8021419655	30.1555357591	8.473
2297	0	3	2	2425	151	25.7933784314	29.8092681146	33.1626619082	8.315
2298	0	3	1	430	26	15.9957039802	30.8977480315	32.9773474369	15.496
2298	0	3	2	1777	111	15.9957039802	29.561636556	31.6412359614	7.937
2299	0	3	1	865	54	30.1975918198	30.2158041335	34.14178914	11.181
2299	0	3	2	2209	138	30.1975918198	31.742425495	35.6684105015	11.653
2300	0	3	1	1061	66	20.0852082524	29.890962647	32.502237974	4.661
2300	0	3	2	2410	150	20.0852082524	25.5922780013	28.2035533282	15.417
2301	0	3	1	240	15	24.3707489763	30.4378315207	33.6062694428	6.441
2301	0	3	2	1580	98	24.3707489763	20.1256226438	23.2940605659	20.977
2302	0	3	1	430	26	21.7443955895	27.522570378	30.349556436	4.283
2302	0	3	2	1776	111	21.7443955895	28.1435566653	30.9705427233	10.032
2303	0	3	1	237	14	26.0537847366	28.5205422464	31.90779143	9.969
2303	0	3	2	1579	98	26.0537847366	29.5612409061	32.9484900897	10.157
2304	0	3	1	438	27	19.0160123819	30.5290102301	33.0012795402	16.661
2304	0	3	2	1783	111	19.0160123819	31.6813647036	34.1536340137	4.252
2306	0	3	1	431	26	19.8546466896	29.5089937684	32.0902938164	17.685
2306	0	3	2	1773	110	19.8546466896	30.704322205	33.285622253	9.906
2307	0	3	1	438	27	18.2396931379	31.2203396725	33.5916798181	6
2307	0	3	2	1783	111	18.2396931379	29.6646969339	32.0360370795	11.559
2308	0	3	1	490	30	21.663596646	24.3433977338	27.1598791316	18.378
2308	0	3	2	1834	114	21.663596646	26.7607386261	29.5772200239	9.717
2309	0	3	1	443	27	22.0030327461	29.1739163136	32.0345277548	6.441
2309	0	3	2	1791	111	22.0030327461	28.6365075375	31.4971189788	7.685
2310	0	3	1	1211	75	20.8615110811	31.1902427188	33.9024450761	10.315
2310	0	3	2	2561	160	20.8615110811	29.8348622079	32.5470645651	14.52
2311	0	3	1	903	56	26.9876966365	26.6988445791	30.207511528	16.535
2311	0	3	2	2246	140	26.9876966365	28.8722004279	32.3808673768	10.882
2312	0	3	1	1079	67	24.937719206	23.2335199266	26.4756695749	8.992
2312	0	3	2	2427	151	24.937719206	29.7657791246	33.0079287729	9.433
2313	0	3	1	1004	62	25.1449009388	30.9333346179	34.2024199366	8.425
2313	0	3	2	2350	146	25.1449009388	27.262475658	30.5315609767	13.181
2315	0	3	1	489	30	21.9227228889	26.9556966532	29.8058670203	15.354
2315	0	3	2	1833	114	21.9227228889	27.6864570155	30.5366273826	13.275
2316	0	3	1	434	27	21.4205706029	32.5766445932	35.3615302065	13.244
2316	0	3	2	1782	111	21.4205706029	32.6825824456	35.467468059	6.031
2317	0	3	1	492	30	23.6451173661	31.2081189747	34.282217625	12
2317	0	3	2	1837	114	23.6451173661	29.4801773168	32.5542759671	8.945
2318	0	3	1	433	27	15.3369341361	30.0316127511	32.0255655744	6.976
2318	0	3	2	1780	111	15.3369341361	30.6768509727	32.6708037959	6.283
2319	0	3	1	430	26	17.3095629516	32.6755496656	34.925963706	9.307
2319	0	3	2	1775	110	17.3095629516	31.9715717785	34.2219858188	12.661
2320	0	3	1	439	27	18.2285251346	30.8207245469	33.1906127419	9.086
2320	0	3	2	1784	111	18.2285251346	31.3784550626	33.7483432576	11.37
2320	1	3	1	415	25	18.2285251346	8.10482043847	10.4747086334	9.291
2320	1	3	2	1774	110	18.2285251346	7.98217652115	10.3520647161	10.834
2321	0	3	1	214	13	22.8043735571	31.122881072	34.0876747285	9.213
2321	0	3	2	1556	97	22.8043735571	30.1222519165	33.0870455729	7.622
2322	0	3	1	429	26	21.38193967	28.4469221471	31.2267853579	12.662
2322	0	3	2	1775	110	21.38193967	28.9744417836	31.7543049944	19.26
2323	0	3	1	433	27	16.7285936506	30.0600718014	32.2349540982	14.063
2323	0	3	2	1781	111	16.7285936506	32.5652562372	34.7401385339	8.032
2324	0	3	1	430	26	20.3273829964	25.9581119632	28.6008723973	8.74
2324	0	3	2	1779	111	20.3273829964	23.8175696887	26.4603301227	4.189
2325	0	3	1	444	27	16.7758663597	29.0340465716	31.2150747871	6.992
2325	0	3	2	1790	111	16.7758663597	27.4135644315	29.594592647	7.465
2326	0	3	1	429	26	18.7331944625	30.3857875121	32.8212877011	15.071
2326	0	3	2	1775	110	18.7331944625	32.7046704991	35.1401706881	11.874
2327	0	3	1	485	30	22.6534365518	30.8273409597	33.7725113156	11.464
2327	0	3	2	1830	114	22.6534365518	29.635631622	32.5808019779	11.055
2328	0	3	1	1218	76	19.9754363049	33.0980526145	35.6950565047	7.654
2328	0	3	2	2566	160	19.9754363049	32.3336770932	34.9306809834	17.37
2329	0	3	1	471	29	24.0654983229	25.0410736013	28.1698259254	8
2329	0	3	2	1817	113	24.0654983229	28.9489186147	32.0776709389	11.165
2330	0	3	1	431	26	21.0017333014	30.987823179	33.718255809	12.897
2330	0	3	2	1777	111	21.0017333014	34.8973872986	37.6278199286	4.157
2331	0	3	1	487	30	24.59365267	29.1097526483	32.3071702508	7.449
2331	0	3	2	1832	114	24.59365267	27.7542295692	30.9516471717	11.779
2332	0	3	1	430	26	17.9582352289	28.4596474038	30.794395243	10.866
2332	0	3	2	1776	111	17.9582352289	28.864306659	31.1990544983	14.929
2333	0	3	1	438	27	17.2622544899	29.6501374405	31.8944009139	9.212
2333	0	3	2	1784	111	17.2622544899	29.0337715848	31.2780350582	6.708
2334	0	3	1	415	25	26.3328167855	29.6776880477	33.1012141519	7.134
2334	0	3	2	1763	110	26.3328167855	29.456620383	32.8801464871	10.63
2335	0	3	1	130	8	20.2408604423	31.2231027886	33.8546144366	5.307
2335	0	3	2	1467	91	20.2408604423	31.301218231	33.932729879	16.032
2336	0	3	1	457	28	22.7834411119	28.8281205364	31.7901927684	4.441
2336	0	3	2	1802	112	22.7834411119	29.2567533399	32.2188255719	9.055
2337	0	3	1	296	18	21.9886029428	31.2630187409	34.1217541653	13.433
2337	0	3	2	1640	102	21.9886029428	30.3261489708	33.1848843952	10.567
2338	0	3	1	526	32	20.0921076436	28.8930337754	31.5052060913	11.622
2338	0	3	2	1874	117	20.0921076436	29.3333914447	31.9455637605	12.063
2339	0	3	1	1217	76	18.1231171129	27.9926352352	30.3488193468	4.41
2339	0	3	2	2566	160	18.1231171129	29.6241287754	31.9803128871	8.063
2340	0	3	1	541	33	21.0758803063	31.0052874329	33.7453599054	7.811
2340	0	3	2	1890	118	21.0758803063	27.406426971	30.1464994435	12.929
2341	0	3	1	1251	78	18.5541543934	26.6279500913	29.0401733041	9.087
2341	0	3	2	2600	162	18.5541543934	26.6112019024	29.0234251151	6.756
2342	0	3	1	491	30	23.0086338405	26.9730824136	29.9644319231	12.441
2342	0	3	2	1837	114	23.0086338405	27.757634898	30.7489844075	7.654
2343	0	3	1	794	49	27.5941644971	27.960580772	31.5480945291	15.654
2343	0	3	2	2135	133	27.5941644971	22.7522761029	26.3397898599	15.024
2344	0	3	1	1092	68	18.7699232625	33.2052521006	35.6455273961	9.401
2344	0	3	2	2441	152	18.7699232625	29.2721524165	31.712427712	10.599
2345	0	3	1	554	34	23.2591201797	27.3458717239	30.3697869299	9.339
2345	0	3	2	1901	118	23.2591201797	28.4909541661	31.5148693721	9.37
2346	0	3	1	439	27	17.9294516661	28.2495257465	30.5805314385	5.26
2346	0	3	2	1784	111	17.9294516661	31.0229151066	33.3539207985	11.528
2347	0	3	1	414	25	18.1002319068	33.7000545142	36.0532633231	4.504
2347	0	3	2	1762	110	18.1002319068	31.7865986375	34.1398074465	13.276
2348	0	3	1	430	26	21.1945417931	32.0250341033	34.7805337403	8.85
2348	0	3	2	1776	111	21.1945417931	33.6854350071	36.4409346441	11.401
2349	0	3	1	314	19	24.7965464429	26.4776738468	29.7014696425	10.914
2349	0	3	2	1659	103	24.7965464429	27.1396234029	30.3634191986	14.472
2350	0	3	1	430	26	17.1537181628	29.3154997134	31.5456523929	15.654
2350	0	3	2	1776	111	17.1537181628	34.1856097588	36.4157624384	10.063
2351	0	3	1	107	6	24.9276751096	29.153435444	32.3942792606	20.126
2351	0	3	2	1449	90	24.9276751096	29.9567156434	33.1975594601	5.78
2352	0	3	1	879	54	23.106971962	27.9972571056	31.0013915416	13.496
2352	0	3	2	2222	138	23.106971962	27.2480482702	30.2521827061	18.472
2353	0	3	1	430	26	15.5716868506	29.0345153919	31.0589883852	7.528
2353	0	3	2	1777	111	15.5716868506	32.8694161648	34.8938891581	9.307
2354	0	3	1	562	35	21.9170286851	26.6933327451	29.5427628095	10.41
2354	0	3	2	1910	119	21.9170286851	27.9430819272	30.7925119916	7.811
2355	0	3	1	574	35	22.6800145732	27.0075117316	29.9561374926	5.544
2355	0	3	2	1923	120	22.6800145732	31.3088556498	34.2574814108	4.441
2356	0	3	1	375	23	26.090540994	28.2608607962	31.6528886561	13.102
2356	0	3	2	1720	107	26.090540994	24.07463993	27.4666677899	16.772
2357	0	3	1	930	58	27.0866573336	24.8295321207	28.351064937	14.677
2357	0	3	2	2273	142	27.0866573336	25.5257753316	29.0473081479	9.087
2358	0	3	1	487	30	21.2556951633	28.6474793425	31.4109295213	17.969
2358	0	3	2	1832	114	21.2556951633	30.7238457413	33.4872959201	13.465
2359	0	3	1	489	30	20.4300585729	29.1107271658	31.7668364382	10.771
2359	0	3	2	1834	114	20.4300585729	27.2031801029	29.8592893754	14
2360	0	3	1	433	27	25.5271639653	27.8345947173	31.1533780025	7.874
2360	0	3	2	1780	111	25.5271639653	26.7099381375	30.0287214227	17.402
2361	0	3	1	415	25	25.2405112612	31.2023800929	34.4838956971	5.858
2361	0	3	2	1763	110	25.2405112612	31.9316282491	35.2131438533	9.968
2362	0	3	1	490	30	21.5634859929	30.5594637003	33.3629297251	13.622
2362	0	3	2	1834	114	21.5634859929	30.6510194806	33.4544855054	11.811
2363	0	3	1	154	9	23.7251526369	33.2661609331	36.3506649586	11.905
2363	0	3	2	1495	93	23.7251526369	33.1296552218	36.2141592473	17.071
2364	0	3	1	1236	77	20.4437165119	28.9387236323	31.5966085717	5.559
2364	0	3	2	2585	161	20.4437165119	30.0368091016	32.694694041	13.055
2365	0	3	1	415	25	20.9182566426	31.0623031912	33.7818830315	4.598
2365	0	3	2	1763	110	20.9182566426	32.464749321	35.1843291614	9.937
2366	0	3	1	1059	66	20.5328523919	28.5057142118	31.1751876954	10.929
2366	0	3	2	2404	150	20.5328523919	27.5435758893	30.2130493729	21.969
2366	1	3	1	1057	66	20.5328523919	24.9243237383	27.5937972219	4.221
2366	1	3	2	2406	150	20.5328523919	30.7082266996	33.3777001832	11.748
2367	0	3	1	430	26	21.806367274	27.0403553736	29.8753983623	8.614
2367	0	3	2	1776	111	21.806367274	28.9689369137	31.8039799024	11.402
2368	0	3	1	428	26	23.1992755398	29.1620090926	32.1781439048	7.07
2368	0	3	2	1774	110	23.1992755398	30.2900645956	33.3061994078	11.527
2369	0	3	1	807	50	27.0004499021	25.4484911313	28.9588161306	9.087
2369	0	3	2	2149	134	27.0004499021	24.7432963855	28.2536213848	13.386
2370	0	3	1	438	27	18.2112854707	31.1473550741	33.5150019425	8.725
2370	0	3	2	1784	111	18.2112854707	30.636544508	33.0041913765	11.842
2371	0	3	1	440	27	17.9724017114	29.923652834	32.2602424558	6.851
2371	0	3	2	1785	111	17.9724017114	32.5807938209	34.9173834427	9.874
2372	0	3	1	432	27	15.6901873945	31.0585483754	33.0984276091	8.126
2372	0	3	2	1779	111	15.6901873945	30.8993170952	32.9391963288	12.252
2373	0	3	1	431	26	19.7939421795	25.3480277091	27.9214355715	5.969
2373	0	3	2	1777	111	19.7939421795	26.3205585436	28.8939664061	4.977
2374	0	3	1	490	30	20.2566125299	27.0180701683	29.6516297432	17.433
2374	0	3	2	1834	114	20.2566125299	29.9890596828	32.6226192576	7.181
2375	0	3	1	1060	66	26.0845732287	29.682004201	33.0732561925	4
2375	0	3	2	2408	150	26.0845732287	28.4259426319	31.8171946234	17.685
2376	0	3	1	489	30	21.2514966955	27.5687082474	30.3316125839	17.512
2376	0	3	2	1833	114	21.2514966955	26.187404698	28.9503090345	6.441
2377	0	3	1	1236	77	19.2943230244	29.9585648377	32.4670172784	5.433
2377	0	3	2	2585	161	19.2943230244	31.5754543482	34.0839067889	14.772
2378	0	3	1	438	27	16.1330651338	29.4396873769	31.5371450882	14.519
2378	0	3	2	1783	111	16.1330651338	31.1108697652	33.2083274764	10.771
2379	0	3	1	1090	68	20.7907934241	34.1951470305	36.8981553943	5.433
2379	0	3	2	2437	152	20.7907934241	33.4958259328	36.1988342966	4.346
2380	0	3	1	376	23	23.0483486303	33.3832814999	36.3797943241	4.22
2380	0	3	2	1723	107	23.0483486303	31.5431214226	34.5396342468	5.527
2381	0	3	1	489	30	23.3260491453	29.9906003794	33.0232170116	14.441
2381	0	3	2	1833	114	23.3260491453	29.8436816798	32.876298312	10.063
2382	0	3	1	1248	78	19.8089869614	30.7923853946	33.3677492272	5.417
2382	0	3	2	2598	162	19.8089869614	28.9667674046	31.5421312372	18.032
2383	0	3	1	438	27	15.7801326572	29.7206711808	31.7722441864	12
2383	0	3	2	1783	111	15.7801326572	29.3353752281	31.3869482337	11.843
2384	0	3	1	437	27	18.6084017175	30.4135926047	32.832868505	8.599
2384	0	3	2	1782	111	18.6084017175	29.7362891747	32.1555650751	7.149
2385	0	3	1	439	27	17.1012126518	32.1746589482	34.397985393	13.622
2385	0	3	2	1783	111	17.1012126518	31.1268733433	33.3501997882	4.346
2386	0	3	1	492	30	21.4148361361	30.5345110334	33.3186511095	9.716
2386	0	3	2	1838	114	21.4148361361	30.724089837	33.5082299131	7.811
2387	0	3	1	489	30	22.1331673798	28.8049037994	31.6824340276	12.095
2387	0	3	2	1833	114	22.1331673798	29.6342022295	32.5117324577	11.496
2388	0	3	1	902	56	24.0706561788	27.6941311718	30.8235540681	12.977
2388	0	3	2	2244	140	24.0706561788	25.6187046425	28.7481275388	7.086
2389	0	3	1	1107	69	21.2572258683	28.2763419788	31.0399911644	5.654
2389	0	3	2	2455	153	21.2572258683	29.7411985745	32.5048477601	13.527
2390	0	3	1	488	30	21.7580424233	32.8135419271	35.6423022082	11.842
2390	0	3	2	1835	114	21.7580424233	31.2144415551	34.0432018362	15.276
2391	0	3	1	490	30	21.1985516997	32.0963636358	34.8523846003	7.165
2391	0	3	2	1840	115	21.1985516997	31.3977034987	34.1537244632	6.252
2392	0	3	1	443	27	17.6930050847	31.5306554257	33.8309207282	18.583
2392	0	3	2	1789	111	17.6930050847	32.4770562324	34.7773215349	12.315
2393	0	3	1	920	57	28.3025796435	27.0489086158	30.7285233344	13.37
2393	0	3	2	2274	142	28.3025796435	24.3760712452	28.0556859637	6.095
2394	0	3	1	917	57	28.9247310934	29.4390749251	33.1995754732	4.315
2394	0	3	2	2255	140	28.9247310934	27.7641526406	31.5246531887	5.906
2395	0	3	1	1093	68	18.3958127648	36.0085396151	38.4001768532	9.748
2395	0	3	2	2442	152	18.3958127648	33.179838801	35.5714760391	7.086
2396	0	3	1	529	33	17.6302597647	28.2763397338	30.5684475253	14.646
2396	0	3	2	1879	117	17.6302597647	29.5171608965	31.8092686881	10.725
2397	0	3	1	429	26	15.3007941043	31.3275830267	33.3168372891	8.125
2397	0	3	2	1775	110	15.3007941043	31.7360040847	33.7252583471	7.102
2398	0	3	1	433	27	16.5906503956	29.7222582454	31.8792065574	8.032
2398	0	3	2	1781	111	16.5906503956	33.4201044549	35.5770527668	11.591
2399	0	3	1	1029	64	26.5453240127	20.6741253923	24.1252795337	7.874
2399	0	3	2	2372	148	26.5453240127	22.4627744432	25.9139285845	13.15
2400	0	3	1	569	35	20.3879250513	28.5283216764	31.1789531752	4.457
2400	0	3	2	1918	119	20.3879250513	27.4136125193	30.0642440181	8.346
2401	0	3	1	1067	66	28.9033164435	28.8565925099	32.6143089422	10.819
2401	0	3	2	2414	150	28.9033164435	30.3895442986	34.1472607308	6.362
2402	0	3	1	833	52	28.1956180349	26.6440582766	30.3097669303	8.913
2402	0	3	2	2175	135	28.1956180349	28.3710015045	32.0367101582	10.346
2403	0	3	1	434	27	16.240361616	22.0892590034	24.2006663164	4.504
2403	0	3	2	1782	111	16.240361616	23.7687335201	25.8801408331	11.197
2404	0	3	1	430	26	25.142347523	29.6224268018	32.8911801512	9.779
2404	0	3	2	1775	110	25.142347523	30.0691528732	33.3379062226	8.661
2405	0	3	1	441	27	17.6614872166	31.7890302895	34.085197958	4.063
2405	0	3	2	1788	111	17.6614872166	31.7697685665	34.0659362351	14.252
2406	0	3	1	438	27	18.729276643	32.562847886	34.9978387197	8.252
2406	0	3	2	1782	111	18.729276643	30.8752882761	33.3102791098	12.094
2407	0	3	1	529	33	20.4583155484	28.254495708	30.9142786662	13.04
2407	0	3	2	1878	117	20.4583155484	27.3136863595	29.9734693177	6.535
2408	0	3	1	1004	62	25.2413687086	29.3048298768	32.5864569577	5.874
2408	0	3	2	2349	146	25.2413687086	28.8490340803	32.1306611612	13.937
2408	1	3	1	1003	62	25.2413687086	29.7190654351	33.000692516	11.307
2408	1	3	2	2350	146	25.2413687086	30.265694865	33.5473219459	9.906
2409	0	3	1	530	33	20.9368949245	31.0842304142	33.8062334152	11.401
2409	0	3	2	1879	117	20.9368949245	30.3039049734	33.0259079744	7.496
2410	0	3	1	431	26	16.662115969	29.9415428718	32.1077824137	10.74
2410	0	3	2	1777	111	16.662115969	30.2015796889	32.3678192308	11.559
2411	0	3	1	997	62	22.4146732211	28.1359727237	31.0501014899	9.512
2411	0	3	2	2342	146	22.4146732211	30.8388184148	33.752947181	7.37
2412	0	3	1	1230	76	18.7413513038	26.4645747727	28.9011354315	16.094
2412	0	3	2	2581	161	18.7413513038	26.8495971497	29.2861578086	16.473
2413	0	3	1	438	27	17.9203252328	35.8050731679	38.1348923334	9.008
2413	0	3	2	1783	111	17.9203252328	34.8514723651	37.1812915306	8.063
2414	0	3	1	1095	68	21.3299491614	32.8680884158	35.6411923473	10.74
2414	0	3	2	2442	152	21.3299491614	33.6972059835	36.470309915	13.04
2415	0	3	1	1236	77	24.1460210108	29.7380828041	32.8773038725	5.843
2415	0	3	2	2585	161	24.1460210108	28.6317623815	31.7709834499	15.685
2416	0	3	1	216	13	22.3510938077	29.6573252828	32.5631880976	8
2416	0	3	2	1558	97	22.3510938077	29.8696295872	32.775492402	10
2417	0	3	1	489	30	23.9025075663	29.3845146546	32.4920765716	14.094
2417	0	3	2	1834	114	23.9025075663	30.2646832235	33.3722451405	6.126
2418	0	3	1	488	30	21.3724543815	31.4149944885	34.1936245181	17.937
2418	0	3	2	1833	114	21.3724543815	31.902477734	34.6811077636	8.756
2419	0	3	1	433	27	22.5152161834	27.1016370546	30.0288373983	7.244
2419	0	3	2	1781	111	22.5152161834	28.58637444	31.5135747837	4.346
2420	0	3	1	440	27	15.1855300995	29.0045830531	30.9788518571	14.897
2420	0	3	2	1787	111	15.1855300995	28.0995189954	30.0737877994	8.74
2421	0	3	1	1250	78	21.7329554613	29.1125252896	31.938024018	6.897
2421	0	3	2	2598	162	21.7329554613	28.09911686	30.9246155884	21.905
2422	0	3	1	443	27	19.76489008	29.4632293279	32.0328601306	7.622
2422	0	3	2	1790	111	19.76489008	28.2431206587	30.8127514615	8
2423	0	3	1	290	18	21.4015101807	27.9187420189	30.7011495892	6
2423	0	3	2	1634	102	21.4015101807	28.5273799284	31.3097874988	6.252
2424	0	3	1	417	26	17.1608863013	27.4330895925	29.6641742009	12.063
2424	0	3	2	1775	110	17.1608863013	32.4952534879	34.7263380962	11.307
2425	0	3	1	1092	68	18.9705728532	40.0784310023	42.5447927251	10
2425	0	3	2	2444	152	18.9705728532	39.7375066515	42.2038683743	8.031
2426	0	3	1	1103	68	21.1021407208	32.9229471796	35.6664337652	8.457
2426	0	3	2	2453	153	21.1021407208	32.0183021154	34.761788701	6.645
2427	0	3	1	378	23	21.492548261	30.280326695	33.0745701144	5.04
2427	0	3	2	1726	107	21.492548261	32.7141937703	35.5084371897	11.717
2428	0	3	1	234	14	23.6695113199	28.8392960163	31.9165661214	14.897
2428	0	3	2	1577	98	23.6695113199	31.3719090613	34.4491791663	14.409
2429	0	3	1	430	26	19.6225173387	29.8176183489	32.36873929	11.355
2429	0	3	2	1776	111	19.6225173387	30.5295512898	33.0806722309	5.401
2430	0	3	1	1250	78	17.8548170898	29.5625066966	31.883809157	15.842
2430	0	3	2	2600	162	17.8548170898	28.7004557766	31.021758237	15.118
2431	0	3	1	439	27	21.8360544473	32.1925493358	35.03145195	6.788
2431	0	3	2	1784	111	21.8360544473	28.6168502991	31.4557529134	4.063
2432	0	3	1	1221	76	19.7995819955	33.0470322385	35.6211733327	6.473
2432	0	3	2	2572	160	19.7995819955	32.7988040018	35.372945096	11.275
2433	0	3	1	141	8	25.1604059392	28.9567500727	32.2278511944	10.725
2433	0	3	2	1481	92	25.1604059392	27.8596386521	31.1307397738	11.464
2434	0	3	1	438	27	19.3098942356	31.1148588748	33.6253357267	14.882
2434	0	3	2	1783	111	19.3098942356	32.5535274006	35.0640042524	10.992
2435	0	3	1	736	46	27.6279377045	29.9845771874	33.5764817947	7.842
2435	0	3	2	2077	129	27.6279377045	29.2052239664	32.7971285738	10.173
2436	0	3	1	429	26	17.3837982702	30.040922963	32.3009883276	14.031
2436	0	3	2	1775	110	17.3837982702	30.6351478037	32.8952131682	11.969
2437	0	3	1	215	13	24.4787805774	30.9272945098	34.1097776064	6.473
2437	0	3	2	1558	97	24.4787805774	30.5722186767	33.7547017733	9.118
2438	0	3	1	333	20	23.3446120769	31.1324897439	34.1675197405	5.591
2438	0	3	2	1675	104	23.3446120769	29.8379236319	32.8729536284	7.102
2439	0	3	1	439	27	18.1063098003	27.73178119	30.0857801851	4.535
2439	0	3	2	1784	111	18.1063098003	31.3841037001	33.7381026953	8.283
2440	0	3	1	430	26	15.8536225174	30.3058411056	32.3669685185	15.654
2440	0	3	2	1776	111	15.8536225174	31.7606835088	33.8218109217	11.559
2441	0	3	1	308	19	27.1167838431	27.1922199181	30.717669478	15.15
2441	0	3	2	1651	103	27.1167838431	27.389757509	30.915207069	16.882
2442	0	3	1	487	30	22.0448676553	27.1219800545	29.9880304469	13.716
2442	0	3	2	1832	114	22.0448676553	27.719097446	30.5851478384	14.378
2443	0	3	1	1220	76	22.0658046681	27.1637944068	30.0325668176	9.118
2443	0	3	2	2571	160	22.0658046681	28.3666892612	31.235461672	14.677
2444	0	3	1	430	26	17.9824587043	31.4454960517	33.7833931819	8.284
2444	0	3	2	1776	111	17.9824587043	31.9605519311	34.2984490613	5.464
2445	0	3	1	429	26	19.3365942784	31.137088185	33.651036306	4.693
2445	0	3	2	1775	110	19.3365942784	33.1262969455	35.6402450665	12.189
2446	0	3	1	431	26	18.1312512906	30.5033169524	32.8605585875	11.969
2446	0	3	2	1777	111	18.1312512906	31.2395258108	33.5967674459	6.693
2448	0	3	1	105	6	25.7594179845	31.5307855803	34.8797641805	12.519
2448	0	3	2	1448	90	25.7594179845	29.2939988649	32.6429774652	13.15
2450	0	3	1	1021	63	24.6016640104	26.6330713242	29.83153048	7.716
2450	0	3	2	2366	147	24.6016640104	29.5245425321	32.723001688	6.599
2451	0	3	1	434	27	16.0401305292	29.2929043879	31.3782796833	10.708
2451	0	3	2	1781	111	16.0401305292	29.0913900456	31.1767653409	5.464
2452	0	3	1	429	26	23.3377538829	25.6925109289	28.7266492925	7.906
2452	0	3	2	1775	110	23.3377538829	27.3977087076	30.4318470712	11.622
2453	0	3	1	1097	68	20.8425850298	31.3561619332	34.065903717	4.252
2453	0	3	2	2444	152	20.8425850298	31.6168430729	34.3265848566	6.535
2454	0	3	1	431	26	17.0642206194	28.4368455887	30.6553627042	9.653
2454	0	3	2	1779	111	17.0642206194	30.31418668	32.5327037955	8.645
2455	0	3	1	592	37	20.0327618837	29.6100090492	32.2144658305	11.276
2455	0	3	2	1941	121	20.0327618837	27.8667730059	30.4712297872	5.653
2456	0	3	1	241	15	22.971858665	34.1540469642	37.1406153379	4.834
2456	0	3	2	1582	98	22.971858665	29.4963486902	32.4829170639	7.244
2457	0	3	1	486	30	23.826290578	26.0798968334	29.1775497895	5.181
2457	0	3	2	1831	114	23.826290578	28.4851901489	31.582843105	8.158
2458	0	3	1	430	26	23.572336195	30.7546618325	33.8192982122	13.937
2458	0	3	2	1777	111	23.572336195	29.2635929026	32.3282292823	7.843
2459	0	3	1	446	27	16.3957057217	32.9104183132	35.0420218933	8.882
2459	0	3	2	1792	112	16.3957057217	34.4780162949	36.6096198751	9.213
2460	0	3	1	431	26	18.9788882953	31.1760817923	33.6435246047	10.252
2460	0	3	2	1779	111	18.9788882953	31.0102546652	33.4776974776	13.874
2461	0	3	1	489	30	19.1214266622	27.9131801609	30.3991543679	13.811
2461	0	3	2	1833	114	19.1214266622	28.4968510417	30.9828252487	8.599
2461	1	3	1	490	30	19.1214266622	26.3400346153	28.8260088223	13.339
2461	1	3	2	1835	114	19.1214266622	26.4443294925	28.9303036995	13.78
2462	0	3	1	1227	76	18.2876226451	27.6203166662	29.9978881209	10.031
2462	0	3	2	2578	161	18.2876226451	27.5835016939	29.9610731485	6.834
2463	0	3	1	1061	66	22.8874278382	35.0066484913	37.9822400241	9.291
2463	0	3	2	2412	150	22.8874278382	34.4076812248	37.3832727576	11.276
2464	0	3	1	429	26	22.4068809315	30.2643148319	33.1774305236	5.717
2464	0	3	2	1776	111	22.4068809315	30.0357641605	32.9488798521	5.276
2465	0	3	1	417	26	17.3182998218	16.6788779415	18.9304278612	8.914
2465	0	3	2	1788	111	17.3182998218	30.3557326788	32.6072825986	12.284
2466	0	3	1	488	30	20.2667358406	29.5133060759	32.1481817811	14.236
2466	0	3	2	1832	114	20.2667358406	30.4349076433	33.0697833484	6.866
2467	0	4	1	434	27	17.2372155324	32.7057056322	34.946713794	6.74
2467	0	4	2	1775	110	17.2372155324	32.8405438247	35.0815519864	7.527
2468	0	4	1	1103	68	18.8643238318	31.9572528298	34.4098011312	12.945
2468	0	4	2	2452	153	18.8643238318	32.7401048971	35.1926531984	10.693
2469	0	4	1	217	13	24.4165484511	31.2128096552	34.3872019611	8.347
2469	0	4	2	1559	97	24.4165484511	35.6096547136	38.7840470195	6.599
2470	0	4	1	478	29	21.0253479867	30.9457964833	33.6792992555	13.181
2470	0	4	2	1826	114	21.0253479867	27.9673398939	30.700842666	4.126
2471	0	4	1	1057	66	22.5069368081	27.9388188257	30.8649427689	6.85
2471	0	4	2	2403	150	22.5069368081	27.8850879776	30.8112119207	20
2472	0	4	1	437	27	16.7340818468	30.3078664676	32.483462284	11.575
2472	0	4	2	1783	111	16.7340818468	30.131254701	32.3068505174	14.346
2473	0	4	1	429	26	16.5637965895	30.6211957078	32.7746527599	6.536
2473	0	4	2	1776	111	16.5637965895	30.0964031366	32.2498601887	11.166
2474	0	4	1	417	26	17.6186071543	24.0397409175	26.3303337547	29.811
2474	0	4	2	1774	110	17.6186071543	36.0397349674	38.3303278046	13.968
2475	0	4	1	1224	76	19.1920666401	27.8752125007	30.3703706022	11.748
2475	0	4	2	2578	161	19.1920666401	24.9778522678	27.4730103693	11.527
2476	0	4	1	443	27	18.7563283213	28.4710083386	30.9095161575	12.662
2476	0	4	2	1789	111	18.7563283213	28.9898535179	31.4283613369	5.37
2477	0	4	1	347	21	23.4789371787	30.0188559637	33.0713495493	6.378
2477	0	4	2	1691	105	23.4789371787	30.9592146112	34.0117081968	10.158
2478	0	4	1	490	30	23.8996446337	29.7534753983	32.8606651058	16.504
2478	0	4	2	1835	114	23.8996446337	29.3015751144	32.4087648219	12.299
2479	0	4	1	438	27	17.2766675692	29.7462368221	31.9923741381	7.04
2479	0	4	2	1784	111	17.2766675692	27.5956283105	29.8417656265	10.032
2480	0	4	1	210	13	23.5024712027	34.2117494056	37.2673026467	5.559
2480	0	4	2	1553	97	23.5024712027	33.39782065	36.4533738911	10.189
2481	0	4	1	430	26	20.9725412698	28.7914257281	31.5180631059	9.968
2481	0	4	2	1776	111	20.9725412698	28.7192928344	31.4459302121	8.031
2482	0	4	1	184	11	24.6684454312	31.0938369025	34.3009783022	10.031
2482	0	4	2	1528	95	24.6684454312	29.0242063196	32.2313477193	12.126
2483	0	4	1	431	26	15.7809271227	28.2971920064	30.3488683004	8.897
2483	0	4	2	1777	111	15.7809271227	30.2821320792	32.3338083732	9.748
2484	0	4	1	440	27	17.2930477066	29.172224748	31.4204916436	4.693
2484	0	4	2	1784	111	17.2930477066	28.3269674969	30.5752343924	5.527
2485	0	4	1	438	27	17.6589498932	29.5565449067	31.8523826981	11.307
2485	0	4	2	1784	111	17.6589498932	29.5895124476	31.8853502391	5.527
2486	0	4	1	431	26	19.2821956763	31.5449791154	34.0518548812	4.031
2486	0	4	2	1779	111	19.2821956763	31.8822851872	34.389160953	10.378
2487	0	4	1	1099	68	17.8373123186	31.1320790594	33.4511057267	5.811
2487	0	4	2	2447	152	17.8373123186	31.398652838	33.7176795054	7.023
2488	0	4	1	522	32	22.8926174052	30.6414285494	33.6176947772	4.929
2488	0	4	2	1859	116	22.8926174052	32.9631971428	35.9394633706	13.905
2489	0	4	1	916	57	31.2774516901	29.4132995771	33.4796770257	11.449
2489	0	4	2	2264	141	31.2774516901	25.9242112604	29.990588709	4.819
2490	0	4	1	444	27	14.8840402857	27.0734651819	29.0085373342	6.677
2490	0	4	2	1790	111	14.8840402857	26.1014914054	28.0365635577	4.441
2491	0	4	1	1217	76	19.40271155	31.9510130174	34.4735570363	12.347
2491	0	4	2	2566	160	19.40271155	30.7461138701	33.268657889	11.103
2492	0	4	1	439	27	18.9718851324	29.9056707794	32.3722031115	5.905
2492	0	4	2	1784	111	18.9718851324	29.8542620329	32.320794365	6.961
2493	0	4	1	571	35	23.2404067338	29.5452438953	32.5667261686	7.055
2493	0	4	2	1921	120	23.2404067338	32.2495951862	35.2710774596	9.843
2494	0	4	1	1097	68	20.18143431	33.8298799106	36.4536655748	9.874
2494	0	4	2	2444	152	20.18143431	34.5022823906	37.1260680548	6.22
2495	0	4	1	262	16	28.1319715102	30.0102132591	33.6676472363	6.519
2495	0	4	2	1606	100	28.1319715102	30.9809551605	34.6383891377	5.811
2496	0	4	1	510	31	18.8474827252	29.7574483498	32.207807141	10.031
2496	0	4	2	1859	116	18.8474827252	31.3200672045	33.7704259957	10.504
2497	0	4	1	433	27	18.2710398205	32.7855908657	35.1610063894	12.378
2497	0	4	2	1781	111	18.2710398205	31.8156572318	34.1910727555	5.118
2498	0	4	1	429	26	17.9911407918	31.179268486	33.5182943732	19.229
2498	0	4	2	1776	111	17.9911407918	31.455927642	33.7949535292	11.685
2499	0	4	1	429	26	21.5241518367	30.7662172139	33.5645694101	9.575
2499	0	4	2	1775	110	21.5241518367	29.7643203548	32.562672551	14.095
2500	0	4	1	440	27	18.1690242817	30.6417123984	33.0038648951	7.086
2500	0	4	2	1787	111	18.1690242817	29.6161518708	31.9783043676	4.866
2501	0	4	1	1062	66	21.5366151829	28.0426833541	30.8426559083	6.693
2501	0	4	2	2408	150	21.5366151829	26.2794252598	29.079397814	18.095
2502	0	4	1	430	26	17.7433554442	32.3718994681	34.6787108143	12.221
2502	0	4	2	1776	111	17.7433554442	35.4082839745	37.7150953208	7.622
2503	0	4	1	431	26	22.0854869073	30.8682078719	33.739539168	10.347
2503	0	4	2	1781	111	22.0854869073	30.6127048205	33.4840361166	14.756
2504	0	4	1	1220	76	19.0992924927	28.0509035398	30.5340000863	5.339
2504	0	4	2	2569	160	19.0992924927	30.4560236124	32.9391201589	14.283
2505	0	4	1	585	36	21.9451660585	36.8640124971	39.7171006978	7.307
2505	0	4	2	1933	120	21.9451660585	31.5117546234	34.3648428241	4.347
2506	0	4	1	438	27	18.5226237015	31.5823987317	33.9905226433	7.748
2506	0	4	2	1781	111	18.5226237015	29.5424780251	31.9506019367	4.929
2507	0	4	1	429	26	21.0494732374	31.5188913109	34.2555306038	10.536
2507	0	4	2	1775	110	21.0494732374	30.8344632008	33.5711024937	9.307
2508	0	4	1	1030	64	24.054189521	38.0035575602	41.1308396285	5.055
2508	0	4	2	2375	148	24.054189521	38.395042473	41.5223245413	6.992
2509	0	4	1	432	27	17.3134264597	34.4415510481	36.6924673826	6.504
2509	0	4	2	1779	111	17.3134264597	34.3973956775	36.6483120121	10.677
2510	0	4	1	1254	78	19.6942383936	28.7655905521	31.3260359382	10.315
2510	0	4	2	2602	162	19.6942383936	27.6061765704	30.1666219566	22.346
2512	0	4	1	582	36	18.3322745359	32.798278793	35.1816554342	10.095
2512	0	4	2	1931	120	18.3322745359	31.1706412261	33.5540178672	7.496
2513	0	4	1	429	26	21.3010310262	30.4599165287	33.2292608172	5.465
2513	0	4	2	1775	110	21.3010310262	31.0441915632	33.8135358517	12.095
2514	0	4	1	429	26	20.0231254686	27.204783451	29.8079874032	11.905
2514	0	4	2	1776	111	20.0231254686	27.7100360329	30.3132399851	5.842
2515	0	4	1	440	27	15.4815233608	31.2236798411	33.2364306907	4.094
2515	0	4	2	1785	111	15.4815233608	29.4865060868	31.4992569364	7.433
2516	0	4	1	440	27	18.3107000818	28.6632982199	31.0438699691	5.701
2516	0	4	2	1787	111	18.3107000818	28.9357736253	31.3163453745	9.622
2517	0	4	1	471	29	25.897967855	24.1099452525	27.4769367035	7.118
2517	0	4	2	1817	113	25.897967855	28.9301310248	32.2971224758	6.094
2518	0	4	1	310	19	26.3796054605	29.2160434451	32.6456525389	8.803
2518	0	4	2	1655	103	26.3796054605	29.326547646	32.7561567397	11.244
2520	0	4	1	820	51	27.9755730209	26.5878107517	30.2249113815	14.662
2520	0	4	2	2161	135	27.9755730209	26.3189146433	29.9560152731	14.897
2520	1	4	1	821	51	27.9755730209	26.1719339354	29.8090345652	11.496
2520	1	4	2	2164	135	27.9755730209	29.1384522901	32.77555292	16.347
2521	0	4	1	432	27	16.0398877118	32.1911589227	34.2765026494	10.157
2521	0	4	2	1775	110	16.0398877118	30.3581943173	32.443538044	10.157
2522	0	4	1	489	30	24.0574333062	28.7330127699	31.8607165623	13.811
2522	0	4	2	1834	114	24.0574333062	30.7887106245	33.9164144169	10.756
2523	0	4	1	437	27	19.9641138459	30.2576728636	32.8532047223	13.355
2523	0	4	2	1783	111	19.9641138459	32.1090631986	34.7045950574	11.244
2524	0	4	1	309	19	26.4350140432	28.4215916241	31.8584043805	9.59
2524	0	4	2	1653	103	26.4350140432	27.1657486308	30.6025613872	11.969
2525	0	4	1	735	45	20.730009758	22.2728424853	24.9679483725	10.315
2525	0	4	2	2076	129	20.730009758	30.2425930166	32.9376989039	7.386
2526	0	4	1	433	27	16.5500759483	32.6875127094	34.8391859427	9.496
2526	0	4	2	1780	111	16.5500759483	32.8114254726	34.9630987059	9.181
2527	0	4	1	431	26	20.9599909977	29.4028405862	32.1278463047	11.842
2527	0	4	2	1777	111	20.9599909977	29.0661222561	31.7911279746	6.409
2528	0	4	1	434	27	18.5524310681	32.1202657498	34.5322649132	11.528
2528	0	4	2	1781	111	18.5524310681	30.3886313594	32.8006305229	13.685
2529	0	4	1	430	26	21.6353761008	33.6736464572	36.4864589056	17.685
2529	0	4	2	1776	111	21.6353761008	33.86887679	36.6816892384	10.22
2530	0	4	1	438	27	18.6075738554	31.2714703466	33.6906386167	16.992
2530	0	4	2	1783	111	18.6075738554	32.6202559011	35.0394241712	7.654
2531	0	4	1	438	27	25.3166146822	28.3244201167	31.6158299168	9.685
2531	0	4	2	1783	111	25.3166146822	28.5404172647	31.8318270649	13.37
2532	0	4	1	567	35	26.2847772476	27.3479879226	30.7652684127	11.102
2532	0	4	2	1913	119	26.2847772476	23.5091651807	26.9264456708	8.173
2533	0	4	1	1254	78	22.7214910065	29.1333986104	32.0874167172	6.535
2533	0	4	2	2601	162	22.7214910065	30.6231603438	33.5771784506	18
2534	0	4	1	434	27	17.2801593102	32.686889771	34.9334810478	4
2534	0	4	2	1782	111	17.2801593102	32.3350671005	34.5816583773	10.866
2535	0	4	1	433	27	15.976805697	32.3082407164	34.3853831586	12.851
2535	0	4	2	1781	111	15.976805697	32.4949627159	34.572105158	7.717
2536	0	4	1	430	26	17.9147028048	30.9919900831	33.3210782775	10
2536	0	4	2	1776	111	17.9147028048	29.050386215	31.3794744094	18.063
2537	0	4	1	1229	76	21.314289767	27.5446775128	30.3157455685	16.158
2537	0	4	2	2580	161	21.314289767	27.8496810101	30.6207490657	18.441
2538	0	4	1	415	25	18.3588873432	34.9914253602	37.378261929	7.685
2538	0	4	2	1763	110	18.3588873432	33.8974067986	36.2842433674	14.677
2539	0	4	1	310	19	23.6675167657	27.8801470596	30.957157853	17.937
2539	0	4	2	1653	103	23.6675167657	30.1932046084	33.2702154018	20.063
2540	0	4	1	1099	68	27.8762564525	27.4837870696	31.1079755653	10.536
2540	0	4	2	2447	152	27.8762564525	28.1642270124	31.788415508	10.252
2541	0	4	1	440	27	28.9375995531	25.4708884536	29.2330620285	14.536
2541	0	4	2	1787	111	28.9375995531	28.1120876072	31.8742611821	6.929
2542	0	4	1	444	27	15.9809456845	29.756938365	31.8346190464	8.599
2542	0	4	2	1788	111	15.9809456845	28.8798037517	30.957484433	14.803
2543	0	4	1	493	30	21.2272187859	26.998123667	29.7578716357	7.544
2543	0	4	2	1838	114	21.2272187859	26.5973166904	29.3570646591	8.378
2544	0	4	1	430	26	17.8978485603	29.2207323392	31.5476293155	12.803
2544	0	4	2	1777	111	17.8978485603	33.1620096724	35.4889066487	6.661
2545	0	4	1	437	27	20.3412837972	29.9541380934	32.5987057688	4.788
2545	0	4	2	1781	111	20.3412837972	31.4514074752	34.0959751506	12.157
2546	0	4	1	438	27	21.5941287889	28.2342612392	31.0417111298	6.031
2546	0	4	2	1783	111	21.5941287889	31.1165361247	33.9239860154	11.307
2547	0	4	1	1003	62	22.8058857944	28.3752127964	31.3402030586	7.811
2547	0	4	2	2349	146	22.8058857944	27.36332201	30.3283122722	8.835
2548	0	4	1	438	27	16.525260912	30.081833531	32.2302805647	9.307
2548	0	4	2	1783	111	16.525260912	29.0012443635	31.1496913972	11.149
2548	1	4	1	440	27	16.525260912	32.1929860821	34.3414331158	5.386
2548	1	4	2	1787	111	16.525260912	27.86906798	30.0175150137	16.252
2549	0	4	1	490	30	23.2614255756	27.7060880953	30.7303030256	15.244
2549	0	4	2	1834	114	23.2614255756	27.8483194653	30.8725343955	10.504
2550	0	4	1	430	26	21.6319164831	35.1247007292	37.9370633931	12.598
2550	0	4	2	1775	110	21.6319164831	33.7851386972	36.5975013611	10.787
2551	0	4	1	259	16	25.5141627693	26.8735780058	30.1906710073	7.465
2551	0	4	2	1602	100	25.5141627693	28.1559092095	31.4730022109	9.244
2552	0	4	1	433	27	18.0897144958	30.9902092358	33.3420506775	8.063
2552	0	4	2	1780	111	18.0897144958	29.4747647235	31.8266061652	9.905
2553	0	4	1	309	19	29.2508051345	29.4462199014	33.2491132934	10.441
2553	0	4	2	1651	103	29.2508051345	28.6256701999	32.4285635919	6.677
2554	0	4	1	1024	64	24.8218817576	27.0286717656	30.2557614022	4.315
2554	0	4	2	2372	148	24.8218817576	30.4311631525	33.6582527891	7.212
2555	0	4	1	1218	76	19.9246233013	29.1023211181	31.6927188163	8.031
2555	0	4	2	2569	160	19.9246233013	28.3134444109	30.9038421091	4.252
2556	0	4	1	428	26	18.2249614595	31.6012350434	33.9706599254	11.401
2556	0	4	2	1774	110	18.2249614595	32.0409032393	34.4103281213	14.315
2557	0	4	1	1248	78	20.9984077145	25.4282199234	28.1582201943	4.929
2557	0	4	2	2597	162	20.9984077145	26.0965698681	28.826570139	8.929
2558	0	4	1	282	17	25.2071137777	31.3824979215	34.6596715233	7.087
2558	0	4	2	1626	101	25.2071137777	28.7286185543	32.005792156	7.433
2559	0	4	1	440	27	18.0574206247	28.231176219	30.5788191388	5.779
2559	0	4	2	1785	111	18.0574206247	28.3296219247	30.6772648445	5.244
2560	0	4	1	488	30	20.0976554917	31.4006013897	34.0134949806	15.275
2560	0	4	2	1837	114	20.0976554917	29.3285524711	31.941446062	9.496
2561	0	4	1	489	30	27.3998198534	27.5450041993	31.1072512344	7.78
2561	0	4	2	1833	114	27.3998198534	26.8238403435	30.3860873785	11.937
2562	0	4	1	437	27	20.32619277	26.4268889227	29.0694946156	10.378
2562	0	4	2	1783	111	20.32619277	31.3937236335	34.0363293264	15.134
2563	0	4	1	431	26	24.984558839	31.3176155095	34.5658547724	10.551
2563	0	4	2	1777	111	24.984558839	28.8089260286	32.0571652916	9.685
2564	0	4	1	1224	76	19.4328216191	29.0726359584	31.5990945835	8.441
2564	0	4	2	2575	160	19.4328216191	29.9663612938	32.4928199189	13.685
2565	0	4	1	548	34	21.5263037721	29.9562857402	32.7549177093	6.126
2565	0	4	2	1894	118	21.5263037721	30.1575436671	32.9561756362	9.559
2566	0	4	1	1060	66	25.6124794812	30.4621832756	33.79205842	10.221
2566	0	4	2	2407	150	25.6124794812	28.3680586603	31.6979338047	15.717
2567	0	4	1	1030	64	29.3807287212	25.8386875502	29.658472291	11.275
2567	0	4	2	2374	148	29.3807287212	33.9434251343	37.763209875	10.661
2568	0	4	1	488	30	22.6915813795	29.6188190488	32.5689486089	14.661
2568	0	4	2	1832	114	22.6915813795	30.2240012452	33.1741308053	9.685
2569	0	4	1	336	21	26.5215145797	28.9459346972	32.3939933772	5.149
2569	0	4	2	1680	105	26.5215145797	31.5499723845	34.9980310645	8.708
2570	0	4	1	431	26	28.8670583329	22.8388954463	26.5918979663	14.772
2570	0	4	2	1777	111	28.8670583329	24.3038678505	28.0568703705	9.37
2571	0	4	1	430	26	18.3881521005	31.6313056358	34.0219469119	6.63
2571	0	4	2	1779	111	18.3881521005	30.7011584929	33.091799769	7.874
2572	0	4	1	440	27	19.4041916371	29.6099213102	32.1326577551	8.787
2572	0	4	2	1787	111	19.4041916371	30.2822041761	32.804940621	7.401
2573	0	4	1	985	61	22.2499605772	22.3684222192	25.2611367158	9.197
2573	0	4	2	2330	145	22.2499605772	31.6401669934	34.53288149	9.134
2574	0	4	1	1103	68	25.8642213559	32.4762015437	35.8388056167	11.78
2574	0	4	2	2452	153	25.8642213559	32.3360928184	35.6986968914	9.685
2576	0	4	1	438	27	18.2044279226	29.3161833109	31.6829386304	12.488
2576	0	4	2	1773	110	18.2044279226	31.0099428941	33.3766982136	16.221
2577	0	4	1	1021	63	26.9918903675	21.7159491865	25.2251613618	18.063
2577	0	4	2	2366	147	26.9918903675	25.5209801705	29.0301923459	11.213
2578	0	4	1	431	26	18.3456800675	28.4603492899	30.8454687825	17.811
2578	0	4	2	1779	111	18.3456800675	30.893052943	33.2781724356	10.378
2579	0	4	1	471	29	22.6985518847	33.3856690893	36.3367048838	5.748
2579	0	4	2	1817	113	22.6985518847	30.0704838465	33.021519641	9.055
2580	0	4	1	429	26	15.5409547924	30.4455436148	32.4660211372	5.102
2580	0	4	2	1776	111	15.5409547924	31.376391095	33.3968686173	5.905
2582	0	4	1	443	27	18.6917994324	31.5852309847	34.0153494112	14.63
2582	0	4	2	1790	111	18.6917994324	30.0446069953	32.4747254217	10.378
2583	0	4	1	1093	68	20.0640382072	33.3629717615	35.9714947735	4.866
2583	0	4	2	2441	152	20.0640382072	33.2250950909	35.8336181029	9.433
2584	0	4	1	489	30	22.4433442467	30.7027062229	33.6205625054	12.63
2584	0	4	2	1834	114	22.4433442467	28.9974681541	31.9153244366	12.252
2585	0	4	1	998	62	22.4749211756	27.9681049039	30.8900664988	5.843
2585	0	4	2	2343	146	22.4749211756	29.8649191142	32.7868807092	10.536
2586	0	4	1	917	57	25.3389577034	29.5939033068	32.8882179203	14.252
2586	0	4	2	2258	141	25.3389577034	32.0340901925	35.3284048059	5.197
2587	0	4	1	1217	76	22.7377095921	27.9114467032	30.8675733862	11.968
2587	0	4	2	2566	160	22.7377095921	32.7748683914	35.7309950743	11.433
2589	0	4	1	1019	63	21.3621762201	33.0336195283	35.8109132955	6.535
2589	0	4	2	2363	147	21.3621762201	31.4289770019	34.2062707691	7.905
2590	0	4	1	439	27	18.6374092869	30.4301449765	32.8531921472	5.15
2590	0	4	2	1784	111	18.6374092869	29.2223425728	31.6453897434	7.874
2591	0	4	1	434	27	25.132629158	25.8944510793	29.1619409453	9.355
2591	0	4	2	1781	111	25.132629158	27.7587436303	31.0262334963	9.842
2592	0	4	1	429	26	18.7038278327	31.4032221113	33.8349043485	9.874
2592	0	4	2	1772	110	18.7038278327	31.0817765213	33.5134587585	11.968
2593	0	4	1	470	29	21.9809459663	34.148310213	37.0060501549	9.055
2593	0	4	2	1816	113	21.9809459663	32.4552290897	35.3129690315	6.756
2594	0	4	1	438	27	16.7320670941	31.996726733	34.1720606117	5.496
2594	0	4	2	1783	111	16.7320670941	32.2535610827	34.4288949613	8.74
2595	0	4	1	440	27	19.7900271912	30.8609904738	33.4338893492	10.33
2595	0	4	2	1787	111	19.7900271912	29.5900917598	32.1629906351	17.244
2596	0	4	1	432	27	23.7195519186	31.271657509	34.3554333859	6.63
2596	0	4	2	1779	111	23.7195519186	27.9484768741	31.032252751	4.221
2597	0	4	1	431	26	15.2873583073	29.518149645	31.5056571212	14.96
2597	0	4	2	1775	110	15.2873583073	30.5906040017	32.5781114778	16.158
2597	1	4	1	438	27	15.2873583073	27.0240065679	29.0115140441	4.74
2597	1	4	2	1774	110	15.2873583073	30.6318587162	32.6193661923	5.622
2598	0	4	1	439	27	18.1837193313	30.1567868389	32.5208498371	10.126
2598	0	4	2	1785	111	18.1837193313	31.8943865692	34.2584495674	11.811
2599	0	4	1	562	35	28.9953338549	30.1739886117	33.9436682157	11.307
2599	0	4	2	1913	119	28.9953338549	31.2590875046	35.0287671086	5.559
2600	0	4	1	430	26	16.9350504489	28.6151244353	30.8168481536	14.882
2600	0	4	2	1776	111	16.9350504489	29.2108134422	31.4125371605	18.031
2601	0	4	1	431	26	17.8257513811	32.6211589452	34.9386825765	10.284
2601	0	4	2	1779	111	17.8257513811	31.3512851217	33.668808753	8.96
2602	0	4	1	433	27	19.2477082625	31.7779586346	34.2803506962	8.756
2602	0	4	2	1781	111	19.2477082625	33.5247833648	36.0271754263	8.945
2603	0	4	1	432	27	17.3405179509	32.2058755628	34.4603140587	10.599
2603	0	4	2	1776	111	17.3405179509	31.8447293889	34.0991678848	12.283
2603	1	4	1	431	26	17.3405179509	30.3101298379	32.5645683338	15.622
2603	1	4	2	1777	111	17.3405179509	31.5218910138	33.7763295096	9.055
2604	0	4	1	440	27	18.8274566712	29.6427299239	32.0904851304	6.252
2604	0	4	2	1785	111	18.8274566712	28.2483464198	30.6961016263	4.284
2605	0	4	1	439	27	19.2901298606	33.5011778013	36.0090850893	7.811
2605	0	4	2	1785	111	19.2901298606	32.1013391954	34.6092464835	5.622
2606	0	4	1	440	27	19.382651903	31.0311672161	33.5511032829	8.567
2606	0	4	2	1787	111	19.382651903	30.1529174964	32.6728535632	15.748
2607	0	4	1	377	23	18.2615898352	29.0964196196	31.470606552	10.567
2607	0	4	2	1724	107	18.2615898352	29.7680584566	32.142245389	10.189
2608	0	4	1	438	27	19.7787231507	31.7953935995	34.366822838	9.008
2608	0	4	2	1783	111	19.7787231507	33.1198214106	35.6912506491	9.496
2609	0	4	1	521	32	17.2052184209	30.1243242358	32.3611724572	10.519
2609	0	4	2	1867	116	17.2052184209	28.1995856211	30.4364338426	4.094
2610	0	4	1	486	30	18.2960310368	27.0764961618	29.4551607904	6.536
2610	0	4	2	1832	114	18.2960310368	28.1390474547	30.5177120832	8.031
2611	0	4	1	443	27	19.7327045651	29.3370082539	31.902454622	8.031
2611	0	4	2	1790	111	19.7327045651	29.2520777001	31.8175240682	9.118
2612	0	4	1	964	60	24.1393912856	30.2901215858	33.4284807244	6.725
2612	0	4	2	2309	144	24.1393912856	29.8519891904	32.9903483291	12.819
2613	0	4	1	429	26	17.3997899983	29.8953375896	32.1574820367	11.024
2613	0	4	2	1776	111	17.3997899983	32.1539115929	34.4160560399	9.149
2615	0	4	1	433	27	19.96443456	31.2618364624	33.8574100171	12.032
2615	0	4	2	1775	110	19.96443456	33.064325134	35.6598986888	7.937
2616	0	4	1	434	27	16.7890393394	31.248114445	33.4308552779	7.212
2616	0	4	2	1781	111	16.7890393394	36.4917761383	38.6745169712	5.528
2617	0	4	1	1098	68	20.0049408571	35.9157918413	38.5166316145	5.181
2617	0	4	2	2444	152	20.0049408571	34.9637882696	37.5646280428	9.716
2618	0	4	1	440	27	15.2636419839	28.4341809964	30.4186051164	5.37
2618	0	4	2	1788	111	15.2636419839	30.2535743587	32.2379984787	11.685
2619	0	4	1	567	35	30.0690430322	31.2048824855	35.1141548807	14.661
2619	0	4	2	1915	119	30.0690430322	32.8531926505	36.7624650458	4.535
2621	0	4	1	489	30	24.010390099	28.1906782539	31.3122659649	13.055
2621	0	4	2	1834	114	24.010390099	29.3368481541	32.4584358652	9.496
2622	0	4	1	414	25	15.8219024323	31.3736887447	33.4306922334	10.473
2622	0	4	2	1762	110	15.8219024323	31.8116824603	33.868685949	13.023
2623	0	4	1	443	27	17.5632558391	28.7737550408	31.0571516606	6.095
2623	0	4	2	1789	111	17.5632558391	31.4132928342	33.696689454	7.843
2624	0	4	1	485	30	21.2166283596	26.3788294282	29.1372005369	14.441
2624	0	4	2	1829	114	21.2166283596	27.7301682665	30.4885393752	10.692
2625	0	4	1	478	29	23.3282495268	32.5910573301	35.6239600336	5.559
2625	0	4	2	1826	114	23.3282495268	28.9432992692	31.9762019727	6.283
2627	0	4	1	413	25	26.1233195152	26.306818963	29.7031083542	4.331
2627	0	4	2	1760	110	26.1233195152	29.6401354517	33.0364248428	6.315
2628	0	4	1	486	30	22.03680632	30.489776638	33.3547789773	10.882
2628	0	4	2	1831	114	22.03680632	31.759683735	34.6246860742	10.189
2629	0	4	1	415	25	18.7206948104	29.382277926	31.8161530368	4.268
2629	0	4	2	1763	110	18.7206948104	32.8283480199	35.2622231307	15.464
2630	0	4	1	567	35	19.8338984098	35.5785027409	38.1571053077	4.519
2630	0	4	2	1936	121	19.8338984098	26.9200432229	29.4986457897	15.748
2631	0	4	1	582	36	24.6322805305	28.3490006462	31.5514402518	10.063
2631	0	4	2	1930	120	24.6322805305	26.9581510363	30.160590642	10.252
2632	0	4	1	438	27	15.7896674309	31.1445382406	33.1973508609	7.402
2632	0	4	2	1783	111	15.7896674309	31.292277698	33.3450903183	9.717
2633	0	4	1	438	27	18.5880725156	30.197249208	32.6138821114	6.032
2633	0	4	2	1783	111	18.5880725156	29.1811788639	31.5978117673	11.653
2634	0	4	1	1107	69	21.0184921393	35.4952147295	38.2278261738	7.779
2634	0	4	2	2455	153	21.0184921393	33.8564329877	36.589044432	4.189
2635	0	4	1	487	30	24.8898863022	30.0638802618	33.2998111605	12.662
2635	0	4	2	1832	114	24.8898863022	29.2669839561	32.5029148548	11.181
2636	0	4	1	214	13	22.7782793108	29.7032493478	32.6646504946	6.221
2636	0	4	2	1556	97	22.7782793108	28.197371767	31.1587729139	4.347
2637	0	4	1	429	26	23.9340829934	28.3022332293	31.4139002635	7.008
2637	0	4	2	1776	111	23.9340829934	31.7626215722	34.8742886063	10.126
2638	0	4	1	434	27	18.2865470758	31.9682282788	34.3456598988	4.787
2638	0	4	2	1783	111	18.2865470758	31.5852145761	33.9626461961	11.055
2639	0	4	1	430	26	15.718435657	28.9171503736	30.9607021602	10.693
2639	0	4	2	1776	111	15.718435657	28.7444433163	30.7879951029	10.567
2640	0	4	1	433	27	25.04037578	25.1377984443	28.3932944605	10.756
2640	0	4	2	1780	111	25.04037578	26.7042904805	29.9597864967	13.212
2640	1	4	1	432	27	25.04037578	23.3222368894	26.5777329056	4.63
2640	1	4	2	1779	111	25.04037578	28.639091877	31.8945878932	13.906
2641	0	4	1	478	29	21.8628293141	27.8685853301	30.7109689413	10.063
2641	0	4	2	1826	114	21.8628293141	28.2293415623	31.0717251735	10.157
2642	0	4	1	457	28	22.3821340474	31.4264403992	34.3363387516	8.473
2642	0	4	2	1801	112	22.3821340474	31.6575527563	34.5674511087	7.937
2643	0	4	1	1057	66	24.0674655125	26.0456344137	29.1746424919	4.126
2643	0	4	2	2403	150	24.0674655125	25.3682236379	28.4972317161	19.559
2644	0	4	1	439	27	21.2350097419	29.844030078	32.6047909479	8.158
2644	0	4	2	1784	111	21.2350097419	29.2259074494	31.9866683193	11.843
2645	0	4	1	415	25	18.271510519	26.7454084879	29.1208852071	5.685
2645	0	4	2	1766	110	18.271510519	27.7350759213	30.1105526405	13.433
2646	0	4	1	1236	77	18.2821310699	30.3858885725	32.7627460681	8.315
2646	0	4	2	2585	161	18.2821310699	28.159897305	30.5367548006	12.835
2647	0	4	1	383	23	22.5880311698	29.8287310907	32.7653981014	6.614
2647	0	4	2	1728	108	22.5880311698	32.5654181554	35.5020851661	4.031
2648	0	4	1	433	27	18.3915993481	30.0926818586	32.4837713109	13.118
2648	0	4	2	1782	111	18.3915993481	30.340479547	32.7315689994	17.37
2649	0	4	1	429	26	25.3599259254	30.5935604097	33.8906010991	10.851
2649	0	4	2	1775	110	25.3599259254	29.7216840685	33.0187247578	14.599
2651	0	4	1	432	27	21.5938250955	33.6217613502	36.4291717577	7.465
2651	0	4	2	1779	111	21.5938250955	33.3615075924	36.1689179999	13.653
2652	0	4	1	1091	68	21.7230343176	33.4256987594	36.2499076412	8.441
2652	0	4	2	2438	152	21.7230343176	32.5679404676	35.3921493494	10.567
2653	0	4	1	1254	78	25.6408815692	26.8464333587	30.1800010549	5.874
2653	0	4	2	2602	162	25.6408815692	27.5301379794	30.8637056756	12.284
2654	0	4	1	439	27	17.4548863155	32.3882588806	34.6575663927	7.906
2654	0	4	2	1784	111	17.4548863155	32.48976142	34.7590689321	7.685
2655	0	4	1	439	27	18.7673825161	29.8426433601	32.2825883335	4.347
2655	0	4	2	1784	111	18.7673825161	31.7507716795	34.1907166529	4.787
2656	0	4	1	439	27	22.7469413526	33.7611978298	36.7185247328	5.78
2656	0	4	2	1785	111	22.7469413526	32.6382503979	35.5955773009	11.811
2657	0	4	1	438	27	17.536125946	31.5698441379	33.8497136039	10.236
2657	0	4	2	1783	111	17.536125946	32.8473669936	35.1272364596	10
2658	0	4	1	478	29	21.7528695563	30.5889361496	33.417023907	14.929
2658	0	4	2	1826	114	21.7528695563	31.1289898788	33.9570776361	7.496
2659	0	4	1	376	23	29.1438370803	29.6520189858	33.4410054749	9.464
2659	0	4	2	1720	107	29.1438370803	26.3476883054	30.1366747945	5.496
2660	0	4	1	430	26	21.1092102645	25.657893559	28.4022992551	11.213
2660	0	4	2	1777	111	21.1092102645	29.1392470944	31.8836527905	4.693
2661	0	4	1	443	27	16.3051727067	31.4715556515	33.5913890461	8.095
2661	0	4	2	1788	111	16.3051727067	29.2338032793	31.3536366738	13.748
2662	0	4	1	429	26	23.8609395066	32.2598266825	35.3619843414	6.441
2662	0	4	2	1775	110	23.8609395066	31.6122401565	34.7143978154	13.244
2663	0	4	1	565	35	27.0587975297	25.3054015108	28.8233122777	10.725
2663	0	4	2	1913	119	27.0587975297	26.7698529051	30.2877636719	11.496
2664	0	4	1	439	27	23.5108729859	29.5494790151	32.606124571	4.819
2664	0	4	2	1785	111	23.5108729859	30.5491620909	33.6058076468	11.622
2665	0	4	1	432	27	18.7241819301	30.1124069869	32.5467354577	11.527
2665	0	4	2	1775	110	18.7241819301	30.3744490881	32.8087775589	19.118
2666	0	4	1	1103	68	19.9645838768	30.2785499723	32.8741429398	10.992
2666	0	4	2	2452	153	19.9645838768	31.7733674773	34.3689604447	7.779
2667	0	4	1	346	21	22.992322774	26.1751303139	29.1643592237	14.189
2667	0	4	2	1690	105	22.992322774	26.3427115677	29.3319404775	15.244
2668	0	4	1	488	30	21.1478459133	29.857001978	32.6064306897	13.559
2668	0	4	2	1831	114	21.1478459133	26.9536904051	29.7031191169	9.937
2669	0	4	1	452	28	20.2116043653	30.8558992507	33.4836073199	13.622
2669	0	4	2	1797	112	20.2116043653	28.3653546881	30.9930627573	10.819
2670	0	4	1	1248	78	21.7509595417	28.860512075	31.6883515116	9.165
2670	0	4	2	2598	162	21.7509595417	28.7402161104	31.568055547	13.04
2671	0	4	1	807	50	26.4187227638	24.9133516361	28.3480463654	8.851
2671	0	4	2	2149	134	26.4187227638	25.6293060831	29.0640008125	11.811
2672	0	4	1	486	30	20.6329562933	29.7440008501	32.4264888289	10.22
2672	0	4	2	1831	114	20.6329562933	29.5325769434	32.2150649222	12.315
2673	0	4	1	434	27	16.1407579976	30.8789051127	32.9773629722	11.622
2673	0	4	2	1782	111	16.1407579976	29.9729210279	32.0713788874	15.496
2674	0	4	1	1064	66	23.2102757776	27.400527046	30.4180919977	10.158
2674	0	4	2	2412	150	23.2102757776	28.2720116663	31.2895766179	13.937
2675	0	4	1	1090	68	20.6508303747	31.6333169491	34.318128735	4.095
2675	0	4	2	2438	152	20.6508303747	32.6064123187	35.2912241046	5.716
2676	0	4	1	429	26	19.2588501624	32.1635254572	34.6673660757	6.126
2676	0	4	2	1775	110	19.2588501624	32.2477826741	34.7516232926	11.874
2677	0	4	1	1262	78	20.3494730103	29.8937346106	32.5393669645	7.969
2677	0	4	2	2613	163	20.3494730103	28.9568327709	31.6024651248	11.874
2678	0	4	1	1030	64	26.1707510971	27.703288306	31.105744271	14.504
2678	0	4	2	2374	148	26.1707510971	32.0762334714	35.4786894365	11.811
2679	0	4	1	489	30	24.6062073688	27.2292659314	30.4283157687	14.63
2679	0	4	2	1832	114	24.6062073688	25.4750641726	28.6741140099	4.094
2680	0	4	1	439	27	21.5654842012	28.7236596884	31.5273854999	4
2680	0	4	2	1783	111	21.5654842012	29.2517642501	32.0554900617	4.724
2681	0	4	1	432	27	16.3852312035	29.3439194522	31.4741612416	8.551
2681	0	4	2	1779	111	16.3852312035	29.5401671528	31.6704089422	8.063
2682	0	4	1	433	27	18.9951930506	30.6406180422	33.1101806337	7.543
2682	0	4	2	1777	111	18.9951930506	29.7155734041	32.1851359956	12.945
2682	1	4	1	431	26	18.9951930506	26.9975724286	29.4671350201	6.992
2682	1	4	2	1781	111	18.9951930506	30.8745775975	33.3441401891	12.252
2683	0	4	1	471	29	24.0552916053	30.9193995877	34.0468249378	8.41
2683	0	4	2	1817	113	24.0552916053	31.5076661842	34.6350915343	12.724
2684	0	4	1	265	16	25.3169620284	32.0291244259	35.3205793845	8.41
2684	0	4	2	1609	100	25.3169620284	29.4979412042	32.7893961628	7.023
2685	0	4	1	415	25	24.9672394643	25.0853929274	28.3313805007	12.992
2685	0	4	2	1760	110	24.9672394643	24.3369184849	27.5829060582	21.559
2686	0	4	1	810	50	21.2026824883	31.668629878	34.4251878858	4.614
2686	0	4	2	2153	134	21.2026824883	29.9280262561	32.6845842639	15.748
2687	0	4	1	1237	77	21.003050744	28.805431772	31.5360356826	8.095
2687	0	4	2	2586	161	21.003050744	29.7155418006	32.4461457111	11.811
2688	0	4	1	1104	69	20.2151547707	32.960428644	35.5885983009	4
2688	0	4	2	2453	153	20.2151547707	32.3429489272	34.9711185842	10.472
2689	0	4	1	444	27	28.3405385565	21.4333421921	25.117891944	9.607
2689	0	4	2	1791	111	28.3405385565	20.867267882	24.551817634	8.961
2690	0	4	1	431	26	18.3240301637	31.3972908242	33.7795956156	7.654
2690	0	4	2	1777	111	18.3240301637	31.135601799	33.5179065905	6.031
2691	0	4	1	1029	64	26.7632174641	18.8423896128	22.3218720536	7.969
2691	0	4	2	2375	148	26.7632174641	32.3129192037	35.7924016445	6.961
2692	0	4	1	430	26	15.7885784198	29.8563772494	31.9090482875	12.788
2692	0	4	2	1776	111	15.7885784198	30.6758267871	32.7284978252	6.771
2693	0	4	1	584	36	22.2349855158	26.1562391824	29.0470067733	14.677
2693	0	4	2	1933	120	22.2349855158	26.5207799631	29.411547554	7.197
2694	0	4	1	429	26	19.0697313314	30.9783663818	33.4576196856	6.41
2694	0	4	2	1777	111	19.0697313314	30.2384519433	32.7177052471	13.622
2695	0	4	1	771	48	27.6413929256	23.1388853041	26.732539223	6.22
2695	0	4	2	2113	132	27.6413929256	21.5910069303	25.1846608492	7.15
2696	0	4	1	1227	76	22.7782850904	31.1322042371	34.0936061354	7.055
2696	0	4	2	2579	161	22.7782850904	29.3722720738	32.3336739721	18.41
2697	0	4	1	440	27	19.1051176256	29.8811974439	32.3650513152	8.22
2697	0	4	2	1787	111	19.1051176256	29.381335992	31.8651898633	9.937
2698	0	4	1	919	57	25.9470500053	28.7559268903	32.1292995053	18.315
2698	0	4	2	2262	141	25.9470500053	29.1574437449	32.5308163599	7.78
2699	0	4	1	976	61	23.9081328998	24.8166511735	27.9249444393	9.937
2699	0	4	2	2319	144	23.9081328998	26.8939581536	30.0022514194	11.906
2700	0	4	1	1097	68	19.0501532849	33.9805637949	36.4572717594	10.41
2700	0	4	2	2445	152	19.0501532849	34.0826925313	36.5594004958	9.48
2701	0	4	1	431	26	17.496543383	29.5631182855	31.8378416276	7.465
2701	0	4	2	1779	111	17.496543383	29.4742290386	31.7489523807	6.063
2702	0	4	1	1040	65	22.0825373084	25.2799626136	28.1509104327	12.567
2702	0	4	2	2394	149	22.0825373084	25.7779661386	28.6489139577	21.008
2703	0	4	1	489	30	18.8421610176	28.3838252022	30.8334921189	13.307
2703	0	4	2	1834	114	18.8421610176	29.5786084852	32.0282754019	8.803
2705	0	4	1	438	27	19.5810211019	30.3801727779	32.9258987985	11.071
2705	0	4	2	1783	111	19.5810211019	30.517076868	33.0628028887	7.937
2706	0	4	1	821	51	25.969621941	23.6506369556	27.0269441451	7.275
2706	0	4	2	2164	135	25.969621941	29.7546181088	33.1309252982	11.78
2707	0	4	1	434	27	24.7937537782	29.4711058457	32.6945385674	12.252
2707	0	4	2	1775	110	24.7937537782	26.9915879578	30.2150206795	5.26
2708	0	4	1	456	28	20.1067582985	31.575233684	34.1893107296	9.055
2708	0	4	2	1801	112	20.1067582985	31.7258458802	34.3399229258	10.094
2709	0	4	1	477	29	22.6293542933	29.4249252259	32.3669646505	7.685
2709	0	4	2	1826	114	22.6293542933	27.954104941	30.8961443656	7.685
2710	0	4	1	429	26	16.2620580436	28.0272031578	30.1414312206	17.118
2710	0	4	2	1774	110	16.2620580436	29.8271487612	31.941376824	5.15
2711	0	4	1	429	26	21.1346900069	32.7233828118	35.4711011259	8.22
2711	0	4	2	1775	110	21.1346900069	32.5867595656	35.3344778797	12.126
2712	0	4	1	431	26	19.5692037054	30.3911034899	32.9352931324	10
2712	0	4	2	1779	111	19.5692037054	32.0829314012	34.6271210437	9.591
2713	0	4	1	1217	76	18.8353177579	25.9968958405	28.4456730659	13.355
2713	0	4	2	2568	160	18.8353177579	23.4759704035	25.9247476289	9.197
2714	0	4	1	438	27	22.6690932849	24.9646487369	27.9118546227	11.496
2714	0	4	2	1763	110	22.6690932849	28.2647992994	31.2120051852	8.409
2715	0	4	1	490	30	21.9034431333	29.4707646455	32.3184284541	10.96
2715	0	4	2	1833	114	21.9034431333	29.5289121141	32.3765759227	10.583
2716	0	4	1	485	30	22.7037220922	31.663818014	34.6155259866	11.355
2716	0	4	2	1830	114	22.7037220922	31.7254674735	34.677175446	10.441
2717	0	4	1	429	26	22.1119985459	28.8816960236	31.7564740944	5.779
2717	0	4	2	1775	110	22.1119985459	30.0366020083	32.9113800791	9.307
2718	0	4	1	1021	63	21.1174412301	25.6742785137	28.4197543165	7.339
2718	0	4	2	2363	147	21.1174412301	31.635025173	34.3805009759	9.229
2719	0	4	1	431	26	23.2884496013	27.6563820081	30.6841103285	12.504
2719	0	4	2	1779	111	23.2884496013	26.9496629874	29.9773913077	5.086
2720	0	4	1	489	30	23.1975321688	31.076318442	34.0922265987	5.338
2720	0	4	2	1833	114	23.1975321688	31.1649897952	34.1808979519	9.591
2721	0	4	1	487	30	22.0099490943	30.0354032724	32.8969139072	11.528
2721	0	4	2	1831	114	22.0099490943	29.9241036297	32.7856142645	10.126
2722	0	4	1	557	34	27.4110964146	28.3351666698	31.8988797691	8.409
2722	0	4	2	1907	119	27.4110964146	29.5737014953	33.1374145946	6.96
2723	0	4	1	430	26	20.4145357547	30.6186325639	33.2727237168	8.158
2723	0	4	2	1775	110	20.4145357547	33.3532882276	36.0073793805	13.968
2724	0	4	1	438	27	17.3928981907	29.3840310142	31.6452794582	9.59
2724	0	4	2	1783	111	17.3928981907	29.9072744002	32.1685228442	6.882
2725	0	4	1	415	25	16.8463262039	32.262837769	34.4530264597	7.181
2725	0	4	2	1764	110	16.8463262039	34.918823549	37.1090122397	4.693
2726	0	4	1	993	62	21.9860064844	26.710524139	29.5689219982	13.37
2726	0	4	2	2340	146	21.9860064844	29.8961627828	32.754560642	9.968
2727	0	4	1	487	30	20.5421423505	28.4826193896	31.1533006595	12.157
2727	0	4	2	1826	114	20.5421423505	26.6526812819	29.3233625518	8.221
2728	0	4	1	1224	76	20.6827305189	30.0760362484	32.7649953679	12.756
2728	0	4	2	2575	160	20.6827305189	30.7328539537	33.4218130732	12.725
2729	0	4	1	1213	75	21.5287571429	32.3163714748	35.1153224062	10.693
2729	0	4	2	2562	160	21.5287571429	33.5333703712	36.3323213026	16.929
2730	0	4	1	431	26	19.9198044082	31.3335157208	33.9232869153	8.315
2730	0	4	2	1779	111	19.9198044082	31.5099566889	34.0997278834	5.559
2731	0	4	1	166	10	23.2353040695	27.6881204596	30.7089393362	5.37
2731	0	4	2	1508	94	23.2353040695	27.0461974427	30.0670163193	16.52
2732	0	4	1	439	27	18.4357169449	30.9433401023	33.3401652777	13.906
2732	0	4	2	1784	111	18.4357169449	29.3724778339	31.7693030093	6.031
2733	0	4	1	430	26	22.5957964028	28.3609607593	31.2986373269	10.126
2733	0	4	2	1776	111	22.5957964028	28.5933465212	31.5310230888	12.992
2734	0	4	1	433	27	20.1414649508	31.3035772851	33.922166538	9.622
2734	0	4	2	1781	111	20.1414649508	32.2546691674	34.8732584204	12.567
2735	0	4	1	1100	68	18.5050127259	33.6484470476	36.0542813585	7.307
2735	0	4	2	2447	152	18.5050127259	32.5692119933	34.9750463042	9.543
2736	0	4	1	1224	76	20.6506132594	32.1481663587	34.8329499175	9.937
2736	0	4	2	2573	160	20.6506132594	30.8165029746	33.5012865334	6.976
2737	0	4	1	440	27	18.2605522626	30.1394146909	32.5134667286	6.41
2737	0	4	2	1785	111	18.2605522626	29.9842511932	32.3583032309	9.811
2738	0	4	1	455	28	22.2356739846	30.298965018	33.1898221166	15.969
2738	0	4	2	1800	112	22.2356739846	28.1589817995	31.0498388981	8.473
2739	0	4	1	1092	68	27.3018396243	27.166045169	30.7155538071	15.15
2739	0	4	2	2440	152	27.3018396243	27.9258648987	31.4753735368	12.708
2740	0	4	1	439	27	17.8733234596	31.2260726309	33.549781102	4.283
2740	0	4	2	1784	111	17.8733234596	31.1155113076	33.4392197787	5.937
2741	0	4	1	934	58	27.3948836532	28.5389586426	32.1005639228	12.756
2741	0	4	2	2277	142	27.3948836532	32.3219233683	35.8835286486	7.559
2742	0	4	1	379	23	19.6194816392	34.9485520916	37.4992783618	9.811
2742	0	4	2	1724	107	19.6194816392	33.3206078786	35.8713341488	12.41
2743	0	4	1	1218	76	22.2865887176	27.3509451853	30.2484217017	7.465
2743	0	4	2	2567	160	22.2865887176	28.0648245584	30.9623010749	14.992
2744	0	4	1	429	26	15.5096869555	30.7412718143	32.7576842092	7.653
2744	0	4	2	1775	110	15.5096869555	34.1489362037	36.1653485986	9.165
2745	0	4	1	440	27	21.6398842495	29.7516867346	32.5650852868	7.307
2745	0	4	2	1788	111	21.6398842495	32.3618856687	35.1752842209	13.071
2746	0	4	1	439	27	16.7542963749	30.249867047	32.4280909515	6.063
2746	0	4	2	1784	111	16.7542963749	30.0604418893	32.2386657939	6.441
2747	0	4	1	1012	63	25.4189385629	25.385597876	28.6903107907	12.063
2747	0	4	2	2353	147	25.4189385629	28.4014235629	31.7061364776	10
2748	0	4	1	457	28	26.027832879	29.30374227	32.6876174559	4.662
2748	0	4	2	1802	112	26.027832879	28.4851903062	31.8690654921	11.937
2749	0	4	1	457	28	23.4969648829	31.3453856763	34.4002230415	6.157
2749	0	4	2	1802	112	23.4969648829	31.6596736383	34.7145110035	10.96
2750	0	4	1	432	27	16.6243461851	34.3049501298	36.466279227	9.685
2750	0	4	2	1781	111	16.6243461851	34.3172826312	36.4786117284	7.307
2751	0	4	1	438	27	20.2263461164	31.6080154396	34.237640082	10.755
2751	0	4	2	1783	111	20.2263461164	32.9416908404	35.5713154827	8.126
2752	0	4	1	490	30	23.9593593155	26.890281292	30.0052344975	18
2752	0	4	2	1833	114	23.9593593155	26.6642130082	29.7791662137	12.095
2753	0	4	1	430	26	18.4067235248	30.7579678062	33.1510235508	10.788
2753	0	4	2	1775	110	18.4067235248	32.704279325	35.0973350696	7.591
2754	0	4	1	432	27	17.0136774381	29.9729320234	32.1848780265	10.032
2754	0	4	2	1780	111	17.0136774381	31.2864816538	33.4984276568	5.591
2755	0	4	1	1010	63	27.3580749214	23.6319387427	27.1887585245	6.346
2755	0	4	2	2356	147	27.3580749214	29.903802415	33.4606221968	7.023
2756	0	4	1	431	26	21.4395047443	30.5806020144	33.367949253	8.788
2756	0	4	2	1777	111	21.4395047443	28.2890754837	31.0764227224	10.095
2757	0	4	1	440	27	22.5460101783	28.9013000049	31.8325038719	4.41
2757	0	4	2	1787	111	22.5460101783	30.4572410584	33.3884449254	8.126
2758	0	4	1	310	19	27.2303391705	25.7857668822	29.3259797556	12.189
2758	0	4	2	1655	103	27.2303391705	26.0867101504	29.6269230238	11.323
2758	1	4	1	309	19	27.2303391705	25.7792122553	29.3194251287	13.622
2758	1	4	2	1650	103	27.2303391705	25.9908817985	29.5310946719	13.149
2759	0	4	1	545	34	17.4878446285	32.9273840208	35.2009764389	14.189
2759	0	4	2	1891	118	17.4878446285	27.2695220799	29.543114498	10.756
2760	0	4	1	430	26	20.7047662384	33.8126041723	36.5044281528	9.496
2760	0	4	2	1777	111	20.7047662384	34.710157657	37.4019816376	7.355
2761	0	4	1	442	27	17.6794628486	30.5061858707	32.8046905488	4.866
2761	0	4	2	1789	111	17.6794628486	30.9274177463	33.2259224244	17.496
2762	0	4	1	437	27	21.2685228645	31.7904867831	34.5556046897	12.662
2762	0	4	2	1771	110	21.2685228645	29.9078361574	32.672954064	13.464
2763	0	4	1	1089	68	25.5715593088	31.5164226423	34.8409777605	4.866
2763	0	4	2	2436	152	25.5715593088	30.0501413245	33.3746964426	8.756
2764	0	4	1	439	27	19.7871433924	27.5878832865	30.1604072395	6.756
2764	0	4	2	1784	111	19.7871433924	27.903338143	30.4758620961	6.221
2765	0	4	1	997	62	21.1196872934	24.7486453613	27.4944131745	14.567
2765	0	4	2	2345	146	21.1196872934	24.306355892	27.0521237052	8
2766	0	4	1	489	30	22.3089152522	27.3923790576	30.2927582439	10.898
2766	0	4	2	1831	114	22.3089152522	29.2083434896	32.1087226759	9.685
2767	0	4	1	431	26	22.944159525	29.7865947101	32.7695619222	9.338
2767	0	4	2	1779	111	22.944159525	32.0252029943	35.0081702064	5.811
2768	0	4	1	431	26	18.5532694889	30.4403246164	32.8524327829	10.74
2768	0	4	2	1777	111	18.5532694889	31.9113892928	34.3234974592	12.378
2769	0	4	1	492	30	21.1692964939	29.3512585542	32.1034760531	5.559
2769	0	4	2	1838	114	21.1692964939	28.6276506338	31.3798681328	8.725
2770	0	4	1	562	35	21.4939149184	31.8155725361	34.6099936344	7.811
2770	0	4	2	1912	119	21.4939149184	37.0601492459	39.8545703442	5.937
2771	0	4	1	430	26	23.0955542507	29.5885588713	32.5912088921	5.842
2771	0	4	2	1776	111	23.0955542507	31.1111266362	34.113776657	9.78
2772	0	4	1	413	25	20.7992158365	31.1399511713	33.8440545319	5.087
2772	0	4	2	1760	110	20.7992158365	31.1673505115	33.871453872	15.496
2773	0	4	1	434	27	17.6368254917	30.7736203031	33.066581704	11.559
2773	0	4	2	1781	111	17.6368254917	31.0803666581	33.373328059	5.134
2774	0	4	1	439	27	21.3475040516	27.6998227874	30.4752090279	9.622
2774	0	4	2	1783	111	21.3475040516	29.3668868832	32.1422731237	12.74
2775	0	4	1	433	27	21.9755423061	32.9721217087	35.8291591214	8.315
2775	0	4	2	1781	111	21.9755423061	30.8593537067	33.7163911194	6.031
2776	0	4	1	439	27	18.6358088189	31.1212770605	33.5441161545	8.126
2776	0	4	2	1784	111	18.6358088189	33.6625620384	36.0854011324	10.504
2777	0	4	1	432	27	16.3263046903	29.664987883	31.787568644	4.032
2777	0	4	2	1777	111	16.3263046903	30.5869299514	32.7095107125	5.465
2777	1	4	1	430	26	16.3263046903	30.3469469632	32.4695277242	14.708
2777	1	4	2	1779	111	16.3263046903	29.3800005074	31.5025812684	12.897
2778	0	4	1	380	23	25.3487521486	31.4148675107	34.7104554987	10.094
2778	0	4	2	1726	107	25.3487521486	29.7267606778	33.0223486658	15.559
2779	0	4	1	432	27	18.2667523548	29.8527560606	32.2276141714	11.181
2779	0	4	2	1775	110	18.2667523548	31.2563712551	33.631229366	12.126
2780	0	4	1	452	28	24.3670115659	28.3621599787	31.5301120006	14.378
2780	0	4	2	1798	112	24.3670115659	28.0380829024	31.2060349242	6.536
2781	0	4	1	429	26	16.5538686051	28.2728715336	30.4250378498	16.441
2781	0	4	2	1775	110	16.5538686051	29.1323668468	31.2845331629	11.874
2782	0	4	1	1101	68	22.7434957931	34.2383964493	37.1952753956	5.212
2782	0	4	2	2450	153	22.7434957931	33.1067366209	36.0636155671	8.126
2783	0	4	1	430	26	20.5308247067	32.9233849064	35.5925947709	10.536
2783	0	4	2	1776	111	20.5308247067	30.6374984352	33.3067082997	8.22
2784	0	4	1	1217	76	20.6462713375	32.4259096997	35.1101287658	10.536
2784	0	4	2	2566	160	20.6462713375	29.988596658	32.672815724	13.103
2785	0	4	1	452	28	22.4629598161	32.4149405134	35.3353470136	15.748
2785	0	4	2	1798	112	22.4629598161	30.6657049566	33.5861114568	6.771
2786	0	4	1	506	31	21.5879222289	31.4802662093	34.2869091859	14.063
2786	0	4	2	1857	116	21.5879222289	31.7484272616	34.5550702382	17.339
2787	0	4	1	490	30	21.6357862357	31.5694952425	34.3823610125	11.874
2787	0	4	2	1835	114	21.6357862357	29.0301712379	31.8430370079	11.906
2788	0	4	1	439	27	15.9783722112	29.8798704502	31.9572165546	8.473
2788	0	4	2	1784	111	15.9783722112	31.0860409349	33.1633870393	5.055
2789	0	4	1	478	29	22.3089200194	28.265577096	31.1659569021	10.756
2789	0	4	2	1826	114	22.3089200194	28.9556965705	31.8560763766	4.441
2790	0	4	1	477	29	22.6674536577	31.3908964034	34.3378891215	11.527
2790	0	4	2	1825	114	22.6674536577	31.0668863017	34.0138790197	6.725
2791	0	4	1	519	32	21.8685401578	29.148884622	31.9920106992	11.244
2791	0	4	2	1866	116	21.8685401578	28.7695767881	31.6127028654	8.063
2792	0	4	1	964	60	25.8490483494	32.366554569	35.7271860013	5.275
2792	0	4	2	2309	144	25.8490483494	29.5543367238	32.9149681562	9.228
2793	0	4	1	437	27	20.8344110109	28.9962312519	31.7049103326	7.591
2793	0	4	2	1783	111	20.8344110109	28.4849289515	31.1936080322	15.307
2794	0	4	1	1077	67	25.6958571838	31.0101021011	34.3508171699	7.228
2794	0	4	2	2423	151	25.6958571838	29.2782989834	32.6190140522	6.126
2795	0	4	1	1061	66	26.7323263381	33.583078636	37.0585449255	6.63
2795	0	4	2	2407	150	26.7323263381	28.2892622786	31.7647285681	18.472
2796	0	4	1	437	27	18.9154922712	31.9943406399	34.4535413434	6.756
2796	0	4	2	1783	111	18.9154922712	31.5002381475	33.959438851	13.937
2797	0	4	1	1218	76	20.5800877204	26.9216666645	29.5972812071	7.37
2797	0	4	2	2567	160	20.5800877204	26.036024036	28.7116385785	10.284
2798	0	4	1	155	9	25.0598379587	29.0897950282	32.3478213198	5.748
2798	0	4	2	1495	93	25.0598379587	27.1484151525	30.406441444	17.622
2798	1	4	1	154	9	25.0598379587	29.8465080373	33.1045343289	5.244
2798	1	4	2	1496	93	25.0598379587	35.3168307516	38.5748570432	4.992
2799	0	4	1	1224	76	21.5134448516	31.6409152128	34.4378753952	6
2799	0	4	2	2572	160	21.5134448516	31.6608177327	34.4577779152	10.551
2800	0	4	1	433	27	19.6912497202	32.8165738708	35.3766306999	9.103
2800	0	4	2	1781	111	19.6912497202	30.4184501235	32.9785069526	14.472
2801	0	4	1	430	26	16.3291768113	31.9236741742	34.0466283393	11.464
2801	0	4	2	1776	111	16.3291768113	33.0970292471	35.2199834122	5.244
2802	0	4	1	215	13	22.6470404883	27.9696476524	30.913986457	8.094
2802	0	4	2	1558	97	22.6470404883	28.22504277	31.1693815745	8.834
2803	0	4	1	1222	76	22.6021308711	33.4197722153	36.3582723264	6.441
2803	0	4	2	2572	160	22.6021308711	28.7175003504	31.6560004614	13.338
2804	0	4	1	430	26	18.679824419	32.1034764344	34.5320379909	14.535
2804	0	4	2	1777	111	18.679824419	31.669506496	34.0980680525	9.465
2805	0	4	1	448	28	20.740421916	33.4127917346	36.1092513052	10.126
2805	0	4	2	1795	112	20.740421916	29.6208327416	32.3172923122	12.945
2806	0	4	1	413	25	26.7400988928	19.2856992016	22.7621759999	21.874
2806	0	4	2	1760	110	26.7400988928	31.7747288704	35.2512056687	12.866
2807	0	4	1	428	26	15.832600684	30.3211385644	32.3795329314	8.189
2807	0	4	2	1775	110	15.832600684	29.5126254289	31.5710197959	14.662
2808	0	4	1	958	59	29.810068888	24.4914394285	28.3670426288	13.008
2808	0	4	2	2301	143	29.810068888	26.3308141137	30.206417314	5.842
2809	0	4	1	1218	76	22.0430179642	30.234192264	33.1000021783	10.094
2809	0	4	2	2567	160	22.0430179642	32.9729773209	35.8387872352	6.41
2810	0	4	1	549	34	22.185244268	28.5788803885	31.4631811261	10.709
2810	0	4	2	1897	118	22.185244268	28.1331563396	31.0174570772	10.788
2811	0	4	1	992	62	18.6971559138	27.3848639573	29.8156787793	4.834
2811	0	4	2	2340	146	18.6971559138	31.823926822	34.2547416439	11.528
2812	0	4	1	1241	77	23.4768646983	31.7687710259	34.8209951687	5.433
2812	0	4	2	2590	161	23.4768646983	28.1709402516	31.2231643943	10.315
2813	0	4	1	429	26	18.306515384	31.6342402383	34.0142679354	5.748
2813	0	4	2	1775	110	18.306515384	33.727307924	36.1073356211	9.937
2814	0	4	1	1233	77	19.3174744603	28.8292686592	31.3407310151	5.528
2814	0	4	2	2582	161	19.3174744603	26.697169575	29.2086319309	16.709
2815	0	4	1	438	27	16.6004048002	27.8252752038	29.9834916847	9.811
2815	0	4	2	1783	111	16.6004048002	30.2688532629	32.4270697438	11.559
2816	0	4	1	476	29	24.6051450172	31.0164948721	34.2154065932	13.559
2816	0	4	2	1831	114	24.6051450172	31.3645845996	34.5634963207	12.031
2817	0	4	1	447	27	20.6543723329	27.5201217471	30.2053940225	4.126
2817	0	4	2	1792	112	20.6543723329	31.3647391773	34.0500114527	6.41
2818	0	4	1	1236	77	26.0571224796	28.3640667477	31.7517498708	4.662
2818	0	4	2	2602	162	26.0571224796	34.2789300902	37.6666132134	6
2819	0	4	1	1248	78	20.2273759587	29.7141951706	32.3439537026	5.653
2819	0	4	2	2598	162	20.2273759587	32.0725424317	34.7023009637	17.685
2820	0	4	1	438	27	21.607803699	32.3260875897	35.1353153537	6.473
2820	0	4	2	1783	111	21.607803699	32.4955374621	35.3047652261	6.409
2821	0	4	1	430	26	16.1793699931	28.9986916324	31.1021694324	12.158
2821	0	4	2	1777	111	16.1793699931	30.9872587852	33.0907365853	7.716
2822	0	4	1	438	27	15.8111309945	29.5251382448	31.5807413402	8.252
2822	0	4	2	1783	111	15.8111309945	29.0213608639	31.0769639594	6.788
2823	0	4	1	793	49	24.2977293118	35.6328143009	38.7917589458	5.591
2823	0	4	2	2133	133	24.2977293118	29.4735360792	32.6324807242	4.96
2824	0	4	1	434	27	17.2911585901	29.4122332661	31.6602545579	7.401
2824	0	4	2	1781	111	17.2911585901	31.0218789594	33.2699002511	11.811
2825	0	4	1	494	30	21.494784492	27.3816713399	30.1762054914	10.456
2825	0	4	2	1841	115	21.494784492	31.3192289749	34.1137631264	6.299
2826	0	4	1	584	36	24.4423826157	27.4960928335	30.6738438358	5.401
2826	0	4	2	1933	120	24.4423826157	28.7639320097	31.941683012	13.937
2827	0	4	1	491	30	25.484349957	28.0927826695	31.405999711	15.402
2827	0	4	2	1837	114	25.484349957	26.1100644813	29.4232815229	11.905
2828	0	4	1	433	27	17.5526291149	29.5563354736	31.8383505144	11.811
2828	0	4	2	1769	110	17.5526291149	35.5406086876	37.8226237285	6.756
2829	0	4	1	839	52	19.1728109734	26.8325297944	29.3251844691	7.968
2829	0	4	2	2182	136	19.1728109734	21.4318088144	23.9244634891	7.307
2830	0	4	1	433	27	17.9890344732	31.0182230999	33.3569751449	8.094
2830	0	4	2	1781	111	17.9890344732	31.9909381405	34.3296901855	5.087
2831	0	4	1	1097	68	23.1348202091	34.0554980371	37.0632530201	11.905
2831	0	4	2	2444	152	23.1348202091	34.4204943826	37.4282493655	4.063
2832	0	4	1	1218	76	22.6280013235	27.3408847345	30.2827482597	13.338
2832	0	4	2	2566	160	22.6280013235	29.3866294761	32.3284930013	8.378
2833	0	4	1	431	26	18.5674389656	31.2733789432	33.6873292815	15.528
2833	0	4	2	1774	110	18.5674389656	31.784753725	34.1987040633	13.622
2834	0	4	1	430	26	23.1432749864	32.0789447282	35.0877989157	8.488
2834	0	4	2	1776	111	23.1432749864	29.3205097983	32.3293639857	7.717
2835	0	4	1	440	27	21.3151716963	29.6284816308	32.3996643459	4
2835	0	4	2	1788	111	21.3151716963	30.6879452047	33.4591279198	12.347
2836	0	4	1	238	14	25.4341872726	27.5611352491	30.8678306466	5.937
2836	0	4	2	1579	98	25.4341872726	29.3188972465	32.625592644	10.96
2837	0	4	1	571	35	21.1890546626	27.1285061202	29.8832923761	11.905
2837	0	4	2	1921	120	21.1890546626	32.0706901388	34.8254763948	8.929
2838	0	4	1	456	28	20.6198643842	30.3112927335	32.992078635	6.189
2838	0	4	2	1801	112	20.6198643842	31.632972432	34.3137583335	10.126
2839	0	4	1	429	26	16.0570435292	29.791410902	31.8789850542	12.504
2839	0	4	2	1776	111	16.0570435292	29.649350038	31.7369241903	11.055
2840	0	4	1	230	14	27.0917734764	29.2090070274	32.7312049928	9.937
2840	0	4	2	1573	98	27.0917734764	29.3387481911	32.8609461565	12.598
2841	0	4	1	520	32	22.1458131819	33.2260864283	36.1052607356	4.504
2841	0	4	2	1866	116	22.1458131819	32.4913999983	35.3705743056	10.362
2842	0	4	1	529	33	19.2873809261	27.1443618045	29.6519117039	14.944
2842	0	4	2	1878	117	19.2873809261	30.9982685434	33.5058184428	6.236
2843	0	4	1	469	29	21.1231263655	27.312588991	30.0588039175	11.717
2843	0	4	2	1815	113	21.1231263655	33.7001412713	36.4463561978	7.717
2844	0	4	1	429	26	19.019168884	34.155850637	36.6285303235	6.032
2844	0	4	2	1775	110	19.019168884	32.3065369442	34.7792166308	12.157
2845	0	4	1	440	27	18.727829334	32.5428714164	34.9776740857	15.149
2845	0	4	2	1785	111	18.727829334	33.5949353641	36.0297380334	5.811
2846	0	4	1	430	26	15.8105318213	28.8821923864	30.9377175834	13.024
2846	0	4	2	1779	111	15.8105318213	31.3808709656	33.4363961626	5.622
2847	0	4	1	883	55	28.8605557314	27.7496400156	31.5017971332	12.788
2847	0	4	2	2224	139	28.8605557314	27.0293916497	30.7815487673	5.779
2848	0	4	1	438	27	18.0635623971	27.9336295551	30.2820709659	12
2848	0	4	2	1784	111	18.0635623971	28.2483172095	30.5967586202	10.221
2849	0	4	1	1238	77	21.5715572242	29.7273123395	32.531827704	6.189
2849	0	4	2	2586	161	21.5715572242	30.3099113952	33.1144267597	16
2850	0	4	1	438	27	16.1094542458	31.7113373807	33.8057254435	8
2850	0	4	2	1785	111	16.1094542458	29.9411740103	32.0355620731	5.654
2851	0	4	1	431	26	25.4299896302	25.3962761915	28.7024258541	5.937
2851	0	4	2	1775	110	25.4299896302	24.6000794375	27.9062291	10.189
2852	0	4	1	489	30	21.5692061355	29.2087563466	32.0129660464	15.071
2852	0	4	2	1832	114	21.5692061355	31.8676606327	34.6718703324	8.614
2853	0	4	1	438	27	18.3965187226	30.4823017375	32.8740307571	10.031
2853	0	4	2	1784	111	18.3965187226	30.7201766474	33.111905667	11.748
2855	0	4	1	430	26	16.6005305551	28.2524435192	30.4106763494	12.677
2855	0	4	2	1776	111	16.6005305551	29.8381565777	31.9963894079	9.779
2856	0	4	1	376	23	25.4195885043	28.7018427249	32.0066401383	9.338
2856	0	4	2	1722	107	25.4195885043	26.6508480232	29.9556454367	14.473
2857	0	4	1	430	26	18.7704226673	34.177085285	36.6174255081	8.284
2857	0	4	2	1776	111	18.7704226673	33.5127856105	35.9531258336	9.716
2858	0	4	1	1230	76	22.8808400511	27.5319275404	30.5066625959	10.85
2858	0	4	2	2581	161	22.8808400511	28.6680114193	31.6427464747	10.347
2859	0	4	1	994	62	20.4626273289	27.6187368532	30.2790803854	11.086
2859	0	4	2	2338	146	20.4626273289	29.2500294267	31.9103729589	6.598
2860	0	4	1	429	26	18.9134958061	33.5755303923	36.0344715356	9.717
2860	0	4	2	1775	110	18.9134958061	33.3850761347	35.844017278	11.591
2861	0	4	1	1217	76	21.8840763279	29.7841262661	32.6292721988	7.213
2861	0	4	2	2566	160	21.8840763279	29.9632235699	32.8083695026	15.716
2862	0	4	1	430	26	18.280327913	32.588597613	34.9652206804	12.96
2862	0	4	2	1775	110	18.280327913	34.3867619809	36.7633850483	4.441
2863	0	4	1	1104	69	22.3863344509	32.9670911815	35.8775356278	4.094
2863	0	4	2	2453	153	22.3863344509	36.9505725964	39.8610170427	13.244
2864	0	4	1	430	26	18.6948915592	30.2312722087	32.6617926422	16
2864	0	4	2	1777	111	18.6948915592	32.168556423	34.5990768565	9.149
2865	0	4	1	438	27	20.2472098664	31.7130762829	34.3454134187	15.717
2865	0	4	2	1784	111	20.2472098664	31.7617118387	34.3940489745	10.866
2866	0	4	1	486	30	21.7299059129	32.0982455031	34.9233477601	11.244
2866	0	4	2	1830	114	21.7299059129	29.9370440231	32.7621462801	4.252
2867	0	4	1	839	52	30.026513663	27.9306473764	31.8343905338	11.276
2867	0	4	2	2182	136	30.026513663	22.5522787745	26.4560219319	10.441
2868	0	4	1	438	27	19.3291697213	29.4848248776	31.9978077329	9.937
2868	0	4	2	1783	111	19.3291697213	30.6500509478	33.1630338031	9.496
2869	0	4	1	330	20	22.3192808966	28.3026024702	31.2043292927	5.102
2869	0	4	2	1674	104	22.3192808966	27.5994603459	30.5011871683	8.409
2870	0	4	1	438	27	20.0877051538	28.1296903282	30.741290277	9.59
2870	0	4	2	1784	111	20.0877051538	29.7566470568	32.3682470055	5.055
2871	0	4	1	438	27	16.6894740122	29.5849312011	31.7547275586	14.882
2871	0	4	2	1783	111	16.6894740122	29.2946187464	31.464415104	13.086
2872	0	4	1	438	27	20.6697639957	30.4043124834	33.0915858269	9.685
2872	0	4	2	1784	111	20.6697639957	30.9741802017	33.6614535451	6.693
2873	0	4	1	433	27	16.1681436364	32.1269337332	34.2289519961	5.842
2873	0	4	2	1781	111	16.1681436364	31.2396053965	33.3416236594	6.787
2874	0	4	1	579	36	21.0789038114	27.4776977713	30.2181633293	12.725
2874	0	4	2	1927	120	21.0789038114	27.932142017	30.672607575	13.748
2875	0	4	1	993	62	18.7811539752	28.1090494751	30.5507848741	5.465
2875	0	4	2	2340	146	18.7811539752	29.0545570624	31.4962924614	16.378
2876	0	4	1	430	26	19.1573932186	31.4750073224	33.9656575368	20.472
2876	0	4	2	1775	110	19.1573932186	31.345585826	33.8362360404	16.031
2877	0	4	1	440	27	22.7160713755	28.7102777453	31.6635912466	4.032
2877	0	4	2	1787	111	22.7160713755	29.306840797	32.2601542982	8.252
2878	0	4	1	430	26	16.7399201894	30.6358878725	32.812242731	6.866
2878	0	4	2	1776	111	16.7399201894	31.0299142829	33.2062691414	11.496
2879	0	4	1	433	27	19.0997975987	29.4968926485	31.9800548638	4.725
2879	0	4	2	1781	111	19.0997975987	29.947475091	32.4306373062	7.843
2880	0	4	1	440	27	17.4627054764	29.0626761237	31.3330002039	10.567
2880	0	4	2	1785	111	17.4627054764	29.566896367	31.8372204472	13.937
2881	0	4	1	135	8	22.9653382785	29.2123850199	32.198105679	11.653
2881	0	4	2	1477	92	22.9653382785	28.4239158037	31.4096364628	16
2881	1	4	1	136	8	22.9653382785	27.9215108859	30.907231545	6.158
2881	1	4	2	1476	92	22.9653382785	32.4017268459	35.387447505	6.504
2882	0	4	1	433	27	21.7948079456	34.3833875017	37.2169276636	10.378
2882	0	4	2	1781	111	21.7948079456	33.3889822336	36.2225223955	14.346
2883	0	4	1	865	54	30.8377412427	28.6790372037	32.6882479539	13.008
2883	0	4	2	2209	138	30.8377412427	27.6706571944	31.6798679445	21.307
2884	0	4	1	439	27	16.9313568369	31.6920751318	33.8933186441	5.433
2884	0	4	2	1787	111	16.9313568369	29.9240701552	32.1253136676	12.347
2885	0	4	1	429	26	17.405282511	28.866505475	31.1293640029	10.315
2885	0	4	2	1776	111	17.405282511	34.3600578736	36.6229164015	5.559
2886	0	4	1	458	28	22.4235961581	26.3623048739	29.27759371	7.244
2886	0	4	2	1803	112	22.4235961581	26.3087279336	29.2240167697	10.724
2887	0	4	1	490	30	24.4017027797	29.9944355445	33.1668977666	11.717
2887	0	4	2	1835	114	24.4017027797	29.1979459026	32.3704081247	8.315
2888	0	4	1	909	56	28.1353410402	26.7112561067	30.3691281561	6.725
2888	0	4	2	2252	140	28.1353410402	26.019599428	29.6774714774	6.032
2889	0	4	1	293	18	20.6058075785	31.2805047368	33.9594631148	7.937
2889	0	4	2	1636	102	20.6058075785	29.5694383745	32.2483967525	6.914
2890	0	4	1	471	29	23.7397367906	32.8995952667	35.9859953762	5.527
2890	0	4	2	1819	113	23.7397367906	30.9456785792	34.0320786886	10.095
2891	0	4	1	299	18	17.2264821727	27.7168210163	29.9564337353	11.023
2891	0	4	2	1642	102	17.2264821727	22.4593289603	24.6989416794	7.244
2892	0	4	1	444	27	22.5815847817	32.7441362275	35.679965144	4.725
2892	0	4	2	1790	111	22.5815847817	32.759924544	35.6957534606	5.622
2894	0	4	1	235	14	23.337408884	27.9710620983	31.0051556087	6.535
2894	0	4	2	1579	98	23.337408884	30.6842122872	33.7183057975	6.063
2895	0	4	1	936	58	26.0861783796	28.2705435775	31.6620042544	7.213
2895	0	4	2	2280	142	26.0861783796	30.1735251612	33.5649858381	8.126
2896	0	4	1	238	14	23.5330708722	27.9101435795	30.9696750796	7.842
2896	0	4	2	1579	98	23.5330708722	27.5357823705	30.5953138706	13.024
2897	0	4	1	438	27	19.1845306805	29.819326629	32.3135049813	14.662
2897	0	4	2	1784	111	19.1845306805	30.503724338	32.9979026903	10.898
2898	0	4	1	439	27	21.2457016665	27.7289170055	30.4910679311	6.063
2898	0	4	2	1785	111	21.2457016665	24.8611248459	27.6232757715	5.008
2899	0	4	1	485	30	22.1359573069	28.3671874286	31.2450803749	12.41
2899	0	4	2	1830	114	22.1359573069	28.7800874726	31.6579804189	14.819
2900	0	4	1	443	27	23.7699385778	27.1146079057	30.2049345456	7.166
2900	0	4	2	1790	111	23.7699385778	24.9586574379	28.0489840778	4.252
2901	0	4	1	903	56	26.5597432104	27.9793499113	31.4323786906	14.032
2901	0	4	2	2246	140	26.5597432104	28.5177604848	31.9707892641	9.37
2902	0	4	1	304	19	22.1022350798	25.4966594495	28.3701681733	5.103
2902	0	4	2	1649	103	22.1022350798	29.3026146253	32.1761233491	8.929
2903	0	4	1	443	27	20.2287076257	27.8916622049	30.5215938668	7.26
2903	0	4	2	1790	111	20.2287076257	27.5847492078	30.2146808696	11.37
2904	0	4	1	234	14	23.0907842558	27.1522576824	30.1542875567	11.15
2904	0	4	2	1576	98	23.0907842558	25.4118059342	28.4138358085	12.661
2905	0	4	1	459	28	23.8161403485	30.0346637394	33.1309970656	10.693
2905	0	4	2	1805	112	23.8161403485	28.7486870116	31.8450203377	7.102
2906	0	4	1	439	27	16.2126222435	29.8336937041	31.9414946249	9.78
2906	0	4	2	1784	111	16.2126222435	29.2102476944	31.3180486152	5.811
2907	0	4	1	491	30	22.9493599002	28.2976891707	31.2813324829	17.433
2907	0	4	2	1835	114	22.9493599002	33.1137315075	36.0973748197	8.457
2908	0	4	1	444	27	18.8801178259	25.7477222419	28.2023239183	4.221
2908	0	4	2	1788	111	18.8801178259	32.2794982791	34.7340999555	7.275
2909	0	4	1	1264	79	22.2711313255	29.4447531041	32.340220007	4.473
2909	0	4	2	2613	163	22.2711313255	29.1583682816	32.0538351845	12.441
2910	0	4	1	444	27	16.9714768491	30.2782244305	32.4846839404	17.748
2910	0	4	2	1790	111	16.9714768491	31.4132110093	33.6196705192	6.284
2911	0	4	1	430	26	16.239314563	32.1655912782	34.2768624641	9.606
2911	0	4	2	1776	111	16.239314563	32.2811252278	34.3923964136	9.874
2912	0	4	1	438	27	20.6488056209	32.7431208812	35.4276694291	8.709
2912	0	4	2	1783	111	20.6488056209	31.6365602621	34.32110881	11.811
2913	0	4	1	487	30	20.9864218728	28.3268761496	31.0553181427	13.496
2913	0	4	2	1832	114	20.9864218728	28.9643993855	31.6928413786	17.779
2914	0	4	1	415	25	15.476102	30.2595474136	32.2715934328	5.402
2914	0	4	2	1763	110	15.476102	33.4105829853	35.4226290045	8.158
2915	0	4	1	139	8	25.0178958912	30.4498018532	33.7023752621	11.874
2915	0	4	2	1483	92	25.0178958912	32.3788942136	35.6314676224	6.599
2916	0	4	1	154	9	17.3988665119	37.0032727743	39.265297159	10.095
2916	0	4	2	1495	93	17.3988665119	36.0991020585	38.3611264432	18.74
2917	0	4	1	534	33	17.6933908096	28.9755223047	31.2758377553	10.095
2917	0	4	2	1873	117	17.6933908096	31.3007881818	33.6011036324	6.158
2918	0	4	1	337	21	22.0079219934	25.4458903668	28.3071374585	12.724
2918	0	4	2	1681	105	22.0079219934	25.9574134143	28.8186605059	12.551
2919	0	4	1	1213	75	19.9190201006	27.7179573693	30.3076265961	5.842
2919	0	4	2	2562	160	19.9190201006	27.9745478592	30.564217086	18.598
2920	0	4	1	1004	62	26.1679031179	27.0279973277	30.4300830273	14.992
2920	0	4	2	2350	146	26.1679031179	25.2685296574	28.670615357	7.024
2921	0	4	1	447	27	20.0257690142	28.4318670871	31.0354147263	9.464
2921	0	4	2	1792	112	20.0257690142	29.2528628513	31.8564104905	8.095
2922	0	4	1	1211	75	19.0935777778	30.5372507551	33.0196043323	4.409
2922	0	4	2	2561	160	19.0935777778	31.322055481	33.8044090582	13.622
2923	0	4	1	470	29	22.1682314622	29.7748877274	32.6569766324	8.929
2923	0	4	2	1816	113	22.1682314622	32.7772176707	35.6593065757	11.748
2924	0	4	1	557	34	24.9255419397	27.6277510681	30.8683175516	12.126
2924	0	4	2	1907	119	24.9255419397	26.9635488295	30.204115313	10.425
2925	0	4	1	438	27	15.7983040357	31.5028435297	33.5567789939	7.937
2925	0	4	2	1783	111	15.7983040357	28.2982975222	30.3522329865	8.284
2926	0	4	1	530	33	17.9469285973	27.8501796899	30.1834575554	17.685
2926	0	4	2	1879	117	17.9469285973	26.1722296672	28.5055075327	11.15
2927	0	4	1	1248	78	21.7856541075	28.088343902	30.9206939746	4.063
2927	0	4	2	2598	162	21.7856541075	30.016210526	32.8485605986	16.504
2928	0	4	1	440	27	16.247338105	31.4211303325	33.533444658	16.599
2928	0	4	2	1787	111	16.247338105	29.3783897347	31.4907040602	4.803
2929	0	4	1	901	56	27.0429125652	29.333721346	32.8495669106	5.433
2929	0	4	2	2242	140	27.0429125652	29.1590198839	32.6748654485	4
2930	0	4	1	437	27	21.2457540002	34.5030309152	37.2651886447	7.874
2930	0	4	2	1783	111	21.2457540002	33.0366382344	35.7987959639	9.275
2931	0	4	1	536	33	16.7888994823	26.2984876636	28.4812103137	21.181
2931	0	4	2	1891	118	16.7888994823	24.5431625856	26.7258852357	14.788
2932	0	4	1	432	27	22.2812450936	32.820637538	35.7174193306	4.158
2932	0	4	2	1779	111	22.2812450936	33.5951764222	36.4919582148	5.716
2933	0	4	1	889	55	27.5360303473	31.0921159658	34.6720717096	8.535
2933	0	4	2	2231	139	27.5360303473	29.1884644614	32.7684202051	4.268
2934	0	4	1	440	27	16.7696102512	31.096914809	33.2771296687	19.008
2934	0	4	2	1787	111	16.7696102512	31.077070248	33.2572851076	5.653
2935	0	4	1	438	27	19.1836073058	30.4918492371	32.9859075416	12.488
2935	0	4	2	1784	111	19.1836073058	28.7601005472	31.2541588517	4.756
2936	0	4	1	1098	68	22.9251418914	35.7181399699	38.6986347019	4.504
2936	0	4	2	2446	152	22.9251418914	35.6294835961	38.6099783281	5.685
2937	0	4	1	74	4	23.8981197999	29.2851648017	32.3921562657	18.992
2937	0	4	2	1413	88	23.8981197999	26.0743124771	29.1813039411	13.181
2938	0	4	1	438	27	22.6580645003	30.2941398523	33.2399118872	4
2938	0	4	2	1785	111	22.6580645003	31.2159506529	34.1617226879	8.662
2939	0	4	1	430	26	16.0788224266	37.1011768014	39.1915824253	8.032
2939	0	4	2	1769	110	16.0788224266	32.1827330566	34.2731386806	18.582
2940	0	4	1	431	26	16.5318494016	32.2671282153	34.4164318177	12.52
2940	0	4	2	1777	111	16.5318494016	31.4501732627	33.5994768651	9.496
2941	0	4	1	1227	76	20.9099065327	28.2449769862	30.9634712299	10.221
2941	0	4	2	2580	161	20.9099065327	26.8993849821	29.6178792258	19.402
2943	0	4	1	413	25	17.3401625419	30.063464504	32.3178567932	15.023
2943	0	4	2	1762	110	17.3401625419	29.7602674249	32.014659714	9.118
2944	0	4	1	440	27	17.4892297381	32.152297964	34.4260704601	14.567
2944	0	4	2	1785	111	17.4892297381	31.2094355352	33.4832080312	8.157
2945	0	4	1	487	30	21.1694462716	31.1149952061	33.8672321777	12.693
2945	0	4	2	1832	114	21.1694462716	30.2074302997	32.9596672712	11.591
2946	0	4	1	430	26	18.0956149994	28.991214233	31.3438227984	10.85
2946	0	4	2	1776	111	18.0956149994	29.7857115695	32.138320135	11.244
2947	0	4	1	440	27	21.257219379	31.7518107495	34.5154590914	4.85
2947	0	4	2	1788	111	21.257219379	28.6956545436	31.4593028855	15.244
2948	0	4	1	433	27	18.8922856726	31.5563145511	34.0124981677	5.937
2948	0	4	2	1781	111	18.8922856726	29.0813308983	31.537514515	5.149
2949	0	4	1	574	35	26.9249023534	26.2221057041	29.7226087764	14.567
2949	0	4	2	1926	120	26.9249023534	27.2417861693	30.7422892416	4.725
2950	0	4	1	453	28	21.3241762427	25.6053492369	28.377702632	6.252
2950	0	4	2	1798	112	21.3241762427	25.3768568966	28.1492102917	8.976
2951	0	4	1	430	26	20.2463648345	31.9714347048	34.6036619781	6.063
2951	0	4	2	1776	111	20.2463648345	33.9977109569	36.6299382302	5.779
2952	0	4	1	489	30	24.1353119476	29.8876680336	33.025496818	16.504
2952	0	4	2	1834	114	24.1353119476	28.7446308468	31.8824596313	12.252
2953	0	4	1	414	25	27.5341508988	31.0219267037	34.6016381005	4.488
2953	0	4	2	1762	110	27.5341508988	31.2700701548	34.8497815517	9.654
2954	0	4	1	237	14	21.9583422335	29.6011828626	32.4559840962	5.339
2954	0	4	2	1579	98	21.9583422335	30.0284316219	32.8832328554	4.189
2955	0	4	1	1220	76	21.1881843442	35.2727990923	38.0274721983	9.622
2955	0	4	2	2569	160	21.1881843442	31.4166284701	34.171301576	13.024
2956	0	4	1	437	27	19.953302857	32.58056329	35.1746896135	9.843
2956	0	4	2	1783	111	19.953302857	31.818184773	34.4123110965	9.937
2957	0	4	1	567	35	19.725136275	33.9864214438	36.5508838595	5.905
2957	0	4	2	1915	119	19.725136275	39.3210335175	41.8854959333	4.851
2958	0	4	1	468	29	25.4488533263	23.1999298313	26.5085319605	16.284
2958	0	4	2	1814	113	25.4488533263	29.1373636654	32.4459657945	9.78
2959	0	4	1	234	14	25.2378851309	27.2474167826	30.528590964	5.905
2959	0	4	2	1577	98	25.2378851309	28.1621131533	31.4432873347	12.094
2960	0	4	1	898	56	29.8763379786	27.9686910797	31.8529099159	7.071
2960	0	4	2	2248	140	29.8763379786	31.146946341	35.0311651771	6.693
2961	0	4	1	1213	75	22.5497923638	27.4113505114	30.3430460999	5.622
2961	0	4	2	2564	160	22.5497923638	29.6456401183	32.5773357067	17.433
2962	0	4	1	437	27	15.5474425637	30.2457829664	32.267103963	7.511
2962	0	4	2	1782	111	15.5474425637	30.1685117426	32.1898327393	4.567
2964	0	4	1	415	25	22.2623653604	32.7048310873	35.5991583282	4.393
2964	0	4	2	1763	110	22.2623653604	32.4938297222	35.3881569631	7.181
2965	0	4	1	437	27	19.4911671611	30.2806670355	32.814711157	15.874
2965	0	4	2	1779	111	19.4911671611	31.1483736781	33.6824177996	7.622
2966	0	4	1	985	61	22.3544433588	22.720697052	25.6269953415	9.843
2966	0	4	2	2328	145	22.3544433588	31.153672532	34.0599708215	6.41
2968	0	4	1	491	30	22.2637513231	26.7053833846	29.5998908144	16.583
2968	0	4	2	1835	114	22.2637513231	29.7053169252	32.5998243549	9.433
2969	0	4	1	550	34	24.6407002306	29.9393336351	33.1428678848	16.063
2969	0	4	2	1896	118	24.6407002306	28.1049333357	31.3084675854	17.496
2970	0	4	1	432	27	21.2963303817	34.7004570596	37.4691902178	6.992
2970	0	4	2	1779	111	21.2963303817	35.4771642197	38.245897378	8.095
2971	0	4	1	1251	78	20.7580296162	32.6830100433	35.3817587887	6.598
2971	0	4	2	2601	162	20.7580296162	33.1558782522	35.8546269976	14.362
2972	0	4	1	983	61	24.1806465314	27.6085915139	30.7523142418	4.441
2972	0	4	2	2328	145	24.1806465314	28.8054253104	31.9491480383	6.74
2973	0	4	1	444	27	17.9124980205	33.2809573525	35.6097589032	7.481
2973	0	4	2	1791	111	17.9124980205	29.2236712403	31.552472791	5.811
2974	0	4	1	439	27	25.2342267797	29.3881300513	32.6688286109	13.338
2974	0	4	2	1784	111	25.2342267797	29.2630003884	32.543698948	5.527
2975	0	4	1	249	15	26.373207761	24.3879077459	27.8166850756	4.189
2975	0	4	2	1591	99	26.373207761	25.4397208013	28.868498131	14
2976	0	4	1	488	30	22.3153948303	29.8654968903	32.7667184858	19.212
2976	0	4	2	1833	114	22.3153948303	29.6981894898	32.5994110853	10.787
2977	0	4	1	444	27	15.4233677158	29.4133238556	31.4185138973	8.74
2977	0	4	2	1791	111	15.4233677158	28.5771213786	30.5823114204	10.535
2978	0	4	1	433	27	20.1098462882	30.838428191	33.4529067058	5.717
2978	0	4	2	1781	111	20.1098462882	30.8036797576	33.4181582724	8.977
2979	0	4	1	432	27	19.1057470972	29.8379424996	32.3218782085	7.59
2979	0	4	2	1780	111	19.1057470972	30.5617219469	33.0456576557	9.559
2980	0	4	1	490	30	21.5388763246	27.786424192	30.586690717	13.811
2980	0	4	2	1833	114	21.5388763246	30.3785842904	33.1788508154	12.204
2981	0	4	1	903	56	28.153071024	30.8985816686	34.5587587909	13.276
2981	0	4	2	2246	140	28.153071024	28.0045885593	31.6647656816	4.913
2982	0	4	1	429	26	15.5165273896	29.716740553	31.7340422719	7.717
2982	0	4	2	1775	110	15.5165273896	29.6789084532	31.6962101721	14.252
2983	0	4	1	832	52	27.1836052131	28.0080265451	31.5421635428	10
2983	0	4	2	2179	136	27.1836052131	20.9736917457	24.5078287434	16.126
2984	0	4	1	824	51	23.7698221519	15.3120340568	18.4023455602	12.771
2984	0	4	2	2166	135	23.7698221519	23.3474423327	26.4377538361	18.221
2985	0	4	1	471	29	25.3973294752	23.6060992306	26.9080027506	7.968
2985	0	4	2	1817	113	25.3973294752	24.3553931069	27.6572966268	12.189
2986	0	4	1	988	61	20.7021480894	27.6649384294	30.3564220247	4.283
2986	0	4	2	2333	145	20.7021480894	27.2036695219	29.8951531172	12.913
2987	0	4	1	437	27	18.5975337314	30.0389196496	32.4567826045	4.803
2987	0	4	2	1782	111	18.5975337314	31.4370138499	33.8548768048	4.158
2988	0	4	1	1250	78	20.862233691	29.2791838132	31.9914801169	8.189
2988	0	4	2	2597	162	20.862233691	24.7943786904	27.5066749941	4.504
2989	0	4	1	987	61	19.2960137007	25.4341938658	27.9428661112	19.496
2989	0	4	2	2330	145	19.2960137007	34.7655201522	37.2741923976	5.968
2990	0	4	1	961	60	25.308153291	27.6323677268	30.9226774626	8.85
2990	0	4	2	2305	144	25.308153291	30.7501577697	34.0404675055	7.086
2991	0	4	1	491	30	21.253764549	30.5640275702	33.3272267501	11.937
2991	0	4	2	1837	114	21.253764549	28.5018431672	31.265042347	13.165
2992	0	4	1	1214	75	24.736459032	27.6395154751	30.8554993143	10.126
2992	0	4	2	2566	160	24.736459032	27.7644120393	30.9803958785	16.378
2993	0	4	1	982	61	20.3058735112	22.6171399989	25.2571039876	6.126
2993	0	4	2	2328	145	20.3058735112	22.7527755604	25.3927395491	5.338
2994	0	4	1	415	25	18.4779070856	30.9328863349	33.3351966451	4.41
2994	0	4	2	1762	110	18.4779070856	30.2997458188	32.7020561289	11.008
2995	0	4	1	528	33	22.6788245757	28.2530031474	31.201474197	14.252
2995	0	4	2	1878	117	22.6788245757	28.7353919695	31.6838630191	9.905
2997	0	4	1	263	16	24.1992442187	31.3491187395	34.4952593502	9.15
2997	0	4	2	1606	100	24.1992442187	29.4984987684	32.6446393792	11.229
2998	0	4	1	489	30	23.242672791	25.9779071524	28.9996840356	18.614
2998	0	4	2	1833	114	23.242672791	28.2267827546	31.2485596377	11.024
2999	0	4	1	443	27	16.3014491553	31.0219820516	33.1413313477	12.63
2999	0	4	2	1785	111	16.3014491553	29.1525743239	31.27192362	12.063
3000	0	4	1	430	26	23.6113143198	31.8614476644	34.9311515851	18.126
3000	0	4	2	1777	111	23.6113143198	29.1739643036	32.2436682243	4.347
3001	0	4	1	250	15	21.9241167842	27.8709520806	30.7213036678	13.276
3001	0	4	2	1593	99	21.9241167842	27.587208406	30.4375599933	15.023
3002	0	4	1	1220	76	24.2994882977	27.0950687275	30.254242058	5.969
3002	0	4	2	2569	160	24.2994882977	28.221986856	31.3811601865	13.528
3003	0	4	1	530	33	20.8191666667	26.1738978203	28.8805949857	8.598
3003	0	4	2	1879	117	20.8191666667	26.9167707413	29.6234679068	11.229
3004	0	4	1	431	26	17.1686698812	25.8442316958	28.0763282463	14.032
3004	0	4	2	1777	111	17.1686698812	32.1290541491	34.3611506996	5.37
3005	0	4	1	431	26	18.7629241327	29.6684358801	32.1078012197	13.779
3005	0	4	2	1779	111	18.7629241327	32.5859362069	35.0253015464	5.527
3006	0	4	1	438	27	17.2870797406	31.6514303599	33.8989213609	11.559
3006	0	4	2	1784	111	17.2870797406	29.5710797645	31.8185707655	12.157
3007	0	4	1	470	29	23.8153090714	26.0303090942	29.1265343462	9.559
3007	0	4	2	1818	113	23.8153090714	24.2501688761	27.346394128	7.118
3008	0	4	1	438	27	18.7407132726	30.8528861752	33.2893638837	13.338
3008	0	4	2	1784	111	18.7407132726	30.2580734381	32.6945511466	9.685
3009	0	4	1	487	30	23.1595173245	26.1148555851	29.1258214369	12
3009	0	4	2	1831	114	23.1595173245	27.9760397386	30.9870055903	11.906
3010	0	4	1	429	26	15.7541549125	32.407443665	34.4556393074	9.401
3010	0	4	2	1777	111	15.7541549125	29.7529408398	31.8011364822	5.354
3011	0	4	1	432	27	32.3411875889	20.9252839604	25.1299575756	9.354
3011	0	4	2	1779	111	32.3411875889	22.0672976114	26.2719712265	10.283
3012	0	4	1	417	26	18.8589495267	19.7951731894	22.247022778	8.63
3012	0	4	2	1774	110	18.8589495267	29.236060162	31.6879097506	4.992
3013	0	4	1	432	27	16.1384337291	31.3486722864	33.446827968	9.244
3013	0	4	2	1775	110	16.1384337291	31.5849850384	33.68314072	8.976
3014	0	4	1	1095	68	24.9253371798	27.3117077298	30.5522475925	5.496
3014	0	4	2	2427	151	24.9253371798	28.5301973264	31.7707371891	13.149
3015	0	4	1	544	34	18.5830208878	32.5629566616	34.9789328036	5.622
3015	0	4	2	1892	118	18.5830208878	30.8924667891	33.3084429311	7.654
3016	0	4	1	554	34	24.6879848552	28.212461291	31.4221430087	4
3016	0	4	2	1901	118	24.6879848552	31.0598519124	34.2695336301	12.221
3018	0	4	1	982	61	22.4002463628	29.0742014323	31.9864545645	12.032
3018	0	4	2	2327	145	22.4002463628	29.9188859386	32.8311390708	8.63
3019	0	4	1	941	58	25.2426692152	30.8681428875	34.1499390471	13.212
3019	0	4	2	2285	142	25.2426692152	31.2072658919	34.4890620515	7.212
3020	0	4	1	431	26	18.0194636841	30.0252950561	32.3680031989	12.945
3020	0	4	2	1777	111	18.0194636841	33.4104323116	35.7531404544	8.284
3021	0	4	1	432	27	21.0593155758	28.6838566872	31.4217755812	12.913
3021	0	4	2	1779	111	21.0593155758	28.3089552668	31.0468741608	17.653
3022	0	4	1	486	30	19.81569865	29.3601932673	31.9364296857	11.212
3022	0	4	2	1831	114	19.81569865	30.1622684145	32.7385048329	7.937
3023	0	4	1	431	26	17.7553462478	29.9833318291	32.2917020982	9.842
3023	0	4	2	1779	111	17.7553462478	31.4331410889	33.741511358	11.685
3024	0	4	1	994	62	29.0855070379	27.1418361845	30.9232391923	12.992
3024	0	4	2	2335	145	29.0855070379	28.0246795389	31.8060825468	6.378
3025	0	4	1	429	26	17.3239885663	29.9249045716	32.1771940842	5.937
3025	0	4	2	1776	111	17.3239885663	32.1031761688	34.3554656815	9.905
3026	0	4	1	429	26	18.0612717969	33.5908419734	35.9389855835	5.086
3026	0	4	2	1775	110	18.0612717969	31.5716470147	33.9197906248	12.599
3027	0	4	1	431	26	23.4053650111	29.4351584977	32.4780869754	10.725
3027	0	4	2	1777	111	23.4053650111	28.7152483679	31.7581768455	4.929
3028	0	4	1	1003	62	25.5350965691	28.0046387549	31.3244533569	9.134
3028	0	4	2	2346	146	25.5350965691	27.6038795874	30.9236941894	4.897
3029	0	4	1	521	32	22.5299489307	30.3040557224	33.2331714686	8.567
3029	0	4	2	1869	116	22.5299489307	30.3742251893	33.3033409356	7.15
3030	0	4	1	490	30	21.5525759649	30.4654676186	33.267515232	15.024
3030	0	4	2	1835	114	21.5525759649	33.2091267511	36.0111743645	13.842
3031	0	4	1	438	27	20.0023579504	30.9714057548	33.5719097247	9.937
3031	0	4	2	1784	111	20.0023579504	30.2828459005	32.8833498703	7.811
3032	0	4	1	265	16	24.615603245	32.9527256876	36.1529970816	10.378
3032	0	4	2	1608	100	24.615603245	29.4143699839	32.6146413778	15.496
3033	0	4	1	447	27	18.6869512548	26.1763827667	28.6058708822	4.519
3033	0	4	2	1793	112	18.6869512548	29.6196399404	32.0491280559	7.937
3034	0	4	1	487	30	23.2829085016	28.594607302	31.6216152247	11.181
3034	0	4	2	1831	114	23.2829085016	27.6119317306	30.6389396533	11.843
3035	0	4	1	429	26	20.0145735355	32.2960300256	34.8981221421	10.094
3035	0	4	2	1775	110	20.0145735355	32.9866607265	35.588752843	10.725
3036	0	4	1	438	27	17.4024498647	29.9568221948	32.2193124507	12.835
3036	0	4	2	1784	111	17.4024498647	31.0614925095	33.3239827655	14.992
3037	0	4	1	235	14	23.2648311524	30.4633586063	33.4880162951	9.134
3037	0	4	2	1578	98	23.2648311524	29.6991089963	32.7237666851	5.465
3038	0	4	1	440	27	19.2023227593	33.4960094298	35.9925009279	12.803
3038	0	4	2	1784	111	19.2023227593	31.3732298679	33.8697213661	4.189
3039	0	4	1	309	19	19.606156914	28.2859190232	30.8349129475	9.937
3039	0	4	2	1652	103	19.606156914	28.5696167865	31.1186107109	8.157
3040	0	4	1	478	29	23.5946399218	30.2558179862	33.3233540705	13.78
3040	0	4	2	1827	114	23.5946399218	30.7835351741	33.8510712585	10.41
3041	0	4	1	443	27	19.2259343484	30.3035696813	32.8031309191	6.74
3041	0	4	2	1789	111	19.2259343484	30.7115962497	33.2111574876	8.157
3042	0	4	1	443	27	19.2805086947	30.2668447823	32.7735012238	6.567
3042	0	4	2	1789	111	19.2805086947	30.0708189305	32.577475372	14.898
3043	0	4	1	474	29	22.5725257569	29.0017092833	31.9363604372	11.937
3043	0	4	2	1821	113	22.5725257569	28.6540002711	31.588651425	9.197
3044	0	4	1	378	23	24.1010089014	31.9423103142	35.0756793641	9.071
3044	0	4	2	1723	107	24.1010089014	31.9539068927	35.0872759425	9.937
3045	0	4	1	1223	76	21.2329472324	30.2641780386	33.0246707619	6.693
3045	0	4	2	2566	160	21.2329472324	31.2335566331	33.9940493564	10.819
3046	0	4	1	433	27	19.3075879478	32.6098156863	35.119992698	4.488
3046	0	4	2	1779	111	19.3075879478	32.3809741314	34.8911511431	4.803
3047	0	4	1	430	26	21.7946044836	28.4500181754	31.2835318853	10.158
3047	0	4	2	1776	111	21.7946044836	30.0299398272	32.8634535371	9.622
3048	0	4	1	839	52	29.4985460302	25.2531556225	29.0882577763	10.158
3048	0	4	2	2182	136	29.4985460302	20.1857234909	24.0208256447	11.653
3049	0	4	1	442	27	21.0115205251	32.0282298044	34.75993487	6.567
3049	0	4	2	1787	111	21.0115205251	31.3504376465	34.0821427122	6.157
3050	0	4	1	486	30	21.4063814022	26.8880525311	29.6710934084	7.685
3050	0	4	2	1831	114	21.4063814022	28.5063530269	31.2893939041	11.544
3051	0	4	1	433	27	23.0810692849	34.2741043767	37.2748712089	5.78
3051	0	4	2	1781	111	23.0810692849	35.5724779231	38.5732447554	7.842
3052	0	4	1	430	26	16.3525763858	31.1152439806	33.2412403214	10.788
3052	0	4	2	1781	111	16.3525763858	28.7737154623	30.8997118031	7.937
3053	0	4	1	571	35	21.1418426357	23.1236284984	25.8722767248	4.284
3053	0	4	2	1921	120	21.1418426357	28.6683012323	31.4169494588	6.126
3054	0	4	1	489	30	23.2146881354	26.1139752821	29.1321138838	9.276
3054	0	4	2	1833	114	23.2146881354	27.4538866728	30.4720252745	13.544
3055	0	4	1	555	34	24.8702178436	27.8235469749	31.0569207798	11.339
3055	0	4	2	1904	119	24.8702178436	25.7091698661	28.942543671	8.252
3056	0	4	1	1107	69	18.962751453	31.9003448964	34.36568976	5.811
3056	0	4	2	2454	153	18.962751453	34.0951592251	36.5605040887	5.968
3057	0	4	1	440	27	18.3076340865	30.5192283071	32.8994014467	4.851
3057	0	4	2	1787	111	18.3076340865	31.1764595478	33.5566326874	9.937
3058	0	4	1	430	26	18.7651655412	28.2745348766	30.7141916214	5.276
3058	0	4	2	1773	110	18.7651655412	30.0829994201	32.5226561649	12.551
3059	0	4	1	413	25	19.4816870674	33.7724834813	36.305295097	6.535
3059	0	4	2	1760	110	19.4816870674	32.0775816968	34.6103933126	8.504
3060	0	4	1	557	34	26.2611136655	27.5230951537	30.9372991446	10.063
3060	0	4	2	1907	119	26.2611136655	27.6948115378	31.1090155286	4.315
3061	0	4	1	438	27	19.5634976783	30.9192754529	33.4627232555	4.725
3061	0	4	2	1784	111	19.5634976783	29.0101964761	31.5536442787	6.992
3062	0	4	1	1248	78	24.3010153388	28.9318391613	32.0912110223	7.969
3062	0	4	2	2599	162	24.3010153388	30.6749909515	33.8343628124	14.221
3063	0	4	1	1062	66	26.5326667315	28.0376283852	31.487136955	6.882
3063	0	4	2	2408	150	26.5326667315	26.4256619492	29.875170519	14.599
3064	0	4	1	440	27	20.2280192936	29.8335716273	32.4634137992	7.559
3064	0	4	2	1787	111	20.2280192936	27.3298659683	29.9597081403	7.906
3066	0	4	1	441	27	16.4726627108	30.9625157764	33.1041245247	5.37
3066	0	4	2	1787	111	16.4726627108	30.8741242648	33.0157330131	9.653
3067	0	4	1	805	50	27.1347779064	27.7706026722	31.298391638	8.189
3067	0	4	2	2146	134	27.1347779064	26.8700098874	30.3977988532	11.401
3069	0	4	1	443	27	17.6660324509	30.6846448221	32.981403416	12.709
3069	0	4	2	1788	111	17.6660324509	32.2665793783	34.5633379722	8.803
3070	0	4	1	889	55	31.5134515994	27.4159861285	31.5130458948	20.157
3070	0	4	2	2231	139	31.5134515994	28.9310798477	33.028139614	5.811
3071	0	4	1	879	54	28.3709282925	26.4364092833	30.1249100009	18.393
3071	0	4	2	2220	138	28.3709282925	28.3276507554	32.016151473	10.378
3072	0	4	1	452	28	19.9091582851	29.8011682055	32.389555299	19.685
3072	0	4	2	1798	112	19.9091582851	29.2138834268	31.8022705202	5.338
3073	0	4	1	438	27	15.8707352703	31.8468228283	33.910175068	12.063
3073	0	4	2	1783	111	15.8707352703	32.125070115	34.1884223546	9.843
3074	0	4	1	433	27	22.1141112543	34.9140610787	37.7891138224	8.504
3074	0	4	2	1781	111	22.1141112543	35.0257542109	37.9008069547	8.882
3075	0	4	1	1253	78	24.5002815664	29.3209140913	32.5061925287	6.189
3075	0	4	2	2601	162	24.5002815664	28.7680779398	31.9533563772	22.031
3076	0	4	1	438	27	16.6368670523	29.061445911	31.2244028445	11.134
3076	0	4	2	1783	111	16.6368670523	28.3476329101	30.5105898437	19.181
3077	0	4	1	487	30	21.3471420339	30.1693128399	32.9446520145	14.504
3077	0	4	2	1833	114	21.3471420339	30.2711042016	33.0464433762	4.63
3078	0	4	1	765	47	24.5292309092	20.6329440745	23.8219862122	21.874
3078	0	4	2	2107	131	24.5292309092	20.1818151517	23.3708572894	7.717
3079	0	4	1	1097	68	17.3742457211	34.3180416191	36.576865058	9.842
3079	0	4	2	2444	152	17.3742457211	32.8205208374	35.0793442763	10
3080	0	4	1	493	30	23.3998002406	28.9995918515	32.0417968541	7.134
3080	0	4	2	1838	114	23.3998002406	27.1313308681	30.1735358707	11.197
3081	0	4	1	441	27	18.3413126979	32.0803042262	34.4648559176	11.654
3081	0	4	2	1787	111	18.3413126979	31.0422380502	33.4267897417	7.717
3082	0	4	1	413	25	19.7005244663	34.0932461089	36.6545087466	8.662
3082	0	4	2	1760	110	19.7005244663	33.5499133261	36.1111759637	16.22
3083	0	4	1	1097	68	19.1070009014	32.2239560512	34.7080547669	7.118
3083	0	4	2	2446	152	19.1070009014	37.5753711401	40.0594698559	4.095
